time,task_id,s0,s1,s2,s3,s4,s5,s6,s7,s8,action_offload,action_prb,action_prob,reward,s_next0,s_next1,s_next2,s_next3,s_next4,s_next5,s_next6,s_next7,s_next8,done
46.0,810,0.0,0.0,0.0,12.0,120000.0,20000.0,1.0,0.0,0.999,0,0,0.0024752475247524753,9.799299999999999,0.0,0.0,25.0,12.0,120000.0,20000.0,3.0,0.0,0.996,0
48.0,811,0.0,0.0,12.5,12.0,120000.0,20000.0,2.0,0.0,0.998,0,0,0.0024752475247524753,9.798982916666667,0.0,0.0,12.5,12.0,120000.0,20000.0,2.0,0.0,0.993,0
50.0,812,0.0,0.0,25.0,12.0,120000.0,20000.0,3.0,0.0,0.997,0,0,0.0024752475247524753,9.798932916666667,0.0,0.0,12.5,12.0,120000.0,20000.0,2.0,0.0,0.992,0
56.0,815,0.0,0.0,12.5,12.0,120000.0,20000.0,2.0,0.0,0.992,0,0,0.0024752475247524753,9.798682916666667,0.0,0.0,12.5,12.0,120000.0,20000.0,2.0,0.0,0.987,0
52.0,813,0.0,0.0,25.0,12.0,120000.0,20000.0,3.0,0.0,0.996,2,100,0.0024752475247524753,-3.592616666666667,0.0,0.09191176470588235,25.0,12.0,120000.0,20000.0,3.0,0.0,0.981,1
62.0,818,0.0,0.0,12.5,12.0,120000.0,20000.0,2.0,0.0,0.987,0,0,0.0024752475247524753,9.798282916666667,0.0,0.09189823674485566,12.5,12.0,120000.0,20000.0,2.0,0.0,0.979,0
45.0,2160,0.0,0.0,0.0,12.0,120000.0,0.0,0.0,0.0,1.0,2,100,0.0024752475247524753,-3.9312,0.0,0.09056657142927527,0.0,12.0,120000.0,0.0,0.0,0.0,0.976,1
47.0,2161,0.0,0.0,0.0,12.0,120000.0,0.0,0.0,0.0,0.999,2,100,0.0024752475247524753,-3.93145,0.0,0.26041666666666663,0.0,12.0,120000.0,0.0,0.0,0.0,0.971,1
66.0,820,0.0,0.04734848484848485,12.5,12.0,120000.0,20000.0,2.0,0.0,0.983,0,0,0.0024752475247524753,9.797982916666665,0.0,0.26038046654902564,0.0,12.0,120000.0,20000.0,1.0,0.0,0.968,0
69.0,1710,0.0,0.09057971014492754,0.0,12.0,120000.0,0.0,0.0,1.0,0.979,1,100,0.0024752475247524753,9.901533333333335,0.0,0.2568493150684931,0.0,12.0,120000.0,0.0,0.0,1.0,0.969,0
58.0,816,0.0,0.0,12.5,12.0,120000.0,20000.0,2.0,0.0,0.991,2,100,0.0024752475247524753,-3.5571170833333334,0.0,0.25681409987479803,0.0,12.0,120000.0,20000.0,1.0,0.0,0.966,1
68.0,1260,0.0,0.09191176470588235,0.0,12.0,120000.0,20000.0,1.0,0.0,0.981,2,100,0.0024752475247524753,9.818299999999999,0.0,0.2533783783783784,12.5,12.0,120000.0,20000.0,2.0,0.0,0.966,0
70.0,1261,0.0,0.13392857142857142,0.0,12.0,120000.0,20000.0,1.0,0.0,0.976,2,100,0.0024752475247524753,9.859816666666665,0.0,0.25,12.5,12.0,120000.0,20000.0,2.0,0.0,0.963,0
71.0,1711,0.0,0.22007042253521128,0.0,12.0,120000.0,0.0,0.0,1.0,0.974,1,100,0.0024752475247524753,9.8179,0.0,0.2840909090909091,0.0,12.0,120000.0,0.0,0.0,1.0,0.958,0
72.0,1262,0.0,0.26041666666666663,0.0,12.0,120000.0,20000.0,1.0,0.0,0.971,0,0,0.0024752475247524753,9.79775,0.0,0.3205128205128205,0.0,12.0,120000.0,20000.0,1.0,0.0,0.955,0
65.0,0,0.0,0.0,0.0,8.0,80000.0,0.0,0.0,1.0,0.985,1,100,0.0024752475247524753,-3.7663589583333326,0.0,0.3191081582213133,0.0,8.0,80000.0,0.0,0.0,1.0,0.952,1
74.0,1263,0.0,0.2533783783783784,12.5,12.0,120000.0,20000.0,2.0,0.0,0.966,2,100,0.0024752475247524753,9.859316666666667,0.0,0.3560126582278481,0.0,12.0,120000.0,20000.0,1.0,0.0,0.953,0
68.0,821,0.0,0.09191176470588235,25.0,12.0,120000.0,20000.0,3.0,0.0,0.981,2,100,0.0024752475247524753,-3.428017083333333,0.0,0.39057612916183865,0.0,12.0,120000.0,20000.0,1.0,0.0,0.948,1
57.0,2166,0.0,0.0,0.0,12.0,120000.0,0.0,0.0,0.0,0.992,2,100,0.0024752475247524753,-3.9328,0.0,0.38575479746268393,0.0,12.0,120000.0,0.0,0.0,0.0,0.944,1
70.0,822,0.0,0.13392857142857142,12.5,12.0,120000.0,20000.0,2.0,0.0,0.976,2,100,0.0024752475247524753,-3.4333170833333333,0.0,0.41915614935298756,0.0,12.0,120000.0,20000.0,1.0,0.0,0.942,1
69.0,2,0.0,0.09057971014492754,0.0,8.0,80000.0,0.0,0.0,1.0,0.979,1,100,0.0024752475247524753,-3.8921589583333325,0.0,0.5187131345635141,0.0,8.0,80000.0,0.0,0.0,1.0,0.936,1
75.0,1713,0.0,0.25,0.0,12.0,120000.0,0.0,0.0,1.0,0.963,2,100,0.0024752475247524753,9.650183333333333,0.0,0.5147058823529411,0.0,12.0,120000.0,0.0,0.0,1.0,0.937,0
59.0,2167,0.0,0.0,0.0,12.0,120000.0,0.0,0.0,0.0,0.99,2,100,0.0024752475247524753,-3.9333,0.0,0.5146452753034614,0.0,12.0,120000.0,0.0,0.0,0.0,0.934,1
74.0,824,0.0,0.2533783783783784,0.0,12.0,120000.0,20000.0,1.0,0.0,0.966,2,100,0.0024752475247524753,9.566699999999999,0.0,0.5450581395348837,0.0,12.0,120000.0,20000.0,1.0,0.0,0.934,0
77.0,1714,0.0,0.2840909090909091,0.0,12.0,120000.0,0.0,0.0,1.0,0.958,2,100,0.0024752475247524753,9.649933333333333,0.0,0.574712643678161,0.0,12.0,120000.0,0.0,0.0,1.0,0.932,0
78.0,826,0.0,0.3205128205128205,0.0,12.0,120000.0,20000.0,1.0,0.0,0.955,2,100,0.0024752475247524753,9.608066666666666,0.0,0.6320224719101123,12.5,12.0,120000.0,20000.0,2.0,0.0,0.928,0
84.0,829,0.0,0.5208333333333333,0.0,12.0,120000.0,20000.0,1.0,0.0,0.939,2,100,0.0024752475247524753,9.81625,0.0,0.6597222222222222,12.5,12.0,120000.0,20000.0,2.0,0.0,0.925,0
84.0,1268,0.0,0.5208333333333333,0.0,12.0,120000.0,20000.0,1.0,0.0,0.939,0,0,0.0024752475247524753,9.796000000000001,0.0,0.6597222222222222,12.5,12.0,120000.0,20000.0,3.0,0.0,0.925,0
49.0,2162,0.0,0.0,0.0,12.0,120000.0,0.0,0.0,0.0,0.998,3,100,0.0024752475247524753,-3.9338,0.05496921119511751,0.6527593829420203,0.0,12.0,120000.0,0.0,0.0,0.0,0.924,1
67.0,2171,0.0,0.09328358208955223,0.0,12.0,120000.0,0.0,0.0,0.0,0.983,2,100,0.0024752475247524753,-3.9338,0.054945054945054944,0.6524725274725275,0.0,12.0,120000.0,0.0,0.0,0.0,0.924,1
82.0,828,0.0,0.41920731707317077,0.0,12.0,120000.0,20000.0,1.0,0.0,0.944,2,100,0.0024752475247524753,9.649383333333333,0.05434782608695652,0.6793478260869564,25.0,12.0,120000.0,20000.0,3.0,0.0,0.921,0
79.0,2177,0.0,0.3560126582278481,0.0,12.0,120000.0,0.0,0.0,0.0,0.953,2,100,0.0024752475247524753,-3.4756166666666664,0.05434782608695652,0.6793478260869564,0.0,12.0,120000.0,0.0,0.0,0.0,0.921,1
51.0,2163,0.0,0.0,0.0,12.0,120000.0,0.0,0.0,0.0,0.997,3,100,0.0024752475247524753,-3.93405,0.10757313816984315,0.6723321135615197,0.0,12.0,120000.0,0.0,0.0,0.0,0.919,1
88.0,831,0.0,0.5681818181818181,0.0,12.0,120000.0,20000.0,1.0,0.0,0.928,0,0,0.0024752475247524753,9.7955,0.10638297872340426,0.7646276595744681,12.5,12.0,120000.0,20000.0,2.0,0.0,0.915,0
81.0,2178,0.0,0.38580246913580246,0.0,12.0,120000.0,0.0,0.0,0.0,0.948,2,100,0.0024752475247524753,-3.4764337499999995,0.10637165127415688,0.7645462435330026,0.0,12.0,120000.0,0.0,0.0,0.0,0.913,1
88.0,1270,0.0,0.5681818181818181,12.5,12.0,120000.0,20000.0,2.0,0.0,0.928,0,0,0.0024752475247524753,9.794982916666667,0.10637165127415688,0.7645462435330026,12.5,12.0,120000.0,20000.0,2.0,0.0,0.913,0
54.0,814,0.0,0.0,25.0,12.0,120000.0,20000.0,3.0,0.0,0.994,3,100,0.0024752475247524753,-3.92935,0.15796123020627315,0.7568975614050588,12.5,12.0,120000.0,20000.0,2.0,0.0,0.913,1
53.0,2164,0.0,0.0,0.0,12.0,120000.0,0.0,0.0,0.0,0.995,3,100,0.0024752475247524753,-3.93445,0.20842015335346464,0.8141412240369712,0.0,12.0,120000.0,0.0,0.0,0.0,0.911,1
69.0,2172,0.0,0.09057971014492754,0.0,12.0,120000.0,0.0,0.0,0.0,0.979,2,100,0.0024752475247524753,-3.93445,0.20833333333333334,0.87890625,0.0,12.0,120000.0,0.0,0.0,0.0,0.911,1
71.0,2173,0.0,0.22007042253521128,0.0,12.0,120000.0,0.0,0.0,0.0,0.974,2,100,0.0024752475247524753,-3.93445,0.20833333333333334,0.87890625,0.0,12.0,120000.0,0.0,0.0,0.0,0.911,1
90.0,832,0.0,0.6597222222222222,12.5,12.0,120000.0,20000.0,2.0,0.0,0.925,0,0,0.0024752475247524753,9.794932916666667,0.20831161250790411,0.8788146152677205,0.0,12.0,120000.0,20000.0,1.0,0.0,0.907,0
90.0,1271,0.0,0.6597222222222222,12.5,12.0,120000.0,20000.0,2.0,0.0,0.925,0,0,0.0024752475247524753,9.794932916666667,0.20831161250790411,0.8788146152677205,0.0,12.0,120000.0,20000.0,1.0,0.0,0.907,0
87.0,1719,0.0,0.574712643678161,0.0,12.0,120000.0,0.0,0.0,1.0,0.932,2,100,0.0024752475247524753,9.648733333333334,0.2061855670103093,0.9020618556701031,0.0,12.0,120000.0,0.0,0.0,1.0,0.908,0
73.0,2174,0.0,0.2568493150684931,0.0,12.0,120000.0,0.0,0.0,0.0,0.969,2,100,0.0024752475247524753,-3.93475,0.2061642917055673,0.9019687762118569,0.0,12.0,120000.0,0.0,0.0,0.0,0.905,1
55.0,2165,0.0,0.0,0.0,12.0,120000.0,0.0,0.0,0.0,0.993,3,100,0.0024752475247524753,-3.93475,0.25520618056286437,0.8932216319700254,0.0,12.0,120000.0,0.0,0.0,0.0,0.905,1
92.0,833,0.05434782608695652,0.6793478260869564,25.0,12.0,120000.0,20000.0,3.0,0.0,0.921,2,40,0.0024752475247524753,9.8203,0.25510204081632654,1.0204081632653061,0.0,12.0,120000.0,20000.0,1.0,0.0,0.906,0
78.0,452,0.0,0.3205128205128205,0.0,25.0,400000.0,20000.0,1.0,1.0,0.955,0,0,0.0024752475247524753,9.645299999999999,0.25510204081632654,1.0204081632653061,0.0,25.0,400000.0,20000.0,1.0,1.0,0.906,0
85.0,2180,0.0,0.5147058823529411,0.0,12.0,120000.0,0.0,0.0,0.0,0.937,2,100,0.0024752475247524753,-3.47683375,0.25507598662626396,1.020303946505056,0.0,12.0,120000.0,0.0,0.0,0.0,0.905,1
93.0,1722,0.10752688172043011,0.6720430107526882,0.0,12.0,120000.0,0.0,0.0,1.0,0.919,1,100,0.0024752475247524753,9.815249999999999,0.25252525252525254,1.0101010101010102,0.0,12.0,120000.0,0.0,0.0,1.0,0.905,0
89.0,1720,0.0,0.6320224719101123,0.0,12.0,120000.0,0.0,0.0,1.0,0.928,2,100,0.0024752475247524753,9.648633333333333,0.25252525252525254,1.0101010101010102,0.0,12.0,120000.0,0.0,0.0,1.0,0.906,0
94.0,834,0.10638297872340426,0.7646276595744681,12.5,12.0,120000.0,20000.0,2.0,0.0,0.915,2,100,0.0024752475247524753,9.81515,0.25,1.0625,0.0,12.0,120000.0,20000.0,1.0,0.0,0.903,0
75.0,2175,0.0,0.25,0.0,12.0,120000.0,0.0,0.0,0.0,0.963,2,100,0.0024752475247524753,-3.9349,0.24997497750475178,1.062393654395195,0.0,12.0,120000.0,0.0,0.0,0.0,0.902,1
79.0,1715,0.0,0.3560126582278481,0.0,12.0,120000.0,0.0,0.0,1.0,0.953,2,100,0.0024752475247524753,-3.810317083333333,0.24997497750475178,1.062393654395195,0.0,12.0,120000.0,0.0,0.0,1.0,0.902,1
91.0,1721,0.054945054945054944,0.6524725274725275,0.0,12.0,120000.0,0.0,0.0,1.0,0.924,2,40,0.0024752475247524753,9.648383333333333,0.24752475247524752,1.0829207920792079,0.0,12.0,120000.0,0.0,0.0,1.0,0.901,0
61.0,2168,0.0,0.0,0.0,12.0,120000.0,0.0,0.0,0.0,0.988,3,100,0.0024752475247524753,-3.93505,0.2942330037040993,1.0727244926711954,0.0,12.0,120000.0,0.0,0.0,0.0,0.899,1
80.0,1266,0.0,0.390625,0.0,12.0,120000.0,20000.0,1.0,0.0,0.95,2,100,0.0024752475247524753,-3.85223375,0.29408878599266874,1.1028329474725078,0.0,12.0,120000.0,20000.0,1.0,0.0,0.897,1
81.0,1716,0.0,0.38580246913580246,0.0,12.0,120000.0,0.0,0.0,1.0,0.948,2,100,0.0024752475247524753,-3.8105670833333334,0.29408878599266874,1.1028329474725078,0.0,12.0,120000.0,0.0,0.0,1.0,0.897,1
60.0,817,0.0,0.0,12.5,12.0,120000.0,20000.0,2.0,0.0,0.989,3,100,0.0024752475247524753,-3.93515,0.3399378069213474,1.0926572365329026,0.0,12.0,120000.0,20000.0,1.0,0.0,0.897,1
96.0,1274,0.20833333333333334,0.87890625,12.5,12.0,120000.0,20000.0,2.0,0.0,0.911,2,100,0.0024752475247524753,9.773233333333334,0.33980582524271846,1.0922330097087378,0.0,12.0,120000.0,20000.0,1.0,0.0,0.898,0
89.0,2182,0.0,0.6320224719101123,0.0,12.0,120000.0,0.0,0.0,0.0,0.928,2,100,0.0024752475247524753,-3.5189504166666663,0.3397728046041351,1.0921268719418626,0.0,12.0,120000.0,0.0,0.0,0.0,0.896,1
91.0,13,0.054945054945054944,0.6524725274725275,0.0,8.0,80000.0,0.0,0.0,1.0,0.924,1,100,0.0024752475247524753,-3.7692589583333325,0.38334980193433843,1.1081205212164469,0.0,8.0,80000.0,0.0,0.0,1.0,0.894,1
64.0,819,0.0,0.0,12.5,12.0,120000.0,20000.0,2.0,0.0,0.986,3,100,0.0024752475247524753,-3.9353,0.3810975246667755,1.1016100322398978,0.0,12.0,120000.0,20000.0,1.0,0.0,0.894,1
100.0,1276,0.25,1.0625,0.0,12.0,120000.0,20000.0,1.0,0.0,0.903,2,57,0.0024752475247524753,9.856416666666666,0.38095238095238093,1.1607142857142858,0.0,12.0,120000.0,20000.0,1.0,0.0,0.895,0
63.0,2169,0.0,0.0,0.0,12.0,120000.0,0.0,0.0,0.0,0.987,3,100,0.0024752475247524753,-3.9354,0.4246885216413249,1.1501980794452549,0.0,12.0,120000.0,0.0,0.0,0.0,0.892,1
85.0,1718,0.0,0.5147058823529411,0.0,12.0,120000.0,0.0,0.0,1.0,0.937,2,100,0.0024752475247524753,-3.8104,0.42452830188679247,1.1497641509433962,0.0,12.0,120000.0,0.0,0.0,1.0,0.892,1
103.0,1727,0.33980582524271846,1.0922330097087378,0.0,12.0,120000.0,0.0,0.0,1.0,0.898,1,100,0.0024752475247524753,9.897933333333334,0.4205607476635514,1.139018691588785,0.0,12.0,120000.0,0.0,0.0,1.0,0.892,0
82.0,1267,0.0,0.41920731707317077,0.0,12.0,120000.0,20000.0,1.0,0.0,0.944,2,100,0.0024752475247524753,-3.9354999999999998,0.4205214072963828,1.1389121447610369,12.5,12.0,120000.0,20000.0,2.0,0.0,0.89,1
93.0,2184,0.10752688172043011,0.6720430107526882,0.0,12.0,120000.0,0.0,0.0,0.0,0.919,2,100,0.0024752475247524753,-3.519250416666666,0.4205214072963828,1.1389121447610369,0.0,12.0,120000.0,0.0,0.0,0.0,0.89,1
95.0,15,0.15789473684210525,0.8223684210526315,0.0,8.0,80000.0,0.0,0.0,1.0,0.913,1,100,0.0024752475247524753,-3.7695589583333327,0.46149581932475603,1.1248960596040927,0.0,8.0,80000.0,0.0,0.0,1.0,0.888,1
65.0,2170,0.0,0.0,0.0,12.0,120000.0,0.0,0.0,0.0,0.985,3,72,0.0024752475247524753,-3.9356,0.4588839520113847,1.1185296330277503,0.0,12.0,120000.0,0.0,0.0,0.0,0.888,1
107.0,1729,0.4205607476635514,1.139018691588785,0.0,12.0,120000.0,0.0,0.0,1.0,0.892,1,100,0.0024752475247524753,9.897333333333334,0.45045045045045046,1.0979729729729728,0.0,12.0,120000.0,0.0,0.0,1.0,0.885,0
106.0,1279,0.42452830188679247,1.1497641509433962,0.0,12.0,120000.0,20000.0,1.0,0.0,0.892,0,0,0.0024752475247524753,9.79415,0.4464285714285714,1.1160714285714286,0.0,12.0,120000.0,20000.0,1.0,0.0,0.883,0
72.0,823,0.0,0.26041666666666663,12.5,12.0,120000.0,20000.0,2.0,0.0,0.971,3,100,0.0024752475247524753,-3.93595,0.48689797389359296,1.1065863043036204,0.0,12.0,120000.0,20000.0,1.0,0.0,0.881,1
109.0,1730,0.45871559633027525,1.1181192660550459,0.0,12.0,120000.0,0.0,0.0,1.0,0.888,1,100,0.0024752475247524753,9.897183333333334,0.48672566371681414,1.133849557522124,0.0,12.0,120000.0,0.0,0.0,1.0,0.882,0
73.0,1712,0.0,0.2568493150684931,0.0,12.0,120000.0,0.0,0.0,1.0,0.969,3,100,0.0024752475247524753,-3.936,0.5265004803000631,1.12429790064076,0.0,12.0,120000.0,0.0,0.0,1.0,0.88,1
105.0,1728,0.38095238095238093,1.1607142857142858,0.0,12.0,120000.0,0.0,0.0,1.0,0.895,2,100,0.0024752475247524753,9.647233333333334,0.5217391304347827,1.1684782608695652,0.0,12.0,120000.0,0.0,0.0,1.0,0.878,0
92.0,1272,0.05434782608695652,0.6793478260869564,25.0,12.0,120000.0,20000.0,3.0,0.0,0.921,2,40,0.0024752475247524753,-3.8894333333333337,0.5217391304347827,1.1684782608695652,0.0,12.0,120000.0,20000.0,1.0,0.0,0.878,1
103.0,19,0.33980582524271846,1.0922330097087378,0.0,8.0,80000.0,0.0,0.0,1.0,0.898,1,100,0.0024752475247524753,-3.7701589583333326,0.5586911819593288,1.2087068840466249,0.0,8.0,80000.0,0.0,0.0,1.0,0.876,1
76.0,1264,0.0,0.287828947368421,12.5,12.0,120000.0,20000.0,2.0,0.0,0.959,3,100,0.0024752475247524753,-3.9362,0.555745506519707,1.2023340285282125,0.0,12.0,120000.0,20000.0,1.0,0.0,0.876,1
111.0,1731,0.45045045045045046,1.0979729729729728,0.0,12.0,120000.0,0.0,0.0,1.0,0.885,1,100,0.0024752475247524753,9.813600000000001,0.5555555555555556,1.201923076923077,0.0,12.0,120000.0,0.0,0.0,1.0,0.877,0
91.0,2183,0.054945054945054944,0.6524725274725275,0.0,12.0,120000.0,0.0,0.0,0.0,0.924,2,40,0.0024752475247524753,-3.93615,0.5555555555555556,1.201923076923077,0.0,12.0,120000.0,0.0,0.0,0.0,0.877,1
95.0,1723,0.15789473684210525,0.8223684210526315,0.0,12.0,120000.0,0.0,0.0,1.0,0.913,2,100,0.0024752475247524753,-3.8533337499999996,0.5555080287575396,1.2018202545235233,0.0,12.0,120000.0,0.0,0.0,1.0,0.875,1
76.0,825,0.0,0.287828947368421,0.0,12.0,120000.0,20000.0,1.0,0.0,0.959,3,100,0.0024752475247524753,-3.93625,0.5934214485061505,1.1921413028025345,0.0,12.0,120000.0,20000.0,1.0,0.0,0.875,1
97.0,1724,0.2061855670103093,0.9020618556701031,0.0,12.0,120000.0,0.0,0.0,1.0,0.908,2,100,0.0024752475247524753,-3.8117670833333333,0.5931700200686366,1.191636201030743,0.0,12.0,120000.0,0.0,0.0,1.0,0.873,1
77.0,2176,0.0,0.2840909090909091,0.0,12.0,120000.0,0.0,0.0,0.0,0.958,3,34,0.0024752475247524753,-3.9364,0.6304639685218587,1.182119940978485,0.0,12.0,120000.0,0.0,0.0,0.0,0.872,1
115.0,1733,0.5217391304347827,1.1684782608695652,0.0,12.0,120000.0,0.0,0.0,1.0,0.878,1,100,0.0024752475247524753,9.896983333333333,0.6302521008403361,1.1817226890756303,0.0,12.0,120000.0,0.0,0.0,1.0,0.873,0
114.0,1283,0.5263157894736842,1.1239035087719298,0.0,12.0,120000.0,20000.0,1.0,0.0,0.88,2,100,0.0024752475247524753,9.813699999999999,0.625,1.171875,0.0,12.0,120000.0,20000.0,1.0,0.0,0.874,0
78.0,1265,0.0,0.3205128205128205,0.0,12.0,120000.0,20000.0,1.0,0.0,0.955,3,100,0.0024752475247524753,-3.9364,0.6613756066984452,1.1625743086496108,0.0,12.0,120000.0,20000.0,1.0,0.0,0.872,1
107.0,21,0.4205607476635514,1.139018691588785,0.0,8.0,80000.0,0.0,0.0,1.0,0.892,1,100,0.0024752475247524753,-3.8331089583333324,0.6592862682235309,1.1589016433616754,0.0,8.0,80000.0,0.0,0.0,1.0,0.872,1
109.0,22,0.45871559633027525,1.1181192660550459,0.0,8.0,80000.0,0.0,0.0,1.0,0.888,1,100,0.0024752475247524753,-3.7704089583333324,0.6947660386263216,1.149429108021488,0.0,8.0,80000.0,0.0,0.0,1.0,0.871,1
80.0,827,0.0,0.390625,0.0,12.0,120000.0,20000.0,1.0,0.0,0.95,3,100,0.0024752475247524753,-3.93645,0.6912816614117061,1.143664513364955,0.0,12.0,120000.0,20000.0,1.0,0.0,0.871,1
83.0,1717,0.0,0.48945783132530124,0.0,12.0,120000.0,0.0,0.0,1.0,0.942,3,100,0.0024752475247524753,-3.93655,0.7260405997063085,1.1344384370411071,0.0,12.0,120000.0,0.0,0.0,1.0,0.869,1
83.0,2179,0.0,0.48945783132530124,0.0,12.0,120000.0,0.0,0.0,0.0,0.942,3,100,0.0024752475247524753,-3.9366,0.7602432170099858,1.1253600251792555,0.0,12.0,120000.0,0.0,0.0,0.0,0.868,1
86.0,1269,0.0,0.5450581395348837,12.5,12.0,120000.0,20000.0,2.0,0.0,0.934,3,100,0.0024752475247524753,-3.93675,0.7876495913949597,1.107632237899162,0.0,12.0,120000.0,20000.0,1.0,0.0,0.865,1
86.0,830,0.0,0.5450581395348837,0.0,12.0,120000.0,20000.0,1.0,0.0,0.934,3,100,0.0024752475247524753,-3.93685,0.853043815432338,1.1390073671965877,0.0,12.0,120000.0,20000.0,1.0,0.0,0.863,1
87.0,2181,0.0,0.574712643678161,0.0,12.0,120000.0,0.0,0.0,0.0,0.932,3,22,0.0024752475247524753,-3.93685,0.853043815432338,1.1390073671965877,0.0,12.0,120000.0,0.0,0.0,0.0,0.863,1
108.0,1280,0.4166666666666667,1.128472222222222,12.5,12.0,120000.0,20000.0,2.0,0.0,0.89,2,100,0.0024752475247524753,-3.8536166666666665,0.8461538461538461,1.1298076923076923,0.0,12.0,120000.0,20000.0,1.0,0.0,0.861,1
126.0,1289,0.753968253968254,1.1160714285714286,0.0,12.0,120000.0,20000.0,1.0,0.0,0.867,2,100,0.0024752475247524753,9.854666666666665,0.8396946564885497,1.1211832061068703,0.0,12.0,120000.0,20000.0,1.0,0.0,0.86,0
111.0,463,0.45045045045045046,1.0979729729729728,0.0,25.0,400000.0,20000.0,1.0,1.0,0.885,0,0,0.0024752475247524753,9.64275,0.8396946564885497,1.1211832061068703,12.5,25.0,400000.0,20000.0,2.0,1.0,0.86,0
127.0,1737,0.7874015748031495,1.1072834645669292,0.0,12.0,120000.0,0.0,0.0,1.0,0.865,1,100,0.0024752475247524753,9.854616666666665,0.8333333333333334,1.183712121212121,0.0,12.0,120000.0,0.0,0.0,1.0,0.859,0
112.0,1282,0.4464285714285714,1.1160714285714286,0.0,12.0,120000.0,20000.0,1.0,0.0,0.883,2,100,0.0024752475247524753,-3.8538666666666663,0.8208955223880596,1.1660447761194028,0.0,12.0,120000.0,20000.0,1.0,0.0,0.856,1
113.0,1732,0.48672566371681414,1.133849557522124,0.0,12.0,120000.0,0.0,0.0,1.0,0.882,2,100,0.0024752475247524753,-3.8122,0.8208955223880596,1.1660447761194028,0.0,12.0,120000.0,0.0,0.0,1.0,0.856,1
114.0,464,0.5263157894736842,1.1239035087719298,12.5,25.0,400000.0,20000.0,2.0,1.0,0.88,1,100,0.0024752475247524753,9.662499799999999,0.8208342048478319,1.1659576773406704,0.0,25.0,400000.0,20000.0,1.0,1.0,0.854,0
130.0,1291,0.8461538461538461,1.1298076923076923,0.0,12.0,120000.0,20000.0,1.0,0.0,0.861,2,100,0.0024752475247524753,9.854416666666665,0.8148148148148148,1.1574074074074074,0.0,12.0,120000.0,20000.0,1.0,0.0,0.855,0
94.0,1273,0.10638297872340426,0.7646276595744681,25.0,12.0,120000.0,20000.0,3.0,0.0,0.915,3,100,0.0024752475247524753,-3.9324,0.8397225264695142,1.1637458926615551,0.0,12.0,120000.0,20000.0,1.0,0.0,0.852,1
129.0,1738,0.8527131782945736,1.1385658914728682,0.0,12.0,120000.0,0.0,0.0,1.0,0.863,2,100,0.0024752475247524753,9.645733333333334,0.8273381294964028,1.1690647482014387,0.0,12.0,120000.0,0.0,0.0,1.0,0.848,0
98.0,1275,0.25510204081632654,1.0204081632653061,0.0,12.0,120000.0,20000.0,1.0,0.0,0.906,3,100,0.0024752475247524753,-3.9377,0.8931761343336904,1.1611289746337974,0.0,12.0,120000.0,20000.0,1.0,0.0,0.846,1
99.0,1725,0.25252525252525254,1.0101010101010102,0.0,12.0,120000.0,0.0,0.0,1.0,0.906,3,100,0.0024752475247524753,-3.9377,0.8931761343336904,1.1611289746337974,0.0,12.0,120000.0,0.0,0.0,1.0,0.846,1
135.0,1741,0.8148148148148148,1.1574074074074074,0.0,12.0,120000.0,0.0,0.0,1.0,0.855,1,61,0.0024752475247524753,9.812249999999999,0.8865248226950355,1.174645390070922,0.0,12.0,120000.0,0.0,0.0,1.0,0.845,0
136.0,1294,0.8088235294117648,1.171875,0.0,12.0,120000.0,20000.0,1.0,0.0,0.853,2,61,0.0024752475247524753,9.853966666666665,0.8865248226950355,1.174645390070922,0.0,12.0,120000.0,20000.0,1.0,0.0,0.846,0
101.0,1726,0.24752475247524752,1.0829207920792079,0.0,12.0,120000.0,0.0,0.0,1.0,0.901,3,9,0.0024752475247524753,-3.9378,0.9158154279675941,1.166784078901021,0.0,12.0,120000.0,0.0,0.0,1.0,0.844,1
102.0,1277,0.29411764705882354,1.1029411764705883,0.0,12.0,120000.0,20000.0,1.0,0.0,0.899,3,100,0.0024752475247524753,-3.9379,0.9443861490031479,1.1586218957677508,0.0,12.0,120000.0,20000.0,1.0,0.0,0.842,1
138.0,1295,0.8333333333333334,1.177536231884058,0.0,12.0,120000.0,20000.0,1.0,0.0,0.85,2,100,0.0024752475247524753,9.853816666666665,0.9440559440559441,1.1582167832167833,0.0,12.0,120000.0,20000.0,1.0,0.0,0.843,0
104.0,1278,0.33653846153846156,1.1117788461538463,0.0,12.0,120000.0,20000.0,1.0,0.0,0.896,3,100,0.0024752475247524753,-3.93815,0.9527050017012588,1.1270840421912212,0.0,12.0,120000.0,20000.0,1.0,0.0,0.837,1
135.0,26,0.8148148148148148,1.1574074074074074,0.0,8.0,80000.0,0.0,0.0,1.0,0.855,1,61,0.0024752475247524753,-3.771583333333334,0.943820224719101,1.116573033707865,0.0,8.0,80000.0,0.0,0.0,1.0,0.835,1
147.0,1747,0.9523809523809524,1.126700680272109,0.0,12.0,120000.0,0.0,0.0,1.0,0.837,1,100,0.0024752475247524753,9.894733333333335,0.9271523178807948,1.1175496688741722,0.0,12.0,120000.0,0.0,0.0,1.0,0.833,0
110.0,1281,0.45454545454545453,1.1079545454545454,12.5,12.0,120000.0,20000.0,2.0,0.0,0.886,3,100,0.0024752475247524753,-3.9387,0.9480222294867603,1.1237332461588752,25.0,12.0,120000.0,20000.0,3.0,0.0,0.826,1
143.0,1745,0.9440559440559441,1.1582167832167833,0.0,12.0,120000.0,0.0,0.0,1.0,0.843,2,100,0.0024752475247524753,9.644683333333333,0.9477124183006536,1.1233660130718954,0.0,12.0,120000.0,0.0,0.0,1.0,0.827,0
148.0,1300,0.945945945945946,1.119087837837838,0.0,12.0,120000.0,20000.0,1.0,0.0,0.835,0,0,0.0024752475247524753,9.7909,0.9415584415584415,1.1363636363636362,12.5,12.0,120000.0,20000.0,3.0,0.0,0.823,0
149.0,1748,0.9395973154362416,1.1115771812080537,0.0,12.0,120000.0,0.0,0.0,1.0,0.835,1,100,0.0024752475247524753,9.81115,0.935483870967742,1.129032258064516,0.0,12.0,120000.0,0.0,0.0,1.0,0.823,0
145.0,1746,0.9310344827586206,1.1422413793103448,0.0,12.0,120000.0,0.0,0.0,1.0,0.84,2,100,0.0024752475247524753,9.644533333333333,0.935483870967742,1.129032258064516,0.0,12.0,120000.0,0.0,0.0,1.0,0.824,0
149.0,835,0.9395973154362416,1.1115771812080537,0.0,12.0,120000.0,20000.0,1.0,0.0,0.835,0,0,0.0024752475247524753,9.7912,0.935483870967742,1.129032258064516,0.0,12.0,120000.0,20000.0,2.0,0.0,0.824,0
150.0,1301,0.9333333333333335,1.125,12.5,12.0,120000.0,20000.0,2.0,0.0,0.833,0,0,0.0024752475247524753,9.790332916666667,0.9294275412199512,1.161784426524939,12.5,12.0,120000.0,20000.0,2.0,0.0,0.82,0
152.0,1302,0.9210526315789472,1.1307565789473684,25.0,12.0,120000.0,20000.0,3.0,0.0,0.829,2,100,0.0024752475247524753,9.857666666666667,0.9235668789808917,1.1544585987261147,12.5,12.0,120000.0,20000.0,2.0,0.0,0.82,0
117.0,1734,0.5555555555555556,1.201923076923077,0.0,12.0,120000.0,0.0,0.0,1.0,0.877,3,100,0.0024752475247524753,-3.9392,0.9496676163342828,1.147515036403925,0.0,12.0,120000.0,0.0,0.0,1.0,0.816,1
137.0,1742,0.8394160583941607,1.1633211678832116,0.0,12.0,120000.0,0.0,0.0,1.0,0.852,2,100,0.0024752475247524753,-3.8142,0.949367088607595,1.1471518987341771,0.0,12.0,120000.0,0.0,0.0,1.0,0.816,1
116.0,1284,0.5172413793103449,1.2122844827586206,0.0,12.0,120000.0,20000.0,1.0,0.0,0.877,3,100,0.0024752475247524753,-3.93935,0.9751494180559922,1.1402956904687005,12.5,12.0,120000.0,20000.0,2.0,0.0,0.813,1
153.0,837,0.9477124183006536,1.1233660130718954,12.5,12.0,120000.0,20000.0,2.0,0.0,0.827,2,100,0.0024752475247524753,9.810699999999999,0.9748427672955975,1.139937106918239,12.5,12.0,120000.0,20000.0,2.0,0.0,0.814,0
118.0,1285,0.5932203389830508,1.1917372881355932,0.0,12.0,120000.0,20000.0,1.0,0.0,0.875,3,100,0.0024752475247524753,-3.9395,1.0003125976867768,1.133166614567052,12.5,12.0,120000.0,20000.0,2.0,0.0,0.81,1
154.0,1303,0.9415584415584415,1.1363636363636362,12.5,12.0,120000.0,20000.0,2.0,0.0,0.823,0,0,0.0024752475247524753,9.790032916666666,0.9999374414138216,1.1327416328515947,0.0,12.0,120000.0,20000.0,1.0,0.0,0.809,0
147.0,32,0.9523809523809524,1.126700680272109,0.0,8.0,80000.0,0.0,0.0,1.0,0.837,1,100,0.0024752475247524753,-3.772883333333334,1.0291060291060292,1.1304573804573805,0.0,8.0,80000.0,0.0,0.0,1.0,0.809,1
120.0,1286,0.625,1.171875,0.0,12.0,120000.0,20000.0,1.0,0.0,0.874,3,100,0.0024752475247524753,-3.93955,1.0251630941286112,1.1261261261261262,0.0,12.0,120000.0,20000.0,1.0,0.0,0.809,1
155.0,838,0.935483870967742,1.129032258064516,0.0,12.0,120000.0,20000.0,1.0,0.0,0.824,0,0,0.0024752475247524753,9.789832916666667,1.0247810058517481,1.125706407943208,0.0,12.0,120000.0,20000.0,1.0,0.0,0.805,0
122.0,1287,0.6557377049180327,1.1526639344262295,0.0,12.0,120000.0,20000.0,1.0,0.0,0.872,3,100,0.0024752475247524753,-3.94,1.0673985971332722,1.1245806648368404,0.0,12.0,120000.0,20000.0,1.0,0.0,0.8,1
123.0,1735,0.6910569105691057,1.1432926829268293,0.0,12.0,120000.0,0.0,0.0,1.0,0.871,3,100,0.0024752475247524753,-3.94,1.0673985971332722,1.1245806648368404,0.0,12.0,120000.0,0.0,0.0,1.0,0.8,1
151.0,2185,0.9271523178807948,1.1175496688741722,0.0,12.0,120000.0,0.0,0.0,0.0,0.833,2,100,0.0024752475247524753,-3.4816666666666665,1.0670731707317074,1.1242378048780488,0.0,12.0,120000.0,0.0,0.0,0.0,0.8,1
124.0,1288,0.7258064516129032,1.1340725806451613,0.0,12.0,120000.0,20000.0,1.0,0.0,0.869,3,100,0.0024752475247524753,-3.9403,1.0846640554383848,1.123581400020086,0.0,12.0,120000.0,20000.0,1.0,0.0,0.794,1
67.0,1,0.0,0.09328358208955223,0.0,8.0,80000.0,0.0,0.0,1.0,0.983,2,100,0.0024752475247524753,-3.94035,1.1122244488977955,1.1209919839679359,0.0,8.0,80000.0,0.0,0.0,1.0,0.793,1
125.0,1736,0.76,1.125,0.0,12.0,120000.0,0.0,0.0,1.0,0.868,3,100,0.0024752475247524753,-3.94035,1.1081162024558249,1.1168513527004091,0.0,12.0,120000.0,0.0,0.0,1.0,0.793,1
146.0,1299,0.9246575342465754,1.134417808219178,0.0,12.0,120000.0,20000.0,1.0,0.0,0.838,2,100,0.0024752475247524753,-3.8989333333333334,1.0946745562130178,1.1217948717948718,0.0,12.0,120000.0,20000.0,1.0,0.0,0.788,1
128.0,1290,0.78125,1.1474609375,0.0,12.0,120000.0,20000.0,1.0,0.0,0.864,3,100,0.0024752475247524753,-3.9408,1.1179758752574285,1.1155241737766008,0.0,12.0,120000.0,20000.0,1.0,0.0,0.784,1
132.0,1292,0.8333333333333334,1.183712121212121,0.0,12.0,120000.0,20000.0,1.0,0.0,0.859,3,100,0.0024752475247524753,-3.9412,1.127493495229835,1.1503806495133466,0.0,12.0,120000.0,20000.0,1.0,0.0,0.776,1
163.0,842,1.012269938650307,1.1311349693251533,0.0,12.0,120000.0,20000.0,1.0,0.0,0.804,2,100,0.0024752475247524753,9.642183333333334,1.1271676300578035,1.15004816955684,0.0,12.0,120000.0,20000.0,1.0,0.0,0.777,0
169.0,1758,1.0946745562130178,1.1217948717948718,0.0,12.0,120000.0,0.0,0.0,1.0,0.788,1,100,0.0024752475247524753,9.891983333333334,1.1271676300578035,1.15004816955684,0.0,12.0,120000.0,0.0,0.0,1.0,0.778,0
133.0,1740,0.8270676691729323,1.1748120300751879,0.0,12.0,120000.0,0.0,0.0,1.0,0.858,3,100,0.0024752475247524753,-3.94135,1.178499568841621,1.1437673661013699,0.0,12.0,120000.0,0.0,0.0,1.0,0.773,1
131.0,1739,0.8396946564885497,1.1211832061068703,0.0,12.0,120000.0,0.0,0.0,1.0,0.86,3,100,0.0024752475247524753,-3.94135,1.178499568841621,1.1437673661013699,0.0,12.0,120000.0,0.0,0.0,1.0,0.773,1
167.0,844,1.1077844311377245,1.1352295409181636,0.0,12.0,120000.0,20000.0,1.0,0.0,0.793,2,100,0.0024752475247524753,9.767033333333334,1.1781609195402298,1.1613984674329503,0.0,12.0,120000.0,20000.0,1.0,0.0,0.774,0
163.0,1755,1.012269938650307,1.1311349693251533,0.0,12.0,120000.0,0.0,0.0,1.0,0.804,2,100,0.0024752475247524753,9.600416666666666,1.1781609195402298,1.1613984674329503,0.0,12.0,120000.0,0.0,0.0,1.0,0.775,0
171.0,1759,1.1111111111111112,1.1634990253411306,0.0,12.0,120000.0,0.0,0.0,1.0,0.783,1,100,0.0024752475247524753,9.892083333333334,1.1714285714285713,1.1547619047619047,0.0,12.0,120000.0,0.0,0.0,1.0,0.775,0
155.0,470,0.935483870967742,1.129032258064516,0.0,25.0,400000.0,20000.0,1.0,1.0,0.824,0,0,0.0024752475247524753,9.6385,1.1714285714285713,1.1547619047619047,12.5,25.0,400000.0,20000.0,2.0,1.0,0.775,0
134.0,1293,0.8208955223880596,1.1660447761194028,0.0,12.0,120000.0,20000.0,1.0,0.0,0.856,3,100,0.0024752475247524753,-3.9414,1.1935208866155156,1.1485270436677084,0.0,12.0,120000.0,20000.0,1.0,0.0,0.772,1
163.0,40,1.012269938650307,1.1311349693251533,0.0,8.0,80000.0,0.0,0.0,1.0,0.804,1,100,0.0024752475247524753,-3.774783333333334,1.1909262759924386,1.193289224952741,0.0,8.0,80000.0,0.0,0.0,1.0,0.771,1
171.0,846,1.1111111111111112,1.1634990253411306,0.0,12.0,120000.0,20000.0,1.0,0.0,0.783,2,100,0.0024752475247524753,9.8086,1.1864406779661016,1.2005649717514124,0.0,12.0,120000.0,20000.0,1.0,0.0,0.772,0
75.0,5,0.0,0.25,0.0,8.0,80000.0,0.0,0.0,1.0,0.963,2,100,0.0024752475247524753,-3.94155,1.1842105263157896,1.1983082706766917,0.0,8.0,80000.0,0.0,0.0,1.0,0.769,1
163.0,2191,1.012269938650307,1.1311349693251533,0.0,12.0,120000.0,0.0,0.0,0.0,0.804,2,100,0.0024752475247524753,-3.566967083333333,1.1797089388400124,1.2113082854160842,0.0,12.0,120000.0,0.0,0.0,0.0,0.769,1
165.0,2192,1.0606060606060608,1.130050505050505,0.0,12.0,120000.0,0.0,0.0,0.0,0.798,2,100,0.0024752475247524753,-3.4836337499999996,1.1797089388400124,1.2113082854160842,0.0,12.0,120000.0,0.0,0.0,0.0,0.769,1
79.0,7,0.0,0.3560126582278481,0.0,8.0,80000.0,0.0,0.0,1.0,0.953,2,100,0.0024752475247524753,-3.94155,1.1775039991680467,1.2090442848600482,0.0,8.0,80000.0,0.0,0.0,1.0,0.769,1
139.0,1743,0.8273381294964028,1.1690647482014387,0.0,12.0,120000.0,0.0,0.0,1.0,0.848,3,100,0.0024752475247524753,-3.9418,1.1947763267574323,1.1982495137538203,0.0,12.0,120000.0,0.0,0.0,1.0,0.764,1
167.0,2193,1.1077844311377245,1.1352295409181636,0.0,12.0,120000.0,0.0,0.0,0.0,0.793,2,100,0.0024752475247524753,-3.48388375,1.1943780237554567,1.1978500528942808,0.0,12.0,120000.0,0.0,0.0,0.0,0.764,1
161.0,472,1.0248447204968945,1.125776397515528,12.5,25.0,400000.0,20000.0,2.0,1.0,0.809,1,100,0.0024752475247524753,9.6575498,1.1877796150610676,1.202741955173271,12.5,25.0,400000.0,20000.0,2.0,1.0,0.76,0
141.0,1744,0.8865248226950355,1.174645390070922,0.0,12.0,120000.0,0.0,0.0,1.0,0.846,3,100,0.0024752475247524753,-3.942,1.2366034624896949,1.1965283502793804,0.0,12.0,120000.0,0.0,0.0,1.0,0.76,1
140.0,1296,0.8928571428571428,1.1830357142857142,0.0,12.0,120000.0,20000.0,1.0,0.0,0.846,3,100,0.0024752475247524753,-3.942,1.2366034624896949,1.1965283502793804,0.0,12.0,120000.0,20000.0,1.0,0.0,0.76,1
81.0,8,0.0,0.38580246913580246,0.0,8.0,80000.0,0.0,0.0,1.0,0.948,2,100,0.0024752475247524753,-3.94205,1.23400365630713,1.2111517367458866,0.0,8.0,80000.0,0.0,0.0,1.0,0.759,1
142.0,1297,0.9154929577464789,1.1663732394366195,0.0,12.0,120000.0,20000.0,1.0,0.0,0.844,3,100,0.0024752475247524753,-3.9422,1.2503397662408262,1.211832925613844,0.0,12.0,120000.0,20000.0,1.0,0.0,0.756,1
85.0,10,0.0,0.5147058823529411,0.0,8.0,80000.0,0.0,0.0,1.0,0.937,2,100,0.0024752475247524753,-3.94225,1.2477396021699818,1.277124773960217,0.0,8.0,80000.0,0.0,0.0,1.0,0.755,1
179.0,850,1.1731843575418994,1.204608938547486,0.0,12.0,120000.0,20000.0,1.0,0.0,0.769,2,100,0.0024752475247524753,9.8078,1.2432432432432432,1.2725225225225225,0.0,12.0,120000.0,20000.0,1.0,0.0,0.756,0
144.0,1298,0.9375,1.1501736111111112,0.0,12.0,120000.0,20000.0,1.0,0.0,0.841,3,100,0.0024752475247524753,-3.94235,1.2637805861790803,1.266021331899256,0.0,12.0,120000.0,20000.0,1.0,0.0,0.753,1
164.0,1308,1.0670731707317074,1.1242378048780488,0.0,12.0,120000.0,20000.0,1.0,0.0,0.8,2,100,0.0024752475247524753,-3.8594337499999996,1.2633728690192534,1.2824130629672386,0.0,12.0,120000.0,20000.0,1.0,0.0,0.753,1
165.0,1756,1.0606060606060608,1.130050505050505,0.0,12.0,120000.0,0.0,0.0,1.0,0.798,2,100,0.0024752475247524753,-3.817767083333333,1.2633728690192534,1.2824130629672386,0.0,12.0,120000.0,0.0,0.0,1.0,0.753,1
171.0,2195,1.1111111111111112,1.1634990253411306,0.0,12.0,120000.0,0.0,0.0,0.0,0.783,2,100,0.0024752475247524753,-3.567767083333333,1.2633728690192534,1.2824130629672386,0.0,12.0,120000.0,0.0,0.0,0.0,0.753,1
177.0,849,1.1864406779661016,1.2005649717514124,0.0,12.0,120000.0,20000.0,1.0,0.0,0.772,2,100,0.0024752475247524753,9.640983333333333,1.2566844919786098,1.3146167557932265,0.0,12.0,120000.0,20000.0,1.0,0.0,0.753,0
87.0,11,0.0,0.574712643678161,0.0,8.0,80000.0,0.0,0.0,1.0,0.932,2,100,0.0024752475247524753,-3.9426,1.247787610619469,1.3053097345132745,0.0,8.0,80000.0,0.0,0.0,1.0,0.748,1
89.0,12,0.0,0.6320224719101123,0.0,8.0,80000.0,0.0,0.0,1.0,0.928,2,100,0.0024752475247524753,-3.9426,1.247787610619469,1.3053097345132745,0.0,8.0,80000.0,0.0,0.0,1.0,0.748,1
183.0,852,1.2295081967213115,1.2181238615664847,0.0,12.0,120000.0,20000.0,1.0,0.0,0.759,2,100,0.0024752475247524753,9.80745,1.2433862433862435,1.3172398589065255,0.0,12.0,120000.0,20000.0,1.0,0.0,0.749,0
167.0,1757,1.1077844311377245,1.1352295409181636,0.0,12.0,120000.0,0.0,0.0,1.0,0.793,2,100,0.0024752475247524753,-3.85983375,1.2433203934542938,1.3171700976754264,0.0,12.0,120000.0,0.0,0.0,1.0,0.745,1
177.0,2198,1.1864406779661016,1.2005649717514124,0.0,12.0,120000.0,0.0,0.0,0.0,0.772,2,100,0.0024752475247524753,-3.5267004166666664,1.2303020140148675,1.3197388625514095,0.0,12.0,120000.0,0.0,0.0,0.0,0.741,1
151.0,836,0.9271523178807948,1.1175496688741722,12.5,12.0,120000.0,20000.0,2.0,0.0,0.833,3,100,0.0024752475247524753,-3.94295,1.250325605626465,1.3132760267430752,12.5,12.0,120000.0,20000.0,2.0,0.0,0.741,1
151.0,1749,0.9271523178807948,1.1175496688741722,0.0,12.0,120000.0,0.0,0.0,1.0,0.833,3,100,0.0024752475247524753,-3.94295,1.2697590049235552,1.3064697244536578,0.0,12.0,120000.0,0.0,0.0,1.0,0.741,1
179.0,2199,1.1731843575418994,1.204608938547486,0.0,12.0,120000.0,0.0,0.0,0.0,0.769,2,100,0.0024752475247524753,-3.5269004166666664,1.2693642158766791,1.3060635214377396,0.0,12.0,120000.0,0.0,0.0,0.0,0.737,1
153.0,2186,0.9477124183006536,1.1233660130718954,0.0,12.0,120000.0,0.0,0.0,0.0,0.827,3,100,0.0024752475247524753,-3.94315,1.2889920082495487,1.2997336083182949,0.0,12.0,120000.0,0.0,0.0,0.0,0.737,1
153.0,1750,0.9477124183006536,1.1233660130718954,0.0,12.0,120000.0,0.0,0.0,1.0,0.827,3,100,0.0024752475247524753,-3.9432,1.308027699410105,1.2930665982730614,0.0,12.0,120000.0,0.0,0.0,1.0,0.736,1
155.0,1751,0.935483870967742,1.129032258064516,0.0,12.0,120000.0,0.0,0.0,1.0,0.824,3,100,0.0024752475247524753,-3.94335,1.3268690992600152,1.2970996002381558,0.0,12.0,120000.0,0.0,0.0,1.0,0.733,1
176.0,477,1.1931818181818183,1.1955492424242424,12.5,25.0,400000.0,20000.0,2.0,1.0,0.772,0,0,0.0024752475247524753,9.6360998,1.3264628678912878,1.3285886096667547,12.5,25.0,400000.0,20000.0,2.0,1.0,0.731,0
97.0,16,0.2061855670103093,0.9020618556701031,0.0,8.0,80000.0,0.0,0.0,1.0,0.908,2,100,0.0024752475247524753,-3.94345,1.3497453310696095,1.3264006791171479,0.0,8.0,80000.0,0.0,0.0,1.0,0.731,1
155.0,2187,0.935483870967742,1.129032258064516,0.0,12.0,120000.0,0.0,0.0,0.0,0.824,3,100,0.0024752475247524753,-3.94345,1.3455191673013454,1.3222476093763222,0.0,12.0,120000.0,0.0,0.0,0.0,0.731,1
193.0,1760,1.2694300518134713,1.3061312607944733,0.0,12.0,120000.0,0.0,0.0,1.0,0.741,1,91,0.0024752475247524753,9.889683333333334,1.3451776649746192,1.3377749576988156,0.0,12.0,120000.0,0.0,0.0,1.0,0.732,0
191.0,861,1.2303664921465969,1.3198080279232112,0.0,12.0,120000.0,20000.0,1.0,0.0,0.745,0,0,0.0024752475247524753,9.78585,1.3451776649746192,1.3377749576988156,37.5,12.0,120000.0,20000.0,4.0,0.0,0.732,0
157.0,839,0.9235668789808917,1.1544585987261147,12.5,12.0,120000.0,20000.0,2.0,0.0,0.82,3,100,0.0024752475247524753,-3.9437,1.4144986107602928,1.3313547192051862,37.5,12.0,120000.0,20000.0,4.0,0.0,0.726,1
157.0,2188,0.9235668789808917,1.1544585987261147,0.0,12.0,120000.0,0.0,0.0,0.0,0.82,3,100,0.0024752475247524753,-3.9437,1.4144986107602928,1.3313547192051862,0.0,12.0,120000.0,0.0,0.0,0.0,0.726,1
156.0,1304,0.9294871794871795,1.1618589743589742,25.0,12.0,120000.0,20000.0,3.0,0.0,0.821,3,100,0.0024752475247524753,-3.9387000000000003,1.4144986107602928,1.3313547192051862,0.0,12.0,120000.0,20000.0,1.0,0.0,0.726,1
157.0,1752,0.9235668789808917,1.1544585987261147,0.0,12.0,120000.0,0.0,0.0,1.0,0.82,3,100,0.0024752475247524753,-3.9439,1.4576526765518971,1.3246628131021192,0.0,12.0,120000.0,0.0,0.0,1.0,0.722,1
158.0,1305,0.949367088607595,1.1471518987341771,12.5,12.0,120000.0,20000.0,2.0,0.0,0.816,3,100,0.0024752475247524753,-3.9439,1.4576526765518971,1.3246628131021192,0.0,12.0,120000.0,20000.0,1.0,0.0,0.722,1
193.0,857,1.2694300518134713,1.3061312607944733,12.5,12.0,120000.0,20000.0,2.0,0.0,0.741,2,91,0.0024752475247524753,9.806149999999999,1.4572864321608041,1.3243299832495814,37.5,12.0,120000.0,20000.0,4.0,0.0,0.723,0
195.0,1761,1.3076923076923077,1.3034188034188035,0.0,12.0,120000.0,0.0,0.0,1.0,0.736,1,100,0.0024752475247524753,9.889533333333333,1.4572864321608041,1.3243299832495814,0.0,12.0,120000.0,0.0,0.0,1.0,0.724,0
193.0,862,1.2694300518134713,1.3061312607944733,12.5,12.0,120000.0,20000.0,2.0,0.0,0.741,0,0,0.0024752475247524753,9.785082916666665,1.4572131321434536,1.3242633708056528,25.0,12.0,120000.0,20000.0,3.0,0.0,0.72,0
159.0,840,0.9748427672955975,1.139937106918239,12.5,12.0,120000.0,20000.0,2.0,0.0,0.814,3,100,0.0024752475247524753,-3.94405,1.5003750937734432,1.3180378427940318,25.0,12.0,120000.0,20000.0,3.0,0.0,0.719,1
159.0,2189,0.9748427672955975,1.139937106918239,0.0,12.0,120000.0,0.0,0.0,0.0,0.814,3,100,0.0024752475247524753,-3.94405,1.5003750937734432,1.3180378427940318,0.0,12.0,120000.0,0.0,0.0,0.0,0.719,1
189.0,855,1.2433862433862435,1.3172398589065255,0.0,12.0,120000.0,20000.0,1.0,0.0,0.749,2,100,0.0024752475247524753,9.597666666666665,1.5,1.328125,25.0,12.0,120000.0,20000.0,3.0,0.0,0.72,0
189.0,860,1.2433862433862435,1.3172398589065255,0.0,12.0,120000.0,20000.0,1.0,0.0,0.749,2,100,0.0024752475247524753,9.597716666666665,1.5,1.328125,25.0,12.0,120000.0,20000.0,3.0,0.0,0.721,0
159.0,1753,0.9748427672955975,1.139937106918239,0.0,12.0,120000.0,0.0,0.0,1.0,0.814,3,100,0.0024752475247524753,-3.94405,1.5177904951480465,1.3218462304055734,0.0,12.0,120000.0,0.0,0.0,1.0,0.719,1
195.0,858,1.3076923076923077,1.3034188034188035,25.0,12.0,120000.0,20000.0,3.0,0.0,0.736,0,0,0.0024752475247524753,9.785182916666667,1.5173373704125481,1.3214516033306003,12.5,12.0,120000.0,20000.0,2.0,0.0,0.717,0
195.0,863,1.3076923076923077,1.3034188034188035,25.0,12.0,120000.0,20000.0,4.0,0.0,0.736,0,0,0.0024752475247524753,9.785182916666667,1.5173373704125481,1.3214516033306003,12.5,12.0,120000.0,20000.0,2.0,0.0,0.717,0
101.0,18,0.24752475247524752,1.0829207920792079,0.0,8.0,80000.0,0.0,0.0,1.0,0.901,2,57,0.0024752475247524753,-3.94415,1.5645695364238412,1.3193294701986755,0.0,8.0,80000.0,0.0,0.0,1.0,0.717,1
161.0,841,1.0248447204968945,1.125776397515528,12.5,12.0,120000.0,20000.0,2.0,0.0,0.809,3,12,0.0024752475247524753,-3.94415,1.559792027729636,1.315300817033919,12.5,12.0,120000.0,20000.0,2.0,0.0,0.717,1
161.0,2190,1.0248447204968945,1.125776397515528,0.0,12.0,120000.0,0.0,0.0,0.0,0.809,3,12,0.0024752475247524753,-3.94415,1.559792027729636,1.315300817033919,0.0,12.0,120000.0,0.0,0.0,0.0,0.717,1
160.0,1306,1.0,1.1328125,12.5,12.0,120000.0,20000.0,2.0,0.0,0.81,3,100,0.0024752475247524753,-3.9442,1.6013796501601378,1.3242177876324215,0.0,12.0,120000.0,20000.0,1.0,0.0,0.716,1
161.0,1754,1.0248447204968945,1.125776397515528,0.0,12.0,120000.0,0.0,0.0,1.0,0.809,3,12,0.0024752475247524753,-3.9442,1.6013796501601378,1.3242177876324215,0.0,12.0,120000.0,0.0,0.0,1.0,0.716,1
191.0,2205,1.2303664921465969,1.3198080279232112,0.0,12.0,120000.0,0.0,0.0,0.0,0.745,2,91,0.0024752475247524753,-3.4859666666666667,1.5931372549019607,1.3174019607843137,0.0,12.0,120000.0,0.0,0.0,0.0,0.714,1
162.0,1307,1.0185185185185186,1.1381172839506173,0.0,12.0,120000.0,20000.0,1.0,0.0,0.805,3,12,0.0024752475247524753,-3.94435,1.6101488167845814,1.3112954379116855,0.0,12.0,120000.0,20000.0,1.0,0.0,0.713,1
185.0,480,1.2432432432432432,1.2725225225225225,12.5,25.0,400000.0,20000.0,2.0,1.0,0.756,1,93,0.0024752475247524753,9.6550498,1.609677498186552,1.3210737043197711,12.5,25.0,400000.0,20000.0,2.0,1.0,0.71,0
165.0,843,1.0606060606060608,1.130050505050505,0.0,12.0,120000.0,20000.0,1.0,0.0,0.798,3,100,0.0024752475247524753,-3.9445,1.6266084000971108,1.3150441045561219,25.0,12.0,120000.0,20000.0,3.0,0.0,0.71,1
113.0,24,0.48672566371681414,1.133849557522124,0.0,8.0,80000.0,0.0,0.0,1.0,0.882,2,100,0.0024752475247524753,-3.94455,1.6235864297253635,1.3277463651050079,0.0,8.0,80000.0,0.0,0.0,1.0,0.709,1
201.0,866,1.5174129353233832,1.3215174129353233,25.0,12.0,120000.0,20000.0,3.0,0.0,0.719,0,0,0.0024752475247524753,9.784432916666665,1.6182792320042882,1.3385021010980742,25.0,12.0,120000.0,20000.0,3.0,0.0,0.707,0
193.0,2206,1.2694300518134713,1.3061312607944733,0.0,12.0,120000.0,0.0,0.0,0.0,0.741,2,100,0.0024752475247524753,-3.5701170833333333,1.6104994177924419,1.347090619981862,0.0,12.0,120000.0,0.0,0.0,0.0,0.706,1
195.0,2207,1.3076923076923077,1.3034188034188035,0.0,12.0,120000.0,0.0,0.0,0.0,0.736,2,100,0.0024752475247524753,-3.5286004166666665,1.6027940479979883,1.355596956018199,0.0,12.0,120000.0,0.0,0.0,0.0,0.703,1
203.0,867,1.600985221674877,1.3238916256157636,12.5,12.0,120000.0,20000.0,2.0,0.0,0.716,0,0,0.0024752475247524753,9.784232916666666,1.6027940479979883,1.355596956018199,25.0,12.0,120000.0,20000.0,3.0,0.0,0.703,0
166.0,1309,1.0843373493975903,1.1232429718875503,0.0,12.0,120000.0,20000.0,1.0,0.0,0.794,3,100,0.0024752475247524753,-3.94485,1.6432483924743984,1.349527665317139,0.0,12.0,120000.0,20000.0,1.0,0.0,0.703,1
169.0,845,1.0946745562130178,1.1217948717948718,0.0,12.0,120000.0,20000.0,1.0,0.0,0.788,3,100,0.0024752475247524753,-3.94485,1.6432483924743984,1.349527665317139,25.0,12.0,120000.0,20000.0,3.0,0.0,0.703,1
196.0,2210,1.3265306122448979,1.328656462585034,0.0,12.0,120000.0,0.0,0.0,0.0,0.733,2,100,0.0024752475247524753,-3.5286504166666663,1.6427788370659093,1.3640222831918027,0.0,12.0,120000.0,0.0,0.0,0.0,0.702,1
197.0,2208,1.3451776649746192,1.3377749576988156,0.0,12.0,120000.0,0.0,0.0,0.0,0.732,2,100,0.0024752475247524753,-3.5282333333333336,1.6350710900473933,1.3576224328593998,0.0,12.0,120000.0,0.0,0.0,0.0,0.702,1
169.0,2194,1.0946745562130178,1.1217948717948718,0.0,12.0,120000.0,0.0,0.0,0.0,0.788,3,100,0.0024752475247524753,-3.94505,1.651332861523944,1.3515373122591805,0.0,12.0,120000.0,0.0,0.0,0.0,0.699,1
198.0,2211,1.4141414141414141,1.3310185185185186,0.0,12.0,120000.0,0.0,0.0,0.0,0.726,2,100,0.0024752475247524753,-3.5290504166666663,1.6508654473437363,1.3953743662072058,0.0,12.0,120000.0,0.0,0.0,0.0,0.694,1
209.0,1768,1.6028708133971292,1.3556618819776713,0.0,12.0,120000.0,0.0,0.0,1.0,0.706,1,100,0.0024752475247524753,9.888083333333334,1.643192488262911,1.3888888888888888,0.0,12.0,120000.0,0.0,0.0,1.0,0.695,0
207.0,869,1.6183574879227052,1.3385668276972624,25.0,12.0,120000.0,20000.0,3.0,0.0,0.709,0,0,0.0024752475247524753,9.783932916666666,1.6431152695593976,1.3888236206990148,12.5,12.0,120000.0,20000.0,2.0,0.0,0.692,0
173.0,847,1.1271676300578035,1.15004816955684,0.0,12.0,120000.0,20000.0,1.0,0.0,0.778,3,100,0.0024752475247524753,-3.9454,1.6592661836877773,1.3827218197398143,12.5,12.0,120000.0,20000.0,2.0,0.0,0.692,1
189.0,2204,1.2433862433862435,1.3172398589065255,0.0,12.0,120000.0,0.0,0.0,0.0,0.749,2,100,0.0024752475247524753,-3.9454,1.6588785046728973,1.382398753894081,0.0,12.0,120000.0,0.0,0.0,0.0,0.692,1
199.0,60,1.4572864321608041,1.3243299832495814,0.0,8.0,80000.0,0.0,0.0,1.0,0.724,1,100,0.0024752475247524753,-3.9039333333333337,1.6796267496111974,1.380248833592535,0.0,8.0,80000.0,0.0,0.0,1.0,0.688,1
173.0,2196,1.1271676300578035,1.15004816955684,0.0,12.0,120000.0,0.0,0.0,0.0,0.778,3,100,0.0024752475247524753,-3.9455999999999998,1.6748080949057917,1.3762890594711945,0.0,12.0,120000.0,0.0,0.0,0.0,0.688,1
205.0,868,1.6097560975609757,1.321138211382114,25.0,12.0,120000.0,20000.0,3.0,0.0,0.713,2,100,0.0024752475247524753,9.642783333333334,1.6744186046511629,1.375968992248062,12.5,12.0,120000.0,20000.0,2.0,0.0,0.689,0
209.0,870,1.6028708133971292,1.3556618819776713,25.0,12.0,120000.0,20000.0,3.0,0.0,0.706,0,0,0.0024752475247524753,9.783882916666666,1.6743406504655296,1.37590493267422,0.0,12.0,120000.0,20000.0,1.0,0.0,0.686,0
175.0,848,1.1714285714285713,1.1547619047619047,0.0,12.0,120000.0,20000.0,1.0,0.0,0.775,3,100,0.0024752475247524753,-3.9457,1.690206066219032,1.3699158755884848,0.0,12.0,120000.0,20000.0,1.0,0.0,0.686,1
211.0,1769,1.6350710900473933,1.3576224328593998,0.0,12.0,120000.0,0.0,0.0,1.0,0.702,2,100,0.0024752475247524753,9.846016666666666,1.6898148148148149,1.3840663580246912,0.0,12.0,120000.0,0.0,0.0,1.0,0.687,0
175.0,2197,1.1714285714285713,1.1547619047619047,0.0,12.0,120000.0,0.0,0.0,0.0,0.775,3,100,0.0024752475247524753,-3.9458,1.7054620880387183,1.3780056848736268,0.0,12.0,120000.0,0.0,0.0,0.0,0.684,1
213.0,1770,1.643192488262911,1.3888888888888888,0.0,12.0,120000.0,0.0,0.0,1.0,0.695,1,62,0.0024752475247524753,9.887583333333334,1.705069124423963,1.377688172043011,0.0,12.0,120000.0,0.0,0.0,1.0,0.685,0
214.0,1311,1.6588785046728973,1.382398753894081,0.0,12.0,120000.0,20000.0,1.0,0.0,0.692,2,62,0.0024752475247524753,9.845666666666666,1.6894977168949772,1.4079147640791476,0.0,12.0,120000.0,20000.0,1.0,0.0,0.68,0
206.0,2215,1.6262135922330099,1.3298948220064726,0.0,12.0,120000.0,0.0,0.0,0.0,0.71,2,100,0.0024752475247524753,-3.5294833333333333,1.6818181818181819,1.4299242424242424,0.0,12.0,120000.0,0.0,0.0,0.0,0.677,1
217.0,1772,1.705069124423963,1.377688172043011,0.0,12.0,120000.0,0.0,0.0,1.0,0.685,2,100,0.0024752475247524753,9.887083333333333,1.6742081447963801,1.4375942684766214,0.0,12.0,120000.0,0.0,0.0,1.0,0.675,0
208.0,2216,1.610576923076923,1.347155448717949,0.0,12.0,120000.0,0.0,0.0,0.0,0.707,2,100,0.0024752475247524753,-3.4879166666666666,1.6742081447963801,1.4375942684766214,0.0,12.0,120000.0,0.0,0.0,0.0,0.675,1
207.0,64,1.6183574879227052,1.3385668276972624,0.0,8.0,80000.0,0.0,0.0,1.0,0.709,1,100,0.0024752475247524753,-3.842283333333334,1.694277108433735,1.4354292168674698,0.0,8.0,80000.0,0.0,0.0,1.0,0.671,1
181.0,851,1.1878453038674033,1.2028084714548803,0.0,12.0,120000.0,20000.0,1.0,0.0,0.764,3,100,0.0024752475247524753,-3.94645,1.6895697229105653,1.4314410152436734,12.5,12.0,120000.0,20000.0,2.0,0.0,0.671,1
181.0,2200,1.1878453038674033,1.2028084714548803,0.0,12.0,120000.0,0.0,0.0,0.0,0.764,3,100,0.0024752475247524753,-3.9466,1.7044180309486427,1.4530537489721163,0.0,12.0,120000.0,0.0,0.0,0.0,0.668,1
211.0,871,1.6350710900473933,1.3576224328593998,25.0,12.0,120000.0,20000.0,3.0,0.0,0.702,2,100,0.0024752475247524753,9.55845,1.7040358744394617,1.4527279521674141,0.0,12.0,120000.0,20000.0,1.0,0.0,0.669,0
217.0,874,1.705069124423963,1.377688172043011,0.0,12.0,120000.0,20000.0,1.0,0.0,0.685,0,0,0.0024752475247524753,9.78345,1.7040358744394617,1.4527279521674141,0.0,12.0,120000.0,20000.0,1.0,0.0,0.669,0
210.0,2217,1.6428571428571428,1.3640873015873016,0.0,12.0,120000.0,0.0,0.0,0.0,0.703,2,100,0.0024752475247524753,-3.4887837499999996,1.703959387293871,1.452662745198448,0.0,12.0,120000.0,0.0,0.0,0.0,0.666,1
203.0,486,1.600985221674877,1.3238916256157636,12.5,25.0,400000.0,20000.0,2.0,1.0,0.716,0,0,0.0024752475247524753,9.6325998,1.703959387293871,1.452662745198448,25.0,25.0,400000.0,20000.0,3.0,1.0,0.666,0
219.0,1773,1.6894977168949772,1.4079147640791476,0.0,12.0,120000.0,0.0,0.0,1.0,0.68,2,100,0.0024752475247524753,9.845016666666666,1.6964285714285714,1.5020461309523812,0.0,12.0,120000.0,0.0,0.0,1.0,0.667,0
183.0,2201,1.2295081967213115,1.2181238615664847,0.0,12.0,120000.0,0.0,0.0,0.0,0.759,3,100,0.0024752475247524753,-3.9469,1.7114914425427872,1.4957027487589831,0.0,12.0,120000.0,0.0,0.0,0.0,0.662,1
213.0,872,1.643192488262911,1.3888888888888888,25.0,12.0,120000.0,20000.0,3.0,0.0,0.695,2,100,0.0024752475247524753,9.55815,1.7111111111111112,1.509259259259259,0.0,12.0,120000.0,20000.0,1.0,0.0,0.663,0
185.0,853,1.2432432432432432,1.2725225225225225,0.0,12.0,120000.0,20000.0,1.0,0.0,0.756,3,93,0.0024752475247524753,-3.947,1.7260455853064838,1.5029136239581027,0.0,12.0,120000.0,20000.0,1.0,0.0,0.66,1
221.0,1774,1.6742081447963801,1.4375942684766214,0.0,12.0,120000.0,0.0,0.0,1.0,0.675,2,100,0.0024752475247524753,9.844716666666665,1.7256637168141593,1.5164085545722714,0.0,12.0,120000.0,0.0,0.0,1.0,0.661,0
202.0,2213,1.5594059405940595,1.3304455445544554,0.0,12.0,120000.0,0.0,0.0,0.0,0.717,2,100,0.0024752475247524753,-3.94695,1.7256637168141593,1.5164085545722714,0.0,12.0,120000.0,0.0,0.0,0.0,0.661,1
212.0,2218,1.650943396226415,1.3954402515723272,0.0,12.0,120000.0,0.0,0.0,0.0,0.699,2,100,0.0024752475247524753,-3.530850416666666,1.725587287040959,1.516341392725629,0.0,12.0,120000.0,0.0,0.0,0.0,0.658,1
206.0,487,1.6262135922330099,1.3298948220064726,12.5,25.0,400000.0,20000.0,2.0,1.0,0.71,0,0,0.0024752475247524753,9.6324498,1.725587287040959,1.516341392725629,12.5,25.0,400000.0,20000.0,2.0,1.0,0.658,0
185.0,2202,1.2432432432432432,1.2725225225225225,0.0,12.0,120000.0,0.0,0.0,0.0,0.756,3,100,0.0024752475247524753,-3.94715,1.7404714694866712,1.5100609532202394,0.0,12.0,120000.0,0.0,0.0,0.0,0.657,1
221.0,876,1.6742081447963801,1.4375942684766214,12.5,12.0,120000.0,20000.0,2.0,0.0,0.675,2,100,0.0024752475247524753,9.8029,1.740088105726872,1.523494860499266,0.0,12.0,120000.0,20000.0,1.0,0.0,0.658,0
205.0,1766,1.6097560975609757,1.321138211382114,0.0,12.0,120000.0,0.0,0.0,1.0,0.713,2,100,0.0024752475247524753,-3.86443375,1.7400113765908383,1.5234276820362826,0.0,12.0,120000.0,0.0,0.0,1.0,0.653,1
187.0,854,1.2566844919786098,1.3146167557932265,0.0,12.0,120000.0,20000.0,1.0,0.0,0.753,3,100,0.0024752475247524753,-3.94735,1.754770783066462,1.5171455728595449,0.0,12.0,120000.0,20000.0,1.0,0.0,0.653,1
223.0,1775,1.7040358744394617,1.4527279521674141,0.0,12.0,120000.0,0.0,0.0,1.0,0.669,2,100,0.0024752475247524753,9.844366666666666,1.7543859649122806,1.5579312865497075,0.0,12.0,120000.0,0.0,0.0,1.0,0.654,0
222.0,1315,1.6891891891891893,1.4592717717717718,0.0,12.0,120000.0,20000.0,1.0,0.0,0.671,0,0,0.0024752475247524753,9.7827,1.7543859649122806,1.5579312865497075,0.0,12.0,120000.0,20000.0,1.0,0.0,0.654,0
187.0,2203,1.2566844919786098,1.3146167557932265,0.0,12.0,120000.0,0.0,0.0,0.0,0.753,3,100,0.0024752475247524753,-3.94745,1.7689451845381086,1.551466841377302,0.0,12.0,120000.0,0.0,0.0,0.0,0.651,1
225.0,1776,1.7111111111111112,1.509259259259259,0.0,12.0,120000.0,0.0,0.0,1.0,0.663,2,100,0.0024752475247524753,9.885933333333334,1.7685589519650653,1.551128093158661,0.0,12.0,120000.0,0.0,0.0,1.0,0.652,0
212.0,1310,1.650943396226415,1.3954402515723272,0.0,12.0,120000.0,20000.0,1.0,0.0,0.699,2,100,0.0024752475247524753,-3.656250416666666,1.768481648465934,1.551060293536223,0.0,12.0,120000.0,20000.0,1.0,0.0,0.65,1
216.0,2220,1.6898148148148149,1.3840663580246912,0.0,12.0,120000.0,0.0,0.0,0.0,0.687,2,100,0.0024752475247524753,-3.531450416666666,1.7607929324467224,1.5443168466160813,0.0,12.0,120000.0,0.0,0.0,0.0,0.646,1
226.0,1317,1.7256637168141593,1.5164085545722714,12.5,12.0,120000.0,20000.0,2.0,0.0,0.661,2,100,0.0024752475247524753,9.843966666666665,1.753246753246753,1.5602453102453102,0.0,12.0,120000.0,20000.0,1.0,0.0,0.646,0
217.0,69,1.705069124423963,1.377688172043011,0.0,8.0,80000.0,0.0,0.0,1.0,0.685,1,100,0.0024752475247524753,-3.8439333333333336,1.7723342939481266,1.5579971181556196,0.0,8.0,80000.0,0.0,0.0,1.0,0.643,1
191.0,856,1.2303664921465969,1.3198080279232112,0.0,12.0,120000.0,20000.0,1.0,0.0,0.745,3,63,0.0024752475247524753,-3.94785,1.767622332399224,1.55385499748509,12.5,12.0,120000.0,20000.0,2.0,0.0,0.643,1
227.0,1777,1.740088105726872,1.523494860499266,0.0,12.0,120000.0,0.0,0.0,1.0,0.658,2,100,0.0024752475247524753,9.843866666666665,1.767241379310345,1.5804597701149425,0.0,12.0,120000.0,0.0,0.0,1.0,0.644,0
137.0,27,0.8394160583941607,1.1633211678832116,0.0,8.0,80000.0,0.0,0.0,1.0,0.852,2,100,0.0024752475247524753,-3.9479,1.7647058823529411,1.5781922525107603,0.0,8.0,80000.0,0.0,0.0,1.0,0.642,1
219.0,70,1.6894977168949772,1.4079147640791476,0.0,8.0,80000.0,0.0,0.0,1.0,0.68,1,100,0.0024752475247524753,-3.781858958333332,1.7646298538959653,1.5781242595817575,0.0,8.0,80000.0,0.0,0.0,1.0,0.642,1
216.0,1312,1.6898148148148149,1.3840663580246912,0.0,12.0,120000.0,20000.0,1.0,0.0,0.687,2,100,0.0024752475247524753,-3.6562333333333337,1.759656652360515,1.5736766809728182,0.0,12.0,120000.0,20000.0,1.0,0.0,0.642,1
231.0,1779,1.753246753246753,1.5602453102453102,0.0,12.0,120000.0,0.0,0.0,1.0,0.646,2,100,0.0024752475247524753,9.885133333333334,1.7446808510638296,1.600177304964539,0.0,12.0,120000.0,0.0,0.0,1.0,0.636,0
229.0,880,1.7685589519650653,1.551128093158661,0.0,12.0,120000.0,20000.0,1.0,0.0,0.652,0,0,0.0024752475247524753,9.7818,1.7446808510638296,1.600177304964539,0.0,12.0,120000.0,20000.0,1.0,0.0,0.636,0
215.0,491,1.6744186046511629,1.375968992248062,25.0,25.0,400000.0,20000.0,3.0,1.0,0.689,1,100,0.0024752475247524753,9.6564498,1.744606538249158,1.6001091471238467,0.0,25.0,400000.0,20000.0,1.0,1.0,0.633,0
223.0,877,1.7040358744394617,1.4527279521674141,0.0,12.0,120000.0,20000.0,1.0,0.0,0.669,2,100,0.0024752475247524753,-3.4899666666666667,1.7372881355932204,1.6331214689265539,0.0,12.0,120000.0,20000.0,1.0,0.0,0.634,1
225.0,878,1.7111111111111112,1.509259259259259,0.0,12.0,120000.0,20000.0,1.0,0.0,0.663,2,100,0.0024752475247524753,9.551549999999999,1.729957805907173,1.6262306610407875,0.0,12.0,120000.0,20000.0,1.0,0.0,0.631,0
220.0,1314,1.6818181818181819,1.4299242424242424,0.0,12.0,120000.0,20000.0,1.0,0.0,0.677,2,100,0.0024752475247524753,-3.6574504166666664,1.7298847419988717,1.6261619779969068,12.5,12.0,120000.0,20000.0,2.0,0.0,0.626,1
197.0,1762,1.3451776649746192,1.3377749576988156,0.0,12.0,120000.0,0.0,0.0,1.0,0.732,3,88,0.0024752475247524753,-3.9487,1.7650766967850389,1.6197380402045245,0.0,12.0,120000.0,0.0,0.0,1.0,0.626,1
197.0,859,1.3451776649746192,1.3377749576988156,37.5,12.0,120000.0,20000.0,4.0,0.0,0.732,3,100,0.0024752475247524753,-3.9312,1.7650766967850389,1.6197380402045245,0.0,12.0,120000.0,20000.0,1.0,0.0,0.626,1
231.0,881,1.753246753246753,1.5602453102453102,12.5,12.0,120000.0,20000.0,2.0,0.0,0.646,2,100,0.0024752475247524753,9.759683333333333,1.7647058823529411,1.645658263305322,0.0,12.0,120000.0,20000.0,1.0,0.0,0.627,0
224.0,2224,1.6964285714285714,1.5020461309523812,0.0,12.0,120000.0,0.0,0.0,0.0,0.667,2,100,0.0024752475247524753,-3.5324504166666664,1.7646316640211896,1.6455890517657918,0.0,12.0,120000.0,0.0,0.0,0.0,0.626,1
197.0,864,1.3451776649746192,1.3377749576988156,37.5,12.0,120000.0,20000.0,4.0,0.0,0.732,3,88,0.0024752475247524753,-3.9313,1.7786147729650554,1.6391155750854431,0.0,12.0,120000.0,20000.0,1.0,0.0,0.624,1
235.0,1781,1.7446808510638296,1.600177304964539,0.0,12.0,120000.0,0.0,0.0,1.0,0.636,2,100,0.0024752475247524753,9.884583333333333,1.778242677824268,1.6649232914923293,0.0,12.0,120000.0,0.0,0.0,1.0,0.625,0
199.0,1763,1.4572864321608041,1.3243299832495814,0.0,12.0,120000.0,0.0,0.0,1.0,0.724,3,100,0.0024752475247524753,-3.94895,1.7920400083350698,1.6583315968604568,0.0,12.0,120000.0,0.0,0.0,1.0,0.621,1
227.0,879,1.740088105726872,1.523494860499266,0.0,12.0,120000.0,20000.0,1.0,0.0,0.658,2,100,0.0024752475247524753,-3.4905666666666666,1.7916666666666667,1.697048611111111,0.0,12.0,120000.0,20000.0,1.0,0.0,0.622,1
214.0,2219,1.6588785046728973,1.382398753894081,0.0,12.0,120000.0,0.0,0.0,0.0,0.692,2,62,0.0024752475247524753,-3.9489,1.7916666666666667,1.697048611111111,0.0,12.0,120000.0,0.0,0.0,0.0,0.622,1
234.0,1321,1.7521367521367521,1.580306267806268,0.0,12.0,120000.0,20000.0,1.0,0.0,0.638,0,0,0.0024752475247524753,9.780850000000001,1.7916666666666667,1.697048611111111,12.5,12.0,120000.0,20000.0,2.0,0.0,0.622,0
199.0,2209,1.4572864321608041,1.3243299832495814,0.0,12.0,120000.0,0.0,0.0,0.0,0.724,3,100,0.0024752475247524753,-3.94905,1.8261050010375597,1.6903576122293695,0.0,12.0,120000.0,0.0,0.0,0.0,0.619,1
200.0,2212,1.5,1.328125,0.0,12.0,120000.0,0.0,0.0,0.0,0.721,3,100,0.0024752475247524753,-3.94905,1.8261050010375597,1.6903576122293695,0.0,12.0,120000.0,0.0,0.0,0.0,0.619,1
226.0,2225,1.7256637168141593,1.5164085545722714,0.0,12.0,120000.0,0.0,0.0,0.0,0.661,2,62,0.0024752475247524753,-3.57405,1.8257261410788383,1.7289073305670817,0.0,12.0,120000.0,0.0,0.0,0.0,0.619,1
201.0,1764,1.5174129353233832,1.3215174129353233,0.0,12.0,120000.0,0.0,0.0,1.0,0.719,3,100,0.0024752475247524753,-3.9493,1.839222979954536,1.7221188950885167,0.0,12.0,120000.0,0.0,0.0,1.0,0.614,1
237.0,1782,1.729957805907173,1.6262306610407875,0.0,12.0,120000.0,0.0,0.0,1.0,0.631,2,100,0.0024752475247524753,9.842416666666665,1.8388429752066116,1.7217630853994492,0.0,12.0,120000.0,0.0,0.0,1.0,0.615,0
235.0,883,1.7446808510638296,1.600177304964539,0.0,12.0,120000.0,20000.0,1.0,0.0,0.636,2,100,0.0024752475247524753,9.759133333333333,1.8388429752066116,1.7217630853994492,0.0,12.0,120000.0,20000.0,1.0,0.0,0.616,0
199.0,865,1.4572864321608041,1.3243299832495814,37.5,12.0,120000.0,20000.0,4.0,0.0,0.724,3,100,0.0024752475247524753,-3.93195,1.8522329697468614,1.7150305275433901,0.0,12.0,120000.0,20000.0,1.0,0.0,0.611,1
237.0,1785,1.729957805907173,1.6262306610407875,0.0,12.0,120000.0,0.0,0.0,1.0,0.631,1,100,0.0024752475247524753,9.8006,1.8518518518518516,1.74039780521262,0.0,12.0,120000.0,0.0,0.0,1.0,0.612,0
237.0,884,1.729957805907173,1.6262306610407875,0.0,12.0,120000.0,20000.0,1.0,0.0,0.631,2,100,0.0024752475247524753,9.80065,1.8518518518518516,1.74039780521262,0.0,12.0,120000.0,20000.0,1.0,0.0,0.613,0
227.0,2235,1.740088105726872,1.523494860499266,0.0,12.0,120000.0,0.0,0.0,0.0,0.658,2,100,0.0024752475247524753,-3.61653375,1.851775570891092,1.7403261152356098,0.0,12.0,120000.0,0.0,0.0,0.0,0.611,1
203.0,1765,1.600985221674877,1.3238916256157636,0.0,12.0,120000.0,0.0,0.0,1.0,0.716,3,100,0.0024752475247524753,-3.94955,1.8651362984218076,1.7336202773792442,0.0,12.0,120000.0,0.0,0.0,1.0,0.609,1
239.0,2241,1.778242677824268,1.6649232914923293,0.0,12.0,120000.0,0.0,0.0,0.0,0.625,2,100,0.0024752475247524753,9.840166666666665,1.8647540983606559,1.7460724043715847,0.0,12.0,120000.0,0.0,0.0,0.0,0.61,0
239.0,1786,1.778242677824268,1.6649232914923293,0.0,12.0,120000.0,0.0,0.0,1.0,0.625,2,100,0.0024752475247524753,9.842216666666666,1.8647540983606559,1.7460724043715847,0.0,12.0,120000.0,0.0,0.0,1.0,0.611,0
238.0,1323,1.7647058823529411,1.645658263305322,12.5,12.0,120000.0,20000.0,2.0,0.0,0.627,0,0,0.0024752475247524753,9.779532916666666,1.8646776007262982,1.746000775405348,25.0,12.0,120000.0,20000.0,3.0,0.0,0.609,0
239.0,1783,1.778242677824268,1.6649232914923293,0.0,12.0,120000.0,0.0,0.0,1.0,0.625,2,100,0.0024752475247524753,9.8005,1.8571428571428572,1.751700680272109,0.0,12.0,120000.0,0.0,0.0,1.0,0.61,0
240.0,2232,1.7916666666666667,1.697048611111111,0.0,12.0,120000.0,0.0,0.0,0.0,0.622,2,100,0.0024752475247524753,9.842216666666666,1.8571428571428572,1.751700680272109,0.0,12.0,120000.0,0.0,0.0,0.0,0.611,0
204.0,2214,1.5931372549019607,1.3174019607843137,0.0,12.0,120000.0,0.0,0.0,0.0,0.714,3,100,0.0024752475247524753,-3.9498,1.870298841227892,1.7449346073050078,0.0,12.0,120000.0,0.0,0.0,0.0,0.604,1
240.0,1324,1.7916666666666667,1.697048611111111,12.5,12.0,120000.0,20000.0,2.0,0.0,0.622,2,100,0.0024752475247524753,9.80025,1.8699186991869918,1.744579945799458,25.0,12.0,120000.0,20000.0,3.0,0.0,0.605,0
224.0,1316,1.6964285714285714,1.5020461309523812,12.5,12.0,120000.0,20000.0,2.0,0.0,0.667,2,100,0.0024752475247524753,-3.8664166666666664,1.8699186991869918,1.744579945799458,25.0,12.0,120000.0,20000.0,3.0,0.0,0.605,1
242.0,2233,1.8388429752066116,1.7217630853994492,0.0,12.0,120000.0,0.0,0.0,0.0,0.616,2,100,0.0024752475247524753,9.841866666666666,1.862348178137652,1.7459514170040484,0.0,12.0,120000.0,0.0,0.0,0.0,0.604,0
243.0,1788,1.8518518518518516,1.74039780521262,0.0,12.0,120000.0,0.0,0.0,1.0,0.613,1,100,0.0024752475247524753,9.883583333333334,1.862348178137652,1.7459514170040484,0.0,12.0,120000.0,0.0,0.0,1.0,0.605,0
231.0,2237,1.753246753246753,1.5602453102453102,0.0,12.0,120000.0,0.0,0.0,0.0,0.646,2,100,0.0024752475247524753,-3.6164166666666664,1.862348178137652,1.7459514170040484,0.0,12.0,120000.0,0.0,0.0,0.0,0.605,1
242.0,1325,1.8388429752066116,1.7217630853994492,12.5,12.0,120000.0,20000.0,2.0,0.0,0.616,0,0,0.0024752475247524753,9.779282916666666,1.8547638460237956,1.7514414035143175,12.5,12.0,120000.0,20000.0,2.0,0.0,0.599,0
153.0,35,0.9477124183006536,1.1233660130718954,0.0,8.0,80000.0,0.0,0.0,1.0,0.827,2,100,0.0024752475247524753,-3.95005,1.8523489932885904,1.7491610738255035,0.0,8.0,80000.0,0.0,0.0,1.0,0.599,1
243.0,1335,1.8518518518518516,1.74039780521262,25.0,12.0,120000.0,20000.0,3.0,0.0,0.613,0,0,0.0024752475247524753,9.779382916666666,1.8473152946742986,1.7569574813478381,0.0,12.0,120000.0,20000.0,1.0,0.0,0.596,0
207.0,1767,1.6183574879227052,1.3385668276972624,0.0,12.0,120000.0,0.0,0.0,1.0,0.709,3,100,0.0024752475247524753,-3.9502,1.860372074414883,1.750350070014003,0.0,12.0,120000.0,0.0,0.0,1.0,0.596,1
236.0,2230,1.7372881355932204,1.6331214689265539,0.0,12.0,120000.0,0.0,0.0,0.0,0.634,2,100,0.0024752475247524753,-3.5335333333333336,1.8599999999999999,1.7625000000000002,0.0,12.0,120000.0,0.0,0.0,0.0,0.596,1
235.0,2239,1.7446808510638296,1.600177304964539,0.0,12.0,120000.0,0.0,0.0,0.0,0.636,2,100,0.0024752475247524753,-3.6175337499999998,1.8525157622200008,1.7678577838389793,0.0,12.0,120000.0,0.0,0.0,0.0,0.591,1
238.0,2231,1.7647058823529411,1.645658263305322,0.0,12.0,120000.0,0.0,0.0,0.0,0.627,2,100,0.0024752475247524753,-3.534300416666666,1.8451648011918256,1.773243054908811,0.0,12.0,120000.0,0.0,0.0,0.0,0.589,1
249.0,1791,1.8473895582329318,1.7570281124497993,0.0,12.0,120000.0,0.0,0.0,1.0,0.599,1,100,0.0024752475247524753,9.882833333333334,1.8379446640316206,1.7786561264822134,0.0,12.0,120000.0,0.0,0.0,1.0,0.59,0
236.0,1322,1.7372881355932204,1.6331214689265539,12.5,12.0,120000.0,20000.0,2.0,0.0,0.634,2,100,0.0024752475247524753,-3.6594004166666663,1.8378719482284516,1.7785857563501144,12.5,12.0,120000.0,20000.0,2.0,0.0,0.587,1
230.0,2227,1.7608695652173914,1.5443840579710146,0.0,12.0,120000.0,0.0,0.0,0.0,0.65,2,100,0.0024752475247524753,-3.95065,1.830708661417323,1.7839566929133857,0.0,12.0,120000.0,0.0,0.0,0.0,0.587,1
241.0,2242,1.8257261410788383,1.7289073305670817,0.0,12.0,120000.0,0.0,0.0,0.0,0.619,2,100,0.0024752475247524753,-3.5345504166666664,1.8234578321062769,1.7768910326304446,0.0,12.0,120000.0,0.0,0.0,0.0,0.584,1
215.0,873,1.6744186046511629,1.375968992248062,12.5,12.0,120000.0,20000.0,2.0,0.0,0.689,3,100,0.0024752475247524753,-3.9508,1.8362961515921077,1.7703653057237738,0.0,12.0,120000.0,20000.0,1.0,0.0,0.584,1
250.0,1329,1.8599999999999999,1.7625000000000002,0.0,12.0,120000.0,20000.0,1.0,0.0,0.596,0,0,0.0024752475247524753,9.77895,1.8359375,1.77001953125,12.5,12.0,120000.0,20000.0,2.0,0.0,0.584,0
215.0,1771,1.6744186046511629,1.375968992248062,0.0,12.0,120000.0,0.0,0.0,1.0,0.689,3,100,0.0024752475247524753,-3.95095,1.8486086787312708,1.7634753843160147,0.0,12.0,120000.0,0.0,0.0,1.0,0.581,1
253.0,1793,1.8379446640316206,1.7786561264822134,0.0,12.0,120000.0,0.0,0.0,1.0,0.59,2,100,0.0024752475247524753,9.882433333333333,1.8482490272373542,1.7631322957198443,0.0,12.0,120000.0,0.0,0.0,1.0,0.582,0
218.0,1313,1.6972477064220184,1.4000382262996942,0.0,12.0,120000.0,20000.0,1.0,0.0,0.683,3,100,0.0024752475247524753,-3.9511,1.853639698783549,1.7498551843985324,25.0,12.0,120000.0,20000.0,3.0,0.0,0.578,1
218.0,2221,1.6972477064220184,1.4000382262996942,0.0,12.0,120000.0,0.0,0.0,0.0,0.683,3,100,0.0024752475247524753,-3.9512,1.865743412194653,1.7431236776303134,0.0,12.0,120000.0,0.0,0.0,0.0,0.576,1
255.0,1341,1.8235294117647058,1.7769607843137258,12.5,12.0,120000.0,20000.0,2.0,0.0,0.586,0,0,0.0024752475247524753,9.777532916666665,1.8581662825881657,1.7599899712658529,25.0,12.0,120000.0,20000.0,3.0,0.0,0.569,0
219.0,875,1.6894977168949772,1.4079147640791476,12.5,12.0,120000.0,20000.0,2.0,0.0,0.68,3,100,0.0024752475247524753,-3.95155,1.8705859896926895,1.7536743653368965,0.0,12.0,120000.0,20000.0,1.0,0.0,0.569,1
241.0,1787,1.8257261410788383,1.7289073305670817,0.0,12.0,120000.0,0.0,0.0,1.0,0.619,2,100,0.0024752475247524753,-3.82655,1.870229007633588,1.765267175572519,0.0,12.0,120000.0,0.0,0.0,1.0,0.569,1
220.0,2222,1.6818181818181819,1.4299242424242424,0.0,12.0,120000.0,0.0,0.0,0.0,0.677,3,100,0.0024752475247524753,-3.95165,1.8824871648602397,1.7588895227229513,0.0,12.0,120000.0,0.0,0.0,0.0,0.567,1
259.0,1796,1.8532818532818531,1.7495173745173744,0.0,12.0,120000.0,0.0,0.0,1.0,0.578,2,100,0.0024752475247524753,9.881733333333333,1.88212927756654,1.758555133079848,0.0,12.0,120000.0,0.0,0.0,1.0,0.568,0
257.0,1342,1.8482490272373542,1.7631322957198443,12.5,12.0,120000.0,20000.0,2.0,0.0,0.582,0,0,0.0024752475247524753,9.777332916666666,1.8820576448782311,1.758488203547842,25.0,12.0,120000.0,20000.0,3.0,0.0,0.565,0
222.0,2223,1.6891891891891893,1.4592717717717718,0.0,12.0,120000.0,0.0,0.0,0.0,0.671,3,100,0.0024752475247524753,-3.95175,1.8942981625307824,1.7522258003409736,0.0,12.0,120000.0,0.0,0.0,0.0,0.565,1
241.0,1784,1.8257261410788383,1.7289073305670817,0.0,12.0,120000.0,0.0,0.0,1.0,0.619,2,100,0.0024752475247524753,-3.9105504166666676,1.8938675847934703,1.7755008607438785,0.0,12.0,120000.0,0.0,0.0,1.0,0.564,1
259.0,1343,1.8532818532818531,1.7495173745173744,25.0,12.0,120000.0,20000.0,3.0,0.0,0.578,0,0,0.0024752475247524753,9.777382916666667,1.8867211846073286,1.7766624488385678,12.5,12.0,120000.0,20000.0,2.0,0.0,0.561,0
167.0,42,1.1077844311377245,1.1352295409181636,0.0,8.0,80000.0,0.0,0.0,1.0,0.793,2,100,0.0024752475247524753,-3.9522,1.8772761269060185,1.779501328629664,0.0,8.0,80000.0,0.0,0.0,1.0,0.556,1
257.0,1795,1.8482490272373542,1.7631322957198443,0.0,12.0,120000.0,0.0,0.0,1.0,0.582,2,100,0.0024752475247524753,9.631183333333334,1.8726591760299627,1.7751248439450686,0.0,12.0,120000.0,0.0,0.0,1.0,0.557,0
263.0,1798,1.88212927756654,1.758555133079848,0.0,12.0,120000.0,0.0,0.0,1.0,0.568,2,100,0.0024752475247524753,9.839416666666665,1.8656716417910446,1.7685012437810945,0.0,12.0,120000.0,0.0,0.0,1.0,0.555,0
253.0,2248,1.8379446640316206,1.7786561264822134,0.0,12.0,120000.0,0.0,0.0,0.0,0.59,2,100,0.0024752475247524753,-3.577767083333334,1.8656019601655922,1.7684351914069674,0.0,12.0,120000.0,0.0,0.0,0.0,0.553,1
228.0,2226,1.7543859649122806,1.5579312865497075,0.0,12.0,120000.0,0.0,0.0,0.0,0.654,3,100,0.0024752475247524753,-3.95235,1.8776724298196692,1.7622544463035261,0.0,12.0,120000.0,0.0,0.0,0.0,0.553,1
265.0,1799,1.8867924528301887,1.7767295597484278,0.0,12.0,120000.0,0.0,0.0,1.0,0.564,1,100,0.0024752475247524753,9.880783333333333,1.8773234200743494,1.7619268897149938,0.0,12.0,120000.0,0.0,0.0,1.0,0.554,0
263.0,1345,1.88212927756654,1.758555133079848,25.0,12.0,120000.0,20000.0,3.0,0.0,0.568,0,0,0.0024752475247524753,9.777032916666666,1.877253563910131,1.761861327514665,0.0,12.0,120000.0,20000.0,1.0,0.0,0.549,0
229.0,2236,1.7685589519650653,1.551128093158661,0.0,12.0,120000.0,0.0,0.0,0.0,0.652,3,100,0.0024752475247524753,-3.95255,1.907760696425264,1.755726369080694,0.0,12.0,120000.0,0.0,0.0,0.0,0.549,1
228.0,1318,1.7543859649122806,1.5579312865497075,0.0,12.0,120000.0,20000.0,1.0,0.0,0.654,3,100,0.0024752475247524753,-3.95255,1.907760696425264,1.755726369080694,0.0,12.0,120000.0,20000.0,1.0,0.0,0.549,1
230.0,1319,1.7608695652173914,1.5443840579710146,0.0,12.0,120000.0,20000.0,1.0,0.0,0.65,3,100,0.0024752475247524753,-3.9526499999999998,1.9191732792028051,1.7607799717044963,0.0,12.0,120000.0,20000.0,1.0,0.0,0.547,1
267.0,1800,1.8726591760299627,1.7751248439450686,0.0,12.0,120000.0,0.0,0.0,1.0,0.557,1,100,0.0024752475247524753,9.880733333333334,1.918819188191882,1.7719864698646988,0.0,12.0,120000.0,0.0,0.0,1.0,0.548,0
229.0,1778,1.7685589519650653,1.551128093158661,0.0,12.0,120000.0,0.0,0.0,1.0,0.652,3,100,0.0024752475247524753,-3.95275,1.9305019305019304,1.7657964086535514,0.0,12.0,120000.0,0.0,0.0,1.0,0.545,1
232.0,2228,1.767241379310345,1.5804597701149425,0.0,12.0,120000.0,0.0,0.0,0.0,0.644,3,100,0.0024752475247524753,-3.95295,1.9417475728155338,1.770776088416682,0.0,12.0,120000.0,0.0,0.0,0.0,0.541,1
267.0,1347,1.8726591760299627,1.7751248439450686,12.5,12.0,120000.0,20000.0,2.0,0.0,0.557,2,100,0.0024752475247524753,9.7971,1.9413919413919414,1.8009768009768012,0.0,12.0,120000.0,20000.0,1.0,0.0,0.542,0
251.0,1339,1.852589641434263,1.7679282868525896,12.5,12.0,120000.0,20000.0,2.0,0.0,0.596,2,100,0.0024752475247524753,-3.8695666666666666,1.9413919413919414,1.8009768009768012,0.0,12.0,120000.0,20000.0,1.0,0.0,0.542,1
233.0,882,1.759656652360515,1.5736766809728182,12.5,12.0,120000.0,20000.0,2.0,0.0,0.642,3,100,0.0024752475247524753,-3.95305,1.9711626209162256,1.794731398673724,0.0,12.0,120000.0,20000.0,1.0,0.0,0.539,1
233.0,2238,1.759656652360515,1.5736766809728182,0.0,12.0,120000.0,0.0,0.0,0.0,0.642,3,100,0.0024752475247524753,-3.95305,1.9711626209162256,1.794731398673724,0.0,12.0,120000.0,0.0,0.0,0.0,0.539,1
254.0,504,1.830708661417323,1.7839566929133857,0.0,25.0,400000.0,20000.0,1.0,1.0,0.587,1,100,0.0024752475247524753,9.646199999999999,1.9708029197080292,1.794403892944039,37.5,25.0,400000.0,20000.0,4.0,1.0,0.539,0
254.0,513,1.830708661417323,1.7839566929133857,0.0,25.0,400000.0,20000.0,2.0,1.0,0.587,1,100,0.0024752475247524753,9.646199999999999,1.9708029197080292,1.794403892944039,37.5,25.0,400000.0,20000.0,4.0,1.0,0.539,0
181.0,49,1.1878453038674033,1.2028084714548803,0.0,8.0,80000.0,0.0,0.0,1.0,0.764,2,100,0.0024752475247524753,-3.9532,1.986561778310811,1.792158179210059,0.0,8.0,80000.0,0.0,0.0,1.0,0.536,1
233.0,1780,1.759656652360515,1.5736766809728182,0.0,12.0,120000.0,0.0,0.0,1.0,0.642,3,100,0.0024752475247524753,-3.9532,1.9821785779232586,1.7882039158634904,0.0,12.0,120000.0,0.0,0.0,1.0,0.536,1
271.0,1802,1.918819188191882,1.7719864698646988,0.0,12.0,120000.0,0.0,0.0,1.0,0.548,2,100,0.0024752475247524753,9.880183333333333,1.981818181818182,1.7954545454545454,0.0,12.0,120000.0,0.0,0.0,1.0,0.537,0
261.0,2252,1.8582375478927202,1.7600574712643677,0.0,12.0,120000.0,0.0,0.0,0.0,0.572,2,100,0.0024752475247524753,-3.5371504166666674,1.981746046262098,1.7953891932879094,0.0,12.0,120000.0,0.0,0.0,0.0,0.532,1
232.0,1320,1.767241379310345,1.5804597701149425,0.0,12.0,120000.0,20000.0,1.0,0.0,0.644,3,100,0.0024752475247524753,-3.9534,1.9931146946910672,1.7892734190976627,0.0,12.0,120000.0,20000.0,1.0,0.0,0.532,1
271.0,2257,1.918819188191882,1.7719864698646988,0.0,12.0,120000.0,0.0,0.0,0.0,0.548,2,100,0.0024752475247524753,9.838316666666666,1.9927536231884055,1.8191425120772948,0.0,12.0,120000.0,0.0,0.0,0.0,0.533,0
177.0,47,1.1864406779661016,1.2005649717514124,0.0,8.0,80000.0,0.0,0.0,1.0,0.772,2,100,0.0024752475247524753,-3.95345,2.0083711563500297,1.8168823148662057,0.0,8.0,80000.0,0.0,0.0,1.0,0.531,1
234.0,2229,1.7521367521367521,1.580306267806268,0.0,12.0,120000.0,0.0,0.0,0.0,0.638,3,100,0.0024752475247524753,-3.95345,2.0039718360714933,1.8129024492989108,0.0,12.0,120000.0,0.0,0.0,0.0,0.531,1
273.0,1803,1.9413919413919414,1.8009768009768012,0.0,12.0,120000.0,0.0,0.0,1.0,0.542,1,3,0.0024752475247524753,9.879933333333334,2.003610108303249,1.8125752105896509,0.0,12.0,120000.0,0.0,0.0,1.0,0.532,0
257.0,505,1.8482490272373542,1.7631322957198443,25.0,25.0,400000.0,20000.0,3.0,1.0,0.582,0,0,0.0024752475247524753,9.6260498,2.0035377060922817,1.8125097115924917,12.5,25.0,400000.0,20000.0,2.0,1.0,0.53,0
257.0,514,1.8482490272373542,1.7631322957198443,25.0,25.0,400000.0,20000.0,4.0,1.0,0.582,0,0,0.0024752475247524753,9.6260498,2.0035377060922817,1.8125097115924917,12.5,25.0,400000.0,20000.0,2.0,1.0,0.53,0
179.0,50,1.1731843575418994,1.204608938547486,0.0,8.0,80000.0,0.0,0.0,1.0,0.769,2,100,0.0024752475247524753,-3.9535,2.0011296948020014,1.810331292970279,0.0,8.0,80000.0,0.0,0.0,1.0,0.53,1
263.0,2253,1.88212927756654,1.758555133079848,0.0,12.0,120000.0,0.0,0.0,0.0,0.568,2,100,0.0024752475247524753,-3.5785,1.9964028776978417,1.8247901678657075,0.0,12.0,120000.0,0.0,0.0,0.0,0.53,1
275.0,1804,1.981818181818182,1.7954545454545454,0.0,12.0,120000.0,0.0,0.0,1.0,0.537,2,100,0.0024752475247524753,9.879683333333334,1.989247311827957,1.8294504181600957,0.0,12.0,120000.0,0.0,0.0,1.0,0.527,0
179.0,48,1.1731843575418994,1.204608938547486,0.0,8.0,80000.0,0.0,0.0,1.0,0.769,2,100,0.0024752475247524753,-3.95375,1.9868023106522807,1.8272018247365196,0.0,8.0,80000.0,0.0,0.0,1.0,0.525,1
265.0,2254,1.8867924528301887,1.7767295597484278,0.0,12.0,120000.0,0.0,0.0,0.0,0.564,2,100,0.0024752475247524753,-3.579317083333334,1.9820719980689263,1.8414520252329551,0.0,12.0,120000.0,0.0,0.0,0.0,0.522,1
277.0,1805,2.003610108303249,1.8125752105896509,0.0,12.0,120000.0,0.0,0.0,1.0,0.532,1,20,0.0024752475247524753,9.879483333333333,1.9750889679715302,1.8460854092526688,0.0,12.0,120000.0,0.0,0.0,1.0,0.523,0
183.0,52,1.2295081967213115,1.2181238615664847,0.0,8.0,80000.0,0.0,0.0,1.0,0.759,2,100,0.0024752475247524753,-3.95395,1.9904505056532171,1.84383249965644,0.0,8.0,80000.0,0.0,0.0,1.0,0.521,1
268.0,81,1.8656716417910446,1.7685012437810945,0.0,8.0,80000.0,0.0,0.0,1.0,0.555,1,100,0.0024752475247524753,-3.7879089583333334,1.9904505056532171,1.84383249965644,0.0,8.0,80000.0,0.0,0.0,1.0,0.521,1
237.0,2240,1.729957805907173,1.6262306610407875,0.0,12.0,120000.0,0.0,0.0,0.0,0.631,3,100,0.0024752475247524753,-3.95395,1.9861677602411774,1.839865224330555,0.0,12.0,120000.0,0.0,0.0,0.0,0.521,1
276.0,887,1.9927536231884055,1.8191425120772948,0.0,12.0,120000.0,20000.0,1.0,0.0,0.533,0,0,0.0024752475247524753,9.7758,1.9858156028368796,1.8506205673758866,12.5,12.0,120000.0,20000.0,2.0,0.0,0.521,0
277.0,1352,2.003610108303249,1.8125752105896509,0.0,12.0,120000.0,20000.0,1.0,0.0,0.532,2,38,0.0024752475247524753,9.7959,1.9787985865724382,1.8440812720848059,12.5,12.0,120000.0,20000.0,2.0,0.0,0.518,0
279.0,1806,1.989247311827957,1.8294504181600957,0.0,12.0,120000.0,0.0,0.0,1.0,0.527,2,100,0.0024752475247524753,9.879283333333333,1.9787985865724382,1.8440812720848059,0.0,12.0,120000.0,0.0,0.0,1.0,0.519,0
263.0,516,1.88212927756654,1.758555133079848,50.0,25.0,400000.0,20000.0,5.0,1.0,0.568,0,0,0.0024752475247524753,9.6253998,1.9787285969142927,1.844016047347583,12.5,25.0,400000.0,20000.0,2.0,1.0,0.517,0
244.0,2234,1.8647540983606559,1.7460724043715847,0.0,12.0,120000.0,0.0,0.0,0.0,0.611,3,100,0.0024752475247524753,-3.95435,1.9828040007018777,1.8314616599403406,0.0,12.0,120000.0,0.0,0.0,0.0,0.513,1
274.0,886,1.9708029197080292,1.794403892944039,0.0,12.0,120000.0,20000.0,1.0,0.0,0.539,2,100,0.0024752475247524753,9.587366666666666,1.9824561403508771,1.8530701754385963,25.0,12.0,120000.0,20000.0,3.0,0.0,0.514,0
281.0,1807,1.9750889679715302,1.8460854092526688,0.0,12.0,120000.0,0.0,0.0,1.0,0.523,2,100,0.0024752475247524753,9.879083333333334,1.9824561403508771,1.8530701754385963,0.0,12.0,120000.0,0.0,0.0,1.0,0.515,0
243.0,2243,1.8518518518518516,1.74039780521262,0.0,12.0,120000.0,0.0,0.0,0.0,0.613,3,100,0.0024752475247524753,-3.9543,2.0283266305298127,1.8469137961182023,0.0,12.0,120000.0,0.0,0.0,0.0,0.514,1
245.0,1336,1.8571428571428572,1.751700680272109,25.0,12.0,120000.0,20000.0,3.0,0.0,0.611,3,100,0.0024752475247524753,-3.9493,2.0283266305298127,1.8469137961182023,25.0,12.0,120000.0,20000.0,3.0,0.0,0.514,1
245.0,2244,1.8571428571428572,1.751700680272109,0.0,12.0,120000.0,0.0,0.0,0.0,0.611,3,100,0.0024752475247524753,-3.9543,2.0283266305298127,1.8469137961182023,0.0,12.0,120000.0,0.0,0.0,0.0,0.514,1
280.0,910,1.982142857142857,1.8415178571428572,12.5,12.0,120000.0,20000.0,2.0,0.0,0.525,0,0,0.0024752475247524753,9.774832916666666,2.0279010514352276,1.8720207263608242,12.5,12.0,120000.0,20000.0,2.0,0.0,0.51,0
272.0,83,1.9301470588235294,1.7769607843137254,0.0,8.0,80000.0,0.0,0.0,1.0,0.545,1,100,0.0024752475247524753,-3.8509589583333335,2.0604634741348913,1.8698415001859712,0.0,8.0,80000.0,0.0,0.0,1.0,0.51,1
244.0,1326,1.8647540983606559,1.7460724043715847,37.5,12.0,120000.0,20000.0,4.0,0.0,0.611,3,100,0.0024752475247524753,-3.937,2.0561073357727824,1.8658883661497356,25.0,12.0,120000.0,20000.0,3.0,0.0,0.51,1
245.0,1789,1.8571428571428572,1.751700680272109,0.0,12.0,120000.0,0.0,0.0,1.0,0.611,3,100,0.0024752475247524753,-3.9545,2.0561073357727824,1.8658883661497356,0.0,12.0,120000.0,0.0,0.0,1.0,0.51,1
283.0,1808,1.9787985865724382,1.8440812720848059,0.0,12.0,120000.0,0.0,0.0,1.0,0.519,1,100,0.0024752475247524753,9.878883333333334,2.0557491289198606,1.8655632984901276,0.0,12.0,120000.0,0.0,0.0,1.0,0.511,0
265.0,1346,1.8867924528301887,1.7767295597484278,25.0,12.0,120000.0,20000.0,3.0,0.0,0.564,2,100,0.0024752475247524753,-3.8661166666666666,2.0557491289198606,1.8655632984901276,12.5,12.0,120000.0,20000.0,2.0,0.0,0.511,1
281.0,1354,1.9750889679715302,1.8460854092526688,0.0,12.0,120000.0,20000.0,1.0,0.0,0.523,0,0,0.0024752475247524753,9.775300000000001,2.0557491289198606,1.8655632984901276,12.5,12.0,120000.0,20000.0,3.0,0.0,0.511,0
193.0,57,1.2694300518134713,1.3061312607944733,0.0,8.0,80000.0,0.0,0.0,1.0,0.741,2,91,0.0024752475247524753,-3.9545,2.0880943091970936,1.8633341578599065,0.0,8.0,80000.0,0.0,0.0,1.0,0.51,1
195.0,58,1.3076923076923077,1.3034188034188035,0.0,8.0,80000.0,0.0,0.0,1.0,0.736,2,100,0.0024752475247524753,-3.9545,2.0880943091970936,1.8633341578599065,0.0,8.0,80000.0,0.0,0.0,1.0,0.51,1
247.0,1337,1.862348178137652,1.7459514170040484,25.0,12.0,120000.0,20000.0,3.0,0.0,0.605,3,100,0.0024752475247524753,-3.9495,2.083695085952422,1.8594084621172655,25.0,12.0,120000.0,20000.0,3.0,0.0,0.51,1
247.0,2245,1.862348178137652,1.7459514170040484,0.0,12.0,120000.0,0.0,0.0,0.0,0.605,3,100,0.0024752475247524753,-3.9545,2.083695085952422,1.8594084621172655,0.0,12.0,120000.0,0.0,0.0,0.0,0.51,1
278.0,888,1.9964028776978417,1.8247901678657075,12.5,12.0,120000.0,20000.0,2.0,0.0,0.53,2,100,0.0024752475247524753,9.628883333333334,2.083333333333333,1.8590856481481481,12.5,12.0,120000.0,20000.0,2.0,0.0,0.511,0
271.0,1349,1.918819188191882,1.7719864698646988,0.0,12.0,120000.0,20000.0,1.0,0.0,0.548,2,100,0.0024752475247524753,-3.6627833333333335,2.083333333333333,1.8590856481481481,25.0,12.0,120000.0,20000.0,3.0,0.0,0.511,1
248.0,1328,1.8548387096774193,1.7515120967741935,25.0,12.0,120000.0,20000.0,3.0,0.0,0.602,3,100,0.0024752475247524753,-3.9496,2.1110918844090674,1.8529734094710735,25.0,12.0,120000.0,20000.0,3.0,0.0,0.508,1
247.0,1790,1.862348178137652,1.7459514170040484,0.0,12.0,120000.0,0.0,0.0,1.0,0.605,3,100,0.0024752475247524753,-3.9546,2.1110918844090674,1.8529734094710735,0.0,12.0,120000.0,0.0,0.0,1.0,0.508,1
246.0,1327,1.8699186991869918,1.744579945799458,25.0,12.0,120000.0,20000.0,3.0,0.0,0.605,3,100,0.0024752475247524753,-3.94965,2.1210553543714434,1.8645456113122951,25.0,12.0,120000.0,20000.0,3.0,0.0,0.507,1
284.0,912,1.971830985915493,1.837588028169014,12.5,12.0,120000.0,20000.0,2.0,0.0,0.516,0,0,0.0024752475247524753,9.774532916666667,2.1206164573422828,1.8641597922775146,12.5,12.0,120000.0,20000.0,2.0,0.0,0.504,0
191.0,56,1.2303664921465969,1.3198080279232112,0.0,8.0,80000.0,0.0,0.0,1.0,0.745,2,100,0.0024752475247524753,-3.9548,2.1354028402442107,1.86201961372101,0.0,8.0,80000.0,0.0,0.0,1.0,0.504,1
249.0,1338,1.8473895582329318,1.7570281124497993,12.5,12.0,120000.0,20000.0,2.0,0.0,0.599,3,100,0.0024752475247524753,-3.9548,2.1309503351091252,1.858137136965114,25.0,12.0,120000.0,20000.0,3.0,0.0,0.504,1
285.0,1356,1.9824561403508771,1.8530701754385963,12.5,12.0,120000.0,20000.0,2.0,0.0,0.515,0,0,0.0024752475247524753,9.774232916666666,2.1305109057932405,1.8577539652330173,25.0,12.0,120000.0,20000.0,3.0,0.0,0.503,0
249.0,2246,1.8473895582329318,1.7570281124497993,0.0,12.0,120000.0,0.0,0.0,0.0,0.599,3,100,0.0024752475247524753,-3.95485,2.1579037506422334,1.8517725637951705,0.0,12.0,120000.0,0.0,0.0,0.0,0.503,1
251.0,2247,1.852589641434263,1.7679282868525896,0.0,12.0,120000.0,0.0,0.0,0.0,0.596,3,100,0.0024752475247524753,-3.95485,2.1579037506422334,1.8517725637951705,0.0,12.0,120000.0,0.0,0.0,0.0,0.503,1
280.0,889,1.982142857142857,1.8415178571428572,12.5,12.0,120000.0,20000.0,2.0,0.0,0.525,2,100,0.0024752475247524753,9.5452,2.1575342465753424,1.8514554794520548,12.5,12.0,120000.0,20000.0,2.0,0.0,0.504,0
278.0,86,1.9964028776978417,1.8247901678657075,0.0,8.0,80000.0,0.0,0.0,1.0,0.53,1,20,0.0024752475247524753,-3.8514089583333337,2.172103502544833,1.8492810331705518,0.0,8.0,80000.0,0.0,0.0,1.0,0.501,1
251.0,1792,1.852589641434263,1.7679282868525896,0.0,12.0,120000.0,0.0,0.0,1.0,0.596,3,100,0.0024752475247524753,-3.95495,2.167605393411845,1.8454514422256358,0.0,12.0,120000.0,0.0,0.0,1.0,0.501,1
287.0,1357,2.0557491289198606,1.8655632984901276,12.5,12.0,120000.0,20000.0,2.0,0.0,0.511,0,0,0.0024752475247524753,9.774382916666667,2.1671614563611667,1.8450734840082768,12.5,12.0,120000.0,20000.0,2.0,0.0,0.501,0
253.0,1340,1.8379446640316206,1.7786561264822134,12.5,12.0,120000.0,20000.0,2.0,0.0,0.59,3,100,0.0024752475247524753,-3.95495,2.1772410273856098,1.8391733287974144,12.5,12.0,120000.0,20000.0,2.0,0.0,0.501,1
252.0,1330,1.8452380952380953,1.773313492063492,12.5,12.0,120000.0,20000.0,2.0,0.0,0.591,3,100,0.0024752475247524753,-3.955,2.1868113239532123,1.8329377860654348,12.5,12.0,120000.0,20000.0,2.0,0.0,0.5,1
255.0,1794,1.8235294117647058,1.7769607843137258,0.0,12.0,120000.0,0.0,0.0,1.0,0.586,3,100,0.0024752475247524753,-3.955,2.196316945429971,1.8584220307484374,0.0,12.0,120000.0,0.0,0.0,1.0,0.5,1
290.0,915,2.1206896551724137,1.8642241379310347,12.5,12.0,120000.0,20000.0,2.0,0.0,0.507,0,0,0.0024752475247524753,9.773882916666667,2.1958716869068042,1.8756403992328952,25.0,12.0,120000.0,20000.0,3.0,0.0,0.496,0
255.0,2249,1.8235294117647058,1.7769607843137258,0.0,12.0,120000.0,0.0,0.0,0.0,0.586,3,100,0.0024752475247524753,-3.9552,2.222596396699781,1.869703092552057,0.0,12.0,120000.0,0.0,0.0,0.0,0.496,1
256.0,1332,1.8359375,1.77001953125,12.5,12.0,120000.0,20000.0,2.0,0.0,0.584,3,100,0.0024752475247524753,-3.9552,2.222596396699781,1.869703092552057,12.5,12.0,120000.0,20000.0,2.0,0.0,0.496,1
275.0,1351,1.981818181818182,1.7954545454545454,0.0,12.0,120000.0,20000.0,1.0,0.0,0.537,2,100,0.0024752475247524753,-3.8718666666666666,2.2222222222222223,1.869388327721661,12.5,12.0,120000.0,20000.0,2.0,0.0,0.496,1
279.0,1353,1.989247311827957,1.8294504181600957,0.0,12.0,120000.0,20000.0,1.0,0.0,0.527,2,100,0.0024752475247524753,-3.7052,2.2222222222222223,1.869388327721661,12.5,12.0,120000.0,20000.0,2.0,0.0,0.496,1
291.0,1359,2.1305841924398625,1.8578178694158078,25.0,12.0,120000.0,20000.0,3.0,0.0,0.504,0,0,0.0024752475247524753,9.774282916666666,2.222147327627106,1.8693253245347972,0.0,12.0,120000.0,20000.0,1.0,0.0,0.494,0
197.0,59,1.3451776649746192,1.3377749576988156,0.0,8.0,80000.0,0.0,0.0,1.0,0.732,2,100,0.0024752475247524753,-3.9553,2.236471792322956,1.8672297388911894,0.0,8.0,80000.0,0.0,0.0,1.0,0.494,1
254.0,1331,1.830708661417323,1.7839566929133857,12.5,12.0,120000.0,20000.0,2.0,0.0,0.587,3,100,0.0024752475247524753,-3.9553,2.231918107064944,1.8634278682105496,0.0,12.0,120000.0,20000.0,1.0,0.0,0.494,1
288.0,893,2.083333333333333,1.8590856481481481,12.5,12.0,120000.0,20000.0,2.0,0.0,0.511,2,100,0.0024752475247524753,9.628083333333333,2.2315436241610738,1.8631152125279642,25.0,12.0,120000.0,20000.0,3.0,0.0,0.495,0
284.0,89,1.971830985915493,1.837588028169014,0.0,8.0,80000.0,0.0,0.0,1.0,0.516,1,100,0.0024752475247524753,-3.8518089583333337,2.2457347045662814,1.8609710782553293,0.0,8.0,80000.0,0.0,0.0,1.0,0.493,1
258.0,1333,1.8410852713178296,1.7562984496124032,25.0,12.0,120000.0,20000.0,3.0,0.0,0.58,3,100,0.0024752475247524753,-3.9503500000000003,2.2411774544238168,1.8571946256341638,0.0,12.0,120000.0,20000.0,1.0,0.0,0.493,1
288.0,914,2.083333333333333,1.8590856481481481,12.5,12.0,120000.0,20000.0,2.0,0.0,0.511,2,100,0.0024752475247524753,9.586366666666665,2.240802675585284,1.8777870680044595,50.0,12.0,120000.0,20000.0,5.0,0.0,0.494,0
257.0,2250,1.8482490272373542,1.7631322957198443,0.0,12.0,120000.0,0.0,0.0,0.0,0.582,3,100,0.0024752475247524753,-3.95535,2.250375062510418,1.8718397510696225,0.0,12.0,120000.0,0.0,0.0,0.0,0.493,1
294.0,896,2.1768707482993195,1.8388605442176873,12.5,12.0,120000.0,20000.0,2.0,0.0,0.501,0,0,0.0024752475247524753,9.773132916666667,2.249924927504919,1.8714653332178262,50.0,12.0,120000.0,20000.0,5.0,0.0,0.491,0
294.0,917,2.1768707482993195,1.8388605442176873,12.5,12.0,120000.0,20000.0,3.0,0.0,0.501,0,0,0.0024752475247524753,9.773132916666667,2.249924927504919,1.8714653332178262,50.0,12.0,120000.0,20000.0,5.0,0.0,0.491,0
260.0,1334,1.8653846153846152,1.7668269230769231,37.5,12.0,120000.0,20000.0,4.0,0.0,0.576,3,100,0.0024752475247524753,-3.93795,2.2595115467685662,1.865619981170737,0.0,12.0,120000.0,20000.0,1.0,0.0,0.491,1
281.0,522,1.9750889679715302,1.8460854092526688,12.5,25.0,400000.0,20000.0,2.0,1.0,0.523,0,0,0.0024752475247524753,9.6227498,2.259061085709409,1.8756297617256426,75.0,25.0,400000.0,20000.0,7.0,1.0,0.489,0
261.0,1797,1.8582375478927202,1.7600574712643677,0.0,12.0,120000.0,0.0,0.0,1.0,0.572,3,100,0.0024752475247524753,-3.95555,2.2851465474416295,1.8697908042170335,0.0,12.0,120000.0,0.0,0.0,1.0,0.489,1
259.0,2251,1.8532818532818531,1.7495173745173744,0.0,12.0,120000.0,0.0,0.0,0.0,0.578,3,100,0.0024752475247524753,-3.95555,2.2851465474416295,1.8697908042170335,0.0,12.0,120000.0,0.0,0.0,0.0,0.489,1
292.0,895,2.1575342465753424,1.8514554794520548,12.5,12.0,120000.0,20000.0,2.0,0.0,0.504,2,100,0.0024752475247524753,9.627833333333333,2.28476821192053,1.903973509933775,50.0,12.0,120000.0,20000.0,5.0,0.0,0.49,0
261.0,1344,1.8582375478927202,1.7600574712643677,37.5,12.0,120000.0,20000.0,4.0,0.0,0.572,3,100,0.0024752475247524753,-3.93825,2.2941079386037297,1.8980029707872588,0.0,12.0,120000.0,20000.0,1.0,0.0,0.485,1
290.0,894,2.1206896551724137,1.8642241379310347,12.5,12.0,120000.0,20000.0,2.0,0.0,0.507,2,100,0.0024752475247524753,-3.4973666666666663,2.293729372937294,1.9045654565456547,50.0,12.0,120000.0,20000.0,5.0,0.0,0.486,1
203.0,62,1.600985221674877,1.3238916256157636,0.0,8.0,80000.0,0.0,0.0,1.0,0.716,2,100,0.0024752475247524753,-3.95585,2.2911331838137254,1.902409747950845,0.0,8.0,80000.0,0.0,0.0,1.0,0.483,1
209.0,65,1.6028708133971292,1.3556618819776713,0.0,8.0,80000.0,0.0,0.0,1.0,0.706,2,100,0.0024752475247524753,-3.95585,2.2911331838137254,1.902409747950845,0.0,8.0,80000.0,0.0,0.0,1.0,0.483,1
296.0,897,2.195945945945946,1.875703828828829,37.5,12.0,120000.0,20000.0,4.0,0.0,0.5,2,100,0.0024752475247524753,9.728366666666666,2.286184210526316,1.8983004385964912,50.0,12.0,120000.0,20000.0,5.0,0.0,0.484,0
284.0,523,1.971830985915493,1.837588028169014,12.5,25.0,400000.0,20000.0,2.0,1.0,0.516,0,0,0.0024752475247524753,9.622549799999998,2.2861089343735754,1.8982379341171471,62.5,25.0,400000.0,20000.0,6.0,1.0,0.48,0
298.0,898,2.2315436241610738,1.8631152125279642,25.0,12.0,120000.0,20000.0,3.0,0.0,0.495,0,0,0.0024752475247524753,9.772832916666665,2.2861089343735754,1.8982379341171471,37.5,12.0,120000.0,20000.0,4.0,0.0,0.48,0
298.0,919,2.2315436241610738,1.8631152125279642,25.0,12.0,120000.0,20000.0,4.0,0.0,0.495,0,0,0.0024752475247524753,9.772832916666665,2.2861089343735754,1.8982379341171471,37.5,12.0,120000.0,20000.0,4.0,0.0,0.48,0
211.0,66,1.6350710900473933,1.3576224328593998,0.0,8.0,80000.0,0.0,0.0,1.0,0.702,2,100,0.0024752475247524753,-3.95605,2.2836050638991576,1.8961588809954038,0.0,8.0,80000.0,0.0,0.0,1.0,0.479,1
292.0,916,2.1575342465753424,1.8514554794520548,12.5,12.0,120000.0,20000.0,2.0,0.0,0.504,2,100,0.0024752475247524753,-3.4976666666666665,2.278688524590164,1.8920765027322404,37.5,12.0,120000.0,20000.0,4.0,0.0,0.48,1
296.0,918,2.195945945945946,1.875703828828829,37.5,12.0,120000.0,20000.0,4.0,0.0,0.5,2,100,0.0024752475247524753,9.644833333333333,2.2712418300653594,1.892701525054466,37.5,12.0,120000.0,20000.0,4.0,0.0,0.48,0
300.0,899,2.25,1.871527777777778,50.0,12.0,120000.0,20000.0,5.0,0.0,0.493,0,0,0.0024752475247524753,9.772932916666665,2.271167534682934,1.892639612235778,25.0,12.0,120000.0,20000.0,3.0,0.0,0.477,0
300.0,920,2.25,1.871527777777778,50.0,12.0,120000.0,20000.0,6.0,0.0,0.493,0,0,0.0024752475247524753,9.772932916666665,2.271167534682934,1.892639612235778,25.0,12.0,120000.0,20000.0,3.0,0.0,0.477,0
292.0,93,2.1575342465753424,1.8514554794520548,0.0,8.0,80000.0,0.0,0.0,1.0,0.504,1,100,0.0024752475247524753,-3.8526089583333336,2.268696268825949,1.890580224021624,0.0,8.0,80000.0,0.0,0.0,1.0,0.477,1
287.0,524,2.0557491289198606,1.8655632984901276,25.0,25.0,400000.0,20000.0,3.0,1.0,0.511,0,0,0.0024752475247524753,9.6225998,2.2637698360388967,1.8864748633657469,50.0,25.0,400000.0,20000.0,5.0,1.0,0.476,0
213.0,67,1.643192488262911,1.3888888888888888,0.0,8.0,80000.0,0.0,0.0,1.0,0.695,2,100,0.0024752475247524753,-3.9562,2.261314634188216,1.8844288618235137,0.0,8.0,80000.0,0.0,0.0,1.0,0.476,1
267.0,2255,1.8726591760299627,1.7751248439450686,0.0,12.0,120000.0,0.0,0.0,0.0,0.557,3,100,0.0024752475247524753,-3.9565,2.2906920471043715,1.898827767919557,0.0,12.0,120000.0,0.0,0.0,0.0,0.47,1
269.0,1348,1.8773234200743494,1.7619268897149938,12.5,12.0,120000.0,20000.0,2.0,0.0,0.554,3,100,0.0024752475247524753,-3.9565,2.2906920471043715,1.898827767919557,0.0,12.0,120000.0,20000.0,1.0,0.0,0.47,1
305.0,1811,2.278688524590164,1.8920765027322404,0.0,12.0,120000.0,0.0,0.0,1.0,0.48,1,100,0.0024752475247524753,9.835216666666666,2.2903225806451615,1.9186827956989247,0.0,12.0,120000.0,0.0,0.0,1.0,0.471,0
304.0,922,2.286184210526316,1.8983004385964912,50.0,12.0,120000.0,20000.0,5.0,0.0,0.484,0,0,0.0024752475247524753,9.772282916666667,2.2902486277781806,1.9186208428130003,37.5,12.0,120000.0,20000.0,4.0,0.0,0.469,0
269.0,2256,1.8773234200743494,1.7619268897149938,0.0,12.0,120000.0,0.0,0.0,0.0,0.554,3,100,0.0024752475247524753,-3.95655,2.300810841137507,1.9139903704684094,0.0,12.0,120000.0,0.0,0.0,0.0,0.469,1
269.0,1801,1.8773234200743494,1.7619268897149938,0.0,12.0,120000.0,0.0,0.0,1.0,0.554,3,100,0.0024752475247524753,-3.95655,2.2993310297359457,1.9127593502028335,0.0,12.0,120000.0,0.0,0.0,1.0,0.469,1
307.0,1812,2.2638436482084687,1.8865363735070575,0.0,12.0,120000.0,0.0,0.0,1.0,0.477,2,100,0.0024752475247524753,9.876833333333334,2.2990353697749195,1.932609860664523,0.0,12.0,120000.0,0.0,0.0,1.0,0.47,0
291.0,530,2.1305841924398625,1.8578178694158078,37.5,25.0,400000.0,20000.0,4.0,1.0,0.504,0,0,0.0024752475247524753,9.6223998,2.298961374265735,1.9325476587286263,37.5,25.0,400000.0,20000.0,4.0,1.0,0.467,0
302.0,900,2.28476821192053,1.903973509933775,50.0,12.0,120000.0,20000.0,5.0,0.0,0.49,2,100,0.0024752475247524753,9.656733333333335,2.2916666666666665,1.9264155982905984,37.5,12.0,120000.0,20000.0,4.0,0.0,0.468,0
289.0,1358,2.110726643598616,1.870674740484429,25.0,12.0,120000.0,20000.0,3.0,0.0,0.508,2,100,0.0024752475247524753,-3.910450416666668,2.2915931447199402,1.9263537944396931,0.0,12.0,120000.0,20000.0,1.0,0.0,0.466,1
306.0,923,2.2712418300653594,1.892701525054466,37.5,12.0,120000.0,20000.0,4.0,0.0,0.48,0,0,0.0024752475247524753,9.771882916666668,2.2915931447199402,1.9263537944396931,50.0,12.0,120000.0,20000.0,5.0,0.0,0.466,0
272.0,885,1.9301470588235294,1.7769607843137254,0.0,12.0,120000.0,20000.0,1.0,0.0,0.545,3,72,0.0024752475247524753,-3.95675,2.300687010704585,1.920567715822549,50.0,12.0,120000.0,20000.0,5.0,0.0,0.465,1
306.0,902,2.2712418300653594,1.892701525054466,37.5,12.0,120000.0,20000.0,4.0,0.0,0.48,2,100,0.0024752475247524753,9.769133333333334,2.3003194888178915,1.9202609158679447,50.0,12.0,120000.0,20000.0,5.0,0.0,0.466,0
302.0,921,2.28476821192053,1.903973509933775,50.0,12.0,120000.0,20000.0,5.0,0.0,0.49,2,100,0.0024752475247524753,9.615016666666667,2.3003194888178915,1.9202609158679447,50.0,12.0,120000.0,20000.0,5.0,0.0,0.467,0
293.0,526,2.167235494880546,1.8451365187713311,50.0,25.0,400000.0,20000.0,5.0,1.0,0.501,0,0,0.0024752475247524753,9.6225998,2.300245925042461,1.9201995062926793,25.0,25.0,400000.0,20000.0,3.0,1.0,0.466,0
300.0,97,2.25,1.871527777777778,0.0,8.0,80000.0,0.0,0.0,1.0,0.493,1,100,0.0024752475247524753,-3.7907589583333334,2.297798933083021,1.9181568061182044,0.0,8.0,80000.0,0.0,0.0,1.0,0.464,1
304.0,901,2.286184210526316,1.8983004385964912,50.0,12.0,120000.0,20000.0,5.0,0.0,0.484,2,100,0.0024752475247524753,9.656583333333336,2.2929936305732483,1.9240976645435242,50.0,12.0,120000.0,20000.0,5.0,0.0,0.465,0
294.0,531,2.1768707482993195,1.8388605442176873,62.5,25.0,400000.0,20000.0,6.0,1.0,0.501,0,0,0.0024752475247524753,9.6226498,2.2929205346033394,1.924036328226182,12.5,25.0,400000.0,20000.0,2.0,1.0,0.462,0
273.0,1350,1.9413919413919414,1.8009768009768012,0.0,12.0,120000.0,20000.0,1.0,0.0,0.542,3,72,0.0024752475247524753,-3.9569,2.301952690903318,1.9182939090860982,0.0,12.0,120000.0,20000.0,1.0,0.0,0.462,1
308.0,903,2.2564935064935066,1.8905573593073592,25.0,12.0,120000.0,20000.0,3.0,0.0,0.476,2,100,0.0024752475247524753,9.756483333333334,2.301587301587302,1.917989417989418,50.0,12.0,120000.0,20000.0,5.0,0.0,0.463,0
273.0,2258,1.9413919413919414,1.8009768009768012,0.0,12.0,120000.0,0.0,0.0,0.0,0.542,3,100,0.0024752475247524753,-3.95695,2.3104921664820384,1.9122223980587645,0.0,12.0,120000.0,0.0,0.0,0.0,0.461,1
302.0,2261,2.28476821192053,1.903973509933775,0.0,12.0,120000.0,0.0,0.0,0.0,0.49,2,100,0.0024752475247524753,-3.5402833333333334,2.3101265822784813,1.9218090717299576,0.0,12.0,120000.0,0.0,0.0,0.0,0.461,1
310.0,904,2.2903225806451615,1.9186827956989247,25.0,12.0,120000.0,20000.0,3.0,0.0,0.471,0,0,0.0024752475247524753,9.771982916666666,2.310053406219632,1.9217481960988092,25.0,12.0,120000.0,20000.0,3.0,0.0,0.458,0
310.0,925,2.2903225806451615,1.9186827956989247,25.0,12.0,120000.0,20000.0,4.0,0.0,0.471,0,0,0.0024752475247524753,9.771982916666666,2.310053406219632,1.9217481960988092,25.0,12.0,120000.0,20000.0,3.0,0.0,0.458,0
275.0,2259,1.981818181818182,1.7954545454545454,0.0,12.0,120000.0,0.0,0.0,0.0,0.537,3,100,0.0024752475247524753,-3.9572,2.3116842270797298,1.9198511296325418,0.0,12.0,120000.0,0.0,0.0,0.0,0.456,1
304.0,2262,2.286184210526316,1.8983004385964912,0.0,12.0,120000.0,0.0,0.0,0.0,0.484,2,100,0.0024752475247524753,-3.5411004166666675,2.311248001281469,1.9391423140003254,0.0,12.0,120000.0,0.0,0.0,0.0,0.453,1
312.0,905,2.2916666666666665,1.9264155982905984,37.5,12.0,120000.0,20000.0,4.0,0.0,0.468,0,0,0.0024752475247524753,9.771982916666667,2.311248001281469,1.9391423140003254,12.5,12.0,120000.0,20000.0,2.0,0.0,0.453,0
312.0,926,2.2916666666666665,1.9264155982905984,37.5,12.0,120000.0,20000.0,5.0,0.0,0.468,0,0,0.0024752475247524753,9.771982916666667,2.311248001281469,1.9391423140003254,12.5,12.0,120000.0,20000.0,2.0,0.0,0.453,0
315.0,1816,2.301587301587302,1.917989417989418,0.0,12.0,120000.0,0.0,0.0,1.0,0.463,1,100,0.0024752475247524753,9.834216666666666,2.296875,1.9563802083333333,0.0,12.0,120000.0,0.0,0.0,1.0,0.451,0
316.0,2268,2.3101265822784813,1.9218090717299576,0.0,12.0,120000.0,0.0,0.0,0.0,0.461,2,100,0.0024752475247524753,9.875933333333334,2.296875,1.9563802083333333,0.0,12.0,120000.0,0.0,0.0,0.0,0.452,0
300.0,533,2.25,1.871527777777778,75.0,25.0,400000.0,20000.0,7.0,1.0,0.493,0,0,0.0024752475247524753,9.621649799999998,2.296803153126366,1.956319012229232,25.0,25.0,400000.0,20000.0,3.0,1.0,0.447,0
311.0,1814,2.2990353697749195,1.932609860664523,0.0,12.0,120000.0,0.0,0.0,1.0,0.47,2,100,0.0024752475247524753,9.625733333333333,2.289719626168224,1.9600207684319833,0.0,12.0,120000.0,0.0,0.0,1.0,0.448,0
306.0,2263,2.2712418300653594,1.892701525054466,0.0,12.0,120000.0,0.0,0.0,0.0,0.48,2,100,0.0024752475247524753,-3.583217083333334,2.2896482262344406,1.9599596494410458,0.0,12.0,120000.0,0.0,0.0,0.0,0.444,1
308.0,924,2.2564935064935066,1.8905573593073592,25.0,12.0,120000.0,20000.0,3.0,0.0,0.476,2,100,0.0024752475247524753,-3.5361333333333334,2.282608695652174,1.9830486542443064,12.5,12.0,120000.0,20000.0,2.0,0.0,0.444,1
316.0,907,2.3101265822784813,1.9218090717299576,50.0,12.0,120000.0,20000.0,5.0,0.0,0.461,2,100,0.0024752475247524753,9.82225,2.282608695652174,1.9830486542443064,12.5,12.0,120000.0,20000.0,2.0,0.0,0.445,0
282.0,890,1.9858156028368796,1.8506205673758866,12.5,12.0,120000.0,20000.0,2.0,0.0,0.521,3,100,0.0024752475247524753,-3.9578,2.291376374051711,1.9772152551994633,25.0,12.0,120000.0,20000.0,3.0,0.0,0.444,1
318.0,2269,2.311320754716981,1.9392033542976936,0.0,12.0,120000.0,0.0,0.0,0.0,0.456,2,100,0.0024752475247524753,9.833916666666665,2.291021671826625,1.9769091847265223,0.0,12.0,120000.0,0.0,0.0,0.0,0.445,0
282.0,911,1.9858156028368796,1.8506205673758866,12.5,12.0,120000.0,20000.0,2.0,0.0,0.521,3,100,0.0024752475247524753,-3.9579,2.2997376138292944,1.9711117970880279,25.0,12.0,120000.0,20000.0,3.0,0.0,0.442,1
314.0,927,2.2929936305732483,1.9240976645435242,50.0,12.0,120000.0,20000.0,5.0,0.0,0.465,2,100,0.0024752475247524753,9.655483333333335,2.299382716049383,1.9708076131687242,25.0,12.0,120000.0,20000.0,3.0,0.0,0.443,0
310.0,2265,2.2903225806451615,1.9186827956989247,0.0,12.0,120000.0,0.0,0.0,0.0,0.471,2,100,0.0024752475247524753,-3.5411833333333336,2.299382716049383,1.9708076131687242,0.0,12.0,120000.0,0.0,0.0,0.0,0.443,1
318.0,929,2.311320754716981,1.9392033542976936,25.0,12.0,120000.0,20000.0,3.0,0.0,0.456,0,0,0.0024752475247524753,9.771282916666667,2.299311678673137,1.9707467268269476,12.5,12.0,120000.0,20000.0,2.0,0.0,0.439,0
283.0,1355,1.9787985865724382,1.8440812720848059,12.5,12.0,120000.0,20000.0,2.0,0.0,0.519,3,100,0.0024752475247524753,-3.9581,2.308047391906447,1.9650459044981279,0.0,12.0,120000.0,20000.0,1.0,0.0,0.438,1
314.0,906,2.2929936305732483,1.9240976645435242,50.0,12.0,120000.0,20000.0,5.0,0.0,0.465,2,100,0.0024752475247524753,9.613616666666667,2.307692307692308,1.9743589743589745,12.5,12.0,120000.0,20000.0,2.0,0.0,0.439,0
285.0,1809,1.9824561403508771,1.8530701754385963,0.0,12.0,120000.0,0.0,0.0,1.0,0.515,3,100,0.0024752475247524753,-3.95815,2.3163061819297437,1.9686045917062944,0.0,12.0,120000.0,0.0,0.0,1.0,0.437,1
316.0,928,2.3101265822784813,1.9218090717299576,50.0,12.0,120000.0,20000.0,5.0,0.0,0.461,2,100,0.0024752475247524753,9.653233333333334,2.315950920245399,1.9683026584867078,12.5,12.0,120000.0,20000.0,2.0,0.0,0.438,0
284.0,891,1.971830985915493,1.837588028169014,12.5,12.0,120000.0,20000.0,2.0,0.0,0.516,3,15,0.0024752475247524753,-3.9582,2.339807309986236,1.9625834735178669,12.5,12.0,120000.0,20000.0,2.0,0.0,0.436,1
286.0,892,2.027972027972028,1.8720862470862472,25.0,12.0,120000.0,20000.0,3.0,0.0,0.514,3,100,0.0024752475247524753,-3.9532000000000003,2.339807309986236,1.9625834735178669,12.5,12.0,120000.0,20000.0,2.0,0.0,0.436,1
286.0,913,2.027972027972028,1.8720862470862472,25.0,12.0,120000.0,20000.0,3.0,0.0,0.514,3,100,0.0024752475247524753,-3.95335,2.3479188900747063,1.9756568582609138,12.5,12.0,120000.0,20000.0,2.0,0.0,0.433,1
322.0,931,2.282608695652174,1.9830486542443064,12.5,12.0,120000.0,20000.0,2.0,0.0,0.445,0,0,0.0024752475247524753,9.770932916666666,2.3474893342431837,1.9752954084135015,12.5,12.0,120000.0,20000.0,2.0,0.0,0.432,0
324.0,2272,2.299382716049383,1.9708076131687242,0.0,12.0,120000.0,0.0,0.0,0.0,0.443,2,100,0.0024752475247524753,9.833316666666665,2.3404255319148937,1.9693515704154003,0.0,12.0,120000.0,0.0,0.0,0.0,0.433,0
314.0,2267,2.2929936305732483,1.9240976645435242,0.0,12.0,120000.0,0.0,0.0,0.0,0.465,2,100,0.0024752475247524753,-3.58335,2.3404255319148937,1.9693515704154003,0.0,12.0,120000.0,0.0,0.0,0.0,0.433,1
326.0,2273,2.315950920245399,1.9683026584867078,0.0,12.0,120000.0,0.0,0.0,0.0,0.438,2,100,0.0024752475247524753,9.833066666666666,2.326283987915408,1.9857754279959718,0.0,12.0,120000.0,0.0,0.0,0.0,0.428,0
327.0,1822,2.3394495412844036,1.9813965341488278,0.0,12.0,120000.0,0.0,0.0,1.0,0.436,1,100,0.0024752475247524753,9.832716666666666,2.319277108433735,1.9892068273092371,0.0,12.0,120000.0,0.0,0.0,1.0,0.426,0
323.0,1820,2.291021671826625,1.9769091847265223,0.0,12.0,120000.0,0.0,0.0,1.0,0.445,2,100,0.0024752475247524753,9.624533333333334,2.3123123123123124,2.002002002002002,0.0,12.0,120000.0,0.0,0.0,1.0,0.424,0
329.0,1823,2.3404255319148937,1.9693515704154003,0.0,12.0,120000.0,0.0,0.0,1.0,0.433,1,100,0.0024752475247524753,9.832666666666666,2.305389221556886,1.9960079840319362,0.0,12.0,120000.0,0.0,0.0,1.0,0.42,0
326.0,933,2.315950920245399,1.9683026584867078,12.5,12.0,120000.0,20000.0,2.0,0.0,0.438,2,100,0.0024752475247524753,9.707716666666666,2.305389221556886,1.9960079840319362,12.5,12.0,120000.0,20000.0,2.0,0.0,0.421,0
328.0,934,2.347560975609756,1.9753556910569103,12.5,12.0,120000.0,20000.0,2.0,0.0,0.433,0,0,0.0024752475247524753,9.770582916666667,2.3053201309745175,1.9959481653459028,0.0,12.0,120000.0,20000.0,1.0,0.0,0.42,0
330.0,2275,2.3333333333333335,1.9728535353535355,0.0,12.0,120000.0,0.0,0.0,0.0,0.43,2,100,0.0024752475247524753,9.832666666666666,2.298507462686567,1.9993781094527363,0.0,12.0,120000.0,0.0,0.0,0.0,0.42,0
325.0,1821,2.307692307692308,1.9743589743589745,0.0,12.0,120000.0,0.0,0.0,1.0,0.439,2,100,0.0024752475247524753,9.624383333333334,2.298507462686567,1.9993781094527363,0.0,12.0,120000.0,0.0,0.0,1.0,0.421,0
315.0,538,2.301587301587302,1.917989417989418,12.5,25.0,400000.0,20000.0,2.0,1.0,0.463,0,0,0.0024752475247524753,9.619899799999999,2.2984387839635003,1.9993183686262586,37.5,25.0,400000.0,20000.0,4.0,1.0,0.417,0
324.0,932,2.299382716049383,1.9708076131687242,25.0,12.0,120000.0,20000.0,3.0,0.0,0.443,2,100,0.0024752475247524753,9.54585,2.2916666666666665,1.9934275793650795,0.0,12.0,120000.0,20000.0,1.0,0.0,0.417,0
331.0,1360,2.326283987915408,1.9857754279959718,0.0,12.0,120000.0,20000.0,1.0,0.0,0.428,2,100,0.0024752475247524753,9.790799999999999,2.28486646884273,1.9967853610286843,0.0,12.0,120000.0,20000.0,1.0,0.0,0.416,0
322.0,2271,2.282608695652174,1.9830486542443064,0.0,12.0,120000.0,0.0,0.0,0.0,0.445,2,100,0.0024752475247524753,-3.5847670833333343,2.284798602866425,1.996726051747444,0.0,12.0,120000.0,0.0,0.0,0.0,0.413,1
318.0,539,2.311320754716981,1.9392033542976936,25.0,25.0,400000.0,20000.0,3.0,1.0,0.456,1,100,0.0024752475247524753,9.6448998,2.2780390438732865,1.9908187531684833,25.0,25.0,400000.0,20000.0,3.0,1.0,0.412,0
325.0,105,2.307692307692308,1.9743589743589745,0.0,8.0,80000.0,0.0,0.0,1.0,0.439,1,100,0.0024752475247524753,-3.9185589583333336,2.2624212139970066,1.98635195871761,0.0,8.0,80000.0,0.0,0.0,1.0,0.408,1
335.0,1362,2.298507462686567,1.9993781094527363,0.0,12.0,120000.0,20000.0,1.0,0.0,0.421,2,100,0.0024752475247524753,9.79045,2.258064516129032,1.98252688172043,12.5,12.0,120000.0,20000.0,2.0,0.0,0.409,0
300.0,2260,2.25,1.871527777777778,0.0,12.0,120000.0,0.0,0.0,0.0,0.493,3,100,0.0024752475247524753,-3.95965,2.26641321830677,1.9770190573670614,0.0,12.0,120000.0,0.0,0.0,0.0,0.407,1
321.0,1819,2.289719626168224,1.9600207684319833,0.0,12.0,120000.0,0.0,0.0,1.0,0.448,2,100,0.0024752475247524753,-3.83465,2.2660818713450293,1.9858674463937622,0.0,12.0,120000.0,0.0,0.0,1.0,0.407,1
303.0,1810,2.293729372937294,1.9045654565456547,0.0,12.0,120000.0,0.0,0.0,1.0,0.486,3,100,0.0024752475247524753,-3.9599,2.26777147841256,1.9836943354169696,0.0,12.0,120000.0,0.0,0.0,1.0,0.402,1
339.0,1828,2.271386430678466,1.9850049164208456,0.0,12.0,120000.0,0.0,0.0,1.0,0.412,1,100,0.0024752475247524753,9.831816666666665,2.2674418604651163,1.9834060077519378,0.0,12.0,120000.0,0.0,0.0,1.0,0.403,0
340.0,2280,2.264705882352941,1.9883578431372548,0.0,12.0,120000.0,0.0,0.0,0.0,0.409,2,100,0.0024752475247524753,9.831766666666665,2.2608695652173916,1.9776570048309183,0.0,12.0,120000.0,0.0,0.0,0.0,0.402,0
339.0,1364,2.271386430678466,1.9850049164208456,0.0,12.0,120000.0,20000.0,1.0,0.0,0.412,0,0,0.0024752475247524753,9.769599999999999,2.2608695652173916,1.9776570048309183,25.0,12.0,120000.0,20000.0,3.0,0.0,0.402,0
331.0,108,2.326283987915408,1.9857754279959718,0.0,8.0,80000.0,0.0,0.0,1.0,0.428,1,100,0.0024752475247524753,-3.8566089583333336,2.2586217891772886,1.9756908011633603,0.0,8.0,80000.0,0.0,0.0,1.0,0.397,1
342.0,2281,2.2660818713450293,1.9858674463937622,0.0,12.0,120000.0,0.0,0.0,0.0,0.407,2,100,0.0024752475247524753,9.873233333333333,2.254335260115607,1.9719412331406552,0.0,12.0,120000.0,0.0,0.0,0.0,0.398,0
327.0,542,2.3394495412844036,1.9813965341488278,25.0,25.0,400000.0,20000.0,3.0,1.0,0.436,1,100,0.0024752475247524753,9.6439998,2.247773774595148,1.9752071897484071,25.0,25.0,400000.0,20000.0,3.0,1.0,0.394,0
341.0,1365,2.258064516129032,1.98252688172043,12.5,12.0,120000.0,20000.0,2.0,0.0,0.409,0,0,0.0024752475247524753,9.769032916666667,2.247773774595148,1.9752071897484071,12.5,12.0,120000.0,20000.0,2.0,0.0,0.394,0
333.0,109,2.3123123123123124,2.002002002002002,0.0,8.0,80000.0,0.0,0.0,1.0,0.424,1,100,0.0024752475247524753,-3.8567589583333337,2.2456166642337556,1.973311652064384,0.0,8.0,80000.0,0.0,0.0,1.0,0.394,1
343.0,1366,2.259475218658892,1.9891885325558794,25.0,12.0,120000.0,20000.0,3.0,0.0,0.404,0,0,0.0024752475247524753,9.768932916666666,2.2348929189738715,1.9728421733997448,0.0,12.0,120000.0,20000.0,1.0,0.0,0.387,0
309.0,1813,2.249190938511327,1.9046655879180152,0.0,12.0,120000.0,0.0,0.0,1.0,0.473,3,100,0.0024752475247524753,-3.96065,2.243177596799543,1.967542982330809,0.0,12.0,120000.0,0.0,0.0,1.0,0.387,1
346.0,2283,2.254335260115607,1.9719412331406552,0.0,12.0,120000.0,0.0,0.0,0.0,0.398,2,100,0.0024752475247524753,9.872733333333333,2.242857142857143,1.994047619047619,0.0,12.0,120000.0,0.0,0.0,0.0,0.388,0
308.0,2264,2.2564935064935066,1.8905573593073592,0.0,12.0,120000.0,0.0,0.0,0.0,0.476,3,100,0.0024752475247524753,-3.96065,2.251032910671036,1.9886498551550553,0.0,12.0,120000.0,0.0,0.0,0.0,0.387,1
348.0,2284,2.2413793103448274,1.969588122605364,0.0,12.0,120000.0,0.0,0.0,0.0,0.394,2,100,0.0024752475247524753,9.872533333333333,2.2443181818181817,2.0093513257575757,0.0,12.0,120000.0,0.0,0.0,0.0,0.384,0
337.0,1827,2.28486646884273,1.9967853610286843,0.0,12.0,120000.0,0.0,0.0,1.0,0.416,2,40,0.0024752475247524753,-3.586317083333334,2.2442543608347956,2.0092941864541483,0.0,12.0,120000.0,0.0,0.0,1.0,0.382,1
312.0,2266,2.2916666666666665,1.9264155982905984,0.0,12.0,120000.0,0.0,0.0,0.0,0.468,3,100,0.0024752475247524753,-3.96095,2.252443688907777,2.003942956981631,0.0,12.0,120000.0,0.0,0.0,0.0,0.381,1
347.0,1368,2.2478386167146973,1.9752641690682038,25.0,12.0,120000.0,20000.0,3.0,0.0,0.397,2,100,0.0024752475247524753,9.7941,2.2521246458923514,2.0036591123701606,0.0,12.0,120000.0,20000.0,1.0,0.0,0.382,0
337.0,1363,2.28486646884273,1.9967853610286843,0.0,12.0,120000.0,20000.0,1.0,0.0,0.416,2,100,0.0024752475247524753,-3.6275666666666666,2.2521246458923514,2.0036591123701606,0.0,12.0,120000.0,20000.0,1.0,0.0,0.382,1
333.0,544,2.3123123123123124,2.002002002002002,37.5,25.0,400000.0,20000.0,4.0,1.0,0.424,1,100,0.0024752475247524753,9.6560998,2.252060784338665,2.0036022963390376,12.5,25.0,400000.0,20000.0,2.0,1.0,0.381,0
348.0,2285,2.2413793103448274,1.969588122605364,0.0,12.0,120000.0,0.0,0.0,0.0,0.394,2,100,0.0024752475247524753,9.78905,2.2457627118644066,1.9979990583804144,0.0,12.0,120000.0,0.0,0.0,0.0,0.381,0
350.0,2286,2.242857142857143,1.994047619047619,0.0,12.0,120000.0,0.0,0.0,0.0,0.388,2,100,0.0024752475247524753,9.872433333333333,2.2457627118644066,1.9979990583804144,0.0,12.0,120000.0,0.0,0.0,0.0,0.382,0
338.0,2279,2.2781065088757395,1.9908777120315582,0.0,12.0,120000.0,0.0,0.0,0.0,0.413,2,40,0.0024752475247524753,-3.628033750000001,2.245699210595768,1.99794256288591,0.0,12.0,120000.0,0.0,0.0,0.0,0.381,1
313.0,1815,2.3003194888178915,1.9202609158679447,0.0,12.0,120000.0,0.0,0.0,1.0,0.467,3,100,0.0024752475247524753,-3.96095,2.253838568812509,1.9926515471662676,0.0,12.0,120000.0,0.0,0.0,1.0,0.381,1
341.0,113,2.258064516129032,1.98252688172043,0.0,8.0,80000.0,0.0,0.0,1.0,0.409,1,100,0.0024752475247524753,-3.8575089583333337,2.2513437074563463,1.9992401152151404,0.0,8.0,80000.0,0.0,0.0,1.0,0.379,1
341.0,1829,2.258064516129032,1.98252688172043,0.0,12.0,120000.0,0.0,0.0,1.0,0.409,2,100,0.0024752475247524753,-3.6277666666666666,2.2408963585434174,1.9957983193277313,0.0,12.0,120000.0,0.0,0.0,1.0,0.378,1
262.0,78,1.870229007633588,1.765267175572519,0.0,8.0,80000.0,0.0,0.0,1.0,0.569,2,100,0.0024752475247524753,-3.9612,2.2527354014513943,1.993880712464743,0.0,8.0,80000.0,0.0,0.0,1.0,0.376,1
343.0,114,2.259475218658892,1.9891885325558794,0.0,8.0,80000.0,0.0,0.0,1.0,0.404,1,100,0.0024752475247524753,-3.8576589583333334,2.2527354014513943,1.993880712464743,0.0,8.0,80000.0,0.0,0.0,1.0,0.376,1
317.0,1817,2.302839116719243,1.9256046267087277,0.0,12.0,120000.0,0.0,0.0,1.0,0.458,3,100,0.0024752475247524753,-3.9612,2.24891744657075,1.9905014666852914,0.0,12.0,120000.0,0.0,0.0,1.0,0.376,1
353.0,1371,2.2521246458923514,2.0036591123701606,0.0,12.0,120000.0,20000.0,1.0,0.0,0.382,0,0,0.0024752475247524753,9.76875,2.2423398328690807,1.9846796657381613,0.0,12.0,120000.0,20000.0,1.0,0.0,0.375,0
339.0,546,2.271386430678466,1.9850049164208456,25.0,25.0,400000.0,20000.0,3.0,1.0,0.412,0,0,0.0024752475247524753,9.618449799999999,2.2422773114320687,1.9846243284414269,0.0,25.0,400000.0,20000.0,1.0,1.0,0.373,0
319.0,1818,2.304075235109718,1.9625130616509927,0.0,12.0,120000.0,0.0,0.0,1.0,0.453,3,100,0.0024752475247524753,-3.96135,2.264203361577997,1.9794415891095984,0.0,12.0,120000.0,0.0,0.0,1.0,0.373,1
318.0,908,2.311320754716981,1.9392033542976936,25.0,12.0,120000.0,20000.0,3.0,0.0,0.456,3,100,0.0024752475247524753,-3.95635,2.264203361577997,1.9794415891095984,0.0,12.0,120000.0,20000.0,1.0,0.0,0.373,1
320.0,930,2.296875,1.9563802083333333,12.5,12.0,120000.0,20000.0,2.0,0.0,0.452,3,54,0.0024752475247524753,-3.9614,2.271782795401025,1.9739576118575979,0.0,12.0,120000.0,20000.0,1.0,0.0,0.372,1
320.0,909,2.296875,1.9563802083333333,12.5,12.0,120000.0,20000.0,2.0,0.0,0.452,3,100,0.0024752475247524753,-3.9615,2.2793203481143802,1.9771377262052767,0.0,12.0,120000.0,20000.0,1.0,0.0,0.37,1
320.0,2270,2.296875,1.9563802083333333,0.0,12.0,120000.0,0.0,0.0,0.0,0.452,3,54,0.0024752475247524753,-3.96155,2.2868163658906187,1.9716903154704508,0.0,12.0,120000.0,0.0,0.0,0.0,0.369,1
347.0,1832,2.2478386167146973,1.9752641690682038,0.0,12.0,120000.0,0.0,0.0,1.0,0.397,2,100,0.0024752475247524753,-3.6282166666666664,2.286501377410468,1.9714187327823693,0.0,12.0,120000.0,0.0,0.0,1.0,0.369,1
266.0,80,1.8796992481203008,1.7817982456140349,0.0,8.0,80000.0,0.0,0.0,1.0,0.561,2,100,0.0024752475247524753,-3.9617999999999998,2.2656341792589596,1.9591138924566056,0.0,8.0,80000.0,0.0,0.0,1.0,0.364,1
353.0,119,2.2521246458923514,2.0036591123701606,0.0,8.0,80000.0,0.0,0.0,1.0,0.382,1,100,0.0024752475247524753,-3.8583089583333336,2.259466559182602,1.9622877245913162,0.0,8.0,80000.0,0.0,0.0,1.0,0.363,1
354.0,2288,2.2457627118644066,1.9979990583804144,0.0,12.0,120000.0,0.0,0.0,0.0,0.382,2,100,0.0024752475247524753,-3.5869,2.2493224932249323,1.9619467028003614,0.0,12.0,120000.0,0.0,0.0,0.0,0.362,1
328.0,2274,2.347560975609756,1.9753556910569103,0.0,12.0,120000.0,0.0,0.0,0.0,0.433,3,100,0.0024752475247524753,-3.9619,2.2570617651033924,1.9569085912510698,0.0,12.0,120000.0,0.0,0.0,0.0,0.362,1
358.0,2290,2.2486033519553073,1.9902234636871508,0.0,12.0,120000.0,0.0,0.0,0.0,0.376,2,100,0.0024752475247524753,-3.5036166666666664,2.2506738544474394,1.9513701707097935,0.0,12.0,120000.0,0.0,0.0,0.0,0.361,1
332.0,2276,2.319277108433735,1.9892068273092371,0.0,12.0,120000.0,0.0,0.0,0.0,0.426,3,100,0.0024752475247524753,-3.96205,2.2523126424453683,1.9411672699646962,0.0,12.0,120000.0,0.0,0.0,0.0,0.359,1
333.0,1825,2.3123123123123124,2.002002002002002,0.0,12.0,120000.0,0.0,0.0,1.0,0.424,3,100,0.0024752475247524753,-3.96205,2.2730311538975796,1.9359762891652181,0.0,12.0,120000.0,0.0,0.0,1.0,0.359,1
331.0,1824,2.326283987915408,1.9857754279959718,0.0,12.0,120000.0,0.0,0.0,1.0,0.428,3,100,0.0024752475247524753,-3.96205,2.2730311538975796,1.9359762891652181,0.0,12.0,120000.0,0.0,0.0,1.0,0.359,1
369.0,1379,2.2493224932249323,1.9619467028003614,0.0,12.0,120000.0,20000.0,1.0,0.0,0.362,0,0,0.0024752475247524753,9.767399999999999,2.2666666666666666,1.9305555555555556,25.0,12.0,120000.0,20000.0,4.0,0.0,0.358,0
333.0,1361,2.3123123123123124,2.002002002002002,0.0,12.0,120000.0,20000.0,1.0,0.0,0.424,3,100,0.0024752475247524753,-3.96225,2.2947340496087016,1.9205685988415793,37.5,12.0,120000.0,20000.0,4.0,0.0,0.355,1
335.0,1826,2.298507462686567,1.9993781094527363,0.0,12.0,120000.0,0.0,0.0,1.0,0.421,3,100,0.0024752475247524753,-3.96225,2.2947340496087016,1.9205685988415793,0.0,12.0,120000.0,0.0,0.0,1.0,0.355,1
336.0,2278,2.2916666666666665,1.9934275793650795,0.0,12.0,120000.0,0.0,0.0,0.0,0.417,3,100,0.0024752475247524753,-3.96225,2.2947340496087016,1.9205685988415793,0.0,12.0,120000.0,0.0,0.0,0.0,0.355,1
334.0,2277,2.305389221556886,1.9960079840319362,0.0,12.0,120000.0,0.0,0.0,0.0,0.421,3,100,0.0024752475247524753,-3.9623,2.301891784627596,1.9237553468271817,0.0,12.0,120000.0,0.0,0.0,0.0,0.354,1
373.0,1381,2.2520107238605895,1.9409070598748883,12.5,12.0,120000.0,20000.0,2.0,0.0,0.359,0,0,0.0024752475247524753,9.766232916666667,2.2954538852417117,1.9238717907916643,37.5,12.0,120000.0,20000.0,4.0,0.0,0.348,0
280.0,87,1.982142857142857,1.8415178571428572,0.0,8.0,80000.0,0.0,0.0,1.0,0.525,2,100,0.0024752475247524753,-3.9626,2.2934368436657158,1.9221812626508632,0.0,8.0,80000.0,0.0,0.0,1.0,0.348,1
376.0,2299,2.2606382978723407,1.9254210992907805,0.0,12.0,120000.0,0.0,0.0,0.0,0.357,2,100,0.0024752475247524753,9.870783333333334,2.289473684210526,1.918859649122807,0.0,12.0,120000.0,0.0,0.0,0.0,0.349,0
374.0,1385,2.272727272727273,1.9357174688057042,25.0,12.0,120000.0,20000.0,3.0,0.0,0.359,0,0,0.0024752475247524753,9.766432916666666,2.2894133762423783,1.9188091036514183,25.0,12.0,120000.0,20000.0,3.0,0.0,0.347,0
375.0,1382,2.2666666666666666,1.9305555555555556,25.0,12.0,120000.0,20000.0,3.0,0.0,0.358,0,0,0.0024752475247524753,9.766582916666668,2.2834045751186434,1.9219748758481874,12.5,12.0,120000.0,20000.0,2.0,0.0,0.345,0
377.0,935,2.2944297082228116,1.9286030061892132,0.0,12.0,120000.0,20000.0,1.0,0.0,0.355,0,0,0.0024752475247524753,9.7672,2.2715404699738904,1.9310269799825934,0.0,12.0,120000.0,20000.0,2.0,0.0,0.344,0
377.0,1383,2.2944297082228116,1.9286030061892132,37.5,12.0,120000.0,20000.0,4.0,0.0,0.355,0,0,0.0024752475247524753,9.766432916666666,2.2714811030656876,1.9309765124241356,12.5,12.0,120000.0,20000.0,2.0,0.0,0.342,0
282.0,88,1.9858156028368796,1.8506205673758866,0.0,8.0,80000.0,0.0,0.0,1.0,0.521,2,100,0.0024752475247524753,-3.9629,2.2695059536836615,1.9292974462588595,0.0,8.0,80000.0,0.0,0.0,1.0,0.342,1
290.0,92,2.1206896551724137,1.8642241379310347,0.0,8.0,80000.0,0.0,0.0,1.0,0.507,2,100,0.0024752475247524753,-3.9629,2.2695059536836615,1.9292974462588595,0.0,8.0,80000.0,0.0,0.0,1.0,0.342,1
380.0,1388,2.289473684210526,1.918859649122807,37.5,12.0,120000.0,20000.0,4.0,0.0,0.349,2,100,0.0024752475247524753,9.887983333333333,2.265625,1.9422743055555554,12.5,12.0,120000.0,20000.0,2.0,0.0,0.343,0
343.0,1830,2.259475218658892,1.9891885325558794,0.0,12.0,120000.0,0.0,0.0,1.0,0.404,3,100,0.0024752475247524753,-3.963,2.273022470450708,1.9374810581460795,0.0,12.0,120000.0,0.0,0.0,1.0,0.34,1
380.0,2301,2.289473684210526,1.918859649122807,0.0,12.0,120000.0,0.0,0.0,0.0,0.349,2,100,0.0024752475247524753,9.828716666666665,2.272727272727273,1.9453463203463204,0.0,12.0,120000.0,0.0,0.0,0.0,0.341,0
344.0,2282,2.2674418604651163,1.9834060077519378,0.0,12.0,120000.0,0.0,0.0,0.0,0.403,3,100,0.0024752475247524753,-3.96305,2.293043140303148,1.9405579306473204,0.0,12.0,120000.0,0.0,0.0,0.0,0.339,1
345.0,1367,2.2608695652173916,1.9776570048309183,25.0,12.0,120000.0,20000.0,3.0,0.0,0.402,3,100,0.0024752475247524753,-3.95805,2.293043140303148,1.9405579306473204,12.5,12.0,120000.0,20000.0,2.0,0.0,0.339,1
345.0,1831,2.2608695652173916,1.9776570048309183,0.0,12.0,120000.0,0.0,0.0,1.0,0.402,3,100,0.0024752475247524753,-3.96325,2.3000387646982814,1.9490028858164274,0.0,12.0,120000.0,0.0,0.0,1.0,0.335,1
376.0,1386,2.2606382978723407,1.9254210992907805,37.5,12.0,120000.0,20000.0,4.0,0.0,0.357,2,100,0.0024752475247524753,9.595966666666666,2.2997416020671837,1.9487510766580536,12.5,12.0,120000.0,20000.0,2.0,0.0,0.336,0
288.0,91,2.083333333333333,1.8590856481481481,0.0,8.0,80000.0,0.0,0.0,1.0,0.511,2,100,0.0024752475247524753,-3.96335,2.297703098086028,1.947023692666531,0.0,8.0,80000.0,0.0,0.0,1.0,0.333,1
379.0,936,2.295514511873351,1.9239226033421284,12.5,12.0,120000.0,20000.0,2.0,0.0,0.352,2,100,0.0024752475247524753,9.6617,2.2938144329896906,1.9437285223367695,12.5,12.0,120000.0,20000.0,2.0,0.0,0.334,0
384.0,1390,2.265625,1.9422743055555554,12.5,12.0,120000.0,20000.0,2.0,0.0,0.343,2,100,0.0024752475247524753,9.870083333333334,2.2938144329896906,1.9437285223367695,12.5,12.0,120000.0,20000.0,2.0,0.0,0.335,0
382.0,1389,2.2774869109947646,1.9360820244328096,12.5,12.0,120000.0,20000.0,2.0,0.0,0.345,0,0,0.0024752475247524753,9.766182916666667,2.2937552564687698,1.9436783774384239,0.0,12.0,120000.0,20000.0,1.0,0.0,0.332,0
381.0,937,2.283464566929134,1.9220253718285214,12.5,12.0,120000.0,20000.0,2.0,0.0,0.347,2,100,0.0024752475247524753,9.703266666666666,2.2879177377892033,1.9387317909168806,12.5,12.0,120000.0,20000.0,2.0,0.0,0.332,0
383.0,938,2.2715404699738904,1.9310269799825934,0.0,12.0,120000.0,20000.0,1.0,0.0,0.344,0,0,0.0024752475247524753,9.766082916666667,2.287858865122777,1.938681903498233,0.0,12.0,120000.0,20000.0,1.0,0.0,0.33,0
349.0,1369,2.2349570200573066,1.9728987583572108,12.5,12.0,120000.0,20000.0,2.0,0.0,0.391,3,100,0.0024752475247524753,-3.9635,2.2951660469290935,1.9340086335855025,0.0,12.0,120000.0,20000.0,1.0,0.0,0.33,1
349.0,1833,2.2349570200573066,1.9728987583572108,0.0,12.0,120000.0,0.0,0.0,1.0,0.391,3,100,0.0024752475247524753,-3.96365,2.3020846655582554,1.9290616873427975,0.0,12.0,120000.0,0.0,0.0,1.0,0.327,1
351.0,1370,2.250712250712251,2.006172839506173,0.0,12.0,120000.0,20000.0,1.0,0.0,0.387,3,100,0.0024752475247524753,-3.96375,2.308967980609772,1.9321129395756265,0.0,12.0,120000.0,20000.0,1.0,0.0,0.325,1
351.0,1834,2.250712250712251,2.006172839506173,0.0,12.0,120000.0,0.0,0.0,1.0,0.387,3,100,0.0024752475247524753,-3.9639,2.315816261610892,1.9271959960978917,0.0,12.0,120000.0,0.0,0.0,1.0,0.322,1
352.0,2287,2.2443181818181817,2.0093513257575757,0.0,12.0,120000.0,0.0,0.0,0.0,0.384,3,100,0.0024752475247524753,-3.96405,2.322629775352202,1.9302364936328638,0.0,12.0,120000.0,0.0,0.0,0.0,0.319,1
390.0,1393,2.2948717948717947,1.9337606837606838,0.0,12.0,120000.0,20000.0,1.0,0.0,0.33,2,21,0.0024752475247524753,9.869333333333334,2.3223350253807107,1.9299915397631133,0.0,12.0,120000.0,20000.0,1.0,0.0,0.32,0
390.0,1836,2.2948717948717947,1.9337606837606838,0.0,12.0,120000.0,0.0,0.0,1.0,0.33,1,100,0.0024752475247524753,9.827516666666666,2.3164556962025316,1.9303797468354431,0.0,12.0,120000.0,0.0,0.0,1.0,0.317,0
381.0,128,2.283464566929134,1.9220253718285214,0.0,8.0,80000.0,0.0,0.0,1.0,0.347,1,100,0.0024752475247524753,-3.8610089583333336,2.327091161427,1.928703272378356,0.0,8.0,80000.0,0.0,0.0,1.0,0.314,1
355.0,1372,2.2535211267605635,2.0011737089201875,12.5,12.0,120000.0,20000.0,2.0,0.0,0.381,3,100,0.0024752475247524753,-3.9643,2.323525697689102,1.92574820053037,0.0,12.0,120000.0,20000.0,1.0,0.0,0.314,1
392.0,2307,2.308673469387755,1.9318664965986394,0.0,12.0,120000.0,0.0,0.0,0.0,0.325,2,100,0.0024752475247524753,9.869083333333334,2.323232323232323,1.9491792929292933,0.0,12.0,120000.0,0.0,0.0,0.0,0.315,0
298.0,96,2.2315436241610738,1.8631152125279642,0.0,8.0,80000.0,0.0,0.0,1.0,0.495,2,100,0.0024752475247524753,-3.96445,2.3212197592688217,1.9474907627017628,0.0,8.0,80000.0,0.0,0.0,1.0,0.311,1
383.0,129,2.2715404699738904,1.9310269799825934,0.0,8.0,80000.0,0.0,0.0,1.0,0.344,1,91,0.0024752475247524753,-3.7984089583333334,2.3212197592688217,1.9474907627017628,0.0,8.0,80000.0,0.0,0.0,1.0,0.311,1
356.0,2289,2.247191011235955,2.001404494382023,0.0,12.0,120000.0,0.0,0.0,0.0,0.379,3,100,0.0024752475247524753,-3.96455,2.3369770071617038,1.9474808393014198,0.0,12.0,120000.0,0.0,0.0,0.0,0.309,1
357.0,1373,2.2408963585434174,1.9957983193277313,12.5,12.0,120000.0,20000.0,2.0,0.0,0.378,3,54,0.0024752475247524753,-3.96455,2.3369770071617038,1.9474808393014198,0.0,12.0,120000.0,20000.0,1.0,0.0,0.309,1
87.0,455,0.0,0.574712643678161,12.5,25.0,400000.0,20000.0,2.0,1.0,0.932,1,100,0.0024752475247524753,-3.96605,2.336683417085427,1.9550879396984924,0.0,25.0,400000.0,20000.0,1.0,1.0,0.309,1
374.0,2298,2.272727272727273,1.9357174688057042,0.0,12.0,120000.0,0.0,0.0,0.0,0.359,2,100,0.0024752475247524753,-3.9647,2.336624649214224,1.9550387689998048,0.0,12.0,120000.0,0.0,0.0,0.0,0.306,1
391.0,942,2.3017902813299234,1.9368073316283034,0.0,12.0,120000.0,20000.0,1.0,0.0,0.327,2,100,0.0024752475247524753,9.701966666666666,2.330827067669173,1.958020050125313,0.0,12.0,120000.0,20000.0,1.0,0.0,0.306,0
379.0,1384,2.295514511873351,1.9239226033421284,50.0,12.0,120000.0,20000.0,5.0,0.0,0.352,2,100,0.0024752475247524753,-3.7685504166666677,2.3307685940009373,1.9579709291002496,0.0,12.0,120000.0,20000.0,1.0,0.0,0.304,1
359.0,1374,2.2423398328690807,1.9846796657381613,0.0,12.0,120000.0,20000.0,1.0,0.0,0.375,3,100,0.0024752475247524753,-3.9648,2.3377922240280036,1.9533691711463932,0.0,12.0,120000.0,20000.0,1.0,0.0,0.304,1
389.0,941,2.2879177377892033,1.9387317909168806,12.5,12.0,120000.0,20000.0,2.0,0.0,0.332,2,21,0.0024752475247524753,9.576916666666666,2.3375,1.953125,0.0,12.0,120000.0,20000.0,1.0,0.0,0.305,0
393.0,943,2.3155216284987277,1.9349024597116202,0.0,12.0,120000.0,20000.0,1.0,0.0,0.322,2,100,0.0024752475247524753,9.701816666666666,2.3316708229426433,1.9560473815461348,0.0,12.0,120000.0,20000.0,1.0,0.0,0.303,0
361.0,1375,2.2714681440443214,1.9823407202216066,0.0,12.0,120000.0,20000.0,1.0,0.0,0.372,3,100,0.0024752475247524753,-3.965,2.3510386864037813,1.9514243065057844,0.0,12.0,120000.0,20000.0,1.0,0.0,0.3,1
360.0,2291,2.263888888888889,1.9791666666666667,0.0,12.0,120000.0,0.0,0.0,0.0,0.373,3,100,0.0024752475247524753,-3.965,2.3510386864037813,1.9514243065057844,0.0,12.0,120000.0,0.0,0.0,0.0,0.3,1
398.0,1397,2.336683417085427,1.9550879396984924,0.0,12.0,120000.0,20000.0,1.0,0.0,0.309,2,100,0.0024752475247524753,9.868383333333334,2.3507462686567164,1.951181592039801,0.0,12.0,120000.0,20000.0,1.0,0.0,0.301,0
93.0,457,0.10752688172043011,0.6720430107526882,12.5,25.0,400000.0,20000.0,2.0,1.0,0.919,1,100,0.0024752475247524753,-3.9661500000000003,2.3448549081944643,1.9540457568287195,12.5,25.0,400000.0,20000.0,2.0,1.0,0.297,1
362.0,2292,2.2790055248618786,1.9768646408839778,0.0,12.0,120000.0,0.0,0.0,0.0,0.37,3,100,0.0024752475247524753,-3.9652,2.3641539794529027,1.9494987003342,0.0,12.0,120000.0,0.0,0.0,0.0,0.296,1
363.0,1376,2.286501377410468,1.9714187327823693,0.0,12.0,120000.0,20000.0,1.0,0.0,0.369,3,100,0.0024752475247524753,-3.9652,2.3641539794529027,1.9494987003342,0.0,12.0,120000.0,20000.0,1.0,0.0,0.296,1
394.0,1838,2.3223350253807107,1.9299915397631133,0.0,12.0,120000.0,0.0,0.0,1.0,0.32,2,100,0.0024752475247524753,9.618183333333333,2.363861386138614,1.9492574257425743,0.0,12.0,120000.0,0.0,0.0,1.0,0.297,0
390.0,2306,2.2948717948717947,1.9337606837606838,0.0,12.0,120000.0,0.0,0.0,0.0,0.33,2,100,0.0024752475247524753,-3.5902,2.3580246913580245,1.9444444444444444,0.0,12.0,120000.0,0.0,0.0,0.0,0.296,1
364.0,2293,2.28021978021978,1.9660027472527473,0.0,12.0,120000.0,0.0,0.0,0.0,0.367,3,100,0.0024752475247524753,-3.96535,2.364823254095332,1.9398940756250769,0.0,12.0,120000.0,0.0,0.0,0.0,0.293,1
365.0,1377,2.273972602739726,1.9663242009132422,0.0,12.0,120000.0,20000.0,1.0,0.0,0.366,3,100,0.0024752475247524753,-3.96545,2.37129868534218,1.9504853176065855,12.5,12.0,120000.0,20000.0,2.0,0.0,0.291,1
366.0,2294,2.26775956284153,1.9609517304189434,0.0,12.0,120000.0,0.0,0.0,0.0,0.365,3,100,0.0024752475247524753,-3.96565,2.377742370388528,1.9533643828900602,0.0,12.0,120000.0,0.0,0.0,0.0,0.287,1
404.0,1843,2.363861386138614,1.9492574257425743,0.0,12.0,120000.0,0.0,0.0,1.0,0.297,1,100,0.0024752475247524753,9.867733333333334,2.377450980392157,1.9658905228758172,0.0,12.0,120000.0,0.0,0.0,1.0,0.288,0
392.0,1394,2.308673469387755,1.9318664965986394,0.0,12.0,120000.0,20000.0,1.0,0.0,0.325,2,100,0.0024752475247524753,-3.6322666666666663,2.377450980392157,1.9658905228758172,12.5,12.0,120000.0,20000.0,2.0,0.0,0.288,1
367.0,1378,2.26158038147139,1.9641235240690282,0.0,12.0,120000.0,20000.0,1.0,0.0,0.364,3,100,0.0024752475247524753,-3.96575,2.3841545421200636,1.9613237152056078,12.5,12.0,120000.0,20000.0,2.0,0.0,0.285,1
399.0,946,2.330827067669173,1.958020050125313,0.0,12.0,120000.0,20000.0,1.0,0.0,0.306,2,40,0.0024752475247524753,9.617633333333334,2.3838630806845966,1.961083944580277,0.0,12.0,120000.0,20000.0,1.0,0.0,0.286,0
403.0,948,2.3449131513647643,1.9540942928039702,0.0,12.0,120000.0,20000.0,1.0,0.0,0.298,0,0,0.0024752475247524753,9.7643,2.3838630806845966,1.961083944580277,0.0,12.0,120000.0,20000.0,3.0,0.0,0.286,0
315.0,100,2.301587301587302,1.917989417989418,0.0,8.0,80000.0,0.0,0.0,1.0,0.463,2,100,0.0024752475247524753,-3.9657999999999998,2.394078262076376,1.959439053782748,0.0,8.0,80000.0,0.0,0.0,1.0,0.284,1
368.0,2295,2.255434782608696,1.958786231884058,0.0,12.0,120000.0,0.0,0.0,0.0,0.363,3,100,0.0024752475247524753,-3.9657999999999998,2.3905354311501403,1.956539415375859,0.0,12.0,120000.0,0.0,0.0,0.0,0.284,1
400.0,1841,2.3375,1.953125,0.0,12.0,120000.0,0.0,0.0,1.0,0.305,2,61,0.0024752475247524753,9.617583333333334,2.3902439024390243,1.963922764227642,0.0,12.0,120000.0,0.0,0.0,1.0,0.285,0
404.0,1400,2.363861386138614,1.9492574257425743,0.0,12.0,120000.0,20000.0,1.0,0.0,0.297,0,0,0.0024752475247524753,9.764000000000001,2.3902439024390243,1.963922764227642,12.5,12.0,120000.0,20000.0,3.0,0.0,0.285,0
394.0,1395,2.3223350253807107,1.9299915397631133,0.0,12.0,120000.0,20000.0,1.0,0.0,0.32,2,100,0.0024752475247524753,-3.632883750000001,2.390185546933354,1.9638748169424773,25.0,12.0,120000.0,20000.0,3.0,0.0,0.284,1
370.0,2296,2.2567567567567566,1.9566441441441442,0.0,12.0,120000.0,0.0,0.0,0.0,0.362,3,100,0.0024752475247524753,-3.966,2.3910668770481855,1.9799126107537321,0.0,12.0,120000.0,0.0,0.0,0.0,0.28,1
371.0,1380,2.2506738544474394,1.9513701707097935,12.5,12.0,120000.0,20000.0,2.0,0.0,0.361,3,100,0.0024752475247524753,-3.96615,2.3973846712677083,2.0028655608023573,37.5,12.0,120000.0,20000.0,4.0,1.0,0.277,1
408.0,1402,2.377450980392157,1.9658905228758172,12.5,12.0,120000.0,20000.0,2.0,0.0,0.288,2,100,0.0024752475247524753,9.825566666666665,2.397094430992736,2.002623083131558,37.5,12.0,120000.0,20000.0,4.0,1.0,0.278,0
319.0,102,2.304075235109718,1.9625130616509927,0.0,8.0,80000.0,0.0,0.0,1.0,0.453,2,100,0.0024752475247524753,-3.96625,2.4071997675733705,2.0009596057927723,0.0,8.0,80000.0,0.0,0.0,1.0,0.275,1
372.0,2297,2.2446236559139785,1.9461245519713262,0.0,12.0,120000.0,0.0,0.0,0.0,0.36,3,100,0.0024752475247524753,-3.96625,2.403671941055683,1.998027136932802,0.0,12.0,120000.0,0.0,0.0,0.0,0.275,1
410.0,1846,2.3902439024390243,1.963922764227642,0.0,12.0,120000.0,0.0,0.0,1.0,0.285,1,100,0.0024752475247524753,9.867133333333333,2.4033816425120773,2.005334138486312,0.0,12.0,120000.0,0.0,0.0,1.0,0.276,0
398.0,1840,2.336683417085427,1.9550879396984924,0.0,12.0,120000.0,0.0,0.0,1.0,0.309,2,100,0.0024752475247524753,-3.6328666666666667,2.4033816425120773,2.005334138486312,0.0,12.0,120000.0,0.0,0.0,1.0,0.276,1
400.0,1398,2.3375,1.953125,0.0,12.0,120000.0,20000.0,1.0,0.0,0.305,2,61,0.0024752475247524753,-3.5495333333333337,2.4033816425120773,2.005334138486312,37.5,12.0,120000.0,20000.0,4.0,1.0,0.276,1
406.0,1401,2.3645320197044337,1.9550492610837438,12.5,12.0,120000.0,20000.0,2.0,0.0,0.293,2,100,0.0024752475247524753,9.65875,2.397590361445783,2.0080321285140563,50.0,12.0,120000.0,20000.0,5.0,1.0,0.275,0
409.0,951,2.3838630806845966,1.961083944580277,0.0,12.0,120000.0,20000.0,1.0,0.0,0.286,0,0,0.0024752475247524753,9.762432916666667,2.3975325318056786,2.0079836949796306,37.5,12.0,120000.0,20000.0,4.0,1.0,0.272,0
409.0,960,2.3838630806845966,1.961083944580277,0.0,12.0,120000.0,20000.0,2.0,0.0,0.286,0,0,0.0024752475247524753,9.762432916666667,2.3975325318056786,2.0079836949796306,37.5,12.0,120000.0,20000.0,4.0,1.0,0.272,0
409.0,1411,2.3838630806845966,1.961083944580277,12.5,12.0,120000.0,20000.0,2.0,0.0,0.286,0,0,0.0024752475247524753,9.762432916666667,2.3975325318056786,2.0079836949796306,37.5,12.0,120000.0,20000.0,5.0,1.0,0.272,0
410.0,1403,2.3902439024390243,1.963922764227642,12.5,12.0,120000.0,20000.0,2.0,0.0,0.285,0,0,0.0024752475247524753,9.762582916666666,2.3917693711264305,2.010668765718722,25.0,12.0,120000.0,20000.0,4.0,1.0,0.27,0
403.0,139,2.3449131513647643,1.9540942928039702,0.0,8.0,80000.0,0.0,0.0,1.0,0.298,1,100,0.0024752475247524753,-3.8005089583333334,2.3898544697119894,2.0090589815522693,0.0,8.0,80000.0,0.0,0.0,1.0,0.269,1
411.0,952,2.3844282238442824,1.9844890510948905,25.0,12.0,120000.0,20000.0,3.0,0.0,0.284,2,100,0.0024752475247524753,9.7885,2.386091127098321,2.0133892885691447,37.5,12.0,120000.0,20000.0,5.0,1.0,0.27,0
411.0,1412,2.3844282238442824,1.9844890510948905,25.0,12.0,120000.0,20000.0,3.0,0.0,0.284,0,0,0.0024752475247524753,9.762182916666667,2.3860338508420935,2.013340958729824,37.5,12.0,120000.0,20000.0,4.0,1.0,0.267,0
227.0,495,1.740088105726872,1.523494860499266,12.5,25.0,400000.0,20000.0,2.0,1.0,0.658,2,100,0.0024752475247524753,-3.96665,2.3822825219473263,2.010175578611333,50.0,25.0,400000.0,20000.0,5.0,1.0,0.267,1
412.0,1404,2.3907766990291264,2.0074838187702264,37.5,12.0,120000.0,20000.0,4.0,1.0,0.28,2,100,0.0024752475247524753,9.8009,2.380382775119617,2.016048644338118,37.5,12.0,120000.0,20000.0,4.0,1.0,0.268,0
378.0,1387,2.301587301587302,1.929012345679012,50.0,12.0,120000.0,20000.0,5.0,0.0,0.354,3,100,0.0024752475247524753,-3.93675,2.386919680152763,2.0114771054620677,37.5,12.0,120000.0,20000.0,4.0,1.0,0.265,1
413.0,1413,2.397094430992736,2.002623083131558,37.5,12.0,120000.0,20000.0,4.0,1.0,0.278,2,100,0.0024752475247524753,9.800799999999999,2.386634844868735,2.0112370723945903,37.5,12.0,120000.0,20000.0,4.0,1.0,0.266,0
399.0,551,2.330827067669173,1.958020050125313,0.0,25.0,400000.0,20000.0,1.0,1.0,0.306,1,97,0.0024752475247524753,9.632549999999998,2.386634844868735,2.0112370723945903,37.5,25.0,400000.0,20000.0,4.0,1.0,0.266,0
413.0,953,2.397094430992736,2.002623083131558,25.0,12.0,120000.0,20000.0,3.0,1.0,0.278,0,0,0.0024752475247524753,9.761482916666665,2.38657782901177,2.0111890246567934,62.5,12.0,120000.0,20000.0,6.0,1.0,0.263,0
413.0,962,2.397094430992736,2.002623083131558,25.0,12.0,120000.0,20000.0,4.0,1.0,0.278,0,0,0.0024752475247524753,9.761482916666665,2.38657782901177,2.0111890246567934,62.5,12.0,120000.0,20000.0,6.0,1.0,0.263,0
378.0,2300,2.301587301587302,1.929012345679012,0.0,12.0,120000.0,0.0,0.0,0.0,0.354,3,100,0.0024752475247524753,-3.96685,2.393142040719133,2.006687304044132,0.0,12.0,120000.0,0.0,0.0,0.0,0.263,1
411.0,961,2.3844282238442824,1.9844890510948905,25.0,12.0,120000.0,20000.0,3.0,0.0,0.284,2,100,0.0024752475247524753,9.6632,2.392857142857143,2.0064484126984126,62.5,12.0,120000.0,20000.0,6.0,1.0,0.264,0
394.0,2308,2.3223350253807107,1.9299915397631133,0.0,12.0,120000.0,0.0,0.0,0.0,0.32,2,100,0.0024752475247524753,-3.9669,2.392800114454415,2.0064005934842677,0.0,12.0,120000.0,0.0,0.0,0.0,0.262,1
414.0,1405,2.4033816425120773,2.005334138486312,37.5,12.0,120000.0,20000.0,4.0,1.0,0.276,0,0,0.0024752475247524753,9.761932916666666,2.392800114454415,2.0064005934842677,37.5,12.0,120000.0,20000.0,4.0,1.0,0.262,0
415.0,954,2.397590361445783,2.0080321285140563,50.0,12.0,120000.0,20000.0,5.0,1.0,0.275,1,100,0.0024752475247524753,9.811482916666668,2.387116638865665,2.021428579968126,50.0,12.0,120000.0,20000.0,5.0,1.0,0.258,0
329.0,107,2.3404255319148937,1.9693515704154003,0.0,8.0,80000.0,0.0,0.0,1.0,0.433,2,100,0.0024752475247524753,-3.9672,2.379580537645189,2.0471101225596047,0.0,8.0,80000.0,0.0,0.0,1.0,0.256,1
417.0,964,2.386091127098321,2.0133892885691447,37.5,12.0,120000.0,20000.0,5.0,1.0,0.27,0,0,0.0024752475247524753,9.761032916666666,2.3758303024554905,2.0512713950512267,50.0,12.0,120000.0,20000.0,5.0,1.0,0.249,0
417.0,1415,2.386091127098321,2.0133892885691447,25.0,12.0,120000.0,20000.0,4.0,1.0,0.27,1,100,0.0024752475247524753,9.786532916666665,2.3758303024554905,2.0512713950512267,25.0,12.0,120000.0,20000.0,3.0,1.0,0.249,0
412.0,1847,2.3907766990291264,2.0074838187702264,0.0,12.0,120000.0,0.0,0.0,1.0,0.28,2,100,0.0024752475247524753,9.532399999999999,2.3702830188679247,2.0612224842767297,0.0,12.0,120000.0,0.0,0.0,1.0,0.248,0
415.0,963,2.397590361445783,2.0080321285140563,50.0,12.0,120000.0,20000.0,6.0,1.0,0.275,1,100,0.0024752475247524753,9.68695,2.3702830188679247,2.0612224842767297,50.0,12.0,120000.0,20000.0,5.0,1.0,0.249,0
408.0,1845,2.377450980392157,1.9658905228758172,0.0,12.0,120000.0,0.0,0.0,1.0,0.288,2,100,0.0024752475247524753,-3.6342166666666667,2.3702830188679247,2.0612224842767297,0.0,12.0,120000.0,0.0,0.0,1.0,0.249,1
411.0,143,2.3844282238442824,1.9844890510948905,0.0,8.0,80000.0,0.0,0.0,1.0,0.284,1,100,0.0024752475247524753,-3.8016089583333335,2.3683651830271435,2.0595547145105444,0.0,8.0,80000.0,0.0,0.0,1.0,0.247,1
415.0,1414,2.397590361445783,2.0080321285140563,50.0,12.0,120000.0,20000.0,6.0,1.0,0.275,2,100,0.0024752475247524753,9.645733333333334,2.364705882352941,2.056372549019608,25.0,12.0,120000.0,20000.0,3.0,1.0,0.248,0
416.0,1406,2.391826923076923,2.010717147435898,37.5,12.0,120000.0,20000.0,5.0,1.0,0.272,1,100,0.0024752475247524753,9.674199999999999,2.364705882352941,2.056372549019608,25.0,12.0,120000.0,20000.0,3.0,1.0,0.249,0
419.0,956,2.386634844868735,2.0112370723945903,62.5,12.0,120000.0,20000.0,6.0,1.0,0.266,0,0,0.0024752475247524753,9.761632916666667,2.3646501878861628,2.056324116538651,12.5,12.0,120000.0,20000.0,2.0,1.0,0.246,0
419.0,965,2.386634844868735,2.0112370723945903,62.5,12.0,120000.0,20000.0,7.0,1.0,0.266,0,0,0.0024752475247524753,9.761632916666667,2.3646501878861628,2.056324116538651,12.5,12.0,120000.0,20000.0,2.0,1.0,0.246,0
382.0,2302,2.2774869109947646,1.9360820244328096,0.0,12.0,120000.0,0.0,0.0,0.0,0.345,3,100,0.0024752475247524753,-3.96775,2.38290879211175,2.051786203388504,0.0,12.0,120000.0,0.0,0.0,0.0,0.245,1
385.0,939,2.272727272727273,1.9453463203463204,12.5,12.0,120000.0,20000.0,2.0,0.0,0.341,3,100,0.0024752475247524753,-3.96775,2.38290879211175,2.051786203388504,12.5,12.0,120000.0,20000.0,2.0,1.0,0.245,1
418.0,1407,2.380382775119617,2.016048644338118,37.5,12.0,120000.0,20000.0,4.0,1.0,0.268,2,100,0.0024752475247524753,9.716466666666665,2.3826291079812205,2.0588810641627546,37.5,12.0,120000.0,20000.0,6.0,1.0,0.246,0
420.0,1408,2.392857142857143,2.0064484126984126,37.5,12.0,120000.0,20000.0,4.0,1.0,0.264,0,0,0.0024752475247524753,9.760982916666666,2.3825731231057223,2.058832686427564,37.5,12.0,120000.0,20000.0,5.0,1.0,0.243,0
386.0,2304,2.292746113989637,1.9537996545768566,0.0,12.0,120000.0,0.0,0.0,0.0,0.339,3,100,0.0024752475247524753,-3.9678999999999998,2.3890385291017684,2.0542998789866105,0.0,12.0,120000.0,0.0,0.0,0.0,0.242,1
417.0,955,2.386091127098321,2.0133892885691447,37.5,12.0,120000.0,20000.0,5.0,1.0,0.27,2,100,0.0024752475247524753,9.632983333333334,2.388758782201405,2.078454332552693,12.5,12.0,120000.0,20000.0,2.0,1.0,0.243,0
421.0,1417,2.387173396674584,2.0214766429136977,37.5,12.0,120000.0,20000.0,4.0,1.0,0.262,1,100,0.0024752475247524753,9.798182916666667,2.388702784742681,2.078405609273656,50.0,12.0,120000.0,20000.0,5.0,1.0,0.242,0
384.0,2303,2.265625,1.9422743055555554,0.0,12.0,120000.0,0.0,0.0,0.0,0.343,3,100,0.0024752475247524753,-3.9678999999999998,2.4185068349106205,2.0738404019161116,0.0,12.0,120000.0,0.0,0.0,0.0,0.242,1
387.0,940,2.2997416020671837,1.9487510766580536,12.5,12.0,120000.0,20000.0,2.0,0.0,0.336,3,100,0.0024752475247524753,-3.9678999999999998,2.4185068349106205,2.0738404019161116,25.0,12.0,120000.0,20000.0,3.0,1.0,0.242,1
386.0,1391,2.292746113989637,1.9537996545768566,12.5,12.0,120000.0,20000.0,2.0,0.0,0.339,3,100,0.0024752475247524753,-3.9678999999999998,2.4185068349106205,2.0738404019161116,50.0,12.0,120000.0,20000.0,5.0,1.0,0.242,1
419.0,1416,2.386634844868735,2.0112370723945903,37.5,12.0,120000.0,20000.0,4.0,1.0,0.266,2,100,0.0024752475247524753,9.67465,2.4182242990654204,2.0735981308411215,50.0,12.0,120000.0,20000.0,5.0,1.0,0.243,0
408.0,554,2.377450980392157,1.9658905228758172,12.5,25.0,400000.0,20000.0,2.0,1.0,0.288,1,100,0.0024752475247524753,9.6307998,2.418167743319835,2.073549634972322,50.0,25.0,400000.0,20000.0,5.0,1.0,0.24,0
236.0,498,1.7372881355932204,1.6331214689265539,0.0,25.0,400000.0,20000.0,1.0,1.0,0.634,2,100,0.0024752475247524753,-3.968,2.4261275272161744,2.0703732503888026,50.0,25.0,400000.0,20000.0,5.0,1.0,0.24,1
388.0,1835,2.2938144329896906,1.9437285223367695,0.0,12.0,120000.0,0.0,0.0,1.0,0.335,3,100,0.0024752475247524753,-3.968,2.4245250029140926,2.069005711621401,0.0,12.0,120000.0,0.0,0.0,1.0,0.24,1
421.0,957,2.387173396674584,2.0214766429136977,62.5,12.0,120000.0,20000.0,6.0,1.0,0.262,2,100,0.0024752475247524753,9.741216666666666,2.4242424242424243,2.0687645687645686,25.0,12.0,120000.0,20000.0,3.0,1.0,0.241,0
117.0,465,0.5555555555555556,1.201923076923077,25.0,25.0,400000.0,20000.0,3.0,1.0,0.877,1,100,0.0024752475247524753,-3.9635,2.424185859905693,2.068716298717599,62.5,25.0,400000.0,20000.0,6.0,1.0,0.24,1
388.0,1392,2.2938144329896906,1.9437285223367695,12.5,12.0,120000.0,20000.0,2.0,0.0,0.335,3,100,0.0024752475247524753,-3.96805,2.430515176183277,2.0641935108733573,62.5,12.0,120000.0,20000.0,6.0,1.0,0.239,1
424.0,1853,2.3702830188679247,2.0612224842767297,0.0,12.0,120000.0,0.0,0.0,1.0,0.249,1,100,0.0024752475247524753,9.782,2.4302325581395348,2.0712209302325584,0.0,12.0,120000.0,0.0,0.0,1.0,0.24,0
422.0,1409,2.381516587677725,2.0487756714060033,50.0,12.0,120000.0,20000.0,5.0,1.0,0.258,1,100,0.0024752475247524753,9.728216666666667,2.4302325581395348,2.0712209302325584,62.5,12.0,120000.0,20000.0,6.0,1.0,0.241,0
388.0,2305,2.2938144329896906,1.9437285223367695,0.0,12.0,120000.0,0.0,0.0,0.0,0.335,3,100,0.0024752475247524753,-3.96805,2.4364775495997213,2.066655064392621,0.0,12.0,120000.0,0.0,0.0,0.0,0.239,1
425.0,1419,2.364705882352941,2.056372549019608,25.0,12.0,120000.0,20000.0,5.0,1.0,0.249,0,0,0.0024752475247524753,9.760232916666666,2.4361383161379475,2.080868145034497,62.5,12.0,120000.0,20000.0,6.0,1.0,0.238,0
423.0,958,2.375886524822695,2.051319936958235,50.0,12.0,120000.0,20000.0,6.0,1.0,0.256,2,100,0.0024752475247524753,9.645133333333334,2.424942263279446,2.083333333333333,37.5,12.0,120000.0,20000.0,4.0,1.0,0.236,0
427.0,969,2.388758782201405,2.078454332552693,12.5,12.0,120000.0,20000.0,2.0,1.0,0.243,0,0,0.0024752475247524753,9.760682916666665,2.4248862052865707,2.083285172398978,25.0,12.0,120000.0,20000.0,4.0,1.0,0.232,0
427.0,1420,2.388758782201405,2.078454332552693,37.5,12.0,120000.0,20000.0,5.0,1.0,0.243,0,0,0.0024752475247524753,9.760682916666665,2.4248862052865707,2.083285172398978,25.0,12.0,120000.0,20000.0,3.0,2.0,0.232,0
239.0,499,1.778242677824268,1.6649232914923293,0.0,25.0,400000.0,20000.0,1.0,1.0,0.625,2,100,0.0024752475247524753,-3.96855,2.4326878911472933,2.080082655740083,75.0,25.0,400000.0,20000.0,7.0,1.0,0.229,1
392.0,1837,2.308673469387755,1.9318664965986394,0.0,12.0,120000.0,0.0,0.0,1.0,0.325,3,100,0.0024752475247524753,-3.96855,2.4311556630948266,2.0787725160348733,0.0,12.0,120000.0,0.0,0.0,1.0,0.229,1
425.0,968,2.364705882352941,2.056372549019608,37.5,12.0,120000.0,20000.0,4.0,1.0,0.249,1,100,0.0024752475247524753,9.673499999999999,2.4308755760368665,2.0785330261136714,25.0,12.0,120000.0,20000.0,4.0,1.0,0.23,0
423.0,967,2.375886524822695,2.051319936958235,50.0,12.0,120000.0,20000.0,6.0,1.0,0.256,2,75,0.0024752475247524753,9.603216666666667,2.4308755760368665,2.0785330261136714,25.0,12.0,120000.0,20000.0,4.0,1.0,0.231,0
425.0,959,2.364705882352941,2.056372549019608,37.5,12.0,120000.0,20000.0,4.0,1.0,0.249,1,100,0.0024752475247524753,9.673599999999999,2.4308755760368665,2.0785330261136714,25.0,12.0,120000.0,20000.0,4.0,1.0,0.232,0
414.0,556,2.4033816425120773,2.005334138486312,25.0,25.0,400000.0,20000.0,3.0,1.0,0.276,0,0,0.0024752475247524753,9.610049799999999,2.430819510361063,2.0784850868608613,62.5,25.0,400000.0,20000.0,6.0,1.0,0.23,0
335.0,110,2.298507462686567,1.9993781094527363,0.0,8.0,80000.0,0.0,0.0,1.0,0.421,2,100,0.0024752475247524753,-3.9685,2.428953997322686,2.0768899700646193,0.0,8.0,80000.0,0.0,0.0,1.0,0.23,1
430.0,1856,2.4302325581395348,2.0712209302325584,0.0,12.0,120000.0,0.0,0.0,1.0,0.241,2,100,0.0024752475247524753,9.823216666666665,2.425287356321839,2.073754789272031,0.0,12.0,120000.0,0.0,0.0,1.0,0.231,0
431.0,2314,2.436194895591647,2.0809164733178656,0.0,12.0,120000.0,0.0,0.0,0.0,0.239,2,100,0.0024752475247524753,9.864933333333333,2.425287356321839,2.073754789272031,0.0,12.0,120000.0,0.0,0.0,0.0,0.232,0
429.0,970,2.4242424242424243,2.0687645687645686,25.0,12.0,120000.0,20000.0,3.0,1.0,0.241,0,0,0.0024752475247524753,9.760482916666666,2.4252315481200077,2.073707070173703,25.0,12.0,120000.0,20000.0,3.0,1.0,0.228,0
429.0,1421,2.4242424242424243,2.0687645687645686,50.0,12.0,120000.0,20000.0,5.0,1.0,0.241,0,0,0.0024752475247524753,9.760732916666667,2.4252315481200077,2.073707070173703,12.5,12.0,120000.0,20000.0,2.0,2.0,0.228,0
395.0,944,2.3164556962025316,1.9303797468354431,0.0,12.0,120000.0,20000.0,1.0,0.0,0.317,3,100,0.0024752475247524753,-3.9686,2.4314714990251174,2.069235768627901,25.0,12.0,120000.0,20000.0,3.0,1.0,0.228,1
396.0,1396,2.323232323232323,1.9491792929292933,0.0,12.0,120000.0,20000.0,1.0,0.0,0.315,3,100,0.0024752475247524753,-3.9687,2.4487927680512644,2.0716519815386962,12.5,12.0,120000.0,20000.0,2.0,2.0,0.226,1
396.0,2309,2.323232323232323,1.9491792929292933,0.0,12.0,120000.0,0.0,0.0,0.0,0.315,3,100,0.0024752475247524753,-3.9687,2.4487927680512644,2.0716519815386962,0.0,12.0,120000.0,0.0,0.0,0.0,0.226,1
126.0,468,0.753968253968254,1.1160714285714286,25.0,25.0,400000.0,20000.0,3.0,1.0,0.867,1,100,0.0024752475247524753,-3.9644,2.4484565010307198,2.0761347472719596,50.0,25.0,400000.0,20000.0,5.0,1.0,0.222,1
417.0,557,2.386091127098321,2.0133892885691447,37.5,25.0,400000.0,20000.0,4.0,1.0,0.27,0,0,0.0024752475247524753,9.6098998,2.4484565010307198,2.0761347472719596,50.0,25.0,400000.0,20000.0,5.0,1.0,0.222,0
431.0,971,2.436194895591647,2.0809164733178656,25.0,12.0,120000.0,20000.0,3.0,1.0,0.239,0,0,0.0024752475247524753,9.760432916666668,2.4484565010307198,2.0761347472719596,12.5,12.0,120000.0,20000.0,2.0,1.0,0.222,0
431.0,1422,2.436194895591647,2.0809164733178656,62.5,12.0,120000.0,20000.0,6.0,1.0,0.239,0,0,0.0024752475247524753,9.760682916666667,2.4484565010307198,2.0761347472719596,0.0,12.0,120000.0,20000.0,1.0,2.0,0.222,0
397.0,945,2.3173803526448364,1.9521410579345087,0.0,12.0,120000.0,20000.0,1.0,0.0,0.311,3,100,0.0024752475247524753,-3.9689,2.46603493549492,2.071678654336492,12.5,12.0,120000.0,20000.0,2.0,1.0,0.222,1
396.0,1839,2.323232323232323,1.9491792929292933,0.0,12.0,120000.0,0.0,0.0,1.0,0.315,3,100,0.0024752475247524753,-3.9689,2.46603493549492,2.071678654336492,0.0,12.0,120000.0,0.0,0.0,1.0,0.222,1
422.0,1852,2.381516587677725,2.0487756714060033,0.0,12.0,120000.0,0.0,0.0,1.0,0.258,2,100,0.0024752475247524753,-3.6355666666666666,2.4657534246575343,2.0714421613394216,0.0,12.0,120000.0,0.0,0.0,1.0,0.222,1
339.0,112,2.271386430678466,1.9850049164208456,0.0,8.0,80000.0,0.0,0.0,1.0,0.412,2,40,0.0024752475247524753,-3.96895,2.4638220619189966,2.069819652711657,0.0,8.0,80000.0,0.0,0.0,1.0,0.221,1
436.0,1859,2.431192660550459,2.076165902140673,0.0,12.0,120000.0,0.0,0.0,1.0,0.228,1,100,0.0024752475247524753,9.864233333333333,2.4545454545454546,2.062026515151515,0.0,12.0,120000.0,0.0,0.0,1.0,0.218,0
433.0,1423,2.424942263279446,2.083333333333333,50.0,12.0,120000.0,20000.0,5.0,2.0,0.236,1,100,0.0024752475247524753,9.727316666666667,2.4489795918367347,2.064436885865457,12.5,12.0,120000.0,20000.0,2.0,2.0,0.218,0
401.0,947,2.3316708229426433,1.9560473815461348,0.0,12.0,120000.0,20000.0,1.0,0.0,0.303,3,100,0.0024752475247524753,-3.96925,2.455028849417355,2.0599992457668668,25.0,12.0,120000.0,20000.0,3.0,1.0,0.215,1
402.0,1399,2.3507462686567164,1.951181592039801,0.0,12.0,120000.0,20000.0,1.0,0.0,0.301,3,100,0.0024752475247524753,-3.9693,2.460774353764533,2.0553486097001166,25.0,12.0,120000.0,20000.0,3.0,2.0,0.214,1
429.0,2313,2.4242424242424243,2.0687645687645686,0.0,12.0,120000.0,0.0,0.0,0.0,0.241,2,100,0.0024752475247524753,-3.5526333333333335,2.460496613995485,2.0551166290443943,0.0,12.0,120000.0,0.0,0.0,0.0,0.214,1
402.0,1842,2.3507462686567164,1.951181592039801,0.0,12.0,120000.0,0.0,0.0,1.0,0.301,3,100,0.0024752475247524753,-3.96945,2.466493974546683,2.0507189248038444,0.0,12.0,120000.0,0.0,0.0,1.0,0.211,1
424.0,571,2.3702830188679247,2.0612224842767297,37.5,25.0,400000.0,20000.0,4.0,1.0,0.249,1,100,0.0024752475247524753,9.6467998,2.4661606165140286,2.05747989029947,50.0,25.0,400000.0,20000.0,5.0,1.0,0.21,0
439.0,1426,2.460136674259681,2.066723614274867,0.0,12.0,120000.0,20000.0,1.0,2.0,0.221,0,0,0.0024752475247524753,9.76,2.460674157303371,2.066947565543071,25.0,12.0,120000.0,20000.0,3.0,2.0,0.21,0
439.0,975,2.460136674259681,2.066723614274867,12.5,12.0,120000.0,20000.0,2.0,1.0,0.221,0,0,0.0024752475247524753,9.759282916666665,2.4606188072039097,2.0669010718807574,25.0,12.0,120000.0,20000.0,3.0,1.0,0.204,0
405.0,949,2.3580246913580245,1.9444444444444444,12.5,12.0,120000.0,20000.0,2.0,0.0,0.296,3,100,0.0024752475247524753,-3.9697999999999998,2.4666442426280972,2.062544380909668,25.0,12.0,120000.0,20000.0,3.0,1.0,0.204,1
437.0,974,2.448512585812357,2.0761823035850493,25.0,12.0,120000.0,20000.0,3.0,1.0,0.226,2,100,0.0024752475247524753,9.618483333333334,2.460850111856823,2.06469052945563,25.0,12.0,120000.0,20000.0,3.0,1.0,0.203,0
432.0,1857,2.430555555555556,2.083333333333333,0.0,12.0,120000.0,0.0,0.0,1.0,0.238,2,100,0.0024752475247524753,-3.59485,2.460850111856823,2.06469052945563,0.0,12.0,120000.0,0.0,0.0,1.0,0.203,1
427.0,572,2.388758782201405,2.078454332552693,50.0,25.0,400000.0,20000.0,5.0,1.0,0.243,0,0,0.0024752475247524753,9.6089498,2.4607950054630767,2.0646442943563312,37.5,25.0,400000.0,20000.0,4.0,1.0,0.198,0
441.0,976,2.4489795918367347,2.064436885865457,12.5,12.0,120000.0,20000.0,2.0,1.0,0.218,1,100,0.0024752475247524753,9.778982916666665,2.4607950054630767,2.0646442943563312,25.0,12.0,120000.0,20000.0,3.0,1.0,0.198,0
441.0,1427,2.4489795918367347,2.064436885865457,12.5,12.0,120000.0,20000.0,2.0,2.0,0.218,0,0,0.0024752475247524753,9.758982916666666,2.4607950054630767,2.0646442943563312,25.0,12.0,120000.0,20000.0,3.0,2.0,0.198,0
407.0,950,2.371007371007371,1.9579238329238327,12.5,12.0,120000.0,20000.0,2.0,0.0,0.291,3,100,0.0024752475247524753,-3.9701,2.4667931688804554,2.060311790750456,25.0,12.0,120000.0,20000.0,3.0,1.0,0.198,1
443.0,1861,2.460496613995485,2.0551166290443943,0.0,12.0,120000.0,0.0,0.0,1.0,0.214,1,100,0.0024752475247524753,9.821616666666666,2.466517857142857,2.0600818452380953,0.0,12.0,120000.0,0.0,0.0,1.0,0.199,0
437.0,1425,2.448512585812357,2.0761823035850493,12.5,12.0,120000.0,20000.0,2.0,2.0,0.226,2,100,0.0024752475247524753,9.571666666666665,2.466517857142857,2.0600818452380953,25.0,12.0,120000.0,20000.0,3.0,2.0,0.2,0
407.0,1410,2.371007371007371,1.9579238329238327,12.5,12.0,120000.0,20000.0,2.0,0.0,0.291,3,100,0.0024752475247524753,-3.97005,2.483572780933289,2.0557226120206407,25.0,12.0,120000.0,20000.0,3.0,2.0,0.199,1
406.0,1844,2.3645320197044337,1.9550492610837438,0.0,12.0,120000.0,0.0,0.0,1.0,0.293,3,100,0.0024752475247524753,-3.97005,2.483572780933289,2.0557226120206407,0.0,12.0,120000.0,0.0,0.0,1.0,0.199,1
428.0,1855,2.4182242990654204,2.0735981308411215,0.0,12.0,120000.0,0.0,0.0,1.0,0.243,2,100,0.0024752475247524753,-3.84505,2.4832962138084635,2.0554936896807723,0.0,12.0,120000.0,0.0,0.0,1.0,0.199,1
429.0,561,2.4242424242424243,2.0687645687645686,50.0,25.0,400000.0,20000.0,5.0,1.0,0.241,1,100,0.0024752475247524753,9.6589998,2.483240852470082,2.055447865553524,25.0,25.0,400000.0,20000.0,3.0,1.0,0.194,0
443.0,977,2.460496613995485,2.0551166290443943,25.0,12.0,120000.0,20000.0,3.0,1.0,0.214,1,100,0.0024752475247524753,9.784032916666668,2.483240852470082,2.055447865553524,12.5,12.0,120000.0,20000.0,3.0,1.0,0.194,0
443.0,1428,2.460496613995485,2.0551166290443943,25.0,12.0,120000.0,20000.0,3.0,2.0,0.214,1,100,0.0024752475247524753,9.784032916666668,2.483240852470082,2.055447865553524,12.5,12.0,120000.0,20000.0,2.0,2.0,0.194,0
437.0,150,2.448512585812357,2.0761823035850493,0.0,8.0,80000.0,0.0,0.0,1.0,0.226,1,100,0.0024752475247524753,-3.8043589583333337,2.4758887113708345,2.0563014428332136,0.0,8.0,80000.0,0.0,0.0,1.0,0.192,1
447.0,1863,2.460850111856823,2.06469052945563,0.0,12.0,120000.0,0.0,0.0,1.0,0.203,1,100,0.0024752475247524753,9.862983333333334,2.4722838137472283,2.0602365114560235,0.0,12.0,120000.0,0.0,0.0,1.0,0.193,0
427.0,2312,2.388758782201405,2.078454332552693,0.0,12.0,120000.0,0.0,0.0,0.0,0.243,2,100,0.0024752475247524753,-3.9705,2.4668141592920354,2.0625921828908553,0.0,12.0,120000.0,0.0,0.0,0.0,0.19,1
432.0,562,2.430555555555556,2.083333333333333,62.5,25.0,400000.0,20000.0,6.0,1.0,0.238,0,0,0.0024752475247524753,9.608799799999998,2.466759530391816,2.062546505699435,25.0,25.0,400000.0,20000.0,3.0,1.0,0.19,0
447.0,979,2.460850111856823,2.06469052945563,25.0,12.0,120000.0,20000.0,3.0,1.0,0.203,0,0,0.0024752475247524753,9.758232916666666,2.4613142654397415,2.0579935235132365,25.0,12.0,120000.0,20000.0,3.0,1.0,0.183,0
447.0,1430,2.460850111856823,2.06469052945563,25.0,12.0,120000.0,20000.0,3.0,2.0,0.203,0,0,0.0024752475247524753,9.758482916666667,2.4613142654397415,2.0579935235132365,12.5,12.0,120000.0,20000.0,2.0,2.0,0.183,0
449.0,1864,2.4832962138084635,2.0554936896807723,0.0,12.0,120000.0,0.0,0.0,1.0,0.199,1,100,0.0024752475247524753,9.820616666666666,2.4559471365638763,2.0672723935389135,0.0,12.0,120000.0,0.0,0.0,1.0,0.184,0
445.0,978,2.460674157303371,2.066947565543071,37.5,12.0,120000.0,20000.0,4.0,1.0,0.21,2,100,0.0024752475247524753,9.629883333333334,2.4505494505494507,2.0627289377289375,25.0,12.0,120000.0,20000.0,3.0,1.0,0.181,0
445.0,1429,2.460674157303371,2.066947565543071,25.0,12.0,120000.0,20000.0,3.0,2.0,0.21,2,100,0.0024752475247524753,9.617433333333334,2.4505494505494507,2.0627289377289375,12.5,12.0,120000.0,20000.0,2.0,2.0,0.182,0
414.0,1848,2.4033816425120773,2.005334138486312,0.0,12.0,120000.0,0.0,0.0,1.0,0.276,3,100,0.0024752475247524753,-3.9711,2.4564096940453997,2.0584311145227914,0.0,12.0,120000.0,0.0,0.0,1.0,0.178,1
451.0,1865,2.4722838137472283,2.0602365114560235,0.0,12.0,120000.0,0.0,0.0,1.0,0.193,1,100,0.0024752475247524753,9.820366666666667,2.456140350877193,2.065058479532164,0.0,12.0,120000.0,0.0,0.0,1.0,0.179,0
441.0,1860,2.4489795918367347,2.064436885865457,0.0,12.0,120000.0,0.0,0.0,1.0,0.218,2,100,0.0024752475247524753,-3.59605,2.456140350877193,2.065058479532164,0.0,12.0,120000.0,0.0,0.0,1.0,0.179,1
443.0,153,2.460496613995485,2.0551166290443943,0.0,8.0,80000.0,0.0,0.0,1.0,0.214,1,100,0.0024752475247524753,-3.8051589583333336,2.4542924014603242,2.063504772061136,0.0,8.0,80000.0,0.0,0.0,1.0,0.176,1
445.0,1862,2.460674157303371,2.066947565543071,0.0,12.0,120000.0,0.0,0.0,1.0,0.21,2,100,0.0024752475247524753,9.52885,2.450765864332604,2.0605397520058353,0.0,12.0,120000.0,0.0,0.0,1.0,0.177,0
453.0,1866,2.461368653421634,2.058038999264165,0.0,12.0,120000.0,0.0,0.0,1.0,0.19,1,100,0.0024752475247524753,9.862233333333334,2.450765864332604,2.0605397520058353,0.0,12.0,120000.0,0.0,0.0,1.0,0.178,0
451.0,981,2.4722838137472283,2.0602365114560235,25.0,12.0,120000.0,20000.0,3.0,1.0,0.193,0,0,0.0024752475247524753,9.758032916666666,2.4507121846193263,2.060494619508808,12.5,12.0,120000.0,20000.0,2.0,1.0,0.174,0
451.0,1432,2.4722838137472283,2.0602365114560235,12.5,12.0,120000.0,20000.0,2.0,2.0,0.193,1,100,0.0024752475247524753,9.777782916666665,2.4507121846193263,2.060494619508808,25.0,12.0,120000.0,20000.0,3.0,2.0,0.174,0
449.0,1431,2.4832962138084635,2.0554936896807723,25.0,12.0,120000.0,20000.0,3.0,2.0,0.199,1,100,0.0024752475247524753,9.6585,2.445414847161572,2.0560407569141192,25.0,12.0,120000.0,20000.0,3.0,2.0,0.175,0
443.0,2320,2.460496613995485,2.0551166290443943,0.0,12.0,120000.0,0.0,0.0,0.0,0.214,2,100,0.0024752475247524753,-3.59625,2.445414847161572,2.0560407569141192,0.0,12.0,120000.0,0.0,0.0,0.0,0.175,1
416.0,1849,2.391826923076923,2.010717147435898,0.0,12.0,120000.0,0.0,0.0,1.0,0.272,3,100,0.0024752475247524753,-3.97125,2.4512474125721755,2.0517848712641173,0.0,12.0,120000.0,0.0,0.0,1.0,0.175,1
420.0,1851,2.392857142857143,2.0064484126984126,0.0,12.0,120000.0,0.0,0.0,1.0,0.264,3,100,0.0024752475247524753,-3.97155,2.4623061069530316,2.056441407238674,0.0,12.0,120000.0,0.0,0.0,1.0,0.169,1
418.0,1850,2.380382775119617,2.016048644338118,0.0,12.0,120000.0,0.0,0.0,1.0,0.268,3,100,0.0024752475247524753,-3.97155,2.4623061069530316,2.056441407238674,0.0,12.0,120000.0,0.0,0.0,1.0,0.169,1
457.0,1868,2.450765864332604,2.0605397520058353,0.0,12.0,120000.0,0.0,0.0,1.0,0.178,1,100,0.0024752475247524753,9.861583333333334,2.462039045553145,2.056218365871294,0.0,12.0,120000.0,0.0,0.0,1.0,0.17,0
441.0,565,2.4489795918367347,2.064436885865457,50.0,25.0,400000.0,20000.0,5.0,1.0,0.218,1,100,0.0024752475247524753,9.657799800000001,2.461985586820555,2.056173718802042,12.5,25.0,400000.0,20000.0,2.0,1.0,0.165,0
455.0,1434,2.4505494505494507,2.0627289377289375,12.5,12.0,120000.0,20000.0,3.0,2.0,0.182,0,0,0.0024752475247524753,9.757582916666667,2.461985586820555,2.056173718802042,12.5,12.0,120000.0,20000.0,2.0,2.0,0.165,0
453.0,1433,2.461368653421634,2.058038999264165,25.0,12.0,120000.0,20000.0,3.0,2.0,0.19,2,100,0.0024752475247524753,9.6583,2.4567099567099566,2.051767676767677,12.5,12.0,120000.0,20000.0,2.0,2.0,0.166,0
421.0,966,2.387173396674584,2.0214766429136977,62.5,12.0,120000.0,20000.0,6.0,1.0,0.262,3,35,0.0024752475247524753,-3.9294,2.462468949130576,2.047557331605285,25.0,12.0,120000.0,20000.0,3.0,1.0,0.162,1
453.0,982,2.461368653421634,2.058038999264165,37.5,12.0,120000.0,20000.0,4.0,1.0,0.19,2,100,0.0024752475247524753,9.628983333333334,2.462203023758099,2.0540856731461483,25.0,12.0,120000.0,20000.0,3.0,1.0,0.163,0
459.0,1869,2.450980392156863,2.0583696441539576,0.0,12.0,120000.0,0.0,0.0,1.0,0.175,1,100,0.0024752475247524753,9.861533333333334,2.462203023758099,2.0540856731461483,0.0,12.0,120000.0,0.0,0.0,1.0,0.164,0
457.0,984,2.450765864332604,2.0605397520058353,12.5,12.0,120000.0,20000.0,2.0,1.0,0.178,1,100,0.0024752475247524753,9.777382916666667,2.4621497923986566,2.0540412650401807,12.5,12.0,120000.0,20000.0,2.0,1.0,0.161,0
423.0,2310,2.375886524822695,2.051319936958235,0.0,12.0,120000.0,0.0,0.0,0.0,0.256,3,51,0.0024752475247524753,-3.97195,2.4679383554262313,2.049879656572188,0.0,12.0,120000.0,0.0,0.0,0.0,0.161,1
455.0,983,2.4505494505494507,2.0627289377289375,25.0,12.0,120000.0,20000.0,3.0,1.0,0.182,1,100,0.0024752475247524753,9.657850000000002,2.4676724137931036,2.0563936781609193,12.5,12.0,120000.0,20000.0,2.0,1.0,0.162,0
451.0,157,2.4722838137472283,2.0602365114560235,0.0,8.0,80000.0,0.0,0.0,1.0,0.193,1,100,0.0024752475247524753,-3.8059089583333336,2.476615669225738,2.054873145843094,0.0,8.0,80000.0,0.0,0.0,1.0,0.161,1
423.0,1418,2.375886524822695,2.051319936958235,50.0,12.0,120000.0,20000.0,5.0,1.0,0.256,3,100,0.0024752475247524753,-3.9419500000000003,2.473384234863964,2.0521919919704628,12.5,12.0,120000.0,20000.0,2.0,2.0,0.161,1
455.0,1867,2.4505494505494507,2.0627289377289375,0.0,12.0,120000.0,0.0,0.0,1.0,0.182,2,100,0.0024752475247524753,9.569516666666665,2.467811158798283,2.047567954220315,0.0,12.0,120000.0,0.0,0.0,1.0,0.157,0
451.0,2324,2.4722838137472283,2.0602365114560235,0.0,12.0,120000.0,0.0,0.0,0.0,0.193,2,100,0.0024752475247524753,-3.59715,2.467811158798283,2.047567954220315,0.0,12.0,120000.0,0.0,0.0,0.0,0.157,1
426.0,1854,2.3826291079812205,2.0588810641627546,0.0,12.0,120000.0,0.0,0.0,1.0,0.246,3,100,0.0024752475247524753,-3.97225,2.4734982332155475,2.043402220080665,0.0,12.0,120000.0,0.0,0.0,1.0,0.155,1
464.0,1887,2.4676724137931036,2.0563936781609193,0.0,12.0,120000.0,0.0,0.0,1.0,0.162,1,100,0.0024752475247524753,9.860633333333334,2.467948717948718,2.0566239316239314,0.0,12.0,120000.0,0.0,0.0,1.0,0.151,0
461.0,1435,2.462039045553145,2.056218365871294,25.0,12.0,120000.0,20000.0,3.0,2.0,0.17,1,100,0.0024752475247524753,9.698916666666667,2.4626865671641793,2.0589019189765456,0.0,12.0,120000.0,20000.0,1.0,2.0,0.15,0
463.0,1436,2.462203023758099,2.0540856731461483,0.0,12.0,120000.0,20000.0,1.0,2.0,0.164,1,100,0.0024752475247524753,9.7775,2.4626865671641793,2.0589019189765456,0.0,12.0,120000.0,20000.0,2.0,2.0,0.15,0
375.0,125,2.2666666666666666,1.9305555555555556,0.0,8.0,80000.0,0.0,0.0,1.0,0.358,2,100,0.0024752475247524753,-3.9728,2.4715381958153264,2.0573957502880815,0.0,8.0,80000.0,0.0,0.0,1.0,0.144,1
455.0,159,2.4505494505494507,2.0627289377289375,0.0,8.0,80000.0,0.0,0.0,1.0,0.182,1,100,0.0024752475247524753,-3.8692589583333334,2.4715381958153264,2.0573957502880815,0.0,8.0,80000.0,0.0,0.0,1.0,0.144,1
425.0,2311,2.364705882352941,2.056372549019608,0.0,12.0,120000.0,0.0,0.0,0.0,0.249,3,100,0.0024752475247524753,-3.9728,2.4683476965634643,2.0547398659431853,0.0,12.0,120000.0,0.0,0.0,0.0,0.144,1
460.0,1885,2.4456521739130435,2.0606884057971016,0.0,12.0,120000.0,0.0,0.0,1.0,0.172,2,100,0.0024752475247524753,9.610583333333334,2.4680851063829787,2.0833333333333335,0.0,12.0,120000.0,0.0,0.0,1.0,0.145,0
445.0,2321,2.460674157303371,2.066947565543071,0.0,12.0,120000.0,0.0,0.0,0.0,0.21,2,100,0.0024752475247524753,-3.9728,2.4680325425409557,2.083288963710936,0.0,12.0,120000.0,0.0,0.0,0.0,0.144,1
466.0,1888,2.467811158798283,2.047567954220315,0.0,12.0,120000.0,0.0,0.0,1.0,0.157,1,100,0.0024752475247524753,9.818666666666667,2.4628450106157116,2.078910120311394,0.0,12.0,120000.0,0.0,0.0,1.0,0.145,0
451.0,580,2.4722838137472283,2.0602365114560235,25.0,25.0,400000.0,20000.0,3.0,1.0,0.193,0,0,0.0024752475247524753,9.606299799999999,2.4627926697354052,2.0788659388930326,25.0,25.0,400000.0,20000.0,3.0,1.0,0.14,0
462.0,1886,2.4567099567099566,2.051767676767677,0.0,12.0,120000.0,0.0,0.0,1.0,0.166,2,100,0.0024752475247524753,9.610333333333333,2.457627118644068,2.087747175141243,0.0,12.0,120000.0,0.0,0.0,1.0,0.14,0
459.0,161,2.450980392156863,2.0583696441539576,0.0,8.0,80000.0,0.0,0.0,1.0,0.175,1,100,0.0024752475247524753,-3.8071589583333334,2.4558406853240786,2.086229605169341,0.0,8.0,80000.0,0.0,0.0,1.0,0.136,1
469.0,1874,2.4626865671641793,2.0589019189765456,0.0,12.0,120000.0,0.0,0.0,1.0,0.15,1,100,0.0024752475247524753,9.860183333333334,2.452431289640592,2.0833333333333335,0.0,12.0,120000.0,0.0,0.0,1.0,0.137,0
433.0,972,2.424942263279446,2.083333333333333,37.5,12.0,120000.0,20000.0,4.0,1.0,0.236,3,100,0.0024752475247524753,-3.95585,2.458065196750712,2.0791574357351337,12.5,12.0,120000.0,20000.0,3.0,1.0,0.133,1
463.0,1871,2.462203023758099,2.0540856731461483,0.0,12.0,120000.0,0.0,0.0,1.0,0.164,2,100,0.0024752475247524753,9.568366666666666,2.457805907172996,2.0789381153305206,0.0,12.0,120000.0,0.0,0.0,1.0,0.134,0
459.0,2328,2.450980392156863,2.0583696441539576,0.0,12.0,120000.0,0.0,0.0,0.0,0.175,2,100,0.0024752475247524753,-3.5983,2.457805907172996,2.0789381153305206,0.0,12.0,120000.0,0.0,0.0,0.0,0.134,1
465.0,1872,2.4731182795698925,2.0519713261648747,0.0,12.0,120000.0,0.0,0.0,1.0,0.161,2,100,0.0024752475247524753,9.609933333333334,2.4526315789473685,2.074561403508772,0.0,12.0,120000.0,0.0,0.0,1.0,0.132,0
469.0,1439,2.4626865671641793,2.0589019189765456,0.0,12.0,120000.0,20000.0,1.0,2.0,0.15,1,100,0.0024752475247524753,9.775932916666665,2.45257989405318,2.0745176857781726,0.0,12.0,120000.0,20000.0,1.0,2.0,0.127,0
461.0,162,2.462039045553145,2.056218365871294,0.0,8.0,80000.0,0.0,0.0,1.0,0.17,1,100,0.0024752475247524753,-3.8701089583333337,2.482416166228982,2.0730629354278043,0.0,8.0,80000.0,0.0,0.0,1.0,0.127,1
435.0,2316,2.425287356321839,2.073754789272031,0.0,12.0,120000.0,0.0,0.0,0.0,0.232,3,100,0.0024752475247524753,-3.97365,2.479252022271247,2.0704205623840037,0.0,12.0,120000.0,0.0,0.0,0.0,0.127,1
433.0,2315,2.424942263279446,2.083333333333333,0.0,12.0,120000.0,0.0,0.0,0.0,0.236,3,100,0.0024752475247524753,-3.97365,2.479252022271247,2.0704205623840037,0.0,12.0,120000.0,0.0,0.0,0.0,0.127,1
435.0,973,2.425287356321839,2.073754789272031,37.5,12.0,120000.0,20000.0,4.0,1.0,0.232,3,100,0.0024752475247524753,-3.95615,2.479252022271247,2.0704205623840037,12.5,12.0,120000.0,20000.0,2.0,1.0,0.127,1
467.0,1438,2.473233404710921,2.0498750892219846,12.5,12.0,120000.0,20000.0,2.0,2.0,0.155,1,100,0.0024752475247524753,9.65115,2.4789915966386555,2.070203081232493,0.0,12.0,120000.0,20000.0,1.0,2.0,0.128,0
260.0,506,1.8653846153846152,1.7668269230769231,50.0,25.0,400000.0,20000.0,5.0,1.0,0.576,2,100,0.0024752475247524753,-3.9437,2.4965034965034967,2.0673076923076925,25.0,25.0,400000.0,20000.0,3.0,1.0,0.126,1
434.0,1858,2.4308755760368665,2.0785330261136714,0.0,12.0,120000.0,0.0,0.0,1.0,0.232,3,100,0.0024752475247524753,-3.9737,2.495020442394381,2.0660796030331623,0.0,12.0,120000.0,0.0,0.0,1.0,0.126,1
435.0,1424,2.425287356321839,2.073754789272031,25.0,12.0,120000.0,20000.0,3.0,2.0,0.232,3,100,0.0024752475247524753,-3.9689,2.490790302855193,2.069117644791297,12.5,12.0,120000.0,20000.0,2.0,2.0,0.122,1
465.0,164,2.4731182795698925,2.0519713261648747,0.0,8.0,80000.0,0.0,0.0,1.0,0.161,1,100,0.0024752475247524753,-3.8079589583333338,2.487752817270312,2.0861932763873936,0.0,8.0,80000.0,0.0,0.0,1.0,0.12,1
473.0,1876,2.452431289640592,2.0833333333333335,0.0,12.0,120000.0,0.0,0.0,1.0,0.137,1,100,0.0024752475247524753,9.7758,2.4843423799582465,2.089857341684064,0.0,12.0,120000.0,0.0,0.0,1.0,0.121,0
465.0,2331,2.4731182795698925,2.0519713261648747,0.0,12.0,120000.0,0.0,0.0,0.0,0.161,2,100,0.0024752475247524753,-3.5572833333333334,2.4843423799582465,2.089857341684064,0.0,12.0,120000.0,0.0,0.0,0.0,0.121,1
439.0,2318,2.460136674259681,2.066723614274867,0.0,12.0,120000.0,0.0,0.0,0.0,0.221,3,100,0.0024752475247524753,-3.9741,2.500260443796229,2.085720734798764,0.0,12.0,120000.0,0.0,0.0,0.0,0.118,1
437.0,2317,2.448512585812357,2.0761823035850493,0.0,12.0,120000.0,0.0,0.0,0.0,0.226,3,100,0.0024752475247524753,-3.9741,2.500260443796229,2.085720734798764,0.0,12.0,120000.0,0.0,0.0,0.0,0.118,1
453.0,2325,2.461368653421634,2.058038999264165,0.0,12.0,120000.0,0.0,0.0,0.0,0.19,2,100,0.0024752475247524753,-3.9741,2.5,2.092013888888889,0.0,12.0,120000.0,0.0,0.0,0.0,0.118,1
467.0,2332,2.473233404710921,2.0498750892219846,0.0,12.0,120000.0,0.0,0.0,0.0,0.155,2,100,0.0024752475247524753,-3.516383750000001,2.4999478656705514,2.0919702625923713,0.0,12.0,120000.0,0.0,0.0,0.0,0.114,1
467.0,165,2.473233404710921,2.0498750892219846,0.0,8.0,80000.0,0.0,0.0,1.0,0.155,1,100,0.0024752475247524753,-3.8083089583333334,2.4982130316881737,2.090518543877951,0.0,8.0,80000.0,0.0,0.0,1.0,0.113,1
471.0,1875,2.4628450106157116,2.078910120311394,0.0,12.0,120000.0,0.0,0.0,1.0,0.145,2,100,0.0024752475247524753,9.609033333333333,2.494802494802495,2.087664587664588,0.0,12.0,120000.0,0.0,0.0,1.0,0.114,0
473.0,1441,2.452431289640592,2.0833333333333335,12.5,12.0,120000.0,20000.0,2.0,2.0,0.137,1,100,0.0024752475247524753,9.692416666666666,2.494802494802495,2.087664587664588,25.0,12.0,120000.0,20000.0,3.0,2.0,0.115,0
455.0,2326,2.4505494505494507,2.0627289377289375,0.0,12.0,120000.0,0.0,0.0,0.0,0.182,2,100,0.0024752475247524753,-3.9744,2.4947505770202163,2.0876211425759448,0.0,12.0,120000.0,0.0,0.0,0.0,0.112,1
170.0,475,1.1176470588235294,1.1519607843137254,25.0,25.0,400000.0,20000.0,3.0,1.0,0.784,1,100,0.0024752475247524753,-3.9709000000000003,2.4947505770202163,2.0876211425759448,62.5,25.0,400000.0,20000.0,6.0,1.0,0.112,1
477.0,1878,2.494758909853249,2.072414395527603,0.0,12.0,120000.0,0.0,0.0,1.0,0.126,1,100,0.0024752475247524753,9.816816666666664,2.4896265560165975,2.0898167358229602,0.0,12.0,120000.0,0.0,0.0,1.0,0.113,0
457.0,2327,2.450765864332604,2.0605397520058353,0.0,12.0,120000.0,0.0,0.0,0.0,0.178,2,100,0.0024752475247524753,-3.97445,2.489574853435098,2.0897733361733852,0.0,12.0,120000.0,0.0,0.0,0.0,0.111,1
469.0,175,2.4626865671641793,2.0589019189765456,0.0,8.0,80000.0,0.0,0.0,1.0,0.15,1,100,0.0024752475247524753,-3.8084589583333335,2.4982204412164135,2.088329155131632,0.0,8.0,80000.0,0.0,0.0,1.0,0.11,1
441.0,2319,2.4489795918367347,2.064436885865457,0.0,12.0,120000.0,0.0,0.0,0.0,0.218,3,100,0.0024752475247524753,-3.9745,2.495082306657004,2.0857059046830244,0.0,12.0,120000.0,0.0,0.0,0.0,0.11,1
479.0,1879,2.4843423799582465,2.089857341684064,0.0,12.0,120000.0,0.0,0.0,1.0,0.121,1,100,0.0024752475247524753,9.858383333333332,2.4948240165631472,2.091959972394755,0.0,12.0,120000.0,0.0,0.0,1.0,0.111,0
477.0,1443,2.494758909853249,2.072414395527603,0.0,12.0,120000.0,20000.0,1.0,2.0,0.126,0,0,0.0024752475247524753,9.755049999999999,2.4948240165631472,2.091959972394755,25.0,12.0,120000.0,20000.0,3.0,2.0,0.111,0
463.0,584,2.462203023758099,2.0540856731461483,12.5,25.0,400000.0,20000.0,2.0,1.0,0.164,1,100,0.0024752475247524753,9.6240498,2.4947723133108566,2.0919166181807842,50.0,25.0,400000.0,20000.0,5.0,1.0,0.105,0
480.0,1895,2.5,2.092013888888889,0.0,12.0,120000.0,0.0,0.0,1.0,0.118,1,100,0.0024752475247524753,9.858083333333333,2.4896694214876036,2.0876377410468323,0.0,12.0,120000.0,0.0,0.0,1.0,0.105,0
469.0,2333,2.4626865671641793,2.0589019189765456,0.0,12.0,120000.0,0.0,0.0,0.0,0.15,2,100,0.0024752475247524753,-3.59975,2.4896694214876036,2.0876377410468323,0.0,12.0,120000.0,0.0,0.0,0.0,0.105,1
481.0,1880,2.494802494802495,2.087664587664588,0.0,12.0,120000.0,0.0,0.0,1.0,0.115,1,100,0.0024752475247524753,9.858233333333335,2.484536082474227,2.0833333333333335,0.0,12.0,120000.0,0.0,0.0,1.0,0.103,0
471.0,2334,2.4628450106157116,2.078910120311394,0.0,12.0,120000.0,0.0,0.0,0.0,0.145,2,100,0.0024752475247524753,-3.5588504166666675,2.4844848047569164,2.083290335938977,0.0,12.0,120000.0,0.0,0.0,0.0,0.098,1
479.0,1444,2.4843423799582465,2.089857341684064,12.5,12.0,120000.0,20000.0,2.0,2.0,0.121,0,0,0.0024752475247524753,9.754232916666666,2.4844848047569164,2.083290335938977,12.5,12.0,120000.0,20000.0,2.0,2.0,0.098,0
482.0,1896,2.4896265560165975,2.0898167358229602,0.0,12.0,120000.0,0.0,0.0,1.0,0.113,1,100,0.0024752475247524753,9.858233333333333,2.479423868312757,2.0854766803840876,0.0,12.0,120000.0,0.0,0.0,1.0,0.098,0
481.0,985,2.494802494802495,2.087664587664588,0.0,12.0,120000.0,20000.0,1.0,1.0,0.115,0,0,0.0024752475247524753,9.7548,2.4743326488706368,2.091889117043121,0.0,12.0,120000.0,20000.0,2.0,1.0,0.096,0
481.0,1445,2.494802494802495,2.087664587664588,25.0,12.0,120000.0,20000.0,3.0,2.0,0.115,0,0,0.0024752475247524753,9.754232916666666,2.4742817914564017,2.091846120370298,0.0,12.0,120000.0,20000.0,1.0,2.0,0.093,0
463.0,2330,2.462203023758099,2.0540856731461483,0.0,12.0,120000.0,0.0,0.0,0.0,0.164,2,100,0.0024752475247524753,-3.97535,2.469262295081967,2.0940061475409837,0.0,12.0,120000.0,0.0,0.0,0.0,0.093,1
389.0,132,2.2879177377892033,1.9387317909168806,0.0,8.0,80000.0,0.0,0.0,1.0,0.332,2,100,0.0024752475247524753,-3.97545,2.477764909706322,2.0925338984348327,0.0,8.0,80000.0,0.0,0.0,1.0,0.091,1
447.0,2322,2.460850111856823,2.06469052945563,0.0,12.0,120000.0,0.0,0.0,0.0,0.203,3,100,0.0024752475247524753,-3.97545,2.4746906636670416,2.0899376214336844,0.0,12.0,120000.0,0.0,0.0,0.0,0.091,1
476.0,2335,2.4789915966386555,2.070203081232493,0.0,12.0,120000.0,0.0,0.0,0.0,0.128,2,100,0.0024752475247524753,-3.5171166666666664,2.474437627811861,2.1174164962508524,0.0,12.0,120000.0,0.0,0.0,0.0,0.091,1
469.0,586,2.4626865671641793,2.0589019189765456,25.0,25.0,400000.0,20000.0,3.0,1.0,0.15,1,100,0.0024752475247524753,9.628099800000001,2.4743869762502406,2.1173731528863113,50.0,25.0,400000.0,20000.0,5.0,1.0,0.086,0
449.0,980,2.4832962138084635,2.0554936896807723,25.0,12.0,120000.0,20000.0,3.0,1.0,0.199,3,100,0.0024752475247524753,-3.9707,2.4798448821308297,2.1133108820627955,25.0,12.0,120000.0,20000.0,3.0,1.0,0.086,1
486.0,1898,2.479423868312757,2.0854766803840876,0.0,12.0,120000.0,0.0,0.0,1.0,0.098,1,100,0.0024752475247524753,9.857683333333334,2.4795918367346936,2.113095238095238,0.0,12.0,120000.0,0.0,0.0,1.0,0.087,0
467.0,1873,2.473233404710921,2.0498750892219846,0.0,12.0,120000.0,0.0,0.0,1.0,0.155,2,100,0.0024752475247524753,-3.9345004166666677,2.4795411832505216,2.113052071460064,0.0,12.0,120000.0,0.0,0.0,1.0,0.085,1
468.0,1889,2.467948717948718,2.0566239316239314,0.0,12.0,120000.0,0.0,0.0,1.0,0.151,2,100,0.0024752475247524753,-3.9346504166666674,2.4744913041589522,2.125720410465766,0.0,12.0,120000.0,0.0,0.0,1.0,0.082,1
449.0,2323,2.4832962138084635,2.0554936896807723,0.0,12.0,120000.0,0.0,0.0,0.0,0.199,3,51,0.0024752475247524753,-3.9758999999999998,2.4799268218314867,2.1216587051529627,0.0,12.0,120000.0,0.0,0.0,0.0,0.082,1
393.0,134,2.3155216284987277,1.9349024597116202,0.0,8.0,80000.0,0.0,0.0,1.0,0.322,2,100,0.0024752475247524753,-3.976,2.4779455567331965,2.119963667901864,0.0,8.0,80000.0,0.0,0.0,1.0,0.08,1
470.0,1890,2.4680851063829787,2.0833333333333335,0.0,12.0,120000.0,0.0,0.0,1.0,0.145,2,100,0.0024752475247524753,-3.9349004166666677,2.474594785610945,2.1170969733454292,0.0,12.0,120000.0,0.0,0.0,1.0,0.077,1
487.0,988,2.4743326488706368,2.091889117043121,0.0,12.0,120000.0,20000.0,1.0,1.0,0.096,0,0,0.0024752475247524753,9.753182916666667,2.474594785610945,2.1170969733454292,12.5,12.0,120000.0,20000.0,2.0,1.0,0.077,0
487.0,1448,2.4743326488706368,2.091889117043121,12.5,12.0,120000.0,20000.0,2.0,2.0,0.096,2,100,0.0024752475247524753,9.732183333333333,2.4696356275303644,2.1255060728744937,0.0,12.0,120000.0,20000.0,1.0,2.0,0.077,0
489.0,989,2.474437627811861,2.1174164962508524,12.5,12.0,120000.0,20000.0,2.0,1.0,0.091,0,0,0.0024752475247524753,9.753032916666667,2.4645966250258255,2.1211692264566526,12.5,12.0,120000.0,20000.0,2.0,1.0,0.074,0
263.0,507,1.88212927756654,1.758555133079848,50.0,25.0,400000.0,20000.0,5.0,1.0,0.568,2,100,0.0024752475247524753,-3.9463000000000004,2.46133154001345,2.1183591123066576,75.0,25.0,400000.0,20000.0,7.0,1.0,0.074,1
475.0,1877,2.4526315789473685,2.074561403508772,0.0,12.0,120000.0,0.0,0.0,1.0,0.132,2,100,0.0024752475247524753,-3.8513,2.459677419354839,2.123235887096774,0.0,12.0,120000.0,0.0,0.0,1.0,0.074,1
474.0,1892,2.457805907172996,2.0789381153305206,0.0,12.0,120000.0,0.0,0.0,1.0,0.134,2,100,0.0024752475247524753,-3.8929666666666667,2.459677419354839,2.123235887096774,0.0,12.0,120000.0,0.0,0.0,1.0,0.074,1
477.0,590,2.494758909853249,2.072414395527603,25.0,25.0,400000.0,20000.0,3.0,1.0,0.126,0,0,0.0024752475247524753,9.601949799999998,2.454678930913283,2.125208705555045,62.5,25.0,400000.0,20000.0,6.0,1.0,0.068,0
494.0,1902,2.4696356275303644,2.1255060728744937,0.0,12.0,120000.0,0.0,0.0,1.0,0.077,1,100,0.0024752475247524753,9.856783333333334,2.4497991967871484,2.120983935742972,0.0,12.0,120000.0,0.0,0.0,1.0,0.069,0
476.0,1893,2.4789915966386555,2.070203081232493,0.0,12.0,120000.0,0.0,0.0,1.0,0.128,2,100,0.0024752475247524753,-3.893783750000001,2.4497499558292013,2.1209413039709784,0.0,12.0,120000.0,0.0,0.0,1.0,0.066,1
212.0,489,1.650943396226415,1.3954402515723272,25.0,25.0,400000.0,20000.0,3.0,1.0,0.699,1,100,0.0024752475247524753,-3.9732000000000003,2.4497499558292013,2.1209413039709784,50.0,25.0,400000.0,20000.0,5.0,1.0,0.066,1
478.0,589,2.489539748953975,2.087691771269177,37.5,25.0,400000.0,20000.0,4.0,1.0,0.122,1,100,0.0024752475247524753,9.6395998,2.4497499558292013,2.1209413039709784,50.0,25.0,400000.0,20000.0,5.0,1.0,0.066,0
212.0,490,1.650943396226415,1.3954402515723272,25.0,25.0,400000.0,20000.0,3.0,1.0,0.699,1,100,0.0024752475247524753,-3.9734000000000003,2.44484073575999,2.1417406035602373,50.0,25.0,400000.0,20000.0,5.0,1.0,0.062,1
496.0,1903,2.459677419354839,2.123235887096774,0.0,12.0,120000.0,0.0,0.0,1.0,0.074,2,16,0.0024752475247524753,9.856483333333333,2.44,2.1375,0.0,12.0,120000.0,0.0,0.0,1.0,0.063,0
221.0,493,1.6742081447963801,1.4375942684766214,37.5,25.0,400000.0,20000.0,4.0,1.0,0.675,1,100,0.0024752475247524753,-3.96095,2.4399511521779336,2.1374572081066936,37.5,25.0,400000.0,20000.0,4.0,1.0,0.061,1
480.0,591,2.5,2.092013888888889,50.0,25.0,400000.0,20000.0,5.0,1.0,0.118,1,100,0.0024752475247524753,9.6520998,2.4399511521779336,2.1374572081066936,37.5,25.0,400000.0,20000.0,4.0,1.0,0.061,0
399.0,137,2.330827067669173,1.958020050125313,0.0,8.0,80000.0,0.0,0.0,1.0,0.306,2,100,0.0024752475247524753,-3.97695,2.438325634297936,2.136033214472065,0.0,8.0,80000.0,0.0,0.0,1.0,0.061,1
495.0,1452,2.4646464646464645,2.121212121212121,0.0,12.0,120000.0,20000.0,1.0,2.0,0.075,0,0,0.0024752475247524753,9.75305,2.435129740518962,2.137391882900865,0.0,12.0,120000.0,20000.0,2.0,2.0,0.061,0
495.0,992,2.4646464646464645,2.121212121212121,12.5,12.0,120000.0,20000.0,2.0,1.0,0.075,0,0,0.0024752475247524753,9.752482916666667,2.435081087501625,2.137349178578954,0.0,12.0,120000.0,20000.0,1.0,1.0,0.058,0
461.0,2329,2.462039045553145,2.056218365871294,0.0,12.0,120000.0,0.0,0.0,0.0,0.17,3,100,0.0024752475247524753,-3.9771,2.440482119733041,2.133346614868679,0.0,12.0,120000.0,0.0,0.0,0.0,0.058,1
401.0,138,2.3316708229426433,1.9560473815461348,0.0,8.0,80000.0,0.0,0.0,1.0,0.303,2,25,0.0024752475247524753,-3.9772,2.4385711809604746,2.131676168390619,0.0,8.0,80000.0,0.0,0.0,1.0,0.056,1
461.0,1870,2.462039045553145,2.056218365871294,0.0,12.0,120000.0,0.0,0.0,1.0,0.17,3,100,0.0024752475247524753,-3.97735,2.4407183252306774,2.1248801137679,0.0,12.0,120000.0,0.0,0.0,1.0,0.053,1
500.0,1905,2.44,2.1375,0.0,12.0,120000.0,0.0,0.0,1.0,0.063,1,100,0.0024752475247524753,9.855783333333335,2.4404761904761907,2.124669312169312,0.0,12.0,120000.0,0.0,0.0,1.0,0.054,0
266.0,517,1.8796992481203008,1.7817982456140349,62.5,25.0,400000.0,20000.0,6.0,1.0,0.561,2,100,0.0024752475247524753,-3.9351,2.432384281806208,2.1238043652965786,50.0,25.0,400000.0,20000.0,5.0,1.0,0.048,1
502.0,1906,2.4402390438247012,2.1331341301460824,0.0,12.0,120000.0,0.0,0.0,1.0,0.058,1,100,0.0024752475247524753,9.855533333333334,2.4308300395256914,2.128623188405797,0.0,12.0,120000.0,0.0,0.0,1.0,0.049,0
486.0,593,2.479423868312757,2.0854766803840876,50.0,25.0,400000.0,20000.0,5.0,1.0,0.098,1,100,0.0024752475247524753,9.6513998,2.4307819523175045,2.1285810795192237,37.5,25.0,400000.0,20000.0,4.0,1.0,0.047,0
482.0,2338,2.4896265560165975,2.0898167358229602,0.0,12.0,120000.0,0.0,0.0,0.0,0.113,2,100,0.0024752475247524753,-3.97765,2.42603550295858,2.1305884286653516,0.0,12.0,120000.0,0.0,0.0,0.0,0.047,1
501.0,1455,2.435129740518962,2.137391882900865,0.0,12.0,120000.0,20000.0,1.0,2.0,0.061,1,100,0.0024752475247524753,9.771582916666667,2.4259876052545786,2.13054636403201,12.5,12.0,120000.0,20000.0,2.0,2.0,0.045,0
465.0,1437,2.4731182795698925,2.0519713261648747,12.5,12.0,120000.0,20000.0,2.0,2.0,0.161,3,100,0.0024752475247524753,-3.9778,2.4313416674869575,2.1266036683400595,12.5,12.0,120000.0,20000.0,2.0,2.0,0.044,1
504.0,1907,2.4404761904761907,2.124669312169312,0.0,12.0,120000.0,0.0,0.0,1.0,0.054,1,100,0.0024752475247524753,9.855583333333334,2.4311023622047245,2.1263943569553803,0.0,12.0,120000.0,0.0,0.0,1.0,0.045,0
494.0,2344,2.4696356275303644,2.1255060728744937,0.0,12.0,120000.0,0.0,0.0,0.0,0.077,2,100,0.0024752475247524753,-3.5610833333333334,2.4311023622047245,2.1263943569553803,0.0,12.0,120000.0,0.0,0.0,0.0,0.045,1
503.0,996,2.4353876739562623,2.1288933068257125,0.0,12.0,120000.0,20000.0,1.0,1.0,0.056,1,100,0.0024752475247524753,9.7719,2.4263261296660117,2.128356254092993,12.5,12.0,120000.0,20000.0,2.0,2.0,0.043,0
506.0,1908,2.4308300395256914,2.128623188405797,0.0,12.0,120000.0,0.0,0.0,1.0,0.049,2,100,0.0024752475247524753,9.855333333333334,2.4215686274509802,2.1241830065359477,0.0,12.0,120000.0,0.0,0.0,1.0,0.04,0
471.0,1440,2.4628450106157116,2.078910120311394,12.5,12.0,120000.0,20000.0,2.0,2.0,0.145,3,100,0.0024752475247524753,-3.9782,2.4221115343295243,2.120161474102289,12.5,12.0,120000.0,20000.0,2.0,2.0,0.036,1
505.0,997,2.4356435643564356,2.1266501650165015,12.5,12.0,120000.0,20000.0,2.0,2.0,0.052,2,100,0.0024752475247524753,9.728183333333332,2.421875,2.126057942708333,12.5,12.0,120000.0,20000.0,2.0,2.0,0.037,0
492.0,595,2.4796747967479673,2.1214430894308944,50.0,25.0,400000.0,20000.0,5.0,1.0,0.082,1,100,0.0024752475247524753,9.650849800000001,2.4218276513773627,2.1260163774272045,37.5,25.0,400000.0,20000.0,4.0,1.0,0.036,0
413.0,144,2.397094430992736,2.002623083131558,0.0,8.0,80000.0,0.0,0.0,1.0,0.278,2,100,0.0024752475247524753,-3.9782,2.4300110779227913,2.124633179743405,0.0,8.0,80000.0,0.0,0.0,2.0,0.036,1
472.0,1891,2.457627118644068,2.087747175141243,0.0,12.0,120000.0,0.0,0.0,1.0,0.14,3,100,0.0024752475247524753,-3.9782,2.4270897842504335,2.122079003130608,0.0,12.0,120000.0,0.0,0.0,1.0,0.036,1
507.0,998,2.42603550295858,2.1305884286653516,12.5,12.0,120000.0,20000.0,2.0,2.0,0.047,0,0,0.0024752475247524753,9.751282916666668,2.426853230407726,2.121872176854145,0.0,12.0,120000.0,20000.0,1.0,2.0,0.034,0
507.0,1458,2.42603550295858,2.1305884286653516,12.5,12.0,120000.0,20000.0,2.0,2.0,0.047,0,0,0.0024752475247524753,9.751282916666668,2.426853230407726,2.121872176854145,0.0,12.0,120000.0,20000.0,1.0,2.0,0.034,0
505.0,1457,2.4356435643564356,2.1266501650165015,12.5,12.0,120000.0,20000.0,2.0,2.0,0.052,2,100,0.0024752475247524753,9.604983333333333,2.4174757281553396,2.125809061488673,0.0,12.0,120000.0,20000.0,1.0,1.0,0.033,0
495.0,596,2.4646464646464645,2.121212121212121,62.5,25.0,400000.0,20000.0,6.0,1.0,0.075,0,0,0.0024752475247524753,9.600599800000001,2.4174287408510757,2.125767743168073,37.5,25.0,400000.0,20000.0,4.0,1.0,0.031,0
475.0,1442,2.4526315789473685,2.074561403508772,12.5,12.0,120000.0,20000.0,2.0,2.0,0.132,3,100,0.0024752475247524753,-3.97845,2.4226683769542534,2.1218537201491,0.0,12.0,120000.0,20000.0,1.0,1.0,0.031,1
502.0,2348,2.4402390438247012,2.1331341301460824,0.0,12.0,120000.0,0.0,0.0,0.0,0.058,2,100,0.0024752475247524753,-3.5617833333333335,2.422480620155039,2.131782945736434,0.0,12.0,120000.0,0.0,0.0,0.0,0.031,1
511.0,1000,2.416829745596869,2.1241030658838875,12.5,12.0,120000.0,20000.0,2.0,2.0,0.039,2,100,0.0024752475247524753,9.77145,2.4177949709864603,2.127659574468085,0.0,12.0,120000.0,20000.0,1.0,1.0,0.029,0
423.0,149,2.375886524822695,2.051319936958235,0.0,8.0,80000.0,0.0,0.0,1.0,0.256,2,100,0.0024752475247524753,-3.97865,2.416190361986746,2.1262475185483365,0.0,8.0,80000.0,0.0,0.0,2.0,0.027,1
478.0,2336,2.489539748953975,2.087691771269177,0.0,12.0,120000.0,0.0,0.0,0.0,0.122,3,100,0.0024752475247524753,-3.97875,2.4182980881320706,2.1256454808531395,0.0,12.0,120000.0,0.0,0.0,0.0,0.025,1
513.0,1001,2.426900584795322,2.1219135802469133,12.5,12.0,120000.0,20000.0,2.0,2.0,0.036,2,100,0.0024752475247524753,9.7713,2.418111753371869,2.125481695568401,0.0,12.0,120000.0,20000.0,1.0,1.0,0.026,0
478.0,1894,2.489539748953975,2.087691771269177,0.0,12.0,120000.0,0.0,0.0,1.0,0.122,3,100,0.0024752475247524753,-3.9788,2.423263281343502,2.121557386692104,0.0,12.0,120000.0,0.0,0.0,1.0,0.024,1
515.0,1002,2.4174757281553396,2.125809061488673,0.0,12.0,120000.0,20000.0,1.0,1.0,0.033,2,16,0.0024752475247524753,9.77115,2.418426103646833,2.11732245681382,0.0,12.0,120000.0,20000.0,1.0,1.0,0.023,0
480.0,2337,2.5,2.092013888888889,0.0,12.0,120000.0,0.0,0.0,0.0,0.118,3,100,0.0024752475247524753,-3.9789,2.423557314285438,2.1134281915582003,0.0,12.0,120000.0,0.0,0.0,0.0,0.022,1
483.0,986,2.4948240165631472,2.091959972394755,12.5,12.0,120000.0,20000.0,2.0,1.0,0.111,3,100,0.0024752475247524753,-3.97905,2.433391815531877,2.1113252517114813,0.0,12.0,120000.0,20000.0,1.0,1.0,0.019,1
483.0,1881,2.4948240165631472,2.091959972394755,0.0,12.0,120000.0,0.0,0.0,1.0,0.111,3,100,0.0024752475247524753,-3.97905,2.433391815531877,2.1113252517114813,0.0,12.0,120000.0,0.0,0.0,1.0,0.019,1
510.0,2352,2.4215686274509802,2.1241830065359477,0.0,12.0,120000.0,0.0,0.0,0.0,0.04,2,100,0.0024752475247524753,-3.5623833333333335,2.433206106870229,2.1111641221374047,0.0,12.0,120000.0,0.0,0.0,0.0,0.019,1
504.0,599,2.4404761904761907,2.124669312169312,37.5,25.0,400000.0,20000.0,4.0,1.0,0.054,1,100,0.0024752475247524753,9.6376498,2.4331596260918755,2.1111237932267746,25.0,25.0,400000.0,20000.0,3.0,1.0,0.017,0
483.0,1446,2.4948240165631472,2.091959972394755,25.0,12.0,120000.0,20000.0,3.0,2.0,0.111,3,100,0.0024752475247524753,-3.9741500000000003,2.447805500460883,2.1073033734512467,0.0,12.0,120000.0,20000.0,1.0,1.0,0.017,1
484.0,2339,2.4896694214876036,2.0876377410468323,0.0,12.0,120000.0,0.0,0.0,0.0,0.105,3,100,0.0024752475247524753,-3.97915,2.447805500460883,2.1073033734512467,0.0,12.0,120000.0,0.0,0.0,0.0,0.017,1
521.0,1005,2.418426103646833,2.11732245681382,0.0,12.0,120000.0,20000.0,1.0,1.0,0.023,1,100,0.0024752475247524753,9.854233333333333,2.447619047619048,2.107142857142857,0.0,12.0,120000.0,20000.0,1.0,1.0,0.018,0
485.0,987,2.484536082474227,2.0833333333333335,12.5,12.0,120000.0,20000.0,2.0,1.0,0.103,3,100,0.0024752475247524753,-3.9792,2.4621643763372814,2.1032967886665,0.0,12.0,120000.0,20000.0,1.0,1.0,0.016,1
485.0,1882,2.484536082474227,2.0833333333333335,0.0,12.0,120000.0,0.0,0.0,1.0,0.103,3,48,0.0024752475247524753,-3.9792,2.4621643763372814,2.1032967886665,0.0,12.0,120000.0,0.0,0.0,1.0,0.016,1
485.0,1447,2.484536082474227,2.0833333333333335,25.0,12.0,120000.0,20000.0,3.0,2.0,0.103,3,100,0.0024752475247524753,-3.9742,2.4764687551907407,2.0993054102910014,0.0,12.0,120000.0,20000.0,1.0,1.0,0.016,1
484.0,1897,2.4896694214876036,2.0876377410468323,0.0,12.0,120000.0,0.0,0.0,1.0,0.105,3,100,0.0024752475247524753,-3.9792,2.4764687551907407,2.0993054102910014,0.0,12.0,120000.0,0.0,0.0,1.0,0.016,1
487.0,1883,2.4743326488706368,2.091889117043121,0.0,12.0,120000.0,0.0,0.0,1.0,0.096,3,100,0.0024752475247524753,-3.9793,2.486010237333443,2.109091384809979,0.0,12.0,120000.0,0.0,0.0,1.0,0.014,1
488.0,2341,2.469262295081967,2.0940061475409837,0.0,12.0,120000.0,0.0,0.0,0.0,0.093,3,100,0.0024752475247524753,-3.9793,2.486010237333443,2.109091384809979,0.0,12.0,120000.0,0.0,0.0,0.0,0.014,1
516.0,2355,2.422480620155039,2.131782945736434,0.0,12.0,120000.0,0.0,0.0,0.0,0.031,2,16,0.0024752475247524753,-3.5209666666666664,2.4858223062381852,2.1148393194706996,0.0,12.0,120000.0,0.0,0.0,0.0,0.014,1
508.0,1909,2.4311023622047245,2.1263943569553803,0.0,12.0,120000.0,0.0,0.0,1.0,0.045,2,1,0.0024752475247524753,-3.8543,2.4858223062381852,2.1148393194706996,0.0,12.0,120000.0,0.0,0.0,1.0,0.014,1
486.0,2340,2.479423868312757,2.0854766803840876,0.0,12.0,120000.0,0.0,0.0,0.0,0.098,3,100,0.0024752475247524753,-3.9794,2.5096233204463867,2.11100833815744,0.0,12.0,120000.0,0.0,0.0,0.0,0.012,1
488.0,1899,2.469262295081967,2.0940061475409837,0.0,12.0,120000.0,0.0,0.0,1.0,0.093,3,100,0.0024752475247524753,-3.9794,2.5096233204463867,2.11100833815744,0.0,12.0,120000.0,0.0,0.0,1.0,0.012,1
489.0,1449,2.474437627811861,2.1174164962508524,0.0,12.0,120000.0,20000.0,1.0,2.0,0.091,3,100,0.0024752475247524753,-3.9794,2.5096233204463867,2.11100833815744,0.0,12.0,120000.0,20000.0,1.0,1.0,0.012,1
510.0,601,2.4215686274509802,2.1241830065359477,37.5,25.0,400000.0,20000.0,4.0,1.0,0.04,1,10,0.0024752475247524753,9.637649800000002,2.509386568000857,2.110809190188691,12.5,25.0,400000.0,20000.0,2.0,1.0,0.012,0
489.0,1884,2.474437627811861,2.1174164962508524,0.0,12.0,120000.0,0.0,0.0,1.0,0.091,3,100,0.0024752475247524753,-3.9794,2.5237305536437673,2.1070325051410186,0.0,12.0,120000.0,0.0,0.0,1.0,0.012,1
490.0,2342,2.4795918367346936,2.113095238095238,0.0,12.0,120000.0,0.0,0.0,0.0,0.087,3,100,0.0024752475247524753,-3.9794,2.5237305536437673,2.1070325051410186,0.0,12.0,120000.0,0.0,0.0,0.0,0.012,1
523.0,1006,2.418738049713193,2.1152007648183555,0.0,12.0,120000.0,20000.0,1.0,1.0,0.02,2,100,0.0024752475247524753,9.687316666666666,2.5235404896421847,2.106873822975518,0.0,12.0,120000.0,20000.0,1.0,1.0,0.013,0
266.0,508,1.8796992481203008,1.7817982456140349,62.5,25.0,400000.0,20000.0,6.0,1.0,0.561,1,100,0.0024752475247524753,-3.9383999999999997,2.5233978772687444,2.106754757607767,25.0,25.0,400000.0,20000.0,3.0,1.0,0.012,1
490.0,1900,2.4795918367346936,2.113095238095238,0.0,12.0,120000.0,0.0,0.0,1.0,0.087,3,100,0.0024752475247524753,-3.9794,2.5377847481430047,2.103071619988879,0.0,12.0,120000.0,0.0,0.0,1.0,0.012,1
491.0,990,2.474541751527495,2.125763747454175,25.0,12.0,120000.0,20000.0,3.0,1.0,0.085,3,100,0.0024752475247524753,-3.9744,2.5377847481430047,2.103071619988879,0.0,12.0,120000.0,20000.0,1.0,1.0,0.012,1
525.0,1007,2.447619047619048,2.107142857142857,0.0,12.0,120000.0,20000.0,1.0,1.0,0.018,2,100,0.0024752475247524753,9.728983333333334,2.537593984962406,2.1029135338345863,0.0,12.0,120000.0,20000.0,1.0,1.0,0.013,0
492.0,2343,2.4796747967479673,2.1214430894308944,0.0,12.0,120000.0,0.0,0.0,0.0,0.082,3,100,0.0024752475247524753,-3.97945,2.551786202495756,2.0991255985603874,0.0,12.0,120000.0,0.0,0.0,0.0,0.011,1
491.0,1450,2.474541751527495,2.125763747454175,0.0,12.0,120000.0,20000.0,1.0,2.0,0.085,3,100,0.0024752475247524753,-3.97945,2.551786202495756,2.0991255985603874,0.0,12.0,120000.0,20000.0,1.0,1.0,0.011,1
529.0,1009,2.4858223062381852,2.1148393194706996,0.0,12.0,120000.0,20000.0,1.0,1.0,0.014,1,100,0.0024752475247524753,9.853933333333334,2.551594746716698,2.1106941838649154,0.0,12.0,120000.0,20000.0,1.0,1.0,0.012,0
513.0,602,2.426900584795322,2.1219135802469133,37.5,25.0,400000.0,20000.0,4.0,1.0,0.036,0,0,0.0024752475247524753,9.600149800000002,2.551546827422622,2.1106545447429776,12.5,25.0,400000.0,20000.0,2.0,1.0,0.012,0
493.0,991,2.4746450304259633,2.117139959432049,25.0,12.0,120000.0,20000.0,3.0,1.0,0.08,3,100,0.0024752475247524753,-3.9744,2.5657352130171702,2.1068993537549754,0.0,12.0,120000.0,20000.0,1.0,1.0,0.012,1
492.0,1901,2.4796747967479673,2.1214430894308944,0.0,12.0,120000.0,0.0,0.0,1.0,0.082,3,100,0.0024752475247524753,-3.9794,2.5657352130171702,2.1068993537549754,0.0,12.0,120000.0,0.0,0.0,1.0,0.012,1
493.0,1451,2.4746450304259633,2.117139959432049,0.0,12.0,120000.0,20000.0,1.0,2.0,0.08,3,100,0.0024752475247524753,-3.9795,2.5702855807857494,2.1029609297337952,0.0,12.0,120000.0,20000.0,1.0,1.0,0.01,1
522.0,2358,2.4233716475095783,2.1192528735632186,0.0,12.0,120000.0,0.0,0.0,0.0,0.022,2,100,0.0024752475247524753,-3.5211666666666663,2.570093457943925,2.1086448598130842,0.0,12.0,120000.0,0.0,0.0,0.0,0.01,1
527.0,1008,2.476280834914611,2.1169354838709675,0.0,12.0,120000.0,20000.0,1.0,1.0,0.016,2,100,0.0024752475247524753,9.6455,2.565298507462687,2.10859763681592,0.0,12.0,120000.0,20000.0,1.0,1.0,0.01,0
512.0,2353,2.421875,2.126057942708333,0.0,12.0,120000.0,0.0,0.0,0.0,0.037,2,100,0.0024752475247524753,-3.97955,2.560521415270019,2.1163097454996898,0.0,12.0,120000.0,0.0,0.0,0.0,0.009,1
439.0,151,2.460136674259681,2.066723614274867,0.0,8.0,80000.0,0.0,0.0,1.0,0.221,2,100,0.0024752475247524753,-3.97955,2.577495408072516,2.114957498651561,0.0,8.0,80000.0,0.0,0.0,2.0,0.009,1
496.0,2345,2.459677419354839,2.123235887096774,0.0,12.0,120000.0,0.0,0.0,0.0,0.074,3,100,0.0024752475247524753,-3.97955,2.5745408101988847,2.1125331106550718,0.0,12.0,120000.0,0.0,0.0,0.0,0.009,1
497.0,993,2.454728370221328,2.125251509054326,12.5,12.0,120000.0,20000.0,2.0,1.0,0.072,3,100,0.0024752475247524753,-3.97955,2.5745408101988847,2.1125331106550718,0.0,12.0,120000.0,20000.0,1.0,1.0,0.009,1
497.0,1453,2.454728370221328,2.125251509054326,12.5,12.0,120000.0,20000.0,2.0,2.0,0.072,3,100,0.0024752475247524753,-3.9796,2.5883181945168814,2.1144116672651343,0.0,12.0,120000.0,20000.0,1.0,1.0,0.008,1
498.0,1904,2.4497991967871484,2.120983935742972,0.0,12.0,120000.0,0.0,0.0,1.0,0.069,3,100,0.0024752475247524753,-3.9796,2.5883181945168814,2.1144116672651343,0.0,12.0,120000.0,0.0,0.0,1.0,0.008,1
514.0,2354,2.4221789883268485,2.129944876783398,0.0,12.0,120000.0,0.0,0.0,0.0,0.034,2,100,0.0024752475247524753,-3.97965,2.6049229595425247,2.112830455026336,0.0,12.0,120000.0,0.0,0.0,0.0,0.007,1
498.0,2346,2.4497991967871484,2.120983935742972,0.0,12.0,120000.0,0.0,0.0,0.0,0.069,3,100,0.0024752475247524753,-3.97965,2.602044547706413,2.110495800111815,0.0,12.0,120000.0,0.0,0.0,0.0,0.007,1
499.0,994,2.4448897795591185,2.1417835671342687,12.5,12.0,120000.0,20000.0,2.0,1.0,0.066,3,55,0.0024752475247524753,-3.97965,2.602044547706413,2.110495800111815,0.0,12.0,120000.0,20000.0,1.0,1.0,0.007,1
524.0,2359,2.433206106870229,2.1111641221374047,0.0,12.0,120000.0,0.0,0.0,0.0,0.019,2,100,0.0024752475247524753,-3.6463166666666664,2.6018518518518516,2.1161265432098766,0.0,12.0,120000.0,0.0,0.0,0.0,0.007,1
499.0,1454,2.4448897795591185,2.1417835671342687,12.5,12.0,120000.0,20000.0,2.0,2.0,0.066,3,100,0.0024752475247524753,-3.97965,2.6064773253756788,2.112371177554018,0.0,12.0,120000.0,20000.0,1.0,1.0,0.007,1
532.0,1010,2.537593984962406,2.1029135338345863,0.0,12.0,120000.0,20000.0,1.0,1.0,0.013,2,100,0.0024752475247524753,9.6454,2.6062846580406656,2.1122150338878622,12.5,12.0,120000.0,20000.0,2.0,1.0,0.008,0
501.0,995,2.435129740518962,2.137391882900865,12.5,12.0,120000.0,20000.0,2.0,1.0,0.061,3,100,0.0024752475247524753,-3.9796,2.610893744724819,2.1084735261801573,12.5,12.0,120000.0,20000.0,2.0,1.0,0.008,1
500.0,2347,2.44,2.1375,0.0,12.0,120000.0,0.0,0.0,0.0,0.063,3,100,0.0024752475247524753,-3.97965,2.61529389613795,2.11418271240025,0.0,12.0,120000.0,0.0,0.0,0.0,0.007,1
538.0,1013,2.5743494423791824,2.118184634448575,0.0,12.0,120000.0,20000.0,1.0,1.0,0.009,2,100,0.0024752475247524753,9.812066666666666,2.6151012891344383,2.11402701043585,25.0,12.0,120000.0,20000.0,3.0,1.0,0.008,0
445.0,154,2.460674157303371,2.066947565543071,0.0,8.0,80000.0,0.0,0.0,1.0,0.21,2,100,0.0024752475247524753,-3.9796,2.622651068581847,2.1126911385798217,0.0,8.0,80000.0,0.0,0.0,2.0,0.008,1
503.0,1456,2.4353876739562623,2.1288933068257125,12.5,12.0,120000.0,20000.0,2.0,2.0,0.056,3,100,0.0024752475247524753,-3.9796,2.6196778693345495,2.110296061408387,0.0,12.0,120000.0,20000.0,1.0,1.0,0.008,1
536.0,1012,2.565298507462687,2.10859763681592,0.0,12.0,120000.0,20000.0,1.0,1.0,0.01,2,100,0.0024752475247524753,9.645349999999999,2.614678899082569,2.106269113149847,25.0,12.0,120000.0,20000.0,3.0,1.0,0.007,0
540.0,1014,2.6018518518518516,2.1161265432098766,0.0,12.0,120000.0,20000.0,1.0,1.0,0.007,0,0,0.0024752475247524753,9.7501,2.60989010989011,2.1062271062271063,12.5,12.0,120000.0,20000.0,2.0,1.0,0.007,0
504.0,2349,2.4404761904761907,2.124669312169312,0.0,12.0,120000.0,0.0,0.0,0.0,0.054,3,100,0.0024752475247524753,-3.9797,2.6144507347072783,2.1025303111282305,0.0,12.0,120000.0,0.0,0.0,0.0,0.006,1
447.0,155,2.460850111856823,2.06469052945563,0.0,8.0,80000.0,0.0,0.0,1.0,0.203,2,100,0.0024752475247524753,-3.9797,2.612667478684531,2.1010962241169304,0.0,8.0,80000.0,0.0,0.0,2.0,0.006,1
542.0,1015,2.61070110701107,2.117927429274293,12.5,12.0,120000.0,20000.0,2.0,1.0,0.008,0,0,0.0024752475247524753,9.749732916666668,2.609441385933808,2.098501813862853,0.0,12.0,120000.0,20000.0,1.0,1.0,0.003,0
269.0,509,1.8773234200743494,1.7619268897149938,62.5,25.0,400000.0,20000.0,6.0,1.0,0.554,1,100,0.0024752475247524753,-3.9388500000000004,2.6093461560617826,2.0984252303993354,12.5,25.0,400000.0,20000.0,2.0,1.0,0.003,1
506.0,2350,2.4308300395256914,2.128623188405797,0.0,12.0,120000.0,0.0,0.0,0.0,0.049,3,7,0.0024752475247524753,-3.97985,2.6140337617670917,2.0948702620433135,0.0,12.0,120000.0,0.0,0.0,0.0,0.003,1
272.0,519,1.9301470588235294,1.7769607843137254,62.5,25.0,400000.0,20000.0,6.0,1.0,0.545,1,100,0.0024752475247524753,-3.9383500000000007,2.6137004787771074,2.094603171145417,12.5,25.0,400000.0,20000.0,2.0,1.0,0.003,1
508.0,2351,2.4311023622047245,2.1263943569553803,0.0,12.0,120000.0,0.0,0.0,0.0,0.045,3,100,0.0024752475247524753,-3.97985,2.627463767774679,2.0910611300628936,0.0,12.0,120000.0,0.0,0.0,0.0,0.003,1
509.0,999,2.4263261296660117,2.128356254092993,12.5,12.0,120000.0,20000.0,2.0,2.0,0.043,3,100,0.0024752475247524753,-3.97985,2.627463767774679,2.0910611300628936,0.0,12.0,120000.0,20000.0,1.0,1.0,0.003,1
299.0,528,2.240802675585284,1.8777870680044595,75.0,25.0,400000.0,20000.0,7.0,1.0,0.494,1,100,0.0024752475247524753,-3.9254499999999997,2.627129381540473,2.0907950095304804,12.5,25.0,400000.0,20000.0,2.0,1.0,0.001,1
509.0,1459,2.4263261296660117,2.128356254092993,12.5,12.0,120000.0,20000.0,2.0,2.0,0.043,3,100,0.0024752475247524753,-3.97995,2.6317699536850236,2.0872658253363983,0.0,12.0,120000.0,20000.0,1.0,1.0,0.001,1
531.0,608,2.5235404896421847,2.106873822975518,12.5,25.0,400000.0,20000.0,2.0,1.0,0.013,1,100,0.0024752475247524753,9.619799800000001,2.6315311404233834,2.087076421715097,0.0,25.0,400000.0,20000.0,1.0,1.0,0.0,0
552.0,202,2.6268115942028984,2.0833333333333335,0.0,8.0,80000.0,0.0,0.0,2.0,0.0,3,100,0.0024752475247524753,-4.98,2.6268115942028984,2.0833333333333335,0.0,8.0,80000.0,0.0,0.0,2.0,0.0,1
552.0,1020,2.6268115942028984,2.0833333333333335,0.0,12.0,120000.0,20000.0,1.0,1.0,0.0,3,100,0.0024752475247524753,-4.98,2.6268115942028984,2.0833333333333335,0.0,12.0,120000.0,20000.0,1.0,1.0,0.0,1
554.0,203,2.6173285198555956,2.0758122743682312,0.0,8.0,80000.0,0.0,0.0,2.0,0.0,3,100,0.0024752475247524753,-4.98,2.6173285198555956,2.0758122743682312,0.0,8.0,80000.0,0.0,0.0,2.0,0.0,1
554.0,612,2.6173285198555956,2.0758122743682312,0.0,25.0,400000.0,20000.0,1.0,1.0,0.0,3,100,0.0024752475247524753,-4.98,2.6173285198555956,2.0758122743682312,0.0,25.0,400000.0,20000.0,1.0,1.0,0.0,1
554.0,1021,2.6173285198555956,2.0758122743682312,0.0,12.0,120000.0,20000.0,1.0,1.0,0.0,2,100,0.0024752475247524753,-4.98,2.6173285198555956,2.0758122743682312,0.0,12.0,120000.0,20000.0,1.0,1.0,0.0,1
556.0,204,2.6079136690647484,2.068345323741007,0.0,8.0,80000.0,0.0,0.0,2.0,0.0,2,100,0.0024752475247524753,-4.98,2.6079136690647484,2.068345323741007,0.0,8.0,80000.0,0.0,0.0,2.0,0.0,1
556.0,1022,2.6079136690647484,2.068345323741007,0.0,12.0,120000.0,20000.0,1.0,1.0,0.0,3,100,0.0024752475247524753,-4.98,2.6079136690647484,2.068345323741007,0.0,12.0,120000.0,20000.0,1.0,1.0,0.0,1
517.0,1003,2.4177949709864603,2.127659574468085,0.0,12.0,120000.0,20000.0,1.0,1.0,0.029,3,100,0.0024752475247524753,-3.98,2.6077137678737947,2.0610796103469857,0.0,12.0,120000.0,20000.0,1.0,1.0,0.0,1
558.0,205,2.60752688172043,2.060931899641577,0.0,8.0,80000.0,0.0,0.0,2.0,0.0,1,100,0.0024752475247524753,-4.98,2.60752688172043,2.060931899641577,0.0,8.0,80000.0,0.0,0.0,2.0,0.0,1
558.0,1023,2.60752688172043,2.060931899641577,0.0,12.0,120000.0,20000.0,1.0,1.0,0.0,3,100,0.0024752475247524753,-4.98,2.60752688172043,2.060931899641577,0.0,12.0,120000.0,20000.0,1.0,1.0,0.0,1
518.0,2356,2.413127413127413,2.129584942084942,0.0,12.0,120000.0,0.0,0.0,0.0,0.027,3,100,0.0024752475247524753,-3.98,2.616258257442349,2.053718086046895,0.0,12.0,120000.0,0.0,0.0,0.0,0.0,1
519.0,1004,2.418111753371869,2.125481695568401,0.0,12.0,120000.0,20000.0,1.0,1.0,0.026,3,100,0.0024752475247524753,-3.98,2.616258257442349,2.053718086046895,0.0,12.0,120000.0,20000.0,1.0,1.0,0.0,1
560.0,206,2.616071428571429,2.0535714285714284,0.0,8.0,80000.0,0.0,0.0,2.0,0.0,3,100,0.0024752475247524753,-4.98,2.616071428571429,2.0535714285714284,0.0,8.0,80000.0,0.0,0.0,2.0,0.0,1
560.0,614,2.616071428571429,2.0535714285714284,12.5,25.0,400000.0,20000.0,2.0,1.0,0.0,3,100,0.0024752475247524753,-4.98,2.616071428571429,2.0535714285714284,12.5,25.0,400000.0,20000.0,2.0,1.0,0.0,1
561.0,1910,2.6114081996434937,2.049910873440285,0.0,12.0,120000.0,0.0,0.0,1.0,0.0,2,100,0.0024752475247524753,-4.98,2.6114081996434937,2.049910873440285,0.0,12.0,120000.0,0.0,0.0,1.0,0.0,1
520.0,2357,2.423076923076923,2.121394230769231,0.0,12.0,120000.0,0.0,0.0,0.0,0.024,3,92,0.0024752475247524753,-3.98,2.615844497547077,2.0464089606660805,0.0,12.0,120000.0,0.0,0.0,0.0,0.0,1
562.0,207,2.6156583629893237,2.0462633451957295,0.0,8.0,80000.0,0.0,0.0,2.0,0.0,1,100,0.0024752475247524753,-4.98,2.6156583629893237,2.0462633451957295,0.0,8.0,80000.0,0.0,0.0,2.0,0.0,1
562.0,1025,2.6156583629893237,2.0462633451957295,12.5,12.0,120000.0,20000.0,2.0,1.0,0.0,1,100,0.0024752475247524753,-4.98,2.6156583629893237,2.0462633451957295,12.5,12.0,120000.0,20000.0,2.0,1.0,0.0,1
562.0,1460,2.6156583629893237,2.0462633451957295,0.0,12.0,120000.0,20000.0,1.0,1.0,0.0,3,100,0.0024752475247524753,-4.98,2.6156583629893237,2.0462633451957295,0.0,12.0,120000.0,20000.0,1.0,1.0,0.0,1
563.0,1911,2.61101243339254,2.0426287744227354,0.0,12.0,120000.0,0.0,0.0,1.0,0.0,1,100,0.0024752475247524753,-4.98,2.61101243339254,2.0426287744227354,0.0,12.0,120000.0,0.0,0.0,1.0,0.0,1
564.0,208,2.606382978723404,2.0427009456264775,0.0,8.0,80000.0,0.0,0.0,2.0,0.0,1,100,0.0024752475247524753,-4.98,2.606382978723404,2.0427009456264775,0.0,8.0,80000.0,0.0,0.0,2.0,0.0,1
564.0,1461,2.606382978723404,2.0427009456264775,0.0,12.0,120000.0,20000.0,1.0,1.0,0.0,2,100,0.0024752475247524753,-4.98,2.606382978723404,2.0427009456264775,0.0,12.0,120000.0,20000.0,1.0,1.0,0.0,1
565.0,1912,2.601769911504425,2.0390855457227137,0.0,12.0,120000.0,0.0,0.0,1.0,0.0,2,100,0.0024752475247524753,-4.98,2.601769911504425,2.0390855457227137,0.0,12.0,120000.0,0.0,0.0,1.0,0.0,1
463.0,163,2.462203023758099,2.0540856731461483,0.0,8.0,80000.0,0.0,0.0,1.0,0.164,2,100,0.0024752475247524753,-3.98,2.6002358490566038,2.037883254716981,0.0,8.0,80000.0,0.0,0.0,2.0,0.0,1
560.0,1024,2.616071428571429,2.0535714285714284,0.0,12.0,120000.0,20000.0,1.0,1.0,0.0,0,0,0.0024752475247524753,9.74975,2.597173144876325,2.0354829210836276,12.5,12.0,120000.0,20000.0,3.0,1.0,0.0,0
566.0,209,2.597173144876325,2.0354829210836276,0.0,8.0,80000.0,0.0,0.0,2.0,0.0,2,100,0.0024752475247524753,-4.98,2.597173144876325,2.0354829210836276,0.0,8.0,80000.0,0.0,0.0,2.0,0.0,1
566.0,616,2.597173144876325,2.0354829210836276,25.0,25.0,400000.0,20000.0,3.0,1.0,0.0,2,100,0.0024752475247524753,-4.975,2.597173144876325,2.0354829210836276,25.0,25.0,400000.0,20000.0,3.0,1.0,0.0,1
567.0,1913,2.5925925925925926,2.035567313345091,0.0,12.0,120000.0,0.0,0.0,1.0,0.0,1,100,0.0024752475247524753,-4.98,2.5925925925925926,2.035567313345091,0.0,12.0,120000.0,0.0,0.0,1.0,0.0,1
568.0,210,2.5880281690140845,2.035651408450704,0.0,8.0,80000.0,0.0,0.0,2.0,0.0,2,100,0.0024752475247524753,-4.98,2.5880281690140845,2.035651408450704,0.0,8.0,80000.0,0.0,0.0,2.0,0.0,1
568.0,1463,2.5880281690140845,2.035651408450704,12.5,12.0,120000.0,20000.0,2.0,1.0,0.0,2,100,0.0024752475247524753,-4.98,2.5880281690140845,2.035651408450704,12.5,12.0,120000.0,20000.0,2.0,1.0,0.0,1
469.0,166,2.4626865671641793,2.0589019189765456,0.0,8.0,80000.0,0.0,0.0,1.0,0.15,2,100,0.0024752475247524753,-3.98,2.5865102639296187,2.0344574780058653,0.0,8.0,80000.0,0.0,0.0,2.0,0.0,1
569.0,617,2.583479789103691,2.03207381370826,25.0,25.0,400000.0,20000.0,3.0,1.0,0.0,2,100,0.0024752475247524753,-4.975,2.583479789103691,2.03207381370826,25.0,25.0,400000.0,20000.0,3.0,1.0,0.0,1
569.0,1914,2.583479789103691,2.03207381370826,0.0,12.0,120000.0,0.0,0.0,1.0,0.0,1,100,0.0024752475247524753,-4.98,2.583479789103691,2.03207381370826,0.0,12.0,120000.0,0.0,0.0,1.0,0.0,1
477.0,179,2.494758909853249,2.072414395527603,0.0,8.0,80000.0,0.0,0.0,1.0,0.126,2,100,0.0024752475247524753,-3.98,2.5819672131147544,2.030884074941452,0.0,8.0,80000.0,0.0,0.0,2.0,0.0,1
570.0,211,2.5789473684210527,2.0321637426900585,0.0,8.0,80000.0,0.0,0.0,2.0,0.0,2,100,0.0024752475247524753,-4.98,2.5789473684210527,2.0321637426900585,0.0,8.0,80000.0,0.0,0.0,2.0,0.0,1
570.0,1029,2.5789473684210527,2.0321637426900585,37.5,12.0,120000.0,20000.0,4.0,1.0,0.0,2,100,0.0024752475247524753,-4.9625,2.5789473684210527,2.0321637426900585,37.5,12.0,120000.0,20000.0,4.0,1.0,0.0,1
564.0,1026,2.606382978723404,2.0427009456264775,12.5,12.0,120000.0,20000.0,2.0,1.0,0.0,0,0,0.0024752475247524753,9.749082916666667,2.578902079281029,2.0321280556692916,25.0,12.0,120000.0,20000.0,3.0,1.0,0.0,0
571.0,1915,2.574430823117338,2.028604786923526,0.0,12.0,120000.0,0.0,0.0,1.0,0.0,2,100,0.0024752475247524753,-4.98,2.574430823117338,2.028604786923526,0.0,12.0,120000.0,0.0,0.0,1.0,0.0,1
473.0,177,2.452431289640592,2.0833333333333335,0.0,8.0,80000.0,0.0,0.0,1.0,0.137,2,100,0.0024752475247524753,-3.98,2.572928821470245,2.027421236872812,0.0,8.0,80000.0,0.0,0.0,2.0,0.0,1
566.0,1462,2.597173144876325,2.0354829210836276,0.0,12.0,120000.0,20000.0,1.0,1.0,0.0,0,0,0.0024752475247524753,9.74975,2.56993006993007,2.0287004662004664,12.5,12.0,120000.0,20000.0,2.0,1.0,0.0,0
572.0,212,2.56993006993007,2.0287004662004664,0.0,8.0,80000.0,0.0,0.0,2.0,0.0,2,100,0.0024752475247524753,-4.98,2.56993006993007,2.0287004662004664,0.0,8.0,80000.0,0.0,0.0,2.0,0.0,1
572.0,1030,2.56993006993007,2.0287004662004664,25.0,12.0,120000.0,20000.0,3.0,1.0,0.0,2,100,0.0024752475247524753,-4.975,2.56993006993007,2.0287004662004664,25.0,12.0,120000.0,20000.0,3.0,1.0,0.0,1
572.0,1465,2.56993006993007,2.0287004662004664,12.5,12.0,120000.0,20000.0,2.0,1.0,0.0,2,100,0.0024752475247524753,-4.98,2.56993006993007,2.0287004662004664,12.5,12.0,120000.0,20000.0,2.0,1.0,0.0,1
566.0,1027,2.597173144876325,2.0354829210836276,12.5,12.0,120000.0,20000.0,2.0,1.0,0.0,0,0,0.0024752475247524753,9.749332916666669,2.5698850969408737,2.0286649645635864,12.5,12.0,120000.0,20000.0,2.0,1.0,0.0,0
573.0,1916,2.5654450261780104,2.025159976730657,0.0,12.0,120000.0,0.0,0.0,1.0,0.0,1,100,0.0024752475247524753,-4.98,2.5654450261780104,2.025159976730657,0.0,12.0,120000.0,0.0,0.0,1.0,0.0,1
473.0,168,2.452431289640592,2.0833333333333335,0.0,8.0,80000.0,0.0,0.0,1.0,0.137,2,100,0.0024752475247524753,-3.98,2.563953488372093,2.0239825581395348,0.0,8.0,80000.0,0.0,0.0,2.0,0.0,1
574.0,213,2.5609756097560976,2.021631823461092,0.0,8.0,80000.0,0.0,0.0,2.0,0.0,1,100,0.0024752475247524753,-4.98,2.5609756097560976,2.021631823461092,0.0,8.0,80000.0,0.0,0.0,2.0,0.0,1
574.0,1031,2.5609756097560976,2.021631823461092,12.5,12.0,120000.0,20000.0,2.0,1.0,0.0,3,100,0.0024752475247524753,-4.98,2.5609756097560976,2.021631823461092,12.5,12.0,120000.0,20000.0,2.0,1.0,0.0,1
574.0,1466,2.5609756097560976,2.021631823461092,12.5,12.0,120000.0,20000.0,2.0,1.0,0.0,2,23,0.0024752475247524753,-4.98,2.5609756097560976,2.021631823461092,12.5,12.0,120000.0,20000.0,2.0,1.0,0.0,1
568.0,1028,2.5880281690140845,2.035651408450704,25.0,12.0,120000.0,20000.0,3.0,1.0,0.0,0,0,0.0024752475247524753,9.749582916666668,2.5609309496188053,2.0215965687892212,0.0,12.0,120000.0,20000.0,1.0,1.0,0.0,0
534.0,1011,2.5655430711610485,2.106741573033708,0.0,12.0,120000.0,20000.0,1.0,1.0,0.012,3,100,0.0024752475247524753,-3.98,2.5653958090059175,2.0182563073676496,0.0,12.0,120000.0,20000.0,1.0,1.0,0.0,1
575.0,619,2.5652173913043477,2.0181159420289854,37.5,25.0,400000.0,20000.0,4.0,1.0,0.0,2,23,0.0024752475247524753,-4.9625,2.5652173913043477,2.0181159420289854,37.5,25.0,400000.0,20000.0,4.0,1.0,0.0,1
575.0,1917,2.5652173913043477,2.0181159420289854,0.0,12.0,120000.0,0.0,0.0,1.0,0.0,2,100,0.0024752475247524753,-4.98,2.5652173913043477,2.0181159420289854,0.0,12.0,120000.0,0.0,0.0,1.0,0.0,1
576.0,214,2.560763888888889,2.0182291666666665,0.0,8.0,80000.0,0.0,0.0,2.0,0.0,2,100,0.0024752475247524753,-4.98,2.560763888888889,2.0182291666666665,0.0,8.0,80000.0,0.0,0.0,2.0,0.0,1
576.0,1032,2.560763888888889,2.0182291666666665,0.0,12.0,120000.0,20000.0,1.0,1.0,0.0,2,100,0.0024752475247524753,-4.98,2.560763888888889,2.0182291666666665,0.0,12.0,120000.0,20000.0,1.0,1.0,0.0,1
576.0,2360,2.560763888888889,2.0182291666666665,0.0,12.0,120000.0,0.0,0.0,0.0,0.0,2,100,0.0024752475247524753,-4.98,2.560763888888889,2.0182291666666665,0.0,12.0,120000.0,0.0,0.0,0.0,0.0,1
570.0,1464,2.5789473684210527,2.0321637426900585,12.5,12.0,120000.0,20000.0,2.0,1.0,0.0,0,0,0.0024752475247524753,9.749332916666669,2.560719387498144,2.018194093536673,12.5,12.0,120000.0,20000.0,2.0,1.0,0.0,0
557.0,613,2.6032315978456015,2.0646319569120286,0.0,25.0,400000.0,20000.0,1.0,1.0,0.0,1,100,0.0024752475247524753,9.619499999999999,2.55632582322357,2.01473136915078,25.0,25.0,400000.0,20000.0,3.0,1.0,0.0,0
577.0,1918,2.55632582322357,2.01473136915078,0.0,12.0,120000.0,0.0,0.0,1.0,0.0,2,100,0.0024752475247524753,-4.98,2.55632582322357,2.01473136915078,0.0,12.0,120000.0,0.0,0.0,1.0,0.0,1
475.0,169,2.4526315789473685,2.074561403508772,0.0,8.0,80000.0,0.0,0.0,1.0,0.132,2,100,0.0024752475247524753,-3.98,2.554849884526559,2.013568129330254,0.0,8.0,80000.0,0.0,0.0,2.0,0.0,1
578.0,215,2.551903114186851,2.014850057670127,0.0,8.0,80000.0,0.0,0.0,2.0,0.0,3,100,0.0024752475247524753,-4.98,2.551903114186851,2.014850057670127,0.0,8.0,80000.0,0.0,0.0,2.0,0.0,1
578.0,1468,2.551903114186851,2.014850057670127,12.5,12.0,120000.0,20000.0,2.0,1.0,0.0,2,100,0.0024752475247524753,-4.98,2.551903114186851,2.014850057670127,12.5,12.0,120000.0,20000.0,2.0,1.0,0.0,1
578.0,2361,2.551903114186851,2.014850057670127,0.0,12.0,120000.0,0.0,0.0,0.0,0.0,2,100,0.0024752475247524753,-4.98,2.551903114186851,2.014850057670127,0.0,12.0,120000.0,0.0,0.0,0.0,0.0,1
579.0,1919,2.547495682210708,2.011370178468624,0.0,12.0,120000.0,0.0,0.0,1.0,0.0,2,100,0.0024752475247524753,-4.98,2.547495682210708,2.011370178468624,0.0,12.0,120000.0,0.0,0.0,1.0,0.0,1
481.0,181,2.494802494802495,2.087664587664588,0.0,8.0,80000.0,0.0,0.0,1.0,0.115,2,100,0.0024752475247524753,-3.98,2.546029919447641,2.0102128883774455,0.0,8.0,80000.0,0.0,0.0,2.0,0.0,1
580.0,216,2.543103448275862,2.0114942528735633,0.0,8.0,80000.0,0.0,0.0,2.0,0.0,2,100,0.0024752475247524753,-4.98,2.543103448275862,2.0114942528735633,0.0,8.0,80000.0,0.0,0.0,2.0,0.0,1
580.0,1034,2.543103448275862,2.0114942528735633,12.5,12.0,120000.0,20000.0,2.0,1.0,0.0,1,100,0.0024752475247524753,-4.98,2.543103448275862,2.0114942528735633,12.5,12.0,120000.0,20000.0,2.0,1.0,0.0,1
580.0,2362,2.543103448275862,2.0114942528735633,0.0,12.0,120000.0,0.0,0.0,0.0,0.0,3,48,0.0024752475247524753,-4.98,2.543103448275862,2.0114942528735633,0.0,12.0,120000.0,0.0,0.0,0.0,0.0,1
581.0,621,2.5387263339070567,2.0080321285140563,37.5,25.0,400000.0,20000.0,4.0,1.0,0.0,2,100,0.0024752475247524753,-4.9625,2.5387263339070567,2.0080321285140563,37.5,25.0,400000.0,20000.0,4.0,1.0,0.0,1
581.0,1035,2.5387263339070567,2.0080321285140563,12.5,12.0,120000.0,20000.0,2.0,1.0,0.0,1,100,0.0024752475247524753,-4.98,2.5387263339070567,2.0080321285140563,12.5,12.0,120000.0,20000.0,2.0,1.0,0.0,1
581.0,1920,2.5387263339070567,2.0080321285140563,0.0,12.0,120000.0,0.0,0.0,1.0,0.0,2,100,0.0024752475247524753,-4.98,2.5387263339070567,2.0080321285140563,0.0,12.0,120000.0,0.0,0.0,1.0,0.0,1
306.0,535,2.2712418300653594,1.892701525054466,62.5,25.0,400000.0,20000.0,6.0,1.0,0.48,1,100,0.0024752475247524753,-3.9375,2.538507829988679,2.0078593005560172,37.5,25.0,400000.0,20000.0,4.0,1.0,0.0,1
483.0,182,2.4948240165631472,2.091959972394755,0.0,8.0,80000.0,0.0,0.0,1.0,0.111,2,100,0.0024752475247524753,-3.98,2.5372706422018347,2.006880733944954,0.0,8.0,80000.0,0.0,0.0,2.0,0.0,1
582.0,217,2.5343642611683848,2.0081615120274914,0.0,8.0,80000.0,0.0,0.0,2.0,0.0,3,100,0.0024752475247524753,-4.98,2.5343642611683848,2.0081615120274914,0.0,8.0,80000.0,0.0,0.0,2.0,0.0,1
582.0,1470,2.5343642611683848,2.0081615120274914,25.0,12.0,120000.0,20000.0,3.0,1.0,0.0,3,100,0.0024752475247524753,-4.975,2.5343642611683848,2.0081615120274914,25.0,12.0,120000.0,20000.0,3.0,1.0,0.0,1
582.0,2363,2.5343642611683848,2.0081615120274914,0.0,12.0,120000.0,0.0,0.0,0.0,0.0,3,100,0.0024752475247524753,-4.98,2.5343642611683848,2.0081615120274914,0.0,12.0,120000.0,0.0,0.0,0.0,0.0,1
576.0,1467,2.560763888888889,2.0182291666666665,12.5,12.0,120000.0,20000.0,2.0,1.0,0.0,0,0,0.0024752475247524753,9.749332916666669,2.5343206725946175,2.008126973623701,12.5,12.0,120000.0,20000.0,2.0,1.0,0.0,0
583.0,1036,2.530017152658662,2.0047169811320753,12.5,12.0,120000.0,20000.0,2.0,1.0,0.0,2,100,0.0024752475247524753,-4.98,2.530017152658662,2.0047169811320753,12.5,12.0,120000.0,20000.0,2.0,1.0,0.0,1
583.0,1921,2.530017152658662,2.0047169811320753,0.0,12.0,120000.0,0.0,0.0,1.0,0.0,2,100,0.0024752475247524753,-4.98,2.530017152658662,2.0047169811320753,0.0,12.0,120000.0,0.0,0.0,1.0,0.0,1
563.0,615,2.61101243339254,2.0426287744227354,12.5,25.0,400000.0,20000.0,2.0,1.0,0.0,1,100,0.0024752475247524753,9.6192998,2.529973713487355,2.004682561110743,25.0,25.0,400000.0,20000.0,3.0,1.0,0.0,0
483.0,173,2.4948240165631472,2.091959972394755,0.0,8.0,80000.0,0.0,0.0,1.0,0.111,2,100,0.0024752475247524753,-3.98,2.5285714285714285,2.0035714285714286,0.0,8.0,80000.0,0.0,0.0,2.0,0.0,1
578.0,1033,2.551903114186851,2.014850057670127,0.0,12.0,120000.0,20000.0,1.0,1.0,0.0,0,0,0.0024752475247524753,9.75,2.5256849315068495,2.0012842465753424,0.0,12.0,120000.0,20000.0,1.0,1.0,0.0,0
584.0,218,2.5256849315068495,2.0012842465753424,0.0,8.0,80000.0,0.0,0.0,2.0,0.0,3,100,0.0024752475247524753,-4.98,2.5256849315068495,2.0012842465753424,0.0,8.0,80000.0,0.0,0.0,2.0,0.0,1
584.0,622,2.5256849315068495,2.0012842465753424,25.0,25.0,400000.0,20000.0,3.0,1.0,0.0,3,100,0.0024752475247524753,-4.975,2.5256849315068495,2.0012842465753424,25.0,25.0,400000.0,20000.0,3.0,1.0,0.0,1
584.0,1471,2.5256849315068495,2.0012842465753424,12.5,12.0,120000.0,20000.0,2.0,1.0,0.0,3,100,0.0024752475247524753,-4.98,2.5256849315068495,2.0012842465753424,12.5,12.0,120000.0,20000.0,2.0,1.0,0.0,1
584.0,2364,2.5256849315068495,2.0012842465753424,0.0,12.0,120000.0,0.0,0.0,0.0,0.0,3,100,0.0024752475247524753,-4.98,2.5256849315068495,2.0012842465753424,0.0,12.0,120000.0,0.0,0.0,0.0,0.0,1
585.0,1037,2.5213675213675213,1.9978632478632479,0.0,12.0,120000.0,20000.0,1.0,1.0,0.0,3,100,0.0024752475247524753,-4.98,2.5213675213675213,1.9978632478632479,0.0,12.0,120000.0,20000.0,1.0,1.0,0.0,1
585.0,1922,2.5213675213675213,1.9978632478632479,0.0,12.0,120000.0,0.0,0.0,1.0,0.0,3,100,0.0024752475247524753,-4.98,2.5213675213675213,1.9978632478632479,0.0,12.0,120000.0,0.0,0.0,1.0,0.0,1
544.0,1016,2.619485294117647,2.1101409313725488,25.0,12.0,120000.0,20000.0,3.0,1.0,0.008,3,100,0.0024752475247524753,-3.975,2.525769634006253,1.9945900403681134,0.0,12.0,120000.0,20000.0,1.0,1.0,0.0,1
586.0,219,2.525597269624573,1.9944539249146758,0.0,8.0,80000.0,0.0,0.0,2.0,0.0,3,100,0.0024752475247524753,-4.98,2.525597269624573,1.9944539249146758,0.0,8.0,80000.0,0.0,0.0,2.0,0.0,1
586.0,1472,2.525597269624573,1.9944539249146758,12.5,12.0,120000.0,20000.0,2.0,1.0,0.0,2,100,0.0024752475247524753,-4.98,2.525597269624573,1.9944539249146758,12.5,12.0,120000.0,20000.0,2.0,1.0,0.0,1
586.0,2365,2.525597269624573,1.9944539249146758,0.0,12.0,120000.0,0.0,0.0,0.0,0.0,2,100,0.0024752475247524753,-4.98,2.525597269624573,1.9944539249146758,0.0,12.0,120000.0,0.0,0.0,0.0,0.0,1
580.0,1469,2.543103448275862,2.0114942528735633,12.5,12.0,120000.0,20000.0,2.0,1.0,0.0,1,100,0.0024752475247524753,9.769582916666668,2.525554128333064,1.9944198564116675,0.0,12.0,120000.0,20000.0,1.0,1.0,0.0,0
587.0,623,2.5212947189097106,1.9910562180579219,25.0,25.0,400000.0,20000.0,3.0,1.0,0.0,2,100,0.0024752475247524753,-4.975,2.5212947189097106,1.9910562180579219,25.0,25.0,400000.0,20000.0,3.0,1.0,0.0,1
587.0,1038,2.5212947189097106,1.9910562180579219,0.0,12.0,120000.0,20000.0,1.0,1.0,0.0,2,100,0.0024752475247524753,-4.98,2.5212947189097106,1.9910562180579219,0.0,12.0,120000.0,20000.0,1.0,1.0,0.0,1
587.0,1923,2.5212947189097106,1.9910562180579219,0.0,12.0,120000.0,0.0,0.0,1.0,0.0,2,100,0.0024752475247524753,-4.98,2.5212947189097106,1.9910562180579219,0.0,12.0,120000.0,0.0,0.0,1.0,0.0,1
546.0,1017,2.60989010989011,2.1062271062271063,12.5,12.0,120000.0,20000.0,2.0,1.0,0.007,3,100,0.0024752475247524753,-3.98,2.525681976228282,1.9878052590685549,0.0,12.0,120000.0,20000.0,1.0,1.0,0.0,1
588.0,220,2.5255102040816326,1.9876700680272108,0.0,8.0,80000.0,0.0,0.0,2.0,0.0,3,100,0.0024752475247524753,-4.98,2.5255102040816326,1.9876700680272108,0.0,8.0,80000.0,0.0,0.0,2.0,0.0,1
588.0,2366,2.5255102040816326,1.9876700680272108,0.0,12.0,120000.0,0.0,0.0,0.0,0.0,2,100,0.0024752475247524753,-4.98,2.5255102040816326,1.9876700680272108,0.0,12.0,120000.0,0.0,0.0,0.0,0.0,1
548.0,1018,2.6094890510948905,2.0985401459854014,12.5,12.0,120000.0,20000.0,2.0,1.0,0.006,3,100,0.0024752475247524753,-3.98,2.5298831409623213,1.9844301483219553,0.0,12.0,120000.0,20000.0,1.0,1.0,0.0,1
589.0,1924,2.5297113752122242,1.984295415959253,0.0,12.0,120000.0,0.0,0.0,1.0,0.0,3,100,0.0024752475247524753,-4.98,2.5297113752122242,1.984295415959253,0.0,12.0,120000.0,0.0,0.0,1.0,0.0,1
590.0,221,2.5254237288135593,1.9809322033898302,0.0,8.0,80000.0,0.0,0.0,2.0,0.0,3,100,0.0024752475247524753,-4.98,2.5254237288135593,1.9809322033898302,0.0,8.0,80000.0,0.0,0.0,2.0,0.0,1
590.0,624,2.5254237288135593,1.9809322033898302,25.0,25.0,400000.0,20000.0,3.0,1.0,0.0,3,100,0.0024752475247524753,-4.975,2.5254237288135593,1.9809322033898302,25.0,25.0,400000.0,20000.0,3.0,1.0,0.0,1
590.0,1474,2.5254237288135593,1.9809322033898302,12.5,12.0,120000.0,20000.0,2.0,1.0,0.0,1,100,0.0024752475247524753,-4.98,2.5254237288135593,1.9809322033898302,12.5,12.0,120000.0,20000.0,2.0,1.0,0.0,1
590.0,2367,2.5254237288135593,1.9809322033898302,0.0,12.0,120000.0,0.0,0.0,0.0,0.0,3,100,0.0024752475247524753,-4.98,2.5254237288135593,1.9809322033898302,0.0,12.0,120000.0,0.0,0.0,0.0,0.0,1
550.0,1019,2.6272727272727274,2.0909090909090913,0.0,12.0,120000.0,20000.0,1.0,1.0,0.003,3,100,0.0024752475247524753,-3.98,2.5297820067384937,1.9777141942311802,12.5,12.0,120000.0,20000.0,2.0,1.0,0.0,1
591.0,630,2.529610829103215,1.9775803722504228,25.0,25.0,400000.0,20000.0,3.0,1.0,0.0,2,100,0.0024752475247524753,-4.975,2.529610829103215,1.9775803722504228,25.0,25.0,400000.0,20000.0,3.0,1.0,0.0,1
591.0,1040,2.529610829103215,1.9775803722504228,12.5,12.0,120000.0,20000.0,2.0,1.0,0.0,1,100,0.0024752475247524753,-4.98,2.529610829103215,1.9775803722504228,12.5,12.0,120000.0,20000.0,2.0,1.0,0.0,1
591.0,1925,2.529610829103215,1.9775803722504228,0.0,12.0,120000.0,0.0,0.0,1.0,0.0,1,100,0.0024752475247524753,-4.98,2.529610829103215,1.9775803722504228,0.0,12.0,120000.0,0.0,0.0,1.0,0.0,1
592.0,222,2.5253378378378377,1.974239864864865,0.0,8.0,80000.0,0.0,0.0,2.0,0.0,1,36,0.0024752475247524753,-4.98,2.5253378378378377,1.974239864864865,0.0,8.0,80000.0,0.0,0.0,2.0,0.0,1
592.0,2368,2.5253378378378377,1.974239864864865,0.0,12.0,120000.0,0.0,0.0,0.0,0.0,3,100,0.0024752475247524753,-4.98,2.5253378378378377,1.974239864864865,0.0,12.0,120000.0,0.0,0.0,0.0,0.0,1
572.0,618,2.56993006993007,2.0287004662004664,25.0,25.0,400000.0,20000.0,3.0,1.0,0.0,1,60,0.0024752475247524753,9.624549800000002,2.525295138168356,1.9742064834342918,12.5,25.0,400000.0,20000.0,2.0,1.0,0.0,0
593.0,625,2.521079258010118,1.9709106239460372,12.5,25.0,400000.0,20000.0,2.0,1.0,0.0,2,100,0.0024752475247524753,-4.98,2.521079258010118,1.9709106239460372,12.5,25.0,400000.0,20000.0,2.0,1.0,0.0,1
593.0,1041,2.521079258010118,1.9709106239460372,12.5,12.0,120000.0,20000.0,2.0,1.0,0.0,2,100,0.0024752475247524753,-4.98,2.521079258010118,1.9709106239460372,12.5,12.0,120000.0,20000.0,2.0,1.0,0.0,1
593.0,1926,2.521079258010118,1.9709106239460372,0.0,12.0,120000.0,0.0,0.0,1.0,0.0,2,100,0.0024752475247524753,-4.98,2.521079258010118,1.9709106239460372,0.0,12.0,120000.0,0.0,0.0,1.0,0.0,1
588.0,1473,2.5255102040816326,1.9876700680272108,0.0,12.0,120000.0,20000.0,1.0,1.0,0.0,1,100,0.0024752475247524753,9.76975,2.516835016835017,1.9675925925925926,12.5,12.0,120000.0,20000.0,2.0,1.0,0.0,0
594.0,223,2.516835016835017,1.9675925925925926,0.0,8.0,80000.0,0.0,0.0,2.0,0.0,1,100,0.0024752475247524753,-4.98,2.516835016835017,1.9675925925925926,0.0,8.0,80000.0,0.0,0.0,2.0,0.0,1
594.0,631,2.516835016835017,1.9675925925925926,12.5,25.0,400000.0,20000.0,2.0,1.0,0.0,1,100,0.0024752475247524753,-4.98,2.516835016835017,1.9675925925925926,12.5,25.0,400000.0,20000.0,2.0,1.0,0.0,1
594.0,1476,2.516835016835017,1.9675925925925926,12.5,12.0,120000.0,20000.0,2.0,1.0,0.0,3,100,0.0024752475247524753,-4.98,2.516835016835017,1.9675925925925926,12.5,12.0,120000.0,20000.0,2.0,1.0,0.0,1
594.0,2369,2.516835016835017,1.9675925925925926,0.0,12.0,120000.0,0.0,0.0,0.0,0.0,3,100,0.0024752475247524753,-4.98,2.516835016835017,1.9675925925925926,0.0,12.0,120000.0,0.0,0.0,0.0,0.0,1
589.0,1039,2.5297113752122242,1.984295415959253,0.0,12.0,120000.0,20000.0,1.0,1.0,0.0,0,0,0.0024752475247524753,9.75,2.5126050420168067,1.9642857142857144,0.0,12.0,120000.0,20000.0,1.0,1.0,0.0,0
595.0,1042,2.5126050420168067,1.9642857142857144,0.0,12.0,120000.0,20000.0,1.0,1.0,0.0,3,100,0.0024752475247524753,-4.98,2.5126050420168067,1.9642857142857144,0.0,12.0,120000.0,20000.0,1.0,1.0,0.0,1
595.0,1927,2.5126050420168067,1.9642857142857144,0.0,12.0,120000.0,0.0,0.0,1.0,0.0,1,100,0.0024752475247524753,-4.98,2.5126050420168067,1.9642857142857144,0.0,12.0,120000.0,0.0,0.0,1.0,0.0,1
596.0,224,2.5083892617449663,1.9609899328859057,0.0,8.0,80000.0,0.0,0.0,2.0,0.0,1,100,0.0024752475247524753,-4.98,2.5083892617449663,1.9609899328859057,0.0,8.0,80000.0,0.0,0.0,2.0,0.0,1
596.0,626,2.5083892617449663,1.9609899328859057,12.5,25.0,400000.0,20000.0,2.0,1.0,0.0,3,68,0.0024752475247524753,-4.98,2.5083892617449663,1.9609899328859057,12.5,25.0,400000.0,20000.0,2.0,1.0,0.0,1
596.0,1477,2.5083892617449663,1.9609899328859057,12.5,12.0,120000.0,20000.0,2.0,1.0,0.0,3,68,0.0024752475247524753,-4.98,2.5083892617449663,1.9609899328859057,12.5,12.0,120000.0,20000.0,2.0,1.0,0.0,1
596.0,2370,2.5083892617449663,1.9609899328859057,0.0,12.0,120000.0,0.0,0.0,0.0,0.0,3,100,0.0024752475247524753,-4.98,2.5083892617449663,1.9609899328859057,0.0,12.0,120000.0,0.0,0.0,0.0,0.0,1
597.0,632,2.504187604690117,1.9577051926298157,12.5,25.0,400000.0,20000.0,2.0,1.0,0.0,3,100,0.0024752475247524753,-4.98,2.504187604690117,1.9577051926298157,12.5,25.0,400000.0,20000.0,2.0,1.0,0.0,1
597.0,1043,2.504187604690117,1.9577051926298157,0.0,12.0,120000.0,20000.0,2.0,1.0,0.0,3,100,0.0024752475247524753,-4.98,2.504187604690117,1.9577051926298157,0.0,12.0,120000.0,20000.0,2.0,1.0,0.0,1
597.0,1928,2.504187604690117,1.9577051926298157,0.0,12.0,120000.0,0.0,0.0,1.0,0.0,3,100,0.0024752475247524753,-4.98,2.504187604690117,1.9577051926298157,0.0,12.0,120000.0,0.0,0.0,1.0,0.0,1
598.0,1478,2.5,1.9544314381270902,12.5,12.0,120000.0,20000.0,2.0,1.0,0.0,2,100,0.0024752475247524753,-4.98,2.5,1.9544314381270902,12.5,12.0,120000.0,20000.0,2.0,1.0,0.0,1
598.0,2371,2.5,1.9544314381270902,0.0,12.0,120000.0,0.0,0.0,0.0,0.0,2,100,0.0024752475247524753,-4.98,2.5,1.9544314381270902,0.0,12.0,120000.0,0.0,0.0,0.0,0.0,1
578.0,620,2.551903114186851,2.014850057670127,25.0,25.0,400000.0,20000.0,3.0,1.0,0.0,0,0,0.0024752475247524753,9.599799800000001,2.4999581528743975,1.954398723191941,0.0,25.0,400000.0,20000.0,1.0,1.0,0.0,0
592.0,1475,2.5253378378378377,1.974239864864865,12.5,12.0,120000.0,20000.0,2.0,1.0,0.0,0,0,0.0024752475247524753,9.749582916666668,2.4999581528743975,1.954398723191941,0.0,12.0,120000.0,20000.0,1.0,1.0,0.0,0
599.0,627,2.4958263772954923,1.9511686143572622,0.0,25.0,400000.0,20000.0,1.0,1.0,0.0,3,64,0.0024752475247524753,-4.98,2.4958263772954923,1.9511686143572622,0.0,25.0,400000.0,20000.0,1.0,1.0,0.0,1
599.0,1929,2.4958263772954923,1.9511686143572622,0.0,12.0,120000.0,0.0,0.0,1.0,0.0,2,64,0.0024752475247524753,-4.98,2.4958263772954923,1.9511686143572622,0.0,12.0,120000.0,0.0,0.0,1.0,0.0,1
600.0,2372,2.4916666666666667,1.9479166666666667,0.0,12.0,120000.0,0.0,0.0,0.0,0.0,2,100,0.0024752475247524753,-4.98,2.4916666666666667,1.9479166666666667,0.0,12.0,120000.0,0.0,0.0,0.0,0.0,1
601.0,1045,2.487520798668885,1.9446755407653908,12.5,12.0,120000.0,20000.0,3.0,1.0,0.0,2,100,0.0024752475247524753,-4.98,2.487520798668885,1.9446755407653908,12.5,12.0,120000.0,20000.0,3.0,1.0,0.0,1
601.0,1930,2.487520798668885,1.9446755407653908,0.0,12.0,120000.0,0.0,0.0,1.0,0.0,3,100,0.0024752475247524753,-4.98,2.487520798668885,1.9446755407653908,0.0,12.0,120000.0,0.0,0.0,1.0,0.0,1
602.0,628,2.4833887043189367,1.9414451827242525,12.5,25.0,400000.0,20000.0,2.0,1.0,0.0,3,100,0.0024752475247524753,-4.98,2.4833887043189367,1.9414451827242525,12.5,25.0,400000.0,20000.0,2.0,1.0,0.0,1
602.0,1935,2.4833887043189367,1.9414451827242525,0.0,12.0,120000.0,0.0,0.0,1.0,0.0,1,100,0.0024752475247524753,-4.98,2.4833887043189367,1.9414451827242525,0.0,12.0,120000.0,0.0,0.0,1.0,0.0,1
602.0,2373,2.4833887043189367,1.9414451827242525,0.0,12.0,120000.0,0.0,0.0,0.0,0.0,3,100,0.0024752475247524753,-4.98,2.4833887043189367,1.9414451827242525,0.0,12.0,120000.0,0.0,0.0,0.0,0.0,1
603.0,634,2.4792703150912105,1.9382255389718077,12.5,25.0,400000.0,20000.0,2.0,1.0,0.0,3,100,0.0024752475247524753,-4.98,2.4792703150912105,1.9382255389718077,12.5,25.0,400000.0,20000.0,2.0,1.0,0.0,1
603.0,1046,2.4792703150912105,1.9382255389718077,12.5,12.0,120000.0,20000.0,3.0,1.0,0.0,3,100,0.0024752475247524753,-4.98,2.4792703150912105,1.9382255389718077,12.5,12.0,120000.0,20000.0,3.0,1.0,0.0,1
603.0,1931,2.4792703150912105,1.9382255389718077,0.0,12.0,120000.0,0.0,0.0,1.0,0.0,1,100,0.0024752475247524753,-4.98,2.4792703150912105,1.9382255389718077,0.0,12.0,120000.0,0.0,0.0,1.0,0.0,1
604.0,1481,2.475165562913907,1.9350165562913906,25.0,12.0,120000.0,20000.0,3.0,1.0,0.0,1,100,0.0024752475247524753,-4.975,2.475165562913907,1.9350165562913906,25.0,12.0,120000.0,20000.0,3.0,1.0,0.0,1
604.0,1936,2.475165562913907,1.9350165562913906,0.0,12.0,120000.0,0.0,0.0,1.0,0.0,1,100,0.0024752475247524753,-4.98,2.475165562913907,1.9350165562913906,0.0,12.0,120000.0,0.0,0.0,1.0,0.0,1
604.0,2374,2.475165562913907,1.9350165562913906,0.0,12.0,120000.0,0.0,0.0,0.0,0.0,2,100,0.0024752475247524753,-4.98,2.475165562913907,1.9350165562913906,0.0,12.0,120000.0,0.0,0.0,0.0,0.0,1
599.0,1044,2.4958263772954923,1.9511686143572622,0.0,12.0,120000.0,20000.0,2.0,1.0,0.0,0,0,0.0024752475247524753,9.75,2.4710743801652892,1.9318181818181819,0.0,12.0,120000.0,20000.0,3.0,1.0,0.0,0
605.0,1932,2.4710743801652892,1.9318181818181819,0.0,12.0,120000.0,0.0,0.0,1.0,0.0,1,100,0.0024752475247524753,-4.98,2.4710743801652892,1.9318181818181819,0.0,12.0,120000.0,0.0,0.0,1.0,0.0,1
600.0,1479,2.4916666666666667,1.9479166666666667,0.0,12.0,120000.0,20000.0,1.0,1.0,0.0,0,0,0.0024752475247524753,9.74975,2.466996699669967,1.9286303630363038,12.5,12.0,120000.0,20000.0,3.0,1.0,0.0,0
606.0,635,2.466996699669967,1.9286303630363038,25.0,25.0,400000.0,20000.0,3.0,1.0,0.0,1,100,0.0024752475247524753,-4.975,2.466996699669967,1.9286303630363038,25.0,25.0,400000.0,20000.0,3.0,1.0,0.0,1
606.0,1937,2.466996699669967,1.9286303630363038,0.0,12.0,120000.0,0.0,0.0,1.0,0.0,2,100,0.0024752475247524753,-4.98,2.466996699669967,1.9286303630363038,0.0,12.0,120000.0,0.0,0.0,1.0,0.0,1
606.0,2375,2.466996699669967,1.9286303630363038,0.0,12.0,120000.0,0.0,0.0,0.0,0.0,2,100,0.0024752475247524753,-4.98,2.466996699669967,1.9286303630363038,0.0,12.0,120000.0,0.0,0.0,0.0,0.0,1
607.0,1048,2.4629324546952223,1.9254530477759473,12.5,12.0,120000.0,20000.0,3.0,1.0,0.0,2,100,0.0024752475247524753,-4.98,2.4629324546952223,1.9254530477759473,12.5,12.0,120000.0,20000.0,3.0,1.0,0.0,1
607.0,1933,2.4629324546952223,1.9254530477759473,0.0,12.0,120000.0,0.0,0.0,1.0,0.0,1,100,0.0024752475247524753,-4.98,2.4629324546952223,1.9254530477759473,0.0,12.0,120000.0,0.0,0.0,1.0,0.0,1
608.0,1483,2.4588815789473686,1.9222861842105265,25.0,12.0,120000.0,20000.0,3.0,1.0,0.0,1,100,0.0024752475247524753,-4.975,2.4588815789473686,1.9222861842105265,25.0,12.0,120000.0,20000.0,3.0,1.0,0.0,1
608.0,1938,2.4588815789473686,1.9222861842105265,0.0,12.0,120000.0,0.0,0.0,1.0,0.0,1,100,0.0024752475247524753,-4.98,2.4588815789473686,1.9222861842105265,0.0,12.0,120000.0,0.0,0.0,1.0,0.0,1
608.0,2376,2.4588815789473686,1.9222861842105265,0.0,12.0,120000.0,0.0,0.0,0.0,0.0,3,100,0.0024752475247524753,-4.98,2.4588815789473686,1.9222861842105265,0.0,12.0,120000.0,0.0,0.0,0.0,0.0,1
602.0,1480,2.4833887043189367,1.9414451827242525,12.5,12.0,120000.0,20000.0,2.0,1.0,0.0,1,100,0.0024752475247524753,9.769332916666668,2.4588410970404913,1.9222545365659358,12.5,12.0,120000.0,20000.0,2.0,1.0,0.0,0
609.0,636,2.4548440065681443,1.9191297208538587,25.0,25.0,400000.0,20000.0,3.0,1.0,0.0,3,100,0.0024752475247524753,-4.975,2.4548440065681443,1.9191297208538587,25.0,25.0,400000.0,20000.0,3.0,1.0,0.0,1
609.0,1049,2.4548440065681443,1.9191297208538587,12.5,12.0,120000.0,20000.0,3.0,1.0,0.0,2,100,0.0024752475247524753,-4.98,2.4548440065681443,1.9191297208538587,12.5,12.0,120000.0,20000.0,3.0,1.0,0.0,1
609.0,1934,2.4548440065681443,1.9191297208538587,0.0,12.0,120000.0,0.0,0.0,1.0,0.0,2,100,0.0024752475247524753,-4.98,2.4548440065681443,1.9191297208538587,0.0,12.0,120000.0,0.0,0.0,1.0,0.0,1
610.0,1484,2.4508196721311477,1.919398907103825,12.5,12.0,120000.0,20000.0,2.0,1.0,0.0,3,100,0.0024752475247524753,-4.98,2.4508196721311477,1.919398907103825,12.5,12.0,120000.0,20000.0,2.0,1.0,0.0,1
610.0,1939,2.4508196721311477,1.919398907103825,0.0,12.0,120000.0,0.0,0.0,1.0,0.0,3,100,0.0024752475247524753,-4.98,2.4508196721311477,1.919398907103825,0.0,12.0,120000.0,0.0,0.0,1.0,0.0,1
610.0,2377,2.4508196721311477,1.919398907103825,0.0,12.0,120000.0,0.0,0.0,0.0,0.0,3,100,0.0024752475247524753,-4.98,2.4508196721311477,1.919398907103825,0.0,12.0,120000.0,0.0,0.0,0.0,0.0,1
611.0,1050,2.4468085106382977,1.9162575013638843,12.5,12.0,120000.0,20000.0,3.0,1.0,0.0,3,100,0.0024752475247524753,-4.98,2.4468085106382977,1.9162575013638843,12.5,12.0,120000.0,20000.0,3.0,1.0,0.0,1
605.0,1047,2.4710743801652892,1.9318181818181819,0.0,12.0,120000.0,20000.0,2.0,1.0,0.0,0,0,0.0024752475247524753,9.749582916666668,2.446768425283245,1.9162261078723297,0.0,12.0,120000.0,20000.0,2.0,1.0,0.0,0
511.0,196,2.416829745596869,2.1241030658838875,0.0,8.0,80000.0,0.0,0.0,2.0,0.039,2,100,0.0024752475247524753,-3.98,2.4454743729552892,1.9152126499454745,0.0,8.0,80000.0,0.0,0.0,2.0,0.0,1
612.0,637,2.44281045751634,1.9165305010893248,25.0,25.0,400000.0,20000.0,3.0,1.0,0.0,3,100,0.0024752475247524753,-4.975,2.44281045751634,1.9165305010893248,25.0,25.0,400000.0,20000.0,3.0,1.0,0.0,1
612.0,1940,2.44281045751634,1.9165305010893248,0.0,12.0,120000.0,0.0,0.0,1.0,0.0,1,100,0.0024752475247524753,-4.98,2.44281045751634,1.9165305010893248,0.0,12.0,120000.0,0.0,0.0,1.0,0.0,1
612.0,2378,2.44281045751634,1.9165305010893248,0.0,12.0,120000.0,0.0,0.0,0.0,0.0,3,100,0.0024752475247524753,-4.98,2.44281045751634,1.9165305010893248,0.0,12.0,120000.0,0.0,0.0,0.0,0.0,1
606.0,1482,2.466996699669967,1.9286303630363038,12.5,12.0,120000.0,20000.0,2.0,1.0,0.0,1,100,0.0024752475247524753,9.769582916666668,2.442770503051086,1.9164991544283183,0.0,12.0,120000.0,20000.0,1.0,1.0,0.0,0
613.0,1051,2.4388254486133767,1.913404023926047,0.0,12.0,120000.0,20000.0,2.0,1.0,0.0,3,100,0.0024752475247524753,-4.98,2.4388254486133767,1.913404023926047,0.0,12.0,120000.0,20000.0,2.0,1.0,0.0,1
513.0,197,2.426900584795322,2.1219135802469133,0.0,8.0,80000.0,0.0,0.0,2.0,0.036,2,100,0.0024752475247524753,-3.98,2.4375,1.9123641304347827,0.0,8.0,80000.0,0.0,0.0,2.0,0.0,1
614.0,1941,2.4348534201954397,1.9136807817589576,0.0,12.0,120000.0,0.0,0.0,1.0,0.0,3,100,0.0024752475247524753,-4.98,2.4348534201954397,1.9136807817589576,0.0,12.0,120000.0,0.0,0.0,1.0,0.0,1
614.0,2379,2.4348534201954397,1.9136807817589576,0.0,12.0,120000.0,0.0,0.0,0.0,0.0,3,100,0.0024752475247524753,-4.98,2.4348534201954397,1.9136807817589576,0.0,12.0,120000.0,0.0,0.0,0.0,0.0,1
615.0,638,2.430894308943089,1.9139566395663954,25.0,25.0,400000.0,20000.0,3.0,1.0,0.0,3,100,0.0024752475247524753,-4.975,2.430894308943089,1.9139566395663954,25.0,25.0,400000.0,20000.0,3.0,1.0,0.0,1
615.0,1052,2.430894308943089,1.9139566395663954,0.0,12.0,120000.0,20000.0,2.0,1.0,0.0,2,100,0.0024752475247524753,-4.98,2.430894308943089,1.9139566395663954,0.0,12.0,120000.0,20000.0,2.0,1.0,0.0,1
515.0,198,2.4174757281553396,2.125809061488673,0.0,8.0,80000.0,0.0,0.0,2.0,0.033,2,100,0.0024752475247524753,-3.98,2.4295774647887325,1.9129198266522212,0.0,8.0,80000.0,0.0,0.0,2.0,0.0,1
616.0,1942,2.426948051948052,1.910849567099567,0.0,12.0,120000.0,0.0,0.0,1.0,0.0,2,100,0.0024752475247524753,-4.98,2.426948051948052,1.910849567099567,0.0,12.0,120000.0,0.0,0.0,1.0,0.0,1
616.0,2380,2.426948051948052,1.910849567099567,0.0,12.0,120000.0,0.0,0.0,0.0,0.0,3,100,0.0024752475247524753,-4.98,2.426948051948052,1.910849567099567,0.0,12.0,120000.0,0.0,0.0,0.0,0.0,1
517.0,199,2.4177949709864603,2.127659574468085,0.0,8.0,80000.0,0.0,0.0,2.0,0.029,2,100,0.0024752475247524753,-3.98,2.4255960840181703,1.9097850995962462,0.0,8.0,80000.0,0.0,0.0,2.0,0.0,1
618.0,639,2.4190938511326863,1.904665587918015,25.0,25.0,400000.0,20000.0,3.0,1.0,0.0,2,100,0.0024752475247524753,-4.975,2.4190938511326863,1.904665587918015,25.0,25.0,400000.0,20000.0,3.0,1.0,0.0,1
618.0,1485,2.4190938511326863,1.904665587918015,0.0,12.0,120000.0,20000.0,1.0,1.0,0.0,2,100,0.0024752475247524753,-4.98,2.4190938511326863,1.904665587918015,0.0,12.0,120000.0,20000.0,1.0,1.0,0.0,1
618.0,1943,2.4190938511326863,1.904665587918015,0.0,12.0,120000.0,0.0,0.0,1.0,0.0,2,100,0.0024752475247524753,-4.98,2.4190938511326863,1.904665587918015,0.0,12.0,120000.0,0.0,0.0,1.0,0.0,1
618.0,2381,2.4190938511326863,1.904665587918015,0.0,12.0,120000.0,0.0,0.0,0.0,0.0,2,100,0.0024752475247524753,-4.98,2.4190938511326863,1.904665587918015,0.0,12.0,120000.0,0.0,0.0,0.0,0.0,1
619.0,1054,2.4151857835218093,1.9015885837372104,12.5,12.0,120000.0,20000.0,3.0,1.0,0.0,3,100,0.0024752475247524753,-4.98,2.4151857835218093,1.9015885837372104,12.5,12.0,120000.0,20000.0,3.0,1.0,0.0,1
600.0,633,2.4916666666666667,1.9479166666666667,0.0,25.0,400000.0,20000.0,1.0,1.0,0.0,0,0,0.0024752475247524753,9.59975,2.411290322580645,1.898521505376344,12.5,25.0,400000.0,20000.0,2.0,1.0,0.0,0
620.0,1486,2.411290322580645,1.898521505376344,0.0,12.0,120000.0,20000.0,1.0,1.0,0.0,3,100,0.0024752475247524753,-4.98,2.411290322580645,1.898521505376344,0.0,12.0,120000.0,20000.0,1.0,1.0,0.0,1
620.0,1944,2.411290322580645,1.898521505376344,0.0,12.0,120000.0,0.0,0.0,1.0,0.0,2,100,0.0024752475247524753,-4.98,2.411290322580645,1.898521505376344,0.0,12.0,120000.0,0.0,0.0,1.0,0.0,1
620.0,2382,2.411290322580645,1.898521505376344,0.0,12.0,120000.0,0.0,0.0,0.0,0.0,2,100,0.0024752475247524753,-4.98,2.411290322580645,1.898521505376344,0.0,12.0,120000.0,0.0,0.0,0.0,0.0,1
621.0,640,2.4074074074074074,1.895464304884595,12.5,25.0,400000.0,20000.0,2.0,1.0,0.0,2,100,0.0024752475247524753,-4.98,2.4074074074074074,1.895464304884595,12.5,25.0,400000.0,20000.0,2.0,1.0,0.0,1
622.0,1945,2.4035369774919615,1.892416934619507,0.0,12.0,120000.0,0.0,0.0,1.0,0.0,1,100,0.0024752475247524753,-4.98,2.4035369774919615,1.892416934619507,0.0,12.0,120000.0,0.0,0.0,1.0,0.0,1
622.0,2383,2.4035369774919615,1.892416934619507,0.0,12.0,120000.0,0.0,0.0,0.0,0.0,3,100,0.0024752475247524753,-4.98,2.4035369774919615,1.892416934619507,0.0,12.0,120000.0,0.0,0.0,0.0,0.0,1
617.0,1053,2.4230145867098867,1.907752566180443,0.0,12.0,120000.0,20000.0,2.0,1.0,0.0,0,0,0.0024752475247524753,9.74975,2.3996789727126804,1.8893793472445157,12.5,12.0,120000.0,20000.0,3.0,1.0,0.0,0
623.0,1056,2.3996789727126804,1.8893793472445157,12.5,12.0,120000.0,20000.0,3.0,1.0,0.0,3,100,0.0024752475247524753,-4.98,2.3996789727126804,1.8893793472445157,12.5,12.0,120000.0,20000.0,3.0,1.0,0.0,1
624.0,641,2.3958333333333335,1.8863514957264957,12.5,25.0,400000.0,20000.0,2.0,1.0,0.0,2,100,0.0024752475247524753,-4.98,2.3958333333333335,1.8863514957264957,12.5,25.0,400000.0,20000.0,2.0,1.0,0.0,1
624.0,1488,2.3958333333333335,1.8863514957264957,12.5,12.0,120000.0,20000.0,2.0,1.0,0.0,2,100,0.0024752475247524753,-4.98,2.3958333333333335,1.8863514957264957,12.5,12.0,120000.0,20000.0,2.0,1.0,0.0,1
624.0,1946,2.3958333333333335,1.8863514957264957,0.0,12.0,120000.0,0.0,0.0,1.0,0.0,2,100,0.0024752475247524753,-4.98,2.3958333333333335,1.8863514957264957,0.0,12.0,120000.0,0.0,0.0,1.0,0.0,1
624.0,2384,2.3958333333333335,1.8863514957264957,0.0,12.0,120000.0,0.0,0.0,0.0,0.0,2,100,0.0024752475247524753,-4.98,2.3958333333333335,1.8863514957264957,0.0,12.0,120000.0,0.0,0.0,0.0,0.0,1
605.0,629,2.4710743801652892,1.9318181818181819,12.5,25.0,400000.0,20000.0,2.0,1.0,0.0,0,0,0.0024752475247524753,9.599799800000001,2.3919616903415672,1.883303170349757,0.0,25.0,400000.0,20000.0,1.0,1.0,0.0,0
626.0,1947,2.388178913738019,1.8803248136315227,0.0,12.0,120000.0,0.0,0.0,1.0,0.0,3,100,0.0024752475247524753,-4.98,2.388178913738019,1.8803248136315227,0.0,12.0,120000.0,0.0,0.0,1.0,0.0,1
627.0,225,2.384370015948963,1.8773258904837853,0.0,8.0,80000.0,0.0,0.0,2.0,0.0,3,100,0.0024752475247524753,-4.98,2.384370015948963,1.8773258904837853,0.0,8.0,80000.0,0.0,0.0,2.0,0.0,1
627.0,642,2.384370015948963,1.8773258904837853,0.0,25.0,400000.0,20000.0,1.0,1.0,0.0,2,37,0.0024752475247524753,-4.98,2.384370015948963,1.8773258904837853,0.0,25.0,400000.0,20000.0,1.0,1.0,0.0,1
621.0,1055,2.4074074074074074,1.895464304884595,12.5,12.0,120000.0,20000.0,3.0,1.0,0.0,0,0,0.0024752475247524753,9.749082916666667,2.3843319502985287,1.8772959196191035,25.0,12.0,120000.0,20000.0,4.0,1.0,0.0,0
622.0,1487,2.4035369774919615,1.892416934619507,0.0,12.0,120000.0,20000.0,1.0,1.0,0.0,0,0,0.0024752475247524753,9.74975,2.3805732484076434,1.874336518046709,12.5,12.0,120000.0,20000.0,2.0,1.0,0.0,0
628.0,1490,2.3805732484076434,1.874336518046709,12.5,12.0,120000.0,20000.0,2.0,1.0,0.0,3,100,0.0024752475247524753,-4.98,2.3805732484076434,1.874336518046709,12.5,12.0,120000.0,20000.0,2.0,1.0,0.0,1
628.0,1948,2.3805732484076434,1.874336518046709,0.0,12.0,120000.0,0.0,0.0,1.0,0.0,1,100,0.0024752475247524753,-4.98,2.3805732484076434,1.874336518046709,0.0,12.0,120000.0,0.0,0.0,1.0,0.0,1
629.0,226,2.3767885532591415,1.8713566507684156,0.0,8.0,80000.0,0.0,0.0,2.0,0.0,1,100,0.0024752475247524753,-4.98,2.3767885532591415,1.8713566507684156,0.0,8.0,80000.0,0.0,0.0,2.0,0.0,1
629.0,1059,2.3767885532591415,1.8713566507684156,25.0,12.0,120000.0,20000.0,4.0,1.0,0.0,3,100,0.0024752475247524753,-4.975,2.3767885532591415,1.8713566507684156,25.0,12.0,120000.0,20000.0,4.0,1.0,0.0,1
630.0,643,2.373015873015873,1.8683862433862435,0.0,25.0,400000.0,20000.0,1.0,1.0,0.0,3,100,0.0024752475247524753,-4.98,2.373015873015873,1.8683862433862435,0.0,25.0,400000.0,20000.0,1.0,1.0,0.0,1
630.0,1491,2.373015873015873,1.8683862433862435,12.5,12.0,120000.0,20000.0,2.0,1.0,0.0,3,100,0.0024752475247524753,-4.98,2.373015873015873,1.8683862433862435,12.5,12.0,120000.0,20000.0,2.0,1.0,0.0,1
630.0,1949,2.373015873015873,1.8683862433862435,0.0,12.0,120000.0,0.0,0.0,1.0,0.0,3,100,0.0024752475247524753,-4.98,2.373015873015873,1.8683862433862435,0.0,12.0,120000.0,0.0,0.0,1.0,0.0,1
631.0,227,2.369255150554675,1.8654252509244584,0.0,8.0,80000.0,0.0,0.0,2.0,0.0,1,100,0.0024752475247524753,-4.98,2.369255150554675,1.8654252509244584,0.0,8.0,80000.0,0.0,0.0,2.0,0.0,1
625.0,1057,2.392,1.8833333333333333,12.5,12.0,120000.0,20000.0,3.0,1.0,0.0,0,0,0.0024752475247524753,9.749332916666669,2.3692175659780736,1.8653956588316776,12.5,12.0,120000.0,20000.0,3.0,1.0,0.0,0
632.0,1492,2.365506329113924,1.8624736286919832,12.5,12.0,120000.0,20000.0,2.0,1.0,0.0,3,100,0.0024752475247524753,-4.98,2.365506329113924,1.8624736286919832,12.5,12.0,120000.0,20000.0,2.0,1.0,0.0,1
632.0,1950,2.365506329113924,1.8624736286919832,0.0,12.0,120000.0,0.0,0.0,1.0,0.0,3,100,0.0024752475247524753,-4.98,2.365506329113924,1.8624736286919832,0.0,12.0,120000.0,0.0,0.0,1.0,0.0,1
626.0,1489,2.388178913738019,1.8803248136315227,12.5,12.0,120000.0,20000.0,2.0,1.0,0.0,0,0,0.0024752475247524753,9.749582916666668,2.365468863380819,1.8624441301702381,0.0,12.0,120000.0,20000.0,1.0,1.0,0.0,0
633.0,228,2.361769352290679,1.8595313322801474,0.0,8.0,80000.0,0.0,0.0,2.0,0.0,3,100,0.0024752475247524753,-4.98,2.361769352290679,1.8595313322801474,0.0,8.0,80000.0,0.0,0.0,2.0,0.0,1
633.0,644,2.361769352290679,1.8595313322801474,0.0,25.0,400000.0,20000.0,1.0,1.0,0.0,2,100,0.0024752475247524753,-4.98,2.361769352290679,1.8595313322801474,0.0,25.0,400000.0,20000.0,1.0,1.0,0.0,1
627.0,1058,2.384370015948963,1.8773258904837853,25.0,12.0,120000.0,20000.0,4.0,1.0,0.0,0,0,0.0024752475247524753,9.749582916666668,2.3617320048382804,1.8595019268863273,0.0,12.0,120000.0,20000.0,2.0,1.0,0.0,0
634.0,1493,2.358044164037855,1.8565983175604628,0.0,12.0,120000.0,20000.0,1.0,1.0,0.0,2,100,0.0024752475247524753,-4.98,2.358044164037855,1.8565983175604628,0.0,12.0,120000.0,20000.0,1.0,1.0,0.0,1
634.0,1951,2.358044164037855,1.8565983175604628,0.0,12.0,120000.0,0.0,0.0,1.0,0.0,2,100,0.0024752475247524753,-4.98,2.358044164037855,1.8565983175604628,0.0,12.0,120000.0,0.0,0.0,1.0,0.0,1
635.0,229,2.3543307086614176,1.8536745406824147,0.0,8.0,80000.0,0.0,0.0,2.0,0.0,2,91,0.0024752475247524753,-4.98,2.3543307086614176,1.8536745406824147,0.0,8.0,80000.0,0.0,0.0,2.0,0.0,1
636.0,645,2.35062893081761,1.8507599580712786,0.0,25.0,400000.0,20000.0,1.0,1.0,0.0,2,91,0.0024752475247524753,-4.98,2.35062893081761,1.8507599580712786,0.0,25.0,400000.0,20000.0,1.0,1.0,0.0,1
636.0,1952,2.35062893081761,1.8507599580712786,0.0,12.0,120000.0,0.0,0.0,1.0,0.0,1,49,0.0024752475247524753,-4.98,2.35062893081761,1.8507599580712786,0.0,12.0,120000.0,0.0,0.0,1.0,0.0,1
636.0,2385,2.35062893081761,1.8507599580712786,0.0,12.0,120000.0,0.0,0.0,0.0,0.0,3,49,0.0024752475247524753,-4.98,2.35062893081761,1.8507599580712786,0.0,12.0,120000.0,0.0,0.0,0.0,0.0,1
637.0,230,2.3469387755102042,1.8478545264259552,0.0,8.0,80000.0,0.0,0.0,2.0,0.0,3,100,0.0024752475247524753,-4.98,2.3469387755102042,1.8478545264259552,0.0,8.0,80000.0,0.0,0.0,2.0,0.0,1
638.0,1953,2.343260188087774,1.8449582027168234,0.0,12.0,120000.0,0.0,0.0,1.0,0.0,1,5,0.0024752475247524753,-4.98,2.343260188087774,1.8449582027168234,0.0,12.0,120000.0,0.0,0.0,1.0,0.0,1
638.0,2386,2.343260188087774,1.8449582027168234,0.0,12.0,120000.0,0.0,0.0,0.0,0.0,3,100,0.0024752475247524753,-4.98,2.343260188087774,1.8449582027168234,0.0,12.0,120000.0,0.0,0.0,0.0,0.0,1
639.0,231,2.339593114241002,1.8420709441836203,0.0,8.0,80000.0,0.0,0.0,2.0,0.0,2,59,0.0024752475247524753,-4.98,2.339593114241002,1.8420709441836203,0.0,8.0,80000.0,0.0,0.0,2.0,0.0,1
640.0,1496,2.3359375,1.8391927083333333,25.0,12.0,120000.0,20000.0,3.0,1.0,0.0,1,44,0.0024752475247524753,-4.975,2.3359375,1.8391927083333333,25.0,12.0,120000.0,20000.0,3.0,1.0,0.0,1
640.0,1954,2.3359375,1.8391927083333333,0.0,12.0,120000.0,0.0,0.0,1.0,0.0,2,100,0.0024752475247524753,-4.98,2.3359375,1.8391927083333333,0.0,12.0,120000.0,0.0,0.0,1.0,0.0,1
640.0,2387,2.3359375,1.8391927083333333,0.0,12.0,120000.0,0.0,0.0,0.0,0.0,2,100,0.0024752475247524753,-4.98,2.3359375,1.8391927083333333,0.0,12.0,120000.0,0.0,0.0,0.0,0.0,1
641.0,232,2.3322932917316694,1.8363234529381174,0.0,8.0,80000.0,0.0,0.0,2.0,0.0,1,100,0.0024752475247524753,-4.98,2.3322932917316694,1.8363234529381174,0.0,8.0,80000.0,0.0,0.0,2.0,0.0,1
636.0,1494,2.35062893081761,1.8507599580712786,0.0,12.0,120000.0,20000.0,1.0,1.0,0.0,1,49,0.0024752475247524753,9.76975,2.3286604361370715,1.8334631360332294,12.5,12.0,120000.0,20000.0,2.0,1.0,0.0,0
642.0,1497,2.3286604361370715,1.8334631360332294,12.5,12.0,120000.0,20000.0,2.0,1.0,0.0,3,100,0.0024752475247524753,-4.98,2.3286604361370715,1.8334631360332294,12.5,12.0,120000.0,20000.0,2.0,1.0,0.0,1
642.0,1955,2.3286604361370715,1.8334631360332294,0.0,12.0,120000.0,0.0,0.0,1.0,0.0,2,100,0.0024752475247524753,-4.98,2.3286604361370715,1.8334631360332294,0.0,12.0,120000.0,0.0,0.0,1.0,0.0,1
642.0,2388,2.3286604361370715,1.8334631360332294,0.0,12.0,120000.0,0.0,0.0,0.0,0.0,2,100,0.0024752475247524753,-4.98,2.3286604361370715,1.8334631360332294,0.0,12.0,120000.0,0.0,0.0,0.0,0.0,1
643.0,233,2.3250388802488335,1.8306117159149817,0.0,8.0,80000.0,0.0,0.0,2.0,0.0,2,100,0.0024752475247524753,-4.98,2.3250388802488335,1.8306117159149817,0.0,8.0,80000.0,0.0,0.0,2.0,0.0,1
644.0,1498,2.3214285714285716,1.8277691511387162,12.5,12.0,120000.0,20000.0,2.0,1.0,0.0,3,100,0.0024752475247524753,-4.98,2.3214285714285716,1.8277691511387162,12.5,12.0,120000.0,20000.0,2.0,1.0,0.0,1
644.0,1956,2.3214285714285716,1.8277691511387162,0.0,12.0,120000.0,0.0,0.0,1.0,0.0,2,100,0.0024752475247524753,-4.98,2.3214285714285716,1.8277691511387162,0.0,12.0,120000.0,0.0,0.0,1.0,0.0,1
644.0,2389,2.3214285714285716,1.8277691511387162,0.0,12.0,120000.0,0.0,0.0,0.0,0.0,2,100,0.0024752475247524753,-4.98,2.3214285714285716,1.8277691511387162,0.0,12.0,120000.0,0.0,0.0,0.0,0.0,1
638.0,1495,2.343260188087774,1.8449582027168234,12.5,12.0,120000.0,20000.0,2.0,1.0,0.0,1,5,0.0024752475247524753,9.769582916666668,2.321392488914885,1.8277407416902314,0.0,12.0,120000.0,20000.0,1.0,1.0,0.0,0
645.0,234,2.3178294573643408,1.8249354005167957,0.0,8.0,80000.0,0.0,0.0,2.0,0.0,2,96,0.0024752475247524753,-4.98,2.3178294573643408,1.8249354005167957,0.0,8.0,80000.0,0.0,0.0,2.0,0.0,1
645.0,648,2.3178294573643408,1.8249354005167957,25.0,25.0,400000.0,20000.0,3.0,1.0,0.0,1,11,0.0024752475247524753,-4.975,2.3178294573643408,1.8249354005167957,25.0,25.0,400000.0,20000.0,3.0,1.0,0.0,1
646.0,1957,2.3142414860681115,1.8253353973168214,0.0,12.0,120000.0,0.0,0.0,1.0,0.0,1,100,0.0024752475247524753,-4.98,2.3142414860681115,1.8253353973168214,0.0,12.0,120000.0,0.0,0.0,1.0,0.0,1
646.0,2390,2.3142414860681115,1.8253353973168214,0.0,12.0,120000.0,0.0,0.0,0.0,0.0,2,100,0.0024752475247524753,-4.98,2.3142414860681115,1.8253353973168214,0.0,12.0,120000.0,0.0,0.0,0.0,0.0,1
647.0,235,2.310664605873261,1.8225141679546626,0.0,8.0,80000.0,0.0,0.0,2.0,0.0,3,100,0.0024752475247524753,-4.98,2.310664605873261,1.8225141679546626,0.0,8.0,80000.0,0.0,0.0,2.0,0.0,1
548.0,200,2.6094890510948905,2.0985401459854014,0.0,8.0,80000.0,0.0,0.0,2.0,0.006,2,100,0.0024752475247524753,-3.98,2.3094747682801233,1.8215756951596294,0.0,8.0,80000.0,0.0,0.0,2.0,0.0,1
648.0,649,2.307098765432099,1.8197016460905349,25.0,25.0,400000.0,20000.0,3.0,1.0,0.0,2,100,0.0024752475247524753,-4.975,2.307098765432099,1.8197016460905349,25.0,25.0,400000.0,20000.0,3.0,1.0,0.0,1
648.0,1061,2.307098765432099,1.8197016460905349,12.5,12.0,120000.0,20000.0,4.0,1.0,0.0,2,100,0.0024752475247524753,-4.98,2.307098765432099,1.8197016460905349,12.5,12.0,120000.0,20000.0,4.0,1.0,0.0,1
648.0,1500,2.307098765432099,1.8197016460905349,12.5,12.0,120000.0,20000.0,2.0,1.0,0.0,2,100,0.0024752475247524753,-4.98,2.307098765432099,1.8197016460905349,12.5,12.0,120000.0,20000.0,2.0,1.0,0.0,1
648.0,1958,2.307098765432099,1.8197016460905349,0.0,12.0,120000.0,0.0,0.0,1.0,0.0,2,100,0.0024752475247524753,-4.98,2.307098765432099,1.8197016460905349,0.0,12.0,120000.0,0.0,0.0,1.0,0.0,1
648.0,2391,2.307098765432099,1.8197016460905349,0.0,12.0,120000.0,0.0,0.0,0.0,0.0,2,100,0.0024752475247524753,-4.98,2.307098765432099,1.8197016460905349,0.0,12.0,120000.0,0.0,0.0,0.0,0.0,1
649.0,236,2.3035439137134053,1.8168977914740625,0.0,8.0,80000.0,0.0,0.0,2.0,0.0,1,100,0.0024752475247524753,-4.98,2.3035439137134053,1.8168977914740625,0.0,8.0,80000.0,0.0,0.0,2.0,0.0,1
650.0,1062,2.3,1.8141025641025639,12.5,12.0,120000.0,20000.0,4.0,1.0,0.0,1,100,0.0024752475247524753,-4.98,2.3,1.8141025641025639,12.5,12.0,120000.0,20000.0,4.0,1.0,0.0,1
650.0,1959,2.3,1.8141025641025639,0.0,12.0,120000.0,0.0,0.0,1.0,0.0,1,100,0.0024752475247524753,-4.98,2.3,1.8141025641025639,0.0,12.0,120000.0,0.0,0.0,1.0,0.0,1
650.0,2392,2.3,1.8141025641025639,0.0,12.0,120000.0,0.0,0.0,0.0,0.0,3,100,0.0024752475247524753,-4.98,2.3,1.8141025641025639,0.0,12.0,120000.0,0.0,0.0,0.0,0.0,1
651.0,237,2.2964669738863286,1.81131592421915,0.0,8.0,80000.0,0.0,0.0,2.0,0.0,1,100,0.0024752475247524753,-4.98,2.2964669738863286,1.81131592421915,0.0,8.0,80000.0,0.0,0.0,2.0,0.0,1
646.0,1060,2.3142414860681115,1.8253353973168214,0.0,12.0,120000.0,20000.0,3.0,1.0,0.0,1,11,0.0024752475247524753,9.77,2.2929447852760734,1.8085378323108385,0.0,12.0,120000.0,20000.0,4.0,1.0,0.0,0
646.0,1499,2.3142414860681115,1.8253353973168214,0.0,12.0,120000.0,20000.0,1.0,1.0,0.0,1,100,0.0024752475247524753,9.76975,2.2929447852760734,1.8085378323108385,12.5,12.0,120000.0,20000.0,2.0,1.0,0.0,0
652.0,1502,2.2929447852760734,1.8085378323108385,12.5,12.0,120000.0,20000.0,2.0,1.0,0.0,2,100,0.0024752475247524753,-4.98,2.2929447852760734,1.8085378323108385,12.5,12.0,120000.0,20000.0,2.0,1.0,0.0,1
652.0,2393,2.2929447852760734,1.8085378323108385,0.0,12.0,120000.0,0.0,0.0,0.0,0.0,2,100,0.0024752475247524753,-4.98,2.2929447852760734,1.8085378323108385,0.0,12.0,120000.0,0.0,0.0,0.0,0.0,1
653.0,238,2.2894333843797856,1.805768249106687,0.0,8.0,80000.0,0.0,0.0,2.0,0.0,2,100,0.0024752475247524753,-4.98,2.2894333843797856,1.805768249106687,0.0,8.0,80000.0,0.0,0.0,2.0,0.0,1
653.0,1510,2.2894333843797856,1.805768249106687,12.5,12.0,120000.0,20000.0,2.0,1.0,0.0,2,100,0.0024752475247524753,-4.98,2.2894333843797856,1.805768249106687,12.5,12.0,120000.0,20000.0,2.0,1.0,0.0,1
654.0,1064,2.285932721712538,1.803007135575943,12.5,12.0,120000.0,20000.0,4.0,1.0,0.0,2,100,0.0024752475247524753,-4.98,2.285932721712538,1.803007135575943,12.5,12.0,120000.0,20000.0,4.0,1.0,0.0,1
654.0,1503,2.285932721712538,1.803007135575943,12.5,12.0,120000.0,20000.0,2.0,2.0,0.0,2,100,0.0024752475247524753,-4.98,2.285932721712538,1.803007135575943,12.5,12.0,120000.0,20000.0,2.0,2.0,0.0,1
654.0,2394,2.285932721712538,1.803007135575943,0.0,12.0,120000.0,0.0,0.0,0.0,0.0,2,100,0.0024752475247524753,-4.98,2.285932721712538,1.803007135575943,0.0,12.0,120000.0,0.0,0.0,0.0,0.0,1
655.0,239,2.282442748091603,1.8002544529262086,0.0,8.0,80000.0,0.0,0.0,2.0,0.0,2,100,0.0024752475247524753,-4.98,2.282442748091603,1.8002544529262086,0.0,8.0,80000.0,0.0,0.0,2.0,0.0,1
656.0,1065,2.278963414634146,1.7975101626016259,12.5,12.0,120000.0,20000.0,4.0,1.0,0.0,1,100,0.0024752475247524753,-4.98,2.278963414634146,1.7975101626016259,12.5,12.0,120000.0,20000.0,4.0,1.0,0.0,1
656.0,1504,2.278963414634146,1.7975101626016259,25.0,12.0,120000.0,20000.0,3.0,2.0,0.0,3,100,0.0024752475247524753,-4.975,2.278963414634146,1.7975101626016259,25.0,12.0,120000.0,20000.0,3.0,2.0,0.0,1
656.0,2395,2.278963414634146,1.7975101626016259,0.0,12.0,120000.0,0.0,0.0,0.0,0.0,3,100,0.0024752475247524753,-4.98,2.278963414634146,1.7975101626016259,0.0,12.0,120000.0,0.0,0.0,0.0,0.0,1
650.0,1501,2.3,1.8141025641025639,12.5,12.0,120000.0,20000.0,2.0,1.0,0.0,1,100,0.0024752475247524753,9.769332916666668,2.278928640128525,1.7974827345495332,12.5,12.0,120000.0,20000.0,2.0,2.0,0.0,0
657.0,240,2.2754946727549465,1.7947742262810755,0.0,8.0,80000.0,0.0,0.0,2.0,0.0,3,100,0.0024752475247524753,-4.98,2.2754946727549465,1.7947742262810755,0.0,8.0,80000.0,0.0,0.0,2.0,0.0,1
658.0,2396,2.2720364741641337,1.792046605876393,0.0,12.0,120000.0,0.0,0.0,0.0,0.0,3,100,0.0024752475247524753,-4.98,2.2720364741641337,1.792046605876393,0.0,12.0,120000.0,0.0,0.0,0.0,0.0,1
652.0,1063,2.2929447852760734,1.8085378323108385,0.0,12.0,120000.0,20000.0,3.0,1.0,0.0,0,0,0.0024752475247524753,9.749332916666669,2.2720019107308107,1.792019344305517,12.5,12.0,120000.0,20000.0,4.0,1.0,0.0,0
639.0,646,2.339593114241002,1.8420709441836203,0.0,25.0,400000.0,20000.0,1.0,1.0,0.0,1,44,0.0024752475247524753,9.61975,2.268588770864947,1.8051340414769854,12.5,25.0,400000.0,20000.0,2.0,2.0,0.0,0
659.0,241,2.268588770864947,1.8051340414769854,0.0,8.0,80000.0,0.0,0.0,2.0,0.0,3,100,0.0024752475247524753,-4.98,2.268588770864947,1.8051340414769854,0.0,8.0,80000.0,0.0,0.0,2.0,0.0,1
660.0,1506,2.265151515151515,1.8023989898989898,50.0,12.0,120000.0,20000.0,5.0,2.0,0.0,1,100,0.0024752475247524753,-4.95025,2.265151515151515,1.8023989898989898,50.0,12.0,120000.0,20000.0,5.0,2.0,0.0,1
660.0,2397,2.265151515151515,1.8023989898989898,0.0,12.0,120000.0,0.0,0.0,0.0,0.0,2,100,0.0024752475247524753,-4.98,2.265151515151515,1.8023989898989898,0.0,12.0,120000.0,0.0,0.0,0.0,0.0,1
661.0,242,2.2617246596066565,1.7996722138174481,0.0,8.0,80000.0,0.0,0.0,2.0,0.0,2,100,0.0024752475247524753,-4.98,2.2617246596066565,1.7996722138174481,0.0,8.0,80000.0,0.0,0.0,2.0,0.0,1
661.0,1514,2.2617246596066565,1.7996722138174481,50.0,12.0,120000.0,20000.0,5.0,2.0,0.0,2,100,0.0024752475247524753,-4.95,2.2617246596066565,1.7996722138174481,50.0,12.0,120000.0,20000.0,5.0,2.0,0.0,1
655.0,1511,2.282442748091603,1.8002544529262086,12.5,12.0,120000.0,20000.0,2.0,2.0,0.0,1,100,0.0024752475247524753,9.768832916666668,2.2616904091966776,1.7996449604951268,37.5,12.0,120000.0,20000.0,4.0,2.0,0.0,0
662.0,1068,2.258308157099698,1.7969536757301106,25.0,12.0,120000.0,20000.0,5.0,1.0,0.0,2,100,0.0024752475247524753,-4.975,2.258308157099698,1.7969536757301106,25.0,12.0,120000.0,20000.0,5.0,1.0,0.0,1
662.0,1507,2.258308157099698,1.7969536757301106,37.5,12.0,120000.0,20000.0,4.0,2.0,0.0,1,100,0.0024752475247524753,-4.96275,2.258308157099698,1.7969536757301106,37.5,12.0,120000.0,20000.0,4.0,2.0,0.0,1
662.0,2398,2.258308157099698,1.7969536757301106,0.0,12.0,120000.0,0.0,0.0,0.0,0.0,2,100,0.0024752475247524753,-4.98,2.258308157099698,1.7969536757301106,0.0,12.0,120000.0,0.0,0.0,0.0,0.0,1
642.0,647,2.3286604361370715,1.8334631360332294,12.5,25.0,400000.0,20000.0,2.0,1.0,0.0,1,100,0.0024752475247524753,9.619799800000001,2.258274010086343,1.7969265046813012,0.0,25.0,400000.0,20000.0,3.0,2.0,0.0,0
663.0,243,2.2549019607843137,1.794243338360985,0.0,8.0,80000.0,0.0,0.0,2.0,0.0,2,61,0.0024752475247524753,-4.98,2.2549019607843137,1.794243338360985,0.0,8.0,80000.0,0.0,0.0,2.0,0.0,1
663.0,1515,2.2549019607843137,1.794243338360985,37.5,12.0,120000.0,20000.0,4.0,2.0,0.0,2,100,0.0024752475247524753,-4.9625,2.2549019607843137,1.794243338360985,37.5,12.0,120000.0,20000.0,4.0,2.0,0.0,1
657.0,1512,2.2754946727549465,1.7947742262810755,12.5,12.0,120000.0,20000.0,2.0,2.0,0.0,0,0,0.0024752475247524753,9.749082916666667,2.254867916700081,1.7942162492136933,25.0,12.0,120000.0,20000.0,3.0,2.0,0.0,0
664.0,1069,2.251506024096386,1.7915411646586346,25.0,12.0,120000.0,20000.0,5.0,1.0,0.0,2,100,0.0024752475247524753,-4.975,2.251506024096386,1.7915411646586346,25.0,12.0,120000.0,20000.0,5.0,1.0,0.0,1
664.0,1508,2.251506024096386,1.7915411646586346,25.0,12.0,120000.0,20000.0,3.0,2.0,0.0,3,100,0.0024752475247524753,-4.975,2.251506024096386,1.7915411646586346,25.0,12.0,120000.0,20000.0,3.0,2.0,0.0,1
664.0,2399,2.251506024096386,1.7915411646586346,0.0,12.0,120000.0,0.0,0.0,0.0,0.0,3,100,0.0024752475247524753,-4.98,2.251506024096386,1.7915411646586346,0.0,12.0,120000.0,0.0,0.0,0.0,0.0,1
658.0,1066,2.2720364741641337,1.792046605876393,12.5,12.0,120000.0,20000.0,4.0,1.0,0.0,0,0,0.0024752475247524753,9.749332916666669,2.251472082476588,1.7915141570431043,12.5,12.0,120000.0,20000.0,4.0,1.0,0.0,0
658.0,1505,2.2720364741641337,1.792046605876393,25.0,12.0,120000.0,20000.0,3.0,2.0,0.0,0,0,0.0024752475247524753,9.749332916666669,2.251472082476588,1.7915141570431043,12.5,12.0,120000.0,20000.0,2.0,2.0,0.0,0
665.0,244,2.2481203007518795,1.788847117794486,0.0,8.0,80000.0,0.0,0.0,2.0,0.0,1,100,0.0024752475247524753,-4.98,2.2481203007518795,1.788847117794486,0.0,8.0,80000.0,0.0,0.0,2.0,0.0,1
665.0,1516,2.2481203007518795,1.788847117794486,12.5,12.0,120000.0,20000.0,2.0,2.0,0.0,1,100,0.0024752475247524753,-4.98,2.2481203007518795,1.788847117794486,12.5,12.0,120000.0,20000.0,2.0,2.0,0.0,1
659.0,1513,2.268588770864947,1.8051340414769854,37.5,12.0,120000.0,20000.0,4.0,2.0,0.0,0,0,0.0024752475247524753,9.749582916666668,2.2480864611346227,1.7888201913431847,0.0,12.0,120000.0,20000.0,1.0,2.0,0.0,0
296.0,527,2.195945945945946,1.875703828828829,75.0,25.0,400000.0,20000.0,7.0,1.0,0.5,2,100,0.0024752475247524753,-3.925,2.2458350313340056,1.7870287108301524,0.0,25.0,400000.0,20000.0,4.0,2.0,0.0,1
666.0,1070,2.2447447447447444,1.786161161161161,12.5,12.0,120000.0,20000.0,4.0,1.0,0.0,2,100,0.0024752475247524753,-4.98,2.2447447447447444,1.786161161161161,12.5,12.0,120000.0,20000.0,4.0,1.0,0.0,1
666.0,1509,2.2447447447447444,1.786161161161161,0.0,12.0,120000.0,20000.0,1.0,2.0,0.0,2,100,0.0024752475247524753,-4.98,2.2447447447447444,1.786161161161161,0.0,12.0,120000.0,20000.0,1.0,2.0,0.0,1
666.0,2400,2.2447447447447444,1.786161161161161,0.0,12.0,120000.0,0.0,0.0,0.0,0.0,2,100,0.0024752475247524753,-4.98,2.2447447447447444,1.786161161161161,0.0,12.0,120000.0,0.0,0.0,0.0,0.0,1
660.0,1067,2.265151515151515,1.8023989898989898,12.5,12.0,120000.0,20000.0,4.0,1.0,0.0,0,0,0.0024752475247524753,9.749582916666668,2.2447110066709057,1.7861343155087612,0.0,12.0,120000.0,20000.0,3.0,1.0,0.0,0
667.0,245,2.2413793103448274,1.7834832583708145,0.0,8.0,80000.0,0.0,0.0,2.0,0.0,2,100,0.0024752475247524753,-4.98,2.2413793103448274,1.7834832583708145,0.0,8.0,80000.0,0.0,0.0,2.0,0.0,1
667.0,1517,2.2413793103448274,1.7834832583708145,0.0,12.0,120000.0,20000.0,1.0,2.0,0.0,2,100,0.0024752475247524753,-4.98,2.2413793103448274,1.7834832583708145,0.0,12.0,120000.0,20000.0,1.0,2.0,0.0,1
668.0,650,2.2380239520958085,1.7964071856287425,0.0,25.0,400000.0,20000.0,4.0,2.0,0.0,2,100,0.0024752475247524753,-4.98,2.2380239520958085,1.7964071856287425,0.0,25.0,400000.0,20000.0,4.0,2.0,0.0,1
668.0,2401,2.2380239520958085,1.7964071856287425,0.0,12.0,120000.0,0.0,0.0,0.0,0.0,3,100,0.0024752475247524753,-4.98,2.2380239520958085,1.7964071856287425,0.0,12.0,120000.0,0.0,0.0,0.0,0.0,1
669.0,246,2.234678624813154,1.7937219730941705,0.0,8.0,80000.0,0.0,0.0,2.0,0.0,3,100,0.0024752475247524753,-4.98,2.234678624813154,1.7937219730941705,0.0,8.0,80000.0,0.0,0.0,2.0,0.0,1
669.0,1518,2.234678624813154,1.7937219730941705,0.0,12.0,120000.0,20000.0,1.0,2.0,0.0,3,100,0.0024752475247524753,-4.98,2.234678624813154,1.7937219730941705,0.0,12.0,120000.0,20000.0,1.0,2.0,0.0,1
670.0,1072,2.2313432835820897,1.7910447761194026,12.5,12.0,120000.0,20000.0,4.0,1.0,0.0,2,100,0.0024752475247524753,-4.98,2.2313432835820897,1.7910447761194026,12.5,12.0,120000.0,20000.0,4.0,1.0,0.0,1
670.0,2402,2.2313432835820897,1.7910447761194026,0.0,12.0,120000.0,0.0,0.0,0.0,0.0,2,100,0.0024752475247524753,-4.98,2.2313432835820897,1.7910447761194026,0.0,12.0,120000.0,0.0,0.0,0.0,0.0,1
671.0,247,2.2280178837555886,1.803899652260308,0.0,8.0,80000.0,0.0,0.0,2.0,0.0,2,100,0.0024752475247524753,-4.98,2.2280178837555886,1.803899652260308,0.0,8.0,80000.0,0.0,0.0,2.0,0.0,1
671.0,651,2.2280178837555886,1.803899652260308,0.0,25.0,400000.0,20000.0,4.0,2.0,0.0,2,100,0.0024752475247524753,-4.98,2.2280178837555886,1.803899652260308,0.0,25.0,400000.0,20000.0,4.0,2.0,0.0,1
671.0,1519,2.2280178837555886,1.803899652260308,0.0,12.0,120000.0,20000.0,1.0,2.0,0.0,2,100,0.0024752475247524753,-4.98,2.2280178837555886,1.803899652260308,0.0,12.0,120000.0,20000.0,1.0,2.0,0.0,1
672.0,1073,2.224702380952381,1.81671626984127,12.5,12.0,120000.0,20000.0,4.0,1.0,0.0,2,100,0.0024752475247524753,-4.98,2.224702380952381,1.81671626984127,12.5,12.0,120000.0,20000.0,4.0,1.0,0.0,1
672.0,2403,2.224702380952381,1.81671626984127,0.0,12.0,120000.0,0.0,0.0,0.0,0.0,3,100,0.0024752475247524753,-4.98,2.224702380952381,1.81671626984127,0.0,12.0,120000.0,0.0,0.0,0.0,0.0,1
673.0,248,2.221396731054978,1.8140168400198116,0.0,8.0,80000.0,0.0,0.0,2.0,0.0,3,100,0.0024752475247524753,-4.98,2.221396731054978,1.8140168400198116,0.0,8.0,80000.0,0.0,0.0,2.0,0.0,1
673.0,1520,2.221396731054978,1.8140168400198116,0.0,12.0,120000.0,20000.0,1.0,2.0,0.0,3,100,0.0024752475247524753,-4.98,2.221396731054978,1.8140168400198116,0.0,12.0,120000.0,20000.0,1.0,2.0,0.0,1
668.0,1071,2.2380239520958085,1.7964071856287425,0.0,12.0,120000.0,20000.0,3.0,1.0,0.0,0,0,0.0024752475247524753,9.75,2.2181008902077153,1.8113254203758655,0.0,12.0,120000.0,20000.0,3.0,1.0,0.0,0
674.0,652,2.2181008902077153,1.8113254203758655,0.0,25.0,400000.0,20000.0,4.0,2.0,0.0,2,100,0.0024752475247524753,-4.98,2.2181008902077153,1.8113254203758655,0.0,25.0,400000.0,20000.0,4.0,2.0,0.0,1
674.0,1074,2.2181008902077153,1.8113254203758655,0.0,12.0,120000.0,20000.0,3.0,1.0,0.0,2,100,0.0024752475247524753,-4.98,2.2181008902077153,1.8113254203758655,0.0,12.0,120000.0,20000.0,3.0,1.0,0.0,1
674.0,2404,2.2181008902077153,1.8113254203758655,0.0,12.0,120000.0,0.0,0.0,0.0,0.0,2,27,0.0024752475247524753,-4.98,2.2181008902077153,1.8113254203758655,0.0,12.0,120000.0,0.0,0.0,0.0,0.0,1
330.0,543,2.3333333333333335,1.9728535353535355,37.5,25.0,400000.0,20000.0,4.0,1.0,0.43,2,100,0.0024752475247524753,-3.9625,2.215876214050046,1.8095087255202436,0.0,25.0,400000.0,20000.0,4.0,2.0,0.0,1
675.0,249,2.214814814814815,1.808641975308642,0.0,8.0,80000.0,0.0,0.0,2.0,0.0,1,100,0.0024752475247524753,-4.98,2.214814814814815,1.808641975308642,0.0,8.0,80000.0,0.0,0.0,2.0,0.0,1
675.0,2410,2.214814814814815,1.808641975308642,0.0,12.0,120000.0,0.0,0.0,0.0,0.0,2,84,0.0024752475247524753,-4.98,2.214814814814815,1.808641975308642,0.0,12.0,120000.0,0.0,0.0,0.0,0.0,1
676.0,1075,2.2115384615384617,1.8059664694280078,0.0,12.0,120000.0,20000.0,4.0,1.0,0.0,2,84,0.0024752475247524753,-4.98,2.2115384615384617,1.8059664694280078,0.0,12.0,120000.0,20000.0,4.0,1.0,0.0,1
676.0,2405,2.2115384615384617,1.8059664694280078,0.0,12.0,120000.0,0.0,0.0,0.0,0.0,2,84,0.0024752475247524753,-4.98,2.2115384615384617,1.8059664694280078,0.0,12.0,120000.0,0.0,0.0,0.0,0.0,1
677.0,653,2.208271787296898,1.8032988675529296,0.0,25.0,400000.0,20000.0,4.0,2.0,0.0,2,84,0.0024752475247524753,-4.98,2.208271787296898,1.8032988675529296,0.0,25.0,400000.0,20000.0,5.0,2.0,0.0,1
677.0,1522,2.208271787296898,1.8032988675529296,12.5,12.0,120000.0,20000.0,2.0,2.0,0.0,1,100,0.0024752475247524753,-4.98,2.208271787296898,1.8032988675529296,12.5,12.0,120000.0,20000.0,2.0,2.0,0.0,1
677.0,2411,2.208271787296898,1.8032988675529296,0.0,12.0,120000.0,0.0,0.0,0.0,0.0,2,100,0.0024752475247524753,-4.98,2.208271787296898,1.8032988675529296,0.0,12.0,120000.0,0.0,0.0,0.0,0.0,1
345.0,548,2.2608695652173916,1.9776570048309183,37.5,25.0,400000.0,20000.0,4.0,1.0,0.402,2,100,0.0024752475247524753,-3.9625,2.206066774134173,1.8014982297138034,0.0,25.0,400000.0,20000.0,5.0,2.0,0.0,1
678.0,1076,2.205014749262537,1.8006391347099313,0.0,12.0,120000.0,20000.0,4.0,1.0,0.0,2,100,0.0024752475247524753,-4.98,2.205014749262537,1.8006391347099313,0.0,12.0,120000.0,20000.0,4.0,1.0,0.0,1
678.0,2406,2.205014749262537,1.8006391347099313,0.0,12.0,120000.0,0.0,0.0,0.0,0.0,2,55,0.0024752475247524753,-4.98,2.205014749262537,1.8006391347099313,0.0,12.0,120000.0,0.0,0.0,0.0,0.0,1
348.0,549,2.2413793103448274,1.969588122605364,25.0,25.0,400000.0,20000.0,3.0,1.0,0.394,2,100,0.0024752475247524753,-3.975,2.2028162325287513,1.7988438019256527,0.0,25.0,400000.0,20000.0,5.0,2.0,0.0,1
679.0,1523,2.2017673048600885,1.7979872361315659,12.5,12.0,120000.0,20000.0,2.0,2.0,0.0,2,55,0.0024752475247524753,-4.98,2.2017673048600885,1.7979872361315659,12.5,12.0,120000.0,20000.0,2.0,2.0,0.0,1
679.0,2412,2.2017673048600885,1.7979872361315659,0.0,12.0,120000.0,0.0,0.0,0.0,0.0,3,100,0.0024752475247524753,-4.98,2.2017673048600885,1.7979872361315659,0.0,12.0,120000.0,0.0,0.0,0.0,0.0,1
680.0,654,2.1985294117647056,1.795343137254902,0.0,25.0,400000.0,20000.0,5.0,2.0,0.0,2,100,0.0024752475247524753,-4.98,2.1985294117647056,1.795343137254902,0.0,25.0,400000.0,20000.0,5.0,2.0,0.0,1
680.0,1077,2.1985294117647056,1.795343137254902,0.0,12.0,120000.0,20000.0,4.0,1.0,0.0,3,100,0.0024752475247524753,-4.98,2.1985294117647056,1.795343137254902,0.0,12.0,120000.0,20000.0,4.0,1.0,0.0,1
680.0,2407,2.1985294117647056,1.795343137254902,0.0,12.0,120000.0,0.0,0.0,0.0,0.0,3,100,0.0024752475247524753,-4.98,2.1985294117647056,1.795343137254902,0.0,12.0,120000.0,0.0,0.0,0.0,0.0,1
675.0,1521,2.214814814814815,1.808641975308642,0.0,12.0,120000.0,20000.0,1.0,2.0,0.0,1,100,0.0024752475247524753,9.77,2.195301027900147,1.7927068037200193,0.0,12.0,120000.0,20000.0,2.0,2.0,0.0,0
681.0,2413,2.195301027900147,1.7927068037200193,0.0,12.0,120000.0,0.0,0.0,0.0,0.0,3,100,0.0024752475247524753,-4.98,2.195301027900147,1.7927068037200193,0.0,12.0,120000.0,0.0,0.0,0.0,0.0,1
682.0,2408,2.19208211143695,1.790078201368524,0.0,12.0,120000.0,0.0,0.0,0.0,0.0,3,100,0.0024752475247524753,-4.98,2.19208211143695,1.790078201368524,0.0,12.0,120000.0,0.0,0.0,0.0,0.0,1
683.0,655,2.1888726207906295,1.7874572962420694,0.0,25.0,400000.0,20000.0,5.0,2.0,0.0,2,100,0.0024752475247524753,-4.98,2.1888726207906295,1.7874572962420694,0.0,25.0,400000.0,20000.0,5.0,2.0,0.0,1
683.0,1525,2.1888726207906295,1.7874572962420694,12.5,12.0,120000.0,20000.0,2.0,2.0,0.0,2,100,0.0024752475247524753,-4.98,2.1888726207906295,1.7874572962420694,12.5,12.0,120000.0,20000.0,2.0,2.0,0.0,1
683.0,2414,2.1888726207906295,1.7874572962420694,0.0,12.0,120000.0,0.0,0.0,0.0,0.0,3,100,0.0024752475247524753,-4.98,2.1888726207906295,1.7874572962420694,0.0,12.0,120000.0,0.0,0.0,0.0,0.0,1
684.0,1079,2.185672514619883,1.7848440545808966,12.5,12.0,120000.0,20000.0,5.0,1.0,0.0,2,100,0.0024752475247524753,-4.98,2.185672514619883,1.7848440545808966,12.5,12.0,120000.0,20000.0,5.0,1.0,0.0,1
684.0,2409,2.185672514619883,1.7848440545808966,0.0,12.0,120000.0,0.0,0.0,0.0,0.0,2,100,0.0024752475247524753,-4.98,2.185672514619883,1.7848440545808966,0.0,12.0,120000.0,0.0,0.0,0.0,0.0,1
685.0,250,2.1824817518248176,1.7822384428223845,0.0,8.0,80000.0,0.0,0.0,2.0,0.0,2,100,0.0024752475247524753,-4.98,2.1824817518248176,1.7822384428223845,0.0,8.0,80000.0,0.0,0.0,2.0,0.0,1
685.0,1526,2.1824817518248176,1.7822384428223845,12.5,12.0,120000.0,20000.0,2.0,2.0,0.0,2,100,0.0024752475247524753,-4.98,2.1824817518248176,1.7822384428223845,12.5,12.0,120000.0,20000.0,2.0,2.0,0.0,1
685.0,2415,2.1824817518248176,1.7822384428223845,0.0,12.0,120000.0,0.0,0.0,0.0,0.0,2,100,0.0024752475247524753,-4.98,2.1824817518248176,1.7822384428223845,0.0,12.0,120000.0,0.0,0.0,0.0,0.0,1
686.0,656,2.1793002915451893,1.7796404275996112,0.0,25.0,400000.0,20000.0,5.0,2.0,0.0,2,100,0.0024752475247524753,-4.98,2.1793002915451893,1.7796404275996112,0.0,25.0,400000.0,20000.0,5.0,2.0,0.0,1
686.0,1080,2.1793002915451893,1.7796404275996112,12.5,12.0,120000.0,20000.0,5.0,1.0,0.0,2,36,0.0024752475247524753,-4.98,2.1793002915451893,1.7796404275996112,12.5,12.0,120000.0,20000.0,5.0,1.0,0.0,1
687.0,251,2.1761280931586606,1.7770499757399323,0.0,8.0,80000.0,0.0,0.0,2.0,0.0,2,36,0.0024752475247524753,-4.98,2.1761280931586606,1.7770499757399323,0.0,8.0,80000.0,0.0,0.0,2.0,0.0,1
687.0,1527,2.1761280931586606,1.7770499757399323,12.5,12.0,120000.0,20000.0,2.0,2.0,0.0,2,100,0.0024752475247524753,-4.98,2.1761280931586606,1.7770499757399323,12.5,12.0,120000.0,20000.0,2.0,2.0,0.0,1
687.0,2416,2.1761280931586606,1.7770499757399323,0.0,12.0,120000.0,0.0,0.0,0.0,0.0,2,100,0.0024752475247524753,-4.98,2.1761280931586606,1.7770499757399323,0.0,12.0,120000.0,0.0,0.0,0.0,0.0,1
681.0,1524,2.195301027900147,1.7927068037200193,0.0,12.0,120000.0,20000.0,1.0,2.0,0.0,1,100,0.0024752475247524753,9.769582916666668,2.1760963861356255,1.7770240834385123,0.0,12.0,120000.0,20000.0,1.0,2.0,0.0,0
682.0,1078,2.19208211143695,1.790078201368524,0.0,12.0,120000.0,20000.0,4.0,1.0,0.0,1,100,0.0024752475247524753,9.77,2.1729651162790695,1.7744670542635659,0.0,12.0,120000.0,20000.0,4.0,1.0,0.0,0
688.0,1081,2.1729651162790695,1.7744670542635659,0.0,12.0,120000.0,20000.0,4.0,1.0,0.0,3,100,0.0024752475247524753,-4.98,2.1729651162790695,1.7744670542635659,0.0,12.0,120000.0,20000.0,4.0,1.0,0.0,1
689.0,252,2.1698113207547167,1.7718916303821963,0.0,8.0,80000.0,0.0,0.0,2.0,0.0,3,100,0.0024752475247524753,-4.98,2.1698113207547167,1.7718916303821963,0.0,8.0,80000.0,0.0,0.0,2.0,0.0,1
689.0,657,2.1698113207547167,1.7718916303821963,0.0,25.0,400000.0,20000.0,5.0,2.0,0.0,1,100,0.0024752475247524753,-4.98,2.1698113207547167,1.7718916303821963,0.0,25.0,400000.0,20000.0,5.0,2.0,0.0,1
689.0,1960,2.1698113207547167,1.7718916303821963,0.0,12.0,120000.0,0.0,0.0,1.0,0.0,3,21,0.0024752475247524753,-4.98,2.1698113207547167,1.7718916303821963,0.0,12.0,120000.0,0.0,0.0,1.0,0.0,1
689.0,2417,2.1698113207547167,1.7718916303821963,0.0,12.0,120000.0,0.0,0.0,0.0,0.0,3,21,0.0024752475247524753,-4.98,2.1698113207547167,1.7718916303821963,0.0,12.0,120000.0,0.0,0.0,0.0,0.0,1
690.0,1082,2.166666666666667,1.7693236714975846,0.0,12.0,120000.0,20000.0,4.0,1.0,0.0,2,100,0.0024752475247524753,-4.98,2.166666666666667,1.7693236714975846,0.0,12.0,120000.0,20000.0,4.0,1.0,0.0,1
691.0,253,2.1635311143270624,1.781837916063676,0.0,8.0,80000.0,0.0,0.0,2.0,0.0,2,100,0.0024752475247524753,-4.98,2.1635311143270624,1.781837916063676,0.0,8.0,80000.0,0.0,0.0,2.0,0.0,1
691.0,1961,2.1635311143270624,1.781837916063676,0.0,12.0,120000.0,0.0,0.0,1.0,0.0,1,100,0.0024752475247524753,-4.98,2.1635311143270624,1.781837916063676,0.0,12.0,120000.0,0.0,0.0,1.0,0.0,1
691.0,2418,2.1635311143270624,1.781837916063676,0.0,12.0,120000.0,0.0,0.0,0.0,0.0,2,100,0.0024752475247524753,-4.98,2.1635311143270624,1.781837916063676,0.0,12.0,120000.0,0.0,0.0,0.0,0.0,1
692.0,658,2.1604046242774566,1.7792630057803467,0.0,25.0,400000.0,20000.0,5.0,2.0,0.0,2,100,0.0024752475247524753,-4.98,2.1604046242774566,1.7792630057803467,0.0,25.0,400000.0,20000.0,5.0,2.0,0.0,1
692.0,1083,2.1604046242774566,1.7792630057803467,0.0,12.0,120000.0,20000.0,4.0,1.0,0.0,3,100,0.0024752475247524753,-4.98,2.1604046242774566,1.7792630057803467,0.0,12.0,120000.0,20000.0,4.0,1.0,0.0,1
693.0,254,2.1572871572871573,1.7766955266955269,0.0,8.0,80000.0,0.0,0.0,2.0,0.0,3,100,0.0024752475247524753,-4.98,2.1572871572871573,1.7766955266955269,0.0,8.0,80000.0,0.0,0.0,2.0,0.0,1
693.0,1530,2.1572871572871573,1.7766955266955269,25.0,12.0,120000.0,20000.0,4.0,2.0,0.0,3,100,0.0024752475247524753,-4.975,2.1572871572871573,1.7766955266955269,25.0,12.0,120000.0,20000.0,4.0,2.0,0.0,1
693.0,1962,2.1572871572871573,1.7766955266955269,0.0,12.0,120000.0,0.0,0.0,1.0,0.0,3,100,0.0024752475247524753,-4.98,2.1572871572871573,1.7766955266955269,0.0,12.0,120000.0,0.0,0.0,1.0,0.0,1
693.0,2419,2.1572871572871573,1.7766955266955269,0.0,12.0,120000.0,0.0,0.0,0.0,0.0,3,100,0.0024752475247524753,-4.98,2.1572871572871573,1.7766955266955269,0.0,12.0,120000.0,0.0,0.0,0.0,0.0,1
689.0,1528,2.1698113207547167,1.7718916303821963,0.0,12.0,120000.0,20000.0,2.0,2.0,0.0,1,100,0.0024752475247524753,9.76975,2.1510791366906474,1.7865707434052756,12.5,12.0,120000.0,20000.0,4.0,2.0,0.0,0
695.0,255,2.1510791366906474,1.7865707434052756,0.0,8.0,80000.0,0.0,0.0,2.0,0.0,2,100,0.0024752475247524753,-4.98,2.1510791366906474,1.7865707434052756,0.0,8.0,80000.0,0.0,0.0,2.0,0.0,1
695.0,659,2.1510791366906474,1.7865707434052756,0.0,25.0,400000.0,20000.0,5.0,2.0,0.0,2,100,0.0024752475247524753,-4.98,2.1510791366906474,1.7865707434052756,0.0,25.0,400000.0,20000.0,5.0,2.0,0.0,1
695.0,1963,2.1510791366906474,1.7865707434052756,0.0,12.0,120000.0,0.0,0.0,1.0,0.0,3,100,0.0024752475247524753,-4.98,2.1510791366906474,1.7865707434052756,0.0,12.0,120000.0,0.0,0.0,1.0,0.0,1
695.0,2420,2.1510791366906474,1.7865707434052756,0.0,12.0,120000.0,0.0,0.0,0.0,0.0,3,100,0.0024752475247524753,-4.98,2.1510791366906474,1.7865707434052756,0.0,12.0,120000.0,0.0,0.0,0.0,0.0,1
697.0,256,2.144906743185079,1.7814442850310854,0.0,8.0,80000.0,0.0,0.0,2.0,0.0,3,100,0.0024752475247524753,-4.98,2.144906743185079,1.7814442850310854,0.0,8.0,80000.0,0.0,0.0,2.0,0.0,1
697.0,1532,2.144906743185079,1.7814442850310854,25.0,12.0,120000.0,20000.0,4.0,2.0,0.0,2,100,0.0024752475247524753,-4.975,2.144906743185079,1.7814442850310854,25.0,12.0,120000.0,20000.0,4.0,2.0,0.0,1
697.0,1964,2.144906743185079,1.7814442850310854,0.0,12.0,120000.0,0.0,0.0,1.0,0.0,2,100,0.0024752475247524753,-4.98,2.144906743185079,1.7814442850310854,0.0,12.0,120000.0,0.0,0.0,1.0,0.0,1
697.0,2421,2.144906743185079,1.7814442850310854,0.0,12.0,120000.0,0.0,0.0,0.0,0.0,2,100,0.0024752475247524753,-4.98,2.144906743185079,1.7814442850310854,0.0,12.0,120000.0,0.0,0.0,0.0,0.0,1
691.0,1529,2.1635311143270624,1.781837916063676,12.5,12.0,120000.0,20000.0,3.0,2.0,0.0,0,0,0.0024752475247524753,9.749332916666669,2.144875939443108,1.7814187010982332,12.5,12.0,120000.0,20000.0,3.0,2.0,0.0,0
423.0,559,2.375886524822695,2.051319936958235,37.5,25.0,400000.0,20000.0,4.0,1.0,0.256,2,100,0.0024752475247524753,-3.9625,2.1428263979566506,1.77971646207102,0.0,25.0,400000.0,20000.0,5.0,2.0,0.0,1
698.0,660,2.141833810888252,1.7788920725883477,0.0,25.0,400000.0,20000.0,5.0,2.0,0.0,2,100,0.0024752475247524753,-4.98,2.141833810888252,1.7788920725883477,0.0,25.0,400000.0,20000.0,5.0,2.0,0.0,1
699.0,257,2.1387696709585122,1.776347162613257,0.0,8.0,80000.0,0.0,0.0,2.0,0.0,2,100,0.0024752475247524753,-4.98,2.1387696709585122,1.776347162613257,0.0,8.0,80000.0,0.0,0.0,2.0,0.0,1
699.0,1533,2.1387696709585122,1.776347162613257,12.5,12.0,120000.0,20000.0,3.0,2.0,0.0,2,100,0.0024752475247524753,-4.98,2.1387696709585122,1.776347162613257,12.5,12.0,120000.0,20000.0,3.0,2.0,0.0,1
699.0,1965,2.1387696709585122,1.776347162613257,0.0,12.0,120000.0,0.0,0.0,1.0,0.0,2,100,0.0024752475247524753,-4.98,2.1387696709585122,1.776347162613257,0.0,12.0,120000.0,0.0,0.0,1.0,0.0,1
699.0,2422,2.1387696709585122,1.776347162613257,0.0,12.0,120000.0,0.0,0.0,0.0,0.0,2,100,0.0024752475247524753,-4.98,2.1387696709585122,1.776347162613257,0.0,12.0,120000.0,0.0,0.0,0.0,0.0,1
694.0,1084,2.154178674351585,1.774135446685879,0.0,12.0,120000.0,20000.0,4.0,1.0,0.0,1,100,0.0024752475247524753,9.77,2.1357142857142857,1.773809523809524,0.0,12.0,120000.0,20000.0,4.0,1.0,0.0,0
701.0,258,2.132667617689016,1.7712791250594389,0.0,8.0,80000.0,0.0,0.0,2.0,0.0,2,100,0.0024752475247524753,-4.98,2.132667617689016,1.7712791250594389,0.0,8.0,80000.0,0.0,0.0,2.0,0.0,1
701.0,661,2.132667617689016,1.7712791250594389,0.0,25.0,400000.0,20000.0,5.0,2.0,0.0,2,100,0.0024752475247524753,-4.98,2.132667617689016,1.7712791250594389,0.0,25.0,400000.0,20000.0,5.0,2.0,0.0,1
701.0,1534,2.132667617689016,1.7712791250594389,12.5,12.0,120000.0,20000.0,3.0,2.0,0.0,2,100,0.0024752475247524753,-4.98,2.132667617689016,1.7712791250594389,12.5,12.0,120000.0,20000.0,3.0,2.0,0.0,1
701.0,1966,2.132667617689016,1.7712791250594389,0.0,12.0,120000.0,0.0,0.0,1.0,0.0,2,100,0.0024752475247524753,-4.98,2.132667617689016,1.7712791250594389,0.0,12.0,120000.0,0.0,0.0,1.0,0.0,1
701.0,2423,2.132667617689016,1.7712791250594389,0.0,12.0,120000.0,0.0,0.0,0.0,0.0,2,100,0.0024752475247524753,-4.98,2.132667617689016,1.7712791250594389,0.0,12.0,120000.0,0.0,0.0,0.0,0.0,1
695.0,1531,2.1510791366906474,1.7865707434052756,12.5,12.0,120000.0,20000.0,3.0,2.0,0.0,0,0,0.0024752475247524753,9.749582916666668,2.132637164482145,1.771253832262205,0.0,12.0,120000.0,20000.0,2.0,2.0,0.0,0
439.0,576,2.460136674259681,2.066723614274867,50.0,25.0,400000.0,20000.0,5.0,1.0,0.221,2,100,0.0024752475247524753,-3.95,2.1306109347998237,1.7695709547668548,0.0,25.0,400000.0,20000.0,5.0,2.0,0.0,1
703.0,259,2.126600284495021,1.766239924134661,0.0,8.0,80000.0,0.0,0.0,2.0,0.0,2,100,0.0024752475247524753,-4.98,2.126600284495021,1.766239924134661,0.0,8.0,80000.0,0.0,0.0,2.0,0.0,1
703.0,1967,2.126600284495021,1.766239924134661,0.0,12.0,120000.0,0.0,0.0,1.0,0.0,2,100,0.0024752475247524753,-4.98,2.126600284495021,1.766239924134661,0.0,12.0,120000.0,0.0,0.0,1.0,0.0,1
703.0,2424,2.126600284495021,1.766239924134661,0.0,12.0,120000.0,0.0,0.0,0.0,0.0,2,100,0.0024752475247524753,-4.98,2.126600284495021,1.766239924134661,0.0,12.0,120000.0,0.0,0.0,0.0,0.0,1
704.0,662,2.1235795454545454,1.7637310606060606,0.0,25.0,400000.0,20000.0,5.0,2.0,0.0,2,100,0.0024752475247524753,-4.98,2.1235795454545454,1.7637310606060606,0.0,25.0,400000.0,20000.0,5.0,2.0,0.0,1
705.0,260,2.120567375886525,1.7612293144208038,0.0,8.0,80000.0,0.0,0.0,2.0,0.0,3,100,0.0024752475247524753,-4.98,2.120567375886525,1.7612293144208038,0.0,8.0,80000.0,0.0,0.0,2.0,0.0,1
705.0,1968,2.120567375886525,1.7612293144208038,0.0,12.0,120000.0,0.0,0.0,1.0,0.0,3,100,0.0024752475247524753,-4.98,2.120567375886525,1.7612293144208038,0.0,12.0,120000.0,0.0,0.0,1.0,0.0,1
705.0,2425,2.120567375886525,1.7612293144208038,0.0,12.0,120000.0,0.0,0.0,0.0,0.0,3,100,0.0024752475247524753,-4.98,2.120567375886525,1.7612293144208038,0.0,12.0,120000.0,0.0,0.0,0.0,0.0,1
707.0,261,2.1145685997171144,1.756247053276756,0.0,8.0,80000.0,0.0,0.0,2.0,0.0,3,100,0.0024752475247524753,-4.98,2.1145685997171144,1.756247053276756,0.0,8.0,80000.0,0.0,0.0,2.0,0.0,1
707.0,663,2.1145685997171144,1.756247053276756,0.0,25.0,400000.0,20000.0,5.0,2.0,0.0,3,100,0.0024752475247524753,-4.98,2.1145685997171144,1.756247053276756,0.0,25.0,400000.0,20000.0,5.0,2.0,0.0,1
707.0,1969,2.1145685997171144,1.756247053276756,0.0,12.0,120000.0,0.0,0.0,1.0,0.0,3,100,0.0024752475247524753,-4.98,2.1145685997171144,1.756247053276756,0.0,12.0,120000.0,0.0,0.0,1.0,0.0,1
707.0,2426,2.1145685997171144,1.756247053276756,0.0,12.0,120000.0,0.0,0.0,0.0,0.0,3,100,0.0024752475247524753,-4.98,2.1145685997171144,1.756247053276756,0.0,12.0,120000.0,0.0,0.0,0.0,0.0,1
709.0,262,2.1086036671368125,1.7512929007992477,0.0,8.0,80000.0,0.0,0.0,2.0,0.0,2,45,0.0024752475247524753,-4.98,2.1086036671368125,1.7512929007992477,0.0,8.0,80000.0,0.0,0.0,2.0,0.0,1
709.0,1970,2.1086036671368125,1.7512929007992477,0.0,12.0,120000.0,0.0,0.0,1.0,0.0,2,45,0.0024752475247524753,-4.98,2.1086036671368125,1.7512929007992477,0.0,12.0,120000.0,0.0,0.0,1.0,0.0,1
709.0,2427,2.1086036671368125,1.7512929007992477,0.0,12.0,120000.0,0.0,0.0,0.0,0.0,2,45,0.0024752475247524753,-4.98,2.1086036671368125,1.7512929007992477,0.0,12.0,120000.0,0.0,0.0,0.0,0.0,1
710.0,664,2.1056338028169015,1.7488262910798122,0.0,25.0,400000.0,20000.0,5.0,2.0,0.0,2,45,0.0024752475247524753,-4.98,2.1056338028169015,1.7488262910798122,0.0,25.0,400000.0,20000.0,5.0,2.0,0.0,1
711.0,263,2.10267229254571,1.7463666197843413,0.0,8.0,80000.0,0.0,0.0,2.0,0.0,2,100,0.0024752475247524753,-4.98,2.10267229254571,1.7463666197843413,0.0,8.0,80000.0,0.0,0.0,2.0,0.0,1
711.0,1971,2.10267229254571,1.7463666197843413,0.0,12.0,120000.0,0.0,0.0,1.0,0.0,2,100,0.0024752475247524753,-4.98,2.10267229254571,1.7463666197843413,0.0,12.0,120000.0,0.0,0.0,1.0,0.0,1
711.0,2428,2.10267229254571,1.7463666197843413,0.0,12.0,120000.0,0.0,0.0,0.0,0.0,2,100,0.0024752475247524753,-4.98,2.10267229254571,1.7463666197843413,0.0,12.0,120000.0,0.0,0.0,0.0,0.0,1
713.0,264,2.0967741935483875,1.7414679756895748,0.0,8.0,80000.0,0.0,0.0,2.0,0.0,2,100,0.0024752475247524753,-4.98,2.0967741935483875,1.7414679756895748,0.0,8.0,80000.0,0.0,0.0,2.0,0.0,1
713.0,665,2.0967741935483875,1.7414679756895748,0.0,25.0,400000.0,20000.0,5.0,2.0,0.0,2,100,0.0024752475247524753,-4.98,2.0967741935483875,1.7414679756895748,0.0,25.0,400000.0,20000.0,5.0,2.0,0.0,1
713.0,1972,2.0967741935483875,1.7414679756895748,0.0,12.0,120000.0,0.0,0.0,1.0,0.0,2,100,0.0024752475247524753,-4.98,2.0967741935483875,1.7414679756895748,0.0,12.0,120000.0,0.0,0.0,1.0,0.0,1
713.0,2429,2.0967741935483875,1.7414679756895748,0.0,12.0,120000.0,0.0,0.0,0.0,0.0,2,100,0.0024752475247524753,-4.98,2.0967741935483875,1.7414679756895748,0.0,12.0,120000.0,0.0,0.0,0.0,0.0,1
715.0,265,2.090909090909091,1.7365967365967365,0.0,8.0,80000.0,0.0,0.0,2.0,0.0,2,100,0.0024752475247524753,-4.98,2.090909090909091,1.7365967365967365,0.0,8.0,80000.0,0.0,0.0,2.0,0.0,1
715.0,1973,2.090909090909091,1.7365967365967365,0.0,12.0,120000.0,0.0,0.0,1.0,0.0,3,100,0.0024752475247524753,-4.98,2.090909090909091,1.7365967365967365,0.0,12.0,120000.0,0.0,0.0,1.0,0.0,1
715.0,2430,2.090909090909091,1.7365967365967365,0.0,12.0,120000.0,0.0,0.0,0.0,0.0,3,100,0.0024752475247524753,-4.98,2.090909090909091,1.7365967365967365,0.0,12.0,120000.0,0.0,0.0,0.0,0.0,1
717.0,266,2.0850767085076707,1.7317526731752673,0.0,8.0,80000.0,0.0,0.0,2.0,0.0,3,100,0.0024752475247524753,-4.98,2.0850767085076707,1.7317526731752673,0.0,8.0,80000.0,0.0,0.0,2.0,0.0,1
717.0,670,2.0850767085076707,1.7317526731752673,12.5,25.0,400000.0,20000.0,6.0,2.0,0.0,2,100,0.0024752475247524753,-4.98,2.0850767085076707,1.7317526731752673,12.5,25.0,400000.0,20000.0,6.0,2.0,0.0,1
717.0,1974,2.0850767085076707,1.7317526731752673,0.0,12.0,120000.0,0.0,0.0,1.0,0.0,2,100,0.0024752475247524753,-4.98,2.0850767085076707,1.7317526731752673,0.0,12.0,120000.0,0.0,0.0,1.0,0.0,1
717.0,2431,2.0850767085076707,1.7317526731752673,0.0,12.0,120000.0,0.0,0.0,0.0,0.0,2,100,0.0024752475247524753,-4.98,2.0850767085076707,1.7317526731752673,0.0,12.0,120000.0,0.0,0.0,0.0,0.0,1
719.0,267,2.079276773296245,1.7269355586462678,0.0,8.0,80000.0,0.0,0.0,2.0,0.0,2,100,0.0024752475247524753,-4.98,2.079276773296245,1.7269355586462678,0.0,8.0,80000.0,0.0,0.0,2.0,0.0,1
719.0,1975,2.079276773296245,1.7269355586462678,0.0,12.0,120000.0,0.0,0.0,1.0,0.0,1,100,0.0024752475247524753,-4.98,2.079276773296245,1.7269355586462678,0.0,12.0,120000.0,0.0,0.0,1.0,0.0,1
719.0,2432,2.079276773296245,1.7269355586462678,0.0,12.0,120000.0,0.0,0.0,0.0,0.0,2,100,0.0024752475247524753,-4.98,2.079276773296245,1.7269355586462678,0.0,12.0,120000.0,0.0,0.0,0.0,0.0,1
720.0,671,2.076388888888889,1.7245370370370368,25.0,25.0,400000.0,20000.0,7.0,2.0,0.0,2,100,0.0024752475247524753,-4.975,2.076388888888889,1.7245370370370368,25.0,25.0,400000.0,20000.0,7.0,2.0,0.0,1
721.0,268,2.073509015256588,1.7221451687471105,0.0,8.0,80000.0,0.0,0.0,2.0,0.0,1,100,0.0024752475247524753,-4.98,2.073509015256588,1.7221451687471105,0.0,8.0,80000.0,0.0,0.0,2.0,0.0,1
721.0,1976,2.073509015256588,1.7221451687471105,0.0,12.0,120000.0,0.0,0.0,1.0,0.0,1,100,0.0024752475247524753,-4.98,2.073509015256588,1.7221451687471105,0.0,12.0,120000.0,0.0,0.0,1.0,0.0,1
721.0,2433,2.073509015256588,1.7221451687471105,0.0,12.0,120000.0,0.0,0.0,0.0,0.0,2,100,0.0024752475247524753,-4.98,2.073509015256588,1.7221451687471105,0.0,12.0,120000.0,0.0,0.0,0.0,0.0,1
722.0,668,2.0706371191135733,1.7197599261311174,25.0,25.0,400000.0,20000.0,7.0,2.0,0.0,2,100,0.0024752475247524753,-4.975,2.0706371191135733,1.7197599261311174,25.0,25.0,400000.0,20000.0,7.0,2.0,0.0,1
723.0,269,2.0677731673582294,1.7173812816966345,0.0,8.0,80000.0,0.0,0.0,2.0,0.0,1,100,0.0024752475247524753,-4.98,2.0677731673582294,1.7173812816966345,0.0,8.0,80000.0,0.0,0.0,2.0,0.0,1
723.0,672,2.0677731673582294,1.7173812816966345,25.0,25.0,400000.0,20000.0,7.0,2.0,0.0,1,100,0.0024752475247524753,-4.975,2.0677731673582294,1.7173812816966345,25.0,25.0,400000.0,20000.0,7.0,2.0,0.0,1
723.0,1977,2.0677731673582294,1.7173812816966345,0.0,12.0,120000.0,0.0,0.0,1.0,0.0,3,100,0.0024752475247524753,-4.98,2.0677731673582294,1.7173812816966345,0.0,12.0,120000.0,0.0,0.0,1.0,0.0,1
723.0,2434,2.0677731673582294,1.7173812816966345,0.0,12.0,120000.0,0.0,0.0,0.0,0.0,3,100,0.0024752475247524753,-4.98,2.0677731673582294,1.7173812816966345,0.0,12.0,120000.0,0.0,0.0,0.0,0.0,1
723.0,2435,2.0677731673582294,1.7173812816966345,0.0,12.0,120000.0,0.0,0.0,0.0,0.0,3,100,0.0024752475247524753,-4.98,2.0677731673582294,1.7173812816966345,0.0,12.0,120000.0,0.0,0.0,0.0,0.0,1
725.0,270,2.0620689655172413,1.7126436781609196,0.0,8.0,80000.0,0.0,0.0,2.0,0.0,3,100,0.0024752475247524753,-4.98,2.0620689655172413,1.7126436781609196,0.0,8.0,80000.0,0.0,0.0,2.0,0.0,1
725.0,1978,2.0620689655172413,1.7126436781609196,0.0,12.0,120000.0,0.0,0.0,1.0,0.0,1,100,0.0024752475247524753,-4.98,2.0620689655172413,1.7126436781609196,0.0,12.0,120000.0,0.0,0.0,1.0,0.0,1
725.0,2436,2.0620689655172413,1.7126436781609196,0.0,12.0,120000.0,0.0,0.0,0.0,0.0,3,100,0.0024752475247524753,-4.98,2.0620689655172413,1.7126436781609196,0.0,12.0,120000.0,0.0,0.0,0.0,0.0,1
726.0,673,2.059228650137741,1.7102846648301193,37.5,25.0,400000.0,20000.0,8.0,2.0,0.0,3,100,0.0024752475247524753,-4.9625,2.059228650137741,1.7102846648301193,37.5,25.0,400000.0,20000.0,8.0,2.0,0.0,1
727.0,271,2.056396148555708,1.707932141219624,0.0,8.0,80000.0,0.0,0.0,2.0,0.0,2,100,0.0024752475247524753,-4.98,2.056396148555708,1.707932141219624,0.0,8.0,80000.0,0.0,0.0,2.0,0.0,1
727.0,1979,2.056396148555708,1.707932141219624,0.0,12.0,120000.0,0.0,0.0,1.0,0.0,2,100,0.0024752475247524753,-4.98,2.056396148555708,1.707932141219624,0.0,12.0,120000.0,0.0,0.0,1.0,0.0,1
727.0,2437,2.056396148555708,1.707932141219624,0.0,12.0,120000.0,0.0,0.0,0.0,0.0,2,100,0.0024752475247524753,-4.98,2.056396148555708,1.707932141219624,0.0,12.0,120000.0,0.0,0.0,0.0,0.0,1
729.0,272,2.0507544581618653,1.703246456332876,0.0,8.0,80000.0,0.0,0.0,2.0,0.0,2,100,0.0024752475247524753,-4.98,2.0507544581618653,1.703246456332876,0.0,8.0,80000.0,0.0,0.0,2.0,0.0,1
729.0,1980,2.0507544581618653,1.703246456332876,0.0,12.0,120000.0,0.0,0.0,1.0,0.0,3,100,0.0024752475247524753,-4.98,2.0507544581618653,1.703246456332876,0.0,12.0,120000.0,0.0,0.0,1.0,0.0,1
729.0,2438,2.0507544581618653,1.703246456332876,0.0,12.0,120000.0,0.0,0.0,0.0,0.0,3,100,0.0024752475247524753,-4.98,2.0507544581618653,1.703246456332876,0.0,12.0,120000.0,0.0,0.0,0.0,0.0,1
731.0,273,2.045143638850889,1.6985864113087095,0.0,8.0,80000.0,0.0,0.0,2.0,0.0,3,100,0.0024752475247524753,-4.98,2.045143638850889,1.6985864113087095,0.0,8.0,80000.0,0.0,0.0,2.0,0.0,1
731.0,1981,2.045143638850889,1.6985864113087095,0.0,12.0,120000.0,0.0,0.0,1.0,0.0,3,100,0.0024752475247524753,-4.98,2.045143638850889,1.6985864113087095,0.0,12.0,120000.0,0.0,0.0,1.0,0.0,1
731.0,2439,2.045143638850889,1.6985864113087095,0.0,12.0,120000.0,0.0,0.0,0.0,0.0,2,100,0.0024752475247524753,-4.98,2.045143638850889,1.6985864113087095,0.0,12.0,120000.0,0.0,0.0,0.0,0.0,1
732.0,675,2.0423497267759565,1.6962659380692169,50.0,25.0,400000.0,20000.0,9.0,2.0,0.0,2,100,0.0024752475247524753,-4.95,2.0423497267759565,1.6962659380692169,50.0,25.0,400000.0,20000.0,9.0,2.0,0.0,1
732.0,1085,2.0423497267759565,1.6962659380692169,0.0,12.0,120000.0,20000.0,6.0,1.0,0.0,2,100,0.0024752475247524753,-4.98,2.0423497267759565,1.6962659380692169,0.0,12.0,120000.0,20000.0,6.0,1.0,0.0,1
732.0,1985,2.0423497267759565,1.6962659380692169,0.0,12.0,120000.0,0.0,0.0,1.0,0.0,2,100,0.0024752475247524753,-4.98,2.0423497267759565,1.6962659380692169,0.0,12.0,120000.0,0.0,0.0,1.0,0.0,1
733.0,274,2.03956343792633,1.6939517962710324,0.0,8.0,80000.0,0.0,0.0,2.0,0.0,2,100,0.0024752475247524753,-4.98,2.03956343792633,1.6939517962710324,0.0,8.0,80000.0,0.0,0.0,2.0,0.0,1
733.0,1982,2.03956343792633,1.6939517962710324,0.0,12.0,120000.0,0.0,0.0,1.0,0.0,2,100,0.0024752475247524753,-4.98,2.03956343792633,1.6939517962710324,0.0,12.0,120000.0,0.0,0.0,1.0,0.0,1
733.0,2440,2.03956343792633,1.6939517962710324,0.0,12.0,120000.0,0.0,0.0,0.0,0.0,2,100,0.0024752475247524753,-4.98,2.03956343792633,1.6939517962710324,0.0,12.0,120000.0,0.0,0.0,0.0,0.0,1
734.0,1086,2.036784741144414,1.6916439600363307,0.0,12.0,120000.0,20000.0,6.0,1.0,0.0,2,100,0.0024752475247524753,-4.98,2.036784741144414,1.6916439600363307,0.0,12.0,120000.0,20000.0,6.0,1.0,0.0,1
734.0,1986,2.036784741144414,1.6916439600363307,0.0,12.0,120000.0,0.0,0.0,1.0,0.0,2,15,0.0024752475247524753,-4.98,2.036784741144414,1.6916439600363307,0.0,12.0,120000.0,0.0,0.0,1.0,0.0,1
735.0,676,2.0340136054421767,1.689342403628118,50.0,25.0,400000.0,20000.0,9.0,2.0,0.0,2,15,0.0024752475247524753,-4.95,2.0340136054421767,1.689342403628118,50.0,25.0,400000.0,20000.0,9.0,2.0,0.0,1
735.0,1983,2.0340136054421767,1.689342403628118,0.0,12.0,120000.0,0.0,0.0,1.0,0.0,2,100,0.0024752475247524753,-4.98,2.0340136054421767,1.689342403628118,0.0,12.0,120000.0,0.0,0.0,1.0,0.0,1
735.0,2441,2.0340136054421767,1.689342403628118,0.0,12.0,120000.0,0.0,0.0,0.0,0.0,2,100,0.0024752475247524753,-4.98,2.0340136054421767,1.689342403628118,0.0,12.0,120000.0,0.0,0.0,0.0,0.0,1
716.0,666,2.0879888268156424,1.734171322160149,0.0,25.0,400000.0,20000.0,5.0,2.0,0.0,0,0,0.0024752475247524753,9.59925,2.03125,1.6870471014492754,37.5,25.0,400000.0,20000.0,8.0,2.0,0.0,0
736.0,1087,2.03125,1.6870471014492754,0.0,12.0,120000.0,20000.0,6.0,1.0,0.0,2,100,0.0024752475247524753,-4.98,2.03125,1.6870471014492754,0.0,12.0,120000.0,20000.0,6.0,1.0,0.0,1
736.0,1987,2.03125,1.6870471014492754,0.0,12.0,120000.0,0.0,0.0,1.0,0.0,2,100,0.0024752475247524753,-4.98,2.03125,1.6870471014492754,0.0,12.0,120000.0,0.0,0.0,1.0,0.0,1
737.0,1984,2.028493894165536,1.6847580280416103,0.0,12.0,120000.0,0.0,0.0,1.0,0.0,2,100,0.0024752475247524753,-4.98,2.028493894165536,1.6847580280416103,0.0,12.0,120000.0,0.0,0.0,1.0,0.0,1
737.0,2442,2.028493894165536,1.6847580280416103,0.0,12.0,120000.0,0.0,0.0,0.0,0.0,2,100,0.0024752475247524753,-4.98,2.028493894165536,1.6847580280416103,0.0,12.0,120000.0,0.0,0.0,0.0,0.0,1
738.0,1988,2.0257452574525745,1.6824751580849142,0.0,12.0,120000.0,0.0,0.0,1.0,0.0,2,100,0.0024752475247524753,-4.98,2.0257452574525745,1.6824751580849142,0.0,12.0,120000.0,0.0,0.0,1.0,0.0,1
739.0,2443,2.023004059539919,1.6801984663960305,0.0,12.0,120000.0,0.0,0.0,0.0,0.0,2,100,0.0024752475247524753,-4.98,2.023004059539919,1.6801984663960305,0.0,12.0,120000.0,0.0,0.0,0.0,0.0,1
719.0,667,2.079276773296245,1.7269355586462678,12.5,25.0,400000.0,20000.0,6.0,2.0,0.0,0,0,0.0024752475247524753,9.599049800000001,2.0229766576504153,1.6801757078590405,37.5,25.0,400000.0,20000.0,8.0,2.0,0.0,0
740.0,1089,2.02027027027027,1.677927927927928,12.5,12.0,120000.0,20000.0,7.0,1.0,0.0,1,100,0.0024752475247524753,-4.98,2.02027027027027,1.677927927927928,12.5,12.0,120000.0,20000.0,7.0,1.0,0.0,1
740.0,1989,2.02027027027027,1.677927927927928,0.0,12.0,120000.0,0.0,0.0,1.0,0.0,3,100,0.0024752475247524753,-4.98,2.02027027027027,1.677927927927928,0.0,12.0,120000.0,0.0,0.0,1.0,0.0,1
741.0,678,2.017543859649123,1.6756635177687809,37.5,25.0,400000.0,20000.0,8.0,2.0,0.0,3,100,0.0024752475247524753,-4.9625,2.017543859649123,1.6756635177687809,37.5,25.0,400000.0,20000.0,8.0,2.0,0.0,1
741.0,2444,2.017543859649123,1.6756635177687809,0.0,12.0,120000.0,0.0,0.0,0.0,0.0,2,100,0.0024752475247524753,-4.98,2.017543859649123,1.6756635177687809,0.0,12.0,120000.0,0.0,0.0,0.0,0.0,1
742.0,1090,2.0148247978436657,1.6734052111410604,12.5,12.0,120000.0,20000.0,7.0,1.0,0.0,2,100,0.0024752475247524753,-4.98,2.0148247978436657,1.6734052111410604,12.5,12.0,120000.0,20000.0,7.0,1.0,0.0,1
742.0,1990,2.0148247978436657,1.6734052111410604,0.0,12.0,120000.0,0.0,0.0,1.0,0.0,2,100,0.0024752475247524753,-4.98,2.0148247978436657,1.6734052111410604,0.0,12.0,120000.0,0.0,0.0,1.0,0.0,1
743.0,2445,2.012113055181696,1.671152983400628,0.0,12.0,120000.0,0.0,0.0,0.0,0.0,2,100,0.0024752475247524753,-4.98,2.012113055181696,1.671152983400628,0.0,12.0,120000.0,0.0,0.0,0.0,0.0,1
738.0,1088,2.0257452574525745,1.6824751580849142,0.0,12.0,120000.0,20000.0,6.0,1.0,0.0,0,0,0.0024752475247524753,9.75,2.009408602150538,1.6689068100358422,0.0,12.0,120000.0,20000.0,7.0,1.0,0.0,0
744.0,679,2.009408602150538,1.6689068100358422,37.5,25.0,400000.0,20000.0,8.0,2.0,0.0,2,100,0.0024752475247524753,-4.9625,2.009408602150538,1.6689068100358422,37.5,25.0,400000.0,20000.0,8.0,2.0,0.0,1
744.0,1991,2.009408602150538,1.6689068100358422,0.0,12.0,120000.0,0.0,0.0,1.0,0.0,1,100,0.0024752475247524753,-4.98,2.009408602150538,1.6689068100358422,0.0,12.0,120000.0,0.0,0.0,1.0,0.0,1
745.0,2446,2.0067114093959733,1.6666666666666667,0.0,12.0,120000.0,0.0,0.0,0.0,0.0,2,100,0.0024752475247524753,-4.98,2.0067114093959733,1.6666666666666667,0.0,12.0,120000.0,0.0,0.0,0.0,0.0,1
725.0,669,2.0620689655172413,1.7126436781609196,25.0,25.0,400000.0,20000.0,7.0,2.0,0.0,0,0,0.0024752475247524753,9.5992998,2.0066844470989054,1.6666442732315325,25.0,25.0,400000.0,20000.0,7.0,2.0,0.0,0
746.0,1092,2.0040214477211795,1.6644325290437894,12.5,12.0,120000.0,20000.0,7.0,1.0,0.0,2,100,0.0024752475247524753,-4.98,2.0040214477211795,1.6644325290437894,12.5,12.0,120000.0,20000.0,7.0,1.0,0.0,1
746.0,1992,2.0040214477211795,1.6644325290437894,0.0,12.0,120000.0,0.0,0.0,1.0,0.0,1,100,0.0024752475247524753,-4.98,2.0040214477211795,1.6644325290437894,0.0,12.0,120000.0,0.0,0.0,1.0,0.0,1
747.0,680,2.001338688085676,1.6622043730477467,25.0,25.0,400000.0,20000.0,7.0,2.0,0.0,1,100,0.0024752475247524753,-4.975249999999999,2.001338688085676,1.6622043730477467,25.0,25.0,400000.0,20000.0,7.0,2.0,0.0,1
747.0,2447,2.001338688085676,1.6622043730477467,0.0,12.0,120000.0,0.0,0.0,0.0,0.0,3,100,0.0024752475247524753,-4.98,2.001338688085676,1.6622043730477467,0.0,12.0,120000.0,0.0,0.0,0.0,0.0,1
748.0,1093,1.998663101604278,1.6599821746880572,12.5,12.0,120000.0,20000.0,7.0,1.0,0.0,3,100,0.0024752475247524753,-4.98,1.998663101604278,1.6599821746880572,12.5,12.0,120000.0,20000.0,7.0,1.0,0.0,1
748.0,1993,1.998663101604278,1.6599821746880572,0.0,12.0,120000.0,0.0,0.0,1.0,0.0,3,100,0.0024752475247524753,-4.98,1.998663101604278,1.6599821746880572,0.0,12.0,120000.0,0.0,0.0,1.0,0.0,1
749.0,2448,1.9959946595460614,1.6577659101023587,0.0,12.0,120000.0,0.0,0.0,0.0,0.0,3,100,0.0024752475247524753,-4.98,1.9959946595460614,1.6577659101023587,0.0,12.0,120000.0,0.0,0.0,0.0,0.0,1
729.0,674,2.0507544581618653,1.703246456332876,37.5,25.0,400000.0,20000.0,8.0,2.0,0.0,0,0,0.0024752475247524753,9.599549800000002,1.9959679844599139,1.6577437552091814,12.5,25.0,400000.0,20000.0,6.0,2.0,0.0,0
750.0,681,1.9933333333333334,1.6555555555555557,12.5,25.0,400000.0,20000.0,6.0,2.0,0.0,3,100,0.0024752475247524753,-4.98,1.9933333333333334,1.6555555555555557,12.5,25.0,400000.0,20000.0,6.0,2.0,0.0,1
750.0,1994,1.9933333333333334,1.6555555555555557,0.0,12.0,120000.0,0.0,0.0,1.0,0.0,1,100,0.0024752475247524753,-4.98,1.9933333333333334,1.6555555555555557,0.0,12.0,120000.0,0.0,0.0,1.0,0.0,1
744.0,1091,2.009408602150538,1.6689068100358422,0.0,12.0,120000.0,20000.0,6.0,1.0,0.0,1,100,0.0024752475247524753,9.769332916666668,1.9933067293328524,1.6555334597023132,12.5,12.0,120000.0,20000.0,7.0,1.0,0.0,0
751.0,275,1.9906790945406125,1.6533510874389703,0.0,8.0,80000.0,0.0,0.0,2.0,0.0,2,100,0.0024752475247524753,-4.98,1.9906790945406125,1.6533510874389703,0.0,8.0,80000.0,0.0,0.0,2.0,0.0,1
751.0,2449,1.9906790945406125,1.6533510874389703,0.0,12.0,120000.0,0.0,0.0,0.0,0.0,2,100,0.0024752475247524753,-4.98,1.9906790945406125,1.6533510874389703,0.0,12.0,120000.0,0.0,0.0,0.0,0.0,1
746.0,1535,2.0040214477211795,1.6644325290437894,0.0,12.0,120000.0,20000.0,3.0,2.0,0.0,1,100,0.0024752475247524753,9.769499999999999,1.988031914893617,1.6511524822695036,25.0,12.0,120000.0,20000.0,7.0,2.0,0.0,0
752.0,1995,1.988031914893617,1.6511524822695036,0.0,12.0,120000.0,0.0,0.0,1.0,0.0,3,100,0.0024752475247524753,-4.98,1.988031914893617,1.6511524822695036,0.0,12.0,120000.0,0.0,0.0,1.0,0.0,1
753.0,276,1.9853917662682603,1.6489597166888004,0.0,8.0,80000.0,0.0,0.0,2.0,0.0,3,100,0.0024752475247524753,-4.98,1.9853917662682603,1.6489597166888004,0.0,8.0,80000.0,0.0,0.0,2.0,0.0,1
753.0,682,1.9853917662682603,1.6489597166888004,12.5,25.0,400000.0,20000.0,6.0,2.0,0.0,3,100,0.0024752475247524753,-4.98,1.9853917662682603,1.6489597166888004,12.5,25.0,400000.0,20000.0,6.0,2.0,0.0,1
753.0,2450,1.9853917662682603,1.6489597166888004,0.0,12.0,120000.0,0.0,0.0,0.0,0.0,3,100,0.0024752475247524753,-4.98,1.9853917662682603,1.6489597166888004,0.0,12.0,120000.0,0.0,0.0,0.0,0.0,1
754.0,1096,1.9827586206896552,1.6467727674624226,25.0,12.0,120000.0,20000.0,8.0,1.0,0.0,3,100,0.0024752475247524753,-4.975,1.9827586206896552,1.6467727674624226,25.0,12.0,120000.0,20000.0,8.0,1.0,0.0,1
754.0,1539,1.9827586206896552,1.6467727674624226,37.5,12.0,120000.0,20000.0,7.0,2.0,0.0,3,100,0.0024752475247524753,-4.9625,1.9827586206896552,1.6467727674624226,37.5,12.0,120000.0,20000.0,7.0,2.0,0.0,1
754.0,1996,1.9827586206896552,1.6467727674624226,0.0,12.0,120000.0,0.0,0.0,1.0,0.0,3,100,0.0024752475247524753,-4.98,1.9827586206896552,1.6467727674624226,0.0,12.0,120000.0,0.0,0.0,1.0,0.0,1
748.0,1536,1.998663101604278,1.6599821746880572,12.5,12.0,120000.0,20000.0,5.0,2.0,0.0,0,0,0.0024752475247524753,9.749082916666667,1.9827322982091444,1.6467509054245402,25.0,12.0,120000.0,20000.0,6.0,2.0,0.0,0
755.0,277,1.980132450331126,1.6445916114790284,0.0,8.0,80000.0,0.0,0.0,2.0,0.0,3,100,0.0024752475247524753,-4.98,1.980132450331126,1.6445916114790284,0.0,8.0,80000.0,0.0,0.0,2.0,0.0,1
755.0,2451,1.980132450331126,1.6445916114790284,0.0,12.0,120000.0,0.0,0.0,0.0,0.0,2,100,0.0024752475247524753,-4.98,1.980132450331126,1.6445916114790284,0.0,12.0,120000.0,0.0,0.0,0.0,0.0,1
756.0,683,1.9775132275132274,1.6424162257495591,12.5,25.0,400000.0,20000.0,6.0,2.0,0.0,3,100,0.0024752475247524753,-4.98,1.9775132275132274,1.6424162257495591,12.5,25.0,400000.0,20000.0,6.0,2.0,0.0,1
756.0,1997,1.9775132275132274,1.6424162257495591,0.0,12.0,120000.0,0.0,0.0,1.0,0.0,1,100,0.0024752475247524753,-4.98,1.9775132275132274,1.6424162257495591,0.0,12.0,120000.0,0.0,0.0,1.0,0.0,1
750.0,1094,1.9933333333333334,1.6555555555555557,12.5,12.0,120000.0,20000.0,7.0,1.0,0.0,0,0,0.0024752475247524753,9.749082916666667,1.9774870441199581,1.6423944792300655,25.0,12.0,120000.0,20000.0,8.0,1.0,0.0,0
750.0,1537,1.9933333333333334,1.6555555555555557,25.0,12.0,120000.0,20000.0,6.0,2.0,0.0,0,0,0.0024752475247524753,9.749082916666667,1.9774870441199581,1.6423944792300655,25.0,12.0,120000.0,20000.0,6.0,2.0,0.0,0
757.0,278,1.974900924702774,1.640246587406429,0.0,8.0,80000.0,0.0,0.0,2.0,0.0,1,100,0.0024752475247524753,-4.98,1.974900924702774,1.640246587406429,0.0,8.0,80000.0,0.0,0.0,2.0,0.0,1
757.0,2452,1.974900924702774,1.640246587406429,0.0,12.0,120000.0,0.0,0.0,0.0,0.0,2,100,0.0024752475247524753,-4.98,1.974900924702774,1.640246587406429,0.0,12.0,120000.0,0.0,0.0,0.0,0.0,1
758.0,1098,1.9722955145118732,1.6380826737027263,25.0,12.0,120000.0,20000.0,8.0,1.0,0.0,2,100,0.0024752475247524753,-4.975,1.9722955145118732,1.6380826737027263,25.0,12.0,120000.0,20000.0,8.0,1.0,0.0,1
758.0,1541,1.9722955145118732,1.6380826737027263,25.0,12.0,120000.0,20000.0,6.0,2.0,0.0,1,100,0.0024752475247524753,-4.975,1.9722955145118732,1.6380826737027263,25.0,12.0,120000.0,20000.0,6.0,2.0,0.0,1
758.0,1998,1.9722955145118732,1.6380826737027263,0.0,12.0,120000.0,0.0,0.0,1.0,0.0,1,100,0.0024752475247524753,-4.98,1.9722955145118732,1.6380826737027263,0.0,12.0,120000.0,0.0,0.0,1.0,0.0,1
738.0,677,2.0257452574525745,1.6824751580849142,37.5,25.0,400000.0,20000.0,8.0,2.0,0.0,0,0,0.0024752475247524753,9.599799800000001,1.9722694691063511,1.6380610417884411,0.0,25.0,400000.0,20000.0,5.0,2.0,0.0,0
752.0,1095,1.988031914893617,1.6511524822695036,12.5,12.0,120000.0,20000.0,7.0,1.0,0.0,0,0,0.0024752475247524753,9.749332916666669,1.9722694691063511,1.6380610417884411,12.5,12.0,120000.0,20000.0,7.0,1.0,0.0,0
752.0,1538,1.988031914893617,1.6511524822695036,25.0,12.0,120000.0,20000.0,6.0,2.0,0.0,0,0,0.0024752475247524753,9.749332916666669,1.9722694691063511,1.6380610417884411,12.5,12.0,120000.0,20000.0,5.0,2.0,0.0,0
759.0,279,1.9696969696969695,1.6359244620114186,0.0,8.0,80000.0,0.0,0.0,2.0,0.0,3,100,0.0024752475247524753,-4.98,1.9696969696969695,1.6359244620114186,0.0,8.0,80000.0,0.0,0.0,2.0,0.0,1
759.0,684,1.9696969696969695,1.6359244620114186,0.0,25.0,400000.0,20000.0,5.0,2.0,0.0,3,100,0.0024752475247524753,-4.98,1.9696969696969695,1.6359244620114186,0.0,25.0,400000.0,20000.0,5.0,2.0,0.0,1
759.0,2453,1.9696969696969695,1.6359244620114186,0.0,12.0,120000.0,0.0,0.0,0.0,0.0,3,100,0.0024752475247524753,-4.98,1.9696969696969695,1.6359244620114186,0.0,12.0,120000.0,0.0,0.0,0.0,0.0,1
760.0,1099,1.9671052631578947,1.6337719298245614,12.5,12.0,120000.0,20000.0,7.0,1.0,0.0,3,100,0.0024752475247524753,-4.98,1.9671052631578947,1.6337719298245614,12.5,12.0,120000.0,20000.0,7.0,1.0,0.0,1
760.0,1542,1.9671052631578947,1.6337719298245614,12.5,12.0,120000.0,20000.0,5.0,2.0,0.0,3,100,0.0024752475247524753,-4.98,1.9671052631578947,1.6337719298245614,12.5,12.0,120000.0,20000.0,5.0,2.0,0.0,1
760.0,1999,1.9671052631578947,1.6337719298245614,0.0,12.0,120000.0,0.0,0.0,1.0,0.0,3,100,0.0024752475247524753,-4.98,1.9671052631578947,1.6337719298245614,0.0,12.0,120000.0,0.0,0.0,1.0,0.0,1
761.0,280,1.9645203679369252,1.6316250547525186,0.0,8.0,80000.0,0.0,0.0,2.0,0.0,3,100,0.0024752475247524753,-4.98,1.9645203679369252,1.6316250547525186,0.0,8.0,80000.0,0.0,0.0,2.0,0.0,1
761.0,300,1.9645203679369252,1.6316250547525186,0.0,8.0,80000.0,0.0,0.0,2.0,0.0,3,100,0.0024752475247524753,-4.98,1.9645203679369252,1.6316250547525186,0.0,8.0,80000.0,0.0,0.0,2.0,0.0,1
761.0,2454,1.9645203679369252,1.6316250547525186,0.0,12.0,120000.0,0.0,0.0,0.0,0.0,3,100,0.0024752475247524753,-4.98,1.9645203679369252,1.6316250547525186,0.0,12.0,120000.0,0.0,0.0,0.0,0.0,1
762.0,685,1.961942257217848,1.6294838145231847,0.0,25.0,400000.0,20000.0,5.0,2.0,0.0,3,100,0.0024752475247524753,-4.98,1.961942257217848,1.6294838145231847,0.0,25.0,400000.0,20000.0,5.0,2.0,0.0,1
762.0,1100,1.961942257217848,1.6294838145231847,12.5,12.0,120000.0,20000.0,7.0,1.0,0.0,3,100,0.0024752475247524753,-4.98,1.961942257217848,1.6294838145231847,12.5,12.0,120000.0,20000.0,7.0,1.0,0.0,1
762.0,1543,1.961942257217848,1.6294838145231847,12.5,12.0,120000.0,20000.0,5.0,2.0,0.0,3,100,0.0024752475247524753,-4.98,1.961942257217848,1.6294838145231847,12.5,12.0,120000.0,20000.0,5.0,2.0,0.0,1
762.0,2000,1.961942257217848,1.6294838145231847,0.0,12.0,120000.0,0.0,0.0,1.0,0.0,3,85,0.0024752475247524753,-4.98,1.961942257217848,1.6294838145231847,0.0,12.0,120000.0,0.0,0.0,1.0,0.0,1
756.0,1097,1.9775132275132274,1.6424162257495591,25.0,12.0,120000.0,20000.0,8.0,1.0,0.0,0,0,0.0024752475247524753,9.749582916666668,1.9619164845354198,1.6294624091180463,0.0,12.0,120000.0,20000.0,6.0,1.0,0.0,0
756.0,1540,1.9775132275132274,1.6424162257495591,25.0,12.0,120000.0,20000.0,6.0,2.0,0.0,0,0,0.0024752475247524753,9.749582916666668,1.9619164845354198,1.6294624091180463,0.0,12.0,120000.0,20000.0,4.0,2.0,0.0,0
763.0,281,1.9593709043250327,1.6273481869812145,0.0,8.0,80000.0,0.0,0.0,2.0,0.0,3,85,0.0024752475247524753,-4.98,1.9593709043250327,1.6273481869812145,0.0,8.0,80000.0,0.0,0.0,2.0,0.0,1
763.0,301,1.9593709043250327,1.6273481869812145,0.0,8.0,80000.0,0.0,0.0,2.0,0.0,3,100,0.0024752475247524753,-4.98,1.9593709043250327,1.6273481869812145,0.0,8.0,80000.0,0.0,0.0,2.0,0.0,1
763.0,2455,1.9593709043250327,1.6273481869812145,0.0,12.0,120000.0,0.0,0.0,0.0,0.0,3,100,0.0024752475247524753,-4.98,1.9593709043250327,1.6273481869812145,0.0,12.0,120000.0,0.0,0.0,0.0,0.0,1
764.0,2001,1.956806282722513,1.6252181500872602,0.0,12.0,120000.0,0.0,0.0,1.0,0.0,3,100,0.0024752475247524753,-4.98,1.956806282722513,1.6252181500872602,0.0,12.0,120000.0,0.0,0.0,1.0,0.0,1
765.0,282,1.954248366013072,1.6230936819172115,0.0,8.0,80000.0,0.0,0.0,2.0,0.0,3,100,0.0024752475247524753,-4.98,1.954248366013072,1.6230936819172115,0.0,8.0,80000.0,0.0,0.0,2.0,0.0,1
765.0,302,1.954248366013072,1.6230936819172115,0.0,8.0,80000.0,0.0,0.0,2.0,0.0,1,100,0.0024752475247524753,-4.98,1.954248366013072,1.6230936819172115,0.0,8.0,80000.0,0.0,0.0,2.0,0.0,1
765.0,2456,1.954248366013072,1.6230936819172115,0.0,12.0,120000.0,0.0,0.0,0.0,0.0,2,69,0.0024752475247524753,-4.98,1.954248366013072,1.6230936819172115,0.0,12.0,120000.0,0.0,0.0,0.0,0.0,1
766.0,1102,1.951697127937337,1.6236945169712795,12.5,12.0,120000.0,20000.0,7.0,1.0,0.0,2,69,0.0024752475247524753,-4.98,1.951697127937337,1.6236945169712795,12.5,12.0,120000.0,20000.0,7.0,1.0,0.0,1
766.0,1545,1.951697127937337,1.6236945169712795,12.5,12.0,120000.0,20000.0,5.0,2.0,0.0,2,100,0.0024752475247524753,-4.98,1.951697127937337,1.6236945169712795,12.5,12.0,120000.0,20000.0,5.0,2.0,0.0,1
766.0,2002,1.951697127937337,1.6236945169712795,0.0,12.0,120000.0,0.0,0.0,1.0,0.0,2,100,0.0024752475247524753,-4.98,1.951697127937337,1.6236945169712795,0.0,12.0,120000.0,0.0,0.0,1.0,0.0,1
767.0,283,1.9491525423728815,1.6215775749674055,0.0,8.0,80000.0,0.0,0.0,2.0,0.0,2,100,0.0024752475247524753,-4.98,1.9491525423728815,1.6215775749674055,0.0,8.0,80000.0,0.0,0.0,2.0,0.0,1
767.0,303,1.9491525423728815,1.6215775749674055,0.0,8.0,80000.0,0.0,0.0,2.0,0.0,2,100,0.0024752475247524753,-4.98,1.9491525423728815,1.6215775749674055,0.0,8.0,80000.0,0.0,0.0,2.0,0.0,1
767.0,2457,1.9491525423728815,1.6215775749674055,0.0,12.0,120000.0,0.0,0.0,0.0,0.0,2,100,0.0024752475247524753,-4.98,1.9491525423728815,1.6215775749674055,0.0,12.0,120000.0,0.0,0.0,0.0,0.0,1
215.0,68,1.6744186046511629,1.375968992248062,0.0,8.0,80000.0,0.0,0.0,1.0,0.689,2,62,0.0024752475247524753,-3.98,1.9483058210251956,1.6208731537793224,0.0,8.0,80000.0,0.0,0.0,2.0,0.0,1
768.0,687,1.9466145833333333,1.6194661458333335,12.5,25.0,400000.0,20000.0,6.0,2.0,0.0,3,100,0.0024752475247524753,-4.98,1.9466145833333333,1.6194661458333335,12.5,25.0,400000.0,20000.0,6.0,2.0,0.0,1
768.0,1103,1.9466145833333333,1.6194661458333335,12.5,12.0,120000.0,20000.0,7.0,1.0,0.0,3,100,0.0024752475247524753,-4.98,1.9466145833333333,1.6194661458333335,12.5,12.0,120000.0,20000.0,7.0,1.0,0.0,1
768.0,2003,1.9466145833333333,1.6194661458333335,0.0,12.0,120000.0,0.0,0.0,1.0,0.0,3,100,0.0024752475247524753,-4.98,1.9466145833333333,1.6194661458333335,0.0,12.0,120000.0,0.0,0.0,1.0,0.0,1
769.0,284,1.9440832249674904,1.6173602080624188,0.0,8.0,80000.0,0.0,0.0,2.0,0.0,3,100,0.0024752475247524753,-4.98,1.9440832249674904,1.6173602080624188,0.0,8.0,80000.0,0.0,0.0,2.0,0.0,1
769.0,304,1.9440832249674904,1.6173602080624188,0.0,8.0,80000.0,0.0,0.0,2.0,0.0,3,100,0.0024752475247524753,-4.98,1.9440832249674904,1.6173602080624188,0.0,8.0,80000.0,0.0,0.0,2.0,0.0,1
769.0,2458,1.9440832249674904,1.6173602080624188,0.0,12.0,120000.0,0.0,0.0,0.0,0.0,3,100,0.0024752475247524753,-4.98,1.9440832249674904,1.6173602080624188,0.0,12.0,120000.0,0.0,0.0,0.0,0.0,1
764.0,1101,1.956806282722513,1.6252181500872602,0.0,12.0,120000.0,20000.0,6.0,1.0,0.0,1,100,0.0024752475247524753,9.77,1.9415584415584417,1.6152597402597406,0.0,12.0,120000.0,20000.0,6.0,1.0,0.0,0
764.0,1544,1.956806282722513,1.6252181500872602,0.0,12.0,120000.0,20000.0,4.0,2.0,0.0,1,100,0.0024752475247524753,9.76975,1.9415584415584417,1.6152597402597406,12.5,12.0,120000.0,20000.0,5.0,2.0,0.0,0
770.0,1104,1.9415584415584417,1.6152597402597406,0.0,12.0,120000.0,20000.0,6.0,1.0,0.0,2,100,0.0024752475247524753,-4.98,1.9415584415584417,1.6152597402597406,0.0,12.0,120000.0,20000.0,6.0,1.0,0.0,1
770.0,1547,1.9415584415584417,1.6152597402597406,12.5,12.0,120000.0,20000.0,5.0,2.0,0.0,3,100,0.0024752475247524753,-4.98,1.9415584415584417,1.6152597402597406,12.5,12.0,120000.0,20000.0,5.0,2.0,0.0,1
770.0,2004,1.9415584415584417,1.6152597402597406,0.0,12.0,120000.0,0.0,0.0,1.0,0.0,3,100,0.0024752475247524753,-4.98,1.9415584415584417,1.6152597402597406,0.0,12.0,120000.0,0.0,0.0,1.0,0.0,1
770.0,2010,1.9415584415584417,1.6152597402597406,0.0,12.0,120000.0,0.0,0.0,1.0,0.0,2,100,0.0024752475247524753,-4.98,1.9415584415584417,1.6152597402597406,0.0,12.0,120000.0,0.0,0.0,1.0,0.0,1
770.0,2460,1.9415584415584417,1.6152597402597406,0.0,12.0,120000.0,0.0,0.0,0.0,0.0,2,100,0.0024752475247524753,-4.98,1.9415584415584417,1.6152597402597406,0.0,12.0,120000.0,0.0,0.0,0.0,0.0,1
771.0,285,1.9390402075226978,1.6131647211413749,0.0,8.0,80000.0,0.0,0.0,2.0,0.0,1,100,0.0024752475247524753,-4.98,1.9390402075226978,1.6131647211413749,0.0,8.0,80000.0,0.0,0.0,2.0,0.0,1
771.0,305,1.9390402075226978,1.6131647211413749,0.0,8.0,80000.0,0.0,0.0,2.0,0.0,1,100,0.0024752475247524753,-4.98,1.9390402075226978,1.6131647211413749,0.0,8.0,80000.0,0.0,0.0,2.0,0.0,1
771.0,688,1.9390402075226978,1.6131647211413749,12.5,25.0,400000.0,20000.0,6.0,2.0,0.0,1,100,0.0024752475247524753,-4.98025,1.9390402075226978,1.6131647211413749,12.5,25.0,400000.0,20000.0,6.0,2.0,0.0,1
771.0,2459,1.9390402075226978,1.6131647211413749,0.0,12.0,120000.0,0.0,0.0,0.0,0.0,3,100,0.0024752475247524753,-4.98,1.9390402075226978,1.6131647211413749,0.0,12.0,120000.0,0.0,0.0,0.0,0.0,1
772.0,2005,1.9365284974093264,1.6245682210708117,0.0,12.0,120000.0,0.0,0.0,1.0,0.0,2,100,0.0024752475247524753,-4.98,1.9365284974093264,1.6245682210708117,0.0,12.0,120000.0,0.0,0.0,1.0,0.0,1
772.0,2011,1.9365284974093264,1.6245682210708117,0.0,12.0,120000.0,0.0,0.0,1.0,0.0,2,100,0.0024752475247524753,-4.98,1.9365284974093264,1.6245682210708117,0.0,12.0,120000.0,0.0,0.0,1.0,0.0,1
772.0,2461,1.9365284974093264,1.6245682210708117,0.0,12.0,120000.0,0.0,0.0,0.0,0.0,2,100,0.0024752475247524753,-4.98,1.9365284974093264,1.6245682210708117,0.0,12.0,120000.0,0.0,0.0,0.0,0.0,1
773.0,286,1.9340232858990942,1.6251617076326004,0.0,8.0,80000.0,0.0,0.0,2.0,0.0,2,100,0.0024752475247524753,-4.98,1.9340232858990942,1.6251617076326004,0.0,8.0,80000.0,0.0,0.0,2.0,0.0,1
773.0,306,1.9340232858990942,1.6251617076326004,0.0,8.0,80000.0,0.0,0.0,2.0,0.0,2,100,0.0024752475247524753,-4.98,1.9340232858990942,1.6251617076326004,0.0,8.0,80000.0,0.0,0.0,2.0,0.0,1
774.0,689,1.9315245478036176,1.6230620155038757,12.5,25.0,400000.0,20000.0,6.0,2.0,0.0,2,100,0.0024752475247524753,-4.98,1.9315245478036176,1.6230620155038757,12.5,25.0,400000.0,20000.0,7.0,2.0,0.0,1
774.0,1106,1.9315245478036176,1.6230620155038757,12.5,12.0,120000.0,20000.0,9.0,1.0,0.0,1,100,0.0024752475247524753,-4.98,1.9315245478036176,1.6230620155038757,12.5,12.0,120000.0,20000.0,9.0,1.0,0.0,1
774.0,1549,1.9315245478036176,1.6230620155038757,25.0,12.0,120000.0,20000.0,7.0,2.0,0.0,1,100,0.0024752475247524753,-4.975249999999999,1.9315245478036176,1.6230620155038757,25.0,12.0,120000.0,20000.0,7.0,2.0,0.0,1
774.0,2006,1.9315245478036176,1.6230620155038757,0.0,12.0,120000.0,0.0,0.0,1.0,0.0,2,100,0.0024752475247524753,-4.98,1.9315245478036176,1.6230620155038757,0.0,12.0,120000.0,0.0,0.0,1.0,0.0,1
774.0,2012,1.9315245478036176,1.6230620155038757,0.0,12.0,120000.0,0.0,0.0,1.0,0.0,2,100,0.0024752475247524753,-4.98,1.9315245478036176,1.6230620155038757,0.0,12.0,120000.0,0.0,0.0,1.0,0.0,1
774.0,2462,1.9315245478036176,1.6230620155038757,0.0,12.0,120000.0,0.0,0.0,0.0,0.0,2,100,0.0024752475247524753,-4.98,1.9315245478036176,1.6230620155038757,0.0,12.0,120000.0,0.0,0.0,0.0,0.0,1
768.0,1546,1.9466145833333333,1.6194661458333335,12.5,12.0,120000.0,20000.0,5.0,2.0,0.0,0,0,0.0024752475247524753,9.749332916666669,1.9314995680740614,1.6230410250120666,12.5,12.0,120000.0,20000.0,6.0,2.0,0.0,0
223.0,72,1.7040358744394617,1.4527279521674141,0.0,8.0,80000.0,0.0,0.0,1.0,0.669,2,100,0.0024752475247524753,-3.98,1.9306930693069306,1.6223633232888508,0.0,8.0,80000.0,0.0,0.0,2.0,0.0,1
775.0,287,1.9290322580645163,1.6236559139784947,0.0,8.0,80000.0,0.0,0.0,2.0,0.0,2,100,0.0024752475247524753,-4.98,1.9290322580645163,1.6236559139784947,0.0,8.0,80000.0,0.0,0.0,2.0,0.0,1
775.0,307,1.9290322580645163,1.6236559139784947,0.0,8.0,80000.0,0.0,0.0,2.0,0.0,2,100,0.0024752475247524753,-4.98,1.9290322580645163,1.6236559139784947,0.0,8.0,80000.0,0.0,0.0,2.0,0.0,1
776.0,1107,1.9265463917525774,1.6215635738831615,12.5,12.0,120000.0,20000.0,9.0,1.0,0.0,1,100,0.0024752475247524753,-4.98,1.9265463917525774,1.6215635738831615,12.5,12.0,120000.0,20000.0,9.0,1.0,0.0,1
776.0,2007,1.9265463917525774,1.6215635738831615,0.0,12.0,120000.0,0.0,0.0,1.0,0.0,3,100,0.0024752475247524753,-4.98,1.9265463917525774,1.6215635738831615,0.0,12.0,120000.0,0.0,0.0,1.0,0.0,1
776.0,2013,1.9265463917525774,1.6215635738831615,0.0,12.0,120000.0,0.0,0.0,1.0,0.0,3,100,0.0024752475247524753,-4.98,1.9265463917525774,1.6215635738831615,0.0,12.0,120000.0,0.0,0.0,1.0,0.0,1
776.0,2463,1.9265463917525774,1.6215635738831615,0.0,12.0,120000.0,0.0,0.0,0.0,0.0,3,100,0.0024752475247524753,-4.98,1.9265463917525774,1.6215635738831615,0.0,12.0,120000.0,0.0,0.0,0.0,0.0,1
225.0,73,1.7111111111111112,1.509259259259259,0.0,8.0,80000.0,0.0,0.0,1.0,0.663,2,100,0.0024752475247524753,-3.98,1.9257191927866038,1.6208673250322025,0.0,8.0,80000.0,0.0,0.0,2.0,0.0,1
777.0,288,1.924066924066924,1.622157872157872,0.0,8.0,80000.0,0.0,0.0,2.0,0.0,3,100,0.0024752475247524753,-4.98,1.924066924066924,1.622157872157872,0.0,8.0,80000.0,0.0,0.0,2.0,0.0,1
777.0,308,1.924066924066924,1.622157872157872,0.0,8.0,80000.0,0.0,0.0,2.0,0.0,2,100,0.0024752475247524753,-4.98,1.924066924066924,1.622157872157872,0.0,8.0,80000.0,0.0,0.0,2.0,0.0,1
772.0,1105,1.9365284974093264,1.6245682210708117,0.0,12.0,120000.0,20000.0,8.0,1.0,0.0,0,0,0.0024752475247524753,9.75,1.9215938303341902,1.6200728363324763,0.0,12.0,120000.0,20000.0,8.0,1.0,0.0,0
778.0,1108,1.9215938303341902,1.6200728363324763,0.0,12.0,120000.0,20000.0,8.0,1.0,0.0,2,100,0.0024752475247524753,-4.98,1.9215938303341902,1.6200728363324763,0.0,12.0,120000.0,20000.0,8.0,1.0,0.0,1
778.0,2008,1.9215938303341902,1.6200728363324763,0.0,12.0,120000.0,0.0,0.0,1.0,0.0,2,100,0.0024752475247524753,-4.98,1.9215938303341902,1.6200728363324763,0.0,12.0,120000.0,0.0,0.0,1.0,0.0,1
778.0,2014,1.9215938303341902,1.6200728363324763,0.0,12.0,120000.0,0.0,0.0,1.0,0.0,1,100,0.0024752475247524753,-4.98,1.9215938303341902,1.6200728363324763,0.0,12.0,120000.0,0.0,0.0,1.0,0.0,1
778.0,2464,1.9215938303341902,1.6200728363324763,0.0,12.0,120000.0,0.0,0.0,0.0,0.0,3,100,0.0024752475247524753,-4.98,1.9215938303341902,1.6200728363324763,0.0,12.0,120000.0,0.0,0.0,0.0,0.0,1
772.0,1548,1.9365284974093264,1.6245682210708117,12.5,12.0,120000.0,20000.0,6.0,2.0,0.0,0,0,0.0024752475247524753,9.749082916666667,1.9215691068036513,1.620051992218798,25.0,12.0,120000.0,20000.0,7.0,2.0,0.0,0
227.0,74,1.740088105726872,1.523494860499266,0.0,8.0,80000.0,0.0,0.0,1.0,0.658,2,62,0.0024752475247524753,-3.98,1.920746175585588,1.6193581887253077,0.0,8.0,80000.0,0.0,0.0,2.0,0.0,1
324.0,541,2.299382716049383,1.9708076131687242,25.0,25.0,400000.0,20000.0,3.0,1.0,0.443,2,100,0.0024752475247524753,-3.975,1.919923981797854,1.6186650069505317,12.5,25.0,400000.0,20000.0,7.0,2.0,0.0,1
779.0,289,1.9191270860077023,1.6179931536157468,0.0,8.0,80000.0,0.0,0.0,2.0,0.0,3,100,0.0024752475247524753,-4.98,1.9191270860077023,1.6179931536157468,0.0,8.0,80000.0,0.0,0.0,2.0,0.0,1
779.0,309,1.9191270860077023,1.6179931536157468,0.0,8.0,80000.0,0.0,0.0,2.0,0.0,3,100,0.0024752475247524753,-4.98,1.9191270860077023,1.6179931536157468,0.0,8.0,80000.0,0.0,0.0,2.0,0.0,1
780.0,1109,1.9166666666666665,1.6159188034188035,0.0,12.0,120000.0,20000.0,8.0,1.0,0.0,3,100,0.0024752475247524753,-4.98,1.9166666666666665,1.6159188034188035,0.0,12.0,120000.0,20000.0,8.0,1.0,0.0,1
780.0,1552,1.9166666666666665,1.6159188034188035,25.0,12.0,120000.0,20000.0,7.0,2.0,0.0,3,100,0.0024752475247524753,-4.975,1.9166666666666665,1.6159188034188035,25.0,12.0,120000.0,20000.0,7.0,2.0,0.0,1
780.0,2009,1.9166666666666665,1.6159188034188035,0.0,12.0,120000.0,0.0,0.0,1.0,0.0,3,100,0.0024752475247524753,-4.98,1.9166666666666665,1.6159188034188035,0.0,12.0,120000.0,0.0,0.0,1.0,0.0,1
780.0,2015,1.9166666666666665,1.6159188034188035,0.0,12.0,120000.0,0.0,0.0,1.0,0.0,3,100,0.0024752475247524753,-4.98,1.9166666666666665,1.6159188034188035,0.0,12.0,120000.0,0.0,0.0,1.0,0.0,1
780.0,2465,1.9166666666666665,1.6159188034188035,0.0,12.0,120000.0,0.0,0.0,0.0,0.0,2,100,0.0024752475247524753,-4.98,1.9166666666666665,1.6159188034188035,0.0,12.0,120000.0,0.0,0.0,0.0,0.0,1
781.0,290,1.914212548015365,1.613849765258216,0.0,8.0,80000.0,0.0,0.0,2.0,0.0,2,100,0.0024752475247524753,-4.98,1.914212548015365,1.613849765258216,0.0,8.0,80000.0,0.0,0.0,2.0,0.0,1
781.0,310,1.914212548015365,1.613849765258216,0.0,8.0,80000.0,0.0,0.0,2.0,0.0,2,38,0.0024752475247524753,-4.98,1.914212548015365,1.613849765258216,0.0,8.0,80000.0,0.0,0.0,2.0,0.0,1
782.0,1553,1.911764705882353,1.6117860187553281,25.0,12.0,120000.0,20000.0,7.0,2.0,0.0,2,38,0.0024752475247524753,-4.975,1.911764705882353,1.6117860187553281,25.0,12.0,120000.0,20000.0,7.0,2.0,0.0,1
782.0,2016,1.911764705882353,1.6117860187553281,0.0,12.0,120000.0,0.0,0.0,1.0,0.0,3,100,0.0024752475247524753,-4.98,1.911764705882353,1.6117860187553281,0.0,12.0,120000.0,0.0,0.0,1.0,0.0,1
782.0,2466,1.911764705882353,1.6117860187553281,0.0,12.0,120000.0,0.0,0.0,0.0,0.0,3,100,0.0024752475247524753,-4.98,1.911764705882353,1.6117860187553281,0.0,12.0,120000.0,0.0,0.0,0.0,0.0,1
776.0,1550,1.9265463917525774,1.6215635738831615,12.5,12.0,120000.0,20000.0,6.0,2.0,0.0,1,100,0.0024752475247524753,9.769332916666668,1.9117402346294772,1.611765387333938,12.5,12.0,120000.0,20000.0,6.0,2.0,0.0,0
783.0,291,1.9093231162196678,1.6097275436355898,0.0,8.0,80000.0,0.0,0.0,2.0,0.0,3,100,0.0024752475247524753,-4.98,1.9093231162196678,1.6097275436355898,0.0,8.0,80000.0,0.0,0.0,2.0,0.0,1
783.0,311,1.9093231162196678,1.6097275436355898,0.0,8.0,80000.0,0.0,0.0,2.0,0.0,3,100,0.0024752475247524753,-4.98,1.9093231162196678,1.6097275436355898,0.0,8.0,80000.0,0.0,0.0,2.0,0.0,1
783.0,1560,1.9093231162196678,1.6097275436355898,12.5,12.0,120000.0,20000.0,6.0,2.0,0.0,3,100,0.0024752475247524753,-4.98,1.9093231162196678,1.6097275436355898,12.5,12.0,120000.0,20000.0,6.0,2.0,0.0,1
784.0,1554,1.9068877551020407,1.6076743197278913,12.5,12.0,120000.0,20000.0,6.0,2.0,0.0,3,100,0.0024752475247524753,-4.98,1.9068877551020407,1.6076743197278913,12.5,12.0,120000.0,20000.0,6.0,2.0,0.0,1
784.0,2017,1.9068877551020407,1.6076743197278913,0.0,12.0,120000.0,0.0,0.0,1.0,0.0,2,34,0.0024752475247524753,-4.98,1.9068877551020407,1.6076743197278913,0.0,12.0,120000.0,0.0,0.0,1.0,0.0,1
784.0,2467,1.9068877551020407,1.6076743197278913,0.0,12.0,120000.0,0.0,0.0,0.0,0.0,2,34,0.0024752475247524753,-4.98,1.9068877551020407,1.6076743197278913,0.0,12.0,120000.0,0.0,0.0,0.0,0.0,1
778.0,1551,1.9215938303341902,1.6200728363324763,25.0,12.0,120000.0,20000.0,7.0,2.0,0.0,0,0,0.0024752475247524753,9.749582916666668,1.9068634085424494,1.6076537934339212,0.0,12.0,120000.0,20000.0,5.0,2.0,0.0,0
765.0,686,1.954248366013072,1.6230936819172115,0.0,25.0,400000.0,20000.0,5.0,2.0,0.0,1,100,0.0024752475247524753,9.62,1.9044585987261147,1.6056263269639066,0.0,25.0,400000.0,20000.0,6.0,2.0,0.0,0
785.0,292,1.9044585987261147,1.6056263269639066,0.0,8.0,80000.0,0.0,0.0,2.0,0.0,3,100,0.0024752475247524753,-4.98,1.9044585987261147,1.6056263269639066,0.0,8.0,80000.0,0.0,0.0,2.0,0.0,1
785.0,312,1.9044585987261147,1.6056263269639066,0.0,8.0,80000.0,0.0,0.0,2.0,0.0,3,100,0.0024752475247524753,-4.98,1.9044585987261147,1.6056263269639066,0.0,8.0,80000.0,0.0,0.0,2.0,0.0,1
786.0,2018,1.9020356234096691,1.6035835453774385,0.0,12.0,120000.0,0.0,0.0,1.0,0.0,1,100,0.0024752475247524753,-4.98,1.9020356234096691,1.6035835453774385,0.0,12.0,120000.0,0.0,0.0,1.0,0.0,1
786.0,2468,1.9020356234096691,1.6035835453774385,0.0,12.0,120000.0,0.0,0.0,0.0,0.0,3,100,0.0024752475247524753,-4.98,1.9020356234096691,1.6035835453774385,0.0,12.0,120000.0,0.0,0.0,0.0,0.0,1
787.0,293,1.8996188055908514,1.6015459551037696,0.0,8.0,80000.0,0.0,0.0,2.0,0.0,3,100,0.0024752475247524753,-4.98,1.8996188055908514,1.6015459551037696,0.0,8.0,80000.0,0.0,0.0,2.0,0.0,1
787.0,313,1.8996188055908514,1.6015459551037696,0.0,8.0,80000.0,0.0,0.0,2.0,0.0,2,100,0.0024752475247524753,-4.98,1.8996188055908514,1.6015459551037696,0.0,8.0,80000.0,0.0,0.0,2.0,0.0,1
787.0,1562,1.8996188055908514,1.6015459551037696,25.0,12.0,120000.0,20000.0,7.0,2.0,0.0,2,100,0.0024752475247524753,-4.975,1.8996188055908514,1.6015459551037696,25.0,12.0,120000.0,20000.0,7.0,2.0,0.0,1
788.0,1556,1.8972081218274113,1.5995135363790185,25.0,12.0,120000.0,20000.0,7.0,2.0,0.0,2,100,0.0024752475247524753,-4.975,1.8972081218274113,1.5995135363790185,25.0,12.0,120000.0,20000.0,7.0,2.0,0.0,1
788.0,2019,1.8972081218274113,1.5995135363790185,0.0,12.0,120000.0,0.0,0.0,1.0,0.0,2,100,0.0024752475247524753,-4.98,1.8972081218274113,1.5995135363790185,0.0,12.0,120000.0,0.0,0.0,1.0,0.0,1
788.0,2469,1.8972081218274113,1.5995135363790185,0.0,12.0,120000.0,0.0,0.0,0.0,0.0,2,100,0.0024752475247524753,-4.98,1.8972081218274113,1.5995135363790185,0.0,12.0,120000.0,0.0,0.0,0.0,0.0,1
789.0,294,1.8948035487959443,1.5974862695395013,0.0,8.0,80000.0,0.0,0.0,2.0,0.0,2,100,0.0024752475247524753,-4.98,1.8948035487959443,1.5974862695395013,0.0,8.0,80000.0,0.0,0.0,2.0,0.0,1
789.0,314,1.8948035487959443,1.5974862695395013,0.0,8.0,80000.0,0.0,0.0,2.0,0.0,2,100,0.0024752475247524753,-4.98,1.8948035487959443,1.5974862695395013,0.0,8.0,80000.0,0.0,0.0,2.0,0.0,1
789.0,1563,1.8948035487959443,1.5974862695395013,25.0,12.0,120000.0,20000.0,7.0,2.0,0.0,3,100,0.0024752475247524753,-4.975,1.8948035487959443,1.5974862695395013,25.0,12.0,120000.0,20000.0,7.0,2.0,0.0,1
790.0,1557,1.8924050632911391,1.595464135021097,25.0,12.0,120000.0,20000.0,7.0,2.0,0.0,3,100,0.0024752475247524753,-4.975,1.8924050632911391,1.595464135021097,25.0,12.0,120000.0,20000.0,7.0,2.0,0.0,1
790.0,2020,1.8924050632911391,1.595464135021097,0.0,12.0,120000.0,0.0,0.0,1.0,0.0,3,100,0.0024752475247524753,-4.98,1.8924050632911391,1.595464135021097,0.0,12.0,120000.0,0.0,0.0,1.0,0.0,1
790.0,2470,1.8924050632911391,1.595464135021097,0.0,12.0,120000.0,0.0,0.0,0.0,0.0,3,100,0.0024752475247524753,-4.98,1.8924050632911391,1.595464135021097,0.0,12.0,120000.0,0.0,0.0,0.0,0.0,1
785.0,1561,1.9044585987261147,1.6056263269639066,0.0,12.0,120000.0,20000.0,5.0,2.0,0.0,0,0,0.0024752475247524753,9.74975,1.8900126422250318,1.593447113358618,12.5,12.0,120000.0,20000.0,6.0,2.0,0.0,0
791.0,295,1.8900126422250318,1.593447113358618,0.0,8.0,80000.0,0.0,0.0,2.0,0.0,1,100,0.0024752475247524753,-4.98,1.8900126422250318,1.593447113358618,0.0,8.0,80000.0,0.0,0.0,2.0,0.0,1
791.0,315,1.8900126422250318,1.593447113358618,0.0,8.0,80000.0,0.0,0.0,2.0,0.0,1,100,0.0024752475247524753,-4.98,1.8900126422250318,1.593447113358618,0.0,8.0,80000.0,0.0,0.0,2.0,0.0,1
791.0,1564,1.8900126422250318,1.593447113358618,12.5,12.0,120000.0,20000.0,6.0,2.0,0.0,3,100,0.0024752475247524753,-4.98,1.8900126422250318,1.593447113358618,12.5,12.0,120000.0,20000.0,6.0,2.0,0.0,1
792.0,1558,1.8876262626262625,1.591435185185185,12.5,12.0,120000.0,20000.0,6.0,2.0,0.0,2,100,0.0024752475247524753,-4.98,1.8876262626262625,1.591435185185185,12.5,12.0,120000.0,20000.0,6.0,2.0,0.0,1
792.0,2021,1.8876262626262625,1.591435185185185,0.0,12.0,120000.0,0.0,0.0,1.0,0.0,2,100,0.0024752475247524753,-4.98,1.8876262626262625,1.591435185185185,0.0,12.0,120000.0,0.0,0.0,1.0,0.0,1
792.0,2471,1.8876262626262625,1.591435185185185,0.0,12.0,120000.0,0.0,0.0,0.0,0.0,2,100,0.0024752475247524753,-4.98,1.8876262626262625,1.591435185185185,0.0,12.0,120000.0,0.0,0.0,0.0,0.0,1
786.0,1555,1.9020356234096691,1.6035835453774385,12.5,12.0,120000.0,20000.0,6.0,2.0,0.0,0,0,0.0024752475247524753,9.749582916666668,1.887602405429194,1.5914150714669206,0.0,12.0,120000.0,20000.0,5.0,2.0,0.0,0
793.0,296,1.8852459016393444,1.58942833123161,0.0,8.0,80000.0,0.0,0.0,2.0,0.0,2,100,0.0024752475247524753,-4.98,1.8852459016393444,1.58942833123161,0.0,8.0,80000.0,0.0,0.0,2.0,0.0,1
793.0,316,1.8852459016393444,1.58942833123161,0.0,8.0,80000.0,0.0,0.0,2.0,0.0,1,100,0.0024752475247524753,-4.98,1.8852459016393444,1.58942833123161,0.0,8.0,80000.0,0.0,0.0,2.0,0.0,1
794.0,1559,1.8828715365239292,1.5874265323257766,12.5,12.0,120000.0,20000.0,6.0,2.0,0.0,1,100,0.0024752475247524753,-4.98,1.8828715365239292,1.5874265323257766,12.5,12.0,120000.0,20000.0,6.0,2.0,0.0,1
794.0,2022,1.8828715365239292,1.5874265323257766,0.0,12.0,120000.0,0.0,0.0,1.0,0.0,1,100,0.0024752475247524753,-4.98,1.8828715365239292,1.5874265323257766,0.0,12.0,120000.0,0.0,0.0,1.0,0.0,1
794.0,2472,1.8828715365239292,1.5874265323257766,0.0,12.0,120000.0,0.0,0.0,0.0,0.0,2,100,0.0024752475247524753,-4.98,1.8828715365239292,1.5874265323257766,0.0,12.0,120000.0,0.0,0.0,0.0,0.0,1
795.0,297,1.880503144654088,1.5854297693920334,0.0,8.0,80000.0,0.0,0.0,2.0,0.0,2,100,0.0024752475247524753,-4.98,1.880503144654088,1.5854297693920334,0.0,8.0,80000.0,0.0,0.0,2.0,0.0,1
795.0,317,1.880503144654088,1.5854297693920334,0.0,8.0,80000.0,0.0,0.0,2.0,0.0,3,100,0.0024752475247524753,-4.98,1.880503144654088,1.5854297693920334,0.0,8.0,80000.0,0.0,0.0,2.0,0.0,1
795.0,1110,1.880503144654088,1.5854297693920334,0.0,12.0,120000.0,20000.0,9.0,1.0,0.0,3,100,0.0024752475247524753,-4.98,1.880503144654088,1.5854297693920334,0.0,12.0,120000.0,20000.0,9.0,1.0,0.0,1
795.0,1566,1.880503144654088,1.5854297693920334,12.5,12.0,120000.0,20000.0,6.0,2.0,0.0,3,100,0.0024752475247524753,-4.98,1.880503144654088,1.5854297693920334,12.5,12.0,120000.0,20000.0,6.0,2.0,0.0,1
796.0,2023,1.8781407035175879,1.5834380234505863,0.0,12.0,120000.0,0.0,0.0,1.0,0.0,3,100,0.0024752475247524753,-4.98,1.8781407035175879,1.5834380234505863,0.0,12.0,120000.0,0.0,0.0,1.0,0.0,1
796.0,2473,1.8781407035175879,1.5834380234505863,0.0,12.0,120000.0,0.0,0.0,0.0,0.0,3,100,0.0024752475247524753,-4.98,1.8781407035175879,1.5834380234505863,0.0,12.0,120000.0,0.0,0.0,0.0,0.0,1
797.0,298,1.875784190715182,1.5814512756168968,0.0,8.0,80000.0,0.0,0.0,2.0,0.0,3,100,0.0024752475247524753,-4.98,1.875784190715182,1.5814512756168968,0.0,8.0,80000.0,0.0,0.0,2.0,0.0,1
797.0,318,1.875784190715182,1.5814512756168968,0.0,8.0,80000.0,0.0,0.0,2.0,0.0,3,100,0.0024752475247524753,-4.98,1.875784190715182,1.5814512756168968,0.0,8.0,80000.0,0.0,0.0,2.0,0.0,1
797.0,1111,1.875784190715182,1.5814512756168968,0.0,12.0,120000.0,20000.0,9.0,1.0,0.0,3,100,0.0024752475247524753,-4.98,1.875784190715182,1.5814512756168968,0.0,12.0,120000.0,20000.0,9.0,1.0,0.0,1
797.0,1567,1.875784190715182,1.5814512756168968,12.5,12.0,120000.0,20000.0,6.0,2.0,0.0,2,100,0.0024752475247524753,-4.98,1.875784190715182,1.5814512756168968,12.5,12.0,120000.0,20000.0,6.0,2.0,0.0,1
798.0,2024,1.8734335839598997,1.579469507101086,0.0,12.0,120000.0,0.0,0.0,1.0,0.0,2,100,0.0024752475247524753,-4.98,1.8734335839598997,1.579469507101086,0.0,12.0,120000.0,0.0,0.0,1.0,0.0,1
798.0,2474,1.8734335839598997,1.579469507101086,0.0,12.0,120000.0,0.0,0.0,0.0,0.0,3,100,0.0024752475247524753,-4.98,1.8734335839598997,1.579469507101086,0.0,12.0,120000.0,0.0,0.0,0.0,0.0,1
793.0,1565,1.8852459016393444,1.58942833123161,0.0,12.0,120000.0,20000.0,5.0,2.0,0.0,1,100,0.0024752475247524753,9.77,1.8710888610763456,1.5774926992073426,0.0,12.0,120000.0,20000.0,5.0,2.0,0.0,0
799.0,299,1.8710888610763456,1.5774926992073426,0.0,8.0,80000.0,0.0,0.0,2.0,0.0,3,100,0.0024752475247524753,-4.98,1.8710888610763456,1.5774926992073426,0.0,8.0,80000.0,0.0,0.0,2.0,0.0,1
799.0,319,1.8710888610763456,1.5774926992073426,0.0,8.0,80000.0,0.0,0.0,2.0,0.0,3,100,0.0024752475247524753,-4.98,1.8710888610763456,1.5774926992073426,0.0,8.0,80000.0,0.0,0.0,2.0,0.0,1
799.0,1112,1.8710888610763456,1.5774926992073426,0.0,12.0,120000.0,20000.0,9.0,1.0,0.0,1,100,0.0024752475247524753,-4.98,1.8710888610763456,1.5774926992073426,0.0,12.0,120000.0,20000.0,9.0,1.0,0.0,1
799.0,1568,1.8710888610763456,1.5774926992073426,0.0,12.0,120000.0,20000.0,5.0,2.0,0.0,2,100,0.0024752475247524753,-4.98,1.8710888610763456,1.5774926992073426,0.0,12.0,120000.0,20000.0,5.0,2.0,0.0,1
800.0,2025,1.86875,1.5755208333333333,0.0,12.0,120000.0,0.0,0.0,1.0,0.0,2,100,0.0024752475247524753,-4.98,1.86875,1.5755208333333333,0.0,12.0,120000.0,0.0,0.0,1.0,0.0,1
800.0,2475,1.86875,1.5755208333333333,0.0,12.0,120000.0,0.0,0.0,0.0,0.0,3,100,0.0024752475247524753,-4.98,1.86875,1.5755208333333333,0.0,12.0,120000.0,0.0,0.0,0.0,0.0,1
801.0,320,1.8664169787765292,1.5735538909696212,0.0,8.0,80000.0,0.0,0.0,2.0,0.0,3,100,0.0024752475247524753,-4.98,1.8664169787765292,1.5735538909696212,0.0,8.0,80000.0,0.0,0.0,2.0,0.0,1
801.0,1113,1.8664169787765292,1.5735538909696212,0.0,12.0,120000.0,20000.0,9.0,1.0,0.0,3,100,0.0024752475247524753,-4.98,1.8664169787765292,1.5735538909696212,0.0,12.0,120000.0,20000.0,9.0,1.0,0.0,1
801.0,1569,1.8664169787765292,1.5735538909696212,0.0,12.0,120000.0,20000.0,5.0,2.0,0.0,3,100,0.0024752475247524753,-4.98,1.8664169787765292,1.5735538909696212,0.0,12.0,120000.0,20000.0,5.0,2.0,0.0,1
802.0,2026,1.8640897755610972,1.5715918536990854,0.0,12.0,120000.0,0.0,0.0,1.0,0.0,3,100,0.0024752475247524753,-4.98,1.8640897755610972,1.5715918536990854,0.0,12.0,120000.0,0.0,0.0,1.0,0.0,1
802.0,2476,1.8640897755610972,1.5715918536990854,0.0,12.0,120000.0,0.0,0.0,0.0,0.0,3,100,0.0024752475247524753,-4.98,1.8640897755610972,1.5715918536990854,0.0,12.0,120000.0,0.0,0.0,0.0,0.0,1
803.0,321,1.8617683686176838,1.5696347031963471,0.0,8.0,80000.0,0.0,0.0,2.0,0.0,1,100,0.0024752475247524753,-4.98,1.8617683686176838,1.5696347031963471,0.0,8.0,80000.0,0.0,0.0,2.0,0.0,1
804.0,2027,1.859452736318408,1.5676824212271976,0.0,12.0,120000.0,0.0,0.0,1.0,0.0,2,100,0.0024752475247524753,-4.98,1.859452736318408,1.5676824212271976,0.0,12.0,120000.0,0.0,0.0,1.0,0.0,1
804.0,2477,1.859452736318408,1.5676824212271976,0.0,12.0,120000.0,0.0,0.0,0.0,0.0,2,100,0.0024752475247524753,-4.98,1.859452736318408,1.5676824212271976,0.0,12.0,120000.0,0.0,0.0,0.0,0.0,1
805.0,322,1.8571428571428572,1.565734989648033,0.0,8.0,80000.0,0.0,0.0,2.0,0.0,2,100,0.0024752475247524753,-4.98,1.8571428571428572,1.565734989648033,0.0,8.0,80000.0,0.0,0.0,2.0,0.0,1
805.0,1115,1.8571428571428572,1.565734989648033,12.5,12.0,120000.0,20000.0,10.0,1.0,0.0,2,100,0.0024752475247524753,-4.98,1.8571428571428572,1.565734989648033,12.5,12.0,120000.0,20000.0,10.0,1.0,0.0,1
805.0,1571,1.8571428571428572,1.565734989648033,12.5,12.0,120000.0,20000.0,6.0,2.0,0.0,2,100,0.0024752475247524753,-4.98,1.8571428571428572,1.565734989648033,12.5,12.0,120000.0,20000.0,6.0,2.0,0.0,1
806.0,2028,1.8548387096774193,1.5637923904052935,0.0,12.0,120000.0,0.0,0.0,1.0,0.0,3,100,0.0024752475247524753,-4.98,1.8548387096774193,1.5637923904052935,0.0,12.0,120000.0,0.0,0.0,1.0,0.0,1
806.0,2478,1.8548387096774193,1.5637923904052935,0.0,12.0,120000.0,0.0,0.0,0.0,0.0,3,100,0.0024752475247524753,-4.98,1.8548387096774193,1.5637923904052935,0.0,12.0,120000.0,0.0,0.0,0.0,0.0,1
807.0,323,1.8525402726146218,1.561854605534903,0.0,8.0,80000.0,0.0,0.0,2.0,0.0,3,100,0.0024752475247524753,-4.98,1.8525402726146218,1.561854605534903,0.0,8.0,80000.0,0.0,0.0,2.0,0.0,1
807.0,1116,1.8525402726146218,1.561854605534903,12.5,12.0,120000.0,20000.0,10.0,1.0,0.0,3,100,0.0024752475247524753,-4.98,1.8525402726146218,1.561854605534903,12.5,12.0,120000.0,20000.0,10.0,1.0,0.0,1
807.0,1572,1.8525402726146218,1.561854605534903,12.5,12.0,120000.0,20000.0,6.0,2.0,0.0,1,60,0.0024752475247524753,-4.98,1.8525402726146218,1.561854605534903,12.5,12.0,120000.0,20000.0,6.0,2.0,0.0,1
808.0,2029,1.8502475247524752,1.559921617161716,0.0,12.0,120000.0,0.0,0.0,1.0,0.0,1,60,0.0024752475247524753,-4.98,1.8502475247524752,1.559921617161716,0.0,12.0,120000.0,0.0,0.0,1.0,0.0,1
808.0,2479,1.8502475247524752,1.559921617161716,0.0,12.0,120000.0,0.0,0.0,0.0,0.0,2,100,0.0024752475247524753,-4.98,1.8502475247524752,1.559921617161716,0.0,12.0,120000.0,0.0,0.0,0.0,0.0,1
803.0,1114,1.8617683686176838,1.5696347031963471,0.0,12.0,120000.0,20000.0,9.0,1.0,0.0,1,100,0.0024752475247524753,9.77,1.8479604449938194,1.5579934074989699,0.0,12.0,120000.0,20000.0,10.0,1.0,0.0,0
803.0,1570,1.8617683686176838,1.5696347031963471,0.0,12.0,120000.0,20000.0,5.0,2.0,0.0,0,0,0.0024752475247524753,9.75,1.8479604449938194,1.5579934074989699,0.0,12.0,120000.0,20000.0,6.0,2.0,0.0,0
809.0,324,1.8479604449938194,1.5579934074989699,0.0,8.0,80000.0,0.0,0.0,2.0,0.0,2,100,0.0024752475247524753,-4.98,1.8479604449938194,1.5579934074989699,0.0,8.0,80000.0,0.0,0.0,2.0,0.0,1
810.0,2030,1.845679012345679,1.5560699588477367,0.0,12.0,120000.0,0.0,0.0,1.0,0.0,2,100,0.0024752475247524753,-4.98,1.845679012345679,1.5560699588477367,0.0,12.0,120000.0,0.0,0.0,1.0,0.0,1
810.0,2480,1.845679012345679,1.5560699588477367,0.0,12.0,120000.0,0.0,0.0,0.0,0.0,2,100,0.0024752475247524753,-4.98,1.845679012345679,1.5560699588477367,0.0,12.0,120000.0,0.0,0.0,0.0,0.0,1
811.0,1118,1.843403205918619,1.554151253596383,12.5,12.0,120000.0,20000.0,10.0,1.0,0.0,3,100,0.0024752475247524753,-4.98,1.843403205918619,1.554151253596383,12.5,12.0,120000.0,20000.0,10.0,1.0,0.0,1
811.0,1574,1.843403205918619,1.554151253596383,12.5,12.0,120000.0,20000.0,6.0,2.0,0.0,3,24,0.0024752475247524753,-4.98,1.843403205918619,1.554151253596383,12.5,12.0,120000.0,20000.0,6.0,2.0,0.0,1
812.0,2031,1.8411330049261085,1.5522372742200328,0.0,12.0,120000.0,0.0,0.0,1.0,0.0,3,24,0.0024752475247524753,-4.98,1.8411330049261085,1.5522372742200328,0.0,12.0,120000.0,0.0,0.0,1.0,0.0,1
812.0,2481,1.8411330049261085,1.5522372742200328,0.0,12.0,120000.0,0.0,0.0,0.0,0.0,3,100,0.0024752475247524753,-4.98,1.8411330049261085,1.5522372742200328,0.0,12.0,120000.0,0.0,0.0,0.0,0.0,1
813.0,1119,1.838868388683887,1.552890528905289,12.5,12.0,120000.0,20000.0,10.0,1.0,0.0,2,100,0.0024752475247524753,-4.98,1.838868388683887,1.552890528905289,12.5,12.0,120000.0,20000.0,10.0,1.0,0.0,1
813.0,1575,1.838868388683887,1.552890528905289,12.5,12.0,120000.0,20000.0,6.0,2.0,0.0,2,100,0.0024752475247524753,-4.98,1.838868388683887,1.552890528905289,12.5,12.0,120000.0,20000.0,6.0,2.0,0.0,1
814.0,2032,1.8366093366093368,1.5509828009828008,0.0,12.0,120000.0,0.0,0.0,1.0,0.0,1,100,0.0024752475247524753,-4.98,1.8366093366093368,1.5509828009828008,0.0,12.0,120000.0,0.0,0.0,1.0,0.0,1
814.0,2482,1.8366093366093368,1.5509828009828008,0.0,12.0,120000.0,0.0,0.0,0.0,0.0,2,100,0.0024752475247524753,-4.98,1.8366093366093368,1.5509828009828008,0.0,12.0,120000.0,0.0,0.0,0.0,0.0,1
264.0,79,1.893939393939394,1.7755681818181817,0.0,8.0,80000.0,0.0,0.0,1.0,0.565,2,100,0.0024752475247524753,-3.98,1.8358575521899303,1.550347932869423,0.0,8.0,80000.0,0.0,0.0,2.0,0.0,1
815.0,1120,1.834355828220859,1.549079754601227,12.5,12.0,120000.0,20000.0,10.0,1.0,0.0,2,100,0.0024752475247524753,-4.98,1.834355828220859,1.549079754601227,12.5,12.0,120000.0,20000.0,10.0,1.0,0.0,1
809.0,1117,1.8479604449938194,1.5579934074989699,0.0,12.0,120000.0,20000.0,9.0,1.0,0.0,0,0,0.0024752475247524753,9.749582916666668,1.8343332985566643,1.54906072871424,0.0,12.0,120000.0,20000.0,9.0,1.0,0.0,0
809.0,1573,1.8479604449938194,1.5579934074989699,0.0,12.0,120000.0,20000.0,5.0,2.0,0.0,0,0,0.0024752475247524753,9.749332916666669,1.8343332985566643,1.54906072871424,12.5,12.0,120000.0,20000.0,6.0,2.0,0.0,0
816.0,2033,1.832107843137255,1.5471813725490196,0.0,12.0,120000.0,0.0,0.0,1.0,0.0,2,100,0.0024752475247524753,-4.98,1.832107843137255,1.5471813725490196,0.0,12.0,120000.0,0.0,0.0,1.0,0.0,1
816.0,2483,1.832107843137255,1.5471813725490196,0.0,12.0,120000.0,0.0,0.0,0.0,0.0,2,100,0.0024752475247524753,-4.98,1.832107843137255,1.5471813725490196,0.0,12.0,120000.0,0.0,0.0,0.0,0.0,1
817.0,691,1.8298653610771112,1.5452876376988982,12.5,25.0,400000.0,20000.0,9.0,2.0,0.0,2,100,0.0024752475247524753,-4.98,1.8298653610771112,1.5452876376988982,12.5,25.0,400000.0,20000.0,9.0,2.0,0.0,1
817.0,1121,1.8298653610771112,1.5452876376988982,0.0,12.0,120000.0,20000.0,9.0,1.0,0.0,2,100,0.0024752475247524753,-4.98,1.8298653610771112,1.5452876376988982,0.0,12.0,120000.0,20000.0,9.0,1.0,0.0,1
817.0,1577,1.8298653610771112,1.5452876376988982,12.5,12.0,120000.0,20000.0,6.0,2.0,0.0,2,100,0.0024752475247524753,-4.98,1.8298653610771112,1.5452876376988982,12.5,12.0,120000.0,20000.0,6.0,2.0,0.0,1
817.0,2485,1.8298653610771112,1.5452876376988982,0.0,12.0,120000.0,0.0,0.0,0.0,0.0,2,100,0.0024752475247524753,-4.98,1.8298653610771112,1.5452876376988982,0.0,12.0,120000.0,0.0,0.0,0.0,0.0,1
818.0,2034,1.8276283618581908,1.543398533007335,0.0,12.0,120000.0,0.0,0.0,1.0,0.0,2,100,0.0024752475247524753,-4.98,1.8276283618581908,1.543398533007335,0.0,12.0,120000.0,0.0,0.0,1.0,0.0,1
818.0,2484,1.8276283618581908,1.543398533007335,0.0,12.0,120000.0,0.0,0.0,0.0,0.0,3,100,0.0024752475247524753,-4.98,1.8276283618581908,1.543398533007335,0.0,12.0,120000.0,0.0,0.0,0.0,0.0,1
819.0,1122,1.8253968253968256,1.5415140415140416,0.0,12.0,120000.0,20000.0,9.0,1.0,0.0,3,100,0.0024752475247524753,-4.98,1.8253968253968256,1.5415140415140416,0.0,12.0,120000.0,20000.0,9.0,1.0,0.0,1
819.0,1578,1.8253968253968256,1.5415140415140416,12.5,12.0,120000.0,20000.0,6.0,2.0,0.0,2,100,0.0024752475247524753,-4.98,1.8253968253968256,1.5415140415140416,12.5,12.0,120000.0,20000.0,6.0,2.0,0.0,1
819.0,2486,1.8253968253968256,1.5415140415140416,0.0,12.0,120000.0,0.0,0.0,0.0,0.0,2,100,0.0024752475247524753,-4.98,1.8253968253968256,1.5415140415140416,0.0,12.0,120000.0,0.0,0.0,0.0,0.0,1
820.0,692,1.823170731707317,1.5396341463414633,12.5,25.0,400000.0,20000.0,9.0,2.0,0.0,2,100,0.0024752475247524753,-4.98,1.823170731707317,1.5396341463414633,12.5,25.0,400000.0,20000.0,9.0,2.0,0.0,1
821.0,1123,1.8209500609013398,1.5377588306942753,0.0,12.0,120000.0,20000.0,9.0,1.0,0.0,3,100,0.0024752475247524753,-4.98,1.8209500609013398,1.5377588306942753,0.0,12.0,120000.0,20000.0,9.0,1.0,0.0,1
821.0,1579,1.8209500609013398,1.5377588306942753,12.5,12.0,120000.0,20000.0,6.0,2.0,0.0,3,100,0.0024752475247524753,-4.98,1.8209500609013398,1.5377588306942753,12.5,12.0,120000.0,20000.0,6.0,2.0,0.0,1
821.0,2487,1.8209500609013398,1.5377588306942753,0.0,12.0,120000.0,0.0,0.0,0.0,0.0,3,100,0.0024752475247524753,-4.98,1.8209500609013398,1.5377588306942753,0.0,12.0,120000.0,0.0,0.0,0.0,0.0,1
815.0,1576,1.834355828220859,1.549079754601227,12.5,12.0,120000.0,20000.0,6.0,2.0,0.0,0,0,0.0024752475247524753,9.749582916666668,1.8209278593326772,1.5377400818779299,0.0,12.0,120000.0,20000.0,5.0,2.0,0.0,0
823.0,693,1.816524908869988,1.534021871202916,12.5,25.0,400000.0,20000.0,9.0,2.0,0.0,3,100,0.0024752475247524753,-4.98,1.816524908869988,1.534021871202916,12.5,25.0,400000.0,20000.0,9.0,2.0,0.0,1
823.0,2488,1.816524908869988,1.534021871202916,0.0,12.0,120000.0,0.0,0.0,0.0,0.0,3,100,0.0024752475247524753,-4.98,1.816524908869988,1.534021871202916,0.0,12.0,120000.0,0.0,0.0,0.0,0.0,1
825.0,1125,1.812121212121212,1.5303030303030303,12.5,12.0,120000.0,20000.0,10.0,1.0,0.0,3,100,0.0024752475247524753,-4.98,1.812121212121212,1.5303030303030303,12.5,12.0,120000.0,20000.0,10.0,1.0,0.0,1
825.0,2489,1.812121212121212,1.5303030303030303,0.0,12.0,120000.0,0.0,0.0,0.0,0.0,3,66,0.0024752475247524753,-4.98,1.812121212121212,1.5303030303030303,0.0,12.0,120000.0,0.0,0.0,0.0,0.0,1
826.0,694,1.8099273607748185,1.528450363196126,12.5,25.0,400000.0,20000.0,9.0,1.0,0.0,1,100,0.0024752475247524753,-4.98,1.8099273607748185,1.528450363196126,12.5,25.0,400000.0,20000.0,9.0,1.0,0.0,1
826.0,1585,1.8099273607748185,1.528450363196126,25.0,12.0,120000.0,20000.0,7.0,1.0,0.0,1,100,0.0024752475247524753,-4.975,1.8099273607748185,1.528450363196126,25.0,12.0,120000.0,20000.0,7.0,1.0,0.0,1
827.0,1126,1.807738814993954,1.5266021765417173,12.5,12.0,120000.0,20000.0,10.0,1.0,0.0,1,100,0.0024752475247524753,-4.98,1.807738814993954,1.5266021765417173,12.5,12.0,120000.0,20000.0,10.0,1.0,0.0,1
827.0,1582,1.807738814993954,1.5266021765417173,25.0,12.0,120000.0,20000.0,7.0,1.0,0.0,3,100,0.0024752475247524753,-4.975,1.807738814993954,1.5266021765417173,25.0,12.0,120000.0,20000.0,7.0,1.0,0.0,1
827.0,2490,1.807738814993954,1.5266021765417173,0.0,12.0,120000.0,0.0,0.0,1.0,0.0,3,100,0.0024752475247524753,-4.98,1.807738814993954,1.5266021765417173,0.0,12.0,120000.0,0.0,0.0,1.0,0.0,1
828.0,1586,1.8055555555555554,1.5247584541062802,25.0,12.0,120000.0,20000.0,7.0,1.0,0.0,1,100,0.0024752475247524753,-4.975,1.8055555555555554,1.5247584541062802,25.0,12.0,120000.0,20000.0,7.0,1.0,0.0,1
823.0,1124,1.816524908869988,1.534021871202916,0.0,12.0,120000.0,20000.0,9.0,1.0,0.0,0,0,0.0024752475247524753,9.75,1.8033775633293125,1.5229191797346202,0.0,12.0,120000.0,20000.0,9.0,1.0,0.0,0
823.0,1580,1.816524908869988,1.534021871202916,0.0,12.0,120000.0,20000.0,5.0,2.0,0.0,0,0,0.0024752475247524753,9.74975,1.8033775633293125,1.5229191797346202,12.5,12.0,120000.0,20000.0,6.0,1.0,0.0,0
829.0,695,1.8033775633293125,1.5229191797346202,12.5,25.0,400000.0,20000.0,9.0,1.0,0.0,1,100,0.0024752475247524753,-4.98,1.8033775633293125,1.5229191797346202,12.5,25.0,400000.0,20000.0,9.0,1.0,0.0,1
829.0,1127,1.8033775633293125,1.5229191797346202,0.0,12.0,120000.0,20000.0,9.0,1.0,0.0,2,100,0.0024752475247524753,-4.98,1.8033775633293125,1.5229191797346202,0.0,12.0,120000.0,20000.0,9.0,1.0,0.0,1
829.0,1583,1.8033775633293125,1.5229191797346202,12.5,12.0,120000.0,20000.0,6.0,1.0,0.0,2,100,0.0024752475247524753,-4.98,1.8033775633293125,1.5229191797346202,12.5,12.0,120000.0,20000.0,6.0,1.0,0.0,1
829.0,2491,1.8033775633293125,1.5229191797346202,0.0,12.0,120000.0,0.0,0.0,1.0,0.0,2,100,0.0024752475247524753,-4.98,1.8033775633293125,1.5229191797346202,0.0,12.0,120000.0,0.0,0.0,1.0,0.0,1
830.0,1587,1.8012048192771084,1.5210843373493976,12.5,12.0,120000.0,20000.0,6.0,1.0,0.0,2,100,0.0024752475247524753,-4.98,1.8012048192771084,1.5210843373493976,12.5,12.0,120000.0,20000.0,6.0,1.0,0.0,1
831.0,1128,1.799037304452467,1.5192539109506615,0.0,12.0,120000.0,20000.0,9.0,1.0,0.0,2,100,0.0024752475247524753,-4.98,1.799037304452467,1.5192539109506615,0.0,12.0,120000.0,20000.0,9.0,1.0,0.0,1
831.0,1584,1.799037304452467,1.5192539109506615,12.5,12.0,120000.0,20000.0,6.0,1.0,0.0,2,100,0.0024752475247524753,-4.98,1.799037304452467,1.5192539109506615,12.5,12.0,120000.0,20000.0,6.0,1.0,0.0,1
831.0,2492,1.799037304452467,1.5192539109506615,0.0,12.0,120000.0,0.0,0.0,1.0,0.0,2,100,0.0024752475247524753,-4.98,1.799037304452467,1.5192539109506615,0.0,12.0,120000.0,0.0,0.0,1.0,0.0,1
825.0,1581,1.812121212121212,1.5303030303030303,12.5,12.0,120000.0,20000.0,6.0,1.0,0.0,1,66,0.0024752475247524753,9.769582916666668,1.7990156339994026,1.5192356106516693,0.0,12.0,120000.0,20000.0,5.0,1.0,0.0,0
832.0,696,1.7968749999999998,1.5174278846153846,12.5,25.0,400000.0,20000.0,9.0,1.0,0.0,3,100,0.0024752475247524753,-4.98,1.7968749999999998,1.5174278846153846,12.5,25.0,400000.0,20000.0,9.0,1.0,0.0,1
832.0,1588,1.7968749999999998,1.5174278846153846,0.0,12.0,120000.0,20000.0,5.0,1.0,0.0,3,100,0.0024752475247524753,-4.98,1.7968749999999998,1.5174278846153846,0.0,12.0,120000.0,20000.0,5.0,1.0,0.0,1
833.0,1129,1.794717887154862,1.515606242496999,0.0,12.0,120000.0,20000.0,9.0,1.0,0.0,3,100,0.0024752475247524753,-4.98,1.794717887154862,1.515606242496999,0.0,12.0,120000.0,20000.0,9.0,1.0,0.0,1
833.0,1135,1.794717887154862,1.515606242496999,0.0,12.0,120000.0,20000.0,9.0,1.0,0.0,3,100,0.0024752475247524753,-4.98,1.794717887154862,1.515606242496999,0.0,12.0,120000.0,20000.0,9.0,1.0,0.0,1
833.0,2493,1.794717887154862,1.515606242496999,0.0,12.0,120000.0,0.0,0.0,0.0,0.0,2,100,0.0024752475247524753,-4.98,1.794717887154862,1.515606242496999,0.0,12.0,120000.0,0.0,0.0,0.0,0.0,1
814.0,690,1.8366093366093368,1.5509828009828008,0.0,25.0,400000.0,20000.0,8.0,2.0,0.0,1,100,0.0024752475247524753,9.62,1.7925659472422064,1.5137889688249402,0.0,25.0,400000.0,20000.0,8.0,1.0,0.0,0
834.0,1589,1.7925659472422064,1.5137889688249402,0.0,12.0,120000.0,20000.0,5.0,1.0,0.0,2,100,0.0024752475247524753,-4.98,1.7925659472422064,1.5137889688249402,0.0,12.0,120000.0,20000.0,5.0,1.0,0.0,1
835.0,697,1.7904191616766467,1.5119760479041917,0.0,25.0,400000.0,20000.0,8.0,1.0,0.0,3,100,0.0024752475247524753,-4.98,1.7904191616766467,1.5119760479041917,0.0,25.0,400000.0,20000.0,8.0,1.0,0.0,1
835.0,1130,1.7904191616766467,1.5119760479041917,0.0,12.0,120000.0,20000.0,9.0,1.0,0.0,3,100,0.0024752475247524753,-4.98,1.7904191616766467,1.5119760479041917,0.0,12.0,120000.0,20000.0,9.0,1.0,0.0,1
835.0,1136,1.7904191616766467,1.5119760479041917,0.0,12.0,120000.0,20000.0,9.0,1.0,0.0,2,100,0.0024752475247524753,-4.98,1.7904191616766467,1.5119760479041917,0.0,12.0,120000.0,20000.0,9.0,1.0,0.0,1
835.0,2494,1.7904191616766467,1.5119760479041917,0.0,12.0,120000.0,0.0,0.0,0.0,0.0,2,100,0.0024752475247524753,-4.98,1.7904191616766467,1.5119760479041917,0.0,12.0,120000.0,0.0,0.0,0.0,0.0,1
837.0,1137,1.7861409796893668,1.5083632019115891,0.0,12.0,120000.0,20000.0,10.0,1.0,0.0,2,100,0.0024752475247524753,-4.98,1.7861409796893668,1.5083632019115891,0.0,12.0,120000.0,20000.0,10.0,1.0,0.0,1
837.0,2495,1.7861409796893668,1.5083632019115891,0.0,12.0,120000.0,0.0,0.0,0.0,0.0,2,100,0.0024752475247524753,-4.98,1.7861409796893668,1.5083632019115891,0.0,12.0,120000.0,0.0,0.0,0.0,0.0,1
838.0,698,1.7840095465393793,1.506563245823389,0.0,25.0,400000.0,20000.0,8.0,1.0,0.0,3,100,0.0024752475247524753,-4.98,1.7840095465393793,1.506563245823389,0.0,25.0,400000.0,20000.0,8.0,1.0,0.0,1
838.0,1591,1.7840095465393793,1.506563245823389,12.5,12.0,120000.0,20000.0,6.0,1.0,0.0,3,100,0.0024752475247524753,-4.98,1.7840095465393793,1.506563245823389,12.5,12.0,120000.0,20000.0,6.0,1.0,0.0,1
839.0,1132,1.7818831942789035,1.5047675804529201,12.5,12.0,120000.0,20000.0,10.0,1.0,0.0,2,100,0.0024752475247524753,-4.98,1.7818831942789035,1.5047675804529201,12.5,12.0,120000.0,20000.0,10.0,1.0,0.0,1
839.0,1138,1.7818831942789035,1.5047675804529201,12.5,12.0,120000.0,20000.0,10.0,1.0,0.0,2,100,0.0024752475247524753,-4.98,1.7818831942789035,1.5047675804529201,12.5,12.0,120000.0,20000.0,10.0,1.0,0.0,1
839.0,2496,1.7818831942789035,1.5047675804529201,0.0,12.0,120000.0,0.0,0.0,0.0,0.0,2,100,0.0024752475247524753,-4.98,1.7818831942789035,1.5047675804529201,0.0,12.0,120000.0,0.0,0.0,0.0,0.0,1
840.0,1592,1.7797619047619049,1.5029761904761907,12.5,12.0,120000.0,20000.0,6.0,1.0,0.0,2,100,0.0024752475247524753,-4.98,1.7797619047619049,1.5029761904761907,12.5,12.0,120000.0,20000.0,6.0,1.0,0.0,1
841.0,699,1.7776456599286565,1.5011890606420926,0.0,25.0,400000.0,20000.0,8.0,0.0,0.0,2,100,0.0024752475247524753,-4.98,1.7776456599286565,1.5011890606420926,0.0,25.0,400000.0,20000.0,8.0,0.0,0.0,1
841.0,1133,1.7776456599286565,1.5011890606420926,12.5,12.0,120000.0,20000.0,10.0,1.0,0.0,2,100,0.0024752475247524753,-4.98,1.7776456599286565,1.5011890606420926,12.5,12.0,120000.0,20000.0,10.0,1.0,0.0,1
841.0,1139,1.7776456599286565,1.5011890606420926,12.5,12.0,120000.0,20000.0,10.0,1.0,0.0,2,100,0.0024752475247524753,-4.98,1.7776456599286565,1.5011890606420926,12.5,12.0,120000.0,20000.0,10.0,1.0,0.0,1
841.0,2497,1.7776456599286565,1.5011890606420926,0.0,12.0,120000.0,0.0,0.0,0.0,0.0,2,100,0.0024752475247524753,-4.98,1.7776456599286565,1.5011890606420926,0.0,12.0,120000.0,0.0,0.0,0.0,0.0,1
836.0,1590,1.7882775119617227,1.5101674641148326,0.0,12.0,120000.0,20000.0,5.0,1.0,0.0,1,50,0.0024752475247524753,9.77,1.7755344418052255,1.4994061757719717,0.0,12.0,120000.0,20000.0,6.0,1.0,0.0,0
837.0,1131,1.7861409796893668,1.5083632019115891,0.0,12.0,120000.0,20000.0,9.0,1.0,0.0,1,50,0.0024752475247524753,9.77,1.7734282325029656,1.5000988533017003,0.0,12.0,120000.0,20000.0,10.0,1.0,0.0,0
843.0,1140,1.7734282325029656,1.5000988533017003,0.0,12.0,120000.0,20000.0,10.0,1.0,0.0,3,100,0.0024752475247524753,-4.98,1.7734282325029656,1.5000988533017003,0.0,12.0,120000.0,20000.0,10.0,1.0,0.0,1
843.0,2498,1.7734282325029656,1.5000988533017003,0.0,12.0,120000.0,0.0,0.0,0.0,0.0,3,100,0.0024752475247524753,-4.98,1.7734282325029656,1.5000988533017003,0.0,12.0,120000.0,0.0,0.0,0.0,0.0,1
844.0,700,1.7713270142180093,1.5007898894154819,0.0,25.0,400000.0,20000.0,8.0,0.0,0.0,3,100,0.0024752475247524753,-4.98,1.7713270142180093,1.5007898894154819,0.0,25.0,400000.0,20000.0,8.0,0.0,0.0,1
844.0,1594,1.7713270142180093,1.5007898894154819,12.5,12.0,120000.0,20000.0,6.0,1.0,0.0,3,100,0.0024752475247524753,-4.98,1.7713270142180093,1.5007898894154819,12.5,12.0,120000.0,20000.0,6.0,1.0,0.0,1
294.0,94,2.1768707482993195,1.8388605442176873,0.0,8.0,80000.0,0.0,0.0,1.0,0.501,2,100,0.0024752475247524753,-3.98,1.7706277141729176,1.5001973943939992,0.0,8.0,80000.0,0.0,0.0,2.0,0.0,1
845.0,1141,1.7692307692307692,1.4990138067061143,12.5,12.0,120000.0,20000.0,10.0,1.0,0.0,3,100,0.0024752475247524753,-4.98,1.7692307692307692,1.4990138067061143,12.5,12.0,120000.0,20000.0,10.0,1.0,0.0,1
845.0,2499,1.7692307692307692,1.4990138067061143,0.0,12.0,120000.0,0.0,0.0,0.0,0.0,3,100,0.0024752475247524753,-4.98,1.7692307692307692,1.4990138067061143,0.0,12.0,120000.0,0.0,0.0,0.0,0.0,1
296.0,95,2.195945945945946,1.875703828828829,0.0,8.0,80000.0,0.0,0.0,1.0,0.5,2,100,0.0024752475247524753,-3.98,1.7685121812220812,1.4984049695973038,0.0,8.0,80000.0,0.0,0.0,2.0,0.0,1
846.0,1595,1.7671394799054374,1.4972419227738376,12.5,12.0,120000.0,20000.0,6.0,1.0,0.0,3,100,0.0024752475247524753,-4.98,1.7671394799054374,1.4972419227738376,12.5,12.0,120000.0,20000.0,6.0,1.0,0.0,1
847.0,701,1.7650531286894922,1.49547422274695,0.0,25.0,400000.0,20000.0,8.0,0.0,0.0,2,100,0.0024752475247524753,-4.98,1.7650531286894922,1.49547422274695,0.0,25.0,400000.0,20000.0,8.0,0.0,0.0,1
847.0,1142,1.7650531286894922,1.49547422274695,12.5,12.0,120000.0,20000.0,10.0,1.0,0.0,2,100,0.0024752475247524753,-4.98,1.7650531286894922,1.49547422274695,12.5,12.0,120000.0,20000.0,10.0,1.0,0.0,1
847.0,2500,1.7650531286894922,1.49547422274695,0.0,12.0,120000.0,0.0,0.0,0.0,0.0,3,100,0.0024752475247524753,-4.98,1.7650531286894922,1.49547422274695,0.0,12.0,120000.0,0.0,0.0,0.0,0.0,1
848.0,1596,1.7629716981132075,1.4937106918238994,12.5,12.0,120000.0,20000.0,6.0,1.0,0.0,3,100,0.0024752475247524753,-4.98,1.7629716981132075,1.4937106918238994,12.5,12.0,120000.0,20000.0,6.0,1.0,0.0,1
842.0,1593,1.7755344418052255,1.4994061757719717,0.0,12.0,120000.0,20000.0,5.0,1.0,0.0,0,0,0.0024752475247524753,9.749582916666668,1.7629508878085058,1.4936930599046425,0.0,12.0,120000.0,20000.0,5.0,1.0,0.0,0
849.0,2501,1.7608951707891638,1.49195131527287,0.0,12.0,120000.0,0.0,0.0,0.0,0.0,3,100,0.0024752475247524753,-4.98,1.7608951707891638,1.49195131527287,0.0,12.0,120000.0,0.0,0.0,0.0,0.0,1
843.0,1134,1.7734282325029656,1.5000988533017003,0.0,12.0,120000.0,20000.0,9.0,1.0,0.0,0,0,0.0024752475247524753,9.749332916666669,1.7608744094783995,1.4919337248646418,12.5,12.0,120000.0,20000.0,10.0,1.0,0.0,0
850.0,702,1.7588235294117647,1.4901960784313726,0.0,25.0,400000.0,20000.0,8.0,0.0,0.0,3,100,0.0024752475247524753,-4.98,1.7588235294117647,1.4901960784313726,0.0,25.0,400000.0,20000.0,8.0,0.0,0.0,1
850.0,1597,1.7588235294117647,1.4901960784313726,0.0,12.0,120000.0,20000.0,5.0,1.0,0.0,3,100,0.0024752475247524753,-4.98,1.7588235294117647,1.4901960784313726,0.0,12.0,120000.0,20000.0,5.0,1.0,0.0,1
851.0,1144,1.7567567567567568,1.4884449667058364,12.5,12.0,120000.0,20000.0,10.0,1.0,0.0,2,100,0.0024752475247524753,-4.98,1.7567567567567568,1.4884449667058364,12.5,12.0,120000.0,20000.0,10.0,1.0,0.0,1
851.0,2502,1.7567567567567568,1.4884449667058364,0.0,12.0,120000.0,0.0,0.0,0.0,0.0,2,100,0.0024752475247524753,-4.98,1.7567567567567568,1.4884449667058364,0.0,12.0,120000.0,0.0,0.0,0.0,0.0,1
852.0,1598,1.754694835680751,1.486697965571205,0.0,12.0,120000.0,20000.0,5.0,1.0,0.0,2,100,0.0024752475247524753,-4.98,1.754694835680751,1.486697965571205,0.0,12.0,120000.0,20000.0,5.0,1.0,0.0,1
853.0,703,1.7526377491207505,1.4849550605705353,0.0,25.0,400000.0,20000.0,8.0,0.0,0.0,2,62,0.0024752475247524753,-4.98,1.7526377491207505,1.4849550605705353,0.0,25.0,400000.0,20000.0,8.0,0.0,0.0,1
853.0,1145,1.7526377491207505,1.4849550605705353,12.5,12.0,120000.0,20000.0,10.0,1.0,0.0,2,62,0.0024752475247524753,-4.98,1.7526377491207505,1.4849550605705353,12.5,12.0,120000.0,20000.0,10.0,1.0,0.0,1
853.0,2035,1.7526377491207505,1.4849550605705353,0.0,12.0,120000.0,0.0,0.0,1.0,0.0,1,80,0.0024752475247524753,-4.98,1.7526377491207505,1.4849550605705353,0.0,12.0,120000.0,0.0,0.0,1.0,0.0,1
853.0,2503,1.7526377491207505,1.4849550605705353,0.0,12.0,120000.0,0.0,0.0,0.0,0.0,2,80,0.0024752475247524753,-4.98,1.7526377491207505,1.4849550605705353,0.0,12.0,120000.0,0.0,0.0,0.0,0.0,1
854.0,1599,1.7505854800936769,1.4832162373145978,0.0,12.0,120000.0,20000.0,5.0,1.0,0.0,2,71,0.0024752475247524753,-4.98,1.7505854800936769,1.4832162373145978,0.0,12.0,120000.0,20000.0,5.0,1.0,0.0,1
855.0,1146,1.7485380116959066,1.4814814814814814,12.5,12.0,120000.0,20000.0,10.0,1.0,0.0,2,71,0.0024752475247524753,-4.98,1.7485380116959066,1.4814814814814814,12.5,12.0,120000.0,20000.0,10.0,1.0,0.0,1
855.0,2036,1.7485380116959066,1.4814814814814814,0.0,12.0,120000.0,0.0,0.0,1.0,0.0,1,100,0.0024752475247524753,-4.98,1.7485380116959066,1.4814814814814814,0.0,12.0,120000.0,0.0,0.0,1.0,0.0,1
855.0,2504,1.7485380116959066,1.4814814814814814,0.0,12.0,120000.0,0.0,0.0,0.0,0.0,3,100,0.0024752475247524753,-4.98,1.7485380116959066,1.4814814814814814,0.0,12.0,120000.0,0.0,0.0,0.0,0.0,1
849.0,1143,1.7608951707891638,1.49195131527287,12.5,12.0,120000.0,20000.0,10.0,1.0,0.0,0,0,0.0024752475247524753,9.749582916666668,1.7485175407478564,1.4814641370884847,0.0,12.0,120000.0,20000.0,9.0,1.0,0.0,0
856.0,704,1.7464953271028039,1.4797507788161994,0.0,25.0,400000.0,20000.0,8.0,0.0,0.0,2,100,0.0024752475247524753,-4.98,1.7464953271028039,1.4797507788161994,0.0,25.0,400000.0,20000.0,8.0,0.0,0.0,1
857.0,2037,1.7444574095682615,1.4780241151302995,0.0,12.0,120000.0,0.0,0.0,1.0,0.0,3,100,0.0024752475247524753,-4.98,1.7444574095682615,1.4780241151302995,0.0,12.0,120000.0,0.0,0.0,1.0,0.0,1
857.0,2505,1.7444574095682615,1.4780241151302995,0.0,12.0,120000.0,0.0,0.0,0.0,0.0,3,100,0.0024752475247524753,-4.98,1.7444574095682615,1.4780241151302995,0.0,12.0,120000.0,0.0,0.0,0.0,0.0,1
858.0,1601,1.7424242424242427,1.4763014763014763,12.5,12.0,120000.0,20000.0,6.0,0.0,0.0,3,100,0.0024752475247524753,-4.98,1.7424242424242427,1.4763014763014763,12.5,12.0,120000.0,20000.0,6.0,0.0,0.0,1
859.0,705,1.7403958090803258,1.474582848273186,0.0,25.0,400000.0,20000.0,8.0,0.0,0.0,3,100,0.0024752475247524753,-4.98,1.7403958090803258,1.474582848273186,0.0,25.0,400000.0,20000.0,9.0,0.0,0.0,1
859.0,1148,1.7403958090803258,1.474582848273186,12.5,12.0,120000.0,20000.0,10.0,1.0,0.0,3,100,0.0024752475247524753,-4.98,1.7403958090803258,1.474582848273186,12.5,12.0,120000.0,20000.0,10.0,1.0,0.0,1
859.0,2038,1.7403958090803258,1.474582848273186,0.0,12.0,120000.0,0.0,0.0,1.0,0.0,1,100,0.0024752475247524753,-4.98,1.7403958090803258,1.474582848273186,0.0,12.0,120000.0,0.0,0.0,1.0,0.0,1
859.0,2506,1.7403958090803258,1.474582848273186,0.0,12.0,120000.0,0.0,0.0,0.0,0.0,2,100,0.0024752475247524753,-4.98,1.7403958090803258,1.474582848273186,0.0,12.0,120000.0,0.0,0.0,0.0,0.0,1
860.0,1602,1.738372093023256,1.4728682170542635,12.5,12.0,120000.0,20000.0,6.0,0.0,0.0,3,88,0.0024752475247524753,-4.98,1.738372093023256,1.4728682170542635,12.5,12.0,120000.0,20000.0,6.0,0.0,0.0,1
861.0,1149,1.7363530778164924,1.4711575687185445,12.5,12.0,120000.0,20000.0,10.0,1.0,0.0,3,88,0.0024752475247524753,-4.98,1.7363530778164924,1.4711575687185445,12.5,12.0,120000.0,20000.0,10.0,1.0,0.0,1
861.0,2039,1.7363530778164924,1.4711575687185445,0.0,12.0,120000.0,0.0,0.0,1.0,0.0,2,100,0.0024752475247524753,-4.98,1.7363530778164924,1.4711575687185445,0.0,12.0,120000.0,0.0,0.0,1.0,0.0,1
861.0,2507,1.7363530778164924,1.4711575687185445,0.0,12.0,120000.0,0.0,0.0,0.0,0.0,2,100,0.0024752475247524753,-4.98,1.7363530778164924,1.4711575687185445,0.0,12.0,120000.0,0.0,0.0,0.0,0.0,1
856.0,1600,1.7464953271028039,1.4797507788161994,0.0,12.0,120000.0,20000.0,5.0,1.0,0.0,1,56,0.0024752475247524753,9.77,1.734338747099768,1.4694508894044858,0.0,12.0,120000.0,20000.0,5.0,0.0,0.0,0
862.0,706,1.734338747099768,1.4694508894044858,12.5,25.0,400000.0,20000.0,9.0,0.0,0.0,2,100,0.0024752475247524753,-4.98,1.734338747099768,1.4694508894044858,12.5,25.0,400000.0,20000.0,9.0,0.0,0.0,1
862.0,711,1.734338747099768,1.4694508894044858,12.5,25.0,400000.0,20000.0,9.0,0.0,0.0,2,100,0.0024752475247524753,-4.98,1.734338747099768,1.4694508894044858,12.5,25.0,400000.0,20000.0,9.0,0.0,0.0,1
862.0,1603,1.734338747099768,1.4694508894044858,0.0,12.0,120000.0,20000.0,5.0,0.0,0.0,2,100,0.0024752475247524753,-4.98,1.734338747099768,1.4694508894044858,0.0,12.0,120000.0,20000.0,5.0,0.0,0.0,1
857.0,1147,1.7444574095682615,1.4780241151302995,0.0,12.0,120000.0,20000.0,9.0,1.0,0.0,1,56,0.0024752475247524753,9.77,1.7323290845886443,1.4677481653147935,0.0,12.0,120000.0,20000.0,9.0,1.0,0.0,0
863.0,1150,1.7323290845886443,1.4677481653147935,0.0,12.0,120000.0,20000.0,9.0,1.0,0.0,2,100,0.0024752475247524753,-4.98,1.7323290845886443,1.4677481653147935,0.0,12.0,120000.0,20000.0,9.0,1.0,0.0,1
863.0,2040,1.7323290845886443,1.4677481653147935,0.0,12.0,120000.0,0.0,0.0,1.0,0.0,3,71,0.0024752475247524753,-4.98,1.7323290845886443,1.4677481653147935,0.0,12.0,120000.0,0.0,0.0,1.0,0.0,1
863.0,2508,1.7323290845886443,1.4677481653147935,0.0,12.0,120000.0,0.0,0.0,0.0,0.0,3,71,0.0024752475247524753,-4.98,1.7323290845886443,1.4677481653147935,0.0,12.0,120000.0,0.0,0.0,0.0,0.0,1
864.0,1604,1.730324074074074,1.4660493827160495,0.0,12.0,120000.0,20000.0,5.0,0.0,0.0,3,100,0.0024752475247524753,-4.98,1.730324074074074,1.4660493827160495,0.0,12.0,120000.0,20000.0,5.0,0.0,0.0,1
865.0,707,1.728323699421965,1.464354527938343,12.5,25.0,400000.0,20000.0,9.0,0.0,0.0,3,100,0.0024752475247524753,-4.98,1.728323699421965,1.464354527938343,12.5,25.0,400000.0,20000.0,9.0,0.0,0.0,1
865.0,712,1.728323699421965,1.464354527938343,12.5,25.0,400000.0,20000.0,9.0,0.0,0.0,3,100,0.0024752475247524753,-4.98,1.728323699421965,1.464354527938343,12.5,25.0,400000.0,20000.0,9.0,0.0,0.0,1
865.0,1151,1.728323699421965,1.464354527938343,0.0,12.0,120000.0,20000.0,9.0,1.0,0.0,3,100,0.0024752475247524753,-4.98,1.728323699421965,1.464354527938343,0.0,12.0,120000.0,20000.0,9.0,1.0,0.0,1
865.0,2041,1.728323699421965,1.464354527938343,0.0,12.0,120000.0,0.0,0.0,1.0,0.0,1,100,0.0024752475247524753,-4.98,1.728323699421965,1.464354527938343,0.0,12.0,120000.0,0.0,0.0,1.0,0.0,1
865.0,2509,1.728323699421965,1.464354527938343,0.0,12.0,120000.0,0.0,0.0,0.0,0.0,3,100,0.0024752475247524753,-4.98,1.728323699421965,1.464354527938343,0.0,12.0,120000.0,0.0,0.0,0.0,0.0,1
866.0,1605,1.7263279445727482,1.4626635873749037,0.0,12.0,120000.0,20000.0,5.0,0.0,0.0,3,100,0.0024752475247524753,-4.98,1.7263279445727482,1.4626635873749037,0.0,12.0,120000.0,20000.0,5.0,0.0,0.0,1
867.0,2042,1.7243367935409457,1.4609765474817378,0.0,12.0,120000.0,0.0,0.0,1.0,0.0,3,100,0.0024752475247524753,-4.98,1.7243367935409457,1.4609765474817378,0.0,12.0,120000.0,0.0,0.0,1.0,0.0,1
868.0,708,1.7223502304147467,1.4592933947772657,12.5,25.0,400000.0,20000.0,9.0,0.0,0.0,2,8,0.0024752475247524753,-4.98,1.7223502304147467,1.4592933947772657,12.5,25.0,400000.0,20000.0,9.0,0.0,0.0,1
868.0,713,1.7223502304147467,1.4592933947772657,12.5,25.0,400000.0,20000.0,9.0,0.0,0.0,2,100,0.0024752475247524753,-4.98,1.7223502304147467,1.4592933947772657,12.5,25.0,400000.0,20000.0,9.0,0.0,0.0,1
868.0,1606,1.7223502304147467,1.4592933947772657,0.0,12.0,120000.0,20000.0,5.0,0.0,0.0,2,100,0.0024752475247524753,-4.98,1.7223502304147467,1.4592933947772657,0.0,12.0,120000.0,20000.0,5.0,0.0,0.0,1
