time,task_id,s0,s1,s2,s3,s4,s5,s6,s7,s8,action_offload,action_prb,action_prob,reward,s_next0,s_next1,s_next2,s_next3,s_next4,s_next5,s_next6,s_next7,s_next8,done
37.0,5220,0.0,0.0,0.0,12.0,120000.0,20000.0,1.0,6.0,1.0,2,100,0.0024752475247524753,9.902333333333333,0.0,0.07621951219512195,12.5,12.0,120000.0,20000.0,2.0,6.0,0.98,0
40.0,1350,0.0,0.078125,0.0,8.0,80000.0,0.0,0.0,6.0,0.99,1,100,0.0024752475247524753,9.814,0.0,0.07102272727272728,0.0,8.0,80000.0,0.0,0.0,6.0,0.88,0
41.0,7920,0.0,0.07621951219512195,0.0,12.0,120000.0,20000.0,1.0,5.0,0.98,1,100,0.0024752475247524753,9.895833333333334,0.0,0.1388888888888889,0.0,12.0,120000.0,20000.0,1.0,5.0,0.85,0
39.0,5221,0.0,0.08012820512820512,0.0,12.0,120000.0,20000.0,1.0,6.0,0.99,0,0,0.0024752475247524753,9.7925,0.0,0.1388888888888889,0.0,12.0,120000.0,20000.0,1.0,6.0,0.85,0
39.0,7020,0.0,0.08012820512820512,0.0,12.0,120000.0,20000.0,1.0,5.0,0.99,0,0,0.0024752475247524753,9.7925,0.0,0.1388888888888889,0.0,12.0,120000.0,20000.0,2.0,5.0,0.85,0
42.0,1351,0.0,0.0744047619047619,0.0,8.0,80000.0,0.0,0.0,6.0,0.95,1,100,0.0024752475247524753,9.80975,0.10869565217391304,0.1358695652173913,0.0,8.0,80000.0,0.0,0.0,6.0,0.8,0
41.0,7021,0.0,0.07621951219512195,12.5,12.0,120000.0,20000.0,2.0,5.0,0.98,3,100,0.0024752475247524753,9.8065,0.2127659574468085,0.19946808510638298,12.5,12.0,120000.0,20000.0,2.0,5.0,0.73,0
43.0,7022,0.0,0.07267441860465117,12.5,12.0,120000.0,20000.0,2.0,5.0,0.94,1,100,0.0024752475247524753,9.890333333333334,0.2127659574468085,0.19946808510638298,12.5,12.0,120000.0,20000.0,2.0,5.0,0.74,0
41.0,5670,0.0,0.07621951219512195,0.0,12.0,120000.0,20000.0,1.0,2.0,0.98,0,0,0.0024752475247524753,9.787,0.2127659574468085,0.19946808510638298,0.0,12.0,120000.0,20000.0,1.0,2.0,0.74,0
43.0,5223,0.0,0.07267441860465117,12.5,12.0,120000.0,20000.0,2.0,7.0,0.94,1,100,0.0024752475247524753,9.846166666666665,0.20833333333333334,0.26041666666666663,0.0,12.0,120000.0,20000.0,1.0,6.0,0.69,0
43.0,5671,0.0,0.07267441860465117,12.5,12.0,120000.0,20000.0,2.0,2.0,0.94,2,100,0.0024752475247524753,9.846666666666666,0.20833333333333334,0.26041666666666663,0.0,12.0,120000.0,20000.0,1.0,2.0,0.7,0
41.0,5222,0.0,0.07621951219512195,12.5,12.0,120000.0,20000.0,2.0,6.0,0.98,3,100,0.0024752475247524753,9.719666666666665,0.20408163265306123,0.31887755102040816,0.0,12.0,120000.0,20000.0,1.0,6.0,0.66,0
44.0,1352,0.0,0.07102272727272728,0.0,8.0,80000.0,0.0,0.0,6.0,0.88,1,67,0.0024752475247524753,9.741,0.20408163265306123,0.31887755102040816,0.0,8.0,80000.0,0.0,0.0,6.0,0.67,0
43.0,7470,0.0,0.07267441860465117,0.0,12.0,120000.0,20000.0,1.0,2.0,0.94,0,0,0.0024752475247524753,9.7835,0.20408163265306123,0.31887755102040816,0.0,12.0,120000.0,20000.0,1.0,2.0,0.67,0
45.0,5224,0.0,0.1388888888888889,0.0,12.0,120000.0,20000.0,1.0,6.0,0.85,3,100,0.0024752475247524753,9.841166666666666,0.3,0.375,0.0,12.0,120000.0,20000.0,1.0,6.0,0.59,0
46.0,11971,0.10869565217391304,0.1358695652173913,0.0,12.0,120000.0,0.0,0.0,1.0,0.8,2,100,0.0024752475247524753,9.838166666666666,0.49019607843137253,0.4901960784313726,0.0,12.0,120000.0,0.0,0.0,1.0,0.53,0
45.0,7922,0.0,0.1388888888888889,0.0,12.0,120000.0,20000.0,1.0,5.0,0.85,2,100,0.0024752475247524753,9.796999999999999,0.49019607843137253,0.4901960784313726,0.0,12.0,120000.0,20000.0,1.0,5.0,0.54,0
44.0,11970,0.0,0.07102272727272728,0.0,12.0,120000.0,0.0,0.0,0.0,0.88,3,100,0.0024752475247524753,9.755833333333333,0.49019607843137253,0.4901960784313726,0.0,12.0,120000.0,0.0,0.0,1.0,0.55,0
45.0,7023,0.0,0.1388888888888889,0.0,12.0,120000.0,20000.0,1.0,5.0,0.85,0,0,0.0024752475247524753,9.773582916666665,0.49009988431682333,0.4900998843168233,0.0,12.0,120000.0,20000.0,1.0,4.0,0.48,0
47.0,5225,0.2127659574468085,0.19946808510638298,0.0,12.0,120000.0,20000.0,1.0,6.0,0.74,1,100,0.0024752475247524753,9.835166666666666,0.576923076923077,0.5408653846153846,12.5,12.0,120000.0,20000.0,2.0,6.0,0.47,0
47.0,7024,0.2127659574468085,0.19946808510638298,12.5,12.0,120000.0,20000.0,2.0,5.0,0.74,2,100,0.0024752475247524753,9.835666666666665,0.576923076923077,0.5408653846153846,0.0,12.0,120000.0,20000.0,1.0,4.0,0.48,0
48.0,1354,0.20833333333333334,0.26041666666666663,0.0,8.0,80000.0,0.0,0.0,6.0,0.7,1,100,0.0024752475247524753,9.7945,0.576923076923077,0.5408653846153846,0.0,8.0,80000.0,0.0,0.0,6.0,0.49,0
46.0,8821,0.10869565217391304,0.1358695652173913,0.0,12.0,120000.0,0.0,0.0,2.0,0.8,3,100,0.0024752475247524753,9.748833333333334,0.5660377358490566,0.6485849056603774,0.0,12.0,120000.0,0.0,0.0,2.0,0.41,0
44.0,8820,0.0,0.07102272727272728,0.0,12.0,120000.0,0.0,0.0,2.0,0.88,1,67,0.0024752475247524753,9.666,0.5660377358490566,0.6485849056603774,0.0,12.0,120000.0,0.0,0.0,2.0,0.42,0
45.0,7471,0.0,0.1388888888888889,12.5,12.0,120000.0,20000.0,2.0,2.0,0.85,1,100,0.0024752475247524753,9.707916666666666,0.5660377358490566,0.6485849056603774,0.0,12.0,120000.0,20000.0,2.0,2.0,0.43,0
47.0,7472,0.2127659574468085,0.19946808510638298,12.5,12.0,120000.0,20000.0,2.0,2.0,0.74,2,100,0.0024752475247524753,9.792,0.5660377358490566,0.6485849056603774,0.0,12.0,120000.0,20000.0,2.0,2.0,0.44,0
49.0,7924,0.20408163265306123,0.31887755102040816,0.0,12.0,120000.0,20000.0,1.0,5.0,0.67,1,100,0.0024752475247524753,9.828666666666665,0.7407407407407408,0.8101851851851851,12.5,12.0,120000.0,20000.0,2.0,5.0,0.34,0
47.0,5673,0.2127659574468085,0.19946808510638298,0.0,12.0,120000.0,20000.0,1.0,2.0,0.74,2,100,0.0024752475247524753,9.745833333333334,0.7407407407407408,0.8101851851851851,12.5,12.0,120000.0,20000.0,2.0,2.0,0.35,0
49.0,2250,0.20408163265306123,0.31887755102040816,0.0,8.0,80000.0,0.0,0.0,5.0,0.67,1,100,0.0024752475247524753,9.7255,0.7407407407407408,0.8101851851851851,0.0,8.0,80000.0,0.0,0.0,5.0,0.36,0
49.0,5226,0.20408163265306123,0.31887755102040816,0.0,12.0,120000.0,20000.0,1.0,6.0,0.67,3,100,0.0024752475247524753,9.830166666666665,0.7407407407407408,0.8101851851851851,25.0,12.0,120000.0,20000.0,3.0,6.0,0.37,0
43.0,7921,0.0,0.07267441860465117,0.0,12.0,120000.0,20000.0,1.0,5.0,0.94,1,13,0.0024752475247524753,9.53575,0.8181818181818182,0.7954545454545455,12.5,12.0,120000.0,20000.0,2.0,4.0,0.32,0
49.0,7025,0.20408163265306123,0.31887755102040816,12.5,12.0,120000.0,20000.0,2.0,4.0,0.67,2,100,0.0024752475247524753,9.7865,0.8181818181818182,0.7954545454545455,0.0,12.0,120000.0,20000.0,1.0,4.0,0.33,0
49.0,7473,0.20408163265306123,0.31887755102040816,0.0,12.0,120000.0,20000.0,1.0,2.0,0.67,2,100,0.0024752475247524753,9.786999999999999,0.8181818181818182,0.7954545454545455,0.0,12.0,120000.0,20000.0,2.0,3.0,0.34,0
49.0,5674,0.20408163265306123,0.31887755102040816,0.0,12.0,120000.0,20000.0,1.0,2.0,0.67,0,0,0.0024752475247524753,9.767,0.8181818181818182,0.7954545454545455,0.0,12.0,120000.0,20000.0,1.0,2.0,0.34,0
45.0,5672,0.0,0.1388888888888889,12.5,12.0,120000.0,20000.0,2.0,2.0,0.85,3,100,0.0024752475247524753,9.572166666666666,0.9821428571428571,0.8370535714285714,0.0,12.0,120000.0,20000.0,1.0,2.0,0.21,0
47.0,7923,0.2127659574468085,0.19946808510638298,0.0,12.0,120000.0,20000.0,1.0,5.0,0.74,3,100,0.0024752475247524753,9.655999999999999,0.9821428571428571,0.8370535714285714,12.5,12.0,120000.0,20000.0,2.0,4.0,0.22,0
52.0,11974,0.576923076923077,0.5408653846153846,0.0,12.0,120000.0,0.0,0.0,1.0,0.49,2,100,0.0024752475247524753,9.864833333333333,0.9821428571428571,0.8370535714285714,0.0,12.0,120000.0,0.0,0.0,1.0,0.23,0
51.0,7026,0.49019607843137253,0.4901960784313726,12.5,12.0,120000.0,20000.0,2.0,4.0,0.55,2,100,0.0024752475247524753,9.823666666666666,0.9821428571428571,0.8370535714285714,0.0,12.0,120000.0,20000.0,2.0,4.0,0.24,0
51.0,5675,0.49019607843137253,0.4901960784313726,12.5,12.0,120000.0,20000.0,2.0,2.0,0.55,3,100,0.0024752475247524753,9.824166666666665,0.9821428571428571,0.8370535714285714,0.0,12.0,120000.0,20000.0,1.0,2.0,0.25,0
50.0,8823,0.3,0.375,0.0,12.0,120000.0,0.0,0.0,2.0,0.59,3,100,0.0024752475247524753,9.737333333333334,0.9649122807017544,0.8771929824561403,0.0,12.0,120000.0,0.0,0.0,2.0,0.18,0
48.0,8822,0.20833333333333334,0.26041666666666663,0.0,12.0,120000.0,0.0,0.0,2.0,0.7,1,100,0.0024752475247524753,9.654499999999999,0.9649122807017544,0.8771929824561403,0.0,12.0,120000.0,0.0,0.0,2.0,0.19,0
50.0,11973,0.3,0.375,0.0,12.0,120000.0,0.0,0.0,1.0,0.59,3,100,0.0024752475247524753,9.738333333333333,0.9649122807017544,0.8771929824561403,0.0,12.0,120000.0,0.0,0.0,0.0,0.2,0
52.0,8824,0.576923076923077,0.5408653846153846,0.0,12.0,120000.0,0.0,0.0,2.0,0.49,2,100,0.0024752475247524753,9.822166666666666,0.9649122807017544,0.8771929824561403,0.0,12.0,120000.0,0.0,0.0,2.0,0.21,0
48.0,11972,0.20833333333333334,0.26041666666666663,0.0,12.0,120000.0,0.0,0.0,1.0,0.7,1,100,0.0024752475247524753,9.65575,0.9649122807017544,0.8771929824561403,0.0,12.0,120000.0,0.0,0.0,0.0,0.22,0
51.0,5227,0.49019607843137253,0.4901960784313726,0.0,12.0,120000.0,20000.0,1.0,6.0,0.55,0,0,0.0024752475247524753,9.76075,0.9649122807017544,0.8771929824561403,12.5,12.0,120000.0,20000.0,2.0,6.0,0.22,0
51.0,7925,0.49019607843137253,0.4901960784313726,0.0,12.0,120000.0,20000.0,1.0,5.0,0.55,0,0,0.0024752475247524753,9.761,0.9649122807017544,0.8771929824561403,0.0,12.0,120000.0,20000.0,1.0,4.0,0.22,0
52.0,1356,0.576923076923077,0.5408653846153846,0.0,8.0,80000.0,0.0,0.0,6.0,0.49,1,100,0.0024752475247524753,9.6525,1.0344827586206897,0.9698275862068966,0.0,8.0,80000.0,0.0,0.0,6.0,0.15,0
53.0,5676,0.5660377358490566,0.6485849056603774,12.5,12.0,120000.0,20000.0,2.0,2.0,0.44,2,100,0.0024752475247524753,9.819666666666665,1.0344827586206897,0.9698275862068966,0.0,12.0,120000.0,20000.0,1.0,2.0,0.16,0
53.0,7475,0.5660377358490566,0.6485849056603774,0.0,12.0,120000.0,20000.0,2.0,2.0,0.44,3,100,0.0024752475247524753,9.820166666666665,1.0344827586206897,0.9698275862068966,12.5,12.0,120000.0,20000.0,3.0,5.0,0.17,0
51.0,7474,0.49019607843137253,0.4901960784313726,0.0,12.0,120000.0,20000.0,2.0,2.0,0.55,2,100,0.0024752475247524753,9.691666666666666,1.1016949152542372,0.9533898305084747,12.5,12.0,120000.0,20000.0,3.0,5.0,0.1,0
55.0,5677,0.8181818181818182,0.7954545454545455,0.0,12.0,120000.0,20000.0,1.0,2.0,0.34,2,100,0.0024752475247524753,9.858833333333333,1.1016949152542372,0.9533898305084747,0.0,12.0,120000.0,20000.0,1.0,2.0,0.11,0
55.0,7028,0.8181818181818182,0.7954545454545455,0.0,12.0,120000.0,20000.0,2.0,4.0,0.34,1,100,0.0024752475247524753,-5.1466666666666665,1.1016949152542372,0.9533898305084747,12.5,12.0,120000.0,20000.0,3.0,5.0,0.0,1
53.0,5228,0.5660377358490566,0.6485849056603774,12.5,12.0,120000.0,20000.0,2.0,6.0,0.44,0,0,0.0024752475247524753,9.749582916666666,1.101508032281303,0.9532281048588198,0.0,12.0,120000.0,20000.0,1.0,7.0,0.0,0
53.0,7926,0.5660377358490566,0.6485849056603774,12.5,12.0,120000.0,20000.0,2.0,5.0,0.44,3,100,0.0024752475247524753,-5.270000416666667,1.2508336806481521,0.9381252604861141,0.0,12.0,120000.0,20000.0,1.0,3.0,0.0,1
55.0,5229,0.8181818181818182,0.7954545454545455,25.0,12.0,120000.0,20000.0,3.0,6.0,0.34,3,100,0.0024752475247524753,-5.181667083333332,1.2508336806481521,0.9381252604861141,0.0,12.0,120000.0,20000.0,1.0,7.0,0.0,1
53.0,7027,0.5660377358490566,0.6485849056603774,0.0,12.0,120000.0,20000.0,1.0,4.0,0.44,3,100,0.0024752475247524753,9.728833333333334,1.25,0.9895833333333334,12.5,12.0,120000.0,20000.0,3.0,5.0,0.01,0
56.0,11976,0.9821428571428571,0.8370535714285714,0.0,12.0,120000.0,0.0,0.0,1.0,0.25,2,100,0.0024752475247524753,9.854333333333333,1.25,0.9895833333333334,0.0,12.0,120000.0,0.0,0.0,0.0,0.02,0
60.0,8828,1.25,0.9895833333333334,0.0,12.0,120000.0,0.0,0.0,2.0,0.02,1,100,0.0024752475247524753,-4.98,1.25,0.9895833333333334,0.0,12.0,120000.0,0.0,0.0,2.0,0.0,1
60.0,9721,1.25,0.9895833333333334,0.0,12.0,120000.0,0.0,0.0,2.0,0.02,3,100,0.0024752475247524753,-4.98,1.25,0.9895833333333334,0.0,12.0,120000.0,0.0,0.0,2.0,0.0,1
60.0,11978,1.25,0.9895833333333334,0.0,12.0,120000.0,0.0,0.0,0.0,0.02,3,100,0.0024752475247524753,-4.98,1.25,0.9895833333333334,0.0,12.0,120000.0,0.0,0.0,0.0,0.0,1
55.0,7927,0.8181818181818182,0.7954545454545455,12.5,12.0,120000.0,20000.0,2.0,4.0,0.34,2,100,0.0024752475247524753,-5.188333333333334,1.25,0.9895833333333334,0.0,12.0,120000.0,20000.0,1.0,3.0,0.0,1
57.0,7928,0.9649122807017544,0.8771929824561403,0.0,12.0,120000.0,20000.0,1.0,4.0,0.22,1,100,0.0024752475247524753,-5.105,1.25,0.9895833333333334,0.0,12.0,120000.0,20000.0,1.0,3.0,0.0,1
56.0,8826,0.9821428571428571,0.8370535714285714,0.0,12.0,120000.0,0.0,0.0,2.0,0.25,2,100,0.0024752475247524753,-5.14708375,1.2497914931192313,0.9894182653860579,0.0,12.0,120000.0,0.0,0.0,2.0,0.0,1
55.0,7476,0.8181818181818182,0.7954545454545455,0.0,12.0,120000.0,20000.0,2.0,3.0,0.34,0,0,0.0024752475247524753,9.75,1.2295081967213115,1.0587431693989071,0.0,12.0,120000.0,20000.0,4.0,5.0,0.0,0
61.0,2256,1.2295081967213115,1.0587431693989071,0.0,8.0,80000.0,0.0,0.0,5.0,0.0,1,100,0.0024752475247524753,-4.98,1.2295081967213115,1.0587431693989071,0.0,8.0,80000.0,0.0,0.0,5.0,0.0,1
61.0,4146,1.2295081967213115,1.0587431693989071,0.0,25.0,400000.0,0.0,0.0,0.0,0.0,3,100,0.0024752475247524753,-4.98,1.2295081967213115,1.0587431693989071,0.0,25.0,400000.0,0.0,0.0,0.0,0.0,1
61.0,4866,1.2295081967213115,1.0587431693989071,0.0,25.0,400000.0,0.0,0.0,5.0,0.0,1,100,0.0024752475247524753,-4.98,1.2295081967213115,1.0587431693989071,0.0,25.0,400000.0,0.0,0.0,5.0,0.0,1
61.0,5232,1.2295081967213115,1.0587431693989071,0.0,12.0,120000.0,20000.0,1.0,7.0,0.0,1,100,0.0024752475247524753,-4.98,1.2295081967213115,1.0587431693989071,0.0,12.0,120000.0,20000.0,1.0,7.0,0.0,1
61.0,5680,1.2295081967213115,1.0587431693989071,0.0,12.0,120000.0,20000.0,1.0,2.0,0.0,3,100,0.0024752475247524753,-4.98,1.2295081967213115,1.0587431693989071,0.0,12.0,120000.0,20000.0,1.0,2.0,0.0,1
61.0,7031,1.2295081967213115,1.0587431693989071,12.5,12.0,120000.0,20000.0,3.0,5.0,0.0,3,100,0.0024752475247524753,-4.98,1.2295081967213115,1.0587431693989071,12.5,12.0,120000.0,20000.0,3.0,5.0,0.0,1
61.0,9272,1.2295081967213115,1.0587431693989071,0.0,12.0,120000.0,0.0,0.0,7.0,0.0,2,100,0.0024752475247524753,-4.98,1.2295081967213115,1.0587431693989071,0.0,12.0,120000.0,0.0,0.0,7.0,0.0,1
61.0,10621,1.2295081967213115,1.0587431693989071,0.0,12.0,120000.0,0.0,0.0,4.0,0.0,2,100,0.0024752475247524753,-4.98,1.2295081967213115,1.0587431693989071,0.0,12.0,120000.0,0.0,0.0,4.0,0.0,1
61.0,11523,1.2295081967213115,1.0587431693989071,0.0,12.0,120000.0,0.0,0.0,2.0,0.0,1,100,0.0024752475247524753,-4.98,1.2295081967213115,1.0587431693989071,0.0,12.0,120000.0,0.0,0.0,2.0,0.0,1
54.0,8825,0.7407407407407408,0.8101851851851851,0.0,12.0,120000.0,0.0,0.0,2.0,0.37,1,100,0.0024752475247524753,-5.2716666666666665,1.2295081967213115,1.0587431693989071,0.0,12.0,120000.0,0.0,0.0,2.0,0.0,1
57.0,7477,0.9649122807017544,0.8771929824561403,12.5,12.0,120000.0,20000.0,3.0,3.0,0.22,3,100,0.0024752475247524753,-5.186667083333333,1.4525497978454167,1.0423389753057388,12.5,12.0,120000.0,20000.0,4.0,5.0,0.0,1
57.0,5230,0.9649122807017544,0.8771929824561403,12.5,12.0,120000.0,20000.0,2.0,6.0,0.22,3,100,0.0024752475247524753,-5.186667083333333,1.4525497978454167,1.0423389753057388,0.0,12.0,120000.0,20000.0,1.0,7.0,0.0,1
55.0,11520,0.8181818181818182,0.7954545454545455,0.0,12.0,120000.0,0.0,0.0,2.0,0.34,3,100,0.0024752475247524753,-5.270000416666667,1.4525497978454167,1.0423389753057388,0.0,12.0,120000.0,0.0,0.0,2.0,0.0,1
62.0,1361,1.4516129032258065,1.0416666666666665,0.0,8.0,80000.0,0.0,0.0,6.0,0.0,1,100,0.0024752475247524753,-4.98025,1.4516129032258065,1.0416666666666665,0.0,8.0,80000.0,0.0,0.0,6.0,0.0,1
62.0,8829,1.4516129032258065,1.0416666666666665,0.0,12.0,120000.0,0.0,0.0,2.0,0.0,1,100,0.0024752475247524753,-4.98,1.4516129032258065,1.0416666666666665,0.0,12.0,120000.0,0.0,0.0,2.0,0.0,1
62.0,9722,1.4516129032258065,1.0416666666666665,0.0,12.0,120000.0,0.0,0.0,2.0,0.0,1,100,0.0024752475247524753,-4.98,1.4516129032258065,1.0416666666666665,0.0,12.0,120000.0,0.0,0.0,2.0,0.0,1
62.0,11979,1.4516129032258065,1.0416666666666665,0.0,12.0,120000.0,0.0,0.0,0.0,0.0,2,100,0.0024752475247524753,-4.98,1.4516129032258065,1.0416666666666665,0.0,12.0,120000.0,0.0,0.0,0.0,0.0,1
59.0,5231,1.1016949152542372,0.9533898305084747,12.5,12.0,120000.0,20000.0,2.0,7.0,0.11,1,100,0.0024752475247524753,-5.105,1.4516129032258065,1.0416666666666665,0.0,12.0,120000.0,20000.0,1.0,7.0,0.0,1
59.0,7030,1.1016949152542372,0.9533898305084747,12.5,12.0,120000.0,20000.0,3.0,5.0,0.11,1,43,0.0024752475247524753,-5.10525,1.4516129032258065,1.0416666666666665,12.5,12.0,120000.0,20000.0,3.0,5.0,0.0,1
54.0,11975,0.7407407407407408,0.8101851851851851,0.0,12.0,120000.0,0.0,0.0,1.0,0.37,1,100,0.0024752475247524753,-3.3137504166666667,1.4513785758138082,1.0414985150515752,0.0,12.0,120000.0,0.0,0.0,0.0,0.0,1
57.0,9270,0.9649122807017544,0.8771929824561403,0.0,12.0,120000.0,0.0,0.0,7.0,0.22,2,100,0.0024752475247524753,-5.188750416666667,1.4513785758138082,1.0414985150515752,0.0,12.0,120000.0,0.0,0.0,7.0,0.0,1
51.0,2251,0.49019607843137253,0.4901960784313726,0.0,8.0,80000.0,0.0,0.0,5.0,0.55,2,100,0.0024752475247524753,-3.688958958333333,1.6842215124490971,1.0359298985301986,0.0,8.0,80000.0,0.0,0.0,5.0,0.0,1
57.0,5678,0.9649122807017544,0.8771929824561403,0.0,12.0,120000.0,20000.0,1.0,2.0,0.22,3,100,0.0024752475247524753,-5.228333750000001,1.6677252751389333,1.0257834033592648,0.0,12.0,120000.0,20000.0,1.0,2.0,0.0,1
58.0,8827,1.0344827586206897,0.9698275862068966,0.0,12.0,120000.0,0.0,0.0,2.0,0.17,3,100,0.0024752475247524753,-5.186667083333333,1.6677252751389333,1.0257834033592648,0.0,12.0,120000.0,0.0,0.0,2.0,0.0,1
58.0,11977,1.0344827586206897,0.9698275862068966,0.0,12.0,120000.0,0.0,0.0,0.0,0.17,3,100,0.0024752475247524753,-5.186667083333333,1.6677252751389333,1.0257834033592648,0.0,12.0,120000.0,0.0,0.0,0.0,0.0,1
57.0,7029,0.9649122807017544,0.8771929824561403,0.0,12.0,120000.0,20000.0,2.0,4.0,0.22,0,0,0.0024752475247524753,9.74975,1.6666666666666667,1.0582010582010581,12.5,12.0,120000.0,20000.0,3.0,5.0,0.0,0
63.0,1800,1.6666666666666667,1.0582010582010581,0.0,8.0,80000.0,0.0,0.0,3.0,0.0,3,100,0.0024752475247524753,-4.98,1.6666666666666667,1.0582010582010581,0.0,8.0,80000.0,0.0,0.0,3.0,0.0,1
63.0,2257,1.6666666666666667,1.0582010582010581,0.0,8.0,80000.0,0.0,0.0,5.0,0.0,2,100,0.0024752475247524753,-4.98,1.6666666666666667,1.0582010582010581,0.0,8.0,80000.0,0.0,0.0,5.0,0.0,1
63.0,3786,1.6666666666666667,1.0582010582010581,25.0,25.0,400000.0,20000.0,3.0,1.0,0.0,2,100,0.0024752475247524753,-4.975,1.6666666666666667,1.0582010582010581,25.0,25.0,400000.0,20000.0,3.0,1.0,0.0,1
63.0,5233,1.6666666666666667,1.0582010582010581,0.0,12.0,120000.0,20000.0,1.0,7.0,0.0,1,100,0.0024752475247524753,-4.98,1.6666666666666667,1.0582010582010581,0.0,12.0,120000.0,20000.0,2.0,7.0,0.0,1
63.0,5681,1.6666666666666667,1.0582010582010581,0.0,12.0,120000.0,20000.0,1.0,2.0,0.0,1,100,0.0024752475247524753,-4.98,1.6666666666666667,1.0582010582010581,0.0,12.0,120000.0,20000.0,1.0,2.0,0.0,1
63.0,7032,1.6666666666666667,1.0582010582010581,0.0,12.0,120000.0,20000.0,2.0,5.0,0.0,1,30,0.0024752475247524753,-4.98,1.6666666666666667,1.0582010582010581,12.5,12.0,120000.0,20000.0,3.0,5.0,0.0,1
63.0,7480,1.6666666666666667,1.0582010582010581,12.5,12.0,120000.0,20000.0,4.0,5.0,0.0,1,30,0.0024752475247524753,-4.98025,1.6666666666666667,1.0582010582010581,25.0,12.0,120000.0,20000.0,4.0,5.0,0.0,1
63.0,7931,1.6666666666666667,1.0582010582010581,12.5,12.0,120000.0,20000.0,2.0,3.0,0.0,2,100,0.0024752475247524753,-4.98,1.6666666666666667,1.0582010582010581,12.5,12.0,120000.0,20000.0,2.0,3.0,0.0,1
63.0,9273,1.6666666666666667,1.0582010582010581,0.0,12.0,120000.0,0.0,0.0,7.0,0.0,2,100,0.0024752475247524753,-4.98,1.6666666666666667,1.0582010582010581,0.0,12.0,120000.0,0.0,0.0,7.0,0.0,1
63.0,10622,1.6666666666666667,1.0582010582010581,0.0,12.0,120000.0,0.0,0.0,4.0,0.0,2,100,0.0024752475247524753,-4.98,1.6666666666666667,1.0582010582010581,0.0,12.0,120000.0,0.0,0.0,4.0,0.0,1
63.0,11524,1.6666666666666667,1.0582010582010581,0.0,12.0,120000.0,0.0,0.0,2.0,0.0,2,100,0.0024752475247524753,-4.98,1.6666666666666667,1.0582010582010581,0.0,12.0,120000.0,0.0,0.0,2.0,0.0,1
59.0,7929,1.1016949152542372,0.9533898305084747,0.0,12.0,120000.0,20000.0,1.0,3.0,0.11,2,100,0.0024752475247524753,-5.1466666666666665,1.6666666666666667,1.0582010582010581,12.5,12.0,120000.0,20000.0,2.0,3.0,0.0,1
59.0,5679,1.1016949152542372,0.9533898305084747,0.0,12.0,120000.0,20000.0,1.0,2.0,0.11,1,100,0.0024752475247524753,-5.1466666666666665,1.6666666666666667,1.0582010582010581,0.0,12.0,120000.0,20000.0,1.0,2.0,0.0,1
60.0,1360,1.25,0.9895833333333334,0.0,8.0,80000.0,0.0,0.0,6.0,0.02,1,100,0.0024752475247524753,-5.188333333333334,1.8157894736842106,1.0526315789473684,0.0,8.0,80000.0,0.0,0.0,6.0,0.0,1
58.0,9720,1.0344827586206897,0.9698275862068966,0.0,12.0,120000.0,0.0,0.0,2.0,0.17,3,100,0.0024752475247524753,-5.228333750000001,1.7979984681053052,1.0423179525248147,0.0,12.0,120000.0,0.0,0.0,2.0,0.0,1
59.0,10620,1.1016949152542372,0.9533898305084747,0.0,12.0,120000.0,0.0,0.0,5.0,0.11,3,100,0.0024752475247524753,-5.186667083333333,1.7979984681053052,1.0423179525248147,0.0,12.0,120000.0,0.0,0.0,4.0,0.0,1
64.0,1362,1.7968749999999998,1.0416666666666667,0.0,8.0,80000.0,0.0,0.0,6.0,0.0,2,100,0.0024752475247524753,-4.98,1.7968749999999998,1.0416666666666667,0.0,8.0,80000.0,0.0,0.0,6.0,0.0,1
64.0,4147,1.7968749999999998,1.0416666666666667,0.0,25.0,400000.0,0.0,0.0,1.0,0.0,2,100,0.0024752475247524753,-4.98,1.7968749999999998,1.0416666666666667,0.0,25.0,400000.0,0.0,0.0,1.0,0.0,1
64.0,4867,1.7968749999999998,1.0416666666666667,0.0,25.0,400000.0,0.0,0.0,5.0,0.0,3,100,0.0024752475247524753,-4.98,1.7968749999999998,1.0416666666666667,0.0,25.0,400000.0,0.0,0.0,5.0,0.0,1
64.0,8830,1.7968749999999998,1.0416666666666667,0.0,12.0,120000.0,0.0,0.0,2.0,0.0,3,100,0.0024752475247524753,-4.98,1.7968749999999998,1.0416666666666667,0.0,12.0,120000.0,0.0,0.0,2.0,0.0,1
64.0,9723,1.7968749999999998,1.0416666666666667,0.0,12.0,120000.0,0.0,0.0,2.0,0.0,1,100,0.0024752475247524753,-4.98,1.7968749999999998,1.0416666666666667,0.0,12.0,120000.0,0.0,0.0,2.0,0.0,1
64.0,11980,1.7968749999999998,1.0416666666666667,0.0,12.0,120000.0,0.0,0.0,0.0,0.0,2,100,0.0024752475247524753,-4.98,1.7968749999999998,1.0416666666666667,0.0,12.0,120000.0,0.0,0.0,0.0,0.0,1
59.0,7478,1.1016949152542372,0.9533898305084747,12.5,12.0,120000.0,20000.0,3.0,5.0,0.11,1,100,0.0024752475247524753,-5.188750416666666,1.7965940014694575,1.0415037689678017,25.0,12.0,120000.0,20000.0,4.0,5.0,0.0,1
53.0,2252,0.5660377358490566,0.6485849056603774,0.0,8.0,80000.0,0.0,0.0,5.0,0.44,2,100,0.0024752475247524753,-3.6889589583333326,1.942702904827814,1.0361082159081674,0.0,8.0,80000.0,0.0,0.0,5.0,0.0,1
57.0,11521,0.9649122807017544,0.8771929824561403,0.0,12.0,120000.0,0.0,0.0,2.0,0.22,3,100,0.0024752475247524753,-5.311667083333333,1.9242607875214306,1.0262724200114297,0.0,12.0,120000.0,0.0,0.0,2.0,0.0,1
59.0,11522,1.1016949152542372,0.9533898305084747,0.0,12.0,120000.0,0.0,0.0,2.0,0.11,3,100,0.0024752475247524753,-5.228333750000001,1.9242607875214306,1.0262724200114297,0.0,12.0,120000.0,0.0,0.0,2.0,0.0,1
65.0,1801,1.9230769230769231,1.0256410256410255,0.0,8.0,80000.0,0.0,0.0,3.0,0.0,1,13,0.0024752475247524753,-4.98,1.9230769230769231,1.0256410256410255,0.0,8.0,80000.0,0.0,0.0,3.0,0.0,1
65.0,2258,1.9230769230769231,1.0256410256410255,0.0,8.0,80000.0,0.0,0.0,5.0,0.0,1,13,0.0024752475247524753,-4.98,1.9230769230769231,1.0256410256410255,0.0,8.0,80000.0,0.0,0.0,5.0,0.0,1
65.0,3424,1.9230769230769231,1.0256410256410255,12.5,25.0,400000.0,20000.0,3.0,2.0,0.0,2,100,0.0024752475247524753,-4.98,1.9230769230769231,1.0256410256410255,12.5,25.0,400000.0,20000.0,3.0,2.0,0.0,1
65.0,4500,1.9230769230769231,1.0256410256410255,0.0,25.0,400000.0,20000.0,1.0,2.0,0.0,2,100,0.0024752475247524753,-4.98,1.9230769230769231,1.0256410256410255,0.0,25.0,400000.0,20000.0,1.0,2.0,0.0,1
65.0,5234,1.9230769230769231,1.0256410256410255,0.0,12.0,120000.0,20000.0,2.0,7.0,0.0,3,100,0.0024752475247524753,-4.98,1.9230769230769231,1.0256410256410255,0.0,12.0,120000.0,20000.0,2.0,7.0,0.0,1
65.0,5682,1.9230769230769231,1.0256410256410255,0.0,12.0,120000.0,20000.0,1.0,2.0,0.0,3,100,0.0024752475247524753,-4.98,1.9230769230769231,1.0256410256410255,0.0,12.0,120000.0,20000.0,1.0,2.0,0.0,1
65.0,7033,1.9230769230769231,1.0256410256410255,12.5,12.0,120000.0,20000.0,3.0,5.0,0.0,3,100,0.0024752475247524753,-4.98,1.9230769230769231,1.0256410256410255,12.5,12.0,120000.0,20000.0,3.0,5.0,0.0,1
65.0,7481,1.9230769230769231,1.0256410256410255,25.0,12.0,120000.0,20000.0,4.0,5.0,0.0,3,100,0.0024752475247524753,-4.975,1.9230769230769231,1.0256410256410255,25.0,12.0,120000.0,20000.0,4.0,5.0,0.0,1
65.0,7932,1.9230769230769231,1.0256410256410255,12.5,12.0,120000.0,20000.0,2.0,3.0,0.0,2,100,0.0024752475247524753,-4.98,1.9230769230769231,1.0256410256410255,12.5,12.0,120000.0,20000.0,2.0,3.0,0.0,1
65.0,9274,1.9230769230769231,1.0256410256410255,0.0,12.0,120000.0,0.0,0.0,7.0,0.0,2,100,0.0024752475247524753,-4.98,1.9230769230769231,1.0256410256410255,0.0,12.0,120000.0,0.0,0.0,7.0,0.0,1
65.0,10623,1.9230769230769231,1.0256410256410255,0.0,12.0,120000.0,0.0,0.0,4.0,0.0,2,100,0.0024752475247524753,-4.98,1.9230769230769231,1.0256410256410255,0.0,12.0,120000.0,0.0,0.0,4.0,0.0,1
65.0,11525,1.9230769230769231,1.0256410256410255,0.0,12.0,120000.0,0.0,0.0,2.0,0.0,2,100,0.0024752475247524753,-4.98,1.9230769230769231,1.0256410256410255,0.0,12.0,120000.0,0.0,0.0,2.0,0.0,1
45.0,3780,0.0,0.1388888888888889,0.0,25.0,400000.0,20000.0,1.0,2.0,0.85,1,100,0.0024752475247524753,9.6195498,1.9227808148314391,1.0254831012434342,12.5,25.0,400000.0,20000.0,2.0,1.0,0.0,0
59.0,2255,1.1016949152542372,0.9533898305084747,0.0,8.0,80000.0,0.0,0.0,5.0,0.11,1,100,0.0024752475247524753,-5.376458958333333,1.9894910999095399,1.0202518461074563,0.0,8.0,80000.0,0.0,0.0,5.0,0.0,1
59.0,9271,1.1016949152542372,0.9533898305084747,0.0,12.0,120000.0,0.0,0.0,7.0,0.11,3,100,0.0024752475247524753,-5.270000416666667,1.9708911505622877,1.0107134105447628,0.0,12.0,120000.0,0.0,0.0,7.0,0.0,1
66.0,1363,1.9696969696969695,1.0101010101010102,0.0,8.0,80000.0,0.0,0.0,6.0,0.0,1,100,0.0024752475247524753,-4.98,1.9696969696969695,1.0101010101010102,0.0,8.0,80000.0,0.0,0.0,6.0,0.0,1
66.0,8831,1.9696969696969695,1.0101010101010102,0.0,12.0,120000.0,0.0,0.0,2.0,0.0,1,100,0.0024752475247524753,-4.98,1.9696969696969695,1.0101010101010102,0.0,12.0,120000.0,0.0,0.0,2.0,0.0,1
66.0,9724,1.9696969696969695,1.0101010101010102,0.0,12.0,120000.0,0.0,0.0,2.0,0.0,1,100,0.0024752475247524753,-4.98,1.9696969696969695,1.0101010101010102,0.0,12.0,120000.0,0.0,0.0,2.0,0.0,1
66.0,11981,1.9696969696969695,1.0101010101010102,0.0,12.0,120000.0,0.0,0.0,0.0,0.0,2,100,0.0024752475247524753,-4.98,1.9696969696969695,1.0101010101010102,0.0,12.0,120000.0,0.0,0.0,0.0,0.0,1
61.0,7930,1.2295081967213115,1.0587431693989071,0.0,12.0,120000.0,20000.0,1.0,3.0,0.0,0,0,0.0024752475247524753,9.75,1.9402985074626864,1.0261194029850746,0.0,12.0,120000.0,20000.0,1.0,3.0,0.0,0
67.0,1802,1.9402985074626864,1.0261194029850746,0.0,8.0,80000.0,0.0,0.0,3.0,0.0,2,100,0.0024752475247524753,-4.98,1.9402985074626864,1.0261194029850746,0.0,8.0,80000.0,0.0,0.0,3.0,0.0,1
67.0,2259,1.9402985074626864,1.0261194029850746,0.0,8.0,80000.0,0.0,0.0,5.0,0.0,3,100,0.0024752475247524753,-4.98,1.9402985074626864,1.0261194029850746,0.0,8.0,80000.0,0.0,0.0,5.0,0.0,1
67.0,4148,1.9402985074626864,1.0261194029850746,0.0,25.0,400000.0,0.0,0.0,1.0,0.0,3,100,0.0024752475247524753,-4.98,1.9402985074626864,1.0261194029850746,0.0,25.0,400000.0,0.0,0.0,1.0,0.0,1
67.0,4868,1.9402985074626864,1.0261194029850746,0.0,25.0,400000.0,0.0,0.0,5.0,0.0,3,100,0.0024752475247524753,-4.98,1.9402985074626864,1.0261194029850746,0.0,25.0,400000.0,0.0,0.0,5.0,0.0,1
67.0,5235,1.9402985074626864,1.0261194029850746,0.0,12.0,120000.0,20000.0,2.0,7.0,0.0,3,100,0.0024752475247524753,-4.98,1.9402985074626864,1.0261194029850746,0.0,12.0,120000.0,20000.0,2.0,7.0,0.0,1
67.0,5683,1.9402985074626864,1.0261194029850746,0.0,12.0,120000.0,20000.0,1.0,2.0,0.0,1,100,0.0024752475247524753,-4.98,1.9402985074626864,1.0261194029850746,0.0,12.0,120000.0,20000.0,1.0,2.0,0.0,1
67.0,7034,1.9402985074626864,1.0261194029850746,12.5,12.0,120000.0,20000.0,3.0,5.0,0.0,1,100,0.0024752475247524753,-4.98,1.9402985074626864,1.0261194029850746,12.5,12.0,120000.0,20000.0,3.0,5.0,0.0,1
67.0,7482,1.9402985074626864,1.0261194029850746,25.0,12.0,120000.0,20000.0,4.0,4.0,0.0,3,100,0.0024752475247524753,-4.975,1.9402985074626864,1.0261194029850746,25.0,12.0,120000.0,20000.0,4.0,4.0,0.0,1
67.0,7933,1.9402985074626864,1.0261194029850746,0.0,12.0,120000.0,20000.0,1.0,3.0,0.0,3,100,0.0024752475247524753,-4.98,1.9402985074626864,1.0261194029850746,0.0,12.0,120000.0,20000.0,1.0,3.0,0.0,1
67.0,9275,1.9402985074626864,1.0261194029850746,0.0,12.0,120000.0,0.0,0.0,7.0,0.0,3,100,0.0024752475247524753,-4.98,1.9402985074626864,1.0261194029850746,0.0,12.0,120000.0,0.0,0.0,7.0,0.0,1
67.0,10624,1.9402985074626864,1.0261194029850746,0.0,12.0,120000.0,0.0,0.0,4.0,0.0,3,100,0.0024752475247524753,-4.98,1.9402985074626864,1.0261194029850746,0.0,12.0,120000.0,0.0,0.0,4.0,0.0,1
67.0,11526,1.9402985074626864,1.0261194029850746,0.0,12.0,120000.0,0.0,0.0,2.0,0.0,2,67,0.0024752475247524753,-4.98,1.9402985074626864,1.0261194029850746,0.0,12.0,120000.0,0.0,0.0,2.0,0.0,1
67.0,12420,1.9402985074626864,1.0261194029850746,0.0,12.0,120000.0,0.0,0.0,4.0,0.0,2,67,0.0024752475247524753,-4.98,1.9402985074626864,1.0261194029850746,0.0,12.0,120000.0,0.0,0.0,4.0,0.0,1
61.0,7479,1.2295081967213115,1.0587431693989071,0.0,12.0,120000.0,20000.0,3.0,5.0,0.0,0,0,0.0024752475247524753,9.749332916666667,1.940008664377158,1.025966120584074,12.5,12.0,120000.0,20000.0,3.0,4.0,0.0,0
68.0,1364,1.911764705882353,1.0110294117647058,0.0,8.0,80000.0,0.0,0.0,6.0,0.0,1,100,0.0024752475247524753,-4.98,1.911764705882353,1.0110294117647058,0.0,8.0,80000.0,0.0,0.0,6.0,0.0,1
68.0,3425,1.911764705882353,1.0110294117647058,12.5,25.0,400000.0,20000.0,3.0,2.0,0.0,1,100,0.0024752475247524753,-4.98,1.911764705882353,1.0110294117647058,12.5,25.0,400000.0,20000.0,3.0,2.0,0.0,1
68.0,4501,1.911764705882353,1.0110294117647058,0.0,25.0,400000.0,20000.0,1.0,3.0,0.0,3,76,0.0024752475247524753,-4.98,1.911764705882353,1.0110294117647058,0.0,25.0,400000.0,20000.0,1.0,3.0,0.0,1
68.0,8832,1.911764705882353,1.0110294117647058,0.0,12.0,120000.0,0.0,0.0,3.0,0.0,3,76,0.0024752475247524753,-4.98,1.911764705882353,1.0110294117647058,0.0,12.0,120000.0,0.0,0.0,3.0,0.0,1
68.0,9725,1.911764705882353,1.0110294117647058,0.0,12.0,120000.0,0.0,0.0,3.0,0.0,2,100,0.0024752475247524753,-4.98,1.911764705882353,1.0110294117647058,0.0,12.0,120000.0,0.0,0.0,3.0,0.0,1
68.0,11982,1.911764705882353,1.0110294117647058,0.0,12.0,120000.0,0.0,0.0,0.0,0.0,3,100,0.0024752475247524753,-4.98,1.911764705882353,1.0110294117647058,0.0,12.0,120000.0,0.0,0.0,0.0,0.0,1
57.0,2254,0.9649122807017544,0.8771929824561403,0.0,8.0,80000.0,0.0,0.0,5.0,0.22,2,100,0.0024752475247524753,-3.6889589583333326,1.902160381091492,1.00595020153877,0.0,8.0,80000.0,0.0,0.0,5.0,0.0,1
69.0,1803,1.884057971014493,0.9963768115942029,0.0,8.0,80000.0,0.0,0.0,3.0,0.0,3,100,0.0024752475247524753,-4.98,1.884057971014493,0.9963768115942029,0.0,8.0,80000.0,0.0,0.0,3.0,0.0,1
69.0,2260,1.884057971014493,0.9963768115942029,0.0,8.0,80000.0,0.0,0.0,5.0,0.0,2,20,0.0024752475247524753,-4.98,1.884057971014493,0.9963768115942029,0.0,8.0,80000.0,0.0,0.0,5.0,0.0,1
69.0,3788,1.884057971014493,0.9963768115942029,25.0,25.0,400000.0,20000.0,3.0,0.0,0.0,2,20,0.0024752475247524753,-4.975,1.884057971014493,0.9963768115942029,25.0,25.0,400000.0,20000.0,3.0,0.0,0.0,1
69.0,5236,1.884057971014493,0.9963768115942029,0.0,12.0,120000.0,20000.0,2.0,6.0,0.0,3,100,0.0024752475247524753,-4.98,1.884057971014493,0.9963768115942029,0.0,12.0,120000.0,20000.0,2.0,6.0,0.0,1
69.0,5684,1.884057971014493,0.9963768115942029,0.0,12.0,120000.0,20000.0,1.0,2.0,0.0,3,100,0.0024752475247524753,-4.98,1.884057971014493,0.9963768115942029,0.0,12.0,120000.0,20000.0,1.0,2.0,0.0,1
69.0,7035,1.884057971014493,0.9963768115942029,12.5,12.0,120000.0,20000.0,3.0,5.0,0.0,2,100,0.0024752475247524753,-4.98,1.884057971014493,0.9963768115942029,12.5,12.0,120000.0,20000.0,3.0,5.0,0.0,1
69.0,7483,1.884057971014493,0.9963768115942029,12.5,12.0,120000.0,20000.0,3.0,3.0,0.0,2,100,0.0024752475247524753,-4.98,1.884057971014493,0.9963768115942029,12.5,12.0,120000.0,20000.0,3.0,3.0,0.0,1
69.0,7934,1.884057971014493,0.9963768115942029,0.0,12.0,120000.0,20000.0,1.0,3.0,0.0,1,100,0.0024752475247524753,-4.98,1.884057971014493,0.9963768115942029,0.0,12.0,120000.0,20000.0,1.0,3.0,0.0,1
69.0,9276,1.884057971014493,0.9963768115942029,0.0,12.0,120000.0,0.0,0.0,7.0,0.0,1,100,0.0024752475247524753,-4.98,1.884057971014493,0.9963768115942029,0.0,12.0,120000.0,0.0,0.0,7.0,0.0,1
69.0,10625,1.884057971014493,0.9963768115942029,0.0,12.0,120000.0,0.0,0.0,5.0,0.0,3,83,0.0024752475247524753,-4.98,1.884057971014493,0.9963768115942029,0.0,12.0,120000.0,0.0,0.0,5.0,0.0,1
69.0,11527,1.884057971014493,0.9963768115942029,0.0,12.0,120000.0,0.0,0.0,2.0,0.0,3,83,0.0024752475247524753,-4.98,1.884057971014493,0.9963768115942029,0.0,12.0,120000.0,0.0,0.0,2.0,0.0,1
69.0,12421,1.884057971014493,0.9963768115942029,0.0,12.0,120000.0,0.0,0.0,4.0,0.0,3,83,0.0024752475247524753,-4.98,1.884057971014493,0.9963768115942029,0.0,12.0,120000.0,0.0,0.0,4.0,0.0,1
70.0,1365,1.8571428571428572,0.9821428571428571,0.0,8.0,80000.0,0.0,0.0,6.0,0.0,3,83,0.0024752475247524753,-4.98,1.8571428571428572,0.9821428571428571,0.0,8.0,80000.0,0.0,0.0,6.0,0.0,1
70.0,4149,1.8571428571428572,0.9821428571428571,0.0,25.0,400000.0,0.0,0.0,1.0,0.0,2,100,0.0024752475247524753,-4.98,1.8571428571428572,0.9821428571428571,0.0,25.0,400000.0,0.0,0.0,1.0,0.0,1
70.0,4869,1.8571428571428572,0.9821428571428571,0.0,25.0,400000.0,0.0,0.0,5.0,0.0,2,100,0.0024752475247524753,-4.98,1.8571428571428572,0.9821428571428571,0.0,25.0,400000.0,0.0,0.0,5.0,0.0,1
70.0,8833,1.8571428571428572,0.9821428571428571,0.0,12.0,120000.0,0.0,0.0,3.0,0.0,3,100,0.0024752475247524753,-4.98,1.8571428571428572,0.9821428571428571,0.0,12.0,120000.0,0.0,0.0,3.0,0.0,1
70.0,9726,1.8571428571428572,0.9821428571428571,0.0,12.0,120000.0,0.0,0.0,3.0,0.0,3,100,0.0024752475247524753,-4.98,1.8571428571428572,0.9821428571428571,0.0,12.0,120000.0,0.0,0.0,3.0,0.0,1
70.0,11983,1.8571428571428572,0.9821428571428571,0.0,12.0,120000.0,0.0,0.0,1.0,0.0,3,100,0.0024752475247524753,-4.98,1.8571428571428572,0.9821428571428571,0.0,12.0,120000.0,0.0,0.0,1.0,0.0,1
71.0,1804,1.8309859154929577,0.9683098591549295,0.0,8.0,80000.0,0.0,0.0,3.0,0.0,3,100,0.0024752475247524753,-4.98,1.8309859154929577,0.9683098591549295,0.0,8.0,80000.0,0.0,0.0,3.0,0.0,1
71.0,2261,1.8309859154929577,0.9683098591549295,0.0,8.0,80000.0,0.0,0.0,5.0,0.0,2,100,0.0024752475247524753,-4.98,1.8309859154929577,0.9683098591549295,0.0,8.0,80000.0,0.0,0.0,5.0,0.0,1
71.0,3426,1.8309859154929577,0.9683098591549295,12.5,25.0,400000.0,20000.0,3.0,2.0,0.0,2,100,0.0024752475247524753,-4.98,1.8309859154929577,0.9683098591549295,12.5,25.0,400000.0,20000.0,3.0,2.0,0.0,1
71.0,7036,1.8309859154929577,0.9683098591549295,12.5,12.0,120000.0,20000.0,3.0,5.0,0.0,1,100,0.0024752475247524753,-4.98,1.8309859154929577,0.9683098591549295,12.5,12.0,120000.0,20000.0,3.0,5.0,0.0,1
71.0,7484,1.8309859154929577,0.9683098591549295,12.5,12.0,120000.0,20000.0,3.0,3.0,0.0,2,100,0.0024752475247524753,-4.98,1.8309859154929577,0.9683098591549295,12.5,12.0,120000.0,20000.0,3.0,3.0,0.0,1
71.0,7935,1.8309859154929577,0.9683098591549295,0.0,12.0,120000.0,20000.0,1.0,3.0,0.0,2,100,0.0024752475247524753,-4.98,1.8309859154929577,0.9683098591549295,0.0,12.0,120000.0,20000.0,1.0,3.0,0.0,1
71.0,9277,1.8309859154929577,0.9683098591549295,0.0,12.0,120000.0,0.0,0.0,7.0,0.0,2,100,0.0024752475247524753,-4.98,1.8309859154929577,0.9683098591549295,0.0,12.0,120000.0,0.0,0.0,7.0,0.0,1
71.0,10626,1.8309859154929577,0.9683098591549295,0.0,12.0,120000.0,0.0,0.0,5.0,0.0,2,100,0.0024752475247524753,-4.98,1.8309859154929577,0.9683098591549295,0.0,12.0,120000.0,0.0,0.0,5.0,0.0,1
71.0,11528,1.8309859154929577,0.9683098591549295,0.0,12.0,120000.0,0.0,0.0,2.0,0.0,2,100,0.0024752475247524753,-4.98,1.8309859154929577,0.9683098591549295,0.0,12.0,120000.0,0.0,0.0,2.0,0.0,1
71.0,12422,1.8309859154929577,0.9683098591549295,0.0,12.0,120000.0,0.0,0.0,4.0,0.0,2,100,0.0024752475247524753,-4.98,1.8309859154929577,0.9683098591549295,0.0,12.0,120000.0,0.0,0.0,4.0,0.0,1
72.0,1366,1.8055555555555554,0.9548611111111112,0.0,8.0,80000.0,0.0,0.0,6.0,0.0,3,100,0.0024752475247524753,-4.98,1.8055555555555554,0.9548611111111112,0.0,8.0,80000.0,0.0,0.0,6.0,0.0,1
72.0,3789,1.8055555555555554,0.9548611111111112,25.0,25.0,400000.0,20000.0,3.0,0.0,0.0,3,100,0.0024752475247524753,-4.975,1.8055555555555554,0.9548611111111112,25.0,25.0,400000.0,20000.0,3.0,0.0,0.0,1
72.0,8834,1.8055555555555554,0.9548611111111112,0.0,12.0,120000.0,0.0,0.0,3.0,0.0,3,100,0.0024752475247524753,-4.98,1.8055555555555554,0.9548611111111112,0.0,12.0,120000.0,0.0,0.0,3.0,0.0,1
72.0,9727,1.8055555555555554,0.9548611111111112,0.0,12.0,120000.0,0.0,0.0,3.0,0.0,3,100,0.0024752475247524753,-4.98,1.8055555555555554,0.9548611111111112,0.0,12.0,120000.0,0.0,0.0,3.0,0.0,1
72.0,11984,1.8055555555555554,0.9548611111111112,0.0,12.0,120000.0,0.0,0.0,1.0,0.0,2,100,0.0024752475247524753,-4.98,1.8055555555555554,0.9548611111111112,0.0,12.0,120000.0,0.0,0.0,1.0,0.0,1
73.0,1805,1.7808219178082192,0.9417808219178082,0.0,8.0,80000.0,0.0,0.0,3.0,0.0,2,100,0.0024752475247524753,-4.98,1.7808219178082192,0.9417808219178082,0.0,8.0,80000.0,0.0,0.0,3.0,0.0,1
73.0,2262,1.7808219178082192,0.9417808219178082,0.0,8.0,80000.0,0.0,0.0,5.0,0.0,2,100,0.0024752475247524753,-4.98,1.7808219178082192,0.9417808219178082,0.0,8.0,80000.0,0.0,0.0,5.0,0.0,1
73.0,4150,1.7808219178082192,0.9417808219178082,0.0,25.0,400000.0,0.0,0.0,1.0,0.0,2,100,0.0024752475247524753,-4.98,1.7808219178082192,0.9417808219178082,0.0,25.0,400000.0,0.0,0.0,1.0,0.0,1
73.0,4870,1.7808219178082192,0.9417808219178082,0.0,25.0,400000.0,0.0,0.0,5.0,0.0,2,100,0.0024752475247524753,-4.98,1.7808219178082192,0.9417808219178082,0.0,25.0,400000.0,0.0,0.0,5.0,0.0,1
73.0,5238,1.7808219178082192,0.9417808219178082,12.5,12.0,120000.0,20000.0,3.0,4.0,0.0,2,100,0.0024752475247524753,-4.98,1.7808219178082192,0.9417808219178082,12.5,12.0,120000.0,20000.0,3.0,4.0,0.0,1
73.0,5686,1.7808219178082192,0.9417808219178082,12.5,12.0,120000.0,20000.0,2.0,2.0,0.0,1,100,0.0024752475247524753,-4.98,1.7808219178082192,0.9417808219178082,12.5,12.0,120000.0,20000.0,2.0,2.0,0.0,1
73.0,7037,1.7808219178082192,0.9417808219178082,12.5,12.0,120000.0,20000.0,3.0,4.0,0.0,1,100,0.0024752475247524753,-4.98,1.7808219178082192,0.9417808219178082,12.5,12.0,120000.0,20000.0,3.0,4.0,0.0,1
73.0,7485,1.7808219178082192,0.9417808219178082,12.5,12.0,120000.0,20000.0,3.0,3.0,0.0,2,100,0.0024752475247524753,-4.98,1.7808219178082192,0.9417808219178082,12.5,12.0,120000.0,20000.0,3.0,3.0,0.0,1
73.0,7936,1.7808219178082192,0.9417808219178082,0.0,12.0,120000.0,20000.0,1.0,3.0,0.0,2,100,0.0024752475247524753,-4.98,1.7808219178082192,0.9417808219178082,0.0,12.0,120000.0,20000.0,1.0,3.0,0.0,1
73.0,9278,1.7808219178082192,0.9417808219178082,0.0,12.0,120000.0,0.0,0.0,7.0,0.0,2,100,0.0024752475247524753,-4.98,1.7808219178082192,0.9417808219178082,0.0,12.0,120000.0,0.0,0.0,7.0,0.0,1
73.0,10627,1.7808219178082192,0.9417808219178082,0.0,12.0,120000.0,0.0,0.0,5.0,0.0,2,100,0.0024752475247524753,-4.98,1.7808219178082192,0.9417808219178082,0.0,12.0,120000.0,0.0,0.0,5.0,0.0,1
73.0,11529,1.7808219178082192,0.9417808219178082,0.0,12.0,120000.0,0.0,0.0,2.0,0.0,2,100,0.0024752475247524753,-4.98,1.7808219178082192,0.9417808219178082,0.0,12.0,120000.0,0.0,0.0,2.0,0.0,1
73.0,12423,1.7808219178082192,0.9417808219178082,0.0,12.0,120000.0,0.0,0.0,4.0,0.0,2,100,0.0024752475247524753,-4.98,1.7808219178082192,0.9417808219178082,0.0,12.0,120000.0,0.0,0.0,4.0,0.0,1
74.0,1367,1.7567567567567568,0.9290540540540542,0.0,8.0,80000.0,0.0,0.0,5.0,0.0,3,100,0.0024752475247524753,-4.98,1.7567567567567568,0.9290540540540542,0.0,8.0,80000.0,0.0,0.0,5.0,0.0,1
74.0,3427,1.7567567567567568,0.9290540540540542,12.5,25.0,400000.0,20000.0,3.0,2.0,0.0,3,100,0.0024752475247524753,-4.98,1.7567567567567568,0.9290540540540542,12.5,25.0,400000.0,20000.0,3.0,2.0,0.0,1
74.0,8835,1.7567567567567568,0.9290540540540542,0.0,12.0,120000.0,0.0,0.0,3.0,0.0,1,100,0.0024752475247524753,-4.98,1.7567567567567568,0.9290540540540542,0.0,12.0,120000.0,0.0,0.0,3.0,0.0,1
74.0,9728,1.7567567567567568,0.9290540540540542,0.0,12.0,120000.0,0.0,0.0,3.0,0.0,1,100,0.0024752475247524753,-4.98,1.7567567567567568,0.9290540540540542,0.0,12.0,120000.0,0.0,0.0,3.0,0.0,1
74.0,11985,1.7567567567567568,0.9290540540540542,0.0,12.0,120000.0,0.0,0.0,1.0,0.0,1,100,0.0024752475247524753,-4.98,1.7567567567567568,0.9290540540540542,0.0,12.0,120000.0,0.0,0.0,1.0,0.0,1
75.0,1806,1.7333333333333332,0.9166666666666667,0.0,8.0,80000.0,0.0,0.0,4.0,0.0,1,100,0.0024752475247524753,-4.98,1.7333333333333332,0.9166666666666667,0.0,8.0,80000.0,0.0,0.0,4.0,0.0,1
75.0,2263,1.7333333333333332,0.9166666666666667,0.0,8.0,80000.0,0.0,0.0,5.0,0.0,1,100,0.0024752475247524753,-4.98,1.7333333333333332,0.9166666666666667,0.0,8.0,80000.0,0.0,0.0,5.0,0.0,1
75.0,5239,1.7333333333333332,0.9166666666666667,12.5,12.0,120000.0,20000.0,3.0,5.0,0.0,1,100,0.0024752475247524753,-4.98,1.7333333333333332,0.9166666666666667,12.5,12.0,120000.0,20000.0,3.0,5.0,0.0,1
75.0,5687,1.7333333333333332,0.9166666666666667,12.5,12.0,120000.0,20000.0,2.0,2.0,0.0,1,100,0.0024752475247524753,-4.98,1.7333333333333332,0.9166666666666667,12.5,12.0,120000.0,20000.0,2.0,2.0,0.0,1
75.0,7038,1.7333333333333332,0.9166666666666667,12.5,12.0,120000.0,20000.0,3.0,4.0,0.0,2,100,0.0024752475247524753,-4.98,1.7333333333333332,0.9166666666666667,12.5,12.0,120000.0,20000.0,3.0,4.0,0.0,1
75.0,7486,1.7333333333333332,0.9166666666666667,12.5,12.0,120000.0,20000.0,3.0,4.0,0.0,2,100,0.0024752475247524753,-4.98,1.7333333333333332,0.9166666666666667,12.5,12.0,120000.0,20000.0,3.0,4.0,0.0,1
75.0,7937,1.7333333333333332,0.9166666666666667,0.0,12.0,120000.0,20000.0,2.0,3.0,0.0,1,100,0.0024752475247524753,-4.98,1.7333333333333332,0.9166666666666667,0.0,12.0,120000.0,20000.0,2.0,3.0,0.0,1
75.0,9279,1.7333333333333332,0.9166666666666667,0.0,12.0,120000.0,0.0,0.0,7.0,0.0,1,100,0.0024752475247524753,-4.98,1.7333333333333332,0.9166666666666667,0.0,12.0,120000.0,0.0,0.0,7.0,0.0,1
75.0,10628,1.7333333333333332,0.9166666666666667,0.0,12.0,120000.0,0.0,0.0,4.0,0.0,1,100,0.0024752475247524753,-4.98,1.7333333333333332,0.9166666666666667,0.0,12.0,120000.0,0.0,0.0,4.0,0.0,1
75.0,11530,1.7333333333333332,0.9166666666666667,0.0,12.0,120000.0,0.0,0.0,2.0,0.0,1,100,0.0024752475247524753,-4.98,1.7333333333333332,0.9166666666666667,0.0,12.0,120000.0,0.0,0.0,2.0,0.0,1
75.0,12424,1.7333333333333332,0.9166666666666667,0.0,12.0,120000.0,0.0,0.0,4.0,0.0,2,100,0.0024752475247524753,-4.98,1.7333333333333332,0.9166666666666667,0.0,12.0,120000.0,0.0,0.0,4.0,0.0,1
76.0,1368,1.710526315789474,0.9046052631578947,0.0,8.0,80000.0,0.0,0.0,5.0,0.0,2,100,0.0024752475247524753,-4.98,1.710526315789474,0.9046052631578947,0.0,8.0,80000.0,0.0,0.0,5.0,0.0,1
76.0,4151,1.710526315789474,0.9046052631578947,0.0,25.0,400000.0,0.0,0.0,1.0,0.0,2,100,0.0024752475247524753,-4.98,1.710526315789474,0.9046052631578947,0.0,25.0,400000.0,0.0,0.0,1.0,0.0,1
76.0,4871,1.710526315789474,0.9046052631578947,0.0,25.0,400000.0,0.0,0.0,5.0,0.0,2,100,0.0024752475247524753,-4.98,1.710526315789474,0.9046052631578947,0.0,25.0,400000.0,0.0,0.0,5.0,0.0,1
76.0,8836,1.710526315789474,0.9046052631578947,0.0,12.0,120000.0,0.0,0.0,3.0,0.0,3,100,0.0024752475247524753,-4.98,1.710526315789474,0.9046052631578947,0.0,12.0,120000.0,0.0,0.0,3.0,0.0,1
76.0,9729,1.710526315789474,0.9046052631578947,0.0,12.0,120000.0,0.0,0.0,3.0,0.0,3,100,0.0024752475247524753,-4.98,1.710526315789474,0.9046052631578947,0.0,12.0,120000.0,0.0,0.0,3.0,0.0,1
76.0,11986,1.710526315789474,0.9046052631578947,0.0,12.0,120000.0,0.0,0.0,1.0,0.0,3,100,0.0024752475247524753,-4.98,1.710526315789474,0.9046052631578947,0.0,12.0,120000.0,0.0,0.0,1.0,0.0,1
71.0,5237,1.8309859154929577,0.9683098591549295,0.0,12.0,120000.0,20000.0,2.0,6.0,0.0,0,0,0.0024752475247524753,9.75,1.6883116883116882,0.8928571428571429,0.0,12.0,120000.0,20000.0,3.0,6.0,0.0,0
71.0,5685,1.8309859154929577,0.9683098591549295,0.0,12.0,120000.0,20000.0,1.0,2.0,0.0,1,100,0.0024752475247524753,9.77,1.6883116883116882,0.8928571428571429,0.0,12.0,120000.0,20000.0,3.0,2.0,0.0,0
77.0,0,1.6883116883116882,0.8928571428571429,0.0,8.0,80000.0,20000.0,2.0,2.0,0.0,1,100,0.0024752475247524753,-4.98,1.6883116883116882,0.8928571428571429,0.0,8.0,80000.0,20000.0,2.0,2.0,0.0,1
77.0,1807,1.6883116883116882,0.8928571428571429,0.0,8.0,80000.0,0.0,0.0,4.0,0.0,1,100,0.0024752475247524753,-4.98,1.6883116883116882,0.8928571428571429,0.0,8.0,80000.0,0.0,0.0,4.0,0.0,1
77.0,2264,1.6883116883116882,0.8928571428571429,0.0,8.0,80000.0,0.0,0.0,5.0,0.0,1,100,0.0024752475247524753,-4.98,1.6883116883116882,0.8928571428571429,0.0,8.0,80000.0,0.0,0.0,5.0,0.0,1
77.0,7487,1.6883116883116882,0.8928571428571429,12.5,12.0,120000.0,20000.0,3.0,5.0,0.0,2,100,0.0024752475247524753,-4.98,1.6883116883116882,0.8928571428571429,12.5,12.0,120000.0,20000.0,3.0,5.0,0.0,1
77.0,7938,1.6883116883116882,0.8928571428571429,0.0,12.0,120000.0,20000.0,2.0,3.0,0.0,2,100,0.0024752475247524753,-4.98,1.6883116883116882,0.8928571428571429,0.0,12.0,120000.0,20000.0,2.0,3.0,0.0,1
77.0,9280,1.6883116883116882,0.8928571428571429,0.0,12.0,120000.0,0.0,0.0,6.0,0.0,3,100,0.0024752475247524753,-4.98,1.6883116883116882,0.8928571428571429,0.0,12.0,120000.0,0.0,0.0,6.0,0.0,1
77.0,10629,1.6883116883116882,0.8928571428571429,0.0,12.0,120000.0,0.0,0.0,4.0,0.0,3,100,0.0024752475247524753,-4.98,1.6883116883116882,0.8928571428571429,0.0,12.0,120000.0,0.0,0.0,4.0,0.0,1
77.0,11531,1.6883116883116882,0.8928571428571429,0.0,12.0,120000.0,0.0,0.0,2.0,0.0,2,100,0.0024752475247524753,-4.98,1.6883116883116882,0.8928571428571429,0.0,12.0,120000.0,0.0,0.0,2.0,0.0,1
77.0,12425,1.6883116883116882,0.8928571428571429,0.0,12.0,120000.0,0.0,0.0,4.0,0.0,1,100,0.0024752475247524753,-4.98,1.6883116883116882,0.8928571428571429,0.0,12.0,120000.0,0.0,0.0,4.0,0.0,1
57.0,3784,0.9649122807017544,0.8771929824561403,12.5,25.0,400000.0,20000.0,2.0,2.0,0.22,0,0,0.0024752475247524753,9.599299799999999,1.6880922363209667,0.8927410865158959,25.0,25.0,400000.0,20000.0,3.0,0.0,0.0,0
78.0,1369,1.6666666666666667,0.8814102564102565,0.0,8.0,80000.0,0.0,0.0,5.0,0.0,1,100,0.0024752475247524753,-4.98,1.6666666666666667,0.8814102564102565,0.0,8.0,80000.0,0.0,0.0,5.0,0.0,1
78.0,8837,1.6666666666666667,0.8814102564102565,0.0,12.0,120000.0,0.0,0.0,3.0,0.0,2,100,0.0024752475247524753,-4.98,1.6666666666666667,0.8814102564102565,0.0,12.0,120000.0,0.0,0.0,3.0,0.0,1
78.0,9730,1.6666666666666667,0.8814102564102565,0.0,12.0,120000.0,0.0,0.0,3.0,0.0,2,100,0.0024752475247524753,-4.98,1.6666666666666667,0.8814102564102565,0.0,12.0,120000.0,0.0,0.0,3.0,0.0,1
78.0,10170,1.6666666666666667,0.8814102564102565,0.0,12.0,120000.0,0.0,0.0,2.0,0.0,3,100,0.0024752475247524753,-4.98,1.6666666666666667,0.8814102564102565,0.0,12.0,120000.0,0.0,0.0,2.0,0.0,1
78.0,11987,1.6666666666666667,0.8814102564102565,0.0,12.0,120000.0,0.0,0.0,1.0,0.0,3,100,0.0024752475247524753,-4.98,1.6666666666666667,0.8814102564102565,0.0,12.0,120000.0,0.0,0.0,1.0,0.0,1
79.0,1,1.6455696202531647,0.870253164556962,0.0,8.0,80000.0,20000.0,2.0,2.0,0.0,3,100,0.0024752475247524753,-4.98,1.6455696202531647,0.870253164556962,0.0,8.0,80000.0,20000.0,2.0,2.0,0.0,1
79.0,1808,1.6455696202531647,0.870253164556962,0.0,8.0,80000.0,0.0,0.0,4.0,0.0,3,100,0.0024752475247524753,-4.98,1.6455696202531647,0.870253164556962,0.0,8.0,80000.0,0.0,0.0,4.0,0.0,1
79.0,2265,1.6455696202531647,0.870253164556962,0.0,8.0,80000.0,0.0,0.0,5.0,0.0,1,100,0.0024752475247524753,-4.98,1.6455696202531647,0.870253164556962,0.0,8.0,80000.0,0.0,0.0,5.0,0.0,1
79.0,4152,1.6455696202531647,0.870253164556962,0.0,25.0,400000.0,0.0,0.0,1.0,0.0,1,100,0.0024752475247524753,-4.9807500000000005,1.6455696202531647,0.870253164556962,0.0,25.0,400000.0,0.0,0.0,1.0,0.0,1
79.0,4872,1.6455696202531647,0.870253164556962,0.0,25.0,400000.0,0.0,0.0,5.0,0.0,1,100,0.0024752475247524753,-4.98,1.6455696202531647,0.870253164556962,0.0,25.0,400000.0,0.0,0.0,5.0,0.0,1
79.0,5241,1.6455696202531647,0.870253164556962,12.5,12.0,120000.0,20000.0,3.0,6.0,0.0,1,100,0.0024752475247524753,-4.98,1.6455696202531647,0.870253164556962,12.5,12.0,120000.0,20000.0,3.0,6.0,0.0,1
79.0,5689,1.6455696202531647,0.870253164556962,12.5,12.0,120000.0,20000.0,3.0,2.0,0.0,1,100,0.0024752475247524753,-4.98,1.6455696202531647,0.870253164556962,12.5,12.0,120000.0,20000.0,3.0,2.0,0.0,1
79.0,6121,1.6455696202531647,0.870253164556962,12.5,12.0,120000.0,20000.0,4.0,3.0,0.0,1,100,0.0024752475247524753,-4.98,1.6455696202531647,0.870253164556962,12.5,12.0,120000.0,20000.0,4.0,3.0,0.0,1
79.0,7040,1.6455696202531647,0.870253164556962,25.0,12.0,120000.0,20000.0,4.0,4.0,0.0,2,25,0.0024752475247524753,-4.975,1.6455696202531647,0.870253164556962,25.0,12.0,120000.0,20000.0,4.0,4.0,0.0,1
79.0,7488,1.6455696202531647,0.870253164556962,12.5,12.0,120000.0,20000.0,3.0,5.0,0.0,2,25,0.0024752475247524753,-4.98,1.6455696202531647,0.870253164556962,12.5,12.0,120000.0,20000.0,3.0,5.0,0.0,1
79.0,7939,1.6455696202531647,0.870253164556962,0.0,12.0,120000.0,20000.0,2.0,4.0,0.0,3,100,0.0024752475247524753,-4.98,1.6455696202531647,0.870253164556962,0.0,12.0,120000.0,20000.0,2.0,4.0,0.0,1
79.0,9281,1.6455696202531647,0.870253164556962,0.0,12.0,120000.0,0.0,0.0,6.0,0.0,3,100,0.0024752475247524753,-4.98,1.6455696202531647,0.870253164556962,0.0,12.0,120000.0,0.0,0.0,6.0,0.0,1
79.0,10630,1.6455696202531647,0.870253164556962,0.0,12.0,120000.0,0.0,0.0,4.0,0.0,2,100,0.0024752475247524753,-4.98,1.6455696202531647,0.870253164556962,0.0,12.0,120000.0,0.0,0.0,4.0,0.0,1
79.0,11532,1.6455696202531647,0.870253164556962,0.0,12.0,120000.0,0.0,0.0,2.0,0.0,2,100,0.0024752475247524753,-4.98,1.6455696202531647,0.870253164556962,0.0,12.0,120000.0,0.0,0.0,2.0,0.0,1
79.0,12426,1.6455696202531647,0.870253164556962,0.0,12.0,120000.0,0.0,0.0,4.0,0.0,3,100,0.0024752475247524753,-4.98,1.6455696202531647,0.870253164556962,0.0,12.0,120000.0,0.0,0.0,4.0,0.0,1
74.0,6570,1.7567567567567568,0.9290540540540542,0.0,12.0,120000.0,20000.0,1.0,5.0,0.0,0,0,0.0024752475247524753,9.7495,1.625,0.859375,25.0,12.0,120000.0,20000.0,4.0,5.0,0.0,0
80.0,900,1.625,0.859375,0.0,8.0,80000.0,20000.0,4.0,1.0,0.0,3,100,0.0024752475247524753,-4.98,1.625,0.859375,0.0,8.0,80000.0,20000.0,4.0,1.0,0.0,1
80.0,1370,1.625,0.859375,0.0,8.0,80000.0,0.0,0.0,5.0,0.0,1,100,0.0024752475247524753,-4.98,1.625,0.859375,0.0,8.0,80000.0,0.0,0.0,5.0,0.0,1
80.0,3429,1.625,0.859375,25.0,25.0,400000.0,20000.0,4.0,2.0,0.0,1,100,0.0024752475247524753,-4.975,1.625,0.859375,25.0,25.0,400000.0,20000.0,4.0,2.0,0.0,1
80.0,4505,1.625,0.859375,37.5,25.0,400000.0,20000.0,4.0,3.0,0.0,2,100,0.0024752475247524753,-4.9625,1.625,0.859375,37.5,25.0,400000.0,20000.0,4.0,3.0,0.0,1
80.0,8838,1.625,0.859375,0.0,12.0,120000.0,0.0,0.0,3.0,0.0,2,100,0.0024752475247524753,-4.98,1.625,0.859375,0.0,12.0,120000.0,0.0,0.0,3.0,0.0,1
80.0,9731,1.625,0.859375,0.0,12.0,120000.0,0.0,0.0,3.0,0.0,2,100,0.0024752475247524753,-4.98,1.625,0.859375,0.0,12.0,120000.0,0.0,0.0,3.0,0.0,1
80.0,10171,1.625,0.859375,0.0,12.0,120000.0,0.0,0.0,2.0,0.0,2,100,0.0024752475247524753,-4.98,1.625,0.859375,0.0,12.0,120000.0,0.0,0.0,2.0,0.0,1
80.0,11988,1.625,0.859375,0.0,12.0,120000.0,0.0,0.0,1.0,0.0,2,100,0.0024752475247524753,-4.98,1.625,0.859375,0.0,12.0,120000.0,0.0,0.0,1.0,0.0,1
81.0,2,1.6049382716049383,0.8487654320987654,0.0,8.0,80000.0,20000.0,2.0,2.0,0.0,2,100,0.0024752475247524753,-4.98,1.6049382716049383,0.8487654320987654,0.0,8.0,80000.0,20000.0,2.0,2.0,0.0,1
81.0,1809,1.6049382716049383,0.8487654320987654,0.0,8.0,80000.0,0.0,0.0,4.0,0.0,2,100,0.0024752475247524753,-4.98,1.6049382716049383,0.8487654320987654,0.0,8.0,80000.0,0.0,0.0,4.0,0.0,1
81.0,2266,1.6049382716049383,0.8487654320987654,0.0,8.0,80000.0,0.0,0.0,5.0,0.0,2,100,0.0024752475247524753,-4.98,1.6049382716049383,0.8487654320987654,0.0,8.0,80000.0,0.0,0.0,5.0,0.0,1
81.0,3792,1.6049382716049383,0.8487654320987654,37.5,25.0,400000.0,20000.0,5.0,0.0,0.0,2,100,0.0024752475247524753,-4.9625,1.6049382716049383,0.8487654320987654,37.5,25.0,400000.0,20000.0,5.0,0.0,0.0,1
81.0,5242,1.6049382716049383,0.8487654320987654,12.5,12.0,120000.0,20000.0,3.0,6.0,0.0,2,100,0.0024752475247524753,-4.98,1.6049382716049383,0.8487654320987654,12.5,12.0,120000.0,20000.0,3.0,6.0,0.0,1
81.0,5690,1.6049382716049383,0.8487654320987654,12.5,12.0,120000.0,20000.0,3.0,2.0,0.0,3,100,0.0024752475247524753,-4.98,1.6049382716049383,0.8487654320987654,12.5,12.0,120000.0,20000.0,3.0,2.0,0.0,1
81.0,6122,1.6049382716049383,0.8487654320987654,12.5,12.0,120000.0,20000.0,4.0,3.0,0.0,3,100,0.0024752475247524753,-4.98,1.6049382716049383,0.8487654320987654,12.5,12.0,120000.0,20000.0,4.0,3.0,0.0,1
81.0,7041,1.6049382716049383,0.8487654320987654,25.0,12.0,120000.0,20000.0,4.0,4.0,0.0,2,100,0.0024752475247524753,-4.975,1.6049382716049383,0.8487654320987654,25.0,12.0,120000.0,20000.0,4.0,4.0,0.0,1
81.0,7489,1.6049382716049383,0.8487654320987654,12.5,12.0,120000.0,20000.0,3.0,5.0,0.0,2,100,0.0024752475247524753,-4.98,1.6049382716049383,0.8487654320987654,12.5,12.0,120000.0,20000.0,3.0,5.0,0.0,1
81.0,9282,1.6049382716049383,0.8487654320987654,0.0,12.0,120000.0,0.0,0.0,6.0,0.0,2,100,0.0024752475247524753,-4.98,1.6049382716049383,0.8487654320987654,0.0,12.0,120000.0,0.0,0.0,6.0,0.0,1
81.0,10631,1.6049382716049383,0.8487654320987654,0.0,12.0,120000.0,0.0,0.0,4.0,0.0,2,100,0.0024752475247524753,-4.98,1.6049382716049383,0.8487654320987654,0.0,12.0,120000.0,0.0,0.0,4.0,0.0,1
81.0,11533,1.6049382716049383,0.8487654320987654,0.0,12.0,120000.0,0.0,0.0,2.0,0.0,2,100,0.0024752475247524753,-4.98,1.6049382716049383,0.8487654320987654,0.0,12.0,120000.0,0.0,0.0,2.0,0.0,1
81.0,12427,1.6049382716049383,0.8487654320987654,0.0,12.0,120000.0,0.0,0.0,4.0,0.0,1,100,0.0024752475247524753,-4.98,1.6049382716049383,0.8487654320987654,0.0,12.0,120000.0,0.0,0.0,4.0,0.0,1
62.0,3423,1.4516129032258065,1.0416666666666665,0.0,25.0,400000.0,20000.0,2.0,2.0,0.0,1,100,0.0024752475247524753,9.61975,1.5853658536585367,0.8384146341463414,12.5,25.0,400000.0,20000.0,3.0,2.0,0.0,0
82.0,1371,1.5853658536585367,0.8384146341463414,0.0,8.0,80000.0,0.0,0.0,5.0,0.0,1,100,0.0024752475247524753,-4.98,1.5853658536585367,0.8384146341463414,0.0,8.0,80000.0,0.0,0.0,5.0,0.0,1
82.0,4153,1.5853658536585367,0.8384146341463414,0.0,25.0,400000.0,0.0,0.0,1.0,0.0,1,100,0.0024752475247524753,-4.9807500000000005,1.5853658536585367,0.8384146341463414,0.0,25.0,400000.0,0.0,0.0,1.0,0.0,1
82.0,4873,1.5853658536585367,0.8384146341463414,0.0,25.0,400000.0,0.0,0.0,5.0,0.0,1,100,0.0024752475247524753,-4.98,1.5853658536585367,0.8384146341463414,0.0,25.0,400000.0,0.0,0.0,5.0,0.0,1
82.0,6574,1.5853658536585367,0.8384146341463414,37.5,12.0,120000.0,20000.0,4.0,5.0,0.0,1,100,0.0024752475247524753,-4.9625,1.5853658536585367,0.8384146341463414,37.5,12.0,120000.0,20000.0,4.0,5.0,0.0,1
82.0,8839,1.5853658536585367,0.8384146341463414,0.0,12.0,120000.0,0.0,0.0,3.0,0.0,1,100,0.0024752475247524753,-4.98,1.5853658536585367,0.8384146341463414,0.0,12.0,120000.0,0.0,0.0,3.0,0.0,1
82.0,9732,1.5853658536585367,0.8384146341463414,0.0,12.0,120000.0,0.0,0.0,3.0,0.0,1,100,0.0024752475247524753,-4.98,1.5853658536585367,0.8384146341463414,0.0,12.0,120000.0,0.0,0.0,3.0,0.0,1
82.0,10172,1.5853658536585367,0.8384146341463414,0.0,12.0,120000.0,0.0,0.0,2.0,0.0,3,100,0.0024752475247524753,-4.98,1.5853658536585367,0.8384146341463414,0.0,12.0,120000.0,0.0,0.0,2.0,0.0,1
82.0,11989,1.5853658536585367,0.8384146341463414,0.0,12.0,120000.0,0.0,0.0,1.0,0.0,3,100,0.0024752475247524753,-4.98,1.5853658536585367,0.8384146341463414,0.0,12.0,120000.0,0.0,0.0,1.0,0.0,1
76.0,6571,1.710526315789474,0.9046052631578947,12.5,12.0,120000.0,20000.0,2.0,5.0,0.0,0,0,0.0024752475247524753,9.749082916666666,1.5851723466440255,0.838312298705975,25.0,12.0,120000.0,20000.0,3.0,5.0,0.0,0
77.0,6120,1.6883116883116882,0.8928571428571429,0.0,12.0,120000.0,20000.0,3.0,3.0,0.0,0,0,0.0024752475247524753,9.75,1.566265060240964,0.8283132530120482,0.0,12.0,120000.0,20000.0,3.0,3.0,0.0,0
83.0,3,1.566265060240964,0.8283132530120482,0.0,8.0,80000.0,20000.0,2.0,2.0,0.0,3,100,0.0024752475247524753,-4.98,1.566265060240964,0.8283132530120482,0.0,8.0,80000.0,20000.0,2.0,2.0,0.0,1
83.0,1810,1.566265060240964,0.8283132530120482,0.0,8.0,80000.0,0.0,0.0,4.0,0.0,3,100,0.0024752475247524753,-4.98,1.566265060240964,0.8283132530120482,0.0,8.0,80000.0,0.0,0.0,4.0,0.0,1
83.0,2267,1.566265060240964,0.8283132530120482,0.0,8.0,80000.0,0.0,0.0,5.0,0.0,3,100,0.0024752475247524753,-4.98,1.566265060240964,0.8283132530120482,0.0,8.0,80000.0,0.0,0.0,5.0,0.0,1
83.0,3430,1.566265060240964,0.8283132530120482,12.5,25.0,400000.0,20000.0,3.0,2.0,0.0,3,100,0.0024752475247524753,-4.98,1.566265060240964,0.8283132530120482,12.5,25.0,400000.0,20000.0,3.0,2.0,0.0,1
83.0,4506,1.566265060240964,0.8283132530120482,37.5,25.0,400000.0,20000.0,4.0,3.0,0.0,1,100,0.0024752475247524753,-4.9625,1.566265060240964,0.8283132530120482,37.5,25.0,400000.0,20000.0,4.0,3.0,0.0,1
83.0,5243,1.566265060240964,0.8283132530120482,12.5,12.0,120000.0,20000.0,3.0,5.0,0.0,1,100,0.0024752475247524753,-4.98,1.566265060240964,0.8283132530120482,12.5,12.0,120000.0,20000.0,3.0,5.0,0.0,1
83.0,5691,1.566265060240964,0.8283132530120482,12.5,12.0,120000.0,20000.0,3.0,2.0,0.0,3,100,0.0024752475247524753,-4.98,1.566265060240964,0.8283132530120482,12.5,12.0,120000.0,20000.0,3.0,2.0,0.0,1
83.0,6123,1.566265060240964,0.8283132530120482,0.0,12.0,120000.0,20000.0,3.0,3.0,0.0,3,100,0.0024752475247524753,-4.98,1.566265060240964,0.8283132530120482,0.0,12.0,120000.0,20000.0,3.0,3.0,0.0,1
83.0,7042,1.566265060240964,0.8283132530120482,25.0,12.0,120000.0,20000.0,4.0,4.0,0.0,3,100,0.0024752475247524753,-4.975,1.566265060240964,0.8283132530120482,25.0,12.0,120000.0,20000.0,4.0,4.0,0.0,1
83.0,7490,1.566265060240964,0.8283132530120482,12.5,12.0,120000.0,20000.0,3.0,5.0,0.0,3,100,0.0024752475247524753,-4.98,1.566265060240964,0.8283132530120482,12.5,12.0,120000.0,20000.0,3.0,5.0,0.0,1
83.0,9283,1.566265060240964,0.8283132530120482,0.0,12.0,120000.0,0.0,0.0,6.0,0.0,3,100,0.0024752475247524753,-4.98,1.566265060240964,0.8283132530120482,0.0,12.0,120000.0,0.0,0.0,6.0,0.0,1
83.0,10632,1.566265060240964,0.8283132530120482,0.0,12.0,120000.0,0.0,0.0,4.0,0.0,1,100,0.0024752475247524753,-4.98,1.566265060240964,0.8283132530120482,0.0,12.0,120000.0,0.0,0.0,4.0,0.0,1
83.0,11534,1.566265060240964,0.8283132530120482,0.0,12.0,120000.0,0.0,0.0,2.0,0.0,1,100,0.0024752475247524753,-4.98,1.566265060240964,0.8283132530120482,0.0,12.0,120000.0,0.0,0.0,2.0,0.0,1
83.0,12428,1.566265060240964,0.8283132530120482,0.0,12.0,120000.0,0.0,0.0,4.0,0.0,1,100,0.0024752475247524753,-4.98,1.566265060240964,0.8283132530120482,0.0,12.0,120000.0,0.0,0.0,4.0,0.0,1
55.0,4864,0.8181818181818182,0.7954545454545455,0.0,25.0,400000.0,0.0,0.0,5.0,0.34,1,100,0.0024752475247524753,-3.5402001999999997,1.566076187679052,0.8282133684841143,0.0,25.0,400000.0,0.0,0.0,5.0,0.0,1
51.0,3782,0.49019607843137253,0.4901960784313726,25.0,25.0,400000.0,20000.0,3.0,2.0,0.55,1,100,0.0024752475247524753,-3.6152002,1.566076187679052,0.8282133684841143,37.5,25.0,400000.0,20000.0,6.0,0.0,0.0,1
77.0,5240,1.6883116883116882,0.8928571428571429,0.0,12.0,120000.0,20000.0,2.0,6.0,0.0,0,0,0.0024752475247524753,9.749582916666666,1.566076187679052,0.8282133684841143,0.0,12.0,120000.0,20000.0,2.0,5.0,0.0,0
77.0,5688,1.6883116883116882,0.8928571428571429,0.0,12.0,120000.0,20000.0,2.0,2.0,0.0,0,0,0.0024752475247524753,9.749582916666666,1.566076187679052,0.8282133684841143,0.0,12.0,120000.0,20000.0,2.0,2.0,0.0,0
77.0,7039,1.6883116883116882,0.8928571428571429,12.5,12.0,120000.0,20000.0,3.0,4.0,0.0,0,0,0.0024752475247524753,9.749582916666666,1.566076187679052,0.8282133684841143,0.0,12.0,120000.0,20000.0,2.0,4.0,0.0,0
84.0,902,1.5476190476190477,0.8184523809523809,12.5,8.0,80000.0,20000.0,6.0,1.0,0.0,1,100,0.0024752475247524753,-4.98,1.5476190476190477,0.8184523809523809,12.5,8.0,80000.0,20000.0,6.0,1.0,0.0,1
84.0,1372,1.5476190476190477,0.8184523809523809,0.0,8.0,80000.0,0.0,0.0,5.0,0.0,2,100,0.0024752475247524753,-4.98,1.5476190476190477,0.8184523809523809,0.0,8.0,80000.0,0.0,0.0,5.0,0.0,1
84.0,3793,1.5476190476190477,0.8184523809523809,37.5,25.0,400000.0,20000.0,6.0,0.0,0.0,2,100,0.0024752475247524753,-4.9625,1.5476190476190477,0.8184523809523809,37.5,25.0,400000.0,20000.0,6.0,0.0,0.0,1
84.0,6575,1.5476190476190477,0.8184523809523809,25.0,12.0,120000.0,20000.0,3.0,5.0,0.0,2,100,0.0024752475247524753,-4.975,1.5476190476190477,0.8184523809523809,25.0,12.0,120000.0,20000.0,3.0,5.0,0.0,1
84.0,8840,1.5476190476190477,0.8184523809523809,0.0,12.0,120000.0,0.0,0.0,3.0,0.0,2,100,0.0024752475247524753,-4.98,1.5476190476190477,0.8184523809523809,0.0,12.0,120000.0,0.0,0.0,3.0,0.0,1
84.0,9733,1.5476190476190477,0.8184523809523809,0.0,12.0,120000.0,0.0,0.0,3.0,0.0,3,100,0.0024752475247524753,-4.98,1.5476190476190477,0.8184523809523809,0.0,12.0,120000.0,0.0,0.0,3.0,0.0,1
84.0,10173,1.5476190476190477,0.8184523809523809,0.0,12.0,120000.0,0.0,0.0,2.0,0.0,3,100,0.0024752475247524753,-4.98,1.5476190476190477,0.8184523809523809,0.0,12.0,120000.0,0.0,0.0,2.0,0.0,1
84.0,11990,1.5476190476190477,0.8184523809523809,0.0,12.0,120000.0,0.0,0.0,1.0,0.0,1,41,0.0024752475247524753,-4.980500000000001,1.5476190476190477,0.8184523809523809,0.0,12.0,120000.0,0.0,0.0,1.0,0.0,1
78.0,6572,1.6666666666666667,0.8814102564102565,25.0,12.0,120000.0,20000.0,3.0,5.0,0.0,0,0,0.0024752475247524753,9.749332916666667,1.5474346449905196,0.8183548603315248,12.5,12.0,120000.0,20000.0,2.0,5.0,0.0,0
85.0,4,1.5294117647058825,0.8088235294117647,0.0,8.0,80000.0,20000.0,2.0,2.0,0.0,1,41,0.0024752475247524753,-4.98,1.5294117647058825,0.8088235294117647,0.0,8.0,80000.0,20000.0,2.0,2.0,0.0,1
85.0,1811,1.5294117647058825,0.8088235294117647,0.0,8.0,80000.0,0.0,0.0,4.0,0.0,1,41,0.0024752475247524753,-4.98,1.5294117647058825,0.8088235294117647,0.0,8.0,80000.0,0.0,0.0,4.0,0.0,1
85.0,2268,1.5294117647058825,0.8088235294117647,0.0,8.0,80000.0,0.0,0.0,5.0,0.0,1,41,0.0024752475247524753,-4.98,1.5294117647058825,0.8088235294117647,0.0,8.0,80000.0,0.0,0.0,5.0,0.0,1
85.0,4154,1.5294117647058825,0.8088235294117647,0.0,25.0,400000.0,0.0,0.0,1.0,0.0,1,98,0.0024752475247524753,-4.9807500000000005,1.5294117647058825,0.8088235294117647,0.0,25.0,400000.0,0.0,0.0,1.0,0.0,1
85.0,4874,1.5294117647058825,0.8088235294117647,0.0,25.0,400000.0,0.0,0.0,5.0,0.0,1,98,0.0024752475247524753,-4.98,1.5294117647058825,0.8088235294117647,0.0,25.0,400000.0,0.0,0.0,5.0,0.0,1
85.0,5244,1.5294117647058825,0.8088235294117647,0.0,12.0,120000.0,20000.0,2.0,5.0,0.0,3,100,0.0024752475247524753,-4.98,1.5294117647058825,0.8088235294117647,0.0,12.0,120000.0,20000.0,2.0,5.0,0.0,1
85.0,5692,1.5294117647058825,0.8088235294117647,0.0,12.0,120000.0,20000.0,2.0,2.0,0.0,3,100,0.0024752475247524753,-4.98,1.5294117647058825,0.8088235294117647,0.0,12.0,120000.0,20000.0,2.0,2.0,0.0,1
85.0,6124,1.5294117647058825,0.8088235294117647,0.0,12.0,120000.0,20000.0,3.0,3.0,0.0,3,100,0.0024752475247524753,-4.98,1.5294117647058825,0.8088235294117647,0.0,12.0,120000.0,20000.0,3.0,3.0,0.0,1
85.0,7043,1.5294117647058825,0.8088235294117647,0.0,12.0,120000.0,20000.0,3.0,4.0,0.0,3,100,0.0024752475247524753,-4.98,1.5294117647058825,0.8088235294117647,0.0,12.0,120000.0,20000.0,3.0,4.0,0.0,1
85.0,7491,1.5294117647058825,0.8088235294117647,0.0,12.0,120000.0,20000.0,2.0,5.0,0.0,2,100,0.0024752475247524753,-4.98,1.5294117647058825,0.8088235294117647,0.0,12.0,120000.0,20000.0,2.0,5.0,0.0,1
85.0,7942,1.5294117647058825,0.8088235294117647,25.0,12.0,120000.0,20000.0,5.0,5.0,0.0,2,100,0.0024752475247524753,-4.975,1.5294117647058825,0.8088235294117647,25.0,12.0,120000.0,20000.0,5.0,5.0,0.0,1
85.0,9284,1.5294117647058825,0.8088235294117647,0.0,12.0,120000.0,0.0,0.0,6.0,0.0,2,100,0.0024752475247524753,-4.98,1.5294117647058825,0.8088235294117647,0.0,12.0,120000.0,0.0,0.0,6.0,0.0,1
85.0,10633,1.5294117647058825,0.8088235294117647,0.0,12.0,120000.0,0.0,0.0,4.0,0.0,2,100,0.0024752475247524753,-4.98,1.5294117647058825,0.8088235294117647,0.0,12.0,120000.0,0.0,0.0,4.0,0.0,1
85.0,11535,1.5294117647058825,0.8088235294117647,0.0,12.0,120000.0,0.0,0.0,2.0,0.0,3,100,0.0024752475247524753,-4.98,1.5294117647058825,0.8088235294117647,0.0,12.0,120000.0,0.0,0.0,2.0,0.0,1
85.0,12429,1.5294117647058825,0.8088235294117647,0.0,12.0,120000.0,0.0,0.0,4.0,0.0,3,100,0.0024752475247524753,-4.98,1.5294117647058825,0.8088235294117647,0.0,12.0,120000.0,0.0,0.0,4.0,0.0,1
82.0,901,1.5853658536585367,0.8384146341463414,0.0,8.0,80000.0,20000.0,4.0,1.0,0.0,1,100,0.0024752475247524753,9.77,1.5116279069767442,0.7994186046511628,0.0,8.0,80000.0,20000.0,5.0,1.0,0.0,0
86.0,903,1.5116279069767442,0.7994186046511628,0.0,8.0,80000.0,20000.0,5.0,1.0,0.0,3,100,0.0024752475247524753,-4.98,1.5116279069767442,0.7994186046511628,0.0,8.0,80000.0,20000.0,5.0,1.0,0.0,1
86.0,1373,1.5116279069767442,0.7994186046511628,0.0,8.0,80000.0,0.0,0.0,5.0,0.0,3,100,0.0024752475247524753,-4.98,1.5116279069767442,0.7994186046511628,0.0,8.0,80000.0,0.0,0.0,5.0,0.0,1
86.0,3431,1.5116279069767442,0.7994186046511628,12.5,25.0,400000.0,20000.0,3.0,2.0,0.0,3,100,0.0024752475247524753,-4.98,1.5116279069767442,0.7994186046511628,12.5,25.0,400000.0,20000.0,3.0,2.0,0.0,1
86.0,4507,1.5116279069767442,0.7994186046511628,37.5,25.0,400000.0,20000.0,4.0,3.0,0.0,3,100,0.0024752475247524753,-4.9625,1.5116279069767442,0.7994186046511628,37.5,25.0,400000.0,20000.0,4.0,3.0,0.0,1
86.0,6576,1.5116279069767442,0.7994186046511628,12.5,12.0,120000.0,20000.0,2.0,5.0,0.0,2,100,0.0024752475247524753,-4.98,1.5116279069767442,0.7994186046511628,12.5,12.0,120000.0,20000.0,2.0,5.0,0.0,1
86.0,8841,1.5116279069767442,0.7994186046511628,0.0,12.0,120000.0,0.0,0.0,3.0,0.0,2,100,0.0024752475247524753,-4.98,1.5116279069767442,0.7994186046511628,0.0,12.0,120000.0,0.0,0.0,3.0,0.0,1
86.0,9734,1.5116279069767442,0.7994186046511628,0.0,12.0,120000.0,0.0,0.0,3.0,0.0,2,100,0.0024752475247524753,-4.98,1.5116279069767442,0.7994186046511628,0.0,12.0,120000.0,0.0,0.0,3.0,0.0,1
86.0,10174,1.5116279069767442,0.7994186046511628,0.0,12.0,120000.0,0.0,0.0,2.0,0.0,2,100,0.0024752475247524753,-4.98,1.5116279069767442,0.7994186046511628,0.0,12.0,120000.0,0.0,0.0,2.0,0.0,1
86.0,11991,1.5116279069767442,0.7994186046511628,0.0,12.0,120000.0,0.0,0.0,1.0,0.0,3,100,0.0024752475247524753,-4.98,1.5116279069767442,0.7994186046511628,0.0,12.0,120000.0,0.0,0.0,1.0,0.0,1
80.0,6573,1.625,0.859375,25.0,12.0,120000.0,20000.0,3.0,5.0,0.0,0,0,0.0024752475247524753,9.749582916666666,1.5114519809961655,0.7993255668729723,0.0,12.0,120000.0,20000.0,1.0,5.0,0.0,0
66.0,3787,1.9696969696969695,1.0101010101010102,12.5,25.0,400000.0,20000.0,2.0,1.0,0.0,1,100,0.0024752475247524753,9.619299799999999,1.5114519809961655,0.7993255668729723,25.0,25.0,400000.0,20000.0,6.0,0.0,0.0,0
81.0,7940,1.6049382716049383,0.8487654320987654,0.0,12.0,120000.0,20000.0,2.0,4.0,0.0,0,0,0.0024752475247524753,9.74975,1.4942528735632183,0.7902298850574713,12.5,12.0,120000.0,20000.0,5.0,5.0,0.0,0
87.0,5,1.4942528735632183,0.7902298850574713,0.0,8.0,80000.0,20000.0,2.0,2.0,0.0,3,100,0.0024752475247524753,-4.98,1.4942528735632183,0.7902298850574713,0.0,8.0,80000.0,20000.0,2.0,2.0,0.0,1
87.0,1812,1.4942528735632183,0.7902298850574713,0.0,8.0,80000.0,0.0,0.0,4.0,0.0,3,100,0.0024752475247524753,-4.98,1.4942528735632183,0.7902298850574713,0.0,8.0,80000.0,0.0,0.0,4.0,0.0,1
87.0,2269,1.4942528735632183,0.7902298850574713,0.0,8.0,80000.0,0.0,0.0,5.0,0.0,3,100,0.0024752475247524753,-4.98,1.4942528735632183,0.7902298850574713,0.0,8.0,80000.0,0.0,0.0,5.0,0.0,1
87.0,6125,1.4942528735632183,0.7902298850574713,0.0,12.0,120000.0,20000.0,3.0,3.0,0.0,1,100,0.0024752475247524753,-4.98,1.4942528735632183,0.7902298850574713,0.0,12.0,120000.0,20000.0,3.0,3.0,0.0,1
87.0,7044,1.4942528735632183,0.7902298850574713,0.0,12.0,120000.0,20000.0,3.0,4.0,0.0,1,100,0.0024752475247524753,-4.98,1.4942528735632183,0.7902298850574713,0.0,12.0,120000.0,20000.0,3.0,4.0,0.0,1
87.0,9285,1.4942528735632183,0.7902298850574713,0.0,12.0,120000.0,0.0,0.0,6.0,0.0,2,100,0.0024752475247524753,-4.98,1.4942528735632183,0.7902298850574713,0.0,12.0,120000.0,0.0,0.0,6.0,0.0,1
87.0,10634,1.4942528735632183,0.7902298850574713,0.0,12.0,120000.0,0.0,0.0,4.0,0.0,2,100,0.0024752475247524753,-4.98,1.4942528735632183,0.7902298850574713,0.0,12.0,120000.0,0.0,0.0,4.0,0.0,1
87.0,11536,1.4942528735632183,0.7902298850574713,0.0,12.0,120000.0,0.0,0.0,2.0,0.0,3,100,0.0024752475247524753,-4.98,1.4942528735632183,0.7902298850574713,0.0,12.0,120000.0,0.0,0.0,2.0,0.0,1
87.0,12430,1.4942528735632183,0.7902298850574713,0.0,12.0,120000.0,0.0,0.0,4.0,0.0,3,100,0.0024752475247524753,-4.98,1.4942528735632183,0.7902298850574713,0.0,12.0,120000.0,0.0,0.0,4.0,0.0,1
88.0,904,1.4772727272727273,0.78125,0.0,8.0,80000.0,20000.0,5.0,1.0,0.0,2,100,0.0024752475247524753,-4.98,1.4772727272727273,0.78125,0.0,8.0,80000.0,20000.0,5.0,1.0,0.0,1
88.0,1374,1.4772727272727273,0.78125,0.0,8.0,80000.0,0.0,0.0,5.0,0.0,2,100,0.0024752475247524753,-4.98,1.4772727272727273,0.78125,0.0,8.0,80000.0,0.0,0.0,5.0,0.0,1
88.0,4155,1.4772727272727273,0.78125,0.0,25.0,400000.0,0.0,0.0,1.0,0.0,2,100,0.0024752475247524753,-4.98,1.4772727272727273,0.78125,0.0,25.0,400000.0,0.0,0.0,1.0,0.0,1
88.0,4875,1.4772727272727273,0.78125,0.0,25.0,400000.0,0.0,0.0,5.0,0.0,2,100,0.0024752475247524753,-4.98,1.4772727272727273,0.78125,0.0,25.0,400000.0,0.0,0.0,5.0,0.0,1
88.0,6577,1.4772727272727273,0.78125,0.0,12.0,120000.0,20000.0,1.0,5.0,0.0,3,99,0.0024752475247524753,-4.98,1.4772727272727273,0.78125,0.0,12.0,120000.0,20000.0,1.0,5.0,0.0,1
88.0,8842,1.4772727272727273,0.78125,0.0,12.0,120000.0,0.0,0.0,3.0,0.0,3,99,0.0024752475247524753,-4.98,1.4772727272727273,0.78125,0.0,12.0,120000.0,0.0,0.0,3.0,0.0,1
88.0,9735,1.4772727272727273,0.78125,0.0,12.0,120000.0,0.0,0.0,3.0,0.0,2,100,0.0024752475247524753,-4.98,1.4772727272727273,0.78125,0.0,12.0,120000.0,0.0,0.0,3.0,0.0,1
88.0,10175,1.4772727272727273,0.78125,0.0,12.0,120000.0,0.0,0.0,2.0,0.0,2,100,0.0024752475247524753,-4.98,1.4772727272727273,0.78125,0.0,12.0,120000.0,0.0,0.0,2.0,0.0,1
88.0,11992,1.4772727272727273,0.78125,0.0,12.0,120000.0,0.0,0.0,1.0,0.0,2,71,0.0024752475247524753,-4.98,1.4772727272727273,0.78125,0.0,12.0,120000.0,0.0,0.0,1.0,0.0,1
89.0,6,1.4606741573033708,0.7724719101123596,0.0,8.0,80000.0,20000.0,2.0,2.0,0.0,2,71,0.0024752475247524753,-4.98,1.4606741573033708,0.7724719101123596,0.0,8.0,80000.0,20000.0,2.0,2.0,0.0,1
89.0,450,1.4606741573033708,0.7724719101123596,0.0,8.0,80000.0,20000.0,3.0,4.0,0.0,2,100,0.0024752475247524753,-4.98,1.4606741573033708,0.7724719101123596,0.0,8.0,80000.0,20000.0,4.0,4.0,0.0,1
89.0,1813,1.4606741573033708,0.7724719101123596,0.0,8.0,80000.0,0.0,0.0,4.0,0.0,2,100,0.0024752475247524753,-4.98,1.4606741573033708,0.7724719101123596,0.0,8.0,80000.0,0.0,0.0,4.0,0.0,1
89.0,2270,1.4606741573033708,0.7724719101123596,0.0,8.0,80000.0,0.0,0.0,5.0,0.0,1,81,0.0024752475247524753,-4.98,1.4606741573033708,0.7724719101123596,0.0,8.0,80000.0,0.0,0.0,5.0,0.0,1
89.0,2700,1.4606741573033708,0.7724719101123596,0.0,25.0,400000.0,20000.0,2.0,4.0,0.0,1,81,0.0024752475247524753,-4.98,1.4606741573033708,0.7724719101123596,0.0,25.0,400000.0,20000.0,2.0,4.0,0.0,1
89.0,3432,1.4606741573033708,0.7724719101123596,12.5,25.0,400000.0,20000.0,3.0,2.0,0.0,1,100,0.0024752475247524753,-4.98,1.4606741573033708,0.7724719101123596,12.5,25.0,400000.0,20000.0,3.0,2.0,0.0,1
89.0,4508,1.4606741573033708,0.7724719101123596,37.5,25.0,400000.0,20000.0,4.0,3.0,0.0,1,100,0.0024752475247524753,-4.9625,1.4606741573033708,0.7724719101123596,37.5,25.0,400000.0,20000.0,4.0,3.0,0.0,1
89.0,5694,1.4606741573033708,0.7724719101123596,12.5,12.0,120000.0,20000.0,3.0,2.0,0.0,3,100,0.0024752475247524753,-4.98,1.4606741573033708,0.7724719101123596,12.5,12.0,120000.0,20000.0,3.0,2.0,0.0,1
89.0,6126,1.4606741573033708,0.7724719101123596,0.0,12.0,120000.0,20000.0,3.0,3.0,0.0,3,100,0.0024752475247524753,-4.98,1.4606741573033708,0.7724719101123596,0.0,12.0,120000.0,20000.0,3.0,3.0,0.0,1
89.0,7493,1.4606741573033708,0.7724719101123596,12.5,12.0,120000.0,20000.0,4.0,5.0,0.0,3,100,0.0024752475247524753,-4.98,1.4606741573033708,0.7724719101123596,12.5,12.0,120000.0,20000.0,4.0,5.0,0.0,1
89.0,7944,1.4606741573033708,0.7724719101123596,25.0,12.0,120000.0,20000.0,5.0,4.0,0.0,3,100,0.0024752475247524753,-4.975,1.4606741573033708,0.7724719101123596,25.0,12.0,120000.0,20000.0,5.0,4.0,0.0,1
89.0,9286,1.4606741573033708,0.7724719101123596,0.0,12.0,120000.0,0.0,0.0,6.0,0.0,2,100,0.0024752475247524753,-4.98,1.4606741573033708,0.7724719101123596,0.0,12.0,120000.0,0.0,0.0,6.0,0.0,1
89.0,10635,1.4606741573033708,0.7724719101123596,0.0,12.0,120000.0,0.0,0.0,4.0,0.0,2,100,0.0024752475247524753,-4.98,1.4606741573033708,0.7724719101123596,0.0,12.0,120000.0,0.0,0.0,4.0,0.0,1
89.0,11537,1.4606741573033708,0.7724719101123596,0.0,12.0,120000.0,0.0,0.0,2.0,0.0,3,100,0.0024752475247524753,-4.98,1.4606741573033708,0.7724719101123596,0.0,12.0,120000.0,0.0,0.0,2.0,0.0,1
89.0,12431,1.4606741573033708,0.7724719101123596,0.0,12.0,120000.0,0.0,0.0,4.0,0.0,3,100,0.0024752475247524753,-4.98,1.4606741573033708,0.7724719101123596,0.0,12.0,120000.0,0.0,0.0,4.0,0.0,1
83.0,7941,1.566265060240964,0.8283132530120482,12.5,12.0,120000.0,20000.0,3.0,5.0,0.0,0,0,0.0024752475247524753,9.749332916666667,1.460509890966196,0.7723850384917382,12.5,12.0,120000.0,20000.0,4.0,4.0,0.0,0
90.0,6578,1.4444444444444444,0.7638888888888887,0.0,12.0,120000.0,20000.0,1.0,5.0,0.0,1,100,0.0024752475247524753,-4.98,1.4444444444444444,0.7638888888888887,0.0,12.0,120000.0,20000.0,1.0,5.0,0.0,1
90.0,8843,1.4444444444444444,0.7638888888888887,0.0,12.0,120000.0,0.0,0.0,3.0,0.0,1,100,0.0024752475247524753,-4.98,1.4444444444444444,0.7638888888888887,0.0,12.0,120000.0,0.0,0.0,3.0,0.0,1
90.0,9736,1.4444444444444444,0.7638888888888887,0.0,12.0,120000.0,0.0,0.0,3.0,0.0,1,100,0.0024752475247524753,-4.98,1.4444444444444444,0.7638888888888887,0.0,12.0,120000.0,0.0,0.0,3.0,0.0,1
90.0,10176,1.4444444444444444,0.7638888888888887,0.0,12.0,120000.0,0.0,0.0,2.0,0.0,1,100,0.0024752475247524753,-4.98,1.4444444444444444,0.7638888888888887,0.0,12.0,120000.0,0.0,0.0,2.0,0.0,1
90.0,11070,1.4444444444444444,0.7638888888888887,0.0,12.0,120000.0,0.0,0.0,4.0,0.0,1,100,0.0024752475247524753,-4.98,1.4444444444444444,0.7638888888888887,0.0,12.0,120000.0,0.0,0.0,4.0,0.0,1
90.0,11993,1.4444444444444444,0.7638888888888887,0.0,12.0,120000.0,0.0,0.0,1.0,0.0,1,100,0.0024752475247524753,-4.98025,1.4444444444444444,0.7638888888888887,0.0,12.0,120000.0,0.0,0.0,1.0,0.0,1
71.0,4502,1.8309859154929577,0.9683098591549295,0.0,25.0,400000.0,20000.0,1.0,3.0,0.0,0,0,0.0024752475247524753,9.599499999999999,1.4285714285714286,0.7554945054945054,25.0,25.0,400000.0,20000.0,3.0,3.0,0.0,0
91.0,7,1.4285714285714286,0.7554945054945054,0.0,8.0,80000.0,20000.0,2.0,2.0,0.0,2,100,0.0024752475247524753,-4.98,1.4285714285714286,0.7554945054945054,0.0,8.0,80000.0,20000.0,2.0,2.0,0.0,1
91.0,451,1.4285714285714286,0.7554945054945054,0.0,8.0,80000.0,20000.0,4.0,4.0,0.0,2,100,0.0024752475247524753,-4.98,1.4285714285714286,0.7554945054945054,0.0,8.0,80000.0,20000.0,4.0,4.0,0.0,1
91.0,1814,1.4285714285714286,0.7554945054945054,0.0,8.0,80000.0,0.0,0.0,4.0,0.0,3,100,0.0024752475247524753,-4.98,1.4285714285714286,0.7554945054945054,0.0,8.0,80000.0,0.0,0.0,4.0,0.0,1
91.0,2271,1.4285714285714286,0.7554945054945054,0.0,8.0,80000.0,0.0,0.0,5.0,0.0,3,100,0.0024752475247524753,-4.98,1.4285714285714286,0.7554945054945054,0.0,8.0,80000.0,0.0,0.0,5.0,0.0,1
91.0,4156,1.4285714285714286,0.7554945054945054,0.0,25.0,400000.0,0.0,0.0,1.0,0.0,1,100,0.0024752475247524753,-4.981,1.4285714285714286,0.7554945054945054,0.0,25.0,400000.0,0.0,0.0,1.0,0.0,1
91.0,4876,1.4285714285714286,0.7554945054945054,0.0,25.0,400000.0,0.0,0.0,5.0,0.0,1,100,0.0024752475247524753,-4.98,1.4285714285714286,0.7554945054945054,0.0,25.0,400000.0,0.0,0.0,5.0,0.0,1
91.0,9287,1.4285714285714286,0.7554945054945054,0.0,12.0,120000.0,0.0,0.0,6.0,0.0,2,100,0.0024752475247524753,-4.98,1.4285714285714286,0.7554945054945054,0.0,12.0,120000.0,0.0,0.0,6.0,0.0,1
91.0,10636,1.4285714285714286,0.7554945054945054,0.0,12.0,120000.0,0.0,0.0,4.0,0.0,2,100,0.0024752475247524753,-4.98,1.4285714285714286,0.7554945054945054,0.0,12.0,120000.0,0.0,0.0,4.0,0.0,1
91.0,11538,1.4285714285714286,0.7554945054945054,0.0,12.0,120000.0,0.0,0.0,2.0,0.0,3,34,0.0024752475247524753,-4.98,1.4285714285714286,0.7554945054945054,0.0,12.0,120000.0,0.0,0.0,2.0,0.0,1
91.0,12432,1.4285714285714286,0.7554945054945054,0.0,12.0,120000.0,0.0,0.0,4.0,0.0,3,34,0.0024752475247524753,-4.98,1.4285714285714286,0.7554945054945054,0.0,12.0,120000.0,0.0,0.0,4.0,0.0,1
92.0,906,1.4130434782608696,0.7472826086956521,12.5,8.0,80000.0,20000.0,7.0,1.0,0.0,3,100,0.0024752475247524753,-4.98,1.4130434782608696,0.7472826086956521,12.5,8.0,80000.0,20000.0,7.0,1.0,0.0,1
92.0,2701,1.4130434782608696,0.7472826086956521,0.0,25.0,400000.0,20000.0,2.0,4.0,0.0,3,100,0.0024752475247524753,-4.98,1.4130434782608696,0.7472826086956521,0.0,25.0,400000.0,20000.0,2.0,4.0,0.0,1
92.0,3433,1.4130434782608696,0.7472826086956521,12.5,25.0,400000.0,20000.0,3.0,2.0,0.0,1,100,0.0024752475247524753,-4.98,1.4130434782608696,0.7472826086956521,12.5,25.0,400000.0,20000.0,3.0,2.0,0.0,1
92.0,4509,1.4130434782608696,0.7472826086956521,25.0,25.0,400000.0,20000.0,3.0,3.0,0.0,1,100,0.0024752475247524753,-4.975,1.4130434782608696,0.7472826086956521,25.0,25.0,400000.0,20000.0,3.0,3.0,0.0,1
92.0,8844,1.4130434782608696,0.7472826086956521,0.0,12.0,120000.0,0.0,0.0,3.0,0.0,3,100,0.0024752475247524753,-4.98,1.4130434782608696,0.7472826086956521,0.0,12.0,120000.0,0.0,0.0,3.0,0.0,1
92.0,9737,1.4130434782608696,0.7472826086956521,0.0,12.0,120000.0,0.0,0.0,3.0,0.0,3,100,0.0024752475247524753,-4.98,1.4130434782608696,0.7472826086956521,0.0,12.0,120000.0,0.0,0.0,3.0,0.0,1
92.0,10177,1.4130434782608696,0.7472826086956521,0.0,12.0,120000.0,0.0,0.0,2.0,0.0,3,100,0.0024752475247524753,-4.98,1.4130434782608696,0.7472826086956521,0.0,12.0,120000.0,0.0,0.0,2.0,0.0,1
92.0,11071,1.4130434782608696,0.7472826086956521,0.0,12.0,120000.0,0.0,0.0,4.0,0.0,3,100,0.0024752475247524753,-4.98,1.4130434782608696,0.7472826086956521,0.0,12.0,120000.0,0.0,0.0,4.0,0.0,1
92.0,11994,1.4130434782608696,0.7472826086956521,0.0,12.0,120000.0,0.0,0.0,1.0,0.0,3,100,0.0024752475247524753,-4.98,1.4130434782608696,0.7472826086956521,0.0,12.0,120000.0,0.0,0.0,1.0,0.0,1
87.0,5693,1.4942528735632183,0.7902298850574713,0.0,12.0,120000.0,20000.0,2.0,2.0,0.0,0,0,0.0024752475247524753,9.75,1.3978494623655915,0.739247311827957,0.0,12.0,120000.0,20000.0,2.0,2.0,0.0,0
87.0,7492,1.4942528735632183,0.7902298850574713,0.0,12.0,120000.0,20000.0,3.0,5.0,0.0,0,0,0.0024752475247524753,9.74975,1.3978494623655915,0.739247311827957,12.5,12.0,120000.0,20000.0,4.0,5.0,0.0,0
93.0,8,1.3978494623655915,0.739247311827957,0.0,8.0,80000.0,20000.0,2.0,2.0,0.0,2,100,0.0024752475247524753,-4.98,1.3978494623655915,0.739247311827957,0.0,8.0,80000.0,20000.0,2.0,2.0,0.0,1
93.0,452,1.3978494623655915,0.739247311827957,0.0,8.0,80000.0,20000.0,5.0,4.0,0.0,2,100,0.0024752475247524753,-4.98,1.3978494623655915,0.739247311827957,0.0,8.0,80000.0,20000.0,5.0,4.0,0.0,1
93.0,1815,1.3978494623655915,0.739247311827957,0.0,8.0,80000.0,0.0,0.0,4.0,0.0,3,100,0.0024752475247524753,-4.98,1.3978494623655915,0.739247311827957,0.0,8.0,80000.0,0.0,0.0,4.0,0.0,1
93.0,2272,1.3978494623655915,0.739247311827957,0.0,8.0,80000.0,0.0,0.0,5.0,0.0,3,100,0.0024752475247524753,-4.98,1.3978494623655915,0.739247311827957,0.0,8.0,80000.0,0.0,0.0,5.0,0.0,1
93.0,3796,1.3978494623655915,0.739247311827957,50.0,25.0,400000.0,20000.0,9.0,0.0,0.0,3,100,0.0024752475247524753,-4.95,1.3978494623655915,0.739247311827957,50.0,25.0,400000.0,20000.0,9.0,0.0,0.0,1
93.0,6128,1.3978494623655915,0.739247311827957,12.5,12.0,120000.0,20000.0,6.0,3.0,0.0,3,100,0.0024752475247524753,-4.98,1.3978494623655915,0.739247311827957,12.5,12.0,120000.0,20000.0,6.0,3.0,0.0,1
93.0,8370,1.3978494623655915,0.739247311827957,0.0,12.0,120000.0,20000.0,6.0,1.0,0.0,2,100,0.0024752475247524753,-4.98,1.3978494623655915,0.739247311827957,0.0,12.0,120000.0,20000.0,6.0,1.0,0.0,1
93.0,9288,1.3978494623655915,0.739247311827957,0.0,12.0,120000.0,0.0,0.0,6.0,0.0,2,100,0.0024752475247524753,-4.98,1.3978494623655915,0.739247311827957,0.0,12.0,120000.0,0.0,0.0,6.0,0.0,1
93.0,10637,1.3978494623655915,0.739247311827957,0.0,12.0,120000.0,0.0,0.0,4.0,0.0,2,100,0.0024752475247524753,-4.98,1.3978494623655915,0.739247311827957,0.0,12.0,120000.0,0.0,0.0,4.0,0.0,1
93.0,11539,1.3978494623655915,0.739247311827957,0.0,12.0,120000.0,0.0,0.0,2.0,0.0,2,100,0.0024752475247524753,-4.98,1.3978494623655915,0.739247311827957,0.0,12.0,120000.0,0.0,0.0,2.0,0.0,1
93.0,12433,1.3978494623655915,0.739247311827957,0.0,12.0,120000.0,0.0,0.0,4.0,0.0,2,100,0.0024752475247524753,-4.98,1.3978494623655915,0.739247311827957,0.0,12.0,120000.0,0.0,0.0,4.0,0.0,1
87.0,7943,1.4942528735632183,0.7902298850574713,12.5,12.0,120000.0,20000.0,4.0,5.0,0.0,0,0,0.0024752475247524753,9.749582916666666,1.39769902185797,0.7391677519441188,0.0,12.0,120000.0,20000.0,4.0,3.0,0.0,0
90.0,905,1.4444444444444444,0.7638888888888887,0.0,8.0,80000.0,20000.0,5.0,1.0,0.0,0,0,0.0024752475247524753,9.75,1.3829787234042552,0.7313829787234043,0.0,8.0,80000.0,20000.0,7.0,1.0,0.0,0
94.0,907,1.3829787234042552,0.7313829787234043,0.0,8.0,80000.0,20000.0,6.0,1.0,0.0,2,100,0.0024752475247524753,-4.98,1.3829787234042552,0.7313829787234043,0.0,8.0,80000.0,20000.0,7.0,1.0,0.0,1
94.0,4157,1.3829787234042552,0.7313829787234043,0.0,25.0,400000.0,0.0,0.0,1.0,0.0,2,100,0.0024752475247524753,-4.98,1.3829787234042552,0.7313829787234043,0.0,25.0,400000.0,0.0,0.0,1.0,0.0,1
94.0,4877,1.3829787234042552,0.7313829787234043,0.0,25.0,400000.0,0.0,0.0,5.0,0.0,2,100,0.0024752475247524753,-4.98,1.3829787234042552,0.7313829787234043,0.0,25.0,400000.0,0.0,0.0,5.0,0.0,1
94.0,6580,1.3829787234042552,0.7313829787234043,12.5,12.0,120000.0,20000.0,2.0,5.0,0.0,3,100,0.0024752475247524753,-4.98,1.3829787234042552,0.7313829787234043,12.5,12.0,120000.0,20000.0,2.0,5.0,0.0,1
94.0,9738,1.3829787234042552,0.7313829787234043,0.0,12.0,120000.0,0.0,0.0,3.0,0.0,3,100,0.0024752475247524753,-4.98,1.3829787234042552,0.7313829787234043,0.0,12.0,120000.0,0.0,0.0,3.0,0.0,1
94.0,10178,1.3829787234042552,0.7313829787234043,0.0,12.0,120000.0,0.0,0.0,2.0,0.0,1,100,0.0024752475247524753,-4.98,1.3829787234042552,0.7313829787234043,0.0,12.0,120000.0,0.0,0.0,2.0,0.0,1
94.0,11072,1.3829787234042552,0.7313829787234043,0.0,12.0,120000.0,0.0,0.0,4.0,0.0,1,100,0.0024752475247524753,-4.98,1.3829787234042552,0.7313829787234043,0.0,12.0,120000.0,0.0,0.0,4.0,0.0,1
74.0,4503,1.7567567567567568,0.9290540540540542,12.5,25.0,400000.0,20000.0,2.0,3.0,0.0,0,0,0.0024752475247524753,9.5995498,1.3828314665640393,0.7313051025098285,12.5,25.0,400000.0,20000.0,2.0,3.0,0.0,0
95.0,9,1.368421052631579,0.7236842105263158,0.0,8.0,80000.0,20000.0,2.0,2.0,0.0,3,66,0.0024752475247524753,-4.98,1.368421052631579,0.7236842105263158,0.0,8.0,80000.0,20000.0,2.0,2.0,0.0,1
95.0,453,1.368421052631579,0.7236842105263158,0.0,8.0,80000.0,20000.0,5.0,4.0,0.0,3,66,0.0024752475247524753,-4.98,1.368421052631579,0.7236842105263158,0.0,8.0,80000.0,20000.0,5.0,4.0,0.0,1
95.0,1816,1.368421052631579,0.7236842105263158,0.0,8.0,80000.0,0.0,0.0,4.0,0.0,2,100,0.0024752475247524753,-4.98,1.368421052631579,0.7236842105263158,0.0,8.0,80000.0,0.0,0.0,4.0,0.0,1
95.0,2273,1.368421052631579,0.7236842105263158,0.0,8.0,80000.0,0.0,0.0,5.0,0.0,2,100,0.0024752475247524753,-4.98,1.368421052631579,0.7236842105263158,0.0,8.0,80000.0,0.0,0.0,5.0,0.0,1
95.0,2702,1.368421052631579,0.7236842105263158,0.0,25.0,400000.0,20000.0,2.0,4.0,0.0,3,100,0.0024752475247524753,-4.98,1.368421052631579,0.7236842105263158,0.0,25.0,400000.0,20000.0,2.0,4.0,0.0,1
95.0,3434,1.368421052631579,0.7236842105263158,12.5,25.0,400000.0,20000.0,3.0,2.0,0.0,3,100,0.0024752475247524753,-4.98,1.368421052631579,0.7236842105263158,12.5,25.0,400000.0,20000.0,3.0,2.0,0.0,1
95.0,4510,1.368421052631579,0.7236842105263158,12.5,25.0,400000.0,20000.0,2.0,3.0,0.0,3,100,0.0024752475247524753,-4.98,1.368421052631579,0.7236842105263158,12.5,25.0,400000.0,20000.0,2.0,3.0,0.0,1
95.0,6129,1.368421052631579,0.7236842105263158,12.5,12.0,120000.0,20000.0,6.0,3.0,0.0,3,100,0.0024752475247524753,-4.98,1.368421052631579,0.7236842105263158,12.5,12.0,120000.0,20000.0,6.0,3.0,0.0,1
95.0,9289,1.368421052631579,0.7236842105263158,0.0,12.0,120000.0,0.0,0.0,6.0,0.0,1,100,0.0024752475247524753,-4.98,1.368421052631579,0.7236842105263158,0.0,12.0,120000.0,0.0,0.0,6.0,0.0,1
95.0,10638,1.368421052631579,0.7236842105263158,0.0,12.0,120000.0,0.0,0.0,4.0,0.0,1,100,0.0024752475247524753,-4.98,1.368421052631579,0.7236842105263158,0.0,12.0,120000.0,0.0,0.0,4.0,0.0,1
95.0,11540,1.368421052631579,0.7236842105263158,0.0,12.0,120000.0,0.0,0.0,2.0,0.0,3,100,0.0024752475247524753,-4.98,1.368421052631579,0.7236842105263158,0.0,12.0,120000.0,0.0,0.0,2.0,0.0,1
95.0,12434,1.368421052631579,0.7236842105263158,0.0,12.0,120000.0,0.0,0.0,4.0,0.0,3,100,0.0024752475247524753,-4.98,1.368421052631579,0.7236842105263158,0.0,12.0,120000.0,0.0,0.0,4.0,0.0,1
75.0,3790,1.7333333333333332,0.9166666666666667,25.0,25.0,400000.0,20000.0,3.0,0.0,0.0,0,0,0.0024752475247524753,9.5990498,1.3682768794572278,0.7236079650975724,37.5,25.0,400000.0,20000.0,8.0,0.0,0.0,0
96.0,9739,1.3541666666666667,0.7161458333333333,0.0,12.0,120000.0,0.0,0.0,3.0,0.0,2,100,0.0024752475247524753,-4.98,1.3541666666666667,0.7161458333333333,0.0,12.0,120000.0,0.0,0.0,3.0,0.0,1
96.0,10179,1.3541666666666667,0.7161458333333333,0.0,12.0,120000.0,0.0,0.0,2.0,0.0,1,100,0.0024752475247524753,-4.98,1.3541666666666667,0.7161458333333333,0.0,12.0,120000.0,0.0,0.0,2.0,0.0,1
96.0,11073,1.3541666666666667,0.7161458333333333,0.0,12.0,120000.0,0.0,0.0,4.0,0.0,1,100,0.0024752475247524753,-4.98,1.3541666666666667,0.7161458333333333,0.0,12.0,120000.0,0.0,0.0,4.0,0.0,1
91.0,6127,1.4285714285714286,0.7554945054945054,0.0,12.0,120000.0,20000.0,5.0,3.0,0.0,0,0,0.0024752475247524753,9.75,1.3402061855670102,0.7087628865979382,0.0,12.0,120000.0,20000.0,6.0,3.0,0.0,0
97.0,1817,1.3402061855670102,0.7087628865979382,0.0,8.0,80000.0,0.0,0.0,4.0,0.0,3,100,0.0024752475247524753,-4.98,1.3402061855670102,0.7087628865979382,0.0,8.0,80000.0,0.0,0.0,4.0,0.0,1
97.0,2274,1.3402061855670102,0.7087628865979382,0.0,8.0,80000.0,0.0,0.0,5.0,0.0,3,100,0.0024752475247524753,-4.98,1.3402061855670102,0.7087628865979382,0.0,8.0,80000.0,0.0,0.0,5.0,0.0,1
97.0,3060,1.3402061855670102,0.7087628865979382,0.0,25.0,400000.0,0.0,0.0,5.0,0.0,3,100,0.0024752475247524753,-4.98,1.3402061855670102,0.7087628865979382,0.0,25.0,400000.0,0.0,0.0,5.0,0.0,1
97.0,4158,1.3402061855670102,0.7087628865979382,0.0,25.0,400000.0,0.0,0.0,1.0,0.0,3,100,0.0024752475247524753,-4.98,1.3402061855670102,0.7087628865979382,0.0,25.0,400000.0,0.0,0.0,1.0,0.0,1
97.0,4878,1.3402061855670102,0.7087628865979382,0.0,25.0,400000.0,0.0,0.0,5.0,0.0,1,100,0.0024752475247524753,-4.98,1.3402061855670102,0.7087628865979382,0.0,25.0,400000.0,0.0,0.0,5.0,0.0,1
97.0,9290,1.3402061855670102,0.7087628865979382,0.0,12.0,120000.0,0.0,0.0,6.0,0.0,1,100,0.0024752475247524753,-4.98,1.3402061855670102,0.7087628865979382,0.0,12.0,120000.0,0.0,0.0,6.0,0.0,1
97.0,10639,1.3402061855670102,0.7087628865979382,0.0,12.0,120000.0,0.0,0.0,4.0,0.0,1,100,0.0024752475247524753,-4.98,1.3402061855670102,0.7087628865979382,0.0,12.0,120000.0,0.0,0.0,4.0,0.0,1
97.0,11541,1.3402061855670102,0.7087628865979382,0.0,12.0,120000.0,0.0,0.0,2.0,0.0,1,100,0.0024752475247524753,-4.98,1.3402061855670102,0.7087628865979382,0.0,12.0,120000.0,0.0,0.0,2.0,0.0,1
97.0,12435,1.3402061855670102,0.7087628865979382,0.0,12.0,120000.0,0.0,0.0,4.0,0.0,1,100,0.0024752475247524753,-4.98,1.3402061855670102,0.7087628865979382,0.0,12.0,120000.0,0.0,0.0,4.0,0.0,1
77.0,3428,1.6883116883116882,0.8928571428571429,12.5,25.0,400000.0,20000.0,3.0,2.0,0.0,0,0,0.0024752475247524753,9.5997998,1.3400678960861874,0.7086897527378877,0.0,25.0,400000.0,20000.0,2.0,2.0,0.0,0
91.0,7494,1.4285714285714286,0.7554945054945054,12.5,12.0,120000.0,20000.0,4.0,5.0,0.0,0,0,0.0024752475247524753,9.749582916666666,1.3400678960861874,0.7086897527378877,0.0,12.0,120000.0,20000.0,3.0,5.0,0.0,0
77.0,4504,1.6883116883116882,0.8928571428571429,25.0,25.0,400000.0,20000.0,3.0,3.0,0.0,0,0,0.0024752475247524753,9.5997998,1.3400678960861874,0.7086897527378877,0.0,25.0,400000.0,20000.0,1.0,3.0,0.0,0
92.0,6579,1.4130434782608696,0.7472826086956521,0.0,12.0,120000.0,20000.0,1.0,5.0,0.0,0,0,0.0024752475247524753,9.74975,1.3265306122448979,0.701530612244898,12.5,12.0,120000.0,20000.0,2.0,5.0,0.0,0
98.0,2703,1.3265306122448979,0.701530612244898,0.0,25.0,400000.0,20000.0,2.0,4.0,0.0,3,100,0.0024752475247524753,-4.98,1.3265306122448979,0.701530612244898,0.0,25.0,400000.0,20000.0,2.0,4.0,0.0,1
98.0,3435,1.3265306122448979,0.701530612244898,0.0,25.0,400000.0,20000.0,2.0,2.0,0.0,3,100,0.0024752475247524753,-4.98,1.3265306122448979,0.701530612244898,0.0,25.0,400000.0,20000.0,2.0,2.0,0.0,1
98.0,6582,1.3265306122448979,0.701530612244898,12.5,12.0,120000.0,20000.0,2.0,5.0,0.0,1,100,0.0024752475247524753,-4.98,1.3265306122448979,0.701530612244898,12.5,12.0,120000.0,20000.0,2.0,5.0,0.0,1
98.0,9740,1.3265306122448979,0.701530612244898,0.0,12.0,120000.0,0.0,0.0,3.0,0.0,3,100,0.0024752475247524753,-4.98,1.3265306122448979,0.701530612244898,0.0,12.0,120000.0,0.0,0.0,3.0,0.0,1
98.0,10180,1.3265306122448979,0.701530612244898,0.0,12.0,120000.0,0.0,0.0,2.0,0.0,3,100,0.0024752475247524753,-4.98,1.3265306122448979,0.701530612244898,0.0,12.0,120000.0,0.0,0.0,2.0,0.0,1
98.0,11074,1.3265306122448979,0.701530612244898,0.0,12.0,120000.0,0.0,0.0,4.0,0.0,1,81,0.0024752475247524753,-4.98,1.3265306122448979,0.701530612244898,0.0,12.0,120000.0,0.0,0.0,4.0,0.0,1
78.0,3791,1.6666666666666667,0.8814102564102565,25.0,25.0,400000.0,20000.0,3.0,0.0,0.0,0,0,0.0024752475247524753,9.5990498,1.3263951304565729,0.701458963222226,37.5,25.0,400000.0,20000.0,8.0,0.0,0.0,0
99.0,11,1.3131313131313131,0.6944444444444445,12.5,8.0,80000.0,20000.0,3.0,2.0,0.0,1,81,0.0024752475247524753,-4.98,1.3131313131313131,0.6944444444444445,12.5,8.0,80000.0,20000.0,3.0,2.0,0.0,1
99.0,455,1.3131313131313131,0.6944444444444445,12.5,8.0,80000.0,20000.0,6.0,4.0,0.0,1,100,0.0024752475247524753,-4.98,1.3131313131313131,0.6944444444444445,12.5,8.0,80000.0,20000.0,6.0,4.0,0.0,1
99.0,1818,1.3131313131313131,0.6944444444444445,0.0,8.0,80000.0,0.0,0.0,4.0,0.0,1,100,0.0024752475247524753,-4.98,1.3131313131313131,0.6944444444444445,0.0,8.0,80000.0,0.0,0.0,4.0,0.0,1
99.0,3798,1.3131313131313131,0.6944444444444445,37.5,25.0,400000.0,20000.0,8.0,0.0,0.0,3,100,0.0024752475247524753,-4.9625,1.3131313131313131,0.6944444444444445,37.5,25.0,400000.0,20000.0,8.0,0.0,0.0,1
99.0,6131,1.3131313131313131,0.6944444444444445,12.5,12.0,120000.0,20000.0,6.0,3.0,0.0,3,100,0.0024752475247524753,-4.98,1.3131313131313131,0.6944444444444445,12.5,12.0,120000.0,20000.0,6.0,3.0,0.0,1
99.0,9291,1.3131313131313131,0.6944444444444445,0.0,12.0,120000.0,0.0,0.0,6.0,0.0,1,100,0.0024752475247524753,-4.98,1.3131313131313131,0.6944444444444445,0.0,12.0,120000.0,0.0,0.0,6.0,0.0,1
99.0,10640,1.3131313131313131,0.6944444444444445,0.0,12.0,120000.0,0.0,0.0,4.0,0.0,1,100,0.0024752475247524753,-4.98,1.3131313131313131,0.6944444444444445,0.0,12.0,120000.0,0.0,0.0,4.0,0.0,1
99.0,11542,1.3131313131313131,0.6944444444444445,0.0,12.0,120000.0,0.0,0.0,2.0,0.0,1,100,0.0024752475247524753,-4.98,1.3131313131313131,0.6944444444444445,0.0,12.0,120000.0,0.0,0.0,2.0,0.0,1
99.0,12436,1.3131313131313131,0.6944444444444445,0.0,12.0,120000.0,0.0,0.0,4.0,0.0,2,35,0.0024752475247524753,-4.98,1.3131313131313131,0.6944444444444445,0.0,12.0,120000.0,0.0,0.0,4.0,0.0,1
96.0,908,1.3541666666666667,0.7161458333333333,0.0,8.0,80000.0,20000.0,7.0,1.0,0.0,0,0,0.0024752475247524753,9.74975,1.3,0.6875,12.5,8.0,80000.0,20000.0,9.0,1.0,0.0,0
100.0,910,1.3,0.6875,12.5,8.0,80000.0,20000.0,9.0,1.0,0.0,2,35,0.0024752475247524753,-4.98,1.3,0.6875,12.5,8.0,80000.0,20000.0,9.0,1.0,0.0,1
100.0,3061,1.3,0.6875,0.0,25.0,400000.0,0.0,0.0,5.0,0.0,2,35,0.0024752475247524753,-4.98,1.3,0.6875,0.0,25.0,400000.0,0.0,0.0,5.0,0.0,1
100.0,4159,1.3,0.6875,0.0,25.0,400000.0,0.0,0.0,1.0,0.0,2,13,0.0024752475247524753,-4.98,1.3,0.6875,0.0,25.0,400000.0,0.0,0.0,1.0,0.0,1
100.0,4879,1.3,0.6875,0.0,25.0,400000.0,0.0,0.0,5.0,0.0,2,13,0.0024752475247524753,-4.98,1.3,0.6875,0.0,25.0,400000.0,0.0,0.0,5.0,0.0,1
100.0,6583,1.3,0.6875,12.5,12.0,120000.0,20000.0,2.0,5.0,0.0,3,100,0.0024752475247524753,-4.98,1.3,0.6875,12.5,12.0,120000.0,20000.0,2.0,5.0,0.0,1
100.0,7495,1.3,0.6875,0.0,12.0,120000.0,20000.0,3.0,5.0,0.0,3,100,0.0024752475247524753,-4.98,1.3,0.6875,0.0,12.0,120000.0,20000.0,3.0,5.0,0.0,1
100.0,9741,1.3,0.6875,0.0,12.0,120000.0,0.0,0.0,3.0,0.0,3,100,0.0024752475247524753,-4.98,1.3,0.6875,0.0,12.0,120000.0,0.0,0.0,3.0,0.0,1
100.0,10181,1.3,0.6875,0.0,12.0,120000.0,0.0,0.0,2.0,0.0,3,100,0.0024752475247524753,-4.98,1.3,0.6875,0.0,12.0,120000.0,0.0,0.0,2.0,0.0,1
100.0,11075,1.3,0.6875,0.0,12.0,120000.0,0.0,0.0,4.0,0.0,1,100,0.0024752475247524753,-4.98,1.3,0.6875,0.0,12.0,120000.0,0.0,0.0,4.0,0.0,1
97.0,454,1.3402061855670102,0.7087628865979382,0.0,8.0,80000.0,20000.0,5.0,4.0,0.0,0,0,0.0024752475247524753,9.75,1.2871287128712872,0.6806930693069306,0.0,8.0,80000.0,20000.0,5.0,4.0,0.0,0
97.0,10,1.3402061855670102,0.7087628865979382,0.0,8.0,80000.0,20000.0,2.0,2.0,0.0,0,0,0.0024752475247524753,9.75,1.2871287128712872,0.6806930693069306,0.0,8.0,80000.0,20000.0,3.0,2.0,0.0,0
95.0,8371,1.368421052631579,0.7236842105263158,0.0,12.0,120000.0,20000.0,6.0,1.0,0.0,1,100,0.0024752475247524753,9.769499999999999,1.2871287128712872,0.6806930693069306,25.0,12.0,120000.0,20000.0,8.0,1.0,0.0,0
101.0,456,1.2871287128712872,0.6806930693069306,0.0,8.0,80000.0,20000.0,5.0,4.0,0.0,3,100,0.0024752475247524753,-4.98,1.2871287128712872,0.6806930693069306,0.0,8.0,80000.0,20000.0,5.0,4.0,0.0,1
101.0,1819,1.2871287128712872,0.6806930693069306,0.0,8.0,80000.0,0.0,0.0,4.0,0.0,3,100,0.0024752475247524753,-4.98,1.2871287128712872,0.6806930693069306,0.0,8.0,80000.0,0.0,0.0,4.0,0.0,1
101.0,2704,1.2871287128712872,0.6806930693069306,0.0,25.0,400000.0,20000.0,3.0,4.0,0.0,2,100,0.0024752475247524753,-4.98,1.2871287128712872,0.6806930693069306,0.0,25.0,400000.0,20000.0,3.0,4.0,0.0,1
101.0,3436,1.2871287128712872,0.6806930693069306,0.0,25.0,400000.0,20000.0,3.0,2.0,0.0,2,100,0.0024752475247524753,-4.98,1.2871287128712872,0.6806930693069306,0.0,25.0,400000.0,20000.0,4.0,2.0,0.0,1
101.0,3440,1.2871287128712872,0.6806930693069306,0.0,25.0,400000.0,20000.0,3.0,2.0,0.0,3,100,0.0024752475247524753,-4.98,1.2871287128712872,0.6806930693069306,0.0,25.0,400000.0,20000.0,4.0,2.0,0.0,1
101.0,4512,1.2871287128712872,0.6806930693069306,12.5,25.0,400000.0,20000.0,2.0,3.0,0.0,3,100,0.0024752475247524753,-4.98,1.2871287128712872,0.6806930693069306,12.5,25.0,400000.0,20000.0,2.0,3.0,0.0,1
101.0,6132,1.2871287128712872,0.6806930693069306,12.5,12.0,120000.0,20000.0,6.0,3.0,0.0,2,100,0.0024752475247524753,-4.98,1.2871287128712872,0.6806930693069306,12.5,12.0,120000.0,20000.0,6.0,3.0,0.0,1
101.0,8374,1.2871287128712872,0.6806930693069306,25.0,12.0,120000.0,20000.0,8.0,1.0,0.0,2,100,0.0024752475247524753,-4.975,1.2871287128712872,0.6806930693069306,25.0,12.0,120000.0,20000.0,8.0,1.0,0.0,1
101.0,9292,1.2871287128712872,0.6806930693069306,0.0,12.0,120000.0,0.0,0.0,6.0,0.0,2,100,0.0024752475247524753,-4.98,1.2871287128712872,0.6806930693069306,0.0,12.0,120000.0,0.0,0.0,6.0,0.0,1
101.0,10641,1.2871287128712872,0.6806930693069306,0.0,12.0,120000.0,0.0,0.0,4.0,0.0,2,100,0.0024752475247524753,-4.98,1.2871287128712872,0.6806930693069306,0.0,12.0,120000.0,0.0,0.0,4.0,0.0,1
101.0,11543,1.2871287128712872,0.6806930693069306,0.0,12.0,120000.0,0.0,0.0,2.0,0.0,1,67,0.0024752475247524753,-4.98,1.2871287128712872,0.6806930693069306,0.0,12.0,120000.0,0.0,0.0,2.0,0.0,1
101.0,12437,1.2871287128712872,0.6806930693069306,0.0,12.0,120000.0,0.0,0.0,4.0,0.0,1,67,0.0024752475247524753,-4.98,1.2871287128712872,0.6806930693069306,0.0,12.0,120000.0,0.0,0.0,4.0,0.0,1
102.0,2275,1.2745098039215685,0.6740196078431373,0.0,8.0,80000.0,0.0,0.0,5.0,0.0,1,100,0.0024752475247524753,-4.98,1.2745098039215685,0.6740196078431373,0.0,8.0,80000.0,0.0,0.0,5.0,0.0,1
102.0,7496,1.2745098039215685,0.6740196078431373,0.0,12.0,120000.0,20000.0,3.0,5.0,0.0,1,100,0.0024752475247524753,-4.98,1.2745098039215685,0.6740196078431373,0.0,12.0,120000.0,20000.0,3.0,5.0,0.0,1
102.0,9742,1.2745098039215685,0.6740196078431373,0.0,12.0,120000.0,0.0,0.0,3.0,0.0,1,100,0.0024752475247524753,-4.98025,1.2745098039215685,0.6740196078431373,0.0,12.0,120000.0,0.0,0.0,3.0,0.0,1
102.0,10182,1.2745098039215685,0.6740196078431373,0.0,12.0,120000.0,0.0,0.0,2.0,0.0,3,100,0.0024752475247524753,-4.98,1.2745098039215685,0.6740196078431373,0.0,12.0,120000.0,0.0,0.0,2.0,0.0,1
102.0,11076,1.2745098039215685,0.6740196078431373,0.0,12.0,120000.0,0.0,0.0,4.0,0.0,3,100,0.0024752475247524753,-4.98,1.2745098039215685,0.6740196078431373,0.0,12.0,120000.0,0.0,0.0,4.0,0.0,1
96.0,6581,1.3541666666666667,0.7161458333333333,12.5,12.0,120000.0,20000.0,2.0,5.0,0.0,0,0,0.0024752475247524753,9.749332916666667,1.2743847393015646,0.673953467899866,12.5,12.0,120000.0,20000.0,2.0,5.0,0.0,0
98.0,909,1.3265306122448979,0.701530612244898,12.5,8.0,80000.0,20000.0,9.0,1.0,0.0,1,100,0.0024752475247524753,9.769124375,1.2743847393015646,0.673953467899866,12.5,8.0,80000.0,20000.0,9.0,1.0,0.0,0
103.0,13,1.262135922330097,0.6674757281553397,12.5,8.0,80000.0,20000.0,3.0,2.0,0.0,3,100,0.0024752475247524753,-4.98,1.262135922330097,0.6674757281553397,12.5,8.0,80000.0,20000.0,3.0,2.0,0.0,1
103.0,457,1.262135922330097,0.6674757281553397,0.0,8.0,80000.0,20000.0,5.0,4.0,0.0,3,100,0.0024752475247524753,-4.98,1.262135922330097,0.6674757281553397,0.0,8.0,80000.0,20000.0,5.0,4.0,0.0,1
103.0,1820,1.262135922330097,0.6674757281553397,0.0,8.0,80000.0,0.0,0.0,4.0,0.0,2,76,0.0024752475247524753,-4.98,1.262135922330097,0.6674757281553397,0.0,8.0,80000.0,0.0,0.0,4.0,0.0,1
103.0,3062,1.262135922330097,0.6674757281553397,0.0,25.0,400000.0,0.0,0.0,5.0,0.0,2,76,0.0024752475247524753,-4.98,1.262135922330097,0.6674757281553397,0.0,25.0,400000.0,0.0,0.0,5.0,0.0,1
103.0,6133,1.262135922330097,0.6674757281553397,12.5,12.0,120000.0,20000.0,7.0,3.0,0.0,3,100,0.0024752475247524753,-4.98,1.262135922330097,0.6674757281553397,12.5,12.0,120000.0,20000.0,7.0,3.0,0.0,1
103.0,8375,1.262135922330097,0.6674757281553397,25.0,12.0,120000.0,20000.0,8.0,1.0,0.0,3,100,0.0024752475247524753,-4.975,1.262135922330097,0.6674757281553397,25.0,12.0,120000.0,20000.0,8.0,1.0,0.0,1
103.0,9293,1.262135922330097,0.6674757281553397,0.0,12.0,120000.0,0.0,0.0,6.0,0.0,3,10,0.0024752475247524753,-4.98,1.262135922330097,0.6674757281553397,0.0,12.0,120000.0,0.0,0.0,6.0,0.0,1
103.0,10642,1.262135922330097,0.6674757281553397,0.0,12.0,120000.0,0.0,0.0,4.0,0.0,3,10,0.0024752475247524753,-4.98,1.262135922330097,0.6674757281553397,0.0,12.0,120000.0,0.0,0.0,4.0,0.0,1
103.0,11544,1.262135922330097,0.6674757281553397,0.0,12.0,120000.0,0.0,0.0,2.0,0.0,2,16,0.0024752475247524753,-4.98,1.262135922330097,0.6674757281553397,0.0,12.0,120000.0,0.0,0.0,2.0,0.0,1
103.0,12438,1.262135922330097,0.6674757281553397,0.0,12.0,120000.0,0.0,0.0,4.0,0.0,2,16,0.0024752475247524753,-4.98,1.262135922330097,0.6674757281553397,0.0,12.0,120000.0,0.0,0.0,4.0,0.0,1
97.0,6130,1.3402061855670102,0.7087628865979382,0.0,12.0,120000.0,20000.0,5.0,3.0,0.0,1,100,0.0024752475247524753,9.769582916666666,1.2620132742439303,0.6674108661866939,0.0,12.0,120000.0,20000.0,6.0,3.0,0.0,0
97.0,8372,1.3402061855670102,0.7087628865979382,12.5,12.0,120000.0,20000.0,7.0,1.0,0.0,1,100,0.0024752475247524753,9.769332916666666,1.2620132742439303,0.6674108661866939,12.5,12.0,120000.0,20000.0,7.0,1.0,0.0,0
104.0,2276,1.25,0.6610576923076922,0.0,8.0,80000.0,0.0,0.0,5.0,0.0,3,16,0.0024752475247524753,-4.98,1.25,0.6610576923076922,0.0,8.0,80000.0,0.0,0.0,5.0,0.0,1
104.0,2705,1.25,0.6610576923076922,0.0,25.0,400000.0,20000.0,3.0,4.0,0.0,1,100,0.0024752475247524753,-4.98,1.25,0.6610576923076922,0.0,25.0,400000.0,20000.0,3.0,4.0,0.0,1
104.0,3441,1.25,0.6610576923076922,0.0,25.0,400000.0,20000.0,5.0,2.0,0.0,3,12,0.0024752475247524753,-4.98,1.25,0.6610576923076922,0.0,25.0,400000.0,20000.0,5.0,2.0,0.0,1
104.0,4513,1.25,0.6610576923076922,12.5,25.0,400000.0,20000.0,2.0,3.0,0.0,3,100,0.0024752475247524753,-4.98,1.25,0.6610576923076922,12.5,25.0,400000.0,20000.0,2.0,3.0,0.0,1
104.0,6585,1.25,0.6610576923076922,12.5,12.0,120000.0,20000.0,2.0,5.0,0.0,3,100,0.0024752475247524753,-4.98,1.25,0.6610576923076922,12.5,12.0,120000.0,20000.0,2.0,5.0,0.0,1
104.0,7497,1.25,0.6610576923076922,0.0,12.0,120000.0,20000.0,3.0,5.0,0.0,1,100,0.0024752475247524753,-4.98,1.25,0.6610576923076922,0.0,12.0,120000.0,20000.0,3.0,5.0,0.0,1
104.0,9743,1.25,0.6610576923076922,0.0,12.0,120000.0,0.0,0.0,3.0,0.0,1,100,0.0024752475247524753,-4.98,1.25,0.6610576923076922,0.0,12.0,120000.0,0.0,0.0,3.0,0.0,1
104.0,10183,1.25,0.6610576923076922,0.0,12.0,120000.0,0.0,0.0,2.0,0.0,3,100,0.0024752475247524753,-4.98,1.25,0.6610576923076922,0.0,12.0,120000.0,0.0,0.0,2.0,0.0,1
104.0,11077,1.25,0.6610576923076922,0.0,12.0,120000.0,0.0,0.0,4.0,0.0,3,100,0.0024752475247524753,-4.98,1.25,0.6610576923076922,0.0,12.0,120000.0,0.0,0.0,4.0,0.0,1
105.0,14,1.2380952380952381,0.6547619047619048,12.5,8.0,80000.0,20000.0,3.0,2.0,0.0,3,100,0.0024752475247524753,-4.98,1.2380952380952381,0.6547619047619048,12.5,8.0,80000.0,20000.0,3.0,2.0,0.0,1
105.0,458,1.2380952380952381,0.6547619047619048,0.0,8.0,80000.0,20000.0,5.0,4.0,0.0,3,100,0.0024752475247524753,-4.98,1.2380952380952381,0.6547619047619048,0.0,8.0,80000.0,20000.0,5.0,4.0,0.0,1
105.0,1821,1.2380952380952381,0.6547619047619048,0.0,8.0,80000.0,0.0,0.0,4.0,0.0,2,100,0.0024752475247524753,-4.98,1.2380952380952381,0.6547619047619048,0.0,8.0,80000.0,0.0,0.0,4.0,0.0,1
105.0,6134,1.2380952380952381,0.6547619047619048,0.0,12.0,120000.0,20000.0,7.0,3.0,0.0,2,100,0.0024752475247524753,-4.98,1.2380952380952381,0.6547619047619048,0.0,12.0,120000.0,20000.0,7.0,3.0,0.0,1
105.0,9294,1.2380952380952381,0.6547619047619048,0.0,12.0,120000.0,0.0,0.0,6.0,0.0,2,100,0.0024752475247524753,-4.98,1.2380952380952381,0.6547619047619048,0.0,12.0,120000.0,0.0,0.0,6.0,0.0,1
105.0,10643,1.2380952380952381,0.6547619047619048,0.0,12.0,120000.0,0.0,0.0,4.0,0.0,1,100,0.0024752475247524753,-4.98,1.2380952380952381,0.6547619047619048,0.0,12.0,120000.0,0.0,0.0,4.0,0.0,1
105.0,12439,1.2380952380952381,0.6547619047619048,0.0,12.0,120000.0,0.0,0.0,4.0,0.0,1,100,0.0024752475247524753,-4.98,1.2380952380952381,0.6547619047619048,0.0,12.0,120000.0,0.0,0.0,4.0,0.0,1
101.0,12,1.2871287128712872,0.6806930693069306,0.0,8.0,80000.0,20000.0,2.0,2.0,0.0,1,100,0.0024752475247524753,9.769374375,1.2379772176004935,0.6546994900771841,0.0,8.0,80000.0,20000.0,2.0,2.0,0.0,0
99.0,8373,1.3131313131313131,0.6944444444444445,25.0,12.0,120000.0,20000.0,8.0,1.0,0.0,0,0,0.0024752475247524753,9.749332916666667,1.2379772176004935,0.6546994900771841,12.5,12.0,120000.0,20000.0,7.0,1.0,0.0,0
106.0,913,1.2264150943396228,0.6485849056603773,25.0,8.0,80000.0,20000.0,10.0,1.0,0.0,2,43,0.0024752475247524753,-4.975,1.2264150943396228,0.6485849056603773,25.0,8.0,80000.0,20000.0,10.0,1.0,0.0,1
106.0,2277,1.2264150943396228,0.6485849056603773,0.0,8.0,80000.0,0.0,0.0,5.0,0.0,2,43,0.0024752475247524753,-4.98,1.2264150943396228,0.6485849056603773,0.0,8.0,80000.0,0.0,0.0,5.0,0.0,1
106.0,3063,1.2264150943396228,0.6485849056603773,0.0,25.0,400000.0,0.0,0.0,5.0,0.0,1,100,0.0024752475247524753,-4.98,1.2264150943396228,0.6485849056603773,0.0,25.0,400000.0,0.0,0.0,5.0,0.0,1
106.0,6586,1.2264150943396228,0.6485849056603773,12.5,12.0,120000.0,20000.0,2.0,5.0,0.0,1,100,0.0024752475247524753,-4.98,1.2264150943396228,0.6485849056603773,12.5,12.0,120000.0,20000.0,2.0,5.0,0.0,1
106.0,7498,1.2264150943396228,0.6485849056603773,0.0,12.0,120000.0,20000.0,3.0,5.0,0.0,1,100,0.0024752475247524753,-4.98,1.2264150943396228,0.6485849056603773,0.0,12.0,120000.0,20000.0,3.0,5.0,0.0,1
106.0,9744,1.2264150943396228,0.6485849056603773,0.0,12.0,120000.0,0.0,0.0,3.0,0.0,1,100,0.0024752475247524753,-4.98,1.2264150943396228,0.6485849056603773,0.0,12.0,120000.0,0.0,0.0,3.0,0.0,1
106.0,10184,1.2264150943396228,0.6485849056603773,0.0,12.0,120000.0,0.0,0.0,2.0,0.0,1,100,0.0024752475247524753,-4.98025,1.2264150943396228,0.6485849056603773,0.0,12.0,120000.0,0.0,0.0,2.0,0.0,1
106.0,11078,1.2264150943396228,0.6485849056603773,0.0,12.0,120000.0,0.0,0.0,4.0,0.0,1,100,0.0024752475247524753,-4.98,1.2264150943396228,0.6485849056603773,0.0,12.0,120000.0,0.0,0.0,4.0,0.0,1
102.0,911,1.2745098039215685,0.6740196078431373,12.5,8.0,80000.0,20000.0,9.0,1.0,0.0,1,100,0.0024752475247524753,9.769124375,1.2262992900387426,0.6485236630012582,12.5,8.0,80000.0,20000.0,9.0,1.0,0.0,0
107.0,15,1.2149532710280373,0.6619937694704049,0.0,8.0,80000.0,20000.0,2.0,2.0,0.0,2,100,0.0024752475247524753,-4.98,1.2149532710280373,0.6619937694704049,0.0,8.0,80000.0,20000.0,2.0,2.0,0.0,1
107.0,459,1.2149532710280373,0.6619937694704049,0.0,8.0,80000.0,20000.0,5.0,4.0,0.0,2,100,0.0024752475247524753,-4.98,1.2149532710280373,0.6619937694704049,0.0,8.0,80000.0,20000.0,6.0,4.0,0.0,1
107.0,1822,1.2149532710280373,0.6619937694704049,0.0,8.0,80000.0,0.0,0.0,4.0,0.0,1,100,0.0024752475247524753,-4.98,1.2149532710280373,0.6619937694704049,0.0,8.0,80000.0,0.0,0.0,4.0,0.0,1
107.0,2706,1.2149532710280373,0.6619937694704049,0.0,25.0,400000.0,20000.0,3.0,4.0,0.0,1,100,0.0024752475247524753,-4.98,1.2149532710280373,0.6619937694704049,0.0,25.0,400000.0,20000.0,3.0,4.0,0.0,1
107.0,4514,1.2149532710280373,0.6619937694704049,12.5,25.0,400000.0,20000.0,2.0,3.0,0.0,1,100,0.0024752475247524753,-4.98,1.2149532710280373,0.6619937694704049,12.5,25.0,400000.0,20000.0,2.0,3.0,0.0,1
107.0,6135,1.2149532710280373,0.6619937694704049,0.0,12.0,120000.0,20000.0,8.0,3.0,0.0,1,100,0.0024752475247524753,-4.98,1.2149532710280373,0.6619937694704049,0.0,12.0,120000.0,20000.0,8.0,3.0,0.0,1
107.0,10644,1.2149532710280373,0.6619937694704049,0.0,12.0,120000.0,0.0,0.0,4.0,0.0,1,100,0.0024752475247524753,-4.98,1.2149532710280373,0.6619937694704049,0.0,12.0,120000.0,0.0,0.0,4.0,0.0,1
107.0,12440,1.2149532710280373,0.6619937694704049,0.0,12.0,120000.0,0.0,0.0,4.0,0.0,2,100,0.0024752475247524753,-4.98,1.2149532710280373,0.6619937694704049,0.0,12.0,120000.0,0.0,0.0,4.0,0.0,1
87.0,3794,1.4942528735632183,0.7902298850574713,25.0,25.0,400000.0,20000.0,6.0,0.0,0.0,0,0,0.0024752475247524753,9.5990498,1.2148396210784391,0.6619318448183804,37.5,25.0,400000.0,20000.0,8.0,0.0,0.0,0
108.0,914,1.2037037037037037,0.6558641975308642,12.5,8.0,80000.0,20000.0,9.0,1.0,0.0,2,100,0.0024752475247524753,-4.98,1.2037037037037037,0.6558641975308642,12.5,8.0,80000.0,20000.0,9.0,1.0,0.0,1
108.0,2278,1.2037037037037037,0.6558641975308642,0.0,8.0,80000.0,0.0,0.0,5.0,0.0,2,100,0.0024752475247524753,-4.98,1.2037037037037037,0.6558641975308642,0.0,8.0,80000.0,0.0,0.0,5.0,0.0,1
108.0,6587,1.2037037037037037,0.6558641975308642,12.5,12.0,120000.0,20000.0,2.0,5.0,0.0,2,100,0.0024752475247524753,-4.98,1.2037037037037037,0.6558641975308642,12.5,12.0,120000.0,20000.0,2.0,5.0,0.0,1
108.0,7499,1.2037037037037037,0.6558641975308642,0.0,12.0,120000.0,20000.0,3.0,5.0,0.0,3,100,0.0024752475247524753,-4.98,1.2037037037037037,0.6558641975308642,0.0,12.0,120000.0,20000.0,3.0,5.0,0.0,1
108.0,10185,1.2037037037037037,0.6558641975308642,0.0,12.0,120000.0,0.0,0.0,2.0,0.0,3,100,0.0024752475247524753,-4.98,1.2037037037037037,0.6558641975308642,0.0,12.0,120000.0,0.0,0.0,2.0,0.0,1
108.0,11079,1.2037037037037037,0.6558641975308642,0.0,12.0,120000.0,0.0,0.0,4.0,0.0,2,100,0.0024752475247524753,-4.98,1.2037037037037037,0.6558641975308642,0.0,12.0,120000.0,0.0,0.0,4.0,0.0,1
102.0,6584,1.2745098039215685,0.6740196078431373,12.5,12.0,120000.0,20000.0,2.0,5.0,0.0,0,0,0.0024752475247524753,9.749582916666666,1.2035921485425287,0.6558034142699675,0.0,12.0,120000.0,20000.0,1.0,5.0,0.0,0
104.0,912,1.25,0.6610576923076922,12.5,8.0,80000.0,20000.0,9.0,1.0,0.0,0,0,0.0024752475247524753,9.749374375,1.2035921485425287,0.6558034142699675,0.0,8.0,80000.0,20000.0,8.0,1.0,0.0,0
46.0,1353,0.10869565217391304,0.1358695652173913,0.0,8.0,80000.0,0.0,0.0,6.0,0.8,2,100,0.0024752475247524753,-3.98,1.1998891302443657,0.6537857440434043,0.0,8.0,80000.0,0.0,0.0,5.0,0.0,1
109.0,16,1.1926605504587156,0.6498470948012232,0.0,8.0,80000.0,20000.0,2.0,2.0,0.0,2,100,0.0024752475247524753,-4.98,1.1926605504587156,0.6498470948012232,0.0,8.0,80000.0,20000.0,2.0,2.0,0.0,1
109.0,1823,1.1926605504587156,0.6498470948012232,0.0,8.0,80000.0,0.0,0.0,4.0,0.0,2,100,0.0024752475247524753,-4.98,1.1926605504587156,0.6498470948012232,0.0,8.0,80000.0,0.0,0.0,4.0,0.0,1
109.0,3064,1.1926605504587156,0.6498470948012232,0.0,25.0,400000.0,0.0,0.0,5.0,0.0,2,100,0.0024752475247524753,-4.98,1.1926605504587156,0.6498470948012232,0.0,25.0,400000.0,0.0,0.0,5.0,0.0,1
109.0,6136,1.1926605504587156,0.6498470948012232,0.0,12.0,120000.0,20000.0,8.0,3.0,0.0,2,100,0.0024752475247524753,-4.98,1.1926605504587156,0.6498470948012232,0.0,12.0,120000.0,20000.0,8.0,3.0,0.0,1
109.0,8378,1.1926605504587156,0.6498470948012232,25.0,12.0,120000.0,20000.0,9.0,1.0,0.0,2,100,0.0024752475247524753,-4.975,1.1926605504587156,0.6498470948012232,25.0,12.0,120000.0,20000.0,9.0,1.0,0.0,1
109.0,12441,1.1926605504587156,0.6498470948012232,0.0,12.0,120000.0,0.0,0.0,4.0,0.0,1,100,0.0024752475247524753,-4.98,1.1926605504587156,0.6498470948012232,0.0,12.0,120000.0,0.0,0.0,4.0,0.0,1
110.0,1375,1.1818181818181819,0.6439393939393939,0.0,8.0,80000.0,0.0,0.0,5.0,0.0,1,100,0.0024752475247524753,-4.98,1.1818181818181819,0.6439393939393939,0.0,8.0,80000.0,0.0,0.0,5.0,0.0,1
110.0,2279,1.1818181818181819,0.6439393939393939,0.0,8.0,80000.0,0.0,0.0,5.0,0.0,1,100,0.0024752475247524753,-4.98,1.1818181818181819,0.6439393939393939,0.0,8.0,80000.0,0.0,0.0,5.0,0.0,1
110.0,2707,1.1818181818181819,0.6439393939393939,0.0,25.0,400000.0,20000.0,3.0,4.0,0.0,1,100,0.0024752475247524753,-4.98,1.1818181818181819,0.6439393939393939,0.0,25.0,400000.0,20000.0,3.0,4.0,0.0,1
110.0,3439,1.1818181818181819,0.6439393939393939,37.5,25.0,400000.0,20000.0,7.0,2.0,0.0,3,100,0.0024752475247524753,-4.9625,1.1818181818181819,0.6439393939393939,37.5,25.0,400000.0,20000.0,7.0,2.0,0.0,1
110.0,3443,1.1818181818181819,0.6439393939393939,37.5,25.0,400000.0,20000.0,7.0,2.0,0.0,2,100,0.0024752475247524753,-4.9625,1.1818181818181819,0.6439393939393939,37.5,25.0,400000.0,20000.0,7.0,2.0,0.0,1
110.0,5695,1.1818181818181819,0.6439393939393939,0.0,12.0,120000.0,20000.0,3.0,2.0,0.0,1,100,0.0024752475247524753,-4.98,1.1818181818181819,0.6439393939393939,0.0,12.0,120000.0,20000.0,3.0,2.0,0.0,1
110.0,10186,1.1818181818181819,0.6439393939393939,0.0,12.0,120000.0,0.0,0.0,2.0,0.0,3,100,0.0024752475247524753,-4.98,1.1818181818181819,0.6439393939393939,0.0,12.0,120000.0,0.0,0.0,2.0,0.0,1
110.0,11080,1.1818181818181819,0.6439393939393939,0.0,12.0,120000.0,0.0,0.0,4.0,0.0,3,100,0.0024752475247524753,-4.98,1.1818181818181819,0.6439393939393939,0.0,12.0,120000.0,0.0,0.0,4.0,0.0,1
90.0,3795,1.4444444444444444,0.7638888888888887,37.5,25.0,400000.0,20000.0,7.0,0.0,0.0,0,0,0.0024752475247524753,9.599299799999999,1.181710646149382,0.6438808007865223,25.0,25.0,400000.0,20000.0,7.0,0.0,0.0,0
111.0,17,1.1711711711711712,0.6569069069069068,0.0,8.0,80000.0,20000.0,3.0,2.0,0.0,1,58,0.0024752475247524753,-4.98,1.1711711711711712,0.6569069069069068,0.0,8.0,80000.0,20000.0,3.0,2.0,0.0,1
111.0,461,1.1711711711711712,0.6569069069069068,12.5,8.0,80000.0,20000.0,7.0,4.0,0.0,1,58,0.0024752475247524753,-4.98,1.1711711711711712,0.6569069069069068,12.5,8.0,80000.0,20000.0,7.0,4.0,0.0,1
111.0,926,1.1711711711711712,0.6569069069069068,25.0,8.0,80000.0,20000.0,10.0,1.0,0.0,1,100,0.0024752475247524753,-4.9755,1.1711711711711712,0.6569069069069068,25.0,8.0,80000.0,20000.0,10.0,1.0,0.0,1
111.0,1824,1.1711711711711712,0.6569069069069068,0.0,8.0,80000.0,0.0,0.0,4.0,0.0,1,100,0.0024752475247524753,-4.98,1.1711711711711712,0.6569069069069068,0.0,8.0,80000.0,0.0,0.0,4.0,0.0,1
111.0,6137,1.1711711711711712,0.6569069069069068,0.0,12.0,120000.0,20000.0,8.0,3.0,0.0,3,100,0.0024752475247524753,-4.98,1.1711711711711712,0.6569069069069068,0.0,12.0,120000.0,20000.0,8.0,3.0,0.0,1
111.0,8379,1.1711711711711712,0.6569069069069068,25.0,12.0,120000.0,20000.0,10.0,1.0,0.0,3,100,0.0024752475247524753,-4.975,1.1711711711711712,0.6569069069069068,25.0,12.0,120000.0,20000.0,10.0,1.0,0.0,1
111.0,12442,1.1711711711711712,0.6569069069069068,0.0,12.0,120000.0,0.0,0.0,4.0,0.0,1,100,0.0024752475247524753,-4.98,1.1711711711711712,0.6569069069069068,0.0,12.0,120000.0,0.0,0.0,4.0,0.0,1
105.0,8376,1.2380952380952381,0.6547619047619048,12.5,12.0,120000.0,20000.0,7.0,1.0,0.0,0,0,0.0024752475247524753,9.749332916666667,1.1710655642675827,0.656847672265471,12.5,12.0,120000.0,20000.0,9.0,1.0,0.0,0
112.0,916,1.1607142857142858,0.744047619047619,25.0,8.0,80000.0,20000.0,10.0,1.0,0.0,1,100,0.0024752475247524753,-4.975249999999999,1.1607142857142858,0.744047619047619,25.0,8.0,80000.0,20000.0,10.0,1.0,0.0,1
112.0,1376,1.1607142857142858,0.744047619047619,0.0,8.0,80000.0,0.0,0.0,5.0,0.0,3,1,0.0024752475247524753,-4.98,1.1607142857142858,0.744047619047619,0.0,8.0,80000.0,0.0,0.0,5.0,0.0,1
112.0,2280,1.1607142857142858,0.744047619047619,0.0,8.0,80000.0,0.0,0.0,5.0,0.0,3,1,0.0024752475247524753,-4.98,1.1607142857142858,0.744047619047619,0.0,8.0,80000.0,0.0,0.0,5.0,0.0,1
112.0,3065,1.1607142857142858,0.744047619047619,0.0,25.0,400000.0,0.0,0.0,5.0,0.0,2,100,0.0024752475247524753,-4.98,1.1607142857142858,0.744047619047619,0.0,25.0,400000.0,0.0,0.0,5.0,0.0,1
112.0,5696,1.1607142857142858,0.744047619047619,0.0,12.0,120000.0,20000.0,3.0,2.0,0.0,2,100,0.0024752475247524753,-4.98,1.1607142857142858,0.744047619047619,0.0,12.0,120000.0,20000.0,3.0,2.0,0.0,1
112.0,6589,1.1607142857142858,0.744047619047619,12.5,12.0,120000.0,20000.0,2.0,5.0,0.0,2,100,0.0024752475247524753,-4.98,1.1607142857142858,0.744047619047619,12.5,12.0,120000.0,20000.0,2.0,5.0,0.0,1
112.0,7501,1.1607142857142858,0.744047619047619,12.5,12.0,120000.0,20000.0,4.0,5.0,0.0,3,100,0.0024752475247524753,-4.98,1.1607142857142858,0.744047619047619,12.5,12.0,120000.0,20000.0,4.0,5.0,0.0,1
112.0,10187,1.1607142857142858,0.744047619047619,0.0,12.0,120000.0,0.0,0.0,2.0,0.0,3,100,0.0024752475247524753,-4.98,1.1607142857142858,0.744047619047619,0.0,12.0,120000.0,0.0,0.0,2.0,0.0,1
112.0,11081,1.1607142857142858,0.744047619047619,0.0,12.0,120000.0,0.0,0.0,4.0,0.0,3,100,0.0024752475247524753,-4.98,1.1607142857142858,0.744047619047619,0.0,12.0,120000.0,0.0,0.0,4.0,0.0,1
50.0,1355,0.3,0.375,0.0,8.0,80000.0,0.0,0.0,6.0,0.59,2,100,0.0024752475247524753,-3.98,1.1571669147701764,0.7417736633142157,0.0,8.0,80000.0,0.0,0.0,5.0,0.0,1
109.0,460,1.1926605504587156,0.6498470948012232,0.0,8.0,80000.0,20000.0,6.0,4.0,0.0,0,0,0.0024752475247524753,9.75,1.1504424778761062,0.8296460176991152,0.0,8.0,80000.0,20000.0,6.0,4.0,0.0,0
109.0,925,1.1926605504587156,0.6498470948012232,0.0,8.0,80000.0,20000.0,8.0,1.0,0.0,0,0,0.0024752475247524753,9.74975,1.1504424778761062,0.8296460176991152,12.5,8.0,80000.0,20000.0,9.0,1.0,0.0,0
113.0,18,1.1504424778761062,0.8296460176991152,0.0,8.0,80000.0,20000.0,3.0,2.0,0.0,3,100,0.0024752475247524753,-4.98,1.1504424778761062,0.8296460176991152,0.0,8.0,80000.0,20000.0,3.0,2.0,0.0,1
113.0,462,1.1504424778761062,0.8296460176991152,0.0,8.0,80000.0,20000.0,6.0,4.0,0.0,3,100,0.0024752475247524753,-4.98,1.1504424778761062,0.8296460176991152,0.0,8.0,80000.0,20000.0,6.0,4.0,0.0,1
113.0,927,1.1504424778761062,0.8296460176991152,12.5,8.0,80000.0,20000.0,9.0,1.0,0.0,3,100,0.0024752475247524753,-4.98,1.1504424778761062,0.8296460176991152,12.5,8.0,80000.0,20000.0,9.0,1.0,0.0,1
113.0,2708,1.1504424778761062,0.8296460176991152,0.0,25.0,400000.0,20000.0,4.0,4.0,0.0,2,100,0.0024752475247524753,-4.98,1.1504424778761062,0.8296460176991152,0.0,25.0,400000.0,20000.0,4.0,4.0,0.0,1
113.0,3444,1.1504424778761062,0.8296460176991152,37.5,25.0,400000.0,20000.0,7.0,2.0,0.0,2,100,0.0024752475247524753,-4.9625,1.1504424778761062,0.8296460176991152,37.5,25.0,400000.0,20000.0,7.0,2.0,0.0,1
113.0,4516,1.1504424778761062,0.8296460176991152,25.0,25.0,400000.0,20000.0,3.0,3.0,0.0,3,100,0.0024752475247524753,-4.975,1.1504424778761062,0.8296460176991152,25.0,25.0,400000.0,20000.0,3.0,3.0,0.0,1
113.0,6138,1.1504424778761062,0.8296460176991152,0.0,12.0,120000.0,20000.0,8.0,3.0,0.0,3,100,0.0024752475247524753,-4.98,1.1504424778761062,0.8296460176991152,0.0,12.0,120000.0,20000.0,8.0,3.0,0.0,1
113.0,7945,1.1504424778761062,0.8296460176991152,0.0,12.0,120000.0,20000.0,4.0,3.0,0.0,2,100,0.0024752475247524753,-4.98,1.1504424778761062,0.8296460176991152,0.0,12.0,120000.0,20000.0,4.0,3.0,0.0,1
113.0,8380,1.1504424778761062,0.8296460176991152,12.5,12.0,120000.0,20000.0,10.0,1.0,0.0,2,100,0.0024752475247524753,-4.98,1.1504424778761062,0.8296460176991152,12.5,12.0,120000.0,20000.0,10.0,1.0,0.0,1
113.0,12443,1.1504424778761062,0.8296460176991152,0.0,12.0,120000.0,0.0,0.0,4.0,0.0,2,100,0.0024752475247524753,-4.98,1.1504424778761062,0.8296460176991152,0.0,12.0,120000.0,0.0,0.0,4.0,0.0,1
107.0,8377,1.2149532710280373,0.6619937694704049,12.5,12.0,120000.0,20000.0,8.0,1.0,0.0,1,100,0.0024752475247524753,9.769582916666666,1.1503405760250796,0.8295725307873171,0.0,12.0,120000.0,20000.0,9.0,1.0,0.0,0
114.0,917,1.1403508771929824,0.8223684210526315,12.5,8.0,80000.0,20000.0,9.0,1.0,0.0,2,100,0.0024752475247524753,-4.98,1.1403508771929824,0.8223684210526315,12.5,8.0,80000.0,20000.0,9.0,1.0,0.0,1
114.0,1377,1.1403508771929824,0.8223684210526315,0.0,8.0,80000.0,0.0,0.0,5.0,0.0,1,100,0.0024752475247524753,-4.98,1.1403508771929824,0.8223684210526315,0.0,8.0,80000.0,0.0,0.0,5.0,0.0,1
114.0,2281,1.1403508771929824,0.8223684210526315,0.0,8.0,80000.0,0.0,0.0,5.0,0.0,1,100,0.0024752475247524753,-4.98,1.1403508771929824,0.8223684210526315,0.0,8.0,80000.0,0.0,0.0,5.0,0.0,1
114.0,5697,1.1403508771929824,0.8223684210526315,0.0,12.0,120000.0,20000.0,3.0,2.0,0.0,3,100,0.0024752475247524753,-4.98,1.1403508771929824,0.8223684210526315,0.0,12.0,120000.0,20000.0,3.0,2.0,0.0,1
114.0,6590,1.1403508771929824,0.8223684210526315,12.5,12.0,120000.0,20000.0,2.0,5.0,0.0,3,100,0.0024752475247524753,-4.98,1.1403508771929824,0.8223684210526315,12.5,12.0,120000.0,20000.0,2.0,5.0,0.0,1
114.0,7502,1.1403508771929824,0.8223684210526315,12.5,12.0,120000.0,20000.0,4.0,5.0,0.0,2,100,0.0024752475247524753,-4.98,1.1403508771929824,0.8223684210526315,12.5,12.0,120000.0,20000.0,4.0,5.0,0.0,1
114.0,10188,1.1403508771929824,0.8223684210526315,0.0,12.0,120000.0,0.0,0.0,2.0,0.0,2,100,0.0024752475247524753,-4.98,1.1403508771929824,0.8223684210526315,0.0,12.0,120000.0,0.0,0.0,2.0,0.0,1
114.0,11082,1.1403508771929824,0.8223684210526315,0.0,12.0,120000.0,0.0,0.0,4.0,0.0,2,100,0.0024752475247524753,-4.98,1.1403508771929824,0.8223684210526315,0.0,12.0,120000.0,0.0,0.0,4.0,0.0,1
110.0,915,1.1818181818181819,0.6439393939393939,12.5,8.0,80000.0,20000.0,9.0,1.0,0.0,1,100,0.0024752475247524753,9.769374375,1.1402507551749184,0.8222962176742201,0.0,8.0,80000.0,20000.0,8.0,1.0,0.0,0
115.0,19,1.1304347826086958,0.8152173913043479,0.0,8.0,80000.0,20000.0,3.0,2.0,0.0,2,100,0.0024752475247524753,-4.98,1.1304347826086958,0.8152173913043479,0.0,8.0,80000.0,20000.0,3.0,2.0,0.0,1
115.0,463,1.1304347826086958,0.8152173913043479,0.0,8.0,80000.0,20000.0,6.0,4.0,0.0,2,100,0.0024752475247524753,-4.98,1.1304347826086958,0.8152173913043479,0.0,8.0,80000.0,20000.0,6.0,4.0,0.0,1
115.0,928,1.1304347826086958,0.8152173913043479,0.0,8.0,80000.0,20000.0,8.0,1.0,0.0,2,100,0.0024752475247524753,-4.98,1.1304347826086958,0.8152173913043479,0.0,8.0,80000.0,20000.0,8.0,1.0,0.0,1
115.0,3066,1.1304347826086958,0.8152173913043479,0.0,25.0,400000.0,0.0,0.0,5.0,0.0,2,100,0.0024752475247524753,-4.98,1.1304347826086958,0.8152173913043479,0.0,25.0,400000.0,0.0,0.0,5.0,0.0,1
115.0,6139,1.1304347826086958,0.8152173913043479,0.0,12.0,120000.0,20000.0,8.0,3.0,0.0,2,100,0.0024752475247524753,-4.98,1.1304347826086958,0.8152173913043479,0.0,12.0,120000.0,20000.0,8.0,3.0,0.0,1
115.0,11545,1.1304347826086958,0.8152173913043479,0.0,12.0,120000.0,0.0,0.0,2.0,0.0,2,22,0.0024752475247524753,-4.98,1.1304347826086958,0.8152173913043479,0.0,12.0,120000.0,0.0,0.0,2.0,0.0,1
115.0,12444,1.1304347826086958,0.8152173913043479,0.0,12.0,120000.0,0.0,0.0,4.0,0.0,2,100,0.0024752475247524753,-4.98,1.1304347826086958,0.8152173913043479,0.0,12.0,120000.0,0.0,0.0,4.0,0.0,1
110.0,6588,1.1818181818181819,0.6439393939393939,0.0,12.0,120000.0,20000.0,1.0,5.0,0.0,0,0,0.0024752475247524753,9.75,1.1206896551724137,0.8081896551724137,0.0,12.0,120000.0,20000.0,1.0,5.0,0.0,0
110.0,7500,1.1818181818181819,0.6439393939393939,0.0,12.0,120000.0,20000.0,3.0,5.0,0.0,0,0,0.0024752475247524753,9.75,1.1206896551724137,0.8081896551724137,0.0,12.0,120000.0,20000.0,4.0,5.0,0.0,0
116.0,918,1.1206896551724137,0.8081896551724137,0.0,8.0,80000.0,20000.0,8.0,1.0,0.0,2,100,0.0024752475247524753,-4.98,1.1206896551724137,0.8081896551724137,0.0,8.0,80000.0,20000.0,8.0,1.0,0.0,1
116.0,1378,1.1206896551724137,0.8081896551724137,0.0,8.0,80000.0,0.0,0.0,5.0,0.0,3,100,0.0024752475247524753,-4.98,1.1206896551724137,0.8081896551724137,0.0,8.0,80000.0,0.0,0.0,5.0,0.0,1
116.0,2282,1.1206896551724137,0.8081896551724137,0.0,8.0,80000.0,0.0,0.0,5.0,0.0,3,100,0.0024752475247524753,-4.98,1.1206896551724137,0.8081896551724137,0.0,8.0,80000.0,0.0,0.0,5.0,0.0,1
116.0,2709,1.1206896551724137,0.8081896551724137,0.0,25.0,400000.0,20000.0,4.0,4.0,0.0,2,100,0.0024752475247524753,-4.98,1.1206896551724137,0.8081896551724137,0.0,25.0,400000.0,20000.0,4.0,4.0,0.0,1
116.0,3445,1.1206896551724137,0.8081896551724137,37.5,25.0,400000.0,20000.0,7.0,2.0,0.0,2,100,0.0024752475247524753,-4.9625,1.1206896551724137,0.8081896551724137,37.5,25.0,400000.0,20000.0,7.0,2.0,0.0,1
116.0,4160,1.1206896551724137,0.8081896551724137,0.0,25.0,400000.0,0.0,0.0,1.0,0.0,2,79,0.0024752475247524753,-4.98,1.1206896551724137,0.8081896551724137,0.0,25.0,400000.0,0.0,0.0,1.0,0.0,1
116.0,4517,1.1206896551724137,0.8081896551724137,25.0,25.0,400000.0,20000.0,3.0,3.0,0.0,2,79,0.0024752475247524753,-4.975,1.1206896551724137,0.8081896551724137,25.0,25.0,400000.0,20000.0,3.0,3.0,0.0,1
116.0,5698,1.1206896551724137,0.8081896551724137,0.0,12.0,120000.0,20000.0,3.0,2.0,0.0,3,100,0.0024752475247524753,-4.98,1.1206896551724137,0.8081896551724137,0.0,12.0,120000.0,20000.0,3.0,2.0,0.0,1
116.0,6591,1.1206896551724137,0.8081896551724137,0.0,12.0,120000.0,20000.0,1.0,5.0,0.0,3,100,0.0024752475247524753,-4.98,1.1206896551724137,0.8081896551724137,0.0,12.0,120000.0,20000.0,1.0,5.0,0.0,1
116.0,7045,1.1206896551724137,0.8081896551724137,0.0,12.0,120000.0,20000.0,5.0,4.0,0.0,1,100,0.0024752475247524753,-4.98,1.1206896551724137,0.8081896551724137,0.0,12.0,120000.0,20000.0,5.0,4.0,0.0,1
116.0,10189,1.1206896551724137,0.8081896551724137,0.0,12.0,120000.0,0.0,0.0,2.0,0.0,2,100,0.0024752475247524753,-4.98,1.1206896551724137,0.8081896551724137,0.0,12.0,120000.0,0.0,0.0,2.0,0.0,1
116.0,11083,1.1206896551724137,0.8081896551724137,0.0,12.0,120000.0,0.0,0.0,4.0,0.0,2,100,0.0024752475247524753,-4.98,1.1206896551724137,0.8081896551724137,0.0,12.0,120000.0,0.0,0.0,4.0,0.0,1
96.0,3797,1.3541666666666667,0.7161458333333333,37.5,25.0,400000.0,20000.0,8.0,0.0,0.0,0,0,0.0024752475247524753,9.5995498,1.1205929557285617,0.808119919996559,12.5,25.0,400000.0,20000.0,6.0,0.0,0.0,0
48.0,3781,0.20833333333333334,0.26041666666666663,25.0,25.0,400000.0,20000.0,3.0,2.0,0.7,1,100,0.0024752475247524753,-2.9745,1.1111111111111112,0.8012820512820513,12.5,25.0,400000.0,20000.0,6.0,0.0,0.01,1
117.0,464,1.1111111111111112,0.8012820512820513,0.0,8.0,80000.0,20000.0,6.0,4.0,0.01,1,100,0.0024752475247524753,-4.98,1.1111111111111112,0.8012820512820513,0.0,8.0,80000.0,20000.0,6.0,4.0,0.0,1
117.0,929,1.1111111111111112,0.8012820512820513,0.0,8.0,80000.0,20000.0,8.0,1.0,0.01,3,100,0.0024752475247524753,-4.98,1.1111111111111112,0.8012820512820513,0.0,8.0,80000.0,20000.0,9.0,1.0,0.0,1
117.0,4520,1.1111111111111112,0.8012820512820513,25.0,25.0,400000.0,20000.0,3.0,3.0,0.01,3,100,0.0024752475247524753,-4.975,1.1111111111111112,0.8012820512820513,25.0,25.0,400000.0,20000.0,3.0,3.0,0.0,1
117.0,6140,1.1111111111111112,0.8012820512820513,0.0,12.0,120000.0,20000.0,8.0,3.0,0.01,2,100,0.0024752475247524753,-4.98,1.1111111111111112,0.8012820512820513,0.0,12.0,120000.0,20000.0,8.0,3.0,0.0,1
117.0,7947,1.1111111111111112,0.8012820512820513,12.5,12.0,120000.0,20000.0,5.0,3.0,0.01,2,100,0.0024752475247524753,-4.98,1.1111111111111112,0.8012820512820513,12.5,12.0,120000.0,20000.0,5.0,3.0,0.0,1
117.0,8382,1.1111111111111112,0.8012820512820513,12.5,12.0,120000.0,20000.0,10.0,1.0,0.01,1,100,0.0024752475247524753,-4.98,1.1111111111111112,0.8012820512820513,12.5,12.0,120000.0,20000.0,10.0,1.0,0.0,1
117.0,11546,1.1111111111111112,0.8012820512820513,0.0,12.0,120000.0,0.0,0.0,2.0,0.01,3,100,0.0024752475247524753,-4.98,1.1111111111111112,0.8012820512820513,0.0,12.0,120000.0,0.0,0.0,2.0,0.0,1
98.0,4511,1.3265306122448979,0.701530612244898,0.0,25.0,400000.0,20000.0,1.0,3.0,0.0,1,100,0.0024752475247524753,9.61975,1.1016949152542372,0.7944915254237288,12.5,25.0,400000.0,20000.0,2.0,3.0,0.0,0
118.0,475,1.1016949152542372,0.7944915254237288,0.0,8.0,80000.0,20000.0,6.0,4.0,0.0,3,100,0.0024752475247524753,-4.98,1.1016949152542372,0.7944915254237288,0.0,8.0,80000.0,20000.0,6.0,4.0,0.0,1
118.0,919,1.1016949152542372,0.7944915254237288,0.0,8.0,80000.0,20000.0,9.0,1.0,0.0,2,100,0.0024752475247524753,-4.98,1.1016949152542372,0.7944915254237288,0.0,8.0,80000.0,20000.0,9.0,1.0,0.0,1
118.0,1379,1.1016949152542372,0.7944915254237288,0.0,8.0,80000.0,0.0,0.0,5.0,0.0,2,100,0.0024752475247524753,-4.98,1.1016949152542372,0.7944915254237288,0.0,8.0,80000.0,0.0,0.0,5.0,0.0,1
118.0,2283,1.1016949152542372,0.7944915254237288,0.0,8.0,80000.0,0.0,0.0,5.0,0.0,3,100,0.0024752475247524753,-4.98,1.1016949152542372,0.7944915254237288,0.0,8.0,80000.0,0.0,0.0,5.0,0.0,1
118.0,3067,1.1016949152542372,0.7944915254237288,0.0,25.0,400000.0,0.0,0.0,5.0,0.0,3,100,0.0024752475247524753,-4.98,1.1016949152542372,0.7944915254237288,0.0,25.0,400000.0,0.0,0.0,5.0,0.0,1
118.0,5699,1.1016949152542372,0.7944915254237288,0.0,12.0,120000.0,20000.0,3.0,2.0,0.0,2,100,0.0024752475247524753,-4.98,1.1016949152542372,0.7944915254237288,0.0,12.0,120000.0,20000.0,3.0,2.0,0.0,1
118.0,6592,1.1016949152542372,0.7944915254237288,0.0,12.0,120000.0,20000.0,1.0,5.0,0.0,2,100,0.0024752475247524753,-4.98,1.1016949152542372,0.7944915254237288,0.0,12.0,120000.0,20000.0,1.0,5.0,0.0,1
118.0,7046,1.1016949152542372,0.7944915254237288,0.0,12.0,120000.0,20000.0,5.0,4.0,0.0,2,18,0.0024752475247524753,-4.98,1.1016949152542372,0.7944915254237288,0.0,12.0,120000.0,20000.0,5.0,4.0,0.0,1
118.0,7504,1.1016949152542372,0.7944915254237288,12.5,12.0,120000.0,20000.0,4.0,5.0,0.0,2,18,0.0024752475247524753,-4.98,1.1016949152542372,0.7944915254237288,12.5,12.0,120000.0,20000.0,4.0,5.0,0.0,1
118.0,10190,1.1016949152542372,0.7944915254237288,0.0,12.0,120000.0,0.0,0.0,2.0,0.0,2,18,0.0024752475247524753,-4.98,1.1016949152542372,0.7944915254237288,0.0,12.0,120000.0,0.0,0.0,2.0,0.0,1
118.0,11084,1.1016949152542372,0.7944915254237288,0.0,12.0,120000.0,0.0,0.0,4.0,0.0,2,18,0.0024752475247524753,-4.98,1.1016949152542372,0.7944915254237288,0.0,12.0,120000.0,0.0,0.0,4.0,0.0,1
43.0,4140,0.0,0.07267441860465117,0.0,25.0,400000.0,0.0,0.0,0.0,0.94,2,47,0.0024752475247524753,-3.98,1.0954132155649905,0.7899614535324451,0.0,25.0,400000.0,0.0,0.0,1.0,0.0,1
119.0,21,1.0924369747899159,0.7878151260504203,0.0,8.0,80000.0,20000.0,3.0,2.0,0.0,3,100,0.0024752475247524753,-4.98,1.0924369747899159,0.7878151260504203,0.0,8.0,80000.0,20000.0,3.0,2.0,0.0,1
119.0,465,1.0924369747899159,0.7878151260504203,0.0,8.0,80000.0,20000.0,6.0,4.0,0.0,3,100,0.0024752475247524753,-4.98,1.0924369747899159,0.7878151260504203,0.0,8.0,80000.0,20000.0,7.0,4.0,0.0,1
119.0,930,1.0924369747899159,0.7878151260504203,0.0,8.0,80000.0,20000.0,9.0,1.0,0.0,3,100,0.0024752475247524753,-4.98,1.0924369747899159,0.7878151260504203,0.0,8.0,80000.0,20000.0,11.0,1.0,0.0,1
119.0,2710,1.0924369747899159,0.7878151260504203,0.0,25.0,400000.0,20000.0,5.0,4.0,0.0,3,100,0.0024752475247524753,-4.98,1.0924369747899159,0.7878151260504203,0.0,25.0,400000.0,20000.0,5.0,4.0,0.0,1
119.0,2720,1.0924369747899159,0.7878151260504203,0.0,25.0,400000.0,20000.0,5.0,4.0,0.0,1,100,0.0024752475247524753,-4.98,1.0924369747899159,0.7878151260504203,0.0,25.0,400000.0,20000.0,5.0,4.0,0.0,1
119.0,3446,1.0924369747899159,0.7878151260504203,37.5,25.0,400000.0,20000.0,7.0,2.0,0.0,1,100,0.0024752475247524753,-4.9625,1.0924369747899159,0.7878151260504203,37.5,25.0,400000.0,20000.0,7.0,2.0,0.0,1
119.0,4161,1.0924369747899159,0.7878151260504203,0.0,25.0,400000.0,0.0,0.0,1.0,0.0,1,100,0.0024752475247524753,-4.98025,1.0924369747899159,0.7878151260504203,0.0,25.0,400000.0,0.0,0.0,1.0,0.0,1
119.0,4518,1.0924369747899159,0.7878151260504203,12.5,25.0,400000.0,20000.0,2.0,3.0,0.0,1,100,0.0024752475247524753,-4.98,1.0924369747899159,0.7878151260504203,12.5,25.0,400000.0,20000.0,2.0,3.0,0.0,1
119.0,6141,1.0924369747899159,0.7878151260504203,0.0,12.0,120000.0,20000.0,8.0,3.0,0.0,2,100,0.0024752475247524753,-4.98,1.0924369747899159,0.7878151260504203,0.0,12.0,120000.0,20000.0,8.0,3.0,0.0,1
119.0,7948,1.0924369747899159,0.7878151260504203,12.5,12.0,120000.0,20000.0,5.0,3.0,0.0,2,100,0.0024752475247524753,-4.98,1.0924369747899159,0.7878151260504203,12.5,12.0,120000.0,20000.0,5.0,3.0,0.0,1
119.0,8383,1.0924369747899159,0.7878151260504203,12.5,12.0,120000.0,20000.0,10.0,1.0,0.0,1,100,0.0024752475247524753,-4.98,1.0924369747899159,0.7878151260504203,12.5,12.0,120000.0,20000.0,10.0,1.0,0.0,1
119.0,8395,1.0924369747899159,0.7878151260504203,12.5,12.0,120000.0,20000.0,10.0,1.0,0.0,1,100,0.0024752475247524753,-4.98,1.0924369747899159,0.7878151260504203,12.5,12.0,120000.0,20000.0,10.0,1.0,0.0,1
119.0,11547,1.0924369747899159,0.7878151260504203,0.0,12.0,120000.0,0.0,0.0,2.0,0.0,3,100,0.0024752475247524753,-4.98,1.0924369747899159,0.7878151260504203,0.0,12.0,120000.0,0.0,0.0,2.0,0.0,1
46.0,4141,0.10869565217391304,0.1358695652173913,0.0,25.0,400000.0,0.0,0.0,0.0,0.8,2,100,0.0024752475247524753,-3.98,1.0862601103311609,0.783360656488818,0.0,25.0,400000.0,0.0,0.0,1.0,0.0,1
120.0,476,1.0833333333333335,0.78125,0.0,8.0,80000.0,20000.0,7.0,4.0,0.0,3,100,0.0024752475247524753,-4.98,1.0833333333333335,0.78125,0.0,8.0,80000.0,20000.0,8.0,4.0,0.0,1
120.0,1380,1.0833333333333335,0.78125,0.0,8.0,80000.0,0.0,0.0,5.0,0.0,1,100,0.0024752475247524753,-4.98,1.0833333333333335,0.78125,0.0,8.0,80000.0,0.0,0.0,5.0,0.0,1
120.0,2284,1.0833333333333335,0.78125,0.0,8.0,80000.0,0.0,0.0,5.0,0.0,1,100,0.0024752475247524753,-4.98,1.0833333333333335,0.78125,0.0,8.0,80000.0,0.0,0.0,5.0,0.0,1
120.0,4521,1.0833333333333335,0.78125,12.5,25.0,400000.0,20000.0,2.0,3.0,0.0,1,100,0.0024752475247524753,-4.98,1.0833333333333335,0.78125,12.5,25.0,400000.0,20000.0,2.0,3.0,0.0,1
120.0,5700,1.0833333333333335,0.78125,0.0,12.0,120000.0,20000.0,3.0,2.0,0.0,3,100,0.0024752475247524753,-4.98,1.0833333333333335,0.78125,0.0,12.0,120000.0,20000.0,3.0,2.0,0.0,1
120.0,6593,1.0833333333333335,0.78125,0.0,12.0,120000.0,20000.0,1.0,5.0,0.0,3,100,0.0024752475247524753,-4.98,1.0833333333333335,0.78125,0.0,12.0,120000.0,20000.0,1.0,5.0,0.0,1
120.0,7047,1.0833333333333335,0.78125,0.0,12.0,120000.0,20000.0,5.0,4.0,0.0,1,100,0.0024752475247524753,-4.98,1.0833333333333335,0.78125,0.0,12.0,120000.0,20000.0,5.0,4.0,0.0,1
120.0,7505,1.0833333333333335,0.78125,12.5,12.0,120000.0,20000.0,4.0,5.0,0.0,1,100,0.0024752475247524753,-4.98,1.0833333333333335,0.78125,12.5,12.0,120000.0,20000.0,4.0,5.0,0.0,1
120.0,9745,1.0833333333333335,0.78125,0.0,12.0,120000.0,0.0,0.0,3.0,0.0,3,100,0.0024752475247524753,-4.98,1.0833333333333335,0.78125,0.0,12.0,120000.0,0.0,0.0,3.0,0.0,1
120.0,10191,1.0833333333333335,0.78125,0.0,12.0,120000.0,0.0,0.0,2.0,0.0,3,100,0.0024752475247524753,-4.98,1.0833333333333335,0.78125,0.0,12.0,120000.0,0.0,0.0,2.0,0.0,1
120.0,11085,1.0833333333333335,0.78125,0.0,12.0,120000.0,0.0,0.0,4.0,0.0,3,100,0.0024752475247524753,-4.98,1.0833333333333335,0.78125,0.0,12.0,120000.0,0.0,0.0,4.0,0.0,1
115.0,7946,1.1304347826086958,0.8152173913043479,0.0,12.0,120000.0,20000.0,4.0,3.0,0.0,0,0,0.0024752475247524753,9.75,1.0743801652892562,0.7747933884297521,0.0,12.0,120000.0,20000.0,4.0,3.0,0.0,0
115.0,8381,1.1304347826086958,0.8152173913043479,0.0,12.0,120000.0,20000.0,9.0,1.0,0.0,0,0,0.0024752475247524753,9.75,1.0743801652892562,0.7747933884297521,0.0,12.0,120000.0,20000.0,9.0,1.0,0.0,0
121.0,22,1.0743801652892562,0.7747933884297521,0.0,8.0,80000.0,20000.0,3.0,2.0,0.0,3,100,0.0024752475247524753,-4.98,1.0743801652892562,0.7747933884297521,0.0,8.0,80000.0,20000.0,3.0,2.0,0.0,1
121.0,3068,1.0743801652892562,0.7747933884297521,0.0,25.0,400000.0,0.0,0.0,5.0,0.0,1,100,0.0024752475247524753,-4.98,1.0743801652892562,0.7747933884297521,0.0,25.0,400000.0,0.0,0.0,5.0,0.0,1
121.0,6142,1.0743801652892562,0.7747933884297521,0.0,12.0,120000.0,20000.0,8.0,3.0,0.0,1,100,0.0024752475247524753,-4.98025,1.0743801652892562,0.7747933884297521,0.0,12.0,120000.0,20000.0,8.0,3.0,0.0,1
121.0,7949,1.0743801652892562,0.7747933884297521,0.0,12.0,120000.0,20000.0,4.0,3.0,0.0,3,100,0.0024752475247524753,-4.98,1.0743801652892562,0.7747933884297521,0.0,12.0,120000.0,20000.0,4.0,3.0,0.0,1
121.0,8384,1.0743801652892562,0.7747933884297521,0.0,12.0,120000.0,20000.0,9.0,1.0,0.0,3,100,0.0024752475247524753,-4.98,1.0743801652892562,0.7747933884297521,0.0,12.0,120000.0,20000.0,9.0,1.0,0.0,1
121.0,8396,1.0743801652892562,0.7747933884297521,0.0,12.0,120000.0,20000.0,9.0,1.0,0.0,2,100,0.0024752475247524753,-4.98,1.0743801652892562,0.7747933884297521,0.0,12.0,120000.0,20000.0,9.0,1.0,0.0,1
121.0,11548,1.0743801652892562,0.7747933884297521,0.0,12.0,120000.0,0.0,0.0,2.0,0.0,2,100,0.0024752475247524753,-4.98,1.0743801652892562,0.7747933884297521,0.0,12.0,120000.0,0.0,0.0,2.0,0.0,1
122.0,477,1.0655737704918031,0.7684426229508197,12.5,8.0,80000.0,20000.0,9.0,4.0,0.0,1,100,0.0024752475247524753,-4.98,1.0655737704918031,0.7684426229508197,12.5,8.0,80000.0,20000.0,9.0,4.0,0.0,1
122.0,921,1.0655737704918031,0.7684426229508197,25.0,8.0,80000.0,20000.0,13.0,1.0,0.0,1,100,0.0024752475247524753,-4.975,1.0655737704918031,0.7684426229508197,25.0,8.0,80000.0,20000.0,13.0,1.0,0.0,1
122.0,1381,1.0655737704918031,0.7684426229508197,0.0,8.0,80000.0,0.0,0.0,5.0,0.0,1,100,0.0024752475247524753,-4.98,1.0655737704918031,0.7684426229508197,0.0,8.0,80000.0,0.0,0.0,5.0,0.0,1
122.0,2285,1.0655737704918031,0.7684426229508197,0.0,8.0,80000.0,0.0,0.0,5.0,0.0,1,100,0.0024752475247524753,-4.98,1.0655737704918031,0.7684426229508197,0.0,8.0,80000.0,0.0,0.0,5.0,0.0,1
122.0,4162,1.0655737704918031,0.7684426229508197,0.0,25.0,400000.0,0.0,0.0,1.0,0.0,1,100,0.0024752475247524753,-4.98025,1.0655737704918031,0.7684426229508197,0.0,25.0,400000.0,0.0,0.0,1.0,0.0,1
122.0,4519,1.0655737704918031,0.7684426229508197,12.5,25.0,400000.0,20000.0,3.0,3.0,0.0,1,100,0.0024752475247524753,-4.98,1.0655737704918031,0.7684426229508197,12.5,25.0,400000.0,20000.0,3.0,3.0,0.0,1
122.0,7048,1.0655737704918031,0.7684426229508197,0.0,12.0,120000.0,20000.0,5.0,4.0,0.0,2,100,0.0024752475247524753,-4.98,1.0655737704918031,0.7684426229508197,0.0,12.0,120000.0,20000.0,5.0,4.0,0.0,1
122.0,7506,1.0655737704918031,0.7684426229508197,12.5,12.0,120000.0,20000.0,4.0,5.0,0.0,2,100,0.0024752475247524753,-4.98,1.0655737704918031,0.7684426229508197,12.5,12.0,120000.0,20000.0,4.0,5.0,0.0,1
122.0,9746,1.0655737704918031,0.7684426229508197,0.0,12.0,120000.0,0.0,0.0,3.0,0.0,2,100,0.0024752475247524753,-4.98,1.0655737704918031,0.7684426229508197,0.0,12.0,120000.0,0.0,0.0,3.0,0.0,1
122.0,10192,1.0655737704918031,0.7684426229508197,0.0,12.0,120000.0,0.0,0.0,2.0,0.0,2,100,0.0024752475247524753,-4.98,1.0655737704918031,0.7684426229508197,0.0,12.0,120000.0,0.0,0.0,2.0,0.0,1
122.0,11086,1.0655737704918031,0.7684426229508197,0.0,12.0,120000.0,0.0,0.0,4.0,0.0,1,100,0.0024752475247524753,-4.98,1.0655737704918031,0.7684426229508197,0.0,12.0,120000.0,0.0,0.0,4.0,0.0,1
102.0,3799,1.2745098039215685,0.6740196078431373,37.5,25.0,400000.0,20000.0,8.0,0.0,0.0,0,0,0.0024752475247524753,9.5995498,1.065486348210282,0.7683795780362611,12.5,25.0,400000.0,20000.0,8.0,0.0,0.0,0
116.0,7503,1.1206896551724137,0.8081896551724137,0.0,12.0,120000.0,20000.0,3.0,5.0,0.0,1,100,0.0024752475247524753,9.769582916666666,1.065486348210282,0.7683795780362611,0.0,12.0,120000.0,20000.0,3.0,5.0,0.0,0
117.0,20,1.1111111111111112,0.8012820512820513,0.0,8.0,80000.0,20000.0,3.0,2.0,0.01,1,100,0.0024752475247524753,-5.313958958333333,1.0625833531931979,0.7662860720143253,0.0,8.0,80000.0,20000.0,3.0,2.0,0.0,1
123.0,23,1.056910569105691,0.7621951219512195,0.0,8.0,80000.0,20000.0,3.0,2.0,0.0,1,100,0.0024752475247524753,-4.98,1.056910569105691,0.7621951219512195,0.0,8.0,80000.0,20000.0,3.0,2.0,0.0,1
123.0,467,1.056910569105691,0.7621951219512195,12.5,8.0,80000.0,20000.0,9.0,4.0,0.0,1,100,0.0024752475247524753,-4.98,1.056910569105691,0.7621951219512195,12.5,8.0,80000.0,20000.0,9.0,4.0,0.0,1
123.0,932,1.056910569105691,0.7621951219512195,25.0,8.0,80000.0,20000.0,13.0,1.0,0.0,1,100,0.0024752475247524753,-4.975,1.056910569105691,0.7621951219512195,25.0,8.0,80000.0,20000.0,13.0,1.0,0.0,1
123.0,4522,1.056910569105691,0.7621951219512195,12.5,25.0,400000.0,20000.0,3.0,3.0,0.0,1,100,0.0024752475247524753,-4.98,1.056910569105691,0.7621951219512195,12.5,25.0,400000.0,20000.0,3.0,3.0,0.0,1
123.0,6143,1.056910569105691,0.7621951219512195,0.0,12.0,120000.0,20000.0,10.0,3.0,0.0,2,100,0.0024752475247524753,-4.98,1.056910569105691,0.7621951219512195,0.0,12.0,120000.0,20000.0,10.0,3.0,0.0,1
123.0,7950,1.056910569105691,0.7621951219512195,0.0,12.0,120000.0,20000.0,4.0,3.0,0.0,2,100,0.0024752475247524753,-4.98,1.056910569105691,0.7621951219512195,0.0,12.0,120000.0,20000.0,4.0,3.0,0.0,1
123.0,11549,1.056910569105691,0.7621951219512195,0.0,12.0,120000.0,0.0,0.0,2.0,0.0,2,100,0.0024752475247524753,-4.98,1.056910569105691,0.7621951219512195,0.0,12.0,120000.0,0.0,0.0,2.0,0.0,1
120.0,920,1.0833333333333335,0.78125,0.0,8.0,80000.0,20000.0,11.0,1.0,0.0,1,100,0.0024752475247524753,9.76975,1.0483870967741937,0.7560483870967741,12.5,8.0,80000.0,20000.0,12.0,1.0,0.0,0
104.0,3437,1.25,0.6610576923076922,0.0,25.0,400000.0,20000.0,4.0,2.0,0.0,1,100,0.0024752475247524753,9.61925,1.0483870967741937,0.7560483870967741,37.5,25.0,400000.0,20000.0,7.0,2.0,0.0,0
124.0,478,1.0483870967741937,0.7560483870967741,12.5,8.0,80000.0,20000.0,9.0,4.0,0.0,2,100,0.0024752475247524753,-4.98,1.0483870967741937,0.7560483870967741,12.5,8.0,80000.0,20000.0,9.0,4.0,0.0,1
124.0,922,1.0483870967741937,0.7560483870967741,12.5,8.0,80000.0,20000.0,12.0,1.0,0.0,2,100,0.0024752475247524753,-4.98,1.0483870967741937,0.7560483870967741,12.5,8.0,80000.0,20000.0,12.0,1.0,0.0,1
124.0,1382,1.0483870967741937,0.7560483870967741,0.0,8.0,80000.0,0.0,0.0,5.0,0.0,2,100,0.0024752475247524753,-4.98,1.0483870967741937,0.7560483870967741,0.0,8.0,80000.0,0.0,0.0,5.0,0.0,1
124.0,2286,1.0483870967741937,0.7560483870967741,0.0,8.0,80000.0,0.0,0.0,5.0,0.0,2,100,0.0024752475247524753,-4.98,1.0483870967741937,0.7560483870967741,0.0,8.0,80000.0,0.0,0.0,5.0,0.0,1
124.0,3069,1.0483870967741937,0.7560483870967741,0.0,25.0,400000.0,0.0,0.0,5.0,0.0,2,100,0.0024752475247524753,-4.98,1.0483870967741937,0.7560483870967741,0.0,25.0,400000.0,0.0,0.0,5.0,0.0,1
124.0,5702,1.0483870967741937,0.7560483870967741,12.5,12.0,120000.0,20000.0,4.0,2.0,0.0,2,100,0.0024752475247524753,-4.98,1.0483870967741937,0.7560483870967741,12.5,12.0,120000.0,20000.0,4.0,2.0,0.0,1
124.0,7049,1.0483870967741937,0.7560483870967741,0.0,12.0,120000.0,20000.0,5.0,4.0,0.0,2,100,0.0024752475247524753,-4.98,1.0483870967741937,0.7560483870967741,0.0,12.0,120000.0,20000.0,5.0,4.0,0.0,1
124.0,7507,1.0483870967741937,0.7560483870967741,0.0,12.0,120000.0,20000.0,3.0,5.0,0.0,2,18,0.0024752475247524753,-4.98,1.0483870967741937,0.7560483870967741,0.0,12.0,120000.0,20000.0,3.0,5.0,0.0,1
124.0,9747,1.0483870967741937,0.7560483870967741,0.0,12.0,120000.0,0.0,0.0,3.0,0.0,2,18,0.0024752475247524753,-4.98,1.0483870967741937,0.7560483870967741,0.0,12.0,120000.0,0.0,0.0,3.0,0.0,1
124.0,10193,1.0483870967741937,0.7560483870967741,0.0,12.0,120000.0,0.0,0.0,2.0,0.0,2,18,0.0024752475247524753,-4.98,1.0483870967741937,0.7560483870967741,0.0,12.0,120000.0,0.0,0.0,2.0,0.0,1
124.0,11087,1.0483870967741937,0.7560483870967741,0.0,12.0,120000.0,0.0,0.0,4.0,0.0,2,18,0.0024752475247524753,-4.98,1.0483870967741937,0.7560483870967741,0.0,12.0,120000.0,0.0,0.0,4.0,0.0,1
121.0,466,1.0743801652892562,0.7747933884297521,0.0,8.0,80000.0,20000.0,8.0,4.0,0.0,0,0,0.0024752475247524753,9.75,1.04,0.7499999999999999,0.0,8.0,80000.0,20000.0,8.0,4.0,0.0,0
125.0,24,1.04,0.7499999999999999,0.0,8.0,80000.0,20000.0,3.0,2.0,0.0,2,18,0.0024752475247524753,-4.98,1.04,0.7499999999999999,0.0,8.0,80000.0,20000.0,3.0,2.0,0.0,1
125.0,468,1.04,0.7499999999999999,0.0,8.0,80000.0,20000.0,8.0,4.0,0.0,3,100,0.0024752475247524753,-4.98,1.04,0.7499999999999999,0.0,8.0,80000.0,20000.0,8.0,4.0,0.0,1
125.0,933,1.04,0.7499999999999999,12.5,8.0,80000.0,20000.0,12.0,1.0,0.0,3,100,0.0024752475247524753,-4.98,1.04,0.7499999999999999,12.5,8.0,80000.0,20000.0,12.0,1.0,0.0,1
125.0,3448,1.04,0.7499999999999999,37.5,25.0,400000.0,20000.0,7.0,2.0,0.0,1,100,0.0024752475247524753,-4.9625,1.04,0.7499999999999999,37.5,25.0,400000.0,20000.0,7.0,2.0,0.0,1
125.0,3801,1.04,0.7499999999999999,12.5,25.0,400000.0,20000.0,8.0,0.0,0.0,2,100,0.0024752475247524753,-4.98,1.04,0.7499999999999999,12.5,25.0,400000.0,20000.0,8.0,0.0,0.0,1
125.0,4163,1.04,0.7499999999999999,0.0,25.0,400000.0,0.0,0.0,1.0,0.0,2,100,0.0024752475247524753,-4.98,1.04,0.7499999999999999,0.0,25.0,400000.0,0.0,0.0,1.0,0.0,1
125.0,6144,1.04,0.7499999999999999,0.0,12.0,120000.0,20000.0,10.0,3.0,0.0,2,100,0.0024752475247524753,-4.98,1.04,0.7499999999999999,0.0,12.0,120000.0,20000.0,10.0,3.0,0.0,1
125.0,8398,1.04,0.7499999999999999,25.0,12.0,120000.0,20000.0,14.0,1.0,0.0,2,100,0.0024752475247524753,-4.975,1.04,0.7499999999999999,25.0,12.0,120000.0,20000.0,14.0,1.0,0.0,1
125.0,10195,1.04,0.7499999999999999,0.0,12.0,120000.0,0.0,0.0,2.0,0.0,2,100,0.0024752475247524753,-4.98,1.04,0.7499999999999999,0.0,12.0,120000.0,0.0,0.0,2.0,0.0,1
125.0,11550,1.04,0.7499999999999999,0.0,12.0,120000.0,0.0,0.0,2.0,0.0,3,100,0.0024752475247524753,-4.98,1.04,0.7499999999999999,0.0,12.0,120000.0,0.0,0.0,2.0,0.0,1
121.0,931,1.0743801652892562,0.7747933884297521,12.5,8.0,80000.0,20000.0,12.0,1.0,0.0,0,0,0.0024752475247524753,9.749374375,1.0399167234687847,0.7499399448092197,0.0,8.0,80000.0,20000.0,11.0,1.0,0.0,0
126.0,479,1.0317460317460316,0.744047619047619,0.0,8.0,80000.0,20000.0,8.0,4.0,0.0,3,100,0.0024752475247524753,-4.98,1.0317460317460316,0.744047619047619,0.0,8.0,80000.0,20000.0,8.0,4.0,0.0,1
126.0,923,1.0317460317460316,0.744047619047619,0.0,8.0,80000.0,20000.0,11.0,1.0,0.0,2,97,0.0024752475247524753,-4.98,1.0317460317460316,0.744047619047619,0.0,8.0,80000.0,20000.0,11.0,1.0,0.0,1
126.0,1383,1.0317460317460316,0.744047619047619,0.0,8.0,80000.0,0.0,0.0,5.0,0.0,2,97,0.0024752475247524753,-4.98,1.0317460317460316,0.744047619047619,0.0,8.0,80000.0,0.0,0.0,5.0,0.0,1
126.0,2287,1.0317460317460316,0.744047619047619,0.0,8.0,80000.0,0.0,0.0,5.0,0.0,3,100,0.0024752475247524753,-4.98,1.0317460317460316,0.744047619047619,0.0,8.0,80000.0,0.0,0.0,5.0,0.0,1
126.0,4523,1.0317460317460316,0.744047619047619,12.5,25.0,400000.0,20000.0,3.0,3.0,0.0,3,100,0.0024752475247524753,-4.98,1.0317460317460316,0.744047619047619,12.5,25.0,400000.0,20000.0,3.0,3.0,0.0,1
126.0,9748,1.0317460317460316,0.744047619047619,0.0,12.0,120000.0,0.0,0.0,3.0,0.0,3,100,0.0024752475247524753,-4.98,1.0317460317460316,0.744047619047619,0.0,12.0,120000.0,0.0,0.0,3.0,0.0,1
126.0,10194,1.0317460317460316,0.744047619047619,0.0,12.0,120000.0,0.0,0.0,2.0,0.0,3,100,0.0024752475247524753,-4.98,1.0317460317460316,0.744047619047619,0.0,12.0,120000.0,0.0,0.0,2.0,0.0,1
126.0,11088,1.0317460317460316,0.744047619047619,0.0,12.0,120000.0,0.0,0.0,4.0,0.0,3,100,0.0024752475247524753,-4.98,1.0317460317460316,0.744047619047619,0.0,12.0,120000.0,0.0,0.0,4.0,0.0,1
127.0,3070,1.0236220472440944,0.7381889763779527,0.0,25.0,400000.0,0.0,0.0,5.0,0.0,1,100,0.0024752475247524753,-4.98,1.0236220472440944,0.7381889763779527,0.0,25.0,400000.0,0.0,0.0,5.0,0.0,1
127.0,7952,1.0236220472440944,0.7381889763779527,12.5,12.0,120000.0,20000.0,5.0,3.0,0.0,1,100,0.0024752475247524753,-4.98,1.0236220472440944,0.7381889763779527,12.5,12.0,120000.0,20000.0,5.0,3.0,0.0,1
127.0,10196,1.0236220472440944,0.7381889763779527,0.0,12.0,120000.0,0.0,0.0,2.0,0.0,3,100,0.0024752475247524753,-4.98,1.0236220472440944,0.7381889763779527,0.0,12.0,120000.0,0.0,0.0,2.0,0.0,1
127.0,11551,1.0236220472440944,0.7381889763779527,0.0,12.0,120000.0,0.0,0.0,2.0,0.0,3,100,0.0024752475247524753,-4.98,1.0236220472440944,0.7381889763779527,0.0,12.0,120000.0,0.0,0.0,2.0,0.0,1
107.0,3438,1.2149532710280373,0.6619937694704049,12.5,25.0,400000.0,20000.0,5.0,2.0,0.0,0,0,0.0024752475247524753,9.5995498,1.0235413728414005,0.7381307977221638,12.5,25.0,400000.0,20000.0,5.0,2.0,0.0,0
107.0,3442,1.2149532710280373,0.6619937694704049,12.5,25.0,400000.0,20000.0,6.0,2.0,0.0,0,0,0.0024752475247524753,9.5995498,1.0235413728414005,0.7381307977221638,12.5,25.0,400000.0,20000.0,5.0,2.0,0.0,0
122.0,5701,1.0655737704918031,0.7684426229508197,0.0,12.0,120000.0,20000.0,3.0,2.0,0.0,0,0,0.0024752475247524753,9.74975,1.015625,0.8138020833333333,12.5,12.0,120000.0,20000.0,4.0,2.0,0.0,0
122.0,6594,1.0655737704918031,0.7684426229508197,0.0,12.0,120000.0,20000.0,2.0,5.0,0.0,0,0,0.0024752475247524753,9.75,1.015625,0.8138020833333333,0.0,12.0,120000.0,20000.0,2.0,5.0,0.0,0
128.0,1384,1.015625,0.8138020833333333,0.0,8.0,80000.0,0.0,0.0,5.0,0.0,1,100,0.0024752475247524753,-4.98,1.015625,0.8138020833333333,0.0,8.0,80000.0,0.0,0.0,5.0,0.0,1
128.0,2288,1.015625,0.8138020833333333,0.0,8.0,80000.0,0.0,0.0,5.0,0.0,1,100,0.0024752475247524753,-4.98,1.015625,0.8138020833333333,0.0,8.0,80000.0,0.0,0.0,5.0,0.0,1
128.0,2713,1.015625,0.8138020833333333,50.0,25.0,400000.0,20000.0,10.0,4.0,0.0,3,100,0.0024752475247524753,-4.95,1.015625,0.8138020833333333,50.0,25.0,400000.0,20000.0,10.0,4.0,0.0,1
128.0,2723,1.015625,0.8138020833333333,50.0,25.0,400000.0,20000.0,10.0,4.0,0.0,3,100,0.0024752475247524753,-4.95,1.015625,0.8138020833333333,50.0,25.0,400000.0,20000.0,10.0,4.0,0.0,1
128.0,4164,1.015625,0.8138020833333333,0.0,25.0,400000.0,0.0,0.0,1.0,0.0,1,100,0.0024752475247524753,-4.98025,1.015625,0.8138020833333333,0.0,25.0,400000.0,0.0,0.0,1.0,0.0,1
128.0,5704,1.015625,0.8138020833333333,12.5,12.0,120000.0,20000.0,4.0,2.0,0.0,1,100,0.0024752475247524753,-4.98,1.015625,0.8138020833333333,12.5,12.0,120000.0,20000.0,4.0,2.0,0.0,1
128.0,9749,1.015625,0.8138020833333333,0.0,12.0,120000.0,0.0,0.0,3.0,0.0,1,100,0.0024752475247524753,-4.98,1.015625,0.8138020833333333,0.0,12.0,120000.0,0.0,0.0,3.0,0.0,1
128.0,11089,1.015625,0.8138020833333333,0.0,12.0,120000.0,0.0,0.0,4.0,0.0,1,100,0.0024752475247524753,-4.98,1.015625,0.8138020833333333,0.0,12.0,120000.0,0.0,0.0,4.0,0.0,1
123.0,8385,1.056910569105691,0.7621951219512195,0.0,12.0,120000.0,20000.0,11.0,1.0,0.0,0,0,0.0024752475247524753,9.74925,1.0077519379844961,0.8074935400516795,37.5,12.0,120000.0,20000.0,14.0,1.0,0.0,0
123.0,8397,1.056910569105691,0.7621951219512195,0.0,12.0,120000.0,20000.0,12.0,1.0,0.0,0,0,0.0024752475247524753,9.74925,1.0077519379844961,0.8074935400516795,37.5,12.0,120000.0,20000.0,14.0,1.0,0.0,0
129.0,470,1.0077519379844961,0.8074935400516795,25.0,8.0,80000.0,20000.0,10.0,4.0,0.0,2,100,0.0024752475247524753,-4.975,1.0077519379844961,0.8074935400516795,25.0,8.0,80000.0,20000.0,10.0,4.0,0.0,1
129.0,935,1.0077519379844961,0.8074935400516795,25.0,8.0,80000.0,20000.0,13.0,1.0,0.0,2,100,0.0024752475247524753,-4.975,1.0077519379844961,0.8074935400516795,25.0,8.0,80000.0,20000.0,13.0,1.0,0.0,1
129.0,4524,1.0077519379844961,0.8074935400516795,12.5,25.0,400000.0,20000.0,3.0,3.0,0.0,1,100,0.0024752475247524753,-4.98,1.0077519379844961,0.8074935400516795,12.5,25.0,400000.0,20000.0,3.0,3.0,0.0,1
129.0,7953,1.0077519379844961,0.8074935400516795,12.5,12.0,120000.0,20000.0,5.0,3.0,0.0,1,100,0.0024752475247524753,-4.98,1.0077519379844961,0.8074935400516795,12.5,12.0,120000.0,20000.0,5.0,3.0,0.0,1
129.0,8388,1.0077519379844961,0.8074935400516795,37.5,12.0,120000.0,20000.0,14.0,1.0,0.0,2,100,0.0024752475247524753,-4.9625,1.0077519379844961,0.8074935400516795,37.5,12.0,120000.0,20000.0,14.0,1.0,0.0,1
129.0,8400,1.0077519379844961,0.8074935400516795,37.5,12.0,120000.0,20000.0,14.0,1.0,0.0,2,100,0.0024752475247524753,-4.9625,1.0077519379844961,0.8074935400516795,37.5,12.0,120000.0,20000.0,14.0,1.0,0.0,1
129.0,10197,1.0077519379844961,0.8074935400516795,0.0,12.0,120000.0,0.0,0.0,2.0,0.0,2,100,0.0024752475247524753,-4.98,1.0077519379844961,0.8074935400516795,0.0,12.0,120000.0,0.0,0.0,2.0,0.0,1
129.0,11552,1.0077519379844961,0.8074935400516795,0.0,12.0,120000.0,0.0,0.0,2.0,0.0,2,100,0.0024752475247524753,-4.98,1.0077519379844961,0.8074935400516795,0.0,12.0,120000.0,0.0,0.0,2.0,0.0,1
60.0,3785,1.25,0.9895833333333334,25.0,25.0,400000.0,20000.0,3.0,1.0,0.02,1,100,0.0024752475247524753,-2.975,1.0,0.8814102564102564,25.0,25.0,400000.0,20000.0,10.0,0.0,0.01,1
130.0,1385,1.0,0.8814102564102564,0.0,8.0,80000.0,0.0,0.0,5.0,0.01,1,100,0.0024752475247524753,-4.98,1.0,0.8814102564102564,0.0,8.0,80000.0,0.0,0.0,5.0,0.0,1
130.0,2289,1.0,0.8814102564102564,0.0,8.0,80000.0,0.0,0.0,5.0,0.01,2,100,0.0024752475247524753,-4.98,1.0,0.8814102564102564,0.0,8.0,80000.0,0.0,0.0,5.0,0.0,1
130.0,3071,1.0,0.8814102564102564,0.0,25.0,400000.0,0.0,0.0,5.0,0.01,2,100,0.0024752475247524753,-4.98,1.0,0.8814102564102564,0.0,25.0,400000.0,0.0,0.0,5.0,0.0,1
130.0,5705,1.0,0.8814102564102564,12.5,12.0,120000.0,20000.0,4.0,2.0,0.01,1,100,0.0024752475247524753,-4.98,1.0,0.8814102564102564,12.5,12.0,120000.0,20000.0,4.0,2.0,0.0,1
130.0,7052,1.0,0.8814102564102564,25.0,12.0,120000.0,20000.0,7.0,4.0,0.01,3,100,0.0024752475247524753,-4.975,1.0,0.8814102564102564,25.0,12.0,120000.0,20000.0,7.0,4.0,0.0,1
130.0,7510,1.0,0.8814102564102564,25.0,12.0,120000.0,20000.0,5.0,5.0,0.01,3,100,0.0024752475247524753,-4.975,1.0,0.8814102564102564,25.0,12.0,120000.0,20000.0,5.0,5.0,0.0,1
130.0,9750,1.0,0.8814102564102564,0.0,12.0,120000.0,0.0,0.0,3.0,0.01,3,100,0.0024752475247524753,-4.98,1.0,0.8814102564102564,0.0,12.0,120000.0,0.0,0.0,3.0,0.0,1
130.0,11090,1.0,0.8814102564102564,0.0,12.0,120000.0,0.0,0.0,4.0,0.01,1,100,0.0024752475247524753,-4.98,1.0,0.8814102564102564,0.0,12.0,120000.0,0.0,0.0,4.0,0.0,1
110.0,4515,1.1818181818181819,0.6439393939393939,12.5,25.0,400000.0,20000.0,2.0,3.0,0.0,1,100,0.0024752475247524753,9.6197998,0.9999230059285436,0.8813423930459919,0.0,25.0,400000.0,20000.0,3.0,3.0,0.0,0
127.0,469,1.0236220472440944,0.7381889763779527,0.0,8.0,80000.0,20000.0,8.0,4.0,0.0,1,100,0.0024752475247524753,9.76975,0.9923664122137404,0.8746819338422392,12.5,8.0,80000.0,20000.0,9.0,4.0,0.0,0
127.0,934,1.0236220472440944,0.7381889763779527,0.0,8.0,80000.0,20000.0,11.0,1.0,0.0,1,100,0.0024752475247524753,9.76975,0.9923664122137404,0.8746819338422392,12.5,8.0,80000.0,20000.0,13.0,1.0,0.0,0
125.0,7951,1.04,0.7499999999999999,0.0,12.0,120000.0,20000.0,4.0,3.0,0.0,0,0,0.0024752475247524753,9.75,0.9923664122137404,0.8746819338422392,0.0,12.0,120000.0,20000.0,4.0,3.0,0.0,0
131.0,471,0.9923664122137404,0.8746819338422392,12.5,8.0,80000.0,20000.0,9.0,4.0,0.0,1,100,0.0024752475247524753,-4.98,0.9923664122137404,0.8746819338422392,12.5,8.0,80000.0,20000.0,9.0,4.0,0.0,1
131.0,936,0.9923664122137404,0.8746819338422392,12.5,8.0,80000.0,20000.0,12.0,1.0,0.0,3,100,0.0024752475247524753,-4.98,0.9923664122137404,0.8746819338422392,12.5,8.0,80000.0,20000.0,13.0,1.0,0.0,1
131.0,2714,0.9923664122137404,0.8746819338422392,50.0,25.0,400000.0,20000.0,10.0,4.0,0.0,3,100,0.0024752475247524753,-4.95,0.9923664122137404,0.8746819338422392,50.0,25.0,400000.0,20000.0,10.0,4.0,0.0,1
131.0,2724,0.9923664122137404,0.8746819338422392,50.0,25.0,400000.0,20000.0,10.0,4.0,0.0,1,100,0.0024752475247524753,-4.95,0.9923664122137404,0.8746819338422392,50.0,25.0,400000.0,20000.0,10.0,4.0,0.0,1
131.0,3450,0.9923664122137404,0.8746819338422392,25.0,25.0,400000.0,20000.0,6.0,2.0,0.0,1,100,0.0024752475247524753,-4.975,0.9923664122137404,0.8746819338422392,25.0,25.0,400000.0,20000.0,6.0,2.0,0.0,1
131.0,3803,0.9923664122137404,0.8746819338422392,25.0,25.0,400000.0,20000.0,10.0,0.0,0.0,2,100,0.0024752475247524753,-4.975,0.9923664122137404,0.8746819338422392,25.0,25.0,400000.0,20000.0,10.0,0.0,0.0,1
131.0,4165,0.9923664122137404,0.8746819338422392,0.0,25.0,400000.0,0.0,0.0,1.0,0.0,2,100,0.0024752475247524753,-4.98,0.9923664122137404,0.8746819338422392,0.0,25.0,400000.0,0.0,0.0,1.0,0.0,1
131.0,4880,0.9923664122137404,0.8746819338422392,0.0,25.0,400000.0,0.0,0.0,5.0,0.0,2,100,0.0024752475247524753,-4.98,0.9923664122137404,0.8746819338422392,0.0,25.0,400000.0,0.0,0.0,5.0,0.0,1
131.0,7954,0.9923664122137404,0.8746819338422392,0.0,12.0,120000.0,20000.0,4.0,3.0,0.0,2,100,0.0024752475247524753,-4.98,0.9923664122137404,0.8746819338422392,0.0,12.0,120000.0,20000.0,4.0,3.0,0.0,1
131.0,10198,0.9923664122137404,0.8746819338422392,0.0,12.0,120000.0,0.0,0.0,2.0,0.0,1,87,0.0024752475247524753,-4.98025,0.9923664122137404,0.8746819338422392,0.0,12.0,120000.0,0.0,0.0,2.0,0.0,1
131.0,11553,0.9923664122137404,0.8746819338422392,0.0,12.0,120000.0,0.0,0.0,2.0,0.0,2,100,0.0024752475247524753,-4.98,0.9923664122137404,0.8746819338422392,0.0,12.0,120000.0,0.0,0.0,2.0,0.0,1
125.0,8386,1.04,0.7499999999999999,25.0,12.0,120000.0,20000.0,13.0,1.0,0.0,0,0,0.0024752475247524753,9.748582916666667,0.9922905890931539,0.8746151025660813,50.0,12.0,120000.0,20000.0,15.0,1.0,0.0,0
126.0,7050,1.0317460317460316,0.744047619047619,0.0,12.0,120000.0,20000.0,5.0,4.0,0.0,0,0,0.0024752475247524753,9.74975,0.9848484848484848,0.8680555555555556,12.5,12.0,120000.0,20000.0,6.0,4.0,0.0,0
126.0,7508,1.0317460317460316,0.744047619047619,0.0,12.0,120000.0,20000.0,3.0,5.0,0.0,0,0,0.0024752475247524753,9.74975,0.9848484848484848,0.8680555555555556,12.5,12.0,120000.0,20000.0,4.0,5.0,0.0,0
132.0,482,0.9848484848484848,0.8680555555555556,12.5,8.0,80000.0,20000.0,9.0,4.0,0.0,2,100,0.0024752475247524753,-4.98,0.9848484848484848,0.8680555555555556,12.5,8.0,80000.0,20000.0,9.0,4.0,0.0,1
132.0,1386,0.9848484848484848,0.8680555555555556,0.0,8.0,80000.0,0.0,0.0,5.0,0.0,2,100,0.0024752475247524753,-4.98,0.9848484848484848,0.8680555555555556,0.0,8.0,80000.0,0.0,0.0,5.0,0.0,1
132.0,2290,0.9848484848484848,0.8680555555555556,0.0,8.0,80000.0,0.0,0.0,5.0,0.0,2,100,0.0024752475247524753,-4.98,0.9848484848484848,0.8680555555555556,0.0,8.0,80000.0,0.0,0.0,5.0,0.0,1
132.0,5706,0.9848484848484848,0.8680555555555556,12.5,12.0,120000.0,20000.0,4.0,2.0,0.0,1,100,0.0024752475247524753,-4.98,0.9848484848484848,0.8680555555555556,12.5,12.0,120000.0,20000.0,4.0,2.0,0.0,1
132.0,7053,0.9848484848484848,0.8680555555555556,12.5,12.0,120000.0,20000.0,6.0,4.0,0.0,2,100,0.0024752475247524753,-4.98,0.9848484848484848,0.8680555555555556,12.5,12.0,120000.0,20000.0,6.0,4.0,0.0,1
132.0,7511,0.9848484848484848,0.8680555555555556,12.5,12.0,120000.0,20000.0,4.0,5.0,0.0,2,100,0.0024752475247524753,-4.98,0.9848484848484848,0.8680555555555556,12.5,12.0,120000.0,20000.0,4.0,5.0,0.0,1
132.0,9751,0.9848484848484848,0.8680555555555556,0.0,12.0,120000.0,0.0,0.0,3.0,0.0,2,100,0.0024752475247524753,-4.98,0.9848484848484848,0.8680555555555556,0.0,12.0,120000.0,0.0,0.0,3.0,0.0,1
132.0,11091,0.9848484848484848,0.8680555555555556,0.0,12.0,120000.0,0.0,0.0,4.0,0.0,2,100,0.0024752475247524753,-4.98,0.9848484848484848,0.8680555555555556,0.0,12.0,120000.0,0.0,0.0,4.0,0.0,1
128.0,480,1.015625,0.8138020833333333,12.5,8.0,80000.0,20000.0,9.0,4.0,0.0,0,0,0.0024752475247524753,9.749374375,0.9847738061681839,0.8679897330008031,0.0,8.0,80000.0,20000.0,8.0,4.0,0.0,0
126.0,5703,1.0317460317460316,0.744047619047619,12.5,12.0,120000.0,20000.0,4.0,2.0,0.0,0,0,0.0024752475247524753,9.749582916666666,0.9847738061681839,0.8679897330008031,0.0,12.0,120000.0,20000.0,3.0,2.0,0.0,0
128.0,924,1.015625,0.8138020833333333,12.5,8.0,80000.0,20000.0,12.0,1.0,0.0,0,0,0.0024752475247524753,9.749374375,0.9847738061681839,0.8679897330008031,0.0,8.0,80000.0,20000.0,12.0,1.0,0.0,0
133.0,3072,0.9774436090225564,0.8615288220551378,0.0,25.0,400000.0,0.0,0.0,5.0,0.0,3,100,0.0024752475247524753,-4.98,0.9774436090225564,0.8615288220551378,0.0,25.0,400000.0,0.0,0.0,5.0,0.0,1
133.0,7955,0.9774436090225564,0.8615288220551378,0.0,12.0,120000.0,20000.0,4.0,3.0,0.0,3,100,0.0024752475247524753,-4.98,0.9774436090225564,0.8615288220551378,0.0,12.0,120000.0,20000.0,4.0,3.0,0.0,1
133.0,8390,0.9774436090225564,0.8615288220551378,50.0,12.0,120000.0,20000.0,15.0,1.0,0.0,1,99,0.0024752475247524753,-4.95,0.9774436090225564,0.8615288220551378,50.0,12.0,120000.0,20000.0,15.0,1.0,0.0,1
133.0,8402,0.9774436090225564,0.8615288220551378,50.0,12.0,120000.0,20000.0,15.0,1.0,0.0,1,99,0.0024752475247524753,-4.95,0.9774436090225564,0.8615288220551378,50.0,12.0,120000.0,20000.0,15.0,1.0,0.0,1
133.0,10199,0.9774436090225564,0.8615288220551378,0.0,12.0,120000.0,0.0,0.0,2.0,0.0,1,99,0.0024752475247524753,-4.98,0.9774436090225564,0.8615288220551378,0.0,12.0,120000.0,0.0,0.0,2.0,0.0,1
133.0,11554,0.9774436090225564,0.8615288220551378,0.0,12.0,120000.0,0.0,0.0,2.0,0.0,1,99,0.0024752475247524753,-4.98,0.9774436090225564,0.8615288220551378,0.0,12.0,120000.0,0.0,0.0,2.0,0.0,1
127.0,8387,1.0236220472440944,0.7381889763779527,37.5,12.0,120000.0,20000.0,14.0,1.0,0.0,0,0,0.0024752475247524753,9.749082916666666,0.9773700490662319,0.8614639855551725,25.0,12.0,120000.0,20000.0,13.0,1.0,0.0,0
127.0,8399,1.0236220472440944,0.7381889763779527,37.5,12.0,120000.0,20000.0,15.0,1.0,0.0,0,0,0.0024752475247524753,9.749082916666666,0.9773700490662319,0.8614639855551725,25.0,12.0,120000.0,20000.0,13.0,1.0,0.0,0
