time,task_id,s0,s1,s2,s3,s4,s5,s6,s7,s8,s9,action_offload,action_prb,action_prob,reward,s_next0,s_next1,s_next2,s_next3,s_next4,s_next5,s_next6,s_next7,s_next8,s_next9,done
39.0,7020,0.0,0.0,0.0,12.0,120000.0,20000.0,1.0,5.0,0.99,1.0,2,94,0.0024752475247524753,-4.958500000000001,0.0,0.0,0.0,12.0,120000.0,20000.0,1.0,5.0,0.43,1.0,1
40.0,1350,0.0,0.078125,0.0,8.0,80000.0,0.0,0.0,6.0,0.43,1.0,3,82,0.0024752475247524753,-4.930000000000001,0.0,0.078125,0.0,8.0,80000.0,0.0,0.0,6.0,0.43,1.0,1
37.0,5220,0.0,0.0,0.0,12.0,120000.0,20000.0,1.0,6.0,1.0,1.0,1,1,0.0024752475247524753,0.8748333333333334,0.0,0.07621951219512195,0.0,12.0,120000.0,20000.0,1.0,6.0,0.43,1.0,0
41.0,5222,0.0,0.07621951219512195,0.0,12.0,120000.0,20000.0,1.0,6.0,0.43,1.0,3,82,0.0024752475247524753,-4.930000000000001,0.0,0.07621951219512195,0.0,12.0,120000.0,20000.0,1.0,6.0,0.43,1.0,1
41.0,5670,0.0,0.07621951219512195,0.0,12.0,120000.0,20000.0,1.0,2.0,0.43,1.0,3,82,0.0024752475247524753,-4.930000000000001,0.0,0.07621951219512195,0.0,12.0,120000.0,20000.0,1.0,2.0,0.43,1.0,1
41.0,7021,0.0,0.07621951219512195,0.0,12.0,120000.0,20000.0,1.0,5.0,0.43,1.0,3,82,0.0024752475247524753,-4.930000000000001,0.0,0.07621951219512195,0.0,12.0,120000.0,20000.0,1.0,5.0,0.43,1.0,1
41.0,7920,0.0,0.07621951219512195,0.0,12.0,120000.0,20000.0,1.0,5.0,0.43,1.0,3,76,0.0024752475247524753,-4.930000000000001,0.0,0.07621951219512195,0.0,12.0,120000.0,20000.0,1.0,5.0,0.43,1.0,1
39.0,5221,0.0,0.0,0.0,12.0,120000.0,20000.0,1.0,6.0,0.99,1.0,2,56,0.0024752475247524753,-5.0975,0.0,0.0744047619047619,0.0,12.0,120000.0,20000.0,1.0,6.0,0.15,0.71,1
43.0,4140,0.0,0.07267441860465117,0.0,25.0,400000.0,0.0,0.0,0.0,0.15,0.71,3,28,0.0024752475247524753,-4.944500000000001,0.0,0.07267441860465117,0.0,25.0,400000.0,0.0,0.0,0.0,0.15,0.71,1
43.0,4860,0.0,0.07267441860465117,0.0,25.0,400000.0,0.0,0.0,6.0,0.15,0.71,2,71,0.0024752475247524753,-4.9725,0.0,0.07267441860465117,0.0,25.0,400000.0,0.0,0.0,6.0,0.15,0.71,1
43.0,5223,0.0,0.07267441860465117,0.0,12.0,120000.0,20000.0,1.0,7.0,0.15,0.71,2,71,0.0024752475247524753,-4.9725,0.0,0.07267441860465117,0.0,12.0,120000.0,20000.0,1.0,7.0,0.15,0.71,1
43.0,7470,0.0,0.07267441860465117,0.0,12.0,120000.0,20000.0,1.0,2.0,0.15,0.71,1,53,0.0024752475247524753,-4.9725,0.0,0.07267441860465117,0.0,12.0,120000.0,20000.0,1.0,2.0,0.15,0.71,1
43.0,7921,0.0,0.07267441860465117,0.0,12.0,120000.0,20000.0,1.0,5.0,0.15,0.71,1,53,0.0024752475247524753,-4.9725,0.0,0.07267441860465117,0.0,12.0,120000.0,20000.0,1.0,5.0,0.15,0.71,1
44.0,1352,0.0,0.07102272727272728,0.0,8.0,80000.0,0.0,0.0,6.0,0.15,0.71,1,53,0.0024752475247524753,-4.9725,0.0,0.07102272727272728,0.0,8.0,80000.0,0.0,0.0,6.0,0.15,0.71,1
44.0,8820,0.0,0.07102272727272728,0.0,12.0,120000.0,0.0,0.0,2.0,0.15,0.71,1,53,0.0024752475247524753,-4.9725,0.0,0.07102272727272728,0.0,12.0,120000.0,0.0,0.0,2.0,0.15,0.71,1
44.0,11970,0.0,0.07102272727272728,0.0,12.0,120000.0,0.0,0.0,0.0,0.15,0.71,2,28,0.0024752475247524753,-4.9725,0.0,0.07102272727272728,0.0,12.0,120000.0,0.0,0.0,0.0,0.15,0.71,1
42.0,1351,0.0,0.0744047619047619,0.0,8.0,80000.0,0.0,0.0,6.0,0.43,1.0,3,28,0.0024752475247524753,-5.112833958333334,0.07458232221457588,0.06992092707616487,0.0,8.0,80000.0,0.0,0.0,6.0,0.15,0.71,1
45.0,3780,0.07407407407407407,0.06944444444444445,0.0,25.0,400000.0,20000.0,2.0,2.0,0.15,0.71,2,28,0.0024752475247524753,-4.9725,0.07407407407407407,0.06944444444444445,0.0,25.0,400000.0,20000.0,2.0,2.0,0.15,0.71,1
45.0,5224,0.07407407407407407,0.06944444444444445,0.0,12.0,120000.0,20000.0,1.0,6.0,0.15,0.71,3,42,0.0024752475247524753,-4.944500000000001,0.07407407407407407,0.06944444444444445,0.0,12.0,120000.0,20000.0,1.0,6.0,0.15,0.71,1
45.0,5672,0.07407407407407407,0.06944444444444445,12.5,12.0,120000.0,20000.0,2.0,2.0,0.15,0.71,3,42,0.0024752475247524753,-4.944500000000001,0.07407407407407407,0.06944444444444445,12.5,12.0,120000.0,20000.0,2.0,2.0,0.15,0.71,1
45.0,7023,0.07407407407407407,0.06944444444444445,12.5,12.0,120000.0,20000.0,2.0,5.0,0.15,0.71,2,66,0.0024752475247524753,-4.9725,0.07407407407407407,0.06944444444444445,12.5,12.0,120000.0,20000.0,2.0,5.0,0.15,0.71,1
45.0,7471,0.07407407407407407,0.06944444444444445,0.0,12.0,120000.0,20000.0,1.0,2.0,0.15,0.71,2,66,0.0024752475247524753,-4.9725,0.07407407407407407,0.06944444444444445,0.0,12.0,120000.0,20000.0,1.0,2.0,0.15,0.71,1
45.0,7922,0.07407407407407407,0.06944444444444445,0.0,12.0,120000.0,20000.0,1.0,5.0,0.15,0.71,2,29,0.0024752475247524753,-4.9725,0.07407407407407407,0.06944444444444445,0.0,12.0,120000.0,20000.0,1.0,5.0,0.15,0.71,1
46.0,1353,0.07246376811594203,0.06793478260869565,0.0,8.0,80000.0,0.0,0.0,6.0,0.15,0.71,2,29,0.0024752475247524753,-4.9725,0.07246376811594203,0.06793478260869565,0.0,8.0,80000.0,0.0,0.0,6.0,0.15,0.71,1
46.0,4141,0.07246376811594203,0.06793478260869565,0.0,25.0,400000.0,0.0,0.0,0.0,0.15,0.71,3,18,0.0024752475247524753,-4.944500000000001,0.07246376811594203,0.06793478260869565,0.0,25.0,400000.0,0.0,0.0,0.0,0.15,0.71,1
46.0,4861,0.07246376811594203,0.06793478260869565,0.0,25.0,400000.0,0.0,0.0,6.0,0.15,0.71,3,18,0.0024752475247524753,-4.944500000000001,0.07246376811594203,0.06793478260869565,0.0,25.0,400000.0,0.0,0.0,6.0,0.15,0.71,1
46.0,8821,0.07246376811594203,0.06793478260869565,0.0,12.0,120000.0,0.0,0.0,2.0,0.15,0.71,1,89,0.0024752475247524753,-4.9725,0.07246376811594203,0.06793478260869565,0.0,12.0,120000.0,0.0,0.0,2.0,0.15,0.71,1
46.0,11971,0.07246376811594203,0.06793478260869565,0.0,12.0,120000.0,0.0,0.0,1.0,0.15,0.71,1,89,0.0024752475247524753,-4.9725,0.07246376811594203,0.06793478260869565,0.0,12.0,120000.0,0.0,0.0,1.0,0.15,0.71,1
47.0,7024,0.07092198581560284,0.06648936170212766,12.5,12.0,120000.0,20000.0,2.0,5.0,0.15,0.71,2,88,0.0024752475247524753,-4.9725,0.07092198581560284,0.06648936170212766,12.5,12.0,120000.0,20000.0,2.0,5.0,0.15,0.71,1
47.0,7472,0.07092198581560284,0.06648936170212766,0.0,12.0,120000.0,20000.0,1.0,2.0,0.15,0.71,2,88,0.0024752475247524753,-4.9725,0.07092198581560284,0.06648936170212766,0.0,12.0,120000.0,20000.0,1.0,2.0,0.15,0.71,1
47.0,7923,0.07092198581560284,0.06648936170212766,0.0,12.0,120000.0,20000.0,1.0,5.0,0.15,0.71,2,79,0.0024752475247524753,-4.9725,0.07092198581560284,0.06648936170212766,0.0,12.0,120000.0,20000.0,1.0,5.0,0.15,0.71,1
48.0,1354,0.06944444444444445,0.06510416666666666,0.0,8.0,80000.0,0.0,0.0,6.0,0.15,0.71,2,79,0.0024752475247524753,-4.9725,0.06944444444444445,0.06510416666666666,0.0,8.0,80000.0,0.0,0.0,6.0,0.15,0.71,1
48.0,11972,0.06944444444444445,0.06510416666666666,0.0,12.0,120000.0,0.0,0.0,1.0,0.15,0.71,1,81,0.0024752475247524753,-4.9735000000000005,0.06944444444444445,0.06510416666666666,0.0,12.0,120000.0,0.0,0.0,1.0,0.13,0.71,1
43.0,5671,0.0,0.07267441860465117,0.0,12.0,120000.0,20000.0,1.0,2.0,0.15,0.71,0,0,0.0024752475247524753,0.75625,0.06802721088435373,0.06377551020408163,12.5,12.0,120000.0,20000.0,2.0,2.0,0.13,0.71,0
43.0,7022,0.0,0.07267441860465117,0.0,12.0,120000.0,20000.0,1.0,5.0,0.15,0.71,0,0,0.0024752475247524753,0.7565,0.06802721088435373,0.06377551020408163,0.0,12.0,120000.0,20000.0,1.0,4.0,0.13,0.71,0
49.0,2250,0.06802721088435373,0.06377551020408163,0.0,8.0,80000.0,0.0,0.0,5.0,0.13,0.71,1,81,0.0024752475247524753,-4.9735000000000005,0.06802721088435373,0.06377551020408163,0.0,8.0,80000.0,0.0,0.0,5.0,0.13,0.71,1
49.0,4862,0.06802721088435373,0.06377551020408163,0.0,25.0,400000.0,0.0,0.0,5.0,0.13,0.71,2,8,0.0024752475247524753,-4.977500000000001,0.06802721088435373,0.06377551020408163,0.0,25.0,400000.0,0.0,0.0,5.0,0.05,0.71,1
49.0,5226,0.06802721088435373,0.06377551020408163,12.5,12.0,120000.0,20000.0,2.0,6.0,0.13,0.71,1,85,0.0024752475247524753,-4.977500000000001,0.06802721088435373,0.06377551020408163,12.5,12.0,120000.0,20000.0,2.0,6.0,0.05,0.71,1
49.0,5674,0.06802721088435373,0.06377551020408163,12.5,12.0,120000.0,20000.0,2.0,2.0,0.13,0.71,1,85,0.0024752475247524753,-4.977500000000001,0.06802721088435373,0.06377551020408163,12.5,12.0,120000.0,20000.0,2.0,2.0,0.05,0.71,1
49.0,7025,0.06802721088435373,0.06377551020408163,0.0,12.0,120000.0,20000.0,1.0,4.0,0.13,0.71,2,83,0.0024752475247524753,-4.977500000000001,0.06802721088435373,0.06377551020408163,0.0,12.0,120000.0,20000.0,1.0,4.0,0.05,0.71,1
49.0,7473,0.06802721088435373,0.06377551020408163,0.0,12.0,120000.0,20000.0,2.0,2.0,0.13,0.71,2,83,0.0024752475247524753,-4.977500000000001,0.06802721088435373,0.06377551020408163,0.0,12.0,120000.0,20000.0,2.0,2.0,0.05,0.71,1
49.0,7924,0.06802721088435373,0.06377551020408163,0.0,12.0,120000.0,20000.0,1.0,5.0,0.13,0.71,3,45,0.0024752475247524753,-4.944500000000001,0.06802721088435373,0.06377551020408163,0.0,12.0,120000.0,20000.0,1.0,5.0,0.05,0.71,1
50.0,1355,0.06666666666666667,0.0625,0.0,8.0,80000.0,0.0,0.0,6.0,0.05,0.71,3,45,0.0024752475247524753,-4.944500000000001,0.06666666666666667,0.0625,0.0,8.0,80000.0,0.0,0.0,6.0,0.05,0.71,1
50.0,8823,0.06666666666666667,0.0625,0.0,12.0,120000.0,0.0,0.0,2.0,0.05,0.71,1,40,0.0024752475247524753,-4.977500000000001,0.06666666666666667,0.0625,0.0,12.0,120000.0,0.0,0.0,2.0,0.05,0.71,1
50.0,11973,0.06666666666666667,0.0625,0.0,12.0,120000.0,0.0,0.0,1.0,0.05,0.71,1,40,0.0024752475247524753,-4.977500000000001,0.06666666666666667,0.0625,0.0,12.0,120000.0,0.0,0.0,1.0,0.05,0.71,1
51.0,2251,0.065359477124183,0.061274509803921566,0.0,8.0,80000.0,0.0,0.0,5.0,0.05,0.71,2,38,0.0024752475247524753,-4.977500000000001,0.065359477124183,0.061274509803921566,0.0,8.0,80000.0,0.0,0.0,5.0,0.05,0.71,1
51.0,3782,0.065359477124183,0.061274509803921566,0.0,25.0,400000.0,20000.0,2.0,2.0,0.05,0.71,2,38,0.0024752475247524753,-4.977500000000001,0.065359477124183,0.061274509803921566,0.0,25.0,400000.0,20000.0,2.0,2.0,0.05,0.71,1
51.0,7026,0.065359477124183,0.061274509803921566,0.0,12.0,120000.0,20000.0,1.0,4.0,0.05,0.71,3,47,0.0024752475247524753,-4.944500000000001,0.065359477124183,0.061274509803921566,0.0,12.0,120000.0,20000.0,1.0,4.0,0.05,0.71,1
51.0,7474,0.065359477124183,0.061274509803921566,0.0,12.0,120000.0,20000.0,2.0,2.0,0.05,0.71,3,47,0.0024752475247524753,-4.944500000000001,0.065359477124183,0.061274509803921566,0.0,12.0,120000.0,20000.0,2.0,2.0,0.05,0.71,1
51.0,7925,0.065359477124183,0.061274509803921566,0.0,12.0,120000.0,20000.0,1.0,5.0,0.05,0.71,2,44,0.0024752475247524753,-4.977500000000001,0.065359477124183,0.061274509803921566,0.0,12.0,120000.0,20000.0,1.0,5.0,0.05,0.71,1
52.0,1356,0.0641025641025641,0.06009615384615385,0.0,8.0,80000.0,0.0,0.0,6.0,0.05,0.71,2,44,0.0024752475247524753,-4.977500000000001,0.0641025641025641,0.06009615384615385,0.0,8.0,80000.0,0.0,0.0,6.0,0.05,0.71,1
52.0,4143,0.0641025641025641,0.06009615384615385,0.0,25.0,400000.0,0.0,0.0,0.0,0.05,0.71,3,14,0.0024752475247524753,-4.944500000000001,0.0641025641025641,0.06009615384615385,0.0,25.0,400000.0,0.0,0.0,0.0,0.05,0.71,1
52.0,4863,0.0641025641025641,0.06009615384615385,0.0,25.0,400000.0,0.0,0.0,5.0,0.05,0.71,3,14,0.0024752475247524753,-4.944500000000001,0.0641025641025641,0.06009615384615385,0.0,25.0,400000.0,0.0,0.0,5.0,0.05,0.71,1
52.0,8824,0.0641025641025641,0.06009615384615385,0.0,12.0,120000.0,0.0,0.0,2.0,0.05,0.71,2,58,0.0024752475247524753,-4.977500000000001,0.0641025641025641,0.06009615384615385,0.0,12.0,120000.0,0.0,0.0,2.0,0.05,0.71,1
52.0,11974,0.0641025641025641,0.06009615384615385,0.0,12.0,120000.0,0.0,0.0,1.0,0.05,0.71,2,58,0.0024752475247524753,-4.977500000000001,0.0641025641025641,0.06009615384615385,0.0,12.0,120000.0,0.0,0.0,1.0,0.05,0.71,1
47.0,5225,0.07092198581560284,0.06648936170212766,0.0,12.0,120000.0,20000.0,1.0,6.0,0.15,0.71,0,0,0.0024752475247524753,0.7522500000000001,0.06289308176100629,0.0589622641509434,12.5,12.0,120000.0,20000.0,2.0,6.0,0.05,0.71,0
53.0,2252,0.06289308176100629,0.0589622641509434,0.0,8.0,80000.0,0.0,0.0,5.0,0.05,0.71,1,94,0.0024752475247524753,-4.977500000000001,0.06289308176100629,0.0589622641509434,0.0,8.0,80000.0,0.0,0.0,5.0,0.05,0.71,1
53.0,5228,0.06289308176100629,0.0589622641509434,12.5,12.0,120000.0,20000.0,2.0,6.0,0.05,0.71,3,36,0.0024752475247524753,-4.944500000000001,0.06289308176100629,0.0589622641509434,12.5,12.0,120000.0,20000.0,2.0,6.0,0.05,0.71,1
53.0,5676,0.06289308176100629,0.0589622641509434,25.0,12.0,120000.0,20000.0,3.0,2.0,0.05,0.71,3,36,0.0024752475247524753,-4.9395,0.06289308176100629,0.0589622641509434,25.0,12.0,120000.0,20000.0,3.0,2.0,0.05,0.71,1
53.0,7926,0.06289308176100629,0.0589622641509434,0.0,12.0,120000.0,20000.0,1.0,5.0,0.05,0.71,1,22,0.0024752475247524753,-4.977500000000001,0.06289308176100629,0.0589622641509434,0.0,12.0,120000.0,20000.0,1.0,5.0,0.05,0.71,1
47.0,5673,0.07092198581560284,0.06648936170212766,12.5,12.0,120000.0,20000.0,2.0,2.0,0.15,0.71,0,0,0.0024752475247524753,0.7518329166666666,0.06288120551822822,0.05895113017333896,12.5,12.0,120000.0,20000.0,2.0,2.0,0.05,0.71,0
54.0,1357,0.06172839506172839,0.057870370370370364,0.0,8.0,80000.0,0.0,0.0,6.0,0.05,0.71,1,22,0.0024752475247524753,-4.977500000000001,0.06172839506172839,0.057870370370370364,0.0,8.0,80000.0,0.0,0.0,6.0,0.05,0.71,1
54.0,8825,0.06172839506172839,0.057870370370370364,0.0,12.0,120000.0,0.0,0.0,2.0,0.05,0.71,1,28,0.0024752475247524753,-4.977500000000001,0.06172839506172839,0.057870370370370364,0.0,12.0,120000.0,0.0,0.0,2.0,0.05,0.71,1
54.0,11975,0.06172839506172839,0.057870370370370364,0.0,12.0,120000.0,0.0,0.0,1.0,0.05,0.71,3,62,0.0024752475247524753,-4.944500000000001,0.06172839506172839,0.057870370370370364,0.0,12.0,120000.0,0.0,0.0,1.0,0.05,0.71,1
55.0,2253,0.06060606060606061,0.056818181818181816,0.0,8.0,80000.0,0.0,0.0,5.0,0.05,0.71,3,62,0.0024752475247524753,-4.944500000000001,0.06060606060606061,0.056818181818181816,0.0,8.0,80000.0,0.0,0.0,5.0,0.05,0.71,1
55.0,4144,0.06060606060606061,0.056818181818181816,0.0,25.0,400000.0,0.0,0.0,0.0,0.05,0.71,2,6,0.0024752475247524753,-4.977500000000001,0.06060606060606061,0.056818181818181816,0.0,25.0,400000.0,0.0,0.0,0.0,0.05,0.71,1
55.0,4864,0.06060606060606061,0.056818181818181816,0.0,25.0,400000.0,0.0,0.0,5.0,0.05,0.71,2,6,0.0024752475247524753,-4.977500000000001,0.06060606060606061,0.056818181818181816,0.0,25.0,400000.0,0.0,0.0,5.0,0.05,0.71,1
55.0,7028,0.06060606060606061,0.056818181818181816,12.5,12.0,120000.0,20000.0,2.0,4.0,0.05,0.71,1,46,0.0024752475247524753,-4.977500000000001,0.06060606060606061,0.056818181818181816,12.5,12.0,120000.0,20000.0,2.0,4.0,0.05,0.71,1
55.0,7476,0.06060606060606061,0.056818181818181816,12.5,12.0,120000.0,20000.0,3.0,3.0,0.05,0.71,1,46,0.0024752475247524753,-4.977500000000001,0.06060606060606061,0.056818181818181816,12.5,12.0,120000.0,20000.0,3.0,3.0,0.05,0.71,1
55.0,7927,0.06060606060606061,0.056818181818181816,0.0,12.0,120000.0,20000.0,1.0,4.0,0.05,0.71,2,41,0.0024752475247524753,-4.977500000000001,0.06060606060606061,0.056818181818181816,0.0,12.0,120000.0,20000.0,1.0,4.0,0.05,0.71,1
55.0,11520,0.06060606060606061,0.056818181818181816,0.0,12.0,120000.0,0.0,0.0,2.0,0.05,0.71,2,41,0.0024752475247524753,-4.977500000000001,0.06060606060606061,0.056818181818181816,0.0,12.0,120000.0,0.0,0.0,2.0,0.05,0.71,1
48.0,8822,0.06944444444444445,0.06510416666666666,0.0,12.0,120000.0,0.0,0.0,2.0,0.15,0.71,1,1,0.0024752475247524753,0.6891666666666667,0.05952380952380953,0.055803571428571425,0.0,12.0,120000.0,0.0,0.0,2.0,0.05,0.71,0
56.0,1358,0.05952380952380953,0.055803571428571425,0.0,8.0,80000.0,0.0,0.0,6.0,0.05,0.71,3,94,0.0024752475247524753,-4.944500000000001,0.05952380952380953,0.055803571428571425,0.0,8.0,80000.0,0.0,0.0,6.0,0.05,0.71,1
56.0,3421,0.05952380952380953,0.055803571428571425,12.5,25.0,400000.0,20000.0,2.0,2.0,0.05,0.71,3,94,0.0024752475247524753,-4.944500000000001,0.05952380952380953,0.055803571428571425,12.5,25.0,400000.0,20000.0,2.0,2.0,0.05,0.71,1
56.0,8826,0.05952380952380953,0.055803571428571425,0.0,12.0,120000.0,0.0,0.0,2.0,0.05,0.71,3,94,0.0024752475247524753,-4.944500000000001,0.05952380952380953,0.055803571428571425,0.0,12.0,120000.0,0.0,0.0,2.0,0.05,0.71,1
56.0,11976,0.05952380952380953,0.055803571428571425,0.0,12.0,120000.0,0.0,0.0,1.0,0.05,0.71,3,94,0.0024752475247524753,-4.944500000000001,0.05952380952380953,0.055803571428571425,0.0,12.0,120000.0,0.0,0.0,1.0,0.05,0.71,1
57.0,2254,0.058479532163742694,0.05482456140350877,0.0,8.0,80000.0,0.0,0.0,5.0,0.05,0.71,1,54,0.0024752475247524753,-4.977500000000001,0.058479532163742694,0.05482456140350877,0.0,8.0,80000.0,0.0,0.0,5.0,0.05,0.71,1
57.0,3784,0.058479532163742694,0.05482456140350877,12.5,25.0,400000.0,20000.0,3.0,2.0,0.05,0.71,1,54,0.0024752475247524753,-4.977500000000001,0.058479532163742694,0.05482456140350877,12.5,25.0,400000.0,20000.0,3.0,2.0,0.05,0.71,1
57.0,5230,0.058479532163742694,0.05482456140350877,25.0,12.0,120000.0,20000.0,3.0,6.0,0.05,0.71,3,61,0.0024752475247524753,-4.9395,0.058479532163742694,0.05482456140350877,25.0,12.0,120000.0,20000.0,3.0,6.0,0.05,0.71,1
57.0,5678,0.058479532163742694,0.05482456140350877,25.0,12.0,120000.0,20000.0,3.0,2.0,0.05,0.71,3,61,0.0024752475247524753,-4.9395,0.058479532163742694,0.05482456140350877,25.0,12.0,120000.0,20000.0,3.0,2.0,0.05,0.71,1
57.0,7029,0.058479532163742694,0.05482456140350877,12.5,12.0,120000.0,20000.0,2.0,4.0,0.05,0.71,3,6,0.0024752475247524753,-4.944500000000001,0.058479532163742694,0.05482456140350877,12.5,12.0,120000.0,20000.0,2.0,4.0,0.05,0.71,1
57.0,7477,0.058479532163742694,0.05482456140350877,12.5,12.0,120000.0,20000.0,3.0,3.0,0.05,0.71,3,6,0.0024752475247524753,-4.944500000000001,0.058479532163742694,0.05482456140350877,25.0,12.0,120000.0,20000.0,3.0,3.0,0.05,0.71,1
57.0,9270,0.058479532163742694,0.05482456140350877,0.0,12.0,120000.0,0.0,0.0,7.0,0.05,0.71,2,6,0.0024752475247524753,-4.977500000000001,0.058479532163742694,0.05482456140350877,0.0,12.0,120000.0,0.0,0.0,7.0,0.05,0.71,1
57.0,11521,0.058479532163742694,0.05482456140350877,0.0,12.0,120000.0,0.0,0.0,2.0,0.05,0.71,1,29,0.0024752475247524753,-4.977500000000001,0.058479532163742694,0.05482456140350877,0.0,12.0,120000.0,0.0,0.0,2.0,0.05,0.71,1
51.0,5227,0.065359477124183,0.061274509803921566,12.5,12.0,120000.0,20000.0,2.0,6.0,0.05,0.71,0,0,0.0024752475247524753,0.7518329166666666,0.05846926414033839,0.054814935131567245,12.5,12.0,120000.0,20000.0,2.0,6.0,0.05,0.71,0
51.0,5675,0.065359477124183,0.061274509803921566,12.5,12.0,120000.0,20000.0,2.0,2.0,0.05,0.71,0,0,0.0024752475247524753,0.7518329166666666,0.05846926414033839,0.054814935131567245,12.5,12.0,120000.0,20000.0,2.0,2.0,0.05,0.71,0
58.0,1359,0.05747126436781609,0.05387931034482758,0.0,8.0,80000.0,0.0,0.0,6.0,0.05,0.71,1,29,0.0024752475247524753,-4.977500000000001,0.05747126436781609,0.05387931034482758,0.0,8.0,80000.0,0.0,0.0,6.0,0.05,0.71,1
58.0,4145,0.05747126436781609,0.05387931034482758,0.0,25.0,400000.0,0.0,0.0,0.0,0.05,0.71,2,77,0.0024752475247524753,-4.977500000000001,0.05747126436781609,0.05387931034482758,0.0,25.0,400000.0,0.0,0.0,0.0,0.05,0.71,1
58.0,4865,0.05747126436781609,0.05387931034482758,0.0,25.0,400000.0,0.0,0.0,5.0,0.05,0.71,2,77,0.0024752475247524753,-4.977500000000001,0.05747126436781609,0.05387931034482758,0.0,25.0,400000.0,0.0,0.0,5.0,0.05,0.71,1
58.0,8827,0.05747126436781609,0.05387931034482758,0.0,12.0,120000.0,0.0,0.0,2.0,0.05,0.71,3,65,0.0024752475247524753,-4.944500000000001,0.05747126436781609,0.05387931034482758,0.0,12.0,120000.0,0.0,0.0,2.0,0.05,0.71,1
58.0,9720,0.05747126436781609,0.05387931034482758,0.0,12.0,120000.0,0.0,0.0,2.0,0.05,0.71,3,65,0.0024752475247524753,-4.944500000000001,0.05747126436781609,0.05387931034482758,0.0,12.0,120000.0,0.0,0.0,2.0,0.05,0.71,1
58.0,11977,0.05747126436781609,0.05387931034482758,0.0,12.0,120000.0,0.0,0.0,0.0,0.05,0.71,3,65,0.0024752475247524753,-4.944500000000001,0.05747126436781609,0.05387931034482758,0.0,12.0,120000.0,0.0,0.0,0.0,0.05,0.71,1
53.0,7027,0.06289308176100629,0.0589622641509434,0.0,12.0,120000.0,20000.0,1.0,4.0,0.05,0.71,0,0,0.0024752475247524753,0.7525,0.05649717514124294,0.22951977401129944,0.0,12.0,120000.0,20000.0,2.0,5.0,0.05,0.71,0
53.0,7475,0.06289308176100629,0.0589622641509434,0.0,12.0,120000.0,20000.0,2.0,2.0,0.05,0.71,0,0,0.0024752475247524753,0.7522500000000001,0.05649717514124294,0.22951977401129944,12.5,12.0,120000.0,20000.0,2.0,5.0,0.05,0.71,0
59.0,2255,0.05649717514124294,0.22951977401129944,0.0,8.0,80000.0,0.0,0.0,5.0,0.05,0.71,3,65,0.0024752475247524753,-4.944500000000001,0.05649717514124294,0.22951977401129944,0.0,8.0,80000.0,0.0,0.0,5.0,0.05,0.71,1
59.0,3422,0.05649717514124294,0.22951977401129944,12.5,25.0,400000.0,20000.0,2.0,2.0,0.05,0.71,1,10,0.0024752475247524753,-4.977500000000001,0.05649717514124294,0.22951977401129944,12.5,25.0,400000.0,20000.0,2.0,2.0,0.05,0.71,1
59.0,5231,0.05649717514124294,0.22951977401129944,12.5,12.0,120000.0,20000.0,2.0,7.0,0.05,0.71,1,10,0.0024752475247524753,-4.977500000000001,0.05649717514124294,0.22951977401129944,12.5,12.0,120000.0,20000.0,2.0,7.0,0.05,0.71,1
59.0,7478,0.05649717514124294,0.22951977401129944,12.5,12.0,120000.0,20000.0,2.0,5.0,0.05,0.71,3,23,0.0024752475247524753,-4.944500000000001,0.05649717514124294,0.22951977401129944,12.5,12.0,120000.0,20000.0,2.0,5.0,0.05,0.71,1
59.0,7929,0.05649717514124294,0.22951977401129944,12.5,12.0,120000.0,20000.0,2.0,3.0,0.05,0.71,3,23,0.0024752475247524753,-4.944500000000001,0.05649717514124294,0.22951977401129944,12.5,12.0,120000.0,20000.0,2.0,3.0,0.05,0.71,1
59.0,9271,0.05649717514124294,0.22951977401129944,0.0,12.0,120000.0,0.0,0.0,7.0,0.05,0.71,2,91,0.0024752475247524753,-4.977500000000001,0.05649717514124294,0.22951977401129944,0.0,12.0,120000.0,0.0,0.0,7.0,0.05,0.71,1
59.0,10620,0.05649717514124294,0.22951977401129944,0.0,12.0,120000.0,0.0,0.0,5.0,0.05,0.71,2,91,0.0024752475247524753,-4.977500000000001,0.05649717514124294,0.22951977401129944,0.0,12.0,120000.0,0.0,0.0,5.0,0.05,0.71,1
59.0,11522,0.05649717514124294,0.22951977401129944,0.0,12.0,120000.0,0.0,0.0,2.0,0.05,0.71,2,91,0.0024752475247524753,-4.977500000000001,0.05649717514124294,0.22951977401129944,0.0,12.0,120000.0,0.0,0.0,2.0,0.05,0.71,1
60.0,1360,0.05555555555555555,0.22569444444444442,0.0,8.0,80000.0,0.0,0.0,6.0,0.05,0.71,1,29,0.0024752475247524753,-4.977500000000001,0.05555555555555555,0.22569444444444442,0.0,8.0,80000.0,0.0,0.0,6.0,0.05,0.71,1
60.0,3785,0.05555555555555555,0.22569444444444442,12.5,25.0,400000.0,20000.0,3.0,1.0,0.05,0.71,1,29,0.0024752475247524753,-4.97775,0.05555555555555555,0.22569444444444442,12.5,25.0,400000.0,20000.0,3.0,1.0,0.05,0.71,1
60.0,8828,0.05555555555555555,0.22569444444444442,0.0,12.0,120000.0,0.0,0.0,2.0,0.05,0.71,1,39,0.0024752475247524753,-4.977500000000001,0.05555555555555555,0.22569444444444442,0.0,12.0,120000.0,0.0,0.0,2.0,0.05,0.71,1
60.0,9721,0.05555555555555555,0.22569444444444442,0.0,12.0,120000.0,0.0,0.0,2.0,0.05,0.71,1,39,0.0024752475247524753,-4.977500000000001,0.05555555555555555,0.22569444444444442,0.0,12.0,120000.0,0.0,0.0,2.0,0.05,0.71,1
60.0,11978,0.05555555555555555,0.22569444444444442,0.0,12.0,120000.0,0.0,0.0,0.0,0.05,0.71,2,38,0.0024752475247524753,-4.977500000000001,0.05555555555555555,0.22569444444444442,0.0,12.0,120000.0,0.0,0.0,0.0,0.05,0.71,1
61.0,2256,0.0546448087431694,0.22199453551912568,0.0,8.0,80000.0,0.0,0.0,5.0,0.05,0.71,2,38,0.0024752475247524753,-4.977500000000001,0.0546448087431694,0.22199453551912568,0.0,8.0,80000.0,0.0,0.0,5.0,0.05,0.71,1
61.0,4146,0.0546448087431694,0.22199453551912568,0.0,25.0,400000.0,0.0,0.0,0.0,0.05,0.71,3,46,0.0024752475247524753,-4.944500000000001,0.0546448087431694,0.22199453551912568,0.0,25.0,400000.0,0.0,0.0,0.0,0.05,0.71,1
61.0,4866,0.0546448087431694,0.22199453551912568,0.0,25.0,400000.0,0.0,0.0,5.0,0.05,0.71,3,46,0.0024752475247524753,-4.944500000000001,0.0546448087431694,0.22199453551912568,0.0,25.0,400000.0,0.0,0.0,5.0,0.05,0.71,1
61.0,5232,0.0546448087431694,0.22199453551912568,12.5,12.0,120000.0,20000.0,2.0,7.0,0.05,0.71,1,88,0.0024752475247524753,-4.977500000000001,0.0546448087431694,0.22199453551912568,12.5,12.0,120000.0,20000.0,2.0,7.0,0.05,0.71,1
61.0,5680,0.0546448087431694,0.22199453551912568,25.0,12.0,120000.0,20000.0,3.0,2.0,0.05,0.71,1,17,0.0024752475247524753,-4.9725,0.0546448087431694,0.22199453551912568,25.0,12.0,120000.0,20000.0,3.0,2.0,0.05,0.71,1
61.0,7031,0.0546448087431694,0.22199453551912568,12.5,12.0,120000.0,20000.0,2.0,5.0,0.05,0.71,1,17,0.0024752475247524753,-4.977500000000001,0.0546448087431694,0.22199453551912568,12.5,12.0,120000.0,20000.0,2.0,5.0,0.05,0.71,1
61.0,9272,0.0546448087431694,0.22199453551912568,0.0,12.0,120000.0,0.0,0.0,7.0,0.05,0.71,1,24,0.0024752475247524753,-4.977500000000001,0.0546448087431694,0.22199453551912568,0.0,12.0,120000.0,0.0,0.0,7.0,0.05,0.71,1
61.0,10621,0.0546448087431694,0.22199453551912568,0.0,12.0,120000.0,0.0,0.0,4.0,0.05,0.71,1,24,0.0024752475247524753,-4.977500000000001,0.0546448087431694,0.22199453551912568,0.0,12.0,120000.0,0.0,0.0,4.0,0.05,0.71,1
61.0,11523,0.0546448087431694,0.22199453551912568,0.0,12.0,120000.0,0.0,0.0,2.0,0.05,0.71,1,24,0.0024752475247524753,-4.977500000000001,0.0546448087431694,0.22199453551912568,0.0,12.0,120000.0,0.0,0.0,2.0,0.05,0.71,1
55.0,5229,0.06060606060606061,0.056818181818181816,12.5,12.0,120000.0,20000.0,2.0,6.0,0.05,0.71,0,0,0.0024752475247524753,0.7520829166666665,0.054635843090885136,0.2219581125567209,0.0,12.0,120000.0,20000.0,1.0,7.0,0.05,0.71,0
55.0,5677,0.06060606060606061,0.056818181818181816,12.5,12.0,120000.0,20000.0,2.0,2.0,0.05,0.71,0,0,0.0024752475247524753,0.7518329166666666,0.054635843090885136,0.2219581125567209,12.5,12.0,120000.0,20000.0,2.0,2.0,0.05,0.71,0
62.0,1361,0.053763440860215055,0.21841397849462363,0.0,8.0,80000.0,0.0,0.0,6.0,0.05,0.71,1,24,0.0024752475247524753,-4.977500000000001,0.053763440860215055,0.21841397849462363,0.0,8.0,80000.0,0.0,0.0,6.0,0.05,0.71,1
62.0,3423,0.053763440860215055,0.21841397849462363,12.5,25.0,400000.0,20000.0,2.0,2.0,0.05,0.71,1,91,0.0024752475247524753,-4.977500000000001,0.053763440860215055,0.21841397849462363,12.5,25.0,400000.0,20000.0,2.0,2.0,0.05,0.71,1
62.0,8829,0.053763440860215055,0.21841397849462363,0.0,12.0,120000.0,0.0,0.0,2.0,0.05,0.71,1,91,0.0024752475247524753,-4.977500000000001,0.053763440860215055,0.21841397849462363,0.0,12.0,120000.0,0.0,0.0,2.0,0.05,0.71,1
62.0,9722,0.053763440860215055,0.21841397849462363,0.0,12.0,120000.0,0.0,0.0,2.0,0.05,0.71,1,91,0.0024752475247524753,-4.977500000000001,0.053763440860215055,0.21841397849462363,0.0,12.0,120000.0,0.0,0.0,2.0,0.05,0.71,1
62.0,11979,0.053763440860215055,0.21841397849462363,0.0,12.0,120000.0,0.0,0.0,0.0,0.05,0.71,3,91,0.0024752475247524753,-4.944500000000001,0.053763440860215055,0.21841397849462363,0.0,12.0,120000.0,0.0,0.0,0.0,0.05,0.71,1
57.0,7928,0.058479532163742694,0.05482456140350877,0.0,12.0,120000.0,20000.0,1.0,4.0,0.05,0.71,0,0,0.0024752475247524753,0.7522500000000001,0.052910052910052914,0.21494708994708994,12.5,12.0,120000.0,20000.0,2.0,3.0,0.05,0.71,0
63.0,1800,0.052910052910052914,0.21494708994708994,0.0,8.0,80000.0,0.0,0.0,3.0,0.05,0.71,2,22,0.0024752475247524753,-4.977500000000001,0.052910052910052914,0.21494708994708994,0.0,8.0,80000.0,0.0,0.0,3.0,0.05,0.71,1
63.0,2257,0.052910052910052914,0.21494708994708994,0.0,8.0,80000.0,0.0,0.0,5.0,0.05,0.71,2,22,0.0024752475247524753,-4.977500000000001,0.052910052910052914,0.21494708994708994,0.0,8.0,80000.0,0.0,0.0,5.0,0.05,0.71,1
63.0,3786,0.052910052910052914,0.21494708994708994,12.5,25.0,400000.0,20000.0,3.0,1.0,0.05,0.71,3,21,0.0024752475247524753,-4.944500000000001,0.052910052910052914,0.21494708994708994,12.5,25.0,400000.0,20000.0,3.0,1.0,0.05,0.71,1
63.0,5233,0.052910052910052914,0.21494708994708994,0.0,12.0,120000.0,20000.0,2.0,7.0,0.05,0.71,3,21,0.0024752475247524753,-4.944500000000001,0.052910052910052914,0.21494708994708994,0.0,12.0,120000.0,20000.0,2.0,7.0,0.05,0.71,1
63.0,5681,0.052910052910052914,0.21494708994708994,12.5,12.0,120000.0,20000.0,2.0,2.0,0.05,0.71,1,99,0.0024752475247524753,-4.977500000000001,0.052910052910052914,0.21494708994708994,12.5,12.0,120000.0,20000.0,2.0,2.0,0.05,0.71,1
63.0,7032,0.052910052910052914,0.21494708994708994,12.5,12.0,120000.0,20000.0,2.0,5.0,0.05,0.71,1,99,0.0024752475247524753,-4.977500000000001,0.052910052910052914,0.21494708994708994,12.5,12.0,120000.0,20000.0,2.0,5.0,0.05,0.71,1
63.0,7480,0.052910052910052914,0.21494708994708994,25.0,12.0,120000.0,20000.0,4.0,5.0,0.05,0.71,3,64,0.0024752475247524753,-4.9395,0.052910052910052914,0.21494708994708994,25.0,12.0,120000.0,20000.0,4.0,5.0,0.05,0.71,1
63.0,7931,0.052910052910052914,0.21494708994708994,12.5,12.0,120000.0,20000.0,2.0,3.0,0.05,0.71,3,64,0.0024752475247524753,-4.944500000000001,0.052910052910052914,0.21494708994708994,12.5,12.0,120000.0,20000.0,2.0,3.0,0.05,0.71,1
63.0,9273,0.052910052910052914,0.21494708994708994,0.0,12.0,120000.0,0.0,0.0,7.0,0.05,0.71,2,50,0.0024752475247524753,-4.977500000000001,0.052910052910052914,0.21494708994708994,0.0,12.0,120000.0,0.0,0.0,7.0,0.05,0.71,1
63.0,10622,0.052910052910052914,0.21494708994708994,0.0,12.0,120000.0,0.0,0.0,4.0,0.05,0.71,3,24,0.0024752475247524753,-4.944500000000001,0.052910052910052914,0.21494708994708994,0.0,12.0,120000.0,0.0,0.0,4.0,0.05,0.71,1
63.0,11524,0.052910052910052914,0.21494708994708994,0.0,12.0,120000.0,0.0,0.0,2.0,0.05,0.71,3,24,0.0024752475247524753,-4.944500000000001,0.052910052910052914,0.21494708994708994,0.0,12.0,120000.0,0.0,0.0,2.0,0.05,0.71,1
64.0,1362,0.052083333333333336,0.21158854166666666,0.0,8.0,80000.0,0.0,0.0,6.0,0.05,0.71,1,84,0.0024752475247524753,-4.977500000000001,0.052083333333333336,0.21158854166666666,0.0,8.0,80000.0,0.0,0.0,6.0,0.05,0.71,1
64.0,4147,0.052083333333333336,0.21158854166666666,0.0,25.0,400000.0,0.0,0.0,1.0,0.05,0.71,1,84,0.0024752475247524753,-4.97775,0.052083333333333336,0.21158854166666666,0.0,25.0,400000.0,0.0,0.0,1.0,0.05,0.71,1
64.0,4867,0.052083333333333336,0.21158854166666666,0.0,25.0,400000.0,0.0,0.0,5.0,0.05,0.71,1,84,0.0024752475247524753,-4.977500000000001,0.052083333333333336,0.21158854166666666,0.0,25.0,400000.0,0.0,0.0,5.0,0.05,0.71,1
64.0,8830,0.052083333333333336,0.21158854166666666,0.0,12.0,120000.0,0.0,0.0,2.0,0.05,0.71,1,84,0.0024752475247524753,-4.977500000000001,0.052083333333333336,0.21158854166666666,0.0,12.0,120000.0,0.0,0.0,2.0,0.05,0.71,1
64.0,9723,0.052083333333333336,0.21158854166666666,0.0,12.0,120000.0,0.0,0.0,2.0,0.05,0.71,1,84,0.0024752475247524753,-4.977500000000001,0.052083333333333336,0.21158854166666666,0.0,12.0,120000.0,0.0,0.0,2.0,0.05,0.71,1
64.0,11980,0.052083333333333336,0.21158854166666666,0.0,12.0,120000.0,0.0,0.0,0.0,0.05,0.71,3,84,0.0024752475247524753,-4.944500000000001,0.052083333333333336,0.21158854166666666,0.0,12.0,120000.0,0.0,0.0,0.0,0.05,0.71,1
65.0,1801,0.05128205128205128,0.20833333333333334,0.0,8.0,80000.0,0.0,0.0,3.0,0.05,0.71,1,8,0.0024752475247524753,-4.977500000000001,0.05128205128205128,0.20833333333333334,0.0,8.0,80000.0,0.0,0.0,3.0,0.05,0.71,1
65.0,2258,0.05128205128205128,0.20833333333333334,0.0,8.0,80000.0,0.0,0.0,5.0,0.05,0.71,1,8,0.0024752475247524753,-4.977500000000001,0.05128205128205128,0.20833333333333334,0.0,8.0,80000.0,0.0,0.0,5.0,0.05,0.71,1
65.0,3424,0.05128205128205128,0.20833333333333334,12.5,25.0,400000.0,20000.0,2.0,2.0,0.05,0.71,3,12,0.0024752475247524753,-4.944500000000001,0.05128205128205128,0.20833333333333334,12.5,25.0,400000.0,20000.0,2.0,2.0,0.05,0.71,1
65.0,4500,0.05128205128205128,0.20833333333333334,0.0,25.0,400000.0,20000.0,1.0,2.0,0.05,0.71,3,12,0.0024752475247524753,-4.944500000000001,0.05128205128205128,0.20833333333333334,0.0,25.0,400000.0,20000.0,1.0,2.0,0.05,0.71,1
65.0,9274,0.05128205128205128,0.20833333333333334,0.0,12.0,120000.0,0.0,0.0,7.0,0.05,0.71,2,12,0.0024752475247524753,-4.977500000000001,0.05128205128205128,0.20833333333333334,0.0,12.0,120000.0,0.0,0.0,7.0,0.05,0.71,1
65.0,10623,0.05128205128205128,0.20833333333333334,0.0,12.0,120000.0,0.0,0.0,4.0,0.05,0.71,3,24,0.0024752475247524753,-4.944500000000001,0.05128205128205128,0.20833333333333334,0.0,12.0,120000.0,0.0,0.0,4.0,0.05,0.71,1
65.0,11525,0.05128205128205128,0.20833333333333334,0.0,12.0,120000.0,0.0,0.0,2.0,0.05,0.71,3,24,0.0024752475247524753,-4.944500000000001,0.05128205128205128,0.20833333333333334,0.0,12.0,120000.0,0.0,0.0,2.0,0.05,0.71,1
59.0,5679,0.05649717514124294,0.22951977401129944,12.5,12.0,120000.0,20000.0,2.0,2.0,0.05,0.71,0,0,0.0024752475247524753,0.7518329166666671,0.05127415506217171,0.2083012549400726,12.5,12.0,120000.0,20000.0,2.0,2.0,0.05,0.71,0
59.0,7030,0.05649717514124294,0.22951977401129944,0.0,12.0,120000.0,20000.0,1.0,5.0,0.05,0.71,0,0,0.0024752475247524753,0.7518329166666671,0.05127415506217171,0.2083012549400726,12.5,12.0,120000.0,20000.0,2.0,5.0,0.05,0.71,0
49.0,4142,0.06802721088435373,0.06377551020408163,0.0,25.0,400000.0,0.0,0.0,0.0,0.13,0.71,2,8,0.0024752475247524753,-5.310833333333334,0.050761421319796954,0.2062182741116751,0.0,25.0,400000.0,0.0,0.0,1.0,0.05,0.71,1
66.0,1363,0.050505050505050504,0.2051767676767677,0.0,8.0,80000.0,0.0,0.0,6.0,0.05,0.71,2,63,0.0024752475247524753,-4.977500000000001,0.050505050505050504,0.2051767676767677,0.0,8.0,80000.0,0.0,0.0,6.0,0.05,0.71,1
66.0,3787,0.050505050505050504,0.2051767676767677,12.5,25.0,400000.0,20000.0,4.0,1.0,0.05,0.71,2,63,0.0024752475247524753,-4.977500000000001,0.050505050505050504,0.2051767676767677,12.5,25.0,400000.0,20000.0,4.0,1.0,0.05,0.71,1
66.0,8831,0.050505050505050504,0.2051767676767677,0.0,12.0,120000.0,0.0,0.0,2.0,0.05,0.71,2,63,0.0024752475247524753,-4.977500000000001,0.050505050505050504,0.2051767676767677,0.0,12.0,120000.0,0.0,0.0,2.0,0.05,0.71,1
66.0,9724,0.050505050505050504,0.2051767676767677,0.0,12.0,120000.0,0.0,0.0,2.0,0.05,0.71,2,63,0.0024752475247524753,-4.977500000000001,0.050505050505050504,0.2051767676767677,0.0,12.0,120000.0,0.0,0.0,2.0,0.05,0.71,1
66.0,11981,0.050505050505050504,0.2051767676767677,0.0,12.0,120000.0,0.0,0.0,0.0,0.05,0.71,2,44,0.0024752475247524753,-4.977500000000001,0.050505050505050504,0.2051767676767677,0.0,12.0,120000.0,0.0,0.0,0.0,0.05,0.71,1
61.0,7479,0.0546448087431694,0.22199453551912568,12.5,12.0,120000.0,20000.0,3.0,5.0,0.05,0.71,0,0,0.0024752475247524753,0.752,0.04975124378109452,0.2021144278606965,25.0,12.0,120000.0,20000.0,4.0,4.0,0.05,0.71,0
67.0,1802,0.04975124378109452,0.2021144278606965,0.0,8.0,80000.0,0.0,0.0,3.0,0.05,0.71,2,44,0.0024752475247524753,-4.977500000000001,0.04975124378109452,0.2021144278606965,0.0,8.0,80000.0,0.0,0.0,3.0,0.05,0.71,1
67.0,2259,0.04975124378109452,0.2021144278606965,0.0,8.0,80000.0,0.0,0.0,5.0,0.05,0.71,3,58,0.0024752475247524753,-4.944500000000001,0.04975124378109452,0.2021144278606965,0.0,8.0,80000.0,0.0,0.0,5.0,0.05,0.71,1
67.0,4148,0.04975124378109452,0.2021144278606965,0.0,25.0,400000.0,0.0,0.0,1.0,0.05,0.71,3,58,0.0024752475247524753,-4.944500000000001,0.04975124378109452,0.2021144278606965,0.0,25.0,400000.0,0.0,0.0,1.0,0.05,0.71,1
67.0,4868,0.04975124378109452,0.2021144278606965,0.0,25.0,400000.0,0.0,0.0,5.0,0.05,0.71,3,58,0.0024752475247524753,-4.944500000000001,0.04975124378109452,0.2021144278606965,0.0,25.0,400000.0,0.0,0.0,5.0,0.05,0.71,1
67.0,5235,0.04975124378109452,0.2021144278606965,12.5,12.0,120000.0,20000.0,3.0,7.0,0.05,0.71,3,58,0.0024752475247524753,-4.944500000000001,0.04975124378109452,0.2021144278606965,12.5,12.0,120000.0,20000.0,3.0,7.0,0.05,0.71,1
67.0,7482,0.04975124378109452,0.2021144278606965,25.0,12.0,120000.0,20000.0,4.0,4.0,0.05,0.71,1,63,0.0024752475247524753,-4.9735,0.04975124378109452,0.2021144278606965,25.0,12.0,120000.0,20000.0,4.0,4.0,0.03,0.71,1
67.0,7933,0.04975124378109452,0.2021144278606965,25.0,12.0,120000.0,20000.0,3.0,3.0,0.05,0.71,1,63,0.0024752475247524753,-4.9735,0.04975124378109452,0.2021144278606965,25.0,12.0,120000.0,20000.0,3.0,3.0,0.03,0.71,1
67.0,9275,0.04975124378109452,0.2021144278606965,0.0,12.0,120000.0,0.0,0.0,7.0,0.05,0.71,1,63,0.0024752475247524753,-4.9785,0.04975124378109452,0.2021144278606965,0.0,12.0,120000.0,0.0,0.0,7.0,0.03,0.71,1
67.0,10624,0.04975124378109452,0.2021144278606965,0.0,12.0,120000.0,0.0,0.0,4.0,0.05,0.71,1,63,0.0024752475247524753,-4.9785,0.04975124378109452,0.2021144278606965,0.0,12.0,120000.0,0.0,0.0,4.0,0.03,0.71,1
67.0,11526,0.04975124378109452,0.2021144278606965,0.0,12.0,120000.0,0.0,0.0,2.0,0.05,0.71,1,62,0.0024752475247524753,-4.97875,0.04975124378109452,0.2021144278606965,0.0,12.0,120000.0,0.0,0.0,2.0,0.03,0.71,1
67.0,12420,0.04975124378109452,0.2021144278606965,0.0,12.0,120000.0,0.0,0.0,4.0,0.05,0.71,1,62,0.0024752475247524753,-4.9785,0.04975124378109452,0.2021144278606965,0.0,12.0,120000.0,0.0,0.0,4.0,0.03,0.71,1
61.0,7930,0.0546448087431694,0.22199453551912568,12.5,12.0,120000.0,20000.0,2.0,3.0,0.05,0.71,0,0,0.0024752475247524753,0.750832916666667,0.04974381190710662,0.20208423587262064,12.5,12.0,120000.0,20000.0,2.0,3.0,0.03,0.71,0
68.0,1364,0.049019607843137254,0.19914215686274508,0.0,8.0,80000.0,0.0,0.0,6.0,0.03,0.71,2,75,0.0024752475247524753,-4.9785,0.049019607843137254,0.19914215686274508,0.0,8.0,80000.0,0.0,0.0,6.0,0.03,0.71,1
68.0,3425,0.049019607843137254,0.19914215686274508,12.5,25.0,400000.0,20000.0,3.0,2.0,0.03,0.71,2,98,0.0024752475247524753,-4.9785,0.049019607843137254,0.19914215686274508,12.5,25.0,400000.0,20000.0,3.0,2.0,0.03,0.71,1
68.0,4501,0.049019607843137254,0.19914215686274508,0.0,25.0,400000.0,20000.0,1.0,3.0,0.03,0.71,3,28,0.0024752475247524753,-4.944500000000001,0.049019607843137254,0.19914215686274508,0.0,25.0,400000.0,20000.0,1.0,3.0,0.03,0.71,1
68.0,8832,0.049019607843137254,0.19914215686274508,0.0,12.0,120000.0,0.0,0.0,3.0,0.03,0.71,3,28,0.0024752475247524753,-4.944500000000001,0.049019607843137254,0.19914215686274508,0.0,12.0,120000.0,0.0,0.0,3.0,0.03,0.71,1
68.0,9725,0.049019607843137254,0.19914215686274508,0.0,12.0,120000.0,0.0,0.0,3.0,0.03,0.71,3,49,0.0024752475247524753,-4.944500000000001,0.049019607843137254,0.19914215686274508,0.0,12.0,120000.0,0.0,0.0,3.0,0.03,0.71,1
68.0,11982,0.049019607843137254,0.19914215686274508,0.0,12.0,120000.0,0.0,0.0,0.0,0.03,0.71,3,49,0.0024752475247524753,-4.944500000000001,0.049019607843137254,0.19914215686274508,0.0,12.0,120000.0,0.0,0.0,0.0,0.03,0.71,1
69.0,1803,0.04830917874396135,0.196256038647343,0.0,8.0,80000.0,0.0,0.0,3.0,0.03,0.71,1,91,0.0024752475247524753,-4.9785,0.04830917874396135,0.196256038647343,0.0,8.0,80000.0,0.0,0.0,3.0,0.03,0.71,1
69.0,2260,0.04830917874396135,0.196256038647343,0.0,8.0,80000.0,0.0,0.0,5.0,0.03,0.71,1,91,0.0024752475247524753,-4.9785,0.04830917874396135,0.196256038647343,0.0,8.0,80000.0,0.0,0.0,5.0,0.03,0.71,1
69.0,3788,0.04830917874396135,0.196256038647343,12.5,25.0,400000.0,20000.0,4.0,0.0,0.03,0.71,2,94,0.0024752475247524753,-4.9785,0.04830917874396135,0.196256038647343,12.5,25.0,400000.0,20000.0,4.0,0.0,0.03,0.71,1
69.0,5236,0.04830917874396135,0.196256038647343,12.5,12.0,120000.0,20000.0,3.0,6.0,0.03,0.71,2,94,0.0024752475247524753,-4.9785,0.04830917874396135,0.196256038647343,12.5,12.0,120000.0,20000.0,3.0,6.0,0.03,0.71,1
69.0,5684,0.04830917874396135,0.196256038647343,12.5,12.0,120000.0,20000.0,2.0,2.0,0.03,0.71,3,96,0.0024752475247524753,-4.944500000000001,0.04830917874396135,0.196256038647343,12.5,12.0,120000.0,20000.0,2.0,2.0,0.03,0.71,1
69.0,7035,0.04830917874396135,0.196256038647343,12.5,12.0,120000.0,20000.0,2.0,5.0,0.03,0.71,3,96,0.0024752475247524753,-4.944500000000001,0.04830917874396135,0.196256038647343,12.5,12.0,120000.0,20000.0,2.0,5.0,0.03,0.71,1
69.0,7483,0.04830917874396135,0.196256038647343,25.0,12.0,120000.0,20000.0,4.0,3.0,0.03,0.71,3,46,0.0024752475247524753,-4.9395,0.04830917874396135,0.196256038647343,25.0,12.0,120000.0,20000.0,4.0,3.0,0.03,0.71,1
69.0,7934,0.04830917874396135,0.196256038647343,12.5,12.0,120000.0,20000.0,2.0,3.0,0.03,0.71,3,46,0.0024752475247524753,-4.944500000000001,0.04830917874396135,0.196256038647343,12.5,12.0,120000.0,20000.0,2.0,3.0,0.03,0.71,1
69.0,9276,0.04830917874396135,0.196256038647343,0.0,12.0,120000.0,0.0,0.0,7.0,0.03,0.71,2,18,0.0024752475247524753,-4.9785,0.04830917874396135,0.196256038647343,0.0,12.0,120000.0,0.0,0.0,7.0,0.03,0.71,1
69.0,10625,0.04830917874396135,0.196256038647343,0.0,12.0,120000.0,0.0,0.0,5.0,0.03,0.71,2,18,0.0024752475247524753,-4.9785,0.04830917874396135,0.196256038647343,0.0,12.0,120000.0,0.0,0.0,5.0,0.03,0.71,1
69.0,11527,0.04830917874396135,0.196256038647343,0.0,12.0,120000.0,0.0,0.0,2.0,0.03,0.71,3,82,0.0024752475247524753,-4.944500000000001,0.04830917874396135,0.196256038647343,0.0,12.0,120000.0,0.0,0.0,2.0,0.03,0.71,1
69.0,12421,0.04830917874396135,0.196256038647343,0.0,12.0,120000.0,0.0,0.0,4.0,0.03,0.71,3,82,0.0024752475247524753,-4.944500000000001,0.04830917874396135,0.196256038647343,0.0,12.0,120000.0,0.0,0.0,4.0,0.03,0.71,1
70.0,1365,0.047619047619047616,0.2380952380952381,0.0,8.0,80000.0,0.0,0.0,6.0,0.03,0.71,1,8,0.0024752475247524753,-4.9785,0.047619047619047616,0.2380952380952381,0.0,8.0,80000.0,0.0,0.0,6.0,0.03,0.71,1
70.0,4149,0.047619047619047616,0.2380952380952381,0.0,25.0,400000.0,0.0,0.0,1.0,0.03,0.71,1,8,0.0024752475247524753,-4.97875,0.047619047619047616,0.2380952380952381,0.0,25.0,400000.0,0.0,0.0,1.0,0.03,0.71,1
70.0,4869,0.047619047619047616,0.2380952380952381,0.0,25.0,400000.0,0.0,0.0,5.0,0.03,0.71,2,55,0.0024752475247524753,-4.9785,0.047619047619047616,0.2380952380952381,0.0,25.0,400000.0,0.0,0.0,5.0,0.03,0.71,1
70.0,8833,0.047619047619047616,0.2380952380952381,0.0,12.0,120000.0,0.0,0.0,3.0,0.03,0.71,2,55,0.0024752475247524753,-4.9785,0.047619047619047616,0.2380952380952381,0.0,12.0,120000.0,0.0,0.0,3.0,0.03,0.71,1
70.0,9726,0.047619047619047616,0.2380952380952381,0.0,12.0,120000.0,0.0,0.0,3.0,0.03,0.71,2,55,0.0024752475247524753,-4.9785,0.047619047619047616,0.2380952380952381,0.0,12.0,120000.0,0.0,0.0,3.0,0.03,0.71,1
70.0,11983,0.047619047619047616,0.2380952380952381,0.0,12.0,120000.0,0.0,0.0,1.0,0.03,0.71,2,55,0.0024752475247524753,-4.9785,0.047619047619047616,0.2380952380952381,0.0,12.0,120000.0,0.0,0.0,1.0,0.03,0.71,1
65.0,5234,0.05128205128205128,0.20833333333333334,0.0,12.0,120000.0,20000.0,2.0,7.0,0.05,0.71,0,0,0.0024752475247524753,0.7515000000000001,0.046948356807511735,0.27875586854460094,0.0,12.0,120000.0,20000.0,2.0,6.0,0.03,0.71,0
71.0,1804,0.046948356807511735,0.27875586854460094,0.0,8.0,80000.0,0.0,0.0,3.0,0.03,0.71,2,55,0.0024752475247524753,-4.9785,0.046948356807511735,0.27875586854460094,0.0,8.0,80000.0,0.0,0.0,3.0,0.03,0.71,1
71.0,2261,0.046948356807511735,0.27875586854460094,0.0,8.0,80000.0,0.0,0.0,5.0,0.03,0.71,2,55,0.0024752475247524753,-4.9785,0.046948356807511735,0.27875586854460094,0.0,8.0,80000.0,0.0,0.0,5.0,0.03,0.71,1
71.0,3426,0.046948356807511735,0.27875586854460094,12.5,25.0,400000.0,20000.0,3.0,2.0,0.03,0.71,2,71,0.0024752475247524753,-4.9785,0.046948356807511735,0.27875586854460094,12.5,25.0,400000.0,20000.0,3.0,2.0,0.03,0.71,1
71.0,4502,0.046948356807511735,0.27875586854460094,0.0,25.0,400000.0,20000.0,1.0,3.0,0.03,0.71,2,71,0.0024752475247524753,-4.9785,0.046948356807511735,0.27875586854460094,0.0,25.0,400000.0,20000.0,1.0,3.0,0.03,0.71,1
71.0,5237,0.046948356807511735,0.27875586854460094,0.0,12.0,120000.0,20000.0,2.0,6.0,0.03,0.71,3,83,0.0024752475247524753,-4.944500000000001,0.046948356807511735,0.27875586854460094,0.0,12.0,120000.0,20000.0,2.0,6.0,0.03,0.71,1
71.0,5685,0.046948356807511735,0.27875586854460094,12.5,12.0,120000.0,20000.0,2.0,2.0,0.03,0.71,3,83,0.0024752475247524753,-4.944500000000001,0.046948356807511735,0.27875586854460094,12.5,12.0,120000.0,20000.0,2.0,2.0,0.03,0.71,1
71.0,7036,0.046948356807511735,0.27875586854460094,12.5,12.0,120000.0,20000.0,2.0,5.0,0.03,0.71,2,34,0.0024752475247524753,-4.9785,0.046948356807511735,0.27875586854460094,12.5,12.0,120000.0,20000.0,2.0,5.0,0.03,0.71,1
71.0,7484,0.046948356807511735,0.27875586854460094,25.0,12.0,120000.0,20000.0,4.0,3.0,0.03,0.71,2,34,0.0024752475247524753,-4.9735,0.046948356807511735,0.27875586854460094,25.0,12.0,120000.0,20000.0,4.0,3.0,0.03,0.71,1
71.0,9277,0.046948356807511735,0.27875586854460094,0.0,12.0,120000.0,0.0,0.0,7.0,0.03,0.71,2,34,0.0024752475247524753,-4.9785,0.046948356807511735,0.27875586854460094,0.0,12.0,120000.0,0.0,0.0,7.0,0.03,0.71,1
71.0,10626,0.046948356807511735,0.27875586854460094,0.0,12.0,120000.0,0.0,0.0,5.0,0.03,0.71,2,83,0.0024752475247524753,-4.9785,0.046948356807511735,0.27875586854460094,0.0,12.0,120000.0,0.0,0.0,5.0,0.03,0.71,1
71.0,11528,0.046948356807511735,0.27875586854460094,0.0,12.0,120000.0,0.0,0.0,2.0,0.03,0.71,2,83,0.0024752475247524753,-4.9785,0.046948356807511735,0.27875586854460094,0.0,12.0,120000.0,0.0,0.0,2.0,0.03,0.71,1
71.0,12422,0.046948356807511735,0.27875586854460094,0.0,12.0,120000.0,0.0,0.0,4.0,0.03,0.71,2,48,0.0024752475247524753,-4.9785,0.046948356807511735,0.27875586854460094,0.0,12.0,120000.0,0.0,0.0,4.0,0.03,0.71,1
65.0,5682,0.05128205128205128,0.20833333333333334,12.5,12.0,120000.0,20000.0,2.0,2.0,0.05,0.71,0,0,0.0024752475247524753,0.751082916666667,0.046941738683508615,0.2787165734333324,0.0,12.0,120000.0,20000.0,1.0,2.0,0.03,0.71,0
65.0,7033,0.05128205128205128,0.20833333333333334,12.5,12.0,120000.0,20000.0,2.0,5.0,0.05,0.71,0,0,0.0024752475247524753,0.751082916666667,0.046941738683508615,0.2787165734333324,0.0,12.0,120000.0,20000.0,1.0,5.0,0.03,0.71,0
65.0,7481,0.05128205128205128,0.20833333333333334,25.0,12.0,120000.0,20000.0,4.0,5.0,0.05,0.71,0,0,0.0024752475247524753,0.750832916666667,0.046941738683508615,0.2787165734333324,12.5,12.0,120000.0,20000.0,3.0,3.0,0.03,0.71,0
65.0,7932,0.05128205128205128,0.20833333333333334,12.5,12.0,120000.0,20000.0,2.0,3.0,0.05,0.71,0,0,0.0024752475247524753,0.750832916666667,0.046941738683508615,0.2787165734333324,12.5,12.0,120000.0,20000.0,2.0,3.0,0.03,0.71,0
72.0,1366,0.0462962962962963,0.27488425925925924,0.0,8.0,80000.0,0.0,0.0,6.0,0.03,0.71,2,48,0.0024752475247524753,-4.9785,0.0462962962962963,0.27488425925925924,0.0,8.0,80000.0,0.0,0.0,6.0,0.03,0.71,1
72.0,3789,0.0462962962962963,0.27488425925925924,12.5,25.0,400000.0,20000.0,5.0,0.0,0.03,0.71,2,48,0.0024752475247524753,-4.9785,0.0462962962962963,0.27488425925925924,12.5,25.0,400000.0,20000.0,5.0,0.0,0.03,0.71,1
72.0,8834,0.0462962962962963,0.27488425925925924,0.0,12.0,120000.0,0.0,0.0,3.0,0.03,0.71,2,48,0.0024752475247524753,-4.9785,0.0462962962962963,0.27488425925925924,0.0,12.0,120000.0,0.0,0.0,3.0,0.03,0.71,1
72.0,9727,0.0462962962962963,0.27488425925925924,0.0,12.0,120000.0,0.0,0.0,3.0,0.03,0.71,1,14,0.0024752475247524753,-4.9785,0.0462962962962963,0.27488425925925924,0.0,12.0,120000.0,0.0,0.0,3.0,0.03,0.71,1
72.0,11984,0.0462962962962963,0.27488425925925924,0.0,12.0,120000.0,0.0,0.0,1.0,0.03,0.71,1,14,0.0024752475247524753,-4.97875,0.0462962962962963,0.27488425925925924,0.0,12.0,120000.0,0.0,0.0,1.0,0.03,0.71,1
67.0,5683,0.04975124378109452,0.2021144278606965,12.5,12.0,120000.0,20000.0,2.0,2.0,0.05,0.71,2,1,0.0024752475247524753,0.7715000000000001,0.045662100456621,0.2711187214611872,0.0,12.0,120000.0,20000.0,1.0,2.0,0.03,0.71,0
53.0,3420,0.06289308176100629,0.0589622641509434,0.0,25.0,400000.0,20000.0,1.0,2.0,0.05,0.71,1,94,0.0024752475247524753,0.6214999999999999,0.045662100456621,0.2711187214611872,0.0,25.0,400000.0,20000.0,3.0,2.0,0.03,0.71,0
73.0,1805,0.045662100456621,0.2711187214611872,0.0,8.0,80000.0,0.0,0.0,3.0,0.03,0.71,3,88,0.0024752475247524753,-4.944500000000001,0.045662100456621,0.2711187214611872,0.0,8.0,80000.0,0.0,0.0,3.0,0.03,0.71,1
73.0,2262,0.045662100456621,0.2711187214611872,0.0,8.0,80000.0,0.0,0.0,5.0,0.03,0.71,3,88,0.0024752475247524753,-4.944500000000001,0.045662100456621,0.2711187214611872,0.0,8.0,80000.0,0.0,0.0,5.0,0.03,0.71,1
73.0,4150,0.045662100456621,0.2711187214611872,0.0,25.0,400000.0,0.0,0.0,1.0,0.03,0.71,1,81,0.0024752475247524753,-4.97875,0.045662100456621,0.2711187214611872,0.0,25.0,400000.0,0.0,0.0,1.0,0.03,0.71,1
73.0,4870,0.045662100456621,0.2711187214611872,0.0,25.0,400000.0,0.0,0.0,5.0,0.03,0.71,1,81,0.0024752475247524753,-4.9785,0.045662100456621,0.2711187214611872,0.0,25.0,400000.0,0.0,0.0,5.0,0.03,0.71,1
73.0,5238,0.045662100456621,0.2711187214611872,0.0,12.0,120000.0,20000.0,2.0,4.0,0.03,0.71,2,34,0.0024752475247524753,-4.9785,0.045662100456621,0.2711187214611872,0.0,12.0,120000.0,20000.0,3.0,4.0,0.03,0.71,1
73.0,9278,0.045662100456621,0.2711187214611872,0.0,12.0,120000.0,0.0,0.0,7.0,0.03,0.71,1,34,0.0024752475247524753,-4.9785,0.045662100456621,0.2711187214611872,0.0,12.0,120000.0,0.0,0.0,7.0,0.03,0.71,1
73.0,10627,0.045662100456621,0.2711187214611872,0.0,12.0,120000.0,0.0,0.0,5.0,0.03,0.71,1,34,0.0024752475247524753,-4.9785,0.045662100456621,0.2711187214611872,0.0,12.0,120000.0,0.0,0.0,5.0,0.03,0.71,1
73.0,11529,0.045662100456621,0.2711187214611872,0.0,12.0,120000.0,0.0,0.0,2.0,0.03,0.71,1,34,0.0024752475247524753,-4.9785,0.045662100456621,0.2711187214611872,0.0,12.0,120000.0,0.0,0.0,2.0,0.03,0.71,1
73.0,12423,0.045662100456621,0.2711187214611872,0.0,12.0,120000.0,0.0,0.0,4.0,0.03,0.71,1,34,0.0024752475247524753,-4.9785,0.045662100456621,0.2711187214611872,0.0,12.0,120000.0,0.0,0.0,4.0,0.03,0.71,1
67.0,7034,0.04975124378109452,0.2021144278606965,12.5,12.0,120000.0,20000.0,2.0,5.0,0.05,0.71,2,1,0.0024752475247524753,0.7298333333333333,0.04504504504504504,0.26745495495495497,12.5,12.0,120000.0,20000.0,3.0,4.0,0.03,0.71,0
54.0,3783,0.06172839506172839,0.057870370370370364,0.0,25.0,400000.0,20000.0,2.0,2.0,0.05,0.71,1,28,0.0024752475247524753,0.6214999999999999,0.04504504504504504,0.26745495495495497,0.0,25.0,400000.0,20000.0,5.0,0.0,0.03,0.71,0
74.0,1367,0.04504504504504504,0.26745495495495497,0.0,8.0,80000.0,0.0,0.0,5.0,0.03,0.71,1,34,0.0024752475247524753,-4.9785,0.04504504504504504,0.26745495495495497,0.0,8.0,80000.0,0.0,0.0,5.0,0.03,0.71,1
74.0,8835,0.04504504504504504,0.26745495495495497,0.0,12.0,120000.0,0.0,0.0,3.0,0.03,0.71,2,88,0.0024752475247524753,-4.9785,0.04504504504504504,0.26745495495495497,0.0,12.0,120000.0,0.0,0.0,3.0,0.03,0.71,1
74.0,9728,0.04504504504504504,0.26745495495495497,0.0,12.0,120000.0,0.0,0.0,3.0,0.03,0.71,2,88,0.0024752475247524753,-4.9785,0.04504504504504504,0.26745495495495497,0.0,12.0,120000.0,0.0,0.0,3.0,0.03,0.71,1
74.0,11985,0.04504504504504504,0.26745495495495497,0.0,12.0,120000.0,0.0,0.0,1.0,0.03,0.71,3,69,0.0024752475247524753,-4.944500000000001,0.04504504504504504,0.26745495495495497,0.0,12.0,120000.0,0.0,0.0,1.0,0.03,0.71,1
75.0,1806,0.044444444444444446,0.2638888888888889,0.0,8.0,80000.0,0.0,0.0,4.0,0.03,0.71,3,69,0.0024752475247524753,-4.944500000000001,0.044444444444444446,0.2638888888888889,0.0,8.0,80000.0,0.0,0.0,4.0,0.03,0.71,1
75.0,3790,0.044444444444444446,0.2638888888888889,0.0,25.0,400000.0,20000.0,5.0,0.0,0.03,0.71,3,3,0.0024752475247524753,-4.946000000000001,0.044444444444444446,0.2638888888888889,0.0,25.0,400000.0,20000.0,5.0,0.0,0.0,0.68,1
75.0,5239,0.044444444444444446,0.2638888888888889,0.0,12.0,120000.0,20000.0,3.0,5.0,0.03,0.71,2,35,0.0024752475247524753,-4.98,0.044444444444444446,0.2638888888888889,0.0,12.0,120000.0,20000.0,3.0,5.0,0.0,0.68,1
75.0,5687,0.044444444444444446,0.2638888888888889,12.5,12.0,120000.0,20000.0,2.0,2.0,0.03,0.71,2,35,0.0024752475247524753,-4.98,0.044444444444444446,0.2638888888888889,12.5,12.0,120000.0,20000.0,2.0,2.0,0.0,0.68,1
75.0,7038,0.044444444444444446,0.2638888888888889,12.5,12.0,120000.0,20000.0,3.0,4.0,0.03,0.71,3,14,0.0024752475247524753,-4.946000000000001,0.044444444444444446,0.2638888888888889,12.5,12.0,120000.0,20000.0,3.0,4.0,0.0,0.68,1
75.0,7486,0.044444444444444446,0.2638888888888889,25.0,12.0,120000.0,20000.0,4.0,4.0,0.03,0.71,3,14,0.0024752475247524753,-4.941,0.044444444444444446,0.2638888888888889,25.0,12.0,120000.0,20000.0,4.0,4.0,0.0,0.68,1
75.0,9279,0.044444444444444446,0.2638888888888889,0.0,12.0,120000.0,0.0,0.0,7.0,0.03,0.71,1,14,0.0024752475247524753,-4.98,0.044444444444444446,0.2638888888888889,0.0,12.0,120000.0,0.0,0.0,7.0,0.0,0.68,1
75.0,10628,0.044444444444444446,0.2638888888888889,0.0,12.0,120000.0,0.0,0.0,4.0,0.03,0.71,1,14,0.0024752475247524753,-4.98,0.044444444444444446,0.2638888888888889,0.0,12.0,120000.0,0.0,0.0,4.0,0.0,0.68,1
75.0,11530,0.044444444444444446,0.2638888888888889,0.0,12.0,120000.0,0.0,0.0,2.0,0.03,0.71,1,14,0.0024752475247524753,-4.98,0.044444444444444446,0.2638888888888889,0.0,12.0,120000.0,0.0,0.0,2.0,0.0,0.68,1
75.0,12424,0.044444444444444446,0.2638888888888889,0.0,12.0,120000.0,0.0,0.0,4.0,0.03,0.71,1,14,0.0024752475247524753,-4.98,0.044444444444444446,0.2638888888888889,0.0,12.0,120000.0,0.0,0.0,4.0,0.0,0.68,1
76.0,1368,0.043859649122807015,0.26041666666666663,0.0,8.0,80000.0,0.0,0.0,5.0,0.0,0.68,1,14,0.0024752475247524753,-4.98,0.043859649122807015,0.26041666666666663,0.0,8.0,80000.0,0.0,0.0,5.0,0.0,0.68,1
76.0,4151,0.043859649122807015,0.26041666666666663,0.0,25.0,400000.0,0.0,0.0,1.0,0.0,0.68,2,64,0.0024752475247524753,-4.98,0.043859649122807015,0.26041666666666663,0.0,25.0,400000.0,0.0,0.0,1.0,0.0,0.68,1
76.0,4871,0.043859649122807015,0.26041666666666663,0.0,25.0,400000.0,0.0,0.0,5.0,0.0,0.68,2,64,0.0024752475247524753,-4.98,0.043859649122807015,0.26041666666666663,0.0,25.0,400000.0,0.0,0.0,5.0,0.0,0.68,1
76.0,6571,0.043859649122807015,0.26041666666666663,12.5,12.0,120000.0,20000.0,5.0,5.0,0.0,0.68,3,78,0.0024752475247524753,-4.946000000000001,0.043859649122807015,0.26041666666666663,12.5,12.0,120000.0,20000.0,5.0,5.0,0.0,0.68,1
76.0,8836,0.043859649122807015,0.26041666666666663,0.0,12.0,120000.0,0.0,0.0,3.0,0.0,0.68,3,78,0.0024752475247524753,-4.946000000000001,0.043859649122807015,0.26041666666666663,0.0,12.0,120000.0,0.0,0.0,3.0,0.0,0.68,1
76.0,9729,0.043859649122807015,0.26041666666666663,0.0,12.0,120000.0,0.0,0.0,3.0,0.0,0.68,1,16,0.0024752475247524753,-4.98,0.043859649122807015,0.26041666666666663,0.0,12.0,120000.0,0.0,0.0,3.0,0.0,0.68,1
76.0,11986,0.043859649122807015,0.26041666666666663,0.0,12.0,120000.0,0.0,0.0,1.0,0.0,0.68,1,16,0.0024752475247524753,-4.9807500000000005,0.043859649122807015,0.26041666666666663,0.0,12.0,120000.0,0.0,0.0,1.0,0.0,0.68,1
77.0,0,0.04329004329004329,0.25703463203463206,0.0,8.0,80000.0,20000.0,2.0,2.0,0.0,0.68,1,45,0.0024752475247524753,-4.98,0.04329004329004329,0.25703463203463206,0.0,8.0,80000.0,20000.0,2.0,2.0,0.0,0.68,1
77.0,1807,0.04329004329004329,0.25703463203463206,0.0,8.0,80000.0,0.0,0.0,4.0,0.0,0.68,1,45,0.0024752475247524753,-4.98,0.04329004329004329,0.25703463203463206,0.0,8.0,80000.0,0.0,0.0,4.0,0.0,0.68,1
77.0,2264,0.04329004329004329,0.25703463203463206,0.0,8.0,80000.0,0.0,0.0,5.0,0.0,0.68,3,10,0.0024752475247524753,-4.946000000000001,0.04329004329004329,0.25703463203463206,0.0,8.0,80000.0,0.0,0.0,5.0,0.0,0.68,1
77.0,3428,0.04329004329004329,0.25703463203463206,12.5,25.0,400000.0,20000.0,4.0,2.0,0.0,0.68,3,10,0.0024752475247524753,-4.946000000000001,0.04329004329004329,0.25703463203463206,12.5,25.0,400000.0,20000.0,4.0,2.0,0.0,0.68,1
77.0,5688,0.04329004329004329,0.25703463203463206,12.5,12.0,120000.0,20000.0,2.0,2.0,0.0,0.68,1,55,0.0024752475247524753,-4.98,0.04329004329004329,0.25703463203463206,12.5,12.0,120000.0,20000.0,2.0,2.0,0.0,0.68,1
77.0,6120,0.04329004329004329,0.25703463203463206,0.0,12.0,120000.0,20000.0,3.0,3.0,0.0,0.68,1,55,0.0024752475247524753,-4.98,0.04329004329004329,0.25703463203463206,0.0,12.0,120000.0,20000.0,3.0,3.0,0.0,0.68,1
77.0,9280,0.04329004329004329,0.25703463203463206,0.0,12.0,120000.0,0.0,0.0,6.0,0.0,0.68,3,55,0.0024752475247524753,-4.946000000000001,0.04329004329004329,0.25703463203463206,0.0,12.0,120000.0,0.0,0.0,6.0,0.0,0.68,1
77.0,10629,0.04329004329004329,0.25703463203463206,0.0,12.0,120000.0,0.0,0.0,4.0,0.0,0.68,2,98,0.0024752475247524753,-4.98,0.04329004329004329,0.25703463203463206,0.0,12.0,120000.0,0.0,0.0,4.0,0.0,0.68,1
77.0,11531,0.04329004329004329,0.25703463203463206,0.0,12.0,120000.0,0.0,0.0,2.0,0.0,0.68,2,98,0.0024752475247524753,-4.98,0.04329004329004329,0.25703463203463206,0.0,12.0,120000.0,0.0,0.0,2.0,0.0,0.68,1
77.0,12425,0.04329004329004329,0.25703463203463206,0.0,12.0,120000.0,0.0,0.0,4.0,0.0,0.68,3,41,0.0024752475247524753,-4.946000000000001,0.04329004329004329,0.25703463203463206,0.0,12.0,120000.0,0.0,0.0,4.0,0.0,0.68,1
48.0,3781,0.06944444444444445,0.06510416666666666,0.0,25.0,400000.0,20000.0,2.0,2.0,0.15,0.71,1,1,0.0024752475247524753,-3.5607002,0.04328441631592222,0.2570012218757882,0.0,25.0,400000.0,20000.0,5.0,0.0,0.0,0.68,1
71.0,7935,0.046948356807511735,0.27875586854460094,12.5,12.0,120000.0,20000.0,2.0,3.0,0.03,0.71,0,0,0.0024752475247524753,0.748832916666667,0.04328441631592222,0.2570012218757882,37.5,12.0,120000.0,20000.0,6.0,3.0,0.0,0.68,0
78.0,1369,0.042735042735042736,0.2537393162393162,0.0,8.0,80000.0,0.0,0.0,5.0,0.0,0.68,3,41,0.0024752475247524753,-4.946000000000001,0.042735042735042736,0.2537393162393162,0.0,8.0,80000.0,0.0,0.0,5.0,0.0,0.68,1
78.0,3791,0.042735042735042736,0.2537393162393162,0.0,25.0,400000.0,20000.0,5.0,0.0,0.0,0.68,2,31,0.0024752475247524753,-4.98,0.042735042735042736,0.2537393162393162,0.0,25.0,400000.0,20000.0,5.0,0.0,0.0,0.68,1
78.0,6572,0.042735042735042736,0.2537393162393162,12.5,12.0,120000.0,20000.0,5.0,5.0,0.0,0.68,2,31,0.0024752475247524753,-4.98,0.042735042735042736,0.2537393162393162,12.5,12.0,120000.0,20000.0,5.0,5.0,0.0,0.68,1
78.0,8837,0.042735042735042736,0.2537393162393162,0.0,12.0,120000.0,0.0,0.0,3.0,0.0,0.68,2,37,0.0024752475247524753,-4.98,0.042735042735042736,0.2537393162393162,0.0,12.0,120000.0,0.0,0.0,3.0,0.0,0.68,1
78.0,9730,0.042735042735042736,0.2537393162393162,0.0,12.0,120000.0,0.0,0.0,3.0,0.0,0.68,2,37,0.0024752475247524753,-4.98,0.042735042735042736,0.2537393162393162,0.0,12.0,120000.0,0.0,0.0,3.0,0.0,0.68,1
78.0,10170,0.042735042735042736,0.2537393162393162,0.0,12.0,120000.0,0.0,0.0,2.0,0.0,0.68,3,79,0.0024752475247524753,-4.946000000000001,0.042735042735042736,0.2537393162393162,0.0,12.0,120000.0,0.0,0.0,2.0,0.0,0.68,1
78.0,11987,0.042735042735042736,0.2537393162393162,0.0,12.0,120000.0,0.0,0.0,1.0,0.0,0.68,3,79,0.0024752475247524753,-4.946000000000001,0.042735042735042736,0.2537393162393162,0.0,12.0,120000.0,0.0,0.0,1.0,0.0,0.68,1
73.0,5686,0.045662100456621,0.2711187214611872,0.0,12.0,120000.0,20000.0,1.0,2.0,0.03,0.71,0,0,0.0024752475247524753,0.75,0.04219409282700422,0.2505274261603376,0.0,12.0,120000.0,20000.0,1.0,2.0,0.0,0.68,0
73.0,7037,0.045662100456621,0.2711187214611872,0.0,12.0,120000.0,20000.0,2.0,4.0,0.03,0.71,0,0,0.0024752475247524753,0.74975,0.04219409282700422,0.2505274261603376,12.5,12.0,120000.0,20000.0,3.0,4.0,0.0,0.68,0
79.0,1808,0.04219409282700422,0.2505274261603376,0.0,8.0,80000.0,0.0,0.0,4.0,0.0,0.68,1,79,0.0024752475247524753,-4.98,0.04219409282700422,0.2505274261603376,0.0,8.0,80000.0,0.0,0.0,4.0,0.0,0.68,1
79.0,2265,0.04219409282700422,0.2505274261603376,0.0,8.0,80000.0,0.0,0.0,5.0,0.0,0.68,2,20,0.0024752475247524753,-4.98,0.04219409282700422,0.2505274261603376,0.0,8.0,80000.0,0.0,0.0,5.0,0.0,0.68,1
79.0,4152,0.04219409282700422,0.2505274261603376,0.0,25.0,400000.0,0.0,0.0,1.0,0.0,0.68,2,20,0.0024752475247524753,-4.98,0.04219409282700422,0.2505274261603376,0.0,25.0,400000.0,0.0,0.0,1.0,0.0,0.68,1
79.0,4872,0.04219409282700422,0.2505274261603376,0.0,25.0,400000.0,0.0,0.0,5.0,0.0,0.68,2,71,0.0024752475247524753,-4.98,0.04219409282700422,0.2505274261603376,0.0,25.0,400000.0,0.0,0.0,5.0,0.0,0.68,1
79.0,5241,0.04219409282700422,0.2505274261603376,12.5,12.0,120000.0,20000.0,4.0,6.0,0.0,0.68,2,68,0.0024752475247524753,-4.98,0.04219409282700422,0.2505274261603376,12.5,12.0,120000.0,20000.0,4.0,6.0,0.0,0.68,1
79.0,5689,0.04219409282700422,0.2505274261603376,0.0,12.0,120000.0,20000.0,1.0,2.0,0.0,0.68,3,94,0.0024752475247524753,-4.946000000000001,0.04219409282700422,0.2505274261603376,0.0,12.0,120000.0,20000.0,1.0,2.0,0.0,0.68,1
79.0,6121,0.04219409282700422,0.2505274261603376,0.0,12.0,120000.0,20000.0,3.0,3.0,0.0,0.68,3,94,0.0024752475247524753,-4.946000000000001,0.04219409282700422,0.2505274261603376,0.0,12.0,120000.0,20000.0,3.0,3.0,0.0,0.68,1
79.0,7040,0.04219409282700422,0.2505274261603376,12.5,12.0,120000.0,20000.0,3.0,4.0,0.0,0.68,3,20,0.0024752475247524753,-4.946000000000001,0.04219409282700422,0.2505274261603376,12.5,12.0,120000.0,20000.0,3.0,4.0,0.0,0.68,1
79.0,7488,0.04219409282700422,0.2505274261603376,25.0,12.0,120000.0,20000.0,4.0,5.0,0.0,0.68,3,20,0.0024752475247524753,-4.941,0.04219409282700422,0.2505274261603376,25.0,12.0,120000.0,20000.0,4.0,5.0,0.0,0.68,1
79.0,7939,0.04219409282700422,0.2505274261603376,37.5,12.0,120000.0,20000.0,6.0,4.0,0.0,0.68,1,36,0.0024752475247524753,-4.9625,0.04219409282700422,0.2505274261603376,37.5,12.0,120000.0,20000.0,6.0,4.0,0.0,0.68,1
79.0,9281,0.04219409282700422,0.2505274261603376,0.0,12.0,120000.0,0.0,0.0,6.0,0.0,0.68,1,36,0.0024752475247524753,-4.98,0.04219409282700422,0.2505274261603376,0.0,12.0,120000.0,0.0,0.0,6.0,0.0,0.68,1
79.0,10630,0.04219409282700422,0.2505274261603376,0.0,12.0,120000.0,0.0,0.0,4.0,0.0,0.68,3,64,0.0024752475247524753,-4.946000000000001,0.04219409282700422,0.2505274261603376,0.0,12.0,120000.0,0.0,0.0,4.0,0.0,0.68,1
79.0,11532,0.04219409282700422,0.2505274261603376,0.0,12.0,120000.0,0.0,0.0,2.0,0.0,0.68,3,64,0.0024752475247524753,-4.946000000000001,0.04219409282700422,0.2505274261603376,0.0,12.0,120000.0,0.0,0.0,2.0,0.0,0.68,1
79.0,12426,0.04219409282700422,0.2505274261603376,0.0,12.0,120000.0,0.0,0.0,4.0,0.0,0.68,3,64,0.0024752475247524753,-4.946000000000001,0.04219409282700422,0.2505274261603376,0.0,12.0,120000.0,0.0,0.0,4.0,0.0,0.68,1
73.0,7485,0.045662100456621,0.2711187214611872,12.5,12.0,120000.0,20000.0,3.0,3.0,0.03,0.71,0,0,0.0024752475247524753,0.749332916666667,0.042188747138917376,0.2504956861373219,12.5,12.0,120000.0,20000.0,3.0,5.0,0.0,0.68,0
73.0,7936,0.045662100456621,0.2711187214611872,12.5,12.0,120000.0,20000.0,3.0,3.0,0.03,0.71,0,0,0.0024752475247524753,0.749082916666667,0.042188747138917376,0.2504956861373219,25.0,12.0,120000.0,20000.0,5.0,4.0,0.0,0.68,0
74.0,6570,0.04504504504504504,0.26745495495495497,0.0,12.0,120000.0,20000.0,4.0,5.0,0.03,0.71,0,0,0.0024752475247524753,0.75,0.04166666666666667,0.24739583333333334,0.0,12.0,120000.0,20000.0,4.0,5.0,0.0,0.68,0
80.0,900,0.04166666666666667,0.24739583333333334,0.0,8.0,80000.0,20000.0,6.0,1.0,0.0,0.68,3,64,0.0024752475247524753,-4.946000000000001,0.04166666666666667,0.24739583333333334,0.0,8.0,80000.0,20000.0,6.0,1.0,0.0,0.68,1
80.0,1370,0.04166666666666667,0.24739583333333334,0.0,8.0,80000.0,0.0,0.0,5.0,0.0,0.68,3,23,0.0024752475247524753,-4.946000000000001,0.04166666666666667,0.24739583333333334,0.0,8.0,80000.0,0.0,0.0,5.0,0.0,0.68,1
80.0,3429,0.04166666666666667,0.24739583333333334,12.5,25.0,400000.0,20000.0,4.0,2.0,0.0,0.68,3,23,0.0024752475247524753,-4.946000000000001,0.04166666666666667,0.24739583333333334,12.5,25.0,400000.0,20000.0,4.0,2.0,0.0,0.68,1
80.0,4505,0.04166666666666667,0.24739583333333334,25.0,25.0,400000.0,20000.0,4.0,3.0,0.0,0.68,2,24,0.0024752475247524753,-4.975,0.04166666666666667,0.24739583333333334,25.0,25.0,400000.0,20000.0,4.0,3.0,0.0,0.68,1
80.0,6573,0.04166666666666667,0.24739583333333334,0.0,12.0,120000.0,20000.0,4.0,5.0,0.0,0.68,3,16,0.0024752475247524753,-4.946000000000001,0.04166666666666667,0.24739583333333334,0.0,12.0,120000.0,20000.0,4.0,5.0,0.0,0.68,1
80.0,8838,0.04166666666666667,0.24739583333333334,0.0,12.0,120000.0,0.0,0.0,3.0,0.0,0.68,3,16,0.0024752475247524753,-4.946000000000001,0.04166666666666667,0.24739583333333334,0.0,12.0,120000.0,0.0,0.0,3.0,0.0,0.68,1
80.0,9731,0.04166666666666667,0.24739583333333334,0.0,12.0,120000.0,0.0,0.0,3.0,0.0,0.68,2,32,0.0024752475247524753,-4.98,0.04166666666666667,0.24739583333333334,0.0,12.0,120000.0,0.0,0.0,3.0,0.0,0.68,1
80.0,10171,0.04166666666666667,0.24739583333333334,0.0,12.0,120000.0,0.0,0.0,2.0,0.0,0.68,2,32,0.0024752475247524753,-4.98,0.04166666666666667,0.24739583333333334,0.0,12.0,120000.0,0.0,0.0,2.0,0.0,0.68,1
80.0,11988,0.04166666666666667,0.24739583333333334,0.0,12.0,120000.0,0.0,0.0,1.0,0.0,0.68,1,69,0.0024752475247524753,-4.980500000000001,0.04166666666666667,0.24739583333333334,0.0,12.0,120000.0,0.0,0.0,1.0,0.0,0.68,1
81.0,2,0.0411522633744856,0.24434156378600824,12.5,8.0,80000.0,20000.0,3.0,2.0,0.0,0.68,1,69,0.0024752475247524753,-4.98,0.0411522633744856,0.24434156378600824,12.5,8.0,80000.0,20000.0,3.0,2.0,0.0,0.68,1
81.0,1809,0.0411522633744856,0.24434156378600824,0.0,8.0,80000.0,0.0,0.0,4.0,0.0,0.68,3,94,0.0024752475247524753,-4.946000000000001,0.0411522633744856,0.24434156378600824,0.0,8.0,80000.0,0.0,0.0,4.0,0.0,0.68,1
81.0,2266,0.0411522633744856,0.24434156378600824,0.0,8.0,80000.0,0.0,0.0,5.0,0.0,0.68,3,94,0.0024752475247524753,-4.946000000000001,0.0411522633744856,0.24434156378600824,0.0,8.0,80000.0,0.0,0.0,5.0,0.0,0.68,1
81.0,3792,0.0411522633744856,0.24434156378600824,0.0,25.0,400000.0,20000.0,5.0,0.0,0.0,0.68,3,14,0.0024752475247524753,-4.946000000000001,0.0411522633744856,0.24434156378600824,0.0,25.0,400000.0,20000.0,5.0,0.0,0.0,0.68,1
81.0,5242,0.0411522633744856,0.24434156378600824,12.5,12.0,120000.0,20000.0,4.0,6.0,0.0,0.68,3,14,0.0024752475247524753,-4.946000000000001,0.0411522633744856,0.24434156378600824,12.5,12.0,120000.0,20000.0,4.0,6.0,0.0,0.68,1
81.0,7041,0.0411522633744856,0.24434156378600824,12.5,12.0,120000.0,20000.0,3.0,4.0,0.0,0.68,2,80,0.0024752475247524753,-4.98,0.0411522633744856,0.24434156378600824,12.5,12.0,120000.0,20000.0,3.0,4.0,0.0,0.68,1
81.0,7489,0.0411522633744856,0.24434156378600824,12.5,12.0,120000.0,20000.0,3.0,5.0,0.0,0.68,2,80,0.0024752475247524753,-4.98,0.0411522633744856,0.24434156378600824,12.5,12.0,120000.0,20000.0,3.0,5.0,0.0,0.68,1
81.0,9282,0.0411522633744856,0.24434156378600824,0.0,12.0,120000.0,0.0,0.0,6.0,0.0,0.68,2,80,0.0024752475247524753,-4.98,0.0411522633744856,0.24434156378600824,0.0,12.0,120000.0,0.0,0.0,6.0,0.0,0.68,1
81.0,10631,0.0411522633744856,0.24434156378600824,0.0,12.0,120000.0,0.0,0.0,4.0,0.0,0.68,2,80,0.0024752475247524753,-4.98,0.0411522633744856,0.24434156378600824,0.0,12.0,120000.0,0.0,0.0,4.0,0.0,0.68,1
81.0,11533,0.0411522633744856,0.24434156378600824,0.0,12.0,120000.0,0.0,0.0,2.0,0.0,0.68,2,80,0.0024752475247524753,-4.98,0.0411522633744856,0.24434156378600824,0.0,12.0,120000.0,0.0,0.0,2.0,0.0,0.68,1
81.0,12427,0.0411522633744856,0.24434156378600824,0.0,12.0,120000.0,0.0,0.0,4.0,0.0,0.68,1,77,0.0024752475247524753,-4.98,0.0411522633744856,0.24434156378600824,0.0,12.0,120000.0,0.0,0.0,4.0,0.0,0.68,1
75.0,7937,0.044444444444444446,0.2638888888888889,25.0,12.0,120000.0,20000.0,4.0,3.0,0.03,0.71,0,0,0.0024752475247524753,0.749082916666667,0.04114717839601962,0.24431137172636652,25.0,12.0,120000.0,20000.0,6.0,4.0,0.0,0.68,0
82.0,1371,0.04065040650406504,0.2413617886178862,0.0,8.0,80000.0,0.0,0.0,5.0,0.0,0.68,2,96,0.0024752475247524753,-4.98,0.04065040650406504,0.2413617886178862,0.0,8.0,80000.0,0.0,0.0,5.0,0.0,0.68,1
82.0,4153,0.04065040650406504,0.2413617886178862,0.0,25.0,400000.0,0.0,0.0,1.0,0.0,0.68,2,96,0.0024752475247524753,-4.98,0.04065040650406504,0.2413617886178862,0.0,25.0,400000.0,0.0,0.0,1.0,0.0,0.68,1
82.0,4873,0.04065040650406504,0.2413617886178862,0.0,25.0,400000.0,0.0,0.0,5.0,0.0,0.68,3,79,0.0024752475247524753,-4.946000000000001,0.04065040650406504,0.2413617886178862,0.0,25.0,400000.0,0.0,0.0,5.0,0.0,0.68,1
82.0,6574,0.04065040650406504,0.2413617886178862,0.0,12.0,120000.0,20000.0,4.0,5.0,0.0,0.68,2,4,0.0024752475247524753,-4.98,0.04065040650406504,0.2413617886178862,0.0,12.0,120000.0,20000.0,4.0,5.0,0.0,0.68,1
82.0,8839,0.04065040650406504,0.2413617886178862,0.0,12.0,120000.0,0.0,0.0,3.0,0.0,0.68,2,4,0.0024752475247524753,-4.98,0.04065040650406504,0.2413617886178862,0.0,12.0,120000.0,0.0,0.0,3.0,0.0,0.68,1
82.0,9732,0.04065040650406504,0.2413617886178862,0.0,12.0,120000.0,0.0,0.0,3.0,0.0,0.68,2,10,0.0024752475247524753,-4.98,0.04065040650406504,0.2413617886178862,0.0,12.0,120000.0,0.0,0.0,3.0,0.0,0.68,1
82.0,10172,0.04065040650406504,0.2413617886178862,0.0,12.0,120000.0,0.0,0.0,2.0,0.0,0.68,2,10,0.0024752475247524753,-4.98,0.04065040650406504,0.2413617886178862,0.0,12.0,120000.0,0.0,0.0,2.0,0.0,0.68,1
82.0,11989,0.04065040650406504,0.2413617886178862,0.0,12.0,120000.0,0.0,0.0,1.0,0.0,0.68,1,86,0.0024752475247524753,-4.980500000000001,0.04065040650406504,0.2413617886178862,0.0,12.0,120000.0,0.0,0.0,1.0,0.0,0.68,1
77.0,5240,0.04329004329004329,0.25703463203463206,0.0,12.0,120000.0,20000.0,3.0,6.0,0.0,0.68,0,0,0.0024752475247524753,0.75,0.040160642570281124,0.2384538152610442,0.0,12.0,120000.0,20000.0,3.0,5.0,0.0,0.68,0
79.0,1,0.04219409282700422,0.2505274261603376,0.0,8.0,80000.0,20000.0,2.0,2.0,0.0,0.68,0,0,0.0024752475247524753,0.75,0.040160642570281124,0.2384538152610442,0.0,8.0,80000.0,20000.0,2.0,2.0,0.0,0.68,0
83.0,3,0.040160642570281124,0.2384538152610442,0.0,8.0,80000.0,20000.0,2.0,2.0,0.0,0.68,1,86,0.0024752475247524753,-4.98,0.040160642570281124,0.2384538152610442,0.0,8.0,80000.0,20000.0,2.0,2.0,0.0,0.68,1
83.0,1810,0.040160642570281124,0.2384538152610442,0.0,8.0,80000.0,0.0,0.0,4.0,0.0,0.68,1,19,0.0024752475247524753,-4.98,0.040160642570281124,0.2384538152610442,0.0,8.0,80000.0,0.0,0.0,4.0,0.0,0.68,1
83.0,2267,0.040160642570281124,0.2384538152610442,0.0,8.0,80000.0,0.0,0.0,5.0,0.0,0.68,1,19,0.0024752475247524753,-4.98,0.040160642570281124,0.2384538152610442,0.0,8.0,80000.0,0.0,0.0,5.0,0.0,0.68,1
83.0,3430,0.040160642570281124,0.2384538152610442,12.5,25.0,400000.0,20000.0,4.0,2.0,0.0,0.68,1,87,0.0024752475247524753,-4.98,0.040160642570281124,0.2384538152610442,12.5,25.0,400000.0,20000.0,4.0,2.0,0.0,0.68,1
83.0,4506,0.040160642570281124,0.2384538152610442,25.0,25.0,400000.0,20000.0,4.0,3.0,0.0,0.68,1,87,0.0024752475247524753,-4.975,0.040160642570281124,0.2384538152610442,25.0,25.0,400000.0,20000.0,4.0,3.0,0.0,0.68,1
83.0,5243,0.040160642570281124,0.2384538152610442,0.0,12.0,120000.0,20000.0,3.0,5.0,0.0,0.68,2,91,0.0024752475247524753,-4.98,0.040160642570281124,0.2384538152610442,0.0,12.0,120000.0,20000.0,3.0,5.0,0.0,0.68,1
83.0,5691,0.040160642570281124,0.2384538152610442,12.5,12.0,120000.0,20000.0,3.0,2.0,0.0,0.68,2,91,0.0024752475247524753,-4.98,0.040160642570281124,0.2384538152610442,12.5,12.0,120000.0,20000.0,3.0,2.0,0.0,0.68,1
83.0,9283,0.040160642570281124,0.2384538152610442,0.0,12.0,120000.0,0.0,0.0,6.0,0.0,0.68,3,69,0.0024752475247524753,-4.946000000000001,0.040160642570281124,0.2384538152610442,0.0,12.0,120000.0,0.0,0.0,6.0,0.0,0.68,1
83.0,10632,0.040160642570281124,0.2384538152610442,0.0,12.0,120000.0,0.0,0.0,4.0,0.0,0.68,3,69,0.0024752475247524753,-4.946000000000001,0.040160642570281124,0.2384538152610442,0.0,12.0,120000.0,0.0,0.0,4.0,0.0,0.68,1
83.0,11534,0.040160642570281124,0.2384538152610442,0.0,12.0,120000.0,0.0,0.0,2.0,0.0,0.68,1,22,0.0024752475247524753,-4.98,0.040160642570281124,0.2384538152610442,0.0,12.0,120000.0,0.0,0.0,2.0,0.0,0.68,1
83.0,12428,0.040160642570281124,0.2384538152610442,0.0,12.0,120000.0,0.0,0.0,4.0,0.0,0.68,1,22,0.0024752475247524753,-4.98,0.040160642570281124,0.2384538152610442,0.0,12.0,120000.0,0.0,0.0,4.0,0.0,0.68,1
77.0,7039,0.04329004329004329,0.25703463203463206,12.5,12.0,120000.0,20000.0,3.0,4.0,0.0,0.68,0,0,0.0024752475247524753,0.749332916666667,0.040155799684078265,0.2384250606242147,12.5,12.0,120000.0,20000.0,3.0,4.0,0.0,0.68,0
77.0,7487,0.04329004329004329,0.25703463203463206,25.0,12.0,120000.0,20000.0,4.0,5.0,0.0,0.68,0,0,0.0024752475247524753,0.749332916666667,0.040155799684078265,0.2384250606242147,12.5,12.0,120000.0,20000.0,3.0,5.0,0.0,0.68,0
77.0,7938,0.04329004329004329,0.25703463203463206,37.5,12.0,120000.0,20000.0,6.0,3.0,0.0,0.68,0,0,0.0024752475247524753,0.749082916666667,0.040155799684078265,0.2384250606242147,25.0,12.0,120000.0,20000.0,7.0,5.0,0.0,0.68,0
84.0,902,0.03968253968253968,0.23561507936507936,12.5,8.0,80000.0,20000.0,7.0,1.0,0.0,0.68,3,4,0.0024752475247524753,-4.946000000000001,0.03968253968253968,0.23561507936507936,12.5,8.0,80000.0,20000.0,7.0,1.0,0.0,0.68,1
84.0,1372,0.03968253968253968,0.23561507936507936,0.0,8.0,80000.0,0.0,0.0,5.0,0.0,0.68,3,4,0.0024752475247524753,-4.946000000000001,0.03968253968253968,0.23561507936507936,0.0,8.0,80000.0,0.0,0.0,5.0,0.0,0.68,1
84.0,3793,0.03968253968253968,0.23561507936507936,0.0,25.0,400000.0,20000.0,5.0,0.0,0.0,0.68,3,17,0.0024752475247524753,-4.946000000000001,0.03968253968253968,0.23561507936507936,0.0,25.0,400000.0,20000.0,5.0,0.0,0.0,0.68,1
84.0,6575,0.03968253968253968,0.23561507936507936,0.0,12.0,120000.0,20000.0,4.0,5.0,0.0,0.68,3,17,0.0024752475247524753,-4.946000000000001,0.03968253968253968,0.23561507936507936,0.0,12.0,120000.0,20000.0,4.0,5.0,0.0,0.68,1
84.0,8840,0.03968253968253968,0.23561507936507936,0.0,12.0,120000.0,0.0,0.0,3.0,0.0,0.68,2,35,0.0024752475247524753,-4.98,0.03968253968253968,0.23561507936507936,0.0,12.0,120000.0,0.0,0.0,3.0,0.0,0.68,1
84.0,9733,0.03968253968253968,0.23561507936507936,0.0,12.0,120000.0,0.0,0.0,3.0,0.0,0.68,2,35,0.0024752475247524753,-4.98,0.03968253968253968,0.23561507936507936,0.0,12.0,120000.0,0.0,0.0,3.0,0.0,0.68,1
84.0,10173,0.03968253968253968,0.23561507936507936,0.0,12.0,120000.0,0.0,0.0,2.0,0.0,0.68,3,94,0.0024752475247524753,-4.946000000000001,0.03968253968253968,0.23561507936507936,0.0,12.0,120000.0,0.0,0.0,2.0,0.0,0.68,1
84.0,11990,0.03968253968253968,0.23561507936507936,0.0,12.0,120000.0,0.0,0.0,1.0,0.0,0.68,3,94,0.0024752475247524753,-4.946000000000001,0.03968253968253968,0.23561507936507936,0.0,12.0,120000.0,0.0,0.0,1.0,0.0,0.68,1
85.0,4,0.0392156862745098,0.23284313725490197,0.0,8.0,80000.0,20000.0,2.0,2.0,0.0,0.68,2,37,0.0024752475247524753,-4.98,0.0392156862745098,0.23284313725490197,0.0,8.0,80000.0,20000.0,2.0,2.0,0.0,0.68,1
85.0,1811,0.0392156862745098,0.23284313725490197,0.0,8.0,80000.0,0.0,0.0,4.0,0.0,0.68,2,37,0.0024752475247524753,-4.98,0.0392156862745098,0.23284313725490197,0.0,8.0,80000.0,0.0,0.0,4.0,0.0,0.68,1
85.0,2268,0.0392156862745098,0.23284313725490197,0.0,8.0,80000.0,0.0,0.0,5.0,0.0,0.68,2,37,0.0024752475247524753,-4.98,0.0392156862745098,0.23284313725490197,0.0,8.0,80000.0,0.0,0.0,5.0,0.0,0.68,1
85.0,4154,0.0392156862745098,0.23284313725490197,0.0,25.0,400000.0,0.0,0.0,1.0,0.0,0.68,2,37,0.0024752475247524753,-4.98,0.0392156862745098,0.23284313725490197,0.0,25.0,400000.0,0.0,0.0,1.0,0.0,0.68,1
85.0,4874,0.0392156862745098,0.23284313725490197,0.0,25.0,400000.0,0.0,0.0,5.0,0.0,0.68,1,38,0.0024752475247524753,-4.98,0.0392156862745098,0.23284313725490197,0.0,25.0,400000.0,0.0,0.0,5.0,0.0,0.68,1
85.0,5244,0.0392156862745098,0.23284313725490197,0.0,12.0,120000.0,20000.0,3.0,5.0,0.0,0.68,1,38,0.0024752475247524753,-4.98,0.0392156862745098,0.23284313725490197,0.0,12.0,120000.0,20000.0,3.0,5.0,0.0,0.68,1
85.0,5692,0.0392156862745098,0.23284313725490197,12.5,12.0,120000.0,20000.0,3.0,2.0,0.0,0.68,3,3,0.0024752475247524753,-4.946000000000001,0.0392156862745098,0.23284313725490197,12.5,12.0,120000.0,20000.0,3.0,2.0,0.0,0.68,1
85.0,6124,0.0392156862745098,0.23284313725490197,25.0,12.0,120000.0,20000.0,5.0,3.0,0.0,0.68,3,3,0.0024752475247524753,-4.941,0.0392156862745098,0.23284313725490197,25.0,12.0,120000.0,20000.0,5.0,3.0,0.0,0.68,1
85.0,7942,0.0392156862745098,0.23284313725490197,25.0,12.0,120000.0,20000.0,7.0,5.0,0.0,0.68,1,70,0.0024752475247524753,-4.975,0.0392156862745098,0.23284313725490197,25.0,12.0,120000.0,20000.0,7.0,5.0,0.0,0.68,1
85.0,9284,0.0392156862745098,0.23284313725490197,0.0,12.0,120000.0,0.0,0.0,6.0,0.0,0.68,1,70,0.0024752475247524753,-4.98,0.0392156862745098,0.23284313725490197,0.0,12.0,120000.0,0.0,0.0,6.0,0.0,0.68,1
85.0,10633,0.0392156862745098,0.23284313725490197,0.0,12.0,120000.0,0.0,0.0,4.0,0.0,0.68,1,70,0.0024752475247524753,-4.98,0.0392156862745098,0.23284313725490197,0.0,12.0,120000.0,0.0,0.0,4.0,0.0,0.68,1
85.0,11535,0.0392156862745098,0.23284313725490197,0.0,12.0,120000.0,0.0,0.0,2.0,0.0,0.68,1,70,0.0024752475247524753,-4.98,0.0392156862745098,0.23284313725490197,0.0,12.0,120000.0,0.0,0.0,2.0,0.0,0.68,1
85.0,12429,0.0392156862745098,0.23284313725490197,0.0,12.0,120000.0,0.0,0.0,4.0,0.0,0.68,2,43,0.0024752475247524753,-4.98,0.0392156862745098,0.23284313725490197,0.0,12.0,120000.0,0.0,0.0,4.0,0.0,0.68,1
82.0,901,0.04065040650406504,0.2413617886178862,0.0,8.0,80000.0,20000.0,6.0,1.0,0.0,0.68,1,77,0.0024752475247524753,0.77,0.03875968992248062,0.2301356589147287,0.0,8.0,80000.0,20000.0,6.0,1.0,0.0,0.68,0
86.0,903,0.03875968992248062,0.2301356589147287,0.0,8.0,80000.0,20000.0,6.0,1.0,0.0,0.68,2,43,0.0024752475247524753,-4.98,0.03875968992248062,0.2301356589147287,0.0,8.0,80000.0,20000.0,6.0,1.0,0.0,0.68,1
86.0,1373,0.03875968992248062,0.2301356589147287,0.0,8.0,80000.0,0.0,0.0,5.0,0.0,0.68,3,49,0.0024752475247524753,-4.946000000000001,0.03875968992248062,0.2301356589147287,0.0,8.0,80000.0,0.0,0.0,5.0,0.0,0.68,1
86.0,3431,0.03875968992248062,0.2301356589147287,12.5,25.0,400000.0,20000.0,4.0,2.0,0.0,0.68,3,49,0.0024752475247524753,-4.946000000000001,0.03875968992248062,0.2301356589147287,12.5,25.0,400000.0,20000.0,4.0,2.0,0.0,0.68,1
86.0,8841,0.03875968992248062,0.2301356589147287,0.0,12.0,120000.0,0.0,0.0,3.0,0.0,0.68,2,45,0.0024752475247524753,-4.98,0.03875968992248062,0.2301356589147287,0.0,12.0,120000.0,0.0,0.0,3.0,0.0,0.68,1
86.0,9734,0.03875968992248062,0.2301356589147287,0.0,12.0,120000.0,0.0,0.0,3.0,0.0,0.68,3,7,0.0024752475247524753,-4.946000000000001,0.03875968992248062,0.2301356589147287,0.0,12.0,120000.0,0.0,0.0,3.0,0.0,0.68,1
86.0,10174,0.03875968992248062,0.2301356589147287,0.0,12.0,120000.0,0.0,0.0,2.0,0.0,0.68,3,7,0.0024752475247524753,-4.946000000000001,0.03875968992248062,0.2301356589147287,0.0,12.0,120000.0,0.0,0.0,2.0,0.0,0.68,1
86.0,11991,0.03875968992248062,0.2301356589147287,0.0,12.0,120000.0,0.0,0.0,1.0,0.0,0.68,3,7,0.0024752475247524753,-4.946000000000001,0.03875968992248062,0.2301356589147287,0.0,12.0,120000.0,0.0,0.0,1.0,0.0,0.68,1
81.0,5690,0.0411522633744856,0.24434156378600824,0.0,12.0,120000.0,20000.0,2.0,2.0,0.0,0.68,0,0,0.0024752475247524753,0.75,0.03831417624521073,0.22749042145593867,0.0,12.0,120000.0,20000.0,2.0,2.0,0.0,0.68,0
81.0,6122,0.0411522633744856,0.24434156378600824,0.0,12.0,120000.0,20000.0,3.0,3.0,0.0,0.68,0,0,0.0024752475247524753,0.74975,0.03831417624521073,0.22749042145593867,12.5,12.0,120000.0,20000.0,4.0,3.0,0.0,0.68,0
87.0,5,0.03831417624521073,0.22749042145593867,0.0,8.0,80000.0,20000.0,2.0,2.0,0.0,0.68,3,7,0.0024752475247524753,-4.946000000000001,0.03831417624521073,0.22749042145593867,0.0,8.0,80000.0,20000.0,2.0,2.0,0.0,0.68,1
87.0,1812,0.03831417624521073,0.22749042145593867,0.0,8.0,80000.0,0.0,0.0,4.0,0.0,0.68,2,80,0.0024752475247524753,-4.98,0.03831417624521073,0.22749042145593867,0.0,8.0,80000.0,0.0,0.0,4.0,0.0,0.68,1
87.0,2269,0.03831417624521073,0.22749042145593867,0.0,8.0,80000.0,0.0,0.0,5.0,0.0,0.68,2,80,0.0024752475247524753,-4.98,0.03831417624521073,0.22749042145593867,0.0,8.0,80000.0,0.0,0.0,5.0,0.0,0.68,1
87.0,3794,0.03831417624521073,0.22749042145593867,0.0,25.0,400000.0,20000.0,5.0,0.0,0.0,0.68,2,75,0.0024752475247524753,-4.98,0.03831417624521073,0.22749042145593867,0.0,25.0,400000.0,20000.0,5.0,0.0,0.0,0.68,1
87.0,5693,0.03831417624521073,0.22749042145593867,0.0,12.0,120000.0,20000.0,2.0,2.0,0.0,0.68,2,75,0.0024752475247524753,-4.98,0.03831417624521073,0.22749042145593867,0.0,12.0,120000.0,20000.0,2.0,2.0,0.0,0.68,1
87.0,6125,0.03831417624521073,0.22749042145593867,12.5,12.0,120000.0,20000.0,4.0,3.0,0.0,0.68,3,69,0.0024752475247524753,-4.946000000000001,0.03831417624521073,0.22749042145593867,12.5,12.0,120000.0,20000.0,4.0,3.0,0.0,0.68,1
87.0,7044,0.03831417624521073,0.22749042145593867,25.0,12.0,120000.0,20000.0,4.0,4.0,0.0,0.68,3,69,0.0024752475247524753,-4.941,0.03831417624521073,0.22749042145593867,25.0,12.0,120000.0,20000.0,4.0,4.0,0.0,0.68,1
87.0,7492,0.03831417624521073,0.22749042145593867,25.0,12.0,120000.0,20000.0,4.0,5.0,0.0,0.68,3,22,0.0024752475247524753,-4.941,0.03831417624521073,0.22749042145593867,25.0,12.0,120000.0,20000.0,4.0,5.0,0.0,0.68,1
87.0,7943,0.03831417624521073,0.22749042145593867,25.0,12.0,120000.0,20000.0,7.0,5.0,0.0,0.68,3,22,0.0024752475247524753,-4.941,0.03831417624521073,0.22749042145593867,25.0,12.0,120000.0,20000.0,7.0,5.0,0.0,0.68,1
87.0,9285,0.03831417624521073,0.22749042145593867,0.0,12.0,120000.0,0.0,0.0,6.0,0.0,0.68,1,32,0.0024752475247524753,-4.98,0.03831417624521073,0.22749042145593867,0.0,12.0,120000.0,0.0,0.0,6.0,0.0,0.68,1
87.0,10634,0.03831417624521073,0.22749042145593867,0.0,12.0,120000.0,0.0,0.0,4.0,0.0,0.68,1,32,0.0024752475247524753,-4.98,0.03831417624521073,0.22749042145593867,0.0,12.0,120000.0,0.0,0.0,4.0,0.0,0.68,1
87.0,11536,0.03831417624521073,0.22749042145593867,0.0,12.0,120000.0,0.0,0.0,2.0,0.0,0.68,3,94,0.0024752475247524753,-4.946000000000001,0.03831417624521073,0.22749042145593867,0.0,12.0,120000.0,0.0,0.0,2.0,0.0,0.68,1
87.0,12430,0.03831417624521073,0.22749042145593867,0.0,12.0,120000.0,0.0,0.0,4.0,0.0,0.68,3,94,0.0024752475247524753,-4.946000000000001,0.03831417624521073,0.22749042145593867,0.0,12.0,120000.0,0.0,0.0,4.0,0.0,0.68,1
81.0,7940,0.0411522633744856,0.24434156378600824,25.0,12.0,120000.0,20000.0,6.0,4.0,0.0,0.68,0,0,0.0024752475247524753,0.749332916666667,0.03830976842013158,0.2274642499945313,12.5,12.0,120000.0,20000.0,6.0,5.0,0.0,0.68,0
88.0,904,0.03787878787878788,0.22490530303030304,0.0,8.0,80000.0,20000.0,6.0,1.0,0.0,0.68,2,68,0.0024752475247524753,-4.98,0.03787878787878788,0.22490530303030304,0.0,8.0,80000.0,20000.0,6.0,1.0,0.0,0.68,1
88.0,1374,0.03787878787878788,0.22490530303030304,0.0,8.0,80000.0,0.0,0.0,5.0,0.0,0.68,2,68,0.0024752475247524753,-4.98,0.03787878787878788,0.22490530303030304,0.0,8.0,80000.0,0.0,0.0,5.0,0.0,0.68,1
88.0,4155,0.03787878787878788,0.22490530303030304,0.0,25.0,400000.0,0.0,0.0,1.0,0.0,0.68,1,45,0.0024752475247524753,-4.98,0.03787878787878788,0.22490530303030304,0.0,25.0,400000.0,0.0,0.0,1.0,0.0,0.68,1
88.0,4875,0.03787878787878788,0.22490530303030304,0.0,25.0,400000.0,0.0,0.0,5.0,0.0,0.68,1,45,0.0024752475247524753,-4.98,0.03787878787878788,0.22490530303030304,0.0,25.0,400000.0,0.0,0.0,5.0,0.0,0.68,1
88.0,6577,0.03787878787878788,0.22490530303030304,12.5,12.0,120000.0,20000.0,5.0,5.0,0.0,0.68,3,87,0.0024752475247524753,-4.946000000000001,0.03787878787878788,0.22490530303030304,12.5,12.0,120000.0,20000.0,5.0,5.0,0.0,0.68,1
88.0,8842,0.03787878787878788,0.22490530303030304,0.0,12.0,120000.0,0.0,0.0,3.0,0.0,0.68,3,87,0.0024752475247524753,-4.946000000000001,0.03787878787878788,0.22490530303030304,0.0,12.0,120000.0,0.0,0.0,3.0,0.0,0.68,1
88.0,9735,0.03787878787878788,0.22490530303030304,0.0,12.0,120000.0,0.0,0.0,3.0,0.0,0.68,2,41,0.0024752475247524753,-4.98,0.03787878787878788,0.22490530303030304,0.0,12.0,120000.0,0.0,0.0,3.0,0.0,0.68,1
88.0,10175,0.03787878787878788,0.22490530303030304,0.0,12.0,120000.0,0.0,0.0,2.0,0.0,0.68,2,41,0.0024752475247524753,-4.98,0.03787878787878788,0.22490530303030304,0.0,12.0,120000.0,0.0,0.0,2.0,0.0,0.68,1
88.0,11992,0.03787878787878788,0.22490530303030304,0.0,12.0,120000.0,0.0,0.0,1.0,0.0,0.68,3,12,0.0024752475247524753,-4.946000000000001,0.03787878787878788,0.22490530303030304,0.0,12.0,120000.0,0.0,0.0,1.0,0.0,0.68,1
89.0,6,0.03745318352059925,0.22237827715355807,0.0,8.0,80000.0,20000.0,2.0,2.0,0.0,0.68,2,32,0.0024752475247524753,-4.98,0.03745318352059925,0.22237827715355807,0.0,8.0,80000.0,20000.0,2.0,2.0,0.0,0.68,1
89.0,450,0.03745318352059925,0.22237827715355807,0.0,8.0,80000.0,20000.0,3.0,4.0,0.0,0.68,3,24,0.0024752475247524753,-4.946000000000001,0.03745318352059925,0.22237827715355807,0.0,8.0,80000.0,20000.0,4.0,4.0,0.0,0.68,1
89.0,1813,0.03745318352059925,0.22237827715355807,0.0,8.0,80000.0,0.0,0.0,4.0,0.0,0.68,3,2,0.0024752475247524753,-4.946000000000001,0.03745318352059925,0.22237827715355807,0.0,8.0,80000.0,0.0,0.0,4.0,0.0,0.68,1
89.0,2270,0.03745318352059925,0.22237827715355807,0.0,8.0,80000.0,0.0,0.0,5.0,0.0,0.68,1,79,0.0024752475247524753,-4.98,0.03745318352059925,0.22237827715355807,0.0,8.0,80000.0,0.0,0.0,5.0,0.0,0.68,1
89.0,2700,0.03745318352059925,0.22237827715355807,0.0,25.0,400000.0,20000.0,2.0,4.0,0.0,0.68,1,79,0.0024752475247524753,-4.98,0.03745318352059925,0.22237827715355807,0.0,25.0,400000.0,20000.0,2.0,4.0,0.0,0.68,1
89.0,3432,0.03745318352059925,0.22237827715355807,12.5,25.0,400000.0,20000.0,4.0,2.0,0.0,0.68,2,11,0.0024752475247524753,-4.98,0.03745318352059925,0.22237827715355807,12.5,25.0,400000.0,20000.0,5.0,2.0,0.0,0.68,1
89.0,4508,0.03745318352059925,0.22237827715355807,37.5,25.0,400000.0,20000.0,5.0,3.0,0.0,0.68,2,11,0.0024752475247524753,-4.9625,0.03745318352059925,0.22237827715355807,37.5,25.0,400000.0,20000.0,5.0,3.0,0.0,0.68,1
89.0,6126,0.03745318352059925,0.22237827715355807,12.5,12.0,120000.0,20000.0,4.0,3.0,0.0,0.68,1,83,0.0024752475247524753,-4.98,0.03745318352059925,0.22237827715355807,12.5,12.0,120000.0,20000.0,4.0,3.0,0.0,0.68,1
89.0,7493,0.03745318352059925,0.22237827715355807,25.0,12.0,120000.0,20000.0,4.0,5.0,0.0,0.68,3,22,0.0024752475247524753,-4.941,0.03745318352059925,0.22237827715355807,25.0,12.0,120000.0,20000.0,4.0,5.0,0.0,0.68,1
89.0,7944,0.03745318352059925,0.22237827715355807,12.5,12.0,120000.0,20000.0,6.0,4.0,0.0,0.68,3,22,0.0024752475247524753,-4.946000000000001,0.03745318352059925,0.22237827715355807,12.5,12.0,120000.0,20000.0,6.0,4.0,0.0,0.68,1
89.0,9286,0.03745318352059925,0.22237827715355807,0.0,12.0,120000.0,0.0,0.0,6.0,0.0,0.68,3,22,0.0024752475247524753,-4.946000000000001,0.03745318352059925,0.22237827715355807,0.0,12.0,120000.0,0.0,0.0,6.0,0.0,0.68,1
89.0,10635,0.03745318352059925,0.22237827715355807,0.0,12.0,120000.0,0.0,0.0,4.0,0.0,0.68,3,22,0.0024752475247524753,-4.946000000000001,0.03745318352059925,0.22237827715355807,0.0,12.0,120000.0,0.0,0.0,4.0,0.0,0.68,1
89.0,11537,0.03745318352059925,0.22237827715355807,0.0,12.0,120000.0,0.0,0.0,2.0,0.0,0.68,1,47,0.0024752475247524753,-4.98025,0.03745318352059925,0.22237827715355807,0.0,12.0,120000.0,0.0,0.0,2.0,0.0,0.68,1
89.0,12431,0.03745318352059925,0.22237827715355807,0.0,12.0,120000.0,0.0,0.0,4.0,0.0,0.68,3,98,0.0024752475247524753,-4.946000000000001,0.03745318352059925,0.22237827715355807,0.0,12.0,120000.0,0.0,0.0,4.0,0.0,0.68,1
83.0,6123,0.040160642570281124,0.2384538152610442,12.5,12.0,120000.0,20000.0,4.0,3.0,0.0,0.68,0,0,0.0024752475247524753,0.749582916666667,0.03744897156323579,0.2223532686567125,0.0,12.0,120000.0,20000.0,3.0,3.0,0.0,0.68,0
83.0,7042,0.040160642570281124,0.2384538152610442,12.5,12.0,120000.0,20000.0,3.0,4.0,0.0,0.68,0,0,0.0024752475247524753,0.749332916666667,0.03744897156323579,0.2223532686567125,12.5,12.0,120000.0,20000.0,3.0,4.0,0.0,0.68,0
83.0,7490,0.040160642570281124,0.2384538152610442,12.5,12.0,120000.0,20000.0,3.0,5.0,0.0,0.68,0,0,0.0024752475247524753,0.749332916666667,0.03744897156323579,0.2223532686567125,12.5,12.0,120000.0,20000.0,3.0,5.0,0.0,0.68,0
83.0,7941,0.040160642570281124,0.2384538152610442,25.0,12.0,120000.0,20000.0,7.0,5.0,0.0,0.68,0,0,0.0024752475247524753,0.749582916666667,0.03744897156323579,0.2223532686567125,0.0,12.0,120000.0,20000.0,5.0,4.0,0.0,0.68,0
75.0,2263,0.044444444444444446,0.2638888888888889,0.0,8.0,80000.0,0.0,0.0,5.0,0.03,0.71,3,3,0.0024752475247524753,-3.8643339583333334,0.0743273293079386,0.22065925888294277,0.0,8.0,80000.0,0.0,0.0,5.0,0.0,0.68,1
90.0,3795,0.07407407407407407,0.2199074074074074,0.0,25.0,400000.0,20000.0,6.0,0.0,0.0,0.68,3,21,0.0024752475247524753,-4.946000000000001,0.07407407407407407,0.2199074074074074,0.0,25.0,400000.0,20000.0,6.0,0.0,0.0,0.68,1
90.0,8843,0.07407407407407407,0.2199074074074074,0.0,12.0,120000.0,0.0,0.0,3.0,0.0,0.68,2,21,0.0024752475247524753,-4.98,0.07407407407407407,0.2199074074074074,0.0,12.0,120000.0,0.0,0.0,3.0,0.0,0.68,1
90.0,9736,0.07407407407407407,0.2199074074074074,0.0,12.0,120000.0,0.0,0.0,3.0,0.0,0.68,3,7,0.0024752475247524753,-4.946000000000001,0.07407407407407407,0.2199074074074074,0.0,12.0,120000.0,0.0,0.0,3.0,0.0,0.68,1
90.0,10176,0.07407407407407407,0.2199074074074074,0.0,12.0,120000.0,0.0,0.0,2.0,0.0,0.68,3,7,0.0024752475247524753,-4.946000000000001,0.07407407407407407,0.2199074074074074,0.0,12.0,120000.0,0.0,0.0,2.0,0.0,0.68,1
90.0,11070,0.07407407407407407,0.2199074074074074,0.0,12.0,120000.0,0.0,0.0,4.0,0.0,0.68,2,68,0.0024752475247524753,-4.98,0.07407407407407407,0.2199074074074074,0.0,12.0,120000.0,0.0,0.0,4.0,0.0,0.68,1
90.0,11993,0.07407407407407407,0.2199074074074074,0.0,12.0,120000.0,0.0,0.0,1.0,0.0,0.68,2,68,0.0024752475247524753,-4.98,0.07407407407407407,0.2199074074074074,0.0,12.0,120000.0,0.0,0.0,1.0,0.0,0.68,1
91.0,451,0.07326007326007326,0.2174908424908425,0.0,8.0,80000.0,20000.0,4.0,4.0,0.0,0.68,1,22,0.0024752475247524753,-4.98,0.07326007326007326,0.2174908424908425,0.0,8.0,80000.0,20000.0,4.0,4.0,0.0,0.68,1
91.0,1814,0.07326007326007326,0.2174908424908425,0.0,8.0,80000.0,0.0,0.0,4.0,0.0,0.68,2,16,0.0024752475247524753,-4.98,0.07326007326007326,0.2174908424908425,0.0,8.0,80000.0,0.0,0.0,4.0,0.0,0.68,1
91.0,2271,0.07326007326007326,0.2174908424908425,0.0,8.0,80000.0,0.0,0.0,5.0,0.0,0.68,2,16,0.0024752475247524753,-4.98,0.07326007326007326,0.2174908424908425,0.0,8.0,80000.0,0.0,0.0,5.0,0.0,0.68,1
91.0,4156,0.07326007326007326,0.2174908424908425,0.0,25.0,400000.0,0.0,0.0,1.0,0.0,0.68,2,26,0.0024752475247524753,-4.98,0.07326007326007326,0.2174908424908425,0.0,25.0,400000.0,0.0,0.0,1.0,0.0,0.68,1
91.0,4876,0.07326007326007326,0.2174908424908425,0.0,25.0,400000.0,0.0,0.0,5.0,0.0,0.68,2,26,0.0024752475247524753,-4.98,0.07326007326007326,0.2174908424908425,0.0,25.0,400000.0,0.0,0.0,5.0,0.0,0.68,1
91.0,6127,0.07326007326007326,0.2174908424908425,0.0,12.0,120000.0,20000.0,3.0,3.0,0.0,0.68,3,94,0.0024752475247524753,-4.946000000000001,0.07326007326007326,0.2174908424908425,0.0,12.0,120000.0,20000.0,3.0,3.0,0.0,0.68,1
91.0,7494,0.07326007326007326,0.2174908424908425,12.5,12.0,120000.0,20000.0,3.0,5.0,0.0,0.68,3,94,0.0024752475247524753,-4.946000000000001,0.07326007326007326,0.2174908424908425,12.5,12.0,120000.0,20000.0,3.0,5.0,0.0,0.68,1
91.0,9287,0.07326007326007326,0.2174908424908425,0.0,12.0,120000.0,0.0,0.0,6.0,0.0,0.68,3,94,0.0024752475247524753,-4.946000000000001,0.07326007326007326,0.2174908424908425,0.0,12.0,120000.0,0.0,0.0,6.0,0.0,0.68,1
91.0,10636,0.07326007326007326,0.2174908424908425,0.0,12.0,120000.0,0.0,0.0,4.0,0.0,0.68,3,94,0.0024752475247524753,-4.946000000000001,0.07326007326007326,0.2174908424908425,0.0,12.0,120000.0,0.0,0.0,4.0,0.0,0.68,1
91.0,11538,0.07326007326007326,0.2174908424908425,0.0,12.0,120000.0,0.0,0.0,2.0,0.0,0.68,2,49,0.0024752475247524753,-4.98,0.07326007326007326,0.2174908424908425,0.0,12.0,120000.0,0.0,0.0,2.0,0.0,0.68,1
91.0,12432,0.07326007326007326,0.2174908424908425,0.0,12.0,120000.0,0.0,0.0,4.0,0.0,0.68,2,46,0.0024752475247524753,-4.98,0.07326007326007326,0.2174908424908425,0.0,12.0,120000.0,0.0,0.0,4.0,0.0,0.68,1
85.0,7043,0.0392156862745098,0.23284313725490197,12.5,12.0,120000.0,20000.0,3.0,4.0,0.0,0.68,0,0,0.0024752475247524753,0.749582916666667,0.07325201553836404,0.21746692112951826,0.0,12.0,120000.0,20000.0,2.0,4.0,0.0,0.68,0
85.0,7491,0.0392156862745098,0.23284313725490197,12.5,12.0,120000.0,20000.0,3.0,5.0,0.0,0.68,0,0,0.0024752475247524753,0.749582916666667,0.07325201553836404,0.21746692112951826,0.0,12.0,120000.0,20000.0,2.0,5.0,0.0,0.68,0
86.0,6576,0.03875968992248062,0.2301356589147287,0.0,12.0,120000.0,20000.0,4.0,5.0,0.0,0.68,0,0,0.0024752475247524753,0.74975,0.07246376811594203,0.2151268115942029,12.5,12.0,120000.0,20000.0,6.0,5.0,0.0,0.68,0
92.0,3433,0.07246376811594203,0.2151268115942029,12.5,25.0,400000.0,20000.0,5.0,2.0,0.0,0.68,3,44,0.0024752475247524753,-4.946000000000001,0.07246376811594203,0.2151268115942029,12.5,25.0,400000.0,20000.0,5.0,2.0,0.0,0.68,1
92.0,4509,0.07246376811594203,0.2151268115942029,37.5,25.0,400000.0,20000.0,5.0,3.0,0.0,0.68,3,44,0.0024752475247524753,-4.9285000000000005,0.07246376811594203,0.2151268115942029,37.5,25.0,400000.0,20000.0,5.0,3.0,0.0,0.68,1
92.0,8844,0.07246376811594203,0.2151268115942029,0.0,12.0,120000.0,0.0,0.0,3.0,0.0,0.68,3,44,0.0024752475247524753,-4.946000000000001,0.07246376811594203,0.2151268115942029,0.0,12.0,120000.0,0.0,0.0,3.0,0.0,0.68,1
92.0,9737,0.07246376811594203,0.2151268115942029,0.0,12.0,120000.0,0.0,0.0,3.0,0.0,0.68,2,82,0.0024752475247524753,-4.98,0.07246376811594203,0.2151268115942029,0.0,12.0,120000.0,0.0,0.0,3.0,0.0,0.68,1
92.0,10177,0.07246376811594203,0.2151268115942029,0.0,12.0,120000.0,0.0,0.0,2.0,0.0,0.68,2,82,0.0024752475247524753,-4.98,0.07246376811594203,0.2151268115942029,0.0,12.0,120000.0,0.0,0.0,2.0,0.0,0.68,1
92.0,11071,0.07246376811594203,0.2151268115942029,0.0,12.0,120000.0,0.0,0.0,4.0,0.0,0.68,1,57,0.0024752475247524753,-4.98,0.07246376811594203,0.2151268115942029,0.0,12.0,120000.0,0.0,0.0,4.0,0.0,0.68,1
92.0,11994,0.07246376811594203,0.2151268115942029,0.0,12.0,120000.0,0.0,0.0,1.0,0.0,0.68,1,57,0.0024752475247524753,-4.98,0.07246376811594203,0.2151268115942029,0.0,12.0,120000.0,0.0,0.0,1.0,0.0,0.68,1
93.0,1815,0.07168458781362007,0.21281362007168458,0.0,8.0,80000.0,0.0,0.0,4.0,0.0,0.68,1,93,0.0024752475247524753,-4.98,0.07168458781362007,0.21281362007168458,0.0,8.0,80000.0,0.0,0.0,4.0,0.0,0.68,1
93.0,2272,0.07168458781362007,0.21281362007168458,0.0,8.0,80000.0,0.0,0.0,5.0,0.0,0.68,1,93,0.0024752475247524753,-4.98,0.07168458781362007,0.21281362007168458,0.0,8.0,80000.0,0.0,0.0,5.0,0.0,0.68,1
93.0,3796,0.07168458781362007,0.21281362007168458,0.0,25.0,400000.0,20000.0,6.0,0.0,0.0,0.68,2,96,0.0024752475247524753,-4.98,0.07168458781362007,0.21281362007168458,0.0,25.0,400000.0,20000.0,6.0,0.0,0.0,0.68,1
93.0,6128,0.07168458781362007,0.21281362007168458,0.0,12.0,120000.0,20000.0,3.0,3.0,0.0,0.68,2,96,0.0024752475247524753,-4.98,0.07168458781362007,0.21281362007168458,0.0,12.0,120000.0,20000.0,3.0,3.0,0.0,0.68,1
93.0,9288,0.07168458781362007,0.21281362007168458,0.0,12.0,120000.0,0.0,0.0,6.0,0.0,0.68,1,21,0.0024752475247524753,-4.98,0.07168458781362007,0.21281362007168458,0.0,12.0,120000.0,0.0,0.0,6.0,0.0,0.68,1
93.0,10637,0.07168458781362007,0.21281362007168458,0.0,12.0,120000.0,0.0,0.0,4.0,0.0,0.68,1,2,0.0024752475247524753,-4.98,0.07168458781362007,0.21281362007168458,0.0,12.0,120000.0,0.0,0.0,4.0,0.0,0.68,1
93.0,11539,0.07168458781362007,0.21281362007168458,0.0,12.0,120000.0,0.0,0.0,2.0,0.0,0.68,1,2,0.0024752475247524753,-4.98,0.07168458781362007,0.21281362007168458,0.0,12.0,120000.0,0.0,0.0,2.0,0.0,0.68,1
93.0,12433,0.07168458781362007,0.21281362007168458,0.0,12.0,120000.0,0.0,0.0,4.0,0.0,0.68,1,2,0.0024752475247524753,-4.98,0.07168458781362007,0.21281362007168458,0.0,12.0,120000.0,0.0,0.0,4.0,0.0,0.68,1
90.0,905,0.07407407407407407,0.2199074074074074,0.0,8.0,80000.0,20000.0,6.0,1.0,0.0,0.68,1,21,0.0024752475247524753,0.76975,0.07092198581560284,0.2105496453900709,12.5,8.0,80000.0,20000.0,8.0,1.0,0.0,0.68,0
74.0,3427,0.04504504504504504,0.26745495495495497,0.0,25.0,400000.0,20000.0,3.0,2.0,0.03,0.71,0,0,0.0024752475247524753,0.6,0.07092198581560284,0.2105496453900709,0.0,25.0,400000.0,20000.0,4.0,2.0,0.0,0.68,0
74.0,4503,0.04504504504504504,0.26745495495495497,0.0,25.0,400000.0,20000.0,2.0,3.0,0.03,0.71,0,0,0.0024752475247524753,0.5995,0.07092198581560284,0.2105496453900709,25.0,25.0,400000.0,20000.0,4.0,3.0,0.0,0.68,0
94.0,4157,0.07092198581560284,0.2105496453900709,0.0,25.0,400000.0,0.0,0.0,1.0,0.0,0.68,2,93,0.0024752475247524753,-4.98,0.07092198581560284,0.2105496453900709,0.0,25.0,400000.0,0.0,0.0,1.0,0.0,0.68,1
94.0,4877,0.07092198581560284,0.2105496453900709,0.0,25.0,400000.0,0.0,0.0,5.0,0.0,0.68,2,93,0.0024752475247524753,-4.98,0.07092198581560284,0.2105496453900709,0.0,25.0,400000.0,0.0,0.0,5.0,0.0,0.68,1
94.0,6580,0.07092198581560284,0.2105496453900709,25.0,12.0,120000.0,20000.0,6.0,5.0,0.0,0.68,3,54,0.0024752475247524753,-4.941,0.07092198581560284,0.2105496453900709,25.0,12.0,120000.0,20000.0,6.0,5.0,0.0,0.68,1
94.0,9738,0.07092198581560284,0.2105496453900709,0.0,12.0,120000.0,0.0,0.0,3.0,0.0,0.68,3,54,0.0024752475247524753,-4.946000000000001,0.07092198581560284,0.2105496453900709,0.0,12.0,120000.0,0.0,0.0,3.0,0.0,0.68,1
94.0,10178,0.07092198581560284,0.2105496453900709,0.0,12.0,120000.0,0.0,0.0,2.0,0.0,0.68,3,40,0.0024752475247524753,-4.946000000000001,0.07092198581560284,0.2105496453900709,0.0,12.0,120000.0,0.0,0.0,2.0,0.0,0.68,1
94.0,11072,0.07092198581560284,0.2105496453900709,0.0,12.0,120000.0,0.0,0.0,4.0,0.0,0.68,3,40,0.0024752475247524753,-4.946000000000001,0.07092198581560284,0.2105496453900709,0.0,12.0,120000.0,0.0,0.0,4.0,0.0,0.68,1
89.0,5694,0.03745318352059925,0.22237827715355807,0.0,12.0,120000.0,20000.0,2.0,2.0,0.0,0.68,1,83,0.0024752475247524753,0.77,0.07017543859649122,0.20833333333333331,0.0,12.0,120000.0,20000.0,3.0,2.0,0.0,0.68,0
91.0,7,0.07326007326007326,0.2174908424908425,0.0,8.0,80000.0,20000.0,2.0,2.0,0.0,0.68,1,22,0.0024752475247524753,0.76975,0.07017543859649122,0.20833333333333331,12.5,8.0,80000.0,20000.0,3.0,2.0,0.0,0.68,0
95.0,9,0.07017543859649122,0.20833333333333331,12.5,8.0,80000.0,20000.0,3.0,2.0,0.0,0.68,1,73,0.0024752475247524753,-4.98,0.07017543859649122,0.20833333333333331,12.5,8.0,80000.0,20000.0,3.0,2.0,0.0,0.68,1
95.0,453,0.07017543859649122,0.20833333333333331,12.5,8.0,80000.0,20000.0,5.0,4.0,0.0,0.68,1,73,0.0024752475247524753,-4.98,0.07017543859649122,0.20833333333333331,12.5,8.0,80000.0,20000.0,5.0,4.0,0.0,0.68,1
95.0,1816,0.07017543859649122,0.20833333333333331,0.0,8.0,80000.0,0.0,0.0,4.0,0.0,0.68,1,73,0.0024752475247524753,-4.98,0.07017543859649122,0.20833333333333331,0.0,8.0,80000.0,0.0,0.0,4.0,0.0,0.68,1
95.0,2273,0.07017543859649122,0.20833333333333331,0.0,8.0,80000.0,0.0,0.0,5.0,0.0,0.68,1,73,0.0024752475247524753,-4.98,0.07017543859649122,0.20833333333333331,0.0,8.0,80000.0,0.0,0.0,5.0,0.0,0.68,1
95.0,2702,0.07017543859649122,0.20833333333333331,12.5,25.0,400000.0,20000.0,4.0,4.0,0.0,0.68,1,11,0.0024752475247524753,-4.98,0.07017543859649122,0.20833333333333331,12.5,25.0,400000.0,20000.0,4.0,4.0,0.0,0.68,1
95.0,4510,0.07017543859649122,0.20833333333333331,25.0,25.0,400000.0,20000.0,4.0,3.0,0.0,0.68,1,47,0.0024752475247524753,-4.975,0.07017543859649122,0.20833333333333331,25.0,25.0,400000.0,20000.0,4.0,3.0,0.0,0.68,1
95.0,9289,0.07017543859649122,0.20833333333333331,0.0,12.0,120000.0,0.0,0.0,6.0,0.0,0.68,1,2,0.0024752475247524753,-4.98,0.07017543859649122,0.20833333333333331,0.0,12.0,120000.0,0.0,0.0,6.0,0.0,0.68,1
95.0,10638,0.07017543859649122,0.20833333333333331,0.0,12.0,120000.0,0.0,0.0,4.0,0.0,0.68,1,2,0.0024752475247524753,-4.98,0.07017543859649122,0.20833333333333331,0.0,12.0,120000.0,0.0,0.0,4.0,0.0,0.68,1
95.0,11540,0.07017543859649122,0.20833333333333331,0.0,12.0,120000.0,0.0,0.0,2.0,0.0,0.68,1,2,0.0024752475247524753,-4.98,0.07017543859649122,0.20833333333333331,0.0,12.0,120000.0,0.0,0.0,2.0,0.0,0.68,1
95.0,12434,0.07017543859649122,0.20833333333333331,0.0,12.0,120000.0,0.0,0.0,4.0,0.0,0.68,2,61,0.0024752475247524753,-4.98,0.07017543859649122,0.20833333333333331,0.0,12.0,120000.0,0.0,0.0,4.0,0.0,0.68,1
96.0,908,0.06944444444444445,0.20616319444444442,25.0,8.0,80000.0,20000.0,8.0,1.0,0.0,0.68,2,61,0.0024752475247524753,-4.975,0.06944444444444445,0.20616319444444442,25.0,8.0,80000.0,20000.0,8.0,1.0,0.0,0.68,1
96.0,3797,0.06944444444444445,0.20616319444444442,0.0,25.0,400000.0,20000.0,6.0,0.0,0.0,0.68,2,36,0.0024752475247524753,-4.98,0.06944444444444445,0.20616319444444442,0.0,25.0,400000.0,20000.0,6.0,0.0,0.0,0.68,1
96.0,6581,0.06944444444444445,0.20616319444444442,25.0,12.0,120000.0,20000.0,6.0,5.0,0.0,0.68,2,36,0.0024752475247524753,-4.975,0.06944444444444445,0.20616319444444442,25.0,12.0,120000.0,20000.0,6.0,5.0,0.0,0.68,1
96.0,9739,0.06944444444444445,0.20616319444444442,0.0,12.0,120000.0,0.0,0.0,3.0,0.0,0.68,2,36,0.0024752475247524753,-4.98,0.06944444444444445,0.20616319444444442,0.0,12.0,120000.0,0.0,0.0,3.0,0.0,0.68,1
96.0,10179,0.06944444444444445,0.20616319444444442,0.0,12.0,120000.0,0.0,0.0,2.0,0.0,0.68,2,36,0.0024752475247524753,-4.98,0.06944444444444445,0.20616319444444442,0.0,12.0,120000.0,0.0,0.0,2.0,0.0,0.68,1
96.0,11073,0.06944444444444445,0.20616319444444442,0.0,12.0,120000.0,0.0,0.0,4.0,0.0,0.68,2,36,0.0024752475247524753,-4.98,0.06944444444444445,0.20616319444444442,0.0,12.0,120000.0,0.0,0.0,4.0,0.0,0.68,1
90.0,6578,0.07407407407407407,0.2199074074074074,12.5,12.0,120000.0,20000.0,5.0,5.0,0.0,0.68,0,0,0.0024752475247524753,0.749332916666667,0.06943720416930138,0.2061416998776135,12.5,12.0,120000.0,20000.0,5.0,5.0,0.0,0.68,0
92.0,906,0.07246376811594203,0.2151268115942029,12.5,8.0,80000.0,20000.0,7.0,1.0,0.0,0.68,0,0,0.0024752475247524753,0.7491243750000004,0.06943720416930138,0.2061416998776135,12.5,8.0,80000.0,20000.0,7.0,1.0,0.0,0.68,0
93.0,452,0.07168458781362007,0.21281362007168458,0.0,8.0,80000.0,20000.0,4.0,4.0,0.0,0.68,0,0,0.0024752475247524753,0.75,0.06872852233676977,0.20403780068728522,0.0,8.0,80000.0,20000.0,4.0,4.0,0.0,0.68,0
97.0,10,0.06872852233676977,0.20403780068728522,12.5,8.0,80000.0,20000.0,3.0,2.0,0.0,0.68,2,36,0.0024752475247524753,-4.98,0.06872852233676977,0.20403780068728522,12.5,8.0,80000.0,20000.0,3.0,2.0,0.0,0.68,1
97.0,454,0.06872852233676977,0.20403780068728522,0.0,8.0,80000.0,20000.0,4.0,4.0,0.0,0.68,2,18,0.0024752475247524753,-4.98,0.06872852233676977,0.20403780068728522,0.0,8.0,80000.0,20000.0,4.0,4.0,0.0,0.68,1
97.0,1817,0.06872852233676977,0.20403780068728522,0.0,8.0,80000.0,0.0,0.0,4.0,0.0,0.68,2,18,0.0024752475247524753,-4.98,0.06872852233676977,0.20403780068728522,0.0,8.0,80000.0,0.0,0.0,4.0,0.0,0.68,1
97.0,2274,0.06872852233676977,0.20403780068728522,0.0,8.0,80000.0,0.0,0.0,5.0,0.0,0.68,2,18,0.0024752475247524753,-4.98,0.06872852233676977,0.20403780068728522,0.0,8.0,80000.0,0.0,0.0,5.0,0.0,0.68,1
97.0,3060,0.06872852233676977,0.20403780068728522,0.0,25.0,400000.0,0.0,0.0,5.0,0.0,0.68,2,18,0.0024752475247524753,-4.98,0.06872852233676977,0.20403780068728522,0.0,25.0,400000.0,0.0,0.0,5.0,0.0,0.68,1
97.0,4158,0.06872852233676977,0.20403780068728522,0.0,25.0,400000.0,0.0,0.0,1.0,0.0,0.68,2,18,0.0024752475247524753,-4.98,0.06872852233676977,0.20403780068728522,0.0,25.0,400000.0,0.0,0.0,1.0,0.0,0.68,1
97.0,4878,0.06872852233676977,0.20403780068728522,0.0,25.0,400000.0,0.0,0.0,5.0,0.0,0.68,2,18,0.0024752475247524753,-4.98,0.06872852233676977,0.20403780068728522,0.0,25.0,400000.0,0.0,0.0,5.0,0.0,0.68,1
97.0,6130,0.06872852233676977,0.20403780068728522,12.5,12.0,120000.0,20000.0,6.0,3.0,0.0,0.68,3,52,0.0024752475247524753,-4.946000000000001,0.06872852233676977,0.20403780068728522,12.5,12.0,120000.0,20000.0,6.0,3.0,0.0,0.68,1
97.0,8372,0.06872852233676977,0.20403780068728522,25.0,12.0,120000.0,20000.0,8.0,1.0,0.0,0.68,3,52,0.0024752475247524753,-4.941,0.06872852233676977,0.20403780068728522,25.0,12.0,120000.0,20000.0,8.0,1.0,0.0,0.68,1
97.0,9290,0.06872852233676977,0.20403780068728522,0.0,12.0,120000.0,0.0,0.0,6.0,0.0,0.68,3,41,0.0024752475247524753,-4.946000000000001,0.06872852233676977,0.20403780068728522,0.0,12.0,120000.0,0.0,0.0,6.0,0.0,0.68,1
97.0,10639,0.06872852233676977,0.20403780068728522,0.0,12.0,120000.0,0.0,0.0,4.0,0.0,0.68,3,41,0.0024752475247524753,-4.946000000000001,0.06872852233676977,0.20403780068728522,0.0,12.0,120000.0,0.0,0.0,4.0,0.0,0.68,1
97.0,11541,0.06872852233676977,0.20403780068728522,0.0,12.0,120000.0,0.0,0.0,2.0,0.0,0.68,2,39,0.0024752475247524753,-4.98,0.06872852233676977,0.20403780068728522,0.0,12.0,120000.0,0.0,0.0,2.0,0.0,0.68,1
97.0,12435,0.06872852233676977,0.20403780068728522,0.0,12.0,120000.0,0.0,0.0,4.0,0.0,0.68,2,39,0.0024752475247524753,-4.98,0.06872852233676977,0.20403780068728522,0.0,12.0,120000.0,0.0,0.0,4.0,0.0,0.68,1
93.0,8,0.07168458781362007,0.21281362007168458,12.5,8.0,80000.0,20000.0,3.0,2.0,0.0,0.68,0,0,0.0024752475247524753,0.7493743750000004,0.06872143056852244,0.20401674700030098,0.0,8.0,80000.0,20000.0,2.0,2.0,0.0,0.68,0
77.0,4504,0.04329004329004329,0.25703463203463206,12.5,25.0,400000.0,20000.0,3.0,3.0,0.0,0.68,0,0,0.0024752475247524753,0.5995498000000001,0.06872143056852244,0.20401674700030098,12.5,25.0,400000.0,20000.0,3.0,3.0,0.0,0.68,0
98.0,909,0.06802721088435373,0.20195578231292516,12.5,8.0,80000.0,20000.0,7.0,1.0,0.0,0.68,3,56,0.0024752475247524753,-4.946000000000001,0.06802721088435373,0.20195578231292516,12.5,8.0,80000.0,20000.0,7.0,1.0,0.0,0.68,1
98.0,2703,0.06802721088435373,0.20195578231292516,12.5,25.0,400000.0,20000.0,4.0,4.0,0.0,0.68,3,56,0.0024752475247524753,-4.946000000000001,0.06802721088435373,0.20195578231292516,12.5,25.0,400000.0,20000.0,4.0,4.0,0.0,0.68,1
98.0,3435,0.06802721088435373,0.20195578231292516,12.5,25.0,400000.0,20000.0,6.0,2.0,0.0,0.68,2,14,0.0024752475247524753,-4.98,0.06802721088435373,0.20195578231292516,12.5,25.0,400000.0,20000.0,6.0,2.0,0.0,0.68,1
98.0,4511,0.06802721088435373,0.20195578231292516,12.5,25.0,400000.0,20000.0,3.0,3.0,0.0,0.68,2,14,0.0024752475247524753,-4.98,0.06802721088435373,0.20195578231292516,12.5,25.0,400000.0,20000.0,3.0,3.0,0.0,0.68,1
98.0,6582,0.06802721088435373,0.20195578231292516,12.5,12.0,120000.0,20000.0,5.0,5.0,0.0,0.68,2,92,0.0024752475247524753,-4.98,0.06802721088435373,0.20195578231292516,12.5,12.0,120000.0,20000.0,5.0,5.0,0.0,0.68,1
98.0,9740,0.06802721088435373,0.20195578231292516,0.0,12.0,120000.0,0.0,0.0,3.0,0.0,0.68,2,46,0.0024752475247524753,-4.98,0.06802721088435373,0.20195578231292516,0.0,12.0,120000.0,0.0,0.0,3.0,0.0,0.68,1
98.0,10180,0.06802721088435373,0.20195578231292516,0.0,12.0,120000.0,0.0,0.0,2.0,0.0,0.68,2,46,0.0024752475247524753,-4.98,0.06802721088435373,0.20195578231292516,0.0,12.0,120000.0,0.0,0.0,2.0,0.0,0.68,1
98.0,11074,0.06802721088435373,0.20195578231292516,0.0,12.0,120000.0,0.0,0.0,4.0,0.0,0.68,2,42,0.0024752475247524753,-4.98,0.06802721088435373,0.20195578231292516,0.0,12.0,120000.0,0.0,0.0,4.0,0.0,0.68,1
92.0,6579,0.07246376811594203,0.2151268115942029,12.5,12.0,120000.0,20000.0,5.0,5.0,0.0,0.68,0,0,0.0024752475247524753,0.749582916666667,0.06802026310033707,0.20193515607912566,0.0,12.0,120000.0,20000.0,4.0,5.0,0.0,0.68,0
94.0,907,0.07092198581560284,0.2105496453900709,12.5,8.0,80000.0,20000.0,7.0,1.0,0.0,0.68,1,2,0.0024752475247524753,0.7693743750000004,0.06802026310033707,0.20193515607912566,0.0,8.0,80000.0,20000.0,6.0,1.0,0.0,0.68,0
93.0,8370,0.07168458781362007,0.21281362007168458,0.0,12.0,120000.0,20000.0,6.0,1.0,0.0,0.68,1,21,0.0024752475247524753,0.76975,0.06734006734006734,0.19991582491582494,12.5,12.0,120000.0,20000.0,7.0,1.0,0.0,0.68,0
99.0,11,0.06734006734006734,0.19991582491582494,0.0,8.0,80000.0,20000.0,2.0,2.0,0.0,0.68,2,42,0.0024752475247524753,-4.98,0.06734006734006734,0.19991582491582494,0.0,8.0,80000.0,20000.0,2.0,2.0,0.0,0.68,1
99.0,455,0.06734006734006734,0.19991582491582494,0.0,8.0,80000.0,20000.0,4.0,4.0,0.0,0.68,2,42,0.0024752475247524753,-4.98,0.06734006734006734,0.19991582491582494,0.0,8.0,80000.0,20000.0,4.0,4.0,0.0,0.68,1
99.0,1818,0.06734006734006734,0.19991582491582494,0.0,8.0,80000.0,0.0,0.0,4.0,0.0,0.68,2,42,0.0024752475247524753,-4.98,0.06734006734006734,0.19991582491582494,0.0,8.0,80000.0,0.0,0.0,4.0,0.0,0.68,1
99.0,8373,0.06734006734006734,0.19991582491582494,12.5,12.0,120000.0,20000.0,7.0,1.0,0.0,0.68,1,31,0.0024752475247524753,-4.98,0.06734006734006734,0.19991582491582494,12.5,12.0,120000.0,20000.0,7.0,1.0,0.0,0.68,1
99.0,9291,0.06734006734006734,0.19991582491582494,0.0,12.0,120000.0,0.0,0.0,6.0,0.0,0.68,1,31,0.0024752475247524753,-4.98,0.06734006734006734,0.19991582491582494,0.0,12.0,120000.0,0.0,0.0,6.0,0.0,0.68,1
99.0,10640,0.06734006734006734,0.19991582491582494,0.0,12.0,120000.0,0.0,0.0,4.0,0.0,0.68,1,31,0.0024752475247524753,-4.98,0.06734006734006734,0.19991582491582494,0.0,12.0,120000.0,0.0,0.0,4.0,0.0,0.68,1
99.0,11542,0.06734006734006734,0.19991582491582494,0.0,12.0,120000.0,0.0,0.0,2.0,0.0,0.68,1,31,0.0024752475247524753,-4.98,0.06734006734006734,0.19991582491582494,0.0,12.0,120000.0,0.0,0.0,2.0,0.0,0.68,1
99.0,12436,0.06734006734006734,0.19991582491582494,0.0,12.0,120000.0,0.0,0.0,4.0,0.0,0.68,2,2,0.0024752475247524753,-4.98,0.06734006734006734,0.19991582491582494,0.0,12.0,120000.0,0.0,0.0,4.0,0.0,0.68,1
100.0,910,0.06666666666666667,0.19791666666666669,0.0,8.0,80000.0,20000.0,7.0,1.0,0.0,0.68,2,2,0.0024752475247524753,-4.98,0.06666666666666667,0.19791666666666669,0.0,8.0,80000.0,20000.0,7.0,1.0,0.0,0.68,1
100.0,3061,0.06666666666666667,0.19791666666666669,0.0,25.0,400000.0,0.0,0.0,5.0,0.0,0.68,2,2,0.0024752475247524753,-4.98,0.06666666666666667,0.19791666666666669,0.0,25.0,400000.0,0.0,0.0,5.0,0.0,0.68,1
100.0,4159,0.06666666666666667,0.19791666666666669,0.0,25.0,400000.0,0.0,0.0,1.0,0.0,0.68,3,78,0.0024752475247524753,-4.946000000000001,0.06666666666666667,0.19791666666666669,0.0,25.0,400000.0,0.0,0.0,1.0,0.0,0.68,1
100.0,4879,0.06666666666666667,0.19791666666666669,0.0,25.0,400000.0,0.0,0.0,5.0,0.0,0.68,3,78,0.0024752475247524753,-4.946000000000001,0.06666666666666667,0.19791666666666669,0.0,25.0,400000.0,0.0,0.0,5.0,0.0,0.68,1
100.0,6583,0.06666666666666667,0.19791666666666669,0.0,12.0,120000.0,20000.0,4.0,5.0,0.0,0.68,3,78,0.0024752475247524753,-4.946000000000001,0.06666666666666667,0.19791666666666669,0.0,12.0,120000.0,20000.0,4.0,5.0,0.0,0.68,1
100.0,9741,0.06666666666666667,0.19791666666666669,0.0,12.0,120000.0,0.0,0.0,3.0,0.0,0.68,2,78,0.0024752475247524753,-4.98,0.06666666666666667,0.19791666666666669,0.0,12.0,120000.0,0.0,0.0,3.0,0.0,0.68,1
100.0,10181,0.06666666666666667,0.19791666666666669,0.0,12.0,120000.0,0.0,0.0,2.0,0.0,0.68,2,92,0.0024752475247524753,-4.98,0.06666666666666667,0.19791666666666669,0.0,12.0,120000.0,0.0,0.0,2.0,0.0,0.68,1
100.0,11075,0.06666666666666667,0.19791666666666669,0.0,12.0,120000.0,0.0,0.0,4.0,0.0,0.68,2,92,0.0024752475247524753,-4.98,0.06666666666666667,0.19791666666666669,0.0,12.0,120000.0,0.0,0.0,4.0,0.0,0.68,1
95.0,6129,0.07017543859649122,0.20833333333333331,0.0,12.0,120000.0,20000.0,5.0,3.0,0.0,0.68,1,47,0.0024752475247524753,0.76975,0.066006600660066,0.19595709570957096,12.5,12.0,120000.0,20000.0,6.0,3.0,0.0,0.68,0
101.0,12,0.066006600660066,0.19595709570957096,0.0,8.0,80000.0,20000.0,2.0,2.0,0.0,0.68,2,64,0.0024752475247524753,-4.98,0.066006600660066,0.19595709570957096,0.0,8.0,80000.0,20000.0,2.0,2.0,0.0,0.68,1
101.0,456,0.066006600660066,0.19595709570957096,0.0,8.0,80000.0,20000.0,4.0,4.0,0.0,0.68,2,64,0.0024752475247524753,-4.98,0.066006600660066,0.19595709570957096,0.0,8.0,80000.0,20000.0,6.0,4.0,0.0,0.68,1
101.0,1819,0.066006600660066,0.19595709570957096,0.0,8.0,80000.0,0.0,0.0,4.0,0.0,0.68,1,97,0.0024752475247524753,-4.98,0.066006600660066,0.19595709570957096,0.0,8.0,80000.0,0.0,0.0,4.0,0.0,0.68,1
101.0,2704,0.066006600660066,0.19595709570957096,12.5,25.0,400000.0,20000.0,4.0,4.0,0.0,0.68,1,97,0.0024752475247524753,-4.98,0.066006600660066,0.19595709570957096,12.5,25.0,400000.0,20000.0,4.0,4.0,0.0,0.68,1
101.0,3436,0.066006600660066,0.19595709570957096,12.5,25.0,400000.0,20000.0,6.0,2.0,0.0,0.68,1,33,0.0024752475247524753,-4.98,0.066006600660066,0.19595709570957096,12.5,25.0,400000.0,20000.0,6.0,2.0,0.0,0.68,1
101.0,3440,0.066006600660066,0.19595709570957096,12.5,25.0,400000.0,20000.0,6.0,2.0,0.0,0.68,1,33,0.0024752475247524753,-4.98,0.066006600660066,0.19595709570957096,12.5,25.0,400000.0,20000.0,6.0,2.0,0.0,0.68,1
101.0,4512,0.066006600660066,0.19595709570957096,12.5,25.0,400000.0,20000.0,3.0,3.0,0.0,0.68,1,75,0.0024752475247524753,-4.98,0.066006600660066,0.19595709570957096,12.5,25.0,400000.0,20000.0,3.0,3.0,0.0,0.68,1
101.0,6132,0.066006600660066,0.19595709570957096,12.5,12.0,120000.0,20000.0,6.0,3.0,0.0,0.68,1,75,0.0024752475247524753,-4.98,0.066006600660066,0.19595709570957096,12.5,12.0,120000.0,20000.0,6.0,3.0,0.0,0.68,1
101.0,8374,0.066006600660066,0.19595709570957096,12.5,12.0,120000.0,20000.0,7.0,1.0,0.0,0.68,1,88,0.0024752475247524753,-4.98,0.066006600660066,0.19595709570957096,12.5,12.0,120000.0,20000.0,7.0,1.0,0.0,0.68,1
101.0,9292,0.066006600660066,0.19595709570957096,0.0,12.0,120000.0,0.0,0.0,6.0,0.0,0.68,1,88,0.0024752475247524753,-4.98,0.066006600660066,0.19595709570957096,0.0,12.0,120000.0,0.0,0.0,6.0,0.0,0.68,1
101.0,10641,0.066006600660066,0.19595709570957096,0.0,12.0,120000.0,0.0,0.0,4.0,0.0,0.68,1,88,0.0024752475247524753,-4.98,0.066006600660066,0.19595709570957096,0.0,12.0,120000.0,0.0,0.0,4.0,0.0,0.68,1
101.0,11543,0.066006600660066,0.19595709570957096,0.0,12.0,120000.0,0.0,0.0,2.0,0.0,0.68,1,88,0.0024752475247524753,-4.98,0.066006600660066,0.19595709570957096,0.0,12.0,120000.0,0.0,0.0,2.0,0.0,0.68,1
101.0,12437,0.066006600660066,0.19595709570957096,0.0,12.0,120000.0,0.0,0.0,4.0,0.0,0.68,2,3,0.0024752475247524753,-4.98,0.066006600660066,0.19595709570957096,0.0,12.0,120000.0,0.0,0.0,4.0,0.0,0.68,1
95.0,8371,0.07017543859649122,0.20833333333333331,12.5,12.0,120000.0,20000.0,7.0,1.0,0.0,0.68,1,2,0.0024752475247524753,0.769582916666667,0.06600005946605357,0.19593767653984656,0.0,12.0,120000.0,20000.0,6.0,1.0,0.0,0.68,0
102.0,911,0.065359477124183,0.1940359477124183,0.0,8.0,80000.0,20000.0,8.0,1.0,0.0,0.68,2,3,0.0024752475247524753,-4.98,0.065359477124183,0.1940359477124183,0.0,8.0,80000.0,20000.0,8.0,1.0,0.0,0.68,1
102.0,2275,0.065359477124183,0.1940359477124183,0.0,8.0,80000.0,0.0,0.0,5.0,0.0,0.68,2,3,0.0024752475247524753,-4.98,0.065359477124183,0.1940359477124183,0.0,8.0,80000.0,0.0,0.0,5.0,0.0,0.68,1
102.0,3799,0.065359477124183,0.1940359477124183,12.5,25.0,400000.0,20000.0,7.0,0.0,0.0,0.68,2,3,0.0024752475247524753,-4.98,0.065359477124183,0.1940359477124183,12.5,25.0,400000.0,20000.0,7.0,0.0,0.0,0.68,1
102.0,9742,0.065359477124183,0.1940359477124183,0.0,12.0,120000.0,0.0,0.0,3.0,0.0,0.68,2,92,0.0024752475247524753,-4.98,0.065359477124183,0.1940359477124183,0.0,12.0,120000.0,0.0,0.0,3.0,0.0,0.68,1
102.0,10182,0.065359477124183,0.1940359477124183,0.0,12.0,120000.0,0.0,0.0,2.0,0.0,0.68,2,92,0.0024752475247524753,-4.98,0.065359477124183,0.1940359477124183,0.0,12.0,120000.0,0.0,0.0,2.0,0.0,0.68,1
102.0,11076,0.065359477124183,0.1940359477124183,0.0,12.0,120000.0,0.0,0.0,4.0,0.0,0.68,2,9,0.0024752475247524753,-4.98,0.065359477124183,0.1940359477124183,0.0,12.0,120000.0,0.0,0.0,4.0,0.0,0.68,1
103.0,13,0.06472491909385113,0.19215210355987056,0.0,8.0,80000.0,20000.0,2.0,2.0,0.0,0.68,2,9,0.0024752475247524753,-4.98,0.06472491909385113,0.19215210355987056,0.0,8.0,80000.0,20000.0,2.0,2.0,0.0,0.68,1
103.0,457,0.06472491909385113,0.19215210355987056,0.0,8.0,80000.0,20000.0,6.0,4.0,0.0,0.68,3,78,0.0024752475247524753,-4.946000000000001,0.06472491909385113,0.19215210355987056,0.0,8.0,80000.0,20000.0,6.0,4.0,0.0,0.68,1
103.0,1820,0.06472491909385113,0.19215210355987056,0.0,8.0,80000.0,0.0,0.0,4.0,0.0,0.68,3,55,0.0024752475247524753,-4.946000000000001,0.06472491909385113,0.19215210355987056,0.0,8.0,80000.0,0.0,0.0,4.0,0.0,0.68,1
103.0,3062,0.06472491909385113,0.19215210355987056,0.0,25.0,400000.0,0.0,0.0,5.0,0.0,0.68,2,71,0.0024752475247524753,-4.98,0.06472491909385113,0.19215210355987056,0.0,25.0,400000.0,0.0,0.0,5.0,0.0,0.68,1
103.0,6133,0.06472491909385113,0.19215210355987056,12.5,12.0,120000.0,20000.0,6.0,3.0,0.0,0.68,3,9,0.0024752475247524753,-4.946000000000001,0.06472491909385113,0.19215210355987056,12.5,12.0,120000.0,20000.0,6.0,3.0,0.0,0.68,1
103.0,8375,0.06472491909385113,0.19215210355987056,0.0,12.0,120000.0,20000.0,6.0,1.0,0.0,0.68,3,9,0.0024752475247524753,-4.946000000000001,0.06472491909385113,0.19215210355987056,0.0,12.0,120000.0,20000.0,6.0,1.0,0.0,0.68,1
103.0,9293,0.06472491909385113,0.19215210355987056,0.0,12.0,120000.0,0.0,0.0,6.0,0.0,0.68,1,100,0.0024752475247524753,-4.98,0.06472491909385113,0.19215210355987056,0.0,12.0,120000.0,0.0,0.0,6.0,0.0,0.68,1
103.0,10642,0.06472491909385113,0.19215210355987056,0.0,12.0,120000.0,0.0,0.0,4.0,0.0,0.68,1,100,0.0024752475247524753,-4.98,0.06472491909385113,0.19215210355987056,0.0,12.0,120000.0,0.0,0.0,4.0,0.0,0.68,1
103.0,11544,0.06472491909385113,0.19215210355987056,0.0,12.0,120000.0,0.0,0.0,2.0,0.0,0.68,1,100,0.0024752475247524753,-4.98025,0.06472491909385113,0.19215210355987056,0.0,12.0,120000.0,0.0,0.0,2.0,0.0,0.68,1
103.0,12438,0.06472491909385113,0.19215210355987056,0.0,12.0,120000.0,0.0,0.0,4.0,0.0,0.68,1,100,0.0024752475247524753,-4.98,0.06472491909385113,0.19215210355987056,0.0,12.0,120000.0,0.0,0.0,4.0,0.0,0.68,1
104.0,912,0.0641025641025641,0.19030448717948717,0.0,8.0,80000.0,20000.0,8.0,1.0,0.0,0.68,2,3,0.0024752475247524753,-4.98,0.0641025641025641,0.19030448717948717,0.0,8.0,80000.0,20000.0,8.0,1.0,0.0,0.68,1
104.0,2276,0.0641025641025641,0.19030448717948717,0.0,8.0,80000.0,0.0,0.0,5.0,0.0,0.68,2,3,0.0024752475247524753,-4.98,0.0641025641025641,0.19030448717948717,0.0,8.0,80000.0,0.0,0.0,5.0,0.0,0.68,1
104.0,2705,0.0641025641025641,0.19030448717948717,12.5,25.0,400000.0,20000.0,4.0,4.0,0.0,0.68,2,98,0.0024752475247524753,-4.98,0.0641025641025641,0.19030448717948717,12.5,25.0,400000.0,20000.0,4.0,4.0,0.0,0.68,1
104.0,3437,0.0641025641025641,0.19030448717948717,12.5,25.0,400000.0,20000.0,7.0,2.0,0.0,0.68,2,98,0.0024752475247524753,-4.98,0.0641025641025641,0.19030448717948717,12.5,25.0,400000.0,20000.0,8.0,2.0,0.0,0.68,1
104.0,6585,0.0641025641025641,0.19030448717948717,12.5,12.0,120000.0,20000.0,5.0,5.0,0.0,0.68,3,61,0.0024752475247524753,-4.946000000000001,0.0641025641025641,0.19030448717948717,12.5,12.0,120000.0,20000.0,5.0,5.0,0.0,0.68,1
104.0,7497,0.0641025641025641,0.19030448717948717,25.0,12.0,120000.0,20000.0,4.0,5.0,0.0,0.68,3,61,0.0024752475247524753,-4.941,0.0641025641025641,0.19030448717948717,25.0,12.0,120000.0,20000.0,4.0,5.0,0.0,0.68,1
104.0,9743,0.0641025641025641,0.19030448717948717,0.0,12.0,120000.0,0.0,0.0,3.0,0.0,0.68,3,61,0.0024752475247524753,-4.946000000000001,0.0641025641025641,0.19030448717948717,0.0,12.0,120000.0,0.0,0.0,3.0,0.0,0.68,1
104.0,10183,0.0641025641025641,0.19030448717948717,0.0,12.0,120000.0,0.0,0.0,2.0,0.0,0.68,3,61,0.0024752475247524753,-4.946000000000001,0.0641025641025641,0.19030448717948717,0.0,12.0,120000.0,0.0,0.0,2.0,0.0,0.68,1
104.0,11077,0.0641025641025641,0.19030448717948717,0.0,12.0,120000.0,0.0,0.0,4.0,0.0,0.68,3,61,0.0024752475247524753,-4.946000000000001,0.0641025641025641,0.19030448717948717,0.0,12.0,120000.0,0.0,0.0,4.0,0.0,0.68,1
105.0,14,0.06349206349206349,0.1884920634920635,0.0,8.0,80000.0,20000.0,2.0,2.0,0.0,0.68,3,61,0.0024752475247524753,-4.946000000000001,0.06349206349206349,0.1884920634920635,0.0,8.0,80000.0,20000.0,2.0,2.0,0.0,0.68,1
105.0,1821,0.06349206349206349,0.1884920634920635,0.0,8.0,80000.0,0.0,0.0,4.0,0.0,0.68,3,61,0.0024752475247524753,-4.946000000000001,0.06349206349206349,0.1884920634920635,0.0,8.0,80000.0,0.0,0.0,4.0,0.0,0.68,1
105.0,9294,0.06349206349206349,0.1884920634920635,0.0,12.0,120000.0,0.0,0.0,6.0,0.0,0.68,2,3,0.0024752475247524753,-4.98,0.06349206349206349,0.1884920634920635,0.0,12.0,120000.0,0.0,0.0,6.0,0.0,0.68,1
105.0,10643,0.06349206349206349,0.1884920634920635,0.0,12.0,120000.0,0.0,0.0,4.0,0.0,0.68,2,3,0.0024752475247524753,-4.98,0.06349206349206349,0.1884920634920635,0.0,12.0,120000.0,0.0,0.0,4.0,0.0,0.68,1
105.0,12439,0.06349206349206349,0.1884920634920635,0.0,12.0,120000.0,0.0,0.0,4.0,0.0,0.68,2,19,0.0024752475247524753,-4.98,0.06349206349206349,0.1884920634920635,0.0,12.0,120000.0,0.0,0.0,4.0,0.0,0.68,1
99.0,6131,0.06734006734006734,0.19991582491582494,12.5,12.0,120000.0,20000.0,6.0,3.0,0.0,0.68,0,0,0.0024752475247524753,0.749332916666667,0.06348601115899967,0.18847409562828027,12.5,12.0,120000.0,20000.0,6.0,3.0,0.0,0.68,0
100.0,7495,0.06666666666666667,0.19791666666666669,0.0,12.0,120000.0,20000.0,2.0,5.0,0.0,0.68,0,0,0.0024752475247524753,0.74975,0.06289308176100629,0.1867138364779874,12.5,12.0,120000.0,20000.0,3.0,5.0,0.0,0.68,0
106.0,913,0.06289308176100629,0.1867138364779874,0.0,8.0,80000.0,20000.0,8.0,1.0,0.0,0.68,2,19,0.0024752475247524753,-4.98,0.06289308176100629,0.1867138364779874,0.0,8.0,80000.0,20000.0,10.0,1.0,0.0,0.68,1
106.0,2277,0.06289308176100629,0.1867138364779874,0.0,8.0,80000.0,0.0,0.0,5.0,0.0,0.68,2,19,0.0024752475247524753,-4.98,0.06289308176100629,0.1867138364779874,0.0,8.0,80000.0,0.0,0.0,5.0,0.0,0.68,1
106.0,3063,0.06289308176100629,0.1867138364779874,0.0,25.0,400000.0,0.0,0.0,5.0,0.0,0.68,2,19,0.0024752475247524753,-4.98,0.06289308176100629,0.1867138364779874,0.0,25.0,400000.0,0.0,0.0,5.0,0.0,0.68,1
106.0,6586,0.06289308176100629,0.1867138364779874,12.5,12.0,120000.0,20000.0,5.0,5.0,0.0,0.68,3,39,0.0024752475247524753,-4.946000000000001,0.06289308176100629,0.1867138364779874,12.5,12.0,120000.0,20000.0,5.0,5.0,0.0,0.68,1
106.0,7498,0.06289308176100629,0.1867138364779874,12.5,12.0,120000.0,20000.0,3.0,5.0,0.0,0.68,3,39,0.0024752475247524753,-4.946000000000001,0.06289308176100629,0.1867138364779874,12.5,12.0,120000.0,20000.0,3.0,5.0,0.0,0.68,1
106.0,9744,0.06289308176100629,0.1867138364779874,0.0,12.0,120000.0,0.0,0.0,3.0,0.0,0.68,1,4,0.0024752475247524753,-4.98,0.06289308176100629,0.1867138364779874,0.0,12.0,120000.0,0.0,0.0,3.0,0.0,0.68,1
106.0,10184,0.06289308176100629,0.1867138364779874,0.0,12.0,120000.0,0.0,0.0,2.0,0.0,0.68,1,4,0.0024752475247524753,-4.98,0.06289308176100629,0.1867138364779874,0.0,12.0,120000.0,0.0,0.0,2.0,0.0,0.68,1
106.0,11078,0.06289308176100629,0.1867138364779874,0.0,12.0,120000.0,0.0,0.0,4.0,0.0,0.68,2,41,0.0024752475247524753,-4.98,0.06289308176100629,0.1867138364779874,0.0,12.0,120000.0,0.0,0.0,4.0,0.0,0.68,1
86.0,4507,0.03875968992248062,0.2301356589147287,25.0,25.0,400000.0,20000.0,4.0,3.0,0.0,0.68,0,0,0.0024752475247524753,0.5995498000000001,0.06288714307890987,0.1866962060155137,12.5,25.0,400000.0,20000.0,3.0,3.0,0.0,0.68,0
107.0,15,0.06230529595015576,0.1849688473520249,0.0,8.0,80000.0,20000.0,2.0,2.0,0.0,0.68,2,41,0.0024752475247524753,-4.98,0.06230529595015576,0.1849688473520249,0.0,8.0,80000.0,20000.0,2.0,2.0,0.0,0.68,1
107.0,459,0.06230529595015576,0.1849688473520249,12.5,8.0,80000.0,20000.0,7.0,4.0,0.0,0.68,3,52,0.0024752475247524753,-4.946000000000001,0.06230529595015576,0.1849688473520249,12.5,8.0,80000.0,20000.0,7.0,4.0,0.0,0.68,1
107.0,1822,0.06230529595015576,0.1849688473520249,0.0,8.0,80000.0,0.0,0.0,4.0,0.0,0.68,3,52,0.0024752475247524753,-4.946000000000001,0.06230529595015576,0.1849688473520249,0.0,8.0,80000.0,0.0,0.0,4.0,0.0,0.68,1
107.0,2706,0.06230529595015576,0.1849688473520249,12.5,25.0,400000.0,20000.0,4.0,4.0,0.0,0.68,1,17,0.0024752475247524753,-4.98,0.06230529595015576,0.1849688473520249,12.5,25.0,400000.0,20000.0,4.0,4.0,0.0,0.68,1
107.0,3438,0.06230529595015576,0.1849688473520249,25.0,25.0,400000.0,20000.0,8.0,2.0,0.0,0.68,1,17,0.0024752475247524753,-4.975,0.06230529595015576,0.1849688473520249,25.0,25.0,400000.0,20000.0,8.0,2.0,0.0,0.68,1
107.0,3442,0.06230529595015576,0.1849688473520249,25.0,25.0,400000.0,20000.0,8.0,2.0,0.0,0.68,2,59,0.0024752475247524753,-4.975,0.06230529595015576,0.1849688473520249,25.0,25.0,400000.0,20000.0,8.0,2.0,0.0,0.68,1
107.0,4514,0.06230529595015576,0.1849688473520249,12.5,25.0,400000.0,20000.0,3.0,3.0,0.0,0.68,2,59,0.0024752475247524753,-4.98,0.06230529595015576,0.1849688473520249,12.5,25.0,400000.0,20000.0,3.0,3.0,0.0,0.68,1
107.0,10644,0.06230529595015576,0.1849688473520249,0.0,12.0,120000.0,0.0,0.0,4.0,0.0,0.68,1,59,0.0024752475247524753,-4.98,0.06230529595015576,0.1849688473520249,0.0,12.0,120000.0,0.0,0.0,4.0,0.0,0.68,1
107.0,12440,0.06230529595015576,0.1849688473520249,0.0,12.0,120000.0,0.0,0.0,4.0,0.0,0.68,1,59,0.0024752475247524753,-4.98,0.06230529595015576,0.1849688473520249,0.0,12.0,120000.0,0.0,0.0,4.0,0.0,0.68,1
102.0,6584,0.065359477124183,0.1940359477124183,0.0,12.0,120000.0,20000.0,4.0,5.0,0.0,0.68,0,0,0.0024752475247524753,0.75,0.06172839506172839,0.18325617283950618,0.0,12.0,120000.0,20000.0,4.0,5.0,0.0,0.68,0
108.0,2278,0.06172839506172839,0.18325617283950618,0.0,8.0,80000.0,0.0,0.0,5.0,0.0,0.68,1,59,0.0024752475247524753,-4.98,0.06172839506172839,0.18325617283950618,0.0,8.0,80000.0,0.0,0.0,5.0,0.0,0.68,1
108.0,6587,0.06172839506172839,0.18325617283950618,0.0,12.0,120000.0,20000.0,4.0,5.0,0.0,0.68,1,59,0.0024752475247524753,-4.98,0.06172839506172839,0.18325617283950618,0.0,12.0,120000.0,20000.0,4.0,5.0,0.0,0.68,1
108.0,10185,0.06172839506172839,0.18325617283950618,0.0,12.0,120000.0,0.0,0.0,2.0,0.0,0.68,3,59,0.0024752475247524753,-4.946000000000001,0.06172839506172839,0.18325617283950618,0.0,12.0,120000.0,0.0,0.0,2.0,0.0,0.68,1
108.0,11079,0.06172839506172839,0.18325617283950618,0.0,12.0,120000.0,0.0,0.0,4.0,0.0,0.68,2,31,0.0024752475247524753,-4.98,0.06172839506172839,0.18325617283950618,0.0,12.0,120000.0,0.0,0.0,4.0,0.0,0.68,1
102.0,7496,0.065359477124183,0.1940359477124183,12.5,12.0,120000.0,20000.0,3.0,5.0,0.0,0.68,0,0,0.0024752475247524753,0.749332916666667,0.06172267428423224,0.18323918928131444,12.5,12.0,120000.0,20000.0,3.0,5.0,0.0,0.68,0
105.0,458,0.06349206349206349,0.1884920634920635,0.0,8.0,80000.0,20000.0,6.0,4.0,0.0,0.68,0,0,0.0024752475247524753,0.75,0.06116207951070336,0.18157492354740062,0.0,8.0,80000.0,20000.0,6.0,4.0,0.0,0.68,0
109.0,16,0.06116207951070336,0.18157492354740062,0.0,8.0,80000.0,20000.0,2.0,2.0,0.0,0.68,2,31,0.0024752475247524753,-4.98,0.06116207951070336,0.18157492354740062,0.0,8.0,80000.0,20000.0,2.0,2.0,0.0,0.68,1
109.0,460,0.06116207951070336,0.18157492354740062,0.0,8.0,80000.0,20000.0,6.0,4.0,0.0,0.68,2,15,0.0024752475247524753,-4.98,0.06116207951070336,0.18157492354740062,0.0,8.0,80000.0,20000.0,6.0,4.0,0.0,0.68,1
109.0,925,0.06116207951070336,0.18157492354740062,12.5,8.0,80000.0,20000.0,11.0,1.0,0.0,0.68,2,15,0.0024752475247524753,-4.98,0.06116207951070336,0.18157492354740062,12.5,8.0,80000.0,20000.0,12.0,1.0,0.0,0.68,1
109.0,1823,0.06116207951070336,0.18157492354740062,0.0,8.0,80000.0,0.0,0.0,4.0,0.0,0.68,3,29,0.0024752475247524753,-4.946000000000001,0.06116207951070336,0.18157492354740062,0.0,8.0,80000.0,0.0,0.0,4.0,0.0,0.68,1
109.0,3064,0.06116207951070336,0.18157492354740062,0.0,25.0,400000.0,0.0,0.0,5.0,0.0,0.68,3,29,0.0024752475247524753,-4.946000000000001,0.06116207951070336,0.18157492354740062,0.0,25.0,400000.0,0.0,0.0,5.0,0.0,0.68,1
109.0,6136,0.06116207951070336,0.18157492354740062,25.0,12.0,120000.0,20000.0,7.0,3.0,0.0,0.68,1,89,0.0024752475247524753,-4.975,0.06116207951070336,0.18157492354740062,25.0,12.0,120000.0,20000.0,7.0,3.0,0.0,0.68,1
109.0,8378,0.06116207951070336,0.18157492354740062,25.0,12.0,120000.0,20000.0,8.0,1.0,0.0,0.68,1,89,0.0024752475247524753,-4.975249999999999,0.06116207951070336,0.18157492354740062,25.0,12.0,120000.0,20000.0,8.0,1.0,0.0,0.68,1
109.0,12441,0.06116207951070336,0.18157492354740062,0.0,12.0,120000.0,0.0,0.0,4.0,0.0,0.68,1,4,0.0024752475247524753,-4.98,0.06116207951070336,0.18157492354740062,0.0,12.0,120000.0,0.0,0.0,4.0,0.0,0.68,1
110.0,1375,0.06060606060606061,0.1799242424242424,0.0,8.0,80000.0,0.0,0.0,5.0,0.0,0.68,3,74,0.0024752475247524753,-4.946000000000001,0.06060606060606061,0.1799242424242424,0.0,8.0,80000.0,0.0,0.0,5.0,0.0,0.68,1
110.0,2279,0.06060606060606061,0.1799242424242424,0.0,8.0,80000.0,0.0,0.0,5.0,0.0,0.68,3,74,0.0024752475247524753,-4.946000000000001,0.06060606060606061,0.1799242424242424,0.0,8.0,80000.0,0.0,0.0,5.0,0.0,0.68,1
110.0,2707,0.06060606060606061,0.1799242424242424,12.5,25.0,400000.0,20000.0,4.0,4.0,0.0,0.68,2,86,0.0024752475247524753,-4.98,0.06060606060606061,0.1799242424242424,12.5,25.0,400000.0,20000.0,4.0,4.0,0.0,0.68,1
110.0,3439,0.06060606060606061,0.1799242424242424,25.0,25.0,400000.0,20000.0,8.0,2.0,0.0,0.68,2,86,0.0024752475247524753,-4.975,0.06060606060606061,0.1799242424242424,25.0,25.0,400000.0,20000.0,8.0,2.0,0.0,0.68,1
110.0,3443,0.06060606060606061,0.1799242424242424,25.0,25.0,400000.0,20000.0,8.0,2.0,0.0,0.68,2,68,0.0024752475247524753,-4.975,0.06060606060606061,0.1799242424242424,25.0,25.0,400000.0,20000.0,8.0,2.0,0.0,0.68,1
110.0,4515,0.06060606060606061,0.1799242424242424,12.5,25.0,400000.0,20000.0,3.0,3.0,0.0,0.68,2,68,0.0024752475247524753,-4.98,0.06060606060606061,0.1799242424242424,12.5,25.0,400000.0,20000.0,3.0,3.0,0.0,0.68,1
110.0,7500,0.06060606060606061,0.1799242424242424,12.5,12.0,120000.0,20000.0,3.0,5.0,0.0,0.68,2,85,0.0024752475247524753,-4.98,0.06060606060606061,0.1799242424242424,12.5,12.0,120000.0,20000.0,3.0,5.0,0.0,0.68,1
110.0,10186,0.06060606060606061,0.1799242424242424,0.0,12.0,120000.0,0.0,0.0,2.0,0.0,0.68,2,85,0.0024752475247524753,-4.98,0.06060606060606061,0.1799242424242424,0.0,12.0,120000.0,0.0,0.0,2.0,0.0,0.68,1
110.0,11080,0.06060606060606061,0.1799242424242424,0.0,12.0,120000.0,0.0,0.0,4.0,0.0,0.68,3,79,0.0024752475247524753,-4.946000000000001,0.06060606060606061,0.1799242424242424,0.0,12.0,120000.0,0.0,0.0,4.0,0.0,0.68,1
105.0,8376,0.06349206349206349,0.1884920634920635,0.0,12.0,120000.0,20000.0,6.0,1.0,0.0,0.68,0,0,0.0024752475247524753,0.74975,0.06006006006006006,0.1783033033033033,12.5,12.0,120000.0,20000.0,8.0,1.0,0.0,0.68,0
111.0,17,0.06006006006006006,0.1783033033033033,0.0,8.0,80000.0,20000.0,2.0,2.0,0.0,0.68,3,79,0.0024752475247524753,-4.946000000000001,0.06006006006006006,0.1783033033033033,0.0,8.0,80000.0,20000.0,2.0,2.0,0.0,0.68,1
111.0,926,0.06006006006006006,0.1783033033033033,25.0,8.0,80000.0,20000.0,13.0,1.0,0.0,0.68,1,36,0.0024752475247524753,-4.975249999999999,0.06006006006006006,0.1783033033033033,25.0,8.0,80000.0,20000.0,13.0,1.0,0.0,0.68,1
111.0,1824,0.06006006006006006,0.1783033033033033,0.0,8.0,80000.0,0.0,0.0,4.0,0.0,0.68,3,36,0.0024752475247524753,-4.946000000000001,0.06006006006006006,0.1783033033033033,0.0,8.0,80000.0,0.0,0.0,4.0,0.0,0.68,1
111.0,6137,0.06006006006006006,0.1783033033033033,25.0,12.0,120000.0,20000.0,7.0,3.0,0.0,0.68,3,36,0.0024752475247524753,-4.941,0.06006006006006006,0.1783033033033033,25.0,12.0,120000.0,20000.0,7.0,3.0,0.0,0.68,1
111.0,8379,0.06006006006006006,0.1783033033033033,12.5,12.0,120000.0,20000.0,8.0,1.0,0.0,0.68,2,46,0.0024752475247524753,-4.98,0.06006006006006006,0.1783033033033033,12.5,12.0,120000.0,20000.0,8.0,1.0,0.0,0.68,1
111.0,12442,0.06006006006006006,0.1783033033033033,0.0,12.0,120000.0,0.0,0.0,4.0,0.0,0.68,2,46,0.0024752475247524753,-4.98,0.06006006006006006,0.1783033033033033,0.0,12.0,120000.0,0.0,0.0,4.0,0.0,0.68,1
105.0,6134,0.06349206349206349,0.1884920634920635,12.5,12.0,120000.0,20000.0,6.0,3.0,0.0,0.68,0,0,0.0024752475247524753,0.749332916666667,0.060054644321414496,0.17828722532919927,12.5,12.0,120000.0,20000.0,6.0,3.0,0.0,0.68,0
108.0,914,0.06172839506172839,0.18325617283950618,0.0,8.0,80000.0,20000.0,10.0,1.0,0.0,0.68,1,59,0.0024752475247524753,0.76975,0.05952380952380953,0.17671130952380953,12.5,8.0,80000.0,20000.0,13.0,1.0,0.0,0.68,0
92.0,2701,0.07246376811594203,0.2151268115942029,0.0,25.0,400000.0,20000.0,3.0,4.0,0.0,0.68,0,0,0.0024752475247524753,0.6,0.05952380952380953,0.17671130952380953,0.0,25.0,400000.0,20000.0,3.0,4.0,0.0,0.68,0
112.0,1376,0.05952380952380953,0.17671130952380953,0.0,8.0,80000.0,0.0,0.0,5.0,0.0,0.68,2,46,0.0024752475247524753,-4.98,0.05952380952380953,0.17671130952380953,0.0,8.0,80000.0,0.0,0.0,5.0,0.0,0.68,1
112.0,2280,0.05952380952380953,0.17671130952380953,0.0,8.0,80000.0,0.0,0.0,5.0,0.0,0.68,1,59,0.0024752475247524753,-4.98,0.05952380952380953,0.17671130952380953,0.0,8.0,80000.0,0.0,0.0,5.0,0.0,0.68,1
112.0,3065,0.05952380952380953,0.17671130952380953,0.0,25.0,400000.0,0.0,0.0,5.0,0.0,0.68,1,59,0.0024752475247524753,-4.98,0.05952380952380953,0.17671130952380953,0.0,25.0,400000.0,0.0,0.0,5.0,0.0,0.68,1
112.0,5696,0.05952380952380953,0.17671130952380953,12.5,12.0,120000.0,20000.0,4.0,2.0,0.0,0.68,3,71,0.0024752475247524753,-4.946000000000001,0.05952380952380953,0.17671130952380953,12.5,12.0,120000.0,20000.0,4.0,2.0,0.0,0.68,1
112.0,6589,0.05952380952380953,0.17671130952380953,12.5,12.0,120000.0,20000.0,5.0,5.0,0.0,0.68,1,46,0.0024752475247524753,-4.98,0.05952380952380953,0.17671130952380953,12.5,12.0,120000.0,20000.0,5.0,5.0,0.0,0.68,1
112.0,10187,0.05952380952380953,0.17671130952380953,0.0,12.0,120000.0,0.0,0.0,2.0,0.0,0.68,2,91,0.0024752475247524753,-4.98,0.05952380952380953,0.17671130952380953,0.0,12.0,120000.0,0.0,0.0,2.0,0.0,0.68,1
112.0,11081,0.05952380952380953,0.17671130952380953,0.0,12.0,120000.0,0.0,0.0,4.0,0.0,0.68,2,91,0.0024752475247524753,-4.98,0.05952380952380953,0.17671130952380953,0.0,12.0,120000.0,0.0,0.0,4.0,0.0,0.68,1
113.0,462,0.058997050147492625,0.17514749262536872,12.5,8.0,80000.0,20000.0,7.0,4.0,0.0,0.68,1,3,0.0024752475247524753,-4.98,0.058997050147492625,0.17514749262536872,12.5,8.0,80000.0,20000.0,7.0,4.0,0.0,0.68,1
113.0,927,0.058997050147492625,0.17514749262536872,25.0,8.0,80000.0,20000.0,13.0,1.0,0.0,0.68,1,98,0.0024752475247524753,-4.975249999999999,0.058997050147492625,0.17514749262536872,25.0,8.0,80000.0,20000.0,13.0,1.0,0.0,0.68,1
113.0,2708,0.058997050147492625,0.17514749262536872,0.0,25.0,400000.0,20000.0,4.0,4.0,0.0,0.68,1,98,0.0024752475247524753,-4.98,0.058997050147492625,0.17514749262536872,0.0,25.0,400000.0,20000.0,4.0,4.0,0.0,0.68,1
113.0,3444,0.058997050147492625,0.17514749262536872,25.0,25.0,400000.0,20000.0,8.0,2.0,0.0,0.68,2,67,0.0024752475247524753,-4.975,0.058997050147492625,0.17514749262536872,25.0,25.0,400000.0,20000.0,8.0,2.0,0.0,0.68,1
113.0,4516,0.058997050147492625,0.17514749262536872,12.5,25.0,400000.0,20000.0,3.0,3.0,0.0,0.68,2,67,0.0024752475247524753,-4.98,0.058997050147492625,0.17514749262536872,12.5,25.0,400000.0,20000.0,3.0,3.0,0.0,0.68,1
113.0,6138,0.058997050147492625,0.17514749262536872,12.5,12.0,120000.0,20000.0,6.0,3.0,0.0,0.68,3,17,0.0024752475247524753,-4.946000000000001,0.058997050147492625,0.17514749262536872,12.5,12.0,120000.0,20000.0,6.0,3.0,0.0,0.68,1
113.0,7945,0.058997050147492625,0.17514749262536872,0.0,12.0,120000.0,20000.0,6.0,3.0,0.0,0.68,3,17,0.0024752475247524753,-4.946000000000001,0.058997050147492625,0.17514749262536872,0.0,12.0,120000.0,20000.0,6.0,3.0,0.0,0.68,1
113.0,8380,0.058997050147492625,0.17514749262536872,12.5,12.0,120000.0,20000.0,9.0,1.0,0.0,0.68,2,76,0.0024752475247524753,-4.98,0.058997050147492625,0.17514749262536872,12.5,12.0,120000.0,20000.0,9.0,1.0,0.0,0.68,1
113.0,12443,0.058997050147492625,0.17514749262536872,0.0,12.0,120000.0,0.0,0.0,4.0,0.0,0.68,2,76,0.0024752475247524753,-4.98,0.058997050147492625,0.17514749262536872,0.0,12.0,120000.0,0.0,0.0,4.0,0.0,0.68,1
107.0,6135,0.06230529595015576,0.1849688473520249,12.5,12.0,120000.0,20000.0,6.0,3.0,0.0,0.68,0,0,0.0024752475247524753,0.749582916666667,0.05899182441154254,0.17513197872176695,0.0,12.0,120000.0,20000.0,5.0,3.0,0.0,0.68,0
107.0,8377,0.06230529595015576,0.1849688473520249,12.5,12.0,120000.0,20000.0,7.0,1.0,0.0,0.68,0,0,0.0024752475247524753,0.749582916666667,0.05899182441154254,0.17513197872176695,0.0,12.0,120000.0,20000.0,8.0,1.0,0.0,0.68,0
114.0,917,0.058479532163742694,0.1736111111111111,25.0,8.0,80000.0,20000.0,13.0,1.0,0.0,0.68,2,41,0.0024752475247524753,-4.975,0.058479532163742694,0.1736111111111111,25.0,8.0,80000.0,20000.0,13.0,1.0,0.0,0.68,1
114.0,1377,0.058479532163742694,0.1736111111111111,0.0,8.0,80000.0,0.0,0.0,5.0,0.0,0.68,2,41,0.0024752475247524753,-4.98,0.058479532163742694,0.1736111111111111,0.0,8.0,80000.0,0.0,0.0,5.0,0.0,0.68,1
114.0,2281,0.058479532163742694,0.1736111111111111,0.0,8.0,80000.0,0.0,0.0,5.0,0.0,0.68,3,88,0.0024752475247524753,-4.946000000000001,0.058479532163742694,0.1736111111111111,0.0,8.0,80000.0,0.0,0.0,5.0,0.0,0.68,1
114.0,5697,0.058479532163742694,0.1736111111111111,12.5,12.0,120000.0,20000.0,4.0,2.0,0.0,0.68,3,88,0.0024752475247524753,-4.946000000000001,0.058479532163742694,0.1736111111111111,12.5,12.0,120000.0,20000.0,4.0,2.0,0.0,0.68,1
114.0,6590,0.058479532163742694,0.1736111111111111,12.5,12.0,120000.0,20000.0,5.0,5.0,0.0,0.68,1,85,0.0024752475247524753,-4.98,0.058479532163742694,0.1736111111111111,12.5,12.0,120000.0,20000.0,5.0,5.0,0.0,0.68,1
114.0,7502,0.058479532163742694,0.1736111111111111,25.0,12.0,120000.0,20000.0,4.0,5.0,0.0,0.68,1,85,0.0024752475247524753,-4.975,0.058479532163742694,0.1736111111111111,25.0,12.0,120000.0,20000.0,4.0,5.0,0.0,0.68,1
114.0,10188,0.058479532163742694,0.1736111111111111,0.0,12.0,120000.0,0.0,0.0,2.0,0.0,0.68,2,82,0.0024752475247524753,-4.98,0.058479532163742694,0.1736111111111111,0.0,12.0,120000.0,0.0,0.0,2.0,0.0,0.68,1
114.0,11082,0.058479532163742694,0.1736111111111111,0.0,12.0,120000.0,0.0,0.0,4.0,0.0,0.68,2,82,0.0024752475247524753,-4.98,0.058479532163742694,0.1736111111111111,0.0,12.0,120000.0,0.0,0.0,4.0,0.0,0.68,1
110.0,915,0.06060606060606061,0.1799242424242424,12.5,8.0,80000.0,20000.0,12.0,1.0,0.0,0.68,0,0,0.0024752475247524753,0.7491243750000004,0.05847439770127787,0.17359586817566866,12.5,8.0,80000.0,20000.0,12.0,1.0,0.0,0.68,0
108.0,7499,0.06172839506172839,0.18325617283950618,12.5,12.0,120000.0,20000.0,3.0,5.0,0.0,0.68,0,0,0.0024752475247524753,0.749332916666667,0.05847439770127787,0.17359586817566866,12.5,12.0,120000.0,20000.0,3.0,5.0,0.0,0.68,0
111.0,461,0.06006006006006006,0.1783033033033033,0.0,8.0,80000.0,20000.0,6.0,4.0,0.0,0.68,1,36,0.0024752475247524753,0.77,0.057971014492753624,0.17210144927536233,0.0,8.0,80000.0,20000.0,6.0,4.0,0.0,0.68,0
95.0,3434,0.07017543859649122,0.20833333333333331,0.0,25.0,400000.0,20000.0,4.0,2.0,0.0,0.68,1,11,0.0024752475247524753,0.61975,0.057971014492753624,0.17210144927536233,12.5,25.0,400000.0,20000.0,7.0,2.0,0.0,0.68,0
115.0,19,0.057971014492753624,0.17210144927536233,12.5,8.0,80000.0,20000.0,3.0,2.0,0.0,0.68,1,99,0.0024752475247524753,-4.98,0.057971014492753624,0.17210144927536233,12.5,8.0,80000.0,20000.0,3.0,2.0,0.0,0.68,1
115.0,463,0.057971014492753624,0.17210144927536233,0.0,8.0,80000.0,20000.0,6.0,4.0,0.0,0.68,1,99,0.0024752475247524753,-4.98,0.057971014492753624,0.17210144927536233,0.0,8.0,80000.0,20000.0,6.0,4.0,0.0,0.68,1
115.0,928,0.057971014492753624,0.17210144927536233,12.5,8.0,80000.0,20000.0,12.0,1.0,0.0,0.68,2,64,0.0024752475247524753,-4.98,0.057971014492753624,0.17210144927536233,12.5,8.0,80000.0,20000.0,12.0,1.0,0.0,0.68,1
115.0,3066,0.057971014492753624,0.17210144927536233,0.0,25.0,400000.0,0.0,0.0,5.0,0.0,0.68,2,64,0.0024752475247524753,-4.98,0.057971014492753624,0.17210144927536233,0.0,25.0,400000.0,0.0,0.0,5.0,0.0,0.68,1
115.0,6139,0.057971014492753624,0.17210144927536233,0.0,12.0,120000.0,20000.0,5.0,3.0,0.0,0.68,3,2,0.0024752475247524753,-4.946000000000001,0.057971014492753624,0.17210144927536233,0.0,12.0,120000.0,20000.0,5.0,3.0,0.0,0.68,1
115.0,7946,0.057971014492753624,0.17210144927536233,0.0,12.0,120000.0,20000.0,6.0,3.0,0.0,0.68,3,2,0.0024752475247524753,-4.946000000000001,0.057971014492753624,0.17210144927536233,0.0,12.0,120000.0,20000.0,6.0,3.0,0.0,0.68,1
115.0,8381,0.057971014492753624,0.17210144927536233,0.0,12.0,120000.0,20000.0,8.0,1.0,0.0,0.68,2,87,0.0024752475247524753,-4.98,0.057971014492753624,0.17210144927536233,0.0,12.0,120000.0,20000.0,8.0,1.0,0.0,0.68,1
115.0,11545,0.057971014492753624,0.17210144927536233,0.0,12.0,120000.0,0.0,0.0,2.0,0.0,0.68,2,87,0.0024752475247524753,-4.98,0.057971014492753624,0.17210144927536233,0.0,12.0,120000.0,0.0,0.0,2.0,0.0,0.68,1
115.0,12444,0.057971014492753624,0.17210144927536233,0.0,12.0,120000.0,0.0,0.0,4.0,0.0,0.68,2,6,0.0024752475247524753,-4.98,0.057971014492753624,0.17210144927536233,0.0,12.0,120000.0,0.0,0.0,4.0,0.0,0.68,1
110.0,5695,0.06060606060606061,0.1799242424242424,0.0,12.0,120000.0,20000.0,3.0,2.0,0.0,0.68,0,0,0.0024752475247524753,0.75,0.05747126436781609,0.17061781609195403,0.0,12.0,120000.0,20000.0,4.0,2.0,0.0,0.68,0
110.0,6588,0.06060606060606061,0.1799242424242424,0.0,12.0,120000.0,20000.0,4.0,5.0,0.0,0.68,0,0,0.0024752475247524753,0.75,0.05747126436781609,0.17061781609195403,0.0,12.0,120000.0,20000.0,5.0,5.0,0.0,0.68,0
116.0,918,0.05747126436781609,0.17061781609195403,12.5,8.0,80000.0,20000.0,12.0,1.0,0.0,0.68,2,6,0.0024752475247524753,-4.98,0.05747126436781609,0.17061781609195403,12.5,8.0,80000.0,20000.0,12.0,1.0,0.0,0.68,1
116.0,1378,0.05747126436781609,0.17061781609195403,0.0,8.0,80000.0,0.0,0.0,5.0,0.0,0.68,2,14,0.0024752475247524753,-4.98,0.05747126436781609,0.17061781609195403,0.0,8.0,80000.0,0.0,0.0,5.0,0.0,0.68,1
116.0,2282,0.05747126436781609,0.17061781609195403,0.0,8.0,80000.0,0.0,0.0,5.0,0.0,0.68,2,14,0.0024752475247524753,-4.98,0.05747126436781609,0.17061781609195403,0.0,8.0,80000.0,0.0,0.0,5.0,0.0,0.68,1
116.0,2709,0.05747126436781609,0.17061781609195403,0.0,25.0,400000.0,20000.0,5.0,4.0,0.0,0.68,1,87,0.0024752475247524753,-4.98,0.05747126436781609,0.17061781609195403,0.0,25.0,400000.0,20000.0,5.0,4.0,0.0,0.68,1
116.0,3445,0.05747126436781609,0.17061781609195403,12.5,25.0,400000.0,20000.0,7.0,2.0,0.0,0.68,1,87,0.0024752475247524753,-4.98,0.05747126436781609,0.17061781609195403,12.5,25.0,400000.0,20000.0,7.0,2.0,0.0,0.68,1
116.0,4160,0.05747126436781609,0.17061781609195403,0.0,25.0,400000.0,0.0,0.0,1.0,0.0,0.68,1,45,0.0024752475247524753,-4.98025,0.05747126436781609,0.17061781609195403,0.0,25.0,400000.0,0.0,0.0,1.0,0.0,0.68,1
116.0,4517,0.05747126436781609,0.17061781609195403,12.5,25.0,400000.0,20000.0,3.0,3.0,0.0,0.68,1,45,0.0024752475247524753,-4.98,0.05747126436781609,0.17061781609195403,12.5,25.0,400000.0,20000.0,3.0,3.0,0.0,0.68,1
116.0,7045,0.05747126436781609,0.17061781609195403,0.0,12.0,120000.0,20000.0,4.0,4.0,0.0,0.68,2,32,0.0024752475247524753,-4.98,0.05747126436781609,0.17061781609195403,0.0,12.0,120000.0,20000.0,4.0,4.0,0.0,0.68,1
116.0,7503,0.05747126436781609,0.17061781609195403,12.5,12.0,120000.0,20000.0,3.0,5.0,0.0,0.68,2,32,0.0024752475247524753,-4.98,0.05747126436781609,0.17061781609195403,12.5,12.0,120000.0,20000.0,3.0,5.0,0.0,0.68,1
116.0,10189,0.05747126436781609,0.17061781609195403,0.0,12.0,120000.0,0.0,0.0,2.0,0.0,0.68,2,36,0.0024752475247524753,-4.98,0.05747126436781609,0.17061781609195403,0.0,12.0,120000.0,0.0,0.0,2.0,0.0,0.68,1
116.0,11083,0.05747126436781609,0.17061781609195403,0.0,12.0,120000.0,0.0,0.0,4.0,0.0,0.68,2,36,0.0024752475247524753,-4.98,0.05747126436781609,0.17061781609195403,0.0,12.0,120000.0,0.0,0.0,4.0,0.0,0.68,1
112.0,916,0.05952380952380953,0.17671130952380953,12.5,8.0,80000.0,20000.0,12.0,1.0,0.0,0.68,0,0,0.0024752475247524753,0.7493743750000004,0.057466305421977525,0.17060309422149578,0.0,8.0,80000.0,20000.0,11.0,1.0,0.0,0.68,0
113.0,18,0.058997050147492625,0.17514749262536872,0.0,8.0,80000.0,20000.0,2.0,2.0,0.0,0.68,1,3,0.0024752475247524753,0.77,0.056980056980056974,0.16915954415954415,0.0,8.0,80000.0,20000.0,2.0,2.0,0.0,0.68,0
117.0,20,0.056980056980056974,0.16915954415954415,0.0,8.0,80000.0,20000.0,2.0,2.0,0.0,0.68,3,18,0.0024752475247524753,-4.946000000000001,0.056980056980056974,0.16915954415954415,0.0,8.0,80000.0,20000.0,2.0,2.0,0.0,0.68,1
117.0,4520,0.056980056980056974,0.16915954415954415,12.5,25.0,400000.0,20000.0,3.0,3.0,0.0,0.68,1,89,0.0024752475247524753,-4.98,0.056980056980056974,0.16915954415954415,12.5,25.0,400000.0,20000.0,3.0,3.0,0.0,0.68,1
117.0,6140,0.056980056980056974,0.16915954415954415,0.0,12.0,120000.0,20000.0,7.0,3.0,0.0,0.68,1,89,0.0024752475247524753,-4.98,0.056980056980056974,0.16915954415954415,0.0,12.0,120000.0,20000.0,7.0,3.0,0.0,0.68,1
117.0,7947,0.056980056980056974,0.16915954415954415,0.0,12.0,120000.0,20000.0,6.0,3.0,0.0,0.68,3,75,0.0024752475247524753,-4.946000000000001,0.056980056980056974,0.16915954415954415,0.0,12.0,120000.0,20000.0,6.0,3.0,0.0,0.68,1
117.0,8382,0.056980056980056974,0.16915954415954415,0.0,12.0,120000.0,20000.0,8.0,1.0,0.0,0.68,3,75,0.0024752475247524753,-4.946000000000001,0.056980056980056974,0.16915954415954415,0.0,12.0,120000.0,20000.0,8.0,1.0,0.0,0.68,1
117.0,11546,0.056980056980056974,0.16915954415954415,0.0,12.0,120000.0,0.0,0.0,2.0,0.0,0.68,3,75,0.0024752475247524753,-4.946000000000001,0.056980056980056974,0.16915954415954415,0.0,12.0,120000.0,0.0,0.0,2.0,0.0,0.68,1
118.0,475,0.05649717514124294,0.167725988700565,12.5,8.0,80000.0,20000.0,8.0,4.0,0.0,0.68,3,75,0.0024752475247524753,-4.946000000000001,0.05649717514124294,0.167725988700565,12.5,8.0,80000.0,20000.0,8.0,4.0,0.0,0.68,1
118.0,919,0.05649717514124294,0.167725988700565,12.5,8.0,80000.0,20000.0,12.0,1.0,0.0,0.68,2,76,0.0024752475247524753,-4.98,0.05649717514124294,0.167725988700565,12.5,8.0,80000.0,20000.0,12.0,1.0,0.0,0.68,1
118.0,1379,0.05649717514124294,0.167725988700565,0.0,8.0,80000.0,0.0,0.0,5.0,0.0,0.68,2,76,0.0024752475247524753,-4.98,0.05649717514124294,0.167725988700565,0.0,8.0,80000.0,0.0,0.0,5.0,0.0,0.68,1
118.0,2283,0.05649717514124294,0.167725988700565,0.0,8.0,80000.0,0.0,0.0,5.0,0.0,0.68,2,28,0.0024752475247524753,-4.98,0.05649717514124294,0.167725988700565,0.0,8.0,80000.0,0.0,0.0,5.0,0.0,0.68,1
118.0,3067,0.05649717514124294,0.167725988700565,0.0,25.0,400000.0,0.0,0.0,5.0,0.0,0.68,2,28,0.0024752475247524753,-4.98,0.05649717514124294,0.167725988700565,0.0,25.0,400000.0,0.0,0.0,5.0,0.0,0.68,1
118.0,10190,0.05649717514124294,0.167725988700565,0.0,12.0,120000.0,0.0,0.0,2.0,0.0,0.68,1,72,0.0024752475247524753,-4.98,0.05649717514124294,0.167725988700565,0.0,12.0,120000.0,0.0,0.0,2.0,0.0,0.68,1
118.0,11084,0.05649717514124294,0.167725988700565,0.0,12.0,120000.0,0.0,0.0,4.0,0.0,0.68,1,72,0.0024752475247524753,-4.98,0.05649717514124294,0.167725988700565,0.0,12.0,120000.0,0.0,0.0,4.0,0.0,0.68,1
112.0,7501,0.05952380952380953,0.17671130952380953,12.5,12.0,120000.0,20000.0,3.0,5.0,0.0,0.68,0,0,0.0024752475247524753,0.749332916666667,0.05649238286367967,0.16771176162654902,12.5,12.0,120000.0,20000.0,3.0,5.0,0.0,0.68,0
99.0,3798,0.06734006734006734,0.19991582491582494,0.0,25.0,400000.0,20000.0,6.0,0.0,0.0,0.68,0,0,0.0024752475247524753,0.6,0.05602240896358543,0.16631652661064428,0.0,25.0,400000.0,20000.0,7.0,0.0,0.0,0.68,0
119.0,21,0.05602240896358543,0.16631652661064428,0.0,8.0,80000.0,20000.0,2.0,2.0,0.0,0.68,2,34,0.0024752475247524753,-4.98,0.05602240896358543,0.16631652661064428,0.0,8.0,80000.0,20000.0,2.0,2.0,0.0,0.68,1
119.0,465,0.05602240896358543,0.16631652661064428,12.5,8.0,80000.0,20000.0,8.0,4.0,0.0,0.68,2,34,0.0024752475247524753,-4.98,0.05602240896358543,0.16631652661064428,12.5,8.0,80000.0,20000.0,8.0,4.0,0.0,0.68,1
119.0,930,0.05602240896358543,0.16631652661064428,12.5,8.0,80000.0,20000.0,12.0,1.0,0.0,0.68,3,1,0.0024752475247524753,-4.946000000000001,0.05602240896358543,0.16631652661064428,12.5,8.0,80000.0,20000.0,12.0,1.0,0.0,0.68,1
119.0,2710,0.05602240896358543,0.16631652661064428,0.0,25.0,400000.0,20000.0,5.0,4.0,0.0,0.68,3,1,0.0024752475247524753,-4.946000000000001,0.05602240896358543,0.16631652661064428,0.0,25.0,400000.0,20000.0,5.0,4.0,0.0,0.68,1
119.0,2720,0.05602240896358543,0.16631652661064428,0.0,25.0,400000.0,20000.0,5.0,4.0,0.0,0.68,1,17,0.0024752475247524753,-4.98,0.05602240896358543,0.16631652661064428,0.0,25.0,400000.0,20000.0,5.0,4.0,0.0,0.68,1
119.0,3446,0.05602240896358543,0.16631652661064428,12.5,25.0,400000.0,20000.0,7.0,2.0,0.0,0.68,1,17,0.0024752475247524753,-4.98,0.05602240896358543,0.16631652661064428,12.5,25.0,400000.0,20000.0,7.0,2.0,0.0,0.68,1
119.0,4161,0.05602240896358543,0.16631652661064428,0.0,25.0,400000.0,0.0,0.0,1.0,0.0,0.68,3,16,0.0024752475247524753,-4.946000000000001,0.05602240896358543,0.16631652661064428,0.0,25.0,400000.0,0.0,0.0,1.0,0.0,0.68,1
119.0,4518,0.05602240896358543,0.16631652661064428,12.5,25.0,400000.0,20000.0,3.0,3.0,0.0,0.68,3,16,0.0024752475247524753,-4.946000000000001,0.05602240896358543,0.16631652661064428,12.5,25.0,400000.0,20000.0,3.0,3.0,0.0,0.68,1
119.0,6141,0.05602240896358543,0.16631652661064428,0.0,12.0,120000.0,20000.0,7.0,3.0,0.0,0.68,3,22,0.0024752475247524753,-4.946000000000001,0.05602240896358543,0.16631652661064428,0.0,12.0,120000.0,20000.0,7.0,3.0,0.0,0.68,1
119.0,7948,0.05602240896358543,0.16631652661064428,0.0,12.0,120000.0,20000.0,6.0,3.0,0.0,0.68,3,22,0.0024752475247524753,-4.946000000000001,0.05602240896358543,0.16631652661064428,0.0,12.0,120000.0,20000.0,6.0,3.0,0.0,0.68,1
119.0,11547,0.05602240896358543,0.16631652661064428,0.0,12.0,120000.0,0.0,0.0,2.0,0.0,0.68,3,93,0.0024752475247524753,-4.946000000000001,0.05602240896358543,0.16631652661064428,0.0,12.0,120000.0,0.0,0.0,2.0,0.0,0.68,1
120.0,476,0.05555555555555555,0.16493055555555555,12.5,8.0,80000.0,20000.0,8.0,4.0,0.0,0.68,3,93,0.0024752475247524753,-4.946000000000001,0.05555555555555555,0.16493055555555555,12.5,8.0,80000.0,20000.0,8.0,4.0,0.0,0.68,1
120.0,920,0.05555555555555555,0.16493055555555555,12.5,8.0,80000.0,20000.0,12.0,1.0,0.0,0.68,3,14,0.0024752475247524753,-4.946000000000001,0.05555555555555555,0.16493055555555555,12.5,8.0,80000.0,20000.0,13.0,1.0,0.0,0.68,1
120.0,1380,0.05555555555555555,0.16493055555555555,0.0,8.0,80000.0,0.0,0.0,5.0,0.0,0.68,3,14,0.0024752475247524753,-4.946000000000001,0.05555555555555555,0.16493055555555555,0.0,8.0,80000.0,0.0,0.0,5.0,0.0,0.68,1
120.0,2284,0.05555555555555555,0.16493055555555555,0.0,8.0,80000.0,0.0,0.0,5.0,0.0,0.68,1,88,0.0024752475247524753,-4.98,0.05555555555555555,0.16493055555555555,0.0,8.0,80000.0,0.0,0.0,5.0,0.0,0.68,1
120.0,4521,0.05555555555555555,0.16493055555555555,12.5,25.0,400000.0,20000.0,3.0,3.0,0.0,0.68,1,88,0.0024752475247524753,-4.98,0.05555555555555555,0.16493055555555555,12.5,25.0,400000.0,20000.0,3.0,3.0,0.0,0.68,1
120.0,7047,0.05555555555555555,0.16493055555555555,12.5,12.0,120000.0,20000.0,5.0,4.0,0.0,0.68,1,75,0.0024752475247524753,-4.98,0.05555555555555555,0.16493055555555555,12.5,12.0,120000.0,20000.0,5.0,4.0,0.0,0.68,1
120.0,7505,0.05555555555555555,0.16493055555555555,12.5,12.0,120000.0,20000.0,3.0,5.0,0.0,0.68,1,75,0.0024752475247524753,-4.98,0.05555555555555555,0.16493055555555555,12.5,12.0,120000.0,20000.0,3.0,5.0,0.0,0.68,1
120.0,9745,0.05555555555555555,0.16493055555555555,0.0,12.0,120000.0,0.0,0.0,3.0,0.0,0.68,1,38,0.0024752475247524753,-4.98,0.05555555555555555,0.16493055555555555,0.0,12.0,120000.0,0.0,0.0,3.0,0.0,0.68,1
120.0,10191,0.05555555555555555,0.16493055555555555,0.0,12.0,120000.0,0.0,0.0,2.0,0.0,0.68,1,38,0.0024752475247524753,-4.98025,0.05555555555555555,0.16493055555555555,0.0,12.0,120000.0,0.0,0.0,2.0,0.0,0.68,1
120.0,11085,0.05555555555555555,0.16493055555555555,0.0,12.0,120000.0,0.0,0.0,4.0,0.0,0.68,1,56,0.0024752475247524753,-4.98,0.05555555555555555,0.16493055555555555,0.0,12.0,120000.0,0.0,0.0,4.0,0.0,0.68,1
117.0,464,0.056980056980056974,0.16915954415954415,0.0,8.0,80000.0,20000.0,6.0,4.0,0.0,0.68,0,0,0.0024752475247524753,0.75,0.055096418732782364,0.16356749311294766,0.0,8.0,80000.0,20000.0,8.0,4.0,0.0,0.68,0
117.0,929,0.056980056980056974,0.16915954415954415,0.0,8.0,80000.0,20000.0,11.0,1.0,0.0,0.68,0,0,0.0024752475247524753,0.75,0.055096418732782364,0.16356749311294766,0.0,8.0,80000.0,20000.0,15.0,1.0,0.0,0.68,0
121.0,3068,0.055096418732782364,0.16356749311294766,0.0,25.0,400000.0,0.0,0.0,5.0,0.0,0.68,2,56,0.0024752475247524753,-4.98,0.055096418732782364,0.16356749311294766,0.0,25.0,400000.0,0.0,0.0,5.0,0.0,0.68,1
121.0,6142,0.055096418732782364,0.16356749311294766,0.0,12.0,120000.0,20000.0,9.0,3.0,0.0,0.68,2,14,0.0024752475247524753,-4.98,0.055096418732782364,0.16356749311294766,0.0,12.0,120000.0,20000.0,9.0,3.0,0.0,0.68,1
121.0,7949,0.055096418732782364,0.16356749311294766,0.0,12.0,120000.0,20000.0,6.0,3.0,0.0,0.68,2,14,0.0024752475247524753,-4.98,0.055096418732782364,0.16356749311294766,0.0,12.0,120000.0,20000.0,6.0,3.0,0.0,0.68,1
121.0,8384,0.055096418732782364,0.16356749311294766,25.0,12.0,120000.0,20000.0,11.0,1.0,0.0,0.68,1,87,0.0024752475247524753,-4.975,0.055096418732782364,0.16356749311294766,25.0,12.0,120000.0,20000.0,11.0,1.0,0.0,0.68,1
121.0,8396,0.055096418732782364,0.16356749311294766,25.0,12.0,120000.0,20000.0,11.0,1.0,0.0,0.68,1,87,0.0024752475247524753,-4.975,0.055096418732782364,0.16356749311294766,25.0,12.0,120000.0,20000.0,11.0,1.0,0.0,0.68,1
121.0,11548,0.055096418732782364,0.16356749311294766,0.0,12.0,120000.0,0.0,0.0,2.0,0.0,0.68,2,92,0.0024752475247524753,-4.98,0.055096418732782364,0.16356749311294766,0.0,12.0,120000.0,0.0,0.0,2.0,0.0,0.68,1
122.0,477,0.0546448087431694,0.16222677595628415,12.5,8.0,80000.0,20000.0,8.0,4.0,0.0,0.68,2,92,0.0024752475247524753,-4.98,0.0546448087431694,0.16222677595628415,12.5,8.0,80000.0,20000.0,8.0,4.0,0.0,0.68,1
122.0,1381,0.0546448087431694,0.16222677595628415,0.0,8.0,80000.0,0.0,0.0,5.0,0.0,0.68,1,12,0.0024752475247524753,-4.98,0.0546448087431694,0.16222677595628415,0.0,8.0,80000.0,0.0,0.0,5.0,0.0,0.68,1
122.0,2285,0.0546448087431694,0.16222677595628415,0.0,8.0,80000.0,0.0,0.0,5.0,0.0,0.68,2,62,0.0024752475247524753,-4.98,0.0546448087431694,0.16222677595628415,0.0,8.0,80000.0,0.0,0.0,5.0,0.0,0.68,1
122.0,2711,0.0546448087431694,0.16222677595628415,0.0,25.0,400000.0,20000.0,5.0,4.0,0.0,0.68,2,62,0.0024752475247524753,-4.98,0.0546448087431694,0.16222677595628415,0.0,25.0,400000.0,20000.0,5.0,4.0,0.0,0.68,1
122.0,2721,0.0546448087431694,0.16222677595628415,0.0,25.0,400000.0,20000.0,5.0,4.0,0.0,0.68,2,55,0.0024752475247524753,-4.98,0.0546448087431694,0.16222677595628415,0.0,25.0,400000.0,20000.0,5.0,4.0,0.0,0.68,1
122.0,3447,0.0546448087431694,0.16222677595628415,12.5,25.0,400000.0,20000.0,7.0,2.0,0.0,0.68,2,55,0.0024752475247524753,-4.98,0.0546448087431694,0.16222677595628415,12.5,25.0,400000.0,20000.0,7.0,2.0,0.0,0.68,1
122.0,4162,0.0546448087431694,0.16222677595628415,0.0,25.0,400000.0,0.0,0.0,1.0,0.0,0.68,2,55,0.0024752475247524753,-4.98,0.0546448087431694,0.16222677595628415,0.0,25.0,400000.0,0.0,0.0,1.0,0.0,0.68,1
122.0,6594,0.0546448087431694,0.16222677595628415,37.5,12.0,120000.0,20000.0,7.0,5.0,0.0,0.68,2,56,0.0024752475247524753,-4.9625,0.0546448087431694,0.16222677595628415,37.5,12.0,120000.0,20000.0,7.0,5.0,0.0,0.68,1
122.0,7048,0.0546448087431694,0.16222677595628415,12.5,12.0,120000.0,20000.0,5.0,4.0,0.0,0.68,2,56,0.0024752475247524753,-4.98,0.0546448087431694,0.16222677595628415,12.5,12.0,120000.0,20000.0,5.0,4.0,0.0,0.68,1
122.0,9746,0.0546448087431694,0.16222677595628415,0.0,12.0,120000.0,0.0,0.0,3.0,0.0,0.68,3,56,0.0024752475247524753,-4.946000000000001,0.0546448087431694,0.16222677595628415,0.0,12.0,120000.0,0.0,0.0,3.0,0.0,0.68,1
122.0,10192,0.0546448087431694,0.16222677595628415,0.0,12.0,120000.0,0.0,0.0,2.0,0.0,0.68,1,46,0.0024752475247524753,-4.98025,0.0546448087431694,0.16222677595628415,0.0,12.0,120000.0,0.0,0.0,2.0,0.0,0.68,1
122.0,11086,0.0546448087431694,0.16222677595628415,0.0,12.0,120000.0,0.0,0.0,4.0,0.0,0.68,1,46,0.0024752475247524753,-4.98,0.0546448087431694,0.16222677595628415,0.0,12.0,120000.0,0.0,0.0,4.0,0.0,0.68,1
116.0,5698,0.05747126436781609,0.17061781609195403,0.0,12.0,120000.0,20000.0,3.0,2.0,0.0,0.68,0,0,0.0024752475247524753,0.748832916666667,0.054640325549245236,0.1622134664743218,37.5,12.0,120000.0,20000.0,6.0,2.0,0.0,0.68,0
116.0,6591,0.05747126436781609,0.17061781609195403,0.0,12.0,120000.0,20000.0,4.0,5.0,0.0,0.68,0,0,0.0024752475247524753,0.749082916666667,0.054640325549245236,0.1622134664743218,25.0,12.0,120000.0,20000.0,6.0,5.0,0.0,0.68,0
123.0,932,0.05420054200542006,0.1609078590785908,25.0,8.0,80000.0,20000.0,17.0,1.0,0.0,0.68,3,2,0.0024752475247524753,-4.941,0.05420054200542006,0.1609078590785908,25.0,8.0,80000.0,20000.0,17.0,1.0,0.0,0.68,1
123.0,4522,0.05420054200542006,0.1609078590785908,25.0,25.0,400000.0,20000.0,4.0,3.0,0.0,0.68,3,2,0.0024752475247524753,-4.941,0.05420054200542006,0.1609078590785908,25.0,25.0,400000.0,20000.0,4.0,3.0,0.0,0.68,1
123.0,6143,0.05420054200542006,0.1609078590785908,0.0,12.0,120000.0,20000.0,9.0,3.0,0.0,0.68,3,40,0.0024752475247524753,-4.946000000000001,0.05420054200542006,0.1609078590785908,0.0,12.0,120000.0,20000.0,9.0,3.0,0.0,0.68,1
123.0,7950,0.05420054200542006,0.1609078590785908,0.0,12.0,120000.0,20000.0,6.0,3.0,0.0,0.68,3,40,0.0024752475247524753,-4.946000000000001,0.05420054200542006,0.1609078590785908,0.0,12.0,120000.0,20000.0,6.0,3.0,0.0,0.68,1
123.0,8385,0.05420054200542006,0.1609078590785908,25.0,12.0,120000.0,20000.0,11.0,1.0,0.0,0.68,3,37,0.0024752475247524753,-4.941,0.05420054200542006,0.1609078590785908,25.0,12.0,120000.0,20000.0,11.0,1.0,0.0,0.68,1
123.0,8397,0.05420054200542006,0.1609078590785908,25.0,12.0,120000.0,20000.0,11.0,1.0,0.0,0.68,3,37,0.0024752475247524753,-4.941,0.05420054200542006,0.1609078590785908,25.0,12.0,120000.0,20000.0,11.0,1.0,0.0,0.68,1
123.0,11549,0.05420054200542006,0.1609078590785908,0.0,12.0,120000.0,0.0,0.0,2.0,0.0,0.68,2,99,0.0024752475247524753,-4.98,0.05420054200542006,0.1609078590785908,0.0,12.0,120000.0,0.0,0.0,2.0,0.0,0.68,1
118.0,7046,0.05649717514124294,0.167725988700565,0.0,12.0,120000.0,20000.0,4.0,4.0,0.0,0.68,0,0,0.0024752475247524753,0.75,0.053763440860215055,0.15961021505376344,0.0,12.0,120000.0,20000.0,5.0,4.0,0.0,0.68,0
124.0,478,0.053763440860215055,0.15961021505376344,25.0,8.0,80000.0,20000.0,9.0,4.0,0.0,0.68,2,99,0.0024752475247524753,-4.975,0.053763440860215055,0.15961021505376344,25.0,8.0,80000.0,20000.0,9.0,4.0,0.0,0.68,1
124.0,922,0.053763440860215055,0.15961021505376344,25.0,8.0,80000.0,20000.0,17.0,1.0,0.0,0.68,2,39,0.0024752475247524753,-4.975,0.053763440860215055,0.15961021505376344,25.0,8.0,80000.0,20000.0,17.0,1.0,0.0,0.68,1
124.0,1382,0.053763440860215055,0.15961021505376344,0.0,8.0,80000.0,0.0,0.0,5.0,0.0,0.68,2,39,0.0024752475247524753,-4.98,0.053763440860215055,0.15961021505376344,0.0,8.0,80000.0,0.0,0.0,5.0,0.0,0.68,1
124.0,2286,0.053763440860215055,0.15961021505376344,0.0,8.0,80000.0,0.0,0.0,5.0,0.0,0.68,2,47,0.0024752475247524753,-4.98,0.053763440860215055,0.15961021505376344,0.0,8.0,80000.0,0.0,0.0,5.0,0.0,0.68,1
124.0,3069,0.053763440860215055,0.15961021505376344,0.0,25.0,400000.0,0.0,0.0,5.0,0.0,0.68,2,47,0.0024752475247524753,-4.98,0.053763440860215055,0.15961021505376344,0.0,25.0,400000.0,0.0,0.0,5.0,0.0,0.68,1
124.0,7507,0.053763440860215055,0.15961021505376344,25.0,12.0,120000.0,20000.0,4.0,5.0,0.0,0.68,1,66,0.0024752475247524753,-4.975,0.053763440860215055,0.15961021505376344,25.0,12.0,120000.0,20000.0,4.0,5.0,0.0,0.68,1
124.0,9747,0.053763440860215055,0.15961021505376344,0.0,12.0,120000.0,0.0,0.0,3.0,0.0,0.68,1,66,0.0024752475247524753,-4.98,0.053763440860215055,0.15961021505376344,0.0,12.0,120000.0,0.0,0.0,3.0,0.0,0.68,1
124.0,10193,0.053763440860215055,0.15961021505376344,0.0,12.0,120000.0,0.0,0.0,2.0,0.0,0.68,1,10,0.0024752475247524753,-4.980500000000001,0.053763440860215055,0.15961021505376344,0.0,12.0,120000.0,0.0,0.0,2.0,0.0,0.68,1
124.0,11087,0.053763440860215055,0.15961021505376344,0.0,12.0,120000.0,0.0,0.0,4.0,0.0,0.68,1,10,0.0024752475247524753,-4.98,0.053763440860215055,0.15961021505376344,0.0,12.0,120000.0,0.0,0.0,4.0,0.0,0.68,1
118.0,5699,0.05649717514124294,0.167725988700565,12.5,12.0,120000.0,20000.0,4.0,2.0,0.0,0.68,0,0,0.0024752475247524753,0.748832916666667,0.05375910111342356,0.15959733143047622,37.5,12.0,120000.0,20000.0,6.0,2.0,0.0,0.68,0
118.0,6592,0.05649717514124294,0.167725988700565,12.5,12.0,120000.0,20000.0,5.0,5.0,0.0,0.68,0,0,0.0024752475247524753,0.749332916666667,0.05375910111342356,0.15959733143047622,12.5,12.0,120000.0,20000.0,5.0,5.0,0.0,0.68,0
104.0,3441,0.0641025641025641,0.19030448717948717,12.5,25.0,400000.0,20000.0,7.0,2.0,0.0,0.68,0,0,0.0024752475247524753,0.5997998000000001,0.05375910111342356,0.15959733143047622,0.0,25.0,400000.0,20000.0,6.0,2.0,0.0,0.68,0
118.0,7504,0.05649717514124294,0.167725988700565,12.5,12.0,120000.0,20000.0,3.0,5.0,0.0,0.68,0,0,0.0024752475247524753,0.749332916666667,0.05375910111342356,0.15959733143047622,12.5,12.0,120000.0,20000.0,3.0,5.0,0.0,0.68,0
104.0,4513,0.0641025641025641,0.19030448717948717,12.5,25.0,400000.0,20000.0,3.0,3.0,0.0,0.68,0,0,0.0024752475247524753,0.5995498000000001,0.05375910111342356,0.15959733143047622,12.5,25.0,400000.0,20000.0,3.0,3.0,0.0,0.68,0
121.0,22,0.055096418732782364,0.16356749311294766,0.0,8.0,80000.0,20000.0,2.0,2.0,0.0,0.68,0,0,0.0024752475247524753,0.74975,0.05333333333333334,0.15833333333333333,12.5,8.0,80000.0,20000.0,3.0,2.0,0.0,0.68,0
119.0,8383,0.05602240896358543,0.16631652661064428,0.0,12.0,120000.0,20000.0,9.0,1.0,0.0,0.68,1,5,0.0024752475247524753,0.77,0.05333333333333334,0.15833333333333333,0.0,12.0,120000.0,20000.0,11.0,1.0,0.0,0.68,0
119.0,8395,0.05602240896358543,0.16631652661064428,0.0,12.0,120000.0,20000.0,10.0,1.0,0.0,0.68,1,5,0.0024752475247524753,0.77,0.05333333333333334,0.15833333333333333,0.0,12.0,120000.0,20000.0,11.0,1.0,0.0,0.68,0
125.0,24,0.05333333333333334,0.15833333333333333,12.5,8.0,80000.0,20000.0,3.0,2.0,0.0,0.68,1,20,0.0024752475247524753,-4.98,0.05333333333333334,0.15833333333333333,12.5,8.0,80000.0,20000.0,3.0,2.0,0.0,0.68,1
125.0,468,0.05333333333333334,0.15833333333333333,25.0,8.0,80000.0,20000.0,9.0,4.0,0.0,0.68,1,45,0.0024752475247524753,-4.975,0.05333333333333334,0.15833333333333333,25.0,8.0,80000.0,20000.0,9.0,4.0,0.0,0.68,1
125.0,933,0.05333333333333334,0.15833333333333333,25.0,8.0,80000.0,20000.0,17.0,1.0,0.0,0.68,1,45,0.0024752475247524753,-4.975,0.05333333333333334,0.15833333333333333,25.0,8.0,80000.0,20000.0,17.0,1.0,0.0,0.68,1
125.0,2712,0.05333333333333334,0.15833333333333333,0.0,25.0,400000.0,20000.0,6.0,4.0,0.0,0.68,3,45,0.0024752475247524753,-4.946000000000001,0.05333333333333334,0.15833333333333333,0.0,25.0,400000.0,20000.0,6.0,4.0,0.0,0.68,1
125.0,2722,0.05333333333333334,0.15833333333333333,0.0,25.0,400000.0,20000.0,6.0,4.0,0.0,0.68,1,36,0.0024752475247524753,-4.98,0.05333333333333334,0.15833333333333333,0.0,25.0,400000.0,20000.0,6.0,4.0,0.0,0.68,1
125.0,3801,0.05333333333333334,0.15833333333333333,12.5,25.0,400000.0,20000.0,8.0,0.0,0.0,0.68,2,24,0.0024752475247524753,-4.98,0.05333333333333334,0.15833333333333333,12.5,25.0,400000.0,20000.0,8.0,0.0,0.0,0.68,1
125.0,4163,0.05333333333333334,0.15833333333333333,0.0,25.0,400000.0,0.0,0.0,1.0,0.0,0.68,2,24,0.0024752475247524753,-4.98,0.05333333333333334,0.15833333333333333,0.0,25.0,400000.0,0.0,0.0,1.0,0.0,0.68,1
125.0,8386,0.05333333333333334,0.15833333333333333,0.0,12.0,120000.0,20000.0,11.0,1.0,0.0,0.68,3,90,0.0024752475247524753,-4.946000000000001,0.05333333333333334,0.15833333333333333,0.0,12.0,120000.0,20000.0,11.0,1.0,0.0,0.68,1
125.0,8398,0.05333333333333334,0.15833333333333333,0.0,12.0,120000.0,20000.0,11.0,1.0,0.0,0.68,3,90,0.0024752475247524753,-4.946000000000001,0.05333333333333334,0.15833333333333333,0.0,12.0,120000.0,20000.0,11.0,1.0,0.0,0.68,1
125.0,10195,0.05333333333333334,0.15833333333333333,0.0,12.0,120000.0,0.0,0.0,2.0,0.0,0.68,3,90,0.0024752475247524753,-4.946000000000001,0.05333333333333334,0.15833333333333333,0.0,12.0,120000.0,0.0,0.0,2.0,0.0,0.68,1
125.0,11550,0.05333333333333334,0.15833333333333333,0.0,12.0,120000.0,0.0,0.0,2.0,0.0,0.68,3,90,0.0024752475247524753,-4.946000000000001,0.05333333333333334,0.15833333333333333,0.0,12.0,120000.0,0.0,0.0,2.0,0.0,0.68,1
121.0,466,0.055096418732782364,0.16356749311294766,0.0,8.0,80000.0,20000.0,7.0,4.0,0.0,0.68,0,0,0.0024752475247524753,0.7491243750000004,0.05332906274198895,0.15832065501527973,12.5,8.0,80000.0,20000.0,8.0,4.0,0.0,0.68,0
121.0,931,0.055096418732782364,0.16356749311294766,0.0,8.0,80000.0,20000.0,12.0,1.0,0.0,0.68,0,0,0.0024752475247524753,0.7491243750000004,0.05332906274198895,0.15832065501527973,12.5,8.0,80000.0,20000.0,16.0,1.0,0.0,0.68,0
126.0,479,0.052910052910052914,0.15707671957671956,12.5,8.0,80000.0,20000.0,8.0,4.0,0.0,0.68,2,4,0.0024752475247524753,-4.98,0.052910052910052914,0.15707671957671956,12.5,8.0,80000.0,20000.0,8.0,4.0,0.0,0.68,1
126.0,923,0.052910052910052914,0.15707671957671956,12.5,8.0,80000.0,20000.0,16.0,1.0,0.0,0.68,2,4,0.0024752475247524753,-4.98,0.052910052910052914,0.15707671957671956,12.5,8.0,80000.0,20000.0,16.0,1.0,0.0,0.68,1
126.0,1383,0.052910052910052914,0.15707671957671956,0.0,8.0,80000.0,0.0,0.0,5.0,0.0,0.68,3,72,0.0024752475247524753,-4.946000000000001,0.052910052910052914,0.15707671957671956,0.0,8.0,80000.0,0.0,0.0,5.0,0.0,0.68,1
126.0,2287,0.052910052910052914,0.15707671957671956,0.0,8.0,80000.0,0.0,0.0,5.0,0.0,0.68,3,72,0.0024752475247524753,-4.946000000000001,0.052910052910052914,0.15707671957671956,0.0,8.0,80000.0,0.0,0.0,5.0,0.0,0.68,1
126.0,4523,0.052910052910052914,0.15707671957671956,12.5,25.0,400000.0,20000.0,3.0,3.0,0.0,0.68,1,69,0.0024752475247524753,-4.98,0.052910052910052914,0.15707671957671956,12.5,25.0,400000.0,20000.0,3.0,3.0,0.0,0.68,1
126.0,5703,0.052910052910052914,0.15707671957671956,37.5,12.0,120000.0,20000.0,6.0,2.0,0.0,0.68,1,69,0.0024752475247524753,-4.9625,0.052910052910052914,0.15707671957671956,37.5,12.0,120000.0,20000.0,6.0,2.0,0.0,0.68,1
126.0,7050,0.052910052910052914,0.15707671957671956,12.5,12.0,120000.0,20000.0,5.0,4.0,0.0,0.68,3,86,0.0024752475247524753,-4.946000000000001,0.052910052910052914,0.15707671957671956,12.5,12.0,120000.0,20000.0,5.0,4.0,0.0,0.68,1
126.0,7508,0.052910052910052914,0.15707671957671956,12.5,12.0,120000.0,20000.0,3.0,5.0,0.0,0.68,3,86,0.0024752475247524753,-4.946000000000001,0.052910052910052914,0.15707671957671956,12.5,12.0,120000.0,20000.0,3.0,5.0,0.0,0.68,1
126.0,9748,0.052910052910052914,0.15707671957671956,0.0,12.0,120000.0,0.0,0.0,3.0,0.0,0.68,2,80,0.0024752475247524753,-4.98,0.052910052910052914,0.15707671957671956,0.0,12.0,120000.0,0.0,0.0,3.0,0.0,0.68,1
126.0,10194,0.052910052910052914,0.15707671957671956,0.0,12.0,120000.0,0.0,0.0,2.0,0.0,0.68,2,80,0.0024752475247524753,-4.98,0.052910052910052914,0.15707671957671956,0.0,12.0,120000.0,0.0,0.0,2.0,0.0,0.68,1
126.0,11088,0.052910052910052914,0.15707671957671956,0.0,12.0,120000.0,0.0,0.0,4.0,0.0,0.68,3,82,0.0024752475247524753,-4.946000000000001,0.052910052910052914,0.15707671957671956,0.0,12.0,120000.0,0.0,0.0,4.0,0.0,0.68,1
120.0,5700,0.05555555555555555,0.16493055555555555,25.0,12.0,120000.0,20000.0,5.0,2.0,0.0,0.68,0,0,0.0024752475247524753,0.749082916666667,0.052905849834204974,0.15706424169529604,25.0,12.0,120000.0,20000.0,5.0,2.0,0.0,0.68,0
120.0,6593,0.05555555555555555,0.16493055555555555,25.0,12.0,120000.0,20000.0,6.0,5.0,0.0,0.68,0,0,0.0024752475247524753,0.749582916666667,0.052905849834204974,0.15706424169529604,0.0,12.0,120000.0,20000.0,4.0,5.0,0.0,0.68,0
122.0,921,0.0546448087431694,0.16222677595628415,12.5,8.0,80000.0,20000.0,15.0,1.0,0.0,0.68,1,12,0.0024752475247524753,0.7693743750000004,0.052905849834204974,0.15706424169529604,0.0,8.0,80000.0,20000.0,15.0,1.0,0.0,0.68,0
127.0,469,0.05249343832020997,0.15583989501312334,12.5,8.0,80000.0,20000.0,8.0,4.0,0.0,0.68,3,82,0.0024752475247524753,-4.946000000000001,0.05249343832020997,0.15583989501312334,12.5,8.0,80000.0,20000.0,8.0,4.0,0.0,0.68,1
127.0,934,0.05249343832020997,0.15583989501312334,0.0,8.0,80000.0,20000.0,15.0,1.0,0.0,0.68,2,73,0.0024752475247524753,-4.98,0.05249343832020997,0.15583989501312334,0.0,8.0,80000.0,20000.0,15.0,1.0,0.0,0.68,1
127.0,3070,0.05249343832020997,0.15583989501312334,0.0,25.0,400000.0,0.0,0.0,5.0,0.0,0.68,2,73,0.0024752475247524753,-4.98,0.05249343832020997,0.15583989501312334,0.0,25.0,400000.0,0.0,0.0,5.0,0.0,0.68,1
127.0,7952,0.05249343832020997,0.15583989501312334,12.5,12.0,120000.0,20000.0,7.0,3.0,0.0,0.68,3,50,0.0024752475247524753,-4.946000000000001,0.05249343832020997,0.15583989501312334,12.5,12.0,120000.0,20000.0,7.0,3.0,0.0,0.68,1
127.0,8387,0.05249343832020997,0.15583989501312334,0.0,12.0,120000.0,20000.0,11.0,1.0,0.0,0.68,3,50,0.0024752475247524753,-4.946000000000001,0.05249343832020997,0.15583989501312334,0.0,12.0,120000.0,20000.0,11.0,1.0,0.0,0.68,1
127.0,8399,0.05249343832020997,0.15583989501312334,0.0,12.0,120000.0,20000.0,11.0,1.0,0.0,0.68,2,10,0.0024752475247524753,-4.98,0.05249343832020997,0.15583989501312334,0.0,12.0,120000.0,20000.0,11.0,1.0,0.0,0.68,1
127.0,10196,0.05249343832020997,0.15583989501312334,0.0,12.0,120000.0,0.0,0.0,2.0,0.0,0.68,2,10,0.0024752475247524753,-4.98,0.05249343832020997,0.15583989501312334,0.0,12.0,120000.0,0.0,0.0,2.0,0.0,0.68,1
127.0,11551,0.05249343832020997,0.15583989501312334,0.0,12.0,120000.0,0.0,0.0,2.0,0.0,0.68,3,58,0.0024752475247524753,-4.946000000000001,0.05249343832020997,0.15583989501312334,0.0,12.0,120000.0,0.0,0.0,2.0,0.0,0.68,1
123.0,467,0.05420054200542006,0.1609078590785908,12.5,8.0,80000.0,20000.0,8.0,4.0,0.0,0.68,0,0,0.0024752475247524753,0.7493743750000004,0.05248930117135387,0.1558276128524568,0.0,8.0,80000.0,20000.0,7.0,4.0,0.0,0.68,0
123.0,23,0.05420054200542006,0.1609078590785908,12.5,8.0,80000.0,20000.0,3.0,2.0,0.0,0.68,0,0,0.0024752475247524753,0.7493743750000004,0.05248930117135387,0.1558276128524568,0.0,8.0,80000.0,20000.0,2.0,2.0,0.0,0.68,0
128.0,480,0.052083333333333336,0.15462239583333331,0.0,8.0,80000.0,20000.0,7.0,4.0,0.0,0.68,3,58,0.0024752475247524753,-4.946000000000001,0.052083333333333336,0.15462239583333331,0.0,8.0,80000.0,20000.0,7.0,4.0,0.0,0.68,1
128.0,1384,0.052083333333333336,0.15462239583333331,0.0,8.0,80000.0,0.0,0.0,5.0,0.0,0.68,1,58,0.0024752475247524753,-4.98,0.052083333333333336,0.15462239583333331,0.0,8.0,80000.0,0.0,0.0,5.0,0.0,0.68,1
128.0,2288,0.052083333333333336,0.15462239583333331,0.0,8.0,80000.0,0.0,0.0,5.0,0.0,0.68,1,58,0.0024752475247524753,-4.98,0.052083333333333336,0.15462239583333331,0.0,8.0,80000.0,0.0,0.0,5.0,0.0,0.68,1
128.0,2713,0.052083333333333336,0.15462239583333331,0.0,25.0,400000.0,20000.0,6.0,4.0,0.0,0.68,1,58,0.0024752475247524753,-4.98,0.052083333333333336,0.15462239583333331,0.0,25.0,400000.0,20000.0,6.0,4.0,0.0,0.68,1
128.0,2723,0.052083333333333336,0.15462239583333331,0.0,25.0,400000.0,20000.0,6.0,4.0,0.0,0.68,2,97,0.0024752475247524753,-4.98,0.052083333333333336,0.15462239583333331,0.0,25.0,400000.0,20000.0,6.0,4.0,0.0,0.68,1
128.0,3449,0.052083333333333336,0.15462239583333331,12.5,25.0,400000.0,20000.0,7.0,2.0,0.0,0.68,2,97,0.0024752475247524753,-4.98,0.052083333333333336,0.15462239583333331,12.5,25.0,400000.0,20000.0,7.0,2.0,0.0,0.68,1
128.0,4164,0.052083333333333336,0.15462239583333331,0.0,25.0,400000.0,0.0,0.0,1.0,0.0,0.68,2,12,0.0024752475247524753,-4.98,0.052083333333333336,0.15462239583333331,0.0,25.0,400000.0,0.0,0.0,1.0,0.0,0.68,1
128.0,5704,0.052083333333333336,0.15462239583333331,25.0,12.0,120000.0,20000.0,5.0,2.0,0.0,0.68,2,71,0.0024752475247524753,-4.975,0.052083333333333336,0.15462239583333331,25.0,12.0,120000.0,20000.0,5.0,2.0,0.0,0.68,1
128.0,7051,0.052083333333333336,0.15462239583333331,12.5,12.0,120000.0,20000.0,5.0,4.0,0.0,0.68,3,93,0.0024752475247524753,-4.946000000000001,0.052083333333333336,0.15462239583333331,12.5,12.0,120000.0,20000.0,5.0,4.0,0.0,0.68,1
128.0,7509,0.052083333333333336,0.15462239583333331,12.5,12.0,120000.0,20000.0,3.0,5.0,0.0,0.68,3,93,0.0024752475247524753,-4.946000000000001,0.052083333333333336,0.15462239583333331,12.5,12.0,120000.0,20000.0,3.0,5.0,0.0,0.68,1
128.0,9749,0.052083333333333336,0.15462239583333331,0.0,12.0,120000.0,0.0,0.0,3.0,0.0,0.68,2,87,0.0024752475247524753,-4.98,0.052083333333333336,0.15462239583333331,0.0,12.0,120000.0,0.0,0.0,3.0,0.0,0.68,1
128.0,11089,0.052083333333333336,0.15462239583333331,0.0,12.0,120000.0,0.0,0.0,4.0,0.0,0.68,2,87,0.0024752475247524753,-4.98,0.052083333333333336,0.15462239583333331,0.0,12.0,120000.0,0.0,0.0,4.0,0.0,0.68,1
122.0,5701,0.0546448087431694,0.16222677595628415,37.5,12.0,120000.0,20000.0,6.0,2.0,0.0,0.68,0,0,0.0024752475247524753,0.749332916666667,0.05207926057240888,0.15461030482433888,12.5,12.0,120000.0,20000.0,4.0,2.0,0.0,0.68,0
122.0,7506,0.0546448087431694,0.16222677595628415,12.5,12.0,120000.0,20000.0,3.0,5.0,0.0,0.68,0,0,0.0024752475247524753,0.749582916666667,0.05207926057240888,0.15461030482433888,0.0,12.0,120000.0,20000.0,2.0,5.0,0.0,0.68,0
129.0,470,0.05167958656330749,0.15342377260981913,0.0,8.0,80000.0,20000.0,7.0,4.0,0.0,0.68,1,32,0.0024752475247524753,-4.98,0.05167958656330749,0.15342377260981913,0.0,8.0,80000.0,20000.0,7.0,4.0,0.0,0.68,1
129.0,935,0.05167958656330749,0.15342377260981913,12.5,8.0,80000.0,20000.0,16.0,1.0,0.0,0.68,1,32,0.0024752475247524753,-4.98,0.05167958656330749,0.15342377260981913,12.5,8.0,80000.0,20000.0,16.0,1.0,0.0,0.68,1
129.0,8388,0.05167958656330749,0.15342377260981913,0.0,12.0,120000.0,20000.0,12.0,1.0,0.0,0.68,2,56,0.0024752475247524753,-4.98,0.05167958656330749,0.15342377260981913,0.0,12.0,120000.0,20000.0,12.0,1.0,0.0,0.68,1
129.0,8400,0.05167958656330749,0.15342377260981913,0.0,12.0,120000.0,20000.0,12.0,1.0,0.0,0.68,2,56,0.0024752475247524753,-4.98,0.05167958656330749,0.15342377260981913,0.0,12.0,120000.0,20000.0,12.0,1.0,0.0,0.68,1
129.0,10197,0.05167958656330749,0.15342377260981913,0.0,12.0,120000.0,0.0,0.0,2.0,0.0,0.68,3,77,0.0024752475247524753,-4.946000000000001,0.05167958656330749,0.15342377260981913,0.0,12.0,120000.0,0.0,0.0,2.0,0.0,0.68,1
129.0,11552,0.05167958656330749,0.15342377260981913,0.0,12.0,120000.0,0.0,0.0,2.0,0.0,0.68,3,77,0.0024752475247524753,-4.946000000000001,0.05167958656330749,0.15342377260981913,0.0,12.0,120000.0,0.0,0.0,2.0,0.0,0.68,1
130.0,481,0.05128205128205128,0.15224358974358976,0.0,8.0,80000.0,20000.0,7.0,4.0,0.0,0.68,3,9,0.0024752475247524753,-4.946000000000001,0.05128205128205128,0.15224358974358976,0.0,8.0,80000.0,20000.0,7.0,4.0,0.0,0.68,1
130.0,1385,0.05128205128205128,0.15224358974358976,0.0,8.0,80000.0,0.0,0.0,5.0,0.0,0.68,3,9,0.0024752475247524753,-4.946000000000001,0.05128205128205128,0.15224358974358976,0.0,8.0,80000.0,0.0,0.0,5.0,0.0,0.68,1
130.0,2289,0.05128205128205128,0.15224358974358976,0.0,8.0,80000.0,0.0,0.0,5.0,0.0,0.68,3,9,0.0024752475247524753,-4.946000000000001,0.05128205128205128,0.15224358974358976,0.0,8.0,80000.0,0.0,0.0,5.0,0.0,0.68,1
130.0,3071,0.05128205128205128,0.15224358974358976,0.0,25.0,400000.0,0.0,0.0,5.0,0.0,0.68,3,9,0.0024752475247524753,-4.946000000000001,0.05128205128205128,0.15224358974358976,0.0,25.0,400000.0,0.0,0.0,5.0,0.0,0.68,1
130.0,5705,0.05128205128205128,0.15224358974358976,12.5,12.0,120000.0,20000.0,4.0,2.0,0.0,0.68,3,53,0.0024752475247524753,-4.946000000000001,0.05128205128205128,0.15224358974358976,12.5,12.0,120000.0,20000.0,4.0,2.0,0.0,0.68,1
130.0,7052,0.05128205128205128,0.15224358974358976,12.5,12.0,120000.0,20000.0,5.0,4.0,0.0,0.68,3,53,0.0024752475247524753,-4.946000000000001,0.05128205128205128,0.15224358974358976,12.5,12.0,120000.0,20000.0,5.0,4.0,0.0,0.68,1
130.0,7510,0.05128205128205128,0.15224358974358976,0.0,12.0,120000.0,20000.0,2.0,5.0,0.0,0.68,2,47,0.0024752475247524753,-4.98,0.05128205128205128,0.15224358974358976,0.0,12.0,120000.0,20000.0,2.0,5.0,0.0,0.68,1
130.0,9750,0.05128205128205128,0.15224358974358976,0.0,12.0,120000.0,0.0,0.0,3.0,0.0,0.68,2,47,0.0024752475247524753,-4.98,0.05128205128205128,0.15224358974358976,0.0,12.0,120000.0,0.0,0.0,3.0,0.0,0.68,1
130.0,11090,0.05128205128205128,0.15224358974358976,0.0,12.0,120000.0,0.0,0.0,4.0,0.0,0.68,3,21,0.0024752475247524753,-4.946000000000001,0.05128205128205128,0.15224358974358976,0.0,12.0,120000.0,0.0,0.0,4.0,0.0,0.68,1
124.0,5702,0.053763440860215055,0.15961021505376344,37.5,12.0,120000.0,20000.0,6.0,2.0,0.0,0.68,0,0,0.0024752475247524753,0.749582916666667,0.051278102868130435,0.15223186788976223,0.0,12.0,120000.0,20000.0,3.0,2.0,0.0,0.68,0
124.0,7049,0.053763440860215055,0.15961021505376344,0.0,12.0,120000.0,20000.0,4.0,4.0,0.0,0.68,0,0,0.0024752475247524753,0.749582916666667,0.051278102868130435,0.15223186788976223,0.0,12.0,120000.0,20000.0,4.0,4.0,0.0,0.68,0
125.0,6144,0.05333333333333334,0.15833333333333333,0.0,12.0,120000.0,20000.0,10.0,3.0,0.0,0.68,0,0,0.0024752475247524753,0.75,0.05089058524173028,0.15108142493638677,0.0,12.0,120000.0,20000.0,10.0,3.0,0.0,0.68,0
125.0,7951,0.05333333333333334,0.15833333333333333,0.0,12.0,120000.0,20000.0,6.0,3.0,0.0,0.68,0,0,0.0024752475247524753,0.74975,0.05089058524173028,0.15108142493638677,12.5,12.0,120000.0,20000.0,7.0,3.0,0.0,0.68,0
131.0,471,0.05089058524173028,0.15108142493638677,0.0,8.0,80000.0,20000.0,7.0,4.0,0.0,0.68,3,21,0.0024752475247524753,-4.946000000000001,0.05089058524173028,0.15108142493638677,0.0,8.0,80000.0,20000.0,7.0,4.0,0.0,0.68,1
131.0,936,0.05089058524173028,0.15108142493638677,12.5,8.0,80000.0,20000.0,16.0,1.0,0.0,0.68,1,18,0.0024752475247524753,-4.98,0.05089058524173028,0.15108142493638677,12.5,8.0,80000.0,20000.0,16.0,1.0,0.0,0.68,1
131.0,2714,0.05089058524173028,0.15108142493638677,0.0,25.0,400000.0,20000.0,7.0,4.0,0.0,0.68,1,18,0.0024752475247524753,-4.98,0.05089058524173028,0.15108142493638677,0.0,25.0,400000.0,20000.0,7.0,4.0,0.0,0.68,1
131.0,2724,0.05089058524173028,0.15108142493638677,0.0,25.0,400000.0,20000.0,7.0,4.0,0.0,0.68,1,48,0.0024752475247524753,-4.98,0.05089058524173028,0.15108142493638677,0.0,25.0,400000.0,20000.0,7.0,4.0,0.0,0.68,1
131.0,3450,0.05089058524173028,0.15108142493638677,12.5,25.0,400000.0,20000.0,7.0,2.0,0.0,0.68,1,48,0.0024752475247524753,-4.98,0.05089058524173028,0.15108142493638677,12.5,25.0,400000.0,20000.0,7.0,2.0,0.0,0.68,1
131.0,3803,0.05089058524173028,0.15108142493638677,25.0,25.0,400000.0,20000.0,9.0,0.0,0.0,0.68,3,7,0.0024752475247524753,-4.941,0.05089058524173028,0.15108142493638677,25.0,25.0,400000.0,20000.0,9.0,0.0,0.0,0.68,1
131.0,4165,0.05089058524173028,0.15108142493638677,0.0,25.0,400000.0,0.0,0.0,1.0,0.0,0.68,3,7,0.0024752475247524753,-4.946000000000001,0.05089058524173028,0.15108142493638677,0.0,25.0,400000.0,0.0,0.0,1.0,0.0,0.68,1
131.0,4880,0.05089058524173028,0.15108142493638677,0.0,25.0,400000.0,0.0,0.0,5.0,0.0,0.68,3,8,0.0024752475247524753,-4.946000000000001,0.05089058524173028,0.15108142493638677,0.0,25.0,400000.0,0.0,0.0,5.0,0.0,0.68,1
131.0,7954,0.05089058524173028,0.15108142493638677,12.5,12.0,120000.0,20000.0,7.0,3.0,0.0,0.68,3,8,0.0024752475247524753,-4.946000000000001,0.05089058524173028,0.15108142493638677,12.5,12.0,120000.0,20000.0,7.0,3.0,0.0,0.68,1
131.0,8389,0.05089058524173028,0.15108142493638677,0.0,12.0,120000.0,20000.0,13.0,1.0,0.0,0.68,3,12,0.0024752475247524753,-4.946000000000001,0.05089058524173028,0.15108142493638677,0.0,12.0,120000.0,20000.0,13.0,1.0,0.0,0.68,1
131.0,8401,0.05089058524173028,0.15108142493638677,0.0,12.0,120000.0,20000.0,13.0,1.0,0.0,0.68,3,91,0.0024752475247524753,-4.946000000000001,0.05089058524173028,0.15108142493638677,0.0,12.0,120000.0,20000.0,13.0,1.0,0.0,0.68,1
131.0,10198,0.05089058524173028,0.15108142493638677,0.0,12.0,120000.0,0.0,0.0,2.0,0.0,0.68,3,91,0.0024752475247524753,-4.946000000000001,0.05089058524173028,0.15108142493638677,0.0,12.0,120000.0,0.0,0.0,2.0,0.0,0.68,1
131.0,11553,0.05089058524173028,0.15108142493638677,0.0,12.0,120000.0,0.0,0.0,2.0,0.0,0.68,1,82,0.0024752475247524753,-4.98,0.05089058524173028,0.15108142493638677,0.0,12.0,120000.0,0.0,0.0,2.0,0.0,0.68,1
128.0,924,0.052083333333333336,0.15462239583333331,0.0,8.0,80000.0,20000.0,15.0,1.0,0.0,0.68,0,0,0.0024752475247524753,0.75,0.050505050505050504,0.1499368686868687,0.0,8.0,80000.0,20000.0,15.0,1.0,0.0,0.68,0
132.0,1386,0.050505050505050504,0.1499368686868687,0.0,8.0,80000.0,0.0,0.0,5.0,0.0,0.68,1,82,0.0024752475247524753,-4.98,0.050505050505050504,0.1499368686868687,0.0,8.0,80000.0,0.0,0.0,5.0,0.0,0.68,1
132.0,2290,0.050505050505050504,0.1499368686868687,0.0,8.0,80000.0,0.0,0.0,5.0,0.0,0.68,1,82,0.0024752475247524753,-4.98,0.050505050505050504,0.1499368686868687,0.0,8.0,80000.0,0.0,0.0,5.0,0.0,0.68,1
132.0,4525,0.050505050505050504,0.1499368686868687,25.0,25.0,400000.0,20000.0,4.0,3.0,0.0,0.68,1,68,0.0024752475247524753,-4.975,0.050505050505050504,0.1499368686868687,25.0,25.0,400000.0,20000.0,4.0,3.0,0.0,0.68,1
132.0,5706,0.050505050505050504,0.1499368686868687,0.0,12.0,120000.0,20000.0,3.0,2.0,0.0,0.68,1,68,0.0024752475247524753,-4.98,0.050505050505050504,0.1499368686868687,0.0,12.0,120000.0,20000.0,3.0,2.0,0.0,0.68,1
132.0,7053,0.050505050505050504,0.1499368686868687,0.0,12.0,120000.0,20000.0,5.0,4.0,0.0,0.68,1,90,0.0024752475247524753,-4.98,0.050505050505050504,0.1499368686868687,0.0,12.0,120000.0,20000.0,5.0,4.0,0.0,0.68,1
132.0,9751,0.050505050505050504,0.1499368686868687,0.0,12.0,120000.0,0.0,0.0,3.0,0.0,0.68,3,49,0.0024752475247524753,-4.946000000000001,0.050505050505050504,0.1499368686868687,0.0,12.0,120000.0,0.0,0.0,3.0,0.0,0.68,1
132.0,11091,0.050505050505050504,0.1499368686868687,0.0,12.0,120000.0,0.0,0.0,4.0,0.0,0.68,3,49,0.0024752475247524753,-4.946000000000001,0.050505050505050504,0.1499368686868687,0.0,12.0,120000.0,0.0,0.0,4.0,0.0,0.68,1
133.0,472,0.05012531328320802,0.14880952380952378,12.5,8.0,80000.0,20000.0,9.0,4.0,0.0,0.68,1,34,0.0024752475247524753,-4.98,0.05012531328320802,0.14880952380952378,12.5,8.0,80000.0,20000.0,9.0,4.0,0.0,0.68,1
133.0,937,0.05012531328320802,0.14880952380952378,0.0,8.0,80000.0,20000.0,15.0,1.0,0.0,0.68,1,34,0.0024752475247524753,-4.98,0.05012531328320802,0.14880952380952378,0.0,8.0,80000.0,20000.0,16.0,1.0,0.0,0.68,1
133.0,3072,0.05012531328320802,0.14880952380952378,0.0,25.0,400000.0,0.0,0.0,5.0,0.0,0.68,1,20,0.0024752475247524753,-4.98,0.05012531328320802,0.14880952380952378,0.0,25.0,400000.0,0.0,0.0,5.0,0.0,0.68,1
133.0,7955,0.05012531328320802,0.14880952380952378,12.5,12.0,120000.0,20000.0,7.0,3.0,0.0,0.68,2,45,0.0024752475247524753,-4.98,0.05012531328320802,0.14880952380952378,12.5,12.0,120000.0,20000.0,7.0,3.0,0.0,0.68,1
133.0,8402,0.05012531328320802,0.14880952380952378,0.0,12.0,120000.0,20000.0,15.0,1.0,0.0,0.68,1,33,0.0024752475247524753,-4.98,0.05012531328320802,0.14880952380952378,0.0,12.0,120000.0,20000.0,15.0,1.0,0.0,0.68,1
133.0,10199,0.05012531328320802,0.14880952380952378,0.0,12.0,120000.0,0.0,0.0,2.0,0.0,0.68,2,31,0.0024752475247524753,-4.98,0.05012531328320802,0.14880952380952378,0.0,12.0,120000.0,0.0,0.0,2.0,0.0,0.68,1
133.0,11554,0.05012531328320802,0.14880952380952378,0.0,12.0,120000.0,0.0,0.0,2.0,0.0,0.68,2,31,0.0024752475247524753,-4.98,0.05012531328320802,0.14880952380952378,0.0,12.0,120000.0,0.0,0.0,2.0,0.0,0.68,1
134.0,483,0.04975124378109452,0.14769900497512436,12.5,8.0,80000.0,20000.0,9.0,4.0,0.0,0.68,1,38,0.0024752475247524753,-4.98,0.04975124378109452,0.14769900497512436,12.5,8.0,80000.0,20000.0,9.0,4.0,0.0,0.68,1
134.0,1387,0.04975124378109452,0.14769900497512436,0.0,8.0,80000.0,0.0,0.0,5.0,0.0,0.68,1,38,0.0024752475247524753,-4.98,0.04975124378109452,0.14769900497512436,0.0,8.0,80000.0,0.0,0.0,5.0,0.0,0.68,1
134.0,2291,0.04975124378109452,0.14769900497512436,0.0,8.0,80000.0,0.0,0.0,5.0,0.0,0.68,1,38,0.0024752475247524753,-4.98,0.04975124378109452,0.14769900497512436,0.0,8.0,80000.0,0.0,0.0,5.0,0.0,0.68,1
134.0,2715,0.04975124378109452,0.14769900497512436,0.0,25.0,400000.0,20000.0,9.0,4.0,0.0,0.68,1,38,0.0024752475247524753,-4.98,0.04975124378109452,0.14769900497512436,0.0,25.0,400000.0,20000.0,9.0,4.0,0.0,0.68,1
134.0,2725,0.04975124378109452,0.14769900497512436,0.0,25.0,400000.0,20000.0,9.0,4.0,0.0,0.68,2,95,0.0024752475247524753,-4.98,0.04975124378109452,0.14769900497512436,0.0,25.0,400000.0,20000.0,9.0,4.0,0.0,0.68,1
134.0,3451,0.04975124378109452,0.14769900497512436,12.5,25.0,400000.0,20000.0,7.0,2.0,0.0,0.68,2,95,0.0024752475247524753,-4.98,0.04975124378109452,0.14769900497512436,12.5,25.0,400000.0,20000.0,7.0,2.0,0.0,0.68,1
134.0,3804,0.04975124378109452,0.14769900497512436,25.0,25.0,400000.0,20000.0,9.0,0.0,0.0,0.68,3,77,0.0024752475247524753,-4.941,0.04975124378109452,0.14769900497512436,25.0,25.0,400000.0,20000.0,9.0,0.0,0.0,0.68,1
134.0,4166,0.04975124378109452,0.14769900497512436,0.0,25.0,400000.0,0.0,0.0,1.0,0.0,0.68,3,77,0.0024752475247524753,-4.946000000000001,0.04975124378109452,0.14769900497512436,0.0,25.0,400000.0,0.0,0.0,1.0,0.0,0.68,1
134.0,4881,0.04975124378109452,0.14769900497512436,0.0,25.0,400000.0,0.0,0.0,5.0,0.0,0.68,1,36,0.0024752475247524753,-4.98,0.04975124378109452,0.14769900497512436,0.0,25.0,400000.0,0.0,0.0,5.0,0.0,0.68,1
134.0,7054,0.04975124378109452,0.14769900497512436,0.0,12.0,120000.0,20000.0,5.0,4.0,0.0,0.68,2,80,0.0024752475247524753,-4.98,0.04975124378109452,0.14769900497512436,0.0,12.0,120000.0,20000.0,5.0,4.0,0.0,0.68,1
134.0,7512,0.04975124378109452,0.14769900497512436,12.5,12.0,120000.0,20000.0,4.0,5.0,0.0,0.68,2,80,0.0024752475247524753,-4.98,0.04975124378109452,0.14769900497512436,12.5,12.0,120000.0,20000.0,4.0,5.0,0.0,0.68,1
134.0,9752,0.04975124378109452,0.14769900497512436,0.0,12.0,120000.0,0.0,0.0,3.0,0.0,0.68,2,13,0.0024752475247524753,-4.98,0.04975124378109452,0.14769900497512436,0.0,12.0,120000.0,0.0,0.0,3.0,0.0,0.68,1
134.0,11092,0.04975124378109452,0.14769900497512436,0.0,12.0,120000.0,0.0,0.0,4.0,0.0,0.68,2,13,0.0024752475247524753,-4.98,0.04975124378109452,0.14769900497512436,0.0,12.0,120000.0,0.0,0.0,4.0,0.0,0.68,1
135.0,473,0.04938271604938272,0.14660493827160495,12.5,8.0,80000.0,20000.0,9.0,4.0,0.0,0.68,1,45,0.0024752475247524753,-4.98,0.04938271604938272,0.14660493827160495,12.5,8.0,80000.0,20000.0,9.0,4.0,0.0,0.68,1
135.0,8391,0.04938271604938272,0.14660493827160495,12.5,12.0,120000.0,20000.0,15.0,1.0,0.0,0.68,1,70,0.0024752475247524753,-4.98,0.04938271604938272,0.14660493827160495,12.5,12.0,120000.0,20000.0,15.0,1.0,0.0,0.68,1
135.0,8403,0.04938271604938272,0.14660493827160495,12.5,12.0,120000.0,20000.0,15.0,1.0,0.0,0.68,1,70,0.0024752475247524753,-4.98,0.04938271604938272,0.14660493827160495,12.5,12.0,120000.0,20000.0,15.0,1.0,0.0,0.68,1
135.0,10200,0.04938271604938272,0.14660493827160495,0.0,12.0,120000.0,0.0,0.0,2.0,0.0,0.68,1,10,0.0024752475247524753,-4.98,0.04938271604938272,0.14660493827160495,0.0,12.0,120000.0,0.0,0.0,2.0,0.0,0.68,1
135.0,11555,0.04938271604938272,0.14660493827160495,0.0,12.0,120000.0,0.0,0.0,2.0,0.0,0.68,1,10,0.0024752475247524753,-4.98025,0.04938271604938272,0.14660493827160495,0.0,12.0,120000.0,0.0,0.0,2.0,0.0,0.68,1
129.0,7953,0.05167958656330749,0.15342377260981913,12.5,12.0,120000.0,20000.0,7.0,3.0,0.0,0.68,0,0,0.0024752475247524753,0.749332916666667,0.0493790546839206,0.1465940685928893,12.5,12.0,120000.0,20000.0,7.0,3.0,0.0,0.68,0
132.0,482,0.050505050505050504,0.1499368686868687,0.0,8.0,80000.0,20000.0,7.0,4.0,0.0,0.68,1,82,0.0024752475247524753,0.77,0.049019607843137254,0.1455269607843137,0.0,8.0,80000.0,20000.0,8.0,4.0,0.0,0.68,0
136.0,484,0.049019607843137254,0.1455269607843137,0.0,8.0,80000.0,20000.0,8.0,4.0,0.0,0.68,2,25,0.0024752475247524753,-4.98,0.049019607843137254,0.1455269607843137,0.0,8.0,80000.0,20000.0,8.0,4.0,0.0,0.68,1
136.0,1388,0.049019607843137254,0.1455269607843137,0.0,8.0,80000.0,0.0,0.0,5.0,0.0,0.68,2,25,0.0024752475247524753,-4.98,0.049019607843137254,0.1455269607843137,0.0,8.0,80000.0,0.0,0.0,5.0,0.0,0.68,1
136.0,2292,0.049019607843137254,0.1455269607843137,0.0,8.0,80000.0,0.0,0.0,5.0,0.0,0.68,2,23,0.0024752475247524753,-4.98,0.049019607843137254,0.1455269607843137,0.0,8.0,80000.0,0.0,0.0,5.0,0.0,0.68,1
136.0,3073,0.049019607843137254,0.1455269607843137,0.0,25.0,400000.0,0.0,0.0,5.0,0.0,0.68,2,23,0.0024752475247524753,-4.98,0.049019607843137254,0.1455269607843137,0.0,25.0,400000.0,0.0,0.0,5.0,0.0,0.68,1
136.0,7513,0.049019607843137254,0.1455269607843137,12.5,12.0,120000.0,20000.0,4.0,5.0,0.0,0.68,3,36,0.0024752475247524753,-4.946000000000001,0.049019607843137254,0.1455269607843137,12.5,12.0,120000.0,20000.0,4.0,5.0,0.0,0.68,1
136.0,9753,0.049019607843137254,0.1455269607843137,0.0,12.0,120000.0,0.0,0.0,3.0,0.0,0.68,3,36,0.0024752475247524753,-4.946000000000001,0.049019607843137254,0.1455269607843137,0.0,12.0,120000.0,0.0,0.0,3.0,0.0,0.68,1
136.0,11093,0.049019607843137254,0.1455269607843137,0.0,12.0,120000.0,0.0,0.0,4.0,0.0,0.68,3,36,0.0024752475247524753,-4.946000000000001,0.049019607843137254,0.1455269607843137,0.0,12.0,120000.0,0.0,0.0,4.0,0.0,0.68,1
136.0,11995,0.049019607843137254,0.1455269607843137,0.0,12.0,120000.0,0.0,0.0,1.0,0.0,0.68,3,36,0.0024752475247524753,-4.946000000000001,0.049019607843137254,0.1455269607843137,0.0,12.0,120000.0,0.0,0.0,1.0,0.0,0.68,1
137.0,474,0.04866180048661801,0.1444647201946472,0.0,8.0,80000.0,20000.0,8.0,4.0,0.0,0.68,3,36,0.0024752475247524753,-4.946000000000001,0.04866180048661801,0.1444647201946472,0.0,8.0,80000.0,20000.0,8.0,4.0,0.0,0.68,1
137.0,2726,0.04866180048661801,0.1444647201946472,0.0,25.0,400000.0,20000.0,11.0,4.0,0.0,0.68,3,47,0.0024752475247524753,-4.946000000000001,0.04866180048661801,0.1444647201946472,0.0,25.0,400000.0,20000.0,11.0,4.0,0.0,0.68,1
137.0,3452,0.04866180048661801,0.1444647201946472,12.5,25.0,400000.0,20000.0,8.0,2.0,0.0,0.68,3,47,0.0024752475247524753,-4.946000000000001,0.04866180048661801,0.1444647201946472,12.5,25.0,400000.0,20000.0,8.0,2.0,0.0,0.68,1
137.0,4167,0.04866180048661801,0.1444647201946472,0.0,25.0,400000.0,0.0,0.0,1.0,0.0,0.68,3,47,0.0024752475247524753,-4.946000000000001,0.04866180048661801,0.1444647201946472,0.0,25.0,400000.0,0.0,0.0,1.0,0.0,0.68,1
137.0,4882,0.04866180048661801,0.1444647201946472,0.0,25.0,400000.0,0.0,0.0,5.0,0.0,0.68,2,80,0.0024752475247524753,-4.98,0.04866180048661801,0.1444647201946472,0.0,25.0,400000.0,0.0,0.0,5.0,0.0,0.68,1
137.0,6145,0.04866180048661801,0.1444647201946472,0.0,12.0,120000.0,20000.0,10.0,3.0,0.0,0.68,2,80,0.0024752475247524753,-4.98,0.04866180048661801,0.1444647201946472,0.0,12.0,120000.0,20000.0,10.0,3.0,0.0,0.68,1
137.0,8404,0.04866180048661801,0.1444647201946472,12.5,12.0,120000.0,20000.0,16.0,1.0,0.0,0.68,3,37,0.0024752475247524753,-4.946000000000001,0.04866180048661801,0.1444647201946472,12.5,12.0,120000.0,20000.0,16.0,1.0,0.0,0.68,1
137.0,10201,0.04866180048661801,0.1444647201946472,0.0,12.0,120000.0,0.0,0.0,2.0,0.0,0.68,3,37,0.0024752475247524753,-4.946000000000001,0.04866180048661801,0.1444647201946472,0.0,12.0,120000.0,0.0,0.0,2.0,0.0,0.68,1
137.0,11556,0.04866180048661801,0.1444647201946472,0.0,12.0,120000.0,0.0,0.0,2.0,0.0,0.68,3,37,0.0024752475247524753,-4.946000000000001,0.04866180048661801,0.1444647201946472,0.0,12.0,120000.0,0.0,0.0,2.0,0.0,0.68,1
132.0,7511,0.050505050505050504,0.1499368686868687,0.0,12.0,120000.0,20000.0,3.0,5.0,0.0,0.68,1,90,0.0024752475247524753,0.77,0.04830917874396135,0.14341787439613526,0.0,12.0,120000.0,20000.0,4.0,5.0,0.0,0.68,0
138.0,485,0.04830917874396135,0.14341787439613526,0.0,8.0,80000.0,20000.0,8.0,4.0,0.0,0.68,3,37,0.0024752475247524753,-4.946000000000001,0.04830917874396135,0.14341787439613526,0.0,8.0,80000.0,20000.0,8.0,4.0,0.0,0.68,1
138.0,1389,0.04830917874396135,0.14341787439613526,0.0,8.0,80000.0,0.0,0.0,5.0,0.0,0.68,3,37,0.0024752475247524753,-4.946000000000001,0.04830917874396135,0.14341787439613526,0.0,8.0,80000.0,0.0,0.0,5.0,0.0,0.68,1
138.0,2293,0.04830917874396135,0.14341787439613526,0.0,8.0,80000.0,0.0,0.0,5.0,0.0,0.68,3,37,0.0024752475247524753,-4.946000000000001,0.04830917874396135,0.14341787439613526,0.0,8.0,80000.0,0.0,0.0,5.0,0.0,0.68,1
138.0,5709,0.04830917874396135,0.14341787439613526,25.0,12.0,120000.0,20000.0,5.0,2.0,0.0,0.68,3,41,0.0024752475247524753,-4.941,0.04830917874396135,0.14341787439613526,25.0,12.0,120000.0,20000.0,5.0,2.0,0.0,0.68,1
138.0,7056,0.04830917874396135,0.14341787439613526,12.5,12.0,120000.0,20000.0,6.0,4.0,0.0,0.68,3,41,0.0024752475247524753,-4.946000000000001,0.04830917874396135,0.14341787439613526,12.5,12.0,120000.0,20000.0,6.0,4.0,0.0,0.68,1
138.0,9754,0.04830917874396135,0.14341787439613526,0.0,12.0,120000.0,0.0,0.0,3.0,0.0,0.68,1,74,0.0024752475247524753,-4.98,0.04830917874396135,0.14341787439613526,0.0,12.0,120000.0,0.0,0.0,3.0,0.0,0.68,1
138.0,11094,0.04830917874396135,0.14341787439613526,0.0,12.0,120000.0,0.0,0.0,4.0,0.0,0.68,3,78,0.0024752475247524753,-4.946000000000001,0.04830917874396135,0.14341787439613526,0.0,12.0,120000.0,0.0,0.0,4.0,0.0,0.68,1
138.0,11996,0.04830917874396135,0.14341787439613526,0.0,12.0,120000.0,0.0,0.0,1.0,0.0,0.68,3,78,0.0024752475247524753,-4.946000000000001,0.04830917874396135,0.14341787439613526,0.0,12.0,120000.0,0.0,0.0,1.0,0.0,0.68,1
135.0,938,0.04938271604938272,0.14660493827160495,0.0,8.0,80000.0,20000.0,16.0,1.0,0.0,0.68,1,45,0.0024752475247524753,0.76975,0.047961630695443645,0.14238609112709832,12.5,8.0,80000.0,20000.0,20.0,1.0,0.0,0.68,0
133.0,8390,0.05012531328320802,0.14880952380952378,0.0,12.0,120000.0,20000.0,14.0,1.0,0.0,0.68,1,33,0.0024752475247524753,0.76975,0.047961630695443645,0.14238609112709832,12.5,12.0,120000.0,20000.0,17.0,1.0,0.0,0.68,0
139.0,940,0.047961630695443645,0.14238609112709832,12.5,8.0,80000.0,20000.0,20.0,1.0,0.0,0.68,2,14,0.0024752475247524753,-4.98,0.047961630695443645,0.14238609112709832,12.5,8.0,80000.0,20000.0,20.0,1.0,0.0,0.68,1
139.0,3074,0.047961630695443645,0.14238609112709832,0.0,25.0,400000.0,0.0,0.0,5.0,0.0,0.68,2,32,0.0024752475247524753,-4.98,0.047961630695443645,0.14238609112709832,0.0,25.0,400000.0,0.0,0.0,5.0,0.0,0.68,1
139.0,6146,0.047961630695443645,0.14238609112709832,0.0,12.0,120000.0,20000.0,11.0,3.0,0.0,0.68,3,40,0.0024752475247524753,-4.946000000000001,0.047961630695443645,0.14238609112709832,0.0,12.0,120000.0,20000.0,11.0,3.0,0.0,0.68,1
139.0,7958,0.047961630695443645,0.14238609112709832,25.0,12.0,120000.0,20000.0,8.0,3.0,0.0,0.68,3,40,0.0024752475247524753,-4.941,0.047961630695443645,0.14238609112709832,25.0,12.0,120000.0,20000.0,8.0,3.0,0.0,0.68,1
139.0,10202,0.047961630695443645,0.14238609112709832,0.0,12.0,120000.0,0.0,0.0,2.0,0.0,0.68,2,82,0.0024752475247524753,-4.98,0.047961630695443645,0.14238609112709832,0.0,12.0,120000.0,0.0,0.0,2.0,0.0,0.68,1
139.0,11557,0.047961630695443645,0.14238609112709832,0.0,12.0,120000.0,0.0,0.0,2.0,0.0,0.68,2,82,0.0024752475247524753,-4.98,0.047961630695443645,0.14238609112709832,0.0,12.0,120000.0,0.0,0.0,2.0,0.0,0.68,1
134.0,5707,0.04975124378109452,0.14769900497512436,0.0,12.0,120000.0,20000.0,3.0,2.0,0.0,0.68,1,36,0.0024752475247524753,0.76975,0.047619047619047616,0.14136904761904762,12.5,12.0,120000.0,20000.0,4.0,2.0,0.0,0.68,0
140.0,486,0.047619047619047616,0.14136904761904762,0.0,8.0,80000.0,20000.0,8.0,4.0,0.0,0.68,2,88,0.0024752475247524753,-4.98,0.047619047619047616,0.14136904761904762,0.0,8.0,80000.0,20000.0,8.0,4.0,0.0,0.68,1
140.0,1390,0.047619047619047616,0.14136904761904762,0.0,8.0,80000.0,0.0,0.0,5.0,0.0,0.68,2,88,0.0024752475247524753,-4.98,0.047619047619047616,0.14136904761904762,0.0,8.0,80000.0,0.0,0.0,5.0,0.0,0.68,1
140.0,2294,0.047619047619047616,0.14136904761904762,0.0,8.0,80000.0,0.0,0.0,5.0,0.0,0.68,2,69,0.0024752475247524753,-4.98,0.047619047619047616,0.14136904761904762,0.0,8.0,80000.0,0.0,0.0,5.0,0.0,0.68,1
140.0,2717,0.047619047619047616,0.14136904761904762,12.5,25.0,400000.0,20000.0,11.0,4.0,0.0,0.68,2,69,0.0024752475247524753,-4.98,0.047619047619047616,0.14136904761904762,12.5,25.0,400000.0,20000.0,11.0,4.0,0.0,0.68,1
140.0,2727,0.047619047619047616,0.14136904761904762,12.5,25.0,400000.0,20000.0,11.0,4.0,0.0,0.68,2,13,0.0024752475247524753,-4.98,0.047619047619047616,0.14136904761904762,12.5,25.0,400000.0,20000.0,11.0,4.0,0.0,0.68,1
140.0,3453,0.047619047619047616,0.14136904761904762,12.5,25.0,400000.0,20000.0,8.0,2.0,0.0,0.68,2,13,0.0024752475247524753,-4.98,0.047619047619047616,0.14136904761904762,12.5,25.0,400000.0,20000.0,8.0,2.0,0.0,0.68,1
140.0,4168,0.047619047619047616,0.14136904761904762,0.0,25.0,400000.0,0.0,0.0,1.0,0.0,0.68,3,13,0.0024752475247524753,-4.946000000000001,0.047619047619047616,0.14136904761904762,0.0,25.0,400000.0,0.0,0.0,1.0,0.0,0.68,1
140.0,4883,0.047619047619047616,0.14136904761904762,0.0,25.0,400000.0,0.0,0.0,5.0,0.0,0.68,3,13,0.0024752475247524753,-4.946000000000001,0.047619047619047616,0.14136904761904762,0.0,25.0,400000.0,0.0,0.0,5.0,0.0,0.68,1
140.0,5246,0.047619047619047616,0.14136904761904762,12.5,12.0,120000.0,20000.0,6.0,5.0,0.0,0.68,3,13,0.0024752475247524753,-4.946000000000001,0.047619047619047616,0.14136904761904762,12.5,12.0,120000.0,20000.0,6.0,5.0,0.0,0.68,1
140.0,5710,0.047619047619047616,0.14136904761904762,12.5,12.0,120000.0,20000.0,4.0,2.0,0.0,0.68,3,60,0.0024752475247524753,-4.946000000000001,0.047619047619047616,0.14136904761904762,12.5,12.0,120000.0,20000.0,4.0,2.0,0.0,0.68,1
140.0,9755,0.047619047619047616,0.14136904761904762,0.0,12.0,120000.0,0.0,0.0,3.0,0.0,0.68,1,17,0.0024752475247524753,-4.98,0.047619047619047616,0.14136904761904762,0.0,12.0,120000.0,0.0,0.0,3.0,0.0,0.68,1
140.0,10645,0.047619047619047616,0.14136904761904762,0.0,12.0,120000.0,0.0,0.0,4.0,0.0,0.68,1,17,0.0024752475247524753,-4.98,0.047619047619047616,0.14136904761904762,0.0,12.0,120000.0,0.0,0.0,4.0,0.0,0.68,1
140.0,11997,0.047619047619047616,0.14136904761904762,0.0,12.0,120000.0,0.0,0.0,1.0,0.0,0.68,3,12,0.0024752475247524753,-4.946000000000001,0.047619047619047616,0.14136904761904762,0.0,12.0,120000.0,0.0,0.0,1.0,0.0,0.68,1
141.0,941,0.04728132387706856,0.14036643026004728,12.5,8.0,80000.0,20000.0,20.0,1.0,0.0,0.68,3,12,0.0024752475247524753,-4.946000000000001,0.04728132387706856,0.14036643026004728,12.5,8.0,80000.0,20000.0,21.0,1.0,0.0,0.68,1
141.0,4528,0.04728132387706856,0.14036643026004728,50.0,25.0,400000.0,20000.0,6.0,3.0,0.0,0.68,1,75,0.0024752475247524753,-4.95,0.04728132387706856,0.14036643026004728,50.0,25.0,400000.0,20000.0,6.0,3.0,0.0,0.68,1
141.0,6147,0.04728132387706856,0.14036643026004728,0.0,12.0,120000.0,20000.0,12.0,3.0,0.0,0.68,1,75,0.0024752475247524753,-4.98,0.04728132387706856,0.14036643026004728,0.0,12.0,120000.0,20000.0,12.0,3.0,0.0,0.68,1
141.0,7959,0.04728132387706856,0.14036643026004728,25.0,12.0,120000.0,20000.0,8.0,3.0,0.0,0.68,3,60,0.0024752475247524753,-4.941,0.04728132387706856,0.14036643026004728,25.0,12.0,120000.0,20000.0,8.0,3.0,0.0,0.68,1
141.0,8394,0.04728132387706856,0.14036643026004728,37.5,12.0,120000.0,20000.0,17.0,1.0,0.0,0.68,3,60,0.0024752475247524753,-4.9285000000000005,0.04728132387706856,0.14036643026004728,37.5,12.0,120000.0,20000.0,18.0,1.0,0.0,0.68,1
141.0,10203,0.04728132387706856,0.14036643026004728,0.0,12.0,120000.0,0.0,0.0,2.0,0.0,0.68,1,60,0.0024752475247524753,-4.98025,0.04728132387706856,0.14036643026004728,0.0,12.0,120000.0,0.0,0.0,2.0,0.0,0.68,1
141.0,11558,0.04728132387706856,0.14036643026004728,0.0,12.0,120000.0,0.0,0.0,2.0,0.0,0.68,3,68,0.0024752475247524753,-4.946000000000001,0.04728132387706856,0.14036643026004728,0.0,12.0,120000.0,0.0,0.0,2.0,0.0,0.68,1
137.0,939,0.04866180048661801,0.1444647201946472,12.5,8.0,80000.0,20000.0,20.0,1.0,0.0,0.68,0,0,0.0024752475247524753,0.7493743750000004,0.04727796747668245,0.14035646594640103,0.0,8.0,80000.0,20000.0,20.0,1.0,0.0,0.68,0
135.0,7956,0.04938271604938272,0.14660493827160495,12.5,12.0,120000.0,20000.0,7.0,3.0,0.0,0.68,0,0,0.0024752475247524753,0.749332916666667,0.04727796747668245,0.14035646594640103,12.5,12.0,120000.0,20000.0,7.0,3.0,0.0,0.68,0
122.0,3800,0.0546448087431694,0.16222677595628415,0.0,25.0,400000.0,20000.0,7.0,0.0,0.0,0.68,0,0,0.0024752475247524753,0.59925,0.046948356807511735,0.13937793427230047,37.5,25.0,400000.0,20000.0,10.0,0.0,0.0,0.68,0
136.0,7055,0.049019607843137254,0.1455269607843137,0.0,12.0,120000.0,20000.0,5.0,4.0,0.0,0.68,0,0,0.0024752475247524753,0.74975,0.046948356807511735,0.13937793427230047,12.5,12.0,120000.0,20000.0,7.0,4.0,0.0,0.68,0
142.0,487,0.046948356807511735,0.13937793427230047,0.0,8.0,80000.0,20000.0,10.0,4.0,0.0,0.68,3,68,0.0024752475247524753,-4.946000000000001,0.046948356807511735,0.13937793427230047,0.0,8.0,80000.0,20000.0,10.0,4.0,0.0,0.68,1
142.0,1391,0.046948356807511735,0.13937793427230047,0.0,8.0,80000.0,0.0,0.0,5.0,0.0,0.68,2,48,0.0024752475247524753,-4.98,0.046948356807511735,0.13937793427230047,0.0,8.0,80000.0,0.0,0.0,5.0,0.0,0.68,1
142.0,2295,0.046948356807511735,0.13937793427230047,0.0,8.0,80000.0,0.0,0.0,5.0,0.0,0.68,2,48,0.0024752475247524753,-4.98,0.046948356807511735,0.13937793427230047,0.0,8.0,80000.0,0.0,0.0,5.0,0.0,0.68,1
142.0,3075,0.046948356807511735,0.13937793427230047,0.0,25.0,400000.0,0.0,0.0,5.0,0.0,0.68,1,49,0.0024752475247524753,-4.98,0.046948356807511735,0.13937793427230047,0.0,25.0,400000.0,0.0,0.0,5.0,0.0,0.68,1
142.0,5247,0.046948356807511735,0.13937793427230047,12.5,12.0,120000.0,20000.0,6.0,5.0,0.0,0.68,1,49,0.0024752475247524753,-4.98,0.046948356807511735,0.13937793427230047,12.5,12.0,120000.0,20000.0,6.0,5.0,0.0,0.68,1
142.0,9756,0.046948356807511735,0.13937793427230047,0.0,12.0,120000.0,0.0,0.0,3.0,0.0,0.68,1,49,0.0024752475247524753,-4.98,0.046948356807511735,0.13937793427230047,0.0,12.0,120000.0,0.0,0.0,3.0,0.0,0.68,1
142.0,10646,0.046948356807511735,0.13937793427230047,0.0,12.0,120000.0,0.0,0.0,4.0,0.0,0.68,3,43,0.0024752475247524753,-4.946000000000001,0.046948356807511735,0.13937793427230047,0.0,12.0,120000.0,0.0,0.0,4.0,0.0,0.68,1
142.0,11998,0.046948356807511735,0.13937793427230047,0.0,12.0,120000.0,0.0,0.0,1.0,0.0,0.68,3,43,0.0024752475247524753,-4.946000000000001,0.046948356807511735,0.13937793427230047,0.0,12.0,120000.0,0.0,0.0,1.0,0.0,0.68,1
136.0,5708,0.049019607843137254,0.1455269607843137,12.5,12.0,120000.0,20000.0,4.0,2.0,0.0,0.68,0,0,0.0024752475247524753,0.749332916666667,0.04694504751226105,0.139368109802025,12.5,12.0,120000.0,20000.0,4.0,2.0,0.0,0.68,0
122.0,4519,0.0546448087431694,0.16222677595628415,12.5,25.0,400000.0,20000.0,3.0,3.0,0.0,0.68,0,0,0.0024752475247524753,0.5990498000000001,0.04694504751226105,0.139368109802025,37.5,25.0,400000.0,20000.0,5.0,3.0,0.0,0.68,0
143.0,2728,0.046620046620046623,0.1384032634032634,12.5,25.0,400000.0,20000.0,12.0,4.0,0.0,0.68,1,26,0.0024752475247524753,-4.98,0.046620046620046623,0.1384032634032634,12.5,25.0,400000.0,20000.0,12.0,4.0,0.0,0.68,1
143.0,3454,0.046620046620046623,0.1384032634032634,12.5,25.0,400000.0,20000.0,8.0,2.0,0.0,0.68,1,26,0.0024752475247524753,-4.98,0.046620046620046623,0.1384032634032634,12.5,25.0,400000.0,20000.0,8.0,2.0,0.0,0.68,1
143.0,3807,0.046620046620046623,0.1384032634032634,37.5,25.0,400000.0,20000.0,10.0,0.0,0.0,0.68,3,80,0.0024752475247524753,-4.9285000000000005,0.046620046620046623,0.1384032634032634,37.5,25.0,400000.0,20000.0,10.0,0.0,0.0,0.68,1
143.0,4169,0.046620046620046623,0.1384032634032634,0.0,25.0,400000.0,0.0,0.0,1.0,0.0,0.68,3,80,0.0024752475247524753,-4.946000000000001,0.046620046620046623,0.1384032634032634,0.0,25.0,400000.0,0.0,0.0,1.0,0.0,0.68,1
143.0,4884,0.046620046620046623,0.1384032634032634,0.0,25.0,400000.0,0.0,0.0,5.0,0.0,0.68,1,97,0.0024752475247524753,-4.98,0.046620046620046623,0.1384032634032634,0.0,25.0,400000.0,0.0,0.0,5.0,0.0,0.68,1
143.0,6148,0.046620046620046623,0.1384032634032634,0.0,12.0,120000.0,20000.0,13.0,3.0,0.0,0.68,1,97,0.0024752475247524753,-4.98,0.046620046620046623,0.1384032634032634,0.0,12.0,120000.0,20000.0,13.0,3.0,0.0,0.68,1
143.0,10204,0.046620046620046623,0.1384032634032634,0.0,12.0,120000.0,0.0,0.0,2.0,0.0,0.68,3,20,0.0024752475247524753,-4.946000000000001,0.046620046620046623,0.1384032634032634,0.0,12.0,120000.0,0.0,0.0,2.0,0.0,0.68,1
143.0,11559,0.046620046620046623,0.1384032634032634,0.0,12.0,120000.0,0.0,0.0,2.0,0.0,0.68,1,100,0.0024752475247524753,-4.98,0.046620046620046623,0.1384032634032634,0.0,12.0,120000.0,0.0,0.0,2.0,0.0,0.68,1
137.0,7957,0.04866180048661801,0.1444647201946472,12.5,12.0,120000.0,20000.0,7.0,3.0,0.0,0.68,0,0,0.0024752475247524753,0.749332916666667,0.04661678344520546,0.1383935758529537,12.5,12.0,120000.0,20000.0,7.0,3.0,0.0,0.68,0
137.0,8392,0.04866180048661801,0.1444647201946472,12.5,12.0,120000.0,20000.0,15.0,1.0,0.0,0.68,0,0,0.0024752475247524753,0.748582916666667,0.04661678344520546,0.1383935758529537,50.0,12.0,120000.0,20000.0,18.0,1.0,0.0,0.68,0
138.0,5245,0.04830917874396135,0.14341787439613526,0.0,12.0,120000.0,20000.0,5.0,5.0,0.0,0.68,0,0,0.0024752475247524753,0.75,0.0462962962962963,0.13744212962962962,0.0,12.0,120000.0,20000.0,6.0,5.0,0.0,0.68,0
144.0,488,0.0462962962962963,0.13744212962962962,0.0,8.0,80000.0,20000.0,11.0,4.0,0.0,0.68,1,100,0.0024752475247524753,-4.98,0.0462962962962963,0.13744212962962962,0.0,8.0,80000.0,20000.0,11.0,4.0,0.0,0.68,1
144.0,1392,0.0462962962962963,0.13744212962962962,0.0,8.0,80000.0,0.0,0.0,5.0,0.0,0.68,2,78,0.0024752475247524753,-4.98,0.0462962962962963,0.13744212962962962,0.0,8.0,80000.0,0.0,0.0,5.0,0.0,0.68,1
144.0,2296,0.0462962962962963,0.13744212962962962,0.0,8.0,80000.0,0.0,0.0,5.0,0.0,0.68,2,78,0.0024752475247524753,-4.98,0.0462962962962963,0.13744212962962962,0.0,8.0,80000.0,0.0,0.0,5.0,0.0,0.68,1
144.0,5712,0.0462962962962963,0.13744212962962962,12.5,12.0,120000.0,20000.0,4.0,2.0,0.0,0.68,1,12,0.0024752475247524753,-4.98,0.0462962962962963,0.13744212962962962,12.5,12.0,120000.0,20000.0,4.0,2.0,0.0,0.68,1
144.0,7059,0.0462962962962963,0.13744212962962962,25.0,12.0,120000.0,20000.0,7.0,4.0,0.0,0.68,1,12,0.0024752475247524753,-4.975,0.0462962962962963,0.13744212962962962,25.0,12.0,120000.0,20000.0,7.0,4.0,0.0,0.68,1
144.0,7517,0.0462962962962963,0.13744212962962962,37.5,12.0,120000.0,20000.0,6.0,5.0,0.0,0.68,2,7,0.0024752475247524753,-4.9625,0.0462962962962963,0.13744212962962962,37.5,12.0,120000.0,20000.0,6.0,5.0,0.0,0.68,1
144.0,9757,0.0462962962962963,0.13744212962962962,0.0,12.0,120000.0,0.0,0.0,3.0,0.0,0.68,2,7,0.0024752475247524753,-4.98,0.0462962962962963,0.13744212962962962,0.0,12.0,120000.0,0.0,0.0,3.0,0.0,0.68,1
144.0,10647,0.0462962962962963,0.13744212962962962,0.0,12.0,120000.0,0.0,0.0,4.0,0.0,0.68,3,16,0.0024752475247524753,-4.946000000000001,0.0462962962962963,0.13744212962962962,0.0,12.0,120000.0,0.0,0.0,4.0,0.0,0.68,1
144.0,11999,0.0462962962962963,0.13744212962962962,0.0,12.0,120000.0,0.0,0.0,1.0,0.0,0.68,3,16,0.0024752475247524753,-4.946000000000001,0.0462962962962963,0.13744212962962962,0.0,12.0,120000.0,0.0,0.0,1.0,0.0,0.68,1
138.0,7514,0.04830917874396135,0.14341787439613526,0.0,12.0,120000.0,20000.0,3.0,5.0,0.0,0.68,1,74,0.0024752475247524753,0.7690829166666671,0.04629307828439611,0.13743257615680093,25.0,12.0,120000.0,20000.0,5.0,5.0,0.0,0.68,0
125.0,3448,0.05333333333333334,0.15833333333333333,0.0,25.0,400000.0,20000.0,6.0,2.0,0.0,0.68,1,36,0.0024752475247524753,0.62,0.04597701149425287,0.1364942528735632,0.0,25.0,400000.0,20000.0,7.0,2.0,0.0,0.68,0
145.0,25,0.04597701149425287,0.1364942528735632,0.0,8.0,80000.0,20000.0,4.0,2.0,0.0,0.68,2,16,0.0024752475247524753,-4.98,0.04597701149425287,0.1364942528735632,0.0,8.0,80000.0,20000.0,4.0,2.0,0.0,0.68,1
145.0,943,0.04597701149425287,0.1364942528735632,12.5,8.0,80000.0,20000.0,21.0,1.0,0.0,0.68,2,16,0.0024752475247524753,-4.98,0.04597701149425287,0.1364942528735632,12.5,8.0,80000.0,20000.0,22.0,1.0,0.0,0.68,1
145.0,3076,0.04597701149425287,0.1364942528735632,0.0,25.0,400000.0,0.0,0.0,5.0,0.0,0.68,2,47,0.0024752475247524753,-4.98,0.04597701149425287,0.1364942528735632,0.0,25.0,400000.0,0.0,0.0,5.0,0.0,0.68,1
145.0,6149,0.04597701149425287,0.1364942528735632,0.0,12.0,120000.0,20000.0,13.0,3.0,0.0,0.68,2,47,0.0024752475247524753,-4.98,0.04597701149425287,0.1364942528735632,0.0,12.0,120000.0,20000.0,13.0,3.0,0.0,0.68,1
145.0,6595,0.04597701149425287,0.1364942528735632,0.0,12.0,120000.0,20000.0,4.0,5.0,0.0,0.68,1,41,0.0024752475247524753,-4.98,0.04597701149425287,0.1364942528735632,0.0,12.0,120000.0,20000.0,4.0,5.0,0.0,0.68,1
145.0,7961,0.04597701149425287,0.1364942528735632,12.5,12.0,120000.0,20000.0,7.0,3.0,0.0,0.68,1,41,0.0024752475247524753,-4.98,0.04597701149425287,0.1364942528735632,12.5,12.0,120000.0,20000.0,7.0,3.0,0.0,0.68,1
145.0,10205,0.04597701149425287,0.1364942528735632,0.0,12.0,120000.0,0.0,0.0,2.0,0.0,0.68,1,41,0.0024752475247524753,-4.98025,0.04597701149425287,0.1364942528735632,0.0,12.0,120000.0,0.0,0.0,2.0,0.0,0.68,1
145.0,11560,0.04597701149425287,0.1364942528735632,0.0,12.0,120000.0,0.0,0.0,2.0,0.0,0.68,3,91,0.0024752475247524753,-4.946000000000001,0.04597701149425287,0.1364942528735632,0.0,12.0,120000.0,0.0,0.0,2.0,0.0,0.68,1
139.0,8393,0.047961630695443645,0.14238609112709832,12.5,12.0,120000.0,20000.0,15.0,1.0,0.0,0.68,0,0,0.0024752475247524753,0.748832916666667,0.04597383771414585,0.1364848307138705,37.5,12.0,120000.0,20000.0,17.0,1.0,0.0,0.68,0
139.0,8405,0.047961630695443645,0.14238609112709832,12.5,12.0,120000.0,20000.0,16.0,1.0,0.0,0.68,0,0,0.0024752475247524753,0.748832916666667,0.04597383771414585,0.1364848307138705,37.5,12.0,120000.0,20000.0,17.0,1.0,0.0,0.68,0
146.0,489,0.045662100456621,0.1355593607305936,0.0,8.0,80000.0,20000.0,11.0,4.0,0.0,0.68,3,91,0.0024752475247524753,-4.946000000000001,0.045662100456621,0.1355593607305936,0.0,8.0,80000.0,20000.0,11.0,4.0,0.0,0.68,1
146.0,1393,0.045662100456621,0.1355593607305936,0.0,8.0,80000.0,0.0,0.0,5.0,0.0,0.68,3,91,0.0024752475247524753,-4.946000000000001,0.045662100456621,0.1355593607305936,0.0,8.0,80000.0,0.0,0.0,5.0,0.0,0.68,1
146.0,2297,0.045662100456621,0.1355593607305936,0.0,8.0,80000.0,0.0,0.0,5.0,0.0,0.68,3,91,0.0024752475247524753,-4.946000000000001,0.045662100456621,0.1355593607305936,0.0,8.0,80000.0,0.0,0.0,5.0,0.0,0.68,1
146.0,2719,0.045662100456621,0.1355593607305936,25.0,25.0,400000.0,20000.0,12.0,4.0,0.0,0.68,3,27,0.0024752475247524753,-4.941,0.045662100456621,0.1355593607305936,25.0,25.0,400000.0,20000.0,12.0,4.0,0.0,0.68,1
146.0,2729,0.045662100456621,0.1355593607305936,25.0,25.0,400000.0,20000.0,12.0,4.0,0.0,0.68,3,27,0.0024752475247524753,-4.941,0.045662100456621,0.1355593607305936,25.0,25.0,400000.0,20000.0,12.0,4.0,0.0,0.68,1
146.0,3455,0.045662100456621,0.1355593607305936,0.0,25.0,400000.0,20000.0,7.0,2.0,0.0,0.68,2,59,0.0024752475247524753,-4.98,0.045662100456621,0.1355593607305936,0.0,25.0,400000.0,20000.0,7.0,2.0,0.0,0.68,1
146.0,3808,0.045662100456621,0.1355593607305936,37.5,25.0,400000.0,20000.0,10.0,0.0,0.0,0.68,3,46,0.0024752475247524753,-4.9285000000000005,0.045662100456621,0.1355593607305936,37.5,25.0,400000.0,20000.0,10.0,0.0,0.0,0.68,1
146.0,4170,0.045662100456621,0.1355593607305936,0.0,25.0,400000.0,0.0,0.0,1.0,0.0,0.68,3,46,0.0024752475247524753,-4.946000000000001,0.045662100456621,0.1355593607305936,0.0,25.0,400000.0,0.0,0.0,1.0,0.0,0.68,1
146.0,4885,0.045662100456621,0.1355593607305936,0.0,25.0,400000.0,0.0,0.0,5.0,0.0,0.68,3,46,0.0024752475247524753,-4.946000000000001,0.045662100456621,0.1355593607305936,0.0,25.0,400000.0,0.0,0.0,5.0,0.0,0.68,1
146.0,5249,0.045662100456621,0.1355593607305936,12.5,12.0,120000.0,20000.0,6.0,5.0,0.0,0.68,3,46,0.0024752475247524753,-4.946000000000001,0.045662100456621,0.1355593607305936,12.5,12.0,120000.0,20000.0,6.0,5.0,0.0,0.68,1
146.0,5713,0.045662100456621,0.1355593607305936,12.5,12.0,120000.0,20000.0,4.0,2.0,0.0,0.68,3,77,0.0024752475247524753,-4.946000000000001,0.045662100456621,0.1355593607305936,12.5,12.0,120000.0,20000.0,4.0,2.0,0.0,0.68,1
146.0,7060,0.045662100456621,0.1355593607305936,25.0,12.0,120000.0,20000.0,7.0,4.0,0.0,0.68,3,77,0.0024752475247524753,-4.941,0.045662100456621,0.1355593607305936,25.0,12.0,120000.0,20000.0,7.0,4.0,0.0,0.68,1
146.0,7518,0.045662100456621,0.1355593607305936,25.0,12.0,120000.0,20000.0,5.0,5.0,0.0,0.68,3,98,0.0024752475247524753,-4.941,0.045662100456621,0.1355593607305936,25.0,12.0,120000.0,20000.0,5.0,5.0,0.0,0.68,1
146.0,9758,0.045662100456621,0.1355593607305936,0.0,12.0,120000.0,0.0,0.0,3.0,0.0,0.68,3,98,0.0024752475247524753,-4.946000000000001,0.045662100456621,0.1355593607305936,0.0,12.0,120000.0,0.0,0.0,3.0,0.0,0.68,1
146.0,10648,0.045662100456621,0.1355593607305936,0.0,12.0,120000.0,0.0,0.0,4.0,0.0,0.68,3,98,0.0024752475247524753,-4.946000000000001,0.045662100456621,0.1355593607305936,0.0,12.0,120000.0,0.0,0.0,4.0,0.0,0.68,1
146.0,12000,0.045662100456621,0.1355593607305936,0.0,12.0,120000.0,0.0,0.0,1.0,0.0,0.68,3,98,0.0024752475247524753,-4.946000000000001,0.045662100456621,0.1355593607305936,0.0,12.0,120000.0,0.0,0.0,1.0,0.0,0.68,1
140.0,7057,0.047619047619047616,0.14136904761904762,12.5,12.0,120000.0,20000.0,6.0,4.0,0.0,0.68,0,0,0.0024752475247524753,0.749332916666667,0.04565897000258179,0.1355500671951647,12.5,12.0,120000.0,20000.0,6.0,4.0,0.0,0.68,0
140.0,7515,0.047619047619047616,0.14136904761904762,12.5,12.0,120000.0,20000.0,4.0,5.0,0.0,0.68,0,0,0.0024752475247524753,0.749332916666667,0.04565897000258179,0.1355500671951647,12.5,12.0,120000.0,20000.0,4.0,5.0,0.0,0.68,0
143.0,942,0.046620046620046623,0.1384032634032634,0.0,8.0,80000.0,20000.0,20.0,1.0,0.0,0.68,0,0,0.0024752475247524753,0.75,0.045351473922902494,0.13463718820861678,0.0,8.0,80000.0,20000.0,22.0,1.0,0.0,0.68,0
147.0,8409,0.045351473922902494,0.13463718820861678,37.5,12.0,120000.0,20000.0,17.0,1.0,0.0,0.68,2,13,0.0024752475247524753,-4.9625,0.045351473922902494,0.13463718820861678,37.5,12.0,120000.0,20000.0,17.0,1.0,0.0,0.68,1
147.0,9295,0.045351473922902494,0.13463718820861678,0.0,12.0,120000.0,0.0,0.0,6.0,0.0,0.68,2,13,0.0024752475247524753,-4.98,0.045351473922902494,0.13463718820861678,0.0,12.0,120000.0,0.0,0.0,6.0,0.0,0.68,1
147.0,10206,0.045351473922902494,0.13463718820861678,0.0,12.0,120000.0,0.0,0.0,2.0,0.0,0.68,3,78,0.0024752475247524753,-4.946000000000001,0.045351473922902494,0.13463718820861678,0.0,12.0,120000.0,0.0,0.0,2.0,0.0,0.68,1
147.0,11561,0.045351473922902494,0.13463718820861678,0.0,12.0,120000.0,0.0,0.0,2.0,0.0,0.68,3,78,0.0024752475247524753,-4.946000000000001,0.045351473922902494,0.13463718820861678,0.0,12.0,120000.0,0.0,0.0,2.0,0.0,0.68,1
141.0,8406,0.04728132387706856,0.14036643026004728,37.5,12.0,120000.0,20000.0,17.0,1.0,0.0,0.68,0,0,0.0024752475247524753,0.749082916666667,0.04534838591376646,0.13462802068149418,25.0,12.0,120000.0,20000.0,16.0,1.0,0.0,0.68,0
148.0,1394,0.04504504504504504,0.13372747747747749,0.0,8.0,80000.0,0.0,0.0,5.0,0.0,0.68,2,78,0.0024752475247524753,-4.98,0.04504504504504504,0.13372747747747749,0.0,8.0,80000.0,0.0,0.0,5.0,0.0,0.68,1
148.0,2298,0.04504504504504504,0.13372747747747749,0.0,8.0,80000.0,0.0,0.0,5.0,0.0,0.68,3,1,0.0024752475247524753,-4.946000000000001,0.04504504504504504,0.13372747747747749,0.0,8.0,80000.0,0.0,0.0,5.0,0.0,0.68,1
148.0,3077,0.04504504504504504,0.13372747747747749,0.0,25.0,400000.0,0.0,0.0,5.0,0.0,0.68,3,1,0.0024752475247524753,-4.946000000000001,0.04504504504504504,0.13372747747747749,0.0,25.0,400000.0,0.0,0.0,5.0,0.0,0.68,1
148.0,5250,0.04504504504504504,0.13372747747747749,12.5,12.0,120000.0,20000.0,6.0,5.0,0.0,0.68,3,45,0.0024752475247524753,-4.946000000000001,0.04504504504504504,0.13372747747747749,12.5,12.0,120000.0,20000.0,6.0,5.0,0.0,0.68,1
148.0,5714,0.04504504504504504,0.13372747747747749,12.5,12.0,120000.0,20000.0,4.0,2.0,0.0,0.68,3,45,0.0024752475247524753,-4.946000000000001,0.04504504504504504,0.13372747747747749,12.5,12.0,120000.0,20000.0,4.0,2.0,0.0,0.68,1
148.0,9759,0.04504504504504504,0.13372747747747749,0.0,12.0,120000.0,0.0,0.0,3.0,0.0,0.68,1,71,0.0024752475247524753,-4.98025,0.04504504504504504,0.13372747747747749,0.0,12.0,120000.0,0.0,0.0,3.0,0.0,0.68,1
148.0,10649,0.04504504504504504,0.13372747747747749,0.0,12.0,120000.0,0.0,0.0,4.0,0.0,0.68,1,71,0.0024752475247524753,-4.98,0.04504504504504504,0.13372747747747749,0.0,12.0,120000.0,0.0,0.0,4.0,0.0,0.68,1
148.0,12001,0.04504504504504504,0.13372747747747749,0.0,12.0,120000.0,0.0,0.0,1.0,0.0,0.68,2,32,0.0024752475247524753,-4.98,0.04504504504504504,0.13372747747747749,0.0,12.0,120000.0,0.0,0.0,1.0,0.0,0.68,1
142.0,5711,0.046948356807511735,0.13937793427230047,12.5,12.0,120000.0,20000.0,4.0,2.0,0.0,0.68,0,0,0.0024752475247524753,0.749582916666667,0.0450419986233814,0.13371843341316353,0.0,12.0,120000.0,20000.0,3.0,2.0,0.0,0.68,0
128.0,3802,0.052083333333333336,0.15462239583333331,12.5,25.0,400000.0,20000.0,8.0,0.0,0.0,0.68,0,0,0.0024752475247524753,0.5992998000000002,0.0450419986233814,0.13371843341316353,25.0,25.0,400000.0,20000.0,9.0,0.0,0.0,0.68,0
142.0,7058,0.046948356807511735,0.13937793427230047,12.5,12.0,120000.0,20000.0,6.0,4.0,0.0,0.68,0,0,0.0024752475247524753,0.749332916666667,0.0450419986233814,0.13371843341316353,12.5,12.0,120000.0,20000.0,6.0,4.0,0.0,0.68,0
142.0,7516,0.046948356807511735,0.13937793427230047,25.0,12.0,120000.0,20000.0,5.0,5.0,0.0,0.68,0,0,0.0024752475247524753,0.749332916666667,0.0450419986233814,0.13371843341316353,12.5,12.0,120000.0,20000.0,4.0,5.0,0.0,0.68,0
149.0,27,0.0447427293064877,0.13282997762863535,12.5,8.0,80000.0,20000.0,5.0,2.0,0.0,0.68,2,32,0.0024752475247524753,-4.98,0.0447427293064877,0.13282997762863535,12.5,8.0,80000.0,20000.0,5.0,2.0,0.0,0.68,1
149.0,3809,0.0447427293064877,0.13282997762863535,25.0,25.0,400000.0,20000.0,9.0,0.0,0.0,0.68,3,20,0.0024752475247524753,-4.941,0.0447427293064877,0.13282997762863535,25.0,25.0,400000.0,20000.0,9.0,0.0,0.0,0.68,1
149.0,4171,0.0447427293064877,0.13282997762863535,0.0,25.0,400000.0,0.0,0.0,1.0,0.0,0.68,3,20,0.0024752475247524753,-4.946000000000001,0.0447427293064877,0.13282997762863535,0.0,25.0,400000.0,0.0,0.0,1.0,0.0,0.68,1
149.0,4886,0.0447427293064877,0.13282997762863535,0.0,25.0,400000.0,0.0,0.0,5.0,0.0,0.68,3,20,0.0024752475247524753,-4.946000000000001,0.0447427293064877,0.13282997762863535,0.0,25.0,400000.0,0.0,0.0,5.0,0.0,0.68,1
149.0,6151,0.0447427293064877,0.13282997762863535,12.5,12.0,120000.0,20000.0,15.0,3.0,0.0,0.68,1,35,0.0024752475247524753,-4.98,0.0447427293064877,0.13282997762863535,12.5,12.0,120000.0,20000.0,15.0,3.0,0.0,0.68,1
149.0,6597,0.0447427293064877,0.13282997762863535,12.5,12.0,120000.0,20000.0,5.0,5.0,0.0,0.68,1,35,0.0024752475247524753,-4.98,0.0447427293064877,0.13282997762863535,12.5,12.0,120000.0,20000.0,5.0,5.0,0.0,0.68,1
149.0,7963,0.0447427293064877,0.13282997762863535,25.0,12.0,120000.0,20000.0,8.0,3.0,0.0,0.68,1,68,0.0024752475247524753,-4.975,0.0447427293064877,0.13282997762863535,25.0,12.0,120000.0,20000.0,8.0,3.0,0.0,0.68,1
149.0,8410,0.0447427293064877,0.13282997762863535,25.0,12.0,120000.0,20000.0,16.0,1.0,0.0,0.68,1,68,0.0024752475247524753,-4.975249999999999,0.0447427293064877,0.13282997762863535,25.0,12.0,120000.0,20000.0,16.0,1.0,0.0,0.68,1
149.0,9296,0.0447427293064877,0.13282997762863535,0.0,12.0,120000.0,0.0,0.0,6.0,0.0,0.68,2,46,0.0024752475247524753,-4.98,0.0447427293064877,0.13282997762863535,0.0,12.0,120000.0,0.0,0.0,6.0,0.0,0.68,1
149.0,10207,0.0447427293064877,0.13282997762863535,0.0,12.0,120000.0,0.0,0.0,2.0,0.0,0.68,2,46,0.0024752475247524753,-4.98,0.0447427293064877,0.13282997762863535,0.0,12.0,120000.0,0.0,0.0,2.0,0.0,0.68,1
149.0,11562,0.0447427293064877,0.13282997762863535,0.0,12.0,120000.0,0.0,0.0,2.0,0.0,0.68,2,31,0.0024752475247524753,-4.98,0.0447427293064877,0.13282997762863535,0.0,12.0,120000.0,0.0,0.0,2.0,0.0,0.68,1
129.0,4524,0.05167958656330749,0.15342377260981913,12.5,25.0,400000.0,20000.0,3.0,3.0,0.0,0.68,0,0,0.0024752475247524753,0.5987998000000001,0.04473972363780572,0.13282105454973575,50.0,25.0,400000.0,20000.0,6.0,3.0,0.0,0.68,0
143.0,7960,0.046620046620046623,0.1384032634032634,12.5,12.0,120000.0,20000.0,7.0,3.0,0.0,0.68,0,0,0.0024752475247524753,0.749332916666667,0.04473972363780572,0.13282105454973575,12.5,12.0,120000.0,20000.0,7.0,3.0,0.0,0.68,0
143.0,8407,0.046620046620046623,0.1384032634032634,50.0,12.0,120000.0,20000.0,18.0,1.0,0.0,0.68,0,0,0.0024752475247524753,0.749332916666667,0.04473972363780572,0.13282105454973575,12.5,12.0,120000.0,20000.0,15.0,1.0,0.0,0.68,0
150.0,491,0.044444444444444446,0.13194444444444445,12.5,8.0,80000.0,20000.0,12.0,4.0,0.0,0.68,2,31,0.0024752475247524753,-4.98,0.044444444444444446,0.13194444444444445,12.5,8.0,80000.0,20000.0,12.0,4.0,0.0,0.68,1
150.0,1395,0.044444444444444446,0.13194444444444445,0.0,8.0,80000.0,0.0,0.0,5.0,0.0,0.68,1,80,0.0024752475247524753,-4.98,0.044444444444444446,0.13194444444444445,0.0,8.0,80000.0,0.0,0.0,5.0,0.0,0.68,1
150.0,2299,0.044444444444444446,0.13194444444444445,0.0,8.0,80000.0,0.0,0.0,5.0,0.0,0.68,1,80,0.0024752475247524753,-4.98,0.044444444444444446,0.13194444444444445,0.0,8.0,80000.0,0.0,0.0,5.0,0.0,0.68,1
150.0,3080,0.044444444444444446,0.13194444444444445,0.0,25.0,400000.0,0.0,0.0,5.0,0.0,0.68,1,22,0.0024752475247524753,-4.98,0.044444444444444446,0.13194444444444445,0.0,25.0,400000.0,0.0,0.0,5.0,0.0,0.68,1
150.0,4531,0.044444444444444446,0.13194444444444445,50.0,25.0,400000.0,20000.0,6.0,3.0,0.0,0.68,1,22,0.0024752475247524753,-4.95,0.044444444444444446,0.13194444444444445,50.0,25.0,400000.0,20000.0,6.0,3.0,0.0,0.68,1
150.0,5251,0.044444444444444446,0.13194444444444445,12.5,12.0,120000.0,20000.0,6.0,5.0,0.0,0.68,3,51,0.0024752475247524753,-4.946000000000001,0.044444444444444446,0.13194444444444445,12.5,12.0,120000.0,20000.0,6.0,5.0,0.0,0.68,1
150.0,5715,0.044444444444444446,0.13194444444444445,0.0,12.0,120000.0,20000.0,3.0,2.0,0.0,0.68,3,51,0.0024752475247524753,-4.946000000000001,0.044444444444444446,0.13194444444444445,0.0,12.0,120000.0,20000.0,3.0,2.0,0.0,0.68,1
150.0,7062,0.044444444444444446,0.13194444444444445,12.5,12.0,120000.0,20000.0,6.0,4.0,0.0,0.68,1,56,0.0024752475247524753,-4.98,0.044444444444444446,0.13194444444444445,12.5,12.0,120000.0,20000.0,6.0,4.0,0.0,0.68,1
150.0,8845,0.044444444444444446,0.13194444444444445,0.0,12.0,120000.0,0.0,0.0,3.0,0.0,0.68,1,56,0.0024752475247524753,-4.98025,0.044444444444444446,0.13194444444444445,0.0,12.0,120000.0,0.0,0.0,3.0,0.0,0.68,1
150.0,9760,0.044444444444444446,0.13194444444444445,0.0,12.0,120000.0,0.0,0.0,3.0,0.0,0.68,3,66,0.0024752475247524753,-4.946000000000001,0.044444444444444446,0.13194444444444445,0.0,12.0,120000.0,0.0,0.0,3.0,0.0,0.68,1
150.0,10650,0.044444444444444446,0.13194444444444445,0.0,12.0,120000.0,0.0,0.0,4.0,0.0,0.68,3,66,0.0024752475247524753,-4.946000000000001,0.044444444444444446,0.13194444444444445,0.0,12.0,120000.0,0.0,0.0,4.0,0.0,0.68,1
150.0,12002,0.044444444444444446,0.13194444444444445,0.0,12.0,120000.0,0.0,0.0,1.0,0.0,0.68,3,16,0.0024752475247524753,-4.946000000000001,0.044444444444444446,0.13194444444444445,0.0,12.0,120000.0,0.0,0.0,1.0,0.0,0.68,1
144.0,5248,0.0462962962962963,0.13744212962962962,0.0,12.0,120000.0,20000.0,5.0,5.0,0.0,0.68,0,0,0.0024752475247524753,0.749582916666667,0.044441478716431435,0.13193563993940582,0.0,12.0,120000.0,20000.0,5.0,5.0,0.0,0.68,0
147.0,26,0.045351473922902494,0.13463718820861678,0.0,8.0,80000.0,20000.0,4.0,2.0,0.0,0.68,0,0,0.0024752475247524753,0.75,0.04415011037527594,0.13107064017660044,0.0,8.0,80000.0,20000.0,4.0,2.0,0.0,0.68,0
151.0,28,0.04415011037527594,0.13107064017660044,0.0,8.0,80000.0,20000.0,4.0,2.0,0.0,0.68,3,16,0.0024752475247524753,-4.946000000000001,0.04415011037527594,0.13107064017660044,0.0,8.0,80000.0,20000.0,4.0,2.0,0.0,0.68,1
151.0,946,0.04415011037527594,0.13107064017660044,25.0,8.0,80000.0,20000.0,24.0,1.0,0.0,0.68,1,90,0.0024752475247524753,-4.975249999999999,0.04415011037527594,0.13107064017660044,25.0,8.0,80000.0,20000.0,24.0,1.0,0.0,0.68,1
151.0,1825,0.04415011037527594,0.13107064017660044,0.0,8.0,80000.0,0.0,0.0,4.0,0.0,0.68,1,90,0.0024752475247524753,-4.98,0.04415011037527594,0.13107064017660044,0.0,8.0,80000.0,0.0,0.0,4.0,0.0,0.68,1
151.0,3078,0.04415011037527594,0.13107064017660044,0.0,25.0,400000.0,0.0,0.0,5.0,0.0,0.68,3,2,0.0024752475247524753,-4.946000000000001,0.04415011037527594,0.13107064017660044,0.0,25.0,400000.0,0.0,0.0,5.0,0.0,0.68,1
151.0,6152,0.04415011037527594,0.13107064017660044,12.5,12.0,120000.0,20000.0,16.0,3.0,0.0,0.68,2,79,0.0024752475247524753,-4.98,0.04415011037527594,0.13107064017660044,12.5,12.0,120000.0,20000.0,16.0,3.0,0.0,0.68,1
151.0,8411,0.04415011037527594,0.13107064017660044,12.5,12.0,120000.0,20000.0,16.0,1.0,0.0,0.68,3,57,0.0024752475247524753,-4.946000000000001,0.04415011037527594,0.13107064017660044,12.5,12.0,120000.0,20000.0,16.0,1.0,0.0,0.68,1
151.0,9297,0.04415011037527594,0.13107064017660044,0.0,12.0,120000.0,0.0,0.0,6.0,0.0,0.68,3,57,0.0024752475247524753,-4.946000000000001,0.04415011037527594,0.13107064017660044,0.0,12.0,120000.0,0.0,0.0,6.0,0.0,0.68,1
151.0,10208,0.04415011037527594,0.13107064017660044,0.0,12.0,120000.0,0.0,0.0,2.0,0.0,0.68,3,56,0.0024752475247524753,-4.946000000000001,0.04415011037527594,0.13107064017660044,0.0,12.0,120000.0,0.0,0.0,2.0,0.0,0.68,1
151.0,11563,0.04415011037527594,0.13107064017660044,0.0,12.0,120000.0,0.0,0.0,2.0,0.0,0.68,3,56,0.0024752475247524753,-4.946000000000001,0.04415011037527594,0.13107064017660044,0.0,12.0,120000.0,0.0,0.0,2.0,0.0,0.68,1
147.0,944,0.045351473922902494,0.13463718820861678,0.0,8.0,80000.0,20000.0,21.0,1.0,0.0,0.68,0,0,0.0024752475247524753,0.7491243750000004,0.04414718379706529,0.13106195189753758,12.5,8.0,80000.0,20000.0,23.0,1.0,0.0,0.68,0
145.0,8408,0.04597701149425287,0.1364942528735632,50.0,12.0,120000.0,20000.0,18.0,1.0,0.0,0.68,0,0,0.0024752475247524753,0.749582916666667,0.04414718379706529,0.13106195189753758,0.0,12.0,120000.0,20000.0,15.0,1.0,0.0,0.68,0
148.0,490,0.04504504504504504,0.13372747747747749,0.0,8.0,80000.0,20000.0,11.0,4.0,0.0,0.68,0,0,0.0024752475247524753,0.75,0.043859649122807015,0.13020833333333331,0.0,8.0,80000.0,20000.0,11.0,4.0,0.0,0.68,0
152.0,492,0.043859649122807015,0.13020833333333331,0.0,8.0,80000.0,20000.0,11.0,4.0,0.0,0.68,2,71,0.0024752475247524753,-4.98,0.043859649122807015,0.13020833333333331,0.0,8.0,80000.0,20000.0,11.0,4.0,0.0,0.68,1
152.0,1396,0.043859649122807015,0.13020833333333331,0.0,8.0,80000.0,0.0,0.0,5.0,0.0,0.68,2,71,0.0024752475247524753,-4.98,0.043859649122807015,0.13020833333333331,0.0,8.0,80000.0,0.0,0.0,5.0,0.0,0.68,1
152.0,2731,0.043859649122807015,0.13020833333333331,37.5,25.0,400000.0,20000.0,13.0,4.0,0.0,0.68,1,21,0.0024752475247524753,-4.9625,0.043859649122807015,0.13020833333333331,37.5,25.0,400000.0,20000.0,13.0,4.0,0.0,0.68,1
152.0,3457,0.043859649122807015,0.13020833333333331,12.5,25.0,400000.0,20000.0,8.0,2.0,0.0,0.68,1,21,0.0024752475247524753,-4.98,0.043859649122807015,0.13020833333333331,12.5,25.0,400000.0,20000.0,8.0,2.0,0.0,0.68,1
152.0,3810,0.043859649122807015,0.13020833333333331,25.0,25.0,400000.0,20000.0,9.0,0.0,0.0,0.68,2,14,0.0024752475247524753,-4.975,0.043859649122807015,0.13020833333333331,25.0,25.0,400000.0,20000.0,9.0,0.0,0.0,0.68,1
152.0,4172,0.043859649122807015,0.13020833333333331,0.0,25.0,400000.0,0.0,0.0,1.0,0.0,0.68,2,14,0.0024752475247524753,-4.98,0.043859649122807015,0.13020833333333331,0.0,25.0,400000.0,0.0,0.0,1.0,0.0,0.68,1
152.0,4887,0.043859649122807015,0.13020833333333331,0.0,25.0,400000.0,0.0,0.0,5.0,0.0,0.68,2,14,0.0024752475247524753,-4.98,0.043859649122807015,0.13020833333333331,0.0,25.0,400000.0,0.0,0.0,5.0,0.0,0.68,1
152.0,5252,0.043859649122807015,0.13020833333333331,0.0,12.0,120000.0,20000.0,5.0,5.0,0.0,0.68,2,14,0.0024752475247524753,-4.98,0.043859649122807015,0.13020833333333331,0.0,12.0,120000.0,20000.0,5.0,5.0,0.0,0.68,1
152.0,8846,0.043859649122807015,0.13020833333333331,0.0,12.0,120000.0,0.0,0.0,3.0,0.0,0.68,3,44,0.0024752475247524753,-4.946000000000001,0.043859649122807015,0.13020833333333331,0.0,12.0,120000.0,0.0,0.0,3.0,0.0,0.68,1
152.0,9761,0.043859649122807015,0.13020833333333331,0.0,12.0,120000.0,0.0,0.0,3.0,0.0,0.68,3,44,0.0024752475247524753,-4.946000000000001,0.043859649122807015,0.13020833333333331,0.0,12.0,120000.0,0.0,0.0,3.0,0.0,0.68,1
152.0,10651,0.043859649122807015,0.13020833333333331,0.0,12.0,120000.0,0.0,0.0,4.0,0.0,0.68,3,44,0.0024752475247524753,-4.946000000000001,0.043859649122807015,0.13020833333333331,0.0,12.0,120000.0,0.0,0.0,4.0,0.0,0.68,1
152.0,12003,0.043859649122807015,0.13020833333333331,0.0,12.0,120000.0,0.0,0.0,1.0,0.0,0.68,3,44,0.0024752475247524753,-4.946000000000001,0.043859649122807015,0.13020833333333331,0.0,12.0,120000.0,0.0,0.0,1.0,0.0,0.68,1
147.0,6150,0.045351473922902494,0.13463718820861678,0.0,12.0,120000.0,20000.0,13.0,3.0,0.0,0.68,0,0,0.0024752475247524753,0.75,0.04357298474945533,0.12935729847494554,0.0,12.0,120000.0,20000.0,15.0,3.0,0.0,0.68,0
147.0,6596,0.045351473922902494,0.13463718820861678,0.0,12.0,120000.0,20000.0,4.0,5.0,0.0,0.68,0,0,0.0024752475247524753,0.74975,0.04357298474945533,0.12935729847494554,12.5,12.0,120000.0,20000.0,5.0,5.0,0.0,0.68,0
153.0,29,0.04357298474945533,0.12935729847494554,0.0,8.0,80000.0,20000.0,4.0,2.0,0.0,0.68,3,44,0.0024752475247524753,-4.946000000000001,0.04357298474945533,0.12935729847494554,0.0,8.0,80000.0,20000.0,4.0,2.0,0.0,0.68,1
153.0,1826,0.04357298474945533,0.12935729847494554,0.0,8.0,80000.0,0.0,0.0,4.0,0.0,0.68,3,44,0.0024752475247524753,-4.946000000000001,0.04357298474945533,0.12935729847494554,0.0,8.0,80000.0,0.0,0.0,4.0,0.0,0.68,1
153.0,3081,0.04357298474945533,0.12935729847494554,0.0,25.0,400000.0,0.0,0.0,5.0,0.0,0.68,3,44,0.0024752475247524753,-4.946000000000001,0.04357298474945533,0.12935729847494554,0.0,25.0,400000.0,0.0,0.0,5.0,0.0,0.68,1
153.0,4532,0.04357298474945533,0.12935729847494554,50.0,25.0,400000.0,20000.0,6.0,3.0,0.0,0.68,3,44,0.0024752475247524753,-4.916,0.04357298474945533,0.12935729847494554,50.0,25.0,400000.0,20000.0,6.0,3.0,0.0,0.68,1
153.0,6153,0.04357298474945533,0.12935729847494554,0.0,12.0,120000.0,20000.0,15.0,3.0,0.0,0.68,3,78,0.0024752475247524753,-4.946000000000001,0.04357298474945533,0.12935729847494554,0.0,12.0,120000.0,20000.0,15.0,3.0,0.0,0.68,1
153.0,6599,0.04357298474945533,0.12935729847494554,12.5,12.0,120000.0,20000.0,5.0,5.0,0.0,0.68,3,78,0.0024752475247524753,-4.946000000000001,0.04357298474945533,0.12935729847494554,12.5,12.0,120000.0,20000.0,5.0,5.0,0.0,0.68,1
153.0,7965,0.04357298474945533,0.12935729847494554,25.0,12.0,120000.0,20000.0,8.0,3.0,0.0,0.68,3,92,0.0024752475247524753,-4.941,0.04357298474945533,0.12935729847494554,25.0,12.0,120000.0,20000.0,8.0,3.0,0.0,0.68,1
153.0,8412,0.04357298474945533,0.12935729847494554,0.0,12.0,120000.0,20000.0,15.0,1.0,0.0,0.68,3,92,0.0024752475247524753,-4.946000000000001,0.04357298474945533,0.12935729847494554,0.0,12.0,120000.0,20000.0,15.0,1.0,0.0,0.68,1
153.0,9298,0.04357298474945533,0.12935729847494554,0.0,12.0,120000.0,0.0,0.0,6.0,0.0,0.68,3,92,0.0024752475247524753,-4.946000000000001,0.04357298474945533,0.12935729847494554,0.0,12.0,120000.0,0.0,0.0,6.0,0.0,0.68,1
153.0,10209,0.04357298474945533,0.12935729847494554,0.0,12.0,120000.0,0.0,0.0,2.0,0.0,0.68,3,92,0.0024752475247524753,-4.946000000000001,0.04357298474945533,0.12935729847494554,0.0,12.0,120000.0,0.0,0.0,2.0,0.0,0.68,1
153.0,11564,0.04357298474945533,0.12935729847494554,0.0,12.0,120000.0,0.0,0.0,2.0,0.0,0.68,3,76,0.0024752475247524753,-4.946000000000001,0.04357298474945533,0.12935729847494554,0.0,12.0,120000.0,0.0,0.0,2.0,0.0,0.68,1
153.0,12445,0.04357298474945533,0.12935729847494554,0.0,12.0,120000.0,0.0,0.0,4.0,0.0,0.68,3,76,0.0024752475247524753,-4.946000000000001,0.04357298474945533,0.12935729847494554,0.0,12.0,120000.0,0.0,0.0,4.0,0.0,0.68,1
149.0,945,0.0447427293064877,0.13282997762863535,12.5,8.0,80000.0,20000.0,22.0,1.0,0.0,0.68,0,0,0.0024752475247524753,0.7491243750000004,0.04357013418054588,0.1293488358484956,12.5,8.0,80000.0,20000.0,23.0,1.0,0.0,0.68,0
147.0,7962,0.045351473922902494,0.13463718820861678,12.5,12.0,120000.0,20000.0,7.0,3.0,0.0,0.68,0,0,0.0024752475247524753,0.749332916666667,0.04357013418054588,0.1293488358484956,12.5,12.0,120000.0,20000.0,7.0,3.0,0.0,0.68,0
154.0,1397,0.04329004329004329,0.12851731601731603,0.0,8.0,80000.0,0.0,0.0,5.0,0.0,0.68,3,76,0.0024752475247524753,-4.946000000000001,0.04329004329004329,0.12851731601731603,0.0,8.0,80000.0,0.0,0.0,5.0,0.0,0.68,1
154.0,3079,0.04329004329004329,0.12851731601731603,0.0,25.0,400000.0,0.0,0.0,5.0,0.0,0.68,2,34,0.0024752475247524753,-4.98,0.04329004329004329,0.12851731601731603,0.0,25.0,400000.0,0.0,0.0,5.0,0.0,0.68,1
154.0,5253,0.04329004329004329,0.12851731601731603,0.0,12.0,120000.0,20000.0,5.0,5.0,0.0,0.68,1,7,0.0024752475247524753,-4.98,0.04329004329004329,0.12851731601731603,0.0,12.0,120000.0,20000.0,5.0,5.0,0.0,0.68,1
154.0,5717,0.04329004329004329,0.12851731601731603,12.5,12.0,120000.0,20000.0,4.0,2.0,0.0,0.68,1,7,0.0024752475247524753,-4.98,0.04329004329004329,0.12851731601731603,12.5,12.0,120000.0,20000.0,4.0,2.0,0.0,0.68,1
154.0,7064,0.04329004329004329,0.12851731601731603,25.0,12.0,120000.0,20000.0,7.0,4.0,0.0,0.68,2,58,0.0024752475247524753,-4.975,0.04329004329004329,0.12851731601731603,25.0,12.0,120000.0,20000.0,7.0,4.0,0.0,0.68,1
154.0,8847,0.04329004329004329,0.12851731601731603,0.0,12.0,120000.0,0.0,0.0,3.0,0.0,0.68,2,58,0.0024752475247524753,-4.98,0.04329004329004329,0.12851731601731603,0.0,12.0,120000.0,0.0,0.0,3.0,0.0,0.68,1
154.0,9762,0.04329004329004329,0.12851731601731603,0.0,12.0,120000.0,0.0,0.0,3.0,0.0,0.68,2,87,0.0024752475247524753,-4.98,0.04329004329004329,0.12851731601731603,0.0,12.0,120000.0,0.0,0.0,3.0,0.0,0.68,1
154.0,10652,0.04329004329004329,0.12851731601731603,0.0,12.0,120000.0,0.0,0.0,4.0,0.0,0.68,2,87,0.0024752475247524753,-4.98,0.04329004329004329,0.12851731601731603,0.0,12.0,120000.0,0.0,0.0,4.0,0.0,0.68,1
154.0,12004,0.04329004329004329,0.12851731601731603,0.0,12.0,120000.0,0.0,0.0,1.0,0.0,0.68,2,87,0.0024752475247524753,-4.98,0.04329004329004329,0.12851731601731603,0.0,12.0,120000.0,0.0,0.0,1.0,0.0,0.68,1
148.0,7061,0.04504504504504504,0.13372747747747749,12.5,12.0,120000.0,20000.0,6.0,4.0,0.0,0.68,0,0,0.0024752475247524753,0.749332916666667,0.04328722962011798,0.12850896293472527,12.5,12.0,120000.0,20000.0,6.0,4.0,0.0,0.68,0
148.0,7519,0.04504504504504504,0.13372747747747749,12.5,12.0,120000.0,20000.0,4.0,5.0,0.0,0.68,0,0,0.0024752475247524753,0.749582916666667,0.04328722962011798,0.12850896293472527,0.0,12.0,120000.0,20000.0,3.0,5.0,0.0,0.68,0
155.0,30,0.043010752688172046,0.12768817204301075,0.0,8.0,80000.0,20000.0,4.0,2.0,0.0,0.68,2,87,0.0024752475247524753,-4.98,0.043010752688172046,0.12768817204301075,0.0,8.0,80000.0,20000.0,4.0,2.0,0.0,0.68,1
155.0,948,0.043010752688172046,0.12768817204301075,12.5,8.0,80000.0,20000.0,23.0,1.0,0.0,0.68,2,96,0.0024752475247524753,-4.98,0.043010752688172046,0.12768817204301075,12.5,8.0,80000.0,20000.0,23.0,1.0,0.0,0.68,1
155.0,1827,0.043010752688172046,0.12768817204301075,0.0,8.0,80000.0,0.0,0.0,4.0,0.0,0.68,3,36,0.0024752475247524753,-4.946000000000001,0.043010752688172046,0.12768817204301075,0.0,8.0,80000.0,0.0,0.0,4.0,0.0,0.68,1
155.0,2732,0.043010752688172046,0.12768817204301075,37.5,25.0,400000.0,20000.0,13.0,4.0,0.0,0.68,1,9,0.0024752475247524753,-4.9625,0.043010752688172046,0.12768817204301075,37.5,25.0,400000.0,20000.0,13.0,4.0,0.0,0.68,1
155.0,3458,0.043010752688172046,0.12768817204301075,12.5,25.0,400000.0,20000.0,8.0,2.0,0.0,0.68,1,9,0.0024752475247524753,-4.98,0.043010752688172046,0.12768817204301075,12.5,25.0,400000.0,20000.0,9.0,2.0,0.0,0.68,1
155.0,4173,0.043010752688172046,0.12768817204301075,0.0,25.0,400000.0,0.0,0.0,1.0,0.0,0.68,1,9,0.0024752475247524753,-4.980500000000001,0.043010752688172046,0.12768817204301075,0.0,25.0,400000.0,0.0,0.0,1.0,0.0,0.68,1
155.0,4888,0.043010752688172046,0.12768817204301075,0.0,25.0,400000.0,0.0,0.0,5.0,0.0,0.68,1,81,0.0024752475247524753,-4.98,0.043010752688172046,0.12768817204301075,0.0,25.0,400000.0,0.0,0.0,5.0,0.0,0.68,1
155.0,6600,0.043010752688172046,0.12768817204301075,12.5,12.0,120000.0,20000.0,5.0,5.0,0.0,0.68,3,69,0.0024752475247524753,-4.946000000000001,0.043010752688172046,0.12768817204301075,12.5,12.0,120000.0,20000.0,5.0,5.0,0.0,0.68,1
155.0,7966,0.043010752688172046,0.12768817204301075,12.5,12.0,120000.0,20000.0,7.0,3.0,0.0,0.68,3,69,0.0024752475247524753,-4.946000000000001,0.043010752688172046,0.12768817204301075,12.5,12.0,120000.0,20000.0,7.0,3.0,0.0,0.68,1
155.0,8413,0.043010752688172046,0.12768817204301075,0.0,12.0,120000.0,20000.0,15.0,1.0,0.0,0.68,3,89,0.0024752475247524753,-4.946000000000001,0.043010752688172046,0.12768817204301075,0.0,12.0,120000.0,20000.0,15.0,1.0,0.0,0.68,1
155.0,9299,0.043010752688172046,0.12768817204301075,0.0,12.0,120000.0,0.0,0.0,6.0,0.0,0.68,3,89,0.0024752475247524753,-4.946000000000001,0.043010752688172046,0.12768817204301075,0.0,12.0,120000.0,0.0,0.0,6.0,0.0,0.68,1
155.0,10210,0.043010752688172046,0.12768817204301075,0.0,12.0,120000.0,0.0,0.0,2.0,0.0,0.68,3,33,0.0024752475247524753,-4.946000000000001,0.043010752688172046,0.12768817204301075,0.0,12.0,120000.0,0.0,0.0,2.0,0.0,0.68,1
155.0,11095,0.043010752688172046,0.12768817204301075,0.0,12.0,120000.0,0.0,0.0,4.0,0.0,0.68,3,33,0.0024752475247524753,-4.946000000000001,0.043010752688172046,0.12768817204301075,0.0,12.0,120000.0,0.0,0.0,4.0,0.0,0.68,1
155.0,11565,0.043010752688172046,0.12768817204301075,0.0,12.0,120000.0,0.0,0.0,2.0,0.0,0.68,1,99,0.0024752475247524753,-4.98025,0.043010752688172046,0.12768817204301075,0.0,12.0,120000.0,0.0,0.0,2.0,0.0,0.68,1
155.0,12446,0.043010752688172046,0.12768817204301075,0.0,12.0,120000.0,0.0,0.0,4.0,0.0,0.68,1,99,0.0024752475247524753,-4.98,0.043010752688172046,0.12768817204301075,0.0,12.0,120000.0,0.0,0.0,4.0,0.0,0.68,1
135.0,4526,0.04938271604938272,0.14660493827160495,25.0,25.0,400000.0,20000.0,4.0,3.0,0.0,0.68,0,0,0.0024752475247524753,0.5990498000000001,0.0430079752053862,0.1276799263909903,37.5,25.0,400000.0,20000.0,5.0,3.0,0.0,0.68,0
156.0,494,0.042735042735042736,0.1268696581196581,12.5,8.0,80000.0,20000.0,12.0,4.0,0.0,0.68,2,93,0.0024752475247524753,-4.98,0.042735042735042736,0.1268696581196581,12.5,8.0,80000.0,20000.0,12.0,4.0,0.0,0.68,1
156.0,1398,0.042735042735042736,0.1268696581196581,0.0,8.0,80000.0,0.0,0.0,5.0,0.0,0.68,2,93,0.0024752475247524753,-4.98,0.042735042735042736,0.1268696581196581,0.0,8.0,80000.0,0.0,0.0,5.0,0.0,0.68,1
156.0,3082,0.042735042735042736,0.1268696581196581,0.0,25.0,400000.0,0.0,0.0,5.0,0.0,0.68,2,93,0.0024752475247524753,-4.98,0.042735042735042736,0.1268696581196581,0.0,25.0,400000.0,0.0,0.0,5.0,0.0,0.68,1
156.0,4533,0.042735042735042736,0.1268696581196581,37.5,25.0,400000.0,20000.0,5.0,3.0,0.0,0.68,2,93,0.0024752475247524753,-4.9625,0.042735042735042736,0.1268696581196581,37.5,25.0,400000.0,20000.0,5.0,3.0,0.0,0.68,1
156.0,7065,0.042735042735042736,0.1268696581196581,12.5,12.0,120000.0,20000.0,6.0,4.0,0.0,0.68,3,38,0.0024752475247524753,-4.946000000000001,0.042735042735042736,0.1268696581196581,12.5,12.0,120000.0,20000.0,6.0,4.0,0.0,0.68,1
156.0,8848,0.042735042735042736,0.1268696581196581,0.0,12.0,120000.0,0.0,0.0,3.0,0.0,0.68,3,38,0.0024752475247524753,-4.946000000000001,0.042735042735042736,0.1268696581196581,0.0,12.0,120000.0,0.0,0.0,3.0,0.0,0.68,1
156.0,9763,0.042735042735042736,0.1268696581196581,0.0,12.0,120000.0,0.0,0.0,3.0,0.0,0.68,3,99,0.0024752475247524753,-4.946000000000001,0.042735042735042736,0.1268696581196581,0.0,12.0,120000.0,0.0,0.0,3.0,0.0,0.68,1
156.0,10653,0.042735042735042736,0.1268696581196581,0.0,12.0,120000.0,0.0,0.0,4.0,0.0,0.68,3,99,0.0024752475247524753,-4.946000000000001,0.042735042735042736,0.1268696581196581,0.0,12.0,120000.0,0.0,0.0,4.0,0.0,0.68,1
156.0,12005,0.042735042735042736,0.1268696581196581,0.0,12.0,120000.0,0.0,0.0,1.0,0.0,0.68,3,99,0.0024752475247524753,-4.946000000000001,0.042735042735042736,0.1268696581196581,0.0,12.0,120000.0,0.0,0.0,1.0,0.0,0.68,1
137.0,2716,0.04866180048661801,0.1444647201946472,0.0,25.0,400000.0,20000.0,10.0,4.0,0.0,0.68,0,0,0.0024752475247524753,0.5995,0.042462845010615716,0.1260615711252654,25.0,25.0,400000.0,20000.0,12.0,4.0,0.0,0.68,0
157.0,31,0.042462845010615716,0.1260615711252654,0.0,8.0,80000.0,20000.0,4.0,2.0,0.0,0.68,3,99,0.0024752475247524753,-4.946000000000001,0.042462845010615716,0.1260615711252654,0.0,8.0,80000.0,20000.0,4.0,2.0,0.0,0.68,1
157.0,949,0.042462845010615716,0.1260615711252654,12.5,8.0,80000.0,20000.0,23.0,1.0,0.0,0.68,3,55,0.0024752475247524753,-4.946000000000001,0.042462845010615716,0.1260615711252654,12.5,8.0,80000.0,20000.0,23.0,1.0,0.0,0.68,1
157.0,1828,0.042462845010615716,0.1260615711252654,0.0,8.0,80000.0,0.0,0.0,4.0,0.0,0.68,3,55,0.0024752475247524753,-4.946000000000001,0.042462845010615716,0.1260615711252654,0.0,8.0,80000.0,0.0,0.0,4.0,0.0,0.68,1
157.0,6155,0.042462845010615716,0.1260615711252654,12.5,12.0,120000.0,20000.0,16.0,3.0,0.0,0.68,2,33,0.0024752475247524753,-4.98,0.042462845010615716,0.1260615711252654,12.5,12.0,120000.0,20000.0,16.0,3.0,0.0,0.68,1
157.0,6601,0.042462845010615716,0.1260615711252654,12.5,12.0,120000.0,20000.0,5.0,5.0,0.0,0.68,2,33,0.0024752475247524753,-4.98,0.042462845010615716,0.1260615711252654,12.5,12.0,120000.0,20000.0,5.0,5.0,0.0,0.68,1
157.0,7967,0.042462845010615716,0.1260615711252654,12.5,12.0,120000.0,20000.0,7.0,3.0,0.0,0.68,3,5,0.0024752475247524753,-4.946000000000001,0.042462845010615716,0.1260615711252654,12.5,12.0,120000.0,20000.0,7.0,3.0,0.0,0.68,1
157.0,8414,0.042462845010615716,0.1260615711252654,0.0,12.0,120000.0,20000.0,15.0,1.0,0.0,0.68,3,5,0.0024752475247524753,-4.946000000000001,0.042462845010615716,0.1260615711252654,0.0,12.0,120000.0,20000.0,15.0,1.0,0.0,0.68,1
157.0,9300,0.042462845010615716,0.1260615711252654,0.0,12.0,120000.0,0.0,0.0,6.0,0.0,0.68,3,34,0.0024752475247524753,-4.946000000000001,0.042462845010615716,0.1260615711252654,0.0,12.0,120000.0,0.0,0.0,6.0,0.0,0.68,1
157.0,10211,0.042462845010615716,0.1260615711252654,0.0,12.0,120000.0,0.0,0.0,2.0,0.0,0.68,3,34,0.0024752475247524753,-4.946000000000001,0.042462845010615716,0.1260615711252654,0.0,12.0,120000.0,0.0,0.0,2.0,0.0,0.68,1
157.0,11096,0.042462845010615716,0.1260615711252654,0.0,12.0,120000.0,0.0,0.0,4.0,0.0,0.68,3,34,0.0024752475247524753,-4.946000000000001,0.042462845010615716,0.1260615711252654,0.0,12.0,120000.0,0.0,0.0,4.0,0.0,0.68,1
157.0,11566,0.042462845010615716,0.1260615711252654,0.0,12.0,120000.0,0.0,0.0,2.0,0.0,0.68,3,34,0.0024752475247524753,-4.946000000000001,0.042462845010615716,0.1260615711252654,0.0,12.0,120000.0,0.0,0.0,2.0,0.0,0.68,1
157.0,12447,0.042462845010615716,0.1260615711252654,0.0,12.0,120000.0,0.0,0.0,4.0,0.0,0.68,3,34,0.0024752475247524753,-4.946000000000001,0.042462845010615716,0.1260615711252654,0.0,12.0,120000.0,0.0,0.0,4.0,0.0,0.68,1
151.0,6598,0.04415011037527594,0.13107064017660044,12.5,12.0,120000.0,20000.0,5.0,5.0,0.0,0.68,0,0,0.0024752475247524753,0.749582916666667,0.04246013783877006,0.12605353420884863,0.0,12.0,120000.0,20000.0,4.0,5.0,0.0,0.68,0
137.0,3805,0.04866180048661801,0.1444647201946472,25.0,25.0,400000.0,20000.0,9.0,0.0,0.0,0.68,0,0,0.0024752475247524753,0.5992998000000002,0.04246013783877006,0.12605353420884863,25.0,25.0,400000.0,20000.0,10.0,0.0,0.0,0.68,0
153.0,947,0.04357298474945533,0.12935729847494554,12.5,8.0,80000.0,20000.0,23.0,1.0,0.0,0.68,0,0,0.0024752475247524753,0.7493743750000004,0.04246013783877006,0.12605353420884863,0.0,8.0,80000.0,20000.0,22.0,1.0,0.0,0.68,0
151.0,7964,0.04415011037527594,0.13107064017660044,12.5,12.0,120000.0,20000.0,7.0,3.0,0.0,0.68,0,0,0.0024752475247524753,0.749582916666667,0.04246013783877006,0.12605353420884863,0.0,12.0,120000.0,20000.0,6.0,3.0,0.0,0.68,0
154.0,493,0.04329004329004329,0.12851731601731603,0.0,8.0,80000.0,20000.0,11.0,4.0,0.0,0.68,0,0,0.0024752475247524753,0.75,0.04219409282700422,0.1252637130801688,0.0,8.0,80000.0,20000.0,12.0,4.0,0.0,0.68,0
152.0,5716,0.043859649122807015,0.13020833333333331,0.0,12.0,120000.0,20000.0,3.0,2.0,0.0,0.68,0,0,0.0024752475247524753,0.74975,0.04219409282700422,0.1252637130801688,12.5,12.0,120000.0,20000.0,4.0,2.0,0.0,0.68,0
158.0,1399,0.04219409282700422,0.1252637130801688,0.0,8.0,80000.0,0.0,0.0,5.0,0.0,0.68,2,34,0.0024752475247524753,-4.98,0.04219409282700422,0.1252637130801688,0.0,8.0,80000.0,0.0,0.0,5.0,0.0,0.68,1
158.0,2733,0.04219409282700422,0.1252637130801688,25.0,25.0,400000.0,20000.0,12.0,4.0,0.0,0.68,1,40,0.0024752475247524753,-4.975,0.04219409282700422,0.1252637130801688,25.0,25.0,400000.0,20000.0,12.0,4.0,0.0,0.68,1
158.0,3459,0.04219409282700422,0.1252637130801688,12.5,25.0,400000.0,20000.0,9.0,2.0,0.0,0.68,1,40,0.0024752475247524753,-4.98,0.04219409282700422,0.1252637130801688,12.5,25.0,400000.0,20000.0,9.0,2.0,0.0,0.68,1
158.0,3812,0.04219409282700422,0.1252637130801688,25.0,25.0,400000.0,20000.0,10.0,0.0,0.0,0.68,3,76,0.0024752475247524753,-4.941,0.04219409282700422,0.1252637130801688,25.0,25.0,400000.0,20000.0,10.0,0.0,0.0,0.68,1
158.0,4174,0.04219409282700422,0.1252637130801688,0.0,25.0,400000.0,0.0,0.0,1.0,0.0,0.68,3,76,0.0024752475247524753,-4.946000000000001,0.04219409282700422,0.1252637130801688,0.0,25.0,400000.0,0.0,0.0,1.0,0.0,0.68,1
158.0,4889,0.04219409282700422,0.1252637130801688,0.0,25.0,400000.0,0.0,0.0,5.0,0.0,0.68,2,12,0.0024752475247524753,-4.98,0.04219409282700422,0.1252637130801688,0.0,25.0,400000.0,0.0,0.0,5.0,0.0,0.68,1
158.0,5255,0.04219409282700422,0.1252637130801688,12.5,12.0,120000.0,20000.0,6.0,5.0,0.0,0.68,2,12,0.0024752475247524753,-4.98,0.04219409282700422,0.1252637130801688,12.5,12.0,120000.0,20000.0,6.0,5.0,0.0,0.68,1
158.0,5719,0.04219409282700422,0.1252637130801688,12.5,12.0,120000.0,20000.0,4.0,2.0,0.0,0.68,1,51,0.0024752475247524753,-4.98,0.04219409282700422,0.1252637130801688,12.5,12.0,120000.0,20000.0,4.0,2.0,0.0,0.68,1
158.0,7066,0.04219409282700422,0.1252637130801688,12.5,12.0,120000.0,20000.0,6.0,4.0,0.0,0.68,1,51,0.0024752475247524753,-4.98,0.04219409282700422,0.1252637130801688,12.5,12.0,120000.0,20000.0,6.0,4.0,0.0,0.68,1
158.0,8849,0.04219409282700422,0.1252637130801688,0.0,12.0,120000.0,0.0,0.0,3.0,0.0,0.68,1,51,0.0024752475247524753,-4.98,0.04219409282700422,0.1252637130801688,0.0,12.0,120000.0,0.0,0.0,3.0,0.0,0.68,1
158.0,9764,0.04219409282700422,0.1252637130801688,0.0,12.0,120000.0,0.0,0.0,3.0,0.0,0.68,2,90,0.0024752475247524753,-4.98,0.04219409282700422,0.1252637130801688,0.0,12.0,120000.0,0.0,0.0,3.0,0.0,0.68,1
158.0,10654,0.04219409282700422,0.1252637130801688,0.0,12.0,120000.0,0.0,0.0,4.0,0.0,0.68,1,67,0.0024752475247524753,-4.98,0.04219409282700422,0.1252637130801688,0.0,12.0,120000.0,0.0,0.0,4.0,0.0,0.68,1
158.0,12006,0.04219409282700422,0.1252637130801688,0.0,12.0,120000.0,0.0,0.0,1.0,0.0,0.68,1,67,0.0024752475247524753,-4.98,0.04219409282700422,0.1252637130801688,0.0,12.0,120000.0,0.0,0.0,1.0,0.0,0.68,1
152.0,7063,0.043859649122807015,0.13020833333333331,12.5,12.0,120000.0,20000.0,6.0,4.0,0.0,0.68,0,0,0.0024752475247524753,0.749582916666667,0.042191419813635014,0.12525577757172895,0.0,12.0,120000.0,20000.0,5.0,4.0,0.0,0.68,0
138.0,4527,0.04830917874396135,0.14341787439613526,37.5,25.0,400000.0,20000.0,5.0,3.0,0.0,0.68,0,0,0.0024752475247524753,0.5992998000000002,0.042191419813635014,0.12525577757172895,25.0,25.0,400000.0,20000.0,4.0,3.0,0.0,0.68,0
159.0,32,0.04192872117400419,0.12447589098532495,0.0,8.0,80000.0,20000.0,4.0,2.0,0.0,0.68,1,67,0.0024752475247524753,-4.98,0.04192872117400419,0.12447589098532495,0.0,8.0,80000.0,20000.0,4.0,2.0,0.0,0.68,1
159.0,1829,0.04192872117400419,0.12447589098532495,0.0,8.0,80000.0,0.0,0.0,4.0,0.0,0.68,1,15,0.0024752475247524753,-4.98,0.04192872117400419,0.12447589098532495,0.0,8.0,80000.0,0.0,0.0,4.0,0.0,0.68,1
159.0,3083,0.04192872117400419,0.12447589098532495,0.0,25.0,400000.0,0.0,0.0,5.0,0.0,0.68,1,15,0.0024752475247524753,-4.98,0.04192872117400419,0.12447589098532495,0.0,25.0,400000.0,0.0,0.0,5.0,0.0,0.68,1
159.0,4534,0.04192872117400419,0.12447589098532495,25.0,25.0,400000.0,20000.0,4.0,3.0,0.0,0.68,2,31,0.0024752475247524753,-4.975,0.04192872117400419,0.12447589098532495,25.0,25.0,400000.0,20000.0,4.0,3.0,0.0,0.68,1
159.0,6156,0.04192872117400419,0.12447589098532495,12.5,12.0,120000.0,20000.0,16.0,3.0,0.0,0.68,2,31,0.0024752475247524753,-4.98,0.04192872117400419,0.12447589098532495,12.5,12.0,120000.0,20000.0,16.0,3.0,0.0,0.68,1
159.0,8415,0.04192872117400419,0.12447589098532495,0.0,12.0,120000.0,20000.0,16.0,1.0,0.0,0.68,3,41,0.0024752475247524753,-4.946000000000001,0.04192872117400419,0.12447589098532495,0.0,12.0,120000.0,20000.0,17.0,1.0,0.0,0.68,1
159.0,9301,0.04192872117400419,0.12447589098532495,0.0,12.0,120000.0,0.0,0.0,6.0,0.0,0.68,3,41,0.0024752475247524753,-4.946000000000001,0.04192872117400419,0.12447589098532495,0.0,12.0,120000.0,0.0,0.0,6.0,0.0,0.68,1
159.0,10212,0.04192872117400419,0.12447589098532495,0.0,12.0,120000.0,0.0,0.0,2.0,0.0,0.68,1,44,0.0024752475247524753,-4.98,0.04192872117400419,0.12447589098532495,0.0,12.0,120000.0,0.0,0.0,2.0,0.0,0.68,1
159.0,11097,0.04192872117400419,0.12447589098532495,0.0,12.0,120000.0,0.0,0.0,4.0,0.0,0.68,1,44,0.0024752475247524753,-4.98,0.04192872117400419,0.12447589098532495,0.0,12.0,120000.0,0.0,0.0,4.0,0.0,0.68,1
159.0,11567,0.04192872117400419,0.12447589098532495,0.0,12.0,120000.0,0.0,0.0,2.0,0.0,0.68,1,44,0.0024752475247524753,-4.98,0.04192872117400419,0.12447589098532495,0.0,12.0,120000.0,0.0,0.0,2.0,0.0,0.68,1
159.0,12448,0.04192872117400419,0.12447589098532495,0.0,12.0,120000.0,0.0,0.0,4.0,0.0,0.68,1,44,0.0024752475247524753,-4.98,0.04192872117400419,0.12447589098532495,0.0,12.0,120000.0,0.0,0.0,4.0,0.0,0.68,1
160.0,496,0.04166666666666667,0.12369791666666667,12.5,8.0,80000.0,20000.0,12.0,4.0,0.0,0.68,1,42,0.0024752475247524753,-4.98,0.04166666666666667,0.12369791666666667,12.5,8.0,80000.0,20000.0,12.0,4.0,0.0,0.68,1
160.0,5256,0.04166666666666667,0.12369791666666667,12.5,12.0,120000.0,20000.0,6.0,5.0,0.0,0.68,1,42,0.0024752475247524753,-4.98,0.04166666666666667,0.12369791666666667,12.5,12.0,120000.0,20000.0,6.0,5.0,0.0,0.68,1
160.0,8850,0.04166666666666667,0.12369791666666667,0.0,12.0,120000.0,0.0,0.0,3.0,0.0,0.68,2,42,0.0024752475247524753,-4.98,0.04166666666666667,0.12369791666666667,0.0,12.0,120000.0,0.0,0.0,3.0,0.0,0.68,1
160.0,9765,0.04166666666666667,0.12369791666666667,0.0,12.0,120000.0,0.0,0.0,3.0,0.0,0.68,2,42,0.0024752475247524753,-4.98,0.04166666666666667,0.12369791666666667,0.0,12.0,120000.0,0.0,0.0,3.0,0.0,0.68,1
160.0,10655,0.04166666666666667,0.12369791666666667,0.0,12.0,120000.0,0.0,0.0,4.0,0.0,0.68,2,42,0.0024752475247524753,-4.98,0.04166666666666667,0.12369791666666667,0.0,12.0,120000.0,0.0,0.0,4.0,0.0,0.68,1
160.0,12007,0.04166666666666667,0.12369791666666667,0.0,12.0,120000.0,0.0,0.0,1.0,0.0,0.68,1,27,0.0024752475247524753,-4.98025,0.04166666666666667,0.12369791666666667,0.0,12.0,120000.0,0.0,0.0,1.0,0.0,0.68,1
140.0,3806,0.047619047619047616,0.14136904761904762,37.5,25.0,400000.0,20000.0,10.0,0.0,0.0,0.68,0,0,0.0024752475247524753,0.5995498000000001,0.041664060058909234,0.12369017829988678,12.5,25.0,400000.0,20000.0,9.0,0.0,0.0,0.68,0
155.0,6154,0.043010752688172046,0.12768817204301075,0.0,12.0,120000.0,20000.0,15.0,3.0,0.0,0.68,1,81,0.0024752475247524753,0.77,0.041407867494824016,0.12292960662525879,0.0,12.0,120000.0,20000.0,15.0,3.0,0.0,0.68,0
161.0,1830,0.041407867494824016,0.12292960662525879,0.0,8.0,80000.0,0.0,0.0,4.0,0.0,0.68,3,99,0.0024752475247524753,-4.946000000000001,0.041407867494824016,0.12292960662525879,0.0,8.0,80000.0,0.0,0.0,4.0,0.0,0.68,1
161.0,2734,0.041407867494824016,0.12292960662525879,25.0,25.0,400000.0,20000.0,12.0,4.0,0.0,0.68,3,99,0.0024752475247524753,-4.941,0.041407867494824016,0.12292960662525879,25.0,25.0,400000.0,20000.0,12.0,4.0,0.0,0.68,1
161.0,3813,0.041407867494824016,0.12292960662525879,12.5,25.0,400000.0,20000.0,9.0,0.0,0.0,0.68,3,99,0.0024752475247524753,-4.946000000000001,0.041407867494824016,0.12292960662525879,12.5,25.0,400000.0,20000.0,9.0,0.0,0.0,0.68,1
161.0,4175,0.041407867494824016,0.12292960662525879,0.0,25.0,400000.0,0.0,0.0,1.0,0.0,0.68,3,99,0.0024752475247524753,-4.946000000000001,0.041407867494824016,0.12292960662525879,0.0,25.0,400000.0,0.0,0.0,1.0,0.0,0.68,1
161.0,4890,0.041407867494824016,0.12292960662525879,0.0,25.0,400000.0,0.0,0.0,5.0,0.0,0.68,3,5,0.0024752475247524753,-4.946000000000001,0.041407867494824016,0.12292960662525879,0.0,25.0,400000.0,0.0,0.0,5.0,0.0,0.68,1
161.0,6157,0.041407867494824016,0.12292960662525879,0.0,12.0,120000.0,20000.0,15.0,3.0,0.0,0.68,3,5,0.0024752475247524753,-4.946000000000001,0.041407867494824016,0.12292960662525879,0.0,12.0,120000.0,20000.0,15.0,3.0,0.0,0.68,1
161.0,8416,0.041407867494824016,0.12292960662525879,0.0,12.0,120000.0,20000.0,17.0,1.0,0.0,0.68,3,84,0.0024752475247524753,-4.946000000000001,0.041407867494824016,0.12292960662525879,0.0,12.0,120000.0,20000.0,18.0,1.0,0.0,0.68,1
161.0,9302,0.041407867494824016,0.12292960662525879,0.0,12.0,120000.0,0.0,0.0,6.0,0.0,0.68,3,84,0.0024752475247524753,-4.946000000000001,0.041407867494824016,0.12292960662525879,0.0,12.0,120000.0,0.0,0.0,6.0,0.0,0.68,1
161.0,10213,0.041407867494824016,0.12292960662525879,0.0,12.0,120000.0,0.0,0.0,2.0,0.0,0.68,1,96,0.0024752475247524753,-4.98,0.041407867494824016,0.12292960662525879,0.0,12.0,120000.0,0.0,0.0,2.0,0.0,0.68,1
161.0,11098,0.041407867494824016,0.12292960662525879,0.0,12.0,120000.0,0.0,0.0,4.0,0.0,0.68,1,96,0.0024752475247524753,-4.98,0.041407867494824016,0.12292960662525879,0.0,12.0,120000.0,0.0,0.0,4.0,0.0,0.68,1
161.0,11568,0.041407867494824016,0.12292960662525879,0.0,12.0,120000.0,0.0,0.0,2.0,0.0,0.68,2,91,0.0024752475247524753,-4.98,0.041407867494824016,0.12292960662525879,0.0,12.0,120000.0,0.0,0.0,2.0,0.0,0.68,1
161.0,12449,0.041407867494824016,0.12292960662525879,0.0,12.0,120000.0,0.0,0.0,4.0,0.0,0.68,2,91,0.0024752475247524753,-4.98,0.041407867494824016,0.12292960662525879,0.0,12.0,120000.0,0.0,0.0,4.0,0.0,0.68,1
