time,task_id,s0,s1,s2,s3,s4,s5,s6,s7,s8,action_offload,action_prb_ratio,action_prob,reward,s_next0,s_next1,s_next2,s_next3,s_next4,s_next5,s_next6,s_next7,s_next8,done
45.0,2160,0.0,0.0,0.0,12.0,120000.0,0.0,0.0,0.0,1.0,2,0.0,1.0,-4.930000000000001,0.0,0.0,0.0,12.0,120000.0,0.0,0.0,0.0,1.0,1
48.0,811,0.0,0.0,0.0,12.0,120000.0,20000.0,1.0,0.0,0.998,0,0.0,1.0,9.79965,0.0,0.0,0.0,12.0,120000.0,20000.0,2.0,0.0,0.993,0
57.0,2166,0.0,0.0,0.0,12.0,120000.0,0.0,0.0,0.0,0.992,3,0.0,1.0,-4.930400000000001,0.0,0.0,0.0,12.0,120000.0,0.0,0.0,0.0,0.992,1
54.0,814,0.0,0.0,0.0,12.0,120000.0,20000.0,1.0,0.0,0.993,0,0.0,1.0,9.798582916666666,0.0,0.0,25.0,12.0,120000.0,20000.0,3.0,0.0,0.99,0
56.0,815,0.0,0.0,12.5,12.0,120000.0,20000.0,2.0,0.0,0.992,0,0.0,1.0,9.798532916666666,0.0,0.05039508943797945,25.0,12.0,120000.0,20000.0,3.0,0.0,0.989,0
63.0,2169,0.0,0.0496031746031746,0.0,12.0,120000.0,0.0,0.0,0.0,0.989,2,0.0,1.0,-4.93055,0.0,0.0496031746031746,0.0,12.0,120000.0,0.0,0.0,0.0,0.989,1
46.0,810,0.0,0.0,0.0,12.0,120000.0,20000.0,1.0,0.0,1.0,2,0.1,1.0,-3.6805499999999998,0.0,0.048828125,25.0,12.0,120000.0,20000.0,3.0,0.0,0.989,1
58.0,816,0.0,0.0,25.0,12.0,120000.0,20000.0,3.0,0.0,0.992,0,0.0,1.0,9.798532916666666,0.0,0.0488204891703657,25.0,12.0,120000.0,20000.0,3.0,0.0,0.989,0
65.0,0,0.0,0.04807692307692308,0.0,8.0,80000.0,0.0,0.0,1.0,0.989,2,0.0,1.0,-4.93055,0.0,0.04807692307692308,0.0,8.0,80000.0,0.0,0.0,1.0,0.989,1
62.0,818,0.0,0.05040322580645161,25.0,12.0,120000.0,20000.0,3.0,0.0,0.989,0,0.0,1.0,9.798532916666668,0.0,0.04594911837242783,12.5,12.0,120000.0,20000.0,2.0,0.0,0.984,0
69.0,2,0.0,0.04528985507246377,0.0,8.0,80000.0,0.0,0.0,1.0,0.984,1,0.0,1.0,-4.9308000000000005,0.0,0.04528985507246377,0.0,8.0,80000.0,0.0,0.0,1.0,0.984,1
69.0,2172,0.0,0.04528985507246377,0.0,12.0,120000.0,0.0,0.0,0.0,0.984,2,0.0,1.0,-4.93085,0.0,0.04528985507246377,0.0,12.0,120000.0,0.0,0.0,0.0,0.983,1
64.0,819,0.0,0.048828125,25.0,12.0,120000.0,20000.0,3.0,0.0,0.989,0,0.0,1.0,9.798482916666666,0.0,0.08927294825411396,12.5,12.0,120000.0,20000.0,2.0,0.0,0.983,0
71.0,3,0.0,0.08802816901408451,0.0,8.0,80000.0,0.0,0.0,1.0,0.983,1,0.0,1.0,-4.93085,0.0,0.08802816901408451,0.0,8.0,80000.0,0.0,0.0,1.0,0.983,1
47.0,2161,0.0,0.0,0.0,12.0,120000.0,0.0,0.0,0.0,0.999,2,0.1,1.0,-3.93095,0.0,0.08680555555555555,0.0,12.0,120000.0,0.0,0.0,0.0,0.981,1
69.0,1710,0.0,0.04528985507246377,0.0,12.0,120000.0,0.0,0.0,1.0,0.984,1,0.7174519896507263,1.0,9.902133333333333,0.0,0.08561643835616438,0.0,12.0,120000.0,0.0,0.0,1.0,0.981,0
73.0,4,0.0,0.08561643835616438,0.0,8.0,80000.0,0.0,0.0,1.0,0.981,1,0.0,1.0,-4.930950000000001,0.0,0.08561643835616438,0.0,8.0,80000.0,0.0,0.0,1.0,0.981,1
73.0,2174,0.0,0.08561643835616438,0.0,12.0,120000.0,0.0,0.0,0.0,0.981,2,0.0,1.0,-4.931000000000001,0.0,0.08561643835616438,0.0,12.0,120000.0,0.0,0.0,0.0,0.98,1
68.0,1260,0.0,0.04595588235294117,0.0,12.0,120000.0,20000.0,1.0,0.0,0.985,0,0.0,1.0,9.798499999999999,0.0,0.08445945945945946,25.0,12.0,120000.0,20000.0,4.0,0.0,0.98,0
71.0,1711,0.0,0.08802816901408451,0.0,12.0,120000.0,0.0,0.0,1.0,0.983,1,0.7174519896507263,1.0,9.902333333333333,0.0,0.08333333333333334,0.0,12.0,120000.0,0.0,0.0,1.0,0.98,0
70.0,822,0.0,0.08928571428571429,12.5,12.0,120000.0,20000.0,2.0,0.0,0.983,0,0.0,1.0,9.797632916666666,0.0,0.08222601207393605,37.5,12.0,120000.0,20000.0,4.0,0.0,0.976,0
70.0,1261,0.0,0.08928571428571429,12.5,12.0,120000.0,20000.0,2.0,0.0,0.983,0,0.0,1.0,9.797632916666666,0.0,0.08222601207393605,37.5,12.0,120000.0,20000.0,4.0,0.0,0.976,0
77.0,6,0.0,0.12175324675324675,0.0,8.0,80000.0,0.0,0.0,1.0,0.976,1,0.0,1.0,-4.9312000000000005,0.0,0.12175324675324675,0.0,8.0,80000.0,0.0,0.0,1.0,0.976,1
77.0,2176,0.0,0.12175324675324675,0.0,12.0,120000.0,0.0,0.0,0.0,0.976,3,0.0,1.0,-4.93125,0.0,0.12175324675324675,0.0,12.0,120000.0,0.0,0.0,0.0,0.975,1
72.0,823,0.0,0.08680555555555555,12.5,12.0,120000.0,20000.0,2.0,0.0,0.981,0,0.0,1.0,9.797582916666666,0.0,0.1602358466560894,37.5,12.0,120000.0,20000.0,4.0,0.0,0.975,0
72.0,1262,0.0,0.08680555555555555,25.0,12.0,120000.0,20000.0,3.0,0.0,0.981,0,0.0,1.0,9.797582916666666,0.0,0.1602358466560894,37.5,12.0,120000.0,20000.0,4.0,0.0,0.975,0
66.0,820,0.0,0.04734848484848485,25.0,12.0,120000.0,20000.0,3.0,0.0,0.988,2,0.7174519896507263,1.0,-3.4679166666666665,0.0,0.15822784810126583,37.5,12.0,120000.0,20000.0,4.0,0.0,0.975,1
79.0,7,0.0,0.15822784810126583,0.0,8.0,80000.0,0.0,0.0,1.0,0.975,3,0.0,1.0,-4.93125,0.0,0.15822784810126583,0.0,8.0,80000.0,0.0,0.0,1.0,0.975,1
68.0,821,0.0,0.04595588235294117,25.0,12.0,120000.0,20000.0,3.0,0.0,0.985,2,0.7174519896507263,1.0,-3.426917083333333,0.0,0.15623045166473548,25.0,12.0,120000.0,20000.0,3.0,0.0,0.97,1
74.0,824,0.0,0.08445945945945946,25.0,12.0,120000.0,20000.0,3.0,0.0,0.98,0,0.0,1.0,9.797582916666666,0.0,0.15623045166473548,25.0,12.0,120000.0,20000.0,3.0,0.0,0.97,0
74.0,1263,0.0,0.08445945945945946,25.0,12.0,120000.0,20000.0,3.0,0.0,0.98,0,0.0,1.0,9.797582916666666,0.0,0.15623045166473548,25.0,12.0,120000.0,20000.0,3.0,0.0,0.97,0
77.0,1714,0.0,0.12175324675324675,0.0,12.0,120000.0,0.0,0.0,1.0,0.976,1,0.03192143887281418,1.0,9.901883333333334,0.0,0.15432098765432098,0.0,12.0,120000.0,0.0,0.0,1.0,0.971,0
76.0,825,0.0,0.08223684210526315,37.5,12.0,120000.0,20000.0,4.0,0.0,0.976,0,0.0,1.0,9.797432916666665,0.0,0.19052552243317616,25.0,12.0,120000.0,20000.0,3.0,0.0,0.967,0
76.0,1264,0.0,0.08223684210526315,37.5,12.0,120000.0,20000.0,4.0,0.0,0.976,0,0.0,1.0,9.797432916666665,0.0,0.19052552243317616,25.0,12.0,120000.0,20000.0,3.0,0.0,0.967,0
83.0,9,0.0,0.18825301204819278,0.0,8.0,80000.0,0.0,0.0,1.0,0.967,1,0.0,1.0,-4.93165,0.0,0.18825301204819278,0.0,8.0,80000.0,0.0,0.0,1.0,0.967,1
83.0,1717,0.0,0.18825301204819278,0.0,12.0,120000.0,0.0,0.0,1.0,0.967,1,0.0,1.0,-4.93165,0.0,0.18825301204819278,0.0,12.0,120000.0,0.0,0.0,1.0,0.967,1
83.0,2179,0.0,0.18825301204819278,0.0,12.0,120000.0,0.0,0.0,0.0,0.967,2,0.0,1.0,-4.93165,0.0,0.18825301204819278,0.0,12.0,120000.0,0.0,0.0,0.0,0.967,1
78.0,826,0.0,0.16025641025641024,37.5,12.0,120000.0,20000.0,4.0,0.0,0.975,0,0.0,1.0,9.797382916666665,0.0,0.18598974098443746,25.0,12.0,120000.0,20000.0,3.0,0.0,0.966,0
78.0,1265,0.0,0.16025641025641024,37.5,12.0,120000.0,20000.0,4.0,0.0,0.975,0,0.0,1.0,9.797382916666665,0.0,0.18598974098443746,25.0,12.0,120000.0,20000.0,3.0,0.0,0.966,0
75.0,1713,0.0,0.08333333333333334,0.0,12.0,120000.0,0.0,0.0,1.0,0.98,2,0.03192143887281418,1.0,9.651683333333333,0.0,0.1838235294117647,0.0,12.0,120000.0,0.0,0.0,1.0,0.967,0
85.0,10,0.0,0.1838235294117647,0.0,8.0,80000.0,0.0,0.0,1.0,0.967,3,0.0,1.0,-4.93165,0.0,0.1838235294117647,0.0,8.0,80000.0,0.0,0.0,1.0,0.967,1
86.0,830,0.0,0.1816860465116279,25.0,12.0,120000.0,20000.0,3.0,0.0,0.965,2,0.0,1.0,-4.92675,0.0,0.1816860465116279,25.0,12.0,120000.0,20000.0,3.0,0.0,0.965,1
86.0,1269,0.0,0.1816860465116279,25.0,12.0,120000.0,20000.0,3.0,0.0,0.965,2,0.0,1.0,-4.92675,0.0,0.1816860465116279,25.0,12.0,120000.0,20000.0,3.0,0.0,0.965,1
87.0,1719,0.0,0.21551724137931033,0.0,12.0,120000.0,0.0,0.0,1.0,0.965,2,0.0,1.0,-4.931800000000001,0.0,0.21551724137931033,0.0,12.0,120000.0,0.0,0.0,1.0,0.964,1
82.0,828,0.0,0.19054878048780488,25.0,12.0,120000.0,20000.0,3.0,0.0,0.967,0,0.0,1.0,9.797382916666667,0.0,0.213043948069089,12.5,12.0,120000.0,20000.0,2.0,0.0,0.961,0
82.0,1267,0.0,0.19054878048780488,25.0,12.0,120000.0,20000.0,3.0,0.0,0.967,0,0.0,1.0,9.797382916666667,0.0,0.213043948069089,12.5,12.0,120000.0,20000.0,2.0,0.0,0.961,0
65.0,2170,0.0,0.04807692307692308,0.0,12.0,120000.0,0.0,0.0,0.0,0.989,2,0.7174519896507263,1.0,-3.93195,0.0,0.24578651685393257,0.0,12.0,120000.0,0.0,0.0,0.0,0.961,1
84.0,829,0.0,0.18601190476190474,25.0,12.0,120000.0,20000.0,3.0,0.0,0.967,0,0.0,1.0,9.797232916666667,0.05554937723037694,0.24302852538289912,12.5,12.0,120000.0,20000.0,2.0,0.0,0.958,0
84.0,1268,0.0,0.18601190476190474,25.0,12.0,120000.0,20000.0,3.0,0.0,0.967,0,0.0,1.0,9.797232916666667,0.05554937723037694,0.24302852538289912,12.5,12.0,120000.0,20000.0,2.0,0.0,0.958,0
49.0,2162,0.0,0.0,0.0,12.0,120000.0,0.0,0.0,0.0,0.998,3,0.1332307606935501,1.0,-3.9321,0.055060009353594404,0.24088754092197548,0.0,12.0,120000.0,0.0,0.0,0.0,0.958,1
91.0,13,0.10989010989010989,0.27472527472527475,0.0,8.0,80000.0,0.0,0.0,1.0,0.958,3,0.0,1.0,-4.9321,0.10989010989010989,0.27472527472527475,0.0,8.0,80000.0,0.0,0.0,1.0,0.958,1
67.0,2171,0.0,0.046641791044776115,0.0,12.0,120000.0,0.0,0.0,0.0,0.987,2,0.7174519896507263,1.0,-3.9322,0.10987802330754606,0.2746950582688652,0.0,12.0,120000.0,0.0,0.0,0.0,0.956,1
50.0,812,0.0,0.0,12.5,12.0,120000.0,20000.0,2.0,0.0,0.997,3,0.1332307606935501,1.0,-3.9322,0.10892058502117583,0.2723014625529395,12.5,12.0,120000.0,20000.0,2.0,0.0,0.956,1
72.0,450,0.0,0.08680555555555555,0.0,25.0,400000.0,20000.0,1.0,1.0,0.981,0,0.0,1.0,9.6468,0.16304347826086957,0.27173913043478265,50.0,25.0,400000.0,20000.0,5.0,1.0,0.956,0
51.0,2163,0.0,0.0,0.0,12.0,120000.0,0.0,0.0,0.0,0.996,3,0.1332307606935501,1.0,-3.9323,0.16162049761658254,0.26936749602763754,0.0,12.0,120000.0,0.0,0.0,0.0,0.954,1
93.0,14,0.21505376344086022,0.2688172043010753,0.0,8.0,80000.0,0.0,0.0,1.0,0.954,1,0.0,1.0,-4.932300000000001,0.21505376344086022,0.2688172043010753,0.0,8.0,80000.0,0.0,0.0,1.0,0.954,1
93.0,2184,0.21505376344086022,0.2688172043010753,0.0,12.0,120000.0,0.0,0.0,0.0,0.954,2,0.0,1.0,-4.9324,0.21505376344086022,0.2688172043010753,0.0,12.0,120000.0,0.0,0.0,0.0,0.952,1
52.0,813,0.0,0.0,12.5,12.0,120000.0,20000.0,2.0,0.0,0.995,3,0.1332307606935501,1.0,-3.93245,0.2131968645989911,0.2664960807487389,12.5,12.0,120000.0,20000.0,2.0,0.0,0.951,1
53.0,2164,0.0,0.0,0.0,12.0,120000.0,0.0,0.0,0.0,0.994,3,0.1332307606935501,1.0,-3.93255,0.26368523745541217,0.26368523745541217,0.0,12.0,120000.0,0.0,0.0,0.0,0.949,1
88.0,831,0.0,0.2130681818181818,25.0,12.0,120000.0,20000.0,3.0,0.0,0.963,2,0.03192143887281418,1.0,9.780833333333334,0.2631578947368421,0.2631578947368421,12.5,12.0,120000.0,20000.0,2.0,0.0,0.95,0
90.0,832,0.05555555555555555,0.24305555555555555,12.5,12.0,120000.0,20000.0,2.0,0.0,0.958,0,0.0,1.0,9.796832916666666,0.3124674187618562,0.2929382050892402,0.0,12.0,120000.0,20000.0,1.0,0.0,0.945,0
90.0,1271,0.05555555555555555,0.24305555555555555,12.5,12.0,120000.0,20000.0,2.0,0.0,0.958,0,0.0,1.0,9.796832916666666,0.3124674187618562,0.2929382050892402,0.0,12.0,120000.0,20000.0,1.0,0.0,0.945,0
55.0,2165,0.0,0.0,0.0,12.0,120000.0,0.0,0.0,0.0,0.993,3,0.11921456456184387,1.0,-3.93275,0.3098853104136649,0.2905174785128108,0.0,12.0,120000.0,0.0,0.0,0.0,0.945,1
93.0,1722,0.21505376344086022,0.2688172043010753,0.0,12.0,120000.0,0.0,0.0,1.0,0.954,1,0.03192143887281418,1.0,9.900633333333333,0.30927835051546393,0.2899484536082474,0.0,12.0,120000.0,0.0,0.0,1.0,0.946,0
71.0,2173,0.0,0.08802816901408451,0.0,12.0,120000.0,0.0,0.0,0.0,0.983,2,1.0,1.0,-3.9328,0.30612244897959184,0.38265306122448983,0.0,12.0,120000.0,0.0,0.0,0.0,0.944,1
78.0,452,0.0,0.16025641025641024,12.5,25.0,400000.0,20000.0,2.0,1.0,0.975,0,0.0,1.0,9.6461998,0.3060911839515168,0.382613979939396,37.5,25.0,400000.0,20000.0,4.0,1.0,0.943,0
99.0,17,0.30303030303030304,0.3787878787878788,0.0,8.0,80000.0,0.0,0.0,1.0,0.943,1,0.0,1.0,-4.93285,0.30303030303030304,0.3787878787878788,0.0,8.0,80000.0,0.0,0.0,1.0,0.943,1
87.0,2181,0.0,0.21551724137931033,0.0,12.0,120000.0,0.0,0.0,0.0,0.965,2,0.03192143887281418,1.0,-3.4746166666666665,0.35000000000000003,0.4375,0.0,12.0,120000.0,0.0,0.0,0.0,0.941,1
100.0,1276,0.35000000000000003,0.4375,0.0,12.0,120000.0,20000.0,1.0,0.0,0.941,3,0.0,1.0,-4.93295,0.35000000000000003,0.4375,0.0,12.0,120000.0,20000.0,1.0,0.0,0.941,1
75.0,2175,0.0,0.08333333333333334,0.0,12.0,120000.0,0.0,0.0,0.0,0.98,2,0.03192143887281418,1.0,-3.933,0.3499649685066525,0.43745621063331563,0.0,12.0,120000.0,0.0,0.0,0.0,0.94,1
59.0,2167,0.0,0.0,0.0,12.0,120000.0,0.0,0.0,0.0,0.992,3,0.7174519896507263,1.0,-3.933,0.3471877445503676,0.4339846806879595,0.0,12.0,120000.0,0.0,0.0,0.0,0.94,1
94.0,834,0.26595744680851063,0.26595744680851063,12.5,12.0,120000.0,20000.0,2.0,0.0,0.951,2,0.5924463272094727,1.0,9.775383333333334,0.39603960396039606,0.43316831683168316,0.0,12.0,120000.0,20000.0,1.0,0.0,0.941,0
60.0,817,0.0,0.0,37.5,12.0,120000.0,20000.0,4.0,0.0,0.991,3,0.7174519896507263,1.0,-3.91555,0.3928886756813009,0.4297219890264229,0.0,12.0,120000.0,20000.0,1.0,0.0,0.939,1
89.0,2182,0.0,0.24578651685393257,0.0,12.0,120000.0,0.0,0.0,0.0,0.961,2,0.03192143887281418,1.0,-3.4752837499999996,0.4411331789890031,0.42887947957264194,0.0,12.0,120000.0,0.0,0.0,0.0,0.936,1
61.0,2168,0.0,0.0,0.0,12.0,120000.0,0.0,0.0,0.0,0.99,3,0.7174519896507263,1.0,-3.93325,0.4377005702071229,0.4255422210347028,0.0,12.0,120000.0,0.0,0.0,0.0,0.935,1
99.0,1725,0.30303030303030304,0.3787878787878788,0.0,12.0,120000.0,0.0,0.0,1.0,0.943,1,0.5924463272094727,1.0,9.900133333333333,0.4368932038834952,0.42475728155339804,0.0,12.0,120000.0,0.0,0.0,1.0,0.936,0
84.0,454,0.0,0.18601190476190474,25.0,25.0,400000.0,20000.0,3.0,1.0,0.967,0,0.0,1.0,9.645999799999998,0.4326506650657951,0.45067777611020327,25.0,25.0,400000.0,20000.0,3.0,1.0,0.934,0
98.0,1275,0.30612244897959184,0.38265306122448983,0.0,12.0,120000.0,20000.0,1.0,0.0,0.944,2,0.5924463272094727,1.0,9.775083333333333,0.4285714285714286,0.44642857142857145,12.5,12.0,120000.0,20000.0,2.0,0.0,0.935,0
105.0,20,0.4285714285714286,0.44642857142857145,0.0,8.0,80000.0,0.0,0.0,1.0,0.935,2,0.0,1.0,-4.933250000000001,0.4285714285714286,0.44642857142857145,0.0,8.0,80000.0,0.0,0.0,1.0,0.935,1
106.0,1279,0.42452830188679247,0.4422169811320755,12.5,12.0,120000.0,20000.0,2.0,0.0,0.933,2,0.0,1.0,-4.933350000000001,0.42452830188679247,0.4422169811320755,12.5,12.0,120000.0,20000.0,2.0,0.0,0.933,1
102.0,1277,0.4411764705882353,0.428921568627451,0.0,12.0,120000.0,20000.0,1.0,0.0,0.939,2,0.4749937653541565,1.0,9.858266666666665,0.4205607476635514,0.4380841121495327,12.5,12.0,120000.0,20000.0,2.0,0.0,0.932,0
107.0,21,0.4205607476635514,0.4380841121495327,0.0,8.0,80000.0,0.0,0.0,1.0,0.932,1,0.0,1.0,-4.933400000000001,0.4205607476635514,0.4380841121495327,0.0,8.0,80000.0,0.0,0.0,1.0,0.932,1
87.0,455,0.0,0.21551724137931033,37.5,25.0,400000.0,20000.0,4.0,1.0,0.965,0,0.0,1.0,9.6460998,0.4205214072963828,0.43804313260039884,12.5,25.0,400000.0,20000.0,2.0,1.0,0.931,0
103.0,1727,0.4368932038834952,0.42475728155339804,0.0,12.0,120000.0,0.0,0.0,1.0,0.936,1,1.0,1.0,9.858016666666666,0.4166666666666667,0.46296296296296297,0.0,12.0,120000.0,0.0,0.0,1.0,0.932,0
109.0,22,0.41284403669724773,0.45871559633027525,0.0,8.0,80000.0,0.0,0.0,1.0,0.931,3,0.0,1.0,-4.933450000000001,0.41284403669724773,0.45871559633027525,0.0,8.0,80000.0,0.0,0.0,1.0,0.931,1
105.0,1728,0.4285714285714286,0.44642857142857145,0.0,12.0,120000.0,0.0,0.0,1.0,0.935,1,0.3038121461868286,1.0,9.857966666666666,0.4090909090909091,0.4829545454545454,0.0,12.0,120000.0,0.0,0.0,1.0,0.931,0
89.0,1720,0.0,0.24578651685393257,0.0,12.0,120000.0,0.0,0.0,1.0,0.961,2,0.03192143887281418,1.0,-3.80845,0.4090909090909091,0.4829545454545454,0.0,12.0,120000.0,0.0,0.0,1.0,0.931,1
104.0,1278,0.4326923076923077,0.45072115384615385,0.0,12.0,120000.0,20000.0,1.0,0.0,0.934,0,0.0,1.0,9.7963,0.4090909090909091,0.4829545454545454,12.5,12.0,120000.0,20000.0,2.0,0.0,0.931,0
90.0,456,0.05555555555555555,0.24305555555555555,50.0,25.0,400000.0,20000.0,5.0,1.0,0.958,0,0.0,1.0,9.6460498,0.4090536852055554,0.48291060058989177,12.5,25.0,400000.0,20000.0,2.0,1.0,0.93,0
111.0,1731,0.40540540540540543,0.4786036036036036,0.0,12.0,120000.0,0.0,0.0,1.0,0.93,1,0.0,1.0,-4.93355,0.40540540540540543,0.4786036036036036,0.0,12.0,120000.0,0.0,0.0,1.0,0.929,1
107.0,1729,0.4205607476635514,0.4380841121495327,0.0,12.0,120000.0,0.0,0.0,1.0,0.932,1,0.3038121461868286,1.0,9.858116666666666,0.40178571428571425,0.4743303571428571,0.0,12.0,120000.0,0.0,0.0,1.0,0.929,0
112.0,1282,0.40178571428571425,0.4743303571428571,12.5,12.0,120000.0,20000.0,2.0,0.0,0.929,3,0.0,1.0,-4.93355,0.40178571428571425,0.4743303571428571,12.5,12.0,120000.0,20000.0,2.0,0.0,0.929,1
88.0,1270,0.0,0.2130681818181818,25.0,12.0,120000.0,20000.0,3.0,0.0,0.963,2,0.03192143887281418,1.0,-3.92855,0.40174980789663356,0.474287967655748,12.5,12.0,120000.0,20000.0,2.0,0.0,0.929,1
114.0,464,0.43859649122807015,0.49342105263157887,25.0,25.0,400000.0,20000.0,3.0,1.0,0.927,1,0.0,1.0,-4.928649999999999,0.43859649122807015,0.49342105263157887,25.0,25.0,400000.0,20000.0,3.0,1.0,0.927,1
114.0,1283,0.43859649122807015,0.49342105263157887,12.5,12.0,120000.0,20000.0,2.0,0.0,0.927,3,0.0,1.0,-4.93365,0.43859649122807015,0.49342105263157887,12.5,12.0,120000.0,20000.0,2.0,0.0,0.927,1
108.0,1280,0.4166666666666667,0.46296296296296297,12.5,12.0,120000.0,20000.0,2.0,0.0,0.932,0,0.0,1.0,9.795932916666667,0.43855798275958396,0.493377730604532,0.0,12.0,120000.0,20000.0,1.0,0.0,0.927,0
73.0,1712,0.0,0.08561643835616438,0.0,12.0,120000.0,0.0,0.0,1.0,0.981,3,0.9959383010864258,1.0,-3.93365,0.43550209602803797,0.4899398580315427,0.0,12.0,120000.0,0.0,0.0,1.0,0.927,1
95.0,1723,0.2631578947368421,0.2631578947368421,0.0,12.0,120000.0,0.0,0.0,1.0,0.95,2,0.5924463272094727,1.0,-3.8087,0.43103448275862066,0.5657327586206897,0.0,12.0,120000.0,0.0,0.0,1.0,0.926,1
94.0,1273,0.26595744680851063,0.26595744680851063,12.5,12.0,120000.0,20000.0,2.0,0.0,0.951,2,0.5924463272094727,1.0,-3.892500416666666,0.42731386827503054,0.5608494521109775,12.5,12.0,120000.0,20000.0,2.0,0.0,0.925,1
96.0,1274,0.3125,0.29296874999999994,12.5,12.0,120000.0,20000.0,2.0,0.0,0.948,2,0.5924463272094727,1.0,-3.85088375,0.42369287147759754,0.5560968938143467,12.5,12.0,120000.0,20000.0,2.0,0.0,0.924,1
97.0,1724,0.30927835051546393,0.2899484536082474,0.0,12.0,120000.0,0.0,0.0,1.0,0.946,2,0.5924463272094727,1.0,-3.8092170833333334,0.42369287147759754,0.5560968938143467,0.0,12.0,120000.0,0.0,0.0,1.0,0.924,1
79.0,2177,0.0,0.15822784810126583,0.0,12.0,120000.0,0.0,0.0,0.0,0.975,3,0.03192143887281418,1.0,-3.9338,0.45906014030046405,0.5477422128585083,0.0,12.0,120000.0,0.0,0.0,0.0,0.924,1
120.0,466,0.5416666666666667,0.546875,37.5,25.0,400000.0,20000.0,4.0,1.0,0.924,1,0.0,1.0,-4.916300000000001,0.5416666666666667,0.546875,37.5,25.0,400000.0,20000.0,4.0,1.0,0.924,1
80.0,1266,0.0,0.15625,37.5,12.0,120000.0,20000.0,4.0,0.0,0.973,3,0.03192143887281418,1.0,-3.9163,0.53803488634758,0.5432082987163067,25.0,12.0,120000.0,20000.0,3.0,0.0,0.924,1
79.0,1715,0.0,0.15822784810126583,0.0,12.0,120000.0,0.0,0.0,1.0,0.975,3,0.03192143887281418,1.0,-3.9338,0.53803488634758,0.5432082987163067,0.0,12.0,120000.0,0.0,0.0,1.0,0.924,1
81.0,1716,0.0,0.15432098765432098,0.0,12.0,120000.0,0.0,0.0,1.0,0.971,3,0.03192143887281418,1.0,-3.9338,0.5746654154285021,0.5387488269642208,0.0,12.0,120000.0,0.0,0.0,1.0,0.924,1
116.0,1284,0.43103448275862066,0.5657327586206897,0.0,12.0,120000.0,20000.0,1.0,0.0,0.926,0,0.0,1.0,9.795950000000001,0.6557377049180327,0.5379098360655737,12.5,12.0,120000.0,20000.0,3.0,0.0,0.924,0
81.0,2178,0.0,0.15432098765432098,0.0,12.0,120000.0,0.0,0.0,0.0,0.971,3,0.03192143887281418,1.0,-3.9338,0.6514126983622915,0.5343619791253174,0.0,12.0,120000.0,0.0,0.0,0.0,0.924,1
80.0,827,0.0,0.15625,37.5,12.0,120000.0,20000.0,4.0,0.0,0.973,3,0.03192143887281418,1.0,-3.9163,0.6514126983622915,0.5343619791253174,0.0,12.0,120000.0,20000.0,1.0,0.0,0.924,1
123.0,1735,0.6504065040650406,0.5335365853658536,0.0,12.0,120000.0,0.0,0.0,1.0,0.924,1,0.0,1.0,-4.933800000000001,0.6504065040650406,0.5335365853658536,0.0,12.0,120000.0,0.0,0.0,1.0,0.924,1
125.0,1736,0.6799999999999999,0.5249999999999999,0.0,12.0,120000.0,0.0,0.0,1.0,0.923,1,0.0,1.0,-4.9338500000000005,0.6799999999999999,0.5249999999999999,0.0,12.0,120000.0,0.0,0.0,1.0,0.923,1
85.0,2180,0.0,0.1838235294117647,0.0,12.0,120000.0,0.0,0.0,0.0,0.967,3,0.03192143887281418,1.0,-3.93385,0.675621915934988,0.521619861567454,0.0,12.0,120000.0,0.0,0.0,0.0,0.923,1
120.0,1286,0.5416666666666667,0.546875,12.5,12.0,120000.0,20000.0,2.0,0.0,0.924,0,0.0,1.0,9.795232916666667,0.7142289727617671,0.5207919593054552,25.0,12.0,120000.0,20000.0,3.0,0.0,0.923,0
85.0,1718,0.0,0.1838235294117647,0.0,12.0,120000.0,0.0,0.0,1.0,0.967,3,0.03192143887281418,1.0,-3.93385,0.7097231519814564,0.5175064649864787,0.0,12.0,120000.0,0.0,0.0,1.0,0.923,1
108.0,462,0.4166666666666667,0.46296296296296297,12.5,25.0,400000.0,20000.0,2.0,1.0,0.932,0,0.0,1.0,9.6448998,0.7030700177275199,0.51265522125965,50.0,25.0,400000.0,20000.0,5.0,1.0,0.922,0
122.0,1287,0.6557377049180327,0.5379098360655737,12.5,12.0,120000.0,20000.0,2.0,0.0,0.924,0,0.0,1.0,9.795182916666665,0.7030700177275199,0.51265522125965,25.0,12.0,120000.0,20000.0,3.0,0.0,0.922,0
129.0,1738,0.6976744186046512,0.5087209302325582,0.0,12.0,120000.0,0.0,0.0,1.0,0.922,1,0.0,1.0,-4.934150000000001,0.6976744186046512,0.5087209302325582,0.0,12.0,120000.0,0.0,0.0,1.0,0.922,1
130.0,1291,0.6923076923076923,0.5048076923076923,25.0,12.0,120000.0,20000.0,3.0,0.0,0.922,2,0.0,1.0,-4.9289,0.6923076923076923,0.5048076923076923,25.0,12.0,120000.0,20000.0,3.0,0.0,0.922,1
127.0,1737,0.7086614173228346,0.5167322834645669,0.0,12.0,120000.0,0.0,0.0,1.0,0.923,1,1.0,1.0,9.899433333333333,0.7251908396946565,0.5009541984732825,0.0,12.0,120000.0,0.0,0.0,1.0,0.922,0
111.0,463,0.40540540540540543,0.4786036036036036,12.5,25.0,400000.0,20000.0,2.0,1.0,0.93,0,0.0,1.0,9.6448498,0.725135430491151,0.5009159223787557,50.0,25.0,400000.0,20000.0,5.0,1.0,0.921,0
91.0,2183,0.10989010989010989,0.27472527472527475,0.0,12.0,120000.0,0.0,0.0,0.0,0.958,3,0.03192143887281418,1.0,-3.93395,0.7207890743550834,0.4979135053110773,0.0,12.0,120000.0,0.0,0.0,0.0,0.921,1
132.0,1292,0.7575757575757576,0.4971590909090909,25.0,12.0,120000.0,20000.0,3.0,0.0,0.921,3,0.0,1.0,-4.9289499999999995,0.7575757575757576,0.4971590909090909,25.0,12.0,120000.0,20000.0,3.0,0.0,0.921,1
126.0,1289,0.7142857142857143,0.5208333333333333,25.0,12.0,120000.0,20000.0,3.0,0.0,0.923,0,0.0,1.0,9.795382916666666,0.7575183124370644,0.4971213925368235,12.5,12.0,120000.0,20000.0,2.0,0.0,0.921,0
92.0,1272,0.16304347826086957,0.27173913043478265,12.5,12.0,120000.0,20000.0,2.0,0.0,0.956,3,0.03192143887281418,1.0,-3.93395,0.7530120481927711,0.494164156626506,12.5,12.0,120000.0,20000.0,2.0,0.0,0.921,1
91.0,1721,0.10989010989010989,0.27472527472527475,0.0,12.0,120000.0,0.0,0.0,1.0,0.958,3,0.03192143887281418,1.0,-3.93405,0.7847533632286996,0.49047085201793716,0.0,12.0,120000.0,0.0,0.0,1.0,0.919,1
128.0,1290,0.703125,0.5126953125,25.0,12.0,120000.0,20000.0,3.0,0.0,0.922,0,0.0,1.0,9.795432916666666,0.8208342048478319,0.48970222448308154,0.0,12.0,120000.0,20000.0,1.0,0.0,0.917,0
92.0,833,0.16304347826086957,0.27173913043478265,12.5,12.0,120000.0,20000.0,2.0,0.0,0.956,3,0.03192143887281418,1.0,-3.93415,0.8160237388724036,0.4868323442136498,0.0,12.0,120000.0,20000.0,1.0,0.0,0.917,1
131.0,1739,0.7251908396946565,0.5009541984732825,0.0,12.0,120000.0,0.0,0.0,1.0,0.922,1,0.12856708467006683,1.0,9.899233333333333,0.8148148148148148,0.4861111111111111,0.0,12.0,120000.0,0.0,0.0,1.0,0.918,0
137.0,27,0.8029197080291971,0.47901459854014594,0.0,8.0,80000.0,0.0,0.0,1.0,0.916,3,0.0,1.0,-4.934200000000001,0.8029197080291971,0.47901459854014594,0.0,8.0,80000.0,0.0,0.0,1.0,0.916,1
137.0,1742,0.8029197080291971,0.47901459854014594,0.0,12.0,120000.0,0.0,0.0,1.0,0.916,1,0.0,1.0,-4.934200000000001,0.8029197080291971,0.47901459854014594,0.0,12.0,120000.0,0.0,0.0,1.0,0.916,1
117.0,465,0.4273504273504274,0.5608974358974359,25.0,25.0,400000.0,20000.0,3.0,1.0,0.926,0,0.0,1.0,9.6448498,0.8028610464301111,0.4789796015634187,37.5,25.0,400000.0,20000.0,4.0,1.0,0.916,0
138.0,1295,0.7971014492753623,0.4755434782608695,12.5,12.0,120000.0,20000.0,2.0,0.0,0.916,3,0.0,1.0,-4.934200000000001,0.7971014492753623,0.4755434782608695,12.5,12.0,120000.0,20000.0,2.0,0.0,0.916,1
141.0,29,0.8156028368794326,0.46542553191489366,0.0,8.0,80000.0,0.0,0.0,1.0,0.913,1,0.0,1.0,-4.93435,0.8156028368794326,0.46542553191489366,0.0,8.0,80000.0,0.0,0.0,1.0,0.913,1
101.0,1726,0.39603960396039606,0.43316831683168316,0.0,12.0,120000.0,0.0,0.0,1.0,0.941,3,0.5924463272094727,1.0,-3.9344,0.8110014104372355,0.4627997179125529,0.0,12.0,120000.0,0.0,0.0,1.0,0.912,1
136.0,1294,0.8088235294117648,0.48253676470588236,0.0,12.0,120000.0,20000.0,1.0,0.0,0.916,0,0.0,1.0,9.7956,0.8098591549295774,0.46214788732394363,0.0,12.0,120000.0,20000.0,2.0,0.0,0.912,0
143.0,30,0.8041958041958042,0.45891608391608396,0.0,8.0,80000.0,0.0,0.0,1.0,0.912,1,0.0,1.0,-4.9344,0.8041958041958042,0.45891608391608396,0.0,8.0,80000.0,0.0,0.0,1.0,0.912,1
123.0,467,0.6504065040650406,0.5335365853658536,37.5,25.0,400000.0,20000.0,4.0,1.0,0.924,0,0.0,1.0,9.6448498,0.8041395144297941,0.45888396203874127,25.0,25.0,400000.0,20000.0,3.0,1.0,0.911,0
144.0,1298,0.798611111111111,0.4557291666666667,12.5,12.0,120000.0,20000.0,2.0,0.0,0.911,2,0.0,1.0,-4.93445,0.798611111111111,0.4557291666666667,12.5,12.0,120000.0,20000.0,2.0,0.0,0.911,1
141.0,1744,0.8156028368794326,0.46542553191489366,0.0,12.0,120000.0,0.0,0.0,1.0,0.913,1,0.12856708467006683,1.0,9.898633333333335,0.7931034482758621,0.4525862068965517,0.0,12.0,120000.0,0.0,0.0,1.0,0.911,0
126.0,468,0.7142857142857143,0.5208333333333333,50.0,25.0,400000.0,20000.0,5.0,1.0,0.923,0,0.0,1.0,9.644949800000001,0.7876172325445359,0.4494554859629145,12.5,25.0,400000.0,20000.0,2.0,1.0,0.908,0
143.0,1745,0.8041958041958042,0.45891608391608396,0.0,12.0,120000.0,0.0,0.0,1.0,0.912,1,0.12856708467006683,1.0,9.898733333333334,0.7823129251700681,0.44642857142857145,0.0,12.0,120000.0,0.0,0.0,1.0,0.908,0
142.0,1297,0.8098591549295774,0.46214788732394363,0.0,12.0,120000.0,20000.0,1.0,0.0,0.912,0,0.0,1.0,9.794832916666666,0.7769744762533292,0.44338217394891066,0.0,12.0,120000.0,20000.0,1.0,0.0,0.905,0
149.0,1748,0.7718120805369127,0.44043624161073824,0.0,12.0,120000.0,0.0,0.0,1.0,0.905,1,0.0,1.0,-4.934850000000001,0.7718120805369127,0.44043624161073824,0.0,12.0,120000.0,0.0,0.0,1.0,0.903,1
129.0,469,0.6976744186046512,0.5087209302325582,50.0,25.0,400000.0,20000.0,5.0,1.0,0.922,0,0.0,1.0,9.6449498,0.7717602327521487,0.4404066545596501,0.0,25.0,400000.0,20000.0,1.0,1.0,0.903,0
150.0,1301,0.8,0.4375,0.0,12.0,120000.0,20000.0,1.0,0.0,0.903,2,0.0,1.0,-4.934850000000001,0.8,0.4375,0.0,12.0,120000.0,20000.0,1.0,0.0,0.903,1
109.0,1730,0.41284403669724773,0.45871559633027525,0.0,12.0,120000.0,0.0,0.0,1.0,0.931,3,0.3038121461868286,1.0,-3.93485,0.7957559681697612,0.4351790450928382,0.0,12.0,120000.0,0.0,0.0,1.0,0.903,1
110.0,1281,0.4090909090909091,0.4829545454545454,12.5,12.0,120000.0,20000.0,2.0,0.0,0.931,3,0.3038121461868286,1.0,-3.93505,0.8234519104084322,0.4323122529644269,0.0,12.0,120000.0,20000.0,1.0,0.0,0.899,1
153.0,2186,0.8496732026143791,0.4697712418300653,0.0,12.0,120000.0,0.0,0.0,0.0,0.898,2,0.0,1.0,-4.93525,0.8496732026143791,0.4697712418300653,0.0,12.0,120000.0,0.0,0.0,0.0,0.895,1
113.0,1732,0.39823008849557523,0.47013274336283184,0.0,12.0,120000.0,0.0,0.0,1.0,0.929,3,0.3038121461868286,1.0,-3.93525,0.8452535760728219,0.4673276983094929,0.0,12.0,120000.0,0.0,0.0,1.0,0.895,1
149.0,835,0.7718120805369127,0.44043624161073824,0.0,12.0,120000.0,20000.0,1.0,0.0,0.905,2,0.7436236143112183,1.0,9.8147,0.8387096774193548,0.4637096774193548,0.0,12.0,120000.0,20000.0,1.0,0.0,0.894,0
155.0,36,0.8387096774193548,0.4637096774193548,0.0,8.0,80000.0,0.0,0.0,1.0,0.894,2,0.0,1.0,-4.9353,0.8387096774193548,0.4637096774193548,0.0,8.0,80000.0,0.0,0.0,1.0,0.894,1
151.0,1749,0.8278145695364238,0.4346026490066225,0.0,12.0,120000.0,0.0,0.0,1.0,0.903,2,0.7436236143112183,1.0,9.856316666666666,0.8653846153846154,0.46073717948717946,0.0,12.0,120000.0,0.0,0.0,1.0,0.893,0
115.0,1733,0.43478260869565216,0.5163043478260869,0.0,12.0,120000.0,0.0,0.0,1.0,0.927,3,0.3038121461868286,1.0,-3.93545,0.8609693877551019,0.4583864795918367,0.0,12.0,120000.0,0.0,0.0,1.0,0.891,1
153.0,1750,0.8496732026143791,0.4697712418300653,0.0,12.0,120000.0,0.0,0.0,1.0,0.898,1,0.21332547068595886,1.0,9.897933333333334,0.8598726114649682,0.4578025477707007,0.0,12.0,120000.0,0.0,0.0,1.0,0.892,0
157.0,37,0.8598726114649682,0.4578025477707007,0.0,8.0,80000.0,0.0,0.0,1.0,0.892,1,0.0,1.0,-4.9354000000000005,0.8598726114649682,0.4578025477707007,0.0,8.0,80000.0,0.0,0.0,1.0,0.892,1
117.0,1734,0.4273504273504274,0.5608974358974359,0.0,12.0,120000.0,0.0,0.0,1.0,0.926,3,0.7846452593803406,1.0,-3.9354999999999998,0.8816120906801008,0.4526133501259446,0.0,12.0,120000.0,0.0,0.0,1.0,0.89,1
159.0,38,0.9119496855345912,0.45204402515723274,0.0,8.0,80000.0,0.0,0.0,1.0,0.89,1,0.0,1.0,-4.9355,0.9119496855345912,0.45204402515723274,0.0,8.0,80000.0,0.0,0.0,1.0,0.89,1
159.0,1753,0.9119496855345912,0.45204402515723274,0.0,12.0,120000.0,0.0,0.0,1.0,0.89,2,0.0,1.0,-4.9355,0.9119496855345912,0.45204402515723274,0.0,12.0,120000.0,0.0,0.0,1.0,0.89,1
118.0,1285,0.423728813559322,0.5561440677966101,12.5,12.0,120000.0,20000.0,2.0,0.0,0.925,3,0.7846452593803406,1.0,-3.93555,0.9073842302878597,0.44978097622027535,25.0,12.0,120000.0,20000.0,3.0,0.0,0.889,1
154.0,1303,0.8441558441558441,0.4667207792207792,0.0,12.0,120000.0,20000.0,1.0,0.0,0.895,0,0.0,1.0,9.7942,0.9062499999999999,0.46875000000000006,12.5,12.0,120000.0,20000.0,3.0,0.0,0.889,0
155.0,838,0.8387096774193548,0.4637096774193548,0.0,12.0,120000.0,20000.0,1.0,0.0,0.894,0,0.0,1.0,9.793949999999999,0.9006211180124223,0.4658385093167702,25.0,12.0,120000.0,20000.0,4.0,0.0,0.889,0
161.0,39,0.9006211180124223,0.4658385093167702,0.0,8.0,80000.0,0.0,0.0,1.0,0.889,1,0.0,1.0,-4.935550000000001,0.9006211180124223,0.4658385093167702,0.0,8.0,80000.0,0.0,0.0,1.0,0.889,1
161.0,1754,0.9006211180124223,0.4658385093167702,0.0,12.0,120000.0,0.0,0.0,1.0,0.889,2,0.0,1.0,-4.935600000000001,0.9006211180124223,0.4658385093167702,0.0,12.0,120000.0,0.0,0.0,1.0,0.888,1
151.0,836,0.8278145695364238,0.4346026490066225,0.0,12.0,120000.0,20000.0,1.0,0.0,0.903,2,0.7436236143112183,1.0,9.5643,0.8895705521472393,0.47929447852760737,37.5,12.0,120000.0,20000.0,4.0,0.0,0.886,0
163.0,1755,0.8895705521472393,0.47929447852760737,0.0,12.0,120000.0,0.0,0.0,1.0,0.886,3,0.0,1.0,-4.9357500000000005,0.8895705521472393,0.47929447852760737,0.0,12.0,120000.0,0.0,0.0,1.0,0.885,1
157.0,839,0.8598726114649682,0.4578025477707007,12.5,12.0,120000.0,20000.0,2.0,0.0,0.892,0,0.0,1.0,9.793032916666666,0.8895159260465046,0.4792650463612634,37.5,12.0,120000.0,20000.0,4.0,0.0,0.884,0
158.0,1305,0.8860759493670887,0.4549050632911392,12.5,12.0,120000.0,20000.0,2.0,0.0,0.89,0,0.0,1.0,9.793282916666666,0.884092379483423,0.49539659195191804,25.0,12.0,120000.0,20000.0,3.0,0.0,0.884,0
153.0,837,0.8496732026143791,0.4697712418300653,0.0,12.0,120000.0,20000.0,1.0,0.0,0.898,2,0.7436236143112183,1.0,9.5642,0.9090909090909091,0.5113636363636364,37.5,12.0,120000.0,20000.0,4.0,0.0,0.884,0
165.0,41,0.9090909090909091,0.5113636363636364,0.0,8.0,80000.0,0.0,0.0,1.0,0.884,2,0.0,1.0,-4.9358,0.9090909090909091,0.5113636363636364,0.0,8.0,80000.0,0.0,0.0,1.0,0.884,1
165.0,1756,0.9090909090909091,0.5113636363636364,0.0,12.0,120000.0,0.0,0.0,1.0,0.884,1,0.0,1.0,-4.93585,0.9090909090909091,0.5113636363636364,0.0,12.0,120000.0,0.0,0.0,1.0,0.883,1
165.0,2192,0.9090909090909091,0.5113636363636364,0.0,12.0,120000.0,0.0,0.0,0.0,0.884,2,0.0,1.0,-4.93585,0.9090909090909091,0.5113636363636364,0.0,12.0,120000.0,0.0,0.0,0.0,0.883,1
159.0,840,0.9119496855345912,0.45204402515723274,25.0,12.0,120000.0,20000.0,3.0,0.0,0.89,0,0.0,1.0,9.793232916666666,0.9090357609214132,0.5113326155182949,25.0,12.0,120000.0,20000.0,3.0,0.0,0.883,0
124.0,1288,0.6451612903225806,0.529233870967742,25.0,12.0,120000.0,20000.0,3.0,0.0,0.924,3,0.8899242281913757,1.0,-3.93085,0.9047044632086853,0.5088962605548855,25.0,12.0,120000.0,20000.0,3.0,0.0,0.883,1
145.0,1746,0.7931034482758621,0.4525862068965517,0.0,12.0,120000.0,0.0,0.0,1.0,0.911,2,0.12856708467006683,1.0,-3.81085,0.9036144578313252,0.5271084337349399,0.0,12.0,120000.0,0.0,0.0,1.0,0.883,1
160.0,1306,0.9062499999999999,0.46875000000000006,12.5,12.0,120000.0,20000.0,2.0,0.0,0.889,0,0.0,1.0,9.793432916666667,0.9035599720763825,0.5270766503778899,12.5,12.0,120000.0,20000.0,2.0,0.0,0.882,0
151.0,2185,0.8278145695364238,0.4346026490066225,0.0,12.0,120000.0,0.0,0.0,0.0,0.903,2,0.7436236143112183,1.0,-3.6025666666666667,0.8982035928143712,0.5551397205588822,0.0,12.0,120000.0,0.0,0.0,0.0,0.882,1
167.0,1757,0.8982035928143712,0.5551397205588822,0.0,12.0,120000.0,0.0,0.0,1.0,0.882,1,0.0,1.0,-4.936,0.8982035928143712,0.5551397205588822,0.0,12.0,120000.0,0.0,0.0,1.0,0.88,1
167.0,2193,0.8982035928143712,0.5551397205588822,0.0,12.0,120000.0,0.0,0.0,0.0,0.882,2,0.0,1.0,-4.936,0.8982035928143712,0.5551397205588822,0.0,12.0,120000.0,0.0,0.0,0.0,0.88,1
161.0,841,0.9006211180124223,0.4658385093167702,25.0,12.0,120000.0,20000.0,3.0,0.0,0.889,0,0.0,1.0,9.793082916666666,0.8981497576103373,0.5551064474119446,25.0,12.0,120000.0,20000.0,3.0,0.0,0.88,0
147.0,1747,0.7823129251700681,0.44642857142857145,0.0,12.0,120000.0,0.0,0.0,1.0,0.908,2,0.7436236143112183,1.0,-3.811417083333333,0.89280394662199,0.570402521452938,0.0,12.0,120000.0,0.0,0.0,1.0,0.88,1
67.0,1,0.0,0.046641791044776115,0.0,8.0,80000.0,0.0,0.0,1.0,0.987,2,0.7174519896507263,1.0,-3.936,0.891089108910891,0.5693069306930694,0.0,8.0,80000.0,0.0,0.0,1.0,0.88,1
146.0,1299,0.7876712328767124,0.449486301369863,12.5,12.0,120000.0,20000.0,2.0,0.0,0.909,2,0.7436236143112183,1.0,-3.894950416666666,0.8875213959220523,0.585517587587465,12.5,12.0,120000.0,20000.0,2.0,0.0,0.876,1
163.0,842,0.8895705521472393,0.47929447852760737,37.5,12.0,120000.0,20000.0,4.0,0.0,0.886,0,0.0,1.0,9.793132916666666,0.8875213959220523,0.585517587587465,12.5,12.0,120000.0,20000.0,2.0,0.0,0.876,0
152.0,1302,0.8223684210526315,0.47286184210526316,0.0,12.0,120000.0,20000.0,1.0,0.0,0.899,2,0.7436236143112183,1.0,-3.6862,0.8823529411764706,0.6004901960784315,12.5,12.0,120000.0,20000.0,2.0,0.0,0.876,1
164.0,1308,0.8841463414634145,0.4954268292682926,25.0,12.0,120000.0,20000.0,3.0,0.0,0.884,0,0.0,1.0,9.793332916666666,0.8823009892182231,0.600454839884624,0.0,12.0,120000.0,20000.0,1.0,0.0,0.875,0
171.0,846,0.8771929824561403,0.6152534113060428,12.5,12.0,120000.0,20000.0,2.0,0.0,0.875,2,0.0,1.0,-4.936300000000001,0.8771929824561403,0.6152534113060428,12.5,12.0,120000.0,20000.0,2.0,0.0,0.874,1
171.0,2195,0.8771929824561403,0.6152534113060428,0.0,12.0,120000.0,0.0,0.0,0.0,0.875,2,0.0,1.0,-4.936350000000001,0.8771929824561403,0.6152534113060428,0.0,12.0,120000.0,0.0,0.0,0.0,0.873,1
148.0,1300,0.7770270270270271,0.44341216216216217,12.5,12.0,120000.0,20000.0,2.0,0.0,0.906,2,0.7436236143112183,1.0,-3.8951004166666663,0.877141636328774,0.6152173977028207,0.0,12.0,120000.0,20000.0,1.0,0.0,0.873,1
169.0,1758,0.8875739644970414,0.585552268244576,0.0,12.0,120000.0,0.0,0.0,1.0,0.88,2,0.5439029335975647,1.0,9.896983333333333,0.8959537572254336,0.6442678227360308,0.0,12.0,120000.0,0.0,0.0,1.0,0.873,0
173.0,45,0.8959537572254336,0.6442678227360308,0.0,8.0,80000.0,0.0,0.0,1.0,0.873,1,0.0,1.0,-4.936350000000001,0.8959537572254336,0.6442678227360308,0.0,8.0,80000.0,0.0,0.0,1.0,0.873,1
159.0,2189,0.9119496855345912,0.45204402515723274,0.0,12.0,120000.0,0.0,0.0,0.0,0.89,2,1.0,1.0,-3.520200416666666,0.8959019192010913,0.6442305467373438,0.0,12.0,120000.0,0.0,0.0,0.0,0.871,1
167.0,844,0.8982035928143712,0.5551397205588822,25.0,12.0,120000.0,20000.0,3.0,0.0,0.882,0,0.0,1.0,9.792882916666667,0.8959019192010913,0.6442305467373438,12.5,12.0,120000.0,20000.0,2.0,0.0,0.871,0
133.0,1740,0.7894736842105263,0.4934210526315789,0.0,12.0,120000.0,0.0,0.0,1.0,0.921,3,0.12856708467006683,1.0,-3.93645,0.8918296892980437,0.6413022631377061,0.0,12.0,120000.0,0.0,0.0,1.0,0.871,1
169.0,845,0.8875739644970414,0.585552268244576,25.0,12.0,120000.0,20000.0,3.0,0.0,0.88,2,0.5439029335975647,1.0,9.81855,0.9428571428571428,0.6666666666666666,12.5,12.0,120000.0,20000.0,2.0,0.0,0.871,0
155.0,470,0.8387096774193548,0.4637096774193548,0.0,25.0,400000.0,20000.0,1.0,1.0,0.894,1,0.0,1.0,9.663049999999998,0.9428571428571428,0.6666666666666666,25.0,25.0,400000.0,20000.0,3.0,1.0,0.871,0
175.0,2197,0.9428571428571428,0.6666666666666666,0.0,12.0,120000.0,0.0,0.0,0.0,0.871,2,0.0,1.0,-4.9365000000000006,0.9428571428571428,0.6666666666666666,0.0,12.0,120000.0,0.0,0.0,0.0,0.87,1
161.0,2190,0.9006211180124223,0.4658385093167702,0.0,12.0,120000.0,0.0,0.0,0.0,0.889,2,0.44473928213119507,1.0,-3.5202504166666664,0.9428032145132726,0.6666285355144353,0.0,12.0,120000.0,0.0,0.0,0.0,0.87,1
75.0,5,0.0,0.08333333333333334,0.0,8.0,80000.0,0.0,0.0,1.0,0.98,2,0.03192143887281418,1.0,-3.9365,0.94106463878327,0.6653992395437263,0.0,8.0,80000.0,0.0,0.0,1.0,0.87,1
134.0,1293,0.8208955223880596,0.48973880597014924,12.5,12.0,120000.0,20000.0,2.0,0.0,0.919,3,0.12856708467006683,1.0,-3.9365,0.938566552901024,0.6636329161926432,0.0,12.0,120000.0,20000.0,1.0,0.0,0.87,1
135.0,1741,0.8148148148148148,0.4861111111111111,0.0,12.0,120000.0,0.0,0.0,1.0,0.918,3,0.12856708467006683,1.0,-3.9365,0.938566552901024,0.6636329161926432,0.0,12.0,120000.0,0.0,0.0,1.0,0.87,1
165.0,843,0.9090909090909091,0.5113636363636364,37.5,12.0,120000.0,20000.0,4.0,0.0,0.884,2,0.44473928213119507,1.0,9.581,0.9322033898305085,0.6591337099811677,25.0,12.0,120000.0,20000.0,3.0,0.0,0.87,0
158.0,471,0.8860759493670887,0.4549050632911392,12.5,25.0,400000.0,20000.0,2.0,1.0,0.89,0,0.0,1.0,9.6426498,0.9269141662314384,0.6729490474533801,25.0,25.0,400000.0,20000.0,3.0,1.0,0.867,0
173.0,847,0.8959537572254336,0.6442678227360308,12.5,12.0,120000.0,20000.0,2.0,0.0,0.873,0,0.0,1.0,9.792482916666668,0.9496675632831929,0.6691897657939165,12.5,12.0,120000.0,20000.0,2.0,0.0,0.863,0
139.0,1743,0.7913669064748201,0.47212230215827333,0.0,12.0,120000.0,0.0,0.0,1.0,0.916,3,0.12856708467006683,1.0,-3.93685,0.9454949944382648,0.6662495365220615,0.0,12.0,120000.0,0.0,0.0,1.0,0.863,1
162.0,1307,0.8950617283950617,0.48225308641975306,25.0,12.0,120000.0,20000.0,3.0,0.0,0.887,2,0.44473928213119507,1.0,-3.6818500000000003,0.9444444444444444,0.6828703703703705,0.0,12.0,120000.0,20000.0,1.0,0.0,0.863,1
167.0,42,0.8982035928143712,0.5551397205588822,0.0,8.0,80000.0,0.0,0.0,1.0,0.882,1,0.5439029335975647,1.0,-3.770183333333334,0.9426987060998152,0.6816081330868762,0.0,8.0,80000.0,0.0,0.0,1.0,0.863,1
175.0,848,0.9428571428571428,0.6666666666666666,12.5,12.0,120000.0,20000.0,2.0,0.0,0.871,0,0.0,1.0,9.792532916666666,0.9667973610962178,0.679060051246153,0.0,12.0,120000.0,20000.0,1.0,0.0,0.859,0
140.0,1296,0.7857142857142858,0.46875,12.5,12.0,120000.0,20000.0,2.0,0.0,0.914,3,0.12856708467006683,1.0,-3.93705,0.9625962596259627,0.6761092775944261,0.0,12.0,120000.0,20000.0,1.0,0.0,0.859,1
179.0,2199,0.9497206703910615,0.6692271880819367,0.0,12.0,120000.0,0.0,0.0,0.0,0.867,2,0.5045908093452454,1.0,9.896233333333333,0.9562841530054645,0.7058287795992714,0.0,12.0,120000.0,0.0,0.0,0.0,0.858,0
183.0,2201,0.9562841530054645,0.7058287795992714,0.0,12.0,120000.0,0.0,0.0,0.0,0.858,2,0.0,1.0,-4.937150000000001,0.9562841530054645,0.7058287795992714,0.0,12.0,120000.0,0.0,0.0,0.0,0.857,1
164.0,473,0.8841463414634145,0.4954268292682926,25.0,25.0,400000.0,20000.0,3.0,1.0,0.884,0,0.0,1.0,9.642149799999999,0.9510352181384044,0.7698856527787085,25.0,25.0,400000.0,20000.0,3.0,1.0,0.857,0
181.0,2200,0.9668508287292817,0.679097605893186,0.0,12.0,120000.0,0.0,0.0,0.0,0.863,2,0.5045908093452454,1.0,9.896183333333333,0.945945945945946,0.7657657657657658,0.0,12.0,120000.0,0.0,0.0,0.0,0.857,0
169.0,2194,0.8875739644970414,0.585552268244576,0.0,12.0,120000.0,0.0,0.0,0.0,0.88,2,0.5439029335975647,1.0,-3.6038166666666664,0.945945945945946,0.7657657657657658,0.0,12.0,120000.0,0.0,0.0,0.0,0.857,1
185.0,2202,0.945945945945946,0.7657657657657658,0.0,12.0,120000.0,0.0,0.0,0.0,0.857,3,0.0,1.0,-4.937250000000001,0.945945945945946,0.7657657657657658,0.0,12.0,120000.0,0.0,0.0,0.0,0.855,1
173.0,2196,0.8959537572254336,0.6442678227360308,0.0,12.0,120000.0,0.0,0.0,0.0,0.873,2,1.0,1.0,-3.4789166666666667,0.9408602150537635,0.7896505376344086,0.0,12.0,120000.0,0.0,0.0,0.0,0.855,1
171.0,1759,0.8771929824561403,0.6152534113060428,0.0,12.0,120000.0,0.0,0.0,1.0,0.875,2,0.5439029335975647,1.0,-3.5627170833333333,0.9408095833122099,0.7896080431370333,0.0,12.0,120000.0,0.0,0.0,1.0,0.854,1
177.0,849,0.9322033898305085,0.6591337099811677,25.0,12.0,120000.0,20000.0,3.0,0.0,0.87,2,1.0,1.0,9.651033333333334,0.9358288770053476,0.8132798573975044,25.0,12.0,120000.0,20000.0,3.0,0.0,0.854,0
87.0,11,0.0,0.21551724137931033,0.0,8.0,80000.0,0.0,0.0,1.0,0.965,2,0.03192143887281418,1.0,-3.93745,0.9341137874785801,0.8117893629278137,0.0,8.0,80000.0,0.0,0.0,1.0,0.851,1
179.0,850,0.9497206703910615,0.6692271880819367,25.0,12.0,120000.0,20000.0,3.0,0.0,0.867,2,0.5045908093452454,1.0,9.6926,0.9308510638297872,0.8200354609929078,25.0,12.0,120000.0,20000.0,3.0,0.0,0.852,0
95.0,15,0.2631578947368421,0.2631578947368421,0.0,8.0,80000.0,0.0,0.0,1.0,0.95,2,0.5924463272094727,1.0,-3.93745,0.9292035398230089,0.8185840707964601,0.0,8.0,80000.0,0.0,0.0,1.0,0.851,1
181.0,851,0.9668508287292817,0.679097605893186,12.5,12.0,120000.0,20000.0,2.0,0.0,0.863,2,0.5045908093452454,1.0,9.729266666666666,0.9259259259259258,0.8267195767195766,12.5,12.0,120000.0,20000.0,2.0,0.0,0.852,0
183.0,852,0.9562841530054645,0.7058287795992714,0.0,12.0,120000.0,20000.0,1.0,0.0,0.858,0,0.0,1.0,9.79235,0.9259259259259258,0.8267195767195766,12.5,12.0,120000.0,20000.0,2.0,0.0,0.852,0
189.0,855,0.9259259259259258,0.8267195767195766,12.5,12.0,120000.0,20000.0,2.0,0.0,0.852,3,0.0,1.0,-4.93745,0.9259259259259258,0.8267195767195766,12.5,12.0,120000.0,20000.0,2.0,0.0,0.851,1
166.0,1309,0.9036144578313252,0.5271084337349399,25.0,12.0,120000.0,20000.0,3.0,0.0,0.883,2,0.44473928213119507,1.0,-3.8913004166666663,0.9258768887425592,0.8266757935201421,0.0,12.0,120000.0,20000.0,1.0,0.0,0.849,1
89.0,12,0.0,0.24578651685393257,0.0,8.0,80000.0,0.0,0.0,1.0,0.961,2,0.03192143887281418,1.0,-3.93755,0.9242957746478873,0.8252640845070423,0.0,8.0,80000.0,0.0,0.0,1.0,0.849,1
177.0,47,0.9322033898305085,0.6591337099811677,0.0,8.0,80000.0,0.0,0.0,1.0,0.87,1,1.0,1.0,-3.770883333333334,0.9194395796847635,0.8209281961471103,0.0,8.0,80000.0,0.0,0.0,1.0,0.849,1
97.0,16,0.30927835051546393,0.2899484536082474,0.0,8.0,80000.0,0.0,0.0,1.0,0.946,2,0.5924463272094727,1.0,-3.93755,0.9193912271128719,0.8208850242079213,0.0,8.0,80000.0,0.0,0.0,1.0,0.849,1
191.0,56,0.9162303664921465,0.8344240837696336,0.0,8.0,80000.0,0.0,0.0,1.0,0.849,2,0.0,1.0,-4.93755,0.9162303664921465,0.8344240837696336,0.0,8.0,80000.0,0.0,0.0,1.0,0.849,1
191.0,482,0.9162303664921465,0.8344240837696336,37.5,25.0,400000.0,20000.0,4.0,1.0,0.849,2,0.0,1.0,-4.92005,0.9162303664921465,0.8344240837696336,37.5,25.0,400000.0,20000.0,4.0,1.0,0.849,1
185.0,853,0.945945945945946,0.7657657657657658,12.5,12.0,120000.0,20000.0,2.0,0.0,0.857,0,0.0,1.0,9.791882916666665,0.9161823508621355,0.8343803552494448,0.0,12.0,120000.0,20000.0,1.0,0.0,0.846,0
177.0,2198,0.9322033898305085,0.6591337099811677,0.0,12.0,120000.0,0.0,0.0,0.0,0.87,2,1.0,1.0,-3.6043666666666665,0.9067357512953367,0.8257772020725388,0.0,12.0,120000.0,0.0,0.0,0.0,0.846,1
193.0,2206,0.9067357512953367,0.8257772020725388,0.0,12.0,120000.0,0.0,0.0,0.0,0.846,2,0.0,1.0,-4.937800000000001,0.9067357512953367,0.8257772020725388,0.0,12.0,120000.0,0.0,0.0,0.0,0.844,1
194.0,483,0.902061855670103,0.8376288659793814,37.5,25.0,400000.0,20000.0,4.0,1.0,0.844,1,0.0,1.0,-4.920300000000001,0.902061855670103,0.8376288659793814,37.5,25.0,400000.0,20000.0,4.0,1.0,0.844,1
155.0,2187,0.8387096774193548,0.4637096774193548,0.0,12.0,120000.0,0.0,0.0,0.0,0.894,3,0.6213849186897278,1.0,-3.938,0.9193054136874361,0.8299284984678242,0.0,12.0,120000.0,0.0,0.0,0.0,0.84,1
176.0,477,0.9375,0.6628787878787878,25.0,25.0,400000.0,20000.0,3.0,1.0,0.87,1,0.0,1.0,9.6661498,0.9183204470016607,0.844982355748056,25.0,25.0,400000.0,20000.0,3.0,1.0,0.837,0
191.0,861,0.9162303664921465,0.8344240837696336,12.5,12.0,120000.0,20000.0,2.0,0.0,0.849,2,1.0,1.0,9.8119,0.9644670050761422,0.8407360406091372,37.5,12.0,120000.0,20000.0,4.0,0.0,0.838,0
197.0,1762,0.9644670050761422,0.8407360406091372,0.0,12.0,120000.0,0.0,0.0,1.0,0.838,1,0.0,1.0,-4.93815,0.9644670050761422,0.8407360406091372,0.0,12.0,120000.0,0.0,0.0,1.0,0.837,1
155.0,1751,0.8387096774193548,0.4637096774193548,0.0,12.0,120000.0,0.0,0.0,1.0,0.894,3,0.6213849186897278,1.0,-3.9382,0.9605662285136503,0.8373356926188068,0.0,12.0,120000.0,0.0,0.0,1.0,0.836,1
157.0,1752,0.8598726114649682,0.4578025477707007,0.0,12.0,120000.0,0.0,0.0,1.0,0.892,3,1.0,1.0,-3.9382,0.9605662285136503,0.8373356926188068,0.0,12.0,120000.0,0.0,0.0,1.0,0.836,1
193.0,1760,0.9067357512953367,0.8257772020725388,0.0,12.0,120000.0,0.0,0.0,1.0,0.846,1,0.7849706411361694,1.0,9.853516666666666,0.9848484848484848,0.8680555555555556,0.0,12.0,120000.0,0.0,0.0,1.0,0.837,0
156.0,1304,0.8653846153846154,0.46073717948717946,12.5,12.0,120000.0,20000.0,2.0,0.0,0.893,3,0.6213849186897278,1.0,-3.93825,0.9808853118712274,0.8645623742454728,0.0,12.0,120000.0,20000.0,1.0,0.0,0.835,1
193.0,857,0.9067357512953367,0.8257772020725388,0.0,12.0,120000.0,20000.0,1.0,0.0,0.846,0,0.0,1.0,9.791,1.0050251256281406,0.879396984924623,37.5,12.0,120000.0,20000.0,5.0,0.0,0.835,0
193.0,862,0.9067357512953367,0.8257772020725388,0.0,12.0,120000.0,20000.0,2.0,0.0,0.846,0,0.0,1.0,9.791,1.0050251256281406,0.879396984924623,37.5,12.0,120000.0,20000.0,5.0,0.0,0.835,0
199.0,60,1.0050251256281406,0.879396984924623,0.0,8.0,80000.0,0.0,0.0,1.0,0.835,1,0.0,1.0,-4.93825,1.0050251256281406,0.879396984924623,0.0,8.0,80000.0,0.0,0.0,1.0,0.835,1
199.0,1763,1.0050251256281406,0.879396984924623,0.0,12.0,120000.0,0.0,0.0,1.0,0.835,1,0.0,1.0,-4.93825,1.0050251256281406,0.879396984924623,0.0,12.0,120000.0,0.0,0.0,1.0,0.835,1
179.0,478,0.9497206703910615,0.6692271880819367,25.0,25.0,400000.0,20000.0,3.0,1.0,0.867,0,0.0,1.0,9.6409998,1.0049745738920368,0.8793527521555323,25.0,25.0,400000.0,20000.0,3.0,1.0,0.834,0
157.0,2188,0.8598726114649682,0.4578025477707007,0.0,12.0,120000.0,0.0,0.0,0.0,0.892,3,1.0,1.0,-3.9383,1.001001001001001,0.8758758758758758,0.0,12.0,120000.0,0.0,0.0,0.0,0.834,1
195.0,2207,0.9230769230769231,0.8333333333333333,0.0,12.0,120000.0,0.0,0.0,0.0,0.844,2,1.0,1.0,9.851416666666665,1.0,0.875,0.0,12.0,120000.0,0.0,0.0,0.0,0.835,0
197.0,2208,0.9644670050761422,0.8407360406091372,0.0,12.0,120000.0,0.0,0.0,0.0,0.838,2,0.19216890633106232,1.0,9.894933333333334,0.9950248756218906,0.912106135986733,0.0,12.0,120000.0,0.0,0.0,0.0,0.832,0
201.0,1764,0.9950248756218906,0.912106135986733,0.0,12.0,120000.0,0.0,0.0,1.0,0.832,2,0.0,1.0,-4.9384500000000005,0.9950248756218906,0.912106135986733,0.0,12.0,120000.0,0.0,0.0,1.0,0.831,1
195.0,858,0.9230769230769231,0.8333333333333333,25.0,12.0,120000.0,20000.0,3.0,0.0,0.844,0,0.0,1.0,9.790132916666668,0.9949753248606873,0.9120607144556301,50.0,12.0,120000.0,20000.0,5.0,0.0,0.831,0
191.0,856,0.9162303664921465,0.8344240837696336,12.5,12.0,120000.0,20000.0,2.0,0.0,0.849,2,1.0,1.0,9.603216666666667,0.9900990099009901,0.9075907590759076,50.0,12.0,120000.0,20000.0,5.0,0.0,0.831,0
198.0,2211,0.9848484848484848,0.8680555555555556,0.0,12.0,120000.0,0.0,0.0,0.0,0.837,2,0.19216890633106232,1.0,9.894933333333334,0.9900990099009901,0.9075907590759076,0.0,12.0,120000.0,0.0,0.0,0.0,0.832,0
103.0,19,0.4368932038834952,0.42475728155339804,0.0,8.0,80000.0,0.0,0.0,1.0,0.936,2,0.4749937653541565,1.0,-3.93845,0.9884678747940692,0.9060955518945634,0.0,8.0,80000.0,0.0,0.0,1.0,0.831,1
189.0,55,0.9259259259259258,0.8267195767195766,0.0,8.0,80000.0,0.0,0.0,1.0,0.852,1,1.0,1.0,-3.771783333333334,0.9884678747940692,0.9060955518945634,0.0,8.0,80000.0,0.0,0.0,1.0,0.831,1
203.0,62,1.0098522167487685,0.9185139573070609,0.0,8.0,80000.0,0.0,0.0,1.0,0.831,1,0.0,1.0,-4.9384500000000005,1.0098522167487685,0.9185139573070609,0.0,8.0,80000.0,0.0,0.0,1.0,0.831,1
203.0,867,1.0098522167487685,0.9185139573070609,50.0,12.0,120000.0,20000.0,5.0,0.0,0.831,3,0.0,1.0,-4.90845,1.0098522167487685,0.9185139573070609,50.0,12.0,120000.0,20000.0,5.0,0.0,0.831,1
197.0,859,0.9644670050761422,0.8407360406091372,37.5,12.0,120000.0,20000.0,4.0,0.0,0.838,0,0.0,1.0,9.790582916666665,1.0098024230430804,0.9184686673003628,25.0,12.0,120000.0,20000.0,3.0,0.0,0.83,0
197.0,864,0.9644670050761422,0.8407360406091372,37.5,12.0,120000.0,20000.0,5.0,0.0,0.838,0,0.0,1.0,9.790582916666665,1.0098024230430804,0.9184686673003628,25.0,12.0,120000.0,20000.0,3.0,0.0,0.83,0
163.0,2191,0.8895705521472393,0.47929447852760737,0.0,12.0,120000.0,0.0,0.0,0.0,0.886,3,0.44473928213119507,1.0,-3.9386,1.0058881256133463,0.9149084069349035,0.0,12.0,120000.0,0.0,0.0,0.0,0.828,1
199.0,2209,1.0050251256281406,0.879396984924623,0.0,12.0,120000.0,0.0,0.0,0.0,0.835,2,0.06695383787155151,1.0,9.853116666666665,1.0049019607843137,0.9446486928104576,0.0,12.0,120000.0,0.0,0.0,0.0,0.829,0
200.0,2212,1.0,0.875,0.0,12.0,120000.0,0.0,0.0,0.0,0.835,2,0.06695383787155151,1.0,9.853116666666665,1.0,0.9400406504065042,0.0,12.0,120000.0,0.0,0.0,0.0,0.829,0
199.0,865,1.0050251256281406,0.879396984924623,37.5,12.0,120000.0,20000.0,4.0,0.0,0.835,0,0.0,1.0,9.790632916666667,0.9999511731158882,0.9399947511506066,12.5,12.0,120000.0,20000.0,2.0,0.0,0.826,0
202.0,2213,0.9900990099009901,0.9075907590759076,0.0,12.0,120000.0,0.0,0.0,0.0,0.832,2,0.06695383787155151,1.0,9.894633333333333,0.9951456310679612,0.9354773462783171,0.0,12.0,120000.0,0.0,0.0,0.0,0.826,0
191.0,2205,0.9162303664921465,0.8344240837696336,0.0,12.0,120000.0,0.0,0.0,0.0,0.849,2,1.0,1.0,-3.5637,0.9951456310679612,0.9354773462783171,0.0,12.0,120000.0,0.0,0.0,0.0,0.826,1
206.0,2215,0.9951456310679612,0.9354773462783171,0.0,12.0,120000.0,0.0,0.0,0.0,0.826,2,0.0,1.0,-4.938700000000001,0.9951456310679612,0.9354773462783171,0.0,12.0,120000.0,0.0,0.0,0.0,0.826,1
195.0,863,0.9230769230769231,0.8333333333333333,25.0,12.0,120000.0,20000.0,4.0,0.0,0.844,2,1.0,1.0,9.5663,0.9903381642512078,0.9460547504025765,12.5,12.0,120000.0,20000.0,2.0,0.0,0.826,0
207.0,1767,0.9903381642512078,0.9460547504025765,0.0,12.0,120000.0,0.0,0.0,1.0,0.826,2,0.0,1.0,-4.938750000000001,0.9903381642512078,0.9460547504025765,0.0,12.0,120000.0,0.0,0.0,1.0,0.825,1
201.0,866,0.9950248756218906,0.912106135986733,50.0,12.0,120000.0,20000.0,5.0,0.0,0.832,0,0.0,1.0,9.790582916666667,0.9902902763011315,0.9460090037836013,12.5,12.0,120000.0,20000.0,2.0,0.0,0.825,0
188.0,481,0.9308510638297872,0.8200354609929078,25.0,25.0,400000.0,20000.0,3.0,1.0,0.852,0,0.0,1.0,9.6402498,0.9855294944700017,0.9414611024408553,37.5,25.0,400000.0,20000.0,4.0,1.0,0.824,0
195.0,58,0.9230769230769231,0.8333333333333333,0.0,8.0,80000.0,0.0,0.0,1.0,0.844,1,0.7849706411361694,1.0,-3.772133333333334,0.984,0.9400000000000001,0.0,8.0,80000.0,0.0,0.0,1.0,0.824,1
196.0,2210,0.9183673469387756,0.8450255102040817,0.0,12.0,120000.0,0.0,0.0,0.0,0.84,2,1.0,1.0,-3.4804666666666666,0.9808612440191388,0.9370015948963317,0.0,12.0,120000.0,0.0,0.0,0.0,0.824,1
209.0,1768,0.9808612440191388,0.9370015948963317,0.0,12.0,120000.0,0.0,0.0,1.0,0.824,1,0.0,1.0,-4.93885,0.9808612440191388,0.9370015948963317,0.0,12.0,120000.0,0.0,0.0,1.0,0.823,1
210.0,2217,0.9761904761904762,0.9474206349206349,0.0,12.0,120000.0,0.0,0.0,0.0,0.823,2,0.0,1.0,-4.93885,0.9761904761904762,0.9474206349206349,0.0,12.0,120000.0,0.0,0.0,0.0,0.823,1
195.0,1761,0.9230769230769231,0.8333333333333333,0.0,12.0,120000.0,0.0,0.0,1.0,0.844,2,1.0,1.0,-3.6473333333333335,0.9669811320754716,0.9384827044025157,0.0,12.0,120000.0,0.0,0.0,1.0,0.82,1
212.0,2218,0.9669811320754716,0.9384827044025157,0.0,12.0,120000.0,0.0,0.0,0.0,0.82,2,0.0,1.0,-4.93905,0.9669811320754716,0.9384827044025157,0.0,12.0,120000.0,0.0,0.0,0.0,0.819,1
207.0,869,0.9903381642512078,0.9460547504025765,12.5,12.0,120000.0,20000.0,2.0,0.0,0.826,0,0.0,1.0,9.789932916666666,0.9623960864562187,0.934032787160253,25.0,12.0,120000.0,20000.0,3.0,0.0,0.817,0
197.0,59,0.9644670050761422,0.8407360406091372,0.0,8.0,80000.0,0.0,0.0,1.0,0.838,1,1.0,1.0,-3.93915,0.9609375,0.9326171875,0.0,8.0,80000.0,0.0,0.0,1.0,0.817,1
215.0,491,0.9534883720930233,0.9253875968992248,62.5,25.0,400000.0,20000.0,6.0,1.0,0.815,1,0.0,1.0,-4.8968,0.9534883720930233,0.9253875968992248,62.5,25.0,400000.0,20000.0,6.0,1.0,0.814,1
215.0,873,0.9534883720930233,0.9253875968992248,25.0,12.0,120000.0,20000.0,3.0,0.0,0.815,2,0.0,1.0,-4.9342999999999995,0.9534883720930233,0.9253875968992248,25.0,12.0,120000.0,20000.0,3.0,0.0,0.814,1
209.0,870,0.9808612440191388,0.9370015948963317,12.5,12.0,120000.0,20000.0,2.0,0.0,0.824,0,0.0,1.0,9.789982916666666,0.9534439815150931,0.9253445145801973,12.5,12.0,120000.0,20000.0,2.0,0.0,0.813,0
197.0,484,0.9644670050761422,0.8407360406091372,25.0,25.0,400000.0,20000.0,3.0,1.0,0.838,0,0.0,1.0,9.6391998,0.944656884721585,0.9456169018808549,50.0,25.0,400000.0,20000.0,5.0,1.0,0.808,0
212.0,1310,0.9669811320754716,0.9384827044025157,0.0,12.0,120000.0,20000.0,1.0,0.0,0.82,0,0.0,1.0,9.7904,0.9403669724770642,0.9556574923547401,0.0,12.0,120000.0,20000.0,1.0,0.0,0.808,0
214.0,1311,0.9579439252336449,0.9297118380062306,12.5,12.0,120000.0,20000.0,2.0,0.0,0.817,2,1.0,1.0,9.851866666666666,0.9360730593607305,0.9512937595129376,0.0,12.0,120000.0,20000.0,1.0,0.0,0.804,0
219.0,1773,0.9360730593607305,0.9512937595129376,0.0,12.0,120000.0,0.0,0.0,1.0,0.804,2,0.0,1.0,-4.93985,0.9360730593607305,0.9512937595129376,0.0,12.0,120000.0,0.0,0.0,1.0,0.803,1
213.0,872,0.9624413145539906,0.9340766823161188,25.0,12.0,120000.0,20000.0,3.0,0.0,0.819,0,0.0,1.0,9.789482916666667,0.9360302755111513,0.9512502799910074,12.5,12.0,120000.0,20000.0,2.0,0.0,0.803,0
211.0,871,0.971563981042654,0.9429304897314377,25.0,12.0,120000.0,20000.0,3.0,0.0,0.823,2,0.316804438829422,1.0,9.6902,0.9318181818181818,0.9611742424242424,12.5,12.0,120000.0,20000.0,2.0,0.0,0.804,0
220.0,2222,0.9318181818181818,0.9611742424242424,0.0,12.0,120000.0,0.0,0.0,0.0,0.804,3,0.0,1.0,-4.9398,0.9318181818181818,0.9611742424242424,0.0,12.0,120000.0,0.0,0.0,0.0,0.804,1
207.0,64,0.9903381642512078,0.9460547504025765,0.0,8.0,80000.0,0.0,0.0,1.0,0.826,1,0.316804438829422,1.0,-3.7731833333333338,0.930408472012103,0.9597201210287445,0.0,8.0,80000.0,0.0,0.0,1.0,0.803,1
216.0,1312,0.9490740740740741,0.9500385802469136,12.5,12.0,120000.0,20000.0,2.0,0.0,0.813,2,1.0,1.0,9.851866666666666,0.9276018099547512,0.9709653092006032,12.5,12.0,120000.0,20000.0,2.0,0.0,0.804,0
222.0,2223,0.9234234234234233,0.9806681681681682,0.0,12.0,120000.0,0.0,0.0,0.0,0.8,2,0.0,1.0,-4.94,0.9234234234234233,0.9806681681681682,0.0,12.0,120000.0,0.0,0.0,0.0,0.8,1
218.0,1313,0.9403669724770642,0.9556574923547401,0.0,12.0,120000.0,20000.0,1.0,0.0,0.808,2,1.0,1.0,9.851666666666665,0.9192825112107623,0.9762705530642751,25.0,12.0,120000.0,20000.0,3.0,0.0,0.8,0
208.0,2216,0.985576923076923,0.9415064102564104,0.0,12.0,120000.0,0.0,0.0,0.0,0.825,2,0.316804438829422,1.0,-3.565,0.9192825112107623,0.9762705530642751,0.0,12.0,120000.0,0.0,0.0,0.0,0.8,1
223.0,1775,0.9192825112107623,0.9762705530642751,0.0,12.0,120000.0,0.0,0.0,1.0,0.8,2,0.0,1.0,-4.94005,0.9192825112107623,0.9762705530642751,0.0,12.0,120000.0,0.0,0.0,1.0,0.799,1
203.0,486,1.0098522167487685,0.9185139573070609,25.0,25.0,400000.0,20000.0,3.0,1.0,0.831,1,0.7332459092140198,1.0,9.6639998,0.9192412484085356,0.9762267323037802,37.5,25.0,400000.0,20000.0,4.0,1.0,0.799,0
215.0,1771,0.9534883720930233,0.9253875968992248,0.0,12.0,120000.0,0.0,0.0,1.0,0.815,2,1.0,1.0,9.643183333333333,0.9111111111111112,1.0092592592592593,0.0,12.0,120000.0,0.0,0.0,1.0,0.797,0
219.0,875,0.9360730593607305,0.9512937595129376,12.5,12.0,120000.0,20000.0,2.0,0.0,0.804,0,0.0,1.0,9.789032916666667,0.9110705785933702,1.009214360433713,12.5,12.0,120000.0,20000.0,2.0,0.0,0.794,0
220.0,1314,0.9318181818181818,0.9611742424242424,0.0,12.0,120000.0,20000.0,1.0,0.0,0.804,0,0.0,1.0,9.7892,0.9070796460176991,1.0047935103244838,25.0,12.0,120000.0,20000.0,3.0,0.0,0.794,0
206.0,487,0.9951456310679612,0.9354773462783171,37.5,25.0,400000.0,20000.0,4.0,1.0,0.826,0,0.0,1.0,9.638899799999999,0.9070394713933245,1.0047490079458576,25.0,25.0,400000.0,20000.0,3.0,1.0,0.792,0
217.0,874,0.944700460829493,0.9456605222734256,12.5,12.0,120000.0,20000.0,2.0,0.0,0.811,2,1.0,1.0,9.642933333333334,0.9251101321585903,1.000367107195301,12.5,12.0,120000.0,20000.0,2.0,0.0,0.792,0
211.0,1769,0.971563981042654,0.9429304897314377,0.0,12.0,120000.0,0.0,0.0,1.0,0.823,2,0.316804438829422,1.0,-3.6070666666666664,0.9251101321585903,1.000367107195301,0.0,12.0,120000.0,0.0,0.0,1.0,0.792,1
187.0,854,0.9358288770053476,0.8132798573975044,25.0,12.0,120000.0,20000.0,3.0,0.0,0.854,3,1.0,1.0,-3.9356,0.9218612818261633,0.9968539654667838,25.0,12.0,120000.0,20000.0,3.0,0.0,0.788,1
217.0,1772,0.944700460829493,0.9456605222734256,0.0,12.0,120000.0,0.0,0.0,1.0,0.811,2,1.0,1.0,9.601116666666666,0.9429824561403508,0.9959795321637427,0.0,12.0,120000.0,0.0,0.0,1.0,0.789,0
228.0,2226,0.9429824561403508,0.9959795321637427,0.0,12.0,120000.0,0.0,0.0,0.0,0.789,2,0.0,1.0,-4.94055,0.9429824561403508,0.9959795321637427,0.0,12.0,120000.0,0.0,0.0,0.0,0.789,1
222.0,1315,0.9234234234234233,0.9806681681681682,12.5,12.0,120000.0,20000.0,2.0,0.0,0.8,0,0.0,1.0,9.788532916666666,0.942941057719352,0.9959358070873,25.0,12.0,120000.0,20000.0,3.0,0.0,0.789,0
187.0,2203,0.9358288770053476,0.8132798573975044,0.0,12.0,120000.0,0.0,0.0,0.0,0.854,3,1.0,1.0,-3.94055,0.9396853146853146,0.9924970862470863,0.0,12.0,120000.0,0.0,0.0,0.0,0.789,1
229.0,1778,0.9606986899563319,0.9916302765647744,0.0,12.0,120000.0,0.0,0.0,1.0,0.789,2,0.0,1.0,-4.94055,0.9606986899563319,0.9916302765647744,0.0,12.0,120000.0,0.0,0.0,1.0,0.789,1
209.0,488,0.9808612440191388,0.9370015948963317,37.5,25.0,400000.0,20000.0,4.0,1.0,0.824,0,0.0,1.0,9.6386998,0.9606566979321123,0.9915869325246234,25.0,25.0,400000.0,20000.0,3.0,1.0,0.788,0
223.0,877,0.9192825112107623,0.9762705530642751,12.5,12.0,120000.0,20000.0,2.0,0.0,0.8,0,0.0,1.0,9.788482916666666,0.9606566979321123,0.9915869325246234,25.0,12.0,120000.0,20000.0,3.0,0.0,0.788,0
189.0,2204,0.9259259259259258,0.8267195767195766,0.0,12.0,120000.0,0.0,0.0,0.0,0.852,3,1.0,1.0,-3.9406,0.9573542210617928,0.9881781259065855,0.0,12.0,120000.0,0.0,0.0,0.0,0.788,1
230.0,2227,0.9565217391304347,0.9873188405797102,0.0,12.0,120000.0,0.0,0.0,0.0,0.788,2,0.0,1.0,-4.9406,0.9565217391304347,0.9873188405797102,0.0,12.0,120000.0,0.0,0.0,0.0,0.788,1
224.0,1316,0.9151785714285715,0.9858630952380953,25.0,12.0,120000.0,20000.0,3.0,0.0,0.799,0,0.0,1.0,9.788482916666666,0.9564801114525407,0.9872758726167323,25.0,12.0,120000.0,20000.0,3.0,0.0,0.788,0
189.0,860,0.9259259259259258,0.8267195767195766,12.5,12.0,120000.0,20000.0,2.0,0.0,0.852,3,1.0,1.0,-3.94075,0.9706643658326143,0.979651998849583,25.0,12.0,120000.0,20000.0,3.0,0.0,0.785,1
232.0,2228,0.9698275862068966,0.9922772988505748,0.0,12.0,120000.0,0.0,0.0,0.0,0.785,3,0.0,1.0,-4.94075,0.9698275862068966,0.9922772988505748,0.0,12.0,120000.0,0.0,0.0,0.0,0.785,1
212.0,490,0.9669811320754716,0.9384827044025157,50.0,25.0,400000.0,20000.0,5.0,1.0,0.82,0,0.0,1.0,9.6385498,0.9697857432961621,0.9922344873539437,25.0,25.0,400000.0,20000.0,3.0,1.0,0.785,0
233.0,1780,0.9656652360515022,0.9880185979971388,0.0,12.0,120000.0,0.0,0.0,1.0,0.785,1,0.0,1.0,-4.9408,0.9656652360515022,0.9880185979971388,0.0,12.0,120000.0,0.0,0.0,1.0,0.784,1
233.0,2238,0.9656652360515022,0.9880185979971388,0.0,12.0,120000.0,0.0,0.0,0.0,0.785,3,0.0,1.0,-4.9408,0.9656652360515022,0.9880185979971388,0.0,12.0,120000.0,0.0,0.0,0.0,0.784,1
227.0,879,0.9251101321585903,1.000367107195301,12.5,12.0,120000.0,20000.0,2.0,0.0,0.792,0,0.0,1.0,9.788282916666665,0.965623751528958,0.9879761531847209,25.0,12.0,120000.0,20000.0,3.0,0.0,0.784,0
234.0,2229,0.9615384615384616,1.0105056980056981,0.0,12.0,120000.0,0.0,0.0,0.0,0.784,2,0.0,1.0,-4.9408,0.9615384615384616,1.0105056980056981,0.0,12.0,120000.0,0.0,0.0,0.0,0.784,1
228.0,1318,0.9429824561403508,0.9959795321637427,25.0,12.0,120000.0,20000.0,3.0,0.0,0.789,0,0.0,1.0,9.787982916666666,0.9614973308193099,1.0104624726665894,37.5,12.0,120000.0,20000.0,4.0,0.0,0.783,0
225.0,878,0.9111111111111112,1.0092592592592593,25.0,12.0,120000.0,20000.0,3.0,0.0,0.797,2,1.0,1.0,9.647533333333334,0.9574468085106382,1.0062056737588654,25.0,12.0,120000.0,20000.0,3.0,0.0,0.784,0
235.0,1781,0.9574468085106382,1.0062056737588654,0.0,12.0,120000.0,0.0,0.0,1.0,0.784,2,0.0,1.0,-4.9408,0.9574468085106382,1.0062056737588654,0.0,12.0,120000.0,0.0,0.0,1.0,0.784,1
229.0,880,0.9606986899563319,0.9916302765647744,25.0,12.0,120000.0,20000.0,3.0,0.0,0.789,0,0.0,1.0,9.788232916666665,0.9574060270879526,1.0061628155044686,25.0,12.0,120000.0,20000.0,3.0,0.0,0.783,0
236.0,2230,0.9533898305084746,1.00194209039548,0.0,12.0,120000.0,0.0,0.0,0.0,0.783,3,0.0,1.0,-4.940850000000001,0.9533898305084746,1.00194209039548,0.0,12.0,120000.0,0.0,0.0,0.0,0.783,1
230.0,1319,0.9565217391304347,0.9873188405797102,25.0,12.0,120000.0,20000.0,3.0,0.0,0.788,0,0.0,1.0,9.787932916666666,0.9533493939515532,1.0018995945694562,37.5,12.0,120000.0,20000.0,4.0,0.0,0.782,0
231.0,881,0.974025974025974,0.9830447330447332,25.0,12.0,120000.0,20000.0,3.0,0.0,0.788,2,0.003701595589518547,1.0,9.8141,0.949367088607595,1.0328762306610408,25.0,12.0,120000.0,20000.0,3.0,0.0,0.782,0
237.0,1782,0.949367088607595,1.0328762306610408,0.0,12.0,120000.0,0.0,0.0,1.0,0.782,1,0.0,1.0,-4.940950000000001,0.949367088607595,1.0328762306610408,0.0,12.0,120000.0,0.0,0.0,1.0,0.781,1
227.0,1777,0.9251101321585903,1.000367107195301,0.0,12.0,120000.0,0.0,0.0,1.0,0.792,2,0.003701595589518547,1.0,9.600666666666665,0.9453781512605042,1.0285364145658262,0.0,12.0,120000.0,0.0,0.0,1.0,0.78,0
232.0,1320,0.9698275862068966,0.9922772988505748,25.0,12.0,120000.0,20000.0,3.0,0.0,0.785,0,0.0,1.0,9.787982916666666,0.945338391439923,1.02849315735362,25.0,12.0,120000.0,20000.0,3.0,0.0,0.778,0
145.0,31,0.7931034482758621,0.4525862068965517,0.0,8.0,80000.0,0.0,0.0,1.0,0.911,2,0.12856708467006683,1.0,-3.9411,0.9440559440559441,1.027097902097902,0.0,8.0,80000.0,0.0,0.0,1.0,0.778,1
214.0,2219,0.9579439252336449,0.9297118380062306,0.0,12.0,120000.0,0.0,0.0,0.0,0.817,2,1.0,1.0,-3.9411,0.9414225941422595,1.037308228730823,0.0,12.0,120000.0,0.0,0.0,0.0,0.778,1
239.0,1783,0.9414225941422595,1.037308228730823,0.0,12.0,120000.0,0.0,0.0,1.0,0.778,3,0.0,1.0,-4.9411000000000005,0.9414225941422595,1.037308228730823,0.0,12.0,120000.0,0.0,0.0,1.0,0.778,1
226.0,2225,0.9070796460176991,1.0047935103244838,0.0,12.0,120000.0,0.0,0.0,0.0,0.794,2,1.0,1.0,-3.4832837499999996,0.9413831663368408,1.037264785130408,0.0,12.0,120000.0,0.0,0.0,0.0,0.776,1
233.0,882,0.9656652360515022,0.9880185979971388,25.0,12.0,120000.0,20000.0,3.0,0.0,0.785,0,0.0,1.0,9.788132916666667,0.9413831663368408,1.037264785130408,12.5,12.0,120000.0,20000.0,2.0,0.0,0.776,0
240.0,2232,0.9375,1.0546875,0.0,12.0,120000.0,0.0,0.0,0.0,0.776,2,0.0,1.0,-4.9412,0.9375,1.0546875,0.0,12.0,120000.0,0.0,0.0,0.0,0.776,1
234.0,1321,0.9615384615384616,1.0105056980056981,37.5,12.0,120000.0,20000.0,4.0,0.0,0.784,0,0.0,1.0,9.787832916666666,0.937460900068293,1.0546435125768296,25.0,12.0,120000.0,20000.0,3.0,0.0,0.775,0
237.0,1785,0.949367088607595,1.0328762306610408,0.0,12.0,120000.0,0.0,0.0,1.0,0.782,1,0.1468871384859085,1.0,9.891883333333334,0.9336099585062241,1.0762448132780082,0.0,12.0,120000.0,0.0,0.0,1.0,0.776,0
227.0,2235,0.9251101321585903,1.000367107195301,0.0,12.0,120000.0,0.0,0.0,0.0,0.792,2,0.003701595589518547,1.0,-3.525100416666666,0.9335711823753711,1.0762001130160528,0.0,12.0,120000.0,0.0,0.0,0.0,0.773,1
235.0,883,0.9574468085106382,1.0062056737588654,25.0,12.0,120000.0,20000.0,3.0,0.0,0.784,0,0.0,1.0,9.788232916666667,0.9335711823753711,1.0762001130160528,0.0,12.0,120000.0,20000.0,1.0,0.0,0.773,0
147.0,32,0.7823129251700681,0.44642857142857145,0.0,8.0,80000.0,0.0,0.0,1.0,0.908,2,0.7436236143112183,1.0,-3.94135,0.9322817728982871,1.0747137104244142,0.0,8.0,80000.0,0.0,0.0,1.0,0.773,1
216.0,2220,0.9490740740740741,0.9500385802469136,0.0,12.0,120000.0,0.0,0.0,0.0,0.813,2,1.0,1.0,-3.94135,0.9297520661157025,1.0933195592286502,0.0,12.0,120000.0,0.0,0.0,0.0,0.773,1
242.0,2233,0.9297520661157025,1.0933195592286502,0.0,12.0,120000.0,0.0,0.0,0.0,0.773,2,0.0,1.0,-4.94135,0.9297520661157025,1.0933195592286502,0.0,12.0,120000.0,0.0,0.0,0.0,0.773,1
236.0,1322,0.9533898305084746,1.00194209039548,37.5,12.0,120000.0,20000.0,4.0,0.0,0.783,0,0.0,1.0,9.787732916666666,0.9297136097800252,1.0932743374265113,25.0,12.0,120000.0,20000.0,3.0,0.0,0.773,0
239.0,1786,0.9414225941422595,1.037308228730823,0.0,12.0,120000.0,0.0,0.0,1.0,0.778,1,0.965479850769043,1.0,9.891733333333335,0.9465020576131686,1.0888203017832647,0.0,12.0,120000.0,0.0,0.0,1.0,0.773,0
218.0,2221,0.9403669724770642,0.9556574923547401,0.0,12.0,120000.0,0.0,0.0,0.0,0.808,2,1.0,1.0,-3.9415,0.9464630695665582,1.0887754514035588,0.0,12.0,120000.0,0.0,0.0,0.0,0.77,1
229.0,2236,0.9606986899563319,0.9916302765647744,0.0,12.0,120000.0,0.0,0.0,0.0,0.789,2,0.003701595589518547,1.0,-3.5252504166666663,0.9464630695665582,1.0887754514035588,0.0,12.0,120000.0,0.0,0.0,0.0,0.77,1
149.0,33,0.7718120805369127,0.44043624161073824,0.0,8.0,80000.0,0.0,0.0,1.0,0.905,2,0.7436236143112183,1.0,-3.9415,0.9451665981466543,1.0872840395346475,0.0,8.0,80000.0,0.0,0.0,1.0,0.77,1
203.0,1765,1.0098522167487685,0.9185139573070609,0.0,12.0,120000.0,0.0,0.0,1.0,0.831,3,0.7332459092140198,1.0,-3.9415,0.9433962264150944,1.0852474706043205,0.0,12.0,120000.0,0.0,0.0,1.0,0.77,1
244.0,2234,0.9426229508196722,1.0843579234972678,0.0,12.0,120000.0,0.0,0.0,0.0,0.77,3,0.0,1.0,-4.9415000000000004,0.9426229508196722,1.0843579234972678,0.0,12.0,120000.0,0.0,0.0,0.0,0.77,1
231.0,2237,0.974025974025974,0.9830447330447332,0.0,12.0,120000.0,0.0,0.0,0.0,0.788,2,0.003701595589518547,1.0,-3.4835837499999998,0.942584281685821,1.0843134399827832,0.0,12.0,120000.0,0.0,0.0,0.0,0.77,1
241.0,1787,0.9336099585062241,1.0762448132780082,0.0,12.0,120000.0,0.0,0.0,1.0,0.776,1,0.24782881140708923,1.0,9.891833333333334,0.9591836734693878,1.092687074829932,0.0,12.0,120000.0,0.0,0.0,1.0,0.77,0
245.0,510,0.9591836734693878,1.092687074829932,62.5,25.0,400000.0,20000.0,7.0,1.0,0.77,2,0.0,1.0,-4.899,0.9591836734693878,1.092687074829932,62.5,25.0,400000.0,20000.0,7.0,1.0,0.77,1
245.0,1336,0.9591836734693878,1.092687074829932,37.5,12.0,120000.0,20000.0,4.0,0.0,0.77,2,0.0,1.0,-4.924,0.9591836734693878,1.092687074829932,37.5,12.0,120000.0,20000.0,4.0,0.0,0.77,1
205.0,868,1.0,0.9400406504065042,25.0,12.0,120000.0,20000.0,3.0,0.0,0.829,3,0.7332459092140198,1.0,-3.9366,0.9560618388934093,1.0891307295904529,0.0,12.0,120000.0,20000.0,1.0,0.0,0.768,1
240.0,1324,0.9375,1.0546875,25.0,12.0,120000.0,20000.0,3.0,0.0,0.776,0,0.0,1.0,9.787232916666666,0.9958944353524476,1.113606447694276,37.5,12.0,120000.0,20000.0,4.0,0.0,0.768,0
205.0,1766,1.0,0.9400406504065042,0.0,12.0,120000.0,0.0,0.0,1.0,0.829,3,0.7332459092140198,1.0,-3.9415999999999998,0.992706645056726,1.1100418692598595,0.0,12.0,120000.0,0.0,0.0,1.0,0.768,1
204.0,2214,1.0049019607843137,0.9446486928104576,0.0,12.0,120000.0,0.0,0.0,0.0,0.829,3,0.7332459092140198,1.0,-3.9415999999999998,0.992706645056726,1.1100418692598595,0.0,12.0,120000.0,0.0,0.0,0.0,0.768,1
225.0,1776,0.9111111111111112,1.0092592592592593,0.0,12.0,120000.0,0.0,0.0,1.0,0.797,2,1.0,1.0,-3.8582666666666663,0.9919028340080972,1.1217948717948718,0.0,12.0,120000.0,0.0,0.0,1.0,0.768,1
227.0,495,0.9251101321585903,1.000367107195301,25.0,25.0,400000.0,20000.0,3.0,1.0,0.792,0,0.0,1.0,9.636849799999998,0.9918626374696313,1.1217494114239877,62.5,25.0,400000.0,20000.0,6.0,1.0,0.766,0
224.0,2224,0.9151785714285715,0.9858630952380953,0.0,12.0,120000.0,0.0,0.0,0.0,0.799,2,1.0,1.0,-3.9417,0.9879032258064515,1.117271505376344,0.0,12.0,120000.0,0.0,0.0,0.0,0.766,1
235.0,2239,0.9574468085106382,1.0062056737588654,0.0,12.0,120000.0,0.0,0.0,0.0,0.784,2,0.1468871384859085,1.0,-3.4838337499999996,0.9878633527735433,1.1172264108748406,0.0,12.0,120000.0,0.0,0.0,0.0,0.765,1
242.0,1325,0.9297520661157025,1.0933195592286502,25.0,12.0,120000.0,20000.0,3.0,0.0,0.773,0,0.0,1.0,9.786832916666667,0.9878633527735433,1.1172264108748406,50.0,12.0,120000.0,20000.0,5.0,0.0,0.765,0
249.0,1791,0.9839357429718875,1.125334672021419,0.0,12.0,120000.0,0.0,0.0,1.0,0.765,1,0.0,1.0,-4.941750000000001,0.9839357429718875,1.125334672021419,0.0,12.0,120000.0,0.0,0.0,1.0,0.765,1
249.0,2246,0.9839357429718875,1.125334672021419,0.0,12.0,120000.0,0.0,0.0,0.0,0.765,3,0.0,1.0,-4.941750000000001,0.9839357429718875,1.125334672021419,0.0,12.0,120000.0,0.0,0.0,0.0,0.765,1
226.0,1317,0.9070796460176991,1.0047935103244838,25.0,12.0,120000.0,20000.0,3.0,0.0,0.794,2,1.0,1.0,-3.8955004166666662,0.9838961895547893,1.1252894344823061,62.5,12.0,120000.0,20000.0,6.0,0.0,0.765,1
230.0,496,0.9565217391304347,0.9873188405797102,25.0,25.0,400000.0,20000.0,3.0,1.0,0.788,1,0.0,1.0,9.661799799999999,0.9799607623710747,1.1207884569635165,62.5,25.0,400000.0,20000.0,6.0,1.0,0.765,0
244.0,1326,0.9426229508196722,1.0843579234972678,25.0,12.0,120000.0,20000.0,3.0,0.0,0.77,0,0.0,1.0,9.786582916666665,0.9799607623710747,1.1207884569635165,62.5,12.0,120000.0,20000.0,6.0,0.0,0.765,0
251.0,1792,0.9760956175298805,1.11636786188579,0.0,12.0,120000.0,0.0,0.0,1.0,0.765,3,0.0,1.0,-4.941800000000001,0.9760956175298805,1.11636786188579,0.0,12.0,120000.0,0.0,0.0,1.0,0.764,1
238.0,2231,0.9453781512605042,1.0285364145658262,0.0,12.0,120000.0,0.0,0.0,0.0,0.78,2,0.9277083277702332,1.0,-3.48393375,0.9760566919223659,1.1163233423771959,0.0,12.0,120000.0,0.0,0.0,0.0,0.763,1
246.0,1327,0.9959349593495935,1.1136517615176151,37.5,12.0,120000.0,20000.0,4.0,0.0,0.768,0,0.0,1.0,9.786432916666666,0.9721836049290264,1.1242939648839083,62.5,12.0,120000.0,20000.0,6.0,0.0,0.762,0
253.0,1793,0.9881422924901186,1.1198945981554678,0.0,12.0,120000.0,0.0,0.0,1.0,0.762,1,0.0,1.0,-4.94195,0.9881422924901186,1.1198945981554678,0.0,12.0,120000.0,0.0,0.0,1.0,0.761,1
253.0,2248,0.9881422924901186,1.1198945981554678,0.0,12.0,120000.0,0.0,0.0,0.0,0.762,3,0.0,1.0,-4.94195,0.9881422924901186,1.1198945981554678,0.0,12.0,120000.0,0.0,0.0,0.0,0.761,1
247.0,1337,0.9919028340080972,1.1217948717948718,37.5,12.0,120000.0,20000.0,4.0,0.0,0.768,0,0.0,1.0,9.786632916666667,0.9881031979722856,1.1198502910352572,50.0,12.0,120000.0,20000.0,5.0,0.0,0.761,0
213.0,1770,0.9624413145539906,0.9340766823161188,0.0,12.0,120000.0,0.0,0.0,1.0,0.819,3,1.0,1.0,-3.94195,0.9850275807722617,1.1163645915418965,0.0,12.0,120000.0,0.0,0.0,1.0,0.761,1
231.0,1779,0.974025974025974,0.9830447330447332,0.0,12.0,120000.0,0.0,0.0,1.0,0.788,2,0.003701595589518547,1.0,-3.9002833333333333,0.984251968503937,1.1277887139107612,0.0,12.0,120000.0,0.0,0.0,1.0,0.761,1
248.0,1328,0.9879032258064515,1.117271505376344,50.0,12.0,120000.0,20000.0,5.0,0.0,0.766,0,0.0,1.0,9.786532916666667,0.9842131812049454,1.1277442701306666,50.0,12.0,120000.0,20000.0,5.0,0.0,0.759,0
255.0,1794,0.9803921568627451,1.1233660130718954,0.0,12.0,120000.0,0.0,0.0,1.0,0.759,2,0.0,1.0,-4.94205,0.9803921568627451,1.1233660130718954,0.0,12.0,120000.0,0.0,0.0,1.0,0.759,1
249.0,1338,0.9839357429718875,1.125334672021419,50.0,12.0,120000.0,20000.0,5.0,0.0,0.765,0,0.0,1.0,9.786482916666667,0.9803536731754177,1.1233219171801663,50.0,12.0,120000.0,20000.0,5.0,0.0,0.758,0
243.0,2243,0.9465020576131686,1.0888203017832647,0.0,12.0,120000.0,0.0,0.0,0.0,0.773,2,0.6481432914733887,1.0,-3.484233750000001,0.9765243163734106,1.1311406664658672,0.0,12.0,120000.0,0.0,0.0,0.0,0.757,1
236.0,498,0.9533898305084746,1.00194209039548,25.0,25.0,400000.0,20000.0,3.0,1.0,0.783,0,0.0,1.0,9.6363998,0.9765243163734106,1.1311406664658672,62.5,25.0,400000.0,20000.0,6.0,1.0,0.757,0
250.0,1329,0.98,1.1208333333333333,62.5,12.0,120000.0,20000.0,6.0,0.0,0.765,0,0.0,1.0,9.786432916666667,0.9765243163734106,1.1311406664658672,50.0,12.0,120000.0,20000.0,5.0,0.0,0.757,0
257.0,2250,0.9727626459143969,1.1267833981841764,0.0,12.0,120000.0,0.0,0.0,0.0,0.757,2,0.0,1.0,-4.942200000000001,0.9727626459143969,1.1267833981841764,0.0,12.0,120000.0,0.0,0.0,0.0,0.756,1
251.0,1339,0.9760956175298805,1.11636786188579,62.5,12.0,120000.0,20000.0,6.0,0.0,0.765,0,0.0,1.0,9.786382916666668,0.9727247588527779,1.1267395123378008,50.0,12.0,120000.0,20000.0,5.0,0.0,0.756,0
245.0,2244,0.9591836734693878,1.092687074829932,0.0,12.0,120000.0,0.0,0.0,0.0,0.77,2,0.6481432914733887,1.0,-3.484333750000001,0.9689546541236908,1.146596340713034,0.0,12.0,120000.0,0.0,0.0,0.0,0.755,1
259.0,1796,0.9652509652509652,1.142213642213642,0.0,12.0,120000.0,0.0,0.0,1.0,0.755,2,0.0,1.0,-4.9422500000000005,0.9652509652509652,1.142213642213642,0.0,12.0,120000.0,0.0,0.0,1.0,0.755,1
239.0,499,0.9414225941422595,1.037308228730823,37.5,25.0,400000.0,20000.0,4.0,1.0,0.778,0,0.0,1.0,9.635999799999999,0.9652136610473085,1.1421694989059819,75.0,25.0,400000.0,20000.0,7.0,1.0,0.754,0
260.0,77,0.9615384615384616,1.1618589743589745,0.0,8.0,80000.0,0.0,0.0,1.0,0.754,2,0.0,1.0,-4.9423,0.9615384615384616,1.1618589743589745,0.0,8.0,80000.0,0.0,0.0,1.0,0.754,1
238.0,1323,0.9453781512605042,1.0285364145658262,37.5,12.0,120000.0,20000.0,4.0,0.0,0.78,2,0.9277083277702332,1.0,-3.842033750000001,0.9615014437328779,1.1618142445105606,62.5,12.0,120000.0,20000.0,6.0,0.0,0.751,1
247.0,2245,0.9919028340080972,1.1217948717948718,0.0,12.0,120000.0,0.0,0.0,0.0,0.768,2,0.2181706428527832,1.0,-3.484533750000001,0.9615014437328779,1.1618142445105606,0.0,12.0,120000.0,0.0,0.0,0.0,0.751,1
254.0,1331,0.984251968503937,1.1277887139107612,50.0,12.0,120000.0,20000.0,5.0,0.0,0.761,0,0.0,1.0,9.785882916666665,0.9615014437328779,1.1618142445105606,62.5,12.0,120000.0,20000.0,6.0,0.0,0.751,0
255.0,1341,0.9803921568627451,1.1233660130718954,50.0,12.0,120000.0,20000.0,5.0,0.0,0.759,0,0.0,1.0,9.785982916666667,0.9769740248659429,1.157363019653282,50.0,12.0,120000.0,20000.0,5.0,0.0,0.748,0
221.0,876,0.9276018099547512,0.9709653092006032,12.5,12.0,120000.0,20000.0,2.0,0.0,0.804,3,1.0,1.0,-3.9426,0.974025974025974,1.1538706391647569,0.0,12.0,120000.0,20000.0,1.0,0.0,0.748,1
237.0,2240,0.949367088607595,1.0328762306610408,0.0,12.0,120000.0,0.0,0.0,0.0,0.782,2,0.9277083277702332,1.0,-3.9426,0.9923664122137404,1.164917302798982,0.0,12.0,120000.0,0.0,0.0,0.0,0.748,1
241.0,1784,0.9336099585062241,1.0762448132780082,0.0,12.0,120000.0,0.0,0.0,1.0,0.776,2,0.28333669900894165,1.0,-3.818067083333334,0.9923284992050495,1.1648727975443889,0.0,12.0,120000.0,0.0,0.0,1.0,0.747,1
242.0,500,0.9297520661157025,1.0933195592286502,50.0,25.0,400000.0,20000.0,5.0,1.0,0.773,0,0.0,1.0,9.635899799999999,0.9923284992050495,1.1648727975443889,62.5,25.0,400000.0,20000.0,6.0,1.0,0.747,0
256.0,1332,0.9765625,1.1311848958333333,50.0,12.0,120000.0,20000.0,5.0,0.0,0.758,0,0.0,1.0,9.786182916666666,0.9923284992050495,1.1648727975443889,37.5,12.0,120000.0,20000.0,4.0,0.0,0.747,0
221.0,1774,0.9276018099547512,0.9709653092006032,0.0,12.0,120000.0,0.0,0.0,1.0,0.804,3,1.0,1.0,-3.94265,0.989345509893455,1.1613711314053778,0.0,12.0,120000.0,0.0,0.0,1.0,0.747,1
263.0,1798,0.988593155893536,1.1723700887198985,0.0,12.0,120000.0,0.0,0.0,1.0,0.747,1,0.0,1.0,-4.9427,0.988593155893536,1.1723700887198985,0.0,12.0,120000.0,0.0,0.0,1.0,0.746,1
263.0,2253,0.988593155893536,1.1723700887198985,0.0,12.0,120000.0,0.0,0.0,0.0,0.747,2,0.0,1.0,-4.9427,0.988593155893536,1.1723700887198985,0.0,12.0,120000.0,0.0,0.0,0.0,0.746,1
257.0,1342,0.9727626459143969,1.1267833981841764,50.0,12.0,120000.0,20000.0,5.0,0.0,0.757,0,0.0,1.0,9.786132916666666,0.9885555306431112,1.1723254690318945,37.5,12.0,120000.0,20000.0,4.0,0.0,0.746,0
264.0,79,0.9848484848484848,1.167929292929293,0.0,8.0,80000.0,0.0,0.0,1.0,0.746,1,0.0,1.0,-4.9427,0.9848484848484848,1.167929292929293,0.0,8.0,80000.0,0.0,0.0,1.0,0.746,1
243.0,1788,0.9465020576131686,1.0888203017832647,0.0,12.0,120000.0,0.0,0.0,1.0,0.773,2,0.6481432914733887,1.0,-3.818117083333334,0.9848111440926047,1.1678850106226402,0.0,12.0,120000.0,0.0,0.0,1.0,0.746,1
258.0,1333,0.9689922480620154,1.146640826873385,50.0,12.0,120000.0,20000.0,5.0,0.0,0.756,0,0.0,1.0,9.786382916666666,0.9848111440926047,1.1678850106226402,25.0,12.0,120000.0,20000.0,3.0,0.0,0.746,0
243.0,1335,0.9465020576131686,1.0888203017832647,25.0,12.0,120000.0,20000.0,3.0,0.0,0.773,2,0.6481432914733887,1.0,-3.8548837500000013,0.9810950159958108,1.163478063841186,25.0,12.0,120000.0,20000.0,3.0,0.0,0.744,1
245.0,501,0.9591836734693878,1.092687074829932,62.5,25.0,400000.0,20000.0,6.0,1.0,0.77,0,0.0,1.0,9.6357498,0.9810950159958108,1.163478063841186,62.5,25.0,400000.0,20000.0,6.0,1.0,0.744,0
259.0,1343,0.9652509652509652,1.142213642213642,62.5,12.0,120000.0,20000.0,6.0,0.0,0.755,0,0.0,1.0,9.786282916666666,0.9810950159958108,1.163478063841186,25.0,12.0,120000.0,20000.0,3.0,0.0,0.744,0
267.0,2255,0.9737827715355805,1.193820224719101,0.0,12.0,120000.0,0.0,0.0,0.0,0.743,2,0.0,1.0,-4.9429,0.9737827715355805,1.193820224719101,0.0,12.0,120000.0,0.0,0.0,0.0,0.742,1
169.0,43,0.8875739644970414,0.585552268244576,0.0,8.0,80000.0,0.0,0.0,1.0,0.88,2,0.5439029335975647,1.0,-3.9429,0.9725321631660101,1.1922870269583297,0.0,8.0,80000.0,0.0,0.0,1.0,0.742,1
255.0,2249,0.9803921568627451,1.1233660130718954,0.0,12.0,120000.0,0.0,0.0,0.0,0.759,2,1.0,1.0,-3.4845666666666664,0.9701492537313432,1.201026119402985,0.0,12.0,120000.0,0.0,0.0,0.0,0.742,1
248.0,511,0.9879032258064515,1.117271505376344,62.5,25.0,400000.0,20000.0,6.0,1.0,0.766,0,0.0,1.0,9.6353498,0.970113019286108,1.2009812618566,75.0,25.0,400000.0,20000.0,7.0,1.0,0.741,0
175.0,46,0.9428571428571428,0.6666666666666666,0.0,8.0,80000.0,0.0,0.0,1.0,0.871,2,1.0,1.0,-3.94295,0.968907954899521,1.1994894153203206,0.0,8.0,80000.0,0.0,0.0,1.0,0.741,1
269.0,1801,0.966542750929368,1.1965613382899631,0.0,12.0,120000.0,0.0,0.0,1.0,0.741,2,0.0,1.0,-4.942950000000001,0.966542750929368,1.1965613382899631,0.0,12.0,120000.0,0.0,0.0,1.0,0.741,1
245.0,1789,0.9591836734693878,1.092687074829932,0.0,12.0,120000.0,0.0,0.0,1.0,0.77,2,0.6481432914733887,1.0,-3.943,0.9665067853794734,1.1965168136308384,0.0,12.0,120000.0,0.0,0.0,1.0,0.74,1
263.0,1345,0.988593155893536,1.1723700887198985,37.5,12.0,120000.0,20000.0,4.0,0.0,0.747,0,0.0,1.0,9.785832916666667,0.9665067853794734,1.1965168136308384,37.5,12.0,120000.0,20000.0,4.0,0.0,0.74,0
247.0,1790,0.9919028340080972,1.1217948717948718,0.0,12.0,120000.0,0.0,0.0,1.0,0.768,2,0.2181706428527832,1.0,-3.9018504166666674,0.9629272633262744,1.1920854341659406,0.0,12.0,120000.0,0.0,0.0,1.0,0.738,1
267.0,1800,0.9737827715355805,1.193820224719101,0.0,12.0,120000.0,0.0,0.0,1.0,0.743,1,0.7164735198020935,1.0,9.890283333333333,0.959409594095941,1.1992619926199264,0.0,12.0,120000.0,0.0,0.0,1.0,0.739,0
251.0,512,0.9760956175298805,1.11636786188579,62.5,25.0,400000.0,20000.0,6.0,1.0,0.765,0,0.0,1.0,9.6348498,0.9593741574342587,1.1992176967928232,87.5,25.0,400000.0,20000.0,8.0,1.0,0.736,0
265.0,1346,0.9811320754716981,1.1635220125786163,25.0,12.0,120000.0,20000.0,3.0,0.0,0.746,0,0.0,1.0,9.785882916666665,0.9593741574342587,1.1992176967928232,25.0,12.0,120000.0,20000.0,3.0,0.0,0.736,0
259.0,2251,0.9652509652509652,1.142213642213642,0.0,12.0,120000.0,0.0,0.0,0.0,0.755,2,0.4576374292373657,1.0,-3.5266333333333333,0.9523809523809524,1.2133699633699635,0.0,12.0,120000.0,0.0,0.0,0.0,0.734,1
273.0,1803,0.9523809523809524,1.2133699633699635,0.0,12.0,120000.0,0.0,0.0,1.0,0.734,1,0.0,1.0,-4.943300000000001,0.9523809523809524,1.2133699633699635,0.0,12.0,120000.0,0.0,0.0,1.0,0.734,1
273.0,2258,0.9523809523809524,1.2133699633699635,0.0,12.0,120000.0,0.0,0.0,0.0,0.734,3,0.0,1.0,-4.943300000000001,0.9523809523809524,1.2133699633699635,0.0,12.0,120000.0,0.0,0.0,0.0,0.734,1
267.0,1347,0.9737827715355805,1.193820224719101,25.0,12.0,120000.0,20000.0,3.0,0.0,0.743,0,0.0,1.0,9.785782916666665,0.9523460330264081,1.2133254747692217,25.0,12.0,120000.0,20000.0,3.0,0.0,0.734,0
271.0,1802,0.959409594095941,1.1992619926199264,0.0,12.0,120000.0,0.0,0.0,1.0,0.739,2,0.7164735198020935,1.0,9.889983333333333,0.9454545454545455,1.215909090909091,0.0,12.0,120000.0,0.0,0.0,1.0,0.733,0
275.0,1804,0.9454545454545455,1.215909090909091,0.0,12.0,120000.0,0.0,0.0,1.0,0.733,1,0.0,1.0,-4.943350000000001,0.9454545454545455,1.215909090909091,0.0,12.0,120000.0,0.0,0.0,1.0,0.733,1
275.0,2259,0.9454545454545455,1.215909090909091,0.0,12.0,120000.0,0.0,0.0,0.0,0.733,2,0.0,1.0,-4.943350000000001,0.9454545454545455,1.215909090909091,0.0,12.0,120000.0,0.0,0.0,0.0,0.733,1
261.0,2252,0.9770114942528736,1.1574074074074074,0.0,12.0,120000.0,0.0,0.0,0.0,0.751,2,1.0,1.0,-3.5271004166666677,0.9454201321617348,1.215864833429154,0.0,12.0,120000.0,0.0,0.0,0.0,0.733,1
269.0,1348,0.966542750929368,1.1965613382899631,37.5,12.0,120000.0,20000.0,4.0,0.0,0.741,0,0.0,1.0,9.785732916666666,0.9454201321617348,1.215864833429154,25.0,12.0,120000.0,20000.0,3.0,0.0,0.733,0
277.0,1352,0.9386281588447654,1.2184115523465704,25.0,12.0,120000.0,20000.0,3.0,0.0,0.731,3,0.0,1.0,-4.93845,0.9386281588447654,1.2184115523465704,25.0,12.0,120000.0,20000.0,3.0,0.0,0.731,1
260.0,1334,0.9615384615384616,1.1618589743589745,75.0,12.0,120000.0,20000.0,7.0,0.0,0.754,2,1.0,1.0,-3.5972504166666672,0.9385942406918797,1.218367523975036,25.0,12.0,120000.0,20000.0,3.0,0.0,0.73,1
257.0,505,0.9727626459143969,1.1267833981841764,62.5,25.0,400000.0,20000.0,6.0,1.0,0.757,0,0.0,1.0,9.6347998,0.9385942406918797,1.218367523975036,75.0,25.0,400000.0,20000.0,7.0,1.0,0.73,0
257.0,514,0.9727626459143969,1.1267833981841764,62.5,25.0,400000.0,20000.0,7.0,1.0,0.757,0,0.0,1.0,9.6347998,0.9385942406918797,1.218367523975036,75.0,25.0,400000.0,20000.0,7.0,1.0,0.73,0
257.0,1795,0.9727626459143969,1.1267833981841764,0.0,12.0,120000.0,0.0,0.0,1.0,0.757,2,0.4576374292373657,1.0,-3.8185,0.935251798561151,1.2140287769784173,0.0,12.0,120000.0,0.0,0.0,1.0,0.73,1
272.0,885,0.9558823529411765,1.2063419117647058,0.0,12.0,120000.0,20000.0,1.0,0.0,0.736,0,0.0,1.0,9.78625,0.935251798561151,1.2140287769784173,12.5,12.0,120000.0,20000.0,3.0,0.0,0.73,0
279.0,1806,0.9498207885304659,1.2096774193548387,0.0,12.0,120000.0,0.0,0.0,1.0,0.729,3,0.0,1.0,-4.94355,0.9498207885304659,1.2096774193548387,0.0,12.0,120000.0,0.0,0.0,1.0,0.729,1
273.0,1350,0.9523809523809524,1.2133699633699635,25.0,12.0,120000.0,20000.0,3.0,0.0,0.734,0,0.0,1.0,9.785532916666666,0.9497867119534529,1.209634019940718,25.0,12.0,120000.0,20000.0,3.0,0.0,0.729,0
237.0,884,0.949367088607595,1.0328762306610408,25.0,12.0,120000.0,20000.0,3.0,0.0,0.782,3,0.1468871384859085,1.0,-3.93855,0.9471050750536096,1.206218727662616,25.0,12.0,120000.0,20000.0,3.0,0.0,0.729,1
274.0,886,0.948905109489051,1.2089416058394162,12.5,12.0,120000.0,20000.0,2.0,0.0,0.734,0,0.0,1.0,9.785232916666667,0.9463947378166945,1.2276346834886367,37.5,12.0,120000.0,20000.0,4.0,0.0,0.728,0
275.0,1351,0.9454545454545455,1.215909090909091,25.0,12.0,120000.0,20000.0,3.0,0.0,0.733,0,0.0,1.0,9.785432916666666,0.9430269049846303,1.223266032409308,25.0,12.0,120000.0,20000.0,3.0,0.0,0.727,0
269.0,2256,0.966542750929368,1.1965613382899631,0.0,12.0,120000.0,0.0,0.0,0.0,0.741,2,0.7164735198020935,1.0,-3.4853166666666664,0.9397163120567376,1.2300531914893618,0.0,12.0,120000.0,0.0,0.0,0.0,0.727,1
261.0,1797,0.9770114942528736,1.1574074074074074,0.0,12.0,120000.0,0.0,0.0,1.0,0.751,2,1.0,1.0,-3.81865,0.9397163120567376,1.2300531914893618,0.0,12.0,120000.0,0.0,0.0,1.0,0.727,1
283.0,1808,0.9540636042402828,1.2257067137809188,0.0,12.0,120000.0,0.0,0.0,1.0,0.726,3,0.0,1.0,-4.943700000000001,0.9540636042402828,1.2257067137809188,0.0,12.0,120000.0,0.0,0.0,1.0,0.726,1
263.0,516,0.988593155893536,1.1723700887198985,62.5,25.0,400000.0,20000.0,6.0,1.0,0.747,0,0.0,1.0,9.6343498,0.954029859226534,1.2256633608118666,87.5,25.0,400000.0,20000.0,8.0,1.0,0.726,0
241.0,2242,0.9336099585062241,1.0762448132780082,0.0,12.0,120000.0,0.0,0.0,0.0,0.776,3,0.6481432914733887,1.0,-3.9437,0.9513742071881607,1.2222515856236786,0.0,12.0,120000.0,0.0,0.0,0.0,0.726,1
261.0,1344,0.9770114942528736,1.1574074074074074,62.5,12.0,120000.0,20000.0,6.0,0.0,0.751,2,1.0,1.0,-3.8600504166666676,0.9682757308448389,1.2323509301661584,37.5,12.0,120000.0,20000.0,4.0,0.0,0.724,1
278.0,888,0.935251798561151,1.2140287769784173,12.5,12.0,120000.0,20000.0,2.0,0.0,0.73,0,0.0,1.0,9.784282916666665,0.9682757308448389,1.2323509301661584,75.0,12.0,120000.0,20000.0,7.0,0.0,0.724,0
239.0,2241,0.9414225941422595,1.037308228730823,0.0,12.0,120000.0,0.0,0.0,0.0,0.778,3,0.28333669900894165,1.0,-3.9438,0.9655898876404494,1.2289325842696628,0.0,12.0,120000.0,0.0,0.0,0.0,0.724,1
285.0,1809,0.9649122807017544,1.2390350877192982,0.0,12.0,120000.0,0.0,0.0,1.0,0.724,1,0.0,1.0,-4.9438,0.9649122807017544,1.2390350877192982,0.0,12.0,120000.0,0.0,0.0,1.0,0.724,1
279.0,1353,0.9498207885304659,1.2096774193548387,25.0,12.0,120000.0,20000.0,3.0,0.0,0.729,0,0.0,1.0,9.785032916666665,0.9648783914642156,1.2389915708574586,37.5,12.0,120000.0,20000.0,4.0,0.0,0.724,0
271.0,2257,0.959409594095941,1.1992619926199264,0.0,12.0,120000.0,0.0,0.0,0.0,0.739,2,1.0,1.0,-3.5688,0.9615384615384616,1.234702797202797,0.0,12.0,120000.0,0.0,0.0,0.0,0.724,1
286.0,90,0.9615384615384616,1.234702797202797,0.0,8.0,80000.0,0.0,0.0,1.0,0.724,1,0.0,1.0,-4.9438,0.9615384615384616,1.234702797202797,0.0,8.0,80000.0,0.0,0.0,1.0,0.724,1
266.0,508,0.9774436090225564,1.1787280701754386,62.5,25.0,400000.0,20000.0,6.0,1.0,0.744,0,0.0,1.0,9.634749799999998,0.9615048088701511,1.2346595841173529,62.5,25.0,400000.0,20000.0,6.0,1.0,0.724,0
266.0,517,0.9774436090225564,1.1787280701754386,62.5,25.0,400000.0,20000.0,7.0,1.0,0.744,0,0.0,1.0,9.634749799999998,0.9615048088701511,1.2346595841173529,62.5,25.0,400000.0,20000.0,6.0,1.0,0.724,0
280.0,889,0.9464285714285715,1.2276785714285714,25.0,12.0,120000.0,20000.0,3.0,0.0,0.729,0,0.0,1.0,9.784282916666665,0.9615048088701511,1.2346595841173529,75.0,12.0,120000.0,20000.0,7.0,0.0,0.724,0
280.0,910,0.9464285714285715,1.2276785714285714,25.0,12.0,120000.0,20000.0,4.0,0.0,0.729,0,0.0,1.0,9.784282916666665,0.9615048088701511,1.2346595841173529,75.0,12.0,120000.0,20000.0,7.0,0.0,0.724,0
281.0,1354,0.9430604982206405,1.2233096085409254,25.0,12.0,120000.0,20000.0,3.0,0.0,0.728,0,0.0,1.0,9.785182916666665,0.9581547347425269,1.2376165323757637,25.0,12.0,120000.0,20000.0,3.0,0.0,0.722,0
276.0,887,0.9420289855072465,1.2228260869565217,25.0,12.0,120000.0,20000.0,3.0,0.0,0.733,2,1.0,1.0,9.5611,0.9548611111111112,1.2333622685185186,75.0,12.0,120000.0,20000.0,7.0,0.0,0.722,0
282.0,890,0.9397163120567376,1.2300531914893618,37.5,12.0,120000.0,20000.0,4.0,0.0,0.727,0,0.0,1.0,9.784332916666665,0.9548279242099953,1.2333194021045772,62.5,12.0,120000.0,20000.0,6.0,0.0,0.72,0
282.0,911,0.9397163120567376,1.2300531914893618,37.5,12.0,120000.0,20000.0,5.0,0.0,0.727,0,0.0,1.0,9.784332916666665,0.9548279242099953,1.2333194021045772,62.5,12.0,120000.0,20000.0,6.0,0.0,0.72,0
193.0,57,0.9067357512953367,0.8257772020725388,0.0,8.0,80000.0,0.0,0.0,1.0,0.846,2,1.0,1.0,-3.944,0.953724115219445,1.2318936488251164,0.0,8.0,80000.0,0.0,0.0,1.0,0.72,1
269.0,509,0.966542750929368,1.1965613382899631,75.0,25.0,400000.0,20000.0,7.0,1.0,0.741,0,0.0,1.0,9.635049799999999,0.951524135790314,1.2290520087291554,37.5,25.0,400000.0,20000.0,4.0,1.0,0.72,0
269.0,518,0.966542750929368,1.1965613382899631,75.0,25.0,400000.0,20000.0,8.0,1.0,0.741,0,0.0,1.0,9.635049799999999,0.951524135790314,1.2290520087291554,37.5,25.0,400000.0,20000.0,4.0,1.0,0.72,0
283.0,1355,0.9540636042402828,1.2257067137809188,25.0,12.0,120000.0,20000.0,3.0,0.0,0.726,0,0.0,1.0,9.785082916666665,0.951524135790314,1.2290520087291554,25.0,12.0,120000.0,20000.0,3.0,0.0,0.72,0
290.0,92,0.9482758620689655,1.2248563218390802,0.0,8.0,80000.0,0.0,0.0,1.0,0.72,3,0.0,1.0,-4.944000000000001,0.9482758620689655,1.2248563218390802,0.0,8.0,80000.0,0.0,0.0,1.0,0.72,1
284.0,891,0.9683098591549295,1.232394366197183,62.5,12.0,120000.0,20000.0,6.0,0.0,0.726,0,0.0,1.0,9.784332916666665,0.9482431313319152,1.224814044637057,62.5,12.0,120000.0,20000.0,6.0,0.0,0.72,0
284.0,912,0.9683098591549295,1.232394366197183,62.5,12.0,120000.0,20000.0,7.0,0.0,0.726,0,0.0,1.0,9.784332916666665,0.9482431313319152,1.224814044637057,62.5,12.0,120000.0,20000.0,6.0,0.0,0.72,0
285.0,1356,0.9649122807017544,1.2390350877192982,37.5,12.0,120000.0,20000.0,4.0,0.0,0.724,0,0.0,1.0,9.785082916666665,0.962166215519528,1.2313436686708243,25.0,12.0,120000.0,20000.0,3.0,0.0,0.72,0
251.0,2247,0.9760956175298805,1.11636786188579,0.0,12.0,120000.0,0.0,0.0,0.0,0.765,3,0.17209018766880035,1.0,-3.944,0.9595613433858807,1.2280100525474067,0.0,12.0,120000.0,0.0,0.0,0.0,0.72,1
292.0,93,0.9589041095890412,1.2271689497716893,0.0,8.0,80000.0,0.0,0.0,1.0,0.72,1,0.0,1.0,-4.944000000000001,0.9589041095890412,1.2271689497716893,0.0,8.0,80000.0,0.0,0.0,1.0,0.72,1
286.0,892,0.9615384615384616,1.234702797202797,75.0,12.0,120000.0,20000.0,7.0,0.0,0.724,0,0.0,1.0,9.784332916666665,0.9588712386948652,1.2271268828535478,62.5,12.0,120000.0,20000.0,6.0,0.0,0.72,0
286.0,913,0.9615384615384616,1.234702797202797,75.0,12.0,120000.0,20000.0,8.0,0.0,0.724,0,0.0,1.0,9.784332916666665,0.9588712386948652,1.2271268828535478,62.5,12.0,120000.0,20000.0,6.0,0.0,0.72,0
271.0,1349,0.959409594095941,1.1992619926199264,37.5,12.0,120000.0,20000.0,4.0,0.0,0.739,2,0.7164735198020935,1.0,-3.8431666666666664,0.9726962457337883,1.222980659840728,25.0,12.0,120000.0,20000.0,3.0,0.0,0.72,1
252.0,1330,0.9722222222222222,1.1243386243386244,75.0,12.0,120000.0,20000.0,7.0,0.0,0.763,3,0.17209018766880035,1.0,-3.8890499999999997,0.9700476514635807,1.2196505559337418,25.0,12.0,120000.0,20000.0,3.0,0.0,0.719,1
288.0,914,0.9548611111111112,1.2333622685185186,75.0,12.0,120000.0,20000.0,7.0,0.0,0.722,0,0.0,1.0,9.783982916666666,0.9863609745804234,1.218779365142477,75.0,12.0,120000.0,20000.0,7.0,0.0,0.718,0
253.0,1340,0.9881422924901186,1.1198945981554678,62.5,12.0,120000.0,20000.0,6.0,0.0,0.762,3,0.17209018766880035,1.0,-3.9016,0.983717774762551,1.2155133423790139,25.0,12.0,120000.0,20000.0,3.0,0.0,0.718,1
275.0,520,0.9454545454545455,1.215909090909091,87.5,25.0,400000.0,20000.0,8.0,1.0,0.733,0,0.0,1.0,9.634449799999999,0.9830174915081695,1.2146480498520484,62.5,25.0,400000.0,20000.0,6.0,1.0,0.718,0
289.0,1358,0.9515570934256056,1.2290945790080738,25.0,12.0,120000.0,20000.0,3.0,0.0,0.72,0,0.0,1.0,9.785232916666667,0.9830174915081695,1.2146480498520484,12.5,12.0,120000.0,20000.0,2.0,0.0,0.718,0
296.0,95,0.9797297297297298,1.2105855855855858,0.0,8.0,80000.0,0.0,0.0,1.0,0.718,3,0.0,1.0,-4.944100000000001,0.9797297297297298,1.2105855855855858,0.0,8.0,80000.0,0.0,0.0,1.0,0.718,1
290.0,894,0.9482758620689655,1.2248563218390802,62.5,12.0,120000.0,20000.0,6.0,0.0,0.72,0,0.0,1.0,9.783982916666666,0.9796965987738051,1.2105446479101611,75.0,12.0,120000.0,20000.0,7.0,0.0,0.718,0
290.0,915,0.9482758620689655,1.2248563218390802,62.5,12.0,120000.0,20000.0,7.0,0.0,0.72,0,0.0,1.0,9.783982916666666,0.9796965987738051,1.2105446479101611,75.0,12.0,120000.0,20000.0,7.0,0.0,0.718,0
291.0,1359,0.9621993127147767,1.2313860252004583,25.0,12.0,120000.0,20000.0,3.0,0.0,0.72,0,0.0,1.0,9.785482916666666,0.9763980681997889,1.2064688773733023,0.0,12.0,120000.0,20000.0,1.0,0.0,0.718,0
278.0,521,0.935251798561151,1.2140287769784173,75.0,25.0,400000.0,20000.0,7.0,1.0,0.73,0,0.0,1.0,9.6341498,0.9731216746712635,1.2024204600823083,75.0,25.0,400000.0,20000.0,7.0,1.0,0.717,0
292.0,895,0.9589041095890412,1.2271689497716893,62.5,12.0,120000.0,20000.0,6.0,0.0,0.72,0,0.0,1.0,9.783932916666666,0.9731216746712635,1.2024204600823083,75.0,12.0,120000.0,20000.0,7.0,0.0,0.717,0
292.0,916,0.9589041095890412,1.2271689497716893,62.5,12.0,120000.0,20000.0,7.0,0.0,0.72,0,0.0,1.0,9.783932916666666,0.9731216746712635,1.2024204600823083,75.0,12.0,120000.0,20000.0,7.0,0.0,0.717,0
300.0,97,0.9666666666666667,1.204861111111111,0.0,8.0,80000.0,0.0,0.0,1.0,0.717,1,0.0,1.0,-4.9441500000000005,0.9666666666666667,1.204861111111111,0.0,8.0,80000.0,0.0,0.0,1.0,0.717,1
300.0,899,0.9666666666666667,1.204861111111111,75.0,12.0,120000.0,20000.0,7.0,0.0,0.717,3,0.0,1.0,-4.8892,0.9666666666666667,1.204861111111111,75.0,12.0,120000.0,20000.0,7.0,0.0,0.716,1
294.0,896,0.9863945578231291,1.2188208616780045,62.5,12.0,120000.0,20000.0,6.0,0.0,0.719,0,0.0,1.0,9.784282916666667,0.9666344132984096,1.2048209102534055,50.0,12.0,120000.0,20000.0,5.0,0.0,0.714,0
294.0,917,0.9863945578231291,1.2188208616780045,62.5,12.0,120000.0,20000.0,7.0,0.0,0.719,0,0.0,1.0,9.784282916666667,0.9666344132984096,1.2048209102534055,50.0,12.0,120000.0,20000.0,5.0,0.0,0.714,0
281.0,522,0.9430604982206405,1.2233096085409254,87.5,25.0,400000.0,20000.0,8.0,1.0,0.728,0,0.0,1.0,9.6339998,0.9634231100819537,1.2008183160863433,75.0,25.0,400000.0,20000.0,7.0,1.0,0.714,0
281.0,1807,0.9430604982206405,1.2233096085409254,0.0,12.0,120000.0,0.0,0.0,1.0,0.728,2,0.29651689529418945,1.0,-3.8193,0.9602649006622517,1.2037803532008828,0.0,12.0,120000.0,0.0,0.0,1.0,0.714,1
302.0,2261,0.9602649006622517,1.2037803532008828,0.0,12.0,120000.0,0.0,0.0,0.0,0.714,3,0.0,1.0,-4.94435,0.9602649006622517,1.2037803532008828,0.0,12.0,120000.0,0.0,0.0,0.0,0.713,1
296.0,897,0.9797297297297298,1.2105855855855858,75.0,12.0,120000.0,20000.0,7.0,0.0,0.718,0,0.0,1.0,9.784232916666667,0.9602330730693329,1.2037404543864842,50.0,12.0,120000.0,20000.0,5.0,0.0,0.713,0
296.0,918,0.9797297297297298,1.2105855855855858,75.0,12.0,120000.0,20000.0,8.0,0.0,0.718,0,0.0,1.0,9.784232916666667,0.9602330730693329,1.2037404543864842,50.0,12.0,120000.0,20000.0,5.0,0.0,0.713,0
209.0,65,0.9808612440191388,0.9370015948963317,0.0,8.0,80000.0,0.0,0.0,1.0,0.824,2,0.316804438829422,1.0,-3.9444,0.9560124076345041,1.1984494621567598,0.0,8.0,80000.0,0.0,0.0,1.0,0.712,1
304.0,2262,0.9539473684210527,1.195860745614035,0.0,12.0,120000.0,0.0,0.0,0.0,0.712,3,0.0,1.0,-4.94445,0.9539473684210527,1.195860745614035,0.0,12.0,120000.0,0.0,0.0,0.0,0.711,1
298.0,898,0.9731543624161074,1.2024608501118568,75.0,12.0,120000.0,20000.0,7.0,0.0,0.718,0,0.0,1.0,9.784132916666668,0.9539159582278227,1.1958213700485276,50.0,12.0,120000.0,20000.0,5.0,0.0,0.711,0
298.0,919,0.9731543624161074,1.2024608501118568,75.0,12.0,120000.0,20000.0,8.0,0.0,0.718,0,0.0,1.0,9.784132916666668,0.9539159582278227,1.1958213700485276,50.0,12.0,120000.0,20000.0,5.0,0.0,0.711,0
305.0,1811,0.9672131147540983,1.1919398907103824,0.0,12.0,120000.0,0.0,0.0,1.0,0.711,1,0.0,1.0,-4.94445,0.9672131147540983,1.1919398907103824,0.0,12.0,120000.0,0.0,0.0,1.0,0.711,1
265.0,1799,0.9811320754716981,1.1635220125786163,0.0,12.0,120000.0,0.0,0.0,1.0,0.746,3,0.20125292241573334,1.0,-3.94445,0.9646827992151732,1.1888216699367777,0.0,12.0,120000.0,0.0,0.0,1.0,0.711,1
265.0,2254,0.9811320754716981,1.1635220125786163,0.0,12.0,120000.0,0.0,0.0,0.0,0.746,3,0.20125292241573334,1.0,-3.9446499999999998,0.9778357235984355,1.1849467622772707,0.0,12.0,120000.0,0.0,0.0,0.0,0.707,1
294.0,94,0.9863945578231291,1.2188208616780045,0.0,8.0,80000.0,0.0,0.0,1.0,0.719,1,1.0,1.0,-3.7786589583333337,0.9761070363402372,1.1828519294539679,0.0,8.0,80000.0,0.0,0.0,1.0,0.706,1
302.0,900,0.9602649006622517,1.2037803532008828,50.0,12.0,120000.0,20000.0,5.0,0.0,0.714,0,0.0,1.0,9.783832916666666,0.9739943192105996,1.1802917270989557,50.0,12.0,120000.0,20000.0,5.0,0.0,0.705,0
302.0,921,0.9602649006622517,1.2037803532008828,50.0,12.0,120000.0,20000.0,6.0,0.0,0.714,0,0.0,1.0,9.783832916666666,0.9739943192105996,1.1802917270989557,50.0,12.0,120000.0,20000.0,5.0,0.0,0.705,0
290.0,525,0.9482758620689655,1.2248563218390802,37.5,25.0,400000.0,20000.0,4.0,1.0,0.72,0,0.0,1.0,9.6330998,0.9677106877935974,1.1928378269678024,87.5,25.0,400000.0,20000.0,8.0,1.0,0.701,0
304.0,901,0.9539473684210527,1.195860745614035,50.0,12.0,120000.0,20000.0,5.0,0.0,0.712,0,0.0,1.0,9.783882916666666,0.9677106877935974,1.1928378269678024,37.5,12.0,120000.0,20000.0,4.0,0.0,0.701,0
304.0,922,0.9539473684210527,1.195860745614035,50.0,12.0,120000.0,20000.0,6.0,0.0,0.712,0,0.0,1.0,9.783882916666666,0.9677106877935974,1.1928378269678024,37.5,12.0,120000.0,20000.0,4.0,0.0,0.701,0
291.0,530,0.9621993127147767,1.2313860252004583,50.0,25.0,400000.0,20000.0,5.0,1.0,0.72,0,0.0,1.0,9.6332498,0.9645991780135952,1.1890024590098134,75.0,25.0,400000.0,20000.0,7.0,1.0,0.699,0
306.0,902,0.9803921568627451,1.1880446623093681,50.0,12.0,120000.0,20000.0,5.0,0.0,0.711,2,1.0,1.0,9.835,0.9615384615384616,1.185229700854701,37.5,12.0,120000.0,20000.0,4.0,0.0,0.7,0
312.0,2266,0.9615384615384616,1.185229700854701,0.0,12.0,120000.0,0.0,0.0,0.0,0.7,2,0.0,1.0,-4.9451,0.9615384615384616,1.185229700854701,0.0,12.0,120000.0,0.0,0.0,0.0,0.698,1
306.0,923,0.9803921568627451,1.1880446623093681,50.0,12.0,120000.0,20000.0,5.0,0.0,0.711,2,1.0,1.0,9.793233333333335,0.9584664536741214,1.1814430244941425,50.0,12.0,120000.0,20000.0,5.0,0.0,0.698,0
314.0,2267,0.9554140127388535,1.184315286624204,0.0,12.0,120000.0,0.0,0.0,0.0,0.697,2,0.0,1.0,-4.94515,0.9554140127388535,1.184315286624204,0.0,12.0,120000.0,0.0,0.0,0.0,0.697,1
294.0,531,0.9863945578231291,1.2188208616780045,62.5,25.0,400000.0,20000.0,6.0,1.0,0.719,0,0.0,1.0,9.6333998,0.9553835560847249,1.1842775330633566,62.5,25.0,400000.0,20000.0,6.0,1.0,0.697,0
308.0,903,0.974025974025974,1.1803300865800865,50.0,12.0,120000.0,20000.0,5.0,0.0,0.706,0,0.0,1.0,9.783432916666667,0.9553835560847249,1.1842775330633566,50.0,12.0,120000.0,20000.0,5.0,0.0,0.697,0
308.0,924,0.974025974025974,1.1803300865800865,50.0,12.0,120000.0,20000.0,6.0,0.0,0.706,0,0.0,1.0,9.783432916666667,0.9553835560847249,1.1842775330633566,50.0,12.0,120000.0,20000.0,5.0,0.0,0.697,0
215.0,68,0.9534883720930233,0.9253875968992248,0.0,8.0,80000.0,0.0,0.0,1.0,0.815,2,1.0,1.0,-3.9453,0.9513440075469908,1.1792701760217907,0.0,8.0,80000.0,0.0,0.0,1.0,0.694,1
296.0,527,0.9797297297297298,1.2105855855855858,62.5,25.0,400000.0,20000.0,6.0,1.0,0.718,0,0.0,1.0,9.6333498,0.9493370162546434,1.1833749612340867,50.0,25.0,400000.0,20000.0,5.0,1.0,0.691,0
310.0,925,0.967741935483871,1.1928763440860215,50.0,12.0,120000.0,20000.0,5.0,0.0,0.703,0,0.0,1.0,9.783382916666666,0.9493370162546434,1.1833749612340867,37.5,12.0,120000.0,20000.0,4.0,0.0,0.691,0
297.0,532,0.9764309764309763,1.2065095398428731,75.0,25.0,400000.0,20000.0,7.0,1.0,0.718,0,0.0,1.0,9.6334998,0.9463423568233696,1.1796420350680197,37.5,25.0,400000.0,20000.0,4.0,1.0,0.689,0
217.0,69,0.944700460829493,0.9456605222734256,0.0,8.0,80000.0,0.0,0.0,1.0,0.811,2,1.0,1.0,-3.94555,0.9453483310815312,1.178402954368992,0.0,8.0,80000.0,0.0,0.0,1.0,0.689,1
318.0,2269,0.9591194968553459,1.2021750524109014,0.0,12.0,120000.0,0.0,0.0,0.0,0.689,3,0.0,1.0,-4.9456500000000005,0.9591194968553459,1.2021750524109014,0.0,12.0,120000.0,0.0,0.0,0.0,0.687,1
312.0,926,0.9615384615384616,1.185229700854701,37.5,12.0,120000.0,20000.0,4.0,0.0,0.7,0,0.0,1.0,9.783132916666666,0.959089306654215,1.2021372115508773,37.5,12.0,120000.0,20000.0,4.0,0.0,0.686,0
277.0,1805,0.9386281588447654,1.2184115523465704,0.0,12.0,120000.0,0.0,0.0,1.0,0.731,3,1.0,1.0,-3.9457,0.9567126725219575,1.1991583019657048,0.0,12.0,120000.0,0.0,0.0,1.0,0.686,1
315.0,1816,0.9523809523809524,1.1805555555555556,0.0,12.0,120000.0,0.0,0.0,1.0,0.697,1,0.1648266315460205,1.0,9.887683333333333,0.9561128526645767,1.1984064785788924,0.0,12.0,120000.0,0.0,0.0,1.0,0.687,0
299.0,528,0.9698996655518395,1.198439241917503,75.0,25.0,400000.0,20000.0,7.0,1.0,0.717,0,0.0,1.0,9.633549799999999,0.9560828514440659,1.1983688745900691,25.0,25.0,400000.0,20000.0,3.0,1.0,0.685,0
219.0,70,0.9360730593607305,0.9512937595129376,0.0,8.0,80000.0,0.0,0.0,1.0,0.804,2,1.0,1.0,-3.94575,0.9550848839258201,1.1971180068332514,0.0,8.0,80000.0,0.0,0.0,1.0,0.685,1
306.0,2263,0.9803921568627451,1.1880446623093681,0.0,12.0,120000.0,0.0,0.0,0.0,0.711,2,1.0,1.0,-3.5290833333333333,0.953125,1.1946614583333335,0.0,12.0,120000.0,0.0,0.0,0.0,0.685,1
320.0,909,0.953125,1.1946614583333335,37.5,12.0,120000.0,20000.0,4.0,0.0,0.685,2,0.0,1.0,-4.92825,0.953125,1.1946614583333335,37.5,12.0,120000.0,20000.0,5.0,0.0,0.685,1
320.0,2270,0.953125,1.1946614583333335,0.0,12.0,120000.0,0.0,0.0,0.0,0.685,3,0.0,1.0,-4.94575,0.953125,1.1946614583333335,0.0,12.0,120000.0,0.0,0.0,0.0,0.685,1
314.0,906,0.9554140127388535,1.184315286624204,50.0,12.0,120000.0,20000.0,5.0,0.0,0.697,0,0.0,1.0,9.783282916666666,0.9530951859912132,1.1946240889985493,25.0,12.0,120000.0,20000.0,3.0,0.0,0.684,0
314.0,927,0.9554140127388535,1.184315286624204,50.0,12.0,120000.0,20000.0,6.0,0.0,0.697,0,0.0,1.0,9.783282916666666,0.9530951859912132,1.1946240889985493,25.0,12.0,120000.0,20000.0,3.0,0.0,0.684,0
317.0,1817,0.9463722397476341,1.1796792849631965,0.0,12.0,120000.0,0.0,0.0,1.0,0.691,2,0.9856997728347778,1.0,9.887583333333334,0.9501557632398754,1.210410176531672,0.0,12.0,120000.0,0.0,0.0,1.0,0.685,0
322.0,931,0.9472049689440993,1.206651138716356,25.0,12.0,120000.0,20000.0,3.0,0.0,0.682,3,0.0,1.0,-4.940899999999999,0.9472049689440993,1.206651138716356,25.0,12.0,120000.0,20000.0,3.0,0.0,0.682,1
302.0,529,0.9602649006622517,1.2037803532008828,75.0,25.0,400000.0,20000.0,7.0,1.0,0.714,0,0.0,1.0,9.6335998,0.947175524139762,1.20661362877094,12.5,25.0,400000.0,20000.0,2.0,1.0,0.681,0
310.0,2265,0.967741935483871,1.1928763440860215,0.0,12.0,120000.0,0.0,0.0,0.0,0.703,2,1.0,1.0,-3.4876166666666664,0.9442724458204335,1.2287151702786379,0.0,12.0,120000.0,0.0,0.0,0.0,0.681,1
303.0,534,0.957095709570957,1.1998074807480748,87.5,25.0,400000.0,20000.0,8.0,1.0,0.713,0,0.0,1.0,9.633699799999999,0.9442431830518193,1.2286770927006256,0.0,25.0,400000.0,20000.0,1.0,1.0,0.678,0
312.0,905,0.9615384615384616,1.185229700854701,37.5,12.0,120000.0,20000.0,4.0,0.0,0.7,2,0.2478274554014206,1.0,9.57145,0.9413580246913581,1.2249228395061729,25.0,12.0,120000.0,20000.0,3.0,0.0,0.679,0
324.0,2272,0.9413580246913581,1.2249228395061729,0.0,12.0,120000.0,0.0,0.0,0.0,0.679,2,0.0,1.0,-4.9461,0.9413580246913581,1.2249228395061729,0.0,12.0,120000.0,0.0,0.0,0.0,0.678,1
318.0,929,0.9591194968553459,1.2021750524109014,37.5,12.0,120000.0,20000.0,4.0,0.0,0.689,0,0.0,1.0,9.782932916666665,0.9413289422755797,1.2248849966085924,25.0,12.0,120000.0,20000.0,3.0,0.0,0.677,0
225.0,73,0.9111111111111112,1.0092592592592593,0.0,8.0,80000.0,0.0,0.0,1.0,0.797,2,1.0,1.0,-3.94615,0.9403615220385335,1.2236261608493213,0.0,8.0,80000.0,0.0,0.0,1.0,0.677,1
321.0,1819,0.9501557632398754,1.210410176531672,0.0,12.0,120000.0,0.0,0.0,1.0,0.685,1,1.0,1.0,9.887233333333333,0.9384615384615386,1.221153846153846,0.0,12.0,120000.0,0.0,0.0,1.0,0.678,0
318.0,908,0.9591194968553459,1.2021750524109014,37.5,12.0,120000.0,20000.0,4.0,0.0,0.689,2,0.9856997728347778,1.0,9.737916666666665,0.9355828220858895,1.226993865030675,25.0,12.0,120000.0,20000.0,3.0,0.0,0.675,0
320.0,930,0.953125,1.1946614583333335,37.5,12.0,120000.0,20000.0,4.0,0.0,0.685,0,0.0,1.0,9.782782916666665,0.9355540954095245,1.2269561907010156,25.0,12.0,120000.0,20000.0,3.0,0.0,0.674,0
316.0,907,0.949367088607595,1.183412447257384,50.0,12.0,120000.0,20000.0,5.0,0.0,0.694,2,0.8517171144485474,1.0,9.625416666666666,0.9480122324159022,1.2327981651376145,25.0,12.0,120000.0,20000.0,3.0,0.0,0.675,0
327.0,1822,0.9480122324159022,1.2327981651376145,0.0,12.0,120000.0,0.0,0.0,1.0,0.675,1,0.0,1.0,-4.946350000000001,0.9480122324159022,1.2327981651376145,0.0,12.0,120000.0,0.0,0.0,1.0,0.673,1
287.0,1357,0.9581881533101044,1.2376596980255514,37.5,12.0,120000.0,20000.0,4.0,0.0,0.724,3,0.4286457896232605,1.0,-3.9288499999999997,0.9456985967053081,1.2297895057962172,0.0,12.0,120000.0,20000.0,1.0,0.0,0.673,1
328.0,934,0.9603658536585366,1.2290396341463414,25.0,12.0,120000.0,20000.0,3.0,0.0,0.673,2,0.0,1.0,-4.94135,0.9603658536585366,1.2290396341463414,25.0,12.0,120000.0,20000.0,3.0,0.0,0.673,1
288.0,893,0.9548611111111112,1.2333622685185186,75.0,12.0,120000.0,20000.0,7.0,0.0,0.722,3,0.4286457896232605,1.0,-3.89145,0.958029197080292,1.2260492700729926,25.0,12.0,120000.0,20000.0,3.0,0.0,0.671,1
316.0,928,0.949367088607595,1.183412447257384,50.0,12.0,120000.0,20000.0,5.0,0.0,0.694,2,0.8517171144485474,1.0,-3.458066666666667,0.9574468085106382,1.2348024316109423,25.0,12.0,120000.0,20000.0,3.0,0.0,0.672,1
307.0,1812,0.9771986970684038,1.1841748099891423,0.0,12.0,120000.0,0.0,0.0,1.0,0.707,2,1.0,1.0,-3.8630666666666666,0.9574468085106382,1.2348024316109423,0.0,12.0,120000.0,0.0,0.0,1.0,0.672,1
329.0,1823,0.9574468085106382,1.2348024316109423,0.0,12.0,120000.0,0.0,0.0,1.0,0.672,1,0.0,1.0,-4.9464500000000005,0.9574468085106382,1.2348024316109423,0.0,12.0,120000.0,0.0,0.0,1.0,0.671,1
330.0,2275,0.9545454545454546,1.2310606060606062,0.0,12.0,120000.0,0.0,0.0,0.0,0.671,3,0.0,1.0,-4.9464500000000005,0.9545454545454546,1.2310606060606062,0.0,12.0,120000.0,0.0,0.0,0.0,0.671,1
324.0,932,0.9413580246913581,1.2249228395061729,25.0,12.0,120000.0,20000.0,3.0,0.0,0.679,0,0.0,1.0,9.782882916666667,0.9545165008782613,1.231023265021567,12.5,12.0,120000.0,20000.0,2.0,0.0,0.671,0
316.0,2268,0.949367088607595,1.183412447257384,0.0,12.0,120000.0,0.0,0.0,0.0,0.694,2,0.8517171144485474,1.0,-3.57145,0.9516616314199396,1.2367824773413898,0.0,12.0,120000.0,0.0,0.0,0.0,0.671,1
331.0,1360,0.9516616314199396,1.2367824773413898,0.0,12.0,120000.0,20000.0,1.0,0.0,0.671,3,0.0,1.0,-4.9465,0.9516616314199396,1.2367824773413898,0.0,12.0,120000.0,20000.0,1.0,0.0,0.67,1
326.0,933,0.9355828220858895,1.226993865030675,25.0,12.0,120000.0,20000.0,3.0,0.0,0.675,0,0.0,1.0,9.782982916666667,0.948766574839114,1.233020052618293,0.0,12.0,120000.0,20000.0,1.0,0.0,0.668,0
311.0,1814,0.964630225080386,1.1890407288317257,0.0,12.0,120000.0,0.0,0.0,1.0,0.701,2,1.0,1.0,-3.8632666666666666,0.945945945945946,1.2387387387387387,0.0,12.0,120000.0,0.0,0.0,1.0,0.668,1
333.0,544,0.945945945945946,1.2387387387387387,12.5,25.0,400000.0,20000.0,2.0,1.0,0.668,2,0.0,1.0,-4.94665,0.945945945945946,1.2387387387387387,12.5,25.0,400000.0,20000.0,2.0,1.0,0.667,1
333.0,1825,0.945945945945946,1.2387387387387387,0.0,12.0,120000.0,0.0,0.0,1.0,0.668,2,0.0,1.0,-4.94665,0.945945945945946,1.2387387387387387,0.0,12.0,120000.0,0.0,0.0,1.0,0.667,1
331.0,1824,0.9516616314199396,1.2367824773413898,0.0,12.0,120000.0,0.0,0.0,1.0,0.671,1,0.045187778770923615,1.0,9.886633333333334,0.9402985074626866,1.2313432835820897,0.0,12.0,120000.0,0.0,0.0,1.0,0.666,0
335.0,110,0.9402985074626866,1.2313432835820897,0.0,8.0,80000.0,0.0,0.0,1.0,0.666,1,0.0,1.0,-4.9467,0.9402985074626866,1.2313432835820897,0.0,8.0,80000.0,0.0,0.0,1.0,0.666,1
335.0,1362,0.9402985074626866,1.2313432835820897,12.5,12.0,120000.0,20000.0,2.0,0.0,0.666,3,0.0,1.0,-4.9467,0.9402985074626866,1.2313432835820897,12.5,12.0,120000.0,20000.0,2.0,0.0,0.666,1
313.0,1815,0.9584664536741214,1.1814430244941425,0.0,12.0,120000.0,0.0,0.0,1.0,0.698,2,0.2478274554014206,1.0,-3.863833750000001,0.9402704116214319,1.231306491409018,0.0,12.0,120000.0,0.0,0.0,1.0,0.665,1
333.0,1361,0.945945945945946,1.2387387387387387,0.0,12.0,120000.0,20000.0,1.0,0.0,0.668,0,0.0,1.0,9.78295,0.9292035398230089,1.2168141592920354,0.0,12.0,120000.0,20000.0,1.0,0.0,0.659,0
300.0,920,0.9666666666666667,1.204861111111111,75.0,12.0,120000.0,20000.0,7.0,0.0,0.717,3,0.9053981304168701,1.0,-3.8922999999999996,0.9389671361502347,1.219556924882629,0.0,12.0,120000.0,20000.0,1.0,0.0,0.654,1
300.0,2260,0.9666666666666667,1.204861111111111,0.0,12.0,120000.0,0.0,0.0,0.0,0.717,3,0.9053981304168701,1.0,-3.94745,0.9508484493856056,1.2159888823873612,0.0,12.0,120000.0,0.0,0.0,0.0,0.651,1
328.0,2274,0.9603658536585366,1.2290396341463414,0.0,12.0,120000.0,0.0,0.0,0.0,0.673,2,1.0,1.0,-3.5307833333333334,0.9502923976608186,1.2152777777777777,0.0,12.0,120000.0,0.0,0.0,0.0,0.651,1
342.0,2281,0.9502923976608186,1.2152777777777777,0.0,12.0,120000.0,0.0,0.0,0.0,0.651,3,0.0,1.0,-4.94745,0.9502923976608186,1.2152777777777777,0.0,12.0,120000.0,0.0,0.0,0.0,0.651,1
303.0,1810,0.957095709570957,1.1998074807480748,0.0,12.0,120000.0,0.0,0.0,1.0,0.713,3,1.0,1.0,-3.9476,0.9598603839441536,1.2089150668993602,0.0,12.0,120000.0,0.0,0.0,1.0,0.648,1
331.0,108,0.9516616314199396,1.2367824773413898,0.0,8.0,80000.0,0.0,0.0,1.0,0.671,1,0.5675897598266602,1.0,-3.7816089583333334,0.958345809172653,1.2160827502759042,0.0,8.0,80000.0,0.0,0.0,1.0,0.647,1
345.0,1831,0.9565217391304347,1.213768115942029,0.0,12.0,120000.0,0.0,0.0,1.0,0.647,3,0.0,1.0,-4.9477,0.9565217391304347,1.213768115942029,0.0,12.0,120000.0,0.0,0.0,1.0,0.646,1
325.0,1821,0.9384615384615386,1.221153846153846,0.0,12.0,120000.0,0.0,0.0,1.0,0.678,2,1.0,1.0,-3.8226999999999998,0.953757225433526,1.219291907514451,0.0,12.0,120000.0,0.0,0.0,1.0,0.646,1
347.0,1832,0.9510086455331412,1.215778097982709,0.0,12.0,120000.0,0.0,0.0,1.0,0.645,3,0.0,1.0,-4.947800000000001,0.9510086455331412,1.215778097982709,0.0,12.0,120000.0,0.0,0.0,1.0,0.644,1
334.0,2277,0.9431137724550898,1.2350299401197606,0.0,12.0,120000.0,0.0,0.0,0.0,0.667,2,0.15450294315814972,1.0,-3.5311333333333335,0.9482758620689655,1.2182710727969348,0.0,12.0,120000.0,0.0,0.0,0.0,0.644,1
348.0,2284,0.9482758620689655,1.2182710727969348,0.0,12.0,120000.0,0.0,0.0,0.0,0.644,3,0.0,1.0,-4.947800000000001,0.9482758620689655,1.2182710727969348,0.0,12.0,120000.0,0.0,0.0,0.0,0.644,1
256.0,75,0.9765625,1.1311848958333333,0.0,8.0,80000.0,0.0,0.0,1.0,0.758,2,1.0,1.0,-3.948,0.9732545545474494,1.213586408397095,0.0,8.0,80000.0,0.0,0.0,1.0,0.64,1
308.0,2264,0.974025974025974,1.1803300865800865,0.0,12.0,120000.0,0.0,0.0,0.0,0.706,3,0.4262349605560303,1.0,-3.948,0.9719839908519153,1.2120020964360587,0.0,12.0,120000.0,0.0,0.0,0.0,0.64,1
309.0,1813,0.9708737864077669,1.186623516720604,0.0,12.0,120000.0,0.0,0.0,1.0,0.705,3,0.4262349605560303,1.0,-3.948,0.9719839908519153,1.2120020964360587,0.0,12.0,120000.0,0.0,0.0,1.0,0.64,1
330.0,543,0.9545454545454546,1.2310606060606062,0.0,25.0,400000.0,20000.0,1.0,1.0,0.671,1,0.0,1.0,9.65125,0.9714285714285713,1.211309523809524,37.5,25.0,400000.0,20000.0,4.0,1.0,0.64,0
345.0,1367,0.9565217391304347,1.213768115942029,0.0,12.0,120000.0,20000.0,1.0,0.0,0.647,0,0.0,1.0,9.7817,0.9829059829059829,1.2137939221272553,12.5,12.0,120000.0,20000.0,3.0,0.0,0.639,0
351.0,118,0.9829059829059829,1.2137939221272553,0.0,8.0,80000.0,0.0,0.0,1.0,0.639,1,0.0,1.0,-4.94805,0.9829059829059829,1.2137939221272553,0.0,8.0,80000.0,0.0,0.0,1.0,0.639,1
310.0,904,0.967741935483871,1.1928763440860215,50.0,12.0,120000.0,20000.0,5.0,0.0,0.703,3,0.4262349605560303,1.0,-3.9181000000000004,0.9806708357021034,1.2110337312867159,0.0,12.0,120000.0,20000.0,1.0,0.0,0.638,1
258.0,76,0.9689922480620154,1.146640826873385,0.0,8.0,80000.0,0.0,0.0,1.0,0.756,2,0.4576374292373657,1.0,-3.94815,0.979158558059131,1.2091662145114268,0.0,8.0,80000.0,0.0,0.0,1.0,0.637,1
347.0,1368,0.9510086455331412,1.215778097982709,12.5,12.0,120000.0,20000.0,2.0,0.0,0.645,0,0.0,1.0,9.780882916666666,0.9773093969771565,1.206882679238095,25.0,12.0,120000.0,20000.0,3.0,0.0,0.636,0
354.0,2288,0.9745762711864407,1.2035075329566856,0.0,12.0,120000.0,0.0,0.0,0.0,0.636,2,0.0,1.0,-4.9482,0.9745762711864407,1.2035075329566856,0.0,12.0,120000.0,0.0,0.0,0.0,0.636,1
351.0,1370,0.9829059829059829,1.2137939221272553,12.5,12.0,120000.0,20000.0,2.0,0.0,0.639,0,0.0,1.0,9.780682916666665,0.966359458660557,1.193360563382149,25.0,12.0,120000.0,20000.0,3.0,0.0,0.632,0
353.0,1371,0.9773371104815863,1.2069169027384326,25.0,12.0,120000.0,20000.0,3.0,0.0,0.637,0,0.0,1.0,9.780582916666665,0.9749031788835081,1.1925154955985766,25.0,12.0,120000.0,20000.0,3.0,0.0,0.63,0
266.0,80,0.9774436090225564,1.1787280701754386,0.0,8.0,80000.0,0.0,0.0,1.0,0.744,2,1.0,1.0,-3.9485,0.9739988412011119,1.19140929682636,0.0,8.0,80000.0,0.0,0.0,1.0,0.63,1
319.0,1818,0.9561128526645767,1.1984064785788924,0.0,12.0,120000.0,0.0,0.0,1.0,0.687,3,0.9856997728347778,1.0,-3.9485,0.9727626459143969,1.1898971650917174,0.0,12.0,120000.0,0.0,0.0,1.0,0.63,1
360.0,2291,0.9722222222222222,1.189236111111111,0.0,12.0,120000.0,0.0,0.0,0.0,0.63,3,0.0,1.0,-4.948500000000001,0.9722222222222222,1.189236111111111,0.0,12.0,120000.0,0.0,0.0,0.0,0.63,1
355.0,1372,0.9718309859154929,1.2001173708920188,25.0,12.0,120000.0,20000.0,3.0,0.0,0.636,0,0.0,1.0,9.780732916666667,0.9695022029998559,1.1859089447408953,12.5,12.0,120000.0,20000.0,2.0,0.0,0.628,0
342.0,547,0.9502923976608186,1.2152777777777777,12.5,25.0,400000.0,20000.0,2.0,1.0,0.651,1,0.0,1.0,9.650649799999998,0.9806358669474361,1.1941428544107568,25.0,25.0,400000.0,20000.0,3.0,1.0,0.627,0
322.0,2271,0.9472049689440993,1.206651138716356,0.0,12.0,120000.0,0.0,0.0,0.0,0.682,3,1.0,1.0,-3.9486499999999998,0.9785005512679162,1.19154263138552,0.0,12.0,120000.0,0.0,0.0,0.0,0.627,1
262.0,78,0.9923664122137404,1.164917302798982,0.0,8.0,80000.0,0.0,0.0,1.0,0.748,2,1.0,1.0,-3.94875,0.9907983911232244,1.1897607995258626,0.0,8.0,80000.0,0.0,0.0,1.0,0.625,1
270.0,82,0.962962962962963,1.1921296296296295,0.0,8.0,80000.0,0.0,0.0,1.0,0.74,2,0.7164735198020935,1.0,-3.94875,0.9907983911232244,1.1897607995258626,0.0,8.0,80000.0,0.0,0.0,1.0,0.625,1
323.0,1820,0.9442724458204335,1.2287151702786379,0.0,12.0,120000.0,0.0,0.0,1.0,0.681,3,1.0,1.0,-3.94875,0.9895547003848268,1.1882673630199743,0.0,12.0,120000.0,0.0,0.0,1.0,0.625,1
345.0,548,0.9565217391304347,1.213768115942029,25.0,25.0,400000.0,20000.0,3.0,1.0,0.647,0,0.0,1.0,9.6307498,0.9862743216275083,1.184328250796921,12.5,25.0,400000.0,20000.0,2.0,1.0,0.624,0
359.0,1374,0.9749303621169917,1.1925487465181057,25.0,12.0,120000.0,20000.0,3.0,0.0,0.631,0,0.0,1.0,9.780532916666667,0.9862743216275083,1.184328250796921,12.5,12.0,120000.0,20000.0,2.0,0.0,0.624,0
366.0,2294,0.9836065573770493,1.1868169398907105,0.0,12.0,120000.0,0.0,0.0,0.0,0.624,3,0.0,1.0,-4.9488,0.9836065573770493,1.1868169398907105,0.0,12.0,120000.0,0.0,0.0,0.0,0.624,1
268.0,81,0.9701492537313432,1.201026119402985,0.0,8.0,80000.0,0.0,0.0,1.0,0.742,2,0.7164735198020935,1.0,-3.9488,0.9800095919346228,1.1824768513794495,0.0,8.0,80000.0,0.0,0.0,1.0,0.624,1
368.0,2295,0.9918478260869565,1.1803668478260871,0.0,12.0,120000.0,0.0,0.0,0.0,0.624,3,0.0,1.0,-4.9488,0.9918478260869565,1.1803668478260871,0.0,12.0,120000.0,0.0,0.0,0.0,0.624,1
348.0,549,0.9482758620689655,1.2182710727969348,37.5,25.0,400000.0,20000.0,4.0,1.0,0.644,0,0.0,1.0,9.6309998,0.9918208474818389,1.1803347414381473,0.0,25.0,400000.0,20000.0,1.0,1.0,0.624,0
326.0,2273,0.9355828220858895,1.226993865030675,0.0,12.0,120000.0,0.0,0.0,0.0,0.675,3,1.0,1.0,-3.9488,0.9896963123644251,1.177806399132321,0.0,12.0,120000.0,0.0,0.0,0.0,0.624,1
358.0,2290,0.9636871508379888,1.1958798882681563,0.0,12.0,120000.0,0.0,0.0,0.0,0.632,2,1.0,1.0,-3.4905166666666667,0.9838274932614556,1.179245283018868,0.0,12.0,120000.0,0.0,0.0,0.0,0.623,1
365.0,1377,0.9863013698630136,1.1843607305936072,12.5,12.0,120000.0,20000.0,2.0,0.0,0.624,0,0.0,1.0,9.780182916666666,0.9838009491981093,1.1792134665045828,25.0,12.0,120000.0,20000.0,3.0,0.0,0.622,0
367.0,1378,0.9809264305177112,1.18358310626703,12.5,12.0,120000.0,20000.0,2.0,0.0,0.624,0,0.0,1.0,9.780332916666667,0.9919304846537497,1.1728907757730147,12.5,12.0,120000.0,20000.0,2.0,0.0,0.62,0
332.0,2276,0.9487951807228915,1.2330572289156627,0.0,12.0,120000.0,0.0,0.0,0.0,0.669,3,0.15450294315814972,1.0,-3.949,0.9898341359015517,1.1704119850187265,0.0,12.0,120000.0,0.0,0.0,0.0,0.62,1
374.0,2298,0.9893048128342247,1.1753565062388591,0.0,12.0,120000.0,0.0,0.0,0.0,0.62,3,0.0,1.0,-4.949,0.9893048128342247,1.1753565062388591,0.0,12.0,120000.0,0.0,0.0,0.0,0.62,1
369.0,1379,0.9891598915989159,1.1856368563685635,25.0,12.0,120000.0,20000.0,3.0,0.0,0.624,0,0.0,1.0,9.780232916666668,0.9866403299474592,1.1721909325389297,12.5,12.0,120000.0,20000.0,2.0,0.0,0.618,0
282.0,88,0.9397163120567376,1.2300531914893618,0.0,8.0,80000.0,0.0,0.0,1.0,0.727,2,0.29651689529418945,1.0,-3.9491,0.9857641185644046,1.171149938159287,0.0,8.0,80000.0,0.0,0.0,1.0,0.618,1
376.0,2299,1.0106382978723405,1.169104609929078,0.0,12.0,120000.0,0.0,0.0,0.0,0.618,3,0.0,1.0,-4.9491000000000005,1.0106382978723405,1.169104609929078,0.0,12.0,120000.0,0.0,0.0,0.0,0.618,1
335.0,1826,0.9402985074626866,1.2313432835820897,0.0,12.0,120000.0,0.0,0.0,1.0,0.666,3,0.15450294315814972,1.0,-3.9491,1.0084925690021231,1.1666224345364473,0.0,12.0,120000.0,0.0,0.0,1.0,0.618,1
336.0,2278,0.9375,1.2276785714285714,0.0,12.0,120000.0,0.0,0.0,0.0,0.665,3,0.15450294315814972,1.0,-3.9491,1.0084925690021231,1.1666224345364473,0.0,12.0,120000.0,0.0,0.0,0.0,0.618,1
337.0,1363,0.9347181008902077,1.2240356083086055,12.5,12.0,120000.0,20000.0,2.0,0.0,0.663,3,0.15450294315814972,1.0,-3.94915,1.019057702488089,1.1635344979707076,37.5,12.0,120000.0,20000.0,4.0,0.0,0.617,1
337.0,1827,0.9347181008902077,1.2240356083086055,0.0,12.0,120000.0,0.0,0.0,1.0,0.663,3,0.15450294315814972,1.0,-3.9492,1.0295670538542767,1.160462865188314,0.0,12.0,120000.0,0.0,0.0,1.0,0.616,1
338.0,2279,0.9319526627218935,1.2204142011834318,0.0,12.0,120000.0,0.0,0.0,0.0,0.66,3,0.15450294315814972,1.0,-3.9493,1.05318588730911,1.1574074074074074,0.0,12.0,120000.0,0.0,0.0,0.0,0.614,1
339.0,1364,0.9292035398230089,1.2168141592920354,0.0,12.0,120000.0,20000.0,1.0,0.0,0.659,3,0.15450294315814972,1.0,-3.9493,1.05318588730911,1.1574074074074074,62.5,12.0,120000.0,20000.0,6.0,0.0,0.614,1
374.0,1385,0.9893048128342247,1.1753565062388591,12.5,12.0,120000.0,20000.0,2.0,0.0,0.62,0,0.0,1.0,9.778982916666665,1.065761399285245,1.1567677739155695,62.5,12.0,120000.0,20000.0,6.0,0.0,0.613,0
339.0,1828,0.9292035398230089,1.2168141592920354,0.0,12.0,120000.0,0.0,0.0,1.0,0.659,3,0.15450294315814972,1.0,-3.94935,1.0635504201680672,1.1543679971988796,0.0,12.0,120000.0,0.0,0.0,1.0,0.613,1
340.0,2280,0.9411764705882352,1.2224264705882353,0.0,12.0,120000.0,0.0,0.0,0.0,0.655,3,0.15450294315814972,1.0,-3.9494,1.0869565217391304,1.151344508468657,0.0,12.0,120000.0,0.0,0.0,0.0,0.612,1
341.0,1365,0.9530791788856305,1.2188416422287391,0.0,12.0,120000.0,20000.0,1.0,0.0,0.654,3,0.15450294315814972,1.0,-3.9494,1.0869565217391304,1.151344508468657,62.5,12.0,120000.0,20000.0,6.0,0.0,0.612,1
382.0,2302,1.0994764397905759,1.1507417102966842,0.0,12.0,120000.0,0.0,0.0,0.0,0.612,3,0.0,1.0,-4.949400000000001,1.0994764397905759,1.1507417102966842,0.0,12.0,120000.0,0.0,0.0,0.0,0.612,1
376.0,1386,1.0106382978723405,1.169104609929078,12.5,12.0,120000.0,20000.0,2.0,0.0,0.618,0,0.0,1.0,9.778932916666665,1.0994476296576625,1.1507115568341606,62.5,12.0,120000.0,20000.0,6.0,0.0,0.612,0
341.0,1829,0.9530791788856305,1.2188416422287391,0.0,12.0,120000.0,0.0,0.0,1.0,0.654,3,0.15450294315814972,1.0,-3.9494,1.09717868338558,1.1483368164402648,0.0,12.0,120000.0,0.0,0.0,1.0,0.612,1
377.0,935,1.0212201591511936,1.166003536693192,0.0,12.0,120000.0,20000.0,1.0,0.0,0.618,0,0.0,1.0,9.78035,1.1096605744125325,1.1477371627502178,12.5,12.0,120000.0,20000.0,2.0,0.0,0.612,0
377.0,1383,1.0212201591511936,1.166003536693192,25.0,12.0,120000.0,20000.0,3.0,0.0,0.618,0,0.0,1.0,9.779082916666667,1.1096315733366864,1.1477071665394158,50.0,12.0,120000.0,20000.0,5.0,0.0,0.61,0
343.0,1366,0.9620991253644314,1.2117346938775508,0.0,12.0,120000.0,20000.0,1.0,0.0,0.651,3,0.15450294315814972,1.0,-3.9495,1.1073475768629495,1.1453447976376585,50.0,12.0,120000.0,20000.0,5.0,0.0,0.61,1
378.0,1387,1.0317460317460316,1.1629188712522045,37.5,12.0,120000.0,20000.0,4.0,0.0,0.617,0,0.0,1.0,9.779032916666667,1.119762477025013,1.144718423702896,50.0,12.0,120000.0,20000.0,5.0,0.0,0.609,0
343.0,1830,0.9620991253644314,1.2117346938775508,0.0,12.0,120000.0,0.0,0.0,1.0,0.651,3,0.15450294315814972,1.0,-3.94955,1.1174636174636174,1.1423683298683298,0.0,12.0,120000.0,0.0,0.0,1.0,0.609,1
379.0,1384,1.0554089709762533,1.1598504837291117,50.0,12.0,120000.0,20000.0,5.0,0.0,0.616,0,0.0,1.0,9.779182916666667,1.1298407540105255,1.1417452063995255,37.5,12.0,120000.0,20000.0,4.0,0.0,0.607,0
344.0,2282,0.9593023255813954,1.2172965116279069,0.0,12.0,120000.0,0.0,0.0,0.0,0.648,3,0.15450294315814972,1.0,-3.94965,1.1275272161741834,1.13940729220667,0.0,12.0,120000.0,0.0,0.0,0.0,0.607,1
386.0,2304,1.1398963730569949,1.1388169257340242,0.0,12.0,120000.0,0.0,0.0,0.0,0.607,3,0.0,1.0,-4.94965,1.1398963730569949,1.1388169257340242,0.0,12.0,120000.0,0.0,0.0,0.0,0.607,1
380.0,1388,1.0657894736842106,1.156798245614035,62.5,12.0,120000.0,20000.0,6.0,0.0,0.614,0,0.0,1.0,9.779182916666667,1.1398668132984426,1.1387873939676674,37.5,12.0,120000.0,20000.0,4.0,0.0,0.607,0
346.0,2283,0.953757225433526,1.219291907514451,0.0,12.0,120000.0,0.0,0.0,0.0,0.646,3,0.15450294315814972,1.0,-3.94965,1.1375387797311272,1.136461564977594,0.0,12.0,120000.0,0.0,0.0,0.0,0.607,1
381.0,937,1.0892388451443569,1.1537620297462816,12.5,12.0,120000.0,20000.0,2.0,0.0,0.613,0,0.0,1.0,9.779632916666667,1.1369214971984833,1.135844866992803,12.5,12.0,120000.0,20000.0,2.0,0.0,0.606,0
388.0,2305,1.1469072164948453,1.141000859106529,0.0,12.0,120000.0,0.0,0.0,0.0,0.606,2,0.0,1.0,-4.94975,1.1469072164948453,1.141000859106529,0.0,12.0,120000.0,0.0,0.0,0.0,0.605,1
382.0,1389,1.0994764397905759,1.1507417102966842,62.5,12.0,120000.0,20000.0,6.0,0.0,0.612,0,0.0,1.0,9.779082916666667,1.1468776282343849,1.1409714232200692,37.5,12.0,120000.0,20000.0,4.0,0.0,0.605,0
348.0,2285,0.9482758620689655,1.2182710727969348,0.0,12.0,120000.0,0.0,0.0,0.0,0.644,3,0.15450294315814972,1.0,-3.94975,1.1445473251028806,1.138653120713306,0.0,12.0,120000.0,0.0,0.0,0.0,0.605,1
349.0,1369,0.9742120343839542,1.214780324737345,25.0,12.0,120000.0,20000.0,3.0,0.0,0.643,3,0.15450294315814972,1.0,-3.94485,1.154438173422268,1.1357319993158885,37.5,12.0,120000.0,20000.0,4.0,0.0,0.603,1
384.0,1390,1.1197916666666667,1.1447482638888888,50.0,12.0,120000.0,20000.0,5.0,0.0,0.61,0,0.0,1.0,9.778832916666666,1.1666367229907766,1.1351204378916668,37.5,12.0,120000.0,20000.0,4.0,0.0,0.6,0
349.0,1833,0.9742120343839542,1.214780324737345,0.0,12.0,120000.0,0.0,0.0,1.0,0.643,3,0.15450294315814972,1.0,-3.95,1.1642784032753326,1.1328258273626748,0.0,12.0,120000.0,0.0,0.0,1.0,0.6,1
385.0,939,1.12987012987013,1.1417748917748916,12.5,12.0,120000.0,20000.0,2.0,0.0,0.609,2,0.36023345589637756,1.0,9.800049999999999,1.1764705882352942,1.1322463768115942,12.5,12.0,120000.0,20000.0,2.0,0.0,0.601,0
350.0,2286,0.9714285714285713,1.211309523809524,0.0,12.0,120000.0,0.0,0.0,0.0,0.64,3,0.15450294315814972,1.0,-3.95005,1.174068402246044,1.1299344903862516,0.0,12.0,120000.0,0.0,0.0,0.0,0.599,1
388.0,1835,1.1469072164948453,1.141000859106529,0.0,12.0,120000.0,0.0,0.0,1.0,0.606,1,1.0,1.0,9.883083333333333,1.1862244897959184,1.137329931972789,0.0,12.0,120000.0,0.0,0.0,1.0,0.6,0
392.0,1837,1.1862244897959184,1.137329931972789,0.0,12.0,120000.0,0.0,0.0,1.0,0.6,1,0.0,1.0,-4.9502500000000005,1.1862244897959184,1.137329931972789,0.0,12.0,120000.0,0.0,0.0,1.0,0.6,1
392.0,2307,1.1862244897959184,1.137329931972789,0.0,12.0,120000.0,0.0,0.0,0.0,0.6,3,0.0,1.0,-4.950000000000001,1.1862244897959184,1.137329931972789,0.0,12.0,120000.0,0.0,0.0,0.0,0.6,1
386.0,1391,1.1398963730569949,1.1388169257340242,37.5,12.0,120000.0,20000.0,4.0,0.0,0.607,0,0.0,1.0,9.778832916666666,1.1861941994797531,1.1373008901822004,37.5,12.0,120000.0,20000.0,4.0,0.0,0.6,0
351.0,1834,0.9829059829059829,1.2137939221272553,0.0,12.0,120000.0,0.0,0.0,1.0,0.639,3,0.0492902435362339,1.0,-3.95,1.1838085539714869,1.1350135777325188,0.0,12.0,120000.0,0.0,0.0,1.0,0.6,1
393.0,943,1.1959287531806615,1.1344359626802374,25.0,12.0,120000.0,20000.0,3.0,0.0,0.6,2,0.0,1.0,-4.94505,1.1959287531806615,1.1344359626802374,25.0,12.0,120000.0,20000.0,3.0,0.0,0.599,1
387.0,940,1.1369509043927648,1.1358742463393625,12.5,12.0,120000.0,20000.0,2.0,0.0,0.607,0,0.0,1.0,9.779282916666666,1.1958982927686752,1.1344070684951086,12.5,12.0,120000.0,20000.0,2.0,0.0,0.599,0
352.0,2287,0.9801136363636365,1.2103456439393938,0.0,12.0,120000.0,0.0,0.0,0.0,0.638,3,0.0492902435362339,1.0,-3.9501,1.1934992381919756,1.1321313695615371,0.0,12.0,120000.0,0.0,0.0,0.0,0.598,1
390.0,1836,1.1666666666666667,1.1351495726495726,0.0,12.0,120000.0,0.0,0.0,1.0,0.603,1,1.0,1.0,9.883283333333333,1.1928934010152283,1.1315566835871405,0.0,12.0,120000.0,0.0,0.0,1.0,0.599,0
388.0,1392,1.1469072164948453,1.141000859106529,37.5,12.0,120000.0,20000.0,4.0,0.0,0.606,0,0.0,1.0,9.778632916666666,1.1928630950264436,1.1315279358850128,37.5,12.0,120000.0,20000.0,4.0,0.0,0.596,0
389.0,941,1.1568123393316194,1.1380676949443016,12.5,12.0,120000.0,20000.0,2.0,0.0,0.605,2,1.0,1.0,9.79985,1.1898734177215189,1.1286919831223627,12.5,12.0,120000.0,20000.0,2.0,0.0,0.597,0
390.0,1393,1.1666666666666667,1.1351495726495726,37.5,12.0,120000.0,20000.0,4.0,0.0,0.603,0,0.0,1.0,9.778482916666666,1.1994646296945877,1.1258132927835167,37.5,12.0,120000.0,20000.0,4.0,0.0,0.593,0
356.0,2289,0.9691011235955057,1.1967462546816479,0.0,12.0,120000.0,0.0,0.0,0.0,0.635,3,0.30525240302085876,1.0,-3.95035,1.1970766129032258,1.1235719086021505,0.0,12.0,120000.0,0.0,0.0,0.0,0.593,1
391.0,942,1.1764705882352942,1.1322463768115942,12.5,12.0,120000.0,20000.0,2.0,0.0,0.601,0,0.0,1.0,9.779132916666667,1.2090375252754961,1.1229775625388723,0.0,12.0,120000.0,20000.0,1.0,0.0,0.591,0
357.0,1373,0.9663865546218487,1.1933940242763772,37.5,12.0,120000.0,20000.0,4.0,0.0,0.634,3,0.30525240302085876,1.0,-3.93295,1.206636500754148,1.1207474442768561,37.5,12.0,120000.0,20000.0,4.0,0.0,0.591,1
398.0,1840,1.2060301507537687,1.1201842546063652,0.0,12.0,120000.0,0.0,0.0,1.0,0.591,2,0.0,1.0,-4.95045,1.2060301507537687,1.1201842546063652,0.0,12.0,120000.0,0.0,0.0,1.0,0.591,1
392.0,1394,1.1862244897959184,1.137329931972789,37.5,12.0,120000.0,20000.0,4.0,0.0,0.6,0,0.0,1.0,9.778382916666667,1.205999818949277,1.120156081836568,37.5,12.0,120000.0,20000.0,4.0,0.0,0.591,0
396.0,1839,1.1994949494949494,1.125841750841751,0.0,12.0,120000.0,0.0,0.0,1.0,0.595,1,0.39497634768486023,1.0,9.882833333333334,1.2,1.1145833333333333,0.0,12.0,120000.0,0.0,0.0,1.0,0.59,0
400.0,1841,1.2,1.1145833333333333,0.0,12.0,120000.0,0.0,0.0,1.0,0.59,3,0.0,1.0,-4.9505,1.2,1.1145833333333333,0.0,12.0,120000.0,0.0,0.0,1.0,0.59,1
394.0,1395,1.1928934010152283,1.1315566835871405,37.5,12.0,120000.0,20000.0,4.0,0.0,0.599,0,0.0,1.0,9.778332916666667,1.199969970751482,1.1145554415834076,37.5,12.0,120000.0,20000.0,4.0,0.0,0.59,0
361.0,1375,0.9695290858725761,1.1859418282548477,25.0,12.0,120000.0,20000.0,3.0,0.0,0.63,3,1.0,1.0,-3.94555,1.2070681931309108,1.1095901775344286,37.5,12.0,120000.0,20000.0,4.0,0.0,0.589,1
402.0,1842,1.2064676616915424,1.1090381426202323,0.0,12.0,120000.0,0.0,0.0,1.0,0.589,1,0.0,1.0,-4.95055,1.2064676616915424,1.1090381426202323,0.0,12.0,120000.0,0.0,0.0,1.0,0.589,1
396.0,1396,1.1994949494949494,1.125841750841751,37.5,12.0,120000.0,20000.0,4.0,0.0,0.595,0,0.0,1.0,9.778282916666667,1.2064376207945668,1.1090105277063458,37.5,12.0,120000.0,20000.0,4.0,0.0,0.589,0
362.0,2292,0.9806629834254144,1.1941758747697975,0.0,12.0,120000.0,0.0,0.0,0.0,0.628,3,1.0,1.0,-3.9506,1.2258543833580982,1.1118334158824499,0.0,12.0,120000.0,0.0,0.0,0.0,0.588,1
363.0,1376,0.9917355371900827,1.1908861340679524,12.5,12.0,120000.0,20000.0,2.0,0.0,0.627,3,1.0,1.0,-3.9506,1.2258543833580982,1.1118334158824499,37.5,12.0,120000.0,20000.0,4.0,0.0,0.588,1
404.0,1843,1.2252475247524752,1.11128300330033,0.0,12.0,120000.0,0.0,0.0,1.0,0.588,2,0.0,1.0,-4.9506000000000006,1.2252475247524752,1.11128300330033,0.0,12.0,120000.0,0.0,0.0,1.0,0.588,1
398.0,1397,1.2060301507537687,1.1201842546063652,37.5,12.0,120000.0,20000.0,4.0,0.0,0.591,0,0.0,1.0,9.778232916666667,1.225217167267712,1.1112554694705046,37.5,12.0,120000.0,20000.0,4.0,0.0,0.588,0
390.0,2306,1.1666666666666667,1.1351495726495726,0.0,12.0,120000.0,0.0,0.0,0.0,0.603,2,0.6523493528366089,1.0,-3.5756,1.2345679012345678,1.1085390946502058,0.0,12.0,120000.0,0.0,0.0,0.0,0.588,1
399.0,946,1.2030075187969926,1.117376775271512,0.0,12.0,120000.0,20000.0,1.0,0.0,0.591,0,0.0,1.0,9.7789,1.2345679012345678,1.1085390946502058,25.0,12.0,120000.0,20000.0,4.0,0.0,0.588,0
364.0,2293,0.9890109890109889,1.187614468864469,0.0,12.0,120000.0,0.0,0.0,0.0,0.625,3,1.0,1.0,-3.95065,1.232134056185313,1.1063537046163956,0.0,12.0,120000.0,0.0,0.0,0.0,0.587,1
93.0,457,0.21505376344086022,0.2688172043010753,50.0,25.0,400000.0,20000.0,5.0,1.0,0.954,1,0.03192143887281418,1.0,-3.9221500000000002,1.2315270935960592,1.1135057471264367,50.0,25.0,400000.0,20000.0,5.0,1.0,0.587,1
406.0,1844,1.2315270935960592,1.1135057471264367,0.0,12.0,120000.0,0.0,0.0,1.0,0.587,3,0.0,1.0,-4.95065,1.2315270935960592,1.1135057471264367,0.0,12.0,120000.0,0.0,0.0,1.0,0.587,1
400.0,1398,1.2,1.1145833333333333,37.5,12.0,120000.0,20000.0,4.0,0.0,0.59,0,0.0,1.0,9.778182916666667,1.2314967308318334,1.113478294127116,37.5,12.0,120000.0,20000.0,4.0,0.0,0.587,0
393.0,134,1.1959287531806615,1.1344359626802374,0.0,8.0,80000.0,0.0,0.0,1.0,0.6,1,1.0,1.0,-3.7846089583333336,1.2304865040937507,1.1125648807847661,0.0,8.0,80000.0,0.0,0.0,1.0,0.587,1
401.0,947,1.2094763092269327,1.1118038237738985,12.5,12.0,120000.0,20000.0,2.0,0.0,0.59,0,0.0,1.0,9.778132916666666,1.2284710147546494,1.1107425425073287,37.5,12.0,120000.0,20000.0,4.0,0.0,0.586,0
384.0,2303,1.1197916666666667,1.1447482638888888,0.0,12.0,120000.0,0.0,0.0,0.0,0.61,2,0.36023345589637756,1.0,-3.9507,1.2254901960784315,1.108047385620915,0.0,12.0,120000.0,0.0,0.0,0.0,0.586,1
402.0,1399,1.2064676616915424,1.1090381426202323,37.5,12.0,120000.0,20000.0,4.0,0.0,0.589,0,0.0,1.0,9.777832916666666,1.2254601302551378,1.1080202011056868,50.0,12.0,120000.0,20000.0,5.0,0.0,0.585,0
409.0,951,1.2224938875305624,1.1053382233088835,37.5,12.0,120000.0,20000.0,4.0,0.0,0.585,2,0.0,1.0,-4.933300000000001,1.2224938875305624,1.1053382233088835,37.5,12.0,120000.0,20000.0,4.0,0.0,0.584,1
409.0,960,1.2224938875305624,1.1053382233088835,37.5,12.0,120000.0,20000.0,4.0,0.0,0.585,2,0.0,1.0,-4.933300000000001,1.2224938875305624,1.1053382233088835,37.5,12.0,120000.0,20000.0,4.0,0.0,0.584,1
403.0,948,1.228287841191067,1.11404052936311,25.0,12.0,120000.0,20000.0,3.0,0.0,0.589,0,0.0,1.0,9.778232916666665,1.2224639685468823,1.1053111715611392,25.0,12.0,120000.0,20000.0,3.0,0.0,0.583,0
404.0,1400,1.2252475247524752,1.11128300330033,37.5,12.0,120000.0,20000.0,4.0,0.0,0.588,0,0.0,1.0,9.777682916666667,1.2194824219047724,1.1026153564722319,50.0,12.0,120000.0,20000.0,5.0,0.0,0.582,0
405.0,949,1.2345679012345678,1.1085390946502058,25.0,12.0,120000.0,20000.0,3.0,0.0,0.588,0,0.0,1.0,9.777832916666666,1.2286805374886125,1.0999326593854326,37.5,12.0,120000.0,20000.0,4.0,0.0,0.58,0
370.0,2296,0.9864864864864865,1.1824324324324325,0.0,12.0,120000.0,0.0,0.0,0.0,0.624,3,0.16565124690532684,1.0,-3.951,1.2263234579893152,1.0978225675894446,0.0,12.0,120000.0,0.0,0.0,0.0,0.58,1
408.0,1845,1.2254901960784315,1.108047385620915,0.0,12.0,120000.0,0.0,0.0,1.0,0.586,1,1.0,1.0,9.882133333333334,1.237864077669903,1.097289644012945,0.0,12.0,120000.0,0.0,0.0,1.0,0.581,0
99.0,459,0.30303030303030304,0.3787878787878788,37.5,25.0,400000.0,20000.0,4.0,1.0,0.943,1,0.5924463272094727,1.0,-3.9345000000000003,1.2378340031107498,1.0972629847836302,75.0,25.0,400000.0,20000.0,7.0,1.0,0.58,1
406.0,1401,1.2315270935960592,1.1135057471264367,37.5,12.0,120000.0,20000.0,4.0,0.0,0.587,0,0.0,1.0,9.777332916666666,1.2378340031107498,1.0972629847836302,62.5,12.0,120000.0,20000.0,6.0,1.0,0.58,0
399.0,137,1.2030075187969926,1.117376775271512,0.0,8.0,80000.0,0.0,0.0,1.0,0.591,1,1.0,1.0,-3.7849589583333336,1.2368333531886853,1.0963759707595782,0.0,8.0,80000.0,0.0,0.0,1.0,0.58,1
371.0,1380,0.9838274932614556,1.179245283018868,37.5,12.0,120000.0,20000.0,4.0,0.0,0.623,3,0.16565124690532684,1.0,-3.9335,1.2354651162790697,1.0951631136950903,62.5,12.0,120000.0,20000.0,6.0,1.0,0.58,1
102.0,460,0.4411764705882353,0.428921568627451,37.5,25.0,400000.0,20000.0,4.0,1.0,0.939,1,0.03401675075292587,1.0,-3.9340499999999996,1.2469431430971856,1.0946062380747947,75.0,25.0,400000.0,20000.0,7.0,1.0,0.579,1
407.0,950,1.2285012285012284,1.1107698607698606,37.5,12.0,120000.0,20000.0,4.0,0.0,0.587,0,0.0,1.0,9.777532916666667,1.2469431430971856,1.0946062380747947,50.0,12.0,120000.0,20000.0,5.0,1.0,0.579,0
407.0,1410,1.2285012285012284,1.1107698607698606,37.5,12.0,120000.0,20000.0,4.0,0.0,0.587,0,0.0,1.0,9.777282916666666,1.2469431430971856,1.0946062380747947,62.5,12.0,120000.0,20000.0,6.0,1.0,0.579,0
372.0,2297,0.9811827956989247,1.1760752688172045,0.0,12.0,120000.0,0.0,0.0,0.0,0.622,3,0.16565124690532684,1.0,-3.9511,1.2445625906234896,1.092516513613662,0.0,12.0,120000.0,0.0,0.0,0.0,0.578,1
410.0,1846,1.2195121951219512,1.1026422764227641,0.0,12.0,120000.0,0.0,0.0,1.0,0.583,1,0.9222159385681152,1.0,9.882033333333334,1.2560386473429952,1.091988727858293,0.0,12.0,120000.0,0.0,0.0,1.0,0.579,0
414.0,1848,1.2560386473429952,1.091988727858293,0.0,12.0,120000.0,0.0,0.0,1.0,0.579,1,0.0,1.0,-4.9513,1.2560386473429952,1.091988727858293,0.0,12.0,120000.0,0.0,0.0,1.0,0.579,1
