time,task_id,s0,s1,s2,s3,s4,s5,s6,s7,action_offload,action_prb,action_prob,reward,s_next0,s_next1,s_next2,s_next3,s_next4,s_next5,s_next6,s_next7,done
39.0,7020,0.0,0.08012820512820512,0.0,12.0,120000.0,20000.0,1.0,5.0,3,6,0.022727272727272728,-5.0,0.0,0.08012820512820512,0.0,12.0,120000.0,20000.0,1.0,5.0,1
41.0,7920,0.0,0.07621951219512195,0.0,12.0,120000.0,20000.0,1.0,5.0,2,4,0.022727272727272728,-4.859999999999999,0.0,0.07621951219512195,0.0,12.0,120000.0,20000.0,1.0,5.0,1
37.0,5220,0.0,0.0,0.0,12.0,120000.0,20000.0,1.0,6.0,2,2,0.022727272727272728,0.8116666666666666,0.0,0.0744047619047619,0.0,12.0,120000.0,20000.0,1.0,6.0,0
39.0,5221,0.0,0.08012820512820512,0.0,12.0,120000.0,20000.0,1.0,6.0,1,10,0.022727272727272728,-4.965,0.0,0.0744047619047619,0.0,12.0,120000.0,20000.0,1.0,6.0,1
40.0,1350,0.0,0.078125,0.0,8.0,80000.0,0.0,0.0,6.0,1,1,0.022727272727272728,0.95225,0.0,0.07267441860465117,0.0,8.0,80000.0,0.0,0.0,6.0,0
43.0,4140,0.0,0.07267441860465117,0.0,25.0,400000.0,0.0,0.0,0.0,3,7,0.022727272727272728,-4.859999999999999,0.0,0.07267441860465117,0.0,25.0,400000.0,0.0,0.0,0.0,1
43.0,4860,0.0,0.07267441860465117,0.0,25.0,400000.0,0.0,0.0,6.0,3,7,0.022727272727272728,-4.859999999999999,0.0,0.07267441860465117,0.0,25.0,400000.0,0.0,0.0,6.0,1
43.0,5223,0.0,0.07267441860465117,0.0,12.0,120000.0,20000.0,1.0,7.0,1,8,0.022727272727272728,-4.859999999999999,0.0,0.07267441860465117,0.0,12.0,120000.0,20000.0,1.0,7.0,1
43.0,5671,0.0,0.07267441860465117,12.5,12.0,120000.0,20000.0,2.0,2.0,1,8,0.022727272727272728,-4.859999999999999,0.0,0.07267441860465117,12.5,12.0,120000.0,20000.0,2.0,2.0,1
43.0,7022,0.0,0.07267441860465117,0.0,12.0,120000.0,20000.0,1.0,5.0,1,8,0.022727272727272728,-4.859999999999999,0.0,0.07267441860465117,0.0,12.0,120000.0,20000.0,1.0,5.0,1
43.0,7470,0.0,0.07267441860465117,0.0,12.0,120000.0,20000.0,1.0,2.0,3,7,0.022727272727272728,-4.859999999999999,0.0,0.07267441860465117,0.0,12.0,120000.0,20000.0,1.0,2.0,1
44.0,11970,0.0,0.07102272727272728,0.0,12.0,120000.0,0.0,0.0,0.0,2,3,0.022727272727272728,-4.82,0.0,0.07102272727272728,0.0,12.0,120000.0,0.0,0.0,0.0,1
41.0,7021,0.0,0.07621951219512195,0.0,12.0,120000.0,20000.0,1.0,5.0,1,4,0.022727272727272728,-4.945417083333333,0.0,0.07100657327730668,0.0,12.0,120000.0,20000.0,1.0,5.0,1
42.0,1351,0.0,0.0744047619047619,0.0,8.0,80000.0,0.0,0.0,6.0,3,7,0.022727272727272728,-5.168333958333333,0.07458232221457588,0.06992092707616487,0.0,8.0,80000.0,0.0,0.0,6.0,1
45.0,5672,0.07407407407407407,0.1388888888888889,12.5,12.0,120000.0,20000.0,2.0,2.0,2,4,0.022727272727272728,-4.8,0.07407407407407407,0.1388888888888889,12.5,12.0,120000.0,20000.0,2.0,2.0,1
45.0,7023,0.07407407407407407,0.1388888888888889,0.0,12.0,120000.0,20000.0,1.0,5.0,3,5,0.022727272727272728,-5.0,0.07407407407407407,0.1388888888888889,0.0,12.0,120000.0,20000.0,1.0,5.0,1
45.0,7471,0.07407407407407407,0.1388888888888889,0.0,12.0,120000.0,20000.0,1.0,2.0,3,5,0.022727272727272728,-5.0,0.07407407407407407,0.1388888888888889,0.0,12.0,120000.0,20000.0,1.0,2.0,1
45.0,7922,0.07407407407407407,0.1388888888888889,0.0,12.0,120000.0,20000.0,1.0,5.0,1,6,0.022727272727272728,-4.80025,0.07407407407407407,0.1388888888888889,0.0,12.0,120000.0,20000.0,1.0,5.0,1
41.0,5222,0.0,0.07621951219512195,0.0,12.0,120000.0,20000.0,1.0,6.0,1,1,0.022727272727272728,-4.966666666666667,0.07407407407407407,0.1388888888888889,0.0,12.0,120000.0,20000.0,1.0,6.0,1
46.0,1353,0.07246376811594203,0.20380434782608695,0.0,8.0,80000.0,0.0,0.0,6.0,1,6,0.022727272727272728,-4.88,0.07246376811594203,0.20380434782608695,0.0,8.0,80000.0,0.0,0.0,6.0,1
46.0,4861,0.07246376811594203,0.20380434782608695,0.0,25.0,400000.0,0.0,0.0,6.0,3,3,0.022727272727272728,-4.9399999999999995,0.07246376811594203,0.20380434782608695,0.0,25.0,400000.0,0.0,0.0,6.0,1
46.0,8821,0.07246376811594203,0.20380434782608695,0.0,12.0,120000.0,0.0,0.0,2.0,2,2,0.022727272727272728,-4.82,0.07246376811594203,0.20380434782608695,0.0,12.0,120000.0,0.0,0.0,2.0,1
46.0,11971,0.07246376811594203,0.20380434782608695,0.0,12.0,120000.0,0.0,0.0,1.0,2,2,0.022727272727272728,-4.82,0.07246376811594203,0.20380434782608695,0.0,12.0,120000.0,0.0,0.0,1.0,1
41.0,5670,0.0,0.07621951219512195,0.0,12.0,120000.0,20000.0,1.0,2.0,0,0,0.022727272727272728,0.87,0.07092198581560284,0.24379432624113476,0.0,12.0,120000.0,20000.0,1.0,2.0,0
47.0,5225,0.07092198581560284,0.24379432624113476,0.0,12.0,120000.0,20000.0,1.0,6.0,1,10,0.022727272727272728,-4.88,0.07092198581560284,0.24379432624113476,0.0,12.0,120000.0,20000.0,1.0,6.0,1
47.0,5673,0.07092198581560284,0.24379432624113476,0.0,12.0,120000.0,20000.0,1.0,2.0,1,10,0.022727272727272728,-4.88,0.07092198581560284,0.24379432624113476,0.0,12.0,120000.0,20000.0,1.0,2.0,1
47.0,7024,0.07092198581560284,0.24379432624113476,0.0,12.0,120000.0,20000.0,1.0,5.0,2,9,0.022727272727272728,-4.88,0.07092198581560284,0.24379432624113476,0.0,12.0,120000.0,20000.0,1.0,5.0,1
47.0,7472,0.07092198581560284,0.24379432624113476,0.0,12.0,120000.0,20000.0,1.0,2.0,2,9,0.022727272727272728,-4.88,0.07092198581560284,0.24379432624113476,0.0,12.0,120000.0,20000.0,1.0,2.0,1
47.0,7923,0.07092198581560284,0.24379432624113476,0.0,12.0,120000.0,20000.0,1.0,5.0,1,9,0.022727272727272728,-4.88,0.07092198581560284,0.24379432624113476,0.0,12.0,120000.0,20000.0,1.0,5.0,1
43.0,7921,0.0,0.07267441860465117,0.0,12.0,120000.0,20000.0,1.0,5.0,1,3,0.022727272727272728,-4.986666666666666,0.07092198581560284,0.24379432624113476,0.0,12.0,120000.0,20000.0,1.0,5.0,1
44.0,8820,0.0,0.07102272727272728,0.0,12.0,120000.0,0.0,0.0,2.0,2,3,0.022727272727272728,0.9533333333333334,0.06944444444444445,0.23871527777777776,0.0,12.0,120000.0,0.0,0.0,2.0,0
48.0,1354,0.06944444444444445,0.23871527777777776,0.0,8.0,80000.0,0.0,0.0,6.0,1,9,0.022727272727272728,-4.88,0.06944444444444445,0.23871527777777776,0.0,8.0,80000.0,0.0,0.0,6.0,1
48.0,3781,0.06944444444444445,0.23871527777777776,0.0,25.0,400000.0,20000.0,1.0,2.0,3,7,0.022727272727272728,-4.9399999999999995,0.06944444444444445,0.23871527777777776,0.0,25.0,400000.0,20000.0,1.0,2.0,1
48.0,8822,0.06944444444444445,0.23871527777777776,0.0,12.0,120000.0,0.0,0.0,2.0,3,7,0.022727272727272728,-4.9399999999999995,0.06944444444444445,0.23871527777777776,0.0,12.0,120000.0,0.0,0.0,2.0,1
45.0,5224,0.07407407407407407,0.1388888888888889,0.0,12.0,120000.0,20000.0,1.0,6.0,2,4,0.022727272727272728,-4.925417083333333,0.06942996540374254,0.238665506075365,0.0,12.0,120000.0,20000.0,1.0,6.0,1
44.0,1352,0.0,0.07102272727272728,0.0,8.0,80000.0,0.0,0.0,6.0,2,3,0.022727272727272728,-5.0714589583333325,0.06895123720239181,0.23701987788322187,0.0,8.0,80000.0,0.0,0.0,6.0,1
49.0,4142,0.06802721088435373,0.233843537414966,0.0,25.0,400000.0,0.0,0.0,0.0,2,5,0.022727272727272728,-4.8,0.06802721088435373,0.233843537414966,0.0,25.0,400000.0,0.0,0.0,0.0,1
49.0,4862,0.06802721088435373,0.233843537414966,0.0,25.0,400000.0,0.0,0.0,5.0,2,5,0.022727272727272728,-4.8,0.06802721088435373,0.233843537414966,0.0,25.0,400000.0,0.0,0.0,5.0,1
49.0,5226,0.06802721088435373,0.233843537414966,0.0,12.0,120000.0,20000.0,1.0,6.0,1,8,0.022727272727272728,-4.8,0.06802721088435373,0.233843537414966,0.0,12.0,120000.0,20000.0,1.0,6.0,1
49.0,7025,0.06802721088435373,0.233843537414966,0.0,12.0,120000.0,20000.0,1.0,4.0,2,8,0.022727272727272728,-4.8,0.06802721088435373,0.233843537414966,0.0,12.0,120000.0,20000.0,1.0,4.0,1
49.0,7473,0.06802721088435373,0.233843537414966,0.0,12.0,120000.0,20000.0,1.0,2.0,2,8,0.022727272727272728,-4.8,0.06802721088435373,0.233843537414966,0.0,12.0,120000.0,20000.0,1.0,2.0,1
50.0,1355,0.06666666666666667,0.22916666666666669,0.0,8.0,80000.0,0.0,0.0,6.0,2,8,0.022727272727272728,-4.88,0.06666666666666667,0.22916666666666669,0.0,8.0,80000.0,0.0,0.0,6.0,1
50.0,8823,0.06666666666666667,0.22916666666666669,0.0,12.0,120000.0,0.0,0.0,2.0,2,8,0.022727272727272728,-4.88,0.06666666666666667,0.22916666666666669,0.0,12.0,120000.0,0.0,0.0,2.0,1
50.0,11973,0.06666666666666667,0.22916666666666669,0.0,12.0,120000.0,0.0,0.0,1.0,2,8,0.022727272727272728,-4.88,0.06666666666666667,0.22916666666666669,0.0,12.0,120000.0,0.0,0.0,1.0,1
51.0,2251,0.065359477124183,0.2246732026143791,0.0,8.0,80000.0,0.0,0.0,5.0,3,9,0.022727272727272728,-4.9399999999999995,0.065359477124183,0.2246732026143791,0.0,8.0,80000.0,0.0,0.0,5.0,1
51.0,3782,0.065359477124183,0.2246732026143791,0.0,25.0,400000.0,20000.0,1.0,2.0,3,9,0.022727272727272728,-4.9399999999999995,0.065359477124183,0.2246732026143791,0.0,25.0,400000.0,20000.0,1.0,2.0,1
51.0,5227,0.065359477124183,0.2246732026143791,0.0,12.0,120000.0,20000.0,1.0,6.0,2,7,0.022727272727272728,-4.88,0.065359477124183,0.2246732026143791,0.0,12.0,120000.0,20000.0,1.0,6.0,1
51.0,7474,0.065359477124183,0.2246732026143791,0.0,12.0,120000.0,20000.0,1.0,2.0,2,10,0.022727272727272728,-4.8,0.065359477124183,0.2246732026143791,0.0,12.0,120000.0,20000.0,1.0,2.0,1
51.0,7925,0.065359477124183,0.2246732026143791,12.5,12.0,120000.0,20000.0,2.0,5.0,2,10,0.022727272727272728,-4.8,0.065359477124183,0.2246732026143791,12.5,12.0,120000.0,20000.0,2.0,5.0,1
49.0,2250,0.06802721088435373,0.233843537414966,0.0,8.0,80000.0,0.0,0.0,5.0,1,4,0.022727272727272728,-4.945833333333333,0.06493506493506493,0.2232142857142857,0.0,8.0,80000.0,0.0,0.0,5.0,1
52.0,4143,0.0641025641025641,0.2203525641025641,0.0,25.0,400000.0,0.0,0.0,0.0,2,2,0.022727272727272728,-4.8,0.0641025641025641,0.2203525641025641,0.0,25.0,400000.0,0.0,0.0,0.0,1
52.0,4863,0.0641025641025641,0.2203525641025641,0.0,25.0,400000.0,0.0,0.0,5.0,1,8,0.022727272727272728,-4.8,0.0641025641025641,0.2203525641025641,0.0,25.0,400000.0,0.0,0.0,5.0,1
52.0,8824,0.0641025641025641,0.2203525641025641,0.0,12.0,120000.0,0.0,0.0,2.0,1,8,0.022727272727272728,-4.8,0.0641025641025641,0.2203525641025641,0.0,12.0,120000.0,0.0,0.0,2.0,1
52.0,11974,0.0641025641025641,0.2203525641025641,0.0,12.0,120000.0,0.0,0.0,1.0,2,2,0.022727272727272728,-4.8,0.0641025641025641,0.2203525641025641,0.0,12.0,120000.0,0.0,0.0,1.0,1
51.0,5675,0.065359477124183,0.2246732026143791,12.5,12.0,120000.0,20000.0,2.0,2.0,3,2,0.022727272727272728,-4.981667083333333,0.15735143051017803,0.21635821695149482,12.5,12.0,120000.0,20000.0,2.0,2.0,1
53.0,5676,0.15723270440251574,0.21619496855345915,12.5,12.0,120000.0,20000.0,2.0,2.0,2,4,0.022727272727272728,-4.8,0.15723270440251574,0.21619496855345915,12.5,12.0,120000.0,20000.0,2.0,2.0,1
53.0,7027,0.15723270440251574,0.21619496855345915,0.0,12.0,120000.0,20000.0,2.0,4.0,1,10,0.022727272727272728,-4.8,0.15723270440251574,0.21619496855345915,0.0,12.0,120000.0,20000.0,2.0,4.0,1
53.0,7475,0.15723270440251574,0.21619496855345915,0.0,12.0,120000.0,20000.0,1.0,2.0,1,10,0.022727272727272728,-4.8,0.15723270440251574,0.21619496855345915,0.0,12.0,120000.0,20000.0,1.0,2.0,1
53.0,7926,0.15723270440251574,0.21619496855345915,12.5,12.0,120000.0,20000.0,2.0,5.0,1,2,0.022727272727272728,-4.8,0.15723270440251574,0.21619496855345915,12.5,12.0,120000.0,20000.0,2.0,5.0,1
51.0,7026,0.065359477124183,0.2246732026143791,0.0,12.0,120000.0,20000.0,1.0,4.0,3,2,0.022727272727272728,-5.06333375,0.24709656898383325,0.21234861397048171,0.0,12.0,120000.0,20000.0,2.0,4.0,1
54.0,1357,0.24691358024691357,0.21219135802469136,0.0,8.0,80000.0,0.0,0.0,6.0,1,2,0.022727272727272728,-4.8,0.24691358024691357,0.21219135802469136,0.0,8.0,80000.0,0.0,0.0,6.0,1
54.0,3783,0.24691358024691357,0.21219135802469136,0.0,25.0,400000.0,20000.0,2.0,2.0,2,5,0.022727272727272728,-4.8,0.24691358024691357,0.21219135802469136,0.0,25.0,400000.0,20000.0,2.0,2.0,1
54.0,8825,0.24691358024691357,0.21219135802469136,0.0,12.0,120000.0,0.0,0.0,2.0,2,5,0.022727272727272728,-4.8,0.24691358024691357,0.21219135802469136,0.0,12.0,120000.0,0.0,0.0,2.0,1
54.0,11975,0.24691358024691357,0.21219135802469136,0.0,12.0,120000.0,0.0,0.0,1.0,2,5,0.022727272727272728,-4.8,0.24691358024691357,0.21219135802469136,0.0,12.0,120000.0,0.0,0.0,1.0,1
49.0,5674,0.06802721088435373,0.233843537414966,0.0,12.0,120000.0,20000.0,1.0,2.0,1,8,0.022727272727272728,0.89,0.24242424242424243,0.3977272727272727,0.0,12.0,120000.0,20000.0,1.0,2.0,0
49.0,7924,0.06802721088435373,0.233843537414966,0.0,12.0,120000.0,20000.0,1.0,5.0,0,0,0.022727272727272728,0.89,0.24242424242424243,0.3977272727272727,0.0,12.0,120000.0,20000.0,2.0,4.0,0
55.0,2253,0.24242424242424243,0.3977272727272727,0.0,8.0,80000.0,0.0,0.0,5.0,2,5,0.022727272727272728,-4.859999999999999,0.24242424242424243,0.3977272727272727,0.0,8.0,80000.0,0.0,0.0,5.0,1
55.0,4144,0.24242424242424243,0.3977272727272727,0.0,25.0,400000.0,0.0,0.0,0.0,2,5,0.022727272727272728,-4.859999999999999,0.24242424242424243,0.3977272727272727,0.0,25.0,400000.0,0.0,0.0,0.0,1
55.0,4864,0.24242424242424243,0.3977272727272727,0.0,25.0,400000.0,0.0,0.0,5.0,2,5,0.022727272727272728,-4.859999999999999,0.24242424242424243,0.3977272727272727,0.0,25.0,400000.0,0.0,0.0,5.0,1
55.0,5229,0.24242424242424243,0.3977272727272727,12.5,12.0,120000.0,20000.0,2.0,6.0,2,5,0.022727272727272728,-4.859999999999999,0.24242424242424243,0.3977272727272727,12.5,12.0,120000.0,20000.0,2.0,6.0,1
55.0,5677,0.24242424242424243,0.3977272727272727,0.0,12.0,120000.0,20000.0,1.0,2.0,2,5,0.022727272727272728,-4.859999999999999,0.24242424242424243,0.3977272727272727,0.0,12.0,120000.0,20000.0,1.0,2.0,1
48.0,11972,0.06944444444444445,0.23871527777777776,0.0,12.0,120000.0,0.0,0.0,1.0,1,4,0.022727272727272728,-5.111666666666666,0.24242424242424243,0.3977272727272727,0.0,12.0,120000.0,0.0,0.0,1.0,1
56.0,8826,0.2380952380952381,0.42782738095238093,0.0,12.0,120000.0,0.0,0.0,2.0,1,8,0.022727272727272728,-4.9,0.2380952380952381,0.42782738095238093,0.0,12.0,120000.0,0.0,0.0,2.0,1
56.0,11976,0.2380952380952381,0.42782738095238093,0.0,12.0,120000.0,0.0,0.0,1.0,1,8,0.022727272727272728,-4.9,0.2380952380952381,0.42782738095238093,0.0,12.0,120000.0,0.0,0.0,1.0,1
57.0,7477,0.5263157894736842,0.4568713450292397,12.5,12.0,120000.0,20000.0,2.0,3.0,1,5,0.022727272727272728,-4.82,0.5263157894736842,0.4568713450292397,12.5,12.0,120000.0,20000.0,2.0,3.0,1
57.0,7928,0.5263157894736842,0.4568713450292397,12.5,12.0,120000.0,20000.0,2.0,4.0,1,4,0.022727272727272728,-4.82,0.5263157894736842,0.4568713450292397,12.5,12.0,120000.0,20000.0,2.0,4.0,1
57.0,9270,0.5263157894736842,0.4568713450292397,0.0,12.0,120000.0,0.0,0.0,7.0,1,4,0.022727272727272728,-4.82,0.5263157894736842,0.4568713450292397,0.0,12.0,120000.0,0.0,0.0,7.0,1
57.0,11521,0.5263157894736842,0.4568713450292397,0.0,12.0,120000.0,0.0,0.0,2.0,2,7,0.022727272727272728,-4.82,0.5263157894736842,0.4568713450292397,0.0,12.0,120000.0,0.0,0.0,2.0,1
53.0,2252,0.15723270440251574,0.21619496855345915,0.0,8.0,80000.0,0.0,0.0,5.0,2,2,0.022727272727272728,-5.090833333333333,0.5232558139534884,0.45421511627906974,0.0,8.0,80000.0,0.0,0.0,5.0,1
58.0,4145,0.5172413793103449,0.4489942528735632,0.0,25.0,400000.0,0.0,0.0,0.0,2,1,0.022727272727272728,-4.8,0.5172413793103449,0.4489942528735632,0.0,25.0,400000.0,0.0,0.0,0.0,1
58.0,4865,0.5172413793103449,0.4489942528735632,0.0,25.0,400000.0,0.0,0.0,5.0,2,1,0.022727272727272728,-4.8,0.5172413793103449,0.4489942528735632,0.0,25.0,400000.0,0.0,0.0,5.0,1
58.0,8827,0.5172413793103449,0.4489942528735632,0.0,12.0,120000.0,0.0,0.0,2.0,3,1,0.022727272727272728,-5.0,0.5172413793103449,0.4489942528735632,0.0,12.0,120000.0,0.0,0.0,2.0,1
58.0,9720,0.5172413793103449,0.4489942528735632,0.0,12.0,120000.0,0.0,0.0,2.0,3,1,0.022727272727272728,-5.0,0.5172413793103449,0.4489942528735632,0.0,12.0,120000.0,0.0,0.0,2.0,1
58.0,11977,0.5172413793103449,0.4489942528735632,0.0,12.0,120000.0,0.0,0.0,0.0,3,1,0.022727272727272728,-5.0,0.5172413793103449,0.4489942528735632,0.0,12.0,120000.0,0.0,0.0,0.0,1
52.0,1356,0.0641025641025641,0.2203525641025641,0.0,8.0,80000.0,0.0,0.0,6.0,2,2,0.022727272727272728,-5.195833333333333,0.5142857142857142,0.44642857142857145,0.0,8.0,80000.0,0.0,0.0,6.0,1
56.0,1358,0.2380952380952381,0.42782738095238093,0.0,8.0,80000.0,0.0,0.0,6.0,1,1,0.022727272727272728,-4.945833333333333,0.5142857142857142,0.44642857142857145,0.0,8.0,80000.0,0.0,0.0,6.0,1
46.0,4141,0.07246376811594203,0.20380434782608695,0.0,25.0,400000.0,0.0,0.0,0.0,3,3,0.022727272727272728,-5.256533533333333,0.5099727147598513,0.44268464822903764,0.0,25.0,400000.0,0.0,0.0,0.0,1
53.0,5228,0.15723270440251574,0.21619496855345915,0.0,12.0,120000.0,20000.0,1.0,6.0,0,0,0.022727272727272728,0.7897500000000001,0.5084745762711864,0.47669491525423735,12.5,12.0,120000.0,20000.0,2.0,7.0,0
59.0,5231,0.5084745762711864,0.47669491525423735,12.5,12.0,120000.0,20000.0,2.0,7.0,3,7,0.022727272727272728,-4.84,0.5084745762711864,0.47669491525423735,12.5,12.0,120000.0,20000.0,2.0,7.0,1
59.0,7478,0.5084745762711864,0.47669491525423735,12.5,12.0,120000.0,20000.0,2.0,5.0,3,3,0.022727272727272728,-4.84,0.5084745762711864,0.47669491525423735,12.5,12.0,120000.0,20000.0,2.0,5.0,1
59.0,7929,0.5084745762711864,0.47669491525423735,12.5,12.0,120000.0,20000.0,2.0,3.0,3,3,0.022727272727272728,-4.84,0.5084745762711864,0.47669491525423735,12.5,12.0,120000.0,20000.0,2.0,3.0,1
59.0,9271,0.5084745762711864,0.47669491525423735,0.0,12.0,120000.0,0.0,0.0,7.0,1,7,0.022727272727272728,-4.8,0.5084745762711864,0.47669491525423735,0.0,12.0,120000.0,0.0,0.0,7.0,1
59.0,10620,0.5084745762711864,0.47669491525423735,0.0,12.0,120000.0,0.0,0.0,5.0,1,7,0.022727272727272728,-4.8,0.5084745762711864,0.47669491525423735,0.0,12.0,120000.0,0.0,0.0,5.0,1
59.0,11522,0.5084745762711864,0.47669491525423735,0.0,12.0,120000.0,0.0,0.0,2.0,1,7,0.022727272727272728,-4.80025,0.5084745762711864,0.47669491525423735,0.0,12.0,120000.0,0.0,0.0,2.0,1
60.0,1360,0.5,0.6423611111111112,0.0,8.0,80000.0,0.0,0.0,6.0,1,7,0.022727272727272728,-4.82,0.5,0.6423611111111112,0.0,8.0,80000.0,0.0,0.0,6.0,1
60.0,3785,0.5,0.6423611111111112,0.0,25.0,400000.0,20000.0,3.0,1.0,2,4,0.022727272727272728,-4.82,0.5,0.6423611111111112,0.0,25.0,400000.0,20000.0,3.0,1.0,1
60.0,8828,0.5,0.6423611111111112,0.0,12.0,120000.0,0.0,0.0,2.0,2,4,0.022727272727272728,-4.82,0.5,0.6423611111111112,0.0,12.0,120000.0,0.0,0.0,2.0,1
60.0,9721,0.5,0.6423611111111112,0.0,12.0,120000.0,0.0,0.0,2.0,2,10,0.022727272727272728,-4.82,0.5,0.6423611111111112,0.0,12.0,120000.0,0.0,0.0,2.0,1
60.0,11978,0.5,0.6423611111111112,0.0,12.0,120000.0,0.0,0.0,0.0,2,10,0.022727272727272728,-4.82,0.5,0.6423611111111112,0.0,12.0,120000.0,0.0,0.0,0.0,1
57.0,7029,0.5263157894736842,0.4568713450292397,0.0,12.0,120000.0,20000.0,2.0,4.0,1,5,0.022727272727272728,-4.925,0.5,0.6423611111111112,12.5,12.0,120000.0,20000.0,3.0,5.0,1
58.0,1359,0.5172413793103449,0.4489942528735632,0.0,8.0,80000.0,0.0,0.0,6.0,2,7,0.022727272727272728,-4.945833333333333,0.49723756906077343,0.6388121546961326,0.0,8.0,80000.0,0.0,0.0,6.0,1
55.0,7028,0.24242424242424243,0.3977272727272727,0.0,12.0,120000.0,20000.0,2.0,4.0,1,1,0.022727272727272728,0.93,0.49180327868852464,0.6318306010928962,12.5,12.0,120000.0,20000.0,3.0,5.0,0
55.0,7476,0.24242424242424243,0.3977272727272727,0.0,12.0,120000.0,20000.0,1.0,3.0,1,1,0.022727272727272728,0.93,0.49180327868852464,0.6318306010928962,0.0,12.0,120000.0,20000.0,2.0,5.0,0
61.0,2256,0.49180327868852464,0.6318306010928962,0.0,8.0,80000.0,0.0,0.0,5.0,2,10,0.022727272727272728,-4.82,0.49180327868852464,0.6318306010928962,0.0,8.0,80000.0,0.0,0.0,5.0,1
61.0,4146,0.49180327868852464,0.6318306010928962,0.0,25.0,400000.0,0.0,0.0,0.0,2,10,0.022727272727272728,-4.82,0.49180327868852464,0.6318306010928962,0.0,25.0,400000.0,0.0,0.0,0.0,1
61.0,4866,0.49180327868852464,0.6318306010928962,0.0,25.0,400000.0,0.0,0.0,5.0,2,10,0.022727272727272728,-4.82,0.49180327868852464,0.6318306010928962,0.0,25.0,400000.0,0.0,0.0,5.0,1
61.0,5232,0.49180327868852464,0.6318306010928962,12.5,12.0,120000.0,20000.0,2.0,7.0,2,10,0.022727272727272728,-4.82,0.49180327868852464,0.6318306010928962,12.5,12.0,120000.0,20000.0,2.0,7.0,1
61.0,5680,0.49180327868852464,0.6318306010928962,25.0,12.0,120000.0,20000.0,3.0,2.0,2,7,0.022727272727272728,-4.82,0.49180327868852464,0.6318306010928962,25.0,12.0,120000.0,20000.0,3.0,2.0,1
61.0,7031,0.49180327868852464,0.6318306010928962,12.5,12.0,120000.0,20000.0,3.0,5.0,2,7,0.022727272727272728,-4.82,0.49180327868852464,0.6318306010928962,12.5,12.0,120000.0,20000.0,3.0,5.0,1
61.0,9272,0.49180327868852464,0.6318306010928962,0.0,12.0,120000.0,0.0,0.0,7.0,2,7,0.022727272727272728,-4.82,0.49180327868852464,0.6318306010928962,0.0,12.0,120000.0,0.0,0.0,7.0,1
61.0,10621,0.49180327868852464,0.6318306010928962,0.0,12.0,120000.0,0.0,0.0,4.0,2,7,0.022727272727272728,-4.82,0.49180327868852464,0.6318306010928962,0.0,12.0,120000.0,0.0,0.0,4.0,1
61.0,11523,0.49180327868852464,0.6318306010928962,0.0,12.0,120000.0,0.0,0.0,2.0,1,3,0.022727272727272728,-4.82025,0.49180327868852464,0.6318306010928962,0.0,12.0,120000.0,0.0,0.0,2.0,1
55.0,7927,0.24242424242424243,0.3977272727272727,0.0,12.0,120000.0,20000.0,1.0,4.0,0,0,0.022727272727272728,0.9293329166666666,0.49172258781796624,0.6317269357383595,12.5,12.0,120000.0,20000.0,2.0,3.0,0
45.0,3780,0.07407407407407407,0.1388888888888889,0.0,25.0,400000.0,20000.0,1.0,2.0,2,3,0.022727272727272728,-5.1535335333333325,0.48640753071271725,0.6248985637628659,0.0,25.0,400000.0,20000.0,3.0,1.0,1
62.0,1361,0.4838709677419355,0.6216397849462365,0.0,8.0,80000.0,0.0,0.0,6.0,1,3,0.022727272727272728,-4.82,0.4838709677419355,0.6216397849462365,0.0,8.0,80000.0,0.0,0.0,6.0,1
62.0,3423,0.4838709677419355,0.6216397849462365,12.5,25.0,400000.0,20000.0,4.0,2.0,2,5,0.022727272727272728,-4.82,0.4838709677419355,0.6216397849462365,12.5,25.0,400000.0,20000.0,4.0,2.0,1
62.0,8829,0.4838709677419355,0.6216397849462365,0.0,12.0,120000.0,0.0,0.0,2.0,2,5,0.022727272727272728,-4.82,0.4838709677419355,0.6216397849462365,0.0,12.0,120000.0,0.0,0.0,2.0,1
62.0,9722,0.4838709677419355,0.6216397849462365,0.0,12.0,120000.0,0.0,0.0,2.0,2,9,0.022727272727272728,-4.82,0.4838709677419355,0.6216397849462365,0.0,12.0,120000.0,0.0,0.0,2.0,1
62.0,11979,0.4838709677419355,0.6216397849462365,0.0,12.0,120000.0,0.0,0.0,0.0,2,9,0.022727272727272728,-4.82,0.4838709677419355,0.6216397849462365,0.0,12.0,120000.0,0.0,0.0,0.0,1
57.0,5678,0.5263157894736842,0.4568713450292397,0.0,12.0,120000.0,20000.0,1.0,2.0,0,0,0.022727272727272728,0.7897500000000001,0.4761904761904762,0.6117724867724867,12.5,12.0,120000.0,20000.0,2.0,2.0,0
63.0,5681,0.4761904761904762,0.6117724867724867,12.5,12.0,120000.0,20000.0,2.0,2.0,1,8,0.022727272727272728,-4.8,0.4761904761904762,0.6117724867724867,12.5,12.0,120000.0,20000.0,2.0,2.0,1
63.0,7032,0.4761904761904762,0.6117724867724867,12.5,12.0,120000.0,20000.0,3.0,5.0,1,8,0.022727272727272728,-4.8,0.4761904761904762,0.6117724867724867,12.5,12.0,120000.0,20000.0,3.0,5.0,1
63.0,7480,0.4761904761904762,0.6117724867724867,12.5,12.0,120000.0,20000.0,2.0,5.0,1,9,0.022727272727272728,-4.8,0.4761904761904762,0.6117724867724867,12.5,12.0,120000.0,20000.0,2.0,5.0,1
63.0,7931,0.4761904761904762,0.6117724867724867,12.5,12.0,120000.0,20000.0,2.0,3.0,1,9,0.022727272727272728,-4.8,0.4761904761904762,0.6117724867724867,12.5,12.0,120000.0,20000.0,2.0,3.0,1
63.0,9273,0.4761904761904762,0.6117724867724867,0.0,12.0,120000.0,0.0,0.0,7.0,1,2,0.022727272727272728,-4.8,0.4761904761904762,0.6117724867724867,0.0,12.0,120000.0,0.0,0.0,7.0,1
63.0,10622,0.4761904761904762,0.6117724867724867,0.0,12.0,120000.0,0.0,0.0,4.0,1,2,0.022727272727272728,-4.8,0.4761904761904762,0.6117724867724867,0.0,12.0,120000.0,0.0,0.0,4.0,1
63.0,11524,0.4761904761904762,0.6117724867724867,0.0,12.0,120000.0,0.0,0.0,2.0,3,9,0.022727272727272728,-4.98,0.4761904761904762,0.6117724867724867,0.0,12.0,120000.0,0.0,0.0,2.0,1
57.0,5230,0.5263157894736842,0.4568713450292397,12.5,12.0,120000.0,20000.0,2.0,6.0,0,0,0.022727272727272728,0.9493329166666666,0.4761148268346569,0.6116752983639688,12.5,12.0,120000.0,20000.0,2.0,7.0,0
64.0,1362,0.7291666666666666,0.6673177083333334,0.0,8.0,80000.0,0.0,0.0,6.0,3,9,0.022727272727272728,-4.98,0.7291666666666666,0.6673177083333334,0.0,8.0,80000.0,0.0,0.0,6.0,1
64.0,4867,0.7291666666666666,0.6673177083333334,0.0,25.0,400000.0,0.0,0.0,5.0,1,4,0.022727272727272728,-4.82,0.7291666666666666,0.6673177083333334,0.0,25.0,400000.0,0.0,0.0,5.0,1
64.0,9723,0.7291666666666666,0.6673177083333334,0.0,12.0,120000.0,0.0,0.0,2.0,1,1,0.022727272727272728,-4.8,0.7291666666666666,0.6673177083333334,0.0,12.0,120000.0,0.0,0.0,2.0,1
64.0,11980,0.7291666666666666,0.6673177083333334,0.0,12.0,120000.0,0.0,0.0,0.0,3,4,0.022727272727272728,-4.98,0.7291666666666666,0.6673177083333334,0.0,12.0,120000.0,0.0,0.0,0.0,1
59.0,7030,0.5084745762711864,0.47669491525423735,0.0,12.0,120000.0,20000.0,2.0,5.0,0,0,0.022727272727272728,0.85,0.717948717948718,0.657051282051282,0.0,12.0,120000.0,20000.0,2.0,5.0,0
65.0,2258,0.717948717948718,0.657051282051282,0.0,8.0,80000.0,0.0,0.0,5.0,3,4,0.022727272727272728,-4.92,0.717948717948718,0.657051282051282,0.0,8.0,80000.0,0.0,0.0,5.0,1
65.0,3424,0.717948717948718,0.657051282051282,12.5,25.0,400000.0,20000.0,4.0,2.0,3,4,0.022727272727272728,-4.92,0.717948717948718,0.657051282051282,12.5,25.0,400000.0,20000.0,4.0,2.0,1
65.0,5682,0.717948717948718,0.657051282051282,12.5,12.0,120000.0,20000.0,2.0,2.0,3,4,0.022727272727272728,-4.92,0.717948717948718,0.657051282051282,12.5,12.0,120000.0,20000.0,2.0,2.0,1
65.0,7033,0.717948717948718,0.657051282051282,0.0,12.0,120000.0,20000.0,2.0,5.0,3,4,0.022727272727272728,-4.92,0.717948717948718,0.657051282051282,0.0,12.0,120000.0,20000.0,2.0,5.0,1
65.0,9274,0.717948717948718,0.657051282051282,0.0,12.0,120000.0,0.0,0.0,7.0,3,4,0.022727272727272728,-4.92,0.717948717948718,0.657051282051282,0.0,12.0,120000.0,0.0,0.0,7.0,1
65.0,10623,0.717948717948718,0.657051282051282,0.0,12.0,120000.0,0.0,0.0,4.0,3,4,0.022727272727272728,-4.92,0.717948717948718,0.657051282051282,0.0,12.0,120000.0,0.0,0.0,4.0,1
65.0,11525,0.717948717948718,0.657051282051282,0.0,12.0,120000.0,0.0,0.0,2.0,3,4,0.022727272727272728,-4.92,0.717948717948718,0.657051282051282,0.0,12.0,120000.0,0.0,0.0,2.0,1
59.0,5679,0.5084745762711864,0.47669491525423735,12.5,12.0,120000.0,20000.0,2.0,2.0,0,0,0.022727272727272728,0.929582916666667,0.7178381708704039,0.6569501117340751,0.0,12.0,120000.0,20000.0,1.0,2.0,0
57.0,2254,0.5263157894736842,0.4568713450292397,0.0,8.0,80000.0,0.0,0.0,5.0,2,1,0.022727272727272728,-3.3414589583333325,0.7651888845805922,0.6535988389125892,0.0,8.0,80000.0,0.0,0.0,5.0,1
63.0,1800,0.4761904761904762,0.6117724867724867,0.0,8.0,80000.0,0.0,0.0,3.0,2,4,0.022727272727272728,-4.966458958333332,0.7651888845805922,0.6535988389125892,0.0,8.0,80000.0,0.0,0.0,3.0,1
59.0,3422,0.5084745762711864,0.47669491525423735,12.5,25.0,400000.0,20000.0,2.0,2.0,3,7,0.022727272727272728,-5.056533533333333,0.759570474037299,0.6487997799068597,12.5,25.0,400000.0,20000.0,4.0,2.0,1
57.0,3784,0.5263157894736842,0.4568713450292397,0.0,25.0,400000.0,20000.0,2.0,2.0,2,1,0.022727272727272728,-4.993533533333333,0.7998798980333103,0.671774133113913,25.0,25.0,400000.0,20000.0,5.0,1.0,1
65.0,1801,0.717948717948718,0.657051282051282,0.0,8.0,80000.0,0.0,0.0,3.0,3,4,0.022727272727272728,-4.945833958333333,0.7996800080447808,0.671606256756359,0.0,8.0,80000.0,0.0,0.0,3.0,1
67.0,7034,0.7960199004975124,0.6685323383084577,0.0,12.0,120000.0,20000.0,2.0,5.0,3,8,0.022727272727272728,-4.92,0.7960199004975124,0.6685323383084577,0.0,12.0,120000.0,20000.0,2.0,5.0,1
67.0,7482,0.7960199004975124,0.6685323383084577,25.0,12.0,120000.0,20000.0,3.0,4.0,3,8,0.022727272727272728,-4.92,0.7960199004975124,0.6685323383084577,25.0,12.0,120000.0,20000.0,3.0,4.0,1
67.0,7933,0.7960199004975124,0.6685323383084577,25.0,12.0,120000.0,20000.0,3.0,3.0,2,8,0.022727272727272728,-4.859999999999999,0.7960199004975124,0.6685323383084577,25.0,12.0,120000.0,20000.0,3.0,3.0,1
67.0,9275,0.7960199004975124,0.6685323383084577,0.0,12.0,120000.0,0.0,0.0,7.0,2,8,0.022727272727272728,-4.859999999999999,0.7960199004975124,0.6685323383084577,0.0,12.0,120000.0,0.0,0.0,7.0,1
67.0,10624,0.7960199004975124,0.6685323383084577,0.0,12.0,120000.0,0.0,0.0,4.0,2,10,0.022727272727272728,-4.859999999999999,0.7960199004975124,0.6685323383084577,0.0,12.0,120000.0,0.0,0.0,4.0,1
67.0,11526,0.7960199004975124,0.6685323383084577,0.0,12.0,120000.0,0.0,0.0,2.0,3,6,0.022727272727272728,-4.92,0.7960199004975124,0.6685323383084577,0.0,12.0,120000.0,0.0,0.0,2.0,1
67.0,12420,0.7960199004975124,0.6685323383084577,0.0,12.0,120000.0,0.0,0.0,4.0,3,6,0.022727272727272728,-4.92,0.7960199004975124,0.6685323383084577,0.0,12.0,120000.0,0.0,0.0,4.0,1
61.0,7479,0.49180327868852464,0.6318306010928962,0.0,12.0,120000.0,20000.0,1.0,5.0,0,0,0.022727272727272728,0.889332916666667,0.7959009905137059,0.6684324725017452,12.5,12.0,120000.0,20000.0,2.0,4.0,0
61.0,7930,0.49180327868852464,0.6318306010928962,12.5,12.0,120000.0,20000.0,2.0,3.0,0,0,0.022727272727272728,0.889332916666667,0.7959009905137059,0.6684324725017452,12.5,12.0,120000.0,20000.0,2.0,3.0,0
63.0,2257,0.4761904761904762,0.6117724867724867,0.0,8.0,80000.0,0.0,0.0,5.0,2,4,0.022727272727272728,-5.131458958333333,0.989951840327896,0.6651238927203051,0.0,8.0,80000.0,0.0,0.0,5.0,1
66.0,1363,0.7575757575757576,0.6786616161616161,0.0,8.0,80000.0,0.0,0.0,6.0,3,4,0.022727272727272728,-5.025833958333333,0.9848334176432808,0.6616849524790792,0.0,8.0,80000.0,0.0,0.0,6.0,1
59.0,2255,0.5084745762711864,0.47669491525423735,0.0,8.0,80000.0,0.0,0.0,5.0,3,1,0.022727272727272728,-3.5025,0.9803921568627451,0.6587009803921569,0.0,8.0,80000.0,0.0,0.0,5.0,1
66.0,11981,0.7575757575757576,0.6786616161616161,0.0,12.0,120000.0,0.0,0.0,0.0,3,1,0.022727272727272728,0.9766666666666666,0.9803921568627451,0.6587009803921569,0.0,12.0,120000.0,0.0,0.0,0.0,0
68.0,1364,0.9803921568627451,0.6587009803921569,0.0,8.0,80000.0,0.0,0.0,6.0,3,6,0.022727272727272728,-4.9399999999999995,0.9803921568627451,0.6587009803921569,0.0,8.0,80000.0,0.0,0.0,6.0,1
68.0,3425,0.9803921568627451,0.6587009803921569,12.5,25.0,400000.0,20000.0,4.0,2.0,3,6,0.022727272727272728,-4.9399999999999995,0.9803921568627451,0.6587009803921569,12.5,25.0,400000.0,20000.0,4.0,2.0,1
68.0,4501,0.9803921568627451,0.6587009803921569,12.5,25.0,400000.0,20000.0,3.0,3.0,1,10,0.022727272727272728,-4.88,0.9803921568627451,0.6587009803921569,12.5,25.0,400000.0,20000.0,3.0,3.0,1
68.0,8832,0.9803921568627451,0.6587009803921569,0.0,12.0,120000.0,0.0,0.0,3.0,1,10,0.022727272727272728,-4.88,0.9803921568627451,0.6587009803921569,0.0,12.0,120000.0,0.0,0.0,3.0,1
68.0,9725,0.9803921568627451,0.6587009803921569,0.0,12.0,120000.0,0.0,0.0,3.0,2,6,0.022727272727272728,-4.88,0.9803921568627451,0.6587009803921569,0.0,12.0,120000.0,0.0,0.0,3.0,1
68.0,11982,0.9803921568627451,0.6587009803921569,0.0,12.0,120000.0,0.0,0.0,0.0,2,6,0.022727272727272728,-4.88,0.9803921568627451,0.6587009803921569,0.0,12.0,120000.0,0.0,0.0,0.0,1
66.0,9724,0.7575757575757576,0.6786616161616161,0.0,12.0,120000.0,0.0,0.0,2.0,3,1,0.022727272727272728,0.935,1.038647342995169,0.80012077294686,0.0,12.0,120000.0,0.0,0.0,3.0,0
69.0,1803,1.038647342995169,0.80012077294686,0.0,8.0,80000.0,0.0,0.0,3.0,2,6,0.022727272727272728,-4.9,1.038647342995169,0.80012077294686,0.0,8.0,80000.0,0.0,0.0,3.0,1
69.0,2260,1.038647342995169,0.80012077294686,0.0,8.0,80000.0,0.0,0.0,5.0,2,6,0.022727272727272728,-4.9,1.038647342995169,0.80012077294686,0.0,8.0,80000.0,0.0,0.0,5.0,1
69.0,3788,1.038647342995169,0.80012077294686,25.0,25.0,400000.0,20000.0,5.0,0.0,2,6,0.022727272727272728,-4.9,1.038647342995169,0.80012077294686,25.0,25.0,400000.0,20000.0,5.0,0.0,1
69.0,5236,1.038647342995169,0.80012077294686,37.5,12.0,120000.0,20000.0,4.0,6.0,2,6,0.022727272727272728,-4.9,1.038647342995169,0.80012077294686,37.5,12.0,120000.0,20000.0,4.0,6.0,1
69.0,7483,1.038647342995169,0.80012077294686,12.5,12.0,120000.0,20000.0,2.0,3.0,3,4,0.022727272727272728,-4.9,1.038647342995169,0.80012077294686,12.5,12.0,120000.0,20000.0,2.0,3.0,1
69.0,7934,1.038647342995169,0.80012077294686,12.5,12.0,120000.0,20000.0,2.0,3.0,3,4,0.022727272727272728,-4.9,1.038647342995169,0.80012077294686,12.5,12.0,120000.0,20000.0,2.0,3.0,1
69.0,10625,1.038647342995169,0.80012077294686,0.0,12.0,120000.0,0.0,0.0,5.0,1,3,0.022727272727272728,-4.8,1.038647342995169,0.80012077294686,0.0,12.0,120000.0,0.0,0.0,5.0,1
69.0,11527,1.038647342995169,0.80012077294686,0.0,12.0,120000.0,0.0,0.0,2.0,1,7,0.022727272727272728,-4.80025,1.038647342995169,0.80012077294686,0.0,12.0,120000.0,0.0,0.0,2.0,1
69.0,12421,1.038647342995169,0.80012077294686,0.0,12.0,120000.0,0.0,0.0,4.0,1,7,0.022727272727272728,-4.8,1.038647342995169,0.80012077294686,0.0,12.0,120000.0,0.0,0.0,4.0,1
63.0,5233,0.4761904761904762,0.6117724867724867,12.5,12.0,120000.0,20000.0,2.0,7.0,0,0,0.022727272727272728,0.949082916666667,1.0384966857223563,0.8000047142919315,25.0,12.0,120000.0,20000.0,3.0,6.0,0
66.0,8831,0.7575757575757576,0.6786616161616161,0.0,12.0,120000.0,0.0,0.0,2.0,3,1,0.022727272727272728,0.9133333333333333,1.023809523809524,0.7886904761904763,0.0,12.0,120000.0,0.0,0.0,3.0,0
70.0,1365,1.023809523809524,0.7886904761904763,0.0,8.0,80000.0,0.0,0.0,6.0,3,8,0.022727272727272728,-4.92,1.023809523809524,0.7886904761904763,0.0,8.0,80000.0,0.0,0.0,6.0,1
70.0,4149,1.023809523809524,0.7886904761904763,0.0,25.0,400000.0,0.0,0.0,1.0,3,8,0.022727272727272728,-4.92,1.023809523809524,0.7886904761904763,0.0,25.0,400000.0,0.0,0.0,1.0,1
70.0,4869,1.023809523809524,0.7886904761904763,0.0,25.0,400000.0,0.0,0.0,5.0,3,5,0.022727272727272728,-4.92,1.023809523809524,0.7886904761904763,0.0,25.0,400000.0,0.0,0.0,5.0,1
70.0,8833,1.023809523809524,0.7886904761904763,0.0,12.0,120000.0,0.0,0.0,3.0,3,5,0.022727272727272728,-4.92,1.023809523809524,0.7886904761904763,0.0,12.0,120000.0,0.0,0.0,3.0,1
70.0,9726,1.023809523809524,0.7886904761904763,0.0,12.0,120000.0,0.0,0.0,3.0,3,4,0.022727272727272728,-4.92,1.023809523809524,0.7886904761904763,0.0,12.0,120000.0,0.0,0.0,3.0,1
70.0,11983,1.023809523809524,0.7886904761904763,0.0,12.0,120000.0,0.0,0.0,1.0,3,4,0.022727272727272728,-4.92,1.023809523809524,0.7886904761904763,0.0,12.0,120000.0,0.0,0.0,1.0,1
69.0,7035,1.038647342995169,0.80012077294686,0.0,12.0,120000.0,20000.0,2.0,5.0,3,1,0.022727272727272728,0.9566666666666667,1.07981220657277,0.7775821596244131,0.0,12.0,120000.0,20000.0,2.0,5.0,0
55.0,11520,0.24242424242424243,0.3977272727272727,0.0,12.0,120000.0,0.0,0.0,2.0,1,1,0.022727272727272728,-3.5466666666666664,1.07981220657277,0.7775821596244131,0.0,12.0,120000.0,0.0,0.0,2.0,1
71.0,3426,1.07981220657277,0.7775821596244131,12.5,25.0,400000.0,20000.0,5.0,2.0,3,9,0.022727272727272728,-4.96,1.07981220657277,0.7775821596244131,12.5,25.0,400000.0,20000.0,5.0,2.0,1
71.0,4502,1.07981220657277,0.7775821596244131,12.5,25.0,400000.0,20000.0,3.0,3.0,3,9,0.022727272727272728,-4.96,1.07981220657277,0.7775821596244131,12.5,25.0,400000.0,20000.0,3.0,3.0,1
71.0,5237,1.07981220657277,0.7775821596244131,25.0,12.0,120000.0,20000.0,3.0,6.0,3,1,0.022727272727272728,-4.96,1.07981220657277,0.7775821596244131,25.0,12.0,120000.0,20000.0,3.0,6.0,1
71.0,5685,1.07981220657277,0.7775821596244131,12.5,12.0,120000.0,20000.0,2.0,2.0,3,1,0.022727272727272728,-4.96,1.07981220657277,0.7775821596244131,12.5,12.0,120000.0,20000.0,2.0,2.0,1
71.0,7036,1.07981220657277,0.7775821596244131,0.0,12.0,120000.0,20000.0,2.0,5.0,3,10,0.022727272727272728,-4.96,1.07981220657277,0.7775821596244131,0.0,12.0,120000.0,20000.0,2.0,5.0,1
71.0,7484,1.07981220657277,0.7775821596244131,12.5,12.0,120000.0,20000.0,2.0,3.0,3,10,0.022727272727272728,-4.96,1.07981220657277,0.7775821596244131,12.5,12.0,120000.0,20000.0,2.0,3.0,1
71.0,7935,1.07981220657277,0.7775821596244131,12.5,12.0,120000.0,20000.0,2.0,3.0,3,8,0.022727272727272728,-4.96,1.07981220657277,0.7775821596244131,12.5,12.0,120000.0,20000.0,2.0,3.0,1
71.0,9277,1.07981220657277,0.7775821596244131,0.0,12.0,120000.0,0.0,0.0,7.0,3,8,0.022727272727272728,-4.96,1.07981220657277,0.7775821596244131,0.0,12.0,120000.0,0.0,0.0,7.0,1
71.0,10626,1.07981220657277,0.7775821596244131,0.0,12.0,120000.0,0.0,0.0,5.0,3,5,0.022727272727272728,-4.96,1.07981220657277,0.7775821596244131,0.0,12.0,120000.0,0.0,0.0,5.0,1
71.0,11528,1.07981220657277,0.7775821596244131,0.0,12.0,120000.0,0.0,0.0,2.0,3,5,0.022727272727272728,-4.96,1.07981220657277,0.7775821596244131,0.0,12.0,120000.0,0.0,0.0,2.0,1
71.0,12422,1.07981220657277,0.7775821596244131,0.0,12.0,120000.0,0.0,0.0,4.0,1,1,0.022727272727272728,-4.8,1.07981220657277,0.7775821596244131,0.0,12.0,120000.0,0.0,0.0,4.0,1
65.0,5234,0.717948717948718,0.657051282051282,12.5,12.0,120000.0,20000.0,2.0,7.0,0,0,0.022727272727272728,0.9493329166666671,1.0796599897206982,0.7774725469456114,12.5,12.0,120000.0,20000.0,2.0,6.0,0
65.0,7481,0.717948717948718,0.657051282051282,12.5,12.0,120000.0,20000.0,2.0,5.0,0,0,0.022727272727272728,0.9495829166666669,1.0796599897206982,0.7774725469456114,0.0,12.0,120000.0,20000.0,1.0,3.0,0
65.0,7932,0.717948717948718,0.657051282051282,12.5,12.0,120000.0,20000.0,2.0,3.0,0,0,0.022727272727272728,0.9495829166666669,1.0796599897206982,0.7774725469456114,0.0,12.0,120000.0,20000.0,1.0,3.0,0
67.0,2259,0.7960199004975124,0.6685323383084577,0.0,8.0,80000.0,0.0,0.0,5.0,3,1,0.022727272727272728,-5.253333958333333,1.1856051907748013,0.7700621949885353,0.0,8.0,80000.0,0.0,0.0,5.0,1
69.0,5684,1.038647342995169,0.80012077294686,12.5,12.0,120000.0,20000.0,2.0,2.0,3,1,0.022727272727272728,-5.0833337499999995,1.181211620176262,0.7672085278105624,12.5,12.0,120000.0,20000.0,2.0,2.0,1
72.0,3789,1.1805555555555556,0.7667824074074074,25.0,25.0,400000.0,20000.0,5.0,0.0,2,7,0.022727272727272728,-4.859999999999999,1.1805555555555556,0.7667824074074074,25.0,25.0,400000.0,20000.0,5.0,0.0,1
72.0,8834,1.1805555555555556,0.7667824074074074,0.0,12.0,120000.0,0.0,0.0,3.0,2,7,0.022727272727272728,-4.859999999999999,1.1805555555555556,0.7667824074074074,0.0,12.0,120000.0,0.0,0.0,3.0,1
72.0,9727,1.1805555555555556,0.7667824074074074,0.0,12.0,120000.0,0.0,0.0,3.0,1,6,0.022727272727272728,-4.859999999999999,1.1805555555555556,0.7667824074074074,0.0,12.0,120000.0,0.0,0.0,3.0,1
72.0,11984,1.1805555555555556,0.7667824074074074,0.0,12.0,120000.0,0.0,0.0,1.0,1,6,0.022727272727272728,-4.859999999999999,1.1805555555555556,0.7667824074074074,0.0,12.0,120000.0,0.0,0.0,1.0,1
67.0,5683,0.7960199004975124,0.6685323383084577,0.0,12.0,120000.0,20000.0,1.0,2.0,0,0,0.022727272727272728,0.89,1.2100456621004567,0.7562785388127853,0.0,12.0,120000.0,20000.0,2.0,2.0,0
53.0,3420,0.15723270440251574,0.21619496855345915,0.0,25.0,400000.0,20000.0,1.0,2.0,0,0,0.022727272727272728,0.74,1.2100456621004567,0.7562785388127853,0.0,25.0,400000.0,20000.0,4.0,2.0,0
73.0,2262,1.2100456621004567,0.7562785388127853,0.0,8.0,80000.0,0.0,0.0,5.0,2,2,0.022727272727272728,-4.82,1.2100456621004567,0.7562785388127853,0.0,8.0,80000.0,0.0,0.0,5.0,1
73.0,4150,1.2100456621004567,0.7562785388127853,0.0,25.0,400000.0,0.0,0.0,1.0,2,2,0.022727272727272728,-4.82,1.2100456621004567,0.7562785388127853,0.0,25.0,400000.0,0.0,0.0,1.0,1
73.0,4870,1.2100456621004567,0.7562785388127853,0.0,25.0,400000.0,0.0,0.0,5.0,2,9,0.022727272727272728,-4.82,1.2100456621004567,0.7562785388127853,0.0,25.0,400000.0,0.0,0.0,5.0,1
73.0,5238,1.2100456621004567,0.7562785388127853,12.5,12.0,120000.0,20000.0,2.0,4.0,2,9,0.022727272727272728,-4.82,1.2100456621004567,0.7562785388127853,12.5,12.0,120000.0,20000.0,2.0,4.0,1
73.0,7936,1.2100456621004567,0.7562785388127853,0.0,12.0,120000.0,20000.0,2.0,3.0,1,3,0.022727272727272728,-4.82,1.2100456621004567,0.7562785388127853,0.0,12.0,120000.0,20000.0,3.0,3.0,1
73.0,9278,1.2100456621004567,0.7562785388127853,0.0,12.0,120000.0,0.0,0.0,7.0,1,3,0.022727272727272728,-4.82,1.2100456621004567,0.7562785388127853,0.0,12.0,120000.0,0.0,0.0,7.0,1
73.0,10627,1.2100456621004567,0.7562785388127853,0.0,12.0,120000.0,0.0,0.0,5.0,1,3,0.022727272727272728,-4.82,1.2100456621004567,0.7562785388127853,0.0,12.0,120000.0,0.0,0.0,5.0,1
73.0,12423,1.2100456621004567,0.7562785388127853,0.0,12.0,120000.0,0.0,0.0,4.0,3,1,0.022727272727272728,-4.96,1.2100456621004567,0.7562785388127853,0.0,12.0,120000.0,0.0,0.0,4.0,1
64.0,8830,0.7291666666666666,0.6673177083333334,0.0,12.0,120000.0,0.0,0.0,2.0,1,1,0.022727272727272728,-5.175,1.2100456621004567,0.7562785388127853,0.0,12.0,120000.0,0.0,0.0,3.0,1
67.0,5235,0.7960199004975124,0.6685323383084577,25.0,12.0,120000.0,20000.0,3.0,7.0,0,0,0.022727272727272728,0.9495829166666669,1.2098797594101593,0.7561748496313497,0.0,12.0,120000.0,20000.0,1.0,4.0,0
67.0,1802,0.7960199004975124,0.6685323383084577,0.0,8.0,80000.0,0.0,0.0,3.0,3,1,0.022727272727272728,0.5825,1.1936936936936937,0.7742117117117117,0.0,8.0,80000.0,0.0,0.0,3.0,0
74.0,1367,1.1936936936936937,0.7742117117117117,0.0,8.0,80000.0,0.0,0.0,5.0,3,10,0.022727272727272728,-4.98,1.1936936936936937,0.7742117117117117,0.0,8.0,80000.0,0.0,0.0,5.0,1
74.0,3427,1.1936936936936937,0.7742117117117117,0.0,25.0,400000.0,20000.0,4.0,2.0,3,10,0.022727272727272728,-4.98,1.1936936936936937,0.7742117117117117,0.0,25.0,400000.0,20000.0,4.0,2.0,1
74.0,4503,1.1936936936936937,0.7742117117117117,12.5,25.0,400000.0,20000.0,3.0,3.0,2,5,0.022727272727272728,-4.88,1.1936936936936937,0.7742117117117117,12.5,25.0,400000.0,20000.0,3.0,3.0,1
74.0,8835,1.1936936936936937,0.7742117117117117,0.0,12.0,120000.0,0.0,0.0,3.0,1,5,0.022727272727272728,-4.88,1.1936936936936937,0.7742117117117117,0.0,12.0,120000.0,0.0,0.0,3.0,1
74.0,9728,1.1936936936936937,0.7742117117117117,0.0,12.0,120000.0,0.0,0.0,3.0,1,5,0.022727272727272728,-4.88,1.1936936936936937,0.7742117117117117,0.0,12.0,120000.0,0.0,0.0,3.0,1
74.0,11985,1.1936936936936937,0.7742117117117117,0.0,12.0,120000.0,0.0,0.0,1.0,1,5,0.022727272727272728,-4.88,1.1936936936936937,0.7742117117117117,0.0,12.0,120000.0,0.0,0.0,1.0,1
69.0,9276,1.038647342995169,0.80012077294686,0.0,12.0,120000.0,0.0,0.0,7.0,1,3,0.022727272727272728,0.87,1.2444444444444445,0.9027777777777779,0.0,12.0,120000.0,0.0,0.0,7.0,0
75.0,1806,1.2444444444444445,0.9027777777777779,0.0,8.0,80000.0,0.0,0.0,4.0,1,9,0.022727272727272728,-4.88,1.2444444444444445,0.9027777777777779,0.0,8.0,80000.0,0.0,0.0,4.0,1
75.0,2263,1.2444444444444445,0.9027777777777779,0.0,8.0,80000.0,0.0,0.0,5.0,1,9,0.022727272727272728,-4.88,1.2444444444444445,0.9027777777777779,0.0,8.0,80000.0,0.0,0.0,5.0,1
75.0,5239,1.2444444444444445,0.9027777777777779,0.0,12.0,120000.0,20000.0,1.0,5.0,2,4,0.022727272727272728,-4.8,1.2444444444444445,0.9027777777777779,0.0,12.0,120000.0,20000.0,2.0,5.0,1
75.0,5687,1.2444444444444445,0.9027777777777779,12.5,12.0,120000.0,20000.0,2.0,2.0,1,5,0.022727272727272728,-4.8,1.2444444444444445,0.9027777777777779,12.5,12.0,120000.0,20000.0,2.0,2.0,1
75.0,7038,1.2444444444444445,0.9027777777777779,25.0,12.0,120000.0,20000.0,4.0,4.0,1,5,0.022727272727272728,-4.8,1.2444444444444445,0.9027777777777779,25.0,12.0,120000.0,20000.0,4.0,4.0,1
75.0,9279,1.2444444444444445,0.9027777777777779,0.0,12.0,120000.0,0.0,0.0,7.0,1,2,0.022727272727272728,-4.8,1.2444444444444445,0.9027777777777779,0.0,12.0,120000.0,0.0,0.0,7.0,1
75.0,10628,1.2444444444444445,0.9027777777777779,0.0,12.0,120000.0,0.0,0.0,4.0,1,2,0.022727272727272728,-4.8,1.2444444444444445,0.9027777777777779,0.0,12.0,120000.0,0.0,0.0,4.0,1
75.0,11530,1.2444444444444445,0.9027777777777779,0.0,12.0,120000.0,0.0,0.0,2.0,1,2,0.022727272727272728,-4.8,1.2444444444444445,0.9027777777777779,0.0,12.0,120000.0,0.0,0.0,2.0,1
75.0,12424,1.2444444444444445,0.9027777777777779,0.0,12.0,120000.0,0.0,0.0,4.0,1,4,0.022727272727272728,-4.8,1.2444444444444445,0.9027777777777779,0.0,12.0,120000.0,0.0,0.0,4.0,1
71.0,1804,1.07981220657277,0.7775821596244131,0.0,8.0,80000.0,0.0,0.0,3.0,2,2,0.022727272727272728,-5.0714589583333325,1.2387734497048912,0.8986637748975215,0.0,8.0,80000.0,0.0,0.0,4.0,1
67.0,4868,0.7960199004975124,0.6685323383084577,0.0,25.0,400000.0,0.0,0.0,5.0,2,1,0.022727272727272728,-4.973333333333333,1.2334801762114538,0.8948237885462555,0.0,25.0,400000.0,0.0,0.0,5.0,1
73.0,11529,1.2100456621004567,0.7562785388127853,0.0,12.0,120000.0,0.0,0.0,2.0,3,1,0.022727272727272728,0.895,1.2280701754385965,0.9183114035087718,0.0,12.0,120000.0,0.0,0.0,2.0,0
76.0,1368,1.2280701754385965,0.9183114035087718,0.0,8.0,80000.0,0.0,0.0,5.0,1,4,0.022727272727272728,-4.859999999999999,1.2280701754385965,0.9183114035087718,0.0,8.0,80000.0,0.0,0.0,5.0,1
76.0,4151,1.2280701754385965,0.9183114035087718,0.0,25.0,400000.0,0.0,0.0,1.0,1,9,0.022727272727272728,-4.8605,1.2280701754385965,0.9183114035087718,0.0,25.0,400000.0,0.0,0.0,1.0,1
76.0,4871,1.2280701754385965,0.9183114035087718,0.0,25.0,400000.0,0.0,0.0,5.0,1,9,0.022727272727272728,-4.859999999999999,1.2280701754385965,0.9183114035087718,0.0,25.0,400000.0,0.0,0.0,5.0,1
76.0,6571,1.2280701754385965,0.9183114035087718,12.5,12.0,120000.0,20000.0,4.0,5.0,3,8,0.022727272727272728,-4.98,1.2280701754385965,0.9183114035087718,12.5,12.0,120000.0,20000.0,4.0,5.0,1
76.0,8836,1.2280701754385965,0.9183114035087718,0.0,12.0,120000.0,0.0,0.0,3.0,3,8,0.022727272727272728,-4.98,1.2280701754385965,0.9183114035087718,0.0,12.0,120000.0,0.0,0.0,3.0,1
76.0,9729,1.2280701754385965,0.9183114035087718,0.0,12.0,120000.0,0.0,0.0,3.0,3,7,0.022727272727272728,-4.98,1.2280701754385965,0.9183114035087718,0.0,12.0,120000.0,0.0,0.0,3.0,1
76.0,11986,1.2280701754385965,0.9183114035087718,0.0,12.0,120000.0,0.0,0.0,1.0,3,7,0.022727272727272728,-4.98,1.2280701754385965,0.9183114035087718,0.0,12.0,120000.0,0.0,0.0,1.0,1
77.0,2264,1.2121212121212122,0.9334415584415585,0.0,8.0,80000.0,0.0,0.0,5.0,1,2,0.022727272727272728,-4.82,1.2121212121212122,0.9334415584415585,0.0,8.0,80000.0,0.0,0.0,5.0,1
77.0,5240,1.2121212121212122,0.9334415584415585,0.0,12.0,120000.0,20000.0,2.0,6.0,1,9,0.022727272727272728,-4.82,1.2121212121212122,0.9334415584415585,0.0,12.0,120000.0,20000.0,2.0,6.0,1
77.0,5688,1.2121212121212122,0.9334415584415585,12.5,12.0,120000.0,20000.0,2.0,2.0,1,9,0.022727272727272728,-4.82,1.2121212121212122,0.9334415584415585,12.5,12.0,120000.0,20000.0,2.0,2.0,1
77.0,6120,1.2121212121212122,0.9334415584415585,0.0,12.0,120000.0,20000.0,4.0,3.0,3,2,0.022727272727272728,-4.9399999999999995,1.2121212121212122,0.9334415584415585,0.0,12.0,120000.0,20000.0,4.0,3.0,1
77.0,7039,1.2121212121212122,0.9334415584415585,12.5,12.0,120000.0,20000.0,3.0,4.0,3,2,0.022727272727272728,-4.9399999999999995,1.2121212121212122,0.9334415584415585,12.5,12.0,120000.0,20000.0,3.0,4.0,1
77.0,7487,1.2121212121212122,0.9334415584415585,25.0,12.0,120000.0,20000.0,3.0,5.0,2,3,0.022727272727272728,-4.82,1.2121212121212122,0.9334415584415585,25.0,12.0,120000.0,20000.0,3.0,5.0,1
77.0,7938,1.2121212121212122,0.9334415584415585,12.5,12.0,120000.0,20000.0,5.0,3.0,2,3,0.022727272727272728,-4.82,1.2121212121212122,0.9334415584415585,12.5,12.0,120000.0,20000.0,5.0,3.0,1
77.0,9280,1.2121212121212122,0.9334415584415585,0.0,12.0,120000.0,0.0,0.0,6.0,3,4,0.022727272727272728,-4.9399999999999995,1.2121212121212122,0.9334415584415585,0.0,12.0,120000.0,0.0,0.0,6.0,1
77.0,10629,1.2121212121212122,0.9334415584415585,0.0,12.0,120000.0,0.0,0.0,4.0,3,4,0.022727272727272728,-4.9399999999999995,1.2121212121212122,0.9334415584415585,0.0,12.0,120000.0,0.0,0.0,4.0,1
77.0,11531,1.2121212121212122,0.9334415584415585,0.0,12.0,120000.0,0.0,0.0,2.0,3,4,0.022727272727272728,-4.9399999999999995,1.2121212121212122,0.9334415584415585,0.0,12.0,120000.0,0.0,0.0,2.0,1
77.0,12425,1.2121212121212122,0.9334415584415585,0.0,12.0,120000.0,0.0,0.0,4.0,3,4,0.022727272727272728,-4.9399999999999995,1.2121212121212122,0.9334415584415585,0.0,12.0,120000.0,0.0,0.0,4.0,1
71.0,2261,1.07981220657277,0.7775821596244131,0.0,8.0,80000.0,0.0,0.0,5.0,2,2,0.022727272727272728,-5.1964589583333325,1.2067403516691353,0.9292978154594904,0.0,8.0,80000.0,0.0,0.0,5.0,1
78.0,1369,1.1965811965811968,0.9214743589743588,0.0,8.0,80000.0,0.0,0.0,5.0,3,4,0.022727272727272728,-4.9399999999999995,1.1965811965811968,0.9214743589743588,0.0,8.0,80000.0,0.0,0.0,5.0,1
78.0,8837,1.1965811965811968,0.9214743589743588,0.0,12.0,120000.0,0.0,0.0,3.0,1,9,0.022727272727272728,-4.84,1.1965811965811968,0.9214743589743588,0.0,12.0,120000.0,0.0,0.0,3.0,1
78.0,9730,1.1965811965811968,0.9214743589743588,0.0,12.0,120000.0,0.0,0.0,3.0,1,9,0.022727272727272728,-4.84,1.1965811965811968,0.9214743589743588,0.0,12.0,120000.0,0.0,0.0,3.0,1
78.0,10170,1.1965811965811968,0.9214743589743588,0.0,12.0,120000.0,0.0,0.0,2.0,1,9,0.022727272727272728,-4.84,1.1965811965811968,0.9214743589743588,0.0,12.0,120000.0,0.0,0.0,2.0,1
78.0,11987,1.1965811965811968,0.9214743589743588,0.0,12.0,120000.0,0.0,0.0,1.0,1,9,0.022727272727272728,-4.840249999999999,1.1965811965811968,0.9214743589743588,0.0,12.0,120000.0,0.0,0.0,1.0,1
73.0,1805,1.2100456621004567,0.7562785388127853,0.0,8.0,80000.0,0.0,0.0,3.0,2,2,0.022727272727272728,0.745,1.1814345991561181,0.9098101265822784,0.0,8.0,80000.0,0.0,0.0,4.0,0
73.0,7485,1.2100456621004567,0.7562785388127853,0.0,12.0,120000.0,20000.0,1.0,3.0,1,3,0.022727272727272728,0.86975,1.1814345991561181,0.9098101265822784,12.5,12.0,120000.0,20000.0,2.0,5.0,0
79.0,4872,1.1814345991561181,0.9098101265822784,0.0,25.0,400000.0,0.0,0.0,5.0,2,6,0.022727272727272728,-4.8,1.1814345991561181,0.9098101265822784,0.0,25.0,400000.0,0.0,0.0,5.0,1
79.0,5241,1.1814345991561181,0.9098101265822784,0.0,12.0,120000.0,20000.0,2.0,6.0,2,6,0.022727272727272728,-4.8,1.1814345991561181,0.9098101265822784,0.0,12.0,120000.0,20000.0,2.0,6.0,1
79.0,5689,1.1814345991561181,0.9098101265822784,12.5,12.0,120000.0,20000.0,2.0,2.0,3,3,0.022727272727272728,-4.98,1.1814345991561181,0.9098101265822784,12.5,12.0,120000.0,20000.0,2.0,2.0,1
79.0,6121,1.1814345991561181,0.9098101265822784,0.0,12.0,120000.0,20000.0,4.0,3.0,3,3,0.022727272727272728,-4.98,1.1814345991561181,0.9098101265822784,0.0,12.0,120000.0,20000.0,4.0,3.0,1
79.0,7040,1.1814345991561181,0.9098101265822784,12.5,12.0,120000.0,20000.0,3.0,4.0,3,4,0.022727272727272728,-4.98,1.1814345991561181,0.9098101265822784,12.5,12.0,120000.0,20000.0,3.0,4.0,1
79.0,7488,1.1814345991561181,0.9098101265822784,12.5,12.0,120000.0,20000.0,2.0,5.0,3,4,0.022727272727272728,-4.98,1.1814345991561181,0.9098101265822784,12.5,12.0,120000.0,20000.0,2.0,5.0,1
79.0,9281,1.1814345991561181,0.9098101265822784,0.0,12.0,120000.0,0.0,0.0,6.0,2,4,0.022727272727272728,-4.8,1.1814345991561181,0.9098101265822784,0.0,12.0,120000.0,0.0,0.0,6.0,1
79.0,10630,1.1814345991561181,0.9098101265822784,0.0,12.0,120000.0,0.0,0.0,4.0,3,5,0.022727272727272728,-4.98,1.1814345991561181,0.9098101265822784,0.0,12.0,120000.0,0.0,0.0,4.0,1
79.0,11532,1.1814345991561181,0.9098101265822784,0.0,12.0,120000.0,0.0,0.0,2.0,3,5,0.022727272727272728,-4.98,1.1814345991561181,0.9098101265822784,0.0,12.0,120000.0,0.0,0.0,2.0,1
79.0,12426,1.1814345991561181,0.9098101265822784,0.0,12.0,120000.0,0.0,0.0,4.0,1,5,0.022727272727272728,-4.8,1.1814345991561181,0.9098101265822784,0.0,12.0,120000.0,0.0,0.0,4.0,1
73.0,5686,1.2100456621004567,0.7562785388127853,0.0,12.0,120000.0,20000.0,1.0,2.0,0,0,0.022727272727272728,0.9495829166666669,1.1812849198896866,0.9096948601829059,0.0,12.0,120000.0,20000.0,1.0,2.0,0
73.0,7037,1.2100456621004567,0.7562785388127853,0.0,12.0,120000.0,20000.0,3.0,4.0,0,0,0.022727272727272728,0.9495829166666669,1.1812849198896866,0.9096948601829059,0.0,12.0,120000.0,20000.0,2.0,4.0,0
77.0,1807,1.2121212121212122,0.9334415584415585,0.0,8.0,80000.0,0.0,0.0,4.0,1,2,0.022727272727272728,-4.9464589583333325,1.2183336699155147,0.9058730950880441,0.0,8.0,80000.0,0.0,0.0,4.0,1
77.0,0,1.2121212121212122,0.9334415584415585,0.0,8.0,80000.0,20000.0,2.0,2.0,3,2,0.022727272727272728,-5.148333958333334,1.2129829496842544,0.9018946500885081,0.0,8.0,80000.0,20000.0,2.0,2.0,1
72.0,1366,1.1805555555555556,0.7667824074074074,0.0,8.0,80000.0,0.0,0.0,6.0,1,1,0.022727272727272728,0.64,1.2083333333333333,0.8984375,0.0,8.0,80000.0,0.0,0.0,5.0,0
74.0,6570,1.1936936936936937,0.7742117117117117,0.0,12.0,120000.0,20000.0,3.0,5.0,0,0,0.022727272727272728,0.88975,1.2083333333333333,0.8984375,12.5,12.0,120000.0,20000.0,4.0,5.0,0
80.0,900,1.2083333333333333,0.8984375,0.0,8.0,80000.0,20000.0,5.0,1.0,1,5,0.022727272727272728,-4.859999999999999,1.2083333333333333,0.8984375,0.0,8.0,80000.0,20000.0,6.0,1.0,1
80.0,1370,1.2083333333333333,0.8984375,0.0,8.0,80000.0,0.0,0.0,5.0,1,7,0.022727272727272728,-4.859999999999999,1.2083333333333333,0.8984375,0.0,8.0,80000.0,0.0,0.0,5.0,1
80.0,3429,1.2083333333333333,0.8984375,12.5,25.0,400000.0,20000.0,5.0,2.0,1,7,0.022727272727272728,-4.859999999999999,1.2083333333333333,0.8984375,12.5,25.0,400000.0,20000.0,5.0,2.0,1
80.0,4505,1.2083333333333333,0.8984375,25.0,25.0,400000.0,20000.0,4.0,3.0,2,8,0.022727272727272728,-4.859999999999999,1.2083333333333333,0.8984375,25.0,25.0,400000.0,20000.0,4.0,3.0,1
80.0,6573,1.2083333333333333,0.8984375,12.5,12.0,120000.0,20000.0,4.0,5.0,1,10,0.022727272727272728,-4.859999999999999,1.2083333333333333,0.8984375,12.5,12.0,120000.0,20000.0,4.0,5.0,1
80.0,8838,1.2083333333333333,0.8984375,0.0,12.0,120000.0,0.0,0.0,3.0,1,10,0.022727272727272728,-4.859999999999999,1.2083333333333333,0.8984375,0.0,12.0,120000.0,0.0,0.0,3.0,1
80.0,9731,1.2083333333333333,0.8984375,0.0,12.0,120000.0,0.0,0.0,3.0,1,10,0.022727272727272728,-4.859999999999999,1.2083333333333333,0.8984375,0.0,12.0,120000.0,0.0,0.0,3.0,1
80.0,10171,1.2083333333333333,0.8984375,0.0,12.0,120000.0,0.0,0.0,2.0,1,5,0.022727272727272728,-4.859999999999999,1.2083333333333333,0.8984375,0.0,12.0,120000.0,0.0,0.0,2.0,1
80.0,11988,1.2083333333333333,0.8984375,0.0,12.0,120000.0,0.0,0.0,1.0,1,5,0.022727272727272728,-4.8605,1.2083333333333333,0.8984375,0.0,12.0,120000.0,0.0,0.0,1.0,1
75.0,7937,1.2444444444444445,0.9027777777777779,0.0,12.0,120000.0,20000.0,4.0,3.0,0,0,0.022727272727272728,0.7897500000000001,1.1934156378600824,1.0159465020576133,12.5,12.0,120000.0,20000.0,8.0,4.0,0
81.0,2,1.1934156378600824,1.0159465020576133,0.0,8.0,80000.0,20000.0,2.0,2.0,3,10,0.022727272727272728,-4.98,1.1934156378600824,1.0159465020576133,0.0,8.0,80000.0,20000.0,2.0,2.0,1
81.0,1809,1.1934156378600824,1.0159465020576133,0.0,8.0,80000.0,0.0,0.0,4.0,3,10,0.022727272727272728,-4.98,1.1934156378600824,1.0159465020576133,0.0,8.0,80000.0,0.0,0.0,4.0,1
81.0,3792,1.1934156378600824,1.0159465020576133,50.0,25.0,400000.0,20000.0,8.0,0.0,2,10,0.022727272727272728,-4.88,1.1934156378600824,1.0159465020576133,50.0,25.0,400000.0,20000.0,8.0,0.0,1
81.0,5242,1.1934156378600824,1.0159465020576133,0.0,12.0,120000.0,20000.0,2.0,6.0,2,10,0.022727272727272728,-4.88,1.1934156378600824,1.0159465020576133,0.0,12.0,120000.0,20000.0,3.0,6.0,1
81.0,5690,1.1934156378600824,1.0159465020576133,0.0,12.0,120000.0,20000.0,1.0,2.0,2,10,0.022727272727272728,-4.88,1.1934156378600824,1.0159465020576133,0.0,12.0,120000.0,20000.0,1.0,2.0,1
81.0,6122,1.1934156378600824,1.0159465020576133,0.0,12.0,120000.0,20000.0,6.0,3.0,2,10,0.022727272727272728,-4.88,1.1934156378600824,1.0159465020576133,0.0,12.0,120000.0,20000.0,6.0,3.0,1
81.0,7041,1.1934156378600824,1.0159465020576133,0.0,12.0,120000.0,20000.0,3.0,4.0,1,10,0.022727272727272728,-4.88,1.1934156378600824,1.0159465020576133,0.0,12.0,120000.0,20000.0,3.0,4.0,1
81.0,7489,1.1934156378600824,1.0159465020576133,12.5,12.0,120000.0,20000.0,2.0,5.0,1,10,0.022727272727272728,-4.88,1.1934156378600824,1.0159465020576133,12.5,12.0,120000.0,20000.0,2.0,5.0,1
81.0,9282,1.1934156378600824,1.0159465020576133,0.0,12.0,120000.0,0.0,0.0,6.0,2,10,0.022727272727272728,-4.88,1.1934156378600824,1.0159465020576133,0.0,12.0,120000.0,0.0,0.0,6.0,1
81.0,11533,1.1934156378600824,1.0159465020576133,0.0,12.0,120000.0,0.0,0.0,2.0,2,4,0.022727272727272728,-4.8,1.1934156378600824,1.0159465020576133,0.0,12.0,120000.0,0.0,0.0,2.0,1
81.0,12427,1.1934156378600824,1.0159465020576133,0.0,12.0,120000.0,0.0,0.0,4.0,3,7,0.022727272727272728,-4.98,1.1934156378600824,1.0159465020576133,0.0,12.0,120000.0,0.0,0.0,4.0,1
75.0,7486,1.2444444444444445,0.9027777777777779,12.5,12.0,120000.0,20000.0,2.0,4.0,0,0,0.022727272727272728,0.9495829166666669,1.193268173484569,1.0158209666517344,0.0,12.0,120000.0,20000.0,1.0,5.0,0
79.0,1808,1.1814345991561181,0.9098101265822784,0.0,8.0,80000.0,0.0,0.0,4.0,1,1,0.022727272727272728,-4.9464589583333325,1.1883783319618493,1.011658278286488,0.0,8.0,80000.0,0.0,0.0,4.0,1
67.0,4148,0.7960199004975124,0.6685323383084577,0.0,25.0,400000.0,0.0,0.0,1.0,2,1,0.022727272727272728,-5.093533533333333,1.1835284026206911,1.0075295668861488,0.0,25.0,400000.0,0.0,0.0,1.0,1
82.0,901,1.1788617886178863,1.0416666666666667,0.0,8.0,80000.0,20000.0,6.0,1.0,3,7,0.022727272727272728,-4.98,1.1788617886178863,1.0416666666666667,0.0,8.0,80000.0,20000.0,6.0,1.0,1
82.0,1371,1.1788617886178863,1.0416666666666667,0.0,8.0,80000.0,0.0,0.0,5.0,2,9,0.022727272727272728,-4.9,1.1788617886178863,1.0416666666666667,0.0,8.0,80000.0,0.0,0.0,5.0,1
82.0,4873,1.1788617886178863,1.0416666666666667,0.0,25.0,400000.0,0.0,0.0,5.0,1,3,0.022727272727272728,-4.84,1.1788617886178863,1.0416666666666667,0.0,25.0,400000.0,0.0,0.0,5.0,1
82.0,9732,1.1788617886178863,1.0416666666666667,0.0,12.0,120000.0,0.0,0.0,3.0,2,9,0.022727272727272728,-4.8,1.1788617886178863,1.0416666666666667,0.0,12.0,120000.0,0.0,0.0,3.0,1
82.0,10172,1.1788617886178863,1.0416666666666667,0.0,12.0,120000.0,0.0,0.0,2.0,2,9,0.022727272727272728,-4.8,1.1788617886178863,1.0416666666666667,0.0,12.0,120000.0,0.0,0.0,2.0,1
82.0,11989,1.1788617886178863,1.0416666666666667,0.0,12.0,120000.0,0.0,0.0,1.0,1,10,0.022727272727272728,-4.8004999999999995,1.1788617886178863,1.0416666666666667,0.0,12.0,120000.0,0.0,0.0,1.0,1
79.0,2265,1.1814345991561181,0.9098101265822784,0.0,8.0,80000.0,0.0,0.0,5.0,1,1,0.022727272727272728,-5.0089589583333325,1.1739463416654243,1.0373232760405688,0.0,8.0,80000.0,0.0,0.0,5.0,1
63.0,3786,0.4761904761904762,0.6117724867724867,0.0,25.0,400000.0,20000.0,3.0,1.0,0,0,0.022727272727272728,0.6992499999999999,1.1646586345381527,1.029116465863454,37.5,25.0,400000.0,20000.0,8.0,0.0,0
83.0,3,1.1646586345381527,1.029116465863454,0.0,8.0,80000.0,20000.0,2.0,2.0,1,10,0.022727272727272728,-4.9,1.1646586345381527,1.029116465863454,0.0,8.0,80000.0,20000.0,2.0,2.0,1
83.0,3430,1.1646586345381527,1.029116465863454,12.5,25.0,400000.0,20000.0,5.0,2.0,2,4,0.022727272727272728,-4.82,1.1646586345381527,1.029116465863454,12.5,25.0,400000.0,20000.0,5.0,2.0,1
83.0,4506,1.1646586345381527,1.029116465863454,25.0,25.0,400000.0,20000.0,4.0,3.0,2,4,0.022727272727272728,-4.82,1.1646586345381527,1.029116465863454,25.0,25.0,400000.0,20000.0,4.0,3.0,1
83.0,6123,1.1646586345381527,1.029116465863454,0.0,12.0,120000.0,20000.0,6.0,3.0,2,10,0.022727272727272728,-4.82,1.1646586345381527,1.029116465863454,0.0,12.0,120000.0,20000.0,6.0,3.0,1
83.0,7042,1.1646586345381527,1.029116465863454,0.0,12.0,120000.0,20000.0,3.0,4.0,2,10,0.022727272727272728,-4.82,1.1646586345381527,1.029116465863454,0.0,12.0,120000.0,20000.0,3.0,4.0,1
83.0,9283,1.1646586345381527,1.029116465863454,0.0,12.0,120000.0,0.0,0.0,6.0,1,10,0.022727272727272728,-4.82,1.1646586345381527,1.029116465863454,0.0,12.0,120000.0,0.0,0.0,6.0,1
83.0,10632,1.1646586345381527,1.029116465863454,0.0,12.0,120000.0,0.0,0.0,4.0,2,10,0.022727272727272728,-4.82,1.1646586345381527,1.029116465863454,0.0,12.0,120000.0,0.0,0.0,4.0,1
83.0,11534,1.1646586345381527,1.029116465863454,0.0,12.0,120000.0,0.0,0.0,2.0,1,6,0.022727272727272728,-4.82,1.1646586345381527,1.029116465863454,0.0,12.0,120000.0,0.0,0.0,2.0,1
83.0,12428,1.1646586345381527,1.029116465863454,0.0,12.0,120000.0,0.0,0.0,4.0,1,6,0.022727272727272728,-4.82,1.1646586345381527,1.029116465863454,0.0,12.0,120000.0,0.0,0.0,4.0,1
79.0,1,1.1814345991561181,0.9098101265822784,0.0,8.0,80000.0,20000.0,2.0,2.0,1,1,0.022727272727272728,0.7675000000000001,1.150793650793651,1.0416666666666667,0.0,8.0,80000.0,20000.0,2.0,2.0,0
84.0,8840,1.150793650793651,1.0416666666666667,0.0,12.0,120000.0,0.0,0.0,3.0,2,9,0.022727272727272728,-4.8,1.150793650793651,1.0416666666666667,0.0,12.0,120000.0,0.0,0.0,3.0,1
84.0,9733,1.150793650793651,1.0416666666666667,0.0,12.0,120000.0,0.0,0.0,3.0,2,9,0.022727272727272728,-4.8,1.150793650793651,1.0416666666666667,0.0,12.0,120000.0,0.0,0.0,3.0,1
84.0,10173,1.150793650793651,1.0416666666666667,0.0,12.0,120000.0,0.0,0.0,2.0,3,6,0.022727272727272728,-4.98,1.150793650793651,1.0416666666666667,0.0,12.0,120000.0,0.0,0.0,2.0,1
84.0,11990,1.150793650793651,1.0416666666666667,0.0,12.0,120000.0,0.0,0.0,1.0,3,6,0.022727272727272728,-4.98,1.150793650793651,1.0416666666666667,0.0,12.0,120000.0,0.0,0.0,1.0,1
81.0,10631,1.1934156378600824,1.0159465020576133,0.0,12.0,120000.0,0.0,0.0,4.0,2,4,0.022727272727272728,-4.925,1.150793650793651,1.0416666666666667,0.0,12.0,120000.0,0.0,0.0,4.0,1
78.0,6572,1.1965811965811968,0.9214743589743588,12.5,12.0,120000.0,20000.0,4.0,5.0,0,0,0.022727272727272728,0.9493329166666671,1.1506565308903864,1.0415425495128499,12.5,12.0,120000.0,20000.0,4.0,5.0,0
81.0,2266,1.1934156378600824,1.0159465020576133,0.0,8.0,80000.0,0.0,0.0,5.0,1,4,0.022727272727272728,-5.0089589583333325,1.1461090211308123,1.0374262691270282,0.0,8.0,80000.0,0.0,0.0,5.0,1
65.0,4500,0.717948717948718,0.657051282051282,0.0,25.0,400000.0,20000.0,2.0,2.0,0,0,0.022727272727272728,0.6597500000000001,1.1372549019607843,1.053921568627451,12.5,25.0,400000.0,20000.0,3.0,3.0,0
85.0,1811,1.1372549019607843,1.053921568627451,0.0,8.0,80000.0,0.0,0.0,4.0,3,6,0.022727272727272728,-4.859999999999999,1.1372549019607843,1.053921568627451,0.0,8.0,80000.0,0.0,0.0,4.0,1
85.0,2268,1.1372549019607843,1.053921568627451,0.0,8.0,80000.0,0.0,0.0,5.0,3,2,0.022727272727272728,-4.859999999999999,1.1372549019607843,1.053921568627451,0.0,8.0,80000.0,0.0,0.0,5.0,1
85.0,4154,1.1372549019607843,1.053921568627451,0.0,25.0,400000.0,0.0,0.0,1.0,2,2,0.022727272727272728,-4.82,1.1372549019607843,1.053921568627451,0.0,25.0,400000.0,0.0,0.0,1.0,1
85.0,4874,1.1372549019607843,1.053921568627451,0.0,25.0,400000.0,0.0,0.0,5.0,2,2,0.022727272727272728,-4.82,1.1372549019607843,1.053921568627451,0.0,25.0,400000.0,0.0,0.0,5.0,1
85.0,6124,1.1372549019607843,1.053921568627451,0.0,12.0,120000.0,20000.0,6.0,3.0,3,6,0.022727272727272728,-4.859999999999999,1.1372549019607843,1.053921568627451,0.0,12.0,120000.0,20000.0,6.0,3.0,1
85.0,7043,1.1372549019607843,1.053921568627451,0.0,12.0,120000.0,20000.0,3.0,4.0,3,6,0.022727272727272728,-4.859999999999999,1.1372549019607843,1.053921568627451,0.0,12.0,120000.0,20000.0,3.0,4.0,1
85.0,7491,1.1372549019607843,1.053921568627451,12.5,12.0,120000.0,20000.0,3.0,5.0,3,6,0.022727272727272728,-4.859999999999999,1.1372549019607843,1.053921568627451,12.5,12.0,120000.0,20000.0,3.0,5.0,1
85.0,7942,1.1372549019607843,1.053921568627451,37.5,12.0,120000.0,20000.0,10.0,5.0,3,6,0.022727272727272728,-4.859999999999999,1.1372549019607843,1.053921568627451,37.5,12.0,120000.0,20000.0,10.0,5.0,1
85.0,9284,1.1372549019607843,1.053921568627451,0.0,12.0,120000.0,0.0,0.0,6.0,2,10,0.022727272727272728,-4.82,1.1372549019607843,1.053921568627451,0.0,12.0,120000.0,0.0,0.0,6.0,1
85.0,10633,1.1372549019607843,1.053921568627451,0.0,12.0,120000.0,0.0,0.0,4.0,2,10,0.022727272727272728,-4.82,1.1372549019607843,1.053921568627451,0.0,12.0,120000.0,0.0,0.0,4.0,1
85.0,11535,1.1372549019607843,1.053921568627451,0.0,12.0,120000.0,0.0,0.0,2.0,2,4,0.022727272727272728,-4.82,1.1372549019607843,1.053921568627451,0.0,12.0,120000.0,0.0,0.0,2.0,1
85.0,12429,1.1372549019607843,1.053921568627451,0.0,12.0,120000.0,0.0,0.0,4.0,2,4,0.022727272727272728,-4.82,1.1372549019607843,1.053921568627451,0.0,12.0,120000.0,0.0,0.0,4.0,1
79.0,7939,1.1814345991561181,0.9098101265822784,12.5,12.0,120000.0,20000.0,6.0,4.0,0,0,0.022727272727272728,0.949082916666667,1.1371209892419336,1.053797468478516,25.0,12.0,120000.0,20000.0,9.0,5.0,0
64.0,4147,0.7291666666666666,0.6673177083333334,0.0,25.0,400000.0,0.0,0.0,1.0,1,4,0.022727272727272728,-5.2212002,1.1371209892419336,1.053797468478516,0.0,25.0,400000.0,0.0,0.0,1.0,1
83.0,1810,1.1646586345381527,1.029116465863454,0.0,8.0,80000.0,0.0,0.0,4.0,2,2,0.022727272727272728,-4.9464589583333325,1.1326796313698047,1.0496815549332241,0.0,8.0,80000.0,0.0,0.0,4.0,1
86.0,3431,1.124031007751938,1.0416666666666665,12.5,25.0,400000.0,20000.0,5.0,2.0,2,10,0.022727272727272728,-4.84,1.124031007751938,1.0416666666666665,12.5,25.0,400000.0,20000.0,5.0,2.0,1
86.0,4507,1.124031007751938,1.0416666666666665,12.5,25.0,400000.0,20000.0,3.0,3.0,2,10,0.022727272727272728,-4.84,1.124031007751938,1.0416666666666665,12.5,25.0,400000.0,20000.0,3.0,3.0,1
86.0,6576,1.124031007751938,1.0416666666666665,12.5,12.0,120000.0,20000.0,4.0,5.0,1,10,0.022727272727272728,-4.84,1.124031007751938,1.0416666666666665,12.5,12.0,120000.0,20000.0,4.0,5.0,1
86.0,8841,1.124031007751938,1.0416666666666665,0.0,12.0,120000.0,0.0,0.0,3.0,1,10,0.022727272727272728,-4.84,1.124031007751938,1.0416666666666665,0.0,12.0,120000.0,0.0,0.0,3.0,1
86.0,9734,1.124031007751938,1.0416666666666665,0.0,12.0,120000.0,0.0,0.0,3.0,2,6,0.022727272727272728,-4.84,1.124031007751938,1.0416666666666665,0.0,12.0,120000.0,0.0,0.0,3.0,1
86.0,10174,1.124031007751938,1.0416666666666665,0.0,12.0,120000.0,0.0,0.0,2.0,2,6,0.022727272727272728,-4.84,1.124031007751938,1.0416666666666665,0.0,12.0,120000.0,0.0,0.0,2.0,1
86.0,11991,1.124031007751938,1.0416666666666665,0.0,12.0,120000.0,0.0,0.0,1.0,2,6,0.022727272727272728,-4.84,1.124031007751938,1.0416666666666665,0.0,12.0,120000.0,0.0,0.0,1.0,1
84.0,1372,1.150793650793651,1.0416666666666667,0.0,8.0,80000.0,0.0,0.0,5.0,2,6,0.022727272727272728,-4.9864589583333325,1.1581668735474417,1.0375244908862498,0.0,8.0,80000.0,0.0,0.0,5.0,1
85.0,4,1.1372549019607843,1.053921568627451,0.0,8.0,80000.0,20000.0,2.0,2.0,3,6,0.022727272727272728,-5.0058339583333336,1.1534911004124384,1.0333357774528096,0.0,8.0,80000.0,20000.0,2.0,2.0,1
82.0,6574,1.1788617886178863,1.0416666666666667,12.5,12.0,120000.0,20000.0,4.0,5.0,1,1,0.022727272727272728,0.9316666666666666,1.1494252873563218,1.0296934865900382,12.5,12.0,120000.0,20000.0,4.0,5.0,0
87.0,5,1.1494252873563218,1.0296934865900382,0.0,8.0,80000.0,20000.0,2.0,2.0,2,6,0.022727272727272728,-4.859999999999999,1.1494252873563218,1.0296934865900382,0.0,8.0,80000.0,20000.0,2.0,2.0,1
87.0,1812,1.1494252873563218,1.0296934865900382,0.0,8.0,80000.0,0.0,0.0,4.0,1,6,0.022727272727272728,-4.859999999999999,1.1494252873563218,1.0296934865900382,0.0,8.0,80000.0,0.0,0.0,4.0,1
87.0,2269,1.1494252873563218,1.0296934865900382,0.0,8.0,80000.0,0.0,0.0,5.0,1,6,0.022727272727272728,-4.859999999999999,1.1494252873563218,1.0296934865900382,0.0,8.0,80000.0,0.0,0.0,5.0,1
87.0,6125,1.1494252873563218,1.0296934865900382,0.0,12.0,120000.0,20000.0,7.0,3.0,1,8,0.022727272727272728,-4.8,1.1494252873563218,1.0296934865900382,0.0,12.0,120000.0,20000.0,7.0,3.0,1
87.0,7044,1.1494252873563218,1.0296934865900382,0.0,12.0,120000.0,20000.0,3.0,4.0,2,5,0.022727272727272728,-4.8,1.1494252873563218,1.0296934865900382,0.0,12.0,120000.0,20000.0,3.0,4.0,1
87.0,7492,1.1494252873563218,1.0296934865900382,12.5,12.0,120000.0,20000.0,3.0,5.0,2,5,0.022727272727272728,-4.8,1.1494252873563218,1.0296934865900382,12.5,12.0,120000.0,20000.0,3.0,5.0,1
87.0,7943,1.1494252873563218,1.0296934865900382,25.0,12.0,120000.0,20000.0,9.0,5.0,1,3,0.022727272727272728,-4.8,1.1494252873563218,1.0296934865900382,25.0,12.0,120000.0,20000.0,9.0,5.0,1
87.0,9285,1.1494252873563218,1.0296934865900382,0.0,12.0,120000.0,0.0,0.0,6.0,1,3,0.022727272727272728,-4.8,1.1494252873563218,1.0296934865900382,0.0,12.0,120000.0,0.0,0.0,6.0,1
87.0,10634,1.1494252873563218,1.0296934865900382,0.0,12.0,120000.0,0.0,0.0,4.0,1,3,0.022727272727272728,-4.8,1.1494252873563218,1.0296934865900382,0.0,12.0,120000.0,0.0,0.0,4.0,1
87.0,11536,1.1494252873563218,1.0296934865900382,0.0,12.0,120000.0,0.0,0.0,2.0,1,3,0.022727272727272728,-4.8,1.1494252873563218,1.0296934865900382,0.0,12.0,120000.0,0.0,0.0,2.0,1
87.0,12430,1.1494252873563218,1.0296934865900382,0.0,12.0,120000.0,0.0,0.0,4.0,2,7,0.022727272727272728,-4.8,1.1494252873563218,1.0296934865900382,0.0,12.0,120000.0,0.0,0.0,4.0,1
81.0,7940,1.1934156378600824,1.0159465020576133,12.5,12.0,120000.0,20000.0,7.0,4.0,0,0,0.022727272727272728,0.9493329166666671,1.1492930526039475,1.0295750262910364,12.5,12.0,120000.0,20000.0,8.0,5.0,0
75.0,3790,1.2444444444444445,0.9027777777777779,25.0,25.0,400000.0,20000.0,5.0,0.0,2,4,0.022727272727272728,-5.053533533333333,1.1405541793079672,1.0217464522967208,62.5,25.0,400000.0,20000.0,9.0,0.0,1
84.0,902,1.150793650793651,1.0416666666666667,0.0,8.0,80000.0,20000.0,6.0,1.0,0,0,0.022727272727272728,0.87,1.1363636363636365,1.0416666666666667,0.0,8.0,80000.0,20000.0,6.0,1.0,0
88.0,904,1.1363636363636365,1.0416666666666667,0.0,8.0,80000.0,20000.0,6.0,1.0,2,7,0.022727272727272728,-4.88,1.1363636363636365,1.0416666666666667,0.0,8.0,80000.0,20000.0,6.0,1.0,1
88.0,1374,1.1363636363636365,1.0416666666666667,0.0,8.0,80000.0,0.0,0.0,5.0,2,9,0.022727272727272728,-4.88,1.1363636363636365,1.0416666666666667,0.0,8.0,80000.0,0.0,0.0,5.0,1
88.0,4155,1.1363636363636365,1.0416666666666667,0.0,25.0,400000.0,0.0,0.0,1.0,2,9,0.022727272727272728,-4.88,1.1363636363636365,1.0416666666666667,0.0,25.0,400000.0,0.0,0.0,1.0,1
88.0,4875,1.1363636363636365,1.0416666666666667,0.0,25.0,400000.0,0.0,0.0,5.0,2,8,0.022727272727272728,-4.88,1.1363636363636365,1.0416666666666667,0.0,25.0,400000.0,0.0,0.0,5.0,1
88.0,6577,1.1363636363636365,1.0416666666666667,12.5,12.0,120000.0,20000.0,4.0,5.0,2,8,0.022727272727272728,-4.88,1.1363636363636365,1.0416666666666667,12.5,12.0,120000.0,20000.0,4.0,5.0,1
88.0,8842,1.1363636363636365,1.0416666666666667,0.0,12.0,120000.0,0.0,0.0,3.0,2,8,0.022727272727272728,-4.88,1.1363636363636365,1.0416666666666667,0.0,12.0,120000.0,0.0,0.0,3.0,1
88.0,9735,1.1363636363636365,1.0416666666666667,0.0,12.0,120000.0,0.0,0.0,3.0,2,6,0.022727272727272728,-4.88,1.1363636363636365,1.0416666666666667,0.0,12.0,120000.0,0.0,0.0,3.0,1
88.0,11992,1.1363636363636365,1.0416666666666667,0.0,12.0,120000.0,0.0,0.0,1.0,2,3,0.022727272727272728,-4.82,1.1363636363636365,1.0416666666666667,0.0,12.0,120000.0,0.0,0.0,1.0,1
86.0,1373,1.124031007751938,1.0416666666666665,0.0,8.0,80000.0,0.0,0.0,5.0,3,2,0.022727272727272728,-5.048333958333333,1.1650630075470152,1.0335236357271909,0.0,8.0,80000.0,0.0,0.0,5.0,1
83.0,5243,1.1646586345381527,1.029116465863454,0.0,12.0,120000.0,20000.0,3.0,5.0,0,0,0.022727272727272728,0.86975,1.1610486891385767,1.0299625468164795,12.5,12.0,120000.0,20000.0,4.0,5.0,0
83.0,5691,1.1646586345381527,1.029116465863454,0.0,12.0,120000.0,20000.0,2.0,2.0,0,0,0.022727272727272728,0.86975,1.1610486891385767,1.0299625468164795,12.5,12.0,120000.0,20000.0,3.0,2.0,0
83.0,7490,1.1646586345381527,1.029116465863454,0.0,12.0,120000.0,20000.0,2.0,5.0,0,0,0.022727272727272728,0.87,1.1610486891385767,1.0299625468164795,0.0,12.0,120000.0,20000.0,3.0,5.0,0
89.0,6,1.1610486891385767,1.0299625468164795,0.0,8.0,80000.0,20000.0,2.0,2.0,2,7,0.022727272727272728,-4.88,1.1610486891385767,1.0299625468164795,0.0,8.0,80000.0,20000.0,2.0,2.0,1
89.0,450,1.1610486891385767,1.0299625468164795,0.0,8.0,80000.0,20000.0,3.0,4.0,2,7,0.022727272727272728,-4.88,1.1610486891385767,1.0299625468164795,0.0,8.0,80000.0,20000.0,4.0,4.0,1
89.0,1813,1.1610486891385767,1.0299625468164795,0.0,8.0,80000.0,0.0,0.0,4.0,1,7,0.022727272727272728,-4.88,1.1610486891385767,1.0299625468164795,0.0,8.0,80000.0,0.0,0.0,4.0,1
89.0,2270,1.1610486891385767,1.0299625468164795,0.0,8.0,80000.0,0.0,0.0,5.0,1,7,0.022727272727272728,-4.88,1.1610486891385767,1.0299625468164795,0.0,8.0,80000.0,0.0,0.0,5.0,1
89.0,2700,1.1610486891385767,1.0299625468164795,0.0,25.0,400000.0,20000.0,2.0,4.0,2,8,0.022727272727272728,-4.88,1.1610486891385767,1.0299625468164795,0.0,25.0,400000.0,20000.0,2.0,4.0,1
89.0,3432,1.1610486891385767,1.0299625468164795,12.5,25.0,400000.0,20000.0,5.0,2.0,2,8,0.022727272727272728,-4.88,1.1610486891385767,1.0299625468164795,12.5,25.0,400000.0,20000.0,5.0,2.0,1
89.0,4508,1.1610486891385767,1.0299625468164795,12.5,25.0,400000.0,20000.0,3.0,3.0,2,5,0.022727272727272728,-4.88,1.1610486891385767,1.0299625468164795,12.5,25.0,400000.0,20000.0,3.0,3.0,1
89.0,5694,1.1610486891385767,1.0299625468164795,12.5,12.0,120000.0,20000.0,3.0,2.0,2,5,0.022727272727272728,-4.88,1.1610486891385767,1.0299625468164795,12.5,12.0,120000.0,20000.0,3.0,2.0,1
89.0,6126,1.1610486891385767,1.0299625468164795,0.0,12.0,120000.0,20000.0,7.0,3.0,1,10,0.022727272727272728,-4.88,1.1610486891385767,1.0299625468164795,0.0,12.0,120000.0,20000.0,7.0,3.0,1
89.0,12431,1.1610486891385767,1.0299625468164795,0.0,12.0,120000.0,0.0,0.0,4.0,1,9,0.022727272727272728,-4.8,1.1610486891385767,1.0299625468164795,0.0,12.0,120000.0,0.0,0.0,4.0,1
83.0,7941,1.1646586345381527,1.029116465863454,25.0,12.0,120000.0,20000.0,9.0,5.0,0,0,0.022727272727272728,0.9495829166666669,1.1609181184603095,1.0298467179889843,0.0,12.0,120000.0,20000.0,7.0,4.0,0
83.0,2267,1.1646586345381527,1.029116465863454,0.0,8.0,80000.0,0.0,0.0,5.0,2,2,0.022727272727272728,-5.1964589583333325,1.2125506981437864,1.026004436890896,0.0,8.0,80000.0,0.0,0.0,5.0,1
87.0,5693,1.1494252873563218,1.0296934865900382,25.0,12.0,120000.0,20000.0,4.0,2.0,3,3,0.022727272727272728,-4.98333375,1.2042387871381222,1.018971281424565,12.5,12.0,120000.0,20000.0,3.0,2.0,1
90.0,6578,1.2037037037037037,1.0185185185185186,12.5,12.0,120000.0,20000.0,4.0,5.0,2,9,0.022727272727272728,-4.88,1.2037037037037037,1.0185185185185186,12.5,12.0,120000.0,20000.0,4.0,5.0,1
90.0,8843,1.2037037037037037,1.0185185185185186,0.0,12.0,120000.0,0.0,0.0,3.0,2,9,0.022727272727272728,-4.88,1.2037037037037037,1.0185185185185186,0.0,12.0,120000.0,0.0,0.0,3.0,1
90.0,9736,1.2037037037037037,1.0185185185185186,0.0,12.0,120000.0,0.0,0.0,3.0,2,9,0.022727272727272728,-4.88,1.2037037037037037,1.0185185185185186,0.0,12.0,120000.0,0.0,0.0,3.0,1
90.0,10176,1.2037037037037037,1.0185185185185186,0.0,12.0,120000.0,0.0,0.0,2.0,2,9,0.022727272727272728,-4.88,1.2037037037037037,1.0185185185185186,0.0,12.0,120000.0,0.0,0.0,2.0,1
90.0,11070,1.2037037037037037,1.0185185185185186,0.0,12.0,120000.0,0.0,0.0,4.0,2,9,0.022727272727272728,-4.88,1.2037037037037037,1.0185185185185186,0.0,12.0,120000.0,0.0,0.0,4.0,1
90.0,11993,1.2037037037037037,1.0185185185185186,0.0,12.0,120000.0,0.0,0.0,1.0,3,6,0.022727272727272728,-4.9399999999999995,1.2037037037037037,1.0185185185185186,0.0,12.0,120000.0,0.0,0.0,1.0,1
84.0,6575,1.150793650793651,1.0416666666666667,12.5,12.0,120000.0,20000.0,4.0,5.0,0,0,0.022727272727272728,0.869582916666667,1.2035698399915002,1.0184052492235771,0.0,12.0,120000.0,20000.0,3.0,5.0,0
89.0,7944,1.1610486891385767,1.0299625468164795,12.5,12.0,120000.0,20000.0,8.0,4.0,3,1,0.022727272727272728,0.9566666666666667,1.336996336996337,1.0416666666666665,0.0,12.0,120000.0,20000.0,7.0,3.0,0
91.0,7,1.336996336996337,1.0416666666666665,0.0,8.0,80000.0,20000.0,2.0,2.0,3,6,0.022727272727272728,-4.96,1.336996336996337,1.0416666666666665,0.0,8.0,80000.0,20000.0,2.0,2.0,1
91.0,451,1.336996336996337,1.0416666666666665,0.0,8.0,80000.0,20000.0,4.0,4.0,2,6,0.022727272727272728,-4.9,1.336996336996337,1.0416666666666665,0.0,8.0,80000.0,20000.0,4.0,4.0,1
91.0,1814,1.336996336996337,1.0416666666666665,0.0,8.0,80000.0,0.0,0.0,4.0,2,6,0.022727272727272728,-4.9,1.336996336996337,1.0416666666666665,0.0,8.0,80000.0,0.0,0.0,4.0,1
91.0,2271,1.336996336996337,1.0416666666666665,0.0,8.0,80000.0,0.0,0.0,5.0,2,6,0.022727272727272728,-4.9,1.336996336996337,1.0416666666666665,0.0,8.0,80000.0,0.0,0.0,5.0,1
91.0,4156,1.336996336996337,1.0416666666666665,0.0,25.0,400000.0,0.0,0.0,1.0,2,6,0.022727272727272728,-4.9,1.336996336996337,1.0416666666666665,0.0,25.0,400000.0,0.0,0.0,1.0,1
91.0,4876,1.336996336996337,1.0416666666666665,0.0,25.0,400000.0,0.0,0.0,5.0,2,6,0.022727272727272728,-4.9,1.336996336996337,1.0416666666666665,0.0,25.0,400000.0,0.0,0.0,5.0,1
91.0,6127,1.336996336996337,1.0416666666666665,0.0,12.0,120000.0,20000.0,7.0,3.0,2,6,0.022727272727272728,-4.9,1.336996336996337,1.0416666666666665,0.0,12.0,120000.0,20000.0,7.0,3.0,1
91.0,9287,1.336996336996337,1.0416666666666665,0.0,12.0,120000.0,0.0,0.0,6.0,1,8,0.022727272727272728,-4.9,1.336996336996337,1.0416666666666665,0.0,12.0,120000.0,0.0,0.0,6.0,1
91.0,10636,1.336996336996337,1.0416666666666665,0.0,12.0,120000.0,0.0,0.0,4.0,1,8,0.022727272727272728,-4.9,1.336996336996337,1.0416666666666665,0.0,12.0,120000.0,0.0,0.0,4.0,1
91.0,12432,1.336996336996337,1.0416666666666665,0.0,12.0,120000.0,0.0,0.0,4.0,3,3,0.022727272727272728,-4.9,1.336996336996337,1.0416666666666665,0.0,12.0,120000.0,0.0,0.0,4.0,1
85.0,5244,1.1372549019607843,1.053921568627451,12.5,12.0,120000.0,20000.0,4.0,5.0,0,0,0.022727272727272728,0.929582916666667,1.3368492835751438,1.0415520959361138,0.0,12.0,120000.0,20000.0,3.0,5.0,0
85.0,5692,1.1372549019607843,1.053921568627451,12.5,12.0,120000.0,20000.0,3.0,2.0,0,0,0.022727272727272728,0.929582916666667,1.3368492835751438,1.0415520959361138,0.0,12.0,120000.0,20000.0,2.0,2.0,0
89.0,10635,1.1610486891385767,1.0299625468164795,0.0,12.0,120000.0,0.0,0.0,4.0,3,1,0.022727272727272728,0.9550000000000001,1.3768115942028984,1.0303442028985508,0.0,12.0,120000.0,0.0,0.0,4.0,0
82.0,8839,1.1788617886178863,1.0416666666666667,0.0,12.0,120000.0,0.0,0.0,3.0,1,1,0.022727272727272728,0.7233333333333333,1.3768115942028984,1.0303442028985508,0.0,12.0,120000.0,0.0,0.0,3.0,0
92.0,906,1.3768115942028984,1.0303442028985508,12.5,8.0,80000.0,20000.0,7.0,1.0,2,10,0.022727272727272728,-4.859999999999999,1.3768115942028984,1.0303442028985508,12.5,8.0,80000.0,20000.0,7.0,1.0,1
92.0,2701,1.3768115942028984,1.0303442028985508,0.0,25.0,400000.0,20000.0,2.0,4.0,2,10,0.022727272727272728,-4.859999999999999,1.3768115942028984,1.0303442028985508,0.0,25.0,400000.0,20000.0,2.0,4.0,1
92.0,3433,1.3768115942028984,1.0303442028985508,12.5,25.0,400000.0,20000.0,5.0,2.0,2,4,0.022727272727272728,-4.859999999999999,1.3768115942028984,1.0303442028985508,12.5,25.0,400000.0,20000.0,5.0,2.0,1
92.0,4509,1.3768115942028984,1.0303442028985508,12.5,25.0,400000.0,20000.0,3.0,3.0,2,4,0.022727272727272728,-4.859999999999999,1.3768115942028984,1.0303442028985508,12.5,25.0,400000.0,20000.0,3.0,3.0,1
92.0,6579,1.3768115942028984,1.0303442028985508,0.0,12.0,120000.0,20000.0,3.0,5.0,1,6,0.022727272727272728,-4.859999999999999,1.3768115942028984,1.0303442028985508,0.0,12.0,120000.0,20000.0,3.0,5.0,1
92.0,8844,1.3768115942028984,1.0303442028985508,0.0,12.0,120000.0,0.0,0.0,3.0,1,6,0.022727272727272728,-4.859999999999999,1.3768115942028984,1.0303442028985508,0.0,12.0,120000.0,0.0,0.0,3.0,1
92.0,9737,1.3768115942028984,1.0303442028985508,0.0,12.0,120000.0,0.0,0.0,3.0,1,6,0.022727272727272728,-4.859999999999999,1.3768115942028984,1.0303442028985508,0.0,12.0,120000.0,0.0,0.0,3.0,1
92.0,10177,1.3768115942028984,1.0303442028985508,0.0,12.0,120000.0,0.0,0.0,2.0,1,6,0.022727272727272728,-4.859999999999999,1.3768115942028984,1.0303442028985508,0.0,12.0,120000.0,0.0,0.0,2.0,1
86.0,903,1.124031007751938,1.0416666666666665,12.5,8.0,80000.0,20000.0,7.0,1.0,3,2,0.022727272727272728,0.6625,1.4157706093189963,1.0192652329749103,12.5,8.0,80000.0,20000.0,7.0,1.0,0
89.0,11537,1.1610486891385767,1.0299625468164795,0.0,12.0,120000.0,0.0,0.0,2.0,3,1,0.022727272727272728,0.9333333333333333,1.4157706093189963,1.0192652329749103,0.0,12.0,120000.0,0.0,0.0,2.0,0
93.0,8,1.4157706093189963,1.0192652329749103,0.0,8.0,80000.0,20000.0,2.0,2.0,1,8,0.022727272727272728,-4.88,1.4157706093189963,1.0192652329749103,0.0,8.0,80000.0,20000.0,2.0,2.0,1
93.0,452,1.4157706093189963,1.0192652329749103,0.0,8.0,80000.0,20000.0,4.0,4.0,1,8,0.022727272727272728,-4.88,1.4157706093189963,1.0192652329749103,0.0,8.0,80000.0,20000.0,4.0,4.0,1
93.0,1815,1.4157706093189963,1.0192652329749103,0.0,8.0,80000.0,0.0,0.0,4.0,1,10,0.022727272727272728,-4.88,1.4157706093189963,1.0192652329749103,0.0,8.0,80000.0,0.0,0.0,4.0,1
93.0,2272,1.4157706093189963,1.0192652329749103,0.0,8.0,80000.0,0.0,0.0,5.0,1,10,0.022727272727272728,-4.88,1.4157706093189963,1.0192652329749103,0.0,8.0,80000.0,0.0,0.0,5.0,1
93.0,3796,1.4157706093189963,1.0192652329749103,75.0,25.0,400000.0,20000.0,10.0,0.0,2,10,0.022727272727272728,-4.88,1.4157706093189963,1.0192652329749103,75.0,25.0,400000.0,20000.0,10.0,0.0,1
93.0,6128,1.4157706093189963,1.0192652329749103,0.0,12.0,120000.0,20000.0,7.0,3.0,2,10,0.022727272727272728,-4.88,1.4157706093189963,1.0192652329749103,0.0,12.0,120000.0,20000.0,7.0,3.0,1
93.0,9288,1.4157706093189963,1.0192652329749103,0.0,12.0,120000.0,0.0,0.0,6.0,1,5,0.022727272727272728,-4.88,1.4157706093189963,1.0192652329749103,0.0,12.0,120000.0,0.0,0.0,6.0,1
93.0,10637,1.4157706093189963,1.0192652329749103,0.0,12.0,120000.0,0.0,0.0,4.0,2,5,0.022727272727272728,-4.88,1.4157706093189963,1.0192652329749103,0.0,12.0,120000.0,0.0,0.0,4.0,1
93.0,11539,1.4157706093189963,1.0192652329749103,0.0,12.0,120000.0,0.0,0.0,2.0,1,8,0.022727272727272728,-4.88,1.4157706093189963,1.0192652329749103,0.0,12.0,120000.0,0.0,0.0,2.0,1
93.0,12433,1.4157706093189963,1.0192652329749103,0.0,12.0,120000.0,0.0,0.0,4.0,1,8,0.022727272727272728,-4.88,1.4157706093189963,1.0192652329749103,0.0,12.0,120000.0,0.0,0.0,4.0,1
89.0,9286,1.1610486891385767,1.0299625468164795,0.0,12.0,120000.0,0.0,0.0,6.0,3,1,0.022727272727272728,0.8316666666666667,1.4539007092198581,1.0084219858156027,0.0,12.0,120000.0,0.0,0.0,6.0,0
92.0,11994,1.3768115942028984,1.0303442028985508,0.0,12.0,120000.0,0.0,0.0,1.0,3,1,0.022727272727272728,0.9566666666666667,1.4539007092198581,1.0084219858156027,0.0,12.0,120000.0,0.0,0.0,1.0,0
90.0,905,1.2037037037037037,1.0185185185185186,0.0,8.0,80000.0,20000.0,6.0,1.0,1,9,0.022727272727272728,0.85,1.4539007092198581,1.0084219858156027,0.0,8.0,80000.0,20000.0,6.0,1.0,0
94.0,4157,1.4539007092198581,1.0084219858156027,0.0,25.0,400000.0,0.0,0.0,1.0,3,3,0.022727272727272728,-4.9,1.4539007092198581,1.0084219858156027,0.0,25.0,400000.0,0.0,0.0,1.0,1
94.0,4877,1.4539007092198581,1.0084219858156027,0.0,25.0,400000.0,0.0,0.0,5.0,1,5,0.022727272727272728,-4.84,1.4539007092198581,1.0084219858156027,0.0,25.0,400000.0,0.0,0.0,5.0,1
94.0,6580,1.4539007092198581,1.0084219858156027,0.0,12.0,120000.0,20000.0,3.0,5.0,1,5,0.022727272727272728,-4.84,1.4539007092198581,1.0084219858156027,0.0,12.0,120000.0,20000.0,3.0,5.0,1
94.0,9738,1.4539007092198581,1.0084219858156027,0.0,12.0,120000.0,0.0,0.0,3.0,3,10,0.022727272727272728,-4.9,1.4539007092198581,1.0084219858156027,0.0,12.0,120000.0,0.0,0.0,3.0,1
94.0,10178,1.4539007092198581,1.0084219858156027,0.0,12.0,120000.0,0.0,0.0,2.0,3,10,0.022727272727272728,-4.9,1.4539007092198581,1.0084219858156027,0.0,12.0,120000.0,0.0,0.0,2.0,1
94.0,11072,1.4539007092198581,1.0084219858156027,0.0,12.0,120000.0,0.0,0.0,4.0,3,10,0.022727272727272728,-4.9,1.4539007092198581,1.0084219858156027,0.0,12.0,120000.0,0.0,0.0,4.0,1
91.0,11538,1.336996336996337,1.0416666666666665,0.0,12.0,120000.0,0.0,0.0,2.0,3,3,0.022727272727272728,-5.065000416666667,1.4918560630592466,0.9982272186646428,0.0,12.0,120000.0,0.0,0.0,2.0,1
88.0,10175,1.1363636363636365,1.0416666666666667,0.0,12.0,120000.0,0.0,0.0,2.0,2,3,0.022727272727272728,0.7883333333333333,1.4912280701754386,0.9978070175438595,0.0,12.0,120000.0,0.0,0.0,2.0,0
95.0,9,1.4912280701754386,0.9978070175438595,0.0,8.0,80000.0,20000.0,2.0,2.0,3,10,0.022727272727272728,-4.92,1.4912280701754386,0.9978070175438595,0.0,8.0,80000.0,20000.0,2.0,2.0,1
95.0,453,1.4912280701754386,0.9978070175438595,0.0,8.0,80000.0,20000.0,4.0,4.0,3,7,0.022727272727272728,-4.92,1.4912280701754386,0.9978070175438595,0.0,8.0,80000.0,20000.0,4.0,4.0,1
95.0,1816,1.4912280701754386,0.9978070175438595,0.0,8.0,80000.0,0.0,0.0,4.0,3,7,0.022727272727272728,-4.92,1.4912280701754386,0.9978070175438595,0.0,8.0,80000.0,0.0,0.0,4.0,1
95.0,2273,1.4912280701754386,0.9978070175438595,0.0,8.0,80000.0,0.0,0.0,5.0,3,10,0.022727272727272728,-4.92,1.4912280701754386,0.9978070175438595,0.0,8.0,80000.0,0.0,0.0,5.0,1
95.0,2702,1.4912280701754386,0.9978070175438595,0.0,25.0,400000.0,20000.0,3.0,4.0,3,10,0.022727272727272728,-4.92,1.4912280701754386,0.9978070175438595,0.0,25.0,400000.0,20000.0,3.0,4.0,1
95.0,3434,1.4912280701754386,0.9978070175438595,12.5,25.0,400000.0,20000.0,5.0,2.0,2,8,0.022727272727272728,-4.92,1.4912280701754386,0.9978070175438595,12.5,25.0,400000.0,20000.0,5.0,2.0,1
95.0,4510,1.4912280701754386,0.9978070175438595,12.5,25.0,400000.0,20000.0,3.0,3.0,2,8,0.022727272727272728,-4.92,1.4912280701754386,0.9978070175438595,12.5,25.0,400000.0,20000.0,3.0,3.0,1
95.0,6129,1.4912280701754386,0.9978070175438595,0.0,12.0,120000.0,20000.0,7.0,3.0,2,8,0.022727272727272728,-4.92,1.4912280701754386,0.9978070175438595,0.0,12.0,120000.0,20000.0,7.0,3.0,1
95.0,8371,1.4912280701754386,0.9978070175438595,12.5,12.0,120000.0,20000.0,9.0,1.0,2,8,0.022727272727272728,-4.92,1.4912280701754386,0.9978070175438595,12.5,12.0,120000.0,20000.0,9.0,1.0,1
95.0,9289,1.4912280701754386,0.9978070175438595,0.0,12.0,120000.0,0.0,0.0,6.0,2,8,0.022727272727272728,-4.92,1.4912280701754386,0.9978070175438595,0.0,12.0,120000.0,0.0,0.0,6.0,1
95.0,10638,1.4912280701754386,0.9978070175438595,0.0,12.0,120000.0,0.0,0.0,4.0,2,8,0.022727272727272728,-4.92,1.4912280701754386,0.9978070175438595,0.0,12.0,120000.0,0.0,0.0,4.0,1
89.0,7493,1.1610486891385767,1.0299625468164795,0.0,12.0,120000.0,20000.0,2.0,5.0,1,10,0.022727272727272728,0.869332916666667,1.4910709583828765,0.9977018912708954,12.5,12.0,120000.0,20000.0,3.0,5.0,0
96.0,10179,1.6493055555555556,1.019965277777778,0.0,12.0,120000.0,0.0,0.0,2.0,2,10,0.022727272727272728,-4.9,1.6493055555555556,1.019965277777778,0.0,12.0,120000.0,0.0,0.0,2.0,1
96.0,11073,1.6493055555555556,1.019965277777778,0.0,12.0,120000.0,0.0,0.0,4.0,2,10,0.022727272727272728,-4.9,1.6493055555555556,1.019965277777778,0.0,12.0,120000.0,0.0,0.0,4.0,1
92.0,11071,1.3768115942028984,1.0303442028985508,0.0,12.0,120000.0,0.0,0.0,4.0,3,1,0.022727272727272728,0.8516666666666666,1.6838487972508591,1.0416666666666667,0.0,12.0,120000.0,0.0,0.0,4.0,0
77.0,3428,1.2121212121212122,0.9334415584415585,0.0,25.0,400000.0,20000.0,4.0,2.0,0,0,0.022727272727272728,0.6799999999999999,1.6838487972508591,1.0416666666666667,0.0,25.0,400000.0,20000.0,5.0,2.0,0
97.0,1817,1.6838487972508591,1.0416666666666667,0.0,8.0,80000.0,0.0,0.0,4.0,2,10,0.022727272727272728,-4.92,1.6838487972508591,1.0416666666666667,0.0,8.0,80000.0,0.0,0.0,4.0,1
97.0,2274,1.6838487972508591,1.0416666666666667,0.0,8.0,80000.0,0.0,0.0,5.0,2,10,0.022727272727272728,-4.92,1.6838487972508591,1.0416666666666667,0.0,8.0,80000.0,0.0,0.0,5.0,1
97.0,3060,1.6838487972508591,1.0416666666666667,0.0,25.0,400000.0,0.0,0.0,5.0,2,10,0.022727272727272728,-4.92,1.6838487972508591,1.0416666666666667,0.0,25.0,400000.0,0.0,0.0,5.0,1
97.0,4158,1.6838487972508591,1.0416666666666667,0.0,25.0,400000.0,0.0,0.0,1.0,2,10,0.022727272727272728,-4.92,1.6838487972508591,1.0416666666666667,0.0,25.0,400000.0,0.0,0.0,1.0,1
97.0,8372,1.6838487972508591,1.0416666666666667,12.5,12.0,120000.0,20000.0,9.0,1.0,1,10,0.022727272727272728,-4.840249999999999,1.6838487972508591,1.0416666666666667,12.5,12.0,120000.0,20000.0,9.0,1.0,1
97.0,9290,1.6838487972508591,1.0416666666666667,0.0,12.0,120000.0,0.0,0.0,6.0,1,10,0.022727272727272728,-4.84,1.6838487972508591,1.0416666666666667,0.0,12.0,120000.0,0.0,0.0,6.0,1
97.0,10639,1.6838487972508591,1.0416666666666667,0.0,12.0,120000.0,0.0,0.0,4.0,1,10,0.022727272727272728,-4.84,1.6838487972508591,1.0416666666666667,0.0,12.0,120000.0,0.0,0.0,4.0,1
97.0,11541,1.6838487972508591,1.0416666666666667,0.0,12.0,120000.0,0.0,0.0,2.0,1,10,0.022727272727272728,-4.84,1.6838487972508591,1.0416666666666667,0.0,12.0,120000.0,0.0,0.0,2.0,1
97.0,12435,1.6838487972508591,1.0416666666666667,0.0,12.0,120000.0,0.0,0.0,4.0,2,5,0.022727272727272728,-4.84,1.6838487972508591,1.0416666666666667,0.0,12.0,120000.0,0.0,0.0,4.0,1
91.0,7494,1.336996336996337,1.0416666666666665,12.5,12.0,120000.0,20000.0,3.0,5.0,0,0,0.022727272727272728,0.909582916666667,1.6836750489287997,1.041559182054168,0.0,12.0,120000.0,20000.0,2.0,5.0,0
77.0,4504,1.2121212121212122,0.9334415584415585,12.5,25.0,400000.0,20000.0,3.0,3.0,0,0,0.022727272727272728,0.7597998000000001,1.6836750489287997,1.041559182054168,0.0,25.0,400000.0,20000.0,2.0,3.0,0
66.0,3787,0.7575757575757576,0.6786616161616161,25.0,25.0,400000.0,20000.0,5.0,1.0,3,1,0.022727272727272728,-3.496533533333333,1.6696195649155414,1.0328641441122928,87.5,25.0,400000.0,20000.0,11.0,0.0,1
98.0,4511,1.6666666666666667,1.0310374149659862,0.0,25.0,400000.0,20000.0,2.0,3.0,3,4,0.022727272727272728,-4.96,1.6666666666666667,1.0310374149659862,0.0,25.0,400000.0,20000.0,2.0,3.0,1
98.0,6582,1.6666666666666667,1.0310374149659862,12.5,12.0,120000.0,20000.0,4.0,5.0,3,4,0.022727272727272728,-4.96,1.6666666666666667,1.0310374149659862,12.5,12.0,120000.0,20000.0,4.0,5.0,1
98.0,9740,1.6666666666666667,1.0310374149659862,0.0,12.0,120000.0,0.0,0.0,3.0,1,5,0.022727272727272728,-4.84,1.6666666666666667,1.0310374149659862,0.0,12.0,120000.0,0.0,0.0,3.0,1
98.0,10180,1.6666666666666667,1.0310374149659862,0.0,12.0,120000.0,0.0,0.0,2.0,1,5,0.022727272727272728,-4.840249999999999,1.6666666666666667,1.0310374149659862,0.0,12.0,120000.0,0.0,0.0,2.0,1
98.0,11074,1.6666666666666667,1.0310374149659862,0.0,12.0,120000.0,0.0,0.0,4.0,2,6,0.022727272727272728,-4.84,1.6666666666666667,1.0310374149659862,0.0,12.0,120000.0,0.0,0.0,4.0,1
78.0,3791,1.1965811965811968,0.9214743589743588,25.0,25.0,400000.0,20000.0,6.0,0.0,0,0,0.022727272727272728,0.7782998000000002,1.666496445958258,1.0309321126144837,75.0,25.0,400000.0,20000.0,10.0,0.0,0
94.0,907,1.4539007092198581,1.0084219858156027,0.0,8.0,80000.0,20000.0,6.0,1.0,3,3,0.022727272727272728,-5.253333958333333,1.739394581931108,1.0237941410638198,12.5,8.0,80000.0,20000.0,9.0,1.0,1
97.0,6130,1.6838487972508591,1.0416666666666667,0.0,12.0,120000.0,20000.0,7.0,3.0,3,2,0.022727272727272728,-5.041667083333333,1.7347074506830251,1.0210353320161012,0.0,12.0,120000.0,20000.0,8.0,3.0,1
93.0,8370,1.4157706093189963,1.0192652329749103,0.0,12.0,120000.0,20000.0,8.0,1.0,1,5,0.022727272727272728,0.81,1.734006734006734,1.0732323232323233,0.0,12.0,120000.0,20000.0,8.0,1.0,0
99.0,455,1.734006734006734,1.0732323232323233,12.5,8.0,80000.0,20000.0,5.0,4.0,1,10,0.022727272727272728,-4.9,1.734006734006734,1.0732323232323233,12.5,8.0,80000.0,20000.0,5.0,4.0,1
99.0,1818,1.734006734006734,1.0732323232323233,0.0,8.0,80000.0,0.0,0.0,4.0,1,10,0.022727272727272728,-4.9,1.734006734006734,1.0732323232323233,0.0,8.0,80000.0,0.0,0.0,4.0,1
99.0,3798,1.734006734006734,1.0732323232323233,75.0,25.0,400000.0,20000.0,10.0,0.0,2,10,0.022727272727272728,-4.9,1.734006734006734,1.0732323232323233,75.0,25.0,400000.0,20000.0,10.0,0.0,1
99.0,6131,1.734006734006734,1.0732323232323233,0.0,12.0,120000.0,20000.0,8.0,3.0,2,10,0.022727272727272728,-4.9,1.734006734006734,1.0732323232323233,0.0,12.0,120000.0,20000.0,8.0,3.0,1
99.0,9291,1.734006734006734,1.0732323232323233,0.0,12.0,120000.0,0.0,0.0,6.0,2,3,0.022727272727272728,-4.84,1.734006734006734,1.0732323232323233,0.0,12.0,120000.0,0.0,0.0,6.0,1
99.0,10640,1.734006734006734,1.0732323232323233,0.0,12.0,120000.0,0.0,0.0,4.0,2,3,0.022727272727272728,-4.84,1.734006734006734,1.0732323232323233,0.0,12.0,120000.0,0.0,0.0,4.0,1
99.0,11542,1.734006734006734,1.0732323232323233,0.0,12.0,120000.0,0.0,0.0,2.0,2,3,0.022727272727272728,-4.84,1.734006734006734,1.0732323232323233,0.0,12.0,120000.0,0.0,0.0,2.0,1
99.0,12436,1.734006734006734,1.0732323232323233,0.0,12.0,120000.0,0.0,0.0,4.0,1,3,0.022727272727272728,-4.84,1.734006734006734,1.0732323232323233,0.0,12.0,120000.0,0.0,0.0,4.0,1
95.0,11540,1.4912280701754386,0.9978070175438595,0.0,12.0,120000.0,0.0,0.0,2.0,2,1,0.022727272727272728,0.8916666666666666,1.7166666666666668,1.09375,0.0,12.0,120000.0,0.0,0.0,2.0,0
96.0,908,1.6493055555555556,1.019965277777778,0.0,8.0,80000.0,20000.0,6.0,1.0,0,0,0.022727272727272728,0.85,1.7166666666666668,1.09375,0.0,8.0,80000.0,20000.0,9.0,1.0,0
100.0,3061,1.7166666666666668,1.09375,0.0,25.0,400000.0,0.0,0.0,5.0,3,8,0.022727272727272728,-4.92,1.7166666666666668,1.09375,0.0,25.0,400000.0,0.0,0.0,5.0,1
100.0,4159,1.7166666666666668,1.09375,0.0,25.0,400000.0,0.0,0.0,1.0,3,8,0.022727272727272728,-4.92,1.7166666666666668,1.09375,0.0,25.0,400000.0,0.0,0.0,1.0,1
100.0,4879,1.7166666666666668,1.09375,0.0,25.0,400000.0,0.0,0.0,5.0,2,9,0.022727272727272728,-4.9,1.7166666666666668,1.09375,0.0,25.0,400000.0,0.0,0.0,5.0,1
100.0,6583,1.7166666666666668,1.09375,12.5,12.0,120000.0,20000.0,4.0,5.0,2,9,0.022727272727272728,-4.9,1.7166666666666668,1.09375,12.5,12.0,120000.0,20000.0,4.0,5.0,1
100.0,7495,1.7166666666666668,1.09375,0.0,12.0,120000.0,20000.0,2.0,5.0,2,9,0.022727272727272728,-4.9,1.7166666666666668,1.09375,0.0,12.0,120000.0,20000.0,2.0,5.0,1
100.0,9741,1.7166666666666668,1.09375,0.0,12.0,120000.0,0.0,0.0,3.0,2,9,0.022727272727272728,-4.9,1.7166666666666668,1.09375,0.0,12.0,120000.0,0.0,0.0,3.0,1
100.0,11075,1.7166666666666668,1.09375,0.0,12.0,120000.0,0.0,0.0,4.0,3,4,0.022727272727272728,-4.84,1.7166666666666668,1.09375,0.0,12.0,120000.0,0.0,0.0,4.0,1
98.0,909,1.6666666666666667,1.0310374149659862,12.5,8.0,80000.0,20000.0,8.0,1.0,2,5,0.022727272727272728,-4.9464589583333325,1.7107927737309132,1.0900075318067106,12.5,8.0,80000.0,20000.0,9.0,1.0,1
95.0,12434,1.4912280701754386,0.9978070175438595,0.0,12.0,120000.0,0.0,0.0,4.0,2,1,0.022727272727272728,0.91,1.6996699669966995,1.0829207920792079,0.0,12.0,120000.0,0.0,0.0,4.0,0
79.0,4152,1.1814345991561181,0.9098101265822784,0.0,25.0,400000.0,0.0,0.0,1.0,1,1,0.022727272727272728,0.7187500000000001,1.6996699669966995,1.0829207920792079,0.0,25.0,400000.0,0.0,0.0,1.0,0
97.0,454,1.6838487972508591,1.0416666666666667,0.0,8.0,80000.0,20000.0,4.0,4.0,0,0,0.022727272727272728,0.91,1.6996699669966995,1.0829207920792079,0.0,8.0,80000.0,20000.0,5.0,4.0,0
97.0,10,1.6838487972508591,1.0416666666666667,0.0,8.0,80000.0,20000.0,2.0,2.0,0,0,0.022727272727272728,0.91,1.6996699669966995,1.0829207920792079,0.0,8.0,80000.0,20000.0,3.0,2.0,0
101.0,1819,1.6996699669966995,1.0829207920792079,0.0,8.0,80000.0,0.0,0.0,4.0,2,4,0.022727272727272728,-4.84,1.6996699669966995,1.0829207920792079,0.0,8.0,80000.0,0.0,0.0,4.0,1
101.0,2704,1.6996699669966995,1.0829207920792079,12.5,25.0,400000.0,20000.0,4.0,4.0,2,10,0.022727272727272728,-4.84,1.6996699669966995,1.0829207920792079,12.5,25.0,400000.0,20000.0,4.0,4.0,1
101.0,3436,1.6996699669966995,1.0829207920792079,12.5,25.0,400000.0,20000.0,6.0,2.0,3,6,0.022727272727272728,-4.84,1.6996699669966995,1.0829207920792079,12.5,25.0,400000.0,20000.0,6.0,2.0,1
101.0,3440,1.6996699669966995,1.0829207920792079,12.5,25.0,400000.0,20000.0,6.0,2.0,3,6,0.022727272727272728,-4.84,1.6996699669966995,1.0829207920792079,12.5,25.0,400000.0,20000.0,6.0,2.0,1
101.0,6132,1.6996699669966995,1.0829207920792079,0.0,12.0,120000.0,20000.0,8.0,3.0,1,9,0.022727272727272728,-4.84,1.6996699669966995,1.0829207920792079,0.0,12.0,120000.0,20000.0,8.0,3.0,1
101.0,9292,1.6996699669966995,1.0829207920792079,0.0,12.0,120000.0,0.0,0.0,6.0,2,6,0.022727272727272728,-4.84,1.6996699669966995,1.0829207920792079,0.0,12.0,120000.0,0.0,0.0,6.0,1
101.0,10641,1.6996699669966995,1.0829207920792079,0.0,12.0,120000.0,0.0,0.0,4.0,1,10,0.022727272727272728,-4.84,1.6996699669966995,1.0829207920792079,0.0,12.0,120000.0,0.0,0.0,4.0,1
101.0,11543,1.6996699669966995,1.0829207920792079,0.0,12.0,120000.0,0.0,0.0,2.0,1,10,0.022727272727272728,-4.84,1.6996699669966995,1.0829207920792079,0.0,12.0,120000.0,0.0,0.0,2.0,1
101.0,12437,1.6996699669966995,1.0829207920792079,0.0,12.0,120000.0,0.0,0.0,4.0,1,7,0.022727272727272728,-4.84,1.6996699669966995,1.0829207920792079,0.0,12.0,120000.0,0.0,0.0,4.0,1
96.0,9739,1.6493055555555556,1.019965277777778,0.0,12.0,120000.0,0.0,0.0,3.0,2,1,0.022727272727272728,0.87,1.6830065359477124,1.0723039215686274,0.0,12.0,120000.0,0.0,0.0,3.0,0
96.0,6581,1.6493055555555556,1.019965277777778,0.0,12.0,120000.0,20000.0,3.0,5.0,0,0,0.022727272727272728,0.87,1.6830065359477124,1.0723039215686274,0.0,12.0,120000.0,20000.0,3.0,5.0,0
102.0,2275,1.6830065359477124,1.0723039215686274,0.0,8.0,80000.0,0.0,0.0,5.0,1,7,0.022727272727272728,-4.88,1.6830065359477124,1.0723039215686274,0.0,8.0,80000.0,0.0,0.0,5.0,1
102.0,6584,1.6830065359477124,1.0723039215686274,0.0,12.0,120000.0,20000.0,3.0,5.0,2,9,0.022727272727272728,-4.88,1.6830065359477124,1.0723039215686274,0.0,12.0,120000.0,20000.0,3.0,5.0,1
102.0,7496,1.6830065359477124,1.0723039215686274,0.0,12.0,120000.0,20000.0,2.0,5.0,2,9,0.022727272727272728,-4.88,1.6830065359477124,1.0723039215686274,0.0,12.0,120000.0,20000.0,2.0,5.0,1
102.0,10182,1.6830065359477124,1.0723039215686274,0.0,12.0,120000.0,0.0,0.0,2.0,2,4,0.022727272727272728,-4.8,1.6830065359477124,1.0723039215686274,0.0,12.0,120000.0,0.0,0.0,2.0,1
102.0,11076,1.6830065359477124,1.0723039215686274,0.0,12.0,120000.0,0.0,0.0,4.0,1,2,0.022727272727272728,-4.8,1.6830065359477124,1.0723039215686274,0.0,12.0,120000.0,0.0,0.0,4.0,1
99.0,8373,1.734006734006734,1.0732323232323233,0.0,12.0,120000.0,20000.0,8.0,1.0,2,3,0.022727272727272728,-4.925417083333333,1.6828413865136047,1.072198698931605,12.5,12.0,120000.0,20000.0,9.0,1.0,1
99.0,11,1.734006734006734,1.0732323232323233,12.5,8.0,80000.0,20000.0,3.0,2.0,3,2,0.022727272727272728,-5.110833958333333,1.7041026644927293,1.0650641653079558,12.5,8.0,80000.0,20000.0,3.0,2.0,1
103.0,3062,1.6990291262135921,1.0618932038834952,0.0,25.0,400000.0,0.0,0.0,5.0,2,6,0.022727272727272728,-4.8,1.6990291262135921,1.0618932038834952,0.0,25.0,400000.0,0.0,0.0,5.0,1
103.0,6133,1.6990291262135921,1.0618932038834952,0.0,12.0,120000.0,20000.0,8.0,3.0,2,6,0.022727272727272728,-4.8,1.6990291262135921,1.0618932038834952,0.0,12.0,120000.0,20000.0,8.0,3.0,1
103.0,8375,1.6990291262135921,1.0618932038834952,12.5,12.0,120000.0,20000.0,9.0,1.0,2,3,0.022727272727272728,-4.8,1.6990291262135921,1.0618932038834952,12.5,12.0,120000.0,20000.0,9.0,1.0,1
103.0,9293,1.6990291262135921,1.0618932038834952,0.0,12.0,120000.0,0.0,0.0,6.0,2,3,0.022727272727272728,-4.8,1.6990291262135921,1.0618932038834952,0.0,12.0,120000.0,0.0,0.0,6.0,1
103.0,10642,1.6990291262135921,1.0618932038834952,0.0,12.0,120000.0,0.0,0.0,4.0,1,1,0.022727272727272728,-4.8,1.6990291262135921,1.0618932038834952,0.0,12.0,120000.0,0.0,0.0,4.0,1
103.0,11544,1.6990291262135921,1.0618932038834952,0.0,12.0,120000.0,0.0,0.0,2.0,1,1,0.022727272727272728,-4.8,1.6990291262135921,1.0618932038834952,0.0,12.0,120000.0,0.0,0.0,2.0,1
103.0,12438,1.6990291262135921,1.0618932038834952,0.0,12.0,120000.0,0.0,0.0,4.0,1,1,0.022727272727272728,-4.8,1.6990291262135921,1.0618932038834952,0.0,12.0,120000.0,0.0,0.0,4.0,1
100.0,10181,1.7166666666666668,1.09375,0.0,12.0,120000.0,0.0,0.0,2.0,3,4,0.022727272727272728,-5.1250004166666665,1.7314350008238746,1.0520872400839516,0.0,12.0,120000.0,0.0,0.0,2.0,1
104.0,912,1.7307692307692308,1.0817307692307692,25.0,8.0,80000.0,20000.0,10.0,1.0,3,6,0.022727272727272728,-4.96,1.7307692307692308,1.0817307692307692,25.0,8.0,80000.0,20000.0,10.0,1.0,1
104.0,2276,1.7307692307692308,1.0817307692307692,0.0,8.0,80000.0,0.0,0.0,5.0,3,6,0.022727272727272728,-4.96,1.7307692307692308,1.0817307692307692,0.0,8.0,80000.0,0.0,0.0,5.0,1
104.0,3437,1.7307692307692308,1.0817307692307692,12.5,25.0,400000.0,20000.0,6.0,2.0,2,4,0.022727272727272728,-4.82,1.7307692307692308,1.0817307692307692,12.5,25.0,400000.0,20000.0,7.0,2.0,1
104.0,6585,1.7307692307692308,1.0817307692307692,0.0,12.0,120000.0,20000.0,3.0,5.0,2,8,0.022727272727272728,-4.82,1.7307692307692308,1.0817307692307692,0.0,12.0,120000.0,20000.0,3.0,5.0,1
104.0,7497,1.7307692307692308,1.0817307692307692,0.0,12.0,120000.0,20000.0,2.0,5.0,2,8,0.022727272727272728,-4.82,1.7307692307692308,1.0817307692307692,0.0,12.0,120000.0,20000.0,2.0,5.0,1
104.0,9743,1.7307692307692308,1.0817307692307692,0.0,12.0,120000.0,0.0,0.0,3.0,3,8,0.022727272727272728,-4.96,1.7307692307692308,1.0817307692307692,0.0,12.0,120000.0,0.0,0.0,3.0,1
104.0,10183,1.7307692307692308,1.0817307692307692,0.0,12.0,120000.0,0.0,0.0,2.0,3,8,0.022727272727272728,-4.96,1.7307692307692308,1.0817307692307692,0.0,12.0,120000.0,0.0,0.0,2.0,1
104.0,11077,1.7307692307692308,1.0817307692307692,0.0,12.0,120000.0,0.0,0.0,4.0,1,8,0.022727272727272728,-4.82,1.7307692307692308,1.0817307692307692,0.0,12.0,120000.0,0.0,0.0,4.0,1
84.0,3793,1.150793650793651,1.0416666666666667,37.5,25.0,400000.0,20000.0,8.0,0.0,0,0,0.022727272727272728,0.7787998000000002,1.7306026602631803,1.081626662664488,50.0,25.0,400000.0,20000.0,8.0,0.0,0
100.0,910,1.7166666666666668,1.09375,0.0,8.0,80000.0,20000.0,8.0,1.0,1,3,0.022727272727272728,0.9291243750000004,1.7306026602631803,1.081626662664488,12.5,8.0,80000.0,20000.0,9.0,1.0,0
82.0,4153,1.1788617886178863,1.0416666666666667,0.0,25.0,400000.0,0.0,0.0,1.0,1,3,0.022727272727272728,-5.261200199999999,1.7306026602631803,1.081626662664488,0.0,25.0,400000.0,0.0,0.0,1.0,1
105.0,14,1.7142857142857144,1.1706349206349207,12.5,8.0,80000.0,20000.0,3.0,2.0,1,8,0.022727272727272728,-4.9399999999999995,1.7142857142857144,1.1706349206349207,12.5,8.0,80000.0,20000.0,3.0,2.0,1
105.0,458,1.7142857142857144,1.1706349206349207,12.5,8.0,80000.0,20000.0,5.0,4.0,1,8,0.022727272727272728,-4.9399999999999995,1.7142857142857144,1.1706349206349207,12.5,8.0,80000.0,20000.0,5.0,4.0,1
105.0,1821,1.7142857142857144,1.1706349206349207,0.0,8.0,80000.0,0.0,0.0,4.0,1,8,0.022727272727272728,-4.9399999999999995,1.7142857142857144,1.1706349206349207,0.0,8.0,80000.0,0.0,0.0,4.0,1
105.0,10643,1.7142857142857144,1.1706349206349207,0.0,12.0,120000.0,0.0,0.0,4.0,2,5,0.022727272727272728,-4.84,1.7142857142857144,1.1706349206349207,0.0,12.0,120000.0,0.0,0.0,4.0,1
105.0,12439,1.7142857142857144,1.1706349206349207,0.0,12.0,120000.0,0.0,0.0,4.0,2,5,0.022727272727272728,-4.84,1.7142857142857144,1.1706349206349207,0.0,12.0,120000.0,0.0,0.0,4.0,1
101.0,456,1.6996699669966995,1.0829207920792079,0.0,8.0,80000.0,20000.0,4.0,4.0,0,0,0.022727272727272728,0.9093743750000004,1.7141223012929911,1.1705233307440563,0.0,8.0,80000.0,20000.0,4.0,4.0,0
101.0,12,1.6996699669966995,1.0829207920792079,0.0,8.0,80000.0,20000.0,2.0,2.0,0,0,0.022727272727272728,0.9093743750000004,1.7141223012929911,1.1705233307440563,0.0,8.0,80000.0,20000.0,2.0,2.0,0
106.0,913,1.6981132075471699,1.1595911949685533,12.5,8.0,80000.0,20000.0,9.0,1.0,2,5,0.022727272727272728,-4.859999999999999,1.6981132075471699,1.1595911949685533,12.5,8.0,80000.0,20000.0,9.0,1.0,1
106.0,2277,1.6981132075471699,1.1595911949685533,0.0,8.0,80000.0,0.0,0.0,5.0,2,5,0.022727272727272728,-4.859999999999999,1.6981132075471699,1.1595911949685533,0.0,8.0,80000.0,0.0,0.0,5.0,1
106.0,3063,1.6981132075471699,1.1595911949685533,0.0,25.0,400000.0,0.0,0.0,5.0,2,5,0.022727272727272728,-4.859999999999999,1.6981132075471699,1.1595911949685533,0.0,25.0,400000.0,0.0,0.0,5.0,1
106.0,6586,1.6981132075471699,1.1595911949685533,0.0,12.0,120000.0,20000.0,3.0,5.0,2,5,0.022727272727272728,-4.859999999999999,1.6981132075471699,1.1595911949685533,0.0,12.0,120000.0,20000.0,3.0,5.0,1
106.0,7498,1.6981132075471699,1.1595911949685533,0.0,12.0,120000.0,20000.0,2.0,5.0,2,9,0.022727272727272728,-4.859999999999999,1.6981132075471699,1.1595911949685533,0.0,12.0,120000.0,20000.0,2.0,5.0,1
106.0,9744,1.6981132075471699,1.1595911949685533,0.0,12.0,120000.0,0.0,0.0,3.0,2,9,0.022727272727272728,-4.859999999999999,1.6981132075471699,1.1595911949685533,0.0,12.0,120000.0,0.0,0.0,3.0,1
106.0,10184,1.6981132075471699,1.1595911949685533,0.0,12.0,120000.0,0.0,0.0,2.0,2,9,0.022727272727272728,-4.859999999999999,1.6981132075471699,1.1595911949685533,0.0,12.0,120000.0,0.0,0.0,2.0,1
106.0,11078,1.6981132075471699,1.1595911949685533,0.0,12.0,120000.0,0.0,0.0,4.0,2,9,0.022727272727272728,-4.859999999999999,1.6981132075471699,1.1595911949685533,0.0,12.0,120000.0,0.0,0.0,4.0,1
102.0,9742,1.6830065359477124,1.0723039215686274,0.0,12.0,120000.0,0.0,0.0,3.0,2,4,0.022727272727272728,-5.026666666666666,1.6981132075471699,1.1595911949685533,0.0,12.0,120000.0,0.0,0.0,3.0,1
102.0,911,1.6830065359477124,1.0723039215686274,12.5,8.0,80000.0,20000.0,9.0,1.0,1,7,0.022727272727272728,0.8893743750000004,1.6979528631305665,1.159481700517401,0.0,8.0,80000.0,20000.0,8.0,1.0,0
101.0,8374,1.6996699669966995,1.0829207920792079,0.0,12.0,120000.0,20000.0,8.0,1.0,0,0,0.022727272727272728,0.7897500000000001,1.6822429906542056,1.177959501557632,12.5,12.0,120000.0,20000.0,9.0,1.0,0
107.0,4514,1.6822429906542056,1.177959501557632,25.0,25.0,400000.0,20000.0,6.0,3.0,1,5,0.022727272727272728,-4.84,1.6822429906542056,1.177959501557632,25.0,25.0,400000.0,20000.0,6.0,3.0,1
107.0,6135,1.6822429906542056,1.177959501557632,12.5,12.0,120000.0,20000.0,10.0,3.0,1,5,0.022727272727272728,-4.84,1.6822429906542056,1.177959501557632,12.5,12.0,120000.0,20000.0,10.0,3.0,1
107.0,8377,1.6822429906542056,1.177959501557632,12.5,12.0,120000.0,20000.0,9.0,1.0,1,10,0.022727272727272728,-4.84,1.6822429906542056,1.177959501557632,12.5,12.0,120000.0,20000.0,9.0,1.0,1
107.0,10644,1.6822429906542056,1.177959501557632,0.0,12.0,120000.0,0.0,0.0,4.0,1,10,0.022727272727272728,-4.84,1.6822429906542056,1.177959501557632,0.0,12.0,120000.0,0.0,0.0,4.0,1
107.0,12440,1.6822429906542056,1.177959501557632,0.0,12.0,120000.0,0.0,0.0,4.0,1,10,0.022727272727272728,-4.84,1.6822429906542056,1.177959501557632,0.0,12.0,120000.0,0.0,0.0,4.0,1
87.0,3794,1.1494252873563218,1.0296934865900382,50.0,25.0,400000.0,20000.0,8.0,0.0,0,0,0.022727272727272728,0.7590498000000001,1.6820856291855313,1.1778493121032945,37.5,25.0,400000.0,20000.0,7.0,0.0,0
103.0,1820,1.6990291262135921,1.0618932038834952,0.0,8.0,80000.0,0.0,0.0,4.0,1,1,0.022727272727272728,0.8475,1.6666666666666667,1.1670524691358026,0.0,8.0,80000.0,0.0,0.0,4.0,0
108.0,2278,1.6666666666666667,1.1670524691358026,0.0,8.0,80000.0,0.0,0.0,5.0,1,10,0.022727272727272728,-4.84,1.6666666666666667,1.1670524691358026,0.0,8.0,80000.0,0.0,0.0,5.0,1
108.0,6587,1.6666666666666667,1.1670524691358026,0.0,12.0,120000.0,20000.0,3.0,5.0,2,10,0.022727272727272728,-4.84,1.6666666666666667,1.1670524691358026,0.0,12.0,120000.0,20000.0,3.0,5.0,1
108.0,7499,1.6666666666666667,1.1670524691358026,0.0,12.0,120000.0,20000.0,2.0,5.0,2,10,0.022727272727272728,-4.84,1.6666666666666667,1.1670524691358026,0.0,12.0,120000.0,20000.0,2.0,5.0,1
108.0,10185,1.6666666666666667,1.1670524691358026,0.0,12.0,120000.0,0.0,0.0,2.0,3,5,0.022727272727272728,-4.84,1.6666666666666667,1.1670524691358026,0.0,12.0,120000.0,0.0,0.0,2.0,1
108.0,11079,1.6666666666666667,1.1670524691358026,0.0,12.0,120000.0,0.0,0.0,4.0,3,5,0.022727272727272728,-4.84,1.6666666666666667,1.1670524691358026,0.0,12.0,120000.0,0.0,0.0,4.0,1
56.0,3421,0.2380952380952381,0.42782738095238093,12.5,25.0,400000.0,20000.0,2.0,2.0,1,1,0.022727272727272728,-3.9,1.651376146788991,1.1563455657492354,50.0,25.0,400000.0,20000.0,9.0,2.0,1
109.0,16,1.651376146788991,1.1563455657492354,12.5,8.0,80000.0,20000.0,3.0,2.0,3,10,0.022727272727272728,-4.9,1.651376146788991,1.1563455657492354,12.5,8.0,80000.0,20000.0,3.0,2.0,1
109.0,460,1.651376146788991,1.1563455657492354,12.5,8.0,80000.0,20000.0,7.0,4.0,3,10,0.022727272727272728,-4.9,1.651376146788991,1.1563455657492354,12.5,8.0,80000.0,20000.0,8.0,4.0,1
109.0,925,1.651376146788991,1.1563455657492354,12.5,8.0,80000.0,20000.0,10.0,1.0,1,6,0.022727272727272728,-4.90025,1.651376146788991,1.1563455657492354,12.5,8.0,80000.0,20000.0,10.0,1.0,1
109.0,1823,1.651376146788991,1.1563455657492354,0.0,8.0,80000.0,0.0,0.0,4.0,1,6,0.022727272727272728,-4.9,1.651376146788991,1.1563455657492354,0.0,8.0,80000.0,0.0,0.0,4.0,1
109.0,3064,1.651376146788991,1.1563455657492354,0.0,25.0,400000.0,0.0,0.0,5.0,1,7,0.022727272727272728,-4.9,1.651376146788991,1.1563455657492354,0.0,25.0,400000.0,0.0,0.0,5.0,1
109.0,6136,1.651376146788991,1.1563455657492354,12.5,12.0,120000.0,20000.0,10.0,3.0,1,7,0.022727272727272728,-4.90025,1.651376146788991,1.1563455657492354,12.5,12.0,120000.0,20000.0,10.0,3.0,1
109.0,8378,1.651376146788991,1.1563455657492354,12.5,12.0,120000.0,20000.0,10.0,1.0,2,7,0.022727272727272728,-4.9,1.651376146788991,1.1563455657492354,12.5,12.0,120000.0,20000.0,10.0,1.0,1
109.0,12441,1.651376146788991,1.1563455657492354,0.0,12.0,120000.0,0.0,0.0,4.0,2,7,0.022727272727272728,-4.9,1.651376146788991,1.1563455657492354,0.0,12.0,120000.0,0.0,0.0,4.0,1
103.0,13,1.6990291262135921,1.0618932038834952,12.5,8.0,80000.0,20000.0,3.0,2.0,1,2,0.022727272727272728,-5.175,1.651376146788991,1.1563455657492354,12.5,8.0,80000.0,20000.0,3.0,2.0,1
107.0,1822,1.6822429906542056,1.177959501557632,0.0,8.0,80000.0,0.0,0.0,4.0,3,3,0.022727272727272728,-5.0683339583333336,1.6713259689443933,1.1490366036492703,0.0,8.0,80000.0,0.0,0.0,4.0,1
105.0,9294,1.7142857142857144,1.1706349206349207,0.0,12.0,120000.0,0.0,0.0,6.0,2,5,0.022727272727272728,0.8916666666666666,1.6666666666666667,1.1458333333333335,0.0,12.0,120000.0,0.0,0.0,6.0,0
110.0,2279,1.6666666666666667,1.1458333333333335,0.0,8.0,80000.0,0.0,0.0,5.0,2,4,0.022727272727272728,-4.8,1.6666666666666667,1.1458333333333335,0.0,8.0,80000.0,0.0,0.0,5.0,1
110.0,2707,1.6666666666666667,1.1458333333333335,12.5,25.0,400000.0,20000.0,4.0,4.0,2,4,0.022727272727272728,-4.8,1.6666666666666667,1.1458333333333335,12.5,25.0,400000.0,20000.0,4.0,4.0,1
110.0,3439,1.6666666666666667,1.1458333333333335,50.0,25.0,400000.0,20000.0,9.0,2.0,1,3,0.022727272727272728,-4.8,1.6666666666666667,1.1458333333333335,50.0,25.0,400000.0,20000.0,9.0,2.0,1
110.0,3443,1.6666666666666667,1.1458333333333335,50.0,25.0,400000.0,20000.0,9.0,2.0,1,3,0.022727272727272728,-4.8,1.6666666666666667,1.1458333333333335,50.0,25.0,400000.0,20000.0,9.0,2.0,1
110.0,4515,1.6666666666666667,1.1458333333333335,25.0,25.0,400000.0,20000.0,6.0,3.0,3,3,0.022727272727272728,-4.9,1.6666666666666667,1.1458333333333335,25.0,25.0,400000.0,20000.0,6.0,3.0,1
110.0,5695,1.6666666666666667,1.1458333333333335,0.0,12.0,120000.0,20000.0,2.0,2.0,2,10,0.022727272727272728,-4.8,1.6666666666666667,1.1458333333333335,0.0,12.0,120000.0,20000.0,2.0,2.0,1
110.0,6588,1.6666666666666667,1.1458333333333335,0.0,12.0,120000.0,20000.0,3.0,5.0,2,10,0.022727272727272728,-4.8,1.6666666666666667,1.1458333333333335,0.0,12.0,120000.0,20000.0,3.0,5.0,1
110.0,7500,1.6666666666666667,1.1458333333333335,0.0,12.0,120000.0,20000.0,2.0,5.0,2,6,0.022727272727272728,-4.8,1.6666666666666667,1.1458333333333335,0.0,12.0,120000.0,20000.0,2.0,5.0,1
110.0,10186,1.6666666666666667,1.1458333333333335,0.0,12.0,120000.0,0.0,0.0,2.0,2,6,0.022727272727272728,-4.8,1.6666666666666667,1.1458333333333335,0.0,12.0,120000.0,0.0,0.0,2.0,1
110.0,11080,1.6666666666666667,1.1458333333333335,0.0,12.0,120000.0,0.0,0.0,4.0,2,6,0.022727272727272728,-4.8,1.6666666666666667,1.1458333333333335,0.0,12.0,120000.0,0.0,0.0,4.0,1
90.0,3795,1.2037037037037037,1.0185185185185186,62.5,25.0,400000.0,20000.0,9.0,0.0,0,0,0.022727272727272728,0.7992998000000002,1.6665150138004108,1.1457290719877826,25.0,25.0,400000.0,20000.0,6.0,0.0,0
107.0,459,1.6822429906542056,1.177959501557632,0.0,8.0,80000.0,20000.0,4.0,4.0,1,5,0.022727272727272728,0.85,1.6516516516516515,1.1355105105105103,0.0,8.0,80000.0,20000.0,8.0,4.0,0
105.0,6134,1.7142857142857144,1.1706349206349207,0.0,12.0,120000.0,20000.0,9.0,3.0,0,0,0.022727272727272728,0.85,1.6516516516516515,1.1355105105105103,0.0,12.0,120000.0,20000.0,9.0,3.0,0
107.0,15,1.6822429906542056,1.177959501557632,0.0,8.0,80000.0,20000.0,2.0,2.0,1,5,0.022727272727272728,0.85,1.6516516516516515,1.1355105105105103,0.0,8.0,80000.0,20000.0,2.0,2.0,0
111.0,17,1.6516516516516515,1.1355105105105103,0.0,8.0,80000.0,20000.0,2.0,2.0,2,6,0.022727272727272728,-4.9,1.6516516516516515,1.1355105105105103,0.0,8.0,80000.0,20000.0,2.0,2.0,1
111.0,6137,1.6516516516516515,1.1355105105105103,0.0,12.0,120000.0,20000.0,9.0,3.0,3,3,0.022727272727272728,-4.84,1.6516516516516515,1.1355105105105103,0.0,12.0,120000.0,20000.0,9.0,3.0,1
105.0,8376,1.7142857142857144,1.1706349206349207,12.5,12.0,120000.0,20000.0,9.0,1.0,0,0,0.022727272727272728,0.9493329166666671,1.6515027188388987,1.135408119201743,12.5,12.0,120000.0,20000.0,10.0,1.0,0
104.0,2705,1.7307692307692308,1.0817307692307692,12.5,25.0,400000.0,20000.0,4.0,4.0,2,4,0.022727272727272728,-4.953533533333333,1.641643884878021,1.1286301708536397,12.5,25.0,400000.0,20000.0,4.0,4.0,1
108.0,914,1.6666666666666667,1.1670524691358026,0.0,8.0,80000.0,20000.0,9.0,1.0,1,10,0.022727272727272728,0.8695,1.636904761904762,1.125372023809524,25.0,8.0,80000.0,20000.0,11.0,1.0,0
112.0,1376,1.636904761904762,1.125372023809524,0.0,8.0,80000.0,0.0,0.0,5.0,3,9,0.022727272727272728,-4.84,1.636904761904762,1.125372023809524,0.0,8.0,80000.0,0.0,0.0,5.0,1
112.0,6589,1.636904761904762,1.125372023809524,0.0,12.0,120000.0,20000.0,3.0,5.0,1,5,0.022727272727272728,-4.8,1.636904761904762,1.125372023809524,0.0,12.0,120000.0,20000.0,3.0,5.0,1
112.0,7501,1.636904761904762,1.125372023809524,0.0,12.0,120000.0,20000.0,2.0,5.0,3,1,0.022727272727272728,-4.84,1.636904761904762,1.125372023809524,0.0,12.0,120000.0,20000.0,2.0,5.0,1
112.0,10187,1.636904761904762,1.125372023809524,0.0,12.0,120000.0,0.0,0.0,2.0,3,1,0.022727272727272728,-4.84,1.636904761904762,1.125372023809524,0.0,12.0,120000.0,0.0,0.0,2.0,1
112.0,11081,1.636904761904762,1.125372023809524,0.0,12.0,120000.0,0.0,0.0,4.0,3,1,0.022727272727272728,-4.84,1.636904761904762,1.125372023809524,0.0,12.0,120000.0,0.0,0.0,4.0,1
110.0,1375,1.6666666666666667,1.1458333333333335,0.0,8.0,80000.0,0.0,0.0,5.0,1,5,0.022727272727272728,-4.9464589583333325,1.8247632117529704,1.1219326657627513,0.0,8.0,80000.0,0.0,0.0,5.0,1
111.0,12442,1.6516516516516515,1.1355105105105103,0.0,12.0,120000.0,0.0,0.0,4.0,3,2,0.022727272727272728,-4.9216670833333325,1.8148015390579375,1.115807856839484,0.0,12.0,120000.0,0.0,0.0,4.0,1
113.0,462,1.8141592920353982,1.2075958702064897,12.5,8.0,80000.0,20000.0,8.0,4.0,2,9,0.022727272727272728,-4.859999999999999,1.8141592920353982,1.2075958702064897,12.5,8.0,80000.0,20000.0,8.0,4.0,1
113.0,927,1.8141592920353982,1.2075958702064897,25.0,8.0,80000.0,20000.0,11.0,1.0,2,9,0.022727272727272728,-4.859999999999999,1.8141592920353982,1.2075958702064897,25.0,8.0,80000.0,20000.0,11.0,1.0,1
113.0,4516,1.8141592920353982,1.2075958702064897,25.0,25.0,400000.0,20000.0,6.0,3.0,1,7,0.022727272727272728,-4.859999999999999,1.8141592920353982,1.2075958702064897,25.0,25.0,400000.0,20000.0,6.0,3.0,1
113.0,7945,1.8141592920353982,1.2075958702064897,0.0,12.0,120000.0,20000.0,7.0,3.0,2,6,0.022727272727272728,-4.859999999999999,1.8141592920353982,1.2075958702064897,0.0,12.0,120000.0,20000.0,7.0,3.0,1
113.0,8380,1.8141592920353982,1.2075958702064897,12.5,12.0,120000.0,20000.0,10.0,1.0,2,6,0.022727272727272728,-4.859999999999999,1.8141592920353982,1.2075958702064897,12.5,12.0,120000.0,20000.0,10.0,1.0,1
113.0,12443,1.8141592920353982,1.2075958702064897,0.0,12.0,120000.0,0.0,0.0,4.0,1,6,0.022727272727272728,-4.859999999999999,1.8141592920353982,1.2075958702064897,0.0,12.0,120000.0,0.0,0.0,4.0,1
111.0,1824,1.6516516516516515,1.1355105105105103,0.0,8.0,80000.0,0.0,0.0,4.0,3,3,0.022727272727272728,0.9325,1.827485380116959,1.2152777777777777,0.0,8.0,80000.0,0.0,0.0,4.0,0
103.0,457,1.6990291262135921,1.0618932038834952,12.5,8.0,80000.0,20000.0,5.0,4.0,1,1,0.022727272727272728,-3.5675,1.827485380116959,1.2152777777777777,12.5,8.0,80000.0,20000.0,8.0,4.0,1
114.0,917,1.827485380116959,1.2152777777777777,25.0,8.0,80000.0,20000.0,11.0,1.0,1,6,0.022727272727272728,-4.88025,1.827485380116959,1.2152777777777777,25.0,8.0,80000.0,20000.0,11.0,1.0,1
114.0,5697,1.827485380116959,1.2152777777777777,12.5,12.0,120000.0,20000.0,3.0,2.0,3,3,0.022727272727272728,-4.88,1.827485380116959,1.2152777777777777,12.5,12.0,120000.0,20000.0,3.0,2.0,1
114.0,6590,1.827485380116959,1.2152777777777777,0.0,12.0,120000.0,20000.0,3.0,5.0,3,3,0.022727272727272728,-4.88,1.827485380116959,1.2152777777777777,0.0,12.0,120000.0,20000.0,3.0,5.0,1
114.0,10188,1.827485380116959,1.2152777777777777,0.0,12.0,120000.0,0.0,0.0,2.0,1,9,0.022727272727272728,-4.80025,1.827485380116959,1.2152777777777777,0.0,12.0,120000.0,0.0,0.0,2.0,1
114.0,11082,1.827485380116959,1.2152777777777777,0.0,12.0,120000.0,0.0,0.0,4.0,2,9,0.022727272727272728,-4.8,1.827485380116959,1.2152777777777777,0.0,12.0,120000.0,0.0,0.0,4.0,1
110.0,915,1.6666666666666667,1.1458333333333335,12.5,8.0,80000.0,20000.0,10.0,1.0,1,5,0.022727272727272728,0.9491243750000005,1.8273249281649333,1.2151710772296807,12.5,8.0,80000.0,20000.0,10.0,1.0,0
97.0,4878,1.6838487972508591,1.0416666666666667,0.0,25.0,400000.0,0.0,0.0,5.0,3,2,0.022727272727272728,-5.236533533333333,1.8143286854683565,1.206528575836457,0.0,25.0,400000.0,0.0,0.0,5.0,1
115.0,19,1.8115942028985508,1.2228260869565217,0.0,8.0,80000.0,20000.0,2.0,2.0,3,7,0.022727272727272728,-4.92,1.8115942028985508,1.2228260869565217,0.0,8.0,80000.0,20000.0,2.0,2.0,1
115.0,463,1.8115942028985508,1.2228260869565217,12.5,8.0,80000.0,20000.0,8.0,4.0,3,7,0.022727272727272728,-4.92,1.8115942028985508,1.2228260869565217,12.5,8.0,80000.0,20000.0,8.0,4.0,1
115.0,928,1.8115942028985508,1.2228260869565217,12.5,8.0,80000.0,20000.0,10.0,1.0,3,10,0.022727272727272728,-4.92,1.8115942028985508,1.2228260869565217,12.5,8.0,80000.0,20000.0,10.0,1.0,1
115.0,3066,1.8115942028985508,1.2228260869565217,0.0,25.0,400000.0,0.0,0.0,5.0,3,10,0.022727272727272728,-4.92,1.8115942028985508,1.2228260869565217,0.0,25.0,400000.0,0.0,0.0,5.0,1
115.0,7946,1.8115942028985508,1.2228260869565217,0.0,12.0,120000.0,20000.0,7.0,3.0,1,4,0.022727272727272728,-4.8,1.8115942028985508,1.2228260869565217,0.0,12.0,120000.0,20000.0,7.0,3.0,1
115.0,11545,1.8115942028985508,1.2228260869565217,0.0,12.0,120000.0,0.0,0.0,2.0,1,4,0.022727272727272728,-4.8,1.8115942028985508,1.2228260869565217,0.0,12.0,120000.0,0.0,0.0,2.0,1
115.0,12444,1.8115942028985508,1.2228260869565217,0.0,12.0,120000.0,0.0,0.0,4.0,2,4,0.022727272727272728,-4.8,1.8115942028985508,1.2228260869565217,0.0,12.0,120000.0,0.0,0.0,4.0,1
111.0,461,1.6516516516516515,1.1355105105105103,0.0,8.0,80000.0,20000.0,7.0,4.0,0,0,0.022727272727272728,0.9493743750000003,1.8114365291624037,1.2227196571846224,0.0,8.0,80000.0,20000.0,7.0,4.0,0
111.0,926,1.6516516516516515,1.1355105105105103,25.0,8.0,80000.0,20000.0,11.0,1.0,0,0,0.022727272727272728,0.9493743750000003,1.8114365291624037,1.2227196571846224,0.0,8.0,80000.0,20000.0,9.0,1.0,0
112.0,2280,1.636904761904762,1.125372023809524,0.0,8.0,80000.0,0.0,0.0,5.0,2,1,0.022727272727272728,-5.0089589583333325,1.83510084370423,1.2191860920279085,0.0,8.0,80000.0,0.0,0.0,5.0,1
112.0,916,1.636904761904762,1.125372023809524,25.0,8.0,80000.0,20000.0,11.0,1.0,3,2,0.022727272727272728,-5.150833958333333,1.8295492252896257,1.2154977628646626,0.0,8.0,80000.0,20000.0,9.0,1.0,1
116.0,1378,1.8247126436781609,1.2122844827586206,0.0,8.0,80000.0,0.0,0.0,5.0,2,4,0.022727272727272728,-4.8,1.8247126436781609,1.2122844827586206,0.0,8.0,80000.0,0.0,0.0,5.0,1
116.0,2282,1.8247126436781609,1.2122844827586206,0.0,8.0,80000.0,0.0,0.0,5.0,2,4,0.022727272727272728,-4.8,1.8247126436781609,1.2122844827586206,0.0,8.0,80000.0,0.0,0.0,5.0,1
116.0,2709,1.8247126436781609,1.2122844827586206,25.0,25.0,400000.0,20000.0,5.0,4.0,3,5,0.022727272727272728,-4.92,1.8247126436781609,1.2122844827586206,25.0,25.0,400000.0,20000.0,5.0,4.0,1
116.0,3445,1.8247126436781609,1.2122844827586206,62.5,25.0,400000.0,20000.0,10.0,2.0,3,5,0.022727272727272728,-4.92,1.8247126436781609,1.2122844827586206,62.5,25.0,400000.0,20000.0,10.0,2.0,1
116.0,4160,1.8247126436781609,1.2122844827586206,0.0,25.0,400000.0,0.0,0.0,1.0,1,8,0.022727272727272728,-4.8004999999999995,1.8247126436781609,1.2122844827586206,0.0,25.0,400000.0,0.0,0.0,1.0,1
116.0,4517,1.8247126436781609,1.2122844827586206,25.0,25.0,400000.0,20000.0,6.0,3.0,1,8,0.022727272727272728,-4.8,1.8247126436781609,1.2122844827586206,25.0,25.0,400000.0,20000.0,6.0,3.0,1
116.0,5698,1.8247126436781609,1.2122844827586206,12.5,12.0,120000.0,20000.0,3.0,2.0,1,8,0.022727272727272728,-4.8,1.8247126436781609,1.2122844827586206,12.5,12.0,120000.0,20000.0,3.0,2.0,1
116.0,6591,1.8247126436781609,1.2122844827586206,0.0,12.0,120000.0,20000.0,3.0,5.0,1,8,0.022727272727272728,-4.8,1.8247126436781609,1.2122844827586206,0.0,12.0,120000.0,20000.0,3.0,5.0,1
116.0,7045,1.8247126436781609,1.2122844827586206,0.0,12.0,120000.0,20000.0,4.0,4.0,2,8,0.022727272727272728,-4.8,1.8247126436781609,1.2122844827586206,0.0,12.0,120000.0,20000.0,4.0,4.0,1
116.0,7503,1.8247126436781609,1.2122844827586206,12.5,12.0,120000.0,20000.0,3.0,5.0,2,8,0.022727272727272728,-4.8,1.8247126436781609,1.2122844827586206,12.5,12.0,120000.0,20000.0,3.0,5.0,1
116.0,10189,1.8247126436781609,1.2122844827586206,0.0,12.0,120000.0,0.0,0.0,2.0,3,2,0.022727272727272728,-4.92,1.8247126436781609,1.2122844827586206,0.0,12.0,120000.0,0.0,0.0,2.0,1
116.0,11083,1.8247126436781609,1.2122844827586206,0.0,12.0,120000.0,0.0,0.0,4.0,3,2,0.022727272727272728,-4.92,1.8247126436781609,1.2122844827586206,0.0,12.0,120000.0,0.0,0.0,4.0,1
96.0,3797,1.6493055555555556,1.019965277777778,75.0,25.0,400000.0,20000.0,10.0,0.0,0,0,0.022727272727272728,0.7995498000000001,1.8245551971477862,1.2121798799948384,12.5,25.0,400000.0,20000.0,6.0,0.0,0
114.0,2281,1.827485380116959,1.2152777777777777,0.0,8.0,80000.0,0.0,0.0,5.0,2,2,0.022727272727272728,-4.9464589583333325,1.8193276950983273,1.208706884046625,0.0,8.0,80000.0,0.0,0.0,5.0,1
117.0,20,1.809116809116809,1.219729344729345,0.0,8.0,80000.0,20000.0,3.0,2.0,2,3,0.022727272727272728,-4.84,1.809116809116809,1.219729344729345,0.0,8.0,80000.0,20000.0,3.0,2.0,1
117.0,464,1.809116809116809,1.219729344729345,0.0,8.0,80000.0,20000.0,8.0,4.0,3,6,0.022727272727272728,-4.92,1.809116809116809,1.219729344729345,0.0,8.0,80000.0,20000.0,8.0,4.0,1
117.0,929,1.809116809116809,1.219729344729345,0.0,8.0,80000.0,20000.0,9.0,1.0,3,6,0.022727272727272728,-4.92,1.809116809116809,1.219729344729345,0.0,8.0,80000.0,20000.0,9.0,1.0,1
117.0,4520,1.809116809116809,1.219729344729345,25.0,25.0,400000.0,20000.0,6.0,3.0,3,7,0.022727272727272728,-4.92,1.809116809116809,1.219729344729345,25.0,25.0,400000.0,20000.0,6.0,3.0,1
117.0,6140,1.809116809116809,1.219729344729345,12.5,12.0,120000.0,20000.0,11.0,3.0,3,7,0.022727272727272728,-4.92,1.809116809116809,1.219729344729345,12.5,12.0,120000.0,20000.0,11.0,3.0,1
117.0,11546,1.809116809116809,1.219729344729345,0.0,12.0,120000.0,0.0,0.0,2.0,1,8,0.022727272727272728,-4.84,1.809116809116809,1.219729344729345,0.0,12.0,120000.0,0.0,0.0,2.0,1
111.0,8379,1.6516516516516515,1.1355105105105103,12.5,12.0,120000.0,20000.0,10.0,1.0,0,0,0.022727272727272728,0.9090829166666671,1.8089620423642958,1.219624999034983,25.0,12.0,120000.0,20000.0,13.0,1.0,0
112.0,5696,1.636904761904762,1.125372023809524,0.0,12.0,120000.0,20000.0,2.0,2.0,1,5,0.022727272727272728,0.77,1.7937853107344632,1.22704802259887,0.0,12.0,120000.0,20000.0,2.0,2.0,0
98.0,3435,1.6666666666666667,1.0310374149659862,0.0,25.0,400000.0,20000.0,5.0,2.0,0,0,0.022727272727272728,0.619,1.7937853107344632,1.22704802259887,50.0,25.0,400000.0,20000.0,9.0,2.0,0
98.0,2703,1.6666666666666667,1.0310374149659862,0.0,25.0,400000.0,20000.0,3.0,4.0,0,0,0.022727272727272728,0.61975,1.7937853107344632,1.22704802259887,12.5,25.0,400000.0,20000.0,4.0,4.0,0
118.0,1379,1.7937853107344632,1.22704802259887,0.0,8.0,80000.0,0.0,0.0,5.0,1,10,0.022727272727272728,-4.98,1.7937853107344632,1.22704802259887,0.0,8.0,80000.0,0.0,0.0,5.0,1
118.0,2283,1.7937853107344632,1.22704802259887,0.0,8.0,80000.0,0.0,0.0,5.0,1,10,0.022727272727272728,-4.98,1.7937853107344632,1.22704802259887,0.0,8.0,80000.0,0.0,0.0,5.0,1
118.0,3067,1.7937853107344632,1.22704802259887,0.0,25.0,400000.0,0.0,0.0,5.0,1,10,0.022727272727272728,-4.98,1.7937853107344632,1.22704802259887,0.0,25.0,400000.0,0.0,0.0,5.0,1
118.0,7046,1.7937853107344632,1.22704802259887,0.0,12.0,120000.0,20000.0,4.0,4.0,2,9,0.022727272727272728,-4.82,1.7937853107344632,1.22704802259887,0.0,12.0,120000.0,20000.0,4.0,4.0,1
118.0,7504,1.7937853107344632,1.22704802259887,12.5,12.0,120000.0,20000.0,3.0,5.0,2,9,0.022727272727272728,-4.82,1.7937853107344632,1.22704802259887,12.5,12.0,120000.0,20000.0,3.0,5.0,1
118.0,10190,1.7937853107344632,1.22704802259887,0.0,12.0,120000.0,0.0,0.0,2.0,2,9,0.022727272727272728,-4.82,1.7937853107344632,1.22704802259887,0.0,12.0,120000.0,0.0,0.0,2.0,1
118.0,11084,1.7937853107344632,1.22704802259887,0.0,12.0,120000.0,0.0,0.0,4.0,2,9,0.022727272727272728,-4.82,1.7937853107344632,1.22704802259887,0.0,12.0,120000.0,0.0,0.0,4.0,1
114.0,1377,1.827485380116959,1.2152777777777777,0.0,8.0,80000.0,0.0,0.0,5.0,2,2,0.022727272727272728,-5.091458958333332,1.9294142526478677,1.2234880525458651,0.0,8.0,80000.0,0.0,0.0,5.0,1
113.0,6138,1.8141592920353982,1.2075958702064897,0.0,12.0,120000.0,20000.0,10.0,3.0,1,7,0.022727272727272728,0.85,1.9187675070028012,1.2167366946778713,0.0,12.0,120000.0,20000.0,11.0,3.0,0
119.0,465,1.9187675070028012,1.2167366946778713,12.5,8.0,80000.0,20000.0,9.0,4.0,2,4,0.022727272727272728,-4.82,1.9187675070028012,1.2167366946778713,12.5,8.0,80000.0,20000.0,9.0,4.0,1
119.0,2720,1.9187675070028012,1.2167366946778713,12.5,25.0,400000.0,20000.0,5.0,4.0,2,5,0.022727272727272728,-4.82,1.9187675070028012,1.2167366946778713,12.5,25.0,400000.0,20000.0,5.0,4.0,1
119.0,3446,1.9187675070028012,1.2167366946778713,50.0,25.0,400000.0,20000.0,9.0,2.0,2,2,0.022727272727272728,-4.82,1.9187675070028012,1.2167366946778713,50.0,25.0,400000.0,20000.0,9.0,2.0,1
119.0,4161,1.9187675070028012,1.2167366946778713,0.0,25.0,400000.0,0.0,0.0,1.0,2,2,0.022727272727272728,-4.82,1.9187675070028012,1.2167366946778713,0.0,25.0,400000.0,0.0,0.0,1.0,1
119.0,4518,1.9187675070028012,1.2167366946778713,25.0,25.0,400000.0,20000.0,6.0,3.0,1,8,0.022727272727272728,-4.82,1.9187675070028012,1.2167366946778713,25.0,25.0,400000.0,20000.0,6.0,3.0,1
119.0,6141,1.9187675070028012,1.2167366946778713,0.0,12.0,120000.0,20000.0,11.0,3.0,2,8,0.022727272727272728,-4.82,1.9187675070028012,1.2167366946778713,0.0,12.0,120000.0,20000.0,11.0,3.0,1
119.0,7948,1.9187675070028012,1.2167366946778713,12.5,12.0,120000.0,20000.0,8.0,3.0,2,8,0.022727272727272728,-4.82,1.9187675070028012,1.2167366946778713,12.5,12.0,120000.0,20000.0,8.0,3.0,1
119.0,11547,1.9187675070028012,1.2167366946778713,0.0,12.0,120000.0,0.0,0.0,2.0,3,10,0.022727272727272728,-4.9,1.9187675070028012,1.2167366946778713,0.0,12.0,120000.0,0.0,0.0,2.0,1
116.0,918,1.8247126436781609,1.2122844827586206,0.0,8.0,80000.0,20000.0,9.0,1.0,2,4,0.022727272727272728,-5.028958958333332,1.9551432599103489,1.2132362193193684,25.0,8.0,80000.0,20000.0,11.0,1.0,1
118.0,5699,1.7937853107344632,1.22704802259887,0.0,12.0,120000.0,20000.0,2.0,2.0,3,4,0.022727272727272728,-4.981667083333333,1.9450926465689138,1.2069994547905314,0.0,12.0,120000.0,20000.0,2.0,2.0,1
114.0,7502,1.827485380116959,1.2152777777777777,0.0,12.0,120000.0,20000.0,2.0,5.0,1,9,0.022727272727272728,0.85,1.9444444444444444,1.2239583333333335,0.0,12.0,120000.0,20000.0,3.0,5.0,0
120.0,476,1.9444444444444444,1.2239583333333335,12.5,8.0,80000.0,20000.0,9.0,4.0,3,10,0.022727272727272728,-4.92,1.9444444444444444,1.2239583333333335,12.5,8.0,80000.0,20000.0,9.0,4.0,1
120.0,920,1.9444444444444444,1.2239583333333335,25.0,8.0,80000.0,20000.0,11.0,1.0,2,10,0.022727272727272728,-4.9,1.9444444444444444,1.2239583333333335,25.0,8.0,80000.0,20000.0,12.0,1.0,1
120.0,1380,1.9444444444444444,1.2239583333333335,0.0,8.0,80000.0,0.0,0.0,5.0,2,10,0.022727272727272728,-4.9,1.9444444444444444,1.2239583333333335,0.0,8.0,80000.0,0.0,0.0,5.0,1
120.0,4521,1.9444444444444444,1.2239583333333335,25.0,25.0,400000.0,20000.0,6.0,3.0,2,3,0.022727272727272728,-4.84,1.9444444444444444,1.2239583333333335,25.0,25.0,400000.0,20000.0,6.0,3.0,1
120.0,5700,1.9444444444444444,1.2239583333333335,0.0,12.0,120000.0,20000.0,2.0,2.0,2,7,0.022727272727272728,-4.84,1.9444444444444444,1.2239583333333335,0.0,12.0,120000.0,20000.0,2.0,2.0,1
120.0,6593,1.9444444444444444,1.2239583333333335,0.0,12.0,120000.0,20000.0,4.0,5.0,2,7,0.022727272727272728,-4.84,1.9444444444444444,1.2239583333333335,0.0,12.0,120000.0,20000.0,4.0,5.0,1
120.0,7047,1.9444444444444444,1.2239583333333335,0.0,12.0,120000.0,20000.0,4.0,4.0,1,10,0.022727272727272728,-4.84,1.9444444444444444,1.2239583333333335,0.0,12.0,120000.0,20000.0,4.0,4.0,1
120.0,7505,1.9444444444444444,1.2239583333333335,0.0,12.0,120000.0,20000.0,3.0,5.0,1,10,0.022727272727272728,-4.84,1.9444444444444444,1.2239583333333335,0.0,12.0,120000.0,20000.0,3.0,5.0,1
120.0,9745,1.9444444444444444,1.2239583333333335,0.0,12.0,120000.0,0.0,0.0,3.0,1,10,0.022727272727272728,-4.84,1.9444444444444444,1.2239583333333335,0.0,12.0,120000.0,0.0,0.0,3.0,1
120.0,10191,1.9444444444444444,1.2239583333333335,0.0,12.0,120000.0,0.0,0.0,2.0,1,10,0.022727272727272728,-4.8405000000000005,1.9444444444444444,1.2239583333333335,0.0,12.0,120000.0,0.0,0.0,2.0,1
120.0,11085,1.9444444444444444,1.2239583333333335,0.0,12.0,120000.0,0.0,0.0,4.0,2,5,0.022727272727272728,-4.84,1.9444444444444444,1.2239583333333335,0.0,12.0,120000.0,0.0,0.0,4.0,1
107.0,2706,1.6822429906542056,1.177959501557632,12.5,25.0,400000.0,20000.0,4.0,4.0,3,3,0.022727272727272728,-5.196533533333334,1.9587285953380658,1.215584207494134,25.0,25.0,400000.0,20000.0,5.0,4.0,1
113.0,18,1.8141592920353982,1.2075958702064897,0.0,8.0,80000.0,20000.0,2.0,2.0,3,1,0.022727272727272728,0.5,1.955922865013774,1.2138429752066118,0.0,8.0,80000.0,20000.0,3.0,2.0,0
101.0,4512,1.6996699669966995,1.0829207920792079,0.0,25.0,400000.0,20000.0,3.0,3.0,1,9,0.022727272727272728,0.6797500000000001,1.955922865013774,1.2138429752066118,12.5,25.0,400000.0,20000.0,5.0,3.0,0
121.0,466,1.955922865013774,1.2138429752066118,12.5,8.0,80000.0,20000.0,9.0,4.0,2,9,0.022727272727272728,-4.82,1.955922865013774,1.2138429752066118,12.5,8.0,80000.0,20000.0,9.0,4.0,1
121.0,931,1.955922865013774,1.2138429752066118,25.0,8.0,80000.0,20000.0,12.0,1.0,3,8,0.022727272727272728,-5.0,1.955922865013774,1.2138429752066118,25.0,8.0,80000.0,20000.0,12.0,1.0,1
121.0,3068,1.955922865013774,1.2138429752066118,0.0,25.0,400000.0,0.0,0.0,5.0,2,6,0.022727272727272728,-4.82,1.955922865013774,1.2138429752066118,0.0,25.0,400000.0,0.0,0.0,5.0,1
121.0,6142,1.955922865013774,1.2138429752066118,0.0,12.0,120000.0,20000.0,12.0,3.0,2,5,0.022727272727272728,-4.82,1.955922865013774,1.2138429752066118,0.0,12.0,120000.0,20000.0,12.0,3.0,1
121.0,7949,1.955922865013774,1.2138429752066118,12.5,12.0,120000.0,20000.0,8.0,3.0,2,5,0.022727272727272728,-4.82,1.955922865013774,1.2138429752066118,12.5,12.0,120000.0,20000.0,8.0,3.0,1
121.0,11548,1.955922865013774,1.2138429752066118,0.0,12.0,120000.0,0.0,0.0,2.0,2,7,0.022727272727272728,-4.82,1.955922865013774,1.2138429752066118,0.0,12.0,120000.0,0.0,0.0,2.0,1
115.0,8381,1.8115942028985508,1.2228260869565217,12.5,12.0,120000.0,20000.0,12.0,1.0,0,0,0.022727272727272728,0.9283329166666671,1.9557610702343273,1.213742565594367,62.5,12.0,120000.0,20000.0,16.0,1.0,0
119.0,21,1.9187675070028012,1.2167366946778713,0.0,8.0,80000.0,20000.0,3.0,2.0,2,4,0.022727272727272728,-4.966458958333332,1.991593935258583,1.2104083830666388,0.0,8.0,80000.0,20000.0,3.0,2.0,1
118.0,6592,1.7937853107344632,1.22704802259887,0.0,12.0,120000.0,20000.0,4.0,5.0,3,4,0.022727272727272728,-5.1650004166666665,1.9815238344656305,1.2042881924985083,0.0,12.0,120000.0,20000.0,4.0,5.0,1
112.0,3065,1.636904761904762,1.125372023809524,0.0,25.0,400000.0,0.0,0.0,5.0,2,1,0.022727272727272728,0.8600000000000001,1.9808743169398908,1.2209699453551912,0.0,25.0,400000.0,0.0,0.0,5.0,0
118.0,475,1.7937853107344632,1.22704802259887,0.0,8.0,80000.0,20000.0,8.0,4.0,1,8,0.022727272727272728,0.81,1.9808743169398908,1.2209699453551912,0.0,8.0,80000.0,20000.0,8.0,4.0,0
118.0,919,1.7937853107344632,1.22704802259887,0.0,8.0,80000.0,20000.0,9.0,1.0,1,10,0.022727272727272728,0.80975,1.9808743169398908,1.2209699453551912,12.5,8.0,80000.0,20000.0,12.0,1.0,0
122.0,1381,1.9808743169398908,1.2209699453551912,0.0,8.0,80000.0,0.0,0.0,5.0,1,4,0.022727272727272728,-4.8,1.9808743169398908,1.2209699453551912,0.0,8.0,80000.0,0.0,0.0,5.0,1
122.0,2285,1.9808743169398908,1.2209699453551912,0.0,8.0,80000.0,0.0,0.0,5.0,3,4,0.022727272727272728,-5.0,1.9808743169398908,1.2209699453551912,0.0,8.0,80000.0,0.0,0.0,5.0,1
122.0,2711,1.9808743169398908,1.2209699453551912,25.0,25.0,400000.0,20000.0,5.0,4.0,3,4,0.022727272727272728,-5.0,1.9808743169398908,1.2209699453551912,25.0,25.0,400000.0,20000.0,5.0,4.0,1
122.0,2721,1.9808743169398908,1.2209699453551912,25.0,25.0,400000.0,20000.0,5.0,4.0,2,2,0.022727272727272728,-4.8,1.9808743169398908,1.2209699453551912,25.0,25.0,400000.0,20000.0,5.0,4.0,1
122.0,3447,1.9808743169398908,1.2209699453551912,50.0,25.0,400000.0,20000.0,9.0,2.0,2,2,0.022727272727272728,-4.8,1.9808743169398908,1.2209699453551912,50.0,25.0,400000.0,20000.0,9.0,2.0,1
122.0,4162,1.9808743169398908,1.2209699453551912,0.0,25.0,400000.0,0.0,0.0,1.0,2,2,0.022727272727272728,-4.8,1.9808743169398908,1.2209699453551912,0.0,25.0,400000.0,0.0,0.0,1.0,1
122.0,4519,1.9808743169398908,1.2209699453551912,12.5,25.0,400000.0,20000.0,5.0,3.0,3,6,0.022727272727272728,-5.0,1.9808743169398908,1.2209699453551912,12.5,25.0,400000.0,20000.0,5.0,3.0,1
122.0,5701,1.9808743169398908,1.2209699453551912,0.0,12.0,120000.0,20000.0,2.0,2.0,3,6,0.022727272727272728,-5.0,1.9808743169398908,1.2209699453551912,0.0,12.0,120000.0,20000.0,2.0,2.0,1
122.0,6594,1.9808743169398908,1.2209699453551912,0.0,12.0,120000.0,20000.0,4.0,5.0,1,7,0.022727272727272728,-4.8,1.9808743169398908,1.2209699453551912,0.0,12.0,120000.0,20000.0,4.0,5.0,1
122.0,7048,1.9808743169398908,1.2209699453551912,0.0,12.0,120000.0,20000.0,4.0,4.0,1,7,0.022727272727272728,-4.8,1.9808743169398908,1.2209699453551912,0.0,12.0,120000.0,20000.0,4.0,4.0,1
122.0,7506,1.9808743169398908,1.2209699453551912,0.0,12.0,120000.0,20000.0,4.0,5.0,1,10,0.022727272727272728,-4.8,1.9808743169398908,1.2209699453551912,0.0,12.0,120000.0,20000.0,4.0,5.0,1
122.0,9746,1.9808743169398908,1.2209699453551912,0.0,12.0,120000.0,0.0,0.0,3.0,1,10,0.022727272727272728,-4.8,1.9808743169398908,1.2209699453551912,0.0,12.0,120000.0,0.0,0.0,3.0,1
122.0,10192,1.9808743169398908,1.2209699453551912,0.0,12.0,120000.0,0.0,0.0,2.0,3,7,0.022727272727272728,-5.0,1.9808743169398908,1.2209699453551912,0.0,12.0,120000.0,0.0,0.0,2.0,1
122.0,11086,1.9808743169398908,1.2209699453551912,0.0,12.0,120000.0,0.0,0.0,4.0,3,4,0.022727272727272728,-5.0,1.9808743169398908,1.2209699453551912,0.0,12.0,120000.0,0.0,0.0,4.0,1
102.0,3799,1.6830065359477124,1.0723039215686274,62.5,25.0,400000.0,20000.0,9.0,0.0,0,0,0.022727272727272728,0.7995498000000001,1.98071180116014,1.2208697739909484,12.5,25.0,400000.0,20000.0,6.0,0.0,0
117.0,7947,1.809116809116809,1.219729344729345,0.0,12.0,120000.0,20000.0,7.0,3.0,0,0,0.022727272727272728,0.89,1.9647696476964769,1.227981029810298,0.0,12.0,120000.0,20000.0,7.0,3.0,0
123.0,23,1.9647696476964769,1.227981029810298,0.0,8.0,80000.0,20000.0,3.0,2.0,3,4,0.022727272727272728,-5.0,1.9647696476964769,1.227981029810298,0.0,8.0,80000.0,20000.0,3.0,2.0,1
123.0,467,1.9647696476964769,1.227981029810298,0.0,8.0,80000.0,20000.0,8.0,4.0,2,5,0.022727272727272728,-4.859999999999999,1.9647696476964769,1.227981029810298,0.0,8.0,80000.0,20000.0,8.0,4.0,1
123.0,932,1.9647696476964769,1.227981029810298,25.0,8.0,80000.0,20000.0,12.0,1.0,2,5,0.022727272727272728,-4.859999999999999,1.9647696476964769,1.227981029810298,25.0,8.0,80000.0,20000.0,12.0,1.0,1
123.0,7950,1.9647696476964769,1.227981029810298,0.0,12.0,120000.0,20000.0,7.0,3.0,2,6,0.022727272727272728,-4.859999999999999,1.9647696476964769,1.227981029810298,0.0,12.0,120000.0,20000.0,7.0,3.0,1
123.0,8385,1.9647696476964769,1.227981029810298,62.5,12.0,120000.0,20000.0,16.0,1.0,2,6,0.022727272727272728,-4.859999999999999,1.9647696476964769,1.227981029810298,62.5,12.0,120000.0,20000.0,16.0,1.0,1
123.0,8397,1.9647696476964769,1.227981029810298,62.5,12.0,120000.0,20000.0,16.0,1.0,2,10,0.022727272727272728,-4.859999999999999,1.9647696476964769,1.227981029810298,62.5,12.0,120000.0,20000.0,16.0,1.0,1
123.0,11549,1.9647696476964769,1.227981029810298,0.0,12.0,120000.0,0.0,0.0,2.0,2,10,0.022727272727272728,-4.859999999999999,1.9647696476964769,1.227981029810298,0.0,12.0,120000.0,0.0,0.0,2.0,1
119.0,930,1.9187675070028012,1.2167366946778713,12.5,8.0,80000.0,20000.0,10.0,1.0,0,0,0.022727272727272728,0.8891243750000004,1.9646097636010815,1.2278811022506761,12.5,8.0,80000.0,20000.0,11.0,1.0,0
117.0,8382,1.809116809116809,1.219729344729345,25.0,12.0,120000.0,20000.0,13.0,1.0,0,0,0.022727272727272728,0.888582916666667,1.9646097636010815,1.2278811022506761,50.0,12.0,120000.0,20000.0,15.0,1.0,0
121.0,22,1.955922865013774,1.2138429752066118,0.0,8.0,80000.0,20000.0,3.0,2.0,2,5,0.022727272727272728,-5.006458958333333,1.9593004383995538,1.2245627739997211,0.0,8.0,80000.0,20000.0,3.0,2.0,1
124.0,7507,1.9489247311827957,1.2348790322580645,0.0,12.0,120000.0,20000.0,4.0,5.0,1,9,0.022727272727272728,-4.88,1.9489247311827957,1.2348790322580645,0.0,12.0,120000.0,20000.0,4.0,5.0,1
124.0,9747,1.9489247311827957,1.2348790322580645,0.0,12.0,120000.0,0.0,0.0,3.0,3,7,0.022727272727272728,-4.96,1.9489247311827957,1.2348790322580645,0.0,12.0,120000.0,0.0,0.0,3.0,1
124.0,10193,1.9489247311827957,1.2348790322580645,0.0,12.0,120000.0,0.0,0.0,2.0,3,7,0.022727272727272728,-4.96,1.9489247311827957,1.2348790322580645,0.0,12.0,120000.0,0.0,0.0,2.0,1
124.0,11087,1.9489247311827957,1.2348790322580645,0.0,12.0,120000.0,0.0,0.0,4.0,2,5,0.022727272727272728,-4.88,1.9489247311827957,1.2348790322580645,0.0,12.0,120000.0,0.0,0.0,4.0,1
104.0,3441,1.7307692307692308,1.0817307692307692,12.5,25.0,400000.0,20000.0,6.0,2.0,0,0,0.022727272727272728,0.7190498000000001,1.948767415361604,1.2347793536989475,37.5,25.0,400000.0,20000.0,8.0,2.0,0
104.0,4513,1.7307692307692308,1.0817307692307692,12.5,25.0,400000.0,20000.0,5.0,3.0,0,0,0.022727272727272728,0.7195498000000001,1.948767415361604,1.2347793536989475,12.5,25.0,400000.0,20000.0,5.0,3.0,0
120.0,2284,1.9444444444444444,1.2239583333333335,0.0,8.0,80000.0,0.0,0.0,5.0,2,3,0.022727272727272728,0.7675000000000001,1.9333333333333333,1.2666666666666666,0.0,8.0,80000.0,0.0,0.0,5.0,0
125.0,933,1.9333333333333333,1.2666666666666666,25.0,8.0,80000.0,20000.0,12.0,1.0,3,1,0.022727272727272728,-4.9399999999999995,1.9333333333333333,1.2666666666666666,25.0,8.0,80000.0,20000.0,12.0,1.0,1
125.0,2712,1.9333333333333333,1.2666666666666666,25.0,25.0,400000.0,20000.0,5.0,4.0,3,9,0.022727272727272728,-4.9399999999999995,1.9333333333333333,1.2666666666666666,25.0,25.0,400000.0,20000.0,5.0,4.0,1
125.0,2722,1.9333333333333333,1.2666666666666666,25.0,25.0,400000.0,20000.0,5.0,4.0,3,9,0.022727272727272728,-4.9399999999999995,1.9333333333333333,1.2666666666666666,25.0,25.0,400000.0,20000.0,5.0,4.0,1
125.0,3448,1.9333333333333333,1.2666666666666666,37.5,25.0,400000.0,20000.0,8.0,2.0,1,10,0.022727272727272728,-4.8,1.9333333333333333,1.2666666666666666,37.5,25.0,400000.0,20000.0,8.0,2.0,1
125.0,3801,1.9333333333333333,1.2666666666666666,12.5,25.0,400000.0,20000.0,6.0,0.0,2,10,0.022727272727272728,-4.8,1.9333333333333333,1.2666666666666666,12.5,25.0,400000.0,20000.0,7.0,0.0,1
125.0,4163,1.9333333333333333,1.2666666666666666,0.0,25.0,400000.0,0.0,0.0,1.0,1,9,0.022727272727272728,-4.80025,1.9333333333333333,1.2666666666666666,0.0,25.0,400000.0,0.0,0.0,1.0,1
125.0,6144,1.9333333333333333,1.2666666666666666,12.5,12.0,120000.0,20000.0,14.0,3.0,1,9,0.022727272727272728,-4.80025,1.9333333333333333,1.2666666666666666,12.5,12.0,120000.0,20000.0,14.0,3.0,1
125.0,10195,1.9333333333333333,1.2666666666666666,0.0,12.0,120000.0,0.0,0.0,2.0,3,9,0.022727272727272728,-4.9399999999999995,1.9333333333333333,1.2666666666666666,0.0,12.0,120000.0,0.0,0.0,2.0,1
125.0,11550,1.9333333333333333,1.2666666666666666,0.0,12.0,120000.0,0.0,0.0,2.0,1,7,0.022727272727272728,-4.8,1.9333333333333333,1.2666666666666666,0.0,12.0,120000.0,0.0,0.0,2.0,1
119.0,8383,1.9187675070028012,1.2167366946778713,25.0,12.0,120000.0,20000.0,13.0,1.0,0,0,0.022727272727272728,0.948582916666667,1.9331785243970996,1.2665652401222378,50.0,12.0,120000.0,20000.0,15.0,1.0,0
119.0,8395,1.9187675070028012,1.2167366946778713,25.0,12.0,120000.0,20000.0,14.0,1.0,0,0,0.022727272727272728,0.948582916666667,1.9331785243970996,1.2665652401222378,50.0,12.0,120000.0,20000.0,15.0,1.0,0
122.0,477,1.9808743169398908,1.2209699453551912,0.0,8.0,80000.0,20000.0,8.0,4.0,2,7,0.022727272727272728,-5.0089589583333325,1.928037502749448,1.263196984559983,12.5,8.0,80000.0,20000.0,9.0,4.0,1
126.0,479,1.917989417989418,1.2566137566137565,12.5,8.0,80000.0,20000.0,9.0,4.0,1,7,0.022727272727272728,-4.840249999999999,1.917989417989418,1.2566137566137565,12.5,8.0,80000.0,20000.0,9.0,4.0,1
126.0,1383,1.917989417989418,1.2566137566137565,0.0,8.0,80000.0,0.0,0.0,5.0,1,5,0.022727272727272728,-4.84,1.917989417989418,1.2566137566137565,0.0,8.0,80000.0,0.0,0.0,5.0,1
126.0,2287,1.917989417989418,1.2566137566137565,0.0,8.0,80000.0,0.0,0.0,5.0,1,5,0.022727272727272728,-4.84,1.917989417989418,1.2566137566137565,0.0,8.0,80000.0,0.0,0.0,5.0,1
126.0,7050,1.917989417989418,1.2566137566137565,0.0,12.0,120000.0,20000.0,4.0,4.0,3,10,0.022727272727272728,-4.98,1.917989417989418,1.2566137566137565,0.0,12.0,120000.0,20000.0,4.0,4.0,1
126.0,9748,1.917989417989418,1.2566137566137565,0.0,12.0,120000.0,0.0,0.0,3.0,2,10,0.022727272727272728,-4.84,1.917989417989418,1.2566137566137565,0.0,12.0,120000.0,0.0,0.0,3.0,1
126.0,10194,1.917989417989418,1.2566137566137565,0.0,12.0,120000.0,0.0,0.0,2.0,2,3,0.022727272727272728,-4.84,1.917989417989418,1.2566137566137565,0.0,12.0,120000.0,0.0,0.0,2.0,1
126.0,11088,1.917989417989418,1.2566137566137565,0.0,12.0,120000.0,0.0,0.0,4.0,2,3,0.022727272727272728,-4.84,1.917989417989418,1.2566137566137565,0.0,12.0,120000.0,0.0,0.0,4.0,1
122.0,921,1.9808743169398908,1.2209699453551912,12.5,8.0,80000.0,20000.0,11.0,1.0,1,4,0.022727272727272728,0.9088743750000005,1.91783705648993,1.256513933562368,25.0,8.0,80000.0,20000.0,12.0,1.0,0
124.0,7049,1.9489247311827957,1.2348790322580645,0.0,12.0,120000.0,20000.0,4.0,4.0,3,2,0.022727272727272728,-5.10333375,1.9428689921075672,1.2471118530420195,0.0,12.0,120000.0,20000.0,4.0,4.0,1
124.0,1382,1.9489247311827957,1.2348790322580645,0.0,8.0,80000.0,0.0,0.0,5.0,2,1,0.022727272727272728,0.8525,1.942257217847769,1.279527559055118,0.0,8.0,80000.0,0.0,0.0,5.0,0
127.0,3070,1.942257217847769,1.279527559055118,0.0,25.0,400000.0,0.0,0.0,5.0,2,6,0.022727272727272728,-4.84,1.942257217847769,1.279527559055118,0.0,25.0,400000.0,0.0,0.0,5.0,1
127.0,7952,1.942257217847769,1.279527559055118,12.5,12.0,120000.0,20000.0,8.0,3.0,2,6,0.022727272727272728,-4.84,1.942257217847769,1.279527559055118,12.5,12.0,120000.0,20000.0,8.0,3.0,1
127.0,8387,1.942257217847769,1.279527559055118,50.0,12.0,120000.0,20000.0,15.0,1.0,1,7,0.022727272727272728,-4.8405000000000005,1.942257217847769,1.279527559055118,50.0,12.0,120000.0,20000.0,15.0,1.0,1
127.0,8399,1.942257217847769,1.279527559055118,50.0,12.0,120000.0,20000.0,15.0,1.0,1,7,0.022727272727272728,-4.8405000000000005,1.942257217847769,1.279527559055118,50.0,12.0,120000.0,20000.0,15.0,1.0,1
127.0,10196,1.942257217847769,1.279527559055118,0.0,12.0,120000.0,0.0,0.0,2.0,2,7,0.022727272727272728,-4.84,1.942257217847769,1.279527559055118,0.0,12.0,120000.0,0.0,0.0,2.0,1
127.0,11551,1.942257217847769,1.279527559055118,0.0,12.0,120000.0,0.0,0.0,2.0,2,7,0.022727272727272728,-4.84,1.942257217847769,1.279527559055118,0.0,12.0,120000.0,0.0,0.0,2.0,1
107.0,3438,1.6822429906542056,1.177959501557632,25.0,25.0,400000.0,20000.0,7.0,2.0,0,0,0.022727272727272728,0.7795498000000002,1.9421041433400934,1.2794267160517507,12.5,25.0,400000.0,20000.0,6.0,2.0,0
107.0,3442,1.6822429906542056,1.177959501557632,25.0,25.0,400000.0,20000.0,8.0,2.0,0,0,0.022727272727272728,0.7795498000000002,1.9421041433400934,1.2794267160517507,12.5,25.0,400000.0,20000.0,6.0,2.0,0
121.0,8384,1.955922865013774,1.2138429752066118,50.0,12.0,120000.0,20000.0,15.0,1.0,0,0,0.022727272727272728,0.9290829166666671,1.9421041433400934,1.2794267160517507,25.0,12.0,120000.0,20000.0,13.0,1.0,0
121.0,8396,1.955922865013774,1.2138429752066118,50.0,12.0,120000.0,20000.0,16.0,1.0,0,0,0.022727272727272728,0.9290829166666671,1.9421041433400934,1.2794267160517507,25.0,12.0,120000.0,20000.0,13.0,1.0,0
124.0,5702,1.9489247311827957,1.2348790322580645,0.0,12.0,120000.0,20000.0,2.0,2.0,2,1,0.022727272727272728,0.9933333333333334,1.9270833333333335,1.2695312499999998,12.5,12.0,120000.0,20000.0,3.0,2.0,0
124.0,478,1.9489247311827957,1.2348790322580645,0.0,8.0,80000.0,20000.0,8.0,4.0,1,8,0.022727272727272728,0.91,1.9270833333333335,1.2695312499999998,0.0,8.0,80000.0,20000.0,8.0,4.0,0
128.0,480,1.9270833333333335,1.2695312499999998,0.0,8.0,80000.0,20000.0,8.0,4.0,3,9,0.022727272727272728,-4.859999999999999,1.9270833333333335,1.2695312499999998,0.0,8.0,80000.0,20000.0,8.0,4.0,1
128.0,924,1.9270833333333335,1.2695312499999998,25.0,8.0,80000.0,20000.0,14.0,1.0,3,9,0.022727272727272728,-4.859999999999999,1.9270833333333335,1.2695312499999998,25.0,8.0,80000.0,20000.0,14.0,1.0,1
128.0,1384,1.9270833333333335,1.2695312499999998,0.0,8.0,80000.0,0.0,0.0,5.0,2,4,0.022727272727272728,-4.84,1.9270833333333335,1.2695312499999998,0.0,8.0,80000.0,0.0,0.0,5.0,1
128.0,2288,1.9270833333333335,1.2695312499999998,0.0,8.0,80000.0,0.0,0.0,5.0,2,4,0.022727272727272728,-4.84,1.9270833333333335,1.2695312499999998,0.0,8.0,80000.0,0.0,0.0,5.0,1
128.0,2713,1.9270833333333335,1.2695312499999998,25.0,25.0,400000.0,20000.0,5.0,4.0,1,8,0.022727272727272728,-4.84,1.9270833333333335,1.2695312499999998,25.0,25.0,400000.0,20000.0,5.0,4.0,1
128.0,2723,1.9270833333333335,1.2695312499999998,25.0,25.0,400000.0,20000.0,5.0,4.0,3,8,0.022727272727272728,-4.859999999999999,1.9270833333333335,1.2695312499999998,25.0,25.0,400000.0,20000.0,5.0,4.0,1
128.0,4164,1.9270833333333335,1.2695312499999998,0.0,25.0,400000.0,0.0,0.0,1.0,1,8,0.022727272727272728,-4.840249999999999,1.9270833333333335,1.2695312499999998,0.0,25.0,400000.0,0.0,0.0,1.0,1
128.0,5704,1.9270833333333335,1.2695312499999998,12.5,12.0,120000.0,20000.0,3.0,2.0,1,8,0.022727272727272728,-4.84,1.9270833333333335,1.2695312499999998,12.5,12.0,120000.0,20000.0,3.0,2.0,1
128.0,9749,1.9270833333333335,1.2695312499999998,0.0,12.0,120000.0,0.0,0.0,3.0,1,8,0.022727272727272728,-4.840249999999999,1.9270833333333335,1.2695312499999998,0.0,12.0,120000.0,0.0,0.0,3.0,1
128.0,11089,1.9270833333333335,1.2695312499999998,0.0,12.0,120000.0,0.0,0.0,4.0,1,8,0.022727272727272728,-4.84,1.9270833333333335,1.2695312499999998,0.0,12.0,120000.0,0.0,0.0,4.0,1
124.0,922,1.9489247311827957,1.2348790322580645,12.5,8.0,80000.0,20000.0,11.0,1.0,1,8,0.022727272727272728,0.9091243750000004,1.9269326411791285,1.2694319764524666,12.5,8.0,80000.0,20000.0,13.0,1.0,0
125.0,24,1.9333333333333333,1.2666666666666666,0.0,8.0,80000.0,20000.0,3.0,2.0,2,5,0.022727272727272728,-5.048333333333334,1.9220779220779223,1.2662337662337662,0.0,8.0,80000.0,20000.0,3.0,2.0,1
124.0,2286,1.9489247311827957,1.2348790322580645,0.0,8.0,80000.0,0.0,0.0,5.0,2,1,0.022727272727272728,0.7875,1.9121447028423773,1.2596899224806202,0.0,8.0,80000.0,0.0,0.0,5.0,0
123.0,6143,1.9647696476964769,1.227981029810298,0.0,12.0,120000.0,20000.0,13.0,3.0,0,0,0.022727272727272728,0.85,1.9121447028423773,1.2596899224806202,0.0,12.0,120000.0,20000.0,14.0,3.0,0
129.0,11552,1.9121447028423773,1.2596899224806202,0.0,12.0,120000.0,0.0,0.0,2.0,3,5,0.022727272727272728,-4.82,1.9121447028423773,1.2596899224806202,0.0,12.0,120000.0,0.0,0.0,2.0,1
127.0,469,1.942257217847769,1.279527559055118,12.5,8.0,80000.0,20000.0,9.0,4.0,3,3,0.022727272727272728,-4.9883339583333335,1.92762399036517,1.2529555937373604,12.5,8.0,80000.0,20000.0,9.0,4.0,1
130.0,481,1.9230769230769231,1.25,12.5,8.0,80000.0,20000.0,9.0,4.0,3,10,0.022727272727272728,-4.9399999999999995,1.9230769230769231,1.25,12.5,8.0,80000.0,20000.0,9.0,4.0,1
130.0,1385,1.9230769230769231,1.25,0.0,8.0,80000.0,0.0,0.0,5.0,3,10,0.022727272727272728,-4.9399999999999995,1.9230769230769231,1.25,0.0,8.0,80000.0,0.0,0.0,5.0,1
130.0,5705,1.9230769230769231,1.25,12.5,12.0,120000.0,20000.0,3.0,2.0,1,9,0.022727272727272728,-4.8,1.9230769230769231,1.25,12.5,12.0,120000.0,20000.0,3.0,2.0,1
130.0,7510,1.9230769230769231,1.25,25.0,12.0,120000.0,20000.0,6.0,5.0,1,9,0.022727272727272728,-4.8,1.9230769230769231,1.25,25.0,12.0,120000.0,20000.0,6.0,5.0,1
130.0,9750,1.9230769230769231,1.25,0.0,12.0,120000.0,0.0,0.0,3.0,3,6,0.022727272727272728,-4.9399999999999995,1.9230769230769231,1.25,0.0,12.0,120000.0,0.0,0.0,3.0,1
130.0,11090,1.9230769230769231,1.25,0.0,12.0,120000.0,0.0,0.0,4.0,3,6,0.022727272727272728,-4.9399999999999995,1.9230769230769231,1.25,0.0,12.0,120000.0,0.0,0.0,4.0,1
126.0,923,1.917989417989418,1.2566137566137565,25.0,8.0,80000.0,20000.0,12.0,1.0,1,5,0.022727272727272728,0.9491243750000005,1.9229288575548915,1.2499037574106797,12.5,8.0,80000.0,20000.0,13.0,1.0,0
125.0,468,1.9333333333333333,1.2666666666666666,12.5,8.0,80000.0,20000.0,9.0,4.0,3,1,0.022727272727272728,-5.295833958333333,1.9766372696921084,1.243368605128907,12.5,8.0,80000.0,20000.0,9.0,4.0,1
129.0,10197,1.9121447028423773,1.2596899224806202,0.0,12.0,120000.0,0.0,0.0,2.0,3,5,0.022727272727272728,-5.021667083333332,1.9726123519182182,1.240836802013073,0.0,12.0,120000.0,0.0,0.0,2.0,1
115.0,6139,1.8115942028985508,1.2228260869565217,12.5,12.0,120000.0,20000.0,11.0,3.0,1,4,0.022727272727272728,-3.5866666666666664,1.9720101781170483,1.2404580152671754,0.0,12.0,120000.0,20000.0,14.0,3.0,1
125.0,7951,1.9333333333333333,1.2666666666666666,0.0,12.0,120000.0,20000.0,7.0,3.0,0,0,0.022727272727272728,0.82975,1.9720101781170483,1.2404580152671754,12.5,12.0,120000.0,20000.0,8.0,3.0,0
131.0,3450,1.9720101781170483,1.2404580152671754,25.0,25.0,400000.0,20000.0,7.0,2.0,2,6,0.022727272727272728,-4.88,1.9720101781170483,1.2404580152671754,25.0,25.0,400000.0,20000.0,7.0,2.0,1
131.0,3803,1.9720101781170483,1.2404580152671754,25.0,25.0,400000.0,20000.0,9.0,0.0,2,6,0.022727272727272728,-4.88,1.9720101781170483,1.2404580152671754,25.0,25.0,400000.0,20000.0,9.0,0.0,1
131.0,4165,1.9720101781170483,1.2404580152671754,0.0,25.0,400000.0,0.0,0.0,1.0,2,6,0.022727272727272728,-4.88,1.9720101781170483,1.2404580152671754,0.0,25.0,400000.0,0.0,0.0,1.0,1
131.0,4880,1.9720101781170483,1.2404580152671754,0.0,25.0,400000.0,0.0,0.0,5.0,2,6,0.022727272727272728,-4.88,1.9720101781170483,1.2404580152671754,0.0,25.0,400000.0,0.0,0.0,5.0,1
131.0,7954,1.9720101781170483,1.2404580152671754,12.5,12.0,120000.0,20000.0,8.0,3.0,1,7,0.022727272727272728,-4.88025,1.9720101781170483,1.2404580152671754,12.5,12.0,120000.0,20000.0,8.0,3.0,1
131.0,8389,1.9720101781170483,1.2404580152671754,50.0,12.0,120000.0,20000.0,15.0,1.0,1,7,0.022727272727272728,-4.88025,1.9720101781170483,1.2404580152671754,50.0,12.0,120000.0,20000.0,16.0,1.0,1
131.0,10198,1.9720101781170483,1.2404580152671754,0.0,12.0,120000.0,0.0,0.0,2.0,3,7,0.022727272727272728,-5.0,1.9720101781170483,1.2404580152671754,0.0,12.0,120000.0,0.0,0.0,2.0,1
131.0,11553,1.9720101781170483,1.2404580152671754,0.0,12.0,120000.0,0.0,0.0,2.0,3,9,0.022727272727272728,-5.0,1.9720101781170483,1.2404580152671754,0.0,12.0,120000.0,0.0,0.0,2.0,1
125.0,8386,1.9333333333333333,1.2666666666666666,50.0,12.0,120000.0,20000.0,15.0,1.0,0,0,0.022727272727272728,0.868832916666667,1.971859503967165,1.2403632363664427,37.5,12.0,120000.0,20000.0,14.0,1.0,0
125.0,8398,1.9333333333333333,1.2666666666666666,50.0,12.0,120000.0,20000.0,16.0,1.0,0,0,0.022727272727272728,0.868832916666667,1.971859503967165,1.2403632363664427,37.5,12.0,120000.0,20000.0,14.0,1.0,0
127.0,934,1.942257217847769,1.279527559055118,25.0,8.0,80000.0,20000.0,12.0,1.0,3,3,0.022727272727272728,0.6875,1.9823232323232323,1.2310606060606062,25.0,8.0,80000.0,20000.0,15.0,1.0,0
126.0,5703,1.917989417989418,1.2566137566137565,0.0,12.0,120000.0,20000.0,2.0,2.0,0,0,0.022727272727272728,0.81,1.9823232323232323,1.2310606060606062,0.0,12.0,120000.0,20000.0,3.0,2.0,0
126.0,7508,1.917989417989418,1.2566137566137565,0.0,12.0,120000.0,20000.0,4.0,5.0,0,0,0.022727272727272728,0.80975,1.9823232323232323,1.2310606060606062,12.5,12.0,120000.0,20000.0,6.0,5.0,0
132.0,1386,1.9823232323232323,1.2310606060606062,0.0,8.0,80000.0,0.0,0.0,5.0,2,9,0.022727272727272728,-4.9399999999999995,1.9823232323232323,1.2310606060606062,0.0,8.0,80000.0,0.0,0.0,5.0,1
132.0,4525,1.9823232323232323,1.2310606060606062,37.5,25.0,400000.0,20000.0,9.0,3.0,1,4,0.022727272727272728,-4.859999999999999,1.9823232323232323,1.2310606060606062,37.5,25.0,400000.0,20000.0,9.0,3.0,1
132.0,9751,1.9823232323232323,1.2310606060606062,0.0,12.0,120000.0,0.0,0.0,3.0,3,4,0.022727272727272728,-5.0,1.9823232323232323,1.2310606060606062,0.0,12.0,120000.0,0.0,0.0,3.0,1
132.0,11091,1.9823232323232323,1.2310606060606062,0.0,12.0,120000.0,0.0,0.0,4.0,1,4,0.022727272727272728,-4.859999999999999,1.9823232323232323,1.2310606060606062,0.0,12.0,120000.0,0.0,0.0,4.0,1
129.0,470,1.9121447028423773,1.2596899224806202,0.0,8.0,80000.0,20000.0,8.0,4.0,0,0,0.022727272727272728,0.84975,1.967418546365915,1.2218045112781954,12.5,8.0,80000.0,20000.0,9.0,4.0,0
133.0,3072,1.967418546365915,1.2218045112781954,0.0,25.0,400000.0,0.0,0.0,5.0,1,10,0.022727272727272728,-4.82,1.967418546365915,1.2218045112781954,0.0,25.0,400000.0,0.0,0.0,5.0,1
133.0,7955,1.967418546365915,1.2218045112781954,12.5,12.0,120000.0,20000.0,8.0,3.0,2,3,0.022727272727272728,-4.82,1.967418546365915,1.2218045112781954,12.5,12.0,120000.0,20000.0,8.0,3.0,1
133.0,8390,1.967418546365915,1.2218045112781954,37.5,12.0,120000.0,20000.0,14.0,1.0,2,3,0.022727272727272728,-4.82,1.967418546365915,1.2218045112781954,37.5,12.0,120000.0,20000.0,15.0,1.0,1
133.0,10199,1.967418546365915,1.2218045112781954,0.0,12.0,120000.0,0.0,0.0,2.0,1,3,0.022727272727272728,-4.8205,1.967418546365915,1.2218045112781954,0.0,12.0,120000.0,0.0,0.0,2.0,1
133.0,11554,1.967418546365915,1.2218045112781954,0.0,12.0,120000.0,0.0,0.0,2.0,1,3,0.022727272727272728,-4.82,1.967418546365915,1.2218045112781954,0.0,12.0,120000.0,0.0,0.0,2.0,1
129.0,935,1.9121447028423773,1.2596899224806202,12.5,8.0,80000.0,20000.0,13.0,1.0,0,0,0.022727272727272728,0.9288743750000005,1.9672704833769028,1.2217125613327902,25.0,8.0,80000.0,20000.0,16.0,1.0,0
113.0,3444,1.8141592920353982,1.2075958702064897,50.0,25.0,400000.0,20000.0,9.0,2.0,0,0,0.022727272727272728,0.7795498000000002,1.9672704833769028,1.2217125613327902,12.5,25.0,400000.0,20000.0,6.0,2.0,0
113.0,2708,1.8141592920353982,1.2075958702064897,12.5,25.0,400000.0,20000.0,4.0,4.0,0,0,0.022727272727272728,0.7790498000000001,1.9672704833769028,1.2217125613327902,37.5,25.0,400000.0,20000.0,6.0,4.0,0
130.0,2289,1.9230769230769231,1.25,0.0,8.0,80000.0,0.0,0.0,5.0,1,3,0.022727272727272728,-5.028333333333334,1.9625,1.2187499999999998,0.0,8.0,80000.0,0.0,0.0,5.0,1
128.0,7051,1.9270833333333335,1.2695312499999998,0.0,12.0,120000.0,20000.0,4.0,4.0,0,0,0.022727272727272728,0.8495,1.95273631840796,1.212686567164179,25.0,12.0,120000.0,20000.0,6.0,4.0,0
134.0,1387,1.95273631840796,1.212686567164179,0.0,8.0,80000.0,0.0,0.0,5.0,3,4,0.022727272727272728,-5.0,1.95273631840796,1.212686567164179,0.0,8.0,80000.0,0.0,0.0,5.0,1
134.0,2291,1.95273631840796,1.212686567164179,0.0,8.0,80000.0,0.0,0.0,5.0,3,4,0.022727272727272728,-5.0,1.95273631840796,1.212686567164179,0.0,8.0,80000.0,0.0,0.0,5.0,1
134.0,3451,1.95273631840796,1.212686567164179,12.5,25.0,400000.0,20000.0,6.0,2.0,2,9,0.022727272727272728,-4.84,1.95273631840796,1.212686567164179,12.5,25.0,400000.0,20000.0,6.0,2.0,1
134.0,3804,1.95273631840796,1.212686567164179,25.0,25.0,400000.0,20000.0,9.0,0.0,2,4,0.022727272727272728,-4.84,1.95273631840796,1.212686567164179,25.0,25.0,400000.0,20000.0,9.0,0.0,1
134.0,4166,1.95273631840796,1.212686567164179,0.0,25.0,400000.0,0.0,0.0,1.0,2,4,0.022727272727272728,-4.84,1.95273631840796,1.212686567164179,0.0,25.0,400000.0,0.0,0.0,1.0,1
134.0,4881,1.95273631840796,1.212686567164179,0.0,25.0,400000.0,0.0,0.0,5.0,2,4,0.022727272727272728,-4.84,1.95273631840796,1.212686567164179,0.0,25.0,400000.0,0.0,0.0,5.0,1
134.0,5707,1.95273631840796,1.212686567164179,12.5,12.0,120000.0,20000.0,3.0,2.0,2,4,0.022727272727272728,-4.84,1.95273631840796,1.212686567164179,12.5,12.0,120000.0,20000.0,3.0,2.0,1
134.0,7054,1.95273631840796,1.212686567164179,25.0,12.0,120000.0,20000.0,6.0,4.0,2,10,0.022727272727272728,-4.84,1.95273631840796,1.212686567164179,25.0,12.0,120000.0,20000.0,6.0,4.0,1
134.0,7512,1.95273631840796,1.212686567164179,25.0,12.0,120000.0,20000.0,6.0,5.0,2,6,0.022727272727272728,-4.84,1.95273631840796,1.212686567164179,25.0,12.0,120000.0,20000.0,6.0,5.0,1
134.0,11092,1.95273631840796,1.212686567164179,0.0,12.0,120000.0,0.0,0.0,4.0,3,2,0.022727272727272728,-4.96,1.95273631840796,1.212686567164179,0.0,12.0,120000.0,0.0,0.0,4.0,1
128.0,7509,1.9270833333333335,1.2695312499999998,12.5,12.0,120000.0,20000.0,5.0,5.0,0,0,0.022727272727272728,0.9493329166666671,1.9525904569865093,1.212595984434297,12.5,12.0,120000.0,20000.0,5.0,5.0,0
135.0,473,1.9382716049382713,1.2037037037037037,12.5,8.0,80000.0,20000.0,9.0,4.0,3,7,0.022727272727272728,-5.0,1.9382716049382713,1.2037037037037037,12.5,8.0,80000.0,20000.0,9.0,4.0,1
135.0,938,1.9382716049382713,1.2037037037037037,25.0,8.0,80000.0,20000.0,16.0,1.0,3,7,0.022727272727272728,-5.0,1.9382716049382713,1.2037037037037037,25.0,8.0,80000.0,20000.0,16.0,1.0,1
135.0,4526,1.9382716049382713,1.2037037037037037,37.5,25.0,400000.0,20000.0,9.0,3.0,1,7,0.022727272727272728,-4.92,1.9382716049382713,1.2037037037037037,37.5,25.0,400000.0,20000.0,9.0,3.0,1
135.0,7956,1.9382716049382713,1.2037037037037037,12.5,12.0,120000.0,20000.0,8.0,3.0,1,7,0.022727272727272728,-4.92,1.9382716049382713,1.2037037037037037,12.5,12.0,120000.0,20000.0,8.0,3.0,1
135.0,10200,1.9382716049382713,1.2037037037037037,0.0,12.0,120000.0,0.0,0.0,2.0,3,9,0.022727272727272728,-5.0,1.9382716049382713,1.2037037037037037,0.0,12.0,120000.0,0.0,0.0,2.0,1
135.0,11555,1.9382716049382713,1.2037037037037037,0.0,12.0,120000.0,0.0,0.0,2.0,3,9,0.022727272727272728,-5.0,1.9382716049382713,1.2037037037037037,0.0,12.0,120000.0,0.0,0.0,2.0,1
131.0,936,1.9720101781170483,1.2404580152671754,12.5,8.0,80000.0,20000.0,13.0,1.0,1,2,0.022727272727272728,0.8291243750000004,1.9381278963438835,1.2036144579205645,12.5,8.0,80000.0,20000.0,15.0,1.0,0
129.0,7953,1.9121447028423773,1.2596899224806202,12.5,12.0,120000.0,20000.0,8.0,3.0,0,0,0.022727272727272728,0.8295829166666671,1.9381278963438835,1.2036144579205645,0.0,12.0,120000.0,20000.0,7.0,3.0,0
129.0,8388,1.9121447028423773,1.2596899224806202,25.0,12.0,120000.0,20000.0,13.0,1.0,0,0,0.022727272727272728,0.828582916666667,1.9381278963438835,1.2036144579205645,50.0,12.0,120000.0,20000.0,15.0,1.0,0
129.0,8400,1.9121447028423773,1.2596899224806202,25.0,12.0,120000.0,20000.0,14.0,1.0,0,0,0.022727272727272728,0.828582916666667,1.9381278963438835,1.2036144579205645,50.0,12.0,120000.0,20000.0,15.0,1.0,0
134.0,9752,1.95273631840796,1.212686567164179,0.0,12.0,120000.0,0.0,0.0,3.0,3,2,0.022727272727272728,0.9166666666666666,1.9607843137254901,1.1948529411764706,0.0,12.0,120000.0,0.0,0.0,3.0,0
136.0,1388,1.9607843137254901,1.1948529411764706,0.0,8.0,80000.0,0.0,0.0,5.0,3,9,0.022727272727272728,-5.0,1.9607843137254901,1.1948529411764706,0.0,8.0,80000.0,0.0,0.0,5.0,1
136.0,2292,1.9607843137254901,1.1948529411764706,0.0,8.0,80000.0,0.0,0.0,5.0,3,9,0.022727272727272728,-5.0,1.9607843137254901,1.1948529411764706,0.0,8.0,80000.0,0.0,0.0,5.0,1
136.0,3073,1.9607843137254901,1.1948529411764706,0.0,25.0,400000.0,0.0,0.0,5.0,3,9,0.022727272727272728,-5.0,1.9607843137254901,1.1948529411764706,0.0,25.0,400000.0,0.0,0.0,5.0,1
136.0,11093,1.9607843137254901,1.1948529411764706,0.0,12.0,120000.0,0.0,0.0,4.0,3,5,0.022727272727272728,-5.0,1.9607843137254901,1.1948529411764706,0.0,12.0,120000.0,0.0,0.0,4.0,1
132.0,482,1.9823232323232323,1.2310606060606062,12.5,8.0,80000.0,20000.0,9.0,4.0,0,0,0.022727272727272728,0.9491243750000005,1.9606400048545445,1.1947650029582384,12.5,8.0,80000.0,20000.0,9.0,4.0,0
130.0,7052,1.9230769230769231,1.25,12.5,12.0,120000.0,20000.0,5.0,4.0,0,0,0.022727272727272728,0.9493329166666671,1.9606400048545445,1.1947650029582384,12.5,12.0,120000.0,20000.0,5.0,4.0,0
132.0,2290,1.9823232323232323,1.2310606060606062,0.0,8.0,80000.0,0.0,0.0,5.0,1,4,0.022727272727272728,0.7675000000000001,1.9464720194647203,1.186131386861314,0.0,8.0,80000.0,0.0,0.0,5.0,0
137.0,4167,1.9464720194647203,1.186131386861314,0.0,25.0,400000.0,0.0,0.0,1.0,1,5,0.022727272727272728,-4.8805,1.9464720194647203,1.186131386861314,0.0,25.0,400000.0,0.0,0.0,1.0,1
137.0,4882,1.9464720194647203,1.186131386861314,0.0,25.0,400000.0,0.0,0.0,5.0,1,5,0.022727272727272728,-4.88,1.9464720194647203,1.186131386861314,0.0,25.0,400000.0,0.0,0.0,5.0,1
137.0,6145,1.9464720194647203,1.186131386861314,12.5,12.0,120000.0,20000.0,17.0,3.0,1,9,0.022727272727272728,-4.88025,1.9464720194647203,1.186131386861314,25.0,12.0,120000.0,20000.0,17.0,3.0,1
137.0,7957,1.9464720194647203,1.186131386861314,0.0,12.0,120000.0,20000.0,7.0,3.0,1,9,0.022727272727272728,-4.88,1.9464720194647203,1.186131386861314,0.0,12.0,120000.0,20000.0,7.0,3.0,1
137.0,8392,1.9464720194647203,1.186131386861314,50.0,12.0,120000.0,20000.0,15.0,1.0,2,9,0.022727272727272728,-4.88,1.9464720194647203,1.186131386861314,50.0,12.0,120000.0,20000.0,15.0,1.0,1
137.0,8404,1.9464720194647203,1.186131386861314,50.0,12.0,120000.0,20000.0,15.0,1.0,2,9,0.022727272727272728,-4.88,1.9464720194647203,1.186131386861314,50.0,12.0,120000.0,20000.0,15.0,1.0,1
137.0,11556,1.9464720194647203,1.186131386861314,0.0,12.0,120000.0,0.0,0.0,2.0,1,4,0.022727272727272728,-4.80025,1.9464720194647203,1.186131386861314,0.0,12.0,120000.0,0.0,0.0,2.0,1
133.0,937,1.967418546365915,1.2218045112781954,25.0,8.0,80000.0,20000.0,15.0,1.0,1,10,0.022727272727272728,0.9491243750000005,1.9463298095275423,1.1860447276808461,12.5,8.0,80000.0,20000.0,15.0,1.0,0
131.0,8401,1.9720101781170483,1.2404580152671754,50.0,12.0,120000.0,20000.0,15.0,1.0,0,0,0.022727272727272728,0.9488329166666669,1.9463298095275423,1.1860447276808461,37.5,12.0,120000.0,20000.0,14.0,1.0,0
130.0,3071,1.9230769230769231,1.25,0.0,25.0,400000.0,0.0,0.0,5.0,1,3,0.022727272727272728,-4.953533533333333,1.9369051688566088,1.1803015872719957,0.0,25.0,400000.0,0.0,0.0,5.0,1
138.0,1389,1.932367149758454,1.2228260869565217,0.0,8.0,80000.0,0.0,0.0,5.0,3,9,0.022727272727272728,-5.0,1.932367149758454,1.2228260869565217,0.0,8.0,80000.0,0.0,0.0,5.0,1
138.0,2293,1.932367149758454,1.2228260869565217,0.0,8.0,80000.0,0.0,0.0,5.0,3,9,0.022727272727272728,-5.0,1.932367149758454,1.2228260869565217,0.0,8.0,80000.0,0.0,0.0,5.0,1
138.0,4527,1.932367149758454,1.2228260869565217,37.5,25.0,400000.0,20000.0,9.0,3.0,2,7,0.022727272727272728,-4.92,1.932367149758454,1.2228260869565217,37.5,25.0,400000.0,20000.0,9.0,3.0,1
138.0,5709,1.932367149758454,1.2228260869565217,12.5,12.0,120000.0,20000.0,3.0,2.0,2,6,0.022727272727272728,-4.8,1.932367149758454,1.2228260869565217,12.5,12.0,120000.0,20000.0,3.0,2.0,1
138.0,7056,1.932367149758454,1.2228260869565217,12.5,12.0,120000.0,20000.0,5.0,4.0,2,7,0.022727272727272728,-4.8,1.932367149758454,1.2228260869565217,12.5,12.0,120000.0,20000.0,5.0,4.0,1
138.0,7514,1.932367149758454,1.2228260869565217,12.5,12.0,120000.0,20000.0,5.0,5.0,2,7,0.022727272727272728,-4.8,1.932367149758454,1.2228260869565217,12.5,12.0,120000.0,20000.0,5.0,5.0,1
138.0,9754,1.932367149758454,1.2228260869565217,0.0,12.0,120000.0,0.0,0.0,3.0,2,7,0.022727272727272728,-4.8,1.932367149758454,1.2228260869565217,0.0,12.0,120000.0,0.0,0.0,3.0,1
138.0,11094,1.932367149758454,1.2228260869565217,0.0,12.0,120000.0,0.0,0.0,4.0,2,7,0.022727272727272728,-4.8,1.932367149758454,1.2228260869565217,0.0,12.0,120000.0,0.0,0.0,4.0,1
138.0,11996,1.932367149758454,1.2228260869565217,0.0,12.0,120000.0,0.0,0.0,1.0,2,7,0.022727272727272728,-4.8,1.932367149758454,1.2228260869565217,0.0,12.0,120000.0,0.0,0.0,1.0,1
132.0,5706,1.9823232323232323,1.2310606060606062,0.0,12.0,120000.0,20000.0,2.0,2.0,0,0,0.022727272727272728,0.9495829166666669,1.932226993293216,1.2227373941933632,0.0,12.0,120000.0,20000.0,2.0,2.0,0
132.0,7053,1.9823232323232323,1.2310606060606062,25.0,12.0,120000.0,20000.0,6.0,4.0,0,0,0.022727272727272728,0.9495829166666669,1.932226993293216,1.2227373941933632,0.0,12.0,120000.0,20000.0,4.0,4.0,0
132.0,7511,1.9823232323232323,1.2310606060606062,12.5,12.0,120000.0,20000.0,5.0,5.0,0,0,0.022727272727272728,0.9495829166666669,1.932226993293216,1.2227373941933632,0.0,12.0,120000.0,20000.0,4.0,5.0,0
139.0,3074,1.9184652278177456,1.2365107913669062,0.0,25.0,400000.0,0.0,0.0,5.0,2,7,0.022727272727272728,-4.8,1.9184652278177456,1.2365107913669062,0.0,25.0,400000.0,0.0,0.0,5.0,1
139.0,6146,1.9184652278177456,1.2365107913669062,25.0,12.0,120000.0,20000.0,17.0,3.0,2,7,0.022727272727272728,-4.8,1.9184652278177456,1.2365107913669062,25.0,12.0,120000.0,20000.0,17.0,3.0,1
139.0,7958,1.9184652278177456,1.2365107913669062,0.0,12.0,120000.0,20000.0,7.0,3.0,3,3,0.022727272727272728,-5.0,1.9184652278177456,1.2365107913669062,0.0,12.0,120000.0,20000.0,7.0,3.0,1
139.0,8393,1.9184652278177456,1.2365107913669062,37.5,12.0,120000.0,20000.0,14.0,1.0,3,3,0.022727272727272728,-5.0,1.9184652278177456,1.2365107913669062,37.5,12.0,120000.0,20000.0,14.0,1.0,1
139.0,8405,1.9184652278177456,1.2365107913669062,37.5,12.0,120000.0,20000.0,14.0,1.0,3,2,0.022727272727272728,-5.0,1.9184652278177456,1.2365107913669062,37.5,12.0,120000.0,20000.0,14.0,1.0,1
139.0,10202,1.9184652278177456,1.2365107913669062,0.0,12.0,120000.0,0.0,0.0,2.0,3,2,0.022727272727272728,-5.0,1.9184652278177456,1.2365107913669062,0.0,12.0,120000.0,0.0,0.0,2.0,1
139.0,11557,1.9184652278177456,1.2365107913669062,0.0,12.0,120000.0,0.0,0.0,2.0,3,2,0.022727272727272728,-5.0,1.9184652278177456,1.2365107913669062,0.0,12.0,120000.0,0.0,0.0,2.0,1
136.0,7055,1.9607843137254901,1.1948529411764706,25.0,12.0,120000.0,20000.0,6.0,4.0,1,1,0.022727272727272728,-4.925,1.9184652278177456,1.2365107913669062,0.0,12.0,120000.0,20000.0,4.0,4.0,1
133.0,8402,1.967418546365915,1.2218045112781954,37.5,12.0,120000.0,20000.0,14.0,1.0,0,0,0.022727272727272728,0.949082916666667,1.9183270806661095,1.2364217512105784,25.0,12.0,120000.0,20000.0,13.0,1.0,0
119.0,2710,1.9187675070028012,1.2167366946778713,12.5,25.0,400000.0,20000.0,4.0,4.0,0,0,0.022727272727272728,0.7987998000000001,1.9183270806661095,1.2364217512105784,50.0,25.0,400000.0,20000.0,7.0,4.0,0
140.0,2294,1.9047619047619049,1.242559523809524,0.0,8.0,80000.0,0.0,0.0,5.0,2,8,0.022727272727272728,-4.82,1.9047619047619049,1.242559523809524,0.0,8.0,80000.0,0.0,0.0,5.0,1
140.0,3453,1.9047619047619049,1.242559523809524,25.0,25.0,400000.0,20000.0,8.0,2.0,3,10,0.022727272727272728,-4.96,1.9047619047619049,1.242559523809524,25.0,25.0,400000.0,20000.0,8.0,2.0,1
140.0,3806,1.9047619047619049,1.242559523809524,37.5,25.0,400000.0,20000.0,11.0,0.0,3,10,0.022727272727272728,-4.96,1.9047619047619049,1.242559523809524,37.5,25.0,400000.0,20000.0,11.0,0.0,1
140.0,4168,1.9047619047619049,1.242559523809524,0.0,25.0,400000.0,0.0,0.0,1.0,2,3,0.022727272727272728,-4.82,1.9047619047619049,1.242559523809524,0.0,25.0,400000.0,0.0,0.0,1.0,1
140.0,4883,1.9047619047619049,1.242559523809524,0.0,25.0,400000.0,0.0,0.0,5.0,2,3,0.022727272727272728,-4.82,1.9047619047619049,1.242559523809524,0.0,25.0,400000.0,0.0,0.0,5.0,1
140.0,5246,1.9047619047619049,1.242559523809524,0.0,12.0,120000.0,20000.0,5.0,5.0,1,3,0.022727272727272728,-4.82,1.9047619047619049,1.242559523809524,0.0,12.0,120000.0,20000.0,5.0,5.0,1
140.0,7057,1.9047619047619049,1.242559523809524,0.0,12.0,120000.0,20000.0,4.0,4.0,2,8,0.022727272727272728,-4.82,1.9047619047619049,1.242559523809524,0.0,12.0,120000.0,20000.0,4.0,4.0,1
140.0,7515,1.9047619047619049,1.242559523809524,0.0,12.0,120000.0,20000.0,4.0,5.0,2,8,0.022727272727272728,-4.82,1.9047619047619049,1.242559523809524,0.0,12.0,120000.0,20000.0,4.0,5.0,1
140.0,9755,1.9047619047619049,1.242559523809524,0.0,12.0,120000.0,0.0,0.0,3.0,3,10,0.022727272727272728,-4.96,1.9047619047619049,1.242559523809524,0.0,12.0,120000.0,0.0,0.0,3.0,1
140.0,10645,1.9047619047619049,1.242559523809524,0.0,12.0,120000.0,0.0,0.0,4.0,3,10,0.022727272727272728,-4.96,1.9047619047619049,1.242559523809524,0.0,12.0,120000.0,0.0,0.0,4.0,1
137.0,10201,1.9464720194647203,1.186131386861314,0.0,12.0,120000.0,0.0,0.0,2.0,2,4,0.022727272727272728,-4.925,1.9047619047619049,1.242559523809524,0.0,12.0,120000.0,0.0,0.0,2.0,1
136.0,11995,1.9607843137254901,1.1948529411764706,0.0,12.0,120000.0,0.0,0.0,1.0,2,1,0.022727272727272728,-4.966666666666667,1.9047619047619049,1.242559523809524,0.0,12.0,120000.0,0.0,0.0,1.0,1
134.0,483,1.95273631840796,1.212686567164179,12.5,8.0,80000.0,20000.0,9.0,4.0,1,3,0.022727272727272728,-5.17525,1.9047619047619049,1.242559523809524,37.5,8.0,80000.0,20000.0,12.0,4.0,1
136.0,484,1.9607843137254901,1.1948529411764706,12.5,8.0,80000.0,20000.0,9.0,4.0,0,0,0.022727272727272728,0.9488743750000004,1.904625724022637,1.242470687155392,25.0,8.0,80000.0,20000.0,11.0,4.0,0
141.0,7959,1.8912529550827424,1.2485224586288415,0.0,12.0,120000.0,20000.0,8.0,3.0,3,5,0.022727272727272728,-4.96,1.8912529550827424,1.2485224586288415,0.0,12.0,120000.0,20000.0,8.0,3.0,1
141.0,8394,1.8912529550827424,1.2485224586288415,25.0,12.0,120000.0,20000.0,13.0,1.0,3,8,0.022727272727272728,-4.96,1.8912529550827424,1.2485224586288415,25.0,12.0,120000.0,20000.0,13.0,1.0,1
141.0,8406,1.8912529550827424,1.2485224586288415,25.0,12.0,120000.0,20000.0,13.0,1.0,3,8,0.022727272727272728,-4.96,1.8912529550827424,1.2485224586288415,25.0,12.0,120000.0,20000.0,13.0,1.0,1
141.0,11558,1.8912529550827424,1.2485224586288415,0.0,12.0,120000.0,0.0,0.0,2.0,1,9,0.022727272727272728,-4.84,1.8912529550827424,1.2485224586288415,0.0,12.0,120000.0,0.0,0.0,2.0,1
137.0,474,1.9464720194647203,1.186131386861314,12.5,8.0,80000.0,20000.0,9.0,4.0,0,0,0.022727272727272728,0.9291243750000004,1.8911186990672977,1.248433828681146,12.5,8.0,80000.0,20000.0,10.0,4.0,0
137.0,939,1.9464720194647203,1.186131386861314,12.5,8.0,80000.0,20000.0,15.0,1.0,0,0,0.022727272727272728,0.9291243750000004,1.8911186990672977,1.248433828681146,12.5,8.0,80000.0,20000.0,16.0,1.0,0
135.0,8391,1.9382716049382713,1.2037037037037037,50.0,12.0,120000.0,20000.0,15.0,1.0,0,0,0.022727272727272728,0.929582916666667,1.8911186990672977,1.248433828681146,0.0,12.0,120000.0,20000.0,11.0,1.0,0
135.0,8403,1.9382716049382713,1.2037037037037037,50.0,12.0,120000.0,20000.0,16.0,1.0,0,0,0.022727272727272728,0.929582916666667,1.8911186990672977,1.248433828681146,0.0,12.0,120000.0,20000.0,11.0,1.0,0
138.0,5245,1.932367149758454,1.2228260869565217,0.0,12.0,120000.0,20000.0,5.0,5.0,2,6,0.022727272727272728,-4.945417083333333,1.8911186990672977,1.248433828681146,0.0,12.0,120000.0,20000.0,5.0,5.0,1
139.0,940,1.9184652278177456,1.2365107913669062,12.5,8.0,80000.0,20000.0,15.0,1.0,2,7,0.022727272727272728,-4.965833333333334,1.8867924528301887,1.245577830188679,12.5,8.0,80000.0,20000.0,16.0,1.0,1
136.0,7513,1.9607843137254901,1.1948529411764706,12.5,12.0,120000.0,20000.0,5.0,5.0,1,1,0.022727272727272728,0.85,1.8779342723004695,1.239730046948357,0.0,12.0,120000.0,20000.0,4.0,5.0,0
142.0,1391,1.8779342723004695,1.239730046948357,0.0,8.0,80000.0,0.0,0.0,5.0,3,9,0.022727272727272728,-5.0,1.8779342723004695,1.239730046948357,0.0,8.0,80000.0,0.0,0.0,5.0,1
142.0,2295,1.8779342723004695,1.239730046948357,0.0,8.0,80000.0,0.0,0.0,5.0,3,9,0.022727272727272728,-5.0,1.8779342723004695,1.239730046948357,0.0,8.0,80000.0,0.0,0.0,5.0,1
142.0,5247,1.8779342723004695,1.239730046948357,0.0,12.0,120000.0,20000.0,5.0,5.0,2,3,0.022727272727272728,-4.84,1.8779342723004695,1.239730046948357,0.0,12.0,120000.0,20000.0,5.0,5.0,1
142.0,9756,1.8779342723004695,1.239730046948357,0.0,12.0,120000.0,0.0,0.0,3.0,1,10,0.022727272727272728,-4.84,1.8779342723004695,1.239730046948357,0.0,12.0,120000.0,0.0,0.0,3.0,1
142.0,10646,1.8779342723004695,1.239730046948357,0.0,12.0,120000.0,0.0,0.0,4.0,1,9,0.022727272727272728,-4.84,1.8779342723004695,1.239730046948357,0.0,12.0,120000.0,0.0,0.0,4.0,1
142.0,11998,1.8779342723004695,1.239730046948357,0.0,12.0,120000.0,0.0,0.0,1.0,1,9,0.022727272727272728,-4.84,1.8779342723004695,1.239730046948357,0.0,12.0,120000.0,0.0,0.0,1.0,1
138.0,485,1.932367149758454,1.2228260869565217,25.0,8.0,80000.0,20000.0,11.0,4.0,1,4,0.022727272727272728,0.9091243750000004,1.877801900490442,1.2396426608706435,12.5,8.0,80000.0,20000.0,10.0,4.0,0
122.0,3800,1.9808743169398908,1.2209699453551912,12.5,25.0,400000.0,20000.0,6.0,0.0,0,0,0.022727272727272728,0.7592998000000002,1.877801900490442,1.2396426608706435,25.0,25.0,400000.0,20000.0,10.0,0.0,0
140.0,1390,1.9047619047619049,1.242559523809524,0.0,8.0,80000.0,0.0,0.0,5.0,2,4,0.022727272727272728,-4.985833333333334,1.8969555035128804,1.2368266978922717,0.0,8.0,80000.0,0.0,0.0,5.0,1
140.0,486,1.9047619047619049,1.242559523809524,37.5,8.0,80000.0,20000.0,12.0,4.0,3,2,0.022727272727272728,0.8125,1.8881118881118881,1.231060606060606,12.5,8.0,80000.0,20000.0,10.0,4.0,0
131.0,471,1.9720101781170483,1.2404580152671754,12.5,8.0,80000.0,20000.0,9.0,4.0,1,2,0.022727272727272728,-3.6105,1.8881118881118881,1.231060606060606,12.5,8.0,80000.0,20000.0,10.0,4.0,1
143.0,3807,1.8881118881118881,1.231060606060606,25.0,25.0,400000.0,20000.0,10.0,0.0,3,6,0.022727272727272728,-5.0,1.8881118881118881,1.231060606060606,25.0,25.0,400000.0,20000.0,10.0,0.0,1
143.0,4169,1.8881118881118881,1.231060606060606,0.0,25.0,400000.0,0.0,0.0,1.0,3,6,0.022727272727272728,-5.0,1.8881118881118881,1.231060606060606,0.0,25.0,400000.0,0.0,0.0,1.0,1
143.0,4884,1.8881118881118881,1.231060606060606,0.0,25.0,400000.0,0.0,0.0,5.0,2,6,0.022727272727272728,-4.82,1.8881118881118881,1.231060606060606,0.0,25.0,400000.0,0.0,0.0,5.0,1
143.0,6148,1.8881118881118881,1.231060606060606,37.5,12.0,120000.0,20000.0,18.0,3.0,1,8,0.022727272727272728,-4.82025,1.8881118881118881,1.231060606060606,37.5,12.0,120000.0,20000.0,18.0,3.0,1
143.0,10204,1.8881118881118881,1.231060606060606,0.0,12.0,120000.0,0.0,0.0,2.0,1,1,0.022727272727272728,-4.8,1.8881118881118881,1.231060606060606,0.0,12.0,120000.0,0.0,0.0,2.0,1
143.0,11559,1.8881118881118881,1.231060606060606,0.0,12.0,120000.0,0.0,0.0,2.0,1,1,0.022727272727272728,-4.8,1.8881118881118881,1.231060606060606,0.0,12.0,120000.0,0.0,0.0,2.0,1
123.0,4522,1.9647696476964769,1.227981029810298,12.5,25.0,400000.0,20000.0,5.0,3.0,0,0,0.022727272727272728,0.7992998000000002,1.887979729530821,1.2309744378499565,25.0,25.0,400000.0,20000.0,8.0,3.0,0
136.0,9753,1.9607843137254901,1.1948529411764706,0.0,12.0,120000.0,0.0,0.0,3.0,1,1,0.022727272727272728,-5.092583749999999,1.887979729530821,1.2309744378499565,0.0,12.0,120000.0,0.0,0.0,3.0,1
144.0,4529,1.875,1.2225115740740742,25.0,25.0,400000.0,20000.0,8.0,3.0,2,1,0.022727272727272728,-4.8,1.875,1.2225115740740742,25.0,25.0,400000.0,20000.0,8.0,3.0,1
144.0,5248,1.875,1.2225115740740742,0.0,12.0,120000.0,20000.0,5.0,5.0,2,9,0.022727272727272728,-4.8,1.875,1.2225115740740742,0.0,12.0,120000.0,20000.0,5.0,5.0,1
144.0,5712,1.875,1.2225115740740742,25.0,12.0,120000.0,20000.0,4.0,2.0,2,9,0.022727272727272728,-4.8,1.875,1.2225115740740742,25.0,12.0,120000.0,20000.0,4.0,2.0,1
144.0,7059,1.875,1.2225115740740742,12.5,12.0,120000.0,20000.0,5.0,4.0,3,3,0.022727272727272728,-5.0,1.875,1.2225115740740742,12.5,12.0,120000.0,20000.0,5.0,4.0,1
144.0,7517,1.875,1.2225115740740742,12.5,12.0,120000.0,20000.0,5.0,5.0,3,3,0.022727272727272728,-5.0,1.875,1.2225115740740742,12.5,12.0,120000.0,20000.0,5.0,5.0,1
144.0,9757,1.875,1.2225115740740742,0.0,12.0,120000.0,0.0,0.0,3.0,2,6,0.022727272727272728,-4.8,1.875,1.2225115740740742,0.0,12.0,120000.0,0.0,0.0,3.0,1
144.0,10647,1.875,1.2225115740740742,0.0,12.0,120000.0,0.0,0.0,4.0,2,6,0.022727272727272728,-4.8,1.875,1.2225115740740742,0.0,12.0,120000.0,0.0,0.0,4.0,1
144.0,11999,1.875,1.2225115740740742,0.0,12.0,120000.0,0.0,0.0,1.0,2,4,0.022727272727272728,-4.8,1.875,1.2225115740740742,0.0,12.0,120000.0,0.0,0.0,1.0,1
136.0,5708,1.9607843137254901,1.1948529411764706,12.5,12.0,120000.0,20000.0,3.0,2.0,1,1,0.022727272727272728,-5.133333333333333,1.875,1.2225115740740742,25.0,12.0,120000.0,20000.0,4.0,2.0,1
145.0,25,1.862068965517241,1.214080459770115,0.0,8.0,80000.0,20000.0,3.0,2.0,2,4,0.022727272727272728,-4.84,1.862068965517241,1.214080459770115,0.0,8.0,80000.0,20000.0,3.0,2.0,1
145.0,943,1.862068965517241,1.214080459770115,37.5,8.0,80000.0,20000.0,17.0,1.0,1,7,0.022727272727272728,-4.840249999999999,1.862068965517241,1.214080459770115,37.5,8.0,80000.0,20000.0,17.0,1.0,1
145.0,3076,1.862068965517241,1.214080459770115,0.0,25.0,400000.0,0.0,0.0,5.0,1,7,0.022727272727272728,-4.84,1.862068965517241,1.214080459770115,0.0,25.0,400000.0,0.0,0.0,5.0,1
145.0,6149,1.862068965517241,1.214080459770115,25.0,12.0,120000.0,20000.0,17.0,3.0,3,5,0.022727272727272728,-5.0,1.862068965517241,1.214080459770115,25.0,12.0,120000.0,20000.0,17.0,3.0,1
145.0,6595,1.862068965517241,1.214080459770115,0.0,12.0,120000.0,20000.0,6.0,5.0,3,5,0.022727272727272728,-5.0,1.862068965517241,1.214080459770115,0.0,12.0,120000.0,20000.0,6.0,5.0,1
145.0,7961,1.862068965517241,1.214080459770115,12.5,12.0,120000.0,20000.0,9.0,3.0,2,4,0.022727272727272728,-4.84,1.862068965517241,1.214080459770115,12.5,12.0,120000.0,20000.0,9.0,3.0,1
145.0,8408,1.862068965517241,1.214080459770115,12.5,12.0,120000.0,20000.0,15.0,1.0,2,4,0.022727272727272728,-4.84,1.862068965517241,1.214080459770115,12.5,12.0,120000.0,20000.0,15.0,1.0,1
145.0,10205,1.862068965517241,1.214080459770115,0.0,12.0,120000.0,0.0,0.0,2.0,2,6,0.022727272727272728,-4.84,1.862068965517241,1.214080459770115,0.0,12.0,120000.0,0.0,0.0,2.0,1
145.0,11560,1.862068965517241,1.214080459770115,0.0,12.0,120000.0,0.0,0.0,2.0,2,6,0.022727272727272728,-4.84,1.862068965517241,1.214080459770115,0.0,12.0,120000.0,0.0,0.0,2.0,1
133.0,472,1.967418546365915,1.2218045112781954,12.5,8.0,80000.0,20000.0,9.0,4.0,1,4,0.022727272727272728,-3.5906256249999995,1.861940427422907,1.2139966521391639,25.0,8.0,80000.0,20000.0,12.0,4.0,1
141.0,941,1.8912529550827424,1.2485224586288415,12.5,8.0,80000.0,20000.0,15.0,1.0,1,1,0.022727272727272728,0.9088743750000005,1.861940427422907,1.2139966521391639,25.0,8.0,80000.0,20000.0,16.0,1.0,0
140.0,5710,1.9047619047619049,1.242559523809524,0.0,12.0,120000.0,20000.0,2.0,2.0,1,3,0.022727272727272728,0.88975,1.8493150684931507,1.2057648401826484,12.5,12.0,120000.0,20000.0,4.0,2.0,0
146.0,1393,1.8493150684931507,1.2057648401826484,0.0,8.0,80000.0,0.0,0.0,5.0,2,6,0.022727272727272728,-4.859999999999999,1.8493150684931507,1.2057648401826484,0.0,8.0,80000.0,0.0,0.0,5.0,1
146.0,2297,1.8493150684931507,1.2057648401826484,0.0,8.0,80000.0,0.0,0.0,5.0,3,7,0.022727272727272728,-5.0,1.8493150684931507,1.2057648401826484,0.0,8.0,80000.0,0.0,0.0,5.0,1
146.0,2719,1.8493150684931507,1.2057648401826484,87.5,25.0,400000.0,20000.0,10.0,4.0,3,7,0.022727272727272728,-5.0,1.8493150684931507,1.2057648401826484,87.5,25.0,400000.0,20000.0,10.0,4.0,1
146.0,2729,1.8493150684931507,1.2057648401826484,87.5,25.0,400000.0,20000.0,10.0,4.0,1,5,0.022727272727272728,-4.859999999999999,1.8493150684931507,1.2057648401826484,87.5,25.0,400000.0,20000.0,10.0,4.0,1
146.0,3455,1.8493150684931507,1.2057648401826484,25.0,25.0,400000.0,20000.0,8.0,2.0,1,5,0.022727272727272728,-4.859999999999999,1.8493150684931507,1.2057648401826484,25.0,25.0,400000.0,20000.0,8.0,2.0,1
146.0,4170,1.8493150684931507,1.2057648401826484,0.0,25.0,400000.0,0.0,0.0,1.0,2,5,0.022727272727272728,-4.859999999999999,1.8493150684931507,1.2057648401826484,0.0,25.0,400000.0,0.0,0.0,1.0,1
146.0,4885,1.8493150684931507,1.2057648401826484,0.0,25.0,400000.0,0.0,0.0,5.0,1,5,0.022727272727272728,-4.859999999999999,1.8493150684931507,1.2057648401826484,0.0,25.0,400000.0,0.0,0.0,5.0,1
146.0,5249,1.8493150684931507,1.2057648401826484,0.0,12.0,120000.0,20000.0,5.0,5.0,1,5,0.022727272727272728,-4.859999999999999,1.8493150684931507,1.2057648401826484,0.0,12.0,120000.0,20000.0,5.0,5.0,1
146.0,7518,1.8493150684931507,1.2057648401826484,12.5,12.0,120000.0,20000.0,5.0,5.0,2,4,0.022727272727272728,-4.859999999999999,1.8493150684931507,1.2057648401826484,12.5,12.0,120000.0,20000.0,5.0,5.0,1
146.0,9758,1.8493150684931507,1.2057648401826484,0.0,12.0,120000.0,0.0,0.0,3.0,2,4,0.022727272727272728,-4.859999999999999,1.8493150684931507,1.2057648401826484,0.0,12.0,120000.0,0.0,0.0,3.0,1
146.0,10648,1.8493150684931507,1.2057648401826484,0.0,12.0,120000.0,0.0,0.0,4.0,1,7,0.022727272727272728,-4.859999999999999,1.8493150684931507,1.2057648401826484,0.0,12.0,120000.0,0.0,0.0,4.0,1
146.0,12000,1.8493150684931507,1.2057648401826484,0.0,12.0,120000.0,0.0,0.0,1.0,1,7,0.022727272727272728,-4.86025,1.8493150684931507,1.2057648401826484,0.0,12.0,120000.0,0.0,0.0,1.0,1
142.0,487,1.8779342723004695,1.239730046948357,12.5,8.0,80000.0,20000.0,10.0,4.0,1,9,0.022727272727272728,0.8888743750000004,1.8491882851045625,1.2056821766306756,25.0,8.0,80000.0,20000.0,12.0,4.0,0
126.0,4523,1.917989417989418,1.2566137566137565,12.5,25.0,400000.0,20000.0,7.0,3.0,1,10,0.022727272727272728,0.7395498000000001,1.8491882851045625,1.2056821766306756,12.5,25.0,400000.0,20000.0,7.0,3.0,0
144.0,1392,1.875,1.2225115740740742,0.0,8.0,80000.0,0.0,0.0,5.0,1,1,0.022727272727272728,0.9525,1.8367346938775513,1.197562358276644,0.0,8.0,80000.0,0.0,0.0,5.0,0
147.0,26,1.8367346938775513,1.197562358276644,0.0,8.0,80000.0,20000.0,3.0,2.0,3,7,0.022727272727272728,-5.0,1.8367346938775513,1.197562358276644,0.0,8.0,80000.0,20000.0,3.0,2.0,1
147.0,944,1.8367346938775513,1.197562358276644,25.0,8.0,80000.0,20000.0,16.0,1.0,3,7,0.022727272727272728,-5.0,1.8367346938775513,1.197562358276644,25.0,8.0,80000.0,20000.0,16.0,1.0,1
147.0,4530,1.8367346938775513,1.197562358276644,12.5,25.0,400000.0,20000.0,7.0,3.0,3,8,0.022727272727272728,-5.0,1.8367346938775513,1.197562358276644,12.5,25.0,400000.0,20000.0,7.0,3.0,1
147.0,6150,1.8367346938775513,1.197562358276644,25.0,12.0,120000.0,20000.0,17.0,3.0,3,8,0.022727272727272728,-5.0,1.8367346938775513,1.197562358276644,25.0,12.0,120000.0,20000.0,17.0,3.0,1
147.0,6596,1.8367346938775513,1.197562358276644,0.0,12.0,120000.0,20000.0,6.0,5.0,2,9,0.022727272727272728,-4.859999999999999,1.8367346938775513,1.197562358276644,0.0,12.0,120000.0,20000.0,6.0,5.0,1
147.0,7962,1.8367346938775513,1.197562358276644,12.5,12.0,120000.0,20000.0,10.0,3.0,2,9,0.022727272727272728,-4.859999999999999,1.8367346938775513,1.197562358276644,12.5,12.0,120000.0,20000.0,10.0,3.0,1
147.0,8409,1.8367346938775513,1.197562358276644,12.5,12.0,120000.0,20000.0,15.0,1.0,3,10,0.022727272727272728,-5.0,1.8367346938775513,1.197562358276644,12.5,12.0,120000.0,20000.0,15.0,1.0,1
147.0,9295,1.8367346938775513,1.197562358276644,0.0,12.0,120000.0,0.0,0.0,6.0,3,10,0.022727272727272728,-5.0,1.8367346938775513,1.197562358276644,0.0,12.0,120000.0,0.0,0.0,6.0,1
147.0,10206,1.8367346938775513,1.197562358276644,0.0,12.0,120000.0,0.0,0.0,2.0,3,10,0.022727272727272728,-5.0,1.8367346938775513,1.197562358276644,0.0,12.0,120000.0,0.0,0.0,2.0,1
147.0,11561,1.8367346938775513,1.197562358276644,0.0,12.0,120000.0,0.0,0.0,2.0,3,10,0.022727272727272728,-5.0,1.8367346938775513,1.197562358276644,0.0,12.0,120000.0,0.0,0.0,2.0,1
141.0,6147,1.8912529550827424,1.2485224586288415,12.5,12.0,120000.0,20000.0,17.0,3.0,1,1,0.022727272727272728,0.889332916666667,1.8366096295075418,1.1974808155353955,12.5,12.0,120000.0,20000.0,16.0,3.0,0
143.0,942,1.8881118881118881,1.231060606060606,12.5,8.0,80000.0,20000.0,16.0,1.0,0,0,0.022727272727272728,0.8891243750000004,1.8366096295075418,1.1974808155353955,12.5,8.0,80000.0,20000.0,15.0,1.0,0
142.0,7058,1.8779342723004695,1.239730046948357,0.0,12.0,120000.0,20000.0,4.0,4.0,0,0,0.022727272727272728,0.88975,1.8243243243243243,1.189470720720721,12.5,12.0,120000.0,20000.0,5.0,4.0,0
142.0,7516,1.8779342723004695,1.239730046948357,0.0,12.0,120000.0,20000.0,4.0,5.0,1,10,0.022727272727272728,0.89,1.8243243243243243,1.189470720720721,0.0,12.0,120000.0,20000.0,4.0,5.0,0
148.0,490,1.8243243243243243,1.189470720720721,25.0,8.0,80000.0,20000.0,12.0,4.0,3,10,0.022727272727272728,-5.0,1.8243243243243243,1.189470720720721,25.0,8.0,80000.0,20000.0,12.0,4.0,1
148.0,1394,1.8243243243243243,1.189470720720721,0.0,8.0,80000.0,0.0,0.0,5.0,3,10,0.022727272727272728,-5.0,1.8243243243243243,1.189470720720721,0.0,8.0,80000.0,0.0,0.0,5.0,1
148.0,2298,1.8243243243243243,1.189470720720721,0.0,8.0,80000.0,0.0,0.0,5.0,3,10,0.022727272727272728,-5.0,1.8243243243243243,1.189470720720721,0.0,8.0,80000.0,0.0,0.0,5.0,1
148.0,3077,1.8243243243243243,1.189470720720721,0.0,25.0,400000.0,0.0,0.0,5.0,3,10,0.022727272727272728,-5.0,1.8243243243243243,1.189470720720721,0.0,25.0,400000.0,0.0,0.0,5.0,1
148.0,5250,1.8243243243243243,1.189470720720721,0.0,12.0,120000.0,20000.0,5.0,5.0,3,10,0.022727272727272728,-5.0,1.8243243243243243,1.189470720720721,0.0,12.0,120000.0,20000.0,5.0,5.0,1
148.0,5714,1.8243243243243243,1.189470720720721,25.0,12.0,120000.0,20000.0,4.0,2.0,3,10,0.022727272727272728,-5.0,1.8243243243243243,1.189470720720721,25.0,12.0,120000.0,20000.0,4.0,2.0,1
148.0,7061,1.8243243243243243,1.189470720720721,12.5,12.0,120000.0,20000.0,5.0,4.0,2,8,0.022727272727272728,-4.859999999999999,1.8243243243243243,1.189470720720721,12.5,12.0,120000.0,20000.0,5.0,4.0,1
148.0,7519,1.8243243243243243,1.189470720720721,0.0,12.0,120000.0,20000.0,4.0,5.0,2,8,0.022727272727272728,-4.859999999999999,1.8243243243243243,1.189470720720721,0.0,12.0,120000.0,20000.0,4.0,5.0,1
148.0,9759,1.8243243243243243,1.189470720720721,0.0,12.0,120000.0,0.0,0.0,3.0,3,8,0.022727272727272728,-5.0,1.8243243243243243,1.189470720720721,0.0,12.0,120000.0,0.0,0.0,3.0,1
148.0,10649,1.8243243243243243,1.189470720720721,0.0,12.0,120000.0,0.0,0.0,4.0,3,8,0.022727272727272728,-5.0,1.8243243243243243,1.189470720720721,0.0,12.0,120000.0,0.0,0.0,4.0,1
148.0,12001,1.8243243243243243,1.189470720720721,0.0,12.0,120000.0,0.0,0.0,1.0,3,4,0.022727272727272728,-5.0,1.8243243243243243,1.189470720720721,0.0,12.0,120000.0,0.0,0.0,1.0,1
144.0,488,1.875,1.2225115740740742,12.5,8.0,80000.0,20000.0,11.0,4.0,1,1,0.022727272727272728,0.9091243750000004,1.8242009442469465,1.189390276148665,12.5,8.0,80000.0,20000.0,11.0,4.0,0
142.0,5711,1.8779342723004695,1.239730046948357,12.5,12.0,120000.0,20000.0,3.0,2.0,0,0,0.022727272727272728,0.909332916666667,1.8242009442469465,1.189390276148665,12.5,12.0,120000.0,20000.0,3.0,2.0,0
128.0,3802,1.9270833333333335,1.2695312499999998,12.5,25.0,400000.0,20000.0,7.0,0.0,0,0,0.022727272727272728,0.7592998000000002,1.8242009442469465,1.189390276148665,25.0,25.0,400000.0,20000.0,10.0,0.0,0
128.0,3449,1.9270833333333335,1.2695312499999998,12.5,25.0,400000.0,20000.0,6.0,2.0,0,0,0.022727272727272728,0.7595498000000002,1.8242009442469465,1.189390276148665,12.5,25.0,400000.0,20000.0,7.0,2.0,0
143.0,7960,1.8881118881118881,1.231060606060606,0.0,12.0,120000.0,20000.0,9.0,3.0,1,1,0.022727272727272728,0.87,1.8120805369127517,1.2513982102908279,0.0,12.0,120000.0,20000.0,9.0,3.0,0
143.0,8407,1.8881118881118881,1.231060606060606,0.0,12.0,120000.0,20000.0,12.0,1.0,1,1,0.022727272727272728,0.87,1.8120805369127517,1.2513982102908279,0.0,12.0,120000.0,20000.0,14.0,1.0,0
149.0,2730,1.8120805369127517,1.2513982102908279,87.5,25.0,400000.0,20000.0,10.0,4.0,3,4,0.022727272727272728,-4.92,1.8120805369127517,1.2513982102908279,87.5,25.0,400000.0,20000.0,10.0,4.0,1
149.0,3456,1.8120805369127517,1.2513982102908279,12.5,25.0,400000.0,20000.0,7.0,2.0,2,3,0.022727272727272728,-4.8,1.8120805369127517,1.2513982102908279,12.5,25.0,400000.0,20000.0,7.0,2.0,1
149.0,3809,1.8120805369127517,1.2513982102908279,25.0,25.0,400000.0,20000.0,10.0,0.0,2,3,0.022727272727272728,-4.8,1.8120805369127517,1.2513982102908279,25.0,25.0,400000.0,20000.0,10.0,0.0,1
149.0,4171,1.8120805369127517,1.2513982102908279,0.0,25.0,400000.0,0.0,0.0,1.0,3,8,0.022727272727272728,-4.92,1.8120805369127517,1.2513982102908279,0.0,25.0,400000.0,0.0,0.0,1.0,1
149.0,4886,1.8120805369127517,1.2513982102908279,0.0,25.0,400000.0,0.0,0.0,5.0,3,8,0.022727272727272728,-4.92,1.8120805369127517,1.2513982102908279,0.0,25.0,400000.0,0.0,0.0,5.0,1
149.0,6151,1.8120805369127517,1.2513982102908279,12.5,12.0,120000.0,20000.0,16.0,3.0,2,9,0.022727272727272728,-4.8,1.8120805369127517,1.2513982102908279,12.5,12.0,120000.0,20000.0,16.0,3.0,1
149.0,6597,1.8120805369127517,1.2513982102908279,0.0,12.0,120000.0,20000.0,6.0,5.0,2,9,0.022727272727272728,-4.8,1.8120805369127517,1.2513982102908279,0.0,12.0,120000.0,20000.0,6.0,5.0,1
149.0,7963,1.8120805369127517,1.2513982102908279,0.0,12.0,120000.0,20000.0,9.0,3.0,2,8,0.022727272727272728,-4.802,1.8120805369127517,1.2513982102908279,0.0,12.0,120000.0,20000.0,9.0,3.0,1
149.0,8410,1.8120805369127517,1.2513982102908279,0.0,12.0,120000.0,20000.0,14.0,1.0,2,8,0.022727272727272728,-4.8,1.8120805369127517,1.2513982102908279,0.0,12.0,120000.0,20000.0,14.0,1.0,1
149.0,9296,1.8120805369127517,1.2513982102908279,0.0,12.0,120000.0,0.0,0.0,6.0,3,7,0.022727272727272728,-4.92,1.8120805369127517,1.2513982102908279,0.0,12.0,120000.0,0.0,0.0,6.0,1
149.0,10207,1.8120805369127517,1.2513982102908279,0.0,12.0,120000.0,0.0,0.0,2.0,3,7,0.022727272727272728,-4.92,1.8120805369127517,1.2513982102908279,0.0,12.0,120000.0,0.0,0.0,2.0,1
149.0,11562,1.8120805369127517,1.2513982102908279,0.0,12.0,120000.0,0.0,0.0,2.0,3,7,0.022727272727272728,-4.92,1.8120805369127517,1.2513982102908279,0.0,12.0,120000.0,0.0,0.0,2.0,1
140.0,11997,1.9047619047619049,1.242559523809524,0.0,12.0,120000.0,0.0,0.0,1.0,1,1,0.022727272727272728,-5.175,1.8120805369127517,1.2513982102908279,0.0,12.0,120000.0,0.0,0.0,1.0,1
129.0,4524,1.9121447028423773,1.2596899224806202,25.0,25.0,400000.0,20000.0,8.0,3.0,0,0,0.022727272727272728,0.7997998000000002,1.8119588073311317,1.2513141454948788,0.0,25.0,400000.0,20000.0,6.0,3.0,0
150.0,491,1.7999999999999998,1.3124999999999998,12.5,8.0,80000.0,20000.0,11.0,4.0,3,7,0.022727272727272728,-5.0,1.7999999999999998,1.3124999999999998,12.5,8.0,80000.0,20000.0,11.0,4.0,1
150.0,3080,1.7999999999999998,1.3124999999999998,0.0,25.0,400000.0,0.0,0.0,5.0,3,2,0.022727272727272728,-4.92,1.7999999999999998,1.3124999999999998,0.0,25.0,400000.0,0.0,0.0,5.0,1
150.0,4531,1.7999999999999998,1.3124999999999998,0.0,25.0,400000.0,20000.0,6.0,3.0,3,2,0.022727272727272728,-4.92,1.7999999999999998,1.3124999999999998,0.0,25.0,400000.0,20000.0,6.0,3.0,1
150.0,5715,1.7999999999999998,1.3124999999999998,12.5,12.0,120000.0,20000.0,3.0,2.0,3,8,0.022727272727272728,-4.92,1.7999999999999998,1.3124999999999998,12.5,12.0,120000.0,20000.0,3.0,2.0,1
150.0,7062,1.7999999999999998,1.3124999999999998,12.5,12.0,120000.0,20000.0,5.0,4.0,3,2,0.022727272727272728,-4.92,1.7999999999999998,1.3124999999999998,12.5,12.0,120000.0,20000.0,5.0,4.0,1
150.0,8845,1.7999999999999998,1.3124999999999998,0.0,12.0,120000.0,0.0,0.0,3.0,3,2,0.022727272727272728,-4.92,1.7999999999999998,1.3124999999999998,0.0,12.0,120000.0,0.0,0.0,3.0,1
150.0,9760,1.7999999999999998,1.3124999999999998,0.0,12.0,120000.0,0.0,0.0,3.0,1,2,0.022727272727272728,-4.82,1.7999999999999998,1.3124999999999998,0.0,12.0,120000.0,0.0,0.0,3.0,1
150.0,10650,1.7999999999999998,1.3124999999999998,0.0,12.0,120000.0,0.0,0.0,4.0,1,2,0.022727272727272728,-4.82,1.7999999999999998,1.3124999999999998,0.0,12.0,120000.0,0.0,0.0,4.0,1
150.0,12002,1.7999999999999998,1.3124999999999998,0.0,12.0,120000.0,0.0,0.0,1.0,1,2,0.022727272727272728,-4.82,1.7999999999999998,1.3124999999999998,0.0,12.0,120000.0,0.0,0.0,1.0,1
146.0,489,1.8493150684931507,1.2057648401826484,25.0,8.0,80000.0,20000.0,12.0,4.0,0,0,0.022727272727272728,0.9293743750000004,1.799879888015473,1.3124124183446157,0.0,8.0,80000.0,20000.0,10.0,4.0,0
149.0,945,1.8120805369127517,1.2513982102908279,12.5,8.0,80000.0,20000.0,15.0,1.0,3,4,0.022727272727272728,-5.025833958333333,1.8138381383490882,1.3064611591005248,0.0,8.0,80000.0,20000.0,14.0,1.0,1
141.0,10203,1.8912529550827424,1.2485224586288415,0.0,12.0,120000.0,0.0,0.0,2.0,1,1,0.022727272727272728,0.7633333333333333,1.8101545253863136,1.3038079470198674,0.0,12.0,120000.0,0.0,0.0,2.0,0
151.0,28,1.8101545253863136,1.3038079470198674,12.5,8.0,80000.0,20000.0,4.0,2.0,1,2,0.022727272727272728,-4.82,1.8101545253863136,1.3038079470198674,12.5,8.0,80000.0,20000.0,4.0,2.0,1
151.0,1825,1.8101545253863136,1.3038079470198674,0.0,8.0,80000.0,0.0,0.0,4.0,1,4,0.022727272727272728,-4.82,1.8101545253863136,1.3038079470198674,0.0,8.0,80000.0,0.0,0.0,4.0,1
151.0,3078,1.8101545253863136,1.3038079470198674,0.0,25.0,400000.0,0.0,0.0,5.0,2,2,0.022727272727272728,-4.82,1.8101545253863136,1.3038079470198674,0.0,25.0,400000.0,0.0,0.0,5.0,1
151.0,6152,1.8101545253863136,1.3038079470198674,12.5,12.0,120000.0,20000.0,16.0,3.0,2,2,0.022727272727272728,-4.82,1.8101545253863136,1.3038079470198674,12.5,12.0,120000.0,20000.0,16.0,3.0,1
151.0,8411,1.8101545253863136,1.3038079470198674,0.0,12.0,120000.0,20000.0,15.0,1.0,1,10,0.022727272727272728,-4.82,1.8101545253863136,1.3038079470198674,0.0,12.0,120000.0,20000.0,16.0,1.0,1
151.0,9297,1.8101545253863136,1.3038079470198674,0.0,12.0,120000.0,0.0,0.0,6.0,1,10,0.022727272727272728,-4.82,1.8101545253863136,1.3038079470198674,0.0,12.0,120000.0,0.0,0.0,6.0,1
151.0,10208,1.8101545253863136,1.3038079470198674,0.0,12.0,120000.0,0.0,0.0,2.0,1,10,0.022727272727272728,-4.82,1.8101545253863136,1.3038079470198674,0.0,12.0,120000.0,0.0,0.0,2.0,1
151.0,11563,1.8101545253863136,1.3038079470198674,0.0,12.0,120000.0,0.0,0.0,2.0,1,10,0.022727272727272728,-4.82025,1.8101545253863136,1.3038079470198674,0.0,12.0,120000.0,0.0,0.0,2.0,1
131.0,2714,1.9720101781170483,1.2404580152671754,25.0,25.0,400000.0,20000.0,5.0,4.0,0,0,0.022727272727272728,0.7785498000000002,1.8100345356796765,1.3037215215070843,62.5,25.0,400000.0,20000.0,8.0,4.0,0
131.0,2724,1.9720101781170483,1.2404580152671754,25.0,25.0,400000.0,20000.0,6.0,4.0,0,0,0.022727272727272728,0.7785498000000002,1.8100345356796765,1.3037215215070843,62.5,25.0,400000.0,20000.0,8.0,4.0,0
143.0,2728,1.8881118881118881,1.231060606060606,75.0,25.0,400000.0,20000.0,10.0,4.0,1,1,0.022727272727272728,0.9000000000000001,1.7982456140350878,1.3637609649122808,62.5,25.0,400000.0,20000.0,8.0,4.0,0
152.0,492,1.7982456140350878,1.3637609649122808,0.0,8.0,80000.0,20000.0,10.0,4.0,1,8,0.022727272727272728,-4.92,1.7982456140350878,1.3637609649122808,0.0,8.0,80000.0,20000.0,10.0,4.0,1
152.0,1396,1.7982456140350878,1.3637609649122808,0.0,8.0,80000.0,0.0,0.0,5.0,1,8,0.022727272727272728,-4.92,1.7982456140350878,1.3637609649122808,0.0,8.0,80000.0,0.0,0.0,5.0,1
152.0,4172,1.7982456140350878,1.3637609649122808,0.0,25.0,400000.0,0.0,0.0,1.0,2,3,0.022727272727272728,-4.8,1.7982456140350878,1.3637609649122808,0.0,25.0,400000.0,0.0,0.0,1.0,1
152.0,4887,1.7982456140350878,1.3637609649122808,0.0,25.0,400000.0,0.0,0.0,5.0,3,8,0.022727272727272728,-4.84,1.7982456140350878,1.3637609649122808,0.0,25.0,400000.0,0.0,0.0,5.0,1
152.0,5252,1.7982456140350878,1.3637609649122808,12.5,12.0,120000.0,20000.0,6.0,5.0,3,8,0.022727272727272728,-4.84,1.7982456140350878,1.3637609649122808,12.5,12.0,120000.0,20000.0,6.0,5.0,1
152.0,8846,1.7982456140350878,1.3637609649122808,0.0,12.0,120000.0,0.0,0.0,3.0,3,9,0.022727272727272728,-4.84,1.7982456140350878,1.3637609649122808,0.0,12.0,120000.0,0.0,0.0,3.0,1
152.0,9761,1.7982456140350878,1.3637609649122808,0.0,12.0,120000.0,0.0,0.0,3.0,3,9,0.022727272727272728,-4.84,1.7982456140350878,1.3637609649122808,0.0,12.0,120000.0,0.0,0.0,3.0,1
152.0,10651,1.7982456140350878,1.3637609649122808,0.0,12.0,120000.0,0.0,0.0,4.0,1,4,0.022727272727272728,-4.8,1.7982456140350878,1.3637609649122808,0.0,12.0,120000.0,0.0,0.0,4.0,1
152.0,12003,1.7982456140350878,1.3637609649122808,0.0,12.0,120000.0,0.0,0.0,1.0,1,4,0.022727272727272728,-4.80025,1.7982456140350878,1.3637609649122808,0.0,12.0,120000.0,0.0,0.0,1.0,1
146.0,5713,1.8493150684931507,1.2057648401826484,12.5,12.0,120000.0,20000.0,3.0,2.0,0,0,0.022727272727272728,0.9493329166666671,1.798127197895279,1.3636711599891789,12.5,12.0,120000.0,20000.0,3.0,2.0,0
146.0,7060,1.8493150684931507,1.2057648401826484,12.5,12.0,120000.0,20000.0,5.0,4.0,0,0,0.022727272727272728,0.9493329166666671,1.798127197895279,1.3636711599891789,12.5,12.0,120000.0,20000.0,5.0,4.0,0
150.0,1395,1.7999999999999998,1.3124999999999998,0.0,8.0,80000.0,0.0,0.0,5.0,3,2,0.022727272727272728,-5.008333958333333,1.8119104646408621,1.3575684580705254,0.0,8.0,80000.0,0.0,0.0,5.0,1
149.0,27,1.8120805369127517,1.2513982102908279,0.0,8.0,80000.0,20000.0,3.0,2.0,1,9,0.022727272727272728,0.89,1.8082788671023964,1.4229302832244008,0.0,8.0,80000.0,20000.0,4.0,2.0,0
153.0,1826,1.8082788671023964,1.4229302832244008,0.0,8.0,80000.0,0.0,0.0,4.0,3,10,0.022727272727272728,-4.88,1.8082788671023964,1.4229302832244008,0.0,8.0,80000.0,0.0,0.0,4.0,1
153.0,3081,1.8082788671023964,1.4229302832244008,0.0,25.0,400000.0,0.0,0.0,5.0,3,10,0.022727272727272728,-4.88,1.8082788671023964,1.4229302832244008,0.0,25.0,400000.0,0.0,0.0,5.0,1
153.0,4532,1.8082788671023964,1.4229302832244008,0.0,25.0,400000.0,20000.0,7.0,3.0,3,9,0.022727272727272728,-4.88,1.8082788671023964,1.4229302832244008,0.0,25.0,400000.0,20000.0,7.0,3.0,1
153.0,6153,1.8082788671023964,1.4229302832244008,12.5,12.0,120000.0,20000.0,16.0,3.0,3,9,0.022727272727272728,-4.88,1.8082788671023964,1.4229302832244008,12.5,12.0,120000.0,20000.0,16.0,3.0,1
153.0,8412,1.8082788671023964,1.4229302832244008,0.0,12.0,120000.0,20000.0,16.0,1.0,3,8,0.022727272727272728,-4.88,1.8082788671023964,1.4229302832244008,0.0,12.0,120000.0,20000.0,16.0,1.0,1
153.0,9298,1.8082788671023964,1.4229302832244008,0.0,12.0,120000.0,0.0,0.0,6.0,3,8,0.022727272727272728,-4.88,1.8082788671023964,1.4229302832244008,0.0,12.0,120000.0,0.0,0.0,6.0,1
153.0,10209,1.8082788671023964,1.4229302832244008,0.0,12.0,120000.0,0.0,0.0,2.0,3,8,0.022727272727272728,-4.88,1.8082788671023964,1.4229302832244008,0.0,12.0,120000.0,0.0,0.0,2.0,1
153.0,11564,1.8082788671023964,1.4229302832244008,0.0,12.0,120000.0,0.0,0.0,2.0,3,8,0.022727272727272728,-4.88,1.8082788671023964,1.4229302832244008,0.0,12.0,120000.0,0.0,0.0,2.0,1
153.0,12445,1.8082788671023964,1.4229302832244008,0.0,12.0,120000.0,0.0,0.0,4.0,3,8,0.022727272727272728,-4.88,1.8082788671023964,1.4229302832244008,0.0,12.0,120000.0,0.0,0.0,4.0,1
150.0,2299,1.7999999999999998,1.3124999999999998,0.0,8.0,80000.0,0.0,0.0,5.0,3,2,0.022727272727272728,0.87,1.8181818181818181,1.4272186147186146,0.0,8.0,80000.0,0.0,0.0,5.0,0
154.0,493,1.8181818181818181,1.4272186147186146,0.0,8.0,80000.0,20000.0,10.0,4.0,3,8,0.022727272727272728,-4.88,1.8181818181818181,1.4272186147186146,0.0,8.0,80000.0,20000.0,10.0,4.0,1
154.0,1397,1.8181818181818181,1.4272186147186146,0.0,8.0,80000.0,0.0,0.0,5.0,1,6,0.022727272727272728,-4.88,1.8181818181818181,1.4272186147186146,0.0,8.0,80000.0,0.0,0.0,5.0,1
154.0,3079,1.8181818181818181,1.4272186147186146,0.0,25.0,400000.0,0.0,0.0,5.0,1,6,0.022727272727272728,-4.88,1.8181818181818181,1.4272186147186146,0.0,25.0,400000.0,0.0,0.0,5.0,1
154.0,5253,1.8181818181818181,1.4272186147186146,12.5,12.0,120000.0,20000.0,6.0,5.0,1,6,0.022727272727272728,-4.88,1.8181818181818181,1.4272186147186146,12.5,12.0,120000.0,20000.0,6.0,5.0,1
154.0,8847,1.8181818181818181,1.4272186147186146,0.0,12.0,120000.0,0.0,0.0,3.0,2,9,0.022727272727272728,-4.88,1.8181818181818181,1.4272186147186146,0.0,12.0,120000.0,0.0,0.0,3.0,1
154.0,9762,1.8181818181818181,1.4272186147186146,0.0,12.0,120000.0,0.0,0.0,3.0,2,9,0.022727272727272728,-4.88,1.8181818181818181,1.4272186147186146,0.0,12.0,120000.0,0.0,0.0,3.0,1
134.0,2715,1.95273631840796,1.212686567164179,37.5,25.0,400000.0,20000.0,6.0,4.0,0,0,0.022727272727272728,0.7990498000000001,1.8180636440449551,1.4271258515382648,37.5,25.0,400000.0,20000.0,6.0,4.0,0
134.0,2725,1.95273631840796,1.212686567164179,37.5,25.0,400000.0,20000.0,7.0,4.0,0,0,0.022727272727272728,0.7990498000000001,1.8180636440449551,1.4271258515382648,37.5,25.0,400000.0,20000.0,6.0,4.0,0
151.0,946,1.8101545253863136,1.3038079470198674,0.0,8.0,80000.0,20000.0,14.0,1.0,1,4,0.022727272727272728,0.9097500000000001,1.806451612903226,1.4180107526881722,12.5,8.0,80000.0,20000.0,17.0,1.0,0
155.0,2732,1.806451612903226,1.4180107526881722,37.5,25.0,400000.0,20000.0,6.0,4.0,2,2,0.022727272727272728,-4.8,1.806451612903226,1.4180107526881722,37.5,25.0,400000.0,20000.0,6.0,4.0,1
155.0,3458,1.806451612903226,1.4180107526881722,12.5,25.0,400000.0,20000.0,8.0,2.0,3,5,0.022727272727272728,-4.88,1.806451612903226,1.4180107526881722,12.5,25.0,400000.0,20000.0,8.0,2.0,1
155.0,3811,1.806451612903226,1.4180107526881722,37.5,25.0,400000.0,20000.0,11.0,0.0,3,5,0.022727272727272728,-4.88,1.806451612903226,1.4180107526881722,37.5,25.0,400000.0,20000.0,11.0,0.0,1
155.0,4173,1.806451612903226,1.4180107526881722,0.0,25.0,400000.0,0.0,0.0,1.0,3,5,0.022727272727272728,-4.88,1.806451612903226,1.4180107526881722,0.0,25.0,400000.0,0.0,0.0,1.0,1
155.0,4888,1.806451612903226,1.4180107526881722,0.0,25.0,400000.0,0.0,0.0,5.0,3,5,0.022727272727272728,-4.88,1.806451612903226,1.4180107526881722,0.0,25.0,400000.0,0.0,0.0,5.0,1
155.0,6154,1.806451612903226,1.4180107526881722,12.5,12.0,120000.0,20000.0,16.0,3.0,2,5,0.022727272727272728,-4.8,1.806451612903226,1.4180107526881722,12.5,12.0,120000.0,20000.0,16.0,3.0,1
155.0,6600,1.806451612903226,1.4180107526881722,25.0,12.0,120000.0,20000.0,8.0,5.0,2,5,0.022727272727272728,-4.8,1.806451612903226,1.4180107526881722,25.0,12.0,120000.0,20000.0,8.0,5.0,1
155.0,7966,1.806451612903226,1.4180107526881722,25.0,12.0,120000.0,20000.0,14.0,3.0,2,5,0.022727272727272728,-4.8,1.806451612903226,1.4180107526881722,25.0,12.0,120000.0,20000.0,14.0,3.0,1
155.0,8413,1.806451612903226,1.4180107526881722,0.0,12.0,120000.0,20000.0,16.0,1.0,2,5,0.022727272727272728,-4.8,1.806451612903226,1.4180107526881722,0.0,12.0,120000.0,20000.0,16.0,1.0,1
155.0,9299,1.806451612903226,1.4180107526881722,0.0,12.0,120000.0,0.0,0.0,6.0,2,3,0.022727272727272728,-4.8,1.806451612903226,1.4180107526881722,0.0,12.0,120000.0,0.0,0.0,6.0,1
155.0,10210,1.806451612903226,1.4180107526881722,0.0,12.0,120000.0,0.0,0.0,2.0,2,3,0.022727272727272728,-4.8,1.806451612903226,1.4180107526881722,0.0,12.0,120000.0,0.0,0.0,2.0,1
155.0,11095,1.806451612903226,1.4180107526881722,0.0,12.0,120000.0,0.0,0.0,4.0,2,7,0.022727272727272728,-4.8,1.806451612903226,1.4180107526881722,0.0,12.0,120000.0,0.0,0.0,4.0,1
155.0,11565,1.806451612903226,1.4180107526881722,0.0,12.0,120000.0,0.0,0.0,2.0,3,1,0.022727272727272728,-4.88,1.806451612903226,1.4180107526881722,0.0,12.0,120000.0,0.0,0.0,2.0,1
155.0,12446,1.806451612903226,1.4180107526881722,0.0,12.0,120000.0,0.0,0.0,4.0,2,5,0.022727272727272728,-4.8,1.806451612903226,1.4180107526881722,0.0,12.0,120000.0,0.0,0.0,4.0,1
144.0,2296,1.875,1.2225115740740742,0.0,8.0,80000.0,0.0,0.0,5.0,2,1,0.022727272727272728,-3.5083333333333337,1.8025751072961373,1.4149678111587984,0.0,8.0,80000.0,0.0,0.0,5.0,1
124.0,3069,1.9489247311827957,1.2348790322580645,0.0,25.0,400000.0,0.0,0.0,5.0,2,1,0.022727272727272728,-3.4335335333333328,1.7985995461576638,1.4118471139853686,0.0,25.0,400000.0,0.0,0.0,5.0,1
150.0,5251,1.7999999999999998,1.3124999999999998,0.0,12.0,120000.0,20000.0,5.0,5.0,0,0,0.022727272727272728,0.91,1.7948717948717947,1.4089209401709402,0.0,12.0,120000.0,20000.0,5.0,5.0,0
156.0,494,1.7948717948717947,1.4089209401709402,0.0,8.0,80000.0,20000.0,10.0,4.0,2,5,0.022727272727272728,-4.84,1.7948717948717947,1.4089209401709402,0.0,8.0,80000.0,20000.0,10.0,4.0,1
156.0,1398,1.7948717948717947,1.4089209401709402,0.0,8.0,80000.0,0.0,0.0,5.0,2,5,0.022727272727272728,-4.84,1.7948717948717947,1.4089209401709402,0.0,8.0,80000.0,0.0,0.0,5.0,1
156.0,3082,1.7948717948717947,1.4089209401709402,0.0,25.0,400000.0,0.0,0.0,5.0,2,5,0.022727272727272728,-4.84,1.7948717948717947,1.4089209401709402,0.0,25.0,400000.0,0.0,0.0,5.0,1
156.0,5254,1.7948717948717947,1.4089209401709402,0.0,12.0,120000.0,20000.0,5.0,5.0,1,1,0.022727272727272728,-4.8,1.7948717948717947,1.4089209401709402,0.0,12.0,120000.0,20000.0,5.0,5.0,1
156.0,5718,1.7948717948717947,1.4089209401709402,25.0,12.0,120000.0,20000.0,4.0,2.0,1,1,0.022727272727272728,-4.8,1.7948717948717947,1.4089209401709402,25.0,12.0,120000.0,20000.0,4.0,2.0,1
156.0,7065,1.7948717948717947,1.4089209401709402,25.0,12.0,120000.0,20000.0,6.0,4.0,3,3,0.022727272727272728,-4.84,1.7948717948717947,1.4089209401709402,25.0,12.0,120000.0,20000.0,6.0,4.0,1
156.0,8848,1.7948717948717947,1.4089209401709402,0.0,12.0,120000.0,0.0,0.0,3.0,1,5,0.022727272727272728,-4.8,1.7948717948717947,1.4089209401709402,0.0,12.0,120000.0,0.0,0.0,3.0,1
156.0,9763,1.7948717948717947,1.4089209401709402,0.0,12.0,120000.0,0.0,0.0,3.0,1,5,0.022727272727272728,-4.8,1.7948717948717947,1.4089209401709402,0.0,12.0,120000.0,0.0,0.0,3.0,1
156.0,10653,1.7948717948717947,1.4089209401709402,0.0,12.0,120000.0,0.0,0.0,4.0,3,10,0.022727272727272728,-4.84,1.7948717948717947,1.4089209401709402,0.0,12.0,120000.0,0.0,0.0,4.0,1
156.0,12005,1.7948717948717947,1.4089209401709402,0.0,12.0,120000.0,0.0,0.0,1.0,3,10,0.022727272727272728,-4.84,1.7948717948717947,1.4089209401709402,0.0,12.0,120000.0,0.0,0.0,1.0,1
137.0,2726,1.9464720194647203,1.186131386861314,62.5,25.0,400000.0,20000.0,8.0,4.0,2,1,0.022727272727272728,-5.1935335333333335,1.7871198570014772,1.4028358996551773,37.5,25.0,400000.0,20000.0,6.0,4.0,1
151.0,6598,1.8101545253863136,1.3038079470198674,0.0,12.0,120000.0,20000.0,6.0,5.0,0,0,0.022727272727272728,0.9497500000000001,1.78343949044586,1.3999469214437366,12.5,12.0,120000.0,20000.0,7.0,5.0,0
151.0,7964,1.8101545253863136,1.3038079470198674,0.0,12.0,120000.0,20000.0,10.0,3.0,0,0,0.022727272727272728,0.9495,1.78343949044586,1.3999469214437366,25.0,12.0,120000.0,20000.0,13.0,3.0,0
157.0,31,1.78343949044586,1.3999469214437366,25.0,8.0,80000.0,20000.0,5.0,2.0,1,2,0.022727272727272728,-4.8,1.78343949044586,1.3999469214437366,25.0,8.0,80000.0,20000.0,5.0,2.0,1
157.0,949,1.78343949044586,1.3999469214437366,25.0,8.0,80000.0,20000.0,17.0,1.0,1,2,0.022727272727272728,-4.8,1.78343949044586,1.3999469214437366,25.0,8.0,80000.0,20000.0,17.0,1.0,1
157.0,1828,1.78343949044586,1.3999469214437366,0.0,8.0,80000.0,0.0,0.0,4.0,1,2,0.022727272727272728,-4.8,1.78343949044586,1.3999469214437366,0.0,8.0,80000.0,0.0,0.0,4.0,1
157.0,6155,1.78343949044586,1.3999469214437366,12.5,12.0,120000.0,20000.0,16.0,3.0,1,2,0.022727272727272728,-4.8,1.78343949044586,1.3999469214437366,12.5,12.0,120000.0,20000.0,16.0,3.0,1
157.0,6601,1.78343949044586,1.3999469214437366,12.5,12.0,120000.0,20000.0,7.0,5.0,1,7,0.022727272727272728,-4.8,1.78343949044586,1.3999469214437366,12.5,12.0,120000.0,20000.0,7.0,5.0,1
157.0,7967,1.78343949044586,1.3999469214437366,25.0,12.0,120000.0,20000.0,13.0,3.0,1,7,0.022727272727272728,-4.8,1.78343949044586,1.3999469214437366,25.0,12.0,120000.0,20000.0,13.0,3.0,1
157.0,8414,1.78343949044586,1.3999469214437366,0.0,12.0,120000.0,20000.0,19.0,1.0,2,10,0.022727272727272728,-4.8,1.78343949044586,1.3999469214437366,0.0,12.0,120000.0,20000.0,20.0,1.0,1
157.0,9300,1.78343949044586,1.3999469214437366,0.0,12.0,120000.0,0.0,0.0,6.0,2,10,0.022727272727272728,-4.8,1.78343949044586,1.3999469214437366,0.0,12.0,120000.0,0.0,0.0,6.0,1
157.0,10211,1.78343949044586,1.3999469214437366,0.0,12.0,120000.0,0.0,0.0,2.0,1,7,0.022727272727272728,-4.8,1.78343949044586,1.3999469214437366,0.0,12.0,120000.0,0.0,0.0,2.0,1
157.0,11096,1.78343949044586,1.3999469214437366,0.0,12.0,120000.0,0.0,0.0,4.0,1,7,0.022727272727272728,-4.8,1.78343949044586,1.3999469214437366,0.0,12.0,120000.0,0.0,0.0,4.0,1
157.0,11566,1.78343949044586,1.3999469214437366,0.0,12.0,120000.0,0.0,0.0,2.0,3,8,0.022727272727272728,-4.84,1.78343949044586,1.3999469214437366,0.0,12.0,120000.0,0.0,0.0,2.0,1
157.0,12447,1.78343949044586,1.3999469214437366,0.0,12.0,120000.0,0.0,0.0,4.0,3,8,0.022727272727272728,-4.84,1.78343949044586,1.3999469214437366,0.0,12.0,120000.0,0.0,0.0,4.0,1
154.0,10652,1.8181818181818181,1.4272186147186146,0.0,12.0,120000.0,0.0,0.0,4.0,1,2,0.022727272727272728,-4.925,1.78343949044586,1.3999469214437366,0.0,12.0,120000.0,0.0,0.0,4.0,1
137.0,3805,1.9464720194647203,1.186131386861314,25.0,25.0,400000.0,20000.0,9.0,0.0,0,0,0.022727272727272728,0.7992998000000002,1.783325789228343,1.3998576693719507,25.0,25.0,400000.0,20000.0,10.0,0.0,0
153.0,947,1.8082788671023964,1.4229302832244008,12.5,8.0,80000.0,20000.0,16.0,1.0,0,0,0.022727272727272728,0.9491243750000005,1.783325789228343,1.3998576693719507,12.5,8.0,80000.0,20000.0,16.0,1.0,0
137.0,3452,1.9464720194647203,1.186131386861314,12.5,25.0,400000.0,20000.0,6.0,2.0,0,0,0.022727272727272728,0.7997998000000002,1.783325789228343,1.3998576693719507,0.0,25.0,400000.0,20000.0,7.0,2.0,0
153.0,29,1.8082788671023964,1.4229302832244008,0.0,8.0,80000.0,20000.0,3.0,2.0,0,0,0.022727272727272728,0.9491243750000005,1.783325789228343,1.3998576693719507,12.5,8.0,80000.0,20000.0,4.0,2.0,0
158.0,495,1.7721518987341773,1.4042721518987342,0.0,8.0,80000.0,20000.0,10.0,4.0,1,10,0.022727272727272728,-4.84,1.7721518987341773,1.4042721518987342,0.0,8.0,80000.0,20000.0,10.0,4.0,1
158.0,1399,1.7721518987341773,1.4042721518987342,0.0,8.0,80000.0,0.0,0.0,5.0,1,10,0.022727272727272728,-4.84,1.7721518987341773,1.4042721518987342,0.0,8.0,80000.0,0.0,0.0,5.0,1
158.0,2733,1.7721518987341773,1.4042721518987342,37.5,25.0,400000.0,20000.0,6.0,4.0,1,8,0.022727272727272728,-4.84,1.7721518987341773,1.4042721518987342,37.5,25.0,400000.0,20000.0,6.0,4.0,1
158.0,3812,1.7721518987341773,1.4042721518987342,25.0,25.0,400000.0,20000.0,10.0,0.0,3,7,0.022727272727272728,-4.84,1.7721518987341773,1.4042721518987342,25.0,25.0,400000.0,20000.0,10.0,0.0,1
158.0,4174,1.7721518987341773,1.4042721518987342,0.0,25.0,400000.0,0.0,0.0,1.0,3,7,0.022727272727272728,-4.84,1.7721518987341773,1.4042721518987342,0.0,25.0,400000.0,0.0,0.0,1.0,1
158.0,5255,1.7721518987341773,1.4042721518987342,0.0,12.0,120000.0,20000.0,5.0,5.0,2,2,0.022727272727272728,-4.8,1.7721518987341773,1.4042721518987342,0.0,12.0,120000.0,20000.0,5.0,5.0,1
158.0,5719,1.7721518987341773,1.4042721518987342,25.0,12.0,120000.0,20000.0,4.0,2.0,3,7,0.022727272727272728,-4.84,1.7721518987341773,1.4042721518987342,25.0,12.0,120000.0,20000.0,4.0,2.0,1
158.0,7066,1.7721518987341773,1.4042721518987342,25.0,12.0,120000.0,20000.0,6.0,4.0,3,7,0.022727272727272728,-4.84,1.7721518987341773,1.4042721518987342,25.0,12.0,120000.0,20000.0,6.0,4.0,1
158.0,8849,1.7721518987341773,1.4042721518987342,0.0,12.0,120000.0,0.0,0.0,3.0,3,7,0.022727272727272728,-4.84,1.7721518987341773,1.4042721518987342,0.0,12.0,120000.0,0.0,0.0,3.0,1
158.0,9764,1.7721518987341773,1.4042721518987342,0.0,12.0,120000.0,0.0,0.0,3.0,3,7,0.022727272727272728,-4.84,1.7721518987341773,1.4042721518987342,0.0,12.0,120000.0,0.0,0.0,3.0,1
158.0,10654,1.7721518987341773,1.4042721518987342,0.0,12.0,120000.0,0.0,0.0,4.0,3,7,0.022727272727272728,-4.84,1.7721518987341773,1.4042721518987342,0.0,12.0,120000.0,0.0,0.0,4.0,1
158.0,12006,1.7721518987341773,1.4042721518987342,0.0,12.0,120000.0,0.0,0.0,1.0,2,5,0.022727272727272728,-4.8,1.7721518987341773,1.4042721518987342,0.0,12.0,120000.0,0.0,0.0,1.0,1
152.0,5716,1.7982456140350878,1.3637609649122808,12.5,12.0,120000.0,20000.0,3.0,2.0,0,0,0.022727272727272728,0.9493329166666671,1.7720396321726708,1.4041831906725402,12.5,12.0,120000.0,20000.0,3.0,2.0,0
152.0,7063,1.7982456140350878,1.3637609649122808,12.5,12.0,120000.0,20000.0,5.0,4.0,0,0,0.022727272727272728,0.9493329166666671,1.7720396321726708,1.4041831906725402,12.5,12.0,120000.0,20000.0,5.0,4.0,0
142.0,3075,1.8779342723004695,1.239730046948357,0.0,25.0,400000.0,0.0,0.0,5.0,2,3,0.022727272727272728,-5.133533533333333,1.7645945571963184,1.398283633492618,0.0,25.0,400000.0,0.0,0.0,5.0,1
159.0,32,1.7610062893081762,1.395440251572327,12.5,8.0,80000.0,20000.0,4.0,2.0,2,5,0.022727272727272728,-4.8,1.7610062893081762,1.395440251572327,12.5,8.0,80000.0,20000.0,4.0,2.0,1
159.0,1829,1.7610062893081762,1.395440251572327,0.0,8.0,80000.0,0.0,0.0,4.0,2,5,0.022727272727272728,-4.8,1.7610062893081762,1.395440251572327,0.0,8.0,80000.0,0.0,0.0,4.0,1
159.0,3083,1.7610062893081762,1.395440251572327,0.0,25.0,400000.0,0.0,0.0,5.0,2,5,0.022727272727272728,-4.8,1.7610062893081762,1.395440251572327,0.0,25.0,400000.0,0.0,0.0,5.0,1
159.0,4534,1.7610062893081762,1.395440251572327,0.0,25.0,400000.0,20000.0,8.0,3.0,3,6,0.022727272727272728,-4.84,1.7610062893081762,1.395440251572327,0.0,25.0,400000.0,20000.0,8.0,3.0,1
159.0,6156,1.7610062893081762,1.395440251572327,12.5,12.0,120000.0,20000.0,16.0,3.0,3,6,0.022727272727272728,-4.84,1.7610062893081762,1.395440251572327,12.5,12.0,120000.0,20000.0,16.0,3.0,1
159.0,6602,1.7610062893081762,1.395440251572327,12.5,12.0,120000.0,20000.0,7.0,5.0,2,2,0.022727272727272728,-4.8,1.7610062893081762,1.395440251572327,12.5,12.0,120000.0,20000.0,7.0,5.0,1
159.0,7968,1.7610062893081762,1.395440251572327,25.0,12.0,120000.0,20000.0,13.0,3.0,2,2,0.022727272727272728,-4.8,1.7610062893081762,1.395440251572327,25.0,12.0,120000.0,20000.0,13.0,3.0,1
159.0,8415,1.7610062893081762,1.395440251572327,0.0,12.0,120000.0,20000.0,20.0,1.0,2,4,0.022727272727272728,-4.8,1.7610062893081762,1.395440251572327,0.0,12.0,120000.0,20000.0,21.0,1.0,1
159.0,9301,1.7610062893081762,1.395440251572327,0.0,12.0,120000.0,0.0,0.0,6.0,2,4,0.022727272727272728,-4.8,1.7610062893081762,1.395440251572327,0.0,12.0,120000.0,0.0,0.0,6.0,1
159.0,10212,1.7610062893081762,1.395440251572327,0.0,12.0,120000.0,0.0,0.0,2.0,1,4,0.022727272727272728,-4.8,1.7610062893081762,1.395440251572327,0.0,12.0,120000.0,0.0,0.0,2.0,1
159.0,11097,1.7610062893081762,1.395440251572327,0.0,12.0,120000.0,0.0,0.0,4.0,1,4,0.022727272727272728,-4.8,1.7610062893081762,1.395440251572327,0.0,12.0,120000.0,0.0,0.0,4.0,1
159.0,11567,1.7610062893081762,1.395440251572327,0.0,12.0,120000.0,0.0,0.0,2.0,1,4,0.022727272727272728,-4.80025,1.7610062893081762,1.395440251572327,0.0,12.0,120000.0,0.0,0.0,2.0,1
159.0,12448,1.7610062893081762,1.395440251572327,0.0,12.0,120000.0,0.0,0.0,4.0,3,4,0.022727272727272728,-4.84,1.7610062893081762,1.395440251572327,0.0,12.0,120000.0,0.0,0.0,4.0,1
153.0,6599,1.8082788671023964,1.4229302832244008,12.5,12.0,120000.0,20000.0,7.0,5.0,0,0,0.022727272727272728,0.9495829166666669,1.760895430419758,1.3953524058013707,0.0,12.0,120000.0,20000.0,6.0,5.0,0
155.0,948,1.806451612903226,1.4180107526881722,12.5,8.0,80000.0,20000.0,16.0,1.0,0,0,0.022727272727272728,0.9493743750000003,1.760895430419758,1.3953524058013707,0.0,8.0,80000.0,20000.0,15.0,1.0,0
155.0,30,1.806451612903226,1.4180107526881722,12.5,8.0,80000.0,20000.0,4.0,2.0,0,0,0.022727272727272728,0.9493743750000003,1.760895430419758,1.3953524058013707,0.0,8.0,80000.0,20000.0,3.0,2.0,0
153.0,7965,1.8082788671023964,1.4229302832244008,12.5,12.0,120000.0,20000.0,12.0,3.0,0,0,0.022727272727272728,0.9493329166666671,1.760895430419758,1.3953524058013707,12.5,12.0,120000.0,20000.0,12.0,3.0,0
155.0,1827,1.806451612903226,1.4180107526881722,0.0,8.0,80000.0,0.0,0.0,4.0,2,2,0.022727272727272728,-5.070833333333334,1.7573221757322177,1.392520920502092,0.0,8.0,80000.0,0.0,0.0,4.0,1
137.0,2716,1.9464720194647203,1.186131386861314,62.5,25.0,400000.0,20000.0,8.0,4.0,2,1,0.022727272727272728,-5.253533533333333,1.7535435095791387,1.3895266649566835,37.5,25.0,400000.0,20000.0,6.0,4.0,1
160.0,496,1.7500000000000002,1.38671875,0.0,8.0,80000.0,20000.0,10.0,4.0,3,4,0.022727272727272728,-4.84,1.7500000000000002,1.38671875,0.0,8.0,80000.0,20000.0,10.0,4.0,1
160.0,5256,1.7500000000000002,1.38671875,0.0,12.0,120000.0,20000.0,5.0,5.0,1,10,0.022727272727272728,-4.8,1.7500000000000002,1.38671875,0.0,12.0,120000.0,20000.0,5.0,5.0,1
160.0,7067,1.7500000000000002,1.38671875,12.5,12.0,120000.0,20000.0,5.0,4.0,1,10,0.022727272727272728,-4.8,1.7500000000000002,1.38671875,12.5,12.0,120000.0,20000.0,5.0,4.0,1
160.0,8850,1.7500000000000002,1.38671875,0.0,12.0,120000.0,0.0,0.0,3.0,3,9,0.022727272727272728,-4.84,1.7500000000000002,1.38671875,0.0,12.0,120000.0,0.0,0.0,3.0,1
160.0,9765,1.7500000000000002,1.38671875,0.0,12.0,120000.0,0.0,0.0,3.0,3,9,0.022727272727272728,-4.84,1.7500000000000002,1.38671875,0.0,12.0,120000.0,0.0,0.0,3.0,1
160.0,10655,1.7500000000000002,1.38671875,0.0,12.0,120000.0,0.0,0.0,4.0,3,9,0.022727272727272728,-4.84,1.7500000000000002,1.38671875,0.0,12.0,120000.0,0.0,0.0,4.0,1
160.0,12007,1.7500000000000002,1.38671875,0.0,12.0,120000.0,0.0,0.0,1.0,3,9,0.022727272727272728,-4.84,1.7500000000000002,1.38671875,0.0,12.0,120000.0,0.0,0.0,1.0,1
154.0,5717,1.8181818181818181,1.4272186147186146,12.5,12.0,120000.0,20000.0,3.0,2.0,0,0,0.022727272727272728,0.9495829166666669,1.7498905224741876,1.3866319988355729,0.0,12.0,120000.0,20000.0,2.0,2.0,0
154.0,7064,1.8181818181818181,1.4272186147186146,12.5,12.0,120000.0,20000.0,5.0,4.0,0,0,0.022727272727272728,0.9495829166666669,1.7498905224741876,1.3866319988355729,0.0,12.0,120000.0,20000.0,4.0,4.0,0
140.0,2717,1.9047619047619049,1.242559523809524,50.0,25.0,400000.0,20000.0,7.0,4.0,0,0,0.022727272727272728,0.7995498000000001,1.7498905224741876,1.3866319988355729,12.5,25.0,400000.0,20000.0,4.0,4.0,0
140.0,2727,1.9047619047619049,1.242559523809524,50.0,25.0,400000.0,20000.0,8.0,4.0,0,0,0.022727272727272728,0.7995498000000001,1.7498905224741876,1.3866319988355729,12.5,25.0,400000.0,20000.0,4.0,4.0,0
161.0,4175,1.7391304347826086,1.3781055900621118,0.0,25.0,400000.0,0.0,0.0,1.0,3,2,0.022727272727272728,-4.859999999999999,1.7391304347826086,1.3781055900621118,0.0,25.0,400000.0,0.0,0.0,1.0,1
161.0,4890,1.7391304347826086,1.3781055900621118,0.0,25.0,400000.0,0.0,0.0,5.0,3,2,0.022727272727272728,-4.859999999999999,1.7391304347826086,1.3781055900621118,0.0,25.0,400000.0,0.0,0.0,5.0,1
161.0,6157,1.7391304347826086,1.3781055900621118,12.5,12.0,120000.0,20000.0,16.0,3.0,3,7,0.022727272727272728,-4.859999999999999,1.7391304347826086,1.3781055900621118,12.5,12.0,120000.0,20000.0,16.0,3.0,1
161.0,6603,1.7391304347826086,1.3781055900621118,0.0,12.0,120000.0,20000.0,6.0,5.0,2,10,0.022727272727272728,-4.82,1.7391304347826086,1.3781055900621118,0.0,12.0,120000.0,20000.0,6.0,5.0,1
161.0,9302,1.7391304347826086,1.3781055900621118,0.0,12.0,120000.0,0.0,0.0,6.0,1,3,0.022727272727272728,-4.82,1.7391304347826086,1.3781055900621118,0.0,12.0,120000.0,0.0,0.0,6.0,1
161.0,10213,1.7391304347826086,1.3781055900621118,0.0,12.0,120000.0,0.0,0.0,2.0,1,3,0.022727272727272728,-4.82,1.7391304347826086,1.3781055900621118,0.0,12.0,120000.0,0.0,0.0,2.0,1
161.0,11098,1.7391304347826086,1.3781055900621118,0.0,12.0,120000.0,0.0,0.0,4.0,2,5,0.022727272727272728,-4.82,1.7391304347826086,1.3781055900621118,0.0,12.0,120000.0,0.0,0.0,4.0,1
161.0,11568,1.7391304347826086,1.3781055900621118,0.0,12.0,120000.0,0.0,0.0,2.0,2,5,0.022727272727272728,-4.82,1.7391304347826086,1.3781055900621118,0.0,12.0,120000.0,0.0,0.0,2.0,1
161.0,12449,1.7391304347826086,1.3781055900621118,0.0,12.0,120000.0,0.0,0.0,4.0,2,5,0.022727272727272728,-4.82,1.7391304347826086,1.3781055900621118,0.0,12.0,120000.0,0.0,0.0,4.0,1
162.0,497,1.831275720164609,1.3695987654320987,0.0,8.0,80000.0,20000.0,10.0,4.0,2,5,0.022727272727272728,-4.82,1.831275720164609,1.3695987654320987,0.0,8.0,80000.0,20000.0,10.0,4.0,1
162.0,950,1.831275720164609,1.3695987654320987,0.0,8.0,80000.0,20000.0,16.0,1.0,3,7,0.022727272727272728,-4.859999999999999,1.831275720164609,1.3695987654320987,0.0,8.0,80000.0,20000.0,16.0,1.0,1
162.0,3084,1.831275720164609,1.3695987654320987,0.0,25.0,400000.0,0.0,0.0,5.0,3,7,0.022727272727272728,-4.859999999999999,1.831275720164609,1.3695987654320987,0.0,25.0,400000.0,0.0,0.0,5.0,1
162.0,4535,1.831275720164609,1.3695987654320987,0.0,25.0,400000.0,20000.0,8.0,3.0,2,4,0.022727272727272728,-4.82,1.831275720164609,1.3695987654320987,0.0,25.0,400000.0,20000.0,8.0,3.0,1
162.0,5257,1.831275720164609,1.3695987654320987,0.0,12.0,120000.0,20000.0,5.0,5.0,2,4,0.022727272727272728,-4.82,1.831275720164609,1.3695987654320987,0.0,12.0,120000.0,20000.0,5.0,5.0,1
162.0,8851,1.831275720164609,1.3695987654320987,0.0,12.0,120000.0,0.0,0.0,3.0,3,1,0.022727272727272728,-4.84,1.831275720164609,1.3695987654320987,0.0,12.0,120000.0,0.0,0.0,3.0,1
162.0,9766,1.831275720164609,1.3695987654320987,0.0,12.0,120000.0,0.0,0.0,3.0,3,10,0.022727272727272728,-4.84,1.831275720164609,1.3695987654320987,0.0,12.0,120000.0,0.0,0.0,3.0,1
162.0,10656,1.831275720164609,1.3695987654320987,0.0,12.0,120000.0,0.0,0.0,4.0,3,10,0.022727272727272728,-4.84,1.831275720164609,1.3695987654320987,0.0,12.0,120000.0,0.0,0.0,4.0,1
162.0,12008,1.831275720164609,1.3695987654320987,0.0,12.0,120000.0,0.0,0.0,1.0,1,10,0.022727272727272728,-4.8004999999999995,1.831275720164609,1.3695987654320987,0.0,12.0,120000.0,0.0,0.0,1.0,1
141.0,4528,1.8912529550827424,1.2485224586288415,37.5,25.0,400000.0,20000.0,9.0,3.0,1,1,0.022727272727272728,-5.2202002,1.8311625724031908,1.369514142984128,0.0,25.0,400000.0,20000.0,8.0,3.0,1
154.0,12004,1.8181818181818181,1.4272186147186146,0.0,12.0,120000.0,0.0,0.0,1.0,1,2,0.022727272727272728,-5.134000416666666,1.8311625724031908,1.369514142984128,0.0,12.0,120000.0,0.0,0.0,1.0,1
163.0,34,1.820040899795501,1.3611963190184049,0.0,8.0,80000.0,20000.0,3.0,2.0,1,10,0.022727272727272728,-4.88,1.820040899795501,1.3611963190184049,0.0,8.0,80000.0,20000.0,3.0,2.0,1
163.0,1831,1.820040899795501,1.3611963190184049,0.0,8.0,80000.0,0.0,0.0,4.0,1,10,0.022727272727272728,-4.88,1.820040899795501,1.3611963190184049,0.0,8.0,80000.0,0.0,0.0,4.0,1
163.0,6158,1.820040899795501,1.3611963190184049,0.0,12.0,120000.0,20000.0,15.0,3.0,1,10,0.022727272727272728,-4.88,1.820040899795501,1.3611963190184049,0.0,12.0,120000.0,20000.0,15.0,3.0,1
163.0,6604,1.820040899795501,1.3611963190184049,0.0,12.0,120000.0,20000.0,6.0,5.0,1,8,0.022727272727272728,-4.88,1.820040899795501,1.3611963190184049,0.0,12.0,120000.0,20000.0,6.0,5.0,1
163.0,8417,1.820040899795501,1.3611963190184049,12.5,12.0,120000.0,20000.0,22.0,1.0,1,8,0.022727272727272728,-4.88,1.820040899795501,1.3611963190184049,12.5,12.0,120000.0,20000.0,22.0,1.0,1
163.0,9303,1.820040899795501,1.3611963190184049,0.0,12.0,120000.0,0.0,0.0,6.0,2,8,0.022727272727272728,-4.88,1.820040899795501,1.3611963190184049,0.0,12.0,120000.0,0.0,0.0,6.0,1
163.0,10214,1.820040899795501,1.3611963190184049,0.0,12.0,120000.0,0.0,0.0,2.0,2,8,0.022727272727272728,-4.88,1.820040899795501,1.3611963190184049,0.0,12.0,120000.0,0.0,0.0,2.0,1
163.0,11099,1.820040899795501,1.3611963190184049,0.0,12.0,120000.0,0.0,0.0,4.0,2,7,0.022727272727272728,-4.88,1.820040899795501,1.3611963190184049,0.0,12.0,120000.0,0.0,0.0,4.0,1
163.0,11569,1.820040899795501,1.3611963190184049,0.0,12.0,120000.0,0.0,0.0,2.0,2,7,0.022727272727272728,-4.88,1.820040899795501,1.3611963190184049,0.0,12.0,120000.0,0.0,0.0,2.0,1
163.0,12450,1.820040899795501,1.3611963190184049,0.0,12.0,120000.0,0.0,0.0,4.0,2,7,0.022727272727272728,-4.88,1.820040899795501,1.3611963190184049,0.0,12.0,120000.0,0.0,0.0,4.0,1
143.0,2718,1.8881118881118881,1.231060606060606,75.0,25.0,400000.0,20000.0,9.0,4.0,0,0,0.022727272727272728,0.7195498000000001,1.8199291360491705,1.361112731665988,12.5,25.0,400000.0,20000.0,4.0,4.0,0
152.0,3457,1.7982456140350878,1.3637609649122808,12.5,25.0,400000.0,20000.0,8.0,2.0,3,3,0.022727272727272728,0.8400000000000001,1.9410569105691056,1.3528963414634145,12.5,25.0,400000.0,20000.0,9.0,2.0,0
164.0,498,1.9410569105691056,1.3528963414634145,0.0,8.0,80000.0,20000.0,10.0,4.0,2,7,0.022727272727272728,-4.859999999999999,1.9410569105691056,1.3528963414634145,0.0,8.0,80000.0,20000.0,10.0,4.0,1
164.0,951,1.9410569105691056,1.3528963414634145,0.0,8.0,80000.0,20000.0,17.0,1.0,3,9,0.022727272727272728,-4.92,1.9410569105691056,1.3528963414634145,0.0,8.0,80000.0,20000.0,17.0,1.0,1
164.0,2735,1.9410569105691056,1.3528963414634145,12.5,25.0,400000.0,20000.0,4.0,4.0,1,4,0.022727272727272728,-4.859999999999999,1.9410569105691056,1.3528963414634145,12.5,25.0,400000.0,20000.0,4.0,4.0,1
164.0,4176,1.9410569105691056,1.3528963414634145,0.0,25.0,400000.0,0.0,0.0,1.0,3,5,0.022727272727272728,-4.92,1.9410569105691056,1.3528963414634145,0.0,25.0,400000.0,0.0,0.0,1.0,1
164.0,4891,1.9410569105691056,1.3528963414634145,0.0,25.0,400000.0,0.0,0.0,5.0,3,5,0.022727272727272728,-4.92,1.9410569105691056,1.3528963414634145,0.0,25.0,400000.0,0.0,0.0,5.0,1
164.0,5258,1.9410569105691056,1.3528963414634145,0.0,12.0,120000.0,20000.0,5.0,5.0,2,5,0.022727272727272728,-4.859999999999999,1.9410569105691056,1.3528963414634145,0.0,12.0,120000.0,20000.0,5.0,5.0,1
164.0,7069,1.9410569105691056,1.3528963414634145,0.0,12.0,120000.0,20000.0,4.0,4.0,2,5,0.022727272727272728,-4.859999999999999,1.9410569105691056,1.3528963414634145,0.0,12.0,120000.0,20000.0,4.0,4.0,1
164.0,8852,1.9410569105691056,1.3528963414634145,0.0,12.0,120000.0,0.0,0.0,3.0,2,5,0.022727272727272728,-4.859999999999999,1.9410569105691056,1.3528963414634145,0.0,12.0,120000.0,0.0,0.0,3.0,1
164.0,9767,1.9410569105691056,1.3528963414634145,0.0,12.0,120000.0,0.0,0.0,3.0,2,5,0.022727272727272728,-4.859999999999999,1.9410569105691056,1.3528963414634145,0.0,12.0,120000.0,0.0,0.0,3.0,1
164.0,10657,1.9410569105691056,1.3528963414634145,0.0,12.0,120000.0,0.0,0.0,4.0,3,3,0.022727272727272728,-4.859999999999999,1.9410569105691056,1.3528963414634145,0.0,12.0,120000.0,0.0,0.0,4.0,1
164.0,12009,1.9410569105691056,1.3528963414634145,0.0,12.0,120000.0,0.0,0.0,1.0,1,2,0.022727272727272728,-4.80025,1.9410569105691056,1.3528963414634145,0.0,12.0,120000.0,0.0,0.0,1.0,1
162.0,7068,1.831275720164609,1.3695987654320987,0.0,12.0,120000.0,20000.0,4.0,4.0,3,1,0.022727272727272728,0.995,1.9292929292929293,1.3446969696969695,0.0,12.0,120000.0,20000.0,4.0,4.0,0
165.0,1832,1.9292929292929293,1.3446969696969695,0.0,8.0,80000.0,0.0,0.0,4.0,1,2,0.022727272727272728,-4.8,1.9292929292929293,1.3446969696969695,0.0,8.0,80000.0,0.0,0.0,4.0,1
165.0,3085,1.9292929292929293,1.3446969696969695,0.0,25.0,400000.0,0.0,0.0,5.0,1,2,0.022727272727272728,-4.8,1.9292929292929293,1.3446969696969695,0.0,25.0,400000.0,0.0,0.0,5.0,1
165.0,6159,1.9292929292929293,1.3446969696969695,0.0,12.0,120000.0,20000.0,15.0,3.0,1,7,0.022727272727272728,-4.8,1.9292929292929293,1.3446969696969695,0.0,12.0,120000.0,20000.0,15.0,3.0,1
165.0,6605,1.9292929292929293,1.3446969696969695,0.0,12.0,120000.0,20000.0,6.0,5.0,1,2,0.022727272727272728,-4.8,1.9292929292929293,1.3446969696969695,0.0,12.0,120000.0,20000.0,6.0,5.0,1
165.0,8418,1.9292929292929293,1.3446969696969695,12.5,12.0,120000.0,20000.0,22.0,1.0,2,2,0.022727272727272728,-4.8,1.9292929292929293,1.3446969696969695,12.5,12.0,120000.0,20000.0,22.0,1.0,1
165.0,9304,1.9292929292929293,1.3446969696969695,0.0,12.0,120000.0,0.0,0.0,6.0,2,7,0.022727272727272728,-4.8,1.9292929292929293,1.3446969696969695,0.0,12.0,120000.0,0.0,0.0,6.0,1
165.0,10215,1.9292929292929293,1.3446969696969695,0.0,12.0,120000.0,0.0,0.0,2.0,2,7,0.022727272727272728,-4.8,1.9292929292929293,1.3446969696969695,0.0,12.0,120000.0,0.0,0.0,2.0,1
165.0,11100,1.9292929292929293,1.3446969696969695,0.0,12.0,120000.0,0.0,0.0,4.0,2,7,0.022727272727272728,-4.8,1.9292929292929293,1.3446969696969695,0.0,12.0,120000.0,0.0,0.0,4.0,1
165.0,12451,1.9292929292929293,1.3446969696969695,0.0,12.0,120000.0,0.0,0.0,4.0,2,7,0.022727272727272728,-4.8,1.9292929292929293,1.3446969696969695,0.0,12.0,120000.0,0.0,0.0,4.0,1
161.0,33,1.7391304347826086,1.3781055900621118,0.0,8.0,80000.0,20000.0,3.0,2.0,3,1,0.022727272727272728,-5.173333958333333,1.9413372933127087,1.339070088975411,0.0,8.0,80000.0,20000.0,3.0,2.0,1
152.0,2731,1.7982456140350878,1.3637609649122808,62.5,25.0,400000.0,20000.0,8.0,4.0,3,3,0.022727272727272728,-5.156533533333333,1.9397763564499262,1.3379934064891008,12.5,25.0,400000.0,20000.0,4.0,4.0,1
166.0,5259,1.9377510040160644,1.3365963855421685,0.0,12.0,120000.0,20000.0,5.0,5.0,2,5,0.022727272727272728,-4.82,1.9377510040160644,1.3365963855421685,0.0,12.0,120000.0,20000.0,5.0,5.0,1
166.0,8853,1.9377510040160644,1.3365963855421685,0.0,12.0,120000.0,0.0,0.0,3.0,2,5,0.022727272727272728,-4.82,1.9377510040160644,1.3365963855421685,0.0,12.0,120000.0,0.0,0.0,3.0,1
166.0,9768,1.9377510040160644,1.3365963855421685,0.0,12.0,120000.0,0.0,0.0,3.0,2,2,0.022727272727272728,-4.82,1.9377510040160644,1.3365963855421685,0.0,12.0,120000.0,0.0,0.0,3.0,1
166.0,9771,1.9377510040160644,1.3365963855421685,0.0,12.0,120000.0,0.0,0.0,3.0,2,2,0.022727272727272728,-4.82,1.9377510040160644,1.3365963855421685,0.0,12.0,120000.0,0.0,0.0,3.0,1
166.0,10658,1.9377510040160644,1.3365963855421685,0.0,12.0,120000.0,0.0,0.0,4.0,2,2,0.022727272727272728,-4.82,1.9377510040160644,1.3365963855421685,0.0,12.0,120000.0,0.0,0.0,4.0,1
166.0,12010,1.9377510040160644,1.3365963855421685,0.0,12.0,120000.0,0.0,0.0,1.0,2,2,0.022727272727272728,-4.82,1.9377510040160644,1.3365963855421685,0.0,12.0,120000.0,0.0,0.0,1.0,1
146.0,3808,1.8493150684931507,1.2057648401826484,25.0,25.0,400000.0,20000.0,10.0,0.0,0,0,0.022727272727272728,0.7790498000000001,1.9376341623415763,1.3365157920296493,37.5,25.0,400000.0,20000.0,11.0,0.0,0
161.0,1830,1.7391304347826086,1.3781055900621118,0.0,8.0,80000.0,0.0,0.0,4.0,3,1,0.022727272727272728,0.7050000000000001,1.9461077844311379,1.3285928143712575,0.0,8.0,80000.0,0.0,0.0,4.0,0
161.0,8416,1.7391304347826086,1.3781055900621118,0.0,12.0,120000.0,20000.0,21.0,1.0,0,0,0.022727272727272728,0.87,1.9461077844311379,1.3285928143712575,0.0,12.0,120000.0,20000.0,21.0,1.0,0
167.0,4177,1.9461077844311379,1.3285928143712575,0.0,25.0,400000.0,0.0,0.0,1.0,3,6,0.022727272727272728,-4.88,1.9461077844311379,1.3285928143712575,0.0,25.0,400000.0,0.0,0.0,1.0,1
167.0,6606,1.9461077844311379,1.3285928143712575,0.0,12.0,120000.0,20000.0,6.0,5.0,3,5,0.022727272727272728,-4.88,1.9461077844311379,1.3285928143712575,0.0,12.0,120000.0,20000.0,6.0,5.0,1
167.0,8419,1.9461077844311379,1.3285928143712575,0.0,12.0,120000.0,20000.0,21.0,1.0,3,5,0.022727272727272728,-4.88,1.9461077844311379,1.3285928143712575,0.0,12.0,120000.0,20000.0,21.0,1.0,1
167.0,9305,1.9461077844311379,1.3285928143712575,0.0,12.0,120000.0,0.0,0.0,6.0,2,8,0.022727272727272728,-4.8,1.9461077844311379,1.3285928143712575,0.0,12.0,120000.0,0.0,0.0,6.0,1
167.0,10216,1.9461077844311379,1.3285928143712575,0.0,12.0,120000.0,0.0,0.0,2.0,2,8,0.022727272727272728,-4.8,1.9461077844311379,1.3285928143712575,0.0,12.0,120000.0,0.0,0.0,2.0,1
167.0,11101,1.9461077844311379,1.3285928143712575,0.0,12.0,120000.0,0.0,0.0,4.0,1,6,0.022727272727272728,-4.8,1.9461077844311379,1.3285928143712575,0.0,12.0,120000.0,0.0,0.0,4.0,1
167.0,12452,1.9461077844311379,1.3285928143712575,0.0,12.0,120000.0,0.0,0.0,4.0,1,6,0.022727272727272728,-4.8,1.9461077844311379,1.3285928143712575,0.0,12.0,120000.0,0.0,0.0,4.0,1
161.0,7969,1.7391304347826086,1.3781055900621118,12.5,12.0,120000.0,20000.0,12.0,3.0,0,0,0.022727272727272728,0.9495829166666669,1.9459911414890638,1.3285131831319572,0.0,12.0,120000.0,20000.0,13.0,3.0,0
164.0,9770,1.9410569105691056,1.3528963414634145,0.0,12.0,120000.0,0.0,0.0,3.0,3,3,0.022727272727272728,-5.044583333333334,1.9648704971717772,1.3210777016969333,0.0,12.0,120000.0,0.0,0.0,3.0,1
168.0,953,1.9642857142857142,1.3206845238095237,0.0,8.0,80000.0,20000.0,17.0,1.0,2,6,0.022727272727272728,-4.82,1.9642857142857142,1.3206845238095237,0.0,8.0,80000.0,20000.0,17.0,1.0,1
168.0,3086,1.9642857142857142,1.3206845238095237,0.0,25.0,400000.0,0.0,0.0,5.0,2,6,0.022727272727272728,-4.82,1.9642857142857142,1.3206845238095237,0.0,25.0,400000.0,0.0,0.0,5.0,1
168.0,4537,1.9642857142857142,1.3206845238095237,12.5,25.0,400000.0,20000.0,10.0,3.0,1,10,0.022727272727272728,-4.82,1.9642857142857142,1.3206845238095237,12.5,25.0,400000.0,20000.0,10.0,3.0,1
168.0,5260,1.9642857142857142,1.3206845238095237,0.0,12.0,120000.0,20000.0,5.0,5.0,1,10,0.022727272727272728,-4.82,1.9642857142857142,1.3206845238095237,0.0,12.0,120000.0,20000.0,5.0,5.0,1
168.0,8854,1.9642857142857142,1.3206845238095237,0.0,12.0,120000.0,0.0,0.0,3.0,1,10,0.022727272727272728,-4.82,1.9642857142857142,1.3206845238095237,0.0,12.0,120000.0,0.0,0.0,3.0,1
168.0,9769,1.9642857142857142,1.3206845238095237,0.0,12.0,120000.0,0.0,0.0,3.0,1,10,0.022727272727272728,-4.82,1.9642857142857142,1.3206845238095237,0.0,12.0,120000.0,0.0,0.0,3.0,1
168.0,9772,1.9642857142857142,1.3206845238095237,0.0,12.0,120000.0,0.0,0.0,3.0,3,9,0.022727272727272728,-4.88,1.9642857142857142,1.3206845238095237,0.0,12.0,120000.0,0.0,0.0,3.0,1
168.0,10659,1.9642857142857142,1.3206845238095237,0.0,12.0,120000.0,0.0,0.0,4.0,3,9,0.022727272727272728,-4.88,1.9642857142857142,1.3206845238095237,0.0,12.0,120000.0,0.0,0.0,4.0,1
168.0,12011,1.9642857142857142,1.3206845238095237,0.0,12.0,120000.0,0.0,0.0,1.0,3,8,0.022727272727272728,-4.88,1.9642857142857142,1.3206845238095237,0.0,12.0,120000.0,0.0,0.0,1.0,1
169.0,37,1.9526627218934909,1.3128698224852071,12.5,8.0,80000.0,20000.0,4.0,2.0,3,8,0.022727272727272728,-4.92,1.9526627218934909,1.3128698224852071,12.5,8.0,80000.0,20000.0,4.0,2.0,1
169.0,1400,1.9526627218934909,1.3128698224852071,0.0,8.0,80000.0,0.0,0.0,5.0,3,6,0.022727272727272728,-4.92,1.9526627218934909,1.3128698224852071,0.0,8.0,80000.0,0.0,0.0,5.0,1
169.0,1834,1.9526627218934909,1.3128698224852071,0.0,8.0,80000.0,0.0,0.0,4.0,3,6,0.022727272727272728,-4.92,1.9526627218934909,1.3128698224852071,0.0,8.0,80000.0,0.0,0.0,4.0,1
169.0,6607,1.9526627218934909,1.3128698224852071,0.0,12.0,120000.0,20000.0,6.0,5.0,3,3,0.022727272727272728,-4.859999999999999,1.9526627218934909,1.3128698224852071,0.0,12.0,120000.0,20000.0,6.0,5.0,1
169.0,9306,1.9526627218934909,1.3128698224852071,0.0,12.0,120000.0,0.0,0.0,6.0,2,7,0.022727272727272728,-4.8,1.9526627218934909,1.3128698224852071,0.0,12.0,120000.0,0.0,0.0,6.0,1
169.0,10217,1.9526627218934909,1.3128698224852071,0.0,12.0,120000.0,0.0,0.0,2.0,2,7,0.022727272727272728,-4.8,1.9526627218934909,1.3128698224852071,0.0,12.0,120000.0,0.0,0.0,2.0,1
169.0,11102,1.9526627218934909,1.3128698224852071,0.0,12.0,120000.0,0.0,0.0,4.0,2,9,0.022727272727272728,-4.8,1.9526627218934909,1.3128698224852071,0.0,12.0,120000.0,0.0,0.0,4.0,1
169.0,12453,1.9526627218934909,1.3128698224852071,0.0,12.0,120000.0,0.0,0.0,4.0,2,9,0.022727272727272728,-4.8,1.9526627218934909,1.3128698224852071,0.0,12.0,120000.0,0.0,0.0,4.0,1
167.0,1833,1.9461077844311379,1.3285928143712575,0.0,8.0,80000.0,0.0,0.0,4.0,3,2,0.022727272727272728,-5.028333958333333,1.964327691266931,1.3075056194995511,0.0,8.0,80000.0,0.0,0.0,4.0,1
170.0,2740,1.9607843137254901,1.3051470588235294,25.0,25.0,400000.0,20000.0,6.0,4.0,3,9,0.022727272727272728,-4.9399999999999995,1.9607843137254901,1.3051470588235294,25.0,25.0,400000.0,20000.0,6.0,4.0,1
170.0,3816,1.9607843137254901,1.3051470588235294,50.0,25.0,400000.0,20000.0,12.0,0.0,3,9,0.022727272727272728,-4.9399999999999995,1.9607843137254901,1.3051470588235294,50.0,25.0,400000.0,20000.0,12.0,0.0,1
170.0,5261,1.9607843137254901,1.3051470588235294,0.0,12.0,120000.0,20000.0,5.0,5.0,2,1,0.022727272727272728,-4.8,1.9607843137254901,1.3051470588235294,0.0,12.0,120000.0,20000.0,5.0,5.0,1
170.0,5270,1.9607843137254901,1.3051470588235294,0.0,12.0,120000.0,20000.0,5.0,5.0,2,1,0.022727272727272728,-4.8,1.9607843137254901,1.3051470588235294,0.0,12.0,120000.0,20000.0,5.0,5.0,1
170.0,8855,1.9607843137254901,1.3051470588235294,0.0,12.0,120000.0,0.0,0.0,3.0,1,2,0.022727272727272728,-4.8,1.9607843137254901,1.3051470588235294,0.0,12.0,120000.0,0.0,0.0,3.0,1
170.0,9773,1.9607843137254901,1.3051470588235294,0.0,12.0,120000.0,0.0,0.0,3.0,1,2,0.022727272727272728,-4.8,1.9607843137254901,1.3051470588235294,0.0,12.0,120000.0,0.0,0.0,3.0,1
170.0,10660,1.9607843137254901,1.3051470588235294,0.0,12.0,120000.0,0.0,0.0,4.0,3,2,0.022727272727272728,-4.859999999999999,1.9607843137254901,1.3051470588235294,0.0,12.0,120000.0,0.0,0.0,4.0,1
170.0,12012,1.9607843137254901,1.3051470588235294,0.0,12.0,120000.0,0.0,0.0,1.0,3,2,0.022727272727272728,-4.859999999999999,1.9607843137254901,1.3051470588235294,0.0,12.0,120000.0,0.0,0.0,1.0,1
165.0,35,1.9292929292929293,1.3446969696969695,0.0,8.0,80000.0,20000.0,3.0,2.0,1,2,0.022727272727272728,-5.1125,1.9607843137254901,1.3051470588235294,12.5,8.0,80000.0,20000.0,4.0,2.0,1
166.0,952,1.9377510040160644,1.3365963855421685,0.0,8.0,80000.0,20000.0,17.0,1.0,3,1,0.022727272727272728,-5.153333958333333,2.001640251427106,1.2998456510791878,12.5,8.0,80000.0,20000.0,18.0,1.0,1
169.0,6161,1.9526627218934909,1.3128698224852071,0.0,12.0,120000.0,20000.0,17.0,3.0,3,3,0.022727272727272728,-4.941667083333332,1.998518054992315,1.2978181271748874,0.0,12.0,120000.0,20000.0,19.0,3.0,1
167.0,36,1.9461077844311379,1.3285928143712575,0.0,8.0,80000.0,20000.0,3.0,2.0,0,0,0.022727272727272728,0.93,1.9980506822612085,1.297514619883041,0.0,8.0,80000.0,20000.0,4.0,2.0,0
171.0,1401,1.9980506822612085,1.297514619883041,0.0,8.0,80000.0,0.0,0.0,5.0,1,2,0.022727272727272728,-4.82,1.9980506822612085,1.297514619883041,0.0,8.0,80000.0,0.0,0.0,5.0,1
171.0,1835,1.9980506822612085,1.297514619883041,0.0,8.0,80000.0,0.0,0.0,4.0,3,9,0.022727272727272728,-4.88,1.9980506822612085,1.297514619883041,0.0,8.0,80000.0,0.0,0.0,4.0,1
171.0,3087,1.9980506822612085,1.297514619883041,0.0,25.0,400000.0,0.0,0.0,5.0,3,9,0.022727272727272728,-4.88,1.9980506822612085,1.297514619883041,0.0,25.0,400000.0,0.0,0.0,5.0,1
171.0,6608,1.9980506822612085,1.297514619883041,0.0,12.0,120000.0,20000.0,6.0,5.0,1,8,0.022727272727272728,-4.82,1.9980506822612085,1.297514619883041,0.0,12.0,120000.0,20000.0,6.0,5.0,1
171.0,9307,1.9980506822612085,1.297514619883041,0.0,12.0,120000.0,0.0,0.0,6.0,2,7,0.022727272727272728,-4.82,1.9980506822612085,1.297514619883041,0.0,12.0,120000.0,0.0,0.0,6.0,1
171.0,9320,1.9980506822612085,1.297514619883041,0.0,12.0,120000.0,0.0,0.0,6.0,2,6,0.022727272727272728,-4.82,1.9980506822612085,1.297514619883041,0.0,12.0,120000.0,0.0,0.0,6.0,1
171.0,10218,1.9980506822612085,1.297514619883041,0.0,12.0,120000.0,0.0,0.0,2.0,2,6,0.022727272727272728,-4.82,1.9980506822612085,1.297514619883041,0.0,12.0,120000.0,0.0,0.0,2.0,1
171.0,11103,1.9980506822612085,1.297514619883041,0.0,12.0,120000.0,0.0,0.0,4.0,2,6,0.022727272727272728,-4.82,1.9980506822612085,1.297514619883041,0.0,12.0,120000.0,0.0,0.0,4.0,1
171.0,12454,1.9980506822612085,1.297514619883041,0.0,12.0,120000.0,0.0,0.0,4.0,2,6,0.022727272727272728,-4.82,1.9980506822612085,1.297514619883041,0.0,12.0,120000.0,0.0,0.0,4.0,1
166.0,499,1.9377510040160644,1.3365963855421685,0.0,8.0,80000.0,20000.0,11.0,4.0,3,1,0.022727272727272728,0.745,2.005813953488372,1.2899709302325582,0.0,8.0,80000.0,20000.0,12.0,4.0,0
172.0,8856,2.005813953488372,1.2899709302325582,0.0,12.0,120000.0,0.0,0.0,3.0,1,8,0.022727272727272728,-4.84,2.005813953488372,1.2899709302325582,0.0,12.0,120000.0,0.0,0.0,3.0,1
172.0,9774,2.005813953488372,1.2899709302325582,0.0,12.0,120000.0,0.0,0.0,3.0,1,8,0.022727272727272728,-4.84,2.005813953488372,1.2899709302325582,0.0,12.0,120000.0,0.0,0.0,3.0,1
172.0,10661,2.005813953488372,1.2899709302325582,0.0,12.0,120000.0,0.0,0.0,4.0,1,5,0.022727272727272728,-4.84,2.005813953488372,1.2899709302325582,0.0,12.0,120000.0,0.0,0.0,4.0,1
172.0,12013,2.005813953488372,1.2899709302325582,0.0,12.0,120000.0,0.0,0.0,1.0,1,5,0.022727272727272728,-4.84,2.005813953488372,1.2899709302325582,0.0,12.0,120000.0,0.0,0.0,1.0,1
152.0,3810,1.7982456140350878,1.3637609649122808,25.0,25.0,400000.0,20000.0,10.0,0.0,0,0,0.022727272727272728,0.7590498000000001,2.0056972265741977,1.2898958612931888,37.5,25.0,400000.0,20000.0,11.0,0.0,0
173.0,3817,1.9942196531791907,1.282514450867052,37.5,25.0,400000.0,20000.0,11.0,0.0,3,3,0.022727272727272728,-4.92,1.9942196531791907,1.282514450867052,37.5,25.0,400000.0,20000.0,11.0,0.0,1
173.0,4179,1.9942196531791907,1.282514450867052,0.0,25.0,400000.0,0.0,0.0,1.0,2,10,0.022727272727272728,-4.84,1.9942196531791907,1.282514450867052,0.0,25.0,400000.0,0.0,0.0,1.0,1
173.0,4894,1.9942196531791907,1.282514450867052,0.0,25.0,400000.0,0.0,0.0,5.0,3,3,0.022727272727272728,-4.92,1.9942196531791907,1.282514450867052,0.0,25.0,400000.0,0.0,0.0,5.0,1
173.0,6163,1.9942196531791907,1.282514450867052,12.5,12.0,120000.0,20000.0,20.0,3.0,3,7,0.022727272727272728,-4.92,1.9942196531791907,1.282514450867052,12.5,12.0,120000.0,20000.0,20.0,3.0,1
173.0,6609,1.9942196531791907,1.282514450867052,0.0,12.0,120000.0,20000.0,6.0,5.0,3,7,0.022727272727272728,-4.92,1.9942196531791907,1.282514450867052,0.0,12.0,120000.0,20000.0,6.0,5.0,1
173.0,9308,1.9942196531791907,1.282514450867052,0.0,12.0,120000.0,0.0,0.0,6.0,3,7,0.022727272727272728,-4.92,1.9942196531791907,1.282514450867052,0.0,12.0,120000.0,0.0,0.0,6.0,1
173.0,9321,1.9942196531791907,1.282514450867052,0.0,12.0,120000.0,0.0,0.0,6.0,3,5,0.022727272727272728,-4.92,1.9942196531791907,1.282514450867052,0.0,12.0,120000.0,0.0,0.0,6.0,1
173.0,10219,1.9942196531791907,1.282514450867052,0.0,12.0,120000.0,0.0,0.0,2.0,3,5,0.022727272727272728,-4.92,1.9942196531791907,1.282514450867052,0.0,12.0,120000.0,0.0,0.0,2.0,1
170.0,954,1.9607843137254901,1.3051470588235294,0.0,8.0,80000.0,20000.0,17.0,1.0,0,0,0.022727272727272728,0.9297500000000001,2.078544061302682,1.2751436781609196,12.5,8.0,80000.0,20000.0,18.0,1.0,0
174.0,956,2.078544061302682,1.2751436781609196,12.5,8.0,80000.0,20000.0,18.0,1.0,1,5,0.022727272727272728,-4.82,2.078544061302682,1.2751436781609196,12.5,8.0,80000.0,20000.0,18.0,1.0,1
174.0,3088,2.078544061302682,1.2751436781609196,0.0,25.0,400000.0,0.0,0.0,5.0,1,5,0.022727272727272728,-4.82,2.078544061302682,1.2751436781609196,0.0,25.0,400000.0,0.0,0.0,5.0,1
174.0,4539,2.078544061302682,1.2751436781609196,25.0,25.0,400000.0,20000.0,11.0,3.0,2,5,0.022727272727272728,-4.82,2.078544061302682,1.2751436781609196,25.0,25.0,400000.0,20000.0,11.0,3.0,1
174.0,5263,2.078544061302682,1.2751436781609196,25.0,12.0,120000.0,20000.0,7.0,5.0,2,5,0.022727272727272728,-4.82,2.078544061302682,1.2751436781609196,25.0,12.0,120000.0,20000.0,7.0,5.0,1
174.0,8857,2.078544061302682,1.2751436781609196,0.0,12.0,120000.0,0.0,0.0,3.0,1,1,0.022727272727272728,-4.8,2.078544061302682,1.2751436781609196,0.0,12.0,120000.0,0.0,0.0,3.0,1
174.0,9775,2.078544061302682,1.2751436781609196,0.0,12.0,120000.0,0.0,0.0,3.0,2,4,0.022727272727272728,-4.8,2.078544061302682,1.2751436781609196,0.0,12.0,120000.0,0.0,0.0,3.0,1
174.0,10662,2.078544061302682,1.2751436781609196,0.0,12.0,120000.0,0.0,0.0,4.0,2,4,0.022727272727272728,-4.8,2.078544061302682,1.2751436781609196,0.0,12.0,120000.0,0.0,0.0,4.0,1
174.0,12014,2.078544061302682,1.2751436781609196,0.0,12.0,120000.0,0.0,0.0,1.0,2,5,0.022727272727272728,-4.8,2.078544061302682,1.2751436781609196,0.0,12.0,120000.0,0.0,0.0,1.0,1
175.0,40,2.0666666666666664,1.3392857142857142,25.0,8.0,80000.0,20000.0,5.0,2.0,2,5,0.022727272727272728,-4.88,2.0666666666666664,1.3392857142857142,25.0,8.0,80000.0,20000.0,5.0,2.0,1
175.0,1403,2.0666666666666664,1.3392857142857142,0.0,8.0,80000.0,0.0,0.0,5.0,2,5,0.022727272727272728,-4.88,2.0666666666666664,1.3392857142857142,0.0,8.0,80000.0,0.0,0.0,5.0,1
175.0,1837,2.0666666666666664,1.3392857142857142,0.0,8.0,80000.0,0.0,0.0,4.0,2,5,0.022727272727272728,-4.88,2.0666666666666664,1.3392857142857142,0.0,8.0,80000.0,0.0,0.0,4.0,1
175.0,6164,2.0666666666666664,1.3392857142857142,12.5,12.0,120000.0,20000.0,20.0,3.0,3,4,0.022727272727272728,-4.84,2.0666666666666664,1.3392857142857142,12.5,12.0,120000.0,20000.0,20.0,3.0,1
175.0,7071,2.0666666666666664,1.3392857142857142,25.0,12.0,120000.0,20000.0,7.0,4.0,1,4,0.022727272727272728,-4.8,2.0666666666666664,1.3392857142857142,25.0,12.0,120000.0,20000.0,7.0,4.0,1
175.0,7970,2.0666666666666664,1.3392857142857142,0.0,12.0,120000.0,20000.0,14.0,3.0,3,4,0.022727272727272728,-4.84,2.0666666666666664,1.3392857142857142,0.0,12.0,120000.0,20000.0,14.0,3.0,1
175.0,8870,2.0666666666666664,1.3392857142857142,0.0,12.0,120000.0,0.0,0.0,3.0,3,4,0.022727272727272728,-4.84,2.0666666666666664,1.3392857142857142,0.0,12.0,120000.0,0.0,0.0,3.0,1
175.0,9309,2.0666666666666664,1.3392857142857142,0.0,12.0,120000.0,0.0,0.0,6.0,2,1,0.022727272727272728,-4.8,2.0666666666666664,1.3392857142857142,0.0,12.0,120000.0,0.0,0.0,6.0,1
175.0,9322,2.0666666666666664,1.3392857142857142,0.0,12.0,120000.0,0.0,0.0,6.0,2,1,0.022727272727272728,-4.8,2.0666666666666664,1.3392857142857142,0.0,12.0,120000.0,0.0,0.0,6.0,1
175.0,11105,2.0666666666666664,1.3392857142857142,0.0,12.0,120000.0,0.0,0.0,4.0,2,1,0.022727272727272728,-4.802,2.0666666666666664,1.3392857142857142,0.0,12.0,120000.0,0.0,0.0,4.0,1
175.0,12456,2.0666666666666664,1.3392857142857142,0.0,12.0,120000.0,0.0,0.0,4.0,2,10,0.022727272727272728,-4.8,2.0666666666666664,1.3392857142857142,0.0,12.0,120000.0,0.0,0.0,4.0,1
171.0,38,1.9980506822612085,1.297514619883041,0.0,8.0,80000.0,20000.0,3.0,2.0,0,0,0.022727272727272728,0.9491243750000005,2.066548460094749,1.3392091115245353,12.5,8.0,80000.0,20000.0,4.0,2.0,0
156.0,4533,1.7948717948717947,1.4089209401709402,0.0,25.0,400000.0,20000.0,7.0,3.0,3,2,0.022727272727272728,-5.236533533333333,2.056949909553922,1.3329888526775127,25.0,25.0,400000.0,20000.0,11.0,3.0,1
176.0,957,2.0549242424242427,1.3316761363636362,12.5,8.0,80000.0,20000.0,18.0,1.0,2,2,0.022727272727272728,-4.82,2.0549242424242427,1.3316761363636362,12.5,8.0,80000.0,20000.0,18.0,1.0,1
176.0,2739,2.0549242424242427,1.3316761363636362,62.5,25.0,400000.0,20000.0,8.0,4.0,2,2,0.022727272727272728,-4.82,2.0549242424242427,1.3316761363636362,62.5,25.0,400000.0,20000.0,8.0,4.0,1
176.0,2742,2.0549242424242427,1.3316761363636362,62.5,25.0,400000.0,20000.0,8.0,4.0,2,3,0.022727272727272728,-4.82,2.0549242424242427,1.3316761363636362,62.5,25.0,400000.0,20000.0,8.0,4.0,1
176.0,3818,2.0549242424242427,1.3316761363636362,37.5,25.0,400000.0,20000.0,11.0,0.0,2,3,0.022727272727272728,-4.82,2.0549242424242427,1.3316761363636362,37.5,25.0,400000.0,20000.0,11.0,0.0,1
176.0,4895,2.0549242424242427,1.3316761363636362,0.0,25.0,400000.0,0.0,0.0,5.0,3,2,0.022727272727272728,-4.84,2.0549242424242427,1.3316761363636362,0.0,25.0,400000.0,0.0,0.0,5.0,1
176.0,5264,2.0549242424242427,1.3316761363636362,25.0,12.0,120000.0,20000.0,7.0,5.0,3,2,0.022727272727272728,-4.84,2.0549242424242427,1.3316761363636362,25.0,12.0,120000.0,20000.0,8.0,5.0,1
176.0,8858,2.0549242424242427,1.3316761363636362,0.0,12.0,120000.0,0.0,0.0,3.0,1,2,0.022727272727272728,-4.82,2.0549242424242427,1.3316761363636362,0.0,12.0,120000.0,0.0,0.0,3.0,1
176.0,9776,2.0549242424242427,1.3316761363636362,0.0,12.0,120000.0,0.0,0.0,3.0,1,2,0.022727272727272728,-4.82,2.0549242424242427,1.3316761363636362,0.0,12.0,120000.0,0.0,0.0,3.0,1
176.0,10663,2.0549242424242427,1.3316761363636362,0.0,12.0,120000.0,0.0,0.0,4.0,1,2,0.022727272727272728,-4.82,2.0549242424242427,1.3316761363636362,0.0,12.0,120000.0,0.0,0.0,4.0,1
176.0,12015,2.0549242424242427,1.3316761363636362,0.0,12.0,120000.0,0.0,0.0,1.0,2,10,0.022727272727272728,-4.82,2.0549242424242427,1.3316761363636362,0.0,12.0,120000.0,0.0,0.0,1.0,1
172.0,955,2.005813953488372,1.2899709302325582,12.5,8.0,80000.0,20000.0,18.0,1.0,0,0,0.022727272727272728,0.9493743750000003,2.0548073752547746,1.3316004015907958,0.0,8.0,80000.0,20000.0,17.0,1.0,0
173.0,1402,1.9942196531791907,1.282514450867052,0.0,8.0,80000.0,0.0,0.0,5.0,2,1,0.022727272727272728,-5.008333333333334,2.051039697542533,1.3291587901701323,0.0,8.0,80000.0,0.0,0.0,5.0,1
173.0,11104,1.9942196531791907,1.282514450867052,0.0,12.0,120000.0,0.0,0.0,4.0,1,1,0.022727272727272728,0.9933333333333334,2.04331450094162,1.3359227871939736,0.0,12.0,120000.0,0.0,0.0,4.0,0
171.0,6162,1.9980506822612085,1.297514619883041,0.0,12.0,120000.0,20000.0,19.0,3.0,0,0,0.022727272727272728,0.91,2.04331450094162,1.3359227871939736,0.0,12.0,120000.0,20000.0,19.0,3.0,0
177.0,41,2.04331450094162,1.3359227871939736,12.5,8.0,80000.0,20000.0,4.0,2.0,2,10,0.022727272727272728,-4.84,2.04331450094162,1.3359227871939736,12.5,8.0,80000.0,20000.0,4.0,2.0,1
177.0,1404,2.04331450094162,1.3359227871939736,0.0,8.0,80000.0,0.0,0.0,5.0,3,3,0.022727272727272728,-4.84,2.04331450094162,1.3359227871939736,0.0,8.0,80000.0,0.0,0.0,5.0,1
177.0,1838,2.04331450094162,1.3359227871939736,0.0,8.0,80000.0,0.0,0.0,4.0,3,3,0.022727272727272728,-4.84,2.04331450094162,1.3359227871939736,0.0,8.0,80000.0,0.0,0.0,4.0,1
177.0,3089,2.04331450094162,1.3359227871939736,0.0,25.0,400000.0,0.0,0.0,5.0,3,3,0.022727272727272728,-4.84,2.04331450094162,1.3359227871939736,0.0,25.0,400000.0,0.0,0.0,5.0,1
177.0,6165,2.04331450094162,1.3359227871939736,0.0,12.0,120000.0,20000.0,19.0,3.0,1,3,0.022727272727272728,-4.84,2.04331450094162,1.3359227871939736,0.0,12.0,120000.0,20000.0,19.0,3.0,1
177.0,6611,2.04331450094162,1.3359227871939736,12.5,12.0,120000.0,20000.0,7.0,5.0,3,7,0.022727272727272728,-4.84,2.04331450094162,1.3359227871939736,12.5,12.0,120000.0,20000.0,7.0,5.0,1
177.0,7072,2.04331450094162,1.3359227871939736,25.0,12.0,120000.0,20000.0,7.0,4.0,3,7,0.022727272727272728,-4.84,2.04331450094162,1.3359227871939736,25.0,12.0,120000.0,20000.0,7.0,4.0,1
177.0,9310,2.04331450094162,1.3359227871939736,0.0,12.0,120000.0,0.0,0.0,6.0,2,8,0.022727272727272728,-4.8,2.04331450094162,1.3359227871939736,0.0,12.0,120000.0,0.0,0.0,6.0,1
177.0,9323,2.04331450094162,1.3359227871939736,0.0,12.0,120000.0,0.0,0.0,6.0,2,8,0.022727272727272728,-4.8,2.04331450094162,1.3359227871939736,0.0,12.0,120000.0,0.0,0.0,6.0,1
177.0,11106,2.04331450094162,1.3359227871939736,0.0,12.0,120000.0,0.0,0.0,4.0,2,5,0.022727272727272728,-4.8,2.04331450094162,1.3359227871939736,0.0,12.0,120000.0,0.0,0.0,4.0,1
177.0,12457,2.04331450094162,1.3359227871939736,0.0,12.0,120000.0,0.0,0.0,4.0,2,5,0.022727272727272728,-4.8,2.04331450094162,1.3359227871939736,0.0,12.0,120000.0,0.0,0.0,4.0,1
173.0,12455,1.9942196531791907,1.282514450867052,0.0,12.0,120000.0,0.0,0.0,4.0,1,1,0.022727272727272728,-4.966666666666667,2.04331450094162,1.3359227871939736,0.0,12.0,120000.0,0.0,0.0,4.0,1
173.0,39,1.9942196531791907,1.282514450867052,12.5,8.0,80000.0,20000.0,4.0,2.0,0,0,0.022727272727272728,0.9493743750000003,2.0431989505376937,1.3358472401268908,0.0,8.0,80000.0,20000.0,3.0,2.0,0
172.0,5262,2.005813953488372,1.2899709302325582,0.0,12.0,120000.0,20000.0,5.0,5.0,0,0,0.022727272727272728,0.9297500000000001,2.0318352059925093,1.3284176029962547,12.5,12.0,120000.0,20000.0,6.0,5.0,0
172.0,5271,2.005813953488372,1.2899709302325582,0.0,12.0,120000.0,20000.0,6.0,5.0,0,0,0.022727272727272728,0.9297500000000001,2.0318352059925093,1.3284176029962547,12.5,12.0,120000.0,20000.0,6.0,5.0,0
158.0,3459,1.7721518987341773,1.4042721518987342,0.0,25.0,400000.0,20000.0,7.0,2.0,1,8,0.022727272727272728,0.7795000000000001,2.0318352059925093,1.3284176029962547,25.0,25.0,400000.0,20000.0,11.0,2.0,0
178.0,5265,2.0318352059925093,1.3284176029962547,12.5,12.0,120000.0,20000.0,6.0,5.0,2,3,0.022727272727272728,-4.82,2.0318352059925093,1.3284176029962547,12.5,12.0,120000.0,20000.0,6.0,5.0,1
178.0,5274,2.0318352059925093,1.3284176029962547,12.5,12.0,120000.0,20000.0,6.0,5.0,1,4,0.022727272727272728,-4.82,2.0318352059925093,1.3284176029962547,12.5,12.0,120000.0,20000.0,6.0,5.0,1
178.0,8859,2.0318352059925093,1.3284176029962547,0.0,12.0,120000.0,0.0,0.0,3.0,1,4,0.022727272727272728,-4.82,2.0318352059925093,1.3284176029962547,0.0,12.0,120000.0,0.0,0.0,3.0,1
178.0,10664,2.0318352059925093,1.3284176029962547,0.0,12.0,120000.0,0.0,0.0,4.0,3,1,0.022727272727272728,-4.82,2.0318352059925093,1.3284176029962547,0.0,12.0,120000.0,0.0,0.0,4.0,1
178.0,12016,2.0318352059925093,1.3284176029962547,0.0,12.0,120000.0,0.0,0.0,1.0,3,1,0.022727272727272728,-4.82,2.0318352059925093,1.3284176029962547,0.0,12.0,120000.0,0.0,0.0,1.0,1
178.0,12020,2.0318352059925093,1.3284176029962547,0.0,12.0,120000.0,0.0,0.0,1.0,3,1,0.022727272727272728,-4.82,2.0318352059925093,1.3284176029962547,0.0,12.0,120000.0,0.0,0.0,1.0,1
178.0,12470,2.0318352059925093,1.3284176029962547,0.0,12.0,120000.0,0.0,0.0,4.0,2,2,0.022727272727272728,-4.8,2.0318352059925093,1.3284176029962547,0.0,12.0,120000.0,0.0,0.0,4.0,1
174.0,5272,2.078544061302682,1.2751436781609196,25.0,12.0,120000.0,20000.0,7.0,5.0,1,1,0.022727272727272728,-4.966666666666667,2.0318352059925093,1.3284176029962547,12.5,12.0,120000.0,20000.0,6.0,5.0,1
173.0,1836,1.9942196531791907,1.282514450867052,0.0,8.0,80000.0,0.0,0.0,4.0,2,1,0.022727272727272728,-5.133333333333334,2.02803738317757,1.3259345794392523,0.0,8.0,80000.0,0.0,0.0,4.0,1
173.0,7070,1.9942196531791907,1.282514450867052,12.5,12.0,120000.0,20000.0,6.0,4.0,0,0,0.022727272727272728,0.9297500000000001,2.02048417132216,1.320996275605214,12.5,12.0,120000.0,20000.0,6.0,4.0,0
179.0,42,2.02048417132216,1.320996275605214,0.0,8.0,80000.0,20000.0,3.0,2.0,2,2,0.022727272727272728,-4.82,2.02048417132216,1.320996275605214,0.0,8.0,80000.0,20000.0,3.0,2.0,1
179.0,1405,2.02048417132216,1.320996275605214,0.0,8.0,80000.0,0.0,0.0,5.0,1,8,0.022727272727272728,-4.82,2.02048417132216,1.320996275605214,0.0,8.0,80000.0,0.0,0.0,5.0,1
179.0,1839,2.02048417132216,1.320996275605214,0.0,8.0,80000.0,0.0,0.0,4.0,1,8,0.022727272727272728,-4.82,2.02048417132216,1.320996275605214,0.0,8.0,80000.0,0.0,0.0,4.0,1
179.0,4896,2.02048417132216,1.320996275605214,0.0,25.0,400000.0,0.0,0.0,5.0,2,5,0.022727272727272728,-4.82,2.02048417132216,1.320996275605214,0.0,25.0,400000.0,0.0,0.0,5.0,1
179.0,6166,2.02048417132216,1.320996275605214,0.0,12.0,120000.0,20000.0,20.0,3.0,2,5,0.022727272727272728,-4.82,2.02048417132216,1.320996275605214,0.0,12.0,120000.0,20000.0,20.0,3.0,1
179.0,6612,2.02048417132216,1.320996275605214,12.5,12.0,120000.0,20000.0,7.0,5.0,1,8,0.022727272727272728,-4.82,2.02048417132216,1.320996275605214,12.5,12.0,120000.0,20000.0,7.0,5.0,1
179.0,7073,2.02048417132216,1.320996275605214,12.5,12.0,120000.0,20000.0,6.0,4.0,1,8,0.022727272727272728,-4.82,2.02048417132216,1.320996275605214,12.5,12.0,120000.0,20000.0,6.0,4.0,1
179.0,8872,2.02048417132216,1.320996275605214,0.0,12.0,120000.0,0.0,0.0,3.0,2,8,0.022727272727272728,-4.82,2.02048417132216,1.320996275605214,0.0,12.0,120000.0,0.0,0.0,3.0,1
179.0,9311,2.02048417132216,1.320996275605214,0.0,12.0,120000.0,0.0,0.0,6.0,2,8,0.022727272727272728,-4.82,2.02048417132216,1.320996275605214,0.0,12.0,120000.0,0.0,0.0,6.0,1
179.0,9324,2.02048417132216,1.320996275605214,0.0,12.0,120000.0,0.0,0.0,6.0,2,10,0.022727272727272728,-4.82,2.02048417132216,1.320996275605214,0.0,12.0,120000.0,0.0,0.0,6.0,1
179.0,11107,2.02048417132216,1.320996275605214,0.0,12.0,120000.0,0.0,0.0,4.0,3,7,0.022727272727272728,-4.82,2.02048417132216,1.320996275605214,0.0,12.0,120000.0,0.0,0.0,4.0,1
179.0,12458,2.02048417132216,1.320996275605214,0.0,12.0,120000.0,0.0,0.0,4.0,2,8,0.022727272727272728,-4.82,2.02048417132216,1.320996275605214,0.0,12.0,120000.0,0.0,0.0,4.0,1
180.0,959,2.009259259259259,1.3136574074074074,25.0,8.0,80000.0,20000.0,19.0,1.0,2,8,0.022727272727272728,-4.84,2.009259259259259,1.3136574074074074,25.0,8.0,80000.0,20000.0,19.0,1.0,1
180.0,3090,2.009259259259259,1.3136574074074074,0.0,25.0,400000.0,0.0,0.0,5.0,1,9,0.022727272727272728,-4.84,2.009259259259259,1.3136574074074074,0.0,25.0,400000.0,0.0,0.0,5.0,1
180.0,5266,2.009259259259259,1.3136574074074074,12.5,12.0,120000.0,20000.0,6.0,5.0,1,9,0.022727272727272728,-4.84,2.009259259259259,1.3136574074074074,12.5,12.0,120000.0,20000.0,7.0,5.0,1
180.0,8860,2.009259259259259,1.3136574074074074,0.0,12.0,120000.0,0.0,0.0,3.0,2,9,0.022727272727272728,-4.84,2.009259259259259,1.3136574074074074,0.0,12.0,120000.0,0.0,0.0,3.0,1
180.0,9778,2.009259259259259,1.3136574074074074,0.0,12.0,120000.0,0.0,0.0,3.0,3,3,0.022727272727272728,-4.84,2.009259259259259,1.3136574074074074,0.0,12.0,120000.0,0.0,0.0,3.0,1
180.0,10665,2.009259259259259,1.3136574074074074,0.0,12.0,120000.0,0.0,0.0,4.0,3,3,0.022727272727272728,-4.84,2.009259259259259,1.3136574074074074,0.0,12.0,120000.0,0.0,0.0,4.0,1
180.0,12017,2.009259259259259,1.3136574074074074,0.0,12.0,120000.0,0.0,0.0,1.0,3,3,0.022727272727272728,-4.84,2.009259259259259,1.3136574074074074,0.0,12.0,120000.0,0.0,0.0,1.0,1
180.0,12021,2.009259259259259,1.3136574074074074,0.0,12.0,120000.0,0.0,0.0,1.0,3,3,0.022727272727272728,-4.84,2.009259259259259,1.3136574074074074,0.0,12.0,120000.0,0.0,0.0,1.0,1
180.0,12471,2.009259259259259,1.3136574074074074,0.0,12.0,120000.0,0.0,0.0,4.0,3,5,0.022727272727272728,-4.84,2.009259259259259,1.3136574074074074,0.0,12.0,120000.0,0.0,0.0,4.0,1
177.0,7971,2.04331450094162,1.3359227871939736,0.0,12.0,120000.0,20000.0,14.0,3.0,1,1,0.022727272727272728,1.0133333333333334,2.0257826887661143,1.3063996316758748,12.5,12.0,120000.0,20000.0,15.0,3.0,0
175.0,6610,2.0666666666666664,1.3392857142857142,0.0,12.0,120000.0,20000.0,6.0,5.0,1,4,0.022727272727272728,0.93,2.0257826887661143,1.3063996316758748,0.0,12.0,120000.0,20000.0,6.0,5.0,0
181.0,43,2.0257826887661143,1.3063996316758748,0.0,8.0,80000.0,20000.0,3.0,2.0,3,5,0.022727272727272728,-4.84,2.0257826887661143,1.3063996316758748,0.0,8.0,80000.0,20000.0,3.0,2.0,1
181.0,1406,2.0257826887661143,1.3063996316758748,0.0,8.0,80000.0,0.0,0.0,5.0,1,3,0.022727272727272728,-4.82,2.0257826887661143,1.3063996316758748,0.0,8.0,80000.0,0.0,0.0,5.0,1
181.0,1840,2.0257826887661143,1.3063996316758748,0.0,8.0,80000.0,0.0,0.0,4.0,1,3,0.022727272727272728,-4.82,2.0257826887661143,1.3063996316758748,0.0,8.0,80000.0,0.0,0.0,4.0,1
181.0,2300,2.0257826887661143,1.3063996316758748,0.0,8.0,80000.0,0.0,0.0,5.0,3,9,0.022727272727272728,-4.84,2.0257826887661143,1.3063996316758748,0.0,8.0,80000.0,0.0,0.0,5.0,1
181.0,3464,2.0257826887661143,1.3063996316758748,37.5,25.0,400000.0,20000.0,11.0,2.0,3,9,0.022727272727272728,-4.84,2.0257826887661143,1.3063996316758748,37.5,25.0,400000.0,20000.0,11.0,2.0,1
181.0,6613,2.0257826887661143,1.3063996316758748,0.0,12.0,120000.0,20000.0,6.0,5.0,3,1,0.022727272727272728,-4.82,2.0257826887661143,1.3063996316758748,0.0,12.0,120000.0,20000.0,6.0,5.0,1
181.0,7074,2.0257826887661143,1.3063996316758748,12.5,12.0,120000.0,20000.0,6.0,4.0,3,1,0.022727272727272728,-4.82,2.0257826887661143,1.3063996316758748,12.5,12.0,120000.0,20000.0,6.0,4.0,1
181.0,7521,2.0257826887661143,1.3063996316758748,12.5,12.0,120000.0,20000.0,7.0,5.0,3,4,0.022727272727272728,-4.82,2.0257826887661143,1.3063996316758748,12.5,12.0,120000.0,20000.0,7.0,5.0,1
181.0,7973,2.0257826887661143,1.3063996316758748,12.5,12.0,120000.0,20000.0,15.0,3.0,2,2,0.022727272727272728,-4.8,2.0257826887661143,1.3063996316758748,12.5,12.0,120000.0,20000.0,15.0,3.0,1
181.0,8873,2.0257826887661143,1.3063996316758748,0.0,12.0,120000.0,0.0,0.0,3.0,2,2,0.022727272727272728,-4.8,2.0257826887661143,1.3063996316758748,0.0,12.0,120000.0,0.0,0.0,3.0,1
181.0,9312,2.0257826887661143,1.3063996316758748,0.0,12.0,120000.0,0.0,0.0,6.0,2,2,0.022727272727272728,-4.8,2.0257826887661143,1.3063996316758748,0.0,12.0,120000.0,0.0,0.0,6.0,1
181.0,9325,2.0257826887661143,1.3063996316758748,0.0,12.0,120000.0,0.0,0.0,6.0,2,2,0.022727272727272728,-4.8,2.0257826887661143,1.3063996316758748,0.0,12.0,120000.0,0.0,0.0,6.0,1
181.0,11108,2.0257826887661143,1.3063996316758748,0.0,12.0,120000.0,0.0,0.0,4.0,3,2,0.022727272727272728,-4.82,2.0257826887661143,1.3063996316758748,0.0,12.0,120000.0,0.0,0.0,4.0,1
181.0,12459,2.0257826887661143,1.3063996316758748,0.0,12.0,120000.0,0.0,0.0,4.0,3,2,0.022727272727272728,-4.82,2.0257826887661143,1.3063996316758748,0.0,12.0,120000.0,0.0,0.0,4.0,1
161.0,3813,1.7391304347826086,1.3781055900621118,25.0,25.0,400000.0,20000.0,10.0,0.0,0,0,0.022727272727272728,0.7990498000000001,2.0256706613444564,1.3063273867192944,37.5,25.0,400000.0,20000.0,11.0,0.0,0
161.0,2734,1.7391304347826086,1.3781055900621118,12.5,25.0,400000.0,20000.0,4.0,4.0,0,0,0.022727272727272728,0.7985498000000002,2.0256706613444564,1.3063273867192944,62.5,25.0,400000.0,20000.0,8.0,4.0,0
158.0,4889,1.7721518987341773,1.4042721518987342,0.0,25.0,400000.0,0.0,0.0,5.0,2,2,0.022727272727272728,-5.273533533333333,2.0182374171199338,1.301533788881321,0.0,25.0,400000.0,0.0,0.0,5.0,1
178.0,9777,2.0318352059925093,1.3284176029962547,0.0,12.0,120000.0,0.0,0.0,3.0,3,1,0.022727272727272728,1.0133333333333334,2.0146520146520146,1.2992216117216118,0.0,12.0,120000.0,0.0,0.0,3.0,0
178.0,958,2.0318352059925093,1.3284176029962547,0.0,8.0,80000.0,20000.0,18.0,1.0,0,0,0.022727272727272728,0.9297500000000001,2.0146520146520146,1.2992216117216118,12.5,8.0,80000.0,20000.0,18.0,1.0,0
182.0,960,2.0146520146520146,1.2992216117216118,12.5,8.0,80000.0,20000.0,18.0,1.0,2,2,0.022727272727272728,-4.82,2.0146520146520146,1.2992216117216118,12.5,8.0,80000.0,20000.0,18.0,1.0,1
182.0,2744,2.0146520146520146,1.2992216117216118,62.5,25.0,400000.0,20000.0,8.0,4.0,2,2,0.022727272727272728,-4.82,2.0146520146520146,1.2992216117216118,62.5,25.0,400000.0,20000.0,8.0,4.0,1
182.0,4897,2.0146520146520146,1.2992216117216118,0.0,25.0,400000.0,0.0,0.0,5.0,2,9,0.022727272727272728,-4.82,2.0146520146520146,1.2992216117216118,0.0,25.0,400000.0,0.0,0.0,5.0,1
182.0,5267,2.0146520146520146,1.2992216117216118,25.0,12.0,120000.0,20000.0,7.0,5.0,2,9,0.022727272727272728,-4.82,2.0146520146520146,1.2992216117216118,25.0,12.0,120000.0,20000.0,7.0,5.0,1
182.0,5276,2.0146520146520146,1.2992216117216118,25.0,12.0,120000.0,20000.0,7.0,5.0,1,7,0.022727272727272728,-4.82,2.0146520146520146,1.2992216117216118,25.0,12.0,120000.0,20000.0,7.0,5.0,1
182.0,8861,2.0146520146520146,1.2992216117216118,0.0,12.0,120000.0,0.0,0.0,3.0,1,7,0.022727272727272728,-4.82,2.0146520146520146,1.2992216117216118,0.0,12.0,120000.0,0.0,0.0,3.0,1
182.0,9779,2.0146520146520146,1.2992216117216118,0.0,12.0,120000.0,0.0,0.0,3.0,2,10,0.022727272727272728,-4.82,2.0146520146520146,1.2992216117216118,0.0,12.0,120000.0,0.0,0.0,3.0,1
182.0,10670,2.0146520146520146,1.2992216117216118,0.0,12.0,120000.0,0.0,0.0,4.0,2,8,0.022727272727272728,-4.8,2.0146520146520146,1.2992216117216118,0.0,12.0,120000.0,0.0,0.0,4.0,1
182.0,12018,2.0146520146520146,1.2992216117216118,0.0,12.0,120000.0,0.0,0.0,1.0,3,7,0.022727272727272728,-4.82,2.0146520146520146,1.2992216117216118,0.0,12.0,120000.0,0.0,0.0,1.0,1
182.0,12022,2.0146520146520146,1.2992216117216118,0.0,12.0,120000.0,0.0,0.0,1.0,2,7,0.022727272727272728,-4.8,2.0146520146520146,1.2992216117216118,0.0,12.0,120000.0,0.0,0.0,1.0,1
182.0,12472,2.0146520146520146,1.2992216117216118,0.0,12.0,120000.0,0.0,0.0,4.0,2,8,0.022727272727272728,-4.8,2.0146520146520146,1.2992216117216118,0.0,12.0,120000.0,0.0,0.0,4.0,1
176.0,5273,2.0549242424242427,1.3316761363636362,25.0,12.0,120000.0,20000.0,7.0,5.0,0,0,0.022727272727272728,0.9493329166666671,2.014541214885196,1.2991501584628964,12.5,12.0,120000.0,20000.0,6.0,5.0,0
183.0,1407,2.0036429872495445,1.2921220400728597,0.0,8.0,80000.0,0.0,0.0,5.0,2,1,0.022727272727272728,-4.8,2.0036429872495445,1.2921220400728597,0.0,8.0,80000.0,0.0,0.0,5.0,1
183.0,1841,2.0036429872495445,1.2921220400728597,0.0,8.0,80000.0,0.0,0.0,4.0,1,9,0.022727272727272728,-4.8,2.0036429872495445,1.2921220400728597,0.0,8.0,80000.0,0.0,0.0,4.0,1
183.0,2301,2.0036429872495445,1.2921220400728597,0.0,8.0,80000.0,0.0,0.0,5.0,1,9,0.022727272727272728,-4.8,2.0036429872495445,1.2921220400728597,0.0,8.0,80000.0,0.0,0.0,5.0,1
183.0,3091,2.0036429872495445,1.2921220400728597,0.0,25.0,400000.0,0.0,0.0,5.0,1,9,0.022727272727272728,-4.8,2.0036429872495445,1.2921220400728597,0.0,25.0,400000.0,0.0,0.0,5.0,1
183.0,6168,2.0036429872495445,1.2921220400728597,0.0,12.0,120000.0,20000.0,21.0,3.0,1,9,0.022727272727272728,-4.8,2.0036429872495445,1.2921220400728597,0.0,12.0,120000.0,20000.0,22.0,3.0,1
183.0,6614,2.0036429872495445,1.2921220400728597,0.0,12.0,120000.0,20000.0,7.0,5.0,3,4,0.022727272727272728,-4.84,2.0036429872495445,1.2921220400728597,0.0,12.0,120000.0,20000.0,7.0,5.0,1
183.0,7075,2.0036429872495445,1.2921220400728597,12.5,12.0,120000.0,20000.0,6.0,4.0,3,4,0.022727272727272728,-4.84,2.0036429872495445,1.2921220400728597,12.5,12.0,120000.0,20000.0,6.0,4.0,1
183.0,7522,2.0036429872495445,1.2921220400728597,12.5,12.0,120000.0,20000.0,7.0,5.0,1,5,0.022727272727272728,-4.8,2.0036429872495445,1.2921220400728597,12.5,12.0,120000.0,20000.0,7.0,5.0,1
183.0,7974,2.0036429872495445,1.2921220400728597,12.5,12.0,120000.0,20000.0,15.0,3.0,1,5,0.022727272727272728,-4.8,2.0036429872495445,1.2921220400728597,12.5,12.0,120000.0,20000.0,15.0,3.0,1
183.0,8874,2.0036429872495445,1.2921220400728597,0.0,12.0,120000.0,0.0,0.0,3.0,1,9,0.022727272727272728,-4.8,2.0036429872495445,1.2921220400728597,0.0,12.0,120000.0,0.0,0.0,3.0,1
183.0,9313,2.0036429872495445,1.2921220400728597,0.0,12.0,120000.0,0.0,0.0,6.0,1,9,0.022727272727272728,-4.8,2.0036429872495445,1.2921220400728597,0.0,12.0,120000.0,0.0,0.0,6.0,1
183.0,9326,2.0036429872495445,1.2921220400728597,0.0,12.0,120000.0,0.0,0.0,6.0,1,8,0.022727272727272728,-4.8,2.0036429872495445,1.2921220400728597,0.0,12.0,120000.0,0.0,0.0,6.0,1
183.0,11109,2.0036429872495445,1.2921220400728597,0.0,12.0,120000.0,0.0,0.0,4.0,1,8,0.022727272727272728,-4.8,2.0036429872495445,1.2921220400728597,0.0,12.0,120000.0,0.0,0.0,4.0,1
183.0,12460,2.0036429872495445,1.2921220400728597,0.0,12.0,120000.0,0.0,0.0,4.0,1,8,0.022727272727272728,-4.8,2.0036429872495445,1.2921220400728597,0.0,12.0,120000.0,0.0,0.0,4.0,1
181.0,6167,2.0257826887661143,1.3063996316758748,0.0,12.0,120000.0,20000.0,20.0,3.0,3,1,0.022727272727272728,-4.962916666666667,2.0204765787804653,1.285448944459545,0.0,12.0,120000.0,20000.0,22.0,3.0,1
184.0,961,2.0199275362318843,1.2850996376811594,12.5,8.0,80000.0,20000.0,18.0,1.0,1,8,0.022727272727272728,-4.859999999999999,2.0199275362318843,1.2850996376811594,12.5,8.0,80000.0,20000.0,18.0,1.0,1
184.0,3465,2.0199275362318843,1.2850996376811594,37.5,25.0,400000.0,20000.0,11.0,2.0,2,8,0.022727272727272728,-4.859999999999999,2.0199275362318843,1.2850996376811594,37.5,25.0,400000.0,20000.0,11.0,2.0,1
184.0,5268,2.0199275362318843,1.2850996376811594,12.5,12.0,120000.0,20000.0,6.0,5.0,2,8,0.022727272727272728,-4.859999999999999,2.0199275362318843,1.2850996376811594,12.5,12.0,120000.0,20000.0,7.0,5.0,1
184.0,8862,2.0199275362318843,1.2850996376811594,0.0,12.0,120000.0,0.0,0.0,3.0,3,8,0.022727272727272728,-4.88,2.0199275362318843,1.2850996376811594,0.0,12.0,120000.0,0.0,0.0,3.0,1
184.0,10667,2.0199275362318843,1.2850996376811594,0.0,12.0,120000.0,0.0,0.0,4.0,1,5,0.022727272727272728,-4.82025,2.0199275362318843,1.2850996376811594,0.0,12.0,120000.0,0.0,0.0,4.0,1
184.0,10671,2.0199275362318843,1.2850996376811594,0.0,12.0,120000.0,0.0,0.0,4.0,1,5,0.022727272727272728,-4.82,2.0199275362318843,1.2850996376811594,0.0,12.0,120000.0,0.0,0.0,4.0,1
184.0,12023,2.0199275362318843,1.2850996376811594,0.0,12.0,120000.0,0.0,0.0,1.0,1,4,0.022727272727272728,-4.80025,2.0199275362318843,1.2850996376811594,0.0,12.0,120000.0,0.0,0.0,1.0,1
184.0,12473,2.0199275362318843,1.2850996376811594,0.0,12.0,120000.0,0.0,0.0,4.0,1,10,0.022727272727272728,-4.8,2.0199275362318843,1.2850996376811594,0.0,12.0,120000.0,0.0,0.0,4.0,1
164.0,3814,1.9410569105691056,1.3528963414634145,37.5,25.0,400000.0,20000.0,11.0,0.0,0,0,0.022727272727272728,0.7992998000000002,2.0198176537606116,1.2850297292703443,25.0,25.0,400000.0,20000.0,10.0,0.0,0
179.0,7520,2.02048417132216,1.320996275605214,0.0,12.0,120000.0,20000.0,6.0,5.0,0,0,0.022727272727272728,0.8300000000000001,2.099099099099099,1.295045045045045,0.0,12.0,120000.0,20000.0,7.0,5.0,0
165.0,4536,1.9292929292929293,1.3446969696969695,0.0,25.0,400000.0,20000.0,9.0,3.0,1,7,0.022727272727272728,0.6797500000000001,2.099099099099099,1.295045045045045,12.5,25.0,400000.0,20000.0,10.0,3.0,0
179.0,7972,2.02048417132216,1.320996275605214,0.0,12.0,120000.0,20000.0,14.0,3.0,0,0,0.022727272727272728,0.8300000000000001,2.099099099099099,1.295045045045045,0.0,12.0,120000.0,20000.0,15.0,3.0,0
185.0,45,2.099099099099099,1.295045045045045,0.0,8.0,80000.0,20000.0,3.0,2.0,1,10,0.022727272727272728,-4.92,2.099099099099099,1.295045045045045,0.0,8.0,80000.0,20000.0,3.0,2.0,1
185.0,1408,2.099099099099099,1.295045045045045,0.0,8.0,80000.0,0.0,0.0,5.0,1,10,0.022727272727272728,-4.92,2.099099099099099,1.295045045045045,0.0,8.0,80000.0,0.0,0.0,5.0,1
185.0,1842,2.099099099099099,1.295045045045045,0.0,8.0,80000.0,0.0,0.0,4.0,1,10,0.022727272727272728,-4.92,2.099099099099099,1.295045045045045,0.0,8.0,80000.0,0.0,0.0,4.0,1
185.0,2302,2.099099099099099,1.295045045045045,0.0,8.0,80000.0,0.0,0.0,5.0,1,10,0.022727272727272728,-4.92,2.099099099099099,1.295045045045045,0.0,8.0,80000.0,0.0,0.0,5.0,1
185.0,2745,2.099099099099099,1.295045045045045,62.5,25.0,400000.0,20000.0,8.0,4.0,1,10,0.022727272727272728,-4.92,2.099099099099099,1.295045045045045,62.5,25.0,400000.0,20000.0,8.0,4.0,1
185.0,4898,2.099099099099099,1.295045045045045,0.0,25.0,400000.0,0.0,0.0,5.0,1,10,0.022727272727272728,-4.92,2.099099099099099,1.295045045045045,0.0,25.0,400000.0,0.0,0.0,5.0,1
185.0,4900,2.099099099099099,1.295045045045045,0.0,25.0,400000.0,0.0,0.0,5.0,1,10,0.022727272727272728,-4.92,2.099099099099099,1.295045045045045,0.0,25.0,400000.0,0.0,0.0,5.0,1
185.0,6169,2.099099099099099,1.295045045045045,0.0,12.0,120000.0,20000.0,22.0,3.0,1,7,0.022727272727272728,-4.92,2.099099099099099,1.295045045045045,0.0,12.0,120000.0,20000.0,22.0,3.0,1
185.0,6615,2.099099099099099,1.295045045045045,0.0,12.0,120000.0,20000.0,7.0,5.0,1,7,0.022727272727272728,-4.92,2.099099099099099,1.295045045045045,0.0,12.0,120000.0,20000.0,7.0,5.0,1
185.0,7523,2.099099099099099,1.295045045045045,0.0,12.0,120000.0,20000.0,7.0,5.0,2,9,0.022727272727272728,-4.88,2.099099099099099,1.295045045045045,0.0,12.0,120000.0,20000.0,7.0,5.0,1
185.0,7975,2.099099099099099,1.295045045045045,0.0,12.0,120000.0,20000.0,15.0,3.0,2,9,0.022727272727272728,-4.88,2.099099099099099,1.295045045045045,0.0,12.0,120000.0,20000.0,15.0,3.0,1
185.0,8875,2.099099099099099,1.295045045045045,0.0,12.0,120000.0,0.0,0.0,3.0,2,9,0.022727272727272728,-4.88,2.099099099099099,1.295045045045045,0.0,12.0,120000.0,0.0,0.0,3.0,1
185.0,9314,2.099099099099099,1.295045045045045,0.0,12.0,120000.0,0.0,0.0,6.0,2,9,0.022727272727272728,-4.88,2.099099099099099,1.295045045045045,0.0,12.0,120000.0,0.0,0.0,6.0,1
185.0,9327,2.099099099099099,1.295045045045045,0.0,12.0,120000.0,0.0,0.0,6.0,2,9,0.022727272727272728,-4.88,2.099099099099099,1.295045045045045,0.0,12.0,120000.0,0.0,0.0,6.0,1
185.0,10220,2.099099099099099,1.295045045045045,0.0,12.0,120000.0,0.0,0.0,2.0,2,9,0.022727272727272728,-4.88,2.099099099099099,1.295045045045045,0.0,12.0,120000.0,0.0,0.0,2.0,1
185.0,11110,2.099099099099099,1.295045045045045,0.0,12.0,120000.0,0.0,0.0,4.0,2,9,0.022727272727272728,-4.88,2.099099099099099,1.295045045045045,0.0,12.0,120000.0,0.0,0.0,4.0,1
185.0,12461,2.099099099099099,1.295045045045045,0.0,12.0,120000.0,0.0,0.0,4.0,2,9,0.022727272727272728,-4.88,2.099099099099099,1.295045045045045,0.0,12.0,120000.0,0.0,0.0,4.0,1
186.0,962,2.1774193548387095,1.3048835125448026,0.0,8.0,80000.0,20000.0,17.0,1.0,2,9,0.022727272727272728,-4.9399999999999995,2.1774193548387095,1.3048835125448026,0.0,8.0,80000.0,20000.0,17.0,1.0,1
186.0,3092,2.1774193548387095,1.3048835125448026,0.0,25.0,400000.0,0.0,0.0,5.0,1,10,0.022727272727272728,-4.9399999999999995,2.1774193548387095,1.3048835125448026,0.0,25.0,400000.0,0.0,0.0,5.0,1
186.0,5269,2.1774193548387095,1.3048835125448026,25.0,12.0,120000.0,20000.0,7.0,5.0,1,10,0.022727272727272728,-4.9399999999999995,2.1774193548387095,1.3048835125448026,25.0,12.0,120000.0,20000.0,7.0,5.0,1
186.0,8863,2.1774193548387095,1.3048835125448026,0.0,12.0,120000.0,0.0,0.0,3.0,2,7,0.022727272727272728,-4.859999999999999,2.1774193548387095,1.3048835125448026,0.0,12.0,120000.0,0.0,0.0,3.0,1
186.0,9781,2.1774193548387095,1.3048835125448026,0.0,12.0,120000.0,0.0,0.0,3.0,2,7,0.022727272727272728,-4.859999999999999,2.1774193548387095,1.3048835125448026,0.0,12.0,120000.0,0.0,0.0,3.0,1
186.0,10668,2.1774193548387095,1.3048835125448026,0.0,12.0,120000.0,0.0,0.0,4.0,2,6,0.022727272727272728,-4.859999999999999,2.1774193548387095,1.3048835125448026,0.0,12.0,120000.0,0.0,0.0,4.0,1
186.0,10672,2.1774193548387095,1.3048835125448026,0.0,12.0,120000.0,0.0,0.0,4.0,2,6,0.022727272727272728,-4.859999999999999,2.1774193548387095,1.3048835125448026,0.0,12.0,120000.0,0.0,0.0,4.0,1
186.0,11120,2.1774193548387095,1.3048835125448026,0.0,12.0,120000.0,0.0,0.0,4.0,2,6,0.022727272727272728,-4.859999999999999,2.1774193548387095,1.3048835125448026,0.0,12.0,120000.0,0.0,0.0,4.0,1
186.0,12024,2.1774193548387095,1.3048835125448026,0.0,12.0,120000.0,0.0,0.0,1.0,2,6,0.022727272727272728,-4.859999999999999,2.1774193548387095,1.3048835125448026,0.0,12.0,120000.0,0.0,0.0,1.0,1
180.0,5275,2.009259259259259,1.3136574074074074,12.5,12.0,120000.0,20000.0,6.0,5.0,0,0,0.022727272727272728,0.9493329166666671,2.177302178522543,1.3048132911413388,12.5,12.0,120000.0,20000.0,6.0,5.0,0
170.0,4893,1.9607843137254901,1.3051470588235294,0.0,25.0,400000.0,0.0,0.0,5.0,3,2,0.022727272727272728,-5.256533533333333,2.28375665766361,1.2991096221572782,0.0,25.0,400000.0,0.0,0.0,5.0,1
184.0,12019,2.0199275362318843,1.2850996376811594,0.0,12.0,120000.0,0.0,0.0,1.0,3,1,0.022727272727272728,-5.043333749999999,2.2821279623737007,1.2981831426588677,0.0,12.0,120000.0,0.0,0.0,1.0,1
182.0,10666,2.0146520146520146,1.2992216117216118,0.0,12.0,120000.0,0.0,0.0,4.0,1,1,0.022727272727272728,0.8716666666666666,2.2816399286987523,1.3146167557932262,0.0,12.0,120000.0,0.0,0.0,4.0,0
167.0,6160,1.9461077844311379,1.3285928143712575,0.0,12.0,120000.0,20000.0,15.0,3.0,1,1,0.022727272727272728,-3.7533333333333334,2.2816399286987523,1.3146167557932262,0.0,12.0,120000.0,20000.0,22.0,3.0,1
187.0,2303,2.2816399286987523,1.3146167557932262,0.0,8.0,80000.0,0.0,0.0,5.0,2,3,0.022727272727272728,-4.8,2.2816399286987523,1.3146167557932262,0.0,8.0,80000.0,0.0,0.0,5.0,1
187.0,3100,2.2816399286987523,1.3146167557932262,0.0,25.0,400000.0,0.0,0.0,5.0,2,3,0.022727272727272728,-4.8,2.2816399286987523,1.3146167557932262,0.0,25.0,400000.0,0.0,0.0,5.0,1
187.0,3466,2.2816399286987523,1.3146167557932262,37.5,25.0,400000.0,20000.0,11.0,2.0,3,4,0.022727272727272728,-5.0,2.2816399286987523,1.3146167557932262,37.5,25.0,400000.0,20000.0,11.0,2.0,1
187.0,4180,2.2816399286987523,1.3146167557932262,0.0,25.0,400000.0,0.0,0.0,1.0,3,4,0.022727272727272728,-5.0,2.2816399286987523,1.3146167557932262,0.0,25.0,400000.0,0.0,0.0,1.0,1
187.0,6616,2.2816399286987523,1.3146167557932262,0.0,12.0,120000.0,20000.0,8.0,5.0,2,3,0.022727272727272728,-4.8,2.2816399286987523,1.3146167557932262,0.0,12.0,120000.0,20000.0,8.0,5.0,1
187.0,6621,2.2816399286987523,1.3146167557932262,0.0,12.0,120000.0,20000.0,8.0,5.0,2,3,0.022727272727272728,-4.8,2.2816399286987523,1.3146167557932262,0.0,12.0,120000.0,20000.0,8.0,5.0,1
187.0,7524,2.2816399286987523,1.3146167557932262,0.0,12.0,120000.0,20000.0,7.0,5.0,3,9,0.022727272727272728,-5.0,2.2816399286987523,1.3146167557932262,0.0,12.0,120000.0,20000.0,7.0,5.0,1
187.0,7976,2.2816399286987523,1.3146167557932262,0.0,12.0,120000.0,20000.0,15.0,3.0,3,9,0.022727272727272728,-5.0,2.2816399286987523,1.3146167557932262,0.0,12.0,120000.0,20000.0,15.0,3.0,1
187.0,8876,2.2816399286987523,1.3146167557932262,0.0,12.0,120000.0,0.0,0.0,3.0,3,3,0.022727272727272728,-5.0,2.2816399286987523,1.3146167557932262,0.0,12.0,120000.0,0.0,0.0,3.0,1
187.0,9315,2.2816399286987523,1.3146167557932262,0.0,12.0,120000.0,0.0,0.0,6.0,3,3,0.022727272727272728,-5.0,2.2816399286987523,1.3146167557932262,0.0,12.0,120000.0,0.0,0.0,6.0,1
187.0,9328,2.2816399286987523,1.3146167557932262,0.0,12.0,120000.0,0.0,0.0,6.0,2,9,0.022727272727272728,-4.8,2.2816399286987523,1.3146167557932262,0.0,12.0,120000.0,0.0,0.0,6.0,1
187.0,10221,2.2816399286987523,1.3146167557932262,0.0,12.0,120000.0,0.0,0.0,2.0,2,9,0.022727272727272728,-4.8,2.2816399286987523,1.3146167557932262,0.0,12.0,120000.0,0.0,0.0,2.0,1
187.0,11111,2.2816399286987523,1.3146167557932262,0.0,12.0,120000.0,0.0,0.0,4.0,2,9,0.022727272727272728,-4.8,2.2816399286987523,1.3146167557932262,0.0,12.0,120000.0,0.0,0.0,4.0,1
187.0,12462,2.2816399286987523,1.3146167557932262,0.0,12.0,120000.0,0.0,0.0,4.0,2,9,0.022727272727272728,-4.8,2.2816399286987523,1.3146167557932262,0.0,12.0,120000.0,0.0,0.0,4.0,1
184.0,9780,2.0199275362318843,1.2850996376811594,0.0,12.0,120000.0,0.0,0.0,3.0,2,2,0.022727272727272728,-4.925,2.2816399286987523,1.3146167557932262,0.0,12.0,120000.0,0.0,0.0,3.0,1
167.0,3815,1.9461077844311379,1.3285928143712575,37.5,25.0,400000.0,20000.0,11.0,0.0,0,0,0.022727272727272728,0.7995498000000001,2.2815178003929666,1.3145463888982913,12.5,25.0,400000.0,20000.0,9.0,0.0,0
167.0,2736,1.9461077844311379,1.3285928143712575,12.5,25.0,400000.0,20000.0,4.0,4.0,0,0,0.022727272727272728,0.7987998000000001,2.2815178003929666,1.3145463888982913,50.0,25.0,400000.0,20000.0,7.0,4.0,0
175.0,3462,2.0666666666666664,1.3392857142857142,37.5,25.0,400000.0,20000.0,11.0,2.0,3,4,0.022727272727272728,-5.256533533333332,2.298218093017423,1.308830767258957,37.5,25.0,400000.0,20000.0,11.0,2.0,1
186.0,5278,2.1774193548387095,1.3048835125448026,25.0,12.0,120000.0,20000.0,7.0,5.0,3,4,0.022727272727272728,-5.081667083333331,2.2965878043242642,1.3079023209954788,12.5,12.0,120000.0,20000.0,6.0,5.0,1
177.0,8871,2.04331450094162,1.3359227871939736,0.0,12.0,120000.0,0.0,0.0,3.0,1,1,0.022727272727272728,0.6616666666666667,2.2960992907801416,1.3076241134751774,0.0,12.0,120000.0,0.0,0.0,3.0,0
188.0,963,2.2960992907801416,1.3076241134751774,0.0,8.0,80000.0,20000.0,17.0,1.0,3,10,0.022727272727272728,-5.0,2.2960992907801416,1.3076241134751774,0.0,8.0,80000.0,20000.0,19.0,1.0,1
188.0,2746,2.2960992907801416,1.3076241134751774,50.0,25.0,400000.0,20000.0,7.0,4.0,3,10,0.022727272727272728,-5.0,2.2960992907801416,1.3076241134751774,50.0,25.0,400000.0,20000.0,7.0,4.0,1
188.0,4899,2.2960992907801416,1.3076241134751774,0.0,25.0,400000.0,0.0,0.0,5.0,2,8,0.022727272727272728,-4.88,2.2960992907801416,1.3076241134751774,0.0,25.0,400000.0,0.0,0.0,5.0,1
188.0,4901,2.2960992907801416,1.3076241134751774,0.0,25.0,400000.0,0.0,0.0,5.0,2,8,0.022727272727272728,-4.88,2.2960992907801416,1.3076241134751774,0.0,25.0,400000.0,0.0,0.0,5.0,1
188.0,5279,2.2960992907801416,1.3076241134751774,12.5,12.0,120000.0,20000.0,6.0,5.0,2,8,0.022727272727272728,-4.88,2.2960992907801416,1.3076241134751774,12.5,12.0,120000.0,20000.0,6.0,5.0,1
188.0,8864,2.2960992907801416,1.3076241134751774,0.0,12.0,120000.0,0.0,0.0,3.0,1,10,0.022727272727272728,-4.88,2.2960992907801416,1.3076241134751774,0.0,12.0,120000.0,0.0,0.0,3.0,1
188.0,9782,2.2960992907801416,1.3076241134751774,0.0,12.0,120000.0,0.0,0.0,3.0,1,10,0.022727272727272728,-4.88,2.2960992907801416,1.3076241134751774,0.0,12.0,120000.0,0.0,0.0,3.0,1
188.0,10669,2.2960992907801416,1.3076241134751774,0.0,12.0,120000.0,0.0,0.0,4.0,1,10,0.022727272727272728,-4.88,2.2960992907801416,1.3076241134751774,0.0,12.0,120000.0,0.0,0.0,4.0,1
188.0,10673,2.2960992907801416,1.3076241134751774,0.0,12.0,120000.0,0.0,0.0,4.0,1,10,0.022727272727272728,-4.88,2.2960992907801416,1.3076241134751774,0.0,12.0,120000.0,0.0,0.0,4.0,1
188.0,11121,2.2960992907801416,1.3076241134751774,0.0,12.0,120000.0,0.0,0.0,4.0,1,10,0.022727272727272728,-4.88,2.2960992907801416,1.3076241134751774,0.0,12.0,120000.0,0.0,0.0,4.0,1
188.0,12025,2.2960992907801416,1.3076241134751774,0.0,12.0,120000.0,0.0,0.0,1.0,1,10,0.022727272727272728,-4.88,2.2960992907801416,1.3076241134751774,0.0,12.0,120000.0,0.0,0.0,1.0,1
188.0,12475,2.2960992907801416,1.3076241134751774,0.0,12.0,120000.0,0.0,0.0,4.0,1,10,0.022727272727272728,-4.88,2.2960992907801416,1.3076241134751774,0.0,12.0,120000.0,0.0,0.0,4.0,1
185.0,7076,2.099099099099099,1.295045045045045,12.5,12.0,120000.0,20000.0,6.0,4.0,2,1,0.022727272727272728,0.9333333333333333,2.2839506172839505,1.3007054673721339,12.5,12.0,120000.0,20000.0,6.0,4.0,0
170.0,4178,1.9607843137254901,1.3051470588235294,0.0,25.0,400000.0,0.0,0.0,1.0,3,2,0.022727272727272728,0.62,2.2839506172839505,1.3007054673721339,0.0,25.0,400000.0,0.0,0.0,1.0,0
189.0,47,2.2839506172839505,1.3007054673721339,12.5,8.0,80000.0,20000.0,4.0,2.0,1,10,0.022727272727272728,-4.9,2.2839506172839505,1.3007054673721339,12.5,8.0,80000.0,20000.0,4.0,2.0,1
189.0,1410,2.2839506172839505,1.3007054673721339,0.0,8.0,80000.0,0.0,0.0,5.0,1,10,0.022727272727272728,-4.9,2.2839506172839505,1.3007054673721339,0.0,8.0,80000.0,0.0,0.0,5.0,1
189.0,1844,2.2839506172839505,1.3007054673721339,0.0,8.0,80000.0,0.0,0.0,4.0,1,10,0.022727272727272728,-4.9,2.2839506172839505,1.3007054673721339,0.0,8.0,80000.0,0.0,0.0,4.0,1
189.0,5720,2.2839506172839505,1.3007054673721339,0.0,12.0,120000.0,20000.0,5.0,2.0,3,5,0.022727272727272728,-5.0,2.2839506172839505,1.3007054673721339,0.0,12.0,120000.0,20000.0,5.0,2.0,1
189.0,8877,2.2839506172839505,1.3007054673721339,0.0,12.0,120000.0,0.0,0.0,3.0,2,9,0.022727272727272728,-4.82,2.2839506172839505,1.3007054673721339,0.0,12.0,120000.0,0.0,0.0,3.0,1
189.0,9316,2.2839506172839505,1.3007054673721339,0.0,12.0,120000.0,0.0,0.0,6.0,2,9,0.022727272727272728,-4.82,2.2839506172839505,1.3007054673721339,0.0,12.0,120000.0,0.0,0.0,6.0,1
189.0,9329,2.2839506172839505,1.3007054673721339,0.0,12.0,120000.0,0.0,0.0,6.0,2,9,0.022727272727272728,-4.82,2.2839506172839505,1.3007054673721339,0.0,12.0,120000.0,0.0,0.0,6.0,1
189.0,10222,2.2839506172839505,1.3007054673721339,0.0,12.0,120000.0,0.0,0.0,2.0,2,9,0.022727272727272728,-4.82,2.2839506172839505,1.3007054673721339,0.0,12.0,120000.0,0.0,0.0,2.0,1
189.0,11112,2.2839506172839505,1.3007054673721339,0.0,12.0,120000.0,0.0,0.0,4.0,2,3,0.022727272727272728,-4.82,2.2839506172839505,1.3007054673721339,0.0,12.0,120000.0,0.0,0.0,4.0,1
189.0,12463,2.2839506172839505,1.3007054673721339,0.0,12.0,120000.0,0.0,0.0,4.0,2,3,0.022727272727272728,-4.82,2.2839506172839505,1.3007054673721339,0.0,12.0,120000.0,0.0,0.0,4.0,1
169.0,3460,1.9526627218934909,1.3128698224852071,12.5,25.0,400000.0,20000.0,9.0,2.0,1,8,0.022727272727272728,0.7792998000000002,2.2838296588983127,1.3006365818050238,25.0,25.0,400000.0,20000.0,10.0,2.0,0
187.0,1409,2.2816399286987523,1.3146167557932262,0.0,8.0,80000.0,0.0,0.0,5.0,1,3,0.022727272727272728,-4.945833333333334,2.279929577464789,1.2984154929577465,0.0,8.0,80000.0,0.0,0.0,5.0,1
167.0,4892,1.9461077844311379,1.3285928143712575,0.0,25.0,400000.0,0.0,0.0,5.0,1,1,0.022727272727272728,0.6795000000000001,2.2719298245614037,1.3048245614035088,0.0,25.0,400000.0,0.0,0.0,5.0,0
185.0,6620,2.099099099099099,1.295045045045045,0.0,12.0,120000.0,20000.0,7.0,5.0,2,1,0.022727272727272728,0.9316666666666666,2.2719298245614037,1.3048245614035088,25.0,12.0,120000.0,20000.0,10.0,5.0,0
190.0,3101,2.2719298245614037,1.3048245614035088,0.0,25.0,400000.0,0.0,0.0,5.0,1,9,0.022727272727272728,-4.859999999999999,2.2719298245614037,1.3048245614035088,0.0,25.0,400000.0,0.0,0.0,5.0,1
190.0,4181,2.2719298245614037,1.3048245614035088,0.0,25.0,400000.0,0.0,0.0,1.0,3,2,0.022727272727272728,-4.96,2.2719298245614037,1.3048245614035088,0.0,25.0,400000.0,0.0,0.0,1.0,1
190.0,5280,2.2719298245614037,1.3048245614035088,12.5,12.0,120000.0,20000.0,6.0,5.0,1,5,0.022727272727272728,-4.82,2.2719298245614037,1.3048245614035088,12.5,12.0,120000.0,20000.0,6.0,5.0,1
190.0,8865,2.2719298245614037,1.3048245614035088,0.0,12.0,120000.0,0.0,0.0,3.0,1,5,0.022727272727272728,-4.82,2.2719298245614037,1.3048245614035088,0.0,12.0,120000.0,0.0,0.0,3.0,1
190.0,10674,2.2719298245614037,1.3048245614035088,0.0,12.0,120000.0,0.0,0.0,4.0,3,1,0.022727272727272728,-4.9399999999999995,2.2719298245614037,1.3048245614035088,0.0,12.0,120000.0,0.0,0.0,4.0,1
190.0,11122,2.2719298245614037,1.3048245614035088,0.0,12.0,120000.0,0.0,0.0,4.0,3,1,0.022727272727272728,-4.9399999999999995,2.2719298245614037,1.3048245614035088,0.0,12.0,120000.0,0.0,0.0,4.0,1
190.0,12026,2.2719298245614037,1.3048245614035088,0.0,12.0,120000.0,0.0,0.0,1.0,3,1,0.022727272727272728,-4.9399999999999995,2.2719298245614037,1.3048245614035088,0.0,12.0,120000.0,0.0,0.0,1.0,1
190.0,12476,2.2719298245614037,1.3048245614035088,0.0,12.0,120000.0,0.0,0.0,4.0,3,9,0.022727272727272728,-4.9399999999999995,2.2719298245614037,1.3048245614035088,0.0,12.0,120000.0,0.0,0.0,4.0,1
184.0,5277,2.0199275362318843,1.2850996376811594,12.5,12.0,120000.0,20000.0,6.0,5.0,0,0,0.022727272727272728,0.9495829166666669,2.271810136037921,1.30475582137313,0.0,12.0,120000.0,20000.0,5.0,5.0,0
170.0,2737,1.9607843137254901,1.3051470588235294,25.0,25.0,400000.0,20000.0,5.0,4.0,0,0,0.022727272727272728,0.7990498000000001,2.271810136037921,1.30475582137313,37.5,25.0,400000.0,20000.0,6.0,4.0,0
187.0,46,2.2816399286987523,1.3146167557932262,0.0,8.0,80000.0,20000.0,3.0,2.0,1,2,0.022727272727272728,0.87,2.2600349040139616,1.2979930191972078,0.0,8.0,80000.0,20000.0,4.0,2.0,0
191.0,48,2.2600349040139616,1.2979930191972078,0.0,8.0,80000.0,20000.0,3.0,2.0,3,9,0.022727272727272728,-4.96,2.2600349040139616,1.2979930191972078,0.0,8.0,80000.0,20000.0,4.0,2.0,1
191.0,1845,2.2600349040139616,1.2979930191972078,0.0,8.0,80000.0,0.0,0.0,4.0,2,8,0.022727272727272728,-4.859999999999999,2.2600349040139616,1.2979930191972078,0.0,8.0,80000.0,0.0,0.0,4.0,1
191.0,2305,2.2600349040139616,1.2979930191972078,0.0,8.0,80000.0,0.0,0.0,5.0,2,8,0.022727272727272728,-4.859999999999999,2.2600349040139616,1.2979930191972078,0.0,8.0,80000.0,0.0,0.0,5.0,1
191.0,5721,2.2600349040139616,1.2979930191972078,0.0,12.0,120000.0,20000.0,5.0,2.0,1,10,0.022727272727272728,-4.82,2.2600349040139616,1.2979930191972078,0.0,12.0,120000.0,20000.0,5.0,2.0,1
191.0,6618,2.2600349040139616,1.2979930191972078,25.0,12.0,120000.0,20000.0,10.0,5.0,1,10,0.022727272727272728,-4.82,2.2600349040139616,1.2979930191972078,25.0,12.0,120000.0,20000.0,10.0,5.0,1
191.0,6623,2.2600349040139616,1.2979930191972078,25.0,12.0,120000.0,20000.0,10.0,5.0,3,9,0.022727272727272728,-4.9399999999999995,2.2600349040139616,1.2979930191972078,25.0,12.0,120000.0,20000.0,10.0,5.0,1
191.0,7079,2.2600349040139616,1.2979930191972078,25.0,12.0,120000.0,20000.0,7.0,4.0,3,9,0.022727272727272728,-4.9399999999999995,2.2600349040139616,1.2979930191972078,25.0,12.0,120000.0,20000.0,7.0,4.0,1
191.0,7526,2.2600349040139616,1.2979930191972078,12.5,12.0,120000.0,20000.0,8.0,5.0,2,8,0.022727272727272728,-4.82,2.2600349040139616,1.2979930191972078,12.5,12.0,120000.0,20000.0,8.0,5.0,1
191.0,7978,2.2600349040139616,1.2979930191972078,12.5,12.0,120000.0,20000.0,17.0,3.0,2,8,0.022727272727272728,-4.82,2.2600349040139616,1.2979930191972078,12.5,12.0,120000.0,20000.0,17.0,3.0,1
191.0,8878,2.2600349040139616,1.2979930191972078,0.0,12.0,120000.0,0.0,0.0,3.0,1,8,0.022727272727272728,-4.82,2.2600349040139616,1.2979930191972078,0.0,12.0,120000.0,0.0,0.0,3.0,1
191.0,9317,2.2600349040139616,1.2979930191972078,0.0,12.0,120000.0,0.0,0.0,6.0,1,8,0.022727272727272728,-4.82,2.2600349040139616,1.2979930191972078,0.0,12.0,120000.0,0.0,0.0,6.0,1
191.0,9330,2.2600349040139616,1.2979930191972078,0.0,12.0,120000.0,0.0,0.0,6.0,1,8,0.022727272727272728,-4.82,2.2600349040139616,1.2979930191972078,0.0,12.0,120000.0,0.0,0.0,6.0,1
191.0,10223,2.2600349040139616,1.2979930191972078,0.0,12.0,120000.0,0.0,0.0,2.0,1,8,0.022727272727272728,-4.82,2.2600349040139616,1.2979930191972078,0.0,12.0,120000.0,0.0,0.0,2.0,1
191.0,11113,2.2600349040139616,1.2979930191972078,0.0,12.0,120000.0,0.0,0.0,4.0,3,9,0.022727272727272728,-4.9399999999999995,2.2600349040139616,1.2979930191972078,0.0,12.0,120000.0,0.0,0.0,4.0,1
191.0,12464,2.2600349040139616,1.2979930191972078,0.0,12.0,120000.0,0.0,0.0,4.0,3,9,0.022727272727272728,-4.9399999999999995,2.2600349040139616,1.2979930191972078,0.0,12.0,120000.0,0.0,0.0,4.0,1
186.0,12474,2.1774193548387095,1.3048835125448026,0.0,12.0,120000.0,0.0,0.0,4.0,1,2,0.022727272727272728,-5.028333333333333,2.2600349040139616,1.2979930191972078,0.0,12.0,120000.0,0.0,0.0,4.0,1
171.0,4538,1.9980506822612085,1.297514619883041,12.5,25.0,400000.0,20000.0,10.0,3.0,0,0,0.022727272727272728,0.7797998000000002,2.259916465459934,1.2979249970546918,0.0,25.0,400000.0,20000.0,9.0,3.0,0
183.0,44,2.0036429872495445,1.2921220400728597,0.0,8.0,80000.0,20000.0,3.0,2.0,2,1,0.022727272727272728,-3.3408333333333338,2.282229965156794,1.295731707317073,0.0,8.0,80000.0,20000.0,4.0,2.0,1
190.0,9783,2.2719298245614037,1.3048245614035088,0.0,12.0,120000.0,0.0,0.0,3.0,3,1,0.022727272727272728,0.9766666666666666,2.2743055555555554,1.2912326388888888,0.0,12.0,120000.0,0.0,0.0,3.0,0
192.0,3094,2.2743055555555554,1.2912326388888888,0.0,25.0,400000.0,0.0,0.0,5.0,1,7,0.022727272727272728,-4.9,2.2743055555555554,1.2912326388888888,0.0,25.0,400000.0,0.0,0.0,5.0,1
192.0,8866,2.2743055555555554,1.2912326388888888,0.0,12.0,120000.0,0.0,0.0,3.0,3,8,0.022727272727272728,-4.9399999999999995,2.2743055555555554,1.2912326388888888,0.0,12.0,120000.0,0.0,0.0,3.0,1
192.0,9784,2.2743055555555554,1.2912326388888888,0.0,12.0,120000.0,0.0,0.0,3.0,3,8,0.022727272727272728,-4.9399999999999995,2.2743055555555554,1.2912326388888888,0.0,12.0,120000.0,0.0,0.0,3.0,1
192.0,10675,2.2743055555555554,1.2912326388888888,0.0,12.0,120000.0,0.0,0.0,4.0,1,7,0.022727272727272728,-4.9,2.2743055555555554,1.2912326388888888,0.0,12.0,120000.0,0.0,0.0,4.0,1
192.0,11123,2.2743055555555554,1.2912326388888888,0.0,12.0,120000.0,0.0,0.0,4.0,1,7,0.022727272727272728,-4.9,2.2743055555555554,1.2912326388888888,0.0,12.0,120000.0,0.0,0.0,4.0,1
192.0,12477,2.2743055555555554,1.2912326388888888,0.0,12.0,120000.0,0.0,0.0,4.0,2,2,0.022727272727272728,-4.82,2.2743055555555554,1.2912326388888888,0.0,12.0,120000.0,0.0,0.0,4.0,1
172.0,3461,2.005813953488372,1.2899709302325582,25.0,25.0,400000.0,20000.0,10.0,2.0,0,0,0.022727272727272728,0.7795498000000002,2.2741869898692606,1.2911653234467655,12.5,25.0,400000.0,20000.0,9.0,2.0,0
187.0,1843,2.2816399286987523,1.3146167557932262,0.0,8.0,80000.0,0.0,0.0,4.0,1,3,0.022727272727272728,-5.153333333333334,2.270363951473137,1.2889948006932408,0.0,8.0,80000.0,0.0,0.0,4.0,1
193.0,1846,2.262521588946459,1.30073402417962,0.0,8.0,80000.0,0.0,0.0,4.0,1,3,0.022727272727272728,-4.82,2.262521588946459,1.30073402417962,0.0,8.0,80000.0,0.0,0.0,4.0,1
193.0,2306,2.262521588946459,1.30073402417962,0.0,8.0,80000.0,0.0,0.0,5.0,1,3,0.022727272727272728,-4.82,2.262521588946459,1.30073402417962,0.0,8.0,80000.0,0.0,0.0,5.0,1
193.0,3102,2.262521588946459,1.30073402417962,0.0,25.0,400000.0,0.0,0.0,5.0,1,3,0.022727272727272728,-4.82,2.262521588946459,1.30073402417962,0.0,25.0,400000.0,0.0,0.0,5.0,1
193.0,4182,2.262521588946459,1.30073402417962,0.0,25.0,400000.0,0.0,0.0,1.0,3,5,0.022727272727272728,-4.9399999999999995,2.262521588946459,1.30073402417962,0.0,25.0,400000.0,0.0,0.0,1.0,1
193.0,4540,2.262521588946459,1.30073402417962,0.0,25.0,400000.0,20000.0,9.0,3.0,3,5,0.022727272727272728,-4.9399999999999995,2.262521588946459,1.30073402417962,0.0,25.0,400000.0,20000.0,9.0,3.0,1
193.0,5722,2.262521588946459,1.30073402417962,0.0,12.0,120000.0,20000.0,5.0,2.0,1,8,0.022727272727272728,-4.82,2.262521588946459,1.30073402417962,0.0,12.0,120000.0,20000.0,5.0,2.0,1
193.0,6619,2.262521588946459,1.30073402417962,25.0,12.0,120000.0,20000.0,10.0,5.0,1,8,0.022727272727272728,-4.82,2.262521588946459,1.30073402417962,25.0,12.0,120000.0,20000.0,10.0,5.0,1
193.0,6624,2.262521588946459,1.30073402417962,25.0,12.0,120000.0,20000.0,10.0,5.0,3,2,0.022727272727272728,-4.9399999999999995,2.262521588946459,1.30073402417962,25.0,12.0,120000.0,20000.0,10.0,5.0,1
193.0,7080,2.262521588946459,1.30073402417962,25.0,12.0,120000.0,20000.0,7.0,4.0,3,2,0.022727272727272728,-4.9399999999999995,2.262521588946459,1.30073402417962,25.0,12.0,120000.0,20000.0,7.0,4.0,1
193.0,7527,2.262521588946459,1.30073402417962,12.5,12.0,120000.0,20000.0,8.0,5.0,1,3,0.022727272727272728,-4.82,2.262521588946459,1.30073402417962,12.5,12.0,120000.0,20000.0,8.0,5.0,1
193.0,7979,2.262521588946459,1.30073402417962,12.5,12.0,120000.0,20000.0,17.0,3.0,1,3,0.022727272727272728,-4.82,2.262521588946459,1.30073402417962,12.5,12.0,120000.0,20000.0,17.0,3.0,1
193.0,8879,2.262521588946459,1.30073402417962,0.0,12.0,120000.0,0.0,0.0,3.0,1,3,0.022727272727272728,-4.82,2.262521588946459,1.30073402417962,0.0,12.0,120000.0,0.0,0.0,3.0,1
193.0,9318,2.262521588946459,1.30073402417962,0.0,12.0,120000.0,0.0,0.0,6.0,1,3,0.022727272727272728,-4.82,2.262521588946459,1.30073402417962,0.0,12.0,120000.0,0.0,0.0,6.0,1
193.0,9331,2.262521588946459,1.30073402417962,0.0,12.0,120000.0,0.0,0.0,6.0,1,3,0.022727272727272728,-4.82,2.262521588946459,1.30073402417962,0.0,12.0,120000.0,0.0,0.0,6.0,1
193.0,10224,2.262521588946459,1.30073402417962,0.0,12.0,120000.0,0.0,0.0,2.0,3,7,0.022727272727272728,-4.9399999999999995,2.262521588946459,1.30073402417962,0.0,12.0,120000.0,0.0,0.0,2.0,1
193.0,11114,2.262521588946459,1.30073402417962,0.0,12.0,120000.0,0.0,0.0,4.0,1,4,0.022727272727272728,-4.82,2.262521588946459,1.30073402417962,0.0,12.0,120000.0,0.0,0.0,4.0,1
193.0,12465,2.262521588946459,1.30073402417962,0.0,12.0,120000.0,0.0,0.0,4.0,1,4,0.022727272727272728,-4.82,2.262521588946459,1.30073402417962,0.0,12.0,120000.0,0.0,0.0,4.0,1
187.0,7077,2.2816399286987523,1.3146167557932262,12.5,12.0,120000.0,20000.0,6.0,4.0,0,0,0.022727272727272728,0.9293329166666671,2.2624042487053737,1.3006665647375837,12.5,12.0,120000.0,20000.0,6.0,4.0,0
173.0,2738,1.9942196531791907,1.282514450867052,37.5,25.0,400000.0,20000.0,6.0,4.0,0,0,0.022727272727272728,0.7795498000000002,2.2624042487053737,1.3006665647375837,12.5,25.0,400000.0,20000.0,4.0,4.0,0
173.0,2741,1.9942196531791907,1.282514450867052,37.5,25.0,400000.0,20000.0,7.0,4.0,0,0,0.022727272727272728,0.7795498000000002,2.2624042487053737,1.3006665647375837,12.5,25.0,400000.0,20000.0,4.0,4.0,0
189.0,2304,2.2839506172839505,1.3007054673721339,0.0,8.0,80000.0,0.0,0.0,5.0,1,3,0.022727272727272728,-5.091083333333334,2.258620689655172,1.2984913793103448,0.0,8.0,80000.0,0.0,0.0,5.0,1
143.0,3454,1.8881118881118881,1.231060606060606,25.0,25.0,400000.0,20000.0,8.0,2.0,1,1,0.022727272727272728,-3.86,2.2508591065292096,1.3101374570446733,25.0,25.0,400000.0,20000.0,10.0,2.0,1
190.0,964,2.2719298245614037,1.3048245614035088,0.0,8.0,80000.0,20000.0,19.0,1.0,1,9,0.022727272727272728,0.88975,2.2508591065292096,1.3101374570446733,12.5,8.0,80000.0,20000.0,21.0,1.0,0
194.0,966,2.2508591065292096,1.3101374570446733,12.5,8.0,80000.0,20000.0,21.0,1.0,3,7,0.022727272727272728,-4.9399999999999995,2.2508591065292096,1.3101374570446733,12.5,8.0,80000.0,20000.0,21.0,1.0,1
194.0,2748,2.2508591065292096,1.3101374570446733,12.5,25.0,400000.0,20000.0,4.0,4.0,3,7,0.022727272727272728,-4.9399999999999995,2.2508591065292096,1.3101374570446733,12.5,25.0,400000.0,20000.0,4.0,4.0,1
194.0,4903,2.2508591065292096,1.3101374570446733,0.0,25.0,400000.0,0.0,0.0,5.0,3,7,0.022727272727272728,-4.9399999999999995,2.2508591065292096,1.3101374570446733,0.0,25.0,400000.0,0.0,0.0,5.0,1
194.0,5282,2.2508591065292096,1.3101374570446733,12.5,12.0,120000.0,20000.0,6.0,5.0,3,7,0.022727272727272728,-4.9399999999999995,2.2508591065292096,1.3101374570446733,12.5,12.0,120000.0,20000.0,6.0,5.0,1
194.0,8867,2.2508591065292096,1.3101374570446733,0.0,12.0,120000.0,0.0,0.0,3.0,3,7,0.022727272727272728,-4.9399999999999995,2.2508591065292096,1.3101374570446733,0.0,12.0,120000.0,0.0,0.0,3.0,1
194.0,9785,2.2508591065292096,1.3101374570446733,0.0,12.0,120000.0,0.0,0.0,3.0,3,7,0.022727272727272728,-4.9399999999999995,2.2508591065292096,1.3101374570446733,0.0,12.0,120000.0,0.0,0.0,3.0,1
194.0,11124,2.2508591065292096,1.3101374570446733,0.0,12.0,120000.0,0.0,0.0,4.0,1,2,0.022727272727272728,-4.82,2.2508591065292096,1.3101374570446733,0.0,12.0,120000.0,0.0,0.0,4.0,1
194.0,11571,2.2508591065292096,1.3101374570446733,0.0,12.0,120000.0,0.0,0.0,2.0,1,2,0.022727272727272728,-4.82,2.2508591065292096,1.3101374570446733,0.0,12.0,120000.0,0.0,0.0,2.0,1
194.0,12028,2.2508591065292096,1.3101374570446733,0.0,12.0,120000.0,0.0,0.0,1.0,1,2,0.022727272727272728,-4.82025,2.2508591065292096,1.3101374570446733,0.0,12.0,120000.0,0.0,0.0,1.0,1
194.0,12478,2.2508591065292096,1.3101374570446733,0.0,12.0,120000.0,0.0,0.0,4.0,1,2,0.022727272727272728,-4.82,2.2508591065292096,1.3101374570446733,0.0,12.0,120000.0,0.0,0.0,4.0,1
189.0,6617,2.2839506172839505,1.3007054673721339,0.0,12.0,120000.0,20000.0,8.0,5.0,0,0,0.022727272727272728,0.87,2.2393162393162394,1.3034188034188032,0.0,12.0,120000.0,20000.0,9.0,5.0,0
189.0,6622,2.2839506172839505,1.3007054673721339,0.0,12.0,120000.0,20000.0,9.0,5.0,0,0,0.022727272727272728,0.87,2.2393162393162394,1.3034188034188032,0.0,12.0,120000.0,20000.0,9.0,5.0,0
189.0,7525,2.2839506172839505,1.3007054673721339,0.0,12.0,120000.0,20000.0,7.0,5.0,0,0,0.022727272727272728,0.87,2.2393162393162394,1.3034188034188032,0.0,12.0,120000.0,20000.0,7.0,5.0,0
189.0,7977,2.2839506172839505,1.3007054673721339,0.0,12.0,120000.0,20000.0,16.0,3.0,0,0,0.022727272727272728,0.87,2.2393162393162394,1.3034188034188032,0.0,12.0,120000.0,20000.0,17.0,3.0,0
195.0,1847,2.2393162393162394,1.3034188034188032,0.0,8.0,80000.0,0.0,0.0,4.0,3,3,0.022727272727272728,-4.96,2.2393162393162394,1.3034188034188032,0.0,8.0,80000.0,0.0,0.0,4.0,1
195.0,2307,2.2393162393162394,1.3034188034188032,0.0,8.0,80000.0,0.0,0.0,5.0,3,3,0.022727272727272728,-4.96,2.2393162393162394,1.3034188034188032,0.0,8.0,80000.0,0.0,0.0,5.0,1
195.0,3095,2.2393162393162394,1.3034188034188032,0.0,25.0,400000.0,0.0,0.0,5.0,3,3,0.022727272727272728,-4.96,2.2393162393162394,1.3034188034188032,0.0,25.0,400000.0,0.0,0.0,5.0,1
195.0,3820,2.2393162393162394,1.3034188034188032,12.5,25.0,400000.0,20000.0,9.0,0.0,3,3,0.022727272727272728,-4.96,2.2393162393162394,1.3034188034188032,12.5,25.0,400000.0,20000.0,9.0,0.0,1
195.0,7081,2.2393162393162394,1.3034188034188032,12.5,12.0,120000.0,20000.0,6.0,4.0,3,8,0.022727272727272728,-4.96,2.2393162393162394,1.3034188034188032,12.5,12.0,120000.0,20000.0,6.0,4.0,1
195.0,7980,2.2393162393162394,1.3034188034188032,0.0,12.0,120000.0,20000.0,17.0,3.0,3,2,0.022727272727272728,-4.96,2.2393162393162394,1.3034188034188032,0.0,12.0,120000.0,20000.0,17.0,3.0,1
195.0,8880,2.2393162393162394,1.3034188034188032,0.0,12.0,120000.0,0.0,0.0,3.0,3,2,0.022727272727272728,-4.96,2.2393162393162394,1.3034188034188032,0.0,12.0,120000.0,0.0,0.0,3.0,1
195.0,9319,2.2393162393162394,1.3034188034188032,0.0,12.0,120000.0,0.0,0.0,6.0,3,2,0.022727272727272728,-4.96,2.2393162393162394,1.3034188034188032,0.0,12.0,120000.0,0.0,0.0,6.0,1
195.0,9332,2.2393162393162394,1.3034188034188032,0.0,12.0,120000.0,0.0,0.0,6.0,3,2,0.022727272727272728,-4.96,2.2393162393162394,1.3034188034188032,0.0,12.0,120000.0,0.0,0.0,6.0,1
195.0,10225,2.2393162393162394,1.3034188034188032,0.0,12.0,120000.0,0.0,0.0,2.0,3,2,0.022727272727272728,-4.96,2.2393162393162394,1.3034188034188032,0.0,12.0,120000.0,0.0,0.0,2.0,1
195.0,11115,2.2393162393162394,1.3034188034188032,0.0,12.0,120000.0,0.0,0.0,4.0,2,3,0.022727272727272728,-4.82,2.2393162393162394,1.3034188034188032,0.0,12.0,120000.0,0.0,0.0,4.0,1
195.0,12466,2.2393162393162394,1.3034188034188032,0.0,12.0,120000.0,0.0,0.0,4.0,2,3,0.022727272727272728,-4.82,2.2393162393162394,1.3034188034188032,0.0,12.0,120000.0,0.0,0.0,4.0,1
192.0,12027,2.2743055555555554,1.2912326388888888,0.0,12.0,120000.0,0.0,0.0,1.0,2,2,0.022727272727272728,-4.945,2.2393162393162394,1.3034188034188032,0.0,12.0,120000.0,0.0,0.0,1.0,1
189.0,7078,2.2839506172839505,1.3007054673721339,12.5,12.0,120000.0,20000.0,6.0,4.0,0,0,0.022727272727272728,0.929582916666667,2.239201293649832,1.3033518980213716,0.0,12.0,120000.0,20000.0,5.0,4.0,0
196.0,967,2.2448979591836733,1.3127125850340136,12.5,8.0,80000.0,20000.0,21.0,1.0,2,9,0.022727272727272728,-4.88,2.2448979591836733,1.3127125850340136,12.5,8.0,80000.0,20000.0,21.0,1.0,1
196.0,3103,2.2448979591836733,1.3127125850340136,0.0,25.0,400000.0,0.0,0.0,5.0,2,9,0.022727272727272728,-4.88,2.2448979591836733,1.3127125850340136,0.0,25.0,400000.0,0.0,0.0,5.0,1
196.0,3469,2.2448979591836733,1.3127125850340136,25.0,25.0,400000.0,20000.0,10.0,2.0,1,6,0.022727272727272728,-4.88,2.2448979591836733,1.3127125850340136,25.0,25.0,400000.0,20000.0,10.0,2.0,1
196.0,4183,2.2448979591836733,1.3127125850340136,0.0,25.0,400000.0,0.0,0.0,1.0,1,6,0.022727272727272728,-4.88025,2.2448979591836733,1.3127125850340136,0.0,25.0,400000.0,0.0,0.0,1.0,1
196.0,9786,2.2448979591836733,1.3127125850340136,0.0,12.0,120000.0,0.0,0.0,3.0,1,2,0.022727272727272728,-4.82,2.2448979591836733,1.3127125850340136,0.0,12.0,120000.0,0.0,0.0,3.0,1
196.0,10677,2.2448979591836733,1.3127125850340136,0.0,12.0,120000.0,0.0,0.0,4.0,3,9,0.022727272727272728,-4.96,2.2448979591836733,1.3127125850340136,0.0,12.0,120000.0,0.0,0.0,4.0,1
196.0,11125,2.2448979591836733,1.3127125850340136,0.0,12.0,120000.0,0.0,0.0,4.0,3,9,0.022727272727272728,-4.96,2.2448979591836733,1.3127125850340136,0.0,12.0,120000.0,0.0,0.0,4.0,1
196.0,11572,2.2448979591836733,1.3127125850340136,0.0,12.0,120000.0,0.0,0.0,2.0,3,9,0.022727272727272728,-4.96,2.2448979591836733,1.3127125850340136,0.0,12.0,120000.0,0.0,0.0,2.0,1
196.0,12479,2.2448979591836733,1.3127125850340136,0.0,12.0,120000.0,0.0,0.0,4.0,3,1,0.022727272727272728,-4.9399999999999995,2.2448979591836733,1.3127125850340136,0.0,12.0,120000.0,0.0,0.0,4.0,1
192.0,11570,2.2743055555555554,1.2912326388888888,0.0,12.0,120000.0,0.0,0.0,2.0,2,2,0.022727272727272728,-4.966666666666667,2.2448979591836733,1.3127125850340136,0.0,12.0,120000.0,0.0,0.0,2.0,1
192.0,965,2.2743055555555554,1.2912326388888888,12.5,8.0,80000.0,20000.0,21.0,1.0,0,0,0.022727272727272728,0.9493743750000003,2.2447833148929486,1.3126455463507538,0.0,8.0,80000.0,20000.0,20.0,1.0,0
193.0,49,2.262521588946459,1.30073402417962,0.0,8.0,80000.0,20000.0,4.0,2.0,1,3,0.022727272727272728,0.87,2.233502538071066,1.3060490693739424,0.0,8.0,80000.0,20000.0,5.0,2.0,0
197.0,2749,2.233502538071066,1.3060490693739424,12.5,25.0,400000.0,20000.0,4.0,4.0,1,3,0.022727272727272728,-4.82,2.233502538071066,1.3060490693739424,12.5,25.0,400000.0,20000.0,4.0,4.0,1
197.0,4904,2.233502538071066,1.3060490693739424,0.0,25.0,400000.0,0.0,0.0,5.0,1,3,0.022727272727272728,-4.82,2.233502538071066,1.3060490693739424,0.0,25.0,400000.0,0.0,0.0,5.0,1
197.0,5724,2.233502538071066,1.3060490693739424,12.5,12.0,120000.0,20000.0,6.0,2.0,1,5,0.022727272727272728,-4.82,2.233502538071066,1.3060490693739424,12.5,12.0,120000.0,20000.0,6.0,2.0,1
197.0,6626,2.233502538071066,1.3060490693739424,12.5,12.0,120000.0,20000.0,9.0,5.0,1,5,0.022727272727272728,-4.82,2.233502538071066,1.3060490693739424,12.5,12.0,120000.0,20000.0,9.0,5.0,1
197.0,7082,2.233502538071066,1.3060490693739424,0.0,12.0,120000.0,20000.0,6.0,4.0,3,6,0.022727272727272728,-4.9,2.233502538071066,1.3060490693739424,0.0,12.0,120000.0,20000.0,6.0,4.0,1
197.0,7529,2.233502538071066,1.3060490693739424,0.0,12.0,120000.0,20000.0,7.0,5.0,3,6,0.022727272727272728,-4.9,2.233502538071066,1.3060490693739424,0.0,12.0,120000.0,20000.0,7.0,5.0,1
197.0,8881,2.233502538071066,1.3060490693739424,0.0,12.0,120000.0,0.0,0.0,3.0,3,6,0.022727272727272728,-4.9,2.233502538071066,1.3060490693739424,0.0,12.0,120000.0,0.0,0.0,3.0,1
197.0,9333,2.233502538071066,1.3060490693739424,0.0,12.0,120000.0,0.0,0.0,6.0,3,6,0.022727272727272728,-4.9,2.233502538071066,1.3060490693739424,0.0,12.0,120000.0,0.0,0.0,6.0,1
197.0,10226,2.233502538071066,1.3060490693739424,0.0,12.0,120000.0,0.0,0.0,2.0,3,6,0.022727272727272728,-4.9,2.233502538071066,1.3060490693739424,0.0,12.0,120000.0,0.0,0.0,2.0,1
197.0,11116,2.233502538071066,1.3060490693739424,0.0,12.0,120000.0,0.0,0.0,4.0,3,6,0.022727272727272728,-4.9,2.233502538071066,1.3060490693739424,0.0,12.0,120000.0,0.0,0.0,4.0,1
197.0,12467,2.233502538071066,1.3060490693739424,0.0,12.0,120000.0,0.0,0.0,4.0,3,6,0.022727272727272728,-4.9,2.233502538071066,1.3060490693739424,0.0,12.0,120000.0,0.0,0.0,4.0,1
194.0,10676,2.2508591065292096,1.3101374570446733,0.0,12.0,120000.0,0.0,0.0,4.0,1,2,0.022727272727272728,-4.945,2.233502538071066,1.3060490693739424,0.0,12.0,120000.0,0.0,0.0,4.0,1
193.0,1412,2.262521588946459,1.30073402417962,0.0,8.0,80000.0,0.0,0.0,5.0,1,3,0.022727272727272728,-5.091083333333334,2.2550675675675675,1.3038429054054053,0.0,8.0,80000.0,0.0,0.0,5.0,1
191.0,1411,2.2600349040139616,1.2979930191972078,0.0,8.0,80000.0,0.0,0.0,5.0,3,1,0.022727272727272728,0.6625,2.2474747474747474,1.299452861952862,0.0,8.0,80000.0,0.0,0.0,5.0,0
196.0,12029,2.2448979591836733,1.3127125850340136,0.0,12.0,120000.0,0.0,0.0,1.0,3,1,0.022727272727272728,1.0166666666666666,2.2474747474747474,1.299452861952862,0.0,12.0,120000.0,0.0,0.0,1.0,0
192.0,5281,2.2743055555555554,1.2912326388888888,0.0,12.0,120000.0,20000.0,5.0,5.0,1,7,0.022727272727272728,0.91,2.2474747474747474,1.299452861952862,0.0,12.0,120000.0,20000.0,5.0,5.0,0
198.0,3096,2.2474747474747474,1.299452861952862,0.0,25.0,400000.0,0.0,0.0,5.0,1,9,0.022727272727272728,-4.84,2.2474747474747474,1.299452861952862,0.0,25.0,400000.0,0.0,0.0,5.0,1
198.0,3821,2.2474747474747474,1.299452861952862,12.5,25.0,400000.0,20000.0,10.0,0.0,3,6,0.022727272727272728,-4.9,2.2474747474747474,1.299452861952862,12.5,25.0,400000.0,20000.0,10.0,0.0,1
198.0,5284,2.2474747474747474,1.299452861952862,0.0,12.0,120000.0,20000.0,5.0,5.0,3,6,0.022727272727272728,-4.9,2.2474747474747474,1.299452861952862,0.0,12.0,120000.0,20000.0,5.0,5.0,1
198.0,8869,2.2474747474747474,1.299452861952862,0.0,12.0,120000.0,0.0,0.0,3.0,3,6,0.022727272727272728,-4.9,2.2474747474747474,1.299452861952862,0.0,12.0,120000.0,0.0,0.0,3.0,1
198.0,9787,2.2474747474747474,1.299452861952862,0.0,12.0,120000.0,0.0,0.0,3.0,3,6,0.022727272727272728,-4.9,2.2474747474747474,1.299452861952862,0.0,12.0,120000.0,0.0,0.0,3.0,1
198.0,11126,2.2474747474747474,1.299452861952862,0.0,12.0,120000.0,0.0,0.0,4.0,1,2,0.022727272727272728,-4.8,2.2474747474747474,1.299452861952862,0.0,12.0,120000.0,0.0,0.0,4.0,1
198.0,11573,2.2474747474747474,1.299452861952862,0.0,12.0,120000.0,0.0,0.0,2.0,3,5,0.022727272727272728,-4.9,2.2474747474747474,1.299452861952862,0.0,12.0,120000.0,0.0,0.0,2.0,1
198.0,12030,2.2474747474747474,1.299452861952862,0.0,12.0,120000.0,0.0,0.0,1.0,3,5,0.022727272727272728,-4.9,2.2474747474747474,1.299452861952862,0.0,12.0,120000.0,0.0,0.0,1.0,1
198.0,12480,2.2474747474747474,1.299452861952862,0.0,12.0,120000.0,0.0,0.0,4.0,3,7,0.022727272727272728,-4.9,2.2474747474747474,1.299452861952862,0.0,12.0,120000.0,0.0,0.0,4.0,1
195.0,7528,2.2393162393162394,1.3034188034188032,0.0,12.0,120000.0,20000.0,7.0,5.0,2,1,0.022727272727272728,-4.925,2.2474747474747474,1.299452861952862,0.0,12.0,120000.0,20000.0,7.0,5.0,1
178.0,3463,2.0318352059925093,1.3284176029962547,25.0,25.0,400000.0,20000.0,10.0,2.0,0,0,0.022727272727272728,0.7995498000000001,2.247361130884242,1.2993871707125648,12.5,25.0,400000.0,20000.0,9.0,2.0,0
195.0,1413,2.2393162393162394,1.3034188034188032,0.0,8.0,80000.0,0.0,0.0,5.0,1,2,0.022727272727272728,-5.008958958333332,2.243584243975048,1.297203436942502,0.0,8.0,80000.0,0.0,0.0,5.0,1
191.0,2747,2.2600349040139616,1.2979930191972078,37.5,25.0,400000.0,20000.0,6.0,4.0,1,1,0.022727272727272728,-4.953533533333333,2.2398200305444345,1.2950270307689027,12.5,25.0,400000.0,20000.0,4.0,4.0,1
199.0,1415,2.2361809045226133,1.292922948073702,0.0,8.0,80000.0,0.0,0.0,5.0,1,8,0.022727272727272728,-4.88,2.2361809045226133,1.292922948073702,0.0,8.0,80000.0,0.0,0.0,5.0,1
199.0,1849,2.2361809045226133,1.292922948073702,0.0,8.0,80000.0,0.0,0.0,4.0,1,8,0.022727272727272728,-4.88,2.2361809045226133,1.292922948073702,0.0,8.0,80000.0,0.0,0.0,4.0,1
199.0,3470,2.2361809045226133,1.292922948073702,12.5,25.0,400000.0,20000.0,9.0,2.0,2,8,0.022727272727272728,-4.84,2.2361809045226133,1.292922948073702,12.5,25.0,400000.0,20000.0,9.0,2.0,1
199.0,4184,2.2361809045226133,1.292922948073702,0.0,25.0,400000.0,0.0,0.0,1.0,2,8,0.022727272727272728,-4.84,2.2361809045226133,1.292922948073702,0.0,25.0,400000.0,0.0,0.0,1.0,1
199.0,4542,2.2361809045226133,1.292922948073702,12.5,25.0,400000.0,20000.0,10.0,3.0,2,8,0.022727272727272728,-4.84,2.2361809045226133,1.292922948073702,12.5,25.0,400000.0,20000.0,10.0,3.0,1
199.0,5725,2.2361809045226133,1.292922948073702,12.5,12.0,120000.0,20000.0,6.0,2.0,2,8,0.022727272727272728,-4.84,2.2361809045226133,1.292922948073702,12.5,12.0,120000.0,20000.0,6.0,2.0,1
199.0,7083,2.2361809045226133,1.292922948073702,0.0,12.0,120000.0,20000.0,7.0,4.0,3,7,0.022727272727272728,-4.859999999999999,2.2361809045226133,1.292922948073702,0.0,12.0,120000.0,20000.0,7.0,4.0,1
199.0,7530,2.2361809045226133,1.292922948073702,0.0,12.0,120000.0,20000.0,7.0,5.0,3,5,0.022727272727272728,-4.859999999999999,2.2361809045226133,1.292922948073702,0.0,12.0,120000.0,20000.0,7.0,5.0,1
199.0,8882,2.2361809045226133,1.292922948073702,0.0,12.0,120000.0,0.0,0.0,3.0,1,10,0.022727272727272728,-4.82025,2.2361809045226133,1.292922948073702,0.0,12.0,120000.0,0.0,0.0,3.0,1
199.0,9334,2.2361809045226133,1.292922948073702,0.0,12.0,120000.0,0.0,0.0,6.0,1,10,0.022727272727272728,-4.82,2.2361809045226133,1.292922948073702,0.0,12.0,120000.0,0.0,0.0,6.0,1
199.0,10227,2.2361809045226133,1.292922948073702,0.0,12.0,120000.0,0.0,0.0,2.0,2,3,0.022727272727272728,-4.82,2.2361809045226133,1.292922948073702,0.0,12.0,120000.0,0.0,0.0,2.0,1
199.0,11117,2.2361809045226133,1.292922948073702,0.0,12.0,120000.0,0.0,0.0,4.0,2,3,0.022727272727272728,-4.82,2.2361809045226133,1.292922948073702,0.0,12.0,120000.0,0.0,0.0,4.0,1
199.0,12468,2.2361809045226133,1.292922948073702,0.0,12.0,120000.0,0.0,0.0,4.0,1,2,0.022727272727272728,-4.82,2.2361809045226133,1.292922948073702,0.0,12.0,120000.0,0.0,0.0,4.0,1
179.0,3819,2.02048417132216,1.320996275605214,37.5,25.0,400000.0,20000.0,11.0,0.0,0,0,0.022727272727272728,0.7997998000000002,2.2360684269097817,1.2928579153715267,0.0,25.0,400000.0,20000.0,9.0,0.0,0
179.0,2743,2.02048417132216,1.320996275605214,62.5,25.0,400000.0,20000.0,8.0,4.0,0,0,0.022727272727272728,0.7997998000000002,2.2360684269097817,1.2928579153715267,0.0,25.0,400000.0,20000.0,3.0,4.0,0
191.0,4902,2.2600349040139616,1.2979930191972078,0.0,25.0,400000.0,0.0,0.0,5.0,1,1,0.022727272727272728,-4.973533533333333,2.2286027964240795,1.2885414108538098,0.0,25.0,400000.0,0.0,0.0,5.0,1
200.0,4905,2.225,1.2864583333333335,0.0,25.0,400000.0,0.0,0.0,5.0,1,2,0.022727272727272728,-4.82,2.225,1.2864583333333335,0.0,25.0,400000.0,0.0,0.0,5.0,1
200.0,5285,2.225,1.2864583333333335,0.0,12.0,120000.0,20000.0,6.0,5.0,1,2,0.022727272727272728,-4.82,2.225,1.2864583333333335,0.0,12.0,120000.0,20000.0,6.0,5.0,1
200.0,9788,2.225,1.2864583333333335,0.0,12.0,120000.0,0.0,0.0,3.0,1,2,0.022727272727272728,-4.82,2.225,1.2864583333333335,0.0,12.0,120000.0,0.0,0.0,3.0,1
200.0,10679,2.225,1.2864583333333335,0.0,12.0,120000.0,0.0,0.0,4.0,1,2,0.022727272727272728,-4.82,2.225,1.2864583333333335,0.0,12.0,120000.0,0.0,0.0,4.0,1
200.0,11127,2.225,1.2864583333333335,0.0,12.0,120000.0,0.0,0.0,4.0,2,8,0.022727272727272728,-4.82,2.225,1.2864583333333335,0.0,12.0,120000.0,0.0,0.0,4.0,1
200.0,11574,2.225,1.2864583333333335,0.0,12.0,120000.0,0.0,0.0,2.0,2,8,0.022727272727272728,-4.82,2.225,1.2864583333333335,0.0,12.0,120000.0,0.0,0.0,2.0,1
200.0,12031,2.225,1.2864583333333335,0.0,12.0,120000.0,0.0,0.0,1.0,1,5,0.022727272727272728,-4.8205,2.225,1.2864583333333335,0.0,12.0,120000.0,0.0,0.0,1.0,1
200.0,12481,2.225,1.2864583333333335,0.0,12.0,120000.0,0.0,0.0,4.0,1,5,0.022727272727272728,-4.82,2.225,1.2864583333333335,0.0,12.0,120000.0,0.0,0.0,4.0,1
196.0,5283,2.2448979591836733,1.3127125850340136,12.5,12.0,120000.0,20000.0,6.0,5.0,1,1,0.022727272727272728,0.9316666666666666,2.2139303482587063,1.2800580431177448,0.0,12.0,120000.0,20000.0,6.0,5.0,0
195.0,5723,2.2393162393162394,1.3034188034188032,0.0,12.0,120000.0,20000.0,5.0,2.0,0,0,0.022727272727272728,0.89,2.2139303482587063,1.2800580431177448,0.0,12.0,120000.0,20000.0,5.0,2.0,0
201.0,1416,2.2139303482587063,1.2800580431177448,0.0,8.0,80000.0,0.0,0.0,5.0,1,6,0.022727272727272728,-4.859999999999999,2.2139303482587063,1.2800580431177448,0.0,8.0,80000.0,0.0,0.0,5.0,1
201.0,2310,2.2139303482587063,1.2800580431177448,0.0,8.0,80000.0,0.0,0.0,5.0,1,6,0.022727272727272728,-4.859999999999999,2.2139303482587063,1.2800580431177448,0.0,8.0,80000.0,0.0,0.0,5.0,1
201.0,3097,2.2139303482587063,1.2800580431177448,0.0,25.0,400000.0,0.0,0.0,5.0,1,9,0.022727272727272728,-4.859999999999999,2.2139303482587063,1.2800580431177448,0.0,25.0,400000.0,0.0,0.0,5.0,1
201.0,3822,2.2139303482587063,1.2800580431177448,0.0,25.0,400000.0,20000.0,9.0,0.0,2,10,0.022727272727272728,-4.859999999999999,2.2139303482587063,1.2800580431177448,0.0,25.0,400000.0,20000.0,9.0,0.0,1
201.0,6628,2.2139303482587063,1.2800580431177448,12.5,12.0,120000.0,20000.0,9.0,5.0,3,3,0.022727272727272728,-4.82,2.2139303482587063,1.2800580431177448,12.5,12.0,120000.0,20000.0,9.0,5.0,1
201.0,7084,2.2139303482587063,1.2800580431177448,0.0,12.0,120000.0,20000.0,8.0,4.0,1,10,0.022727272727272728,-4.8,2.2139303482587063,1.2800580431177448,0.0,12.0,120000.0,20000.0,8.0,4.0,1
201.0,8883,2.2139303482587063,1.2800580431177448,0.0,12.0,120000.0,0.0,0.0,3.0,1,5,0.022727272727272728,-4.8,2.2139303482587063,1.2800580431177448,0.0,12.0,120000.0,0.0,0.0,3.0,1
201.0,9335,2.2139303482587063,1.2800580431177448,0.0,12.0,120000.0,0.0,0.0,6.0,1,5,0.022727272727272728,-4.8,2.2139303482587063,1.2800580431177448,0.0,12.0,120000.0,0.0,0.0,6.0,1
201.0,10228,2.2139303482587063,1.2800580431177448,0.0,12.0,120000.0,0.0,0.0,2.0,3,5,0.022727272727272728,-4.82,2.2139303482587063,1.2800580431177448,0.0,12.0,120000.0,0.0,0.0,2.0,1
201.0,11118,2.2139303482587063,1.2800580431177448,0.0,12.0,120000.0,0.0,0.0,4.0,3,5,0.022727272727272728,-4.82,2.2139303482587063,1.2800580431177448,0.0,12.0,120000.0,0.0,0.0,4.0,1
201.0,12469,2.2139303482587063,1.2800580431177448,0.0,12.0,120000.0,0.0,0.0,4.0,1,3,0.022727272727272728,-4.8,2.2139303482587063,1.2800580431177448,0.0,12.0,120000.0,0.0,0.0,4.0,1
198.0,10678,2.2474747474747474,1.299452861952862,0.0,12.0,120000.0,0.0,0.0,4.0,1,2,0.022727272727272728,-4.925,2.2139303482587063,1.2800580431177448,0.0,12.0,120000.0,0.0,0.0,4.0,1
195.0,6625,2.2393162393162394,1.3034188034188032,0.0,12.0,120000.0,20000.0,8.0,5.0,0,0,0.022727272727272728,0.9495829166666669,2.2138200978150295,1.2799942981280716,0.0,12.0,120000.0,20000.0,8.0,5.0,0
197.0,1848,2.233502538071066,1.3060490693739424,0.0,8.0,80000.0,0.0,0.0,4.0,3,1,0.022727272727272728,-5.1133339583333335,2.2228464555341545,1.2756577010151864,0.0,8.0,80000.0,0.0,0.0,4.0,1
198.0,968,2.2474747474747474,1.299452861952862,0.0,8.0,80000.0,20000.0,20.0,1.0,1,9,0.022727272727272728,0.86975,2.2194719471947195,1.2737211221122113,12.5,8.0,80000.0,20000.0,21.0,1.0,0
202.0,970,2.2194719471947195,1.2737211221122113,12.5,8.0,80000.0,20000.0,21.0,1.0,3,6,0.022727272727272728,-4.9,2.2194719471947195,1.2737211221122113,12.5,8.0,80000.0,20000.0,21.0,1.0,1
202.0,3105,2.2194719471947195,1.2737211221122113,0.0,25.0,400000.0,0.0,0.0,5.0,3,6,0.022727272727272728,-4.9,2.2194719471947195,1.2737211221122113,0.0,25.0,400000.0,0.0,0.0,5.0,1
202.0,3471,2.2194719471947195,1.2737211221122113,12.5,25.0,400000.0,20000.0,9.0,2.0,1,3,0.022727272727272728,-4.82,2.2194719471947195,1.2737211221122113,12.5,25.0,400000.0,20000.0,9.0,2.0,1
202.0,4185,2.2194719471947195,1.2737211221122113,0.0,25.0,400000.0,0.0,0.0,1.0,1,3,0.022727272727272728,-4.82,2.2194719471947195,1.2737211221122113,0.0,25.0,400000.0,0.0,0.0,1.0,1
202.0,4543,2.2194719471947195,1.2737211221122113,12.5,25.0,400000.0,20000.0,10.0,3.0,2,3,0.022727272727272728,-4.82,2.2194719471947195,1.2737211221122113,12.5,25.0,400000.0,20000.0,10.0,3.0,1
202.0,5286,2.2194719471947195,1.2737211221122113,0.0,12.0,120000.0,20000.0,6.0,5.0,2,3,0.022727272727272728,-4.82,2.2194719471947195,1.2737211221122113,0.0,12.0,120000.0,20000.0,6.0,5.0,1
202.0,9789,2.2194719471947195,1.2737211221122113,0.0,12.0,120000.0,0.0,0.0,3.0,1,8,0.022727272727272728,-4.82,2.2194719471947195,1.2737211221122113,0.0,12.0,120000.0,0.0,0.0,3.0,1
202.0,10680,2.2194719471947195,1.2737211221122113,0.0,12.0,120000.0,0.0,0.0,4.0,1,8,0.022727272727272728,-4.82,2.2194719471947195,1.2737211221122113,0.0,12.0,120000.0,0.0,0.0,4.0,1
202.0,11128,2.2194719471947195,1.2737211221122113,0.0,12.0,120000.0,0.0,0.0,4.0,1,8,0.022727272727272728,-4.82,2.2194719471947195,1.2737211221122113,0.0,12.0,120000.0,0.0,0.0,4.0,1
202.0,11575,2.2194719471947195,1.2737211221122113,0.0,12.0,120000.0,0.0,0.0,2.0,3,3,0.022727272727272728,-4.9,2.2194719471947195,1.2737211221122113,0.0,12.0,120000.0,0.0,0.0,2.0,1
202.0,12032,2.2194719471947195,1.2737211221122113,0.0,12.0,120000.0,0.0,0.0,1.0,3,3,0.022727272727272728,-4.9,2.2194719471947195,1.2737211221122113,0.0,12.0,120000.0,0.0,0.0,1.0,1
199.0,6627,2.2361809045226133,1.292922948073702,12.5,12.0,120000.0,20000.0,9.0,5.0,1,1,0.022727272727272728,-4.925,2.2194719471947195,1.2737211221122113,0.0,12.0,120000.0,20000.0,8.0,5.0,1
197.0,1414,2.233502538071066,1.3060490693739424,0.0,8.0,80000.0,0.0,0.0,5.0,3,1,0.022727272727272728,-5.2558339583333336,2.252992916080471,1.269364165766141,0.0,8.0,80000.0,0.0,0.0,5.0,1
201.0,5726,2.2139303482587063,1.2800580431177448,0.0,12.0,120000.0,20000.0,5.0,2.0,3,3,0.022727272727272728,-4.981667083333333,2.2500327363339543,1.2676963637647962,0.0,12.0,120000.0,20000.0,5.0,2.0,1
197.0,7981,2.233502538071066,1.3060490693739424,0.0,12.0,120000.0,20000.0,17.0,3.0,0,0,0.022727272727272728,0.8695,2.2495894909688015,1.2674466338259442,25.0,12.0,120000.0,20000.0,20.0,3.0,0
203.0,2751,2.2495894909688015,1.2674466338259442,12.5,25.0,400000.0,20000.0,5.0,4.0,3,5,0.022727272727272728,-4.92,2.2495894909688015,1.2674466338259442,12.5,25.0,400000.0,20000.0,5.0,4.0,1
203.0,4906,2.2495894909688015,1.2674466338259442,0.0,25.0,400000.0,0.0,0.0,5.0,3,5,0.022727272727272728,-4.92,2.2495894909688015,1.2674466338259442,0.0,25.0,400000.0,0.0,0.0,5.0,1
203.0,6629,2.2495894909688015,1.2674466338259442,0.0,12.0,120000.0,20000.0,8.0,5.0,2,1,0.022727272727272728,-4.8,2.2495894909688015,1.2674466338259442,0.0,12.0,120000.0,20000.0,9.0,5.0,1
203.0,7085,2.2495894909688015,1.2674466338259442,0.0,12.0,120000.0,20000.0,8.0,4.0,2,9,0.022727272727272728,-4.8,2.2495894909688015,1.2674466338259442,0.0,12.0,120000.0,20000.0,8.0,4.0,1
203.0,7532,2.2495894909688015,1.2674466338259442,12.5,12.0,120000.0,20000.0,8.0,5.0,2,9,0.022727272727272728,-4.8,2.2495894909688015,1.2674466338259442,12.5,12.0,120000.0,20000.0,8.0,5.0,1
203.0,7984,2.2495894909688015,1.2674466338259442,25.0,12.0,120000.0,20000.0,20.0,3.0,1,10,0.022727272727272728,-4.8,2.2495894909688015,1.2674466338259442,25.0,12.0,120000.0,20000.0,20.0,3.0,1
203.0,8884,2.2495894909688015,1.2674466338259442,0.0,12.0,120000.0,0.0,0.0,3.0,1,10,0.022727272727272728,-4.8,2.2495894909688015,1.2674466338259442,0.0,12.0,120000.0,0.0,0.0,3.0,1
203.0,9336,2.2495894909688015,1.2674466338259442,0.0,12.0,120000.0,0.0,0.0,6.0,2,7,0.022727272727272728,-4.8,2.2495894909688015,1.2674466338259442,0.0,12.0,120000.0,0.0,0.0,6.0,1
203.0,10229,2.2495894909688015,1.2674466338259442,0.0,12.0,120000.0,0.0,0.0,2.0,2,7,0.022727272727272728,-4.8,2.2495894909688015,1.2674466338259442,0.0,12.0,120000.0,0.0,0.0,2.0,1
203.0,11119,2.2495894909688015,1.2674466338259442,0.0,12.0,120000.0,0.0,0.0,4.0,2,4,0.022727272727272728,-4.8,2.2495894909688015,1.2674466338259442,0.0,12.0,120000.0,0.0,0.0,4.0,1
197.0,2308,2.233502538071066,1.3060490693739424,0.0,8.0,80000.0,0.0,0.0,5.0,3,1,0.022727272727272728,-5.338333958333333,2.2582966751507163,1.2631324247333038,0.0,8.0,80000.0,0.0,0.0,5.0,1
204.0,971,2.2549019607843137,1.3020833333333335,12.5,8.0,80000.0,20000.0,21.0,1.0,1,10,0.022727272727272728,-4.82,2.2549019607843137,1.3020833333333335,12.5,8.0,80000.0,20000.0,21.0,1.0,1
204.0,3098,2.2549019607843137,1.3020833333333335,0.0,25.0,400000.0,0.0,0.0,5.0,1,10,0.022727272727272728,-4.82,2.2549019607843137,1.3020833333333335,0.0,25.0,400000.0,0.0,0.0,5.0,1
204.0,3823,2.2549019607843137,1.3020833333333335,0.0,25.0,400000.0,20000.0,10.0,0.0,2,6,0.022727272727272728,-4.82,2.2549019607843137,1.3020833333333335,0.0,25.0,400000.0,20000.0,10.0,0.0,1
204.0,5287,2.2549019607843137,1.3020833333333335,0.0,12.0,120000.0,20000.0,6.0,5.0,2,6,0.022727272727272728,-4.82,2.2549019607843137,1.3020833333333335,0.0,12.0,120000.0,20000.0,6.0,5.0,1
204.0,9790,2.2549019607843137,1.3020833333333335,0.0,12.0,120000.0,0.0,0.0,3.0,2,5,0.022727272727272728,-4.82,2.2549019607843137,1.3020833333333335,0.0,12.0,120000.0,0.0,0.0,3.0,1
204.0,10681,2.2549019607843137,1.3020833333333335,0.0,12.0,120000.0,0.0,0.0,4.0,2,5,0.022727272727272728,-4.82,2.2549019607843137,1.3020833333333335,0.0,12.0,120000.0,0.0,0.0,4.0,1
204.0,11129,2.2549019607843137,1.3020833333333335,0.0,12.0,120000.0,0.0,0.0,4.0,1,8,0.022727272727272728,-4.82,2.2549019607843137,1.3020833333333335,0.0,12.0,120000.0,0.0,0.0,4.0,1
204.0,11576,2.2549019607843137,1.3020833333333335,0.0,12.0,120000.0,0.0,0.0,2.0,1,8,0.022727272727272728,-4.82025,2.2549019607843137,1.3020833333333335,0.0,12.0,120000.0,0.0,0.0,2.0,1
204.0,12033,2.2549019607843137,1.3020833333333335,0.0,12.0,120000.0,0.0,0.0,1.0,3,9,0.022727272727272728,-4.96,2.2549019607843137,1.3020833333333335,0.0,12.0,120000.0,0.0,0.0,1.0,1
204.0,12483,2.2549019607843137,1.3020833333333335,0.0,12.0,120000.0,0.0,0.0,4.0,3,9,0.022727272727272728,-4.96,2.2549019607843137,1.3020833333333335,0.0,12.0,120000.0,0.0,0.0,4.0,1
200.0,969,2.225,1.2864583333333335,12.5,8.0,80000.0,20000.0,21.0,1.0,0,0,0.022727272727272728,0.9293743750000004,2.2547913212689905,1.3020194450262514,0.0,8.0,80000.0,20000.0,20.0,1.0,0
202.0,50,2.2194719471947195,1.2737211221122113,0.0,8.0,80000.0,20000.0,5.0,2.0,1,3,0.022727272727272728,-4.965833333333334,2.33278955954323,1.2999592169657421,0.0,8.0,80000.0,20000.0,5.0,2.0,1
205.0,501,2.3252032520325203,1.295731707317073,0.0,8.0,80000.0,20000.0,15.0,4.0,1,7,0.022727272727272728,-4.84,2.3252032520325203,1.295731707317073,0.0,8.0,80000.0,20000.0,15.0,4.0,1
205.0,1418,2.3252032520325203,1.295731707317073,0.0,8.0,80000.0,0.0,0.0,5.0,1,7,0.022727272727272728,-4.84,2.3252032520325203,1.295731707317073,0.0,8.0,80000.0,0.0,0.0,5.0,1
205.0,2312,2.3252032520325203,1.295731707317073,0.0,8.0,80000.0,0.0,0.0,5.0,2,7,0.022727272727272728,-4.84,2.3252032520325203,1.295731707317073,0.0,8.0,80000.0,0.0,0.0,5.0,1
205.0,3106,2.3252032520325203,1.295731707317073,0.0,25.0,400000.0,0.0,0.0,5.0,2,7,0.022727272727272728,-4.84,2.3252032520325203,1.295731707317073,0.0,25.0,400000.0,0.0,0.0,5.0,1
205.0,3472,2.3252032520325203,1.295731707317073,12.5,25.0,400000.0,20000.0,10.0,2.0,2,6,0.022727272727272728,-4.84,2.3252032520325203,1.295731707317073,12.5,25.0,400000.0,20000.0,10.0,2.0,1
205.0,4186,2.3252032520325203,1.295731707317073,0.0,25.0,400000.0,0.0,0.0,1.0,2,6,0.022727272727272728,-4.84,2.3252032520325203,1.295731707317073,0.0,25.0,400000.0,0.0,0.0,1.0,1
205.0,4544,2.3252032520325203,1.295731707317073,12.5,25.0,400000.0,20000.0,10.0,3.0,3,4,0.022727272727272728,-4.98,2.3252032520325203,1.295731707317073,12.5,25.0,400000.0,20000.0,10.0,3.0,1
205.0,5728,2.3252032520325203,1.295731707317073,0.0,12.0,120000.0,20000.0,5.0,2.0,3,4,0.022727272727272728,-4.98,2.3252032520325203,1.295731707317073,0.0,12.0,120000.0,20000.0,5.0,2.0,1
205.0,7086,2.3252032520325203,1.295731707317073,0.0,12.0,120000.0,20000.0,8.0,4.0,1,7,0.022727272727272728,-4.84,2.3252032520325203,1.295731707317073,0.0,12.0,120000.0,20000.0,8.0,4.0,1
205.0,7533,2.3252032520325203,1.295731707317073,12.5,12.0,120000.0,20000.0,8.0,5.0,2,5,0.022727272727272728,-4.84,2.3252032520325203,1.295731707317073,12.5,12.0,120000.0,20000.0,8.0,5.0,1
205.0,9337,2.3252032520325203,1.295731707317073,0.0,12.0,120000.0,0.0,0.0,6.0,1,1,0.022727272727272728,-4.8,2.3252032520325203,1.295731707317073,0.0,12.0,120000.0,0.0,0.0,6.0,1
205.0,10230,2.3252032520325203,1.295731707317073,0.0,12.0,120000.0,0.0,0.0,2.0,3,9,0.022727272727272728,-4.98,2.3252032520325203,1.295731707317073,0.0,12.0,120000.0,0.0,0.0,2.0,1
196.0,8868,2.2448979591836733,1.3127125850340136,0.0,12.0,120000.0,0.0,0.0,3.0,1,2,0.022727272727272728,-5.175,2.3252032520325203,1.295731707317073,0.0,12.0,120000.0,0.0,0.0,3.0,1
199.0,7982,2.2361809045226133,1.292922948073702,12.5,12.0,120000.0,20000.0,18.0,3.0,0,0,0.022727272727272728,0.9493329166666671,2.325089719602797,1.2956684407751604,12.5,12.0,120000.0,20000.0,19.0,3.0,0
203.0,1417,2.2495894909688015,1.2674466338259442,0.0,8.0,80000.0,0.0,0.0,5.0,2,1,0.022727272727272728,-4.945833333333334,2.3376623376623376,1.2936282467532467,0.0,8.0,80000.0,0.0,0.0,5.0,1
199.0,2309,2.2361809045226133,1.292922948073702,0.0,8.0,80000.0,0.0,0.0,5.0,3,1,0.022727272727272728,-5.398333958333334,2.33357089841329,1.2913641039396464,0.0,8.0,80000.0,0.0,0.0,5.0,1
206.0,52,2.3300970873786406,1.29955501618123,0.0,8.0,80000.0,20000.0,5.0,2.0,3,9,0.022727272727272728,-4.98,2.3300970873786406,1.29955501618123,0.0,8.0,80000.0,20000.0,5.0,2.0,1
206.0,972,2.3300970873786406,1.29955501618123,0.0,8.0,80000.0,20000.0,21.0,1.0,3,9,0.022727272727272728,-4.98,2.3300970873786406,1.29955501618123,12.5,8.0,80000.0,20000.0,22.0,1.0,1
206.0,2752,2.3300970873786406,1.29955501618123,12.5,25.0,400000.0,20000.0,5.0,4.0,3,9,0.022727272727272728,-4.98,2.3300970873786406,1.29955501618123,12.5,25.0,400000.0,20000.0,5.0,4.0,1
206.0,4907,2.3300970873786406,1.29955501618123,0.0,25.0,400000.0,0.0,0.0,5.0,1,9,0.022727272727272728,-4.9,2.3300970873786406,1.29955501618123,0.0,25.0,400000.0,0.0,0.0,5.0,1
206.0,5288,2.3300970873786406,1.29955501618123,0.0,12.0,120000.0,20000.0,6.0,5.0,1,9,0.022727272727272728,-4.9,2.3300970873786406,1.29955501618123,0.0,12.0,120000.0,20000.0,6.0,5.0,1
206.0,9791,2.3300970873786406,1.29955501618123,0.0,12.0,120000.0,0.0,0.0,3.0,1,9,0.022727272727272728,-4.90025,2.3300970873786406,1.29955501618123,0.0,12.0,120000.0,0.0,0.0,3.0,1
206.0,10682,2.3300970873786406,1.29955501618123,0.0,12.0,120000.0,0.0,0.0,4.0,1,9,0.022727272727272728,-4.9,2.3300970873786406,1.29955501618123,0.0,12.0,120000.0,0.0,0.0,4.0,1
206.0,11130,2.3300970873786406,1.29955501618123,0.0,12.0,120000.0,0.0,0.0,4.0,1,9,0.022727272727272728,-4.9,2.3300970873786406,1.29955501618123,0.0,12.0,120000.0,0.0,0.0,4.0,1
206.0,11577,2.3300970873786406,1.29955501618123,0.0,12.0,120000.0,0.0,0.0,2.0,1,9,0.022727272727272728,-4.90025,2.3300970873786406,1.29955501618123,0.0,12.0,120000.0,0.0,0.0,2.0,1
206.0,12484,2.3300970873786406,1.29955501618123,0.0,12.0,120000.0,0.0,0.0,4.0,2,4,0.022727272727272728,-4.82,2.3300970873786406,1.29955501618123,0.0,12.0,120000.0,0.0,0.0,4.0,1
203.0,5727,2.2495894909688015,1.2674466338259442,0.0,12.0,120000.0,20000.0,5.0,2.0,2,1,0.022727272727272728,-4.925417083333333,2.3299838682596055,1.2994918709694414,0.0,12.0,120000.0,20000.0,5.0,2.0,1
190.0,3467,2.2719298245614037,1.3048245614035088,25.0,25.0,400000.0,20000.0,10.0,2.0,3,2,0.022727272727272728,-5.316533533333333,2.320783797022444,1.294360754849757,12.5,25.0,400000.0,20000.0,11.0,2.0,1
202.0,12482,2.2194719471947195,1.2737211221122113,0.0,12.0,120000.0,0.0,0.0,4.0,2,1,0.022727272727272728,0.9516666666666667,2.318840579710145,1.2932769726247986,0.0,12.0,120000.0,0.0,0.0,4.0,0
201.0,7531,2.2139303482587063,1.2800580431177448,0.0,12.0,120000.0,20000.0,7.0,5.0,0,0,0.022727272727272728,0.91,2.318840579710145,1.2932769726247986,0.0,12.0,120000.0,20000.0,7.0,5.0,0
207.0,502,2.318840579710145,1.2932769726247986,0.0,8.0,80000.0,20000.0,15.0,4.0,2,7,0.022727272727272728,-4.84,2.318840579710145,1.2932769726247986,0.0,8.0,80000.0,20000.0,15.0,4.0,1
207.0,1419,2.318840579710145,1.2932769726247986,0.0,8.0,80000.0,0.0,0.0,5.0,2,7,0.022727272727272728,-4.84,2.318840579710145,1.2932769726247986,0.0,8.0,80000.0,0.0,0.0,5.0,1
207.0,3099,2.318840579710145,1.2932769726247986,0.0,25.0,400000.0,0.0,0.0,5.0,1,2,0.022727272727272728,-4.80025,2.318840579710145,1.2932769726247986,0.0,25.0,400000.0,0.0,0.0,5.0,1
207.0,3824,2.318840579710145,1.2932769726247986,0.0,25.0,400000.0,20000.0,10.0,0.0,2,7,0.022727272727272728,-4.8,2.318840579710145,1.2932769726247986,0.0,25.0,400000.0,20000.0,10.0,0.0,1
207.0,5729,2.318840579710145,1.2932769726247986,0.0,12.0,120000.0,20000.0,5.0,2.0,2,7,0.022727272727272728,-4.8,2.318840579710145,1.2932769726247986,0.0,12.0,120000.0,20000.0,5.0,2.0,1
207.0,7534,2.318840579710145,1.2932769726247986,0.0,12.0,120000.0,20000.0,7.0,5.0,2,10,0.022727272727272728,-4.8,2.318840579710145,1.2932769726247986,0.0,12.0,120000.0,20000.0,7.0,5.0,1
207.0,7986,2.318840579710145,1.2932769726247986,12.5,12.0,120000.0,20000.0,19.0,3.0,2,10,0.022727272727272728,-4.8,2.318840579710145,1.2932769726247986,12.5,12.0,120000.0,20000.0,19.0,3.0,1
207.0,8420,2.318840579710145,1.2932769726247986,0.0,12.0,120000.0,20000.0,34.0,1.0,3,9,0.022727272727272728,-4.98,2.318840579710145,1.2932769726247986,0.0,12.0,120000.0,20000.0,34.0,1.0,1
207.0,8886,2.318840579710145,1.2932769726247986,0.0,12.0,120000.0,0.0,0.0,3.0,2,2,0.022727272727272728,-4.8,2.318840579710145,1.2932769726247986,0.0,12.0,120000.0,0.0,0.0,3.0,1
207.0,9338,2.318840579710145,1.2932769726247986,0.0,12.0,120000.0,0.0,0.0,6.0,3,1,0.022727272727272728,-4.98,2.318840579710145,1.2932769726247986,0.0,12.0,120000.0,0.0,0.0,6.0,1
207.0,10231,2.318840579710145,1.2932769726247986,0.0,12.0,120000.0,0.0,0.0,2.0,2,1,0.022727272727272728,-4.8,2.318840579710145,1.2932769726247986,0.0,12.0,120000.0,0.0,0.0,2.0,1
201.0,7983,2.2139303482587063,1.2800580431177448,25.0,12.0,120000.0,20000.0,20.0,3.0,0,0,0.022727272727272728,0.9495829166666669,2.31872845182704,1.2932144360233273,0.0,12.0,120000.0,20000.0,18.0,3.0,0
204.0,51,2.2549019607843137,1.3020833333333335,0.0,8.0,80000.0,20000.0,5.0,2.0,2,4,0.022727272727272728,-5.008333333333334,2.315112540192926,1.2911977491961415,0.0,8.0,80000.0,20000.0,5.0,2.0,1
208.0,4545,2.307692307692308,1.3020833333333335,12.5,25.0,400000.0,20000.0,10.0,3.0,3,4,0.022727272727272728,-4.98,2.307692307692308,1.3020833333333335,12.5,25.0,400000.0,20000.0,10.0,3.0,1
208.0,5289,2.307692307692308,1.3020833333333335,0.0,12.0,120000.0,20000.0,6.0,5.0,3,4,0.022727272727272728,-4.98,2.307692307692308,1.3020833333333335,0.0,12.0,120000.0,20000.0,6.0,5.0,1
208.0,9792,2.307692307692308,1.3020833333333335,0.0,12.0,120000.0,0.0,0.0,3.0,3,4,0.022727272727272728,-4.98,2.307692307692308,1.3020833333333335,0.0,12.0,120000.0,0.0,0.0,3.0,1
208.0,10683,2.307692307692308,1.3020833333333335,0.0,12.0,120000.0,0.0,0.0,4.0,3,4,0.022727272727272728,-4.98,2.307692307692308,1.3020833333333335,0.0,12.0,120000.0,0.0,0.0,4.0,1
208.0,11131,2.307692307692308,1.3020833333333335,0.0,12.0,120000.0,0.0,0.0,4.0,3,4,0.022727272727272728,-4.98,2.307692307692308,1.3020833333333335,0.0,12.0,120000.0,0.0,0.0,4.0,1
208.0,11578,2.307692307692308,1.3020833333333335,0.0,12.0,120000.0,0.0,0.0,2.0,3,4,0.022727272727272728,-4.98,2.307692307692308,1.3020833333333335,0.0,12.0,120000.0,0.0,0.0,2.0,1
208.0,12035,2.307692307692308,1.3020833333333335,0.0,12.0,120000.0,0.0,0.0,1.0,1,5,0.022727272727272728,-4.82,2.307692307692308,1.3020833333333335,0.0,12.0,120000.0,0.0,0.0,1.0,1
208.0,12485,2.307692307692308,1.3020833333333335,0.0,12.0,120000.0,0.0,0.0,4.0,1,5,0.022727272727272728,-4.82,2.307692307692308,1.3020833333333335,0.0,12.0,120000.0,0.0,0.0,4.0,1
209.0,1420,2.2966507177033493,1.3456937799043063,0.0,8.0,80000.0,0.0,0.0,5.0,2,5,0.022727272727272728,-4.88,2.2966507177033493,1.3456937799043063,0.0,8.0,80000.0,0.0,0.0,5.0,1
209.0,2314,2.2966507177033493,1.3456937799043063,0.0,8.0,80000.0,0.0,0.0,5.0,2,10,0.022727272727272728,-4.88,2.2966507177033493,1.3456937799043063,0.0,8.0,80000.0,0.0,0.0,5.0,1
209.0,2753,2.2966507177033493,1.3456937799043063,12.5,25.0,400000.0,20000.0,5.0,4.0,2,10,0.022727272727272728,-4.88,2.2966507177033493,1.3456937799043063,12.5,25.0,400000.0,20000.0,5.0,4.0,1
209.0,5730,2.2966507177033493,1.3456937799043063,0.0,12.0,120000.0,20000.0,5.0,2.0,2,4,0.022727272727272728,-4.8,2.2966507177033493,1.3456937799043063,0.0,12.0,120000.0,20000.0,5.0,2.0,1
209.0,6632,2.2966507177033493,1.3456937799043063,25.0,12.0,120000.0,20000.0,11.0,5.0,3,6,0.022727272727272728,-4.98,2.2966507177033493,1.3456937799043063,25.0,12.0,120000.0,20000.0,11.0,5.0,1
209.0,7088,2.2966507177033493,1.3456937799043063,12.5,12.0,120000.0,20000.0,10.0,4.0,2,7,0.022727272727272728,-4.8,2.2966507177033493,1.3456937799043063,12.5,12.0,120000.0,20000.0,10.0,4.0,1
209.0,7535,2.2966507177033493,1.3456937799043063,0.0,12.0,120000.0,20000.0,7.0,5.0,3,8,0.022727272727272728,-4.98,2.2966507177033493,1.3456937799043063,0.0,12.0,120000.0,20000.0,7.0,5.0,1
209.0,7987,2.2966507177033493,1.3456937799043063,0.0,12.0,120000.0,20000.0,19.0,3.0,1,6,0.022727272727272728,-4.8,2.2966507177033493,1.3456937799043063,0.0,12.0,120000.0,20000.0,19.0,3.0,1
209.0,8421,2.2966507177033493,1.3456937799043063,0.0,12.0,120000.0,20000.0,34.0,1.0,2,2,0.022727272727272728,-4.8,2.2966507177033493,1.3456937799043063,0.0,12.0,120000.0,20000.0,35.0,1.0,1
209.0,8887,2.2966507177033493,1.3456937799043063,0.0,12.0,120000.0,0.0,0.0,3.0,2,2,0.022727272727272728,-4.8,2.2966507177033493,1.3456937799043063,0.0,12.0,120000.0,0.0,0.0,3.0,1
209.0,9339,2.2966507177033493,1.3456937799043063,0.0,12.0,120000.0,0.0,0.0,6.0,1,9,0.022727272727272728,-4.8,2.2966507177033493,1.3456937799043063,0.0,12.0,120000.0,0.0,0.0,6.0,1
209.0,10232,2.2966507177033493,1.3456937799043063,0.0,12.0,120000.0,0.0,0.0,2.0,1,9,0.022727272727272728,-4.8,2.2966507177033493,1.3456937799043063,0.0,12.0,120000.0,0.0,0.0,2.0,1
205.0,7985,2.3252032520325203,1.295731707317073,25.0,12.0,120000.0,20000.0,20.0,3.0,1,1,0.022727272727272728,-4.966666666666667,2.2966507177033493,1.3456937799043063,0.0,12.0,120000.0,20000.0,19.0,3.0,1
210.0,54,2.2857142857142856,1.349206349206349,0.0,8.0,80000.0,20000.0,5.0,2.0,2,4,0.022727272727272728,-4.84,2.2857142857142856,1.349206349206349,0.0,8.0,80000.0,20000.0,5.0,2.0,1
210.0,974,2.2857142857142856,1.349206349206349,25.0,8.0,80000.0,20000.0,23.0,1.0,2,4,0.022727272727272728,-4.84,2.2857142857142856,1.349206349206349,25.0,8.0,80000.0,20000.0,23.0,1.0,1
210.0,3825,2.2857142857142856,1.349206349206349,0.0,25.0,400000.0,20000.0,11.0,0.0,2,4,0.022727272727272728,-4.84,2.2857142857142856,1.349206349206349,12.5,25.0,400000.0,20000.0,11.0,0.0,1
210.0,5290,2.2857142857142856,1.349206349206349,0.0,12.0,120000.0,20000.0,6.0,5.0,2,4,0.022727272727272728,-4.84,2.2857142857142856,1.349206349206349,0.0,12.0,120000.0,20000.0,6.0,5.0,1
210.0,9793,2.2857142857142856,1.349206349206349,0.0,12.0,120000.0,0.0,0.0,3.0,2,5,0.022727272727272728,-4.84,2.2857142857142856,1.349206349206349,0.0,12.0,120000.0,0.0,0.0,3.0,1
210.0,10684,2.2857142857142856,1.349206349206349,0.0,12.0,120000.0,0.0,0.0,4.0,2,5,0.022727272727272728,-4.84,2.2857142857142856,1.349206349206349,0.0,12.0,120000.0,0.0,0.0,4.0,1
210.0,11132,2.2857142857142856,1.349206349206349,0.0,12.0,120000.0,0.0,0.0,4.0,2,5,0.022727272727272728,-4.84,2.2857142857142856,1.349206349206349,0.0,12.0,120000.0,0.0,0.0,4.0,1
210.0,11579,2.2857142857142856,1.349206349206349,0.0,12.0,120000.0,0.0,0.0,2.0,2,5,0.022727272727272728,-4.84,2.2857142857142856,1.349206349206349,0.0,12.0,120000.0,0.0,0.0,2.0,1
210.0,12036,2.2857142857142856,1.349206349206349,0.0,12.0,120000.0,0.0,0.0,1.0,2,5,0.022727272727272728,-4.84,2.2857142857142856,1.349206349206349,0.0,12.0,120000.0,0.0,0.0,1.0,1
210.0,12486,2.2857142857142856,1.349206349206349,0.0,12.0,120000.0,0.0,0.0,4.0,2,5,0.022727272727272728,-4.84,2.2857142857142856,1.349206349206349,0.0,12.0,120000.0,0.0,0.0,4.0,1
206.0,12034,2.3300970873786406,1.29955501618123,0.0,12.0,120000.0,0.0,0.0,1.0,2,4,0.022727272727272728,-5.006666666666666,2.2857142857142856,1.349206349206349,0.0,12.0,120000.0,0.0,0.0,1.0,1
207.0,2313,2.318840579710145,1.2932769726247986,0.0,8.0,80000.0,0.0,0.0,5.0,1,2,0.022727272727272728,0.89,2.2748815165876777,1.3526856240126384,0.0,8.0,80000.0,0.0,0.0,5.0,0
205.0,6630,2.3252032520325203,1.295731707317073,0.0,12.0,120000.0,20000.0,9.0,5.0,1,7,0.022727272727272728,0.88975,2.2748815165876777,1.3526856240126384,12.5,12.0,120000.0,20000.0,10.0,5.0,0
211.0,504,2.2748815165876777,1.3526856240126384,12.5,8.0,80000.0,20000.0,16.0,4.0,3,9,0.022727272727272728,-4.98,2.2748815165876777,1.3526856240126384,12.5,8.0,80000.0,20000.0,16.0,4.0,1
211.0,1421,2.2748815165876777,1.3526856240126384,0.0,8.0,80000.0,0.0,0.0,5.0,3,9,0.022727272727272728,-4.98,2.2748815165876777,1.3526856240126384,0.0,8.0,80000.0,0.0,0.0,5.0,1
211.0,2315,2.2748815165876777,1.3526856240126384,0.0,8.0,80000.0,0.0,0.0,5.0,3,2,0.022727272727272728,-4.9399999999999995,2.2748815165876777,1.3526856240126384,0.0,8.0,80000.0,0.0,0.0,5.0,1
211.0,3108,2.2748815165876777,1.3526856240126384,0.0,25.0,400000.0,0.0,0.0,5.0,3,2,0.022727272727272728,-4.9399999999999995,2.2748815165876777,1.3526856240126384,0.0,25.0,400000.0,0.0,0.0,5.0,1
211.0,3474,2.2748815165876777,1.3526856240126384,25.0,25.0,400000.0,20000.0,12.0,2.0,3,2,0.022727272727272728,-4.9399999999999995,2.2748815165876777,1.3526856240126384,25.0,25.0,400000.0,20000.0,12.0,2.0,1
211.0,4188,2.2748815165876777,1.3526856240126384,0.0,25.0,400000.0,0.0,0.0,1.0,3,2,0.022727272727272728,-4.9399999999999995,2.2748815165876777,1.3526856240126384,0.0,25.0,400000.0,0.0,0.0,1.0,1
211.0,4546,2.2748815165876777,1.3526856240126384,12.5,25.0,400000.0,20000.0,10.0,3.0,3,2,0.022727272727272728,-4.9399999999999995,2.2748815165876777,1.3526856240126384,12.5,25.0,400000.0,20000.0,10.0,3.0,1
211.0,5731,2.2748815165876777,1.3526856240126384,0.0,12.0,120000.0,20000.0,5.0,2.0,2,4,0.022727272727272728,-4.82,2.2748815165876777,1.3526856240126384,0.0,12.0,120000.0,20000.0,5.0,2.0,1
211.0,6170,2.2748815165876777,1.3526856240126384,0.0,12.0,120000.0,20000.0,26.0,3.0,3,4,0.022727272727272728,-4.9399999999999995,2.2748815165876777,1.3526856240126384,0.0,12.0,120000.0,20000.0,27.0,3.0,1
211.0,6633,2.2748815165876777,1.3526856240126384,12.5,12.0,120000.0,20000.0,10.0,5.0,3,5,0.022727272727272728,-4.9399999999999995,2.2748815165876777,1.3526856240126384,12.5,12.0,120000.0,20000.0,10.0,5.0,1
211.0,7089,2.2748815165876777,1.3526856240126384,12.5,12.0,120000.0,20000.0,10.0,4.0,1,7,0.022727272727272728,-4.82,2.2748815165876777,1.3526856240126384,12.5,12.0,120000.0,20000.0,10.0,4.0,1
211.0,8888,2.2748815165876777,1.3526856240126384,0.0,12.0,120000.0,0.0,0.0,3.0,1,1,0.022727272727272728,-4.8,2.2748815165876777,1.3526856240126384,0.0,12.0,120000.0,0.0,0.0,3.0,1
211.0,9340,2.2748815165876777,1.3526856240126384,0.0,12.0,120000.0,0.0,0.0,6.0,1,1,0.022727272727272728,-4.8,2.2748815165876777,1.3526856240126384,0.0,12.0,120000.0,0.0,0.0,6.0,1
211.0,10233,2.2748815165876777,1.3526856240126384,0.0,12.0,120000.0,0.0,0.0,2.0,1,1,0.022727272727272728,-4.8,2.2748815165876777,1.3526856240126384,0.0,12.0,120000.0,0.0,0.0,2.0,1
203.0,500,2.2495894909688015,1.2674466338259442,0.0,8.0,80000.0,20000.0,15.0,4.0,2,1,0.022727272727272728,-3.3208333333333337,2.271293375394322,1.350552050473186,12.5,8.0,80000.0,20000.0,16.0,4.0,1
208.0,973,2.307692307692308,1.3020833333333335,12.5,8.0,80000.0,20000.0,22.0,1.0,0,0,0.022727272727272728,0.93,2.2641509433962264,1.3610455974842768,0.0,8.0,80000.0,20000.0,21.0,1.0,0
212.0,55,2.2641509433962264,1.3610455974842768,0.0,8.0,80000.0,20000.0,5.0,2.0,1,7,0.022727272727272728,-4.82,2.2641509433962264,1.3610455974842768,0.0,8.0,80000.0,20000.0,5.0,2.0,1
212.0,2754,2.2641509433962264,1.3610455974842768,12.5,25.0,400000.0,20000.0,5.0,4.0,1,7,0.022727272727272728,-4.82,2.2641509433962264,1.3610455974842768,12.5,25.0,400000.0,20000.0,5.0,4.0,1
212.0,4909,2.2641509433962264,1.3610455974842768,0.0,25.0,400000.0,0.0,0.0,5.0,1,7,0.022727272727272728,-4.82,2.2641509433962264,1.3610455974842768,0.0,25.0,400000.0,0.0,0.0,5.0,1
212.0,9794,2.2641509433962264,1.3610455974842768,0.0,12.0,120000.0,0.0,0.0,3.0,2,3,0.022727272727272728,-4.82,2.2641509433962264,1.3610455974842768,0.0,12.0,120000.0,0.0,0.0,3.0,1
212.0,10685,2.2641509433962264,1.3610455974842768,0.0,12.0,120000.0,0.0,0.0,4.0,2,3,0.022727272727272728,-4.82,2.2641509433962264,1.3610455974842768,0.0,12.0,120000.0,0.0,0.0,4.0,1
212.0,11133,2.2641509433962264,1.3610455974842768,0.0,12.0,120000.0,0.0,0.0,4.0,2,10,0.022727272727272728,-4.82,2.2641509433962264,1.3610455974842768,0.0,12.0,120000.0,0.0,0.0,4.0,1
212.0,11580,2.2641509433962264,1.3610455974842768,0.0,12.0,120000.0,0.0,0.0,2.0,2,10,0.022727272727272728,-4.82,2.2641509433962264,1.3610455974842768,0.0,12.0,120000.0,0.0,0.0,2.0,1
212.0,12037,2.2641509433962264,1.3610455974842768,0.0,12.0,120000.0,0.0,0.0,1.0,2,10,0.022727272727272728,-4.82,2.2641509433962264,1.3610455974842768,0.0,12.0,120000.0,0.0,0.0,1.0,1
212.0,12487,2.2641509433962264,1.3610455974842768,0.0,12.0,120000.0,0.0,0.0,4.0,2,10,0.022727272727272728,-4.82,2.2641509433962264,1.3610455974842768,0.0,12.0,120000.0,0.0,0.0,4.0,1
203.0,2311,2.2495894909688015,1.2674466338259442,0.0,8.0,80000.0,0.0,0.0,5.0,2,1,0.022727272727272728,-3.3839589583333316,2.2604899803546155,1.3588448883642112,0.0,8.0,80000.0,0.0,0.0,5.0,1
209.0,503,2.2966507177033493,1.3456937799043063,0.0,8.0,80000.0,20000.0,15.0,4.0,0,0,0.022727272727272728,0.91,2.2535211267605635,1.3546557120500782,0.0,8.0,80000.0,20000.0,15.0,4.0,0
207.0,7087,2.318840579710145,1.2932769726247986,0.0,12.0,120000.0,20000.0,9.0,4.0,0,0,0.022727272727272728,0.91,2.2535211267605635,1.3546557120500782,0.0,12.0,120000.0,20000.0,10.0,4.0,0
213.0,1851,2.2535211267605635,1.3546557120500782,0.0,8.0,80000.0,0.0,0.0,4.0,1,4,0.022727272727272728,-4.8,2.2535211267605635,1.3546557120500782,0.0,8.0,80000.0,0.0,0.0,4.0,1
213.0,2316,2.2535211267605635,1.3546557120500782,0.0,8.0,80000.0,0.0,0.0,5.0,1,4,0.022727272727272728,-4.8,2.2535211267605635,1.3546557120500782,0.0,8.0,80000.0,0.0,0.0,5.0,1
213.0,7989,2.2535211267605635,1.3546557120500782,0.0,12.0,120000.0,20000.0,19.0,3.0,2,10,0.022727272727272728,-4.8,2.2535211267605635,1.3546557120500782,0.0,12.0,120000.0,20000.0,19.0,3.0,1
213.0,8423,2.2535211267605635,1.3546557120500782,12.5,12.0,120000.0,20000.0,37.0,1.0,2,10,0.022727272727272728,-4.8,2.2535211267605635,1.3546557120500782,12.5,12.0,120000.0,20000.0,37.0,1.0,1
213.0,8889,2.2535211267605635,1.3546557120500782,0.0,12.0,120000.0,0.0,0.0,3.0,2,10,0.022727272727272728,-4.8,2.2535211267605635,1.3546557120500782,0.0,12.0,120000.0,0.0,0.0,3.0,1
213.0,9341,2.2535211267605635,1.3546557120500782,0.0,12.0,120000.0,0.0,0.0,6.0,2,10,0.022727272727272728,-4.8,2.2535211267605635,1.3546557120500782,0.0,12.0,120000.0,0.0,0.0,6.0,1
213.0,10234,2.2535211267605635,1.3546557120500782,0.0,12.0,120000.0,0.0,0.0,2.0,2,10,0.022727272727272728,-4.8,2.2535211267605635,1.3546557120500782,0.0,12.0,120000.0,0.0,0.0,2.0,1
207.0,6631,2.318840579710145,1.2932769726247986,12.5,12.0,120000.0,20000.0,10.0,5.0,0,0,0.022727272727272728,0.9493329166666671,2.253415226824317,1.354592052583194,12.5,12.0,120000.0,20000.0,10.0,5.0,0
193.0,3468,2.262521588946459,1.30073402417962,12.5,25.0,400000.0,20000.0,9.0,2.0,1,3,0.022727272727272728,0.7995498000000001,2.253415226824317,1.354592052583194,12.5,25.0,400000.0,20000.0,11.0,2.0,0
211.0,1850,2.2748815165876777,1.3526856240126384,0.0,8.0,80000.0,0.0,0.0,4.0,3,2,0.022727272727272728,-5.108333958333333,2.26180809282111,1.3502604347229472,0.0,8.0,80000.0,0.0,0.0,4.0,1
205.0,8885,2.3252032520325203,1.295731707317073,0.0,12.0,120000.0,0.0,0.0,3.0,1,1,0.022727272727272728,0.785,2.258566978193146,1.3970015576323986,0.0,12.0,120000.0,0.0,0.0,3.0,0
214.0,56,2.258566978193146,1.3970015576323986,0.0,8.0,80000.0,20000.0,5.0,2.0,1,6,0.022727272727272728,-4.84,2.258566978193146,1.3970015576323986,0.0,8.0,80000.0,20000.0,5.0,2.0,1
214.0,3109,2.258566978193146,1.3970015576323986,0.0,25.0,400000.0,0.0,0.0,5.0,1,6,0.022727272727272728,-4.84,2.258566978193146,1.3970015576323986,0.0,25.0,400000.0,0.0,0.0,5.0,1
214.0,4189,2.258566978193146,1.3970015576323986,0.0,25.0,400000.0,0.0,0.0,1.0,1,6,0.022727272727272728,-4.8405000000000005,2.258566978193146,1.3970015576323986,0.0,25.0,400000.0,0.0,0.0,1.0,1
214.0,4547,2.258566978193146,1.3970015576323986,12.5,25.0,400000.0,20000.0,10.0,3.0,2,3,0.022727272727272728,-4.84,2.258566978193146,1.3970015576323986,12.5,25.0,400000.0,20000.0,10.0,3.0,1
214.0,5292,2.258566978193146,1.3970015576323986,12.5,12.0,120000.0,20000.0,7.0,5.0,2,3,0.022727272727272728,-4.84,2.258566978193146,1.3970015576323986,12.5,12.0,120000.0,20000.0,7.0,5.0,1
214.0,10686,2.258566978193146,1.3970015576323986,0.0,12.0,120000.0,0.0,0.0,4.0,2,3,0.022727272727272728,-4.84,2.258566978193146,1.3970015576323986,0.0,12.0,120000.0,0.0,0.0,4.0,1
214.0,11134,2.258566978193146,1.3970015576323986,0.0,12.0,120000.0,0.0,0.0,4.0,2,3,0.022727272727272728,-4.84,2.258566978193146,1.3970015576323986,0.0,12.0,120000.0,0.0,0.0,4.0,1
214.0,11581,2.258566978193146,1.3970015576323986,0.0,12.0,120000.0,0.0,0.0,2.0,2,3,0.022727272727272728,-4.84,2.258566978193146,1.3970015576323986,0.0,12.0,120000.0,0.0,0.0,2.0,1
214.0,12038,2.258566978193146,1.3970015576323986,0.0,12.0,120000.0,0.0,0.0,1.0,2,3,0.022727272727272728,-4.84,2.258566978193146,1.3970015576323986,0.0,12.0,120000.0,0.0,0.0,1.0,1
214.0,12488,2.258566978193146,1.3970015576323986,0.0,12.0,120000.0,0.0,0.0,4.0,1,4,0.022727272727272728,-4.84,2.258566978193146,1.3970015576323986,0.0,12.0,120000.0,0.0,0.0,4.0,1
211.0,7988,2.2748815165876777,1.3526856240126384,0.0,12.0,120000.0,20000.0,19.0,3.0,2,1,0.022727272727272728,0.9113333333333333,2.248062015503876,1.4389534883720931,0.0,12.0,120000.0,20000.0,19.0,3.0,0
215.0,1852,2.248062015503876,1.4389534883720931,0.0,8.0,80000.0,0.0,0.0,4.0,1,4,0.022727272727272728,-4.84,2.248062015503876,1.4389534883720931,0.0,8.0,80000.0,0.0,0.0,4.0,1
215.0,2317,2.248062015503876,1.4389534883720931,0.0,8.0,80000.0,0.0,0.0,5.0,1,4,0.022727272727272728,-4.84,2.248062015503876,1.4389534883720931,0.0,8.0,80000.0,0.0,0.0,5.0,1
215.0,2755,2.248062015503876,1.4389534883720931,12.5,25.0,400000.0,20000.0,5.0,4.0,1,4,0.022727272727272728,-4.84,2.248062015503876,1.4389534883720931,12.5,25.0,400000.0,20000.0,5.0,4.0,1
215.0,4910,2.248062015503876,1.4389534883720931,0.0,25.0,400000.0,0.0,0.0,5.0,3,10,0.022727272727272728,-4.9399999999999995,2.248062015503876,1.4389534883720931,0.0,25.0,400000.0,0.0,0.0,5.0,1
215.0,6172,2.248062015503876,1.4389534883720931,12.5,12.0,120000.0,20000.0,28.0,3.0,1,2,0.022727272727272728,-4.8,2.248062015503876,1.4389534883720931,12.5,12.0,120000.0,20000.0,28.0,3.0,1
215.0,6635,2.248062015503876,1.4389534883720931,12.5,12.0,120000.0,20000.0,10.0,5.0,2,6,0.022727272727272728,-4.8,2.248062015503876,1.4389534883720931,12.5,12.0,120000.0,20000.0,10.0,5.0,1
215.0,7091,2.248062015503876,1.4389534883720931,12.5,12.0,120000.0,20000.0,10.0,4.0,1,6,0.022727272727272728,-4.8,2.248062015503876,1.4389534883720931,12.5,12.0,120000.0,20000.0,10.0,4.0,1
215.0,7538,2.248062015503876,1.4389534883720931,25.0,12.0,120000.0,20000.0,10.0,5.0,1,6,0.022727272727272728,-4.8,2.248062015503876,1.4389534883720931,25.0,12.0,120000.0,20000.0,10.0,5.0,1
215.0,8890,2.248062015503876,1.4389534883720931,0.0,12.0,120000.0,0.0,0.0,3.0,1,1,0.022727272727272728,-4.8,2.248062015503876,1.4389534883720931,0.0,12.0,120000.0,0.0,0.0,3.0,1
215.0,9342,2.248062015503876,1.4389534883720931,0.0,12.0,120000.0,0.0,0.0,6.0,1,1,0.022727272727272728,-4.8,2.248062015503876,1.4389534883720931,0.0,12.0,120000.0,0.0,0.0,6.0,1
215.0,10235,2.248062015503876,1.4389534883720931,0.0,12.0,120000.0,0.0,0.0,2.0,1,1,0.022727272727272728,-4.8,2.248062015503876,1.4389534883720931,0.0,12.0,120000.0,0.0,0.0,2.0,1
208.0,3107,2.307692307692308,1.3020833333333335,0.0,25.0,400000.0,0.0,0.0,5.0,2,1,0.022727272727272728,-4.953533533333333,2.241008813764023,1.434438831223954,0.0,25.0,400000.0,0.0,0.0,5.0,1
196.0,4541,2.2448979591836733,1.3127125850340136,0.0,25.0,400000.0,20000.0,9.0,3.0,1,1,0.022727272727272728,0.72,2.2376543209876543,1.4322916666666665,0.0,25.0,400000.0,20000.0,10.0,3.0,0
216.0,3827,2.2376543209876543,1.4322916666666665,25.0,25.0,400000.0,20000.0,13.0,0.0,2,5,0.022727272727272728,-4.859999999999999,2.2376543209876543,1.4322916666666665,25.0,25.0,400000.0,20000.0,13.0,0.0,1
216.0,5293,2.2376543209876543,1.4322916666666665,12.5,12.0,120000.0,20000.0,7.0,5.0,2,5,0.022727272727272728,-4.859999999999999,2.2376543209876543,1.4322916666666665,12.5,12.0,120000.0,20000.0,7.0,5.0,1
216.0,10687,2.2376543209876543,1.4322916666666665,0.0,12.0,120000.0,0.0,0.0,4.0,1,5,0.022727272727272728,-4.859999999999999,2.2376543209876543,1.4322916666666665,0.0,12.0,120000.0,0.0,0.0,4.0,1
216.0,11135,2.2376543209876543,1.4322916666666665,0.0,12.0,120000.0,0.0,0.0,4.0,1,5,0.022727272727272728,-4.859999999999999,2.2376543209876543,1.4322916666666665,0.0,12.0,120000.0,0.0,0.0,4.0,1
216.0,11582,2.2376543209876543,1.4322916666666665,0.0,12.0,120000.0,0.0,0.0,2.0,3,8,0.022727272727272728,-4.9399999999999995,2.2376543209876543,1.4322916666666665,0.0,12.0,120000.0,0.0,0.0,2.0,1
216.0,12039,2.2376543209876543,1.4322916666666665,0.0,12.0,120000.0,0.0,0.0,1.0,3,8,0.022727272727272728,-4.9399999999999995,2.2376543209876543,1.4322916666666665,0.0,12.0,120000.0,0.0,0.0,1.0,1
216.0,12489,2.2376543209876543,1.4322916666666665,0.0,12.0,120000.0,0.0,0.0,4.0,1,8,0.022727272727272728,-4.859999999999999,2.2376543209876543,1.4322916666666665,0.0,12.0,120000.0,0.0,0.0,4.0,1
211.0,7536,2.2748815165876777,1.3526856240126384,0.0,12.0,120000.0,20000.0,8.0,5.0,0,0,0.022727272727272728,0.82975,2.227342549923195,1.4352918586789554,12.5,12.0,120000.0,20000.0,9.0,5.0,0
211.0,8422,2.2748815165876777,1.3526856240126384,0.0,12.0,120000.0,20000.0,35.0,1.0,1,1,0.022727272727272728,0.82975,2.227342549923195,1.4352918586789554,12.5,12.0,120000.0,20000.0,39.0,1.0,0
217.0,507,2.227342549923195,1.4352918586789554,12.5,8.0,80000.0,20000.0,16.0,4.0,1,8,0.022727272727272728,-4.92,2.227342549923195,1.4352918586789554,12.5,8.0,80000.0,20000.0,16.0,4.0,1
217.0,1853,2.227342549923195,1.4352918586789554,0.0,8.0,80000.0,0.0,0.0,4.0,2,8,0.022727272727272728,-4.82,2.227342549923195,1.4352918586789554,0.0,8.0,80000.0,0.0,0.0,4.0,1
217.0,2318,2.227342549923195,1.4352918586789554,0.0,8.0,80000.0,0.0,0.0,5.0,2,8,0.022727272727272728,-4.82,2.227342549923195,1.4352918586789554,0.0,8.0,80000.0,0.0,0.0,5.0,1
217.0,3476,2.227342549923195,1.4352918586789554,25.0,25.0,400000.0,20000.0,12.0,2.0,3,1,0.022727272727272728,-4.9399999999999995,2.227342549923195,1.4352918586789554,25.0,25.0,400000.0,20000.0,12.0,2.0,1
217.0,4190,2.227342549923195,1.4352918586789554,0.0,25.0,400000.0,0.0,0.0,1.0,2,3,0.022727272727272728,-4.8,2.227342549923195,1.4352918586789554,0.0,25.0,400000.0,0.0,0.0,1.0,1
217.0,4548,2.227342549923195,1.4352918586789554,0.0,25.0,400000.0,20000.0,11.0,3.0,2,3,0.022727272727272728,-4.8,2.227342549923195,1.4352918586789554,0.0,25.0,400000.0,20000.0,11.0,3.0,1
217.0,5734,2.227342549923195,1.4352918586789554,12.5,12.0,120000.0,20000.0,6.0,2.0,2,5,0.022727272727272728,-4.8,2.227342549923195,1.4352918586789554,12.5,12.0,120000.0,20000.0,6.0,2.0,1
217.0,6173,2.227342549923195,1.4352918586789554,12.5,12.0,120000.0,20000.0,28.0,3.0,2,5,0.022727272727272728,-4.8,2.227342549923195,1.4352918586789554,12.5,12.0,120000.0,20000.0,28.0,3.0,1
217.0,6636,2.227342549923195,1.4352918586789554,12.5,12.0,120000.0,20000.0,10.0,5.0,3,5,0.022727272727272728,-4.9399999999999995,2.227342549923195,1.4352918586789554,12.5,12.0,120000.0,20000.0,10.0,5.0,1
217.0,7092,2.227342549923195,1.4352918586789554,12.5,12.0,120000.0,20000.0,10.0,4.0,3,5,0.022727272727272728,-4.9399999999999995,2.227342549923195,1.4352918586789554,12.5,12.0,120000.0,20000.0,10.0,4.0,1
217.0,7539,2.227342549923195,1.4352918586789554,12.5,12.0,120000.0,20000.0,9.0,5.0,2,9,0.022727272727272728,-4.8,2.227342549923195,1.4352918586789554,12.5,12.0,120000.0,20000.0,9.0,5.0,1
217.0,7991,2.227342549923195,1.4352918586789554,12.5,12.0,120000.0,20000.0,20.0,3.0,2,9,0.022727272727272728,-4.8,2.227342549923195,1.4352918586789554,12.5,12.0,120000.0,20000.0,20.0,3.0,1
217.0,8891,2.227342549923195,1.4352918586789554,0.0,12.0,120000.0,0.0,0.0,3.0,1,5,0.022727272727272728,-4.8,2.227342549923195,1.4352918586789554,0.0,12.0,120000.0,0.0,0.0,3.0,1
217.0,9343,2.227342549923195,1.4352918586789554,0.0,12.0,120000.0,0.0,0.0,6.0,1,5,0.022727272727272728,-4.8,2.227342549923195,1.4352918586789554,0.0,12.0,120000.0,0.0,0.0,6.0,1
217.0,10236,2.227342549923195,1.4352918586789554,0.0,12.0,120000.0,0.0,0.0,2.0,1,5,0.022727272727272728,-4.8,2.227342549923195,1.4352918586789554,0.0,12.0,120000.0,0.0,0.0,2.0,1
217.0,11145,2.227342549923195,1.4352918586789554,0.0,12.0,120000.0,0.0,0.0,4.0,1,5,0.022727272727272728,-4.8,2.227342549923195,1.4352918586789554,0.0,12.0,120000.0,0.0,0.0,4.0,1
215.0,1423,2.248062015503876,1.4389534883720931,0.0,8.0,80000.0,0.0,0.0,5.0,1,4,0.022727272727272728,-4.945833333333334,2.2392638036809815,1.4330904907975461,0.0,8.0,80000.0,0.0,0.0,5.0,1
213.0,1422,2.2535211267605635,1.3546557120500782,0.0,8.0,80000.0,0.0,0.0,5.0,3,1,0.022727272727272728,-5.233333958333333,2.235560624935967,1.4307205198113315,0.0,8.0,80000.0,0.0,0.0,5.0,1
212.0,5291,2.2641509433962264,1.3610455974842768,0.0,12.0,120000.0,20000.0,6.0,5.0,1,7,0.022727272727272728,0.91,2.232415902140673,1.4287079510703364,0.0,12.0,120000.0,20000.0,6.0,5.0,0
218.0,58,2.232415902140673,1.4287079510703364,0.0,8.0,80000.0,20000.0,6.0,2.0,2,6,0.022727272727272728,-4.84,2.232415902140673,1.4287079510703364,12.5,8.0,80000.0,20000.0,6.0,2.0,1
218.0,2756,2.232415902140673,1.4287079510703364,12.5,25.0,400000.0,20000.0,5.0,4.0,2,6,0.022727272727272728,-4.84,2.232415902140673,1.4287079510703364,12.5,25.0,400000.0,20000.0,5.0,4.0,1
218.0,4911,2.232415902140673,1.4287079510703364,0.0,25.0,400000.0,0.0,0.0,5.0,2,6,0.022727272727272728,-4.84,2.232415902140673,1.4287079510703364,0.0,25.0,400000.0,0.0,0.0,5.0,1
218.0,5294,2.232415902140673,1.4287079510703364,0.0,12.0,120000.0,20000.0,6.0,5.0,3,10,0.022727272727272728,-4.9399999999999995,2.232415902140673,1.4287079510703364,0.0,12.0,120000.0,20000.0,6.0,5.0,1
218.0,11583,2.232415902140673,1.4287079510703364,0.0,12.0,120000.0,0.0,0.0,2.0,1,6,0.022727272727272728,-4.8,2.232415902140673,1.4287079510703364,0.0,12.0,120000.0,0.0,0.0,2.0,1
218.0,12040,2.232415902140673,1.4287079510703364,0.0,12.0,120000.0,0.0,0.0,1.0,1,6,0.022727272727272728,-4.80025,2.232415902140673,1.4287079510703364,0.0,12.0,120000.0,0.0,0.0,1.0,1
218.0,12490,2.232415902140673,1.4287079510703364,0.0,12.0,120000.0,0.0,0.0,4.0,1,6,0.022727272727272728,-4.8,2.232415902140673,1.4287079510703364,0.0,12.0,120000.0,0.0,0.0,4.0,1
208.0,53,2.307692307692308,1.3020833333333335,0.0,8.0,80000.0,20000.0,5.0,2.0,2,1,0.022727272727272728,-3.4458333333333337,2.2290076335877864,1.426526717557252,12.5,8.0,80000.0,20000.0,6.0,2.0,1
216.0,57,2.2376543209876543,1.4322916666666665,0.0,8.0,80000.0,20000.0,6.0,2.0,1,1,0.022727272727272728,-4.945833333333334,2.2290076335877864,1.426526717557252,12.5,8.0,80000.0,20000.0,6.0,2.0,1
215.0,506,2.248062015503876,1.4389534883720931,0.0,8.0,80000.0,20000.0,15.0,4.0,1,4,0.022727272727272728,0.8300000000000001,2.2222222222222223,1.431697108066971,0.0,8.0,80000.0,20000.0,15.0,4.0,0
213.0,5732,2.2535211267605635,1.3546557120500782,0.0,12.0,120000.0,20000.0,5.0,2.0,0,0,0.022727272727272728,0.8300000000000001,2.2222222222222223,1.431697108066971,0.0,12.0,120000.0,20000.0,6.0,2.0,0
213.0,6171,2.2535211267605635,1.3546557120500782,0.0,12.0,120000.0,20000.0,27.0,3.0,0,0,0.022727272727272728,0.8300000000000001,2.2222222222222223,1.431697108066971,0.0,12.0,120000.0,20000.0,27.0,3.0,0
219.0,1854,2.2222222222222223,1.431697108066971,0.0,8.0,80000.0,0.0,0.0,4.0,2,6,0.022727272727272728,-4.8,2.2222222222222223,1.431697108066971,0.0,8.0,80000.0,0.0,0.0,4.0,1
219.0,2319,2.2222222222222223,1.431697108066971,0.0,8.0,80000.0,0.0,0.0,5.0,2,10,0.022727272727272728,-4.8,2.2222222222222223,1.431697108066971,0.0,8.0,80000.0,0.0,0.0,5.0,1
219.0,3828,2.2222222222222223,1.431697108066971,25.0,25.0,400000.0,20000.0,13.0,0.0,2,10,0.022727272727272728,-4.8,2.2222222222222223,1.431697108066971,25.0,25.0,400000.0,20000.0,13.0,0.0,1
219.0,6174,2.2222222222222223,1.431697108066971,0.0,12.0,120000.0,20000.0,27.0,3.0,1,10,0.022727272727272728,-4.8,2.2222222222222223,1.431697108066971,0.0,12.0,120000.0,20000.0,27.0,3.0,1
219.0,6637,2.2222222222222223,1.431697108066971,12.5,12.0,120000.0,20000.0,10.0,5.0,3,10,0.022727272727272728,-4.92,2.2222222222222223,1.431697108066971,12.5,12.0,120000.0,20000.0,10.0,5.0,1
219.0,7093,2.2222222222222223,1.431697108066971,12.5,12.0,120000.0,20000.0,10.0,4.0,3,10,0.022727272727272728,-4.92,2.2222222222222223,1.431697108066971,12.5,12.0,120000.0,20000.0,10.0,4.0,1
219.0,7540,2.2222222222222223,1.431697108066971,12.5,12.0,120000.0,20000.0,9.0,5.0,2,7,0.022727272727272728,-4.8,2.2222222222222223,1.431697108066971,12.5,12.0,120000.0,20000.0,9.0,5.0,1
219.0,7992,2.2222222222222223,1.431697108066971,12.5,12.0,120000.0,20000.0,21.0,3.0,2,7,0.022727272727272728,-4.8,2.2222222222222223,1.431697108066971,12.5,12.0,120000.0,20000.0,21.0,3.0,1
219.0,8892,2.2222222222222223,1.431697108066971,0.0,12.0,120000.0,0.0,0.0,3.0,1,5,0.022727272727272728,-4.8,2.2222222222222223,1.431697108066971,0.0,12.0,120000.0,0.0,0.0,3.0,1
219.0,9344,2.2222222222222223,1.431697108066971,0.0,12.0,120000.0,0.0,0.0,6.0,1,5,0.022727272727272728,-4.8,2.2222222222222223,1.431697108066971,0.0,12.0,120000.0,0.0,0.0,6.0,1
219.0,10237,2.2222222222222223,1.431697108066971,0.0,12.0,120000.0,0.0,0.0,2.0,1,5,0.022727272727272728,-4.8,2.2222222222222223,1.431697108066971,0.0,12.0,120000.0,0.0,0.0,2.0,1
219.0,11146,2.2222222222222223,1.431697108066971,0.0,12.0,120000.0,0.0,0.0,4.0,1,5,0.022727272727272728,-4.8,2.2222222222222223,1.431697108066971,0.0,12.0,120000.0,0.0,0.0,4.0,1
213.0,6634,2.2535211267605635,1.3546557120500782,12.5,12.0,120000.0,20000.0,10.0,5.0,0,0,0.022727272727272728,0.9495829166666669,2.2221206540589935,1.4316316713864663,0.0,12.0,120000.0,20000.0,9.0,5.0,0
213.0,7090,2.2535211267605635,1.3546557120500782,0.0,12.0,120000.0,20000.0,9.0,4.0,0,0,0.022727272727272728,0.9495829166666669,2.2221206540589935,1.4316316713864663,0.0,12.0,120000.0,20000.0,9.0,4.0,0
213.0,7537,2.2535211267605635,1.3546557120500782,12.5,12.0,120000.0,20000.0,9.0,5.0,0,0,0.022727272727272728,0.9495829166666669,2.2221206540589935,1.4316316713864663,0.0,12.0,120000.0,20000.0,8.0,5.0,0
218.0,10688,2.232415902140673,1.4287079510703364,0.0,12.0,120000.0,0.0,0.0,4.0,3,1,0.022727272727272728,-5.001250000000001,2.2353565204213077,1.4255133742517239,0.0,12.0,120000.0,0.0,0.0,4.0,1
200.0,2750,2.225,1.2864583333333335,0.0,25.0,400000.0,20000.0,3.0,4.0,0,0,0.022727272727272728,0.76,2.234848484848485,1.4251893939393938,0.0,25.0,400000.0,20000.0,4.0,4.0,0
220.0,59,2.234848484848485,1.4251893939393938,12.5,8.0,80000.0,20000.0,6.0,2.0,3,9,0.022727272727272728,-4.96,2.234848484848485,1.4251893939393938,12.5,8.0,80000.0,20000.0,6.0,2.0,1
220.0,3111,2.234848484848485,1.4251893939393938,0.0,25.0,400000.0,0.0,0.0,5.0,3,9,0.022727272727272728,-4.96,2.234848484848485,1.4251893939393938,0.0,25.0,400000.0,0.0,0.0,5.0,1
220.0,3477,2.234848484848485,1.4251893939393938,25.0,25.0,400000.0,20000.0,12.0,2.0,3,9,0.022727272727272728,-4.96,2.234848484848485,1.4251893939393938,25.0,25.0,400000.0,20000.0,12.0,2.0,1
220.0,4191,2.234848484848485,1.4251893939393938,0.0,25.0,400000.0,0.0,0.0,1.0,3,9,0.022727272727272728,-4.96,2.234848484848485,1.4251893939393938,0.0,25.0,400000.0,0.0,0.0,1.0,1
220.0,4549,2.234848484848485,1.4251893939393938,0.0,25.0,400000.0,20000.0,12.0,3.0,3,9,0.022727272727272728,-4.96,2.234848484848485,1.4251893939393938,0.0,25.0,400000.0,20000.0,12.0,3.0,1
220.0,10689,2.234848484848485,1.4251893939393938,0.0,12.0,120000.0,0.0,0.0,4.0,3,5,0.022727272727272728,-4.96,2.234848484848485,1.4251893939393938,0.0,12.0,120000.0,0.0,0.0,4.0,1
220.0,11137,2.234848484848485,1.4251893939393938,0.0,12.0,120000.0,0.0,0.0,4.0,3,5,0.022727272727272728,-4.96,2.234848484848485,1.4251893939393938,0.0,12.0,120000.0,0.0,0.0,4.0,1
220.0,11584,2.234848484848485,1.4251893939393938,0.0,12.0,120000.0,0.0,0.0,2.0,3,8,0.022727272727272728,-4.96,2.234848484848485,1.4251893939393938,0.0,12.0,120000.0,0.0,0.0,2.0,1
220.0,12041,2.234848484848485,1.4251893939393938,0.0,12.0,120000.0,0.0,0.0,1.0,3,8,0.022727272727272728,-4.96,2.234848484848485,1.4251893939393938,0.0,12.0,120000.0,0.0,0.0,1.0,1
220.0,12491,2.234848484848485,1.4251893939393938,0.0,12.0,120000.0,0.0,0.0,4.0,3,8,0.022727272727272728,-4.96,2.234848484848485,1.4251893939393938,0.0,12.0,120000.0,0.0,0.0,4.0,1
217.0,1424,2.227342549923195,1.4352918586789554,0.0,8.0,80000.0,0.0,0.0,5.0,2,5,0.022727272727272728,-5.048333333333334,2.26928895612708,1.4230332829046897,0.0,8.0,80000.0,0.0,0.0,5.0,1
189.0,3093,2.2839506172839505,1.3007054673721339,0.0,25.0,400000.0,0.0,0.0,5.0,2,1,0.022727272727272728,-3.4539337333333333,2.265552816183345,1.4206904118149728,0.0,25.0,400000.0,0.0,0.0,5.0,1
218.0,11136,2.232415902140673,1.4287079510703364,0.0,12.0,120000.0,0.0,0.0,4.0,3,1,0.022727272727272728,0.915,2.262443438914027,1.4281674208144797,0.0,12.0,120000.0,0.0,0.0,4.0,0
215.0,7990,2.248062015503876,1.4389534883720931,0.0,12.0,120000.0,20000.0,19.0,3.0,0,0,0.022727272727272728,0.81,2.262443438914027,1.4281674208144797,0.0,12.0,120000.0,20000.0,20.0,3.0,0
221.0,509,2.262443438914027,1.4281674208144797,0.0,8.0,80000.0,20000.0,15.0,4.0,3,8,0.022727272727272728,-4.96,2.262443438914027,1.4281674208144797,0.0,8.0,80000.0,20000.0,15.0,4.0,1
221.0,2320,2.262443438914027,1.4281674208144797,0.0,8.0,80000.0,0.0,0.0,5.0,3,4,0.022727272727272728,-4.88,2.262443438914027,1.4281674208144797,0.0,8.0,80000.0,0.0,0.0,5.0,1
221.0,2757,2.262443438914027,1.4281674208144797,0.0,25.0,400000.0,20000.0,4.0,4.0,2,4,0.022727272727272728,-4.859999999999999,2.262443438914027,1.4281674208144797,0.0,25.0,400000.0,20000.0,4.0,4.0,1
221.0,4912,2.262443438914027,1.4281674208144797,0.0,25.0,400000.0,0.0,0.0,5.0,2,9,0.022727272727272728,-4.859999999999999,2.262443438914027,1.4281674208144797,0.0,25.0,400000.0,0.0,0.0,5.0,1
221.0,6175,2.262443438914027,1.4281674208144797,0.0,12.0,120000.0,20000.0,27.0,3.0,3,9,0.022727272727272728,-4.88,2.262443438914027,1.4281674208144797,0.0,12.0,120000.0,20000.0,27.0,3.0,1
221.0,6638,2.262443438914027,1.4281674208144797,0.0,12.0,120000.0,20000.0,9.0,5.0,3,9,0.022727272727272728,-4.88,2.262443438914027,1.4281674208144797,0.0,12.0,120000.0,20000.0,9.0,5.0,1
221.0,7541,2.262443438914027,1.4281674208144797,0.0,12.0,120000.0,20000.0,8.0,5.0,2,2,0.022727272727272728,-4.82,2.262443438914027,1.4281674208144797,0.0,12.0,120000.0,20000.0,8.0,5.0,1
221.0,7993,2.262443438914027,1.4281674208144797,0.0,12.0,120000.0,20000.0,20.0,3.0,3,2,0.022727272727272728,-4.88,2.262443438914027,1.4281674208144797,0.0,12.0,120000.0,20000.0,20.0,3.0,1
221.0,7995,2.262443438914027,1.4281674208144797,0.0,12.0,120000.0,20000.0,20.0,3.0,3,2,0.022727272727272728,-4.88,2.262443438914027,1.4281674208144797,0.0,12.0,120000.0,20000.0,20.0,3.0,1
221.0,8893,2.262443438914027,1.4281674208144797,0.0,12.0,120000.0,0.0,0.0,3.0,3,2,0.022727272727272728,-4.88,2.262443438914027,1.4281674208144797,0.0,12.0,120000.0,0.0,0.0,3.0,1
221.0,10238,2.262443438914027,1.4281674208144797,0.0,12.0,120000.0,0.0,0.0,2.0,3,2,0.022727272727272728,-4.88,2.262443438914027,1.4281674208144797,0.0,12.0,120000.0,0.0,0.0,2.0,1
221.0,11147,2.262443438914027,1.4281674208144797,0.0,12.0,120000.0,0.0,0.0,4.0,3,2,0.022727272727272728,-4.88,2.262443438914027,1.4281674208144797,0.0,12.0,120000.0,0.0,0.0,4.0,1
215.0,8424,2.248062015503876,1.4389534883720931,12.5,12.0,120000.0,20000.0,37.0,1.0,0,0,0.022727272727272728,0.9280829166666671,2.2623409681760567,1.428102736161136,75.0,12.0,120000.0,20000.0,42.0,1.0,0
209.0,4908,2.2966507177033493,1.3456937799043063,0.0,25.0,400000.0,0.0,0.0,5.0,2,4,0.022727272727272728,-5.0735335333333325,2.2555372424309925,1.4238078842845638,0.0,25.0,400000.0,0.0,0.0,5.0,1
213.0,505,2.2535211267605635,1.3546557120500782,0.0,8.0,80000.0,20000.0,15.0,4.0,3,1,0.022727272727272728,-3.4425,2.2522522522522523,1.4358108108108107,0.0,8.0,80000.0,20000.0,15.0,4.0,1
222.0,11138,2.2522522522522523,1.4358108108108107,0.0,12.0,120000.0,0.0,0.0,4.0,2,1,0.022727272727272728,-4.8,2.2522522522522523,1.4358108108108107,0.0,12.0,120000.0,0.0,0.0,4.0,1
222.0,11585,2.2522522522522523,1.4358108108108107,0.0,12.0,120000.0,0.0,0.0,2.0,2,1,0.022727272727272728,-4.8,2.2522522522522523,1.4358108108108107,0.0,12.0,120000.0,0.0,0.0,2.0,1
222.0,12042,2.2522522522522523,1.4358108108108107,0.0,12.0,120000.0,0.0,0.0,1.0,2,7,0.022727272727272728,-4.8,2.2522522522522523,1.4358108108108107,0.0,12.0,120000.0,0.0,0.0,1.0,1
222.0,12492,2.2522522522522523,1.4358108108108107,0.0,12.0,120000.0,0.0,0.0,4.0,2,7,0.022727272727272728,-4.8,2.2522522522522523,1.4358108108108107,0.0,12.0,120000.0,0.0,0.0,4.0,1
219.0,508,2.2222222222222223,1.431697108066971,0.0,8.0,80000.0,20000.0,15.0,4.0,2,6,0.022727272727272728,-5.008333333333334,2.2488755622188905,1.4336581709145426,0.0,8.0,80000.0,20000.0,15.0,4.0,1
223.0,1856,2.242152466367713,1.443385650224215,0.0,8.0,80000.0,0.0,0.0,4.0,3,7,0.022727272727272728,-4.92,2.242152466367713,1.443385650224215,0.0,8.0,80000.0,0.0,0.0,4.0,1
223.0,2321,2.242152466367713,1.443385650224215,0.0,8.0,80000.0,0.0,0.0,5.0,3,6,0.022727272727272728,-4.92,2.242152466367713,1.443385650224215,0.0,8.0,80000.0,0.0,0.0,5.0,1
223.0,3112,2.242152466367713,1.443385650224215,0.0,25.0,400000.0,0.0,0.0,5.0,3,6,0.022727272727272728,-4.92,2.242152466367713,1.443385650224215,0.0,25.0,400000.0,0.0,0.0,5.0,1
223.0,4550,2.242152466367713,1.443385650224215,0.0,25.0,400000.0,20000.0,12.0,3.0,3,9,0.022727272727272728,-4.84,2.242152466367713,1.443385650224215,0.0,25.0,400000.0,20000.0,12.0,3.0,1
223.0,5737,2.242152466367713,1.443385650224215,25.0,12.0,120000.0,20000.0,7.0,2.0,3,9,0.022727272727272728,-4.84,2.242152466367713,1.443385650224215,25.0,12.0,120000.0,20000.0,7.0,2.0,1
223.0,7542,2.242152466367713,1.443385650224215,0.0,12.0,120000.0,20000.0,8.0,5.0,3,5,0.022727272727272728,-4.84,2.242152466367713,1.443385650224215,0.0,12.0,120000.0,20000.0,8.0,5.0,1
223.0,7994,2.242152466367713,1.443385650224215,0.0,12.0,120000.0,20000.0,20.0,3.0,3,5,0.022727272727272728,-4.84,2.242152466367713,1.443385650224215,0.0,12.0,120000.0,20000.0,20.0,3.0,1
223.0,7996,2.242152466367713,1.443385650224215,0.0,12.0,120000.0,20000.0,20.0,3.0,1,8,0.022727272727272728,-4.82,2.242152466367713,1.443385650224215,0.0,12.0,120000.0,20000.0,20.0,3.0,1
223.0,8428,2.242152466367713,1.443385650224215,75.0,12.0,120000.0,20000.0,42.0,1.0,1,8,0.022727272727272728,-4.82,2.242152466367713,1.443385650224215,75.0,12.0,120000.0,20000.0,43.0,1.0,1
223.0,8894,2.242152466367713,1.443385650224215,0.0,12.0,120000.0,0.0,0.0,3.0,2,6,0.022727272727272728,-4.82,2.242152466367713,1.443385650224215,0.0,12.0,120000.0,0.0,0.0,3.0,1
223.0,10239,2.242152466367713,1.443385650224215,0.0,12.0,120000.0,0.0,0.0,2.0,2,6,0.022727272727272728,-4.82,2.242152466367713,1.443385650224215,0.0,12.0,120000.0,0.0,0.0,2.0,1
223.0,11148,2.242152466367713,1.443385650224215,0.0,12.0,120000.0,0.0,0.0,4.0,3,1,0.022727272727272728,-4.82,2.242152466367713,1.443385650224215,0.0,12.0,120000.0,0.0,0.0,4.0,1
217.0,8425,2.227342549923195,1.4352918586789554,12.5,12.0,120000.0,20000.0,37.0,1.0,0,0,0.022727272727272728,0.948332916666667,2.242051825386672,1.4433208625926703,62.5,12.0,120000.0,20000.0,41.0,1.0,0
217.0,8445,2.227342549923195,1.4352918586789554,12.5,12.0,120000.0,20000.0,38.0,1.0,0,0,0.022727272727272728,0.948332916666667,2.242051825386672,1.4433208625926703,62.5,12.0,120000.0,20000.0,41.0,1.0,0
221.0,1855,2.262443438914027,1.4281674208144797,0.0,8.0,80000.0,0.0,0.0,4.0,3,4,0.022727272727272728,-4.9883339583333335,2.2501042088825085,1.4389118388756108,0.0,8.0,80000.0,0.0,0.0,4.0,1
224.0,61,2.2470238095238093,1.4369419642857142,0.0,8.0,80000.0,20000.0,5.0,2.0,3,8,0.022727272727272728,-4.84,2.2470238095238093,1.4369419642857142,0.0,8.0,80000.0,20000.0,5.0,2.0,1
224.0,2758,2.2470238095238093,1.4369419642857142,0.0,25.0,400000.0,20000.0,4.0,4.0,3,8,0.022727272727272728,-4.84,2.2470238095238093,1.4369419642857142,0.0,25.0,400000.0,20000.0,5.0,4.0,1
224.0,10691,2.2470238095238093,1.4369419642857142,0.0,12.0,120000.0,0.0,0.0,4.0,2,1,0.022727272727272728,-4.8,2.2470238095238093,1.4369419642857142,0.0,12.0,120000.0,0.0,0.0,4.0,1
224.0,11139,2.2470238095238093,1.4369419642857142,0.0,12.0,120000.0,0.0,0.0,4.0,2,1,0.022727272727272728,-4.8,2.2470238095238093,1.4369419642857142,0.0,12.0,120000.0,0.0,0.0,4.0,1
224.0,11586,2.2470238095238093,1.4369419642857142,0.0,12.0,120000.0,0.0,0.0,2.0,2,1,0.022727272727272728,-4.8,2.2470238095238093,1.4369419642857142,0.0,12.0,120000.0,0.0,0.0,2.0,1
224.0,12043,2.2470238095238093,1.4369419642857142,0.0,12.0,120000.0,0.0,0.0,1.0,1,2,0.022727272727272728,-4.8,2.2470238095238093,1.4369419642857142,0.0,12.0,120000.0,0.0,0.0,1.0,1
224.0,12493,2.2470238095238093,1.4369419642857142,0.0,12.0,120000.0,0.0,0.0,4.0,1,2,0.022727272727272728,-4.8,2.2470238095238093,1.4369419642857142,0.0,12.0,120000.0,0.0,0.0,4.0,1
221.0,7094,2.262443438914027,1.4281674208144797,0.0,12.0,120000.0,20000.0,9.0,4.0,2,2,0.022727272727272728,-4.925,2.2470238095238093,1.4369419642857142,0.0,12.0,120000.0,20000.0,9.0,4.0,1
215.0,5733,2.248062015503876,1.4389534883720931,12.5,12.0,120000.0,20000.0,6.0,2.0,1,2,0.022727272727272728,-5.175,2.2470238095238093,1.4369419642857142,25.0,12.0,120000.0,20000.0,7.0,2.0,1
223.0,10695,2.242152466367713,1.443385650224215,0.0,12.0,120000.0,0.0,0.0,4.0,3,1,0.022727272727272728,-4.921250000000001,2.259761428465585,1.4308735274505444,0.0,12.0,120000.0,0.0,0.0,4.0,1
225.0,511,2.259259259259259,1.4305555555555554,12.5,8.0,80000.0,20000.0,16.0,4.0,3,9,0.022727272727272728,-4.88,2.259259259259259,1.4305555555555554,12.5,8.0,80000.0,20000.0,16.0,4.0,1
225.0,1857,2.259259259259259,1.4305555555555554,0.0,8.0,80000.0,0.0,0.0,4.0,3,9,0.022727272727272728,-4.88,2.259259259259259,1.4305555555555554,0.0,8.0,80000.0,0.0,0.0,4.0,1
225.0,2322,2.259259259259259,1.4305555555555554,0.0,8.0,80000.0,0.0,0.0,5.0,3,9,0.022727272727272728,-4.88,2.259259259259259,1.4305555555555554,0.0,8.0,80000.0,0.0,0.0,5.0,1
225.0,3830,2.259259259259259,1.4305555555555554,25.0,25.0,400000.0,20000.0,13.0,0.0,3,9,0.022727272727272728,-4.88,2.259259259259259,1.4305555555555554,25.0,25.0,400000.0,20000.0,13.0,0.0,1
225.0,5738,2.259259259259259,1.4305555555555554,25.0,12.0,120000.0,20000.0,7.0,2.0,2,4,0.022727272727272728,-4.84,2.259259259259259,1.4305555555555554,25.0,12.0,120000.0,20000.0,7.0,2.0,1
225.0,6177,2.259259259259259,1.4305555555555554,12.5,12.0,120000.0,20000.0,28.0,3.0,2,4,0.022727272727272728,-4.84,2.259259259259259,1.4305555555555554,12.5,12.0,120000.0,20000.0,28.0,3.0,1
225.0,7997,2.259259259259259,1.4305555555555554,0.0,12.0,120000.0,20000.0,21.0,3.0,2,2,0.022727272727272728,-4.8,2.259259259259259,1.4305555555555554,0.0,12.0,120000.0,20000.0,21.0,3.0,1
225.0,8429,2.259259259259259,1.4305555555555554,62.5,12.0,120000.0,20000.0,41.0,1.0,2,2,0.022727272727272728,-4.8,2.259259259259259,1.4305555555555554,62.5,12.0,120000.0,20000.0,41.0,1.0,1
225.0,8449,2.259259259259259,1.4305555555555554,62.5,12.0,120000.0,20000.0,41.0,1.0,2,8,0.022727272727272728,-4.8,2.259259259259259,1.4305555555555554,62.5,12.0,120000.0,20000.0,41.0,1.0,1
225.0,10240,2.259259259259259,1.4305555555555554,0.0,12.0,120000.0,0.0,0.0,2.0,3,3,0.022727272727272728,-4.88,2.259259259259259,1.4305555555555554,0.0,12.0,120000.0,0.0,0.0,2.0,1
225.0,10696,2.259259259259259,1.4305555555555554,0.0,12.0,120000.0,0.0,0.0,4.0,2,3,0.022727272727272728,-4.8,2.259259259259259,1.4305555555555554,0.0,12.0,120000.0,0.0,0.0,4.0,1
225.0,11149,2.259259259259259,1.4305555555555554,0.0,12.0,120000.0,0.0,0.0,4.0,2,3,0.022727272727272728,-4.8,2.259259259259259,1.4305555555555554,0.0,12.0,120000.0,0.0,0.0,4.0,1
222.0,10690,2.2522522522522523,1.4358108108108107,0.0,12.0,120000.0,0.0,0.0,4.0,2,1,0.022727272727272728,-4.925,2.259259259259259,1.4305555555555554,0.0,12.0,120000.0,0.0,0.0,4.0,1
219.0,5735,2.2222222222222223,1.431697108066971,0.0,12.0,120000.0,20000.0,5.0,2.0,1,10,0.022727272727272728,0.9493329166666671,2.259158751796568,1.4304919145597124,12.5,12.0,120000.0,20000.0,6.0,2.0,0
219.0,8426,2.2222222222222223,1.431697108066971,37.5,12.0,120000.0,20000.0,39.0,1.0,0,0,0.022727272727272728,0.9488329166666669,2.259158751796568,1.4304919145597124,37.5,12.0,120000.0,20000.0,39.0,1.0,0
219.0,8446,2.2222222222222223,1.431697108066971,37.5,12.0,120000.0,20000.0,40.0,1.0,0,0,0.022727272727272728,0.9488329166666669,2.259158751796568,1.4304919145597124,37.5,12.0,120000.0,20000.0,39.0,1.0,0
222.0,60,2.2522522522522523,1.4358108108108107,12.5,8.0,80000.0,20000.0,6.0,2.0,3,2,0.022727272727272728,-5.110833958333333,2.267087983676021,1.4261608040632954,0.0,8.0,80000.0,20000.0,5.0,2.0,1
226.0,3113,2.2640117994100297,1.4841445427728615,0.0,25.0,400000.0,0.0,0.0,5.0,3,3,0.022727272727272728,-4.88,2.2640117994100297,1.4841445427728615,0.0,25.0,400000.0,0.0,0.0,5.0,1
226.0,3479,2.2640117994100297,1.4841445427728615,25.0,25.0,400000.0,20000.0,12.0,2.0,2,3,0.022727272727272728,-4.84,2.2640117994100297,1.4841445427728615,25.0,25.0,400000.0,20000.0,12.0,2.0,1
226.0,4193,2.2640117994100297,1.4841445427728615,0.0,25.0,400000.0,0.0,0.0,1.0,2,3,0.022727272727272728,-4.84,2.2640117994100297,1.4841445427728615,0.0,25.0,400000.0,0.0,0.0,1.0,1
226.0,10692,2.2640117994100297,1.4841445427728615,0.0,12.0,120000.0,0.0,0.0,4.0,2,3,0.022727272727272728,-4.84,2.2640117994100297,1.4841445427728615,0.0,12.0,120000.0,0.0,0.0,4.0,1
226.0,11140,2.2640117994100297,1.4841445427728615,0.0,12.0,120000.0,0.0,0.0,4.0,2,3,0.022727272727272728,-4.84,2.2640117994100297,1.4841445427728615,0.0,12.0,120000.0,0.0,0.0,4.0,1
226.0,11587,2.2640117994100297,1.4841445427728615,0.0,12.0,120000.0,0.0,0.0,2.0,2,3,0.022727272727272728,-4.84,2.2640117994100297,1.4841445427728615,0.0,12.0,120000.0,0.0,0.0,2.0,1
226.0,12044,2.2640117994100297,1.4841445427728615,0.0,12.0,120000.0,0.0,0.0,1.0,3,3,0.022727272727272728,-4.88,2.2640117994100297,1.4841445427728615,0.0,12.0,120000.0,0.0,0.0,1.0,1
226.0,12494,2.2640117994100297,1.4841445427728615,0.0,12.0,120000.0,0.0,0.0,4.0,3,3,0.022727272727272728,-4.88,2.2640117994100297,1.4841445427728615,0.0,12.0,120000.0,0.0,0.0,4.0,1
223.0,510,2.242152466367713,1.443385650224215,0.0,8.0,80000.0,20000.0,15.0,4.0,0,0,0.022727272727272728,0.89,2.2540381791483113,1.4913729809104257,0.0,8.0,80000.0,20000.0,15.0,4.0,0
227.0,1858,2.2540381791483113,1.4913729809104257,0.0,8.0,80000.0,0.0,0.0,4.0,1,3,0.022727272727272728,-4.8,2.2540381791483113,1.4913729809104257,0.0,8.0,80000.0,0.0,0.0,4.0,1
227.0,2323,2.2540381791483113,1.4913729809104257,0.0,8.0,80000.0,0.0,0.0,5.0,3,5,0.022727272727272728,-4.88,2.2540381791483113,1.4913729809104257,0.0,8.0,80000.0,0.0,0.0,5.0,1
227.0,2759,2.2540381791483113,1.4913729809104257,0.0,25.0,400000.0,20000.0,6.0,4.0,3,5,0.022727272727272728,-4.88,2.2540381791483113,1.4913729809104257,0.0,25.0,400000.0,20000.0,6.0,4.0,1
227.0,4914,2.2540381791483113,1.4913729809104257,0.0,25.0,400000.0,0.0,0.0,5.0,3,6,0.022727272727272728,-4.88,2.2540381791483113,1.4913729809104257,0.0,25.0,400000.0,0.0,0.0,5.0,1
227.0,5739,2.2540381791483113,1.4913729809104257,12.5,12.0,120000.0,20000.0,6.0,2.0,3,6,0.022727272727272728,-4.88,2.2540381791483113,1.4913729809104257,12.5,12.0,120000.0,20000.0,6.0,2.0,1
227.0,7544,2.2540381791483113,1.4913729809104257,0.0,12.0,120000.0,20000.0,8.0,5.0,2,6,0.022727272727272728,-4.8,2.2540381791483113,1.4913729809104257,0.0,12.0,120000.0,20000.0,8.0,5.0,1
227.0,7998,2.2540381791483113,1.4913729809104257,0.0,12.0,120000.0,20000.0,21.0,3.0,2,6,0.022727272727272728,-4.8,2.2540381791483113,1.4913729809104257,0.0,12.0,120000.0,20000.0,21.0,3.0,1
227.0,8895,2.2540381791483113,1.4913729809104257,0.0,12.0,120000.0,0.0,0.0,3.0,2,4,0.022727272727272728,-4.8,2.2540381791483113,1.4913729809104257,0.0,12.0,120000.0,0.0,0.0,3.0,1
227.0,9795,2.2540381791483113,1.4913729809104257,0.0,12.0,120000.0,0.0,0.0,3.0,2,4,0.022727272727272728,-4.8,2.2540381791483113,1.4913729809104257,0.0,12.0,120000.0,0.0,0.0,3.0,1
227.0,10241,2.2540381791483113,1.4913729809104257,0.0,12.0,120000.0,0.0,0.0,2.0,1,1,0.022727272727272728,-4.8,2.2540381791483113,1.4913729809104257,0.0,12.0,120000.0,0.0,0.0,2.0,1
227.0,10697,2.2540381791483113,1.4913729809104257,0.0,12.0,120000.0,0.0,0.0,4.0,1,1,0.022727272727272728,-4.8,2.2540381791483113,1.4913729809104257,0.0,12.0,120000.0,0.0,0.0,4.0,1
227.0,11150,2.2540381791483113,1.4913729809104257,0.0,12.0,120000.0,0.0,0.0,4.0,3,1,0.022727272727272728,-4.88,2.2540381791483113,1.4913729809104257,0.0,12.0,120000.0,0.0,0.0,4.0,1
221.0,5736,2.262443438914027,1.4281674208144797,12.5,12.0,120000.0,20000.0,6.0,2.0,0,0,0.022727272727272728,0.9495829166666669,2.2539387873982593,1.491307218860819,0.0,12.0,120000.0,20000.0,5.0,2.0,0
221.0,8427,2.262443438914027,1.4281674208144797,62.5,12.0,120000.0,20000.0,41.0,1.0,0,0,0.022727272727272728,0.9488329166666669,2.2539387873982593,1.491307218860819,37.5,12.0,120000.0,20000.0,39.0,1.0,0
221.0,8447,2.262443438914027,1.4281674208144797,62.5,12.0,120000.0,20000.0,42.0,1.0,0,0,0.022727272727272728,0.9488329166666669,2.2539387873982593,1.491307218860819,37.5,12.0,120000.0,20000.0,39.0,1.0,0
228.0,63,2.244152046783626,1.4848318713450293,12.5,8.0,80000.0,20000.0,6.0,2.0,1,8,0.022727272727272728,-4.88,2.244152046783626,1.4848318713450293,12.5,8.0,80000.0,20000.0,6.0,2.0,1
228.0,4200,2.244152046783626,1.4848318713450293,0.0,25.0,400000.0,0.0,0.0,1.0,2,8,0.022727272727272728,-4.88,2.244152046783626,1.4848318713450293,0.0,25.0,400000.0,0.0,0.0,1.0,1
228.0,6195,2.244152046783626,1.4848318713450293,25.0,12.0,120000.0,20000.0,29.0,3.0,2,7,0.022727272727272728,-4.88,2.244152046783626,1.4848318713450293,25.0,12.0,120000.0,20000.0,29.0,3.0,1
228.0,10693,2.244152046783626,1.4848318713450293,0.0,12.0,120000.0,0.0,0.0,4.0,2,7,0.022727272727272728,-4.88,2.244152046783626,1.4848318713450293,0.0,12.0,120000.0,0.0,0.0,4.0,1
228.0,11141,2.244152046783626,1.4848318713450293,0.0,12.0,120000.0,0.0,0.0,4.0,2,7,0.022727272727272728,-4.88,2.244152046783626,1.4848318713450293,0.0,12.0,120000.0,0.0,0.0,4.0,1
228.0,11588,2.244152046783626,1.4848318713450293,0.0,12.0,120000.0,0.0,0.0,2.0,2,7,0.022727272727272728,-4.88,2.244152046783626,1.4848318713450293,0.0,12.0,120000.0,0.0,0.0,2.0,1
208.0,3473,2.307692307692308,1.3020833333333335,12.5,25.0,400000.0,20000.0,11.0,2.0,0,0,0.022727272727272728,0.7395498000000001,2.244053524960008,1.4847666848778553,12.5,25.0,400000.0,20000.0,11.0,2.0,0
225.0,7543,2.259259259259259,1.4305555555555554,0.0,12.0,120000.0,20000.0,8.0,5.0,2,1,0.022727272727272728,0.9533333333333334,2.3071324599708882,1.4783478893740905,0.0,12.0,120000.0,20000.0,8.0,5.0,0
223.0,6176,2.242152466367713,1.443385650224215,0.0,12.0,120000.0,20000.0,27.0,3.0,0,0,0.022727272727272728,0.86975,2.3071324599708882,1.4783478893740905,12.5,12.0,120000.0,20000.0,28.0,3.0,0
223.0,6639,2.242152466367713,1.443385650224215,0.0,12.0,120000.0,20000.0,9.0,5.0,0,0,0.022727272727272728,0.86975,2.3071324599708882,1.4783478893740905,12.5,12.0,120000.0,20000.0,11.0,6.0,0
229.0,1859,2.3071324599708882,1.4783478893740905,0.0,8.0,80000.0,0.0,0.0,4.0,1,10,0.022727272727272728,-4.88,2.3071324599708882,1.4783478893740905,0.0,8.0,80000.0,0.0,0.0,4.0,1
229.0,2324,2.3071324599708882,1.4783478893740905,0.0,8.0,80000.0,0.0,0.0,5.0,3,10,0.022727272727272728,-4.9,2.3071324599708882,1.4783478893740905,0.0,8.0,80000.0,0.0,0.0,5.0,1
229.0,3114,2.3071324599708882,1.4783478893740905,0.0,25.0,400000.0,0.0,0.0,5.0,3,10,0.022727272727272728,-4.9,2.3071324599708882,1.4783478893740905,0.0,25.0,400000.0,0.0,0.0,5.0,1
229.0,4194,2.3071324599708882,1.4783478893740905,0.0,25.0,400000.0,0.0,0.0,1.0,1,7,0.022727272727272728,-4.88075,2.3071324599708882,1.4783478893740905,0.0,25.0,400000.0,0.0,0.0,1.0,1
229.0,4552,2.3071324599708882,1.4783478893740905,12.5,25.0,400000.0,20000.0,13.0,3.0,1,7,0.022727272727272728,-4.88,2.3071324599708882,1.4783478893740905,12.5,25.0,400000.0,20000.0,13.0,3.0,1
229.0,5740,2.3071324599708882,1.4783478893740905,0.0,12.0,120000.0,20000.0,6.0,2.0,3,5,0.022727272727272728,-4.9,2.3071324599708882,1.4783478893740905,0.0,12.0,120000.0,20000.0,6.0,2.0,1
229.0,6179,2.3071324599708882,1.4783478893740905,12.5,12.0,120000.0,20000.0,28.0,3.0,3,5,0.022727272727272728,-4.9,2.3071324599708882,1.4783478893740905,12.5,12.0,120000.0,20000.0,28.0,3.0,1
229.0,6642,2.3071324599708882,1.4783478893740905,12.5,12.0,120000.0,20000.0,11.0,6.0,2,10,0.022727272727272728,-4.88,2.3071324599708882,1.4783478893740905,12.5,12.0,120000.0,20000.0,11.0,6.0,1
229.0,7999,2.3071324599708882,1.4783478893740905,0.0,12.0,120000.0,20000.0,21.0,3.0,2,10,0.022727272727272728,-4.88,2.3071324599708882,1.4783478893740905,0.0,12.0,120000.0,20000.0,21.0,3.0,1
229.0,8431,2.3071324599708882,1.4783478893740905,37.5,12.0,120000.0,20000.0,39.0,1.0,3,8,0.022727272727272728,-4.9,2.3071324599708882,1.4783478893740905,37.5,12.0,120000.0,20000.0,39.0,1.0,1
229.0,8451,2.3071324599708882,1.4783478893740905,37.5,12.0,120000.0,20000.0,39.0,1.0,3,8,0.022727272727272728,-4.9,2.3071324599708882,1.4783478893740905,37.5,12.0,120000.0,20000.0,39.0,1.0,1
229.0,9796,2.3071324599708882,1.4783478893740905,0.0,12.0,120000.0,0.0,0.0,3.0,3,4,0.022727272727272728,-4.82,2.3071324599708882,1.4783478893740905,0.0,12.0,120000.0,0.0,0.0,3.0,1
229.0,10242,2.3071324599708882,1.4783478893740905,0.0,12.0,120000.0,0.0,0.0,2.0,2,10,0.022727272727272728,-4.8,2.3071324599708882,1.4783478893740905,0.0,12.0,120000.0,0.0,0.0,2.0,1
229.0,10698,2.3071324599708882,1.4783478893740905,0.0,12.0,120000.0,0.0,0.0,4.0,2,10,0.022727272727272728,-4.8,2.3071324599708882,1.4783478893740905,0.0,12.0,120000.0,0.0,0.0,4.0,1
229.0,11151,2.3071324599708882,1.4783478893740905,0.0,12.0,120000.0,0.0,0.0,4.0,2,8,0.022727272727272728,-4.8,2.3071324599708882,1.4783478893740905,0.0,12.0,120000.0,0.0,0.0,4.0,1
223.0,8448,2.242152466367713,1.443385650224215,75.0,12.0,120000.0,20000.0,42.0,1.0,0,0,0.022727272727272728,0.949082916666667,2.307031615488482,1.4782832709656084,25.0,12.0,120000.0,20000.0,38.0,1.0,0
225.0,6640,2.259259259259259,1.4305555555555554,12.5,12.0,120000.0,20000.0,11.0,5.0,2,1,0.022727272727272728,-4.96708375,2.307031615488482,1.4782832709656084,12.5,12.0,120000.0,20000.0,11.0,6.0,1
226.0,62,2.2640117994100297,1.4841445427728615,0.0,8.0,80000.0,20000.0,5.0,2.0,0,0,0.022727272727272728,0.87,2.2971014492753623,1.4719202898550723,0.0,8.0,80000.0,20000.0,5.0,2.0,0
230.0,64,2.2971014492753623,1.4719202898550723,0.0,8.0,80000.0,20000.0,5.0,2.0,2,8,0.022727272727272728,-4.88,2.2971014492753623,1.4719202898550723,0.0,8.0,80000.0,20000.0,5.0,2.0,1
230.0,4915,2.2971014492753623,1.4719202898550723,0.0,25.0,400000.0,0.0,0.0,5.0,1,8,0.022727272727272728,-4.88,2.2971014492753623,1.4719202898550723,0.0,25.0,400000.0,0.0,0.0,5.0,1
230.0,6196,2.2971014492753623,1.4719202898550723,12.5,12.0,120000.0,20000.0,28.0,3.0,2,6,0.022727272727272728,-4.88,2.2971014492753623,1.4719202898550723,12.5,12.0,120000.0,20000.0,28.0,3.0,1
230.0,11142,2.2971014492753623,1.4719202898550723,0.0,12.0,120000.0,0.0,0.0,4.0,1,4,0.022727272727272728,-4.8,2.2971014492753623,1.4719202898550723,0.0,12.0,120000.0,0.0,0.0,4.0,1
230.0,11589,2.2971014492753623,1.4719202898550723,0.0,12.0,120000.0,0.0,0.0,2.0,2,3,0.022727272727272728,-4.8,2.2971014492753623,1.4719202898550723,0.0,12.0,120000.0,0.0,0.0,2.0,1
208.0,4187,2.307692307692308,1.3020833333333335,0.0,25.0,400000.0,0.0,0.0,1.0,1,1,0.022727272727272728,-5.2405,2.2971014492753623,1.4719202898550723,0.0,25.0,400000.0,0.0,0.0,1.0,1
199.0,3104,2.2361809045226133,1.292922948073702,0.0,25.0,400000.0,0.0,0.0,5.0,3,1,0.022727272727272728,-3.536533533333333,2.3105359442639815,1.466648792745691,0.0,25.0,400000.0,0.0,0.0,5.0,1
229.0,8896,2.3071324599708882,1.4783478893740905,0.0,12.0,120000.0,0.0,0.0,3.0,3,4,0.022727272727272728,-4.981667083333333,2.30920207066727,1.465802095638404,0.0,12.0,120000.0,0.0,0.0,3.0,1
231.0,1860,2.3088023088023086,1.4655483405483407,0.0,8.0,80000.0,0.0,0.0,4.0,2,7,0.022727272727272728,-4.82,2.3088023088023086,1.4655483405483407,0.0,8.0,80000.0,0.0,0.0,4.0,1
231.0,2325,2.3088023088023086,1.4655483405483407,0.0,8.0,80000.0,0.0,0.0,5.0,2,7,0.022727272727272728,-4.82,2.3088023088023086,1.4655483405483407,0.0,8.0,80000.0,0.0,0.0,5.0,1
231.0,3832,2.3088023088023086,1.4655483405483407,25.0,25.0,400000.0,20000.0,14.0,0.0,2,7,0.022727272727272728,-4.82,2.3088023088023086,1.4655483405483407,25.0,25.0,400000.0,20000.0,14.0,0.0,1
231.0,4201,2.3088023088023086,1.4655483405483407,0.0,25.0,400000.0,0.0,0.0,1.0,2,7,0.022727272727272728,-4.82,2.3088023088023086,1.4655483405483407,0.0,25.0,400000.0,0.0,0.0,1.0,1
231.0,5741,2.3088023088023086,1.4655483405483407,0.0,12.0,120000.0,20000.0,6.0,2.0,2,2,0.022727272727272728,-4.82,2.3088023088023086,1.4655483405483407,0.0,12.0,120000.0,20000.0,6.0,2.0,1
231.0,6180,2.3088023088023086,1.4655483405483407,12.5,12.0,120000.0,20000.0,28.0,3.0,2,2,0.022727272727272728,-4.82,2.3088023088023086,1.4655483405483407,12.5,12.0,120000.0,20000.0,28.0,3.0,1
231.0,6643,2.3088023088023086,1.4655483405483407,12.5,12.0,120000.0,20000.0,11.0,6.0,1,9,0.022727272727272728,-4.82,2.3088023088023086,1.4655483405483407,12.5,12.0,120000.0,20000.0,11.0,6.0,1
231.0,8000,2.3088023088023086,1.4655483405483407,0.0,12.0,120000.0,20000.0,21.0,3.0,1,9,0.022727272727272728,-4.82,2.3088023088023086,1.4655483405483407,0.0,12.0,120000.0,20000.0,21.0,3.0,1
231.0,8432,2.3088023088023086,1.4655483405483407,25.0,12.0,120000.0,20000.0,38.0,1.0,1,10,0.022727272727272728,-4.82,2.3088023088023086,1.4655483405483407,25.0,12.0,120000.0,20000.0,38.0,1.0,1
231.0,8452,2.3088023088023086,1.4655483405483407,25.0,12.0,120000.0,20000.0,38.0,1.0,1,10,0.022727272727272728,-4.82,2.3088023088023086,1.4655483405483407,25.0,12.0,120000.0,20000.0,38.0,1.0,1
231.0,8897,2.3088023088023086,1.4655483405483407,0.0,12.0,120000.0,0.0,0.0,3.0,1,10,0.022727272727272728,-4.82,2.3088023088023086,1.4655483405483407,0.0,12.0,120000.0,0.0,0.0,3.0,1
231.0,9797,2.3088023088023086,1.4655483405483407,0.0,12.0,120000.0,0.0,0.0,3.0,1,10,0.022727272727272728,-4.82,2.3088023088023086,1.4655483405483407,0.0,12.0,120000.0,0.0,0.0,3.0,1
231.0,10243,2.3088023088023086,1.4655483405483407,0.0,12.0,120000.0,0.0,0.0,2.0,3,3,0.022727272727272728,-4.9,2.3088023088023086,1.4655483405483407,0.0,12.0,120000.0,0.0,0.0,2.0,1
231.0,10699,2.3088023088023086,1.4655483405483407,0.0,12.0,120000.0,0.0,0.0,4.0,3,3,0.022727272727272728,-4.9,2.3088023088023086,1.4655483405483407,0.0,12.0,120000.0,0.0,0.0,4.0,1
231.0,11152,2.3088023088023086,1.4655483405483407,0.0,12.0,120000.0,0.0,0.0,4.0,1,7,0.022727272727272728,-4.82,2.3088023088023086,1.4655483405483407,0.0,12.0,120000.0,0.0,0.0,4.0,1
232.0,3115,2.2988505747126435,1.4592313218390804,0.0,25.0,400000.0,0.0,0.0,5.0,2,6,0.022727272727272728,-4.82,2.2988505747126435,1.4592313218390804,0.0,25.0,400000.0,0.0,0.0,5.0,1
232.0,3120,2.2988505747126435,1.4592313218390804,0.0,25.0,400000.0,0.0,0.0,5.0,2,6,0.022727272727272728,-4.82,2.2988505747126435,1.4592313218390804,0.0,25.0,400000.0,0.0,0.0,5.0,1
232.0,4195,2.2988505747126435,1.4592313218390804,0.0,25.0,400000.0,0.0,0.0,1.0,1,3,0.022727272727272728,-4.8205,2.2988505747126435,1.4592313218390804,0.0,25.0,400000.0,0.0,0.0,1.0,1
232.0,4553,2.2988505747126435,1.4592313218390804,12.5,25.0,400000.0,20000.0,13.0,3.0,1,3,0.022727272727272728,-4.82,2.2988505747126435,1.4592313218390804,12.5,25.0,400000.0,20000.0,13.0,3.0,1
232.0,4920,2.2988505747126435,1.4592313218390804,0.0,25.0,400000.0,0.0,0.0,5.0,1,9,0.022727272727272728,-4.82,2.2988505747126435,1.4592313218390804,0.0,25.0,400000.0,0.0,0.0,5.0,1
232.0,6197,2.2988505747126435,1.4592313218390804,12.5,12.0,120000.0,20000.0,28.0,3.0,1,9,0.022727272727272728,-4.82,2.2988505747126435,1.4592313218390804,12.5,12.0,120000.0,20000.0,28.0,3.0,1
232.0,10245,2.2988505747126435,1.4592313218390804,0.0,12.0,120000.0,0.0,0.0,2.0,2,9,0.022727272727272728,-4.82,2.2988505747126435,1.4592313218390804,0.0,12.0,120000.0,0.0,0.0,2.0,1
232.0,11143,2.2988505747126435,1.4592313218390804,0.0,12.0,120000.0,0.0,0.0,4.0,2,9,0.022727272727272728,-4.82,2.2988505747126435,1.4592313218390804,0.0,12.0,120000.0,0.0,0.0,4.0,1
232.0,11590,2.2988505747126435,1.4592313218390804,0.0,12.0,120000.0,0.0,0.0,2.0,2,9,0.022727272727272728,-4.82,2.2988505747126435,1.4592313218390804,0.0,12.0,120000.0,0.0,0.0,2.0,1
227.0,512,2.2540381791483113,1.4913729809104257,0.0,8.0,80000.0,20000.0,15.0,4.0,1,3,0.022727272727272728,-5.1325,2.2988505747126435,1.4592313218390804,12.5,8.0,80000.0,20000.0,17.0,4.0,1
229.0,513,2.3071324599708882,1.4783478893740905,0.0,8.0,80000.0,20000.0,15.0,4.0,1,10,0.022727272727272728,0.89,2.28898426323319,1.4619098712446352,0.0,8.0,80000.0,20000.0,16.0,4.0,0
233.0,1425,2.28898426323319,1.4619098712446352,0.0,8.0,80000.0,0.0,0.0,5.0,1,8,0.022727272727272728,-4.82,2.28898426323319,1.4619098712446352,0.0,8.0,80000.0,0.0,0.0,5.0,1
233.0,1861,2.28898426323319,1.4619098712446352,0.0,8.0,80000.0,0.0,0.0,4.0,2,8,0.022727272727272728,-4.82,2.28898426323319,1.4619098712446352,0.0,8.0,80000.0,0.0,0.0,4.0,1
233.0,4916,2.28898426323319,1.4619098712446352,0.0,25.0,400000.0,0.0,0.0,5.0,1,1,0.022727272727272728,-4.8,2.28898426323319,1.4619098712446352,0.0,25.0,400000.0,0.0,0.0,5.0,1
233.0,5742,2.28898426323319,1.4619098712446352,0.0,12.0,120000.0,20000.0,6.0,2.0,3,4,0.022727272727272728,-4.9,2.28898426323319,1.4619098712446352,0.0,12.0,120000.0,20000.0,6.0,2.0,1
233.0,6181,2.28898426323319,1.4619098712446352,12.5,12.0,120000.0,20000.0,28.0,3.0,3,4,0.022727272727272728,-4.9,2.28898426323319,1.4619098712446352,12.5,12.0,120000.0,20000.0,28.0,3.0,1
233.0,6644,2.28898426323319,1.4619098712446352,12.5,12.0,120000.0,20000.0,11.0,5.0,1,4,0.022727272727272728,-4.8,2.28898426323319,1.4619098712446352,12.5,12.0,120000.0,20000.0,11.0,5.0,1
233.0,8001,2.28898426323319,1.4619098712446352,0.0,12.0,120000.0,20000.0,21.0,2.0,1,4,0.022727272727272728,-4.8,2.28898426323319,1.4619098712446352,0.0,12.0,120000.0,20000.0,21.0,2.0,1
233.0,8433,2.28898426323319,1.4619098712446352,25.0,12.0,120000.0,20000.0,38.0,1.0,1,7,0.022727272727272728,-4.8,2.28898426323319,1.4619098712446352,25.0,12.0,120000.0,20000.0,38.0,1.0,1
233.0,8453,2.28898426323319,1.4619098712446352,25.0,12.0,120000.0,20000.0,38.0,1.0,1,7,0.022727272727272728,-4.8,2.28898426323319,1.4619098712446352,25.0,12.0,120000.0,20000.0,38.0,1.0,1
233.0,8898,2.28898426323319,1.4619098712446352,0.0,12.0,120000.0,0.0,0.0,3.0,2,8,0.022727272727272728,-4.8,2.28898426323319,1.4619098712446352,0.0,12.0,120000.0,0.0,0.0,3.0,1
233.0,9798,2.28898426323319,1.4619098712446352,0.0,12.0,120000.0,0.0,0.0,3.0,2,8,0.022727272727272728,-4.8,2.28898426323319,1.4619098712446352,0.0,12.0,120000.0,0.0,0.0,3.0,1
233.0,10244,2.28898426323319,1.4619098712446352,0.0,12.0,120000.0,0.0,0.0,2.0,3,4,0.022727272727272728,-4.9,2.28898426323319,1.4619098712446352,0.0,12.0,120000.0,0.0,0.0,2.0,1
233.0,10700,2.28898426323319,1.4619098712446352,0.0,12.0,120000.0,0.0,0.0,4.0,3,4,0.022727272727272728,-4.9,2.28898426323319,1.4619098712446352,0.0,12.0,120000.0,0.0,0.0,4.0,1
233.0,11153,2.28898426323319,1.4619098712446352,0.0,12.0,120000.0,0.0,0.0,4.0,3,7,0.022727272727272728,-4.9,2.28898426323319,1.4619098712446352,0.0,12.0,120000.0,0.0,0.0,4.0,1
230.0,10694,2.2971014492753623,1.4719202898550723,0.0,12.0,120000.0,0.0,0.0,4.0,1,4,0.022727272727272728,-4.925,2.28898426323319,1.4619098712446352,0.0,12.0,120000.0,0.0,0.0,4.0,1
227.0,6178,2.2540381791483113,1.4913729809104257,12.5,12.0,120000.0,20000.0,28.0,3.0,0,0,0.022727272727272728,0.9495829166666669,2.2888859295501227,1.4618470682868947,0.0,12.0,120000.0,20000.0,27.0,3.0,0
227.0,6641,2.2540381791483113,1.4913729809104257,12.5,12.0,120000.0,20000.0,11.0,5.0,0,0,0.022727272727272728,0.9495829166666669,2.2888859295501227,1.4618470682868947,0.0,12.0,120000.0,20000.0,10.0,5.0,0
213.0,3826,2.2535211267605635,1.3546557120500782,12.5,25.0,400000.0,20000.0,11.0,0.0,0,0,0.022727272727272728,0.7995498000000001,2.2888859295501227,1.4618470682868947,12.5,25.0,400000.0,20000.0,14.0,0.0,0
227.0,8430,2.2540381791483113,1.4913729809104257,37.5,12.0,120000.0,20000.0,39.0,1.0,0,0,0.022727272727272728,0.9495829166666669,2.2888859295501227,1.4618470682868947,0.0,12.0,120000.0,20000.0,36.0,1.0,0
227.0,8450,2.2540381791483113,1.4913729809104257,37.5,12.0,120000.0,20000.0,40.0,1.0,0,0,0.022727272727272728,0.9495829166666669,2.2888859295501227,1.4618470682868947,0.0,12.0,120000.0,20000.0,36.0,1.0,0
224.0,4913,2.2470238095238093,1.4369419642857142,0.0,25.0,400000.0,0.0,0.0,5.0,2,1,0.022727272727272728,0.9600000000000001,2.2792022792022792,1.455662393162393,0.0,25.0,400000.0,0.0,0.0,5.0,0
234.0,66,2.2792022792022792,1.455662393162393,12.5,8.0,80000.0,20000.0,6.0,2.0,3,7,0.022727272727272728,-4.9,2.2792022792022792,1.455662393162393,12.5,8.0,80000.0,20000.0,6.0,2.0,1
234.0,3833,2.2792022792022792,1.455662393162393,12.5,25.0,400000.0,20000.0,14.0,0.0,3,3,0.022727272727272728,-4.9,2.2792022792022792,1.455662393162393,12.5,25.0,400000.0,20000.0,14.0,0.0,1
234.0,4202,2.2792022792022792,1.455662393162393,0.0,25.0,400000.0,0.0,0.0,1.0,3,3,0.022727272727272728,-4.9,2.2792022792022792,1.455662393162393,0.0,25.0,400000.0,0.0,0.0,1.0,1
234.0,6198,2.2792022792022792,1.455662393162393,0.0,12.0,120000.0,20000.0,27.0,3.0,2,6,0.022727272727272728,-4.84,2.2792022792022792,1.455662393162393,0.0,12.0,120000.0,20000.0,27.0,3.0,1
234.0,6645,2.2792022792022792,1.455662393162393,0.0,12.0,120000.0,20000.0,10.0,5.0,2,6,0.022727272727272728,-4.84,2.2792022792022792,1.455662393162393,0.0,12.0,120000.0,20000.0,10.0,5.0,1
234.0,11144,2.2792022792022792,1.455662393162393,0.0,12.0,120000.0,0.0,0.0,4.0,2,3,0.022727272727272728,-4.82,2.2792022792022792,1.455662393162393,0.0,12.0,120000.0,0.0,0.0,4.0,1
214.0,3475,2.258566978193146,1.3970015576323986,12.5,25.0,400000.0,20000.0,11.0,2.0,0,0,0.022727272727272728,0.7997998000000002,2.2791047841642897,1.4556001258236775,0.0,25.0,400000.0,20000.0,10.0,2.0,0
231.0,514,2.3088023088023086,1.4655483405483407,12.5,8.0,80000.0,20000.0,17.0,4.0,2,3,0.022727272727272728,-5.008333333333334,2.275960170697013,1.453591749644381,0.0,8.0,80000.0,20000.0,16.0,4.0,1
235.0,1426,2.269503546099291,1.449468085106383,0.0,8.0,80000.0,0.0,0.0,5.0,2,6,0.022727272727272728,-4.859999999999999,2.269503546099291,1.449468085106383,0.0,8.0,80000.0,0.0,0.0,5.0,1
235.0,1862,2.269503546099291,1.449468085106383,0.0,8.0,80000.0,0.0,0.0,4.0,2,6,0.022727272727272728,-4.859999999999999,2.269503546099291,1.449468085106383,0.0,8.0,80000.0,0.0,0.0,4.0,1
235.0,2327,2.269503546099291,1.449468085106383,0.0,8.0,80000.0,0.0,0.0,5.0,1,6,0.022727272727272728,-4.859999999999999,2.269503546099291,1.449468085106383,0.0,8.0,80000.0,0.0,0.0,5.0,1
235.0,3116,2.269503546099291,1.449468085106383,0.0,25.0,400000.0,0.0,0.0,5.0,1,6,0.022727272727272728,-4.859999999999999,2.269503546099291,1.449468085106383,0.0,25.0,400000.0,0.0,0.0,5.0,1
235.0,3121,2.269503546099291,1.449468085106383,0.0,25.0,400000.0,0.0,0.0,5.0,2,4,0.022727272727272728,-4.859999999999999,2.269503546099291,1.449468085106383,0.0,25.0,400000.0,0.0,0.0,5.0,1
235.0,4196,2.269503546099291,1.449468085106383,0.0,25.0,400000.0,0.0,0.0,1.0,2,4,0.022727272727272728,-4.859999999999999,2.269503546099291,1.449468085106383,0.0,25.0,400000.0,0.0,0.0,1.0,1
235.0,4921,2.269503546099291,1.449468085106383,0.0,25.0,400000.0,0.0,0.0,5.0,3,4,0.022727272727272728,-4.9,2.269503546099291,1.449468085106383,0.0,25.0,400000.0,0.0,0.0,5.0,1
235.0,5743,2.269503546099291,1.449468085106383,0.0,12.0,120000.0,20000.0,6.0,2.0,3,9,0.022727272727272728,-4.9,2.269503546099291,1.449468085106383,0.0,12.0,120000.0,20000.0,6.0,2.0,1
235.0,6182,2.269503546099291,1.449468085106383,0.0,12.0,120000.0,20000.0,27.0,3.0,3,9,0.022727272727272728,-4.9,2.269503546099291,1.449468085106383,0.0,12.0,120000.0,20000.0,27.0,3.0,1
235.0,8002,2.269503546099291,1.449468085106383,0.0,12.0,120000.0,20000.0,21.0,2.0,3,10,0.022727272727272728,-4.9,2.269503546099291,1.449468085106383,0.0,12.0,120000.0,20000.0,21.0,2.0,1
235.0,8434,2.269503546099291,1.449468085106383,0.0,12.0,120000.0,20000.0,36.0,1.0,3,10,0.022727272727272728,-4.9,2.269503546099291,1.449468085106383,0.0,12.0,120000.0,20000.0,36.0,1.0,1
235.0,8454,2.269503546099291,1.449468085106383,0.0,12.0,120000.0,20000.0,36.0,1.0,2,6,0.022727272727272728,-4.859999999999999,2.269503546099291,1.449468085106383,0.0,12.0,120000.0,20000.0,36.0,1.0,1
235.0,8899,2.269503546099291,1.449468085106383,0.0,12.0,120000.0,0.0,0.0,3.0,2,6,0.022727272727272728,-4.859999999999999,2.269503546099291,1.449468085106383,0.0,12.0,120000.0,0.0,0.0,3.0,1
235.0,9799,2.269503546099291,1.449468085106383,0.0,12.0,120000.0,0.0,0.0,3.0,2,6,0.022727272727272728,-4.859999999999999,2.269503546099291,1.449468085106383,0.0,12.0,120000.0,0.0,0.0,3.0,1
235.0,10701,2.269503546099291,1.449468085106383,0.0,12.0,120000.0,0.0,0.0,4.0,2,6,0.022727272727272728,-4.859999999999999,2.269503546099291,1.449468085106383,0.0,12.0,120000.0,0.0,0.0,4.0,1
235.0,11154,2.269503546099291,1.449468085106383,0.0,12.0,120000.0,0.0,0.0,4.0,2,8,0.022727272727272728,-4.859999999999999,2.269503546099291,1.449468085106383,0.0,12.0,120000.0,0.0,0.0,4.0,1
234.0,11591,2.2792022792022792,1.455662393162393,0.0,12.0,120000.0,0.0,0.0,2.0,3,1,0.022727272727272728,1.0166666666666666,2.281073446327684,1.4565677966101696,0.0,12.0,120000.0,0.0,0.0,2.0,0
232.0,65,2.2988505747126435,1.4592313218390804,0.0,8.0,80000.0,20000.0,5.0,2.0,1,7,0.022727272727272728,0.89,2.281073446327684,1.4565677966101696,0.0,8.0,80000.0,20000.0,5.0,2.0,0
236.0,67,2.281073446327684,1.4565677966101696,0.0,8.0,80000.0,20000.0,5.0,2.0,2,8,0.022727272727272728,-4.859999999999999,2.281073446327684,1.4565677966101696,0.0,8.0,80000.0,20000.0,5.0,2.0,1
236.0,1875,2.281073446327684,1.4565677966101696,0.0,8.0,80000.0,0.0,0.0,4.0,2,7,0.022727272727272728,-4.859999999999999,2.281073446327684,1.4565677966101696,0.0,8.0,80000.0,0.0,0.0,4.0,1
236.0,4917,2.281073446327684,1.4565677966101696,0.0,25.0,400000.0,0.0,0.0,5.0,2,7,0.022727272727272728,-4.859999999999999,2.281073446327684,1.4565677966101696,0.0,25.0,400000.0,0.0,0.0,5.0,1
236.0,6199,2.281073446327684,1.4565677966101696,0.0,12.0,120000.0,20000.0,27.0,3.0,1,6,0.022727272727272728,-4.859999999999999,2.281073446327684,1.4565677966101696,0.0,12.0,120000.0,20000.0,27.0,3.0,1
236.0,6646,2.281073446327684,1.4565677966101696,0.0,12.0,120000.0,20000.0,11.0,5.0,1,6,0.022727272727272728,-4.859999999999999,2.281073446327684,1.4565677966101696,0.0,12.0,120000.0,20000.0,11.0,5.0,1
236.0,10247,2.281073446327684,1.4565677966101696,0.0,12.0,120000.0,0.0,0.0,2.0,1,6,0.022727272727272728,-4.859999999999999,2.281073446327684,1.4565677966101696,0.0,12.0,120000.0,0.0,0.0,2.0,1
236.0,11592,2.281073446327684,1.4565677966101696,0.0,12.0,120000.0,0.0,0.0,2.0,1,6,0.022727272727272728,-4.859999999999999,2.281073446327684,1.4565677966101696,0.0,12.0,120000.0,0.0,0.0,2.0,1
233.0,2326,2.28898426323319,1.4619098712446352,0.0,8.0,80000.0,0.0,0.0,5.0,1,1,0.022727272727272728,0.8300000000000001,2.271448663853727,1.4504219409282701,0.0,8.0,80000.0,0.0,0.0,5.0,0
237.0,1863,2.271448663853727,1.4504219409282701,0.0,8.0,80000.0,0.0,0.0,4.0,1,6,0.022727272727272728,-4.8,2.271448663853727,1.4504219409282701,0.0,8.0,80000.0,0.0,0.0,4.0,1
237.0,2328,2.271448663853727,1.4504219409282701,0.0,8.0,80000.0,0.0,0.0,5.0,1,6,0.022727272727272728,-4.8,2.271448663853727,1.4504219409282701,0.0,8.0,80000.0,0.0,0.0,5.0,1
237.0,4203,2.271448663853727,1.4504219409282701,0.0,25.0,400000.0,0.0,0.0,1.0,1,6,0.022727272727272728,-4.80025,2.271448663853727,1.4504219409282701,0.0,25.0,400000.0,0.0,0.0,1.0,1
237.0,5744,2.271448663853727,1.4504219409282701,0.0,12.0,120000.0,20000.0,6.0,2.0,2,9,0.022727272727272728,-4.8,2.271448663853727,1.4504219409282701,0.0,12.0,120000.0,20000.0,6.0,2.0,1
237.0,5745,2.271448663853727,1.4504219409282701,0.0,12.0,120000.0,20000.0,6.0,2.0,2,9,0.022727272727272728,-4.8,2.271448663853727,1.4504219409282701,0.0,12.0,120000.0,20000.0,6.0,2.0,1
237.0,6183,2.271448663853727,1.4504219409282701,0.0,12.0,120000.0,20000.0,27.0,3.0,2,10,0.022727272727272728,-4.8,2.271448663853727,1.4504219409282701,0.0,12.0,120000.0,20000.0,27.0,3.0,1
237.0,8003,2.271448663853727,1.4504219409282701,0.0,12.0,120000.0,20000.0,21.0,2.0,2,10,0.022727272727272728,-4.8,2.271448663853727,1.4504219409282701,0.0,12.0,120000.0,20000.0,21.0,2.0,1
237.0,8435,2.271448663853727,1.4504219409282701,0.0,12.0,120000.0,20000.0,36.0,1.0,3,6,0.022727272727272728,-4.9399999999999995,2.271448663853727,1.4504219409282701,0.0,12.0,120000.0,20000.0,36.0,1.0,1
237.0,8455,2.271448663853727,1.4504219409282701,0.0,12.0,120000.0,20000.0,36.0,1.0,3,6,0.022727272727272728,-4.9399999999999995,2.271448663853727,1.4504219409282701,0.0,12.0,120000.0,20000.0,36.0,1.0,1
237.0,8900,2.271448663853727,1.4504219409282701,0.0,12.0,120000.0,0.0,0.0,3.0,3,6,0.022727272727272728,-4.9399999999999995,2.271448663853727,1.4504219409282701,0.0,12.0,120000.0,0.0,0.0,3.0,1
237.0,9800,2.271448663853727,1.4504219409282701,0.0,12.0,120000.0,0.0,0.0,3.0,3,6,0.022727272727272728,-4.9399999999999995,2.271448663853727,1.4504219409282701,0.0,12.0,120000.0,0.0,0.0,3.0,1
237.0,10702,2.271448663853727,1.4504219409282701,0.0,12.0,120000.0,0.0,0.0,4.0,2,2,0.022727272727272728,-4.8,2.271448663853727,1.4504219409282701,0.0,12.0,120000.0,0.0,0.0,4.0,1
237.0,11155,2.271448663853727,1.4504219409282701,0.0,12.0,120000.0,0.0,0.0,4.0,2,2,0.022727272727272728,-4.8,2.271448663853727,1.4504219409282701,0.0,12.0,120000.0,0.0,0.0,4.0,1
238.0,1876,2.331932773109244,1.444327731092437,0.0,8.0,80000.0,0.0,0.0,4.0,3,2,0.022727272727272728,-4.9399999999999995,2.331932773109244,1.444327731092437,0.0,8.0,80000.0,0.0,0.0,4.0,1
238.0,3117,2.331932773109244,1.444327731092437,0.0,25.0,400000.0,0.0,0.0,5.0,3,9,0.022727272727272728,-4.9399999999999995,2.331932773109244,1.444327731092437,0.0,25.0,400000.0,0.0,0.0,5.0,1
238.0,3122,2.331932773109244,1.444327731092437,0.0,25.0,400000.0,0.0,0.0,5.0,3,9,0.022727272727272728,-4.9399999999999995,2.331932773109244,1.444327731092437,0.0,25.0,400000.0,0.0,0.0,5.0,1
238.0,4197,2.331932773109244,1.444327731092437,0.0,25.0,400000.0,0.0,0.0,1.0,3,6,0.022727272727272728,-4.9399999999999995,2.331932773109244,1.444327731092437,0.0,25.0,400000.0,0.0,0.0,1.0,1
238.0,4555,2.331932773109244,1.444327731092437,25.0,25.0,400000.0,20000.0,14.0,3.0,3,6,0.022727272727272728,-4.9399999999999995,2.331932773109244,1.444327731092437,25.0,25.0,400000.0,20000.0,14.0,3.0,1
238.0,4922,2.331932773109244,1.444327731092437,0.0,25.0,400000.0,0.0,0.0,5.0,3,1,0.022727272727272728,-4.9399999999999995,2.331932773109244,1.444327731092437,0.0,25.0,400000.0,0.0,0.0,5.0,1
238.0,6200,2.331932773109244,1.444327731092437,0.0,12.0,120000.0,20000.0,27.0,3.0,3,1,0.022727272727272728,-4.9399999999999995,2.331932773109244,1.444327731092437,0.0,12.0,120000.0,20000.0,27.0,3.0,1
238.0,6647,2.331932773109244,1.444327731092437,0.0,12.0,120000.0,20000.0,11.0,6.0,1,3,0.022727272727272728,-4.8,2.331932773109244,1.444327731092437,0.0,12.0,120000.0,20000.0,11.0,6.0,1
238.0,10248,2.331932773109244,1.444327731092437,0.0,12.0,120000.0,0.0,0.0,2.0,1,3,0.022727272727272728,-4.8,2.331932773109244,1.444327731092437,0.0,12.0,120000.0,0.0,0.0,2.0,1
238.0,11593,2.331932773109244,1.444327731092437,0.0,12.0,120000.0,0.0,0.0,2.0,3,10,0.022727272727272728,-4.9399999999999995,2.331932773109244,1.444327731092437,0.0,12.0,120000.0,0.0,0.0,2.0,1
234.0,10246,2.2792022792022792,1.455662393162393,0.0,12.0,120000.0,0.0,0.0,2.0,2,1,0.022727272727272728,-4.966666666666667,2.331932773109244,1.444327731092437,0.0,12.0,120000.0,0.0,0.0,2.0,1
235.0,516,2.269503546099291,1.449468085106383,0.0,8.0,80000.0,20000.0,16.0,4.0,0,0,0.022727272727272728,0.82975,2.391910739191074,1.4382845188284519,12.5,8.0,80000.0,20000.0,17.0,4.0,0
239.0,518,2.391910739191074,1.4382845188284519,12.5,8.0,80000.0,20000.0,17.0,4.0,3,10,0.022727272727272728,-4.9399999999999995,2.391910739191074,1.4382845188284519,12.5,8.0,80000.0,20000.0,17.0,4.0,1
239.0,1428,2.391910739191074,1.4382845188284519,0.0,8.0,80000.0,0.0,0.0,5.0,3,10,0.022727272727272728,-4.9399999999999995,2.391910739191074,1.4382845188284519,0.0,8.0,80000.0,0.0,0.0,5.0,1
239.0,1864,2.391910739191074,1.4382845188284519,0.0,8.0,80000.0,0.0,0.0,4.0,3,10,0.022727272727272728,-4.9399999999999995,2.391910739191074,1.4382845188284519,0.0,8.0,80000.0,0.0,0.0,4.0,1
239.0,4918,2.391910739191074,1.4382845188284519,0.0,25.0,400000.0,0.0,0.0,5.0,2,6,0.022727272727272728,-4.8,2.391910739191074,1.4382845188284519,0.0,25.0,400000.0,0.0,0.0,5.0,1
239.0,5746,2.391910739191074,1.4382845188284519,0.0,12.0,120000.0,20000.0,6.0,2.0,2,8,0.022727272727272728,-4.8,2.391910739191074,1.4382845188284519,0.0,12.0,120000.0,20000.0,6.0,2.0,1
239.0,6184,2.391910739191074,1.4382845188284519,0.0,12.0,120000.0,20000.0,27.0,3.0,2,8,0.022727272727272728,-4.8,2.391910739191074,1.4382845188284519,0.0,12.0,120000.0,20000.0,29.0,3.0,1
239.0,8004,2.391910739191074,1.4382845188284519,0.0,12.0,120000.0,20000.0,21.0,2.0,3,4,0.022727272727272728,-4.9399999999999995,2.391910739191074,1.4382845188284519,0.0,12.0,120000.0,20000.0,21.0,2.0,1
239.0,8436,2.391910739191074,1.4382845188284519,0.0,12.0,120000.0,20000.0,36.0,1.0,3,4,0.022727272727272728,-4.9399999999999995,2.391910739191074,1.4382845188284519,0.0,12.0,120000.0,20000.0,36.0,1.0,1
239.0,8456,2.391910739191074,1.4382845188284519,0.0,12.0,120000.0,20000.0,36.0,1.0,3,4,0.022727272727272728,-4.9399999999999995,2.391910739191074,1.4382845188284519,0.0,12.0,120000.0,20000.0,36.0,1.0,1
239.0,8901,2.391910739191074,1.4382845188284519,0.0,12.0,120000.0,0.0,0.0,3.0,1,1,0.022727272727272728,-4.8,2.391910739191074,1.4382845188284519,0.0,12.0,120000.0,0.0,0.0,3.0,1
239.0,9801,2.391910739191074,1.4382845188284519,0.0,12.0,120000.0,0.0,0.0,3.0,1,1,0.022727272727272728,-4.8,2.391910739191074,1.4382845188284519,0.0,12.0,120000.0,0.0,0.0,3.0,1
239.0,10703,2.391910739191074,1.4382845188284519,0.0,12.0,120000.0,0.0,0.0,4.0,1,1,0.022727272727272728,-4.8,2.391910739191074,1.4382845188284519,0.0,12.0,120000.0,0.0,0.0,4.0,1
239.0,11156,2.391910739191074,1.4382845188284519,0.0,12.0,120000.0,0.0,0.0,4.0,1,5,0.022727272727272728,-4.8,2.391910739191074,1.4382845188284519,0.0,12.0,120000.0,0.0,0.0,4.0,1
233.0,515,2.28898426323319,1.4619098712446352,0.0,8.0,80000.0,20000.0,16.0,4.0,1,2,0.022727272727272728,-5.175,2.391910739191074,1.4382845188284519,12.5,8.0,80000.0,20000.0,17.0,4.0,1
223.0,3478,2.242152466367713,1.443385650224215,25.0,25.0,400000.0,20000.0,12.0,2.0,3,2,0.022727272727272728,-5.276533533333334,2.383665881595074,1.4333267874022857,0.0,25.0,400000.0,20000.0,11.0,2.0,1
240.0,1877,2.3819444444444446,1.4409722222222223,0.0,8.0,80000.0,0.0,0.0,4.0,1,5,0.022727272727272728,-4.82,2.3819444444444446,1.4409722222222223,0.0,8.0,80000.0,0.0,0.0,4.0,1
240.0,3835,2.3819444444444446,1.4409722222222223,25.0,25.0,400000.0,20000.0,16.0,0.0,3,7,0.022727272727272728,-4.9399999999999995,2.3819444444444446,1.4409722222222223,25.0,25.0,400000.0,20000.0,16.0,0.0,1
240.0,4204,2.3819444444444446,1.4409722222222223,0.0,25.0,400000.0,0.0,0.0,1.0,3,7,0.022727272727272728,-4.9399999999999995,2.3819444444444446,1.4409722222222223,0.0,25.0,400000.0,0.0,0.0,1.0,1
240.0,6201,2.3819444444444446,1.4409722222222223,0.0,12.0,120000.0,20000.0,29.0,3.0,2,9,0.022727272727272728,-4.82,2.3819444444444446,1.4409722222222223,0.0,12.0,120000.0,20000.0,29.0,3.0,1
240.0,6648,2.3819444444444446,1.4409722222222223,0.0,12.0,120000.0,20000.0,11.0,5.0,2,9,0.022727272727272728,-4.82,2.3819444444444446,1.4409722222222223,0.0,12.0,120000.0,20000.0,11.0,5.0,1
240.0,10249,2.3819444444444446,1.4409722222222223,0.0,12.0,120000.0,0.0,0.0,2.0,3,4,0.022727272727272728,-4.9399999999999995,2.3819444444444446,1.4409722222222223,0.0,12.0,120000.0,0.0,0.0,2.0,1
240.0,11594,2.3819444444444446,1.4409722222222223,0.0,12.0,120000.0,0.0,0.0,2.0,3,4,0.022727272727272728,-4.9399999999999995,2.3819444444444446,1.4409722222222223,0.0,12.0,120000.0,0.0,0.0,2.0,1
240.0,12045,2.3819444444444446,1.4409722222222223,0.0,12.0,120000.0,0.0,0.0,1.0,2,4,0.022727272727272728,-4.82,2.3819444444444446,1.4409722222222223,0.0,12.0,120000.0,0.0,0.0,1.0,1
237.0,1427,2.271448663853727,1.4504219409282701,0.0,8.0,80000.0,0.0,0.0,5.0,1,6,0.022727272727272728,-5.028333333333334,2.378640776699029,1.4389736477115116,0.0,8.0,80000.0,0.0,0.0,5.0,1
223.0,4192,2.242152466367713,1.443385650224215,0.0,25.0,400000.0,0.0,0.0,1.0,3,2,0.022727272727272728,-5.296533533333333,2.3737680334223215,1.4360258511228332,0.0,25.0,400000.0,0.0,0.0,1.0,1
241.0,519,2.372060857538036,1.4349930843706777,12.5,8.0,80000.0,20000.0,17.0,4.0,2,4,0.022727272727272728,-4.859999999999999,2.372060857538036,1.4349930843706777,12.5,8.0,80000.0,20000.0,17.0,4.0,1
241.0,1429,2.372060857538036,1.4349930843706777,0.0,8.0,80000.0,0.0,0.0,6.0,1,4,0.022727272727272728,-4.859999999999999,2.372060857538036,1.4349930843706777,0.0,8.0,80000.0,0.0,0.0,6.0,1
241.0,1865,2.372060857538036,1.4349930843706777,0.0,8.0,80000.0,0.0,0.0,4.0,1,4,0.022727272727272728,-4.859999999999999,2.372060857538036,1.4349930843706777,0.0,8.0,80000.0,0.0,0.0,4.0,1
241.0,2330,2.372060857538036,1.4349930843706777,0.0,8.0,80000.0,0.0,0.0,5.0,1,8,0.022727272727272728,-4.859999999999999,2.372060857538036,1.4349930843706777,0.0,8.0,80000.0,0.0,0.0,5.0,1
241.0,3118,2.372060857538036,1.4349930843706777,0.0,25.0,400000.0,0.0,0.0,5.0,1,8,0.022727272727272728,-4.859999999999999,2.372060857538036,1.4349930843706777,0.0,25.0,400000.0,0.0,0.0,5.0,1
241.0,3123,2.372060857538036,1.4349930843706777,0.0,25.0,400000.0,0.0,0.0,5.0,1,5,0.022727272727272728,-4.859999999999999,2.372060857538036,1.4349930843706777,0.0,25.0,400000.0,0.0,0.0,5.0,1
241.0,4198,2.372060857538036,1.4349930843706777,0.0,25.0,400000.0,0.0,0.0,1.0,1,5,0.022727272727272728,-4.8605,2.372060857538036,1.4349930843706777,0.0,25.0,400000.0,0.0,0.0,1.0,1
241.0,4556,2.372060857538036,1.4349930843706777,25.0,25.0,400000.0,20000.0,14.0,3.0,3,5,0.022727272727272728,-4.98,2.372060857538036,1.4349930843706777,25.0,25.0,400000.0,20000.0,14.0,3.0,1
241.0,4923,2.372060857538036,1.4349930843706777,0.0,25.0,400000.0,0.0,0.0,5.0,3,5,0.022727272727272728,-4.98,2.372060857538036,1.4349930843706777,0.0,25.0,400000.0,0.0,0.0,5.0,1
241.0,5295,2.372060857538036,1.4349930843706777,0.0,12.0,120000.0,20000.0,7.0,5.0,2,5,0.022727272727272728,-4.859999999999999,2.372060857538036,1.4349930843706777,0.0,12.0,120000.0,20000.0,7.0,5.0,1
241.0,6185,2.372060857538036,1.4349930843706777,0.0,12.0,120000.0,20000.0,29.0,3.0,3,3,0.022727272727272728,-4.92,2.372060857538036,1.4349930843706777,0.0,12.0,120000.0,20000.0,31.0,3.0,1
241.0,7545,2.372060857538036,1.4349930843706777,0.0,12.0,120000.0,20000.0,10.0,5.0,3,5,0.022727272727272728,-4.92,2.372060857538036,1.4349930843706777,0.0,12.0,120000.0,20000.0,10.0,5.0,1
241.0,8005,2.372060857538036,1.4349930843706777,0.0,12.0,120000.0,20000.0,21.0,2.0,3,5,0.022727272727272728,-4.92,2.372060857538036,1.4349930843706777,0.0,12.0,120000.0,20000.0,21.0,2.0,1
241.0,8437,2.372060857538036,1.4349930843706777,0.0,12.0,120000.0,20000.0,37.0,1.0,3,5,0.022727272727272728,-4.92,2.372060857538036,1.4349930843706777,0.0,12.0,120000.0,20000.0,37.0,1.0,1
241.0,8457,2.372060857538036,1.4349930843706777,0.0,12.0,120000.0,20000.0,37.0,1.0,3,5,0.022727272727272728,-4.92,2.372060857538036,1.4349930843706777,0.0,12.0,120000.0,20000.0,37.0,1.0,1
241.0,8902,2.372060857538036,1.4349930843706777,0.0,12.0,120000.0,0.0,0.0,3.0,1,2,0.022727272727272728,-4.8,2.372060857538036,1.4349930843706777,0.0,12.0,120000.0,0.0,0.0,3.0,1
241.0,9802,2.372060857538036,1.4349930843706777,0.0,12.0,120000.0,0.0,0.0,3.0,1,2,0.022727272727272728,-4.8,2.372060857538036,1.4349930843706777,0.0,12.0,120000.0,0.0,0.0,3.0,1
241.0,10704,2.372060857538036,1.4349930843706777,0.0,12.0,120000.0,0.0,0.0,4.0,3,6,0.022727272727272728,-4.92,2.372060857538036,1.4349930843706777,0.0,12.0,120000.0,0.0,0.0,4.0,1
241.0,11157,2.372060857538036,1.4349930843706777,0.0,12.0,120000.0,0.0,0.0,4.0,3,6,0.022727272727272728,-4.92,2.372060857538036,1.4349930843706777,0.0,12.0,120000.0,0.0,0.0,4.0,1
237.0,517,2.271448663853727,1.4504219409282701,12.5,8.0,80000.0,20000.0,17.0,4.0,0,0,0.022727272727272728,0.9493743750000003,2.3719623374426093,1.4349334840214039,0.0,8.0,80000.0,20000.0,16.0,4.0,0
239.0,2329,2.391910739191074,1.4382845188284519,0.0,8.0,80000.0,0.0,0.0,5.0,2,6,0.022727272727272728,-4.945833333333334,2.382596685082873,1.4330110497237567,0.0,8.0,80000.0,0.0,0.0,5.0,1
238.0,68,2.331932773109244,1.444327731092437,0.0,8.0,80000.0,20000.0,5.0,2.0,3,2,0.022727272727272728,-5.150833958333333,2.37904773077256,1.4308765337255254,12.5,8.0,80000.0,20000.0,6.0,2.0,1
242.0,70,2.37603305785124,1.4290633608815426,12.5,8.0,80000.0,20000.0,6.0,2.0,3,6,0.022727272727272728,-4.92,2.37603305785124,1.4290633608815426,12.5,8.0,80000.0,20000.0,6.0,2.0,1
242.0,976,2.37603305785124,1.4290633608815426,0.0,8.0,80000.0,20000.0,37.0,1.0,3,6,0.022727272727272728,-4.92,2.37603305785124,1.4290633608815426,0.0,8.0,80000.0,20000.0,38.0,1.0,1
242.0,1878,2.37603305785124,1.4290633608815426,0.0,8.0,80000.0,0.0,0.0,4.0,3,6,0.022727272727272728,-4.92,2.37603305785124,1.4290633608815426,0.0,8.0,80000.0,0.0,0.0,4.0,1
242.0,4919,2.37603305785124,1.4290633608815426,0.0,25.0,400000.0,0.0,0.0,5.0,3,6,0.022727272727272728,-4.92,2.37603305785124,1.4290633608815426,0.0,25.0,400000.0,0.0,0.0,5.0,1
243.0,1866,2.366255144032922,1.4231824417009604,0.0,8.0,80000.0,0.0,0.0,4.0,3,5,0.022727272727272728,-4.98,2.366255144032922,1.4231824417009604,0.0,8.0,80000.0,0.0,0.0,4.0,1
243.0,2331,2.366255144032922,1.4231824417009604,0.0,8.0,80000.0,0.0,0.0,5.0,3,5,0.022727272727272728,-4.98,2.366255144032922,1.4231824417009604,0.0,8.0,80000.0,0.0,0.0,5.0,1
243.0,3836,2.366255144032922,1.4231824417009604,25.0,25.0,400000.0,20000.0,17.0,0.0,3,5,0.022727272727272728,-4.98,2.366255144032922,1.4231824417009604,25.0,25.0,400000.0,20000.0,17.0,0.0,1
243.0,4205,2.366255144032922,1.4231824417009604,0.0,25.0,400000.0,0.0,0.0,1.0,3,5,0.022727272727272728,-4.98,2.366255144032922,1.4231824417009604,0.0,25.0,400000.0,0.0,0.0,1.0,1
243.0,6186,2.366255144032922,1.4231824417009604,12.5,12.0,120000.0,20000.0,32.0,3.0,3,8,0.022727272727272728,-4.9,2.366255144032922,1.4231824417009604,12.5,12.0,120000.0,20000.0,32.0,3.0,1
243.0,7546,2.366255144032922,1.4231824417009604,0.0,12.0,120000.0,20000.0,10.0,5.0,3,8,0.022727272727272728,-4.9,2.366255144032922,1.4231824417009604,0.0,12.0,120000.0,20000.0,10.0,5.0,1
243.0,8006,2.366255144032922,1.4231824417009604,0.0,12.0,120000.0,20000.0,22.0,2.0,3,9,0.022727272727272728,-4.9,2.366255144032922,1.4231824417009604,12.5,12.0,120000.0,20000.0,22.0,2.0,1
243.0,8438,2.366255144032922,1.4231824417009604,12.5,12.0,120000.0,20000.0,37.0,1.0,3,9,0.022727272727272728,-4.9,2.366255144032922,1.4231824417009604,12.5,12.0,120000.0,20000.0,38.0,1.0,1
243.0,8903,2.366255144032922,1.4231824417009604,0.0,12.0,120000.0,0.0,0.0,3.0,1,9,0.022727272727272728,-4.8,2.366255144032922,1.4231824417009604,0.0,12.0,120000.0,0.0,0.0,3.0,1
243.0,9803,2.366255144032922,1.4231824417009604,0.0,12.0,120000.0,0.0,0.0,3.0,2,9,0.022727272727272728,-4.8,2.366255144032922,1.4231824417009604,0.0,12.0,120000.0,0.0,0.0,3.0,1
243.0,10705,2.366255144032922,1.4231824417009604,0.0,12.0,120000.0,0.0,0.0,4.0,2,9,0.022727272727272728,-4.8,2.366255144032922,1.4231824417009604,0.0,12.0,120000.0,0.0,0.0,4.0,1
243.0,11158,2.366255144032922,1.4231824417009604,0.0,12.0,120000.0,0.0,0.0,4.0,2,9,0.022727272727272728,-4.8,2.366255144032922,1.4231824417009604,0.0,12.0,120000.0,0.0,0.0,4.0,1
241.0,5747,2.372060857538036,1.4349930843706777,0.0,12.0,120000.0,20000.0,6.0,2.0,3,3,0.022727272727272728,-5.022916666666667,2.377536380405821,1.4176402268224362,0.0,12.0,120000.0,20000.0,6.0,2.0,1
240.0,69,2.3819444444444446,1.4409722222222223,0.0,8.0,80000.0,20000.0,5.0,2.0,1,5,0.022727272727272728,0.87,2.3770491803278686,1.4173497267759563,0.0,8.0,80000.0,20000.0,6.0,2.0,0
244.0,75,2.3770491803278686,1.4173497267759563,0.0,8.0,80000.0,20000.0,6.0,2.0,2,7,0.022727272727272728,-4.88,2.3770491803278686,1.4173497267759563,0.0,8.0,80000.0,20000.0,6.0,2.0,1
244.0,977,2.3770491803278686,1.4173497267759563,0.0,8.0,80000.0,20000.0,39.0,1.0,2,8,0.022727272727272728,-4.88,2.3770491803278686,1.4173497267759563,12.5,8.0,80000.0,20000.0,39.0,1.0,1
244.0,1879,2.3770491803278686,1.4173497267759563,0.0,8.0,80000.0,0.0,0.0,4.0,2,8,0.022727272727272728,-4.88,2.3770491803278686,1.4173497267759563,0.0,8.0,80000.0,0.0,0.0,4.0,1
244.0,3119,2.3770491803278686,1.4173497267759563,0.0,25.0,400000.0,0.0,0.0,5.0,2,8,0.022727272727272728,-4.88,2.3770491803278686,1.4173497267759563,0.0,25.0,400000.0,0.0,0.0,5.0,1
244.0,3124,2.3770491803278686,1.4173497267759563,0.0,25.0,400000.0,0.0,0.0,5.0,2,8,0.022727272727272728,-4.88,2.3770491803278686,1.4173497267759563,0.0,25.0,400000.0,0.0,0.0,5.0,1
244.0,4199,2.3770491803278686,1.4173497267759563,0.0,25.0,400000.0,0.0,0.0,1.0,3,6,0.022727272727272728,-4.9399999999999995,2.3770491803278686,1.4173497267759563,0.0,25.0,400000.0,0.0,0.0,1.0,1
244.0,4557,2.3770491803278686,1.4173497267759563,25.0,25.0,400000.0,20000.0,14.0,3.0,3,6,0.022727272727272728,-4.9399999999999995,2.3770491803278686,1.4173497267759563,25.0,25.0,400000.0,20000.0,14.0,3.0,1
244.0,4924,2.3770491803278686,1.4173497267759563,0.0,25.0,400000.0,0.0,0.0,5.0,3,9,0.022727272727272728,-4.9399999999999995,2.3770491803278686,1.4173497267759563,0.0,25.0,400000.0,0.0,0.0,5.0,1
244.0,6203,2.3770491803278686,1.4173497267759563,12.5,12.0,120000.0,20000.0,32.0,3.0,3,9,0.022727272727272728,-4.9399999999999995,2.3770491803278686,1.4173497267759563,12.5,12.0,120000.0,20000.0,32.0,3.0,1
243.0,5296,2.366255144032922,1.4231824417009604,0.0,12.0,120000.0,20000.0,7.0,5.0,3,2,0.022727272727272728,-4.94125,2.3882424984690753,1.411852759066476,0.0,12.0,120000.0,20000.0,7.0,5.0,1
245.0,1867,2.387755102040816,1.41156462585034,0.0,8.0,80000.0,0.0,0.0,4.0,2,9,0.022727272727272728,-4.859999999999999,2.387755102040816,1.41156462585034,0.0,8.0,80000.0,0.0,0.0,4.0,1
245.0,2332,2.387755102040816,1.41156462585034,0.0,8.0,80000.0,0.0,0.0,5.0,2,4,0.022727272727272728,-4.859999999999999,2.387755102040816,1.41156462585034,0.0,8.0,80000.0,0.0,0.0,5.0,1
245.0,2760,2.387755102040816,1.41156462585034,0.0,25.0,400000.0,20000.0,5.0,4.0,2,4,0.022727272727272728,-4.859999999999999,2.387755102040816,1.41156462585034,0.0,25.0,400000.0,20000.0,5.0,4.0,1
245.0,5749,2.387755102040816,1.41156462585034,0.0,12.0,120000.0,20000.0,6.0,2.0,2,3,0.022727272727272728,-4.8,2.387755102040816,1.41156462585034,0.0,12.0,120000.0,20000.0,6.0,2.0,1
245.0,6187,2.387755102040816,1.41156462585034,12.5,12.0,120000.0,20000.0,32.0,3.0,3,1,0.022727272727272728,-4.9399999999999995,2.387755102040816,1.41156462585034,12.5,12.0,120000.0,20000.0,32.0,3.0,1
245.0,7095,2.387755102040816,1.41156462585034,0.0,12.0,120000.0,20000.0,11.0,4.0,3,1,0.022727272727272728,-4.9399999999999995,2.387755102040816,1.41156462585034,0.0,12.0,120000.0,20000.0,11.0,4.0,1
245.0,7547,2.387755102040816,1.41156462585034,0.0,12.0,120000.0,20000.0,10.0,5.0,3,8,0.022727272727272728,-4.9399999999999995,2.387755102040816,1.41156462585034,0.0,12.0,120000.0,20000.0,10.0,5.0,1
245.0,8007,2.387755102040816,1.41156462585034,12.5,12.0,120000.0,20000.0,22.0,2.0,3,8,0.022727272727272728,-4.9399999999999995,2.387755102040816,1.41156462585034,12.5,12.0,120000.0,20000.0,22.0,2.0,1
245.0,8439,2.387755102040816,1.41156462585034,25.0,12.0,120000.0,20000.0,38.0,1.0,2,8,0.022727272727272728,-4.8,2.387755102040816,1.41156462585034,25.0,12.0,120000.0,20000.0,38.0,1.0,1
245.0,8459,2.387755102040816,1.41156462585034,25.0,12.0,120000.0,20000.0,38.0,1.0,2,8,0.022727272727272728,-4.8,2.387755102040816,1.41156462585034,25.0,12.0,120000.0,20000.0,38.0,1.0,1
245.0,8904,2.387755102040816,1.41156462585034,0.0,12.0,120000.0,0.0,0.0,3.0,2,8,0.022727272727272728,-4.8,2.387755102040816,1.41156462585034,0.0,12.0,120000.0,0.0,0.0,3.0,1
245.0,9804,2.387755102040816,1.41156462585034,0.0,12.0,120000.0,0.0,0.0,3.0,2,8,0.022727272727272728,-4.8,2.387755102040816,1.41156462585034,0.0,12.0,120000.0,0.0,0.0,3.0,1
245.0,10706,2.387755102040816,1.41156462585034,0.0,12.0,120000.0,0.0,0.0,4.0,3,7,0.022727272727272728,-4.9399999999999995,2.387755102040816,1.41156462585034,0.0,12.0,120000.0,0.0,0.0,4.0,1
245.0,11159,2.387755102040816,1.41156462585034,0.0,12.0,120000.0,0.0,0.0,4.0,3,7,0.022727272727272728,-4.9399999999999995,2.387755102040816,1.41156462585034,0.0,12.0,120000.0,0.0,0.0,4.0,1
244.0,10251,2.3770491803278686,1.4173497267759563,0.0,12.0,120000.0,0.0,0.0,2.0,3,1,0.022727272727272728,-5.02125,2.4395202276885546,1.4061123534593751,0.0,12.0,120000.0,0.0,0.0,2.0,1
244.0,12495,2.3770491803278686,1.4173497267759563,0.0,12.0,120000.0,0.0,0.0,4.0,3,1,0.022727272727272728,-5.02125,2.4395202276885546,1.4061123534593751,0.0,12.0,120000.0,0.0,0.0,4.0,1
243.0,5748,2.366255144032922,1.4231824417009604,0.0,12.0,120000.0,20000.0,6.0,2.0,3,2,0.022727272727272728,-5.062916666666667,2.4395202276885546,1.4061123534593751,0.0,12.0,120000.0,20000.0,6.0,2.0,1
226.0,4551,2.2640117994100297,1.4841445427728615,0.0,25.0,400000.0,20000.0,12.0,3.0,0,0,0.022727272727272728,0.71975,2.4390243902439024,1.418529810298103,12.5,25.0,400000.0,20000.0,13.0,3.0,0
246.0,72,2.4390243902439024,1.418529810298103,12.5,8.0,80000.0,20000.0,6.0,3.0,1,6,0.022727272727272728,-4.88,2.4390243902439024,1.418529810298103,12.5,8.0,80000.0,20000.0,6.0,3.0,1
246.0,76,2.4390243902439024,1.418529810298103,12.5,8.0,80000.0,20000.0,6.0,3.0,1,6,0.022727272727272728,-4.88,2.4390243902439024,1.418529810298103,12.5,8.0,80000.0,20000.0,6.0,3.0,1
246.0,978,2.4390243902439024,1.418529810298103,12.5,8.0,80000.0,20000.0,39.0,1.0,3,8,0.022727272727272728,-4.96,2.4390243902439024,1.418529810298103,12.5,8.0,80000.0,20000.0,39.0,1.0,1
246.0,1880,2.4390243902439024,1.418529810298103,0.0,8.0,80000.0,0.0,0.0,4.0,3,8,0.022727272727272728,-4.96,2.4390243902439024,1.418529810298103,0.0,8.0,80000.0,0.0,0.0,4.0,1
246.0,6204,2.4390243902439024,1.418529810298103,12.5,12.0,120000.0,20000.0,32.0,3.0,1,7,0.022727272727272728,-4.84,2.4390243902439024,1.418529810298103,12.5,12.0,120000.0,20000.0,32.0,3.0,1
246.0,6651,2.4390243902439024,1.418529810298103,12.5,12.0,120000.0,20000.0,12.0,4.0,1,7,0.022727272727272728,-4.84,2.4390243902439024,1.418529810298103,12.5,12.0,120000.0,20000.0,12.0,4.0,1
246.0,10252,2.4390243902439024,1.418529810298103,0.0,12.0,120000.0,0.0,0.0,2.0,1,7,0.022727272727272728,-4.840249999999999,2.4390243902439024,1.418529810298103,0.0,12.0,120000.0,0.0,0.0,2.0,1
246.0,12048,2.4390243902439024,1.418529810298103,0.0,12.0,120000.0,0.0,0.0,1.0,1,7,0.022727272727272728,-4.840249999999999,2.4390243902439024,1.418529810298103,0.0,12.0,120000.0,0.0,0.0,1.0,1
246.0,12496,2.4390243902439024,1.418529810298103,0.0,12.0,120000.0,0.0,0.0,4.0,3,6,0.022727272727272728,-4.92,2.4390243902439024,1.418529810298103,0.0,12.0,120000.0,0.0,0.0,4.0,1
240.0,975,2.3819444444444446,1.4409722222222223,0.0,8.0,80000.0,20000.0,37.0,1.0,1,5,0.022727272727272728,-5.215249999999999,2.4390243902439024,1.418529810298103,12.5,8.0,80000.0,20000.0,39.0,1.0,1
244.0,6650,2.3770491803278686,1.4173497267759563,12.5,12.0,120000.0,20000.0,12.0,4.0,3,1,0.022727272727272728,0.935,2.4493927125506074,1.421221322537112,12.5,12.0,120000.0,20000.0,12.0,4.0,0
243.0,520,2.366255144032922,1.4231824417009604,0.0,8.0,80000.0,20000.0,16.0,4.0,0,0,0.022727272727272728,0.84975,2.4493927125506074,1.421221322537112,12.5,8.0,80000.0,20000.0,17.0,4.0,0
247.0,522,2.4493927125506074,1.421221322537112,12.5,8.0,80000.0,20000.0,17.0,4.0,3,6,0.022727272727272728,-4.9399999999999995,2.4493927125506074,1.421221322537112,12.5,8.0,80000.0,20000.0,17.0,4.0,1
247.0,1432,2.4493927125506074,1.421221322537112,0.0,8.0,80000.0,0.0,0.0,6.0,2,6,0.022727272727272728,-4.9,2.4493927125506074,1.421221322537112,0.0,8.0,80000.0,0.0,0.0,6.0,1
247.0,1868,2.4493927125506074,1.421221322537112,0.0,8.0,80000.0,0.0,0.0,4.0,2,6,0.022727272727272728,-4.9,2.4493927125506074,1.421221322537112,0.0,8.0,80000.0,0.0,0.0,4.0,1
247.0,2333,2.4493927125506074,1.421221322537112,0.0,8.0,80000.0,0.0,0.0,5.0,2,6,0.022727272727272728,-4.9,2.4493927125506074,1.421221322537112,0.0,8.0,80000.0,0.0,0.0,5.0,1
247.0,3125,2.4493927125506074,1.421221322537112,0.0,25.0,400000.0,0.0,0.0,5.0,2,6,0.022727272727272728,-4.9,2.4493927125506074,1.421221322537112,0.0,25.0,400000.0,0.0,0.0,5.0,1
247.0,5298,2.4493927125506074,1.421221322537112,0.0,12.0,120000.0,20000.0,7.0,5.0,3,6,0.022727272727272728,-4.9399999999999995,2.4493927125506074,1.421221322537112,0.0,12.0,120000.0,20000.0,7.0,5.0,1
247.0,5750,2.4493927125506074,1.421221322537112,0.0,12.0,120000.0,20000.0,6.0,2.0,3,6,0.022727272727272728,-4.9399999999999995,2.4493927125506074,1.421221322537112,0.0,12.0,120000.0,20000.0,6.0,2.0,1
247.0,6188,2.4493927125506074,1.421221322537112,12.5,12.0,120000.0,20000.0,32.0,3.0,3,6,0.022727272727272728,-4.9399999999999995,2.4493927125506074,1.421221322537112,12.5,12.0,120000.0,20000.0,32.0,3.0,1
247.0,7096,2.4493927125506074,1.421221322537112,0.0,12.0,120000.0,20000.0,11.0,4.0,3,6,0.022727272727272728,-4.9399999999999995,2.4493927125506074,1.421221322537112,0.0,12.0,120000.0,20000.0,11.0,4.0,1
247.0,9805,2.4493927125506074,1.421221322537112,0.0,12.0,120000.0,0.0,0.0,3.0,2,2,0.022727272727272728,-4.82,2.4493927125506074,1.421221322537112,0.0,12.0,120000.0,0.0,0.0,3.0,1
247.0,10707,2.4493927125506074,1.421221322537112,0.0,12.0,120000.0,0.0,0.0,4.0,2,2,0.022727272727272728,-4.82,2.4493927125506074,1.421221322537112,0.0,12.0,120000.0,0.0,0.0,4.0,1
247.0,11160,2.4493927125506074,1.421221322537112,0.0,12.0,120000.0,0.0,0.0,4.0,2,2,0.022727272727272728,-4.82,2.4493927125506074,1.421221322537112,0.0,12.0,120000.0,0.0,0.0,4.0,1
242.0,6202,2.37603305785124,1.4290633608815426,0.0,12.0,120000.0,20000.0,31.0,3.0,0,0,0.022727272727272728,0.85,2.506720430107527,1.4280913978494623,0.0,12.0,120000.0,20000.0,31.0,3.0,0
242.0,6649,2.37603305785124,1.4290633608815426,0.0,12.0,120000.0,20000.0,11.0,5.0,0,0,0.022727272727272728,0.85,2.506720430107527,1.4280913978494623,0.0,12.0,120000.0,20000.0,12.0,4.0,0
248.0,73,2.506720430107527,1.4280913978494623,12.5,8.0,80000.0,20000.0,6.0,3.0,2,8,0.022727272727272728,-4.9,2.506720430107527,1.4280913978494623,12.5,8.0,80000.0,20000.0,6.0,3.0,1
248.0,77,2.506720430107527,1.4280913978494623,12.5,8.0,80000.0,20000.0,6.0,3.0,2,8,0.022727272727272728,-4.9,2.506720430107527,1.4280913978494623,12.5,8.0,80000.0,20000.0,6.0,3.0,1
248.0,979,2.506720430107527,1.4280913978494623,12.5,8.0,80000.0,20000.0,39.0,1.0,3,8,0.022727272727272728,-4.96,2.506720430107527,1.4280913978494623,12.5,8.0,80000.0,20000.0,39.0,1.0,1
248.0,1881,2.506720430107527,1.4280913978494623,0.0,8.0,80000.0,0.0,0.0,4.0,3,8,0.022727272727272728,-4.96,2.506720430107527,1.4280913978494623,0.0,8.0,80000.0,0.0,0.0,4.0,1
248.0,12497,2.506720430107527,1.4280913978494623,0.0,12.0,120000.0,0.0,0.0,4.0,2,2,0.022727272727272728,-4.8,2.506720430107527,1.4280913978494623,0.0,12.0,120000.0,0.0,0.0,4.0,1
245.0,5297,2.387755102040816,1.41156462585034,0.0,12.0,120000.0,20000.0,7.0,5.0,2,3,0.022727272727272728,-4.925,2.506720430107527,1.4280913978494623,0.0,12.0,120000.0,20000.0,7.0,5.0,1
228.0,3831,2.244152046783626,1.4848318713450293,25.0,25.0,400000.0,20000.0,13.0,0.0,0,0,0.022727272727272728,0.7995498000000001,2.506619255677086,1.4280337582610745,12.5,25.0,400000.0,20000.0,16.0,0.0,0
244.0,71,2.3770491803278686,1.4173497267759563,0.0,8.0,80000.0,20000.0,5.0,2.0,0,0,0.022727272727272728,0.9493743750000003,2.506619255677086,1.4280337582610745,0.0,8.0,80000.0,20000.0,5.0,3.0,0
243.0,1430,2.366255144032922,1.4231824417009604,0.0,8.0,80000.0,0.0,0.0,6.0,2,2,0.022727272727272728,-5.133333333333334,2.523489932885906,1.4261744966442953,0.0,8.0,80000.0,0.0,0.0,6.0,1
244.0,12047,2.3770491803278686,1.4173497267759563,0.0,12.0,120000.0,0.0,0.0,1.0,3,1,0.022727272727272728,-5.14625,2.5172390707638748,1.4226417620673493,0.0,12.0,120000.0,0.0,0.0,1.0,1
249.0,1433,2.5167336010709507,1.4474564926372155,0.0,8.0,80000.0,0.0,0.0,6.0,2,3,0.022727272727272728,-4.8,2.5167336010709507,1.4474564926372155,0.0,8.0,80000.0,0.0,0.0,6.0,1
249.0,1869,2.5167336010709507,1.4474564926372155,0.0,8.0,80000.0,0.0,0.0,4.0,1,3,0.022727272727272728,-4.8,2.5167336010709507,1.4474564926372155,0.0,8.0,80000.0,0.0,0.0,4.0,1
249.0,2334,2.5167336010709507,1.4474564926372155,0.0,8.0,80000.0,0.0,0.0,5.0,1,3,0.022727272727272728,-4.8,2.5167336010709507,1.4474564926372155,0.0,8.0,80000.0,0.0,0.0,5.0,1
249.0,3838,2.5167336010709507,1.4474564926372155,12.5,25.0,400000.0,20000.0,16.0,0.0,2,3,0.022727272727272728,-4.8,2.5167336010709507,1.4474564926372155,12.5,25.0,400000.0,20000.0,16.0,0.0,1
249.0,4207,2.5167336010709507,1.4474564926372155,0.0,25.0,400000.0,0.0,0.0,1.0,2,3,0.022727272727272728,-4.8,2.5167336010709507,1.4474564926372155,0.0,25.0,400000.0,0.0,0.0,1.0,1
249.0,5299,2.5167336010709507,1.4474564926372155,0.0,12.0,120000.0,20000.0,8.0,5.0,1,1,0.022727272727272728,-4.8,2.5167336010709507,1.4474564926372155,0.0,12.0,120000.0,20000.0,8.0,5.0,1
249.0,7097,2.5167336010709507,1.4474564926372155,0.0,12.0,120000.0,20000.0,11.0,4.0,2,1,0.022727272727272728,-4.8,2.5167336010709507,1.4474564926372155,0.0,12.0,120000.0,20000.0,11.0,4.0,1
249.0,7549,2.5167336010709507,1.4474564926372155,12.5,12.0,120000.0,20000.0,12.0,5.0,2,1,0.022727272727272728,-4.8,2.5167336010709507,1.4474564926372155,12.5,12.0,120000.0,20000.0,12.0,5.0,1
249.0,8009,2.5167336010709507,1.4474564926372155,12.5,12.0,120000.0,20000.0,23.0,2.0,2,4,0.022727272727272728,-4.8,2.5167336010709507,1.4474564926372155,12.5,12.0,120000.0,20000.0,23.0,2.0,1
249.0,8441,2.5167336010709507,1.4474564926372155,37.5,12.0,120000.0,20000.0,40.0,1.0,2,4,0.022727272727272728,-4.8,2.5167336010709507,1.4474564926372155,37.5,12.0,120000.0,20000.0,40.0,1.0,1
249.0,8461,2.5167336010709507,1.4474564926372155,37.5,12.0,120000.0,20000.0,40.0,1.0,1,6,0.022727272727272728,-4.80025,2.5167336010709507,1.4474564926372155,37.5,12.0,120000.0,20000.0,40.0,1.0,1
249.0,8906,2.5167336010709507,1.4474564926372155,0.0,12.0,120000.0,0.0,0.0,3.0,1,6,0.022727272727272728,-4.8,2.5167336010709507,1.4474564926372155,0.0,12.0,120000.0,0.0,0.0,3.0,1
249.0,9806,2.5167336010709507,1.4474564926372155,0.0,12.0,120000.0,0.0,0.0,3.0,1,4,0.022727272727272728,-4.8,2.5167336010709507,1.4474564926372155,0.0,12.0,120000.0,0.0,0.0,3.0,1
249.0,10708,2.5167336010709507,1.4474564926372155,0.0,12.0,120000.0,0.0,0.0,4.0,1,4,0.022727272727272728,-4.8,2.5167336010709507,1.4474564926372155,0.0,12.0,120000.0,0.0,0.0,4.0,1
249.0,11161,2.5167336010709507,1.4474564926372155,0.0,12.0,120000.0,0.0,0.0,4.0,1,2,0.022727272727272728,-4.8,2.5167336010709507,1.4474564926372155,0.0,12.0,120000.0,0.0,0.0,4.0,1
242.0,12046,2.37603305785124,1.4290633608815426,0.0,12.0,120000.0,0.0,0.0,1.0,1,2,0.022727272727272728,-5.091916666666666,2.5167336010709507,1.4474564926372155,0.0,12.0,120000.0,0.0,0.0,1.0,1
245.0,521,2.387755102040816,1.41156462585034,12.5,8.0,80000.0,20000.0,17.0,4.0,0,0,0.022727272727272728,0.9493743750000003,2.516632430425856,1.447398306062743,0.0,8.0,80000.0,20000.0,16.0,4.0,0
243.0,8458,2.366255144032922,1.4231824417009604,12.5,12.0,120000.0,20000.0,37.0,1.0,0,0,0.022727272727272728,0.949082916666667,2.516632430425856,1.447398306062743,25.0,12.0,120000.0,20000.0,39.0,1.0,0
217.0,3110,2.227342549923195,1.4352918586789554,0.0,25.0,400000.0,0.0,0.0,5.0,3,1,0.022727272727272728,-3.5965334666666666,2.508405761103545,1.4426668772304296,0.0,25.0,400000.0,0.0,0.0,5.0,1
250.0,78,2.506666666666667,1.4416666666666669,0.0,8.0,80000.0,20000.0,6.0,3.0,2,4,0.022727272727272728,-4.82,2.506666666666667,1.4416666666666669,0.0,8.0,80000.0,20000.0,6.0,3.0,1
250.0,980,2.506666666666667,1.4416666666666669,0.0,8.0,80000.0,20000.0,39.0,1.0,2,4,0.022727272727272728,-4.82,2.506666666666667,1.4416666666666669,0.0,8.0,80000.0,20000.0,40.0,1.0,1
250.0,1882,2.506666666666667,1.4416666666666669,0.0,8.0,80000.0,0.0,0.0,4.0,2,4,0.022727272727272728,-4.82,2.506666666666667,1.4416666666666669,0.0,8.0,80000.0,0.0,0.0,4.0,1
250.0,3126,2.506666666666667,1.4416666666666669,0.0,25.0,400000.0,0.0,0.0,5.0,2,4,0.022727272727272728,-4.82,2.506666666666667,1.4416666666666669,0.0,25.0,400000.0,0.0,0.0,5.0,1
250.0,6206,2.506666666666667,1.4416666666666669,12.5,12.0,120000.0,20000.0,34.0,3.0,3,5,0.022727272727272728,-4.96,2.506666666666667,1.4416666666666669,12.5,12.0,120000.0,20000.0,34.0,3.0,1
250.0,6653,2.506666666666667,1.4416666666666669,12.5,12.0,120000.0,20000.0,12.0,4.0,3,5,0.022727272727272728,-4.96,2.506666666666667,1.4416666666666669,12.5,12.0,120000.0,20000.0,12.0,4.0,1
250.0,10254,2.506666666666667,1.4416666666666669,0.0,12.0,120000.0,0.0,0.0,2.0,1,8,0.022727272727272728,-4.8,2.506666666666667,1.4416666666666669,0.0,12.0,120000.0,0.0,0.0,2.0,1
250.0,12050,2.506666666666667,1.4416666666666669,0.0,12.0,120000.0,0.0,0.0,1.0,1,8,0.022727272727272728,-4.80025,2.506666666666667,1.4416666666666669,0.0,12.0,120000.0,0.0,0.0,1.0,1
250.0,12498,2.506666666666667,1.4416666666666669,0.0,12.0,120000.0,0.0,0.0,4.0,2,8,0.022727272727272728,-4.8,2.506666666666667,1.4416666666666669,0.0,12.0,120000.0,0.0,0.0,4.0,1
242.0,10250,2.37603305785124,1.4290633608815426,0.0,12.0,120000.0,0.0,0.0,2.0,1,2,0.022727272727272728,-5.133333333333333,2.506666666666667,1.4416666666666669,0.0,12.0,120000.0,0.0,0.0,2.0,1
247.0,8905,2.4493927125506074,1.421221322537112,0.0,12.0,120000.0,0.0,0.0,3.0,2,2,0.022727272727272728,-4.925417083333333,2.5065663037518644,1.441608944644523,0.0,12.0,120000.0,0.0,0.0,3.0,1
248.0,10253,2.506720430107527,1.4280913978494623,0.0,12.0,120000.0,0.0,0.0,2.0,3,1,0.022727272727272728,-5.082916666666668,2.5171016802815966,1.4362090721923355,0.0,12.0,120000.0,0.0,0.0,2.0,1
251.0,524,2.5166002656042497,1.4442231075697212,0.0,8.0,80000.0,20000.0,16.0,4.0,2,8,0.022727272727272728,-4.88,2.5166002656042497,1.4442231075697212,0.0,8.0,80000.0,20000.0,17.0,4.0,1
251.0,1434,2.5166002656042497,1.4442231075697212,0.0,8.0,80000.0,0.0,0.0,6.0,2,8,0.022727272727272728,-4.88,2.5166002656042497,1.4442231075697212,0.0,8.0,80000.0,0.0,0.0,6.0,1
251.0,1870,2.5166002656042497,1.4442231075697212,0.0,8.0,80000.0,0.0,0.0,4.0,2,8,0.022727272727272728,-4.88,2.5166002656042497,1.4442231075697212,0.0,8.0,80000.0,0.0,0.0,4.0,1
251.0,2335,2.5166002656042497,1.4442231075697212,0.0,8.0,80000.0,0.0,0.0,5.0,3,7,0.022727272727272728,-4.96,2.5166002656042497,1.4442231075697212,0.0,8.0,80000.0,0.0,0.0,5.0,1
251.0,5752,2.5166002656042497,1.4442231075697212,12.5,12.0,120000.0,20000.0,7.0,2.0,1,8,0.022727272727272728,-4.88,2.5166002656042497,1.4442231075697212,12.5,12.0,120000.0,20000.0,7.0,2.0,1
251.0,6190,2.5166002656042497,1.4442231075697212,12.5,12.0,120000.0,20000.0,34.0,3.0,1,8,0.022727272727272728,-4.88,2.5166002656042497,1.4442231075697212,12.5,12.0,120000.0,20000.0,34.0,3.0,1
251.0,7098,2.5166002656042497,1.4442231075697212,0.0,12.0,120000.0,20000.0,11.0,4.0,3,9,0.022727272727272728,-4.96,2.5166002656042497,1.4442231075697212,0.0,12.0,120000.0,20000.0,11.0,4.0,1
251.0,7550,2.5166002656042497,1.4442231075697212,12.5,12.0,120000.0,20000.0,12.0,4.0,3,9,0.022727272727272728,-4.96,2.5166002656042497,1.4442231075697212,25.0,12.0,120000.0,20000.0,12.0,4.0,1
251.0,8442,2.5166002656042497,1.4442231075697212,25.0,12.0,120000.0,20000.0,39.0,1.0,1,4,0.022727272727272728,-4.8,2.5166002656042497,1.4442231075697212,25.0,12.0,120000.0,20000.0,39.0,1.0,1
251.0,8462,2.5166002656042497,1.4442231075697212,25.0,12.0,120000.0,20000.0,39.0,1.0,1,4,0.022727272727272728,-4.8,2.5166002656042497,1.4442231075697212,25.0,12.0,120000.0,20000.0,39.0,1.0,1
251.0,8907,2.5166002656042497,1.4442231075697212,0.0,12.0,120000.0,0.0,0.0,3.0,1,4,0.022727272727272728,-4.8,2.5166002656042497,1.4442231075697212,0.0,12.0,120000.0,0.0,0.0,3.0,1
251.0,9807,2.5166002656042497,1.4442231075697212,0.0,12.0,120000.0,0.0,0.0,3.0,2,4,0.022727272727272728,-4.8,2.5166002656042497,1.4442231075697212,0.0,12.0,120000.0,0.0,0.0,3.0,1
251.0,10709,2.5166002656042497,1.4442231075697212,0.0,12.0,120000.0,0.0,0.0,4.0,2,4,0.022727272727272728,-4.8,2.5166002656042497,1.4442231075697212,0.0,12.0,120000.0,0.0,0.0,4.0,1
251.0,11162,2.5166002656042497,1.4442231075697212,0.0,12.0,120000.0,0.0,0.0,4.0,3,2,0.022727272727272728,-4.96,2.5166002656042497,1.4442231075697212,0.0,12.0,120000.0,0.0,0.0,4.0,1
248.0,6205,2.506720430107527,1.4280913978494623,0.0,12.0,120000.0,20000.0,31.0,3.0,2,1,0.022727272727272728,-4.925,2.5166002656042497,1.4442231075697212,12.5,12.0,120000.0,20000.0,34.0,3.0,1
248.0,12049,2.506720430107527,1.4280913978494623,0.0,12.0,120000.0,0.0,0.0,1.0,2,2,0.022727272727272728,-4.925,2.5166002656042497,1.4442231075697212,0.0,12.0,120000.0,0.0,0.0,1.0,1
252.0,3839,2.5066137566137567,1.446759259259259,12.5,25.0,400000.0,20000.0,16.0,0.0,2,9,0.022727272727272728,-4.82,2.5066137566137567,1.446759259259259,12.5,25.0,400000.0,20000.0,16.0,0.0,1
252.0,4208,2.5066137566137567,1.446759259259259,0.0,25.0,400000.0,0.0,0.0,1.0,2,9,0.022727272727272728,-4.82,2.5066137566137567,1.446759259259259,0.0,25.0,400000.0,0.0,0.0,1.0,1
252.0,6207,2.5066137566137567,1.446759259259259,12.5,12.0,120000.0,20000.0,34.0,3.0,2,9,0.022727272727272728,-4.82,2.5066137566137567,1.446759259259259,12.5,12.0,120000.0,20000.0,34.0,3.0,1
252.0,6654,2.5066137566137567,1.446759259259259,12.5,12.0,120000.0,20000.0,12.0,4.0,2,7,0.022727272727272728,-4.82,2.5066137566137567,1.446759259259259,12.5,12.0,120000.0,20000.0,12.0,4.0,1
252.0,10255,2.5066137566137567,1.446759259259259,0.0,12.0,120000.0,0.0,0.0,2.0,2,7,0.022727272727272728,-4.82,2.5066137566137567,1.446759259259259,0.0,12.0,120000.0,0.0,0.0,2.0,1
252.0,12051,2.5066137566137567,1.446759259259259,0.0,12.0,120000.0,0.0,0.0,1.0,2,7,0.022727272727272728,-4.82,2.5066137566137567,1.446759259259259,0.0,12.0,120000.0,0.0,0.0,1.0,1
252.0,12499,2.5066137566137567,1.446759259259259,0.0,12.0,120000.0,0.0,0.0,4.0,2,7,0.022727272727272728,-4.82,2.5066137566137567,1.446759259259259,0.0,12.0,120000.0,0.0,0.0,4.0,1
249.0,523,2.5167336010709507,1.4474564926372155,12.5,8.0,80000.0,20000.0,17.0,4.0,2,3,0.022727272727272728,-5.028333333333334,2.5033025099075297,1.4448480845442535,0.0,8.0,80000.0,20000.0,17.0,4.0,1
247.0,7548,2.4493927125506074,1.421221322537112,0.0,12.0,120000.0,20000.0,11.0,5.0,0,0,0.022727272727272728,0.88975,2.496706192358366,1.4410408432147561,12.5,12.0,120000.0,20000.0,11.0,4.0,0
253.0,1435,2.496706192358366,1.4410408432147561,0.0,8.0,80000.0,0.0,0.0,6.0,2,7,0.022727272727272728,-4.859999999999999,2.496706192358366,1.4410408432147561,0.0,8.0,80000.0,0.0,0.0,6.0,1
253.0,1871,2.496706192358366,1.4410408432147561,0.0,8.0,80000.0,0.0,0.0,4.0,2,7,0.022727272727272728,-4.859999999999999,2.496706192358366,1.4410408432147561,0.0,8.0,80000.0,0.0,0.0,4.0,1
253.0,2336,2.496706192358366,1.4410408432147561,0.0,8.0,80000.0,0.0,0.0,5.0,3,5,0.022727272727272728,-4.92,2.496706192358366,1.4410408432147561,0.0,8.0,80000.0,0.0,0.0,5.0,1
253.0,3127,2.496706192358366,1.4410408432147561,0.0,25.0,400000.0,0.0,0.0,4.0,3,5,0.022727272727272728,-4.92,2.496706192358366,1.4410408432147561,0.0,25.0,400000.0,0.0,0.0,4.0,1
253.0,4927,2.496706192358366,1.4410408432147561,0.0,25.0,400000.0,0.0,0.0,5.0,3,8,0.022727272727272728,-4.92,2.496706192358366,1.4410408432147561,0.0,25.0,400000.0,0.0,0.0,5.0,1
253.0,5301,2.496706192358366,1.4410408432147561,12.5,12.0,120000.0,20000.0,9.0,4.0,3,8,0.022727272727272728,-4.92,2.496706192358366,1.4410408432147561,12.5,12.0,120000.0,20000.0,9.0,4.0,1
253.0,5753,2.496706192358366,1.4410408432147561,12.5,12.0,120000.0,20000.0,7.0,2.0,2,7,0.022727272727272728,-4.8,2.496706192358366,1.4410408432147561,12.5,12.0,120000.0,20000.0,7.0,2.0,1
253.0,6191,2.496706192358366,1.4410408432147561,12.5,12.0,120000.0,20000.0,34.0,3.0,2,7,0.022727272727272728,-4.8,2.496706192358366,1.4410408432147561,12.5,12.0,120000.0,20000.0,34.0,3.0,1
253.0,7099,2.496706192358366,1.4410408432147561,0.0,12.0,120000.0,20000.0,11.0,4.0,2,4,0.022727272727272728,-4.8,2.496706192358366,1.4410408432147561,0.0,12.0,120000.0,20000.0,11.0,4.0,1
253.0,7551,2.496706192358366,1.4410408432147561,12.5,12.0,120000.0,20000.0,11.0,4.0,2,4,0.022727272727272728,-4.8,2.496706192358366,1.4410408432147561,12.5,12.0,120000.0,20000.0,11.0,4.0,1
253.0,8011,2.496706192358366,1.4410408432147561,12.5,12.0,120000.0,20000.0,24.0,2.0,1,3,0.022727272727272728,-4.8,2.496706192358366,1.4410408432147561,12.5,12.0,120000.0,20000.0,24.0,2.0,1
253.0,8443,2.496706192358366,1.4410408432147561,25.0,12.0,120000.0,20000.0,39.0,1.0,1,3,0.022727272727272728,-4.80025,2.496706192358366,1.4410408432147561,25.0,12.0,120000.0,20000.0,39.0,1.0,1
253.0,8463,2.496706192358366,1.4410408432147561,25.0,12.0,120000.0,20000.0,39.0,1.0,2,2,0.022727272727272728,-4.8,2.496706192358366,1.4410408432147561,25.0,12.0,120000.0,20000.0,39.0,1.0,1
253.0,8908,2.496706192358366,1.4410408432147561,0.0,12.0,120000.0,0.0,0.0,3.0,2,2,0.022727272727272728,-4.8,2.496706192358366,1.4410408432147561,0.0,12.0,120000.0,0.0,0.0,3.0,1
253.0,9808,2.496706192358366,1.4410408432147561,0.0,12.0,120000.0,0.0,0.0,3.0,2,2,0.022727272727272728,-4.8,2.496706192358366,1.4410408432147561,0.0,12.0,120000.0,0.0,0.0,3.0,1
253.0,10710,2.496706192358366,1.4410408432147561,0.0,12.0,120000.0,0.0,0.0,4.0,2,2,0.022727272727272728,-4.8,2.496706192358366,1.4410408432147561,0.0,12.0,120000.0,0.0,0.0,4.0,1
253.0,11163,2.496706192358366,1.4410408432147561,0.0,12.0,120000.0,0.0,0.0,4.0,2,3,0.022727272727272728,-4.8,2.496706192358366,1.4410408432147561,0.0,12.0,120000.0,0.0,0.0,4.0,1
247.0,8008,2.4493927125506074,1.421221322537112,12.5,12.0,120000.0,20000.0,23.0,2.0,0,0,0.022727272727272728,0.9495829166666669,2.4966074135433085,1.44098383037625,0.0,12.0,120000.0,20000.0,23.0,2.0,0
247.0,8440,2.4493927125506074,1.421221322537112,12.5,12.0,120000.0,20000.0,38.0,1.0,0,0,0.022727272727272728,0.9495829166666669,2.4966074135433085,1.44098383037625,0.0,12.0,120000.0,20000.0,37.0,1.0,0
247.0,8460,2.4493927125506074,1.421221322537112,12.5,12.0,120000.0,20000.0,39.0,1.0,0,0,0.022727272727272728,0.9495829166666669,2.4966074135433085,1.44098383037625,0.0,12.0,120000.0,20000.0,37.0,1.0,0
245.0,1431,2.387755102040816,1.41156462585034,0.0,8.0,80000.0,0.0,0.0,6.0,2,1,0.022727272727272728,-3.3208333333333337,2.4934210526315788,1.439144736842105,0.0,8.0,80000.0,0.0,0.0,6.0,1
250.0,74,2.506666666666667,1.4416666666666669,0.0,8.0,80000.0,20000.0,5.0,3.0,1,2,0.022727272727272728,0.91,2.486876640419948,1.4353674540682415,0.0,8.0,80000.0,20000.0,5.0,3.0,0
254.0,80,2.486876640419948,1.4353674540682415,0.0,8.0,80000.0,20000.0,5.0,3.0,2,3,0.022727272727272728,-4.84,2.486876640419948,1.4353674540682415,0.0,8.0,80000.0,20000.0,5.0,3.0,1
254.0,2763,2.486876640419948,1.4353674540682415,12.5,25.0,400000.0,20000.0,6.0,4.0,3,6,0.022727272727272728,-4.92,2.486876640419948,1.4353674540682415,12.5,25.0,400000.0,20000.0,6.0,4.0,1
254.0,6208,2.486876640419948,1.4353674540682415,12.5,12.0,120000.0,20000.0,34.0,3.0,3,6,0.022727272727272728,-4.92,2.486876640419948,1.4353674540682415,12.5,12.0,120000.0,20000.0,34.0,3.0,1
254.0,10256,2.486876640419948,1.4353674540682415,0.0,12.0,120000.0,0.0,0.0,2.0,3,6,0.022727272727272728,-4.92,2.486876640419948,1.4353674540682415,0.0,12.0,120000.0,0.0,0.0,2.0,1
254.0,12052,2.486876640419948,1.4353674540682415,0.0,12.0,120000.0,0.0,0.0,1.0,2,7,0.022727272727272728,-4.8,2.486876640419948,1.4353674540682415,0.0,12.0,120000.0,0.0,0.0,1.0,1
254.0,12500,2.486876640419948,1.4353674540682415,0.0,12.0,120000.0,0.0,0.0,4.0,2,7,0.022727272727272728,-4.8,2.486876640419948,1.4353674540682415,0.0,12.0,120000.0,0.0,0.0,4.0,1
251.0,8010,2.5166002656042497,1.4442231075697212,12.5,12.0,120000.0,20000.0,24.0,2.0,1,4,0.022727272727272728,-4.925,2.486876640419948,1.4353674540682415,0.0,12.0,120000.0,20000.0,23.0,2.0,1
248.0,6652,2.506720430107527,1.4280913978494623,0.0,12.0,120000.0,20000.0,11.0,4.0,0,0,0.022727272727272728,0.9493329166666671,2.4867786378444956,1.435310889257212,12.5,12.0,120000.0,20000.0,12.0,4.0,0
252.0,1883,2.5066137566137567,1.446759259259259,0.0,8.0,80000.0,0.0,0.0,4.0,1,2,0.022727272727272728,-4.945833333333334,2.496723460026212,1.43348623853211,0.0,8.0,80000.0,0.0,0.0,4.0,1
252.0,79,2.5066137566137567,1.446759259259259,12.5,8.0,80000.0,20000.0,6.0,3.0,3,2,0.022727272727272728,-5.088333958333333,2.4931943320125773,1.431460000335305,0.0,8.0,80000.0,20000.0,5.0,3.0,1
249.0,5751,2.5167336010709507,1.4474564926372155,0.0,12.0,120000.0,20000.0,6.0,2.0,0,0,0.022727272727272728,0.89,2.4901960784313726,1.4297385620915035,0.0,12.0,120000.0,20000.0,6.0,2.0,0
249.0,6189,2.5167336010709507,1.4474564926372155,0.0,12.0,120000.0,20000.0,31.0,3.0,0,0,0.022727272727272728,0.89,2.4901960784313726,1.4297385620915035,0.0,12.0,120000.0,20000.0,35.0,3.0,0
255.0,1436,2.4901960784313726,1.4297385620915035,0.0,8.0,80000.0,0.0,0.0,6.0,3,5,0.022727272727272728,-4.92,2.4901960784313726,1.4297385620915035,0.0,8.0,80000.0,0.0,0.0,6.0,1
255.0,1872,2.4901960784313726,1.4297385620915035,0.0,8.0,80000.0,0.0,0.0,4.0,3,5,0.022727272727272728,-4.92,2.4901960784313726,1.4297385620915035,0.0,8.0,80000.0,0.0,0.0,4.0,1
255.0,2337,2.4901960784313726,1.4297385620915035,0.0,8.0,80000.0,0.0,0.0,5.0,3,5,0.022727272727272728,-4.92,2.4901960784313726,1.4297385620915035,0.0,8.0,80000.0,0.0,0.0,5.0,1
255.0,4209,2.4901960784313726,1.4297385620915035,0.0,25.0,400000.0,0.0,0.0,1.0,3,5,0.022727272727272728,-4.92,2.4901960784313726,1.4297385620915035,0.0,25.0,400000.0,0.0,0.0,1.0,1
255.0,5302,2.4901960784313726,1.4297385620915035,12.5,12.0,120000.0,20000.0,9.0,4.0,3,8,0.022727272727272728,-4.92,2.4901960784313726,1.4297385620915035,12.5,12.0,120000.0,20000.0,9.0,4.0,1
255.0,5754,2.4901960784313726,1.4297385620915035,0.0,12.0,120000.0,20000.0,6.0,2.0,2,9,0.022727272727272728,-4.859999999999999,2.4901960784313726,1.4297385620915035,0.0,12.0,120000.0,20000.0,6.0,2.0,1
255.0,6192,2.4901960784313726,1.4297385620915035,0.0,12.0,120000.0,20000.0,33.0,3.0,2,9,0.022727272727272728,-4.859999999999999,2.4901960784313726,1.4297385620915035,0.0,12.0,120000.0,20000.0,35.0,3.0,1
255.0,7100,2.4901960784313726,1.4297385620915035,0.0,12.0,120000.0,20000.0,11.0,4.0,3,8,0.022727272727272728,-4.92,2.4901960784313726,1.4297385620915035,0.0,12.0,120000.0,20000.0,11.0,4.0,1
255.0,7552,2.4901960784313726,1.4297385620915035,12.5,12.0,120000.0,20000.0,11.0,4.0,3,8,0.022727272727272728,-4.92,2.4901960784313726,1.4297385620915035,12.5,12.0,120000.0,20000.0,11.0,4.0,1
255.0,8012,2.4901960784313726,1.4297385620915035,0.0,12.0,120000.0,20000.0,23.0,2.0,1,6,0.022727272727272728,-4.859999999999999,2.4901960784313726,1.4297385620915035,0.0,12.0,120000.0,20000.0,23.0,2.0,1
255.0,8909,2.4901960784313726,1.4297385620915035,0.0,12.0,120000.0,0.0,0.0,3.0,1,10,0.022727272727272728,-4.859999999999999,2.4901960784313726,1.4297385620915035,0.0,12.0,120000.0,0.0,0.0,3.0,1
255.0,9809,2.4901960784313726,1.4297385620915035,0.0,12.0,120000.0,0.0,0.0,3.0,1,10,0.022727272727272728,-4.859999999999999,2.4901960784313726,1.4297385620915035,0.0,12.0,120000.0,0.0,0.0,3.0,1
255.0,10711,2.4901960784313726,1.4297385620915035,0.0,12.0,120000.0,0.0,0.0,4.0,1,10,0.022727272727272728,-4.859999999999999,2.4901960784313726,1.4297385620915035,0.0,12.0,120000.0,0.0,0.0,4.0,1
255.0,11164,2.4901960784313726,1.4297385620915035,0.0,12.0,120000.0,0.0,0.0,4.0,3,9,0.022727272727272728,-4.92,2.4901960784313726,1.4297385620915035,0.0,12.0,120000.0,0.0,0.0,4.0,1
235.0,4554,2.269503546099291,1.449468085106383,12.5,25.0,400000.0,20000.0,13.0,3.0,0,0,0.022727272727272728,0.7392998000000002,2.490098329865561,1.4296824400474843,25.0,25.0,400000.0,20000.0,14.0,3.0,0
252.0,981,2.5066137566137567,1.446759259259259,0.0,8.0,80000.0,20000.0,43.0,1.0,0,0,0.022727272727272728,0.89,2.48046875,1.4241536458333333,0.0,8.0,80000.0,20000.0,45.0,1.0,0
256.0,81,2.48046875,1.4241536458333333,0.0,8.0,80000.0,20000.0,5.0,3.0,3,9,0.022727272727272728,-4.92,2.48046875,1.4241536458333333,0.0,8.0,80000.0,20000.0,5.0,3.0,1
256.0,3128,2.48046875,1.4241536458333333,0.0,25.0,400000.0,0.0,0.0,4.0,3,3,0.022727272727272728,-4.859999999999999,2.48046875,1.4241536458333333,0.0,25.0,400000.0,0.0,0.0,4.0,1
256.0,4928,2.48046875,1.4241536458333333,0.0,25.0,400000.0,0.0,0.0,5.0,1,5,0.022727272727272728,-4.8,2.48046875,1.4241536458333333,0.0,25.0,400000.0,0.0,0.0,5.0,1
256.0,6656,2.48046875,1.4241536458333333,12.5,12.0,120000.0,20000.0,12.0,4.0,3,1,0.022727272727272728,-4.859999999999999,2.48046875,1.4241536458333333,12.5,12.0,120000.0,20000.0,12.0,4.0,1
256.0,10257,2.48046875,1.4241536458333333,0.0,12.0,120000.0,0.0,0.0,2.0,3,1,0.022727272727272728,-4.859999999999999,2.48046875,1.4241536458333333,0.0,12.0,120000.0,0.0,0.0,2.0,1
256.0,12053,2.48046875,1.4241536458333333,0.0,12.0,120000.0,0.0,0.0,1.0,2,1,0.022727272727272728,-4.8,2.48046875,1.4241536458333333,0.0,12.0,120000.0,0.0,0.0,1.0,1
256.0,12501,2.48046875,1.4241536458333333,0.0,12.0,120000.0,0.0,0.0,4.0,3,1,0.022727272727272728,-4.859999999999999,2.48046875,1.4241536458333333,0.0,12.0,120000.0,0.0,0.0,4.0,1
251.0,5300,2.5166002656042497,1.4442231075697212,0.0,12.0,120000.0,20000.0,8.0,4.0,0,0,0.022727272727272728,0.95,2.470817120622568,1.4186121919584955,0.0,12.0,120000.0,20000.0,9.0,3.0,0
257.0,1437,2.470817120622568,1.4186121919584955,0.0,8.0,80000.0,0.0,0.0,6.0,3,1,0.022727272727272728,-4.859999999999999,2.470817120622568,1.4186121919584955,0.0,8.0,80000.0,0.0,0.0,6.0,1
257.0,1873,2.470817120622568,1.4186121919584955,0.0,8.0,80000.0,0.0,0.0,3.0,1,4,0.022727272727272728,-4.8,2.470817120622568,1.4186121919584955,0.0,8.0,80000.0,0.0,0.0,3.0,1
257.0,2338,2.470817120622568,1.4186121919584955,0.0,8.0,80000.0,0.0,0.0,5.0,1,4,0.022727272727272728,-4.8,2.470817120622568,1.4186121919584955,0.0,8.0,80000.0,0.0,0.0,5.0,1
257.0,5755,2.470817120622568,1.4186121919584955,0.0,12.0,120000.0,20000.0,6.0,2.0,2,10,0.022727272727272728,-4.8,2.470817120622568,1.4186121919584955,0.0,12.0,120000.0,20000.0,6.0,2.0,1
257.0,6193,2.470817120622568,1.4186121919584955,12.5,12.0,120000.0,20000.0,36.0,3.0,2,10,0.022727272727272728,-4.8,2.470817120622568,1.4186121919584955,12.5,12.0,120000.0,20000.0,36.0,3.0,1
257.0,7101,2.470817120622568,1.4186121919584955,0.0,12.0,120000.0,20000.0,11.0,4.0,2,2,0.022727272727272728,-4.8,2.470817120622568,1.4186121919584955,0.0,12.0,120000.0,20000.0,11.0,4.0,1
257.0,7553,2.470817120622568,1.4186121919584955,12.5,12.0,120000.0,20000.0,11.0,4.0,2,2,0.022727272727272728,-4.8,2.470817120622568,1.4186121919584955,12.5,12.0,120000.0,20000.0,11.0,4.0,1
257.0,8910,2.470817120622568,1.4186121919584955,0.0,12.0,120000.0,0.0,0.0,3.0,3,8,0.022727272727272728,-4.859999999999999,2.470817120622568,1.4186121919584955,0.0,12.0,120000.0,0.0,0.0,3.0,1
257.0,9810,2.470817120622568,1.4186121919584955,0.0,12.0,120000.0,0.0,0.0,3.0,3,8,0.022727272727272728,-4.859999999999999,2.470817120622568,1.4186121919584955,0.0,12.0,120000.0,0.0,0.0,3.0,1
257.0,10712,2.470817120622568,1.4186121919584955,0.0,12.0,120000.0,0.0,0.0,4.0,2,4,0.022727272727272728,-4.8,2.470817120622568,1.4186121919584955,0.0,12.0,120000.0,0.0,0.0,4.0,1
257.0,11165,2.470817120622568,1.4186121919584955,0.0,12.0,120000.0,0.0,0.0,4.0,2,4,0.022727272727272728,-4.8,2.470817120622568,1.4186121919584955,0.0,12.0,120000.0,0.0,0.0,4.0,1
237.0,3834,2.271448663853727,1.4504219409282701,12.5,25.0,400000.0,20000.0,14.0,0.0,0,0,0.022727272727272728,0.7997997999999995,2.4707208874860553,1.4185569399936342,0.0,25.0,400000.0,20000.0,15.0,0.0,0
258.0,1886,2.4612403100775193,1.413113695090439,0.0,8.0,80000.0,0.0,0.0,3.0,1,1,0.022727272727272728,-4.8,2.4612403100775193,1.413113695090439,0.0,8.0,80000.0,0.0,0.0,3.0,1
258.0,4210,2.4612403100775193,1.413113695090439,0.0,25.0,400000.0,0.0,0.0,1.0,1,3,0.022727272727272728,-4.8,2.4612403100775193,1.413113695090439,0.0,25.0,400000.0,0.0,0.0,1.0,1
258.0,6210,2.4612403100775193,1.413113695090439,12.5,12.0,120000.0,20000.0,36.0,3.0,1,3,0.022727272727272728,-4.8004999999999995,2.4612403100775193,1.413113695090439,12.5,12.0,120000.0,20000.0,36.0,3.0,1
258.0,10258,2.4612403100775193,1.413113695090439,0.0,12.0,120000.0,0.0,0.0,2.0,2,3,0.022727272727272728,-4.8,2.4612403100775193,1.413113695090439,0.0,12.0,120000.0,0.0,0.0,2.0,1
258.0,12054,2.4612403100775193,1.413113695090439,0.0,12.0,120000.0,0.0,0.0,1.0,3,10,0.022727272727272728,-4.88,2.4612403100775193,1.413113695090439,0.0,12.0,120000.0,0.0,0.0,1.0,1
258.0,12502,2.4612403100775193,1.413113695090439,0.0,12.0,120000.0,0.0,0.0,4.0,3,10,0.022727272727272728,-4.88,2.4612403100775193,1.413113695090439,0.0,12.0,120000.0,0.0,0.0,4.0,1
254.0,1884,2.486876640419948,1.4353674540682415,0.0,8.0,80000.0,0.0,0.0,4.0,3,1,0.022727272727272728,-5.1727083333333335,2.4676245087301076,1.4093808388634752,0.0,8.0,80000.0,0.0,0.0,3.0,1
259.0,1874,2.4646074646074645,1.4076576576576576,0.0,8.0,80000.0,0.0,0.0,3.0,2,2,0.022727272727272728,-4.8,2.4646074646074645,1.4076576576576576,0.0,8.0,80000.0,0.0,0.0,3.0,1
259.0,2339,2.4646074646074645,1.4076576576576576,0.0,8.0,80000.0,0.0,0.0,5.0,2,2,0.022727272727272728,-4.8,2.4646074646074645,1.4076576576576576,0.0,8.0,80000.0,0.0,0.0,5.0,1
259.0,3129,2.4646074646074645,1.4076576576576576,0.0,25.0,400000.0,0.0,0.0,4.0,3,8,0.022727272727272728,-4.9,2.4646074646074645,1.4076576576576576,0.0,25.0,400000.0,0.0,0.0,4.0,1
259.0,3482,2.4646074646074645,1.4076576576576576,25.0,25.0,400000.0,20000.0,13.0,2.0,3,5,0.022727272727272728,-4.9,2.4646074646074645,1.4076576576576576,25.0,25.0,400000.0,20000.0,13.0,2.0,1
259.0,4563,2.4646074646074645,1.4076576576576576,37.5,25.0,400000.0,20000.0,15.0,3.0,3,1,0.022727272727272728,-4.9,2.4646074646074645,1.4076576576576576,37.5,25.0,400000.0,20000.0,15.0,3.0,1
259.0,4929,2.4646074646074645,1.4076576576576576,0.0,25.0,400000.0,0.0,0.0,5.0,3,3,0.022727272727272728,-4.9,2.4646074646074645,1.4076576576576576,0.0,25.0,400000.0,0.0,0.0,5.0,1
259.0,5304,2.4646074646074645,1.4076576576576576,12.5,12.0,120000.0,20000.0,9.0,3.0,3,3,0.022727272727272728,-4.9,2.4646074646074645,1.4076576576576576,12.5,12.0,120000.0,20000.0,9.0,3.0,1
259.0,5756,2.4646074646074645,1.4076576576576576,0.0,12.0,120000.0,20000.0,6.0,2.0,3,9,0.022727272727272728,-4.9,2.4646074646074645,1.4076576576576576,0.0,12.0,120000.0,20000.0,6.0,2.0,1
259.0,6194,2.4646074646074645,1.4076576576576576,12.5,12.0,120000.0,20000.0,36.0,3.0,3,9,0.022727272727272728,-4.9,2.4646074646074645,1.4076576576576576,12.5,12.0,120000.0,20000.0,36.0,3.0,1
259.0,7102,2.4646074646074645,1.4076576576576576,0.0,12.0,120000.0,20000.0,11.0,5.0,1,2,0.022727272727272728,-4.8,2.4646074646074645,1.4076576576576576,0.0,12.0,120000.0,20000.0,11.0,5.0,1
259.0,7554,2.4646074646074645,1.4076576576576576,12.5,12.0,120000.0,20000.0,11.0,4.0,1,2,0.022727272727272728,-4.8,2.4646074646074645,1.4076576576576576,12.5,12.0,120000.0,20000.0,11.0,4.0,1
259.0,8014,2.4646074646074645,1.4076576576576576,12.5,12.0,120000.0,20000.0,24.0,2.0,3,2,0.022727272727272728,-4.9,2.4646074646074645,1.4076576576576576,12.5,12.0,120000.0,20000.0,24.0,2.0,1
259.0,8466,2.4646074646074645,1.4076576576576576,37.5,12.0,120000.0,20000.0,40.0,1.0,3,2,0.022727272727272728,-4.9,2.4646074646074645,1.4076576576576576,37.5,12.0,120000.0,20000.0,40.0,1.0,1
259.0,8911,2.4646074646074645,1.4076576576576576,0.0,12.0,120000.0,0.0,0.0,3.0,2,6,0.022727272727272728,-4.8,2.4646074646074645,1.4076576576576576,0.0,12.0,120000.0,0.0,0.0,3.0,1
259.0,9811,2.4646074646074645,1.4076576576576576,0.0,12.0,120000.0,0.0,0.0,3.0,2,6,0.022727272727272728,-4.8,2.4646074646074645,1.4076576576576576,0.0,12.0,120000.0,0.0,0.0,3.0,1
259.0,10713,2.4646074646074645,1.4076576576576576,0.0,12.0,120000.0,0.0,0.0,4.0,3,1,0.022727272727272728,-4.9,2.4646074646074645,1.4076576576576576,0.0,12.0,120000.0,0.0,0.0,4.0,1
259.0,11166,2.4646074646074645,1.4076576576576576,0.0,12.0,120000.0,0.0,0.0,4.0,3,1,0.022727272727272728,-4.9,2.4646074646074645,1.4076576576576576,0.0,12.0,120000.0,0.0,0.0,4.0,1
254.0,982,2.486876640419948,1.4353674540682415,12.5,8.0,80000.0,20000.0,45.0,1.0,3,1,0.022727272727272728,-5.255208333333334,2.4709582183428536,1.4039535331493487,25.0,8.0,80000.0,20000.0,46.0,1.0,1
256.0,525,2.48046875,1.4241536458333333,12.5,8.0,80000.0,20000.0,18.0,4.0,0,0,0.022727272727272728,0.88975,2.467948717948718,1.4022435897435899,12.5,8.0,80000.0,20000.0,19.0,4.0,0
260.0,2765,2.467948717948718,1.4022435897435899,37.5,25.0,400000.0,20000.0,8.0,4.0,3,1,0.022727272727272728,-4.92,2.467948717948718,1.4022435897435899,37.5,25.0,400000.0,20000.0,8.0,4.0,1
260.0,6211,2.467948717948718,1.4022435897435899,12.5,12.0,120000.0,20000.0,36.0,3.0,3,1,0.022727272727272728,-4.92,2.467948717948718,1.4022435897435899,12.5,12.0,120000.0,20000.0,36.0,3.0,1
260.0,10259,2.467948717948718,1.4022435897435899,0.0,12.0,120000.0,0.0,0.0,2.0,2,9,0.022727272727272728,-4.8,2.467948717948718,1.4022435897435899,0.0,12.0,120000.0,0.0,0.0,2.0,1
260.0,12055,2.467948717948718,1.4022435897435899,0.0,12.0,120000.0,0.0,0.0,1.0,2,9,0.022727272727272728,-4.8,2.467948717948718,1.4022435897435899,0.0,12.0,120000.0,0.0,0.0,1.0,1
260.0,12503,2.467948717948718,1.4022435897435899,0.0,12.0,120000.0,0.0,0.0,4.0,2,9,0.022727272727272728,-4.8,2.467948717948718,1.4022435897435899,0.0,12.0,120000.0,0.0,0.0,4.0,1
254.0,6655,2.486876640419948,1.4353674540682415,12.5,12.0,120000.0,20000.0,12.0,4.0,0,0,0.022727272727272728,0.9490829166666657,2.467853705581053,1.40218960544378,25.0,12.0,120000.0,20000.0,13.0,5.0,0
256.0,983,2.48046875,1.4241536458333333,0.0,8.0,80000.0,20000.0,44.0,1.0,0,0,0.022727272727272728,0.9488743749999986,2.467853705581053,1.40218960544378,25.0,8.0,80000.0,20000.0,46.0,1.0,0
256.0,1885,2.48046875,1.4241536458333333,0.0,8.0,80000.0,0.0,0.0,3.0,3,3,0.022727272727272728,-5.2127083333333335,2.4742663512563134,1.3985678665046992,0.0,8.0,80000.0,0.0,0.0,3.0,1
255.0,8444,2.4901960784313726,1.4297385620915035,0.0,12.0,120000.0,20000.0,37.0,1.0,1,6,0.022727272727272728,0.9297500000000001,2.471264367816092,1.3968710089399745,12.5,12.0,120000.0,20000.0,38.0,1.0,0
255.0,8464,2.4901960784313726,1.4297385620915035,0.0,12.0,120000.0,20000.0,38.0,1.0,1,10,0.022727272727272728,0.9297500000000001,2.471264367816092,1.3968710089399745,12.5,12.0,120000.0,20000.0,38.0,1.0,0
261.0,1439,2.471264367816092,1.3968710089399745,0.0,8.0,80000.0,0.0,0.0,6.0,2,9,0.022727272727272728,-4.82,2.471264367816092,1.3968710089399745,0.0,8.0,80000.0,0.0,0.0,6.0,1
261.0,2340,2.471264367816092,1.3968710089399745,0.0,8.0,80000.0,0.0,0.0,5.0,3,3,0.022727272727272728,-4.92,2.471264367816092,1.3968710089399745,0.0,8.0,80000.0,0.0,0.0,5.0,1
261.0,4211,2.471264367816092,1.3968710089399745,0.0,25.0,400000.0,0.0,0.0,1.0,3,3,0.022727272727272728,-4.92,2.471264367816092,1.3968710089399745,0.0,25.0,400000.0,0.0,0.0,1.0,1
261.0,8015,2.471264367816092,1.3968710089399745,12.5,12.0,120000.0,20000.0,24.0,2.0,2,3,0.022727272727272728,-4.82,2.471264367816092,1.3968710089399745,12.5,12.0,120000.0,20000.0,24.0,2.0,1
261.0,8467,2.471264367816092,1.3968710089399745,12.5,12.0,120000.0,20000.0,38.0,1.0,2,3,0.022727272727272728,-4.82,2.471264367816092,1.3968710089399745,12.5,12.0,120000.0,20000.0,38.0,1.0,1
261.0,8912,2.471264367816092,1.3968710089399745,0.0,12.0,120000.0,0.0,0.0,3.0,2,3,0.022727272727272728,-4.82,2.471264367816092,1.3968710089399745,0.0,12.0,120000.0,0.0,0.0,3.0,1
261.0,9812,2.471264367816092,1.3968710089399745,0.0,12.0,120000.0,0.0,0.0,3.0,2,3,0.022727272727272728,-4.82,2.471264367816092,1.3968710089399745,0.0,12.0,120000.0,0.0,0.0,3.0,1
261.0,10714,2.471264367816092,1.3968710089399745,0.0,12.0,120000.0,0.0,0.0,4.0,1,2,0.022727272727272728,-4.82,2.471264367816092,1.3968710089399745,0.0,12.0,120000.0,0.0,0.0,4.0,1
261.0,11167,2.471264367816092,1.3968710089399745,0.0,12.0,120000.0,0.0,0.0,4.0,1,2,0.022727272727272728,-4.82,2.471264367816092,1.3968710089399745,0.0,12.0,120000.0,0.0,0.0,4.0,1
256.0,6209,2.48046875,1.4241536458333333,0.0,12.0,120000.0,20000.0,35.0,3.0,1,5,0.022727272727272728,0.93,2.4618320610687023,1.3915394402035624,0.0,12.0,120000.0,20000.0,37.0,3.0,0
258.0,82,2.4612403100775193,1.413113695090439,0.0,8.0,80000.0,20000.0,5.0,3.0,1,1,0.022727272727272728,0.93,2.4618320610687023,1.3915394402035624,0.0,8.0,80000.0,20000.0,6.0,3.0,0
262.0,528,2.4618320610687023,1.3915394402035624,12.5,8.0,80000.0,20000.0,19.0,4.0,1,7,0.022727272727272728,-4.82,2.4618320610687023,1.3915394402035624,12.5,8.0,80000.0,20000.0,19.0,4.0,1
262.0,986,2.4618320610687023,1.3915394402035624,25.0,8.0,80000.0,20000.0,46.0,1.0,2,6,0.022727272727272728,-4.82,2.4618320610687023,1.3915394402035624,25.0,8.0,80000.0,20000.0,46.0,1.0,1
262.0,1888,2.4618320610687023,1.3915394402035624,0.0,8.0,80000.0,0.0,0.0,3.0,2,6,0.022727272727272728,-4.82,2.4618320610687023,1.3915394402035624,0.0,8.0,80000.0,0.0,0.0,3.0,1
262.0,3130,2.4618320610687023,1.3915394402035624,0.0,25.0,400000.0,0.0,0.0,4.0,2,6,0.022727272727272728,-4.82,2.4618320610687023,1.3915394402035624,0.0,25.0,400000.0,0.0,0.0,4.0,1
262.0,3483,2.4618320610687023,1.3915394402035624,25.0,25.0,400000.0,20000.0,13.0,2.0,2,6,0.022727272727272728,-4.82,2.4618320610687023,1.3915394402035624,25.0,25.0,400000.0,20000.0,13.0,2.0,1
262.0,4564,2.4618320610687023,1.3915394402035624,37.5,25.0,400000.0,20000.0,15.0,3.0,3,4,0.022727272727272728,-4.92,2.4618320610687023,1.3915394402035624,37.5,25.0,400000.0,20000.0,15.0,3.0,1
262.0,4930,2.4618320610687023,1.3915394402035624,0.0,25.0,400000.0,0.0,0.0,5.0,3,4,0.022727272727272728,-4.92,2.4618320610687023,1.3915394402035624,0.0,25.0,400000.0,0.0,0.0,5.0,1
262.0,10260,2.4618320610687023,1.3915394402035624,0.0,12.0,120000.0,0.0,0.0,2.0,1,4,0.022727272727272728,-4.82025,2.4618320610687023,1.3915394402035624,0.0,12.0,120000.0,0.0,0.0,2.0,1
262.0,12056,2.4618320610687023,1.3915394402035624,0.0,12.0,120000.0,0.0,0.0,1.0,1,4,0.022727272727272728,-4.82025,2.4618320610687023,1.3915394402035624,0.0,12.0,120000.0,0.0,0.0,1.0,1
262.0,12504,2.4618320610687023,1.3915394402035624,0.0,12.0,120000.0,0.0,0.0,4.0,2,4,0.022727272727272728,-4.82,2.4618320610687023,1.3915394402035624,0.0,12.0,120000.0,0.0,0.0,4.0,1
258.0,984,2.4612403100775193,1.413113695090439,12.5,8.0,80000.0,20000.0,45.0,1.0,0,0,0.022727272727272728,0.9291243749999987,2.4617380076432958,1.3914862769301575,12.5,8.0,80000.0,20000.0,45.0,1.0,0
260.0,1887,2.467948717948718,1.4022435897435899,0.0,8.0,80000.0,0.0,0.0,3.0,1,1,0.022727272727272728,0.9525,2.452471482889734,1.3941698352344738,0.0,8.0,80000.0,0.0,0.0,3.0,0
257.0,8013,2.470817120622568,1.4186121919584955,0.0,12.0,120000.0,20000.0,23.0,2.0,0,0,0.022727272727272728,0.89,2.452471482889734,1.3941698352344738,0.0,12.0,120000.0,20000.0,25.0,2.0,0
263.0,1440,2.452471482889734,1.3941698352344738,0.0,8.0,80000.0,0.0,0.0,6.0,2,4,0.022727272727272728,-4.859999999999999,2.452471482889734,1.3941698352344738,0.0,8.0,80000.0,0.0,0.0,6.0,1
263.0,2341,2.452471482889734,1.3941698352344738,0.0,8.0,80000.0,0.0,0.0,5.0,1,9,0.022727272727272728,-4.859999999999999,2.452471482889734,1.3941698352344738,0.0,8.0,80000.0,0.0,0.0,5.0,1
263.0,2766,2.452471482889734,1.3941698352344738,25.0,25.0,400000.0,20000.0,7.0,4.0,1,9,0.022727272727272728,-4.859999999999999,2.452471482889734,1.3941698352344738,25.0,25.0,400000.0,20000.0,7.0,4.0,1
263.0,5758,2.452471482889734,1.3941698352344738,12.5,12.0,120000.0,20000.0,7.0,2.0,2,2,0.022727272727272728,-4.82,2.452471482889734,1.3941698352344738,12.5,12.0,120000.0,20000.0,7.0,2.0,1
263.0,7104,2.452471482889734,1.3941698352344738,12.5,12.0,120000.0,20000.0,12.0,5.0,3,2,0.022727272727272728,-4.92,2.452471482889734,1.3941698352344738,12.5,12.0,120000.0,20000.0,12.0,5.0,1
263.0,7556,2.452471482889734,1.3941698352344738,25.0,12.0,120000.0,20000.0,12.0,4.0,3,2,0.022727272727272728,-4.92,2.452471482889734,1.3941698352344738,25.0,12.0,120000.0,20000.0,12.0,4.0,1
263.0,8913,2.452471482889734,1.3941698352344738,0.0,12.0,120000.0,0.0,0.0,3.0,1,4,0.022727272727272728,-4.82025,2.452471482889734,1.3941698352344738,0.0,12.0,120000.0,0.0,0.0,3.0,1
263.0,9813,2.452471482889734,1.3941698352344738,0.0,12.0,120000.0,0.0,0.0,3.0,1,4,0.022727272727272728,-4.82025,2.452471482889734,1.3941698352344738,0.0,12.0,120000.0,0.0,0.0,3.0,1
263.0,10715,2.452471482889734,1.3941698352344738,0.0,12.0,120000.0,0.0,0.0,4.0,3,8,0.022727272727272728,-4.92,2.452471482889734,1.3941698352344738,0.0,12.0,120000.0,0.0,0.0,4.0,1
263.0,11168,2.452471482889734,1.3941698352344738,0.0,12.0,120000.0,0.0,0.0,4.0,3,8,0.022727272727272728,-4.92,2.452471482889734,1.3941698352344738,0.0,12.0,120000.0,0.0,0.0,4.0,1
257.0,5303,2.470817120622568,1.4186121919584955,0.0,12.0,120000.0,20000.0,8.0,3.0,0,0,0.022727272727272728,0.9493329166666657,2.4523781433261798,1.3941167739838747,12.5,12.0,120000.0,20000.0,9.0,2.0,0
257.0,8465,2.470817120622568,1.4186121919584955,25.0,12.0,120000.0,20000.0,39.0,1.0,0,0,0.022727272727272728,0.9493329166666657,2.4523781433261798,1.3941167739838747,12.5,12.0,120000.0,20000.0,39.0,1.0,0
258.0,526,2.4612403100775193,1.413113695090439,25.0,8.0,80000.0,20000.0,19.0,4.0,1,1,0.022727272727272728,0.7845000000000001,2.4431818181818183,1.3888888888888888,12.5,8.0,80000.0,20000.0,19.0,4.0,0
264.0,85,2.4431818181818183,1.3888888888888888,12.5,8.0,80000.0,20000.0,6.0,3.0,3,8,0.022727272727272728,-4.9399999999999995,2.4431818181818183,1.3888888888888888,12.5,8.0,80000.0,20000.0,6.0,3.0,1
264.0,1889,2.4431818181818183,1.3888888888888888,0.0,8.0,80000.0,0.0,0.0,3.0,1,8,0.022727272727272728,-4.84,2.4431818181818183,1.3888888888888888,0.0,8.0,80000.0,0.0,0.0,3.0,1
264.0,4212,2.4431818181818183,1.3888888888888888,0.0,25.0,400000.0,0.0,0.0,1.0,2,3,0.022727272727272728,-4.84,2.4431818181818183,1.3888888888888888,0.0,25.0,400000.0,0.0,0.0,1.0,1
264.0,6213,2.4431818181818183,1.3888888888888888,12.5,12.0,120000.0,20000.0,39.0,3.0,2,3,0.022727272727272728,-4.84,2.4431818181818183,1.3888888888888888,12.5,12.0,120000.0,20000.0,39.0,3.0,1
264.0,10261,2.4431818181818183,1.3888888888888888,0.0,12.0,120000.0,0.0,0.0,2.0,2,3,0.022727272727272728,-4.84,2.4431818181818183,1.3888888888888888,0.0,12.0,120000.0,0.0,0.0,2.0,1
264.0,12057,2.4431818181818183,1.3888888888888888,0.0,12.0,120000.0,0.0,0.0,1.0,3,5,0.022727272727272728,-4.9399999999999995,2.4431818181818183,1.3888888888888888,0.0,12.0,120000.0,0.0,0.0,1.0,1
264.0,12505,2.4431818181818183,1.3888888888888888,0.0,12.0,120000.0,0.0,0.0,4.0,3,5,0.022727272727272728,-4.9399999999999995,2.4431818181818183,1.3888888888888888,0.0,12.0,120000.0,0.0,0.0,4.0,1
258.0,6657,2.4612403100775193,1.413113695090439,12.5,12.0,120000.0,20000.0,12.0,6.0,0,0,0.022727272727272728,0.9088329166666657,2.443089184383577,1.388836228848545,37.5,12.0,120000.0,20000.0,14.0,5.0,0
260.0,985,2.467948717948718,1.4022435897435899,25.0,8.0,80000.0,20000.0,46.0,1.0,1,1,0.022727272727272728,0.9091243749999987,2.443089184383577,1.388836228848545,12.5,8.0,80000.0,20000.0,45.0,1.0,0
260.0,527,2.467948717948718,1.4022435897435899,12.5,8.0,80000.0,20000.0,19.0,4.0,3,1,0.022727272727272728,-5.232708333333333,2.4494679176374285,1.3853031924941754,25.0,8.0,80000.0,20000.0,20.0,4.0,1
259.0,1438,2.4646074646074645,1.4076576576576576,0.0,8.0,80000.0,0.0,0.0,6.0,2,2,0.022727272727272728,0.765,2.4465408805031443,1.3836477987421383,0.0,8.0,80000.0,0.0,0.0,6.0,0
265.0,1441,2.4465408805031443,1.3836477987421383,0.0,8.0,80000.0,0.0,0.0,6.0,2,7,0.022727272727272728,-4.859999999999999,2.4465408805031443,1.3836477987421383,0.0,8.0,80000.0,0.0,0.0,6.0,1
265.0,2342,2.4465408805031443,1.3836477987421383,0.0,8.0,80000.0,0.0,0.0,5.0,2,7,0.022727272727272728,-4.859999999999999,2.4465408805031443,1.3836477987421383,0.0,8.0,80000.0,0.0,0.0,5.0,1
265.0,3131,2.4465408805031443,1.3836477987421383,0.0,25.0,400000.0,0.0,0.0,4.0,2,7,0.022727272727272728,-4.859999999999999,2.4465408805031443,1.3836477987421383,0.0,25.0,400000.0,0.0,0.0,4.0,1
265.0,3484,2.4465408805031443,1.3836477987421383,25.0,25.0,400000.0,20000.0,13.0,2.0,2,7,0.022727272727272728,-4.859999999999999,2.4465408805031443,1.3836477987421383,25.0,25.0,400000.0,20000.0,13.0,2.0,1
265.0,4565,2.4465408805031443,1.3836477987421383,37.5,25.0,400000.0,20000.0,15.0,3.0,2,9,0.022727272727272728,-4.859999999999999,2.4465408805031443,1.3836477987421383,37.5,25.0,400000.0,20000.0,15.0,3.0,1
265.0,4931,2.4465408805031443,1.3836477987421383,0.0,25.0,400000.0,0.0,0.0,5.0,2,9,0.022727272727272728,-4.859999999999999,2.4465408805031443,1.3836477987421383,0.0,25.0,400000.0,0.0,0.0,5.0,1
265.0,7557,2.4465408805031443,1.3836477987421383,25.0,12.0,120000.0,20000.0,12.0,4.0,2,1,0.022727272727272728,-4.8,2.4465408805031443,1.3836477987421383,25.0,12.0,120000.0,20000.0,12.0,4.0,1
265.0,8017,2.4465408805031443,1.3836477987421383,12.5,12.0,120000.0,20000.0,25.0,2.0,2,1,0.022727272727272728,-4.8,2.4465408805031443,1.3836477987421383,12.5,12.0,120000.0,20000.0,25.0,2.0,1
265.0,8469,2.4465408805031443,1.3836477987421383,12.5,12.0,120000.0,20000.0,39.0,1.0,2,1,0.022727272727272728,-4.8,2.4465408805031443,1.3836477987421383,12.5,12.0,120000.0,20000.0,39.0,1.0,1
265.0,8914,2.4465408805031443,1.3836477987421383,0.0,12.0,120000.0,0.0,0.0,3.0,3,1,0.022727272727272728,-4.92,2.4465408805031443,1.3836477987421383,0.0,12.0,120000.0,0.0,0.0,3.0,1
265.0,9814,2.4465408805031443,1.3836477987421383,0.0,12.0,120000.0,0.0,0.0,3.0,3,1,0.022727272727272728,-4.92,2.4465408805031443,1.3836477987421383,0.0,12.0,120000.0,0.0,0.0,3.0,1
265.0,10716,2.4465408805031443,1.3836477987421383,0.0,12.0,120000.0,0.0,0.0,5.0,3,1,0.022727272727272728,-4.92,2.4465408805031443,1.3836477987421383,0.0,12.0,120000.0,0.0,0.0,5.0,1
265.0,11169,2.4465408805031443,1.3836477987421383,0.0,12.0,120000.0,0.0,0.0,4.0,3,1,0.022727272727272728,-4.92,2.4465408805031443,1.3836477987421383,0.0,12.0,120000.0,0.0,0.0,4.0,1
265.0,11595,2.4465408805031443,1.3836477987421383,0.0,12.0,120000.0,0.0,0.0,3.0,3,1,0.022727272727272728,-4.92,2.4465408805031443,1.3836477987421383,0.0,12.0,120000.0,0.0,0.0,3.0,1
260.0,83,2.467948717948718,1.4022435897435899,12.5,8.0,80000.0,20000.0,6.0,3.0,3,1,0.022727272727272728,-5.2752083333333335,2.452794680383916,1.3800890784768836,12.5,8.0,80000.0,20000.0,6.0,3.0,1
266.0,2767,2.4498746867167918,1.3901942355889725,25.0,25.0,400000.0,20000.0,7.0,4.0,2,3,0.022727272727272728,-4.8,2.4498746867167918,1.3901942355889725,25.0,25.0,400000.0,20000.0,7.0,4.0,1
266.0,10262,2.4498746867167918,1.3901942355889725,0.0,12.0,120000.0,0.0,0.0,2.0,3,7,0.022727272727272728,-4.88,2.4498746867167918,1.3901942355889725,0.0,12.0,120000.0,0.0,0.0,2.0,1
266.0,12058,2.4498746867167918,1.3901942355889725,0.0,12.0,120000.0,0.0,0.0,1.0,3,7,0.022727272727272728,-4.88,2.4498746867167918,1.3901942355889725,0.0,12.0,120000.0,0.0,0.0,1.0,1
266.0,12506,2.4498746867167918,1.3901942355889725,0.0,12.0,120000.0,0.0,0.0,4.0,2,10,0.022727272727272728,-4.8,2.4498746867167918,1.3901942355889725,0.0,12.0,120000.0,0.0,0.0,4.0,1
260.0,6658,2.467948717948718,1.4022435897435899,25.0,12.0,120000.0,20000.0,13.0,5.0,0,0,0.022727272727272728,0.9488329166666656,2.449782497533332,1.390141922353473,37.5,12.0,120000.0,20000.0,14.0,5.0,0
262.0,84,2.4618320610687023,1.3915394402035624,0.0,8.0,80000.0,20000.0,5.0,3.0,1,7,0.022727272727272728,0.9493743749999985,2.449782497533332,1.390141922353473,0.0,8.0,80000.0,20000.0,5.0,3.0,0
265.0,5759,2.4465408805031443,1.3836477987421383,12.5,12.0,120000.0,20000.0,7.0,2.0,3,1,0.022727272727272728,-4.96125,2.4598863707310983,1.3852469251420365,12.5,12.0,120000.0,20000.0,7.0,2.0,1
261.0,5757,2.471264367816092,1.3968710089399745,0.0,12.0,120000.0,20000.0,6.0,2.0,0,0,0.022727272727272728,0.91,2.459425717852684,1.4240012484394506,0.0,12.0,120000.0,20000.0,6.0,2.0,0
261.0,7103,2.471264367816092,1.3968710089399745,0.0,12.0,120000.0,20000.0,11.0,5.0,0,0,0.022727272727272728,0.91,2.459425717852684,1.4240012484394506,0.0,12.0,120000.0,20000.0,11.0,5.0,0
261.0,7555,2.471264367816092,1.3968710089399745,12.5,12.0,120000.0,20000.0,11.0,4.0,0,0,0.022727272727272728,0.9097500000000001,2.459425717852684,1.4240012484394506,12.5,12.0,120000.0,20000.0,11.0,4.0,0
267.0,1442,2.459425717852684,1.4240012484394506,0.0,8.0,80000.0,0.0,0.0,6.0,2,10,0.022727272727272728,-4.84,2.459425717852684,1.4240012484394506,0.0,8.0,80000.0,0.0,0.0,6.0,1
267.0,2343,2.459425717852684,1.4240012484394506,0.0,8.0,80000.0,0.0,0.0,5.0,2,10,0.022727272727272728,-4.84,2.459425717852684,1.4240012484394506,0.0,8.0,80000.0,0.0,0.0,5.0,1
267.0,4213,2.459425717852684,1.4240012484394506,0.0,25.0,400000.0,0.0,0.0,1.0,2,10,0.022727272727272728,-4.84,2.459425717852684,1.4240012484394506,0.0,25.0,400000.0,0.0,0.0,1.0,1
267.0,5308,2.459425717852684,1.4240012484394506,12.5,12.0,120000.0,20000.0,9.0,2.0,2,10,0.022727272727272728,-4.84,2.459425717852684,1.4240012484394506,12.5,12.0,120000.0,20000.0,9.0,2.0,1
267.0,5760,2.459425717852684,1.4240012484394506,0.0,12.0,120000.0,20000.0,6.0,2.0,2,10,0.022727272727272728,-4.84,2.459425717852684,1.4240012484394506,0.0,12.0,120000.0,20000.0,6.0,2.0,1
267.0,7106,2.459425717852684,1.4240012484394506,0.0,12.0,120000.0,20000.0,11.0,5.0,3,4,0.022727272727272728,-4.9,2.459425717852684,1.4240012484394506,0.0,12.0,120000.0,20000.0,11.0,5.0,1
267.0,7558,2.459425717852684,1.4240012484394506,12.5,12.0,120000.0,20000.0,11.0,4.0,3,4,0.022727272727272728,-4.9,2.459425717852684,1.4240012484394506,12.5,12.0,120000.0,20000.0,11.0,4.0,1
267.0,8915,2.459425717852684,1.4240012484394506,0.0,12.0,120000.0,0.0,0.0,3.0,2,4,0.022727272727272728,-4.84,2.459425717852684,1.4240012484394506,0.0,12.0,120000.0,0.0,0.0,3.0,1
267.0,9815,2.459425717852684,1.4240012484394506,0.0,12.0,120000.0,0.0,0.0,3.0,2,4,0.022727272727272728,-4.84,2.459425717852684,1.4240012484394506,0.0,12.0,120000.0,0.0,0.0,3.0,1
267.0,10717,2.459425717852684,1.4240012484394506,0.0,12.0,120000.0,0.0,0.0,5.0,2,4,0.022727272727272728,-4.84,2.459425717852684,1.4240012484394506,0.0,12.0,120000.0,0.0,0.0,5.0,1
267.0,11596,2.459425717852684,1.4240012484394506,0.0,12.0,120000.0,0.0,0.0,3.0,2,5,0.022727272727272728,-4.84,2.459425717852684,1.4240012484394506,0.0,12.0,120000.0,0.0,0.0,3.0,1
261.0,5305,2.471264367816092,1.3968710089399745,12.5,12.0,120000.0,20000.0,9.0,3.0,0,0,0.022727272727272728,0.9095829166666657,2.4593335158733063,1.423947863727406,0.0,12.0,120000.0,20000.0,8.0,2.0,0
264.0,529,2.4431818181818183,1.3888888888888888,12.5,8.0,80000.0,20000.0,19.0,4.0,0,0,0.022727272727272728,0.8695,2.468905472636816,1.4303482587064678,25.0,8.0,80000.0,20000.0,21.0,4.0,0
268.0,87,2.468905472636816,1.4303482587064678,0.0,8.0,80000.0,20000.0,5.0,3.0,2,5,0.022727272727272728,-4.88,2.468905472636816,1.4303482587064678,0.0,8.0,80000.0,20000.0,5.0,3.0,1
268.0,3485,2.468905472636816,1.4303482587064678,25.0,25.0,400000.0,20000.0,13.0,2.0,3,10,0.022727272727272728,-4.9399999999999995,2.468905472636816,1.4303482587064678,25.0,25.0,400000.0,20000.0,13.0,2.0,1
268.0,4566,2.468905472636816,1.4303482587064678,37.5,25.0,400000.0,20000.0,15.0,3.0,3,10,0.022727272727272728,-4.9399999999999995,2.468905472636816,1.4303482587064678,37.5,25.0,400000.0,20000.0,15.0,3.0,1
268.0,6215,2.468905472636816,1.4303482587064678,25.0,12.0,120000.0,20000.0,40.0,3.0,2,2,0.022727272727272728,-4.8,2.468905472636816,1.4303482587064678,25.0,12.0,120000.0,20000.0,40.0,3.0,1
268.0,6662,2.468905472636816,1.4303482587064678,37.5,12.0,120000.0,20000.0,14.0,5.0,1,7,0.022727272727272728,-4.8,2.468905472636816,1.4303482587064678,37.5,12.0,120000.0,20000.0,14.0,5.0,1
268.0,10263,2.468905472636816,1.4303482587064678,0.0,12.0,120000.0,0.0,0.0,2.0,2,7,0.022727272727272728,-4.8,2.468905472636816,1.4303482587064678,0.0,12.0,120000.0,0.0,0.0,2.0,1
268.0,12059,2.468905472636816,1.4303482587064678,0.0,12.0,120000.0,0.0,0.0,1.0,2,7,0.022727272727272728,-4.8,2.468905472636816,1.4303482587064678,0.0,12.0,120000.0,0.0,0.0,1.0,1
268.0,12507,2.468905472636816,1.4303482587064678,0.0,12.0,120000.0,0.0,0.0,4.0,2,7,0.022727272727272728,-4.8,2.468905472636816,1.4303482587064678,0.0,12.0,120000.0,0.0,0.0,4.0,1
263.0,5306,2.452471482889734,1.3941698352344738,25.0,12.0,120000.0,20000.0,10.0,2.0,2,2,0.022727272727272728,-5.008333333333333,2.468905472636816,1.4303482587064678,0.0,12.0,120000.0,20000.0,9.0,2.0,1
262.0,6212,2.4618320610687023,1.3915394402035624,0.0,12.0,120000.0,20000.0,36.0,3.0,0,0,0.022727272727272728,0.9493329166666657,2.4688132606191338,1.4302948361269539,12.5,12.0,120000.0,20000.0,39.0,3.0,0
262.0,6659,2.4618320610687023,1.3915394402035624,25.0,12.0,120000.0,20000.0,13.0,5.0,0,0,0.022727272727272728,0.9490829166666657,2.4688132606191338,1.4302948361269539,25.0,12.0,120000.0,20000.0,13.0,5.0,0
264.0,987,2.4431818181818183,1.3888888888888888,12.5,8.0,80000.0,20000.0,45.0,1.0,0,0,0.022727272727272728,0.9488743749999986,2.4688132606191338,1.4302948361269539,25.0,8.0,80000.0,20000.0,46.0,1.0,0
266.0,1890,2.4498746867167918,1.3901942355889725,0.0,8.0,80000.0,0.0,0.0,3.0,3,2,0.022727272727272728,-5.107708333333333,2.4750325662179766,1.4267105018299115,0.0,8.0,80000.0,0.0,0.0,3.0,1
265.0,5307,2.4465408805031443,1.3836477987421383,12.5,12.0,120000.0,20000.0,9.0,2.0,3,1,0.022727272727272728,0.8933333333333333,2.4721189591078065,1.4637546468401483,0.0,12.0,120000.0,20000.0,9.0,2.0,0
269.0,1443,2.4721189591078065,1.4637546468401483,0.0,8.0,80000.0,0.0,0.0,6.0,2,7,0.022727272727272728,-4.84,2.4721189591078065,1.4637546468401483,0.0,8.0,80000.0,0.0,0.0,6.0,1
269.0,2344,2.4721189591078065,1.4637546468401483,0.0,8.0,80000.0,0.0,0.0,5.0,2,7,0.022727272727272728,-4.84,2.4721189591078065,1.4637546468401483,0.0,8.0,80000.0,0.0,0.0,5.0,1
269.0,2768,2.4721189591078065,1.4637546468401483,25.0,25.0,400000.0,20000.0,7.0,4.0,2,7,0.022727272727272728,-4.84,2.4721189591078065,1.4637546468401483,25.0,25.0,400000.0,20000.0,7.0,4.0,1
269.0,7107,2.4721189591078065,1.4637546468401483,0.0,12.0,120000.0,20000.0,11.0,5.0,3,10,0.022727272727272728,-4.9399999999999995,2.4721189591078065,1.4637546468401483,0.0,12.0,120000.0,20000.0,11.0,5.0,1
269.0,7559,2.4721189591078065,1.4637546468401483,12.5,12.0,120000.0,20000.0,11.0,4.0,3,10,0.022727272727272728,-4.9399999999999995,2.4721189591078065,1.4637546468401483,12.5,12.0,120000.0,20000.0,11.0,4.0,1
269.0,8019,2.4721189591078065,1.4637546468401483,25.0,12.0,120000.0,20000.0,26.0,2.0,3,7,0.022727272727272728,-4.9399999999999995,2.4721189591078065,1.4637546468401483,25.0,12.0,120000.0,20000.0,26.0,2.0,1
269.0,8916,2.4721189591078065,1.4637546468401483,0.0,12.0,120000.0,0.0,0.0,3.0,3,7,0.022727272727272728,-4.9399999999999995,2.4721189591078065,1.4637546468401483,0.0,12.0,120000.0,0.0,0.0,3.0,1
269.0,9816,2.4721189591078065,1.4637546468401483,0.0,12.0,120000.0,0.0,0.0,3.0,1,8,0.022727272727272728,-4.80025,2.4721189591078065,1.4637546468401483,0.0,12.0,120000.0,0.0,0.0,3.0,1
269.0,10718,2.4721189591078065,1.4637546468401483,0.0,12.0,120000.0,0.0,0.0,5.0,1,8,0.022727272727272728,-4.8,2.4721189591078065,1.4637546468401483,0.0,12.0,120000.0,0.0,0.0,5.0,1
269.0,11597,2.4721189591078065,1.4637546468401483,0.0,12.0,120000.0,0.0,0.0,3.0,2,9,0.022727272727272728,-4.8,2.4721189591078065,1.4637546468401483,0.0,12.0,120000.0,0.0,0.0,3.0,1
263.0,8016,2.452471482889734,1.3941698352344738,0.0,12.0,120000.0,20000.0,24.0,2.0,0,0,0.022727272727272728,0.9493329166666657,2.4720269702974993,1.463700179781414,12.5,12.0,120000.0,20000.0,25.0,2.0,0
263.0,8468,2.452471482889734,1.3941698352344738,12.5,12.0,120000.0,20000.0,39.0,1.0,0,0,0.022727272727272728,0.9495829166666656,2.4720269702974993,1.463700179781414,0.0,12.0,120000.0,20000.0,38.0,1.0,0
270.0,88,2.462962962962963,1.4699074074074074,0.0,8.0,80000.0,20000.0,5.0,3.0,2,9,0.022727272727272728,-4.84,2.462962962962963,1.4699074074074074,0.0,8.0,80000.0,20000.0,5.0,3.0,1
270.0,532,2.462962962962963,1.4699074074074074,37.5,8.0,80000.0,20000.0,21.0,4.0,2,9,0.022727272727272728,-4.84,2.462962962962963,1.4699074074074074,37.5,8.0,80000.0,20000.0,21.0,4.0,1
270.0,990,2.462962962962963,1.4699074074074074,25.0,8.0,80000.0,20000.0,46.0,1.0,2,9,0.022727272727272728,-4.84,2.462962962962963,1.4699074074074074,25.0,8.0,80000.0,20000.0,46.0,1.0,1
270.0,1892,2.462962962962963,1.4699074074074074,0.0,8.0,80000.0,0.0,0.0,3.0,2,9,0.022727272727272728,-4.84,2.462962962962963,1.4699074074074074,0.0,8.0,80000.0,0.0,0.0,3.0,1
270.0,4214,2.462962962962963,1.4699074074074074,0.0,25.0,400000.0,0.0,0.0,1.0,2,9,0.022727272727272728,-4.84,2.462962962962963,1.4699074074074074,0.0,25.0,400000.0,0.0,0.0,1.0,1
270.0,10264,2.462962962962963,1.4699074074074074,0.0,12.0,120000.0,0.0,0.0,2.0,2,4,0.022727272727272728,-4.84,2.462962962962963,1.4699074074074074,0.0,12.0,120000.0,0.0,0.0,2.0,1
270.0,12060,2.462962962962963,1.4699074074074074,0.0,12.0,120000.0,0.0,0.0,1.0,2,4,0.022727272727272728,-4.84,2.462962962962963,1.4699074074074074,0.0,12.0,120000.0,0.0,0.0,1.0,1
270.0,12508,2.462962962962963,1.4699074074074074,0.0,12.0,120000.0,0.0,0.0,4.0,2,3,0.022727272727272728,-4.84,2.462962962962963,1.4699074074074074,0.0,12.0,120000.0,0.0,0.0,4.0,1
266.0,530,2.4498746867167918,1.3901942355889725,25.0,8.0,80000.0,20000.0,20.0,4.0,0,0,0.022727272727272728,0.9088743749999987,2.4628716542768174,1.4698529139715968,25.0,8.0,80000.0,20000.0,20.0,4.0,0
264.0,6660,2.4431818181818183,1.3888888888888888,37.5,12.0,120000.0,20000.0,14.0,5.0,0,0,0.022727272727272728,0.9090829166666657,2.4628716542768174,1.4698529139715968,25.0,12.0,120000.0,20000.0,13.0,5.0,0
266.0,988,2.4498746867167918,1.3901942355889725,12.5,8.0,80000.0,20000.0,45.0,1.0,0,0,0.022727272727272728,0.9091243749999987,2.4628716542768174,1.4698529139715968,12.5,8.0,80000.0,20000.0,45.0,1.0,0
250.0,4559,2.506666666666667,1.4416666666666669,12.5,25.0,400000.0,20000.0,13.0,3.0,0,0,0.022727272727272728,0.7595497999999996,2.4628716542768174,1.4698529139715968,12.5,25.0,400000.0,20000.0,13.0,3.0,0
250.0,4560,2.506666666666667,1.4416666666666669,12.5,25.0,400000.0,20000.0,14.0,3.0,0,0,0.022727272727272728,0.7595497999999996,2.4628716542768174,1.4698529139715968,12.5,25.0,400000.0,20000.0,13.0,3.0,0
271.0,1444,2.4538745387453877,1.4760147601476015,0.0,8.0,80000.0,0.0,0.0,6.0,2,3,0.022727272727272728,-4.84,2.4538745387453877,1.4760147601476015,0.0,8.0,80000.0,0.0,0.0,6.0,1
271.0,2345,2.4538745387453877,1.4760147601476015,0.0,8.0,80000.0,0.0,0.0,5.0,1,9,0.022727272727272728,-4.84,2.4538745387453877,1.4760147601476015,0.0,8.0,80000.0,0.0,0.0,5.0,1
271.0,3133,2.4538745387453877,1.4760147601476015,0.0,25.0,400000.0,0.0,0.0,5.0,1,9,0.022727272727272728,-4.84,2.4538745387453877,1.4760147601476015,0.0,25.0,400000.0,0.0,0.0,5.0,1
271.0,4567,2.4538745387453877,1.4760147601476015,12.5,25.0,400000.0,20000.0,13.0,3.0,3,6,0.022727272727272728,-4.92,2.4538745387453877,1.4760147601476015,12.5,25.0,400000.0,20000.0,13.0,3.0,1
271.0,4933,2.4538745387453877,1.4760147601476015,0.0,25.0,400000.0,0.0,0.0,5.0,3,6,0.022727272727272728,-4.92,2.4538745387453877,1.4760147601476015,0.0,25.0,400000.0,0.0,0.0,5.0,1
271.0,5310,2.4538745387453877,1.4760147601476015,0.0,12.0,120000.0,20000.0,11.0,2.0,2,5,0.022727272727272728,-4.8,2.4538745387453877,1.4760147601476015,0.0,12.0,120000.0,20000.0,11.0,2.0,1
271.0,5762,2.4538745387453877,1.4760147601476015,0.0,12.0,120000.0,20000.0,6.0,2.0,2,5,0.022727272727272728,-4.8,2.4538745387453877,1.4760147601476015,0.0,12.0,120000.0,20000.0,6.0,2.0,1
271.0,7108,2.4538745387453877,1.4760147601476015,0.0,12.0,120000.0,20000.0,11.0,5.0,2,6,0.022727272727272728,-4.8,2.4538745387453877,1.4760147601476015,0.0,12.0,120000.0,20000.0,11.0,5.0,1
271.0,7560,2.4538745387453877,1.4760147601476015,12.5,12.0,120000.0,20000.0,11.0,4.0,2,6,0.022727272727272728,-4.8,2.4538745387453877,1.4760147601476015,12.5,12.0,120000.0,20000.0,11.0,4.0,1
271.0,8917,2.4538745387453877,1.4760147601476015,0.0,12.0,120000.0,0.0,0.0,3.0,2,6,0.022727272727272728,-4.8,2.4538745387453877,1.4760147601476015,0.0,12.0,120000.0,0.0,0.0,3.0,1
271.0,9817,2.4538745387453877,1.4760147601476015,0.0,12.0,120000.0,0.0,0.0,3.0,2,6,0.022727272727272728,-4.8,2.4538745387453877,1.4760147601476015,0.0,12.0,120000.0,0.0,0.0,3.0,1
271.0,10719,2.4538745387453877,1.4760147601476015,0.0,12.0,120000.0,0.0,0.0,5.0,2,6,0.022727272727272728,-4.8,2.4538745387453877,1.4760147601476015,0.0,12.0,120000.0,0.0,0.0,5.0,1
271.0,11598,2.4538745387453877,1.4760147601476015,0.0,12.0,120000.0,0.0,0.0,3.0,2,6,0.022727272727272728,-4.8,2.4538745387453877,1.4760147601476015,0.0,12.0,120000.0,0.0,0.0,3.0,1
251.0,2762,2.5166002656042497,1.4442231075697212,0.0,25.0,400000.0,20000.0,5.0,4.0,0,0,0.022727272727272728,0.7995497999999996,2.453783902668392,1.4759602422065514,12.5,25.0,400000.0,20000.0,6.0,4.0,0
247.0,4925,2.4493927125506074,1.421221322537112,0.0,25.0,400000.0,0.0,0.0,5.0,1,1,0.022727272727272728,-5.2802002,2.453783902668392,1.4759602422065514,0.0,25.0,400000.0,0.0,0.0,5.0,1
268.0,1891,2.468905472636816,1.4303482587064678,0.0,8.0,80000.0,0.0,0.0,3.0,1,1,0.022727272727272728,-5.008958958333333,2.4507695373351277,1.4741470901263924,0.0,8.0,80000.0,0.0,0.0,3.0,1
265.0,7105,2.4465408805031443,1.3836477987421383,12.5,12.0,120000.0,20000.0,12.0,5.0,2,1,0.022727272727272728,0.8683333333333333,2.4448529411764706,1.4705882352941175,0.0,12.0,120000.0,20000.0,11.0,5.0,0
272.0,533,2.4448529411764706,1.4705882352941175,25.0,8.0,80000.0,20000.0,20.0,4.0,1,10,0.022727272727272728,-4.840249999999999,2.4448529411764706,1.4705882352941175,25.0,8.0,80000.0,20000.0,20.0,4.0,1
272.0,991,2.4448529411764706,1.4705882352941175,12.5,8.0,80000.0,20000.0,45.0,1.0,2,9,0.022727272727272728,-4.84,2.4448529411764706,1.4705882352941175,12.5,8.0,80000.0,20000.0,45.0,1.0,1
272.0,1893,2.4448529411764706,1.4705882352941175,0.0,8.0,80000.0,0.0,0.0,3.0,2,9,0.022727272727272728,-4.84,2.4448529411764706,1.4705882352941175,0.0,8.0,80000.0,0.0,0.0,3.0,1
272.0,2769,2.4448529411764706,1.4705882352941175,12.5,25.0,400000.0,20000.0,7.0,4.0,1,10,0.022727272727272728,-4.84,2.4448529411764706,1.4705882352941175,12.5,25.0,400000.0,20000.0,7.0,4.0,1
272.0,6217,2.4448529411764706,1.4705882352941175,25.0,12.0,120000.0,20000.0,41.0,3.0,1,10,0.022727272727272728,-4.840249999999999,2.4448529411764706,1.4705882352941175,25.0,12.0,120000.0,20000.0,41.0,3.0,1
272.0,6664,2.4448529411764706,1.4705882352941175,25.0,12.0,120000.0,20000.0,13.0,5.0,3,8,0.022727272727272728,-4.9399999999999995,2.4448529411764706,1.4705882352941175,25.0,12.0,120000.0,20000.0,13.0,5.0,1
272.0,12061,2.4448529411764706,1.4705882352941175,0.0,12.0,120000.0,0.0,0.0,1.0,2,6,0.022727272727272728,-4.8,2.4448529411764706,1.4705882352941175,0.0,12.0,120000.0,0.0,0.0,1.0,1
272.0,12509,2.4448529411764706,1.4705882352941175,0.0,12.0,120000.0,0.0,0.0,4.0,1,9,0.022727272727272728,-4.8,2.4448529411764706,1.4705882352941175,0.0,12.0,120000.0,0.0,0.0,4.0,1
269.0,5309,2.4721189591078065,1.4637546468401483,0.0,12.0,120000.0,20000.0,9.0,2.0,2,1,0.022727272727272728,-4.925,2.4448529411764706,1.4705882352941175,0.0,12.0,120000.0,20000.0,11.0,2.0,1
268.0,531,2.468905472636816,1.4303482587064678,25.0,8.0,80000.0,20000.0,20.0,4.0,0,0,0.022727272727272728,0.9491243749999987,2.4447629703039238,1.4705341174760442,12.5,8.0,80000.0,20000.0,19.0,4.0,0
266.0,6214,2.4498746867167918,1.3901942355889725,12.5,12.0,120000.0,20000.0,39.0,3.0,0,0,0.022727272727272728,0.9493329166666657,2.4447629703039238,1.4705341174760442,12.5,12.0,120000.0,20000.0,40.0,3.0,0
266.0,6661,2.4498746867167918,1.3901942355889725,37.5,12.0,120000.0,20000.0,14.0,5.0,0,0,0.022727272727272728,0.9493329166666657,2.4447629703039238,1.4705341174760442,12.5,12.0,120000.0,20000.0,12.0,5.0,0
268.0,989,2.468905472636816,1.4303482587064678,25.0,8.0,80000.0,20000.0,46.0,1.0,0,0,0.022727272727272728,0.9493743749999985,2.4447629703039238,1.4705341174760442,0.0,8.0,80000.0,20000.0,44.0,1.0,0
266.0,86,2.4498746867167918,1.3901942355889725,12.5,8.0,80000.0,20000.0,6.0,3.0,3,1,0.022727272727272728,-5.317708333333334,2.4509504309027563,1.4669030010390562,12.5,8.0,80000.0,20000.0,6.0,3.0,1
253.0,3480,2.496706192358366,1.4410408432147561,0.0,25.0,400000.0,20000.0,11.0,2.0,1,3,0.022727272727272728,0.71975,2.4481074481074483,1.4652014652014653,12.5,25.0,400000.0,20000.0,12.0,2.0,0
273.0,1445,2.4481074481074483,1.4652014652014653,0.0,8.0,80000.0,0.0,0.0,6.0,2,9,0.022727272727272728,-4.88,2.4481074481074483,1.4652014652014653,0.0,8.0,80000.0,0.0,0.0,6.0,1
273.0,2346,2.4481074481074483,1.4652014652014653,0.0,8.0,80000.0,0.0,0.0,5.0,2,9,0.022727272727272728,-4.88,2.4481074481074483,1.4652014652014653,0.0,8.0,80000.0,0.0,0.0,5.0,1
273.0,5763,2.4481074481074483,1.4652014652014653,0.0,12.0,120000.0,20000.0,6.0,2.0,2,5,0.022727272727272728,-4.8,2.4481074481074483,1.4652014652014653,0.0,12.0,120000.0,20000.0,6.0,2.0,1
273.0,7109,2.4481074481074483,1.4652014652014653,0.0,12.0,120000.0,20000.0,11.0,5.0,2,5,0.022727272727272728,-4.8,2.4481074481074483,1.4652014652014653,0.0,12.0,120000.0,20000.0,11.0,5.0,1
273.0,7561,2.4481074481074483,1.4652014652014653,0.0,12.0,120000.0,20000.0,10.0,4.0,2,3,0.022727272727272728,-4.8,2.4481074481074483,1.4652014652014653,0.0,12.0,120000.0,20000.0,10.0,4.0,1
273.0,8918,2.4481074481074483,1.4652014652014653,0.0,12.0,120000.0,0.0,0.0,3.0,2,3,0.022727272727272728,-4.8,2.4481074481074483,1.4652014652014653,0.0,12.0,120000.0,0.0,0.0,3.0,1
273.0,9345,2.4481074481074483,1.4652014652014653,0.0,12.0,120000.0,0.0,0.0,7.0,3,2,0.022727272727272728,-4.96,2.4481074481074483,1.4652014652014653,0.0,12.0,120000.0,0.0,0.0,7.0,1
273.0,9818,2.4481074481074483,1.4652014652014653,0.0,12.0,120000.0,0.0,0.0,3.0,3,2,0.022727272727272728,-4.96,2.4481074481074483,1.4652014652014653,0.0,12.0,120000.0,0.0,0.0,3.0,1
273.0,11599,2.4481074481074483,1.4652014652014653,0.0,12.0,120000.0,0.0,0.0,3.0,1,6,0.022727272727272728,-4.80025,2.4481074481074483,1.4652014652014653,0.0,12.0,120000.0,0.0,0.0,3.0,1
269.0,5761,2.4721189591078065,1.4637546468401483,0.0,12.0,120000.0,20000.0,6.0,2.0,2,1,0.022727272727272728,-4.966666666666667,2.4481074481074483,1.4652014652014653,0.0,12.0,120000.0,20000.0,6.0,2.0,1
267.0,8018,2.459425717852684,1.4240012484394506,12.5,12.0,120000.0,20000.0,25.0,2.0,0,0,0.022727272727272728,0.9495829166666656,2.448017687458908,1.4651477431175508,0.0,12.0,120000.0,20000.0,24.0,2.0,0
222.0,3829,2.2522522522522523,1.4358108108108107,25.0,25.0,400000.0,20000.0,13.0,0.0,2,1,0.022727272727272728,-3.8,2.5212232492884574,1.4615786952396854,0.0,25.0,400000.0,20000.0,17.0,0.0,1
272.0,10265,2.4448529411764706,1.4705882352941175,0.0,12.0,120000.0,0.0,0.0,2.0,3,2,0.022727272727272728,-5.04125,2.518707793392955,1.460120459937945,0.0,12.0,120000.0,0.0,0.0,2.0,1
274.0,90,2.5182481751824817,1.4598540145985401,12.5,8.0,80000.0,20000.0,7.0,3.0,1,6,0.022727272727272728,-4.859999999999999,2.5182481751824817,1.4598540145985401,12.5,8.0,80000.0,20000.0,7.0,3.0,1
274.0,3134,2.5182481751824817,1.4598540145985401,0.0,25.0,400000.0,0.0,0.0,5.0,3,3,0.022727272727272728,-4.9,2.5182481751824817,1.4598540145985401,0.0,25.0,400000.0,0.0,0.0,5.0,1
274.0,3841,2.5182481751824817,1.4598540145985401,0.0,25.0,400000.0,20000.0,17.0,0.0,2,10,0.022727272727272728,-4.8,2.5182481751824817,1.4598540145985401,12.5,25.0,400000.0,20000.0,17.0,0.0,1
274.0,4568,2.5182481751824817,1.4598540145985401,12.5,25.0,400000.0,20000.0,14.0,3.0,2,5,0.022727272727272728,-4.8,2.5182481751824817,1.4598540145985401,12.5,25.0,400000.0,20000.0,14.0,3.0,1
274.0,4934,2.5182481751824817,1.4598540145985401,0.0,25.0,400000.0,0.0,0.0,5.0,2,5,0.022727272727272728,-4.8,2.5182481751824817,1.4598540145985401,0.0,25.0,400000.0,0.0,0.0,5.0,1
274.0,10266,2.5182481751824817,1.4598540145985401,0.0,12.0,120000.0,0.0,0.0,2.0,1,10,0.022727272727272728,-4.8,2.5182481751824817,1.4598540145985401,0.0,12.0,120000.0,0.0,0.0,2.0,1
274.0,12062,2.5182481751824817,1.4598540145985401,0.0,12.0,120000.0,0.0,0.0,1.0,1,10,0.022727272727272728,-4.8,2.5182481751824817,1.4598540145985401,0.0,12.0,120000.0,0.0,0.0,1.0,1
274.0,12510,2.5182481751824817,1.4598540145985401,0.0,12.0,120000.0,0.0,0.0,4.0,1,10,0.022727272727272728,-4.8,2.5182481751824817,1.4598540145985401,0.0,12.0,120000.0,0.0,0.0,4.0,1
275.0,1446,2.5090909090909093,1.4545454545454546,0.0,8.0,80000.0,0.0,0.0,6.0,1,10,0.022727272727272728,-4.859999999999999,2.5090909090909093,1.4545454545454546,0.0,8.0,80000.0,0.0,0.0,6.0,1
275.0,2347,2.5090909090909093,1.4545454545454546,0.0,8.0,80000.0,0.0,0.0,5.0,1,7,0.022727272727272728,-4.859999999999999,2.5090909090909093,1.4545454545454546,0.0,8.0,80000.0,0.0,0.0,5.0,1
275.0,2770,2.5090909090909093,1.4545454545454546,12.5,25.0,400000.0,20000.0,7.0,4.0,1,7,0.022727272727272728,-4.859999999999999,2.5090909090909093,1.4545454545454546,12.5,25.0,400000.0,20000.0,7.0,4.0,1
275.0,5764,2.5090909090909093,1.4545454545454546,0.0,12.0,120000.0,20000.0,7.0,2.0,2,3,0.022727272727272728,-4.8,2.5090909090909093,1.4545454545454546,0.0,12.0,120000.0,20000.0,7.0,2.0,1
275.0,8919,2.5090909090909093,1.4545454545454546,0.0,12.0,120000.0,0.0,0.0,3.0,3,1,0.022727272727272728,-4.92,2.5090909090909093,1.4545454545454546,0.0,12.0,120000.0,0.0,0.0,3.0,1
275.0,9346,2.5090909090909093,1.4545454545454546,0.0,12.0,120000.0,0.0,0.0,7.0,3,1,0.022727272727272728,-4.92,2.5090909090909093,1.4545454545454546,0.0,12.0,120000.0,0.0,0.0,7.0,1
275.0,9819,2.5090909090909093,1.4545454545454546,0.0,12.0,120000.0,0.0,0.0,3.0,1,2,0.022727272727272728,-4.8,2.5090909090909093,1.4545454545454546,0.0,12.0,120000.0,0.0,0.0,3.0,1
275.0,11600,2.5090909090909093,1.4545454545454546,0.0,12.0,120000.0,0.0,0.0,3.0,1,2,0.022727272727272728,-4.80025,2.5090909090909093,1.4545454545454546,0.0,12.0,120000.0,0.0,0.0,3.0,1
253.0,4561,2.496706192358366,1.4410408432147561,37.5,25.0,400000.0,20000.0,15.0,3.0,1,3,0.022727272727272728,-5.2404502,2.508999581506142,1.4544925110180533,12.5,25.0,400000.0,20000.0,14.0,3.0,1
250.0,4926,2.506666666666667,1.4416666666666669,0.0,25.0,400000.0,0.0,0.0,5.0,2,1,0.022727272727272728,-3.3135335333333327,2.563389385026321,1.4509751235998045,0.0,25.0,400000.0,0.0,0.0,5.0,1
246.0,4206,2.4390243902439024,1.418529810298103,0.0,25.0,400000.0,0.0,0.0,1.0,3,1,0.022727272727272728,-3.516533533333334,2.5619953631992787,1.450186054641101,0.0,25.0,400000.0,0.0,0.0,1.0,1
272.0,89,2.4448529411764706,1.4705882352941175,0.0,8.0,80000.0,20000.0,5.0,3.0,1,10,0.022727272727272728,0.89,2.560386473429952,1.4605978260869565,0.0,8.0,80000.0,20000.0,7.0,3.0,0
276.0,535,2.560386473429952,1.4605978260869565,12.5,8.0,80000.0,20000.0,19.0,4.0,2,3,0.022727272727272728,-4.8,2.560386473429952,1.4605978260869565,12.5,8.0,80000.0,20000.0,19.0,4.0,1
276.0,1895,2.560386473429952,1.4605978260869565,0.0,8.0,80000.0,0.0,0.0,3.0,1,3,0.022727272727272728,-4.8,2.560386473429952,1.4605978260869565,0.0,8.0,80000.0,0.0,0.0,3.0,1
276.0,4216,2.560386473429952,1.4605978260869565,0.0,25.0,400000.0,0.0,0.0,1.0,3,3,0.022727272727272728,-4.92,2.560386473429952,1.4605978260869565,0.0,25.0,400000.0,0.0,0.0,1.0,1
276.0,6219,2.560386473429952,1.4605978260869565,25.0,12.0,120000.0,20000.0,41.0,3.0,3,3,0.022727272727272728,-4.92,2.560386473429952,1.4605978260869565,25.0,12.0,120000.0,20000.0,41.0,3.0,1
276.0,6666,2.560386473429952,1.4605978260869565,25.0,12.0,120000.0,20000.0,13.0,5.0,3,1,0.022727272727272728,-4.92,2.560386473429952,1.4605978260869565,25.0,12.0,120000.0,20000.0,13.0,5.0,1
276.0,10267,2.560386473429952,1.4605978260869565,0.0,12.0,120000.0,0.0,0.0,2.0,3,1,0.022727272727272728,-4.92,2.560386473429952,1.4605978260869565,0.0,12.0,120000.0,0.0,0.0,2.0,1
276.0,12063,2.560386473429952,1.4605978260869565,0.0,12.0,120000.0,0.0,0.0,1.0,3,1,0.022727272727272728,-4.92,2.560386473429952,1.4605978260869565,0.0,12.0,120000.0,0.0,0.0,1.0,1
276.0,12511,2.560386473429952,1.4605978260869565,0.0,12.0,120000.0,0.0,0.0,4.0,3,1,0.022727272727272728,-4.92,2.560386473429952,1.4605978260869565,0.0,12.0,120000.0,0.0,0.0,4.0,1
270.0,6216,2.462962962962963,1.4699074074074074,12.5,12.0,120000.0,20000.0,40.0,3.0,0,0,0.022727272727272728,0.9493329166666657,2.560293616404226,1.4605448548768212,12.5,12.0,120000.0,20000.0,40.0,3.0,0
270.0,6663,2.462962962962963,1.4699074074074074,25.0,12.0,120000.0,20000.0,13.0,5.0,0,0,0.022727272727272728,0.9493329166666657,2.560293616404226,1.4605448548768212,12.5,12.0,120000.0,20000.0,12.0,5.0,0
256.0,3481,2.48046875,1.4241536458333333,12.5,25.0,400000.0,20000.0,12.0,2.0,0,0,0.022727272727272728,0.7995497999999996,2.560293616404226,1.4605448548768212,12.5,25.0,400000.0,20000.0,12.0,2.0,0
256.0,4562,2.48046875,1.4241536458333333,25.0,25.0,400000.0,20000.0,14.0,3.0,0,0,0.022727272727272728,0.7997997999999995,2.560293616404226,1.4605448548768212,0.0,25.0,400000.0,20000.0,13.0,3.0,0
277.0,1447,2.5511432009626955,1.4553249097472922,0.0,8.0,80000.0,0.0,0.0,6.0,1,5,0.022727272727272728,-4.859999999999999,2.5511432009626955,1.4553249097472922,0.0,8.0,80000.0,0.0,0.0,6.0,1
277.0,2348,2.5511432009626955,1.4553249097472922,0.0,8.0,80000.0,0.0,0.0,5.0,1,5,0.022727272727272728,-4.859999999999999,2.5511432009626955,1.4553249097472922,0.0,8.0,80000.0,0.0,0.0,5.0,1
277.0,3842,2.5511432009626955,1.4553249097472922,12.5,25.0,400000.0,20000.0,17.0,0.0,2,3,0.022727272727272728,-4.82,2.5511432009626955,1.4553249097472922,12.5,25.0,400000.0,20000.0,17.0,0.0,1
277.0,4569,2.5511432009626955,1.4553249097472922,0.0,25.0,400000.0,20000.0,13.0,3.0,2,3,0.022727272727272728,-4.82,2.5511432009626955,1.4553249097472922,0.0,25.0,400000.0,20000.0,13.0,3.0,1
277.0,4935,2.5511432009626955,1.4553249097472922,0.0,25.0,400000.0,0.0,0.0,5.0,1,6,0.022727272727272728,-4.82,2.5511432009626955,1.4553249097472922,0.0,25.0,400000.0,0.0,0.0,5.0,1
277.0,5313,2.5511432009626955,1.4553249097472922,12.5,12.0,120000.0,20000.0,11.0,2.0,1,3,0.022727272727272728,-4.82,2.5511432009626955,1.4553249097472922,12.5,12.0,120000.0,20000.0,11.0,2.0,1
277.0,5765,2.5511432009626955,1.4553249097472922,0.0,12.0,120000.0,20000.0,7.0,2.0,1,3,0.022727272727272728,-4.82,2.5511432009626955,1.4553249097472922,0.0,12.0,120000.0,20000.0,7.0,2.0,1
277.0,9347,2.5511432009626955,1.4553249097472922,0.0,12.0,120000.0,0.0,0.0,7.0,2,9,0.022727272727272728,-4.82,2.5511432009626955,1.4553249097472922,0.0,12.0,120000.0,0.0,0.0,7.0,1
277.0,11601,2.5511432009626955,1.4553249097472922,0.0,12.0,120000.0,0.0,0.0,3.0,1,6,0.022727272727272728,-4.82,2.5511432009626955,1.4553249097472922,0.0,12.0,120000.0,0.0,0.0,3.0,1
257.0,2764,2.470817120622568,1.4186121919584955,12.5,25.0,400000.0,20000.0,6.0,4.0,0,0,0.022727272727272728,0.7797997999999996,2.5510510131625446,1.4552723203035154,0.0,25.0,400000.0,20000.0,6.0,4.0,0
274.0,1894,2.5182481751824817,1.4598540145985401,0.0,8.0,80000.0,0.0,0.0,3.0,3,3,0.022727272727272728,-5.210208333333334,2.556869335574095,1.4517435928215594,0.0,8.0,80000.0,0.0,0.0,3.0,1
246.0,3837,2.4390243902439024,1.418529810298103,25.0,25.0,400000.0,20000.0,17.0,0.0,3,1,0.022727272727272728,-3.616533466666667,2.555550161838312,1.450994590128267,12.5,25.0,400000.0,20000.0,17.0,0.0,1
274.0,992,2.5182481751824817,1.4598540145985401,0.0,8.0,80000.0,20000.0,44.0,1.0,0,0,0.022727272727272728,0.88975,2.553956834532374,1.487559952038369,12.5,8.0,80000.0,20000.0,45.0,1.0,0
278.0,92,2.553956834532374,1.487559952038369,0.0,8.0,80000.0,20000.0,8.0,3.0,1,6,0.022727272727272728,-4.859999999999999,2.553956834532374,1.487559952038369,0.0,8.0,80000.0,20000.0,9.0,3.0,1
278.0,1896,2.553956834532374,1.487559952038369,0.0,8.0,80000.0,0.0,0.0,3.0,2,2,0.022727272727272728,-4.82,2.553956834532374,1.487559952038369,0.0,8.0,80000.0,0.0,0.0,3.0,1
278.0,1900,2.553956834532374,1.487559952038369,0.0,8.0,80000.0,0.0,0.0,3.0,3,10,0.022727272727272728,-4.98,2.553956834532374,1.487559952038369,0.0,8.0,80000.0,0.0,0.0,3.0,1
278.0,2350,2.553956834532374,1.487559952038369,0.0,8.0,80000.0,0.0,0.0,5.0,3,10,0.022727272727272728,-4.98,2.553956834532374,1.487559952038369,0.0,8.0,80000.0,0.0,0.0,5.0,1
278.0,2771,2.553956834532374,1.487559952038369,0.0,25.0,400000.0,20000.0,6.0,4.0,3,2,0.022727272727272728,-4.98,2.553956834532374,1.487559952038369,0.0,25.0,400000.0,20000.0,6.0,4.0,1
278.0,6667,2.553956834532374,1.487559952038369,12.5,12.0,120000.0,20000.0,12.0,5.0,3,2,0.022727272727272728,-4.98,2.553956834532374,1.487559952038369,12.5,12.0,120000.0,20000.0,12.0,5.0,1
278.0,10268,2.553956834532374,1.487559952038369,0.0,12.0,120000.0,0.0,0.0,2.0,3,2,0.022727272727272728,-4.98,2.553956834532374,1.487559952038369,0.0,12.0,120000.0,0.0,0.0,2.0,1
278.0,12064,2.553956834532374,1.487559952038369,0.0,12.0,120000.0,0.0,0.0,1.0,3,2,0.022727272727272728,-4.98,2.553956834532374,1.487559952038369,0.0,12.0,120000.0,0.0,0.0,1.0,1
278.0,12512,2.553956834532374,1.487559952038369,0.0,12.0,120000.0,0.0,0.0,4.0,3,5,0.022727272727272728,-4.98,2.553956834532374,1.487559952038369,0.0,12.0,120000.0,0.0,0.0,4.0,1
275.0,5312,2.5090909090909093,1.4545454545454546,12.5,12.0,120000.0,20000.0,11.0,2.0,2,3,0.022727272727272728,-4.945,2.553956834532374,1.487559952038369,12.5,12.0,120000.0,20000.0,11.0,2.0,1
274.0,534,2.5182481751824817,1.4598540145985401,12.5,8.0,80000.0,20000.0,19.0,4.0,0,0,0.022727272727272728,0.9291243749999987,2.5538648770236727,1.4875063911068045,12.5,8.0,80000.0,20000.0,19.0,4.0,0
279.0,2349,2.5448028673835124,1.4971624850657108,0.0,8.0,80000.0,0.0,0.0,5.0,2,8,0.022727272727272728,-4.82,2.5448028673835124,1.4971624850657108,0.0,8.0,80000.0,0.0,0.0,5.0,1
279.0,4217,2.5448028673835124,1.4971624850657108,0.0,25.0,400000.0,0.0,0.0,1.0,2,8,0.022727272727272728,-4.82,2.5448028673835124,1.4971624850657108,0.0,25.0,400000.0,0.0,0.0,1.0,1
279.0,5314,2.5448028673835124,1.4971624850657108,12.5,12.0,120000.0,20000.0,11.0,2.0,2,7,0.022727272727272728,-4.82,2.5448028673835124,1.4971624850657108,12.5,12.0,120000.0,20000.0,11.0,2.0,1
279.0,5766,2.5448028673835124,1.4971624850657108,0.0,12.0,120000.0,20000.0,7.0,2.0,2,7,0.022727272727272728,-4.82,2.5448028673835124,1.4971624850657108,0.0,12.0,120000.0,20000.0,7.0,2.0,1
279.0,7564,2.5448028673835124,1.4971624850657108,25.0,12.0,120000.0,20000.0,12.0,4.0,2,1,0.022727272727272728,-4.8,2.5448028673835124,1.4971624850657108,25.0,12.0,120000.0,20000.0,12.0,4.0,1
279.0,9348,2.5448028673835124,1.4971624850657108,0.0,12.0,120000.0,0.0,0.0,7.0,2,3,0.022727272727272728,-4.8,2.5448028673835124,1.4971624850657108,0.0,12.0,120000.0,0.0,0.0,7.0,1
279.0,11602,2.5448028673835124,1.4971624850657108,0.0,12.0,120000.0,0.0,0.0,3.0,2,3,0.022727272727272728,-4.8,2.5448028673835124,1.4971624850657108,0.0,12.0,120000.0,0.0,0.0,3.0,1
280.0,93,2.5357142857142856,1.4918154761904763,12.5,8.0,80000.0,20000.0,9.0,3.0,2,7,0.022727272727272728,-4.9,2.5357142857142856,1.4918154761904763,12.5,8.0,80000.0,20000.0,9.0,3.0,1
280.0,101,2.5357142857142856,1.4918154761904763,12.5,8.0,80000.0,20000.0,9.0,3.0,2,7,0.022727272727272728,-4.9,2.5357142857142856,1.4918154761904763,12.5,8.0,80000.0,20000.0,9.0,3.0,1
280.0,537,2.5357142857142856,1.4918154761904763,12.5,8.0,80000.0,20000.0,19.0,4.0,2,8,0.022727272727272728,-4.9,2.5357142857142856,1.4918154761904763,12.5,8.0,80000.0,20000.0,19.0,4.0,1
280.0,995,2.5357142857142856,1.4918154761904763,12.5,8.0,80000.0,20000.0,45.0,1.0,2,8,0.022727272727272728,-4.9,2.5357142857142856,1.4918154761904763,12.5,8.0,80000.0,20000.0,45.0,1.0,1
280.0,1897,2.5357142857142856,1.4918154761904763,0.0,8.0,80000.0,0.0,0.0,3.0,2,8,0.022727272727272728,-4.9,2.5357142857142856,1.4918154761904763,0.0,8.0,80000.0,0.0,0.0,3.0,1
280.0,1901,2.5357142857142856,1.4918154761904763,0.0,8.0,80000.0,0.0,0.0,3.0,2,8,0.022727272727272728,-4.9,2.5357142857142856,1.4918154761904763,0.0,8.0,80000.0,0.0,0.0,3.0,1
280.0,2351,2.5357142857142856,1.4918154761904763,0.0,8.0,80000.0,0.0,0.0,5.0,3,10,0.022727272727272728,-4.98,2.5357142857142856,1.4918154761904763,0.0,8.0,80000.0,0.0,0.0,5.0,1
280.0,3136,2.5357142857142856,1.4918154761904763,0.0,25.0,400000.0,0.0,0.0,5.0,3,10,0.022727272727272728,-4.98,2.5357142857142856,1.4918154761904763,0.0,25.0,400000.0,0.0,0.0,5.0,1
280.0,4570,2.5357142857142856,1.4918154761904763,0.0,25.0,400000.0,20000.0,13.0,3.0,3,2,0.022727272727272728,-4.9,2.5357142857142856,1.4918154761904763,0.0,25.0,400000.0,20000.0,13.0,3.0,1
280.0,4936,2.5357142857142856,1.4918154761904763,0.0,25.0,400000.0,0.0,0.0,5.0,3,2,0.022727272727272728,-4.9,2.5357142857142856,1.4918154761904763,0.0,25.0,400000.0,0.0,0.0,5.0,1
280.0,10269,2.5357142857142856,1.4918154761904763,0.0,12.0,120000.0,0.0,0.0,2.0,2,2,0.022727272727272728,-4.82,2.5357142857142856,1.4918154761904763,0.0,12.0,120000.0,0.0,0.0,2.0,1
280.0,12065,2.5357142857142856,1.4918154761904763,0.0,12.0,120000.0,0.0,0.0,1.0,2,9,0.022727272727272728,-4.82,2.5357142857142856,1.4918154761904763,0.0,12.0,120000.0,0.0,0.0,1.0,1
280.0,12513,2.5357142857142856,1.4918154761904763,0.0,12.0,120000.0,0.0,0.0,4.0,2,9,0.022727272727272728,-4.82,2.5357142857142856,1.4918154761904763,0.0,12.0,120000.0,0.0,0.0,4.0,1
274.0,6218,2.5182481751824817,1.4598540145985401,12.5,12.0,120000.0,20000.0,40.0,3.0,0,0,0.022727272727272728,0.9295829166666657,2.535623637169257,1.4917621456937675,0.0,12.0,120000.0,20000.0,39.0,3.0,0
274.0,6665,2.5182481751824817,1.4598540145985401,12.5,12.0,120000.0,20000.0,12.0,5.0,0,0,0.022727272727272728,0.9293329166666657,2.535623637169257,1.4917621456937675,12.5,12.0,120000.0,20000.0,12.0,5.0,0
276.0,993,2.560386473429952,1.4605978260869565,12.5,8.0,80000.0,20000.0,45.0,1.0,0,0,0.022727272727272728,0.9293743749999986,2.535623637169257,1.4917621456937675,0.0,8.0,80000.0,20000.0,44.0,1.0,0
276.0,91,2.560386473429952,1.4605978260869565,0.0,8.0,80000.0,20000.0,7.0,3.0,2,3,0.022727272727272728,-5.091458958333334,2.544498916406112,1.48998841337449,12.5,8.0,80000.0,20000.0,9.0,3.0,1
278.0,994,2.553956834532374,1.487559952038369,12.5,8.0,80000.0,20000.0,45.0,1.0,2,2,0.022727272727272728,-4.966458958333334,2.544498916406112,1.48998841337449,0.0,8.0,80000.0,20000.0,44.0,1.0,1
279.0,1448,2.5448028673835124,1.4971624850657108,0.0,8.0,80000.0,0.0,0.0,6.0,3,5,0.022727272727272728,-5.005208333333334,2.5414167804762187,1.4881835995487203,0.0,8.0,80000.0,0.0,0.0,6.0,1
275.0,7110,2.5090909090909093,1.4545454545454546,0.0,12.0,120000.0,20000.0,11.0,5.0,0,0,0.022727272727272728,0.9097500000000001,2.5385527876631078,1.4976275207591934,12.5,12.0,120000.0,20000.0,12.0,5.0,0
275.0,7562,2.5090909090909093,1.4545454545454546,0.0,12.0,120000.0,20000.0,10.0,4.0,0,0,0.022727272727272728,0.9097500000000001,2.5385527876631078,1.4976275207591934,12.5,12.0,120000.0,20000.0,11.0,4.0,0
281.0,2772,2.5385527876631078,1.4976275207591934,0.0,25.0,400000.0,20000.0,6.0,4.0,2,2,0.022727272727272728,-4.8,2.5385527876631078,1.4976275207591934,0.0,25.0,400000.0,20000.0,6.0,4.0,1
281.0,5315,2.5385527876631078,1.4976275207591934,12.5,12.0,120000.0,20000.0,11.0,2.0,2,2,0.022727272727272728,-4.8,2.5385527876631078,1.4976275207591934,12.5,12.0,120000.0,20000.0,11.0,2.0,1
281.0,5767,2.5385527876631078,1.4976275207591934,0.0,12.0,120000.0,20000.0,7.0,2.0,2,7,0.022727272727272728,-4.8,2.5385527876631078,1.4976275207591934,0.0,12.0,120000.0,20000.0,7.0,2.0,1
281.0,7113,2.5385527876631078,1.4976275207591934,12.5,12.0,120000.0,20000.0,12.0,5.0,2,7,0.022727272727272728,-4.8,2.5385527876631078,1.4976275207591934,12.5,12.0,120000.0,20000.0,12.0,5.0,1
281.0,7565,2.5385527876631078,1.4976275207591934,12.5,12.0,120000.0,20000.0,11.0,4.0,3,4,0.022727272727272728,-4.9,2.5385527876631078,1.4976275207591934,12.5,12.0,120000.0,20000.0,11.0,4.0,1
281.0,9349,2.5385527876631078,1.4976275207591934,0.0,12.0,120000.0,0.0,0.0,7.0,3,4,0.022727272727272728,-4.9,2.5385527876631078,1.4976275207591934,0.0,12.0,120000.0,0.0,0.0,7.0,1
281.0,11603,2.5385527876631078,1.4976275207591934,0.0,12.0,120000.0,0.0,0.0,3.0,2,2,0.022727272727272728,-4.8,2.5385527876631078,1.4976275207591934,0.0,12.0,120000.0,0.0,0.0,3.0,1
278.0,100,2.553956834532374,1.487559952038369,0.0,8.0,80000.0,20000.0,8.0,3.0,0,0,0.022727272727272728,0.89,2.5295508274231677,1.5292553191489362,0.0,8.0,80000.0,20000.0,8.0,3.0,0
282.0,102,2.5295508274231677,1.5292553191489362,0.0,8.0,80000.0,20000.0,8.0,3.0,1,9,0.022727272727272728,-4.82,2.5295508274231677,1.5292553191489362,0.0,8.0,80000.0,20000.0,8.0,3.0,1
282.0,538,2.5295508274231677,1.5292553191489362,12.5,8.0,80000.0,20000.0,19.0,4.0,1,9,0.022727272727272728,-4.82,2.5295508274231677,1.5292553191489362,12.5,8.0,80000.0,20000.0,19.0,4.0,1
282.0,996,2.5295508274231677,1.5292553191489362,0.0,8.0,80000.0,20000.0,44.0,1.0,1,8,0.022727272727272728,-4.82,2.5295508274231677,1.5292553191489362,0.0,8.0,80000.0,20000.0,44.0,1.0,1
282.0,1898,2.5295508274231677,1.5292553191489362,0.0,8.0,80000.0,0.0,0.0,3.0,1,8,0.022727272727272728,-4.82,2.5295508274231677,1.5292553191489362,0.0,8.0,80000.0,0.0,0.0,3.0,1
282.0,1902,2.5295508274231677,1.5292553191489362,0.0,8.0,80000.0,0.0,0.0,3.0,1,8,0.022727272727272728,-4.82,2.5295508274231677,1.5292553191489362,0.0,8.0,80000.0,0.0,0.0,3.0,1
282.0,6669,2.5295508274231677,1.5292553191489362,12.5,12.0,120000.0,20000.0,12.0,5.0,2,1,0.022727272727272728,-4.8,2.5295508274231677,1.5292553191489362,12.5,12.0,120000.0,20000.0,12.0,5.0,1
282.0,12066,2.5295508274231677,1.5292553191489362,0.0,12.0,120000.0,0.0,0.0,1.0,3,8,0.022727272727272728,-4.9,2.5295508274231677,1.5292553191489362,0.0,12.0,120000.0,0.0,0.0,1.0,1
282.0,12514,2.5295508274231677,1.5292553191489362,0.0,12.0,120000.0,0.0,0.0,4.0,3,8,0.022727272727272728,-4.9,2.5295508274231677,1.5292553191489362,0.0,12.0,120000.0,0.0,0.0,4.0,1
278.0,536,2.553956834532374,1.487559952038369,12.5,8.0,80000.0,20000.0,19.0,4.0,0,0,0.022727272727272728,0.9493743749999985,2.5294610405259492,1.529201037934788,0.0,8.0,80000.0,20000.0,18.0,4.0,0
283.0,3137,2.5206124852767964,1.531213191990577,0.0,25.0,400000.0,0.0,0.0,5.0,3,6,0.022727272727272728,-4.9,2.5206124852767964,1.531213191990577,0.0,25.0,400000.0,0.0,0.0,5.0,1
283.0,3490,2.5206124852767964,1.531213191990577,12.5,25.0,400000.0,20000.0,12.0,2.0,3,6,0.022727272727272728,-4.9,2.5206124852767964,1.531213191990577,12.5,25.0,400000.0,20000.0,12.0,2.0,1
283.0,4937,2.5206124852767964,1.531213191990577,0.0,25.0,400000.0,0.0,0.0,5.0,3,2,0.022727272727272728,-4.859999999999999,2.5206124852767964,1.531213191990577,0.0,25.0,400000.0,0.0,0.0,5.0,1
283.0,5316,2.5206124852767964,1.531213191990577,12.5,12.0,120000.0,20000.0,11.0,2.0,3,2,0.022727272727272728,-4.859999999999999,2.5206124852767964,1.531213191990577,12.5,12.0,120000.0,20000.0,11.0,2.0,1
283.0,7114,2.5206124852767964,1.531213191990577,12.5,12.0,120000.0,20000.0,12.0,5.0,2,8,0.022727272727272728,-4.8,2.5206124852767964,1.531213191990577,12.5,12.0,120000.0,20000.0,12.0,5.0,1
283.0,7566,2.5206124852767964,1.531213191990577,12.5,12.0,120000.0,20000.0,11.0,4.0,2,8,0.022727272727272728,-4.8,2.5206124852767964,1.531213191990577,12.5,12.0,120000.0,20000.0,11.0,4.0,1
283.0,9350,2.5206124852767964,1.531213191990577,0.0,12.0,120000.0,0.0,0.0,7.0,3,4,0.022727272727272728,-4.859999999999999,2.5206124852767964,1.531213191990577,0.0,12.0,120000.0,0.0,0.0,7.0,1
283.0,11604,2.5206124852767964,1.531213191990577,0.0,12.0,120000.0,0.0,0.0,3.0,3,4,0.022727272727272728,-4.859999999999999,2.5206124852767964,1.531213191990577,0.0,12.0,120000.0,0.0,0.0,3.0,1
279.0,7112,2.5448028673835124,1.4971624850657108,25.0,12.0,120000.0,20000.0,13.0,5.0,2,1,0.022727272727272728,-4.966666666666667,2.5206124852767964,1.531213191990577,12.5,12.0,120000.0,20000.0,12.0,5.0,1
277.0,7111,2.5511432009626955,1.4553249097472922,12.5,12.0,120000.0,20000.0,12.0,5.0,0,0,0.022727272727272728,0.9495829166666656,2.5205233317836826,1.531159033326536,0.0,12.0,120000.0,20000.0,11.0,5.0,0
277.0,7563,2.5511432009626955,1.4553249097472922,12.5,12.0,120000.0,20000.0,11.0,4.0,0,0,0.022727272727272728,0.9495829166666656,2.5205233317836826,1.531159033326536,0.0,12.0,120000.0,20000.0,10.0,4.0,0
281.0,1449,2.5385527876631078,1.4976275207591934,0.0,8.0,80000.0,0.0,0.0,6.0,1,2,0.022727272727272728,-4.946458958333333,2.517558114976244,1.5293577333967836,0.0,8.0,80000.0,0.0,0.0,6.0,1
284.0,95,2.511737089201878,1.5258215962441315,0.0,8.0,80000.0,20000.0,8.0,3.0,1,8,0.022727272727272728,-4.8,2.511737089201878,1.5258215962441315,0.0,8.0,80000.0,20000.0,8.0,3.0,1
284.0,103,2.511737089201878,1.5258215962441315,0.0,8.0,80000.0,20000.0,8.0,3.0,1,8,0.022727272727272728,-4.8,2.511737089201878,1.5258215962441315,0.0,8.0,80000.0,20000.0,8.0,3.0,1
284.0,539,2.511737089201878,1.5258215962441315,0.0,8.0,80000.0,20000.0,18.0,4.0,3,8,0.022727272727272728,-4.859999999999999,2.511737089201878,1.5258215962441315,0.0,8.0,80000.0,20000.0,18.0,4.0,1
284.0,997,2.511737089201878,1.5258215962441315,0.0,8.0,80000.0,20000.0,44.0,1.0,3,8,0.022727272727272728,-4.859999999999999,2.511737089201878,1.5258215962441315,0.0,8.0,80000.0,20000.0,44.0,1.0,1
284.0,1899,2.511737089201878,1.5258215962441315,0.0,8.0,80000.0,0.0,0.0,3.0,3,8,0.022727272727272728,-4.859999999999999,2.511737089201878,1.5258215962441315,0.0,8.0,80000.0,0.0,0.0,3.0,1
284.0,1903,2.511737089201878,1.5258215962441315,0.0,8.0,80000.0,0.0,0.0,3.0,3,8,0.022727272727272728,-4.859999999999999,2.511737089201878,1.5258215962441315,0.0,8.0,80000.0,0.0,0.0,3.0,1
284.0,2353,2.511737089201878,1.5258215962441315,0.0,8.0,80000.0,0.0,0.0,5.0,3,8,0.022727272727272728,-4.859999999999999,2.511737089201878,1.5258215962441315,0.0,8.0,80000.0,0.0,0.0,5.0,1
284.0,2773,2.511737089201878,1.5258215962441315,0.0,25.0,400000.0,20000.0,7.0,4.0,3,8,0.022727272727272728,-4.859999999999999,2.511737089201878,1.5258215962441315,0.0,25.0,400000.0,20000.0,8.0,4.0,1
284.0,12067,2.511737089201878,1.5258215962441315,0.0,12.0,120000.0,0.0,0.0,1.0,1,8,0.022727272727272728,-4.8,2.511737089201878,1.5258215962441315,0.0,12.0,120000.0,0.0,0.0,1.0,1
284.0,12515,2.511737089201878,1.5258215962441315,0.0,12.0,120000.0,0.0,0.0,4.0,1,8,0.022727272727272728,-4.8,2.511737089201878,1.5258215962441315,0.0,12.0,120000.0,0.0,0.0,4.0,1
282.0,94,2.5295508274231677,1.5292553191489362,0.0,8.0,80000.0,20000.0,8.0,3.0,2,2,0.022727272727272728,-4.946458958333333,2.5087041777415506,1.5239791733943997,0.0,8.0,80000.0,20000.0,8.0,3.0,1
268.0,4932,2.468905472636816,1.4303482587064678,0.0,25.0,400000.0,0.0,0.0,5.0,2,2,0.022727272727272728,-5.133333333333334,2.505854800936768,1.5222482435597189,0.0,25.0,400000.0,0.0,0.0,5.0,1
285.0,4219,2.5029239766081868,1.5204678362573099,0.0,25.0,400000.0,0.0,0.0,1.0,1,8,0.022727272727272728,-4.80025,2.5029239766081868,1.5204678362573099,0.0,25.0,400000.0,0.0,0.0,1.0,1
285.0,5317,2.5029239766081868,1.5204678362573099,12.5,12.0,120000.0,20000.0,11.0,2.0,2,1,0.022727272727272728,-4.8,2.5029239766081868,1.5204678362573099,12.5,12.0,120000.0,20000.0,11.0,2.0,1
285.0,5769,2.5029239766081868,1.5204678362573099,25.0,12.0,120000.0,20000.0,9.0,2.0,2,1,0.022727272727272728,-4.8,2.5029239766081868,1.5204678362573099,25.0,12.0,120000.0,20000.0,9.0,2.0,1
285.0,7567,2.5029239766081868,1.5204678362573099,0.0,12.0,120000.0,20000.0,10.0,4.0,3,6,0.022727272727272728,-4.859999999999999,2.5029239766081868,1.5204678362573099,0.0,12.0,120000.0,20000.0,10.0,4.0,1
285.0,9351,2.5029239766081868,1.5204678362573099,0.0,12.0,120000.0,0.0,0.0,7.0,3,4,0.022727272727272728,-4.859999999999999,2.5029239766081868,1.5204678362573099,0.0,12.0,120000.0,0.0,0.0,7.0,1
285.0,11605,2.5029239766081868,1.5204678362573099,0.0,12.0,120000.0,0.0,0.0,3.0,3,4,0.022727272727272728,-4.859999999999999,2.5029239766081868,1.5204678362573099,0.0,12.0,120000.0,0.0,0.0,3.0,1
286.0,540,2.4941724941724943,1.5151515151515151,0.0,8.0,80000.0,20000.0,18.0,4.0,1,4,0.022727272727272728,-4.8,2.4941724941724943,1.5151515151515151,0.0,8.0,80000.0,20000.0,18.0,4.0,1
286.0,998,2.4941724941724943,1.5151515151515151,0.0,8.0,80000.0,20000.0,44.0,1.0,1,4,0.022727272727272728,-4.8,2.4941724941724943,1.5151515151515151,0.0,8.0,80000.0,20000.0,44.0,1.0,1
286.0,1904,2.4941724941724943,1.5151515151515151,0.0,8.0,80000.0,0.0,0.0,3.0,1,3,0.022727272727272728,-4.8,2.4941724941724943,1.5151515151515151,0.0,8.0,80000.0,0.0,0.0,3.0,1
286.0,2354,2.4941724941724943,1.5151515151515151,0.0,8.0,80000.0,0.0,0.0,5.0,1,3,0.022727272727272728,-4.8,2.4941724941724943,1.5151515151515151,0.0,8.0,80000.0,0.0,0.0,5.0,1
286.0,3138,2.4941724941724943,1.5151515151515151,0.0,25.0,400000.0,0.0,0.0,5.0,3,4,0.022727272727272728,-4.859999999999999,2.4941724941724943,1.5151515151515151,0.0,25.0,400000.0,0.0,0.0,5.0,1
286.0,3491,2.4941724941724943,1.5151515151515151,12.5,25.0,400000.0,20000.0,12.0,2.0,3,4,0.022727272727272728,-4.859999999999999,2.4941724941724943,1.5151515151515151,12.5,25.0,400000.0,20000.0,12.0,2.0,1
286.0,3845,2.4941724941724943,1.5151515151515151,12.5,25.0,400000.0,20000.0,18.0,0.0,3,7,0.022727272727272728,-4.859999999999999,2.4941724941724943,1.5151515151515151,12.5,25.0,400000.0,20000.0,18.0,0.0,1
286.0,4572,2.4941724941724943,1.5151515151515151,0.0,25.0,400000.0,20000.0,13.0,3.0,3,7,0.022727272727272728,-4.859999999999999,2.4941724941724943,1.5151515151515151,0.0,25.0,400000.0,20000.0,13.0,3.0,1
286.0,4938,2.4941724941724943,1.5151515151515151,0.0,25.0,400000.0,0.0,0.0,5.0,3,3,0.022727272727272728,-4.859999999999999,2.4941724941724943,1.5151515151515151,0.0,25.0,400000.0,0.0,0.0,5.0,1
286.0,5771,2.4941724941724943,1.5151515151515151,25.0,12.0,120000.0,20000.0,9.0,2.0,3,3,0.022727272727272728,-4.859999999999999,2.4941724941724943,1.5151515151515151,25.0,12.0,120000.0,20000.0,9.0,2.0,1
286.0,12068,2.4941724941724943,1.5151515151515151,0.0,12.0,120000.0,0.0,0.0,1.0,3,3,0.022727272727272728,-4.859999999999999,2.4941724941724943,1.5151515151515151,0.0,12.0,120000.0,0.0,0.0,1.0,1
286.0,12516,2.4941724941724943,1.5151515151515151,0.0,12.0,120000.0,0.0,0.0,4.0,3,3,0.022727272727272728,-4.859999999999999,2.4941724941724943,1.5151515151515151,0.0,12.0,120000.0,0.0,0.0,4.0,1
280.0,6668,2.5357142857142856,1.4918154761904763,12.5,12.0,120000.0,20000.0,12.0,5.0,0,0,0.022727272727272728,0.9490829166666657,2.4940852011904524,1.5150984867044803,25.0,12.0,120000.0,20000.0,13.0,5.0,0
287.0,2774,2.4854819976771196,1.5098722415795587,0.0,25.0,400000.0,20000.0,9.0,4.0,2,2,0.022727272727272728,-4.8,2.4854819976771196,1.5098722415795587,0.0,25.0,400000.0,20000.0,9.0,4.0,1
287.0,3140,2.4854819976771196,1.5098722415795587,0.0,25.0,400000.0,0.0,0.0,5.0,2,2,0.022727272727272728,-4.8,2.4854819976771196,1.5098722415795587,0.0,25.0,400000.0,0.0,0.0,5.0,1
287.0,5318,2.4854819976771196,1.5098722415795587,12.5,12.0,120000.0,20000.0,11.0,2.0,1,3,0.022727272727272728,-4.8,2.4854819976771196,1.5098722415795587,12.5,12.0,120000.0,20000.0,11.0,2.0,1
287.0,6672,2.4854819976771196,1.5098722415795587,25.0,12.0,120000.0,20000.0,13.0,5.0,1,3,0.022727272727272728,-4.8,2.4854819976771196,1.5098722415795587,25.0,12.0,120000.0,20000.0,13.0,5.0,1
287.0,7116,2.4854819976771196,1.5098722415795587,12.5,12.0,120000.0,20000.0,12.0,5.0,2,6,0.022727272727272728,-4.8,2.4854819976771196,1.5098722415795587,12.5,12.0,120000.0,20000.0,12.0,5.0,1
287.0,7568,2.4854819976771196,1.5098722415795587,0.0,12.0,120000.0,20000.0,10.0,4.0,2,6,0.022727272727272728,-4.8,2.4854819976771196,1.5098722415795587,0.0,12.0,120000.0,20000.0,10.0,4.0,1
287.0,9352,2.4854819976771196,1.5098722415795587,0.0,12.0,120000.0,0.0,0.0,7.0,3,6,0.022727272727272728,-4.859999999999999,2.4854819976771196,1.5098722415795587,0.0,12.0,120000.0,0.0,0.0,7.0,1
287.0,11606,2.4854819976771196,1.5098722415795587,0.0,12.0,120000.0,0.0,0.0,3.0,2,1,0.022727272727272728,-4.8,2.4854819976771196,1.5098722415795587,0.0,12.0,120000.0,0.0,0.0,3.0,1
288.0,97,2.476851851851852,1.5046296296296295,25.0,8.0,80000.0,20000.0,10.0,3.0,2,1,0.022727272727272728,-4.8,2.476851851851852,1.5046296296296295,25.0,8.0,80000.0,20000.0,10.0,3.0,1
288.0,105,2.476851851851852,1.5046296296296295,25.0,8.0,80000.0,20000.0,10.0,3.0,2,1,0.022727272727272728,-4.8,2.476851851851852,1.5046296296296295,25.0,8.0,80000.0,20000.0,10.0,3.0,1
288.0,541,2.476851851851852,1.5046296296296295,0.0,8.0,80000.0,20000.0,18.0,4.0,2,1,0.022727272727272728,-4.8,2.476851851851852,1.5046296296296295,0.0,8.0,80000.0,20000.0,18.0,4.0,1
288.0,1905,2.476851851851852,1.5046296296296295,0.0,8.0,80000.0,0.0,0.0,3.0,2,1,0.022727272727272728,-4.8,2.476851851851852,1.5046296296296295,0.0,8.0,80000.0,0.0,0.0,3.0,1
288.0,2355,2.476851851851852,1.5046296296296295,0.0,8.0,80000.0,0.0,0.0,5.0,1,3,0.022727272727272728,-4.8,2.476851851851852,1.5046296296296295,0.0,8.0,80000.0,0.0,0.0,5.0,1
288.0,5772,2.476851851851852,1.5046296296296295,25.0,12.0,120000.0,20000.0,9.0,2.0,1,3,0.022727272727272728,-4.8,2.476851851851852,1.5046296296296295,25.0,12.0,120000.0,20000.0,9.0,2.0,1
288.0,12069,2.476851851851852,1.5046296296296295,0.0,12.0,120000.0,0.0,0.0,1.0,1,3,0.022727272727272728,-4.8,2.476851851851852,1.5046296296296295,0.0,12.0,120000.0,0.0,0.0,1.0,1
288.0,12517,2.476851851851852,1.5046296296296295,0.0,12.0,120000.0,0.0,0.0,4.0,1,3,0.022727272727272728,-4.8,2.476851851851852,1.5046296296296295,0.0,12.0,120000.0,0.0,0.0,4.0,1
248.0,2761,2.506720430107527,1.4280913978494623,0.0,25.0,400000.0,20000.0,5.0,4.0,2,1,0.022727272727272728,-3.6133333333333333,2.4711316397228638,1.5011547344110854,0.0,25.0,400000.0,20000.0,9.0,4.0,1
283.0,5768,2.5206124852767964,1.531213191990577,0.0,12.0,120000.0,20000.0,7.0,2.0,1,1,0.022727272727272728,0.9497500000000001,2.4682814302191463,1.4994232987312572,12.5,12.0,120000.0,20000.0,8.0,2.0,0
289.0,3139,2.4682814302191463,1.4994232987312572,0.0,25.0,400000.0,0.0,0.0,5.0,3,3,0.022727272727272728,-4.859999999999999,2.4682814302191463,1.4994232987312572,0.0,25.0,400000.0,0.0,0.0,5.0,1
289.0,3492,2.4682814302191463,1.4994232987312572,12.5,25.0,400000.0,20000.0,12.0,2.0,3,9,0.022727272727272728,-4.859999999999999,2.4682814302191463,1.4994232987312572,12.5,25.0,400000.0,20000.0,12.0,2.0,1
289.0,3846,2.4682814302191463,1.4994232987312572,12.5,25.0,400000.0,20000.0,18.0,0.0,3,9,0.022727272727272728,-4.859999999999999,2.4682814302191463,1.4994232987312572,12.5,25.0,400000.0,20000.0,18.0,0.0,1
289.0,4573,2.4682814302191463,1.4994232987312572,0.0,25.0,400000.0,20000.0,13.0,3.0,2,9,0.022727272727272728,-4.8,2.4682814302191463,1.4994232987312572,0.0,25.0,400000.0,20000.0,13.0,3.0,1
289.0,4939,2.4682814302191463,1.4994232987312572,0.0,25.0,400000.0,0.0,0.0,5.0,2,9,0.022727272727272728,-4.8,2.4682814302191463,1.4994232987312572,0.0,25.0,400000.0,0.0,0.0,5.0,1
289.0,6673,2.4682814302191463,1.4994232987312572,25.0,12.0,120000.0,20000.0,13.0,5.0,2,4,0.022727272727272728,-4.8,2.4682814302191463,1.4994232987312572,25.0,12.0,120000.0,20000.0,13.0,5.0,1
289.0,7117,2.4682814302191463,1.4994232987312572,12.5,12.0,120000.0,20000.0,12.0,5.0,2,4,0.022727272727272728,-4.8,2.4682814302191463,1.4994232987312572,12.5,12.0,120000.0,20000.0,12.0,5.0,1
289.0,7569,2.4682814302191463,1.4994232987312572,0.0,12.0,120000.0,20000.0,10.0,4.0,3,7,0.022727272727272728,-4.859999999999999,2.4682814302191463,1.4994232987312572,0.0,12.0,120000.0,20000.0,10.0,4.0,1
289.0,9353,2.4682814302191463,1.4994232987312572,0.0,12.0,120000.0,0.0,0.0,7.0,3,7,0.022727272727272728,-4.859999999999999,2.4682814302191463,1.4994232987312572,0.0,12.0,120000.0,0.0,0.0,7.0,1
289.0,11607,2.4682814302191463,1.4994232987312572,0.0,12.0,120000.0,0.0,0.0,3.0,3,7,0.022727272727272728,-4.859999999999999,2.4682814302191463,1.4994232987312572,0.0,12.0,120000.0,0.0,0.0,3.0,1
283.0,6670,2.5206124852767964,1.531213191990577,12.5,12.0,120000.0,20000.0,12.0,5.0,0,0,0.022727272727272728,0.9493329166666657,2.4681959401106326,1.4993713654877672,12.5,12.0,120000.0,20000.0,12.0,5.0,0
273.0,5311,2.4481074481074483,1.4652014652014653,0.0,12.0,120000.0,20000.0,11.0,2.0,1,2,0.022727272727272728,-3.5083333333333333,2.4597701149425286,1.4942528735632183,25.0,12.0,120000.0,20000.0,12.0,2.0,1
286.0,96,2.4941724941724943,1.5151515151515151,0.0,8.0,80000.0,20000.0,8.0,3.0,0,0,0.022727272727272728,0.95,2.4597701149425286,1.4942528735632183,0.0,8.0,80000.0,20000.0,9.0,3.0,0
286.0,104,2.4941724941724943,1.5151515151515151,0.0,8.0,80000.0,20000.0,9.0,3.0,0,0,0.022727272727272728,0.95,2.4597701149425286,1.4942528735632183,0.0,8.0,80000.0,20000.0,9.0,3.0,0
290.0,98,2.4597701149425286,1.4942528735632183,0.0,8.0,80000.0,20000.0,8.0,3.0,3,7,0.022727272727272728,-4.859999999999999,2.4597701149425286,1.4942528735632183,0.0,8.0,80000.0,20000.0,9.0,3.0,1
290.0,1906,2.4597701149425286,1.4942528735632183,0.0,8.0,80000.0,0.0,0.0,3.0,3,9,0.022727272727272728,-4.859999999999999,2.4597701149425286,1.4942528735632183,0.0,8.0,80000.0,0.0,0.0,3.0,1
290.0,2356,2.4597701149425286,1.4942528735632183,0.0,8.0,80000.0,0.0,0.0,5.0,3,9,0.022727272727272728,-4.859999999999999,2.4597701149425286,1.4942528735632183,0.0,8.0,80000.0,0.0,0.0,5.0,1
290.0,3141,2.4597701149425286,1.4942528735632183,0.0,25.0,400000.0,0.0,0.0,5.0,2,9,0.022727272727272728,-4.8,2.4597701149425286,1.4942528735632183,0.0,25.0,400000.0,0.0,0.0,5.0,1
290.0,12518,2.4597701149425286,1.4942528735632183,0.0,12.0,120000.0,0.0,0.0,4.0,2,9,0.022727272727272728,-4.8,2.4597701149425286,1.4942528735632183,0.0,12.0,120000.0,0.0,0.0,4.0,1
284.0,5770,2.511737089201878,1.5258215962441315,12.5,12.0,120000.0,20000.0,8.0,2.0,0,0,0.022727272727272728,0.9493329166666657,2.459685213394301,1.494201297856351,12.5,12.0,120000.0,20000.0,8.0,2.0,0
285.0,7115,2.5029239766081868,1.5204678362573099,0.0,12.0,120000.0,20000.0,11.0,5.0,0,0,0.022727272727272728,0.95,2.4513172966781216,1.4891179839633448,0.0,12.0,120000.0,20000.0,11.0,5.0,0
291.0,1001,2.4513172966781216,1.4891179839633448,25.0,8.0,80000.0,20000.0,46.0,1.0,3,4,0.022727272727272728,-4.859999999999999,2.4513172966781216,1.4891179839633448,25.0,8.0,80000.0,20000.0,46.0,1.0,1
291.0,6221,2.4513172966781216,1.4891179839633448,12.5,12.0,120000.0,20000.0,40.0,3.0,2,6,0.022727272727272728,-4.8,2.4513172966781216,1.4891179839633448,12.5,12.0,120000.0,20000.0,40.0,3.0,1
291.0,6674,2.4513172966781216,1.4891179839633448,12.5,12.0,120000.0,20000.0,12.0,5.0,2,6,0.022727272727272728,-4.8,2.4513172966781216,1.4891179839633448,12.5,12.0,120000.0,20000.0,12.0,5.0,1
291.0,7118,2.4513172966781216,1.4891179839633448,0.0,12.0,120000.0,20000.0,11.0,5.0,2,7,0.022727272727272728,-4.8,2.4513172966781216,1.4891179839633448,0.0,12.0,120000.0,20000.0,11.0,5.0,1
291.0,9354,2.4513172966781216,1.4891179839633448,0.0,12.0,120000.0,0.0,0.0,7.0,2,7,0.022727272727272728,-4.8,2.4513172966781216,1.4891179839633448,0.0,12.0,120000.0,0.0,0.0,7.0,1
291.0,11608,2.4513172966781216,1.4891179839633448,0.0,12.0,120000.0,0.0,0.0,3.0,2,7,0.022727272727272728,-4.8,2.4513172966781216,1.4891179839633448,0.0,12.0,120000.0,0.0,0.0,3.0,1
285.0,6671,2.5029239766081868,1.5204678362573099,25.0,12.0,120000.0,20000.0,13.0,5.0,0,0,0.022727272727272728,0.9495829166666656,2.451232977633083,1.4890667621135552,0.0,12.0,120000.0,20000.0,11.0,5.0,0
288.0,999,2.476851851851852,1.5046296296296295,0.0,8.0,80000.0,20000.0,44.0,1.0,0,0,0.022727272727272728,0.9497500000000001,2.442922374429224,1.4840182648401825,12.5,8.0,80000.0,20000.0,45.0,1.0,0
292.0,99,2.442922374429224,1.4840182648401825,12.5,8.0,80000.0,20000.0,9.0,3.0,1,7,0.022727272727272728,-4.8,2.442922374429224,1.4840182648401825,12.5,8.0,80000.0,20000.0,9.0,3.0,1
292.0,107,2.442922374429224,1.4840182648401825,12.5,8.0,80000.0,20000.0,9.0,3.0,1,7,0.022727272727272728,-4.8,2.442922374429224,1.4840182648401825,12.5,8.0,80000.0,20000.0,9.0,3.0,1
292.0,543,2.442922374429224,1.4840182648401825,12.5,8.0,80000.0,20000.0,19.0,4.0,1,4,0.022727272727272728,-4.8,2.442922374429224,1.4840182648401825,12.5,8.0,80000.0,20000.0,19.0,4.0,1
292.0,1907,2.442922374429224,1.4840182648401825,0.0,8.0,80000.0,0.0,0.0,3.0,1,4,0.022727272727272728,-4.8,2.442922374429224,1.4840182648401825,0.0,8.0,80000.0,0.0,0.0,3.0,1
292.0,2357,2.442922374429224,1.4840182648401825,0.0,8.0,80000.0,0.0,0.0,5.0,3,6,0.022727272727272728,-4.859999999999999,2.442922374429224,1.4840182648401825,0.0,8.0,80000.0,0.0,0.0,5.0,1
292.0,3493,2.442922374429224,1.4840182648401825,12.5,25.0,400000.0,20000.0,12.0,2.0,3,6,0.022727272727272728,-4.859999999999999,2.442922374429224,1.4840182648401825,12.5,25.0,400000.0,20000.0,12.0,2.0,1
292.0,5774,2.442922374429224,1.4840182648401825,12.5,12.0,120000.0,20000.0,8.0,2.0,1,1,0.022727272727272728,-4.8,2.442922374429224,1.4840182648401825,12.5,12.0,120000.0,20000.0,8.0,2.0,1
292.0,12519,2.442922374429224,1.4840182648401825,0.0,12.0,120000.0,0.0,0.0,4.0,1,1,0.022727272727272728,-4.8,2.442922374429224,1.4840182648401825,0.0,12.0,120000.0,0.0,0.0,4.0,1
293.0,1002,2.434584755403868,1.4789533560864618,12.5,8.0,80000.0,20000.0,45.0,1.0,1,1,0.022727272727272728,-4.8,2.434584755403868,1.4789533560864618,12.5,8.0,80000.0,20000.0,45.0,1.0,1
293.0,3142,2.434584755403868,1.4789533560864618,0.0,25.0,400000.0,0.0,0.0,5.0,2,1,0.022727272727272728,-4.8,2.434584755403868,1.4789533560864618,0.0,25.0,400000.0,0.0,0.0,5.0,1
293.0,4940,2.434584755403868,1.4789533560864618,0.0,25.0,400000.0,0.0,0.0,5.0,1,1,0.022727272727272728,-4.8,2.434584755403868,1.4789533560864618,0.0,25.0,400000.0,0.0,0.0,5.0,1
293.0,6222,2.434584755403868,1.4789533560864618,12.5,12.0,120000.0,20000.0,40.0,3.0,1,1,0.022727272727272728,-4.80025,2.434584755403868,1.4789533560864618,12.5,12.0,120000.0,20000.0,40.0,3.0,1
293.0,6675,2.434584755403868,1.4789533560864618,0.0,12.0,120000.0,20000.0,11.0,5.0,3,1,0.022727272727272728,-4.859999999999999,2.434584755403868,1.4789533560864618,0.0,12.0,120000.0,20000.0,11.0,5.0,1
293.0,7119,2.434584755403868,1.4789533560864618,0.0,12.0,120000.0,20000.0,11.0,5.0,3,1,0.022727272727272728,-4.859999999999999,2.434584755403868,1.4789533560864618,0.0,12.0,120000.0,20000.0,12.0,5.0,1
293.0,7570,2.434584755403868,1.4789533560864618,0.0,12.0,120000.0,20000.0,11.0,4.0,1,7,0.022727272727272728,-4.8,2.434584755403868,1.4789533560864618,0.0,12.0,120000.0,20000.0,11.0,4.0,1
293.0,9355,2.434584755403868,1.4789533560864618,0.0,12.0,120000.0,0.0,0.0,7.0,1,7,0.022727272727272728,-4.8,2.434584755403868,1.4789533560864618,0.0,12.0,120000.0,0.0,0.0,7.0,1
293.0,11609,2.434584755403868,1.4789533560864618,0.0,12.0,120000.0,0.0,0.0,3.0,3,7,0.022727272727272728,-4.859999999999999,2.434584755403868,1.4789533560864618,0.0,12.0,120000.0,0.0,0.0,3.0,1
293.0,12520,2.434584755403868,1.4789533560864618,0.0,12.0,120000.0,0.0,0.0,4.0,3,7,0.022727272727272728,-4.859999999999999,2.434584755403868,1.4789533560864618,0.0,12.0,120000.0,0.0,0.0,4.0,1
289.0,1000,2.4682814302191463,1.4994232987312572,12.5,8.0,80000.0,20000.0,45.0,1.0,0,0,0.022727272727272728,0.9493743749999985,2.43450158352383,1.4789028311126071,0.0,8.0,80000.0,20000.0,44.0,1.0,0
268.0,3132,2.468905472636816,1.4303482587064678,0.0,25.0,400000.0,0.0,0.0,5.0,1,1,0.022727272727272728,-3.3602499999999997,2.4263038548752833,1.473922902494331,0.0,25.0,400000.0,0.0,0.0,5.0,1
290.0,542,2.4597701149425286,1.4942528735632183,0.0,8.0,80000.0,20000.0,18.0,4.0,0,0,0.022727272727272728,0.91,2.4263038548752833,1.473922902494331,0.0,8.0,80000.0,20000.0,19.0,4.0,0
294.0,1908,2.4263038548752833,1.473922902494331,0.0,8.0,80000.0,0.0,0.0,3.0,1,7,0.022727272727272728,-4.84,2.4263038548752833,1.473922902494331,0.0,8.0,80000.0,0.0,0.0,3.0,1
294.0,2358,2.4263038548752833,1.473922902494331,0.0,8.0,80000.0,0.0,0.0,5.0,1,7,0.022727272727272728,-4.84,2.4263038548752833,1.473922902494331,0.0,8.0,80000.0,0.0,0.0,5.0,1
294.0,5775,2.4263038548752833,1.473922902494331,12.5,12.0,120000.0,20000.0,8.0,2.0,1,3,0.022727272727272728,-4.84,2.4263038548752833,1.473922902494331,12.5,12.0,120000.0,20000.0,8.0,2.0,1
274.0,3487,2.5182481751824817,1.4598540145985401,12.5,25.0,400000.0,20000.0,12.0,2.0,1,10,0.022727272727272728,0.7997997999999995,2.4262212478185123,1.473872720637414,0.0,25.0,400000.0,20000.0,11.0,2.0,0
290.0,106,2.4597701149425286,1.4942528735632183,0.0,8.0,80000.0,20000.0,8.0,3.0,0,0,0.022727272727272728,0.9491243749999987,2.4262212478185123,1.473872720637414,12.5,8.0,80000.0,20000.0,9.0,3.0,0
273.0,4215,2.4481074481074483,1.4652014652014653,0.0,25.0,400000.0,0.0,0.0,1.0,1,2,0.022727272727272728,0.6797500000000001,2.4745762711864403,1.4689265536723166,0.0,25.0,400000.0,0.0,0.0,1.0,0
289.0,6220,2.4682814302191463,1.4994232987312572,0.0,12.0,120000.0,20000.0,39.0,3.0,0,0,0.022727272727272728,0.87,2.4745762711864403,1.4689265536723166,0.0,12.0,120000.0,20000.0,39.0,3.0,0
295.0,4575,2.4745762711864403,1.4689265536723166,12.5,25.0,400000.0,20000.0,16.0,3.0,3,6,0.022727272727272728,-4.9399999999999995,2.4745762711864403,1.4689265536723166,12.5,25.0,400000.0,20000.0,16.0,3.0,1
295.0,6223,2.4745762711864403,1.4689265536723166,0.0,12.0,120000.0,20000.0,39.0,3.0,3,6,0.022727272727272728,-4.9399999999999995,2.4745762711864403,1.4689265536723166,0.0,12.0,120000.0,20000.0,39.0,3.0,1
295.0,9356,2.4745762711864403,1.4689265536723166,0.0,12.0,120000.0,0.0,0.0,7.0,2,8,0.022727272727272728,-4.82,2.4745762711864403,1.4689265536723166,0.0,12.0,120000.0,0.0,0.0,7.0,1
295.0,11610,2.4745762711864403,1.4689265536723166,0.0,12.0,120000.0,0.0,0.0,3.0,2,8,0.022727272727272728,-4.82,2.4745762711864403,1.4689265536723166,0.0,12.0,120000.0,0.0,0.0,3.0,1
295.0,12521,2.4745762711864403,1.4689265536723166,0.0,12.0,120000.0,0.0,0.0,4.0,2,8,0.022727272727272728,-4.82,2.4745762711864403,1.4689265536723166,0.0,12.0,120000.0,0.0,0.0,4.0,1
289.0,5319,2.4682814302191463,1.4994232987312572,12.5,12.0,120000.0,20000.0,11.0,2.0,0,0,0.022727272727272728,0.9295829166666657,2.4744923062102195,1.468876711448989,0.0,12.0,120000.0,20000.0,10.0,2.0,0
296.0,109,2.5225225225225225,1.4639639639639639,12.5,8.0,80000.0,20000.0,9.0,3.0,2,8,0.022727272727272728,-4.88,2.5225225225225225,1.4639639639639639,12.5,8.0,80000.0,20000.0,9.0,3.0,1
296.0,545,2.5225225225225225,1.4639639639639639,12.5,8.0,80000.0,20000.0,19.0,4.0,3,5,0.022727272727272728,-4.9399999999999995,2.5225225225225225,1.4639639639639639,12.5,8.0,80000.0,20000.0,19.0,4.0,1
296.0,1909,2.5225225225225225,1.4639639639639639,0.0,8.0,80000.0,0.0,0.0,3.0,3,5,0.022727272727272728,-4.9399999999999995,2.5225225225225225,1.4639639639639639,0.0,8.0,80000.0,0.0,0.0,3.0,1
296.0,2359,2.5225225225225225,1.4639639639639639,0.0,8.0,80000.0,0.0,0.0,5.0,1,10,0.022727272727272728,-4.88,2.5225225225225225,1.4639639639639639,0.0,8.0,80000.0,0.0,0.0,5.0,1
296.0,2777,2.5225225225225225,1.4639639639639639,25.0,25.0,400000.0,20000.0,11.0,4.0,1,10,0.022727272727272728,-4.88,2.5225225225225225,1.4639639639639639,25.0,25.0,400000.0,20000.0,11.0,4.0,1
296.0,3143,2.5225225225225225,1.4639639639639639,0.0,25.0,400000.0,0.0,0.0,5.0,3,9,0.022727272727272728,-4.9399999999999995,2.5225225225225225,1.4639639639639639,0.0,25.0,400000.0,0.0,0.0,5.0,1
296.0,4941,2.5225225225225225,1.4639639639639639,0.0,25.0,400000.0,0.0,0.0,5.0,3,9,0.022727272727272728,-4.9399999999999995,2.5225225225225225,1.4639639639639639,0.0,25.0,400000.0,0.0,0.0,5.0,1
296.0,5776,2.5225225225225225,1.4639639639639639,12.5,12.0,120000.0,20000.0,8.0,2.0,3,9,0.022727272727272728,-4.9399999999999995,2.5225225225225225,1.4639639639639639,12.5,12.0,120000.0,20000.0,8.0,2.0,1
290.0,5773,2.4597701149425286,1.4942528735632183,12.5,12.0,120000.0,20000.0,8.0,2.0,0,0,0.022727272727272728,0.8695829166666657,2.522437219831406,1.4639144579378693,0.0,12.0,120000.0,20000.0,7.0,2.0,0
280.0,3843,2.5357142857142856,1.4918154761904763,12.5,25.0,400000.0,20000.0,17.0,0.0,3,2,0.022727272727272728,0.72,2.5140291806958475,1.4590347923681257,25.0,25.0,400000.0,20000.0,19.0,0.0,0
297.0,1004,2.5140291806958475,1.4590347923681257,0.0,8.0,80000.0,20000.0,44.0,1.0,3,9,0.022727272727272728,-4.9399999999999995,2.5140291806958475,1.4590347923681257,0.0,8.0,80000.0,20000.0,44.0,1.0,1
297.0,7120,2.5140291806958475,1.4590347923681257,0.0,12.0,120000.0,20000.0,12.0,5.0,1,7,0.022727272727272728,-4.82,2.5140291806958475,1.4590347923681257,0.0,12.0,120000.0,20000.0,12.0,5.0,1
297.0,7572,2.5140291806958475,1.4590347923681257,12.5,12.0,120000.0,20000.0,12.0,4.0,1,7,0.022727272727272728,-4.82,2.5140291806958475,1.4590347923681257,12.5,12.0,120000.0,20000.0,12.0,4.0,1
297.0,9357,2.5140291806958475,1.4590347923681257,0.0,12.0,120000.0,0.0,0.0,7.0,1,7,0.022727272727272728,-4.82,2.5140291806958475,1.4590347923681257,0.0,12.0,120000.0,0.0,0.0,7.0,1
297.0,11611,2.5140291806958475,1.4590347923681257,0.0,12.0,120000.0,0.0,0.0,3.0,1,7,0.022727272727272728,-4.82025,2.5140291806958475,1.4590347923681257,0.0,12.0,120000.0,0.0,0.0,3.0,1
297.0,12522,2.5140291806958475,1.4590347923681257,0.0,12.0,120000.0,0.0,0.0,4.0,2,5,0.022727272727272728,-4.82,2.5140291806958475,1.4590347923681257,0.0,12.0,120000.0,0.0,0.0,4.0,1
280.0,3489,2.5357142857142856,1.4918154761904763,12.5,25.0,400000.0,20000.0,12.0,2.0,3,2,0.022727272727272728,-5.296533533333333,2.507050996987588,1.454984953608868,12.5,25.0,400000.0,20000.0,12.0,2.0,1
247.0,4558,2.4493927125506074,1.421221322537112,12.5,25.0,400000.0,20000.0,13.0,3.0,1,1,0.022727272727272728,-3.84,2.505592841163311,1.4646252796420585,12.5,25.0,400000.0,20000.0,16.0,3.0,1
298.0,110,2.505592841163311,1.4646252796420585,12.5,8.0,80000.0,20000.0,10.0,3.0,2,5,0.022727272727272728,-4.84,2.505592841163311,1.4646252796420585,12.5,8.0,80000.0,20000.0,10.0,3.0,1
298.0,2360,2.505592841163311,1.4646252796420585,0.0,8.0,80000.0,0.0,0.0,5.0,2,1,0.022727272727272728,-4.8,2.505592841163311,1.4646252796420585,0.0,8.0,80000.0,0.0,0.0,5.0,1
298.0,3849,2.505592841163311,1.4646252796420585,25.0,25.0,400000.0,20000.0,19.0,0.0,2,1,0.022727272727272728,-4.8,2.505592841163311,1.4646252796420585,25.0,25.0,400000.0,20000.0,19.0,0.0,1
298.0,4576,2.505592841163311,1.4646252796420585,12.5,25.0,400000.0,20000.0,16.0,3.0,3,2,0.022727272727272728,-4.9399999999999995,2.505592841163311,1.4646252796420585,12.5,25.0,400000.0,20000.0,16.0,3.0,1
298.0,5777,2.505592841163311,1.4646252796420585,0.0,12.0,120000.0,20000.0,7.0,2.0,3,2,0.022727272727272728,-4.9399999999999995,2.505592841163311,1.4646252796420585,0.0,12.0,120000.0,20000.0,7.0,2.0,1
294.0,544,2.4263038548752833,1.473922902494331,0.0,8.0,80000.0,20000.0,18.0,4.0,0,0,0.022727272727272728,0.9493743749999985,2.5055086796133685,1.4645760836467652,0.0,8.0,80000.0,20000.0,18.0,4.0,0
294.0,108,2.4263038548752833,1.473922902494331,12.5,8.0,80000.0,20000.0,9.0,3.0,0,0,0.022727272727272728,0.9493743749999985,2.5055086796133685,1.4645760836467652,0.0,8.0,80000.0,20000.0,9.0,3.0,0
