time,task_id,s0,s1,s2,s3,s4,s5,s6,s7,s8,action_offload,action_prb_ratio,action_prob,reward,s_next0,s_next1,s_next2,s_next3,s_next4,s_next5,s_next6,s_next7,s_next8,done
47.0,2161,0.0,0.0,0.0,12.0,120000.0,0.0,0.0,0.0,0.999,3,0.0,1.0,-4.9300500000000005,0.0,0.0,0.0,12.0,120000.0,0.0,0.0,0.0,0.999,1
51.0,2163,0.0,0.0,0.0,12.0,120000.0,0.0,0.0,0.0,0.997,2,0.0,1.0,-4.93015,0.0,0.0,0.0,12.0,120000.0,0.0,0.0,0.0,0.997,1
46.0,810,0.0,0.0,0.0,12.0,120000.0,20000.0,1.0,0.0,0.999,0,0.0,1.0,9.7996,0.0,0.0,12.5,12.0,120000.0,20000.0,3.0,0.0,0.997,0
53.0,2164,0.0,0.0,0.0,12.0,120000.0,0.0,0.0,0.0,0.997,3,0.0,1.0,-4.93015,0.0,0.0,0.0,12.0,120000.0,0.0,0.0,0.0,0.997,1
50.0,812,0.0,0.0,12.5,12.0,120000.0,20000.0,2.0,0.0,0.997,0,0.0,1.0,9.799032916666667,0.0,0.0,12.5,12.0,120000.0,20000.0,2.0,0.0,0.994,0
52.0,813,0.0,0.0,12.5,12.0,120000.0,20000.0,2.0,0.0,0.997,0,0.0,1.0,9.798982916666667,0.0,0.0,12.5,12.0,120000.0,20000.0,2.0,0.0,0.993,0
58.0,816,0.0,0.0,12.5,12.0,120000.0,20000.0,2.0,0.0,0.993,0,0.0,1.0,9.798532916666666,0.0,0.0,25.0,12.0,120000.0,20000.0,3.0,0.0,0.989,0
65.0,2170,0.0,0.0,0.0,12.0,120000.0,0.0,0.0,0.0,0.989,2,0.0,1.0,-4.9306,0.0,0.0,0.0,12.0,120000.0,0.0,0.0,0.0,0.988,1
60.0,817,0.0,0.0,12.5,12.0,120000.0,20000.0,2.0,0.0,0.992,0,0.0,1.0,9.798682916666667,0.0,0.0,12.5,12.0,120000.0,20000.0,2.0,0.0,0.987,0
45.0,2160,0.0,0.0,0.0,12.0,120000.0,0.0,0.0,0.0,1.0,2,0.5038347840309143,1.0,-3.93075,0.0,0.04528985507246377,0.0,12.0,120000.0,0.0,0.0,0.0,0.985,1
69.0,2,0.0,0.04528985507246377,0.0,8.0,80000.0,0.0,0.0,1.0,0.985,1,0.0,1.0,-4.930750000000001,0.0,0.04528985507246377,0.0,8.0,80000.0,0.0,0.0,1.0,0.985,1
69.0,2172,0.0,0.04528985507246377,0.0,12.0,120000.0,0.0,0.0,0.0,0.985,2,0.0,1.0,-4.9308000000000005,0.0,0.04528985507246377,0.0,12.0,120000.0,0.0,0.0,0.0,0.984,1
64.0,819,0.0,0.0,25.0,12.0,120000.0,20000.0,3.0,0.0,0.989,0,0.0,1.0,9.798432916666666,0.0,0.04463647412705698,12.5,12.0,120000.0,20000.0,2.0,0.0,0.982,0
69.0,1710,0.0,0.04528985507246377,0.0,12.0,120000.0,0.0,0.0,1.0,0.985,1,0.24640925228595734,1.0,9.902283333333333,0.0,0.08561643835616438,0.0,12.0,120000.0,0.0,0.0,1.0,0.979,0
73.0,2174,0.0,0.08561643835616438,0.0,12.0,120000.0,0.0,0.0,0.0,0.979,2,0.0,1.0,-4.931150000000001,0.0,0.08561643835616438,0.0,12.0,120000.0,0.0,0.0,0.0,0.977,1
68.0,1260,0.0,0.04595588235294117,0.0,12.0,120000.0,20000.0,1.0,0.0,0.985,0,0.0,1.0,9.7986,0.0,0.08445945945945946,12.5,12.0,120000.0,20000.0,2.0,0.0,0.977,0
68.0,821,0.0,0.04595588235294117,12.5,12.0,120000.0,20000.0,2.0,0.0,0.985,0,0.0,1.0,9.798032916666667,0.0,0.08444803615078555,12.5,12.0,120000.0,20000.0,2.0,0.0,0.974,0
70.0,1261,0.0,0.044642857142857144,12.5,12.0,120000.0,20000.0,2.0,0.0,0.984,2,0.24640925228595734,1.0,9.860416666666666,0.0,0.08333333333333334,12.5,12.0,120000.0,20000.0,2.0,0.0,0.975,0
75.0,2175,0.0,0.08333333333333334,0.0,12.0,120000.0,0.0,0.0,0.0,0.975,2,0.0,1.0,-4.93135,0.0,0.08333333333333334,0.0,12.0,120000.0,0.0,0.0,0.0,0.973,1
73.0,1712,0.0,0.08561643835616438,0.0,12.0,120000.0,0.0,0.0,1.0,0.979,1,0.552053689956665,1.0,9.901633333333335,0.0,0.12175324675324675,0.0,12.0,120000.0,0.0,0.0,1.0,0.971,0
77.0,1714,0.0,0.12175324675324675,0.0,12.0,120000.0,0.0,0.0,1.0,0.971,1,0.0,1.0,-4.93175,0.0,0.12175324675324675,0.0,12.0,120000.0,0.0,0.0,1.0,0.97,1
72.0,823,0.0,0.08680555555555555,12.5,12.0,120000.0,20000.0,2.0,0.0,0.979,0,0.0,1.0,9.797732916666668,0.0,0.20029480832011176,12.5,12.0,120000.0,20000.0,2.0,0.0,0.968,0
72.0,1262,0.0,0.08680555555555555,12.5,12.0,120000.0,20000.0,2.0,0.0,0.979,0,0.0,1.0,9.797732916666668,0.0,0.20029480832011176,12.5,12.0,120000.0,20000.0,2.0,0.0,0.968,0
65.0,0,0.0,0.0,0.0,8.0,80000.0,0.0,0.0,1.0,0.989,1,0.24640925228595734,1.0,-3.7656089583333325,0.0,0.1994425988883208,0.0,8.0,80000.0,0.0,0.0,1.0,0.967,1
74.0,1263,0.0,0.08445945945945946,12.5,12.0,120000.0,20000.0,2.0,0.0,0.977,2,0.552053689956665,1.0,9.860066666666665,0.0,0.19778481012658228,12.5,12.0,120000.0,20000.0,2.0,0.0,0.968,0
79.0,1715,0.0,0.19778481012658228,0.0,12.0,120000.0,0.0,0.0,1.0,0.968,1,0.0,1.0,-4.93165,0.0,0.19778481012658228,0.0,12.0,120000.0,0.0,0.0,1.0,0.967,1
75.0,1713,0.0,0.08333333333333334,0.0,12.0,120000.0,0.0,0.0,1.0,0.975,1,0.10304121673107147,1.0,9.860016666666665,0.0,0.234375,0.0,12.0,120000.0,0.0,0.0,1.0,0.967,0
66.0,820,0.0,0.0,25.0,12.0,120000.0,20000.0,3.0,0.0,0.988,2,0.24640925228595734,1.0,-3.5104504166666666,0.0,0.2343456774971032,12.5,12.0,120000.0,20000.0,2.0,0.0,0.966,1
71.0,1711,0.0,0.04401408450704226,0.0,12.0,120000.0,0.0,0.0,1.0,0.982,2,0.24640925228595734,1.0,9.651633333333333,0.0,0.23148148148148145,0.0,12.0,120000.0,0.0,0.0,1.0,0.966,0
70.0,822,0.0,0.044642857142857144,25.0,12.0,120000.0,20000.0,3.0,0.0,0.984,2,0.24640925228595734,1.0,-3.4273670833333334,0.0,0.2286306269198114,12.5,12.0,120000.0,20000.0,2.0,0.0,0.961,1
78.0,826,0.0,0.2003205128205128,12.5,12.0,120000.0,20000.0,2.0,0.0,0.969,0,0.0,1.0,9.797132916666667,0.0,0.33478153377198744,12.5,12.0,120000.0,20000.0,2.0,0.0,0.956,0
78.0,1265,0.0,0.2003205128205128,12.5,12.0,120000.0,20000.0,2.0,0.0,0.969,0,0.0,1.0,9.796632916666667,0.0,0.33478153377198744,37.5,12.0,120000.0,20000.0,4.0,0.0,0.956,0
81.0,1716,0.0,0.23148148148148145,0.0,12.0,120000.0,0.0,0.0,1.0,0.966,1,0.8533231616020203,1.0,9.900933333333334,0.0,0.33088235294117646,0.0,12.0,120000.0,0.0,0.0,1.0,0.957,0
85.0,1718,0.0,0.33088235294117646,0.0,12.0,120000.0,0.0,0.0,1.0,0.957,1,0.0,1.0,-4.93245,0.0,0.33088235294117646,0.0,12.0,120000.0,0.0,0.0,1.0,0.956,1
85.0,2180,0.0,0.33088235294117646,0.0,12.0,120000.0,0.0,0.0,0.0,0.957,3,0.0,1.0,-4.9322,0.0,0.33088235294117646,0.0,12.0,120000.0,0.0,0.0,0.0,0.956,1
74.0,824,0.0,0.08445945945945946,25.0,12.0,120000.0,20000.0,3.0,0.0,0.977,2,0.552053689956665,1.0,9.572750000000001,0.0,0.32703488372093026,12.5,12.0,120000.0,20000.0,2.0,0.0,0.955,0
80.0,1266,0.0,0.234375,12.5,12.0,120000.0,20000.0,2.0,0.0,0.967,0,0.0,1.0,9.796732916666667,0.0,0.3269968228116705,25.0,12.0,120000.0,20000.0,3.0,0.0,0.953,0
73.0,4,0.0,0.08561643835616438,0.0,8.0,80000.0,0.0,0.0,1.0,0.979,1,0.552053689956665,1.0,-3.7664089583333324,0.0,0.325734433185218,0.0,8.0,80000.0,0.0,0.0,1.0,0.951,1
80.0,827,0.0,0.234375,12.5,12.0,120000.0,20000.0,2.0,0.0,0.967,2,0.9018832445144653,1.0,9.775933333333333,0.0,0.3232758620689655,12.5,12.0,120000.0,20000.0,2.0,0.0,0.952,0
76.0,825,0.0,0.12335526315789473,12.5,12.0,120000.0,20000.0,2.0,0.0,0.973,2,0.10304121673107147,1.0,9.609316666666667,0.0,0.3232758620689655,12.5,12.0,120000.0,20000.0,2.0,0.0,0.953,0
83.0,1717,0.0,0.30120481927710846,0.0,12.0,120000.0,0.0,0.0,1.0,0.961,1,1.0,1.0,9.859166666666665,0.0,0.31960227272727276,0.0,12.0,120000.0,0.0,0.0,1.0,0.95,0
82.0,1267,0.0,0.22865853658536583,25.0,12.0,120000.0,20000.0,3.0,0.0,0.962,0,0.0,1.0,9.796582916666665,0.0,0.3195659221036335,25.0,12.0,120000.0,20000.0,3.0,0.0,0.95,0
89.0,2182,0.05617977528089888,0.35112359550561795,0.0,12.0,120000.0,0.0,0.0,0.0,0.95,3,0.0,1.0,-4.932600000000001,0.05617977528089888,0.35112359550561795,0.0,12.0,120000.0,0.0,0.0,0.0,0.948,1
48.0,811,0.0,0.0,12.5,12.0,120000.0,20000.0,2.0,0.0,0.999,3,0.5038347840309143,1.0,-3.9326,0.055673081430455254,0.34795675894034533,25.0,12.0,120000.0,20000.0,3.0,0.0,0.948,1
84.0,829,0.0,0.33482142857142855,12.5,12.0,120000.0,20000.0,2.0,0.0,0.958,0,0.0,1.0,9.796432916666665,0.11109875446075387,0.3819019684588414,25.0,12.0,120000.0,20000.0,3.0,0.0,0.947,0
84.0,1268,0.0,0.33482142857142855,37.5,12.0,120000.0,20000.0,4.0,0.0,0.958,0,0.0,1.0,9.796432916666665,0.11109875446075387,0.3819019684588414,25.0,12.0,120000.0,20000.0,3.0,0.0,0.947,0
77.0,6,0.0,0.12175324675324675,0.0,8.0,80000.0,0.0,0.0,1.0,0.971,1,1.0,1.0,-3.766608958333333,0.11068884138041826,0.3804928922451878,0.0,8.0,80000.0,0.0,0.0,1.0,0.947,1
49.0,2162,0.0,0.0,0.0,12.0,120000.0,0.0,0.0,0.0,0.998,3,0.5038347840309143,1.0,-3.93265,0.11012001870718881,0.37853756430596147,0.0,12.0,120000.0,0.0,0.0,0.0,0.947,1
87.0,1719,0.0,0.3232758620689655,0.0,12.0,120000.0,0.0,0.0,1.0,0.953,1,1.0,1.0,9.900483333333334,0.10989010989010989,0.37774725274725274,0.0,12.0,120000.0,0.0,0.0,1.0,0.948,0
67.0,2171,0.0,0.046641791044776115,0.0,12.0,120000.0,0.0,0.0,0.0,0.987,2,0.24640925228595734,1.0,-3.9326,0.10989010989010989,0.37774725274725274,0.0,12.0,120000.0,0.0,0.0,0.0,0.948,1
91.0,2183,0.10989010989010989,0.37774725274725274,0.0,12.0,120000.0,0.0,0.0,0.0,0.948,2,0.0,1.0,-4.9327000000000005,0.10989010989010989,0.37774725274725274,0.0,12.0,120000.0,0.0,0.0,0.0,0.946,1
79.0,2177,0.0,0.19778481012658228,0.0,12.0,120000.0,0.0,0.0,0.0,0.968,2,0.9018832445144653,1.0,-3.4743666666666666,0.10869565217391304,0.37364130434782605,0.0,12.0,120000.0,0.0,0.0,0.0,0.946,1
72.0,450,0.0,0.08680555555555555,0.0,25.0,400000.0,20000.0,1.0,1.0,0.979,0,0.0,1.0,9.64655,0.10869565217391304,0.37364130434782605,37.5,25.0,400000.0,20000.0,4.0,1.0,0.946,0
92.0,833,0.10869565217391304,0.37364130434782605,25.0,12.0,120000.0,20000.0,3.0,0.0,0.946,3,0.0,1.0,-4.9277,0.10869565217391304,0.37364130434782605,25.0,12.0,120000.0,20000.0,3.0,0.0,0.946,1
89.0,1720,0.05617977528089888,0.35112359550561795,0.0,12.0,120000.0,0.0,0.0,1.0,0.95,1,0.4726174473762512,1.0,9.900333333333334,0.10752688172043011,0.3696236559139785,0.0,12.0,120000.0,0.0,0.0,1.0,0.945,0
93.0,1722,0.10752688172043011,0.3696236559139785,0.0,12.0,120000.0,0.0,0.0,1.0,0.945,2,0.0,1.0,-4.9328,0.10752688172043011,0.3696236559139785,0.0,12.0,120000.0,0.0,0.0,1.0,0.944,1
88.0,831,0.0,0.31960227272727276,12.5,12.0,120000.0,20000.0,2.0,0.0,0.95,0,0.0,1.0,9.796382916666667,0.10637165127415688,0.3988936922780883,12.5,12.0,120000.0,20000.0,2.0,0.0,0.941,0
88.0,1270,0.0,0.31960227272727276,25.0,12.0,120000.0,20000.0,3.0,0.0,0.95,0,0.0,1.0,9.796382916666667,0.10637165127415688,0.3988936922780883,12.5,12.0,120000.0,20000.0,2.0,0.0,0.941,0
91.0,1721,0.10989010989010989,0.37774725274725274,0.0,12.0,120000.0,0.0,0.0,1.0,0.948,1,0.45294010639190674,1.0,9.900383333333334,0.15789473684210525,0.3947368421052631,0.0,12.0,120000.0,0.0,0.0,1.0,0.941,0
75.0,451,0.0,0.08333333333333334,12.5,25.0,400000.0,20000.0,2.0,1.0,0.975,0,0.0,1.0,9.6459998,0.15787810147583398,0.3946952536895849,37.5,25.0,400000.0,20000.0,4.0,1.0,0.939,0
54.0,814,0.0,0.0,25.0,12.0,120000.0,20000.0,3.0,0.0,0.997,3,0.5038347840309143,1.0,-3.9280500000000003,0.15655984171173765,0.39139960427934406,12.5,12.0,120000.0,20000.0,2.0,0.0,0.939,1
71.0,2173,0.0,0.04401408450704226,0.0,12.0,120000.0,0.0,0.0,0.0,0.982,2,0.24640925228595734,1.0,-3.93305,0.20833333333333334,0.390625,0.0,12.0,120000.0,0.0,0.0,0.0,0.939,1
96.0,1274,0.20833333333333334,0.390625,12.5,12.0,120000.0,20000.0,2.0,0.0,0.939,2,0.0,1.0,-4.9331000000000005,0.20833333333333334,0.390625,12.5,12.0,120000.0,20000.0,2.0,0.0,0.938,1
90.0,832,0.1111111111111111,0.3819444444444444,25.0,12.0,120000.0,20000.0,3.0,0.0,0.948,0,0.0,1.0,9.796482916666667,0.20831161250790411,0.3905842734523203,0.0,12.0,120000.0,20000.0,1.0,0.0,0.938,0
90.0,1271,0.1111111111111111,0.3819444444444444,25.0,12.0,120000.0,20000.0,3.0,0.0,0.948,0,0.0,1.0,9.796482916666667,0.20831161250790411,0.3905842734523203,0.0,12.0,120000.0,20000.0,1.0,0.0,0.938,0
83.0,9,0.0,0.30120481927710846,0.0,8.0,80000.0,0.0,0.0,1.0,0.961,1,1.0,1.0,-3.7670589583333327,0.20759088597126055,0.3892329111961135,0.0,8.0,80000.0,0.0,0.0,1.0,0.938,1
55.0,2165,0.0,0.0,0.0,12.0,120000.0,0.0,0.0,0.0,0.996,3,0.5038347840309143,1.0,-3.9331,0.2065902069424433,0.3873566380170811,0.0,12.0,120000.0,0.0,0.0,0.0,0.938,1
56.0,815,0.0,0.0,25.0,12.0,120000.0,20000.0,3.0,0.0,0.995,3,0.5038347840309143,1.0,-3.9282,0.2555975610267293,0.44729573179677623,0.0,12.0,120000.0,20000.0,1.0,0.0,0.936,1
78.0,452,0.0,0.2003205128205128,25.0,25.0,400000.0,20000.0,3.0,1.0,0.969,0,0.0,1.0,9.646049799999998,0.3060911839515168,0.44638297659596204,25.0,25.0,400000.0,20000.0,3.0,1.0,0.935,0
57.0,2166,0.0,0.0,0.0,12.0,120000.0,0.0,0.0,0.0,0.994,3,0.5038347840309143,1.0,-3.93325,0.30361296390922343,0.44276890570095084,0.0,12.0,120000.0,0.0,0.0,0.0,0.935,1
76.0,1264,0.0,0.12335526315789473,12.5,12.0,120000.0,20000.0,2.0,0.0,0.973,2,0.10304121673107147,1.0,-3.8915833333333336,0.30303030303030304,0.44191919191919193,0.0,12.0,120000.0,20000.0,1.0,0.0,0.935,1
99.0,1725,0.30303030303030304,0.44191919191919193,0.0,12.0,120000.0,0.0,0.0,1.0,0.935,3,0.0,1.0,-4.933300000000001,0.30303030303030304,0.44191919191919193,0.0,12.0,120000.0,0.0,0.0,1.0,0.934,1
94.0,834,0.10638297872340426,0.39893617021276595,25.0,12.0,120000.0,20000.0,3.0,0.0,0.943,2,0.9805817008018494,1.0,9.8217,0.35000000000000003,0.4375,0.0,12.0,120000.0,20000.0,1.0,0.0,0.934,0
59.0,2167,0.0,0.0,0.0,12.0,120000.0,0.0,0.0,0.0,0.993,3,0.2884759306907654,1.0,-3.9333,0.3471877445503676,0.4339846806879595,0.0,12.0,120000.0,0.0,0.0,0.0,0.934,1
101.0,18,0.34653465346534656,0.43316831683168316,0.0,8.0,80000.0,0.0,0.0,1.0,0.934,1,0.0,1.0,-4.933800000000001,0.34653465346534656,0.43316831683168316,0.0,8.0,80000.0,0.0,0.0,1.0,0.934,1
87.0,11,0.0,0.3232758620689655,0.0,8.0,80000.0,0.0,0.0,1.0,0.953,1,1.0,1.0,-3.8300589583333324,0.3453606211202229,0.43170077640027865,0.0,8.0,80000.0,0.0,0.0,1.0,0.933,1
102.0,460,0.39215686274509803,0.428921568627451,37.5,25.0,400000.0,20000.0,4.0,1.0,0.933,3,0.0,1.0,-4.915850000000001,0.39215686274509803,0.428921568627451,37.5,25.0,400000.0,20000.0,4.0,1.0,0.933,1
89.0,12,0.05617977528089888,0.35112359550561795,0.0,8.0,80000.0,0.0,0.0,1.0,0.95,1,0.4726174473762512,1.0,-3.7673089583333326,0.3908412476786066,0.4274826146484759,0.0,8.0,80000.0,0.0,0.0,1.0,0.933,1
61.0,2168,0.0,0.0,0.0,12.0,120000.0,0.0,0.0,0.0,0.992,3,0.7453662157058716,1.0,-3.93335,0.3890671735174426,0.4255422210347028,0.0,12.0,120000.0,0.0,0.0,0.0,0.933,1
103.0,19,0.4368932038834952,0.42475728155339804,0.0,8.0,80000.0,0.0,0.0,1.0,0.933,3,0.0,1.0,-4.933350000000001,0.4368932038834952,0.42475728155339804,0.0,8.0,80000.0,0.0,0.0,1.0,0.933,1
62.0,818,0.0,0.0,25.0,12.0,120000.0,20000.0,3.0,0.0,0.991,3,0.7453662157058716,1.0,-3.9284,0.43348420831478585,0.42144298030604177,0.0,12.0,120000.0,20000.0,1.0,0.0,0.932,1
104.0,1278,0.4807692307692308,0.420673076923077,25.0,12.0,120000.0,20000.0,3.0,0.0,0.932,3,0.0,1.0,-4.9284,0.4807692307692308,0.420673076923077,25.0,12.0,120000.0,20000.0,3.0,0.0,0.932,1
63.0,2169,0.0,0.0,0.0,12.0,120000.0,0.0,0.0,0.0,0.99,3,0.7453662157058716,1.0,-3.93345,0.47705367073240434,0.4174219618908538,0.0,12.0,120000.0,0.0,0.0,0.0,0.931,1
101.0,1726,0.34653465346534656,0.43316831683168316,0.0,12.0,120000.0,0.0,0.0,1.0,0.934,1,0.5731106400489807,1.0,9.899683333333334,0.4761904761904762,0.4166666666666667,0.0,12.0,120000.0,0.0,0.0,1.0,0.932,0
91.0,13,0.10989010989010989,0.37774725274725274,0.0,8.0,80000.0,0.0,0.0,1.0,0.948,1,0.45294010639190674,1.0,-3.8300089583333325,0.47463843863192373,0.41530863380293326,0.0,8.0,80000.0,0.0,0.0,1.0,0.929,1
100.0,1276,0.35000000000000003,0.4375,0.0,12.0,120000.0,20000.0,1.0,0.0,0.934,0,0.0,1.0,9.7962,0.4716981132075472,0.41273584905660377,12.5,12.0,120000.0,20000.0,3.0,0.0,0.929,0
103.0,1727,0.4368932038834952,0.42475728155339804,0.0,12.0,120000.0,0.0,0.0,1.0,0.933,1,0.6673473715782166,1.0,9.899783333333334,0.46728971962616817,0.4380841121495327,0.0,12.0,120000.0,0.0,0.0,1.0,0.929,0
102.0,1277,0.39215686274509803,0.428921568627451,12.5,12.0,120000.0,20000.0,2.0,0.0,0.933,0,0.0,1.0,9.795432916666666,0.4629200571317418,0.43398755356100793,25.0,12.0,120000.0,20000.0,3.0,0.0,0.927,0
83.0,2179,0.0,0.30120481927710846,0.0,12.0,120000.0,0.0,0.0,0.0,0.961,2,0.29253697395324707,1.0,-3.93365,0.45871559633027525,0.43004587155963303,0.0,12.0,120000.0,0.0,0.0,0.0,0.927,1
109.0,22,0.45871559633027525,0.43004587155963303,0.0,8.0,80000.0,0.0,0.0,1.0,0.927,1,0.0,1.0,-4.93365,0.45871559633027525,0.43004587155963303,0.0,8.0,80000.0,0.0,0.0,1.0,0.927,1
90.0,456,0.1111111111111111,0.3819444444444444,37.5,25.0,400000.0,20000.0,4.0,1.0,0.948,0,0.0,1.0,9.6453498,0.4545040946728393,0.4260975887557869,37.5,25.0,400000.0,20000.0,4.0,1.0,0.926,0
111.0,23,0.45045045045045046,0.4222972972972973,0.0,8.0,80000.0,0.0,0.0,1.0,0.926,1,0.0,1.0,-4.93395,0.45045045045045046,0.4222972972972973,0.0,8.0,80000.0,0.0,0.0,1.0,0.926,1
111.0,1731,0.45045045045045046,0.4222972972972973,0.0,12.0,120000.0,0.0,0.0,1.0,0.926,1,0.0,1.0,-4.934,0.45045045045045046,0.4222972972972973,0.0,12.0,120000.0,0.0,0.0,1.0,0.925,1
106.0,1279,0.4716981132075472,0.41273584905660377,12.5,12.0,120000.0,20000.0,2.0,0.0,0.929,0,0.0,1.0,9.795032916666667,0.4463886754407039,0.41848938322566,37.5,12.0,120000.0,20000.0,4.0,0.0,0.924,0
99.0,17,0.30303030303030304,0.44191919191919193,0.0,8.0,80000.0,0.0,0.0,1.0,0.935,1,0.5731106400489807,1.0,-3.767758958333333,0.44506419798852936,0.41724768561424636,0.0,8.0,80000.0,0.0,0.0,1.0,0.924,1
109.0,1730,0.45871559633027525,0.43004587155963303,0.0,12.0,120000.0,0.0,0.0,1.0,0.927,1,0.20248140394687653,1.0,9.899583333333334,0.4424778761061947,0.41482300884955753,0.0,12.0,120000.0,0.0,0.0,1.0,0.925,0
113.0,24,0.4424778761061947,0.41482300884955753,0.0,8.0,80000.0,0.0,0.0,1.0,0.925,3,0.0,1.0,-4.93375,0.4424778761061947,0.41482300884955753,0.0,8.0,80000.0,0.0,0.0,1.0,0.925,1
93.0,457,0.10752688172043011,0.3696236559139785,37.5,25.0,400000.0,20000.0,4.0,1.0,0.945,0,0.0,1.0,9.6454998,0.44243868308656903,0.4147862653936585,25.0,25.0,400000.0,20000.0,3.0,1.0,0.924,0
108.0,1280,0.4629629629629629,0.4340277777777778,25.0,12.0,120000.0,20000.0,3.0,0.0,0.927,0,0.0,1.0,9.794982916666667,0.43855798275958396,0.438557982759584,37.5,12.0,120000.0,20000.0,4.0,0.0,0.923,0
115.0,1733,0.43478260869565216,0.46195652173913043,0.0,12.0,120000.0,0.0,0.0,1.0,0.923,2,0.0,1.0,-4.9338500000000005,0.43478260869565216,0.46195652173913043,0.0,12.0,120000.0,0.0,0.0,1.0,0.923,1
95.0,1723,0.15789473684210525,0.3947368421052631,0.0,12.0,120000.0,0.0,0.0,1.0,0.941,2,0.9805817008018494,1.0,-3.80885,0.43103448275862066,0.5118534482758621,0.0,12.0,120000.0,0.0,0.0,1.0,0.923,1
110.0,1281,0.45454545454545453,0.42613636363636365,25.0,12.0,120000.0,20000.0,3.0,0.0,0.926,0,0.0,1.0,9.795182916666665,0.4309972906648314,0.5118092826644873,25.0,12.0,120000.0,20000.0,3.0,0.0,0.922,0
93.0,2184,0.10752688172043011,0.3696236559139785,0.0,12.0,120000.0,0.0,0.0,0.0,0.945,2,0.45294010639190674,1.0,-3.9339,0.4273504273504274,0.5074786324786325,0.0,12.0,120000.0,0.0,0.0,0.0,0.922,1
94.0,1273,0.10638297872340426,0.39893617021276595,25.0,12.0,120000.0,20000.0,3.0,0.0,0.943,2,0.9805817008018494,1.0,-3.92905,0.42369287147759754,0.5031352848796471,12.5,12.0,120000.0,20000.0,2.0,0.0,0.919,1
97.0,1724,0.25773195876288657,0.4510309278350515,0.0,12.0,120000.0,0.0,0.0,1.0,0.938,2,0.011413360014557838,1.0,-3.8094670833333333,0.42369287147759754,0.5031352848796471,0.0,12.0,120000.0,0.0,0.0,1.0,0.919,1
112.0,1282,0.4464285714285714,0.4185267857142857,37.5,12.0,120000.0,20000.0,4.0,0.0,0.925,0,0.0,1.0,9.795282916666666,0.42369287147759754,0.5031352848796471,12.5,12.0,120000.0,20000.0,2.0,0.0,0.919,0
99.0,459,0.30303030303030304,0.44191919191919193,25.0,25.0,400000.0,20000.0,3.0,1.0,0.935,0,0.0,1.0,9.6454998,0.46214599931551975,0.5251659083130906,12.5,25.0,400000.0,20000.0,2.0,1.0,0.919,0
77.0,2176,0.0,0.12175324675324675,0.0,12.0,120000.0,0.0,0.0,0.0,0.971,3,0.20175158977508545,1.0,-3.93405,0.45906014030046405,0.5216592503414365,0.0,12.0,120000.0,0.0,0.0,0.0,0.919,1
114.0,1283,0.43859649122807015,0.4385964912280701,37.5,12.0,120000.0,20000.0,4.0,0.0,0.924,0,0.0,1.0,9.795282916666666,0.4582951038834177,0.5207898907766111,12.5,12.0,120000.0,20000.0,2.0,0.0,0.919,0
98.0,1275,0.30612244897959184,0.4464285714285714,0.0,12.0,120000.0,20000.0,1.0,0.0,0.936,2,0.011413360014557838,1.0,-3.8923833333333335,0.45454545454545453,0.5165289256198348,12.5,12.0,120000.0,20000.0,2.0,0.0,0.919,1
81.0,2178,0.0,0.23148148148148145,0.0,12.0,120000.0,0.0,0.0,0.0,0.966,3,0.5063255429267883,1.0,-3.93405,0.4885595237717186,0.5089161705955403,0.0,12.0,120000.0,0.0,0.0,0.0,0.919,1
82.0,828,0.0,0.22865853658536583,12.5,12.0,120000.0,20000.0,2.0,0.0,0.962,3,0.5063255429267883,1.0,-3.9341,0.5249979383734804,0.5048057099745005,0.0,12.0,120000.0,20000.0,1.0,0.0,0.918,1
125.0,1736,0.52,0.5,0.0,12.0,120000.0,0.0,0.0,1.0,0.917,1,0.0,1.0,-4.934150000000001,0.52,0.5,0.0,12.0,120000.0,0.0,0.0,1.0,0.917,1
120.0,1286,0.4583333333333333,0.5208333333333334,12.5,12.0,120000.0,20000.0,2.0,0.0,0.919,0,0.0,1.0,9.795082916666667,0.5555114232591523,0.4959923421956716,12.5,12.0,120000.0,20000.0,2.0,0.0,0.915,0
86.0,1269,0.0,0.32703488372093026,37.5,12.0,120000.0,20000.0,4.0,0.0,0.955,3,0.48454827070236206,1.0,-3.91675,0.5520068959855772,0.49286329998712247,12.5,12.0,120000.0,20000.0,2.0,0.0,0.915,1
86.0,830,0.0,0.32703488372093026,12.5,12.0,120000.0,20000.0,2.0,0.0,0.955,3,0.48454827070236206,1.0,-3.9343,0.5868084980198343,0.4890070816831953,0.0,12.0,120000.0,20000.0,1.0,0.0,0.914,1
108.0,462,0.4629629629629629,0.4340277777777778,37.5,25.0,400000.0,20000.0,4.0,1.0,0.927,0,0.0,1.0,9.644999799999999,0.6249511268689066,0.4882430678663333,25.0,25.0,400000.0,20000.0,3.0,1.0,0.914,0
122.0,1287,0.49180327868852464,0.5122950819672132,12.5,12.0,120000.0,20000.0,2.0,0.0,0.919,0,0.0,1.0,9.795032916666667,0.6249511268689066,0.4882430678663333,12.5,12.0,120000.0,20000.0,2.0,0.0,0.914,0
87.0,2181,0.0,0.3232758620689655,0.0,12.0,120000.0,0.0,0.0,0.0,0.953,3,0.16941922903060913,1.0,-3.9343,0.6211180124223602,0.48524844720496896,0.0,12.0,120000.0,0.0,0.0,0.0,0.914,1
131.0,1739,0.6106870229007634,0.47709923664122134,0.0,12.0,120000.0,0.0,0.0,1.0,0.912,1,0.0,1.0,-4.9344,0.6106870229007634,0.47709923664122134,0.0,12.0,120000.0,0.0,0.0,1.0,0.912,1
133.0,25,0.6015037593984963,0.46992481203007513,0.0,8.0,80000.0,0.0,0.0,1.0,0.912,1,0.0,1.0,-4.9344,0.6015037593984963,0.46992481203007513,0.0,8.0,80000.0,0.0,0.0,1.0,0.912,1
128.0,1290,0.625,0.48828125,12.5,12.0,120000.0,20000.0,2.0,0.0,0.914,0,0.0,1.0,9.794632916666666,0.6342809764733247,0.46638307093626813,25.0,12.0,120000.0,20000.0,3.0,0.0,0.911,0
92.0,1272,0.10869565217391304,0.37364130434782605,25.0,12.0,120000.0,20000.0,3.0,0.0,0.946,3,0.45294010639190674,1.0,-3.92945,0.6305637982195845,0.4636498516320474,25.0,12.0,120000.0,20000.0,3.0,0.0,0.911,1
135.0,26,0.6296296296296297,0.462962962962963,0.0,8.0,80000.0,0.0,0.0,1.0,0.911,1,0.0,1.0,-4.93445,0.6296296296296297,0.462962962962963,0.0,8.0,80000.0,0.0,0.0,1.0,0.911,1
135.0,1741,0.6296296296296297,0.462962962962963,0.0,12.0,120000.0,0.0,0.0,1.0,0.911,2,0.0,1.0,-4.93445,0.6296296296296297,0.462962962962963,0.0,12.0,120000.0,0.0,0.0,1.0,0.911,1
133.0,1740,0.6015037593984963,0.46992481203007513,0.0,12.0,120000.0,0.0,0.0,1.0,0.912,1,0.997947096824646,1.0,9.898833333333334,0.6204379562043796,0.5018248175182481,0.0,12.0,120000.0,0.0,0.0,1.0,0.91,0
116.0,1284,0.43103448275862066,0.5118534482758621,37.5,12.0,120000.0,20000.0,4.0,0.0,0.923,2,1.0,1.0,-3.8337666666666665,0.6159420289855073,0.49818840579710144,25.0,12.0,120000.0,20000.0,3.0,0.0,0.908,1
117.0,1734,0.4273504273504274,0.5074786324786325,0.0,12.0,120000.0,0.0,0.0,1.0,0.922,2,1.0,1.0,-3.8096,0.6159420289855073,0.49818840579710144,0.0,12.0,120000.0,0.0,0.0,1.0,0.908,1
132.0,1292,0.6060606060606061,0.4734848484848485,12.5,12.0,120000.0,20000.0,2.0,0.0,0.912,0,0.0,1.0,9.794682916666666,0.6158973541122126,0.49815227170840726,12.5,12.0,120000.0,20000.0,2.0,0.0,0.907,0
120.0,466,0.4583333333333333,0.5208333333333334,12.5,25.0,400000.0,20000.0,2.0,1.0,0.919,0,0.0,1.0,9.644549799999998,0.6070994495322156,0.5133561521779765,25.0,25.0,400000.0,20000.0,3.0,1.0,0.905,0
134.0,1293,0.6343283582089552,0.46641791044776115,25.0,12.0,120000.0,20000.0,3.0,0.0,0.911,0,0.0,1.0,9.794582916666666,0.6070994495322156,0.5133561521779765,12.5,12.0,120000.0,20000.0,2.0,0.0,0.905,0
118.0,1285,0.423728813559322,0.503177966101695,25.0,12.0,120000.0,20000.0,3.0,0.0,0.92,2,1.0,1.0,-3.888083333333334,0.6028368794326241,0.5097517730496454,12.5,12.0,120000.0,20000.0,2.0,0.0,0.905,1
141.0,29,0.6028368794326241,0.5097517730496454,0.0,8.0,80000.0,0.0,0.0,1.0,0.905,2,0.0,1.0,-4.934750000000001,0.6028368794326241,0.5097517730496454,0.0,8.0,80000.0,0.0,0.0,1.0,0.905,1
139.0,1743,0.6115107913669064,0.5170863309352518,0.0,12.0,120000.0,0.0,0.0,1.0,0.907,1,0.28622549772262573,1.0,9.898533333333333,0.5944055944055944,0.5026223776223776,0.0,12.0,120000.0,0.0,0.0,1.0,0.904,0
143.0,30,0.5944055944055944,0.5026223776223776,0.0,8.0,80000.0,0.0,0.0,1.0,0.904,2,0.0,1.0,-4.934800000000001,0.5944055944055944,0.5026223776223776,0.0,8.0,80000.0,0.0,0.0,1.0,0.904,1
123.0,467,0.5284552845528455,0.508130081300813,25.0,25.0,400000.0,20000.0,3.0,1.0,0.919,0,0.0,1.0,9.6446998,0.5943639889263695,0.5025871965186213,12.5,25.0,400000.0,20000.0,2.0,1.0,0.903,0
105.0,1728,0.4761904761904762,0.4166666666666667,0.0,12.0,120000.0,0.0,0.0,1.0,0.932,3,0.6673473715782166,1.0,-3.935,0.6172839506172839,0.4929698216735253,0.0,12.0,120000.0,0.0,0.0,1.0,0.9,1
140.0,1296,0.6071428571428571,0.5133928571428571,12.5,12.0,120000.0,20000.0,2.0,0.0,0.905,0,0.0,1.0,9.794082916666666,0.616396095034854,0.4922607703403349,25.0,12.0,120000.0,20000.0,3.0,0.0,0.9,0
147.0,32,0.6462585034013605,0.48894557823129253,0.0,8.0,80000.0,0.0,0.0,1.0,0.9,1,0.0,1.0,-4.9350000000000005,0.6462585034013605,0.48894557823129253,0.0,8.0,80000.0,0.0,0.0,1.0,0.9,1
107.0,1729,0.46728971962616817,0.4380841121495327,0.0,12.0,120000.0,0.0,0.0,1.0,0.929,3,0.20248140394687653,1.0,-3.93505,0.6427604871447903,0.48629905277401897,0.0,12.0,120000.0,0.0,0.0,1.0,0.899,1
142.0,1297,0.5985915492957746,0.5061619718309859,12.5,12.0,120000.0,20000.0,2.0,0.0,0.904,0,0.0,1.0,9.794032916666666,0.6418484803831849,0.4856090476583307,25.0,12.0,120000.0,20000.0,3.0,0.0,0.899,0
149.0,33,0.6375838926174496,0.4823825503355704,0.0,8.0,80000.0,0.0,0.0,1.0,0.899,1,0.0,1.0,-4.93505,0.6375838926174496,0.4823825503355704,0.0,8.0,80000.0,0.0,0.0,1.0,0.899,1
149.0,1748,0.6375838926174496,0.4823825503355704,0.0,12.0,120000.0,0.0,0.0,1.0,0.899,2,0.0,1.0,-4.93505,0.6375838926174496,0.4823825503355704,0.0,12.0,120000.0,0.0,0.0,1.0,0.899,1
129.0,469,0.6201550387596899,0.4844961240310078,25.0,25.0,400000.0,20000.0,3.0,1.0,0.914,0,0.0,1.0,9.6447498,0.6375410618387315,0.482350145470093,0.0,25.0,400000.0,20000.0,1.0,1.0,0.899,0
147.0,1747,0.6462585034013605,0.48894557823129253,0.0,12.0,120000.0,0.0,0.0,1.0,0.9,1,0.28622549772262573,1.0,9.898233333333334,0.6291390728476821,0.4759933774834437,0.0,12.0,120000.0,0.0,0.0,1.0,0.898,0
151.0,1749,0.6291390728476821,0.4759933774834437,0.0,12.0,120000.0,0.0,0.0,1.0,0.898,1,0.0,1.0,-4.9352,0.6291390728476821,0.4759933774834437,0.0,12.0,120000.0,0.0,0.0,1.0,0.896,1
151.0,2185,0.6291390728476821,0.4759933774834437,0.0,12.0,120000.0,0.0,0.0,0.0,0.898,3,0.0,1.0,-4.9352,0.6291390728476821,0.4759933774834437,0.0,12.0,120000.0,0.0,0.0,0.0,0.896,1
146.0,1299,0.6164383561643836,0.4922945205479452,25.0,12.0,120000.0,20000.0,3.0,0.0,0.9,0,0.0,1.0,9.793882916666666,0.6249588431709201,0.4728307037148409,25.0,12.0,120000.0,20000.0,3.0,0.0,0.896,0
139.0,28,0.6115107913669064,0.5170863309352518,0.0,8.0,80000.0,0.0,0.0,1.0,0.907,1,0.28622549772262573,1.0,-3.768533333333334,0.6236323851203501,0.47182713347921224,0.0,8.0,80000.0,0.0,0.0,1.0,0.896,1
153.0,1750,0.6535947712418301,0.46977124183006536,0.0,12.0,120000.0,0.0,0.0,1.0,0.896,3,0.0,1.0,-4.93525,0.6535947712418301,0.46977124183006536,0.0,12.0,120000.0,0.0,0.0,1.0,0.895,1
113.0,1732,0.4424778761061947,0.41482300884955753,0.0,12.0,120000.0,0.0,0.0,1.0,0.925,3,0.20248140394687653,1.0,-3.9353,0.6501950585175552,0.4673276983094929,0.0,12.0,120000.0,0.0,0.0,1.0,0.894,1
154.0,1303,0.6493506493506493,0.4667207792207792,25.0,12.0,120000.0,20000.0,3.0,0.0,0.894,2,0.0,1.0,-4.930299999999999,0.6493506493506493,0.4667207792207792,25.0,12.0,120000.0,20000.0,3.0,0.0,0.894,1
148.0,1300,0.6418918918918919,0.4856418918918919,25.0,12.0,120000.0,20000.0,3.0,0.0,0.899,0,0.0,1.0,9.794032916666668,0.6493084443017698,0.466690444341897,12.5,12.0,120000.0,20000.0,2.0,0.0,0.894,0
149.0,835,0.6375838926174496,0.4823825503355704,0.0,12.0,120000.0,20000.0,1.0,0.0,0.899,0,0.0,1.0,9.794450000000001,0.6451612903225806,0.46370967741935487,12.5,12.0,120000.0,20000.0,3.0,0.0,0.894,0
157.0,37,0.6369426751592357,0.49761146496815284,0.0,8.0,80000.0,0.0,0.0,1.0,0.891,2,0.0,1.0,-4.93545,0.6369426751592357,0.49761146496815284,0.0,8.0,80000.0,0.0,0.0,1.0,0.891,1
157.0,2188,0.6369426751592357,0.49761146496815284,0.0,12.0,120000.0,0.0,0.0,0.0,0.891,3,0.0,1.0,-4.9355,0.6369426751592357,0.49761146496815284,0.0,12.0,120000.0,0.0,0.0,0.0,0.89,1
136.0,1294,0.625,0.505514705882353,25.0,12.0,120000.0,20000.0,3.0,0.0,0.911,2,0.997947096824646,1.0,-3.8471666666666664,0.6329113924050633,0.49446202531645567,25.0,12.0,120000.0,20000.0,3.0,0.0,0.89,1
137.0,1742,0.6204379562043796,0.5018248175182481,0.0,12.0,120000.0,0.0,0.0,1.0,0.91,2,0.997947096824646,1.0,-3.8104999999999998,0.6329113924050633,0.49446202531645567,0.0,12.0,120000.0,0.0,0.0,1.0,0.89,1
158.0,1305,0.6329113924050633,0.49446202531645567,25.0,12.0,120000.0,20000.0,3.0,0.0,0.89,3,0.0,1.0,-4.930499999999999,0.6329113924050633,0.49446202531645567,25.0,12.0,120000.0,20000.0,3.0,0.0,0.89,1
152.0,1302,0.625,0.47286184210526316,25.0,12.0,120000.0,20000.0,3.0,0.0,0.896,0,0.0,1.0,9.793832916666666,0.6328712972045252,0.49443070094103536,12.5,12.0,120000.0,20000.0,2.0,0.0,0.89,0
159.0,1753,0.628930817610063,0.5110062893081762,0.0,12.0,120000.0,0.0,0.0,1.0,0.89,1,0.0,1.0,-4.9358,0.628930817610063,0.5110062893081762,0.0,12.0,120000.0,0.0,0.0,1.0,0.889,1
159.0,2189,0.628930817610063,0.5110062893081762,0.0,12.0,120000.0,0.0,0.0,0.0,0.89,2,0.0,1.0,-4.935550000000001,0.628930817610063,0.5110062893081762,0.0,12.0,120000.0,0.0,0.0,0.0,0.889,1
153.0,837,0.6535947712418301,0.46977124183006536,12.5,12.0,120000.0,20000.0,2.0,0.0,0.896,0,0.0,1.0,9.793282916666666,0.6288912251499136,0.5109741204343048,37.5,12.0,120000.0,20000.0,4.0,0.0,0.889,0
157.0,1752,0.6369426751592357,0.49761146496815284,0.0,12.0,120000.0,0.0,0.0,1.0,0.891,1,1.0,1.0,9.897783333333333,0.6211180124223602,0.5240683229813664,0.0,12.0,120000.0,0.0,0.0,1.0,0.889,0
138.0,1295,0.6159420289855073,0.49818840579710144,25.0,12.0,120000.0,20000.0,3.0,0.0,0.908,2,0.997947096824646,1.0,-3.8888833333333337,0.6211180124223602,0.5240683229813664,25.0,12.0,120000.0,20000.0,3.0,0.0,0.889,1
161.0,39,0.6211180124223602,0.5240683229813664,0.0,8.0,80000.0,0.0,0.0,1.0,0.889,2,0.0,1.0,-4.935550000000001,0.6211180124223602,0.5240683229813664,0.0,8.0,80000.0,0.0,0.0,1.0,0.889,1
161.0,2190,0.6211180124223602,0.5240683229813664,0.0,12.0,120000.0,0.0,0.0,0.0,0.889,2,0.0,1.0,-4.935600000000001,0.6211180124223602,0.5240683229813664,0.0,12.0,120000.0,0.0,0.0,0.0,0.888,1
155.0,838,0.6451612903225806,0.46370967741935487,12.5,12.0,120000.0,20000.0,2.0,0.0,0.894,0,0.0,1.0,9.793232916666666,0.6210793974859079,0.5240357416287348,37.5,12.0,120000.0,20000.0,4.0,0.0,0.888,0
156.0,1304,0.641025641025641,0.500801282051282,12.5,12.0,120000.0,20000.0,2.0,0.0,0.891,0,0.0,1.0,9.793632916666667,0.6172458109224238,0.5400900845571209,12.5,12.0,120000.0,20000.0,2.0,0.0,0.886,0
151.0,836,0.6291390728476821,0.4759933774834437,12.5,12.0,120000.0,20000.0,2.0,0.0,0.898,2,0.28622549772262573,1.0,9.56435,0.6134969325153374,0.5559815950920246,37.5,12.0,120000.0,20000.0,4.0,0.0,0.887,0
163.0,40,0.6134969325153374,0.5559815950920246,0.0,8.0,80000.0,0.0,0.0,1.0,0.887,1,0.0,1.0,-4.935650000000001,0.6134969325153374,0.5559815950920246,0.0,8.0,80000.0,0.0,0.0,1.0,0.887,1
163.0,842,0.6134969325153374,0.5559815950920246,37.5,12.0,120000.0,20000.0,4.0,0.0,0.887,2,0.0,1.0,-4.918150000000001,0.6134969325153374,0.5559815950920246,37.5,12.0,120000.0,20000.0,4.0,0.0,0.887,1
163.0,2191,0.6134969325153374,0.5559815950920246,0.0,12.0,120000.0,0.0,0.0,0.0,0.887,3,0.0,1.0,-4.935700000000001,0.6134969325153374,0.5559815950920246,0.0,12.0,120000.0,0.0,0.0,0.0,0.886,1
157.0,839,0.6369426751592357,0.49761146496815284,25.0,12.0,120000.0,20000.0,3.0,0.0,0.891,0,0.0,1.0,9.793382916666665,0.6134592593424171,0.5559474537790655,25.0,12.0,120000.0,20000.0,3.0,0.0,0.886,0
141.0,1744,0.6028368794326241,0.5097517730496454,0.0,12.0,120000.0,0.0,0.0,1.0,0.905,2,0.28622549772262573,1.0,-3.8940333333333332,0.6402439024390244,0.5716463414634145,0.0,12.0,120000.0,0.0,0.0,1.0,0.886,1
164.0,473,0.6402439024390244,0.5716463414634145,37.5,25.0,400000.0,20000.0,4.0,1.0,0.886,2,0.0,1.0,-4.918200000000001,0.6402439024390244,0.5716463414634145,37.5,25.0,400000.0,20000.0,4.0,1.0,0.886,1
123.0,1735,0.5284552845528455,0.508130081300813,0.0,12.0,120000.0,0.0,0.0,1.0,0.919,3,0.3939970135688782,1.0,-3.93575,0.6371359223300971,0.5688713592233009,0.0,12.0,120000.0,0.0,0.0,1.0,0.885,1
161.0,1754,0.6211180124223602,0.5240683229813664,0.0,12.0,120000.0,0.0,0.0,1.0,0.889,1,0.09982451796531677,1.0,9.897383333333334,0.6666666666666667,0.587121212121212,0.0,12.0,120000.0,0.0,0.0,1.0,0.886,0
165.0,41,0.6666666666666667,0.587121212121212,0.0,8.0,80000.0,0.0,0.0,1.0,0.886,1,0.0,1.0,-4.935700000000001,0.6666666666666667,0.587121212121212,0.0,8.0,80000.0,0.0,0.0,1.0,0.886,1
165.0,843,0.6666666666666667,0.587121212121212,25.0,12.0,120000.0,20000.0,3.0,0.0,0.886,3,0.0,1.0,-4.9307,0.6666666666666667,0.587121212121212,25.0,12.0,120000.0,20000.0,3.0,0.0,0.886,1
143.0,1745,0.5944055944055944,0.5026223776223776,0.0,12.0,120000.0,0.0,0.0,1.0,0.904,2,0.28622549772262573,1.0,-3.8528837499999997,0.666626224675703,0.5870855955950793,0.0,12.0,120000.0,0.0,0.0,1.0,0.884,1
159.0,840,0.628930817610063,0.5110062893081762,37.5,12.0,120000.0,20000.0,4.0,0.0,0.89,0,0.0,1.0,9.793532916666667,0.666626224675703,0.5870855955950793,12.5,12.0,120000.0,20000.0,2.0,0.0,0.884,0
124.0,1288,0.5241935483870969,0.5040322580645161,25.0,12.0,120000.0,20000.0,3.0,0.0,0.918,3,0.3939970135688782,1.0,-3.9308,0.6634499396863691,0.5842882991556092,25.0,12.0,120000.0,20000.0,3.0,0.0,0.884,1
166.0,1309,0.6927710843373494,0.5961345381526105,25.0,12.0,120000.0,20000.0,3.0,0.0,0.884,2,0.0,1.0,-4.9308,0.6927710843373494,0.5961345381526105,25.0,12.0,120000.0,20000.0,3.0,0.0,0.884,1
145.0,1746,0.6206896551724138,0.4956896551724138,0.0,12.0,120000.0,0.0,0.0,1.0,0.902,2,0.28622549772262573,1.0,-3.811217083333333,0.6927293119252267,0.5960985926892802,0.0,12.0,120000.0,0.0,0.0,1.0,0.884,1
160.0,1306,0.625,0.52734375,12.5,12.0,120000.0,20000.0,2.0,0.0,0.889,0,0.0,1.0,9.793532916666667,0.6927293119252267,0.5960985926892802,12.5,12.0,120000.0,20000.0,2.0,0.0,0.884,0
126.0,1289,0.5555555555555556,0.49603174603174605,25.0,12.0,120000.0,20000.0,3.0,0.0,0.917,3,0.5789525508880615,1.0,-3.93085,0.6894484412470023,0.5932753796962431,12.5,12.0,120000.0,20000.0,2.0,0.0,0.883,1
163.0,1755,0.6134969325153374,0.5559815950920246,0.0,12.0,120000.0,0.0,0.0,1.0,0.887,1,0.7652716636657715,1.0,9.897533333333334,0.688622754491018,0.5925648702594811,0.0,12.0,120000.0,0.0,0.0,1.0,0.884,0
167.0,844,0.688622754491018,0.5925648702594811,12.5,12.0,120000.0,20000.0,2.0,0.0,0.884,3,0.0,1.0,-4.9359,0.688622754491018,0.5925648702594811,12.5,12.0,120000.0,20000.0,2.0,0.0,0.882,1
144.0,1298,0.5902777777777778,0.4991319444444444,25.0,12.0,120000.0,20000.0,3.0,0.0,0.903,2,0.28622549772262573,1.0,-3.8897504166666663,0.6885814808345918,0.592529353979042,12.5,12.0,120000.0,20000.0,2.0,0.0,0.88,1
161.0,841,0.6211180124223602,0.5240683229813664,37.5,12.0,120000.0,20000.0,4.0,0.0,0.889,0,0.0,1.0,9.793582916666667,0.6885814808345918,0.592529353979042,0.0,12.0,120000.0,20000.0,1.0,0.0,0.88,0
67.0,1,0.0,0.046641791044776115,0.0,8.0,80000.0,0.0,0.0,1.0,0.987,2,0.24640925228595734,1.0,-3.936,0.6872509960159362,0.5913844621513944,0.0,8.0,80000.0,0.0,0.0,1.0,0.88,1
153.0,35,0.6535947712418301,0.46977124183006536,0.0,8.0,80000.0,0.0,0.0,1.0,0.896,1,0.17750948667526245,1.0,-3.831833333333334,0.6872509960159362,0.5913844621513944,0.0,8.0,80000.0,0.0,0.0,1.0,0.88,1
127.0,1737,0.5905511811023622,0.49212598425196846,0.0,12.0,120000.0,0.0,0.0,1.0,0.915,3,0.5789525508880615,1.0,-3.936,0.7109004739336493,0.5862460505529227,0.0,12.0,120000.0,0.0,0.0,1.0,0.88,1
170.0,475,0.7352941176470588,0.5821078431372549,37.5,25.0,400000.0,20000.0,4.0,1.0,0.876,1,0.0,1.0,-4.9187,0.7352941176470588,0.5821078431372549,37.5,25.0,400000.0,20000.0,4.0,1.0,0.876,1
164.0,1308,0.6402439024390244,0.5716463414634145,12.5,12.0,120000.0,20000.0,2.0,0.0,0.886,0,0.0,1.0,9.793382916666665,0.7352508243485193,0.5820735692759111,0.0,12.0,120000.0,20000.0,1.0,0.0,0.876,0
129.0,1738,0.6201550387596899,0.4844961240310078,0.0,12.0,120000.0,0.0,0.0,1.0,0.914,3,0.997947096824646,1.0,-3.9362,0.7318501170960188,0.5793813427010148,0.0,12.0,120000.0,0.0,0.0,1.0,0.876,1
171.0,2195,0.7602339181286549,0.5969785575048733,0.0,12.0,120000.0,0.0,0.0,0.0,0.876,2,0.0,1.0,-4.936300000000001,0.7602339181286549,0.5969785575048733,0.0,12.0,120000.0,0.0,0.0,0.0,0.874,1
130.0,1291,0.6153846153846154,0.48076923076923084,12.5,12.0,120000.0,20000.0,2.0,0.0,0.913,3,0.997947096824646,1.0,-3.9363,0.7566938300349243,0.5941986806363989,0.0,12.0,120000.0,20000.0,1.0,0.0,0.874,1
150.0,1301,0.6333333333333333,0.47916666666666663,25.0,12.0,120000.0,20000.0,3.0,0.0,0.899,2,0.28622549772262573,1.0,-3.8896333333333337,0.7514450867052023,0.6021194605009634,0.0,12.0,120000.0,20000.0,1.0,0.0,0.874,1
173.0,2196,0.7514450867052023,0.6021194605009634,0.0,12.0,120000.0,0.0,0.0,0.0,0.874,2,0.0,1.0,-4.936400000000001,0.7514450867052023,0.6021194605009634,0.0,12.0,120000.0,0.0,0.0,0.0,0.872,1
71.0,3,0.0,0.04401408450704226,0.0,8.0,80000.0,0.0,0.0,1.0,0.982,2,0.24640925228595734,1.0,-3.9364,0.75,0.6009615384615384,0.0,8.0,80000.0,0.0,0.0,1.0,0.872,1
171.0,1759,0.7602339181286549,0.5969785575048733,0.0,12.0,120000.0,0.0,0.0,1.0,0.876,1,0.16024333238601685,1.0,9.896933333333333,0.7428571428571429,0.5952380952380953,0.0,12.0,120000.0,0.0,0.0,1.0,0.872,0
155.0,470,0.6451612903225806,0.46370967741935487,0.0,25.0,400000.0,20000.0,1.0,1.0,0.894,0,0.0,1.0,9.643099999999999,0.7428571428571429,0.5952380952380953,25.0,25.0,400000.0,20000.0,3.0,1.0,0.872,0
175.0,2197,0.7428571428571429,0.5952380952380953,0.0,12.0,120000.0,0.0,0.0,0.0,0.872,2,0.0,1.0,-4.936450000000001,0.7428571428571429,0.5952380952380953,0.0,12.0,120000.0,0.0,0.0,0.0,0.871,1
171.0,846,0.7602339181286549,0.5969785575048733,0.0,12.0,120000.0,20000.0,1.0,0.0,0.876,0,0.0,1.0,9.79305,0.7344632768361582,0.6355932203389829,25.0,12.0,120000.0,20000.0,4.0,0.0,0.871,0
177.0,47,0.7344632768361582,0.6355932203389829,0.0,8.0,80000.0,0.0,0.0,1.0,0.871,1,0.0,1.0,-4.936450000000001,0.7344632768361582,0.6355932203389829,0.0,8.0,80000.0,0.0,0.0,1.0,0.871,1
177.0,2198,0.7344632768361582,0.6355932203389829,0.0,12.0,120000.0,0.0,0.0,0.0,0.871,2,0.0,1.0,-4.936450000000001,0.7344632768361582,0.6355932203389829,0.0,12.0,120000.0,0.0,0.0,0.0,0.871,1
158.0,471,0.6329113924050633,0.49446202531645567,12.5,25.0,400000.0,20000.0,2.0,1.0,0.89,1,0.0,1.0,9.662799799999998,0.7302960097581029,0.6319869315214351,25.0,25.0,400000.0,20000.0,3.0,1.0,0.87,0
75.0,5,0.0,0.08333333333333334,0.0,8.0,80000.0,0.0,0.0,1.0,0.975,2,0.552053689956665,1.0,-3.9365,0.7289310471040289,0.630805713840025,0.0,8.0,80000.0,0.0,0.0,1.0,0.87,1
169.0,845,0.7100591715976331,0.585552268244576,0.0,12.0,120000.0,20000.0,1.0,0.0,0.88,2,0.008563417010009289,1.0,9.646883333333333,0.7262569832402235,0.6401303538175046,37.5,12.0,120000.0,20000.0,4.0,0.0,0.871,0
162.0,1307,0.6172839506172839,0.5401234567901234,25.0,12.0,120000.0,20000.0,3.0,0.0,0.888,2,0.09982451796531677,1.0,-3.6397833333333334,0.7262569832402235,0.6401303538175046,0.0,12.0,120000.0,20000.0,1.0,0.0,0.871,1
179.0,48,0.7262569832402235,0.6401303538175046,0.0,8.0,80000.0,0.0,0.0,1.0,0.871,1,0.0,1.0,-4.936450000000001,0.7262569832402235,0.6401303538175046,0.0,8.0,80000.0,0.0,0.0,1.0,0.871,1
179.0,2199,0.7262569832402235,0.6401303538175046,0.0,12.0,120000.0,0.0,0.0,0.0,0.871,3,0.0,1.0,-4.9365000000000006,0.7262569832402235,0.6401303538175046,0.0,12.0,120000.0,0.0,0.0,0.0,0.87,1
173.0,847,0.7514450867052023,0.6021194605009634,12.5,12.0,120000.0,20000.0,2.0,0.0,0.874,0,0.0,1.0,9.792332916666666,0.7262163719224416,0.6400945585854855,37.5,12.0,120000.0,20000.0,4.0,0.0,0.87,0
79.0,7,0.0,0.19778481012658228,0.0,8.0,80000.0,0.0,0.0,1.0,0.968,2,1.0,1.0,-3.9365,0.7208872458410351,0.6353974121996304,0.0,8.0,80000.0,0.0,0.0,1.0,0.87,1
181.0,2200,0.7182320441988951,0.6618324125230203,0.0,12.0,120000.0,0.0,0.0,0.0,0.87,2,0.0,1.0,-4.9366,0.7182320441988951,0.6618324125230203,0.0,12.0,120000.0,0.0,0.0,0.0,0.868,1
161.0,472,0.6211180124223602,0.5240683229813664,25.0,25.0,400000.0,20000.0,3.0,1.0,0.889,0,0.0,1.0,9.642699799999999,0.7181923253857618,0.6617958126551492,25.0,25.0,400000.0,20000.0,3.0,1.0,0.868,0
175.0,848,0.7428571428571429,0.5952380952380953,25.0,12.0,120000.0,20000.0,3.0,0.0,0.872,0,0.0,1.0,9.792232916666666,0.7181923253857618,0.6617958126551492,37.5,12.0,120000.0,20000.0,4.0,0.0,0.868,0
81.0,8,0.0,0.23148148148148145,0.0,8.0,80000.0,0.0,0.0,1.0,0.966,2,0.31314852833747864,1.0,-3.9366,0.7129798903107861,0.6569926873857403,0.0,8.0,80000.0,0.0,0.0,1.0,0.868,1
169.0,2194,0.7100591715976331,0.585552268244576,0.0,12.0,120000.0,0.0,0.0,0.0,0.88,2,0.008563417010009289,1.0,-3.5199333333333334,0.7103825136612022,0.6545992714025501,0.0,12.0,120000.0,0.0,0.0,0.0,0.868,1
183.0,52,0.7103825136612022,0.6545992714025501,0.0,8.0,80000.0,0.0,0.0,1.0,0.868,2,0.0,1.0,-4.9366,0.7103825136612022,0.6545992714025501,0.0,8.0,80000.0,0.0,0.0,1.0,0.868,1
183.0,2201,0.7103825136612022,0.6545992714025501,0.0,12.0,120000.0,0.0,0.0,0.0,0.868,3,0.0,1.0,-4.9366,0.7103825136612022,0.6545992714025501,0.0,12.0,120000.0,0.0,0.0,0.0,0.868,1
177.0,849,0.7344632768361582,0.6355932203389829,25.0,12.0,120000.0,20000.0,3.0,0.0,0.871,0,0.0,1.0,9.792232916666666,0.7103436582512618,0.6545634671385827,37.5,12.0,120000.0,20000.0,4.0,0.0,0.868,0
185.0,2202,0.7027027027027027,0.6475225225225225,0.0,12.0,120000.0,0.0,0.0,0.0,0.868,2,0.0,1.0,-4.9367,0.7027027027027027,0.6475225225225225,0.0,12.0,120000.0,0.0,0.0,0.0,0.866,1
179.0,850,0.7262569832402235,0.6401303538175046,37.5,12.0,120000.0,20000.0,4.0,0.0,0.871,0,0.0,1.0,9.792132916666667,0.7026646828460795,0.6474874881995125,37.5,12.0,120000.0,20000.0,4.0,0.0,0.866,0
171.0,44,0.7602339181286549,0.5969785575048733,0.0,8.0,80000.0,0.0,0.0,1.0,0.876,1,0.008563417010009289,1.0,-3.832533333333334,0.7014388489208633,0.6463579136690647,0.0,8.0,80000.0,0.0,0.0,1.0,0.866,1
187.0,54,0.6951871657754011,0.6517379679144385,0.0,8.0,80000.0,0.0,0.0,1.0,0.866,1,0.0,1.0,-4.9367,0.6951871657754011,0.6517379679144385,0.0,8.0,80000.0,0.0,0.0,1.0,0.866,1
187.0,2203,0.6951871657754011,0.6517379679144385,0.0,12.0,120000.0,0.0,0.0,0.0,0.866,2,0.0,1.0,-4.9367,0.6951871657754011,0.6517379679144385,0.0,12.0,120000.0,0.0,0.0,0.0,0.866,1
181.0,851,0.7182320441988951,0.6618324125230203,37.5,12.0,120000.0,20000.0,4.0,0.0,0.87,0,0.0,1.0,9.792132916666667,0.695149954807232,0.65170308263178,37.5,12.0,120000.0,20000.0,4.0,0.0,0.866,0
95.0,15,0.15789473684210525,0.3947368421052631,0.0,8.0,80000.0,0.0,0.0,1.0,0.941,2,0.9805817008018494,1.0,-3.93675,0.6902654867256638,0.6581858407079646,0.0,8.0,80000.0,0.0,0.0,1.0,0.865,1
189.0,855,0.6878306878306878,0.6723985890652557,37.5,12.0,120000.0,20000.0,4.0,0.0,0.865,3,0.0,1.0,-4.9193,0.6878306878306878,0.6723985890652557,37.5,12.0,120000.0,20000.0,5.0,0.0,0.864,1
189.0,2204,0.6878306878306878,0.6723985890652557,0.0,12.0,120000.0,0.0,0.0,0.0,0.865,2,0.0,1.0,-4.9368,0.6878306878306878,0.6723985890652557,0.0,12.0,120000.0,0.0,0.0,0.0,0.864,1
183.0,852,0.7103825136612022,0.6545992714025501,37.5,12.0,120000.0,20000.0,4.0,0.0,0.868,0,0.0,1.0,9.792032916666667,0.6877942602087582,0.6723629787297157,37.5,12.0,120000.0,20000.0,4.0,0.0,0.864,0
97.0,16,0.25773195876288657,0.4510309278350515,0.0,8.0,80000.0,0.0,0.0,1.0,0.938,2,0.011413360014557838,1.0,-3.9368,0.6865834188379091,0.6711793036716739,0.0,8.0,80000.0,0.0,0.0,1.0,0.864,1
169.0,1758,0.7100591715976331,0.585552268244576,0.0,12.0,120000.0,0.0,0.0,1.0,0.88,2,0.008563417010009289,1.0,-3.85398375,0.6805926034975863,0.6653228976498841,0.0,12.0,120000.0,0.0,0.0,1.0,0.862,1
185.0,853,0.7027027027027027,0.6475225225225225,37.5,12.0,120000.0,20000.0,4.0,0.0,0.868,0,0.0,1.0,9.791682916666668,0.6805926034975863,0.6653228976498841,50.0,12.0,120000.0,20000.0,5.0,0.0,0.862,0
179.0,50,0.7262569832402235,0.6401303538175046,0.0,8.0,80000.0,0.0,0.0,1.0,0.871,1,0.16024333238601685,1.0,-3.770233333333334,0.6759098786828422,0.6607452339688041,0.0,8.0,80000.0,0.0,0.0,1.0,0.862,1
193.0,57,0.6735751295336788,0.6584628670120898,0.0,8.0,80000.0,0.0,0.0,1.0,0.862,1,0.0,1.0,-4.9369000000000005,0.6735751295336788,0.6584628670120898,0.0,8.0,80000.0,0.0,0.0,1.0,0.862,1
193.0,857,0.6735751295336788,0.6584628670120898,50.0,12.0,120000.0,20000.0,5.0,0.0,0.862,2,0.0,1.0,-4.9069,0.6735751295336788,0.6584628670120898,50.0,12.0,120000.0,20000.0,6.0,0.0,0.862,1
193.0,1760,0.6735751295336788,0.6584628670120898,0.0,12.0,120000.0,0.0,0.0,1.0,0.862,2,0.0,1.0,-4.9369000000000005,0.6735751295336788,0.6584628670120898,0.0,12.0,120000.0,0.0,0.0,1.0,0.862,1
187.0,854,0.6951871657754011,0.6517379679144385,37.5,12.0,120000.0,20000.0,4.0,0.0,0.866,0,0.0,1.0,9.791632916666666,0.6735401961794624,0.6584287174190259,50.0,12.0,120000.0,20000.0,5.0,0.0,0.861,0
153.0,2186,0.6535947712418301,0.46977124183006536,0.0,12.0,120000.0,0.0,0.0,0.0,0.896,3,0.17750948667526245,1.0,-3.937,0.6930184804928132,0.6523785078713209,0.0,12.0,120000.0,0.0,0.0,0.0,0.86,1
195.0,2207,0.717948717948718,0.6517094017094017,0.0,12.0,120000.0,0.0,0.0,0.0,0.86,2,0.0,1.0,-4.937150000000001,0.717948717948718,0.6517094017094017,0.0,12.0,120000.0,0.0,0.0,0.0,0.857,1
189.0,860,0.6878306878306878,0.6723985890652557,37.5,12.0,120000.0,20000.0,4.0,0.0,0.865,0,0.0,1.0,9.791432916666666,0.7179118651396408,0.6516759490106858,50.0,12.0,120000.0,20000.0,5.0,0.0,0.857,0
155.0,1751,0.6451612903225806,0.46370967741935487,0.0,12.0,120000.0,0.0,0.0,1.0,0.894,3,0.6587005853652954,1.0,-3.93715,0.7150153217568949,0.6490466462376574,0.0,12.0,120000.0,0.0,0.0,1.0,0.857,1
176.0,477,0.7386363636363636,0.6096117424242423,25.0,25.0,400000.0,20000.0,3.0,1.0,0.871,0,0.0,1.0,9.6418498,0.7397581378624489,0.6483512415173762,37.5,25.0,400000.0,20000.0,4.0,1.0,0.856,0
155.0,2187,0.6451612903225806,0.46370967741935487,0.0,12.0,120000.0,0.0,0.0,0.0,0.894,3,0.6587005853652954,1.0,-3.9372,0.7367886178861789,0.6457486449864498,0.0,12.0,120000.0,0.0,0.0,0.0,0.856,1
197.0,1762,0.7360406091370558,0.6609560067681894,0.0,12.0,120000.0,0.0,0.0,1.0,0.856,1,0.0,1.0,-4.9375,0.7360406091370558,0.6609560067681894,0.0,12.0,120000.0,0.0,0.0,1.0,0.855,1
197.0,2208,0.7360406091370558,0.6609560067681894,0.0,12.0,120000.0,0.0,0.0,0.0,0.856,2,0.0,1.0,-4.937250000000001,0.7360406091370558,0.6609560067681894,0.0,12.0,120000.0,0.0,0.0,0.0,0.855,1
191.0,856,0.6806282722513088,0.6653577661431065,37.5,12.0,120000.0,20000.0,4.0,0.0,0.864,0,0.0,1.0,9.791332916666667,0.73600321120739,0.6609224238572108,50.0,12.0,120000.0,20000.0,5.0,0.0,0.855,0
191.0,861,0.6806282722513088,0.6653577661431065,37.5,12.0,120000.0,20000.0,5.0,0.0,0.864,0,0.0,1.0,9.791332916666667,0.73600321120739,0.6609224238572108,50.0,12.0,120000.0,20000.0,5.0,0.0,0.855,0
199.0,1763,0.7286432160804021,0.6700167504187605,0.0,12.0,120000.0,0.0,0.0,1.0,0.853,3,0.0,1.0,-4.9374,0.7286432160804021,0.6700167504187605,0.0,12.0,120000.0,0.0,0.0,1.0,0.852,1
179.0,478,0.7262569832402235,0.6401303538175046,25.0,25.0,400000.0,20000.0,3.0,1.0,0.871,1,1.0,1.0,9.6665498,0.7286065660717268,0.669983049261358,37.5,25.0,400000.0,20000.0,4.0,1.0,0.85,0
193.0,862,0.6735751295336788,0.6584628670120898,50.0,12.0,120000.0,20000.0,5.0,0.0,0.862,0,0.0,1.0,9.791082916666667,0.7286065660717268,0.669983049261358,50.0,12.0,120000.0,20000.0,5.0,0.0,0.85,0
195.0,1761,0.717948717948718,0.6517094017094017,0.0,12.0,120000.0,0.0,0.0,1.0,0.86,1,0.4494630694389343,1.0,9.854216666666666,0.7250000000000001,0.6666666666666667,0.0,12.0,120000.0,0.0,0.0,1.0,0.851,0
196.0,2210,0.7397959183673469,0.6483843537414966,0.0,12.0,120000.0,0.0,0.0,0.0,0.857,2,0.4494630694389343,1.0,9.895933333333334,0.7250000000000001,0.6666666666666667,0.0,12.0,120000.0,0.0,0.0,0.0,0.852,0
200.0,2212,0.7250000000000001,0.6666666666666667,0.0,12.0,120000.0,0.0,0.0,0.0,0.852,3,0.0,1.0,-4.9374,0.7250000000000001,0.6666666666666667,0.0,12.0,120000.0,0.0,0.0,0.0,0.852,1
201.0,61,0.7213930348258706,0.6633499170812603,0.0,8.0,80000.0,0.0,0.0,1.0,0.852,1,0.0,1.0,-4.93765,0.7213930348258706,0.6633499170812603,0.0,8.0,80000.0,0.0,0.0,1.0,0.852,1
195.0,863,0.717948717948718,0.6517094017094017,50.0,12.0,120000.0,20000.0,5.0,0.0,0.86,0,0.0,1.0,9.791132916666667,0.7213571105239983,0.6633168832404581,50.0,12.0,120000.0,20000.0,5.0,0.0,0.851,0
198.0,2211,0.7323232323232324,0.6576178451178452,0.0,12.0,120000.0,0.0,0.0,0.0,0.855,2,0.4494630694389343,1.0,9.895883333333334,0.7178217821782179,0.6600660066006601,0.0,12.0,120000.0,0.0,0.0,0.0,0.851,0
182.0,479,0.7142857142857143,0.6581959706959708,25.0,25.0,400000.0,20000.0,3.0,1.0,0.868,0,0.0,1.0,9.6415498,0.7177862126733224,0.6600332990099517,37.5,25.0,400000.0,20000.0,4.0,1.0,0.85,0
189.0,55,0.6878306878306878,0.6723985890652557,0.0,8.0,80000.0,0.0,0.0,1.0,0.865,1,0.7589649558067322,1.0,-3.770833333333334,0.7166392092257001,0.6589785831960461,0.0,8.0,80000.0,0.0,0.0,1.0,0.85,1
203.0,1765,0.7142857142857143,0.6722085385878489,0.0,12.0,120000.0,0.0,0.0,1.0,0.85,1,0.0,1.0,-4.93755,0.7142857142857143,0.6722085385878489,0.0,12.0,120000.0,0.0,0.0,1.0,0.849,1
197.0,859,0.7360406091370558,0.6609560067681894,50.0,12.0,120000.0,20000.0,5.0,0.0,0.856,0,0.0,1.0,9.791282916666667,0.7142504943475447,0.6721753933874164,37.5,12.0,120000.0,20000.0,4.0,0.0,0.849,0
197.0,864,0.7360406091370558,0.6609560067681894,50.0,12.0,120000.0,20000.0,6.0,0.0,0.856,0,0.0,1.0,9.791282916666667,0.7142504943475447,0.6721753933874164,37.5,12.0,120000.0,20000.0,4.0,0.0,0.849,0
204.0,2214,0.7107843137254902,0.6842320261437909,0.0,12.0,120000.0,0.0,0.0,0.0,0.849,3,0.0,1.0,-4.93755,0.7107843137254902,0.6842320261437909,0.0,12.0,120000.0,0.0,0.0,0.0,0.849,1
205.0,63,0.7317073170731708,0.6961382113821138,0.0,8.0,80000.0,0.0,0.0,1.0,0.849,1,0.0,1.0,-4.93755,0.7317073170731708,0.6961382113821138,0.0,8.0,80000.0,0.0,0.0,1.0,0.849,1
199.0,865,0.7286432160804021,0.6700167504187605,50.0,12.0,120000.0,20000.0,5.0,0.0,0.853,0,0.0,1.0,9.791182916666667,0.7316715900847963,0.696104221122341,37.5,12.0,120000.0,20000.0,4.0,0.0,0.847,0
165.0,2192,0.6666666666666667,0.587121212121212,0.0,12.0,120000.0,0.0,0.0,0.0,0.886,3,0.7652716636657715,1.0,-3.93765,0.7288629737609329,0.6934321347586654,0.0,12.0,120000.0,0.0,0.0,0.0,0.847,1
202.0,2213,0.7178217821782179,0.6600660066006601,0.0,12.0,120000.0,0.0,0.0,0.0,0.851,2,1.0,1.0,9.895733333333334,0.7524271844660194,0.6927588996763755,0.0,12.0,120000.0,0.0,0.0,0.0,0.848,0
206.0,487,0.7524271844660194,0.6927588996763755,50.0,25.0,400000.0,20000.0,5.0,1.0,0.848,1,0.0,1.0,-4.9075999999999995,0.7524271844660194,0.6927588996763755,50.0,25.0,400000.0,20000.0,5.0,1.0,0.848,1
206.0,2215,0.7524271844660194,0.6927588996763755,0.0,12.0,120000.0,0.0,0.0,0.0,0.848,3,0.0,1.0,-4.9376,0.7524271844660194,0.6927588996763755,0.0,12.0,120000.0,0.0,0.0,0.0,0.848,1
165.0,1756,0.6666666666666667,0.587121212121212,0.0,12.0,120000.0,0.0,0.0,1.0,0.886,3,0.7652716636657715,1.0,-3.93765,0.7495164410058027,0.6900789813023855,0.0,12.0,120000.0,0.0,0.0,1.0,0.847,1
195.0,858,0.717948717948718,0.6517094017094017,50.0,12.0,120000.0,20000.0,5.0,0.0,0.86,2,0.9514352083206177,1.0,9.592400000000001,0.7729468599033816,0.6894122383252818,37.5,12.0,120000.0,20000.0,4.0,0.0,0.848,0
207.0,1767,0.7729468599033816,0.6894122383252818,0.0,12.0,120000.0,0.0,0.0,1.0,0.848,3,0.0,1.0,-4.9376500000000005,0.7729468599033816,0.6894122383252818,0.0,12.0,120000.0,0.0,0.0,1.0,0.847,1
193.0,2206,0.6735751295336788,0.6584628670120898,0.0,12.0,120000.0,0.0,0.0,0.0,0.862,2,0.4811760485172272,1.0,-3.5214004166666664,0.7729094839423465,0.689378901693369,0.0,12.0,120000.0,0.0,0.0,0.0,0.847,1
201.0,866,0.7213930348258706,0.6633499170812603,50.0,12.0,120000.0,20000.0,5.0,0.0,0.852,0,0.0,1.0,9.791182916666667,0.7729094839423465,0.689378901693369,37.5,12.0,120000.0,20000.0,4.0,0.0,0.847,0
167.0,1757,0.688622754491018,0.5925648702594811,0.0,12.0,120000.0,0.0,0.0,1.0,0.884,3,0.9230961799621582,1.0,-3.93765,0.769971126082772,0.686758100737889,0.0,12.0,120000.0,0.0,0.0,1.0,0.847,1
167.0,2193,0.688622754491018,0.5925648702594811,0.0,12.0,120000.0,0.0,0.0,0.0,0.884,3,0.9230961799621582,1.0,-3.9377,0.7902298850574714,0.6834690293742018,0.0,12.0,120000.0,0.0,0.0,0.0,0.846,1
209.0,1768,0.7894736842105263,0.6828149920255184,0.0,12.0,120000.0,0.0,0.0,1.0,0.846,3,0.0,1.0,-4.93775,0.7894736842105263,0.6828149920255184,0.0,12.0,120000.0,0.0,0.0,1.0,0.845,1
203.0,867,0.7142857142857143,0.6722085385878489,50.0,12.0,120000.0,20000.0,5.0,0.0,0.85,0,0.0,1.0,9.791082916666666,0.7894358743870687,0.6827822903474018,37.5,12.0,120000.0,20000.0,4.0,0.0,0.845,0
191.0,482,0.6806282722513088,0.6653577661431065,37.5,25.0,400000.0,20000.0,4.0,1.0,0.864,0,0.0,1.0,9.6408498,0.7819534248635882,0.6763107273125732,50.0,25.0,400000.0,20000.0,5.0,1.0,0.841,0
205.0,868,0.7317073170731708,0.6961382113821138,37.5,12.0,120000.0,20000.0,4.0,0.0,0.849,0,0.0,1.0,9.791132916666665,0.7819534248635882,0.6763107273125732,25.0,12.0,120000.0,20000.0,3.0,0.0,0.841,0
213.0,1770,0.7746478873239436,0.6846635367762128,0.0,12.0,120000.0,0.0,0.0,1.0,0.84,2,0.0,1.0,-4.9380500000000005,0.7746478873239436,0.6846635367762128,0.0,12.0,120000.0,0.0,0.0,1.0,0.839,1
207.0,869,0.7729468599033816,0.6894122383252818,37.5,12.0,120000.0,20000.0,4.0,0.0,0.848,0,0.0,1.0,9.791032916666666,0.7746114842208589,0.6846313623164157,25.0,12.0,120000.0,20000.0,3.0,0.0,0.839,0
214.0,2219,0.7710280373831775,0.6960669781931464,0.0,12.0,120000.0,0.0,0.0,0.0,0.839,3,0.0,1.0,-4.9380500000000005,0.7710280373831775,0.6960669781931464,0.0,12.0,120000.0,0.0,0.0,0.0,0.839,1
211.0,1769,0.7819905213270142,0.6763428120063191,0.0,12.0,120000.0,0.0,0.0,1.0,0.844,2,0.8405808806419373,1.0,9.895283333333333,0.7674418604651163,0.6928294573643411,0.0,12.0,120000.0,0.0,0.0,1.0,0.839,0
215.0,1771,0.7674418604651163,0.6928294573643411,0.0,12.0,120000.0,0.0,0.0,1.0,0.839,2,0.0,1.0,-4.93815,0.7674418604651163,0.6928294573643411,0.0,12.0,120000.0,0.0,0.0,1.0,0.837,1
209.0,870,0.7894736842105263,0.6828149920255184,37.5,12.0,120000.0,20000.0,4.0,0.0,0.846,0,0.0,1.0,9.790932916666666,0.7674061314633677,0.6927972020155402,25.0,12.0,120000.0,20000.0,3.0,0.0,0.837,0
201.0,1764,0.7213930348258706,0.6633499170812603,0.0,12.0,120000.0,0.0,0.0,1.0,0.852,2,1.0,1.0,-3.56315,0.7638888888888888,0.6896219135802469,0.0,12.0,120000.0,0.0,0.0,1.0,0.837,1
216.0,2220,0.7638888888888888,0.6896219135802469,0.0,12.0,120000.0,0.0,0.0,0.0,0.837,3,0.0,1.0,-4.93815,0.7638888888888888,0.6896219135802469,0.0,12.0,120000.0,0.0,0.0,0.0,0.837,1
197.0,484,0.7360406091370558,0.6609560067681894,37.5,25.0,400000.0,20000.0,4.0,1.0,0.856,0,0.0,1.0,9.6402998,0.7603335901417635,0.686412268877981,62.5,25.0,400000.0,20000.0,6.0,1.0,0.835,0
212.0,1310,0.7783018867924528,0.6878930817610063,0.0,12.0,120000.0,20000.0,1.0,0.0,0.841,0,0.0,1.0,9.79125,0.7568807339449541,0.6976299694189603,25.0,12.0,120000.0,20000.0,4.0,0.0,0.835,0
218.0,2221,0.7568807339449541,0.6976299694189603,0.0,12.0,120000.0,0.0,0.0,0.0,0.835,3,0.0,1.0,-4.9383,0.7568807339449541,0.6976299694189603,0.0,12.0,120000.0,0.0,0.0,0.0,0.834,1
219.0,1773,0.7534246575342466,0.6944444444444444,0.0,12.0,120000.0,0.0,0.0,1.0,0.834,2,0.0,1.0,-4.93835,0.7534246575342466,0.6944444444444444,0.0,12.0,120000.0,0.0,0.0,1.0,0.833,1
213.0,872,0.7746478873239436,0.6846635367762128,25.0,12.0,120000.0,20000.0,3.0,0.0,0.84,0,0.0,1.0,9.790482916666667,0.7533902217528778,0.6944127043934355,37.5,12.0,120000.0,20000.0,4.0,0.0,0.833,0
205.0,1766,0.7317073170731708,0.6961382113821138,0.0,12.0,120000.0,0.0,0.0,1.0,0.849,2,1.0,1.0,-3.56335,0.75,0.7054924242424243,0.0,12.0,120000.0,0.0,0.0,1.0,0.833,1
200.0,485,0.7250000000000001,0.6666666666666667,37.5,25.0,400000.0,20000.0,4.0,1.0,0.852,0,0.0,1.0,9.640349800000001,0.7499658765526168,0.7054603257976004,50.0,25.0,400000.0,20000.0,5.0,1.0,0.831,0
214.0,1311,0.7710280373831775,0.6960669781931464,12.5,12.0,120000.0,20000.0,2.0,0.0,0.839,0,0.0,1.0,9.790632916666667,0.7499658765526168,0.7054603257976004,25.0,12.0,120000.0,20000.0,3.0,0.0,0.831,0
221.0,1774,0.746606334841629,0.7164404223227754,0.0,12.0,120000.0,0.0,0.0,1.0,0.831,3,0.0,1.0,-4.9385,0.746606334841629,0.7164404223227754,0.0,12.0,120000.0,0.0,0.0,1.0,0.83,1
215.0,873,0.7674418604651163,0.6928294573643411,25.0,12.0,120000.0,20000.0,3.0,0.0,0.839,0,0.0,1.0,9.790332916666665,0.7465725194980988,0.7164079732557513,37.5,12.0,120000.0,20000.0,4.0,0.0,0.83,0
216.0,1312,0.7638888888888888,0.6896219135802469,25.0,12.0,120000.0,20000.0,3.0,0.0,0.837,0,0.0,1.0,9.790682916666666,0.7432097318494783,0.7272569977062447,12.5,12.0,120000.0,20000.0,2.0,0.0,0.827,0
211.0,871,0.7819905213270142,0.6763428120063191,37.5,12.0,120000.0,20000.0,4.0,0.0,0.844,2,0.8405808806419373,1.0,9.578899999999999,0.7399103139013453,0.7240284005979073,37.5,12.0,120000.0,20000.0,4.0,0.0,0.828,0
203.0,486,0.7142857142857143,0.6722085385878489,37.5,25.0,400000.0,20000.0,4.0,1.0,0.85,0,0.0,1.0,9.6399998,0.7398771023776017,0.7239959019477796,50.0,25.0,400000.0,20000.0,5.0,1.0,0.824,0
217.0,874,0.7603686635944701,0.6864439324116743,25.0,12.0,120000.0,20000.0,3.0,0.0,0.837,0,0.0,1.0,9.790282916666666,0.7398771023776017,0.7239959019477796,25.0,12.0,120000.0,20000.0,3.0,0.0,0.824,0
220.0,2222,0.75,0.7054924242424243,0.0,12.0,120000.0,0.0,0.0,0.0,0.833,2,1.0,1.0,9.894583333333333,0.7366071428571428,0.7207961309523809,0.0,12.0,120000.0,0.0,0.0,0.0,0.825,0
224.0,2224,0.7366071428571428,0.7207961309523809,0.0,12.0,120000.0,0.0,0.0,0.0,0.825,3,0.0,1.0,-4.938750000000001,0.7366071428571428,0.7207961309523809,0.0,12.0,120000.0,0.0,0.0,0.0,0.825,1
218.0,1313,0.7568807339449541,0.6976299694189603,25.0,12.0,120000.0,20000.0,3.0,0.0,0.835,0,0.0,1.0,9.790532916666667,0.736574227196365,0.7207639218146249,12.5,12.0,120000.0,20000.0,2.0,0.0,0.824,0
220.0,1314,0.75,0.7054924242424243,37.5,12.0,120000.0,20000.0,4.0,0.0,0.833,2,1.0,1.0,9.870416666666666,0.7333333333333333,0.7175925925925926,12.5,12.0,120000.0,20000.0,2.0,0.0,0.825,0
219.0,875,0.7534246575342466,0.6944444444444444,37.5,12.0,120000.0,20000.0,4.0,0.0,0.834,0,0.0,1.0,9.790432916666667,0.7333007095995419,0.7175606691157134,12.5,12.0,120000.0,20000.0,2.0,0.0,0.822,0
226.0,2225,0.7300884955752213,0.7144174041297935,0.0,12.0,120000.0,0.0,0.0,0.0,0.822,2,0.0,1.0,-4.9389,0.7300884955752213,0.7144174041297935,0.0,12.0,120000.0,0.0,0.0,0.0,0.822,1
227.0,74,0.7268722466960352,0.7112701908957416,0.0,8.0,80000.0,0.0,0.0,1.0,0.822,1,0.0,1.0,-4.93915,0.7268722466960352,0.7112701908957416,0.0,8.0,80000.0,0.0,0.0,1.0,0.822,1
227.0,879,0.7268722466960352,0.7112701908957416,12.5,12.0,120000.0,20000.0,2.0,0.0,0.822,2,0.0,1.0,-4.93895,0.7268722466960352,0.7112701908957416,12.5,12.0,120000.0,20000.0,2.0,0.0,0.821,1
221.0,876,0.746606334841629,0.7164404223227754,37.5,12.0,120000.0,20000.0,4.0,0.0,0.831,0,0.0,1.0,9.790532916666667,0.7268401952847806,0.7112388274566983,0.0,12.0,120000.0,20000.0,1.0,0.0,0.819,0
215.0,68,0.7674418604651163,0.6928294573643411,0.0,8.0,80000.0,0.0,0.0,1.0,0.839,1,0.599675714969635,1.0,-3.772483333333334,0.7226277372262774,0.7344890510948905,0.0,8.0,80000.0,0.0,0.0,1.0,0.817,1
229.0,1778,0.7205240174672489,0.7323508005822418,0.0,12.0,120000.0,0.0,0.0,1.0,0.817,2,0.0,1.0,-4.939150000000001,0.7205240174672489,0.7323508005822418,0.0,12.0,120000.0,0.0,0.0,1.0,0.817,1
209.0,488,0.7894736842105263,0.6828149920255184,50.0,25.0,400000.0,20000.0,5.0,1.0,0.846,0,0.0,1.0,9.639599800000001,0.7204925234490842,0.7323187896168091,50.0,25.0,400000.0,20000.0,5.0,1.0,0.816,0
224.0,1316,0.7366071428571428,0.7207961309523809,12.5,12.0,120000.0,20000.0,2.0,0.0,0.825,0,0.0,1.0,9.789732916666665,0.7173600835894055,0.7653652406982925,25.0,12.0,120000.0,20000.0,3.0,0.0,0.813,0
227.0,2235,0.7268722466960352,0.7112701908957416,0.0,12.0,120000.0,0.0,0.0,0.0,0.822,2,0.1626485288143158,1.0,9.894033333333333,0.735930735930736,0.7756132756132756,0.0,12.0,120000.0,0.0,0.0,0.0,0.814,0
231.0,2237,0.735930735930736,0.7756132756132756,0.0,12.0,120000.0,0.0,0.0,0.0,0.814,3,0.0,1.0,-4.939400000000001,0.735930735930736,0.7756132756132756,0.0,12.0,120000.0,0.0,0.0,0.0,0.812,1
137.0,27,0.6204379562043796,0.5018248175182481,0.0,8.0,80000.0,0.0,0.0,1.0,0.91,2,0.997947096824646,1.0,-3.9394,0.7348703170028819,0.7744956772334295,0.0,8.0,80000.0,0.0,0.0,1.0,0.812,1
191.0,2205,0.6806282722513088,0.6653577661431065,0.0,12.0,120000.0,0.0,0.0,0.0,0.864,3,0.4811760485172272,1.0,-3.9394,0.7333908541846419,0.7729364394593041,0.0,12.0,120000.0,0.0,0.0,0.0,0.812,1
223.0,877,0.7399103139013453,0.7240284005979073,37.5,12.0,120000.0,20000.0,4.0,0.0,0.828,2,1.0,1.0,9.701149999999998,0.7327586206896551,0.7722701149425287,12.5,12.0,120000.0,20000.0,2.0,0.0,0.813,0
232.0,2228,0.7327586206896551,0.7722701149425287,0.0,12.0,120000.0,0.0,0.0,0.0,0.813,2,0.0,1.0,-4.939350000000001,0.7327586206896551,0.7722701149425287,0.0,12.0,120000.0,0.0,0.0,0.0,0.813,1
217.0,1772,0.7603686635944701,0.6864439324116743,0.0,12.0,120000.0,0.0,0.0,1.0,0.837,2,0.26709267497062683,1.0,-3.5648170833333332,0.7327270060459892,0.7722367955876845,0.0,12.0,120000.0,0.0,0.0,1.0,0.812,1
212.0,489,0.7783018867924528,0.6878930817610063,50.0,25.0,400000.0,20000.0,5.0,1.0,0.841,0,0.0,1.0,9.639649799999999,0.7327270060459892,0.7722367955876845,37.5,25.0,400000.0,20000.0,4.0,1.0,0.812,0
212.0,490,0.7783018867924528,0.6878930817610063,50.0,25.0,400000.0,20000.0,6.0,1.0,0.841,0,0.0,1.0,9.639649799999999,0.7327270060459892,0.7722367955876845,37.5,25.0,400000.0,20000.0,4.0,1.0,0.812,0
226.0,1317,0.7300884955752213,0.7144174041297935,12.5,12.0,120000.0,20000.0,2.0,0.0,0.822,0,0.0,1.0,9.789682916666665,0.7327270060459892,0.7722367955876845,25.0,12.0,120000.0,20000.0,3.0,0.0,0.812,0
228.0,1318,0.7236842105263158,0.735562865497076,25.0,12.0,120000.0,20000.0,3.0,0.0,0.819,2,0.1626485288143158,1.0,9.857316666666666,0.7296137339055794,0.7689556509298999,25.0,12.0,120000.0,20000.0,3.0,0.0,0.813,0
233.0,1780,0.7296137339055794,0.7689556509298999,0.0,12.0,120000.0,0.0,0.0,1.0,0.813,2,0.0,1.0,-4.939400000000001,0.7296137339055794,0.7689556509298999,0.0,12.0,120000.0,0.0,0.0,1.0,0.812,1
230.0,2227,0.717391304347826,0.7653985507246377,0.0,12.0,120000.0,0.0,0.0,0.0,0.816,2,0.2525203824043274,1.0,9.893883333333333,0.7264957264957265,0.7656695156695156,0.0,12.0,120000.0,0.0,0.0,0.0,0.811,0
229.0,880,0.7205240174672489,0.7323508005822418,0.0,12.0,120000.0,20000.0,1.0,0.0,0.817,0,0.0,1.0,9.79015,0.723404255319149,0.7757092198581561,12.5,12.0,120000.0,20000.0,3.0,0.0,0.808,0
235.0,1781,0.723404255319149,0.7757092198581561,0.0,12.0,120000.0,0.0,0.0,1.0,0.808,3,0.0,1.0,-4.9396,0.723404255319149,0.7757092198581561,0.0,12.0,120000.0,0.0,0.0,1.0,0.808,1
236.0,1322,0.7203389830508474,0.7856638418079095,25.0,12.0,120000.0,20000.0,3.0,0.0,0.807,2,0.0,1.0,-4.934699999999999,0.7203389830508474,0.7856638418079095,25.0,12.0,120000.0,20000.0,3.0,0.0,0.806,1
230.0,1319,0.717391304347826,0.7653985507246377,25.0,12.0,120000.0,20000.0,3.0,0.0,0.816,0,0.0,1.0,9.789582916666667,0.7203084309856179,0.7856305190897059,12.5,12.0,120000.0,20000.0,2.0,0.0,0.805,0
231.0,1779,0.735930735930736,0.7756132756132756,0.0,12.0,120000.0,0.0,0.0,1.0,0.814,1,0.43133434653282166,1.0,9.8103,0.7172995780590717,0.8087201125175809,0.0,12.0,120000.0,0.0,0.0,1.0,0.806,0
234.0,2229,0.7264957264957265,0.7656695156695156,0.0,12.0,120000.0,0.0,0.0,0.0,0.811,2,0.43133434653282166,1.0,9.893433333333334,0.7142857142857143,0.8140756302521008,0.0,12.0,120000.0,0.0,0.0,0.0,0.802,0
232.0,1320,0.7327586206896551,0.7722701149425287,25.0,12.0,120000.0,20000.0,3.0,0.0,0.813,0,0.0,1.0,9.789532916666666,0.7142556735323863,0.8140413926288226,0.0,12.0,120000.0,20000.0,1.0,0.0,0.799,0
234.0,1321,0.7264957264957265,0.7656695156695156,25.0,12.0,120000.0,20000.0,3.0,0.0,0.811,2,0.43133434653282166,1.0,9.856666666666666,0.7322175732217573,0.8106694560669456,0.0,12.0,120000.0,20000.0,1.0,0.0,0.8,0
223.0,1775,0.7399103139013453,0.7240284005979073,0.0,12.0,120000.0,0.0,0.0,1.0,0.828,2,1.0,1.0,-3.6072837499999997,0.7321869071508762,0.810635504345613,0.0,12.0,120000.0,0.0,0.0,1.0,0.796,1
233.0,882,0.7296137339055794,0.7689556509298999,12.5,12.0,120000.0,20000.0,2.0,0.0,0.813,0,0.0,1.0,9.789132916666667,0.7321869071508762,0.810635504345613,12.5,12.0,120000.0,20000.0,2.0,0.0,0.796,0
145.0,31,0.6206896551724138,0.4956896551724138,0.0,8.0,80000.0,0.0,0.0,1.0,0.902,2,0.28622549772262573,1.0,-3.94025,0.7311977715877437,0.809540389972145,0.0,8.0,80000.0,0.0,0.0,1.0,0.795,1
199.0,2209,0.7286432160804021,0.6700167504187605,0.0,12.0,120000.0,0.0,0.0,0.0,0.853,3,0.4494630694389343,1.0,-3.94025,0.7297748123436196,0.8079649708090075,0.0,12.0,120000.0,0.0,0.0,0.0,0.795,1
231.0,881,0.735930735930736,0.7756132756132756,12.5,12.0,120000.0,20000.0,2.0,0.0,0.814,2,0.2525203824043274,1.0,9.6848,0.7291666666666666,0.8333333333333334,12.5,12.0,120000.0,20000.0,2.0,0.0,0.796,0
221.0,493,0.746606334841629,0.7164404223227754,50.0,25.0,400000.0,20000.0,5.0,1.0,0.831,0,0.0,1.0,9.6388498,0.7261109196252886,0.84280731742221,25.0,25.0,400000.0,20000.0,3.0,1.0,0.791,0
235.0,883,0.723404255319149,0.7757092198581561,12.5,12.0,120000.0,20000.0,2.0,0.0,0.808,0,0.0,1.0,9.789132916666667,0.7261109196252886,0.84280731742221,0.0,12.0,120000.0,20000.0,1.0,0.0,0.791,0
227.0,1777,0.7268722466960352,0.7112701908957416,0.0,12.0,120000.0,0.0,0.0,1.0,0.822,2,1.0,1.0,-3.56545,0.7231404958677686,0.8522727272727273,0.0,12.0,120000.0,0.0,0.0,1.0,0.791,1
242.0,2233,0.7231404958677686,0.8522727272727273,0.0,12.0,120000.0,0.0,0.0,0.0,0.791,3,0.0,1.0,-4.94045,0.7231404958677686,0.8522727272727273,0.0,12.0,120000.0,0.0,0.0,0.0,0.791,1
238.0,1323,0.7142857142857143,0.8140756302521008,12.5,12.0,120000.0,20000.0,2.0,0.0,0.802,2,0.43133434653282166,1.0,9.851216666666666,0.720164609053498,0.8487654320987654,12.5,12.0,120000.0,20000.0,2.0,0.0,0.791,0
243.0,1788,0.720164609053498,0.8487654320987654,0.0,12.0,120000.0,0.0,0.0,1.0,0.791,1,0.0,1.0,-4.94045,0.720164609053498,0.8487654320987654,0.0,12.0,120000.0,0.0,0.0,1.0,0.791,1
224.0,494,0.7366071428571428,0.7207961309523809,50.0,25.0,400000.0,20000.0,5.0,1.0,0.825,0,0.0,1.0,9.6386498,0.7171836925870377,0.8708659124271173,25.0,25.0,400000.0,20000.0,3.0,1.0,0.787,0
240.0,2232,0.7291666666666666,0.8333333333333334,0.0,12.0,120000.0,0.0,0.0,0.0,0.796,2,0.43133434653282166,1.0,9.851016666666666,0.7142857142857143,0.892857142857143,0.0,12.0,120000.0,0.0,0.0,0.0,0.787,0
237.0,884,0.7172995780590717,0.8087201125175809,25.0,12.0,120000.0,20000.0,3.0,0.0,0.806,2,0.43133434653282166,1.0,9.689300000000001,0.7113821138211381,0.901930894308943,0.0,12.0,120000.0,20000.0,1.0,0.0,0.786,0
237.0,1785,0.7172995780590717,0.8087201125175809,0.0,12.0,120000.0,0.0,0.0,1.0,0.806,2,0.43133434653282166,1.0,9.642533333333333,0.708502024291498,0.9235829959514169,0.0,12.0,120000.0,0.0,0.0,1.0,0.784,0
247.0,1790,0.708502024291498,0.9235829959514169,0.0,12.0,120000.0,0.0,0.0,1.0,0.784,1,0.0,1.0,-4.9408,0.708502024291498,0.9235829959514169,0.0,12.0,120000.0,0.0,0.0,1.0,0.784,1
247.0,2245,0.708502024291498,0.9235829959514169,0.0,12.0,120000.0,0.0,0.0,0.0,0.784,2,0.0,1.0,-4.9408,0.708502024291498,0.9235829959514169,0.0,12.0,120000.0,0.0,0.0,0.0,0.784,1
243.0,2243,0.720164609053498,0.8487654320987654,0.0,12.0,120000.0,0.0,0.0,0.0,0.791,2,0.5055369734764099,1.0,9.850816666666665,0.7258064516129032,0.919858870967742,0.0,12.0,120000.0,0.0,0.0,0.0,0.783,0
244.0,2234,0.7172131147540983,0.8709016393442625,0.0,12.0,120000.0,0.0,0.0,0.0,0.789,2,0.5055369734764099,1.0,9.892533333333333,0.7258064516129032,0.919858870967742,0.0,12.0,120000.0,0.0,0.0,0.0,0.784,0
242.0,1325,0.7231404958677686,0.8522727272727273,0.0,12.0,120000.0,20000.0,1.0,0.0,0.791,0,0.0,1.0,9.78845,0.7258064516129032,0.919858870967742,37.5,12.0,120000.0,20000.0,5.0,0.0,0.784,0
208.0,2216,0.7932692307692307,0.6860977564102564,0.0,12.0,120000.0,0.0,0.0,0.0,0.847,3,1.0,1.0,-3.94085,0.7234726688102894,0.9169011254019293,0.0,12.0,120000.0,0.0,0.0,0.0,0.783,1
237.0,1782,0.7172995780590717,0.8087201125175809,0.0,12.0,120000.0,0.0,0.0,1.0,0.806,2,0.43133434653282166,1.0,9.559199999999999,0.7228915662650602,0.916164658634538,0.0,12.0,120000.0,0.0,0.0,1.0,0.784,0
249.0,1791,0.7228915662650602,0.916164658634538,0.0,12.0,120000.0,0.0,0.0,1.0,0.784,3,0.0,1.0,-4.9408,0.7228915662650602,0.916164658634538,0.0,12.0,120000.0,0.0,0.0,1.0,0.784,1
243.0,1335,0.720164609053498,0.8487654320987654,12.5,12.0,120000.0,20000.0,2.0,0.0,0.791,0,0.0,1.0,9.787732916666666,0.722862506611682,0.9161278295599442,50.0,12.0,120000.0,20000.0,5.0,0.0,0.783,0
239.0,1783,0.7322175732217573,0.8106694560669456,0.0,12.0,120000.0,0.0,0.0,1.0,0.8,2,0.43133434653282166,1.0,9.600766666666665,0.74,0.9125,0.0,12.0,120000.0,0.0,0.0,1.0,0.782,0
244.0,1326,0.7172131147540983,0.8709016393442625,25.0,12.0,120000.0,20000.0,3.0,0.0,0.789,2,0.5055369734764099,1.0,9.81415,0.74,0.9125,50.0,12.0,120000.0,20000.0,5.0,0.0,0.783,0
230.0,496,0.717391304347826,0.7653985507246377,50.0,25.0,400000.0,20000.0,5.0,1.0,0.816,0,0.0,1.0,9.637649799999998,0.7399703715863216,0.9124634649628629,62.5,25.0,400000.0,20000.0,6.0,1.0,0.782,0
210.0,2217,0.7857142857142858,0.679563492063492,0.0,12.0,120000.0,0.0,0.0,0.0,0.845,3,1.0,1.0,-3.9409,0.7376395534290271,0.9095893141945772,0.0,12.0,120000.0,0.0,0.0,0.0,0.782,1
239.0,1786,0.7322175732217573,0.8106694560669456,0.0,12.0,120000.0,0.0,0.0,1.0,0.8,2,0.43133434653282166,1.0,9.559149999999999,0.7370517928286853,0.9213147410358566,0.0,12.0,120000.0,0.0,0.0,1.0,0.783,0
251.0,2247,0.7370517928286853,0.9213147410358566,0.0,12.0,120000.0,0.0,0.0,0.0,0.783,2,0.0,1.0,-4.941000000000001,0.7370517928286853,0.9213147410358566,0.0,12.0,120000.0,0.0,0.0,0.0,0.78,1
245.0,1336,0.7142857142857143,0.892857142857143,25.0,12.0,120000.0,20000.0,3.0,0.0,0.787,0,0.0,1.0,9.787582916666667,0.737022400023011,0.9212780000287637,50.0,12.0,120000.0,20000.0,5.0,0.0,0.78,0
229.0,2236,0.7205240174672489,0.7323508005822418,0.0,12.0,120000.0,0.0,0.0,0.0,0.817,2,0.1626485288143158,1.0,-3.94105,0.7509881422924901,0.9387351778656128,0.0,12.0,120000.0,0.0,0.0,0.0,0.779,1
253.0,1793,0.7509881422924901,0.9387351778656128,0.0,12.0,120000.0,0.0,0.0,1.0,0.779,3,0.0,1.0,-4.941050000000001,0.7509881422924901,0.9387351778656128,0.0,12.0,120000.0,0.0,0.0,1.0,0.779,1
247.0,1337,0.708502024291498,0.9235829959514169,37.5,12.0,120000.0,20000.0,4.0,0.0,0.784,0,0.0,1.0,9.787482916666667,0.7509584304589372,0.9386980380736715,50.0,12.0,120000.0,20000.0,5.0,0.0,0.778,0
212.0,2218,0.7783018867924528,0.6878930817610063,0.0,12.0,120000.0,0.0,0.0,0.0,0.841,3,0.9869617223739624,1.0,-3.9411,0.7486209613869189,0.9357762017336486,0.0,12.0,120000.0,0.0,0.0,0.0,0.778,1
241.0,2242,0.7261410788381742,0.8428423236514523,0.0,12.0,120000.0,0.0,0.0,0.0,0.794,2,1.0,1.0,-3.4827666666666666,0.7480314960629921,0.9596456692913385,0.0,12.0,120000.0,0.0,0.0,0.0,0.778,1
228.0,2226,0.7236842105263158,0.735562865497076,0.0,12.0,120000.0,0.0,0.0,0.0,0.819,2,0.1626485288143158,1.0,-3.9412,0.7480020177157585,0.9596078516748219,0.0,12.0,120000.0,0.0,0.0,0.0,0.776,1
248.0,1328,0.7258064516129032,0.919858870967742,37.5,12.0,120000.0,20000.0,4.0,0.0,0.784,0,0.0,1.0,9.787632916666666,0.7480020177157585,0.9596078516748219,37.5,12.0,120000.0,20000.0,4.0,0.0,0.776,0
251.0,1792,0.7370517928286853,0.9213147410358566,0.0,12.0,120000.0,0.0,0.0,1.0,0.783,1,1.0,1.0,9.892183333333334,0.7450980392156863,0.9681372549019609,0.0,12.0,120000.0,0.0,0.0,1.0,0.777,0
255.0,1794,0.7450980392156863,0.9681372549019609,0.0,12.0,120000.0,0.0,0.0,1.0,0.777,3,0.0,1.0,-4.94115,0.7450980392156863,0.9681372549019609,0.0,12.0,120000.0,0.0,0.0,1.0,0.777,1
249.0,1338,0.7228915662650602,0.916164658634538,50.0,12.0,120000.0,20000.0,5.0,0.0,0.784,0,0.0,1.0,9.787632916666666,0.7450687916133175,0.968099252260725,37.5,12.0,120000.0,20000.0,4.0,0.0,0.776,0
241.0,1784,0.7261410788381742,0.8428423236514523,0.0,12.0,120000.0,0.0,0.0,1.0,0.794,2,1.0,1.0,-3.5662,0.7421875,0.9765625,0.0,12.0,120000.0,0.0,0.0,1.0,0.776,1
252.0,1330,0.7341269841269841,0.9424603174603174,50.0,12.0,120000.0,20000.0,5.0,0.0,0.78,2,1.0,1.0,9.880416666666667,0.7392996108949416,0.972762645914397,50.0,12.0,120000.0,20000.0,5.0,0.0,0.775,0
257.0,1795,0.7392996108949416,0.972762645914397,0.0,12.0,120000.0,0.0,0.0,1.0,0.775,1,0.0,1.0,-4.94125,0.7392996108949416,0.972762645914397,0.0,12.0,120000.0,0.0,0.0,1.0,0.775,1
233.0,2238,0.7296137339055794,0.7689556509298999,0.0,12.0,120000.0,0.0,0.0,0.0,0.813,2,0.43133434653282166,1.0,-3.9413,0.7392708167281111,0.9727247588527776,0.0,12.0,120000.0,0.0,0.0,0.0,0.774,1
251.0,1339,0.7370517928286853,0.9213147410358566,50.0,12.0,120000.0,20000.0,5.0,0.0,0.783,0,0.0,1.0,9.787282916666667,0.7392708167281111,0.9727247588527776,50.0,12.0,120000.0,20000.0,5.0,0.0,0.774,0
254.0,1331,0.7480314960629921,0.9596456692913385,50.0,12.0,120000.0,20000.0,5.0,0.0,0.778,2,1.0,1.0,9.880316666666667,0.7335907335907336,0.9773166023166022,62.5,12.0,120000.0,20000.0,6.0,0.0,0.773,0
259.0,1796,0.7335907335907336,0.9773166023166022,0.0,12.0,120000.0,0.0,0.0,1.0,0.773,1,0.0,1.0,-4.94135,0.7335907335907336,0.9773166023166022,0.0,12.0,120000.0,0.0,0.0,1.0,0.773,1
253.0,1340,0.7509881422924901,0.9387351778656128,50.0,12.0,120000.0,20000.0,5.0,0.0,0.779,0,0.0,1.0,9.786932916666666,0.7335623823959545,0.9772788318103999,62.5,12.0,120000.0,20000.0,6.0,0.0,0.772,0
236.0,2230,0.7203389830508474,0.7856638418079095,0.0,12.0,120000.0,0.0,0.0,0.0,0.807,2,0.43133434653282166,1.0,-3.94155,0.7307410972369871,1.005570259903968,0.0,12.0,120000.0,0.0,0.0,0.0,0.769,1
261.0,2252,0.7279693486590039,1.013729246487867,0.0,12.0,120000.0,0.0,0.0,0.0,0.769,3,0.0,1.0,-4.9416,0.7279693486590039,1.013729246487867,0.0,12.0,120000.0,0.0,0.0,0.0,0.768,1
255.0,1341,0.7450980392156863,0.9681372549019609,37.5,12.0,120000.0,20000.0,4.0,0.0,0.777,0,0.0,1.0,9.786482916666666,0.7279414302922712,1.0136903689377021,75.0,12.0,120000.0,20000.0,7.0,0.0,0.768,0
167.0,42,0.688622754491018,0.5925648702594811,0.0,8.0,80000.0,0.0,0.0,1.0,0.884,2,0.7652716636657715,1.0,-3.9415999999999998,0.7270129691333379,1.012397446051907,0.0,8.0,80000.0,0.0,0.0,1.0,0.768,1
240.0,1324,0.7291666666666666,0.8333333333333334,0.0,12.0,120000.0,20000.0,1.0,0.0,0.796,2,0.43133434653282166,1.0,-3.858783750000001,0.7442463744037872,1.0336755200052599,62.5,12.0,120000.0,20000.0,6.0,0.0,0.766,1
242.0,500,0.7231404958677686,0.8522727272727273,25.0,25.0,400000.0,20000.0,3.0,1.0,0.791,0,0.0,1.0,9.6363498,0.7442463744037872,1.0336755200052599,87.5,25.0,400000.0,20000.0,9.0,1.0,0.766,0
256.0,1332,0.7421875,0.9765625,37.5,12.0,120000.0,20000.0,4.0,0.0,0.776,0,0.0,1.0,9.786632916666665,0.7442463744037872,1.0336755200052599,62.5,12.0,120000.0,20000.0,6.0,0.0,0.766,0
222.0,1315,0.7432432432432433,0.7272897897897898,25.0,12.0,120000.0,20000.0,3.0,0.0,0.83,3,1.0,1.0,-3.9367,0.7420091324200913,1.030568239472349,62.5,12.0,120000.0,20000.0,6.0,0.0,0.766,1
259.0,2251,0.7335907335907336,0.9773166023166022,0.0,12.0,120000.0,0.0,0.0,0.0,0.773,2,0.08363234996795654,1.0,9.891683333333333,0.7604562737642585,1.0416666666666667,0.0,12.0,120000.0,0.0,0.0,0.0,0.767,0
238.0,2231,0.7142857142857143,0.8140756302521008,0.0,12.0,120000.0,0.0,0.0,0.0,0.802,2,0.43133434653282166,1.0,-3.94165,0.7604562737642585,1.0416666666666667,0.0,12.0,120000.0,0.0,0.0,0.0,0.767,1
263.0,516,0.7604562737642585,1.0416666666666667,100.0,25.0,400000.0,20000.0,10.0,1.0,0.767,1,0.0,1.0,-4.861650000000001,0.7604562737642585,1.0416666666666667,100.0,25.0,400000.0,20000.0,10.0,1.0,0.767,1
263.0,1345,0.7604562737642585,1.0416666666666667,62.5,12.0,120000.0,20000.0,6.0,0.0,0.767,2,0.0,1.0,-4.899150000000001,0.7604562737642585,1.0416666666666667,62.5,12.0,120000.0,20000.0,6.0,0.0,0.767,1
257.0,1342,0.7392996108949416,0.972762645914397,50.0,12.0,120000.0,20000.0,5.0,0.0,0.775,0,0.0,1.0,9.786832916666667,0.7604273312639317,1.0416270214709065,50.0,12.0,120000.0,20000.0,5.0,0.0,0.765,0
222.0,2223,0.7432432432432433,0.7272897897897898,0.0,12.0,120000.0,0.0,0.0,0.0,0.83,3,1.0,1.0,-3.94175,0.7581501137225171,1.0385077078594895,0.0,12.0,120000.0,0.0,0.0,0.0,0.765,1
237.0,2240,0.7172995780590717,0.8087201125175809,0.0,12.0,120000.0,0.0,0.0,0.0,0.806,2,0.43133434653282166,1.0,-3.94185,0.7575470339173882,1.0495182865730484,0.0,12.0,120000.0,0.0,0.0,0.0,0.763,1
239.0,2241,0.7322175732217573,0.8106694560669456,0.0,12.0,120000.0,0.0,0.0,0.0,0.8,2,0.43133434653282166,1.0,-3.94185,0.7575470339173882,1.0495182865730484,0.0,12.0,120000.0,0.0,0.0,0.0,0.763,1
258.0,1333,0.7364341085271318,0.9811046511627908,50.0,12.0,120000.0,20000.0,5.0,0.0,0.774,0,0.0,1.0,9.786982916666666,0.7575470339173882,1.0495182865730484,37.5,12.0,120000.0,20000.0,4.0,0.0,0.763,0
261.0,1797,0.7279693486590039,1.013729246487867,0.0,12.0,120000.0,0.0,0.0,1.0,0.769,1,0.3329937160015106,1.0,9.891533333333333,0.7735849056603773,1.0455974842767297,0.0,12.0,120000.0,0.0,0.0,1.0,0.764,0
241.0,1787,0.7261410788381742,0.8428423236514523,0.0,12.0,120000.0,0.0,0.0,1.0,0.794,2,1.0,1.0,-3.9418,0.7735849056603773,1.0455974842767297,0.0,12.0,120000.0,0.0,0.0,1.0,0.764,1
265.0,1799,0.7735849056603773,1.0455974842767297,0.0,12.0,120000.0,0.0,0.0,1.0,0.764,1,0.0,1.0,-4.941800000000001,0.7735849056603773,1.0455974842767297,0.0,12.0,120000.0,0.0,0.0,1.0,0.764,1
265.0,2254,0.7735849056603773,1.0455974842767297,0.0,12.0,120000.0,0.0,0.0,0.0,0.764,3,0.0,1.0,-4.941800000000001,0.7735849056603773,1.0455974842767297,0.0,12.0,120000.0,0.0,0.0,0.0,0.764,1
245.0,501,0.7142857142857143,0.892857142857143,25.0,25.0,400000.0,20000.0,3.0,1.0,0.787,0,0.0,1.0,9.6364998,0.7735556856890047,1.045557989803228,75.0,25.0,400000.0,20000.0,8.0,1.0,0.764,0
245.0,510,0.7142857142857143,0.892857142857143,25.0,25.0,400000.0,20000.0,4.0,1.0,0.787,0,0.0,1.0,9.6364998,0.7735556856890047,1.045557989803228,75.0,25.0,400000.0,20000.0,8.0,1.0,0.764,0
259.0,1343,0.7335907335907336,0.9773166023166022,62.5,12.0,120000.0,20000.0,6.0,0.0,0.773,0,0.0,1.0,9.787032916666666,0.7735556856890047,1.045557989803228,37.5,12.0,120000.0,20000.0,4.0,0.0,0.764,0
225.0,878,0.7333333333333333,0.7175925925925926,25.0,12.0,120000.0,20000.0,3.0,0.0,0.825,3,1.0,1.0,-3.9368000000000003,0.7712565838976674,1.042450464008026,0.0,12.0,120000.0,20000.0,1.0,0.0,0.764,1
266.0,517,0.7894736842105263,1.049498746867168,87.5,25.0,400000.0,20000.0,8.0,1.0,0.764,1,0.0,1.0,-4.8744,0.7894736842105263,1.049498746867168,87.5,25.0,400000.0,20000.0,8.0,1.0,0.762,1
260.0,1334,0.7307692307692307,1.0056089743589745,62.5,12.0,120000.0,20000.0,6.0,0.0,0.772,0,0.0,1.0,9.787132916666666,0.7894439761872118,1.0494592540583967,25.0,12.0,120000.0,20000.0,3.0,0.0,0.761,0
225.0,1776,0.7333333333333333,0.7175925925925926,0.0,12.0,120000.0,0.0,0.0,1.0,0.825,3,1.0,1.0,-3.94195,0.7871064467766117,1.046351824087956,0.0,12.0,120000.0,0.0,0.0,1.0,0.761,1
263.0,2253,0.7604562737642585,1.0416666666666667,0.0,12.0,120000.0,0.0,0.0,0.0,0.767,2,0.3329937160015106,1.0,9.891433333333334,0.7865168539325843,1.0455680399500624,0.0,12.0,120000.0,0.0,0.0,0.0,0.762,0
267.0,2255,0.7865168539325843,1.0455680399500624,0.0,12.0,120000.0,0.0,0.0,0.0,0.762,2,0.0,1.0,-4.942,0.7865168539325843,1.0455680399500624,0.0,12.0,120000.0,0.0,0.0,0.0,0.76,1
261.0,1344,0.7279693486590039,1.013729246487867,75.0,12.0,120000.0,20000.0,7.0,0.0,0.769,0,0.0,1.0,9.787332916666667,0.7864873680203974,1.045528842408068,12.5,12.0,120000.0,20000.0,2.0,0.0,0.76,0
173.0,45,0.7514450867052023,0.6021194605009634,0.0,8.0,80000.0,0.0,0.0,1.0,0.874,2,0.16024333238601685,1.0,-3.942,0.7855067471725466,1.0442252392968379,0.0,8.0,80000.0,0.0,0.0,1.0,0.76,1
248.0,502,0.7258064516129032,0.919858870967742,50.0,25.0,400000.0,20000.0,5.0,1.0,0.784,0,0.0,1.0,9.6364998,0.7835528232695488,1.0416277610924556,62.5,25.0,400000.0,20000.0,6.0,1.0,0.759,0
248.0,511,0.7258064516129032,0.919858870967742,50.0,25.0,400000.0,20000.0,6.0,1.0,0.784,0,0.0,1.0,9.6364998,0.7835528232695488,1.0416277610924556,62.5,25.0,400000.0,20000.0,6.0,1.0,0.759,0
270.0,82,0.7777777777777778,1.0455246913580247,0.0,8.0,80000.0,0.0,0.0,1.0,0.754,1,0.0,1.0,-4.9423,0.7777777777777778,1.0455246913580247,0.0,8.0,80000.0,0.0,0.0,1.0,0.754,1
267.0,1800,0.7865168539325843,1.0455680399500624,0.0,12.0,120000.0,0.0,0.0,1.0,0.762,1,1.0,1.0,9.891033333333333,0.7749077490774908,1.0416666666666667,0.0,12.0,120000.0,0.0,0.0,1.0,0.754,0
271.0,1802,0.7749077490774908,1.0416666666666667,0.0,12.0,120000.0,0.0,0.0,1.0,0.754,2,0.0,1.0,-4.9423,0.7749077490774908,1.0416666666666667,0.0,12.0,120000.0,0.0,0.0,1.0,0.754,1
265.0,1346,0.7735849056603773,1.0455974842767297,37.5,12.0,120000.0,20000.0,4.0,0.0,0.764,0,0.0,1.0,9.786932916666666,0.7748791271584397,1.0416281917655612,12.5,12.0,120000.0,20000.0,2.0,0.0,0.752,0
267.0,1347,0.7865168539325843,1.0455680399500624,25.0,12.0,120000.0,20000.0,3.0,0.0,0.762,2,0.5647954940795898,1.0,9.854316666666666,0.7720588235294118,1.045496323529412,12.5,12.0,120000.0,20000.0,2.0,0.0,0.753,0
273.0,1803,0.7692307692307693,1.0416666666666667,0.0,12.0,120000.0,0.0,0.0,1.0,0.752,1,0.0,1.0,-4.942400000000001,0.7692307692307693,1.0416666666666667,0.0,12.0,120000.0,0.0,0.0,1.0,0.752,1
273.0,2258,0.7692307692307693,1.0416666666666667,0.0,12.0,120000.0,0.0,0.0,0.0,0.752,3,0.0,1.0,-4.942400000000001,0.7692307692307693,1.0416666666666667,0.0,12.0,120000.0,0.0,0.0,0.0,0.752,1
175.0,46,0.7428571428571429,0.5952380952380953,0.0,8.0,80000.0,0.0,0.0,1.0,0.872,2,0.16024333238601685,1.0,-3.9424,0.768264547580044,1.040358241514643,0.0,8.0,80000.0,0.0,0.0,1.0,0.752,1
254.0,504,0.7480314960629921,0.9596456692913385,62.5,25.0,400000.0,20000.0,6.0,1.0,0.778,0,0.0,1.0,9.6363498,0.7663953590600577,1.0378270487271615,50.0,25.0,400000.0,20000.0,5.0,1.0,0.751,0
254.0,513,0.7480314960629921,0.9596456692913385,62.5,25.0,400000.0,20000.0,7.0,1.0,0.778,0,0.0,1.0,9.6363498,0.7663953590600577,1.0378270487271615,50.0,25.0,400000.0,20000.0,5.0,1.0,0.751,0
275.0,1804,0.7636363636363637,1.0340909090909092,0.0,12.0,120000.0,0.0,0.0,1.0,0.751,3,0.0,1.0,-4.942450000000001,0.7636363636363637,1.0340909090909092,0.0,12.0,120000.0,0.0,0.0,1.0,0.751,1
277.0,1805,0.776173285198556,1.026624548736462,0.0,12.0,120000.0,0.0,0.0,1.0,0.748,1,0.0,1.0,-4.9426000000000005,0.776173285198556,1.026624548736462,0.0,12.0,120000.0,0.0,0.0,1.0,0.748,1
257.0,505,0.7392996108949416,0.972762645914397,87.5,25.0,400000.0,20000.0,8.0,1.0,0.775,0,0.0,1.0,9.6361998,0.7761452374952081,1.0265874507567434,50.0,25.0,400000.0,20000.0,5.0,1.0,0.748,0
271.0,1349,0.7749077490774908,1.0416666666666667,12.5,12.0,120000.0,20000.0,2.0,0.0,0.754,0,0.0,1.0,9.786232916666666,0.7761452374952081,1.0265874507567434,37.5,12.0,120000.0,20000.0,4.0,0.0,0.748,0
235.0,2239,0.723404255319149,0.7757092198581561,0.0,12.0,120000.0,0.0,0.0,0.0,0.808,3,0.43133434653282166,1.0,-3.9426,0.7739380849532037,1.0236681065514759,0.0,12.0,120000.0,0.0,0.0,0.0,0.748,1
272.0,885,0.7720588235294118,1.045496323529412,0.0,12.0,120000.0,20000.0,1.0,0.0,0.753,0,0.0,1.0,9.78715,0.7733812949640287,1.022931654676259,12.5,12.0,120000.0,20000.0,3.0,0.0,0.748,0
279.0,1806,0.7706093189964158,1.0192652329749103,0.0,12.0,120000.0,0.0,0.0,1.0,0.747,3,0.0,1.0,-4.94265,0.7706093189964158,1.0192652329749103,0.0,12.0,120000.0,0.0,0.0,1.0,0.747,1
273.0,1350,0.7692307692307693,1.0416666666666667,12.5,12.0,120000.0,20000.0,2.0,0.0,0.752,0,0.0,1.0,9.786182916666666,0.7705816719622353,1.0192286649500497,37.5,12.0,120000.0,20000.0,4.0,0.0,0.747,0
274.0,886,0.7664233576642335,1.0378649635036497,12.5,12.0,120000.0,20000.0,2.0,0.0,0.752,0,0.0,1.0,9.786132916666666,0.7678296929456201,1.015588692704236,37.5,12.0,120000.0,20000.0,4.0,0.0,0.746,0
281.0,522,0.7651245551601423,1.0120106761565837,62.5,25.0,400000.0,20000.0,6.0,1.0,0.746,1,0.0,1.0,-4.9002,0.7651245551601423,1.0120106761565837,62.5,25.0,400000.0,20000.0,6.0,1.0,0.746,1
275.0,1351,0.7636363636363637,1.0340909090909092,25.0,12.0,120000.0,20000.0,3.0,0.0,0.751,0,0.0,1.0,9.786082916666667,0.765097300270549,1.0119746268113365,37.5,12.0,120000.0,20000.0,4.0,0.0,0.745,0
257.0,514,0.7392996108949416,0.972762645914397,87.5,25.0,400000.0,20000.0,9.0,1.0,0.775,0,0.0,1.0,-3.4644002,0.7623302215250072,1.0193950636671607,50.0,25.0,400000.0,20000.0,5.0,1.0,0.744,1
268.0,81,0.7835820895522387,1.0416666666666667,0.0,8.0,80000.0,0.0,0.0,1.0,0.76,1,1.0,1.0,-3.8392589583333336,0.7614842179798513,1.018263779856778,0.0,8.0,80000.0,0.0,0.0,1.0,0.744,1
277.0,1352,0.776173285198556,1.026624548736462,37.5,12.0,120000.0,20000.0,4.0,0.0,0.748,0,0.0,1.0,9.785982916666667,0.759690443458166,1.0232264693864832,37.5,12.0,120000.0,20000.0,4.0,0.0,0.743,0
263.0,1798,0.7604562737642585,1.0416666666666667,0.0,12.0,120000.0,0.0,0.0,1.0,0.767,2,0.3329937160015106,1.0,-3.81785,0.7570422535211268,1.0196596244131455,0.0,12.0,120000.0,0.0,0.0,1.0,0.743,1
278.0,888,0.7733812949640287,1.022931654676259,12.5,12.0,120000.0,20000.0,2.0,0.0,0.748,0,0.0,1.0,9.785132916666667,0.7570155713877831,1.0196236862684287,75.0,12.0,120000.0,20000.0,7.0,0.0,0.741,0
191.0,56,0.6806282722513088,0.6653577661431065,0.0,8.0,80000.0,0.0,0.0,1.0,0.864,2,0.7589649558067322,1.0,-3.94295,0.7561281283379906,1.0184283899126036,0.0,8.0,80000.0,0.0,0.0,1.0,0.741,1
281.0,1807,0.7651245551601423,1.0120106761565837,0.0,12.0,120000.0,0.0,0.0,1.0,0.746,1,0.1305563896894455,1.0,9.890433333333334,0.7719298245614036,1.016081871345029,0.0,12.0,120000.0,0.0,0.0,1.0,0.742,0
285.0,1809,0.7719298245614036,1.016081871345029,0.0,12.0,120000.0,0.0,0.0,1.0,0.742,2,0.0,1.0,-4.9429,0.7719298245614036,1.016081871345029,0.0,12.0,120000.0,0.0,0.0,1.0,0.742,1
279.0,1353,0.7706093189964158,1.0192652329749103,37.5,12.0,120000.0,20000.0,4.0,0.0,0.747,0,0.0,1.0,9.785932916666667,0.7719027131713725,1.0160461849509543,37.5,12.0,120000.0,20000.0,4.0,0.0,0.742,0
263.0,507,0.7604562737642585,1.0416666666666667,100.0,25.0,400000.0,20000.0,9.0,1.0,0.767,0,0.0,1.0,9.5954998,0.7718485502631809,1.015974890971422,50.0,25.0,400000.0,20000.0,5.0,1.0,0.742,0
245.0,2244,0.7142857142857143,0.892857142857143,0.0,12.0,120000.0,0.0,0.0,0.0,0.787,3,0.6247943639755249,1.0,-3.9429,0.7697690692792162,1.013237695358059,0.0,12.0,120000.0,0.0,0.0,0.0,0.742,1
280.0,889,0.7678571428571429,1.015625,25.0,12.0,120000.0,20000.0,3.0,0.0,0.747,0,0.0,1.0,9.785132916666667,0.7692038470961209,1.0124937002496288,75.0,12.0,120000.0,20000.0,7.0,0.0,0.741,0
280.0,910,0.7678571428571429,1.015625,25.0,12.0,120000.0,20000.0,4.0,0.0,0.747,0,0.0,1.0,9.785132916666667,0.7692038470961209,1.0124937002496288,75.0,12.0,120000.0,20000.0,7.0,0.0,0.741,0
281.0,1354,0.7651245551601423,1.0120106761565837,37.5,12.0,120000.0,20000.0,4.0,0.0,0.746,0,0.0,1.0,9.785882916666667,0.7839447829711583,1.0089659706758427,37.5,12.0,120000.0,20000.0,4.0,0.0,0.741,0
246.0,1327,0.7113821138211381,0.901930894308943,37.5,12.0,120000.0,20000.0,4.0,0.0,0.786,3,0.6247943639755249,1.0,-3.92545,0.7817929117442668,1.006196432707899,37.5,12.0,120000.0,20000.0,4.0,0.0,0.741,1
288.0,893,0.78125,1.0054976851851851,75.0,12.0,120000.0,20000.0,7.0,0.0,0.741,3,0.0,1.0,-4.888,0.78125,1.0054976851851851,75.0,12.0,120000.0,20000.0,8.0,0.0,0.74,1
282.0,890,0.7624113475177304,1.0195035460992907,37.5,12.0,120000.0,20000.0,4.0,0.0,0.745,0,0.0,1.0,9.785332916666666,0.7812228470809053,1.0054627383726464,62.5,12.0,120000.0,20000.0,6.0,0.0,0.74,0
282.0,911,0.7624113475177304,1.0195035460992907,37.5,12.0,120000.0,20000.0,5.0,0.0,0.745,0,0.0,1.0,9.785332916666666,0.7812228470809053,1.0054627383726464,62.5,12.0,120000.0,20000.0,6.0,0.0,0.74,0
283.0,1355,0.7597173144876325,1.0232626619552414,37.5,12.0,120000.0,20000.0,4.0,0.0,0.744,0,0.0,1.0,9.785832916666667,0.7958201862973534,1.0019837490519214,37.5,12.0,120000.0,20000.0,4.0,0.0,0.74,0
245.0,1789,0.7142857142857143,0.892857142857143,0.0,12.0,120000.0,0.0,0.0,1.0,0.787,3,0.6247943639755249,1.0,-3.943,0.7936507936507936,0.9992523579480102,0.0,12.0,120000.0,0.0,0.0,1.0,0.74,1
290.0,92,0.7931034482758621,1.0093390804597702,0.0,8.0,80000.0,0.0,0.0,1.0,0.74,1,0.0,1.0,-4.943250000000001,0.7931034482758621,1.0093390804597702,0.0,8.0,80000.0,0.0,0.0,1.0,0.74,1
284.0,891,0.7570422535211268,1.0196596244131455,62.5,12.0,120000.0,20000.0,6.0,0.0,0.743,0,0.0,1.0,9.785332916666666,0.7930760734776017,1.0093042420616216,62.5,12.0,120000.0,20000.0,6.0,0.0,0.74,0
284.0,912,0.7570422535211268,1.0196596244131455,62.5,12.0,120000.0,20000.0,7.0,0.0,0.743,0,0.0,1.0,9.785332916666666,0.7930760734776017,1.0093042420616216,62.5,12.0,120000.0,20000.0,6.0,0.0,0.74,0
285.0,1356,0.7719298245614036,1.016081871345029,37.5,12.0,120000.0,20000.0,4.0,0.0,0.742,0,0.0,1.0,9.785782916666665,0.8075323594538896,1.0058359619084352,37.5,12.0,120000.0,20000.0,4.0,0.0,0.739,0
278.0,86,0.7733812949640287,1.022931654676259,0.0,8.0,80000.0,0.0,0.0,1.0,0.748,1,0.23242050409317017,1.0,-3.7770089583333335,0.8066084411310216,1.0046851593874868,0.0,8.0,80000.0,0.0,0.0,1.0,0.739,1
250.0,1329,0.74,0.9125,50.0,12.0,120000.0,20000.0,5.0,0.0,0.783,3,0.6247943639755249,1.0,-3.91305,0.8053461274845785,1.003112862691341,37.5,12.0,120000.0,20000.0,4.0,0.0,0.739,1
292.0,93,0.821917808219178,1.002425799086758,0.0,8.0,80000.0,0.0,0.0,1.0,0.739,3,0.0,1.0,-4.94305,0.821917808219178,1.002425799086758,0.0,8.0,80000.0,0.0,0.0,1.0,0.739,1
272.0,519,0.7720588235294118,1.045496323529412,62.5,25.0,400000.0,20000.0,6.0,1.0,0.753,0,0.0,1.0,9.635449799999998,0.8218896331670275,1.0023914362844386,62.5,25.0,400000.0,20000.0,6.0,1.0,0.738,0
286.0,892,0.7692307692307693,1.0125291375291374,75.0,12.0,120000.0,20000.0,7.0,0.0,0.742,0,0.0,1.0,9.785232916666665,0.8218896331670275,1.0023914362844386,62.5,12.0,120000.0,20000.0,6.0,0.0,0.738,0
286.0,913,0.7692307692307693,1.0125291375291374,75.0,12.0,120000.0,20000.0,8.0,0.0,0.742,0,0.0,1.0,9.785232916666665,0.8218896331670275,1.0023914362844386,62.5,12.0,120000.0,20000.0,6.0,0.0,0.738,0
249.0,2246,0.7228915662650602,0.916164658634538,0.0,12.0,120000.0,0.0,0.0,0.0,0.784,3,0.6247943639755249,1.0,-3.9431,0.819672131147541,0.9996869307832422,0.0,12.0,120000.0,0.0,0.0,0.0,0.738,1
283.0,1808,0.7597173144876325,1.0232626619552414,0.0,12.0,120000.0,0.0,0.0,1.0,0.744,2,0.39533430337905884,1.0,9.640283333333333,0.8191126279863481,1.00967007963595,0.0,12.0,120000.0,0.0,0.0,1.0,0.739,0
287.0,1357,0.7839721254355401,1.0090011614401857,37.5,12.0,120000.0,20000.0,4.0,0.0,0.741,0,0.0,1.0,9.786032916666665,0.8190846449239055,1.009635586624953,25.0,12.0,120000.0,20000.0,3.0,0.0,0.739,0
294.0,94,0.8333333333333334,1.006235827664399,0.0,8.0,80000.0,0.0,0.0,1.0,0.739,3,0.0,1.0,-4.94305,0.8333333333333334,1.006235827664399,0.0,8.0,80000.0,0.0,0.0,1.0,0.739,1
288.0,914,0.78125,1.0054976851851851,75.0,12.0,120000.0,20000.0,7.0,0.0,0.741,0,0.0,1.0,9.784982916666666,0.833304961283461,1.006201568896696,75.0,12.0,120000.0,20000.0,7.0,0.0,0.738,0
253.0,2248,0.7509881422924901,0.9387351778656128,0.0,12.0,120000.0,0.0,0.0,0.0,0.779,3,1.0,1.0,-3.9431,0.8310719131614654,1.0035052012663954,0.0,12.0,120000.0,0.0,0.0,0.0,0.738,1
271.0,2257,0.7749077490774908,1.0416666666666667,0.0,12.0,120000.0,0.0,0.0,0.0,0.754,2,0.23242050409317017,1.0,-3.9431,0.8305084745762711,1.0028248587570623,0.0,12.0,120000.0,0.0,0.0,0.0,0.738,1
275.0,520,0.7636363636363637,1.0340909090909092,50.0,25.0,400000.0,20000.0,5.0,1.0,0.751,0,0.0,1.0,9.635449799999998,0.8304802945500054,1.0027908318545982,62.5,25.0,400000.0,20000.0,6.0,1.0,0.738,0
289.0,1358,0.795847750865052,1.0020184544406,37.5,12.0,120000.0,20000.0,4.0,0.0,0.74,0,0.0,1.0,9.786232916666666,0.8304802945500054,1.0027908318545982,12.5,12.0,120000.0,20000.0,2.0,0.0,0.738,0
282.0,88,0.7624113475177304,1.0195035460992907,0.0,8.0,80000.0,0.0,0.0,1.0,0.745,1,0.1305563896894455,1.0,-3.7770589583333334,0.8295429896433646,1.0016590521203892,0.0,8.0,80000.0,0.0,0.0,1.0,0.738,1
290.0,894,0.7931034482758621,1.0093390804597702,62.5,12.0,120000.0,20000.0,6.0,0.0,0.74,0,0.0,1.0,9.784932916666666,0.8276747127571802,0.9994031395537377,75.0,12.0,120000.0,20000.0,7.0,0.0,0.737,0
290.0,915,0.7931034482758621,1.0093390804597702,62.5,12.0,120000.0,20000.0,7.0,0.0,0.74,0,0.0,1.0,9.784932916666666,0.8276747127571802,0.9994031395537377,75.0,12.0,120000.0,20000.0,7.0,0.0,0.737,0
291.0,1359,0.8075601374570448,1.0058705612829324,37.5,12.0,120000.0,20000.0,4.0,0.0,0.74,0,0.0,1.0,9.786432916666666,0.8585569220377456,0.9960382592267961,0.0,12.0,120000.0,20000.0,1.0,0.0,0.737,0
255.0,2249,0.7450980392156863,0.9681372549019609,0.0,12.0,120000.0,0.0,0.0,0.0,0.777,3,1.0,1.0,-3.94315,0.8562793821356616,0.9933960152227447,0.0,12.0,120000.0,0.0,0.0,0.0,0.737,1
257.0,2250,0.7392996108949416,0.972762645914397,0.0,12.0,120000.0,0.0,0.0,0.0,0.775,3,0.36390265822410583,1.0,-3.94315,0.8562793821356616,0.9933960152227447,0.0,12.0,120000.0,0.0,0.0,0.0,0.737,1
278.0,521,0.7733812949640287,1.022931654676259,50.0,25.0,400000.0,20000.0,5.0,1.0,0.748,0,0.0,1.0,9.635099799999999,0.855675955314387,0.9926959612307429,75.0,25.0,400000.0,20000.0,7.0,1.0,0.736,0
292.0,895,0.821917808219178,1.002425799086758,62.5,12.0,120000.0,20000.0,6.0,0.0,0.739,0,0.0,1.0,9.784882916666666,0.855675955314387,0.9926959612307429,75.0,12.0,120000.0,20000.0,7.0,0.0,0.736,0
292.0,916,0.821917808219178,1.002425799086758,62.5,12.0,120000.0,20000.0,7.0,0.0,0.739,0,0.0,1.0,9.784882916666666,0.855675955314387,0.9926959612307429,75.0,12.0,120000.0,20000.0,7.0,0.0,0.736,0
300.0,2260,0.8500000000000001,0.986111111111111,0.0,12.0,120000.0,0.0,0.0,0.0,0.736,2,0.0,1.0,-4.943300000000001,0.8500000000000001,0.986111111111111,0.0,12.0,120000.0,0.0,0.0,0.0,0.734,1
294.0,896,0.8333333333333334,1.006235827664399,62.5,12.0,120000.0,20000.0,6.0,0.0,0.739,0,0.0,1.0,9.784782916666666,0.849971639279636,0.9860782089682051,75.0,12.0,120000.0,20000.0,7.0,0.0,0.734,0
294.0,917,0.8333333333333334,1.006235827664399,62.5,12.0,120000.0,20000.0,7.0,0.0,0.739,0,0.0,1.0,9.784782916666666,0.849971639279636,0.9860782089682051,75.0,12.0,120000.0,20000.0,7.0,0.0,0.734,0
288.0,91,0.78125,1.0054976851851851,0.0,8.0,80000.0,0.0,0.0,1.0,0.741,1,1.0,1.0,-3.7772589583333334,0.8462108277531445,0.9817151759881251,0.0,8.0,80000.0,0.0,0.0,1.0,0.734,1
302.0,2261,0.8443708609271523,0.9795805739514349,0.0,12.0,120000.0,0.0,0.0,0.0,0.734,3,0.0,1.0,-4.9434000000000005,0.8443708609271523,0.9795805739514349,0.0,12.0,120000.0,0.0,0.0,0.0,0.732,1
296.0,897,0.8277027027027027,0.9994369369369369,75.0,12.0,120000.0,20000.0,7.0,0.0,0.738,0,0.0,1.0,9.784682916666666,0.844342874595448,0.9795481061483139,75.0,12.0,120000.0,20000.0,7.0,0.0,0.732,0
296.0,918,0.8277027027027027,0.9994369369369369,75.0,12.0,120000.0,20000.0,8.0,0.0,0.738,0,0.0,1.0,9.784682916666666,0.844342874595448,0.9795481061483139,75.0,12.0,120000.0,20000.0,7.0,0.0,0.732,0
304.0,901,0.8388157894736842,0.9731359649122807,75.0,12.0,120000.0,20000.0,7.0,0.0,0.73,3,0.0,1.0,-4.8885499999999995,0.8388157894736842,0.9731359649122807,75.0,12.0,120000.0,20000.0,7.0,0.0,0.729,1
284.0,523,0.7570422535211268,1.0196596244131455,50.0,25.0,400000.0,20000.0,5.0,1.0,0.743,0,0.0,1.0,9.6346498,0.8387881701658443,0.9731039229048192,75.0,25.0,400000.0,20000.0,7.0,1.0,0.727,0
298.0,898,0.8557046979865772,0.9927293064876956,75.0,12.0,120000.0,20000.0,7.0,0.0,0.737,0,0.0,1.0,9.784932916666667,0.8387881701658443,0.9731039229048192,50.0,12.0,120000.0,20000.0,5.0,0.0,0.727,0
298.0,919,0.8557046979865772,0.9927293064876956,75.0,12.0,120000.0,20000.0,8.0,0.0,0.737,0,0.0,1.0,9.784932916666667,0.8387881701658443,0.9731039229048192,50.0,12.0,120000.0,20000.0,5.0,0.0,0.727,0
306.0,2263,0.8333333333333334,0.9667755991285403,0.0,12.0,120000.0,0.0,0.0,0.0,0.726,3,0.0,1.0,-4.943700000000001,0.8333333333333334,0.9667755991285403,0.0,12.0,120000.0,0.0,0.0,0.0,0.726,1
300.0,899,0.8500000000000001,0.986111111111111,75.0,12.0,120000.0,20000.0,7.0,0.0,0.736,0,0.0,1.0,9.784882916666668,0.8333060738764723,0.9667439745952536,50.0,12.0,120000.0,20000.0,5.0,0.0,0.726,0
300.0,920,0.8500000000000001,0.986111111111111,75.0,12.0,120000.0,20000.0,8.0,0.0,0.736,0,0.0,1.0,9.784882916666668,0.8333060738764723,0.9667439745952536,50.0,12.0,120000.0,20000.0,5.0,0.0,0.726,0
287.0,524,0.7839721254355401,1.0090011614401857,50.0,25.0,400000.0,20000.0,5.0,1.0,0.741,0,0.0,1.0,9.6345498,0.8305918103452067,0.9635950740932953,75.0,25.0,400000.0,20000.0,7.0,1.0,0.725,0
308.0,2264,0.8279220779220778,0.9604978354978354,0.0,12.0,120000.0,0.0,0.0,0.0,0.725,3,0.0,1.0,-4.9437500000000005,0.8279220779220778,0.9604978354978354,0.0,12.0,120000.0,0.0,0.0,0.0,0.725,1
302.0,900,0.8443708609271523,0.9795805739514349,75.0,12.0,120000.0,20000.0,7.0,0.0,0.734,0,0.0,1.0,9.784832916666668,0.8278951713290097,0.9604666203326746,50.0,12.0,120000.0,20000.0,5.0,0.0,0.725,0
302.0,921,0.8443708609271523,0.9795805739514349,75.0,12.0,120000.0,20000.0,8.0,0.0,0.734,0,0.0,1.0,9.784832916666668,0.8278951713290097,0.9604666203326746,50.0,12.0,120000.0,20000.0,5.0,0.0,0.725,0
309.0,1813,0.8576051779935275,0.9573894282632147,0.0,12.0,120000.0,0.0,0.0,1.0,0.725,2,0.0,1.0,-4.9437500000000005,0.8576051779935275,0.9573894282632147,0.0,12.0,120000.0,0.0,0.0,1.0,0.725,1
296.0,95,0.8277027027027027,0.9994369369369369,0.0,8.0,80000.0,0.0,0.0,1.0,0.738,1,1.0,1.0,-3.7777089583333336,0.8566533132553912,0.9563268119674962,0.0,8.0,80000.0,0.0,0.0,1.0,0.725,1
269.0,1348,0.7806691449814126,1.0494114002478314,12.5,12.0,120000.0,20000.0,2.0,0.0,0.759,3,0.23242050409317017,1.0,-3.94375,0.8553905745642351,0.9549171508500108,0.0,12.0,120000.0,20000.0,1.0,0.0,0.725,1
269.0,2256,0.7806691449814126,1.0494114002478314,0.0,12.0,120000.0,0.0,0.0,0.0,0.759,3,0.23242050409317017,1.0,-3.94375,0.8553905745642351,0.9549171508500108,0.0,12.0,120000.0,0.0,0.0,0.0,0.725,1
290.0,525,0.7931034482758621,1.0093390804597702,62.5,25.0,400000.0,20000.0,6.0,1.0,0.74,0,0.0,1.0,9.634499799999999,0.8709396190142377,0.9643505812387584,75.0,25.0,400000.0,20000.0,7.0,1.0,0.724,0
269.0,1801,0.7806691449814126,1.0494114002478314,0.0,12.0,120000.0,0.0,0.0,1.0,0.759,3,0.23242050409317017,1.0,-3.9438,0.8687258687258688,0.9618993993993994,0.0,12.0,120000.0,0.0,0.0,1.0,0.724,1
312.0,2266,0.8653846153846154,0.9581997863247863,0.0,12.0,120000.0,0.0,0.0,0.0,0.723,2,0.0,1.0,-4.943900000000001,0.8653846153846154,0.9581997863247863,0.0,12.0,120000.0,0.0,0.0,0.0,0.722,1
306.0,902,0.8333333333333334,0.9667755991285403,50.0,12.0,120000.0,20000.0,5.0,0.0,0.726,0,0.0,1.0,9.784132916666666,0.8653568518522852,0.9581690450679237,75.0,12.0,120000.0,20000.0,7.0,0.0,0.721,0
306.0,923,0.8333333333333334,0.9667755991285403,50.0,12.0,120000.0,20000.0,6.0,0.0,0.726,0,0.0,1.0,9.784132916666666,0.8653568518522852,0.9581690450679237,75.0,12.0,120000.0,20000.0,7.0,0.0,0.721,0
298.0,96,0.8557046979865772,0.9927293064876956,0.0,8.0,80000.0,0.0,0.0,1.0,0.737,1,1.0,1.0,-3.8404089583333336,0.8644333415867153,0.9571464854760311,0.0,8.0,80000.0,0.0,0.0,1.0,0.721,1
303.0,1810,0.8415841584158417,0.9763476347634765,0.0,12.0,120000.0,0.0,0.0,1.0,0.732,2,0.7795476913452148,1.0,9.639433333333333,0.8626198083067093,0.9551384451544196,0.0,12.0,120000.0,0.0,0.0,1.0,0.722,0
293.0,526,0.8191126279863481,1.00967007963595,62.5,25.0,400000.0,20000.0,6.0,1.0,0.739,0,0.0,1.0,9.634599799999998,0.8625922218909229,0.9551079000103968,62.5,25.0,400000.0,20000.0,6.0,1.0,0.721,0
314.0,2267,0.8598726114649682,0.9520966029723991,0.0,12.0,120000.0,0.0,0.0,0.0,0.721,2,0.0,1.0,-4.944000000000001,0.8598726114649682,0.9520966029723991,0.0,12.0,120000.0,0.0,0.0,0.0,0.72,1
308.0,903,0.8279220779220778,0.9604978354978354,50.0,12.0,120000.0,20000.0,5.0,0.0,0.725,0,0.0,1.0,9.784332916666665,0.8598452004762523,0.9520662520705416,62.5,12.0,120000.0,20000.0,6.0,0.0,0.72,0
308.0,924,0.8279220779220778,0.9604978354978354,50.0,12.0,120000.0,20000.0,6.0,0.0,0.725,0,0.0,1.0,9.784332916666665,0.8598452004762523,0.9520662520705416,62.5,12.0,120000.0,20000.0,6.0,0.0,0.72,0
300.0,97,0.8500000000000001,0.986111111111111,0.0,8.0,80000.0,0.0,0.0,1.0,0.736,1,1.0,1.0,-3.8404589583333335,0.8589334106359264,0.9510566699556746,0.0,8.0,80000.0,0.0,0.0,1.0,0.72,1
315.0,1816,0.873015873015873,0.9490740740740741,0.0,12.0,120000.0,0.0,0.0,1.0,0.72,3,0.0,1.0,-4.944050000000001,0.873015873015873,0.9490740740740741,0.0,12.0,120000.0,0.0,0.0,1.0,0.719,1
275.0,2259,0.7636363636363637,1.0340909090909092,0.0,12.0,120000.0,0.0,0.0,0.0,0.751,3,0.23242050409317017,1.0,-3.94405,0.8708043065231159,0.9466698332277813,0.0,12.0,120000.0,0.0,0.0,0.0,0.719,1
316.0,2268,0.8860759493670887,0.9460706751054851,0.0,12.0,120000.0,0.0,0.0,0.0,0.719,3,0.0,1.0,-4.944100000000001,0.8860759493670887,0.9460706751054851,0.0,12.0,120000.0,0.0,0.0,0.0,0.718,1
296.0,527,0.8277027027027027,0.9994369369369369,62.5,25.0,400000.0,20000.0,6.0,1.0,0.738,0,0.0,1.0,9.634449799999999,0.8860478818376671,0.9460407071704258,62.5,25.0,400000.0,20000.0,6.0,1.0,0.718,0
310.0,904,0.8709677419354838,0.9643817204301075,50.0,12.0,120000.0,20000.0,5.0,0.0,0.725,0,0.0,1.0,9.784482916666667,0.8860478818376671,0.9460407071704258,50.0,12.0,120000.0,20000.0,5.0,0.0,0.718,0
310.0,925,0.8709677419354838,0.9643817204301075,50.0,12.0,120000.0,20000.0,6.0,0.0,0.725,0,0.0,1.0,9.784482916666667,0.8860478818376671,0.9460407071704258,50.0,12.0,120000.0,20000.0,5.0,0.0,0.718,0
276.0,887,0.7608695652173914,1.0303442028985508,25.0,12.0,120000.0,20000.0,3.0,0.0,0.75,3,0.23242050409317017,1.0,-3.9391000000000003,0.8838383838383838,0.9436816077441077,50.0,12.0,120000.0,20000.0,5.0,0.0,0.718,1
317.0,1817,0.8832807570977917,0.952944269190326,0.0,12.0,120000.0,0.0,0.0,1.0,0.718,1,0.0,1.0,-4.9441500000000005,0.8832807570977917,0.952944269190326,0.0,12.0,120000.0,0.0,0.0,1.0,0.717,1
297.0,532,0.8585858585858586,0.9960718294051627,75.0,25.0,400000.0,20000.0,7.0,1.0,0.737,0,0.0,1.0,9.6346498,0.8832528663684783,0.9529141787457541,50.0,25.0,400000.0,20000.0,5.0,1.0,0.717,0
318.0,2269,0.8805031446540881,0.9597746331236898,0.0,12.0,120000.0,0.0,0.0,0.0,0.717,3,0.0,1.0,-4.9442,0.8805031446540881,0.9597746331236898,0.0,12.0,120000.0,0.0,0.0,0.0,0.716,1
312.0,905,0.8653846153846154,0.9581997863247863,75.0,12.0,120000.0,20000.0,7.0,0.0,0.723,0,0.0,1.0,9.784382916666667,0.8804754290596073,0.9597444223008367,50.0,12.0,120000.0,20000.0,5.0,0.0,0.716,0
312.0,926,0.8653846153846154,0.9581997863247863,75.0,12.0,120000.0,20000.0,8.0,0.0,0.723,0,0.0,1.0,9.784382916666667,0.8804754290596073,0.9597444223008367,50.0,12.0,120000.0,20000.0,5.0,0.0,0.716,0
304.0,99,0.8388157894736842,0.9731359649122807,0.0,8.0,80000.0,0.0,0.0,1.0,0.73,1,1.0,1.0,-3.8406589583333335,0.8795534942498091,0.9587394859196207,0.0,8.0,80000.0,0.0,0.0,1.0,0.716,1
299.0,528,0.8528428093645485,0.9894091415830547,75.0,25.0,400000.0,20000.0,7.0,1.0,0.736,0,0.0,1.0,9.6346998,0.8777154046043885,0.9567359135010631,37.5,25.0,400000.0,20000.0,4.0,1.0,0.713,0
314.0,906,0.8598726114649682,0.9520966029723991,75.0,12.0,120000.0,20000.0,7.0,0.0,0.721,2,0.8855407238006592,1.0,9.8607,0.8750000000000001,0.9537760416666667,50.0,12.0,120000.0,20000.0,5.0,0.0,0.714,0
320.0,2270,0.8750000000000001,0.9537760416666667,0.0,12.0,120000.0,0.0,0.0,0.0,0.714,3,0.0,1.0,-4.9443,0.8750000000000001,0.9537760416666667,0.0,12.0,120000.0,0.0,0.0,0.0,0.714,1
314.0,927,0.8598726114649682,0.9520966029723991,75.0,12.0,120000.0,20000.0,7.0,0.0,0.721,0,0.0,1.0,9.783982916666666,0.8749726297624253,0.9537462072931198,62.5,12.0,120000.0,20000.0,6.0,0.0,0.713,0
311.0,1814,0.8681672025723474,0.9612808145766345,0.0,12.0,120000.0,0.0,0.0,1.0,0.724,2,0.8855407238006592,1.0,9.639033333333334,0.8722741433021807,0.9508047767393562,0.0,12.0,120000.0,0.0,0.0,1.0,0.714,0
321.0,1819,0.8722741433021807,0.9508047767393562,0.0,12.0,120000.0,0.0,0.0,1.0,0.714,1,0.0,1.0,-4.94435,0.8722741433021807,0.9508047767393562,0.0,12.0,120000.0,0.0,0.0,1.0,0.713,1
322.0,931,0.8695652173913043,0.947851966873706,62.5,12.0,120000.0,20000.0,6.0,0.0,0.713,3,0.0,1.0,-4.90185,0.8695652173913043,0.947851966873706,62.5,12.0,120000.0,20000.0,6.0,0.0,0.713,1
316.0,928,0.8860759493670887,0.9460706751054851,62.5,12.0,120000.0,20000.0,6.0,0.0,0.719,0,0.0,1.0,9.784182916666667,0.8695381860955192,0.9478225019567973,50.0,12.0,120000.0,20000.0,5.0,0.0,0.712,0
323.0,1820,0.8668730650154799,0.9449174406604748,0.0,12.0,120000.0,0.0,0.0,1.0,0.712,1,0.0,1.0,-4.94445,0.8668730650154799,0.9449174406604748,0.0,12.0,120000.0,0.0,0.0,1.0,0.711,1
324.0,2272,0.8641975308641975,0.9420010288065843,0.0,12.0,120000.0,0.0,0.0,0.0,0.711,3,0.0,1.0,-4.944500000000001,0.8641975308641975,0.9420010288065843,0.0,12.0,120000.0,0.0,0.0,0.0,0.71,1
318.0,908,0.8805031446540881,0.9597746331236898,50.0,12.0,120000.0,20000.0,5.0,0.0,0.717,0,0.0,1.0,9.784332916666667,0.8641708322529912,0.9419719265257679,37.5,12.0,120000.0,20000.0,4.0,0.0,0.71,0
318.0,929,0.8805031446540881,0.9597746331236898,50.0,12.0,120000.0,20000.0,6.0,0.0,0.717,0,0.0,1.0,9.784332916666667,0.8641708322529912,0.9419719265257679,37.5,12.0,120000.0,20000.0,4.0,0.0,0.71,0
306.0,535,0.8333333333333334,0.9667755991285403,75.0,25.0,400000.0,20000.0,7.0,1.0,0.726,0,0.0,1.0,9.634349799999999,0.8588693334907108,0.936193135092181,37.5,25.0,400000.0,20000.0,4.0,1.0,0.706,0
320.0,909,0.8750000000000001,0.9537760416666667,50.0,12.0,120000.0,20000.0,5.0,0.0,0.714,0,0.0,1.0,9.784632916666666,0.8588693334907108,0.936193135092181,12.5,12.0,120000.0,20000.0,2.0,0.0,0.706,0
320.0,930,0.8750000000000001,0.9537760416666667,50.0,12.0,120000.0,20000.0,6.0,0.0,0.714,0,0.0,1.0,9.784632916666666,0.8588693334907108,0.936193135092181,12.5,12.0,120000.0,20000.0,2.0,0.0,0.706,0
327.0,1822,0.8562691131498471,0.9333588175331294,0.0,12.0,120000.0,0.0,0.0,1.0,0.706,1,0.0,1.0,-4.944750000000001,0.8562691131498471,0.9333588175331294,0.0,12.0,120000.0,0.0,0.0,1.0,0.705,1
309.0,536,0.8576051779935275,0.9573894282632147,75.0,25.0,400000.0,20000.0,7.0,1.0,0.725,0,0.0,1.0,9.6341498,0.8510379365053361,0.9276566793008314,37.5,25.0,400000.0,20000.0,4.0,1.0,0.702,0
324.0,932,0.8641975308641975,0.9420010288065843,50.0,12.0,120000.0,20000.0,5.0,0.0,0.711,0,0.0,1.0,9.784332916666667,0.8484591118917877,0.924845683721331,12.5,12.0,120000.0,20000.0,2.0,0.0,0.7,0
331.0,1824,0.8459214501510574,0.922079556898288,0.0,12.0,120000.0,0.0,0.0,1.0,0.7,1,0.0,1.0,-4.94505,0.8459214501510574,0.922079556898288,0.0,12.0,120000.0,0.0,0.0,1.0,0.699,1
310.0,2265,0.8709677419354838,0.9643817204301075,0.0,12.0,120000.0,0.0,0.0,0.0,0.725,2,0.8855407238006592,1.0,-3.9452,0.8383233532934131,0.93250998003992,0.0,12.0,120000.0,0.0,0.0,0.0,0.696,1
313.0,1815,0.8626198083067093,0.9551384451544196,0.0,12.0,120000.0,0.0,0.0,1.0,0.722,2,0.8855407238006592,1.0,-3.8202,0.8383233532934131,0.93250998003992,0.0,12.0,120000.0,0.0,0.0,1.0,0.696,1
334.0,2277,0.8383233532934131,0.93250998003992,0.0,12.0,120000.0,0.0,0.0,0.0,0.696,2,0.0,1.0,-4.9452,0.8383233532934131,0.93250998003992,0.0,12.0,120000.0,0.0,0.0,0.0,0.696,1
328.0,934,0.853658536585366,0.9305132113821138,12.5,12.0,120000.0,20000.0,2.0,0.0,0.705,0,0.0,1.0,9.784382916666667,0.8382982294452792,0.9324820334975389,0.0,12.0,120000.0,20000.0,1.0,0.0,0.696,0
315.0,538,0.873015873015873,0.9490740740740741,62.5,25.0,400000.0,20000.0,6.0,1.0,0.72,0,0.0,1.0,9.633699799999999,0.8357959214412727,0.9296985882103442,37.5,25.0,400000.0,20000.0,4.0,1.0,0.693,0
336.0,2278,0.8333333333333334,0.9269593253968254,0.0,12.0,120000.0,0.0,0.0,0.0,0.693,2,0.0,1.0,-4.94535,0.8333333333333334,0.9269593253968254,0.0,12.0,120000.0,0.0,0.0,0.0,0.693,1
333.0,1825,0.8408408408408409,0.9353103103103102,0.0,12.0,120000.0,0.0,0.0,1.0,0.698,1,0.581828773021698,1.0,9.887983333333333,0.830860534124629,0.9242087042532147,0.0,12.0,120000.0,0.0,0.0,1.0,0.693,0
331.0,1360,0.8459214501510574,0.922079556898288,0.0,12.0,120000.0,20000.0,1.0,0.0,0.7,0,0.0,1.0,9.7844,0.830860534124629,0.9242087042532147,12.5,12.0,120000.0,20000.0,2.0,0.0,0.693,0
339.0,1828,0.8259587020648967,0.9187561455260569,0.0,12.0,120000.0,0.0,0.0,1.0,0.689,1,0.0,1.0,-4.945600000000001,0.8259587020648967,0.9187561455260569,0.0,12.0,120000.0,0.0,0.0,1.0,0.688,1
333.0,1361,0.8408408408408409,0.9353103103103102,12.5,12.0,120000.0,20000.0,2.0,0.0,0.698,0,0.0,1.0,9.783732916666667,0.8259343138569861,0.918729017273954,12.5,12.0,120000.0,20000.0,2.0,0.0,0.688,0
340.0,2280,0.823529411764706,0.9160539215686274,0.0,12.0,120000.0,0.0,0.0,0.0,0.688,2,0.0,1.0,-4.945600000000001,0.823529411764706,0.9160539215686274,0.0,12.0,120000.0,0.0,0.0,0.0,0.688,1
321.0,540,0.8722741433021807,0.9508047767393562,37.5,25.0,400000.0,20000.0,4.0,1.0,0.714,0,0.0,1.0,9.6330498,0.8210902665291262,0.913340735462086,50.0,25.0,400000.0,20000.0,5.0,1.0,0.685,0
344.0,2282,0.8284883720930232,0.9054021317829457,0.0,12.0,120000.0,0.0,0.0,0.0,0.682,2,0.0,1.0,-4.9459,0.8284883720930232,0.9054021317829457,0.0,12.0,120000.0,0.0,0.0,0.0,0.682,1
304.0,2262,0.8388157894736842,0.9731359649122807,0.0,12.0,120000.0,0.0,0.0,0.0,0.73,3,1.0,1.0,-3.9459,0.8265661252900233,0.9033014307811291,0.0,12.0,120000.0,0.0,0.0,0.0,0.682,1
345.0,115,0.8405797101449276,0.9027777777777777,0.0,8.0,80000.0,0.0,0.0,1.0,0.682,1,0.0,1.0,-4.9459,0.8405797101449276,0.9027777777777777,0.0,8.0,80000.0,0.0,0.0,1.0,0.682,1
345.0,1831,0.8405797101449276,0.9027777777777777,0.0,12.0,120000.0,0.0,0.0,1.0,0.682,3,0.0,1.0,-4.9459,0.8405797101449276,0.9027777777777777,0.0,12.0,120000.0,0.0,0.0,1.0,0.682,1
339.0,1364,0.8259587020648967,0.9187561455260569,12.5,12.0,120000.0,20000.0,2.0,0.0,0.689,0,0.0,1.0,9.783182916666666,0.8405553218586324,0.9027515848984593,25.0,12.0,120000.0,20000.0,3.0,0.0,0.682,0
304.0,922,0.8388157894736842,0.9731359649122807,75.0,12.0,120000.0,20000.0,7.0,0.0,0.73,3,1.0,1.0,-3.8909,0.838635049161365,0.900689223057644,0.0,12.0,120000.0,20000.0,1.0,0.0,0.682,1
343.0,1830,0.8163265306122449,0.9080417881438291,0.0,12.0,120000.0,0.0,0.0,1.0,0.684,1,0.09142051637172699,1.0,9.887383333333334,0.8501440922190202,0.8975744476464937,0.0,12.0,120000.0,0.0,0.0,1.0,0.681,0
347.0,1832,0.8501440922190202,0.8975744476464937,0.0,12.0,120000.0,0.0,0.0,1.0,0.681,1,0.0,1.0,-4.946000000000001,0.8501440922190202,0.8975744476464937,0.0,12.0,120000.0,0.0,0.0,1.0,0.68,1
327.0,542,0.8562691131498471,0.9333588175331294,37.5,25.0,400000.0,20000.0,4.0,1.0,0.706,0,0.0,1.0,9.6325498,0.8501195685968829,0.8975485558279236,62.5,25.0,400000.0,20000.0,6.0,1.0,0.68,0
305.0,1811,0.8360655737704917,0.9699453551912569,0.0,12.0,120000.0,0.0,0.0,1.0,0.727,3,1.0,1.0,-3.946,0.848188614146061,0.8955098715737013,0.0,12.0,120000.0,0.0,0.0,1.0,0.68,1
348.0,2284,0.8620689655172413,0.8949952107279694,0.0,12.0,120000.0,0.0,0.0,0.0,0.68,3,0.0,1.0,-4.946000000000001,0.8620689655172413,0.8949952107279694,0.0,12.0,120000.0,0.0,0.0,0.0,0.68,1
335.0,110,0.835820895522388,0.9297263681592041,0.0,8.0,80000.0,0.0,0.0,1.0,0.696,1,0.44928401708602905,1.0,-3.7800089583333336,0.861219270416564,0.8941130619949744,0.0,8.0,80000.0,0.0,0.0,1.0,0.679,1
307.0,1812,0.8306188925081432,0.963626492942454,0.0,12.0,120000.0,0.0,0.0,1.0,0.726,3,1.0,1.0,-3.94605,0.8600917431192661,0.8929424694189603,0.0,12.0,120000.0,0.0,0.0,1.0,0.679,1
343.0,1366,0.8163265306122449,0.9080417881438291,12.5,12.0,120000.0,20000.0,2.0,0.0,0.684,0,0.0,1.0,9.782882916666665,0.8595741996053351,0.9013590565305943,25.0,12.0,120000.0,20000.0,3.0,0.0,0.676,0
338.0,2279,0.8284023668639053,0.921474358974359,0.0,12.0,120000.0,0.0,0.0,0.0,0.69,2,0.7747609615325928,1.0,-3.4879166666666666,0.8547008547008548,0.8962488129154796,0.0,12.0,120000.0,0.0,0.0,0.0,0.675,1
351.0,1834,0.8547008547008548,0.8962488129154796,0.0,12.0,120000.0,0.0,0.0,1.0,0.675,2,0.0,1.0,-4.946300000000001,0.8547008547008548,0.8962488129154796,0.0,12.0,120000.0,0.0,0.0,1.0,0.674,1
345.0,1367,0.8405797101449276,0.9027777777777777,25.0,12.0,120000.0,20000.0,3.0,0.0,0.682,0,0.0,1.0,9.782782916666665,0.8546764805938155,0.8962232539560149,25.0,12.0,120000.0,20000.0,3.0,0.0,0.674,0
353.0,119,0.84985835694051,0.8911709159584513,0.0,8.0,80000.0,0.0,0.0,1.0,0.673,2,0.0,1.0,-4.946350000000001,0.84985835694051,0.8911709159584513,0.0,8.0,80000.0,0.0,0.0,1.0,0.673,1
333.0,544,0.8408408408408409,0.9353103103103102,37.5,25.0,400000.0,20000.0,4.0,1.0,0.698,1,0.0,1.0,9.669649799999998,0.8498342582410057,0.8911456457943879,62.5,25.0,400000.0,20000.0,6.0,1.0,0.672,0
347.0,1368,0.8501440922190202,0.8975744476464937,25.0,12.0,120000.0,20000.0,3.0,0.0,0.681,0,0.0,1.0,9.782932916666667,0.8498342582410057,0.8911456457943879,12.5,12.0,120000.0,20000.0,2.0,0.0,0.672,0
355.0,120,0.8450704225352111,0.8861502347417841,0.0,8.0,80000.0,0.0,0.0,1.0,0.671,1,0.0,1.0,-4.9464500000000005,0.8450704225352111,0.8861502347417841,0.0,8.0,80000.0,0.0,0.0,1.0,0.671,1
336.0,545,0.8333333333333334,0.9269593253968254,37.5,25.0,400000.0,20000.0,4.0,1.0,0.693,0,0.0,1.0,9.6322498,0.8567174838707484,0.8924140456986962,50.0,25.0,400000.0,20000.0,5.0,1.0,0.669,0
316.0,907,0.8860759493670887,0.9460706751054851,62.5,12.0,120000.0,20000.0,6.0,0.0,0.719,3,0.8855407238006592,1.0,-3.90405,0.8548206278026906,0.890438153961136,0.0,12.0,120000.0,20000.0,1.0,0.0,0.669,1
351.0,1370,0.8547008547008548,0.8962488129154796,25.0,12.0,120000.0,20000.0,3.0,0.0,0.675,0,0.0,1.0,9.782732916666667,0.8543177822941155,0.895749860533789,12.5,12.0,120000.0,20000.0,2.0,0.0,0.668,0
337.0,1827,0.830860534124629,0.9242087042532147,0.0,12.0,120000.0,0.0,0.0,1.0,0.693,2,0.7747609615325928,1.0,-3.8216,0.8519553072625698,0.9310986964618249,0.0,12.0,120000.0,0.0,0.0,1.0,0.668,1
358.0,2290,0.8519553072625698,0.9310986964618249,0.0,12.0,120000.0,0.0,0.0,0.0,0.668,3,0.0,1.0,-4.9466,0.8519553072625698,0.9310986964618249,0.0,12.0,120000.0,0.0,0.0,0.0,0.668,1
260.0,77,0.7307692307692307,1.0056089743589745,0.0,8.0,80000.0,0.0,0.0,1.0,0.772,2,0.08363234996795654,1.0,-3.9466,0.8511390142282816,0.9302065729270836,0.0,8.0,80000.0,0.0,0.0,1.0,0.668,1
359.0,122,0.8635097493036212,0.9285051067780873,0.0,8.0,80000.0,0.0,0.0,1.0,0.668,1,0.0,1.0,-4.9466,0.8635097493036212,0.9285051067780873,0.0,8.0,80000.0,0.0,0.0,1.0,0.668,1
359.0,1374,0.8635097493036212,0.9285051067780873,12.5,12.0,120000.0,20000.0,2.0,0.0,0.668,2,0.0,1.0,-4.9466,0.8635097493036212,0.9285051067780873,12.5,12.0,120000.0,20000.0,2.0,0.0,0.668,1
339.0,546,0.8259587020648967,0.9187561455260569,50.0,25.0,400000.0,20000.0,5.0,1.0,0.689,0,0.0,1.0,9.6324498,0.8634856727253929,0.9284792179842932,37.5,25.0,400000.0,20000.0,4.0,1.0,0.668,0
319.0,1818,0.877742946708464,0.956765935214211,0.0,12.0,120000.0,0.0,0.0,1.0,0.716,3,0.8855407238006592,1.0,-3.9466,0.8615897720956087,0.9264406151565685,0.0,12.0,120000.0,0.0,0.0,1.0,0.668,1
337.0,1363,0.830860534124629,0.9242087042532147,12.5,12.0,120000.0,20000.0,2.0,0.0,0.693,2,0.7747609615325928,1.0,-3.9054004166666676,0.8610871681040202,0.9345804949516079,12.5,12.0,120000.0,20000.0,2.0,0.0,0.667,1
341.0,1829,0.8211143695014663,0.9133675464320625,0.0,12.0,120000.0,0.0,0.0,1.0,0.688,2,0.7747609615325928,1.0,-3.822217083333334,0.8701416847561757,0.9438044728836825,0.0,12.0,120000.0,0.0,0.0,1.0,0.664,1
342.0,547,0.8187134502923977,0.910696881091618,50.0,25.0,400000.0,20000.0,5.0,1.0,0.685,0,0.0,1.0,9.6324998,0.8701416847561757,0.9438044728836825,25.0,25.0,400000.0,20000.0,3.0,1.0,0.664,0
322.0,2271,0.8695652173913043,0.947851966873706,0.0,12.0,120000.0,0.0,0.0,0.0,0.713,3,0.8855407238006592,1.0,-3.9468,0.8682469680264608,0.9417493568540977,0.0,12.0,120000.0,0.0,0.0,0.0,0.664,1
363.0,1376,0.8677685950413223,0.9498393021120293,12.5,12.0,120000.0,20000.0,2.0,0.0,0.664,3,0.0,1.0,-4.94685,0.8677685950413223,0.9498393021120293,12.5,12.0,120000.0,20000.0,2.0,0.0,0.663,1
357.0,1373,0.8543417366946778,0.8957749766573295,12.5,12.0,120000.0,20000.0,2.0,0.0,0.669,0,0.0,1.0,9.782732916666665,0.867744666324766,0.9498131102959575,0.0,12.0,120000.0,20000.0,1.0,0.0,0.663,0
264.0,79,0.7575757575757576,1.0495580808080809,0.0,8.0,80000.0,0.0,0.0,1.0,0.765,2,0.3329937160015106,1.0,-3.94685,0.8669485922328213,0.9489417461278566,0.0,8.0,80000.0,0.0,0.0,1.0,0.663,1
341.0,1365,0.8211143695014663,0.9133675464320625,12.5,12.0,120000.0,20000.0,2.0,0.0,0.688,2,0.7747609615325928,1.0,-3.9056504166666675,0.8653608179621214,0.9472038053752057,0.0,12.0,120000.0,20000.0,1.0,0.0,0.662,1
173.0,476,0.7514450867052023,0.6021194605009634,37.5,25.0,400000.0,20000.0,4.0,1.0,0.874,2,0.16024333238601685,1.0,-3.9294,0.8638025594149908,0.9454981718464351,25.0,25.0,400000.0,20000.0,3.0,1.0,0.662,1
352.0,2287,0.8522727272727272,0.8937026515151514,0.0,12.0,120000.0,0.0,0.0,0.0,0.674,2,0.09142051637172699,1.0,-3.4890337500000013,0.8766882858911184,0.9446087976235682,0.0,12.0,120000.0,0.0,0.0,0.0,0.661,1
345.0,548,0.8405797101449276,0.9027777777777777,62.5,25.0,400000.0,20000.0,6.0,1.0,0.682,0,0.0,1.0,9.6325998,0.8766882858911184,0.9446087976235682,12.5,25.0,400000.0,20000.0,2.0,1.0,0.661,0
325.0,1821,0.8615384615384615,0.9391025641025641,0.0,12.0,120000.0,0.0,0.0,1.0,0.71,3,1.0,1.0,-3.94695,0.8747949699289228,0.9425687989794058,0.0,12.0,120000.0,0.0,0.0,1.0,0.661,1
326.0,2273,0.8588957055214724,0.936221881390593,0.0,12.0,120000.0,0.0,0.0,0.0,0.708,3,1.0,1.0,-3.947,0.886041439476554,0.9485187204652854,0.0,12.0,120000.0,0.0,0.0,0.0,0.66,1
326.0,933,0.8588957055214724,0.936221881390593,37.5,12.0,120000.0,20000.0,4.0,0.0,0.708,3,1.0,1.0,-3.9295,0.897226753670473,0.9459398223672285,0.0,12.0,120000.0,20000.0,1.0,0.0,0.66,1
354.0,2288,0.847457627118644,0.888653483992467,0.0,12.0,120000.0,0.0,0.0,0.0,0.672,2,0.09142051637172699,1.0,-3.5303333333333335,0.9103260869565217,0.9454257246376812,0.0,12.0,120000.0,0.0,0.0,0.0,0.66,1
348.0,549,0.8620689655172413,0.8949952107279694,62.5,25.0,400000.0,20000.0,6.0,1.0,0.68,0,0.0,1.0,9.6327498,0.9103013257710029,0.945400008729835,0.0,25.0,400000.0,20000.0,1.0,1.0,0.659,0
328.0,2274,0.853658536585366,0.9305132113821138,0.0,12.0,120000.0,0.0,0.0,0.0,0.705,3,0.5194302201271057,1.0,-3.94705,0.908351409978308,0.9433749096167752,0.0,12.0,120000.0,0.0,0.0,0.0,0.659,1
329.0,1823,0.851063829787234,0.9276849037487336,0.0,12.0,120000.0,0.0,0.0,1.0,0.704,3,0.5194302201271057,1.0,-3.94705,0.9194159004867496,0.9408238687578871,0.0,12.0,120000.0,0.0,0.0,1.0,0.659,1
370.0,2296,0.9324324324324325,0.9403153153153153,0.0,12.0,120000.0,0.0,0.0,0.0,0.659,2,0.0,1.0,-4.947050000000001,0.9324324324324325,0.9403153153153153,0.0,12.0,120000.0,0.0,0.0,0.0,0.659,1
330.0,2275,0.8484848484848486,0.9248737373737373,0.0,12.0,120000.0,0.0,0.0,0.0,0.702,3,0.5194302201271057,1.0,-3.94705,0.9304207119741101,0.9382865875584323,0.0,12.0,120000.0,0.0,0.0,0.0,0.659,1
332.0,2276,0.8433734939759037,0.9381275100401605,0.0,12.0,120000.0,0.0,0.0,0.0,0.699,3,1.0,1.0,-3.9471,0.9388412017167382,0.9919304363376251,0.0,12.0,120000.0,0.0,0.0,0.0,0.658,1
360.0,2291,0.8611111111111112,0.9346064814814814,0.0,12.0,120000.0,0.0,0.0,0.0,0.668,2,0.48506230115890503,1.0,-3.4887666666666663,0.938337801608579,0.9913985701519215,0.0,12.0,120000.0,0.0,0.0,0.0,0.658,1
367.0,1378,0.8991825613079019,0.9480018165304269,0.0,12.0,120000.0,20000.0,1.0,0.0,0.66,0,0.0,1.0,9.782399999999999,0.938337801608579,0.9913985701519215,25.0,12.0,120000.0,20000.0,3.0,0.0,0.658,0
272.0,83,0.7720588235294118,1.045496323529412,0.0,8.0,80000.0,0.0,0.0,1.0,0.753,2,0.23242050409317017,1.0,-3.9472,0.9374748639552103,0.9904868354288678,0.0,8.0,80000.0,0.0,0.0,1.0,0.656,1
361.0,1375,0.8587257617728532,0.9320175438596492,12.5,12.0,120000.0,20000.0,2.0,0.0,0.667,2,0.48506230115890503,1.0,-3.4908166666666665,0.9358288770053476,0.9887477718360071,25.0,12.0,120000.0,20000.0,3.0,0.0,0.657,1
353.0,1371,0.84985835694051,0.8911709159584513,25.0,12.0,120000.0,20000.0,3.0,0.0,0.673,2,0.09142051637172699,1.0,-3.817667083333334,0.935803830491061,0.988721309000972,25.0,12.0,120000.0,20000.0,3.0,0.0,0.655,1
369.0,1379,0.921409214092141,0.9428635953026197,12.5,12.0,120000.0,20000.0,2.0,0.0,0.659,0,0.0,1.0,9.781982916666667,0.9466413976522919,0.9944179001159641,12.5,12.0,120000.0,20000.0,2.0,0.0,0.653,0
335.0,1826,0.835820895522388,0.9297263681592041,0.0,12.0,120000.0,0.0,0.0,1.0,0.696,3,0.7747609615325928,1.0,-3.94735,0.9446514103246407,0.9923274791555793,0.0,12.0,120000.0,0.0,0.0,1.0,0.653,1
376.0,2299,0.9574468085106382,0.9917996453900708,0.0,12.0,120000.0,0.0,0.0,0.0,0.653,3,0.0,1.0,-4.94735,0.9574468085106382,0.9917996453900708,0.0,12.0,120000.0,0.0,0.0,0.0,0.653,1
335.0,1362,0.835820895522388,0.9297263681592041,25.0,12.0,120000.0,20000.0,3.0,0.0,0.696,3,0.7747609615325928,1.0,-3.9423500000000002,0.9554140127388535,0.9896939136588818,25.0,12.0,120000.0,20000.0,3.0,0.0,0.653,1
362.0,2292,0.8701657458563536,0.9438305709023941,0.0,12.0,120000.0,0.0,0.0,0.0,0.665,2,0.48506230115890503,1.0,-3.57235,0.9549071618037135,0.9946949602122017,0.0,12.0,120000.0,0.0,0.0,0.0,0.653,1
371.0,1380,0.9299191374663073,0.9546271338724169,25.0,12.0,120000.0,20000.0,3.0,0.0,0.659,0,0.0,1.0,9.781682916666666,0.954881808045362,0.9946685500472521,25.0,12.0,120000.0,20000.0,3.0,0.0,0.652,0
363.0,124,0.8677685950413223,0.9498393021120293,0.0,8.0,80000.0,0.0,0.0,1.0,0.664,1,1.0,1.0,-3.8438589583333336,0.9540382952561779,0.993789890891852,0.0,8.0,80000.0,0.0,0.0,1.0,0.652,1
378.0,2300,0.9523809523809524,0.9920634920634921,0.0,12.0,120000.0,0.0,0.0,0.0,0.652,2,0.0,1.0,-4.9474,0.9523809523809524,0.9920634920634921,0.0,12.0,120000.0,0.0,0.0,0.0,0.652,1
284.0,89,0.7570422535211268,1.0196596244131455,0.0,8.0,80000.0,0.0,0.0,1.0,0.743,2,0.39533430337905884,1.0,-3.9474,0.9515166748495631,0.9911632029682951,0.0,8.0,80000.0,0.0,0.0,1.0,0.652,1
188.0,481,0.6914893617021276,0.6593528368794326,37.5,25.0,400000.0,20000.0,4.0,1.0,0.866,2,1.0,1.0,-3.92995,0.9481501791924825,0.987656436658836,0.0,25.0,400000.0,20000.0,1.0,1.0,0.651,1
380.0,2301,0.9473684210526316,0.9950657894736843,0.0,12.0,120000.0,0.0,0.0,0.0,0.651,2,0.0,1.0,-4.94745,0.9473684210526316,0.9950657894736843,0.0,12.0,120000.0,0.0,0.0,0.0,0.651,1
368.0,2295,0.9103260869565217,0.9454257246376812,0.0,12.0,120000.0,0.0,0.0,0.0,0.66,2,0.7111651301383972,1.0,-3.5308833333333336,0.9424083769633508,1.0171247818499127,0.0,12.0,120000.0,0.0,0.0,0.0,0.649,1
376.0,1386,0.9574468085106382,0.9917996453900708,12.5,12.0,120000.0,20000.0,2.0,0.0,0.653,0,0.0,1.0,9.780932916666666,0.9423836825637109,1.0170981296188197,50.0,12.0,120000.0,20000.0,5.0,0.0,0.647,0
377.0,935,0.9549071618037135,0.9946949602122017,0.0,12.0,120000.0,20000.0,1.0,0.0,0.653,0,0.0,1.0,9.7821,0.9399477806788512,1.0144691035683202,12.5,12.0,120000.0,20000.0,3.0,0.0,0.647,0
377.0,1383,0.9549071618037135,0.9946949602122017,25.0,12.0,120000.0,20000.0,3.0,0.0,0.653,0,0.0,1.0,9.781132916666666,0.9399232150616638,1.0144425903298628,37.5,12.0,120000.0,20000.0,4.0,0.0,0.646,0
384.0,2303,0.9505208333333333,1.025390625,0.0,12.0,120000.0,0.0,0.0,0.0,0.646,3,0.0,1.0,-4.9477,0.9505208333333333,1.025390625,0.0,12.0,120000.0,0.0,0.0,0.0,0.646,1
378.0,1387,0.9523809523809524,0.9920634920634921,25.0,12.0,120000.0,20000.0,3.0,0.0,0.652,0,0.0,1.0,9.781132916666666,0.9504960560793715,1.0253638961130205,37.5,12.0,120000.0,20000.0,4.0,0.0,0.646,0
342.0,2281,0.8187134502923977,0.910696881091618,0.0,12.0,120000.0,0.0,0.0,0.0,0.685,3,1.0,1.0,-3.9476999999999998,0.9485446985446986,1.023258835758836,0.0,12.0,120000.0,0.0,0.0,0.0,0.646,1
379.0,936,0.9498680738786279,0.9894459102902374,12.5,12.0,120000.0,20000.0,2.0,0.0,0.652,0,0.0,1.0,9.781332916666665,0.9480272993421652,1.0227006825095275,25.0,12.0,120000.0,20000.0,3.0,0.0,0.645,0
379.0,1384,0.9498680738786279,0.9894459102902374,37.5,12.0,120000.0,20000.0,4.0,0.0,0.652,0,0.0,1.0,9.781332916666665,0.9480272993421652,1.0227006825095275,25.0,12.0,120000.0,20000.0,3.0,0.0,0.645,0
286.0,90,0.7692307692307693,1.0125291375291374,0.0,8.0,80000.0,0.0,0.0,1.0,0.742,2,0.39533430337905884,1.0,-3.94775,0.9472072278260799,1.02181601631923,0.0,8.0,80000.0,0.0,0.0,1.0,0.645,1
380.0,1388,0.9473684210526316,0.9950657894736843,50.0,12.0,120000.0,20000.0,5.0,0.0,0.651,0,0.0,1.0,9.781232916666665,0.9585243657282358,1.0200512675824132,25.0,12.0,120000.0,20000.0,3.0,0.0,0.643,0
346.0,2283,0.838150289017341,0.9001685934489403,0.0,12.0,120000.0,0.0,0.0,0.0,0.682,3,0.09142051637172699,1.0,-3.94785,0.9565667011375388,1.017967942088935,0.0,12.0,120000.0,0.0,0.0,0.0,0.643,1
381.0,937,0.9448818897637795,0.9924540682414699,25.0,12.0,120000.0,20000.0,3.0,0.0,0.651,2,0.5287655591964722,1.0,9.8072,0.9560723514211886,1.0174418604651163,25.0,12.0,120000.0,20000.0,3.0,0.0,0.644,0
388.0,1835,0.9664948453608248,1.014819587628866,0.0,12.0,120000.0,0.0,0.0,1.0,0.643,1,0.0,1.0,-4.947850000000001,0.9664948453608248,1.014819587628866,0.0,12.0,120000.0,0.0,0.0,1.0,0.643,1
388.0,2305,0.9664948453608248,1.014819587628866,0.0,12.0,120000.0,0.0,0.0,0.0,0.643,2,0.0,1.0,-4.947850000000001,0.9664948453608248,1.014819587628866,0.0,12.0,120000.0,0.0,0.0,0.0,0.643,1
194.0,483,0.6958762886597939,0.6550687285223369,50.0,25.0,400000.0,20000.0,5.0,1.0,0.861,2,0.4811760485172272,1.0,-3.91785,0.9648122012775262,1.0130528113414026,0.0,25.0,400000.0,20000.0,1.0,1.0,0.643,1
348.0,2285,0.8620689655172413,0.8949952107279694,0.0,12.0,120000.0,0.0,0.0,0.0,0.68,3,0.09142051637172699,1.0,-3.94785,0.9645061728395061,1.0127314814814814,0.0,12.0,120000.0,0.0,0.0,0.0,0.643,1
383.0,938,0.9399477806788512,1.0144691035683202,12.5,12.0,120000.0,20000.0,2.0,0.0,0.647,0,0.0,1.0,9.780932916666666,0.9768386165692755,1.0121847507214532,37.5,12.0,120000.0,20000.0,4.0,0.0,0.642,0
349.0,1369,0.8595988538681949,0.9013849092645654,37.5,12.0,120000.0,20000.0,4.0,0.0,0.679,3,0.09142051637172699,1.0,-3.9304,0.9748589020010261,1.0101334017444843,37.5,12.0,120000.0,20000.0,4.0,0.0,0.642,1
390.0,1836,0.9871794871794872,1.0096153846153848,0.0,12.0,120000.0,0.0,0.0,1.0,0.642,1,0.0,1.0,-4.947900000000001,0.9871794871794872,1.0096153846153848,0.0,12.0,120000.0,0.0,0.0,1.0,0.642,1
390.0,2306,0.9871794871794872,1.0096153846153848,0.0,12.0,120000.0,0.0,0.0,0.0,0.642,3,0.0,1.0,-4.947900000000001,0.9871794871794872,1.0096153846153848,0.0,12.0,120000.0,0.0,0.0,0.0,0.642,1
384.0,1390,0.9505208333333333,1.025390625,37.5,12.0,120000.0,20000.0,4.0,0.0,0.646,0,0.0,1.0,9.780932916666666,0.9871541502229648,1.009589471818941,37.5,12.0,120000.0,20000.0,4.0,0.0,0.642,0
349.0,1833,0.8595988538681949,0.9013849092645654,0.0,12.0,120000.0,0.0,0.0,1.0,0.679,3,0.09142051637172699,1.0,-3.9479,0.9851586489252815,1.0075486182190379,0.0,12.0,120000.0,0.0,0.0,1.0,0.642,1
385.0,939,0.948051948051948,1.0227272727272727,25.0,12.0,120000.0,20000.0,3.0,0.0,0.646,0,0.0,1.0,9.780882916666666,0.9974169203494304,1.014999590419693,37.5,12.0,120000.0,20000.0,4.0,0.0,0.641,0
350.0,2286,0.8571428571428572,0.8988095238095238,0.0,12.0,120000.0,0.0,0.0,0.0,0.676,3,0.09142051637172699,1.0,-3.94795,0.9954058192955589,1.0129530372639102,0.0,12.0,120000.0,0.0,0.0,0.0,0.641,1
392.0,1837,0.9948979591836734,1.012436224489796,0.0,12.0,120000.0,0.0,0.0,1.0,0.641,2,0.0,1.0,-4.9479500000000005,0.9948979591836734,1.012436224489796,0.0,12.0,120000.0,0.0,0.0,1.0,0.641,1
386.0,1391,0.9585492227979275,1.0200777202072537,25.0,12.0,120000.0,20000.0,3.0,0.0,0.645,0,0.0,1.0,9.780832916666666,0.9948725544023737,1.0124103718678,37.5,12.0,120000.0,20000.0,4.0,0.0,0.64,0
379.0,127,0.9498680738786279,0.9894459102902374,0.0,8.0,80000.0,0.0,0.0,1.0,0.652,1,1.0,1.0,-3.7819589583333335,0.9940273146641806,1.0115502320701197,0.0,8.0,80000.0,0.0,0.0,1.0,0.64,1
387.0,940,0.9560723514211886,1.0174418604651163,25.0,12.0,120000.0,20000.0,3.0,0.0,0.644,0,0.0,1.0,9.780932916666666,0.9923411365527306,1.009834329665038,25.0,12.0,120000.0,20000.0,3.0,0.0,0.637,0
382.0,1389,0.9424083769633508,1.0171247818499127,62.5,12.0,120000.0,20000.0,6.0,0.0,0.649,2,0.5287655591964722,1.0,9.5944,0.9898477157360406,1.0152284263959392,37.5,12.0,120000.0,20000.0,4.0,0.0,0.638,0
388.0,1392,0.9664948453608248,1.014819587628866,25.0,12.0,120000.0,20000.0,3.0,0.0,0.643,0,0.0,1.0,9.780832916666666,0.989822568213432,1.0152026340650584,25.0,12.0,120000.0,20000.0,3.0,0.0,0.635,0
389.0,941,0.9768637532133676,1.012210796915167,37.5,12.0,120000.0,20000.0,4.0,0.0,0.643,0,0.0,1.0,9.780982916666668,0.987316751795733,1.0205437578657817,12.5,12.0,120000.0,20000.0,2.0,0.0,0.633,0
382.0,2302,0.9424083769633508,1.0171247818499127,0.0,12.0,120000.0,0.0,0.0,0.0,0.649,2,0.5287655591964722,1.0,-3.5316833333333335,0.9974747474747475,1.0179924242424243,0.0,12.0,120000.0,0.0,0.0,0.0,0.633,1
84.0,454,0.0,0.33482142857142855,37.5,25.0,400000.0,20000.0,4.0,1.0,0.958,1,0.6652033925056458,1.0,-3.93235,0.9974747474747475,1.0179924242424243,0.0,25.0,400000.0,20000.0,1.0,1.0,0.633,1
390.0,1393,0.9871794871794872,1.0096153846153848,37.5,12.0,120000.0,20000.0,4.0,0.0,0.642,0,0.0,1.0,9.780782916666666,0.9974495341670782,1.0179666923065909,12.5,12.0,120000.0,20000.0,2.0,0.0,0.629,0
356.0,2289,0.8567415730337079,0.892439138576779,0.0,12.0,120000.0,0.0,0.0,0.0,0.67,3,0.48506230115890503,1.0,-3.94855,0.9954637096774194,1.0159400201612905,0.0,12.0,120000.0,0.0,0.0,0.0,0.629,1
391.0,942,0.9974424552429667,1.0150255754475703,37.5,12.0,120000.0,20000.0,4.0,0.0,0.642,0,0.0,1.0,9.780882916666666,1.0075312710629134,1.0232739471732715,0.0,12.0,120000.0,20000.0,1.0,0.0,0.626,0
383.0,129,0.9399477806788512,1.0144691035683202,0.0,8.0,80000.0,0.0,0.0,1.0,0.647,1,0.9813616871833801,1.0,-3.8451589583333337,1.0066860480016597,1.0224155175016856,0.0,8.0,80000.0,0.0,0.0,1.0,0.626,1
355.0,1372,0.8450704225352111,0.8861502347417841,12.5,12.0,120000.0,20000.0,2.0,0.0,0.671,3,0.48506230115890503,1.0,-3.9487,1.0055304172951232,1.0212418300653594,12.5,12.0,120000.0,20000.0,2.0,0.0,0.626,1
394.0,1838,0.9898477157360406,1.0152284263959392,0.0,12.0,120000.0,0.0,0.0,1.0,0.638,2,1.0,1.0,9.884683333333333,1.0050251256281406,1.0207286432160803,0.0,12.0,120000.0,0.0,0.0,1.0,0.627,0
392.0,1394,0.9948979591836734,1.012436224489796,37.5,12.0,120000.0,20000.0,4.0,0.0,0.641,0,0.0,1.0,9.780632916666667,1.0049998491243977,1.0207029717669662,12.5,12.0,120000.0,20000.0,2.0,0.0,0.626,0
396.0,1839,0.9974747474747475,1.0179924242424243,0.0,12.0,120000.0,0.0,0.0,1.0,0.633,2,0.012424260377883911,1.0,9.884583333333333,1.0,1.0208333333333335,0.0,12.0,120000.0,0.0,0.0,1.0,0.625,0
400.0,1841,1.0,1.0208333333333335,0.0,12.0,120000.0,0.0,0.0,1.0,0.625,3,0.0,1.0,-4.94875,1.0,1.0208333333333335,0.0,12.0,120000.0,0.0,0.0,1.0,0.625,1
87.0,455,0.0,0.3232758620689655,37.5,25.0,400000.0,20000.0,4.0,1.0,0.953,1,1.0,1.0,-3.93275,0.999974975626235,1.020807787618448,12.5,25.0,400000.0,20000.0,2.0,1.0,0.625,1
302.0,98,0.8443708609271523,0.9795805739514349,0.0,8.0,80000.0,0.0,0.0,1.0,0.734,2,1.0,1.0,-3.94875,0.999142377813817,1.0199578440182715,0.0,8.0,80000.0,0.0,0.0,1.0,0.625,1
401.0,138,0.997506234413965,1.0260806317539486,0.0,8.0,80000.0,0.0,0.0,1.0,0.625,1,0.0,1.0,-4.94875,0.997506234413965,1.0260806317539486,0.0,8.0,80000.0,0.0,0.0,1.0,0.625,1
401.0,947,0.997506234413965,1.0260806317539486,12.5,12.0,120000.0,20000.0,2.0,0.0,0.625,2,0.0,1.0,-4.94875,0.997506234413965,1.0260806317539486,12.5,12.0,120000.0,20000.0,2.0,0.0,0.625,1
398.0,1840,1.0050251256281406,1.0207286432160803,0.0,12.0,120000.0,0.0,0.0,1.0,0.627,1,0.5384040474891663,1.0,9.884583333333333,0.9950248756218906,1.031301824212272,0.0,12.0,120000.0,0.0,0.0,1.0,0.625,0
394.0,1395,0.9898477157360406,1.0152284263959392,37.5,12.0,120000.0,20000.0,4.0,0.0,0.638,2,1.0,1.0,9.651983333333334,0.9900990099009901,1.0494018151815183,37.5,12.0,120000.0,20000.0,4.0,0.0,0.623,0
398.0,1397,1.0050251256281406,1.0207286432160803,12.5,12.0,120000.0,20000.0,2.0,0.0,0.627,0,0.0,1.0,9.779932916666667,0.9900744786001713,1.049375814557994,37.5,12.0,120000.0,20000.0,4.0,0.0,0.622,0
392.0,2307,0.9948979591836734,1.012436224489796,0.0,12.0,120000.0,0.0,0.0,0.0,0.641,2,1.0,1.0,-3.4906166666666665,1.0,1.0468106995884774,0.0,12.0,120000.0,0.0,0.0,0.0,0.621,1
399.0,946,1.0025062656641603,1.023391812865497,0.0,12.0,120000.0,20000.0,1.0,0.0,0.626,0,0.0,1.0,9.780800000000001,1.0,1.0468106995884774,12.5,12.0,120000.0,20000.0,3.0,0.0,0.621,0
364.0,2293,0.8653846153846154,0.9472298534798534,0.0,12.0,120000.0,0.0,0.0,0.0,0.663,3,1.0,1.0,-3.9491,0.9980285855101035,1.0447470018071299,0.0,12.0,120000.0,0.0,0.0,0.0,0.618,1
393.0,943,0.9923664122137404,1.0098600508905853,37.5,12.0,120000.0,20000.0,4.0,0.0,0.64,2,1.0,1.0,-3.4732166666666666,1.0098522167487685,1.0519293924466337,25.0,12.0,120000.0,20000.0,3.0,0.0,0.619,1
402.0,1842,0.9950248756218906,1.031301824212272,0.0,12.0,120000.0,0.0,0.0,1.0,0.625,1,0.22426381707191467,1.0,9.884083333333335,1.0098522167487685,1.0519293924466337,0.0,12.0,120000.0,0.0,0.0,1.0,0.62,0
400.0,1398,1.0,1.0208333333333335,12.5,12.0,120000.0,20000.0,2.0,0.0,0.625,0,0.0,1.0,9.779782916666667,1.0098273192821035,1.0519034575855244,37.5,12.0,120000.0,20000.0,4.0,0.0,0.619,0
365.0,1377,0.8767123287671232,0.944634703196347,0.0,12.0,120000.0,20000.0,1.0,0.0,0.662,3,1.0,1.0,-3.9491,1.007866273352999,1.049860701409374,37.5,12.0,120000.0,20000.0,4.0,0.0,0.618,1
396.0,1396,0.9974747474747475,1.0179924242424243,25.0,12.0,120000.0,20000.0,3.0,0.0,0.633,2,0.012424260377883911,1.0,9.597616666666667,1.0196560196560198,1.0493447993447993,37.5,12.0,120000.0,20000.0,4.0,0.0,0.619,0
395.0,944,0.9873417721518988,1.0205696202531644,25.0,12.0,120000.0,20000.0,3.0,0.0,0.635,2,1.0,1.0,9.556000000000001,1.0196560196560198,1.0493447993447993,25.0,12.0,120000.0,20000.0,3.0,0.0,0.62,0
366.0,2294,0.8879781420765027,0.950591985428051,0.0,12.0,120000.0,0.0,0.0,0.0,0.661,3,1.0,1.0,-3.9491,1.0176557135850908,1.0472862514304397,0.0,12.0,120000.0,0.0,0.0,0.0,0.618,1
404.0,1843,0.9900990099009901,1.0494018151815183,0.0,12.0,120000.0,0.0,0.0,1.0,0.623,1,0.8880464434623718,1.0,9.884283333333334,1.017156862745098,1.0595383986928104,0.0,12.0,120000.0,0.0,0.0,1.0,0.619,0
408.0,1845,1.017156862745098,1.0595383986928104,0.0,12.0,120000.0,0.0,0.0,1.0,0.619,2,0.0,1.0,-4.949050000000001,1.017156862745098,1.0595383986928104,0.0,12.0,120000.0,0.0,0.0,1.0,0.619,1
96.0,458,0.20833333333333334,0.390625,37.5,25.0,400000.0,20000.0,4.0,1.0,0.939,1,0.011413360014557838,1.0,-3.93305,1.0171319081117642,1.0595124042830877,50.0,25.0,400000.0,20000.0,5.0,1.0,0.619,1
402.0,1399,0.9950248756218906,1.031301824212272,25.0,12.0,120000.0,20000.0,3.0,0.0,0.625,0,0.0,1.0,9.779532916666668,1.0171319081117642,1.0595124042830877,50.0,12.0,120000.0,20000.0,5.0,0.0,0.619,0
397.0,945,1.0075566750629723,1.0232997481108312,12.5,12.0,120000.0,20000.0,2.0,0.0,0.629,2,0.012424260377883911,1.0,9.55095,1.0146699266503667,1.0645884270578647,37.5,12.0,120000.0,20000.0,4.0,0.0,0.619,0
409.0,951,1.0146699266503667,1.0645884270578647,37.5,12.0,120000.0,20000.0,4.0,0.0,0.619,2,0.0,1.0,-4.9316,1.0146699266503667,1.0645884270578647,37.5,12.0,120000.0,20000.0,5.0,0.0,0.618,1
403.0,948,0.9925558312655087,1.044251447477254,12.5,12.0,120000.0,20000.0,2.0,0.0,0.624,0,0.0,1.0,9.779732916666667,1.0146450938939122,1.0645623726095765,37.5,12.0,120000.0,20000.0,4.0,0.0,0.618,0
315.0,100,0.873015873015873,0.9490740740740741,0.0,8.0,80000.0,0.0,0.0,1.0,0.72,2,0.8855407238006592,1.0,-3.9491,1.0138188558792818,1.0636954863392063,0.0,8.0,80000.0,0.0,0.0,1.0,0.618,1
386.0,2304,0.9585492227979275,1.0200777202072537,0.0,12.0,120000.0,0.0,0.0,0.0,0.645,2,1.0,1.0,-3.9491,1.0121951219512195,1.0696138211382116,0.0,12.0,120000.0,0.0,0.0,0.0,0.618,1
410.0,1846,1.0121951219512195,1.0696138211382116,0.0,12.0,120000.0,0.0,0.0,1.0,0.618,1,0.0,1.0,-4.9491000000000005,1.0121951219512195,1.0696138211382116,0.0,12.0,120000.0,0.0,0.0,1.0,0.618,1
404.0,1400,0.9900990099009901,1.0494018151815183,37.5,12.0,120000.0,20000.0,4.0,0.0,0.623,0,0.0,1.0,9.779232916666666,1.0121704101809612,1.0695877075456441,62.5,12.0,120000.0,20000.0,6.0,0.0,0.618,0
394.0,2308,0.9898477157360406,1.0152284263959392,0.0,12.0,120000.0,0.0,0.0,0.0,0.638,2,1.0,1.0,-3.6574333333333335,1.0097323600973236,1.0670113544201136,0.0,12.0,120000.0,0.0,0.0,0.0,0.618,1
405.0,949,1.0,1.0468106995884774,12.5,12.0,120000.0,20000.0,2.0,0.0,0.621,0,0.0,1.0,9.779432916666666,1.0097077684312359,1.0669853677448553,50.0,12.0,120000.0,20000.0,5.0,0.0,0.617,0
412.0,1847,1.0072815533980584,1.0644215210355987,0.0,12.0,120000.0,0.0,0.0,1.0,0.617,2,0.0,1.0,-4.94915,1.0072815533980584,1.0644215210355987,0.0,12.0,120000.0,0.0,0.0,1.0,0.617,1
396.0,2309,0.9974747474747475,1.0179924242424243,0.0,12.0,120000.0,0.0,0.0,0.0,0.633,2,0.012424260377883911,1.0,-3.616233750000001,1.0072570809626689,1.0643956603546274,0.0,12.0,120000.0,0.0,0.0,0.0,0.617,1
406.0,1401,1.0098522167487685,1.0519293924466337,37.5,12.0,120000.0,20000.0,4.0,0.0,0.62,0,0.0,1.0,9.778932916666665,1.0072570809626689,1.0643956603546274,75.0,12.0,120000.0,20000.0,7.0,1.0,0.617,0
407.0,950,1.0196560196560198,1.0493447993447993,25.0,12.0,120000.0,20000.0,3.0,0.0,0.62,0,0.0,1.0,9.779082916666665,1.0169245050501319,1.061818493616333,62.5,12.0,120000.0,20000.0,7.0,1.0,0.615,0
407.0,1410,1.0196560196560198,1.0493447993447993,37.5,12.0,120000.0,20000.0,4.0,0.0,0.62,0,0.0,1.0,9.779082916666665,1.0169245050501319,1.061818493616333,62.5,12.0,120000.0,20000.0,6.0,1.0,0.615,0
399.0,137,1.0025062656641603,1.023391812865497,0.0,8.0,80000.0,0.0,0.0,1.0,0.626,1,0.5384040474891663,1.0,-3.8457089583333337,1.0161044245033324,1.0609622091168227,0.0,8.0,80000.0,0.0,0.0,1.0,0.615,1
373.0,1381,0.938337801608579,0.9913985701519215,25.0,12.0,120000.0,20000.0,3.0,0.0,0.658,3,0.39944350719451904,1.0,-3.9442500000000003,1.0149830836152731,1.059791364588368,62.5,12.0,120000.0,20000.0,6.0,1.0,0.615,1
408.0,1402,1.017156862745098,1.0595383986928104,50.0,12.0,120000.0,20000.0,5.0,0.0,0.619,0,0.0,1.0,9.779032916666665,1.0386222304141874,1.05925377665788,62.5,12.0,120000.0,20000.0,6.0,1.0,0.614,0
372.0,2297,0.9408602150537635,0.9940636200716845,0.0,12.0,120000.0,0.0,0.0,0.0,0.659,3,0.39944350719451904,1.0,-3.9493,1.0366441658630665,1.057236419157827,0.0,12.0,120000.0,0.0,0.0,0.0,0.614,1
374.0,2298,0.9358288770053476,0.9887477718360071,0.0,12.0,120000.0,0.0,0.0,0.0,0.657,3,0.39944350719451904,1.0,-3.9493,1.0366441658630665,1.057236419157827,0.0,12.0,120000.0,0.0,0.0,0.0,0.614,1
409.0,960,1.0146699266503667,1.0645884270578647,37.5,12.0,120000.0,20000.0,4.0,0.0,0.619,0,0.0,1.0,9.778482916666666,1.048167488779367,1.0567014194830304,87.5,12.0,120000.0,20000.0,8.0,1.0,0.613,0
409.0,1411,1.0146699266503667,1.0645884270578647,50.0,12.0,120000.0,20000.0,5.0,0.0,0.619,0,0.0,1.0,9.778982916666665,1.048167488779367,1.0567014194830304,62.5,12.0,120000.0,20000.0,6.0,1.0,0.613,0
375.0,1382,0.9466666666666667,0.9944444444444445,25.0,12.0,120000.0,20000.0,3.0,0.0,0.655,3,0.39944350719451904,1.0,-3.94435,1.046176046176046,1.0546937630270963,62.5,12.0,120000.0,20000.0,6.0,1.0,0.613,1
416.0,1849,1.0576923076923077,1.0541866987179487,0.0,12.0,120000.0,0.0,0.0,1.0,0.613,2,0.0,1.0,-4.949350000000001,1.0576923076923077,1.0541866987179487,0.0,12.0,120000.0,0.0,0.0,1.0,0.613,1
410.0,1403,1.0121951219512195,1.0696138211382116,62.5,12.0,120000.0,20000.0,6.0,0.0,0.618,0,0.0,1.0,9.778982916666665,1.057666857583547,1.054161332960874,62.5,12.0,120000.0,20000.0,6.0,1.0,0.613,0
374.0,1385,0.9358288770053476,0.9887477718360071,25.0,12.0,120000.0,20000.0,3.0,0.0,0.657,3,0.39944350719451904,1.0,-3.94435,1.055662188099808,1.0521633077415227,62.5,12.0,120000.0,20000.0,6.0,1.0,0.613,1
411.0,952,1.0097323600973236,1.0670113544201136,37.5,12.0,120000.0,20000.0,4.0,0.0,0.618,0,0.0,1.0,9.778682916666666,1.0551305471060515,1.0516334288154536,75.0,12.0,120000.0,20000.0,8.0,1.0,0.612,0
411.0,961,1.0097323600973236,1.0670113544201136,37.5,12.0,120000.0,20000.0,5.0,0.0,0.618,0,0.0,1.0,9.778682916666666,1.0551305471060515,1.0516334288154536,75.0,12.0,120000.0,20000.0,8.0,1.0,0.612,0
411.0,1412,1.0097323600973236,1.0670113544201136,62.5,12.0,120000.0,20000.0,6.0,0.0,0.618,0,0.0,1.0,9.778932916666665,1.0551305471060515,1.0516334288154536,62.5,12.0,120000.0,20000.0,6.0,1.0,0.612,0
403.0,139,0.9925558312655087,1.044251447477254,0.0,8.0,80000.0,0.0,0.0,1.0,0.624,1,0.15851102769374847,1.0,-3.8458589583333334,1.054287811291555,1.0507934861594335,0.0,8.0,80000.0,0.0,0.0,1.0,0.612,1
412.0,1404,1.0072815533980584,1.0644215210355987,75.0,12.0,120000.0,20000.0,7.0,1.0,0.617,0,0.0,1.0,9.778832916666666,1.0526063717947807,1.0491176196155365,62.5,12.0,120000.0,20000.0,6.0,1.0,0.61,0
399.0,551,1.0025062656641603,1.023391812865497,0.0,25.0,400000.0,20000.0,1.0,1.0,0.626,1,0.5384040474891663,1.0,9.649,1.0501193317422435,1.0466388225934764,75.0,25.0,400000.0,20000.0,7.0,1.0,0.61,0
413.0,953,1.0169491525423728,1.0618442292171109,50.0,12.0,120000.0,20000.0,5.0,1.0,0.617,0,0.0,1.0,9.778532916666666,1.0500942447651789,1.0466138187645364,75.0,12.0,120000.0,20000.0,8.0,1.0,0.609,0
413.0,962,1.0169491525423728,1.0618442292171109,50.0,12.0,120000.0,20000.0,6.0,1.0,0.617,0,0.0,1.0,9.778532916666666,1.0500942447651789,1.0466138187645364,75.0,12.0,120000.0,20000.0,8.0,1.0,0.609,0
414.0,1848,1.038647342995169,1.059279388083736,0.0,12.0,120000.0,0.0,0.0,1.0,0.615,1,1.0,1.0,9.80025,1.0476190476190477,1.0441468253968254,0.0,12.0,120000.0,0.0,0.0,1.0,0.61,0
420.0,1851,1.0476190476190477,1.0441468253968254,0.0,12.0,120000.0,0.0,0.0,1.0,0.61,1,0.0,1.0,-4.94975,1.0476190476190477,1.0441468253968254,0.0,12.0,120000.0,0.0,0.0,1.0,0.61,1
414.0,1405,1.038647342995169,1.059279388083736,62.5,12.0,120000.0,20000.0,6.0,1.0,0.615,1,0.0,1.0,9.841082916666666,1.047594079960142,1.044121940490577,75.0,12.0,120000.0,20000.0,7.0,1.0,0.61,0
405.0,140,1.0,1.0468106995884774,0.0,8.0,80000.0,0.0,0.0,1.0,0.621,1,0.8880464434623718,1.0,-3.9084589583333336,1.0467633352078063,1.0432939491536135,0.0,8.0,80000.0,0.0,0.0,1.0,0.61,1
421.0,148,1.0451306413301662,1.0416666666666665,0.0,8.0,80000.0,0.0,0.0,1.0,0.61,1,0.0,1.0,-4.94975,1.0451306413301662,1.0416666666666665,0.0,8.0,80000.0,0.0,0.0,1.0,0.61,1
415.0,954,1.0481927710843375,1.0567269076305221,62.5,12.0,120000.0,20000.0,7.0,1.0,0.614,0,0.0,1.0,9.778932916666667,1.0451057921401916,1.0416418998366965,50.0,12.0,120000.0,20000.0,5.0,1.0,0.607,0
415.0,963,1.0481927710843375,1.0567269076305221,62.5,12.0,120000.0,20000.0,8.0,1.0,0.614,0,0.0,1.0,9.778932916666667,1.0451057921401916,1.0416418998366965,50.0,12.0,120000.0,20000.0,5.0,1.0,0.607,0
415.0,1414,1.0481927710843375,1.0567269076305221,62.5,12.0,120000.0,20000.0,6.0,1.0,0.614,0,0.0,1.0,9.778432916666667,1.0451057921401916,1.0416418998366965,75.0,12.0,120000.0,20000.0,7.0,1.0,0.607,0
418.0,1850,1.0526315789473684,1.0491427432216907,0.0,12.0,120000.0,0.0,0.0,1.0,0.612,1,0.04726512357592583,1.0,9.883683333333334,1.042654028436019,1.0391982622432858,0.0,12.0,120000.0,0.0,0.0,1.0,0.607,0
111.0,463,0.45045045045045046,0.4222972972972973,37.5,25.0,400000.0,20000.0,4.0,1.0,0.926,1,0.20248140394687653,1.0,-3.93325,1.0426292968737876,1.0391736126511943,87.5,25.0,400000.0,20000.0,8.0,1.0,0.605,1
402.0,552,0.9950248756218906,1.031301824212272,12.5,25.0,400000.0,20000.0,2.0,1.0,0.625,1,1.0,1.0,9.6482998,1.0426292968737876,1.0391736126511943,87.5,25.0,400000.0,20000.0,8.0,1.0,0.605,0
416.0,1406,1.0576923076923077,1.0541866987179487,62.5,12.0,120000.0,20000.0,6.0,1.0,0.613,0,0.0,1.0,9.778582916666666,1.0426292968737876,1.0391736126511943,62.5,12.0,120000.0,20000.0,6.0,1.0,0.605,0
409.0,142,1.0146699266503667,1.0645884270578647,0.0,8.0,80000.0,0.0,0.0,1.0,0.619,1,0.01801491528749466,1.0,-3.7837089583333334,1.0418064045411772,1.0383534477079444,0.0,8.0,80000.0,0.0,0.0,1.0,0.605,1
413.0,1413,1.0169491525423728,1.0618442292171109,75.0,12.0,120000.0,20000.0,7.0,1.0,0.617,1,1.0,1.0,9.687633333333334,1.0401891252955082,1.0367415287628052,62.5,12.0,120000.0,20000.0,6.0,1.0,0.606,0
417.0,955,1.0551558752997603,1.0516586730615507,87.5,12.0,120000.0,20000.0,8.0,1.0,0.613,0,0.0,1.0,9.778532916666666,1.0401645105277768,1.0367169955781108,62.5,12.0,120000.0,20000.0,7.0,1.0,0.604,0
417.0,1415,1.0551558752997603,1.0516586730615507,62.5,12.0,120000.0,20000.0,6.0,1.0,0.613,0,0.0,1.0,9.778532916666666,1.0401645105277768,1.0367169955781108,62.5,12.0,120000.0,20000.0,6.0,1.0,0.604,0
417.0,964,1.0551558752997603,1.0516586730615507,87.5,12.0,120000.0,20000.0,9.0,1.0,0.613,0,0.0,1.0,9.777948749999998,1.0401152844870138,1.0366679326918389,50.0,12.0,120000.0,20000.0,6.0,1.0,0.604,0
418.0,1407,1.0526315789473684,1.0491427432216907,62.5,12.0,120000.0,20000.0,6.0,1.0,0.612,0,0.0,1.0,9.778732916666668,1.037711350257981,1.0342719660478457,50.0,12.0,120000.0,20000.0,5.0,1.0,0.603,0
425.0,968,1.035294117647059,1.031862745098039,62.5,12.0,120000.0,20000.0,6.0,1.0,0.603,1,0.0,1.0,-4.9084,1.035294117647059,1.031862745098039,62.5,12.0,120000.0,20000.0,6.0,1.0,0.602,1
405.0,553,1.0,1.0468106995884774,25.0,25.0,400000.0,20000.0,3.0,1.0,0.621,1,0.8880464434623718,1.0,9.6530498,1.0352697339999122,1.0318384422679048,87.5,25.0,400000.0,20000.0,9.0,1.0,0.6,0
419.0,956,1.0501193317422435,1.0466388225934764,87.5,12.0,120000.0,20000.0,8.0,1.0,0.61,0,0.0,1.0,9.778582916666666,1.0352697339999122,1.0318384422679048,50.0,12.0,120000.0,20000.0,5.0,1.0,0.6,0
419.0,1416,1.0501193317422435,1.0466388225934764,62.5,12.0,120000.0,20000.0,6.0,1.0,0.61,0,0.0,1.0,9.778582916666666,1.0352697339999122,1.0318384422679048,50.0,12.0,120000.0,20000.0,7.0,1.0,0.6,0
419.0,965,1.0501193317422435,1.0466388225934764,87.5,12.0,120000.0,20000.0,9.0,1.0,0.61,0,0.0,1.0,9.777998749999997,1.0352209701512147,1.031789840041812,37.5,12.0,120000.0,20000.0,4.0,1.0,0.6,0
411.0,143,1.0097323600973236,1.0670113544201136,0.0,8.0,80000.0,0.0,0.0,1.0,0.618,1,0.01801491528749466,1.0,-3.8464589583333337,1.034458413177,1.0310298104818112,0.0,8.0,80000.0,0.0,0.0,1.0,0.6,1
422.0,1852,1.042654028436019,1.0391982622432858,0.0,12.0,120000.0,0.0,0.0,1.0,0.607,1,0.3360989987850189,1.0,9.883133333333333,1.0328638497652582,1.0294405320813773,0.0,12.0,120000.0,0.0,0.0,1.0,0.601,0
420.0,1408,1.0476190476190477,1.0441468253968254,75.0,12.0,120000.0,20000.0,7.0,1.0,0.61,0,0.0,1.0,9.778532916666666,1.0328395804596233,1.029416343213782,50.0,12.0,120000.0,20000.0,6.0,1.0,0.599,0
427.0,969,1.0304449648711944,1.0416666666666667,37.5,12.0,120000.0,20000.0,4.0,1.0,0.599,2,0.0,1.0,-4.932600000000001,1.0304449648711944,1.0416666666666667,37.5,12.0,120000.0,20000.0,4.0,1.0,0.598,1
421.0,1417,1.0451306413301662,1.0416666666666665,75.0,12.0,120000.0,20000.0,7.0,1.0,0.61,0,0.0,1.0,9.778632916666666,1.0304208091046858,1.0416422478402008,37.5,12.0,120000.0,20000.0,5.0,1.0,0.596,0
408.0,554,1.017156862745098,1.0595383986928104,37.5,25.0,400000.0,20000.0,4.0,1.0,0.619,0,0.0,1.0,9.6277498,1.0280133401552922,1.0465097922982378,87.5,25.0,400000.0,20000.0,8.0,1.0,0.594,0
424.0,1853,1.0377358490566038,1.0342963836477987,0.0,12.0,120000.0,0.0,0.0,1.0,0.604,1,0.5657297968864441,1.0,9.841416666666666,1.0256410256410255,1.044094794094794,0.0,12.0,120000.0,0.0,0.0,1.0,0.595,0
406.0,1844,1.0098522167487685,1.0519293924466337,0.0,12.0,120000.0,0.0,0.0,1.0,0.62,2,0.6111987233161926,1.0,-3.9085833333333335,1.0256410256410255,1.044094794094794,0.0,12.0,120000.0,0.0,0.0,1.0,0.595,1
429.0,2313,1.0256410256410255,1.044094794094794,0.0,12.0,120000.0,0.0,0.0,0.0,0.595,2,0.0,1.0,-4.9503,1.0256410256410255,1.044094794094794,0.0,12.0,120000.0,0.0,0.0,0.0,0.594,1
423.0,958,1.0401891252955082,1.0367415287628052,50.0,12.0,120000.0,20000.0,6.0,1.0,0.606,1,1.0,1.0,9.828982916666668,1.0256170945754854,1.0440704324513703,12.5,12.0,120000.0,20000.0,2.0,1.0,0.593,0
423.0,967,1.0401891252955082,1.0367415287628052,50.0,12.0,120000.0,20000.0,7.0,1.0,0.606,1,0.0,1.0,9.828982916666668,1.0256170945754854,1.0440704324513703,12.5,12.0,120000.0,20000.0,2.0,1.0,0.593,0
423.0,1418,1.0401891252955082,1.0367415287628052,62.5,12.0,120000.0,20000.0,6.0,1.0,0.606,0,0.0,1.0,9.778482916666666,1.0256170945754854,1.0440704324513703,37.5,12.0,120000.0,20000.0,5.0,1.0,0.593,0
415.0,145,1.0481927710843375,1.0567269076305221,0.0,8.0,80000.0,0.0,0.0,1.0,0.614,1,1.0,1.0,-3.8468089583333334,1.0248208265765355,1.0432598376607727,0.0,8.0,80000.0,0.0,0.0,1.0,0.593,1
426.0,1854,1.0328638497652582,1.0294405320813773,0.0,12.0,120000.0,0.0,0.0,1.0,0.601,2,0.9053276777267456,1.0,9.883033333333334,1.0232558139534882,1.0537790697674418,0.0,12.0,120000.0,0.0,0.0,1.0,0.594,0
430.0,1856,1.0232558139534882,1.0537790697674418,0.0,12.0,120000.0,0.0,0.0,1.0,0.594,2,0.0,1.0,-4.9503,1.0232558139534882,1.0537790697674418,0.0,12.0,120000.0,0.0,0.0,1.0,0.594,1
427.0,2312,1.0304449648711944,1.0416666666666667,0.0,12.0,120000.0,0.0,0.0,0.0,0.599,2,0.9053276777267456,1.0,9.882983333333334,1.0208816705336428,1.058584686774942,0.0,12.0,120000.0,0.0,0.0,0.0,0.593,0
431.0,2314,1.0208816705336428,1.058584686774942,0.0,12.0,120000.0,0.0,0.0,0.0,0.593,3,0.0,1.0,-4.95035,1.0208816705336428,1.058584686774942,0.0,12.0,120000.0,0.0,0.0,0.0,0.593,1
411.0,555,1.0097323600973236,1.0670113544201136,50.0,25.0,400000.0,20000.0,5.0,1.0,0.618,0,0.0,1.0,9.6276998,1.0208579610482829,1.0585601016551796,87.5,25.0,400000.0,20000.0,9.0,1.0,0.593,0
425.0,1419,1.035294117647059,1.031862745098039,50.0,12.0,120000.0,20000.0,7.0,1.0,0.603,1,0.0,1.0,9.828482916666667,1.0208579610482829,1.0585601016551796,37.5,12.0,120000.0,20000.0,5.0,1.0,0.593,0
337.0,111,0.830860534124629,0.9242087042532147,0.0,8.0,80000.0,0.0,0.0,1.0,0.693,2,0.7747609615325928,1.0,-3.95035,1.0200690628485647,1.0577420680105853,0.0,8.0,80000.0,0.0,0.0,1.0,0.593,1
432.0,1857,1.0185185185185186,1.068190586419753,0.0,12.0,120000.0,0.0,0.0,1.0,0.593,3,0.0,1.0,-4.95035,1.0185185185185186,1.068190586419753,0.0,12.0,120000.0,0.0,0.0,1.0,0.593,1
422.0,1409,1.042654028436019,1.0391982622432858,75.0,12.0,120000.0,20000.0,7.0,1.0,0.607,1,0.3360989987850189,1.0,9.646016666666666,1.0161662817551964,1.0657236335642801,25.0,12.0,120000.0,20000.0,4.0,2.0,0.592,0
425.0,959,1.035294117647059,1.031862745098039,62.5,12.0,120000.0,20000.0,6.0,1.0,0.603,1,0.5657297968864441,1.0,9.758316666666666,1.0161662817551964,1.0657236335642801,12.5,12.0,120000.0,20000.0,2.0,1.0,0.593,0
421.0,966,1.0451306413301662,1.0416666666666665,87.5,12.0,120000.0,20000.0,8.0,1.0,0.61,2,0.2521227300167084,1.0,-3.3833170833333344,1.0161427907867533,1.065698996966221,25.0,12.0,120000.0,20000.0,3.0,1.0,0.592,1
341.0,113,0.8211143695014663,0.9133675464320625,0.0,8.0,80000.0,0.0,0.0,1.0,0.688,2,0.7747609615325928,1.0,-3.9504,1.0153611605418067,1.06487924744323,0.0,8.0,80000.0,0.0,0.0,1.0,0.592,1
419.0,147,1.0501193317422435,1.0466388225934764,0.0,8.0,80000.0,0.0,0.0,1.0,0.61,1,0.04726512357592583,1.0,-3.8468589583333337,1.0153611605418067,1.06487924744323,0.0,8.0,80000.0,0.0,0.0,1.0,0.592,1
421.0,957,1.0451306413301662,1.0416666666666665,87.5,12.0,120000.0,20000.0,8.0,1.0,0.61,2,0.2521227300167084,1.0,-3.4245166666666664,1.0138248847926268,1.075268817204301,25.0,12.0,120000.0,20000.0,3.0,1.0,0.593,1
414.0,556,1.038647342995169,1.059279388083736,62.5,25.0,400000.0,20000.0,6.0,1.0,0.615,1,1.0,1.0,9.6901498,1.0138015019515334,1.0752440172213231,87.5,25.0,400000.0,20000.0,10.0,1.0,0.592,0
429.0,970,1.0256410256410255,1.044094794094794,37.5,12.0,120000.0,20000.0,4.0,1.0,0.595,2,0.5575175285339355,1.0,9.8171,1.011494252873563,1.0799808429118776,25.0,12.0,120000.0,20000.0,3.0,1.0,0.592,0
435.0,2316,1.011494252873563,1.0799808429118776,0.0,12.0,120000.0,0.0,0.0,0.0,0.592,3,0.0,1.0,-4.9504,1.011494252873563,1.0799808429118776,0.0,12.0,120000.0,0.0,0.0,0.0,0.592,1
429.0,1421,1.0256410256410255,1.044094794094794,37.5,12.0,120000.0,20000.0,5.0,1.0,0.595,0,0.0,1.0,9.778432916666667,1.0114709774149795,1.0799559915107855,37.5,12.0,120000.0,20000.0,5.0,2.0,0.592,0
339.0,112,0.8259587020648967,0.9187561455260569,0.0,8.0,80000.0,0.0,0.0,1.0,0.689,2,0.7747609615325928,1.0,-3.9504,1.0106965151482774,1.0791290916947751,0.0,8.0,80000.0,0.0,0.0,1.0,0.592,1
436.0,1859,1.0091743119266057,1.0775038226299696,0.0,12.0,120000.0,0.0,0.0,1.0,0.592,2,0.0,1.0,-4.9504,1.0091743119266057,1.0775038226299696,0.0,12.0,120000.0,0.0,0.0,1.0,0.592,1
427.0,1420,1.0304449648711944,1.0416666666666667,50.0,12.0,120000.0,20000.0,6.0,1.0,0.599,2,0.9053276777267456,1.0,9.662933333333335,1.0068649885583525,1.075038138825324,37.5,12.0,120000.0,20000.0,5.0,2.0,0.592,0
431.0,971,1.0208816705336428,1.058584686774942,0.0,12.0,120000.0,20000.0,1.0,1.0,0.593,0,0.0,1.0,9.7791,1.0068649885583525,1.075038138825324,25.0,12.0,120000.0,20000.0,4.0,1.0,0.592,0
437.0,2317,1.0068649885583525,1.075038138825324,0.0,12.0,120000.0,0.0,0.0,0.0,0.592,3,0.0,1.0,-4.95045,1.0068649885583525,1.075038138825324,0.0,12.0,120000.0,0.0,0.0,0.0,0.591,1
423.0,2310,1.0401891252955082,1.0367415287628052,0.0,12.0,120000.0,0.0,0.0,0.0,0.606,2,1.0,1.0,-3.5342004166666676,1.0068419256574923,1.075013514373885,0.0,12.0,120000.0,0.0,0.0,0.0,0.591,1
417.0,557,1.0551558752997603,1.0516586730615507,75.0,25.0,400000.0,20000.0,7.0,1.0,0.613,0,0.0,1.0,9.6275998,1.0068419256574923,1.075013514373885,87.5,25.0,400000.0,20000.0,11.0,1.0,0.591,0
431.0,1422,1.0208816705336428,1.058584686774942,37.5,12.0,120000.0,20000.0,5.0,1.0,0.593,0,0.0,1.0,9.778382916666667,1.0068419256574923,1.075013514373885,37.5,12.0,120000.0,20000.0,5.0,2.0,0.591,0
439.0,151,1.0022779043280183,1.0701404707668947,0.0,8.0,80000.0,0.0,0.0,1.0,0.591,1,0.0,1.0,-4.9507,1.0022779043280183,1.0701404707668947,0.0,8.0,80000.0,0.0,0.0,1.0,0.591,1
433.0,972,1.0161662817551964,1.0657236335642801,12.5,12.0,120000.0,20000.0,2.0,1.0,0.593,0,0.0,1.0,9.778482916666666,1.0022550510864205,1.070116070170397,25.0,12.0,120000.0,20000.0,3.0,1.0,0.588,0
433.0,1423,1.0161662817551964,1.0657236335642801,25.0,12.0,120000.0,20000.0,4.0,2.0,0.593,0,0.0,1.0,9.778482916666666,1.0022550510864205,1.070116070170397,25.0,12.0,120000.0,20000.0,4.0,2.0,0.588,0
423.0,149,1.0401891252955082,1.0367415287628052,0.0,8.0,80000.0,0.0,0.0,1.0,0.606,1,0.3360989987850189,1.0,-3.9506,1.0014946321063716,1.069304164488574,0.0,8.0,80000.0,0.0,0.0,1.0,0.588,1
420.0,558,1.0476190476190477,1.0441468253968254,75.0,25.0,400000.0,20000.0,7.0,1.0,0.61,0,0.0,1.0,9.6274498,0.9999772505175508,1.074786154675587,87.5,25.0,400000.0,20000.0,12.0,1.0,0.588,0
421.0,570,1.0451306413301662,1.0416666666666665,87.5,25.0,400000.0,20000.0,8.0,1.0,0.61,1,0.04726512357592583,1.0,9.7147998,0.9977097798755181,1.0723490531805993,87.5,25.0,400000.0,20000.0,12.0,1.0,0.585,0
435.0,973,1.011494252873563,1.0799808429118776,25.0,12.0,120000.0,20000.0,3.0,1.0,0.592,0,0.0,1.0,9.778332916666665,0.9977097798755181,1.0723490531805993,25.0,12.0,120000.0,20000.0,3.0,1.0,0.585,0
435.0,1424,1.011494252873563,1.0799808429118776,37.5,12.0,120000.0,20000.0,5.0,2.0,0.592,0,0.0,1.0,9.778332916666665,0.9977097798755181,1.0723490531805993,25.0,12.0,120000.0,20000.0,4.0,2.0,0.585,0
425.0,2311,1.035294117647059,1.031862745098039,0.0,12.0,120000.0,0.0,0.0,0.0,0.603,2,0.9053276777267456,1.0,-3.6590833333333337,0.9954751131221719,1.0840874811463048,0.0,12.0,120000.0,0.0,0.0,0.0,0.585,1
443.0,1428,0.9932279909706546,1.0886945071482317,25.0,12.0,120000.0,20000.0,4.0,2.0,0.585,1,0.0,1.0,-4.9463,0.9932279909706546,1.0886945071482317,25.0,12.0,120000.0,20000.0,4.0,2.0,0.584,1
423.0,559,1.0401891252955082,1.0367415287628052,87.5,25.0,400000.0,20000.0,8.0,1.0,0.606,1,0.3360989987850189,1.0,9.7146498,0.9932055485608554,1.0886699076318087,87.5,25.0,400000.0,20000.0,12.0,1.0,0.582,0
437.0,974,1.0068649885583525,1.075038138825324,25.0,12.0,120000.0,20000.0,3.0,1.0,0.592,0,0.0,1.0,9.778182916666665,0.9932055485608554,1.0886699076318087,25.0,12.0,120000.0,20000.0,4.0,1.0,0.582,0
437.0,1425,1.0068649885583525,1.075038138825324,37.5,12.0,120000.0,20000.0,5.0,2.0,0.592,0,0.0,1.0,9.778432916666667,0.9932055485608554,1.0886699076318087,12.5,12.0,120000.0,20000.0,3.0,2.0,0.582,0
439.0,975,1.0022779043280183,1.0701404707668947,37.5,12.0,120000.0,20000.0,4.0,1.0,0.591,2,0.6886231899261475,1.0,9.81655,0.9887640449438202,1.0908239700374531,25.0,12.0,120000.0,20000.0,4.0,1.0,0.581,0
428.0,1855,1.0280373831775702,1.0465342679127725,0.0,12.0,120000.0,0.0,0.0,1.0,0.595,2,0.9053276777267456,1.0,-3.6592833333333337,0.9887640449438202,1.0908239700374531,0.0,12.0,120000.0,0.0,0.0,1.0,0.581,1
445.0,1862,0.9887640449438202,1.0908239700374531,0.0,12.0,120000.0,0.0,0.0,1.0,0.581,1,0.0,1.0,-4.95125,0.9887640449438202,1.0908239700374531,0.0,12.0,120000.0,0.0,0.0,1.0,0.58,1
424.0,571,1.0377358490566038,1.0342963836477987,100.0,25.0,400000.0,20000.0,9.0,1.0,0.604,0,0.0,1.0,9.6065998,0.9886973689706903,1.0907504117905815,87.5,25.0,400000.0,20000.0,13.0,1.0,0.579,0
441.0,1860,0.9977324263038548,1.0723733938019653,0.0,12.0,120000.0,0.0,0.0,1.0,0.588,2,0.1797914206981659,1.0,9.840666666666666,0.9865470852017937,1.0883781763826605,0.0,12.0,120000.0,0.0,0.0,1.0,0.58,0
114.0,464,0.43859649122807015,0.4385964912280701,25.0,25.0,400000.0,20000.0,3.0,1.0,0.924,1,1.0,1.0,-3.9471000000000003,0.9865028252880403,1.0883293479740217,100.0,25.0,400000.0,20000.0,13.0,1.0,0.578,1
443.0,1861,0.9932279909706546,1.0886945071482317,0.0,12.0,120000.0,0.0,0.0,1.0,0.585,1,0.1797914206981659,1.0,9.882283333333334,0.9843400447427294,1.0859433258762117,0.0,12.0,120000.0,0.0,0.0,1.0,0.579,0
447.0,2322,0.9843400447427294,1.0859433258762117,0.0,12.0,120000.0,0.0,0.0,0.0,0.579,3,0.0,1.0,-4.9512,0.9843400447427294,1.0859433258762117,0.0,12.0,120000.0,0.0,0.0,0.0,0.576,1
441.0,976,0.9977324263038548,1.0723733938019653,25.0,12.0,120000.0,20000.0,3.0,1.0,0.588,0,0.0,1.0,9.777632916666667,0.9843180021852307,1.0859190080926078,37.5,12.0,120000.0,20000.0,5.0,1.0,0.576,0
441.0,1427,0.9977324263038548,1.0723733938019653,25.0,12.0,120000.0,20000.0,4.0,2.0,0.588,0,0.0,1.0,9.777882916666666,0.9843180021852307,1.0859190080926078,25.0,12.0,120000.0,20000.0,4.0,2.0,0.576,0
439.0,1426,1.0022779043280183,1.0701404707668947,37.5,12.0,120000.0,20000.0,5.0,2.0,0.591,2,0.6886231899261475,1.0,9.69135,0.9821428571428571,1.0835193452380953,25.0,12.0,120000.0,20000.0,4.0,2.0,0.577,0
449.0,156,0.9799554565701559,1.0811061618411284,0.0,8.0,80000.0,0.0,0.0,1.0,0.577,1,0.0,1.0,-4.95115,0.9799554565701559,1.0811061618411284,0.0,8.0,80000.0,0.0,0.0,1.0,0.577,1
449.0,1864,0.9799554565701559,1.0811061618411284,0.0,12.0,120000.0,0.0,0.0,1.0,0.577,3,0.0,1.0,-4.95115,0.9799554565701559,1.0811061618411284,0.0,12.0,120000.0,0.0,0.0,1.0,0.577,1
429.0,561,1.0256410256410255,1.044094794094794,87.5,25.0,400000.0,20000.0,8.0,1.0,0.595,0,0.0,1.0,9.6268498,0.9799336099433507,1.0810820602121245,87.5,25.0,400000.0,20000.0,13.0,1.0,0.576,0
443.0,977,0.9932279909706546,1.0886945071482317,25.0,12.0,120000.0,20000.0,3.0,1.0,0.585,0,0.0,1.0,9.777632916666667,0.9799336099433507,1.0810820602121245,37.5,12.0,120000.0,20000.0,5.0,1.0,0.576,0
126.0,468,0.5555555555555556,0.49603174603174605,37.5,25.0,400000.0,20000.0,4.0,1.0,0.917,1,0.3939970135688782,1.0,-3.9348,0.9777125752124841,1.078631770949379,100.0,25.0,400000.0,20000.0,13.0,1.0,0.574,1
447.0,1863,0.9843400447427294,1.0859433258762117,0.0,12.0,120000.0,0.0,0.0,1.0,0.579,1,1.0,1.0,9.882083333333334,0.975609756097561,1.076311899482631,0.0,12.0,120000.0,0.0,0.0,1.0,0.575,0
451.0,2324,0.975609756097561,1.076311899482631,0.0,12.0,120000.0,0.0,0.0,0.0,0.575,3,0.0,1.0,-4.9514000000000005,0.975609756097561,1.076311899482631,0.0,12.0,120000.0,0.0,0.0,0.0,0.572,1
445.0,978,0.9887640449438202,1.0908239700374531,25.0,12.0,120000.0,20000.0,4.0,1.0,0.581,0,0.0,1.0,9.777432916666667,0.9755881028006452,1.0762880111389692,37.5,12.0,120000.0,20000.0,5.0,1.0,0.572,0
445.0,1429,0.9887640449438202,1.0908239700374531,12.5,12.0,120000.0,20000.0,3.0,2.0,0.581,0,0.0,1.0,9.777432916666667,0.9755881028006452,1.0762880111389692,37.5,12.0,120000.0,20000.0,5.0,2.0,0.572,0
430.0,573,1.0232558139534882,1.0537790697674418,100.0,25.0,400000.0,20000.0,9.0,1.0,0.594,0,0.0,1.0,9.6062498,0.9755448423487386,1.0762402853563262,87.5,25.0,400000.0,20000.0,12.0,1.0,0.572,0
453.0,2325,0.9713024282560706,1.0830573951434879,0.0,12.0,120000.0,0.0,0.0,0.0,0.572,2,0.0,1.0,-4.9515,0.9713024282560706,1.0830573951434879,0.0,12.0,120000.0,0.0,0.0,0.0,0.57,1
447.0,979,0.9843400447427294,1.0859433258762117,37.5,12.0,120000.0,20000.0,5.0,1.0,0.579,0,0.0,1.0,9.777332916666666,0.9712809657340684,1.0830334632119938,37.5,12.0,120000.0,20000.0,5.0,1.0,0.57,0
447.0,1430,0.9843400447427294,1.0859433258762117,25.0,12.0,120000.0,20000.0,4.0,2.0,0.579,0,0.0,1.0,9.777332916666666,0.9712809657340684,1.0830334632119938,37.5,12.0,120000.0,20000.0,5.0,2.0,0.57,0
439.0,2318,1.0022779043280183,1.0701404707668947,0.0,12.0,120000.0,0.0,0.0,0.0,0.591,2,0.6886231899261475,1.0,-3.5765,0.9691629955947136,1.0875550660792952,0.0,12.0,120000.0,0.0,0.0,0.0,0.57,1
432.0,562,1.0185185185185186,1.068190586419753,100.0,25.0,400000.0,20000.0,9.0,1.0,0.593,0,0.0,1.0,9.5860998,0.9690989368742386,1.087483182003762,87.5,25.0,400000.0,20000.0,13.0,1.0,0.569,0
361.0,123,0.8587257617728532,0.9320175438596492,0.0,8.0,80000.0,0.0,0.0,1.0,0.667,2,0.48506230115890503,1.0,-3.95155,0.9684306075046637,1.086733210125972,0.0,8.0,80000.0,0.0,0.0,1.0,0.569,1
451.0,1865,0.975609756097561,1.076311899482631,0.0,12.0,120000.0,0.0,0.0,1.0,0.575,1,0.49603214859962463,1.0,9.881583333333333,0.967032967032967,1.0851648351648353,0.0,12.0,120000.0,0.0,0.0,1.0,0.57,0
455.0,2326,0.967032967032967,1.0851648351648353,0.0,12.0,120000.0,0.0,0.0,0.0,0.57,3,0.0,1.0,-4.951600000000001,0.967032967032967,1.0851648351648353,0.0,12.0,120000.0,0.0,0.0,0.0,0.568,1
449.0,980,0.9799554565701559,1.0811061618411284,37.5,12.0,120000.0,20000.0,5.0,1.0,0.577,0,0.0,1.0,9.777232916666666,0.967011692775726,1.0851409620636696,37.5,12.0,120000.0,20000.0,5.0,1.0,0.568,0
449.0,1431,0.9799554565701559,1.0811061618411284,25.0,12.0,120000.0,20000.0,4.0,2.0,0.577,0,0.0,1.0,9.777232916666666,0.967011692775726,1.0851409620636696,37.5,12.0,120000.0,20000.0,5.0,2.0,0.568,0
441.0,2319,0.9977324263038548,1.0723733938019653,0.0,12.0,120000.0,0.0,0.0,0.0,0.588,2,0.1797914206981659,1.0,-3.577017083333334,0.9648910996493256,1.0827613192087604,0.0,12.0,120000.0,0.0,0.0,0.0,0.568,1
453.0,1866,0.9713024282560706,1.0830573951434879,0.0,12.0,120000.0,0.0,0.0,1.0,0.572,1,1.0,1.0,9.881483333333334,0.9628008752735231,1.0804157549234137,0.0,12.0,120000.0,0.0,0.0,1.0,0.568,0
457.0,1868,0.9628008752735231,1.0804157549234137,0.0,12.0,120000.0,0.0,0.0,1.0,0.568,1,0.0,1.0,-4.9519,0.9628008752735231,1.0804157549234137,0.0,12.0,120000.0,0.0,0.0,1.0,0.567,1
457.0,2327,0.9628008752735231,1.0804157549234137,0.0,12.0,120000.0,0.0,0.0,0.0,0.568,3,0.0,1.0,-4.951650000000001,0.9628008752735231,1.0804157549234137,0.0,12.0,120000.0,0.0,0.0,0.0,0.567,1
451.0,981,0.975609756097561,1.076311899482631,37.5,12.0,120000.0,20000.0,5.0,1.0,0.575,1,1.0,1.0,9.814682916666666,0.9627797868147351,1.0803920903176716,37.5,12.0,120000.0,20000.0,5.0,1.0,0.567,0
451.0,1432,0.975609756097561,1.076311899482631,37.5,12.0,120000.0,20000.0,5.0,2.0,0.575,1,1.0,1.0,9.814932916666665,0.9627797868147351,1.0803920903176716,25.0,12.0,120000.0,20000.0,4.0,2.0,0.567,0
433.0,574,1.0161662817551964,1.0657236335642801,100.0,25.0,400000.0,20000.0,10.0,1.0,0.593,1,0.0,1.0,9.645999799999998,0.962737654798642,1.0803448114927945,87.5,25.0,400000.0,20000.0,13.0,1.0,0.567,0
443.0,153,0.9932279909706546,1.0886945071482317,0.0,8.0,80000.0,0.0,0.0,1.0,0.585,1,0.1797914206981659,1.0,-3.8481089583333334,0.9620780676352981,1.0796046497612009,0.0,8.0,80000.0,0.0,0.0,1.0,0.567,1
455.0,1867,0.967032967032967,1.0851648351648353,0.0,12.0,120000.0,0.0,0.0,1.0,0.57,1,0.4693695902824402,1.0,9.881683333333333,0.9586056644880174,1.0757080610021785,0.0,12.0,120000.0,0.0,0.0,1.0,0.567,0
453.0,982,0.9713024282560706,1.0830573951434879,37.5,12.0,120000.0,20000.0,5.0,1.0,0.572,0,0.0,1.0,9.777282916666666,0.9585847594042666,1.0756846021724014,25.0,12.0,120000.0,20000.0,4.0,1.0,0.564,0
453.0,1433,0.9713024282560706,1.0830573951434879,37.5,12.0,120000.0,20000.0,5.0,2.0,0.572,0,0.0,1.0,9.777532916666667,0.9585847594042666,1.0756846021724014,12.5,12.0,120000.0,20000.0,3.0,2.0,0.564,0
445.0,154,0.9887640449438202,1.0908239700374531,0.0,8.0,80000.0,0.0,0.0,1.0,0.581,1,0.19250017404556274,1.0,-3.8482589583333335,0.9578891397598934,1.074904006264653,0.0,8.0,80000.0,0.0,0.0,1.0,0.564,1
435.0,563,1.011494252873563,1.0799808429118776,100.0,25.0,400000.0,20000.0,10.0,1.0,0.592,0,0.0,1.0,-3.4742502000000015,0.9564593405547606,1.0732995440884385,87.5,25.0,400000.0,20000.0,12.0,1.0,0.562,1
455.0,983,0.967032967032967,1.0851648351648353,37.5,12.0,120000.0,20000.0,5.0,1.0,0.57,0,0.0,1.0,9.777232916666668,0.9544261305736074,1.0777965537017298,12.5,12.0,120000.0,20000.0,3.0,1.0,0.558,0
455.0,1434,0.967032967032967,1.0851648351648353,37.5,12.0,120000.0,20000.0,5.0,2.0,0.57,0,0.0,1.0,9.777482916666667,0.9544261305736074,1.0777965537017298,0.0,12.0,120000.0,20000.0,2.0,2.0,0.558,0
436.0,575,1.0091743119266057,1.0775038226299696,100.0,25.0,400000.0,20000.0,11.0,1.0,0.592,0,0.0,1.0,-3.4744502000000015,0.9543847264953531,1.0777497976758605,87.5,25.0,400000.0,20000.0,11.0,1.0,0.558,1
463.0,2330,0.9503239740820735,1.079913606911447,0.0,12.0,120000.0,0.0,0.0,0.0,0.557,2,0.0,1.0,-4.95225,0.9503239740820735,1.079913606911447,0.0,12.0,120000.0,0.0,0.0,0.0,0.555,1
457.0,984,0.9628008752735231,1.0804157549234137,37.5,12.0,120000.0,20000.0,5.0,1.0,0.568,1,1.0,1.0,9.814782916666665,0.9503034286450955,1.0798902598239721,0.0,12.0,120000.0,20000.0,2.0,1.0,0.554,0
438.0,564,1.004566210045662,1.0725837138508372,100.0,25.0,400000.0,20000.0,11.0,1.0,0.591,1,0.0,1.0,-3.3746502000000014,0.9502623814814938,1.0798436153198794,87.5,25.0,400000.0,20000.0,11.0,1.0,0.554,1
464.0,1887,0.9482758620689655,1.0775862068965516,0.0,12.0,120000.0,0.0,0.0,1.0,0.554,1,0.0,1.0,-4.9525500000000005,0.9482758620689655,1.0775862068965516,0.0,12.0,120000.0,0.0,0.0,1.0,0.554,1
460.0,1885,0.9565217391304347,1.0733695652173911,0.0,12.0,120000.0,0.0,0.0,1.0,0.564,2,0.7864283323287964,1.0,9.839366666666665,0.946236559139785,1.075268817204301,0.0,12.0,120000.0,0.0,0.0,1.0,0.554,0
465.0,2331,0.946236559139785,1.075268817204301,0.0,12.0,120000.0,0.0,0.0,0.0,0.554,3,0.0,1.0,-4.952400000000001,0.946236559139785,1.075268817204301,0.0,12.0,120000.0,0.0,0.0,0.0,0.552,1
439.0,576,1.0022779043280183,1.0701404707668947,100.0,25.0,400000.0,20000.0,12.0,1.0,0.591,1,0.05841318145394325,1.0,-3.3951502000000007,0.9461348038676529,1.075153186213242,87.5,25.0,400000.0,20000.0,10.0,1.0,0.552,1
461.0,2329,0.9544468546637744,1.077819956616052,0.0,12.0,120000.0,0.0,0.0,0.0,0.562,2,0.7864283323287964,1.0,9.839316666666665,0.944206008583691,1.079667381974249,0.0,12.0,120000.0,0.0,0.0,0.0,0.553,0
466.0,1888,0.944206008583691,1.079667381974249,0.0,12.0,120000.0,0.0,0.0,1.0,0.553,1,0.0,1.0,-4.9526,0.944206008583691,1.079667381974249,0.0,12.0,120000.0,0.0,0.0,1.0,0.553,1
463.0,1871,0.9503239740820735,1.079913606911447,0.0,12.0,120000.0,0.0,0.0,1.0,0.557,1,0.7192515134811401,1.0,9.880733333333334,0.9421841541755889,1.0773554603854392,0.0,12.0,120000.0,0.0,0.0,1.0,0.553,0
467.0,2332,0.9421841541755889,1.0773554603854392,0.0,12.0,120000.0,0.0,0.0,0.0,0.553,3,0.0,1.0,-4.952500000000001,0.9421841541755889,1.0773554603854392,0.0,12.0,120000.0,0.0,0.0,0.0,0.55,1
455.0,159,0.967032967032967,1.0851648351648353,0.0,8.0,80000.0,0.0,0.0,1.0,0.57,1,1.0,1.0,-3.7866089583333333,0.9394816991918671,1.0742652952407004,0.0,8.0,80000.0,0.0,0.0,1.0,0.547,1
461.0,1435,0.9544468546637744,1.077819956616052,12.5,12.0,120000.0,20000.0,3.0,2.0,0.562,2,0.7864283323287964,1.0,9.714066666666666,0.9381663113006397,1.0727611940298507,12.5,12.0,120000.0,20000.0,3.0,2.0,0.548,0
463.0,1436,0.9503239740820735,1.079913606911447,0.0,12.0,120000.0,20000.0,2.0,2.0,0.557,1,0.7192515134811401,1.0,9.79715,0.9381663113006397,1.0727611940298507,12.5,12.0,120000.0,20000.0,3.0,2.0,0.548,0
469.0,2333,0.9381663113006397,1.0727611940298507,0.0,12.0,120000.0,0.0,0.0,0.0,0.548,2,0.0,1.0,-4.9528,0.9381663113006397,1.0727611940298507,0.0,12.0,120000.0,0.0,0.0,0.0,0.544,1
441.0,565,0.9977324263038548,1.0723733938019653,100.0,25.0,400000.0,20000.0,12.0,1.0,0.588,0,0.0,1.0,-3.5351502,0.9381062844997914,1.0726925554294489,87.5,25.0,400000.0,20000.0,11.0,1.0,0.544,1
465.0,1872,0.946236559139785,1.075268817204301,0.0,12.0,120000.0,0.0,0.0,1.0,0.554,1,0.8177332878112793,1.0,9.838666666666667,0.9361702127659575,1.0704787234042554,0.0,12.0,120000.0,0.0,0.0,1.0,0.545,0
471.0,1875,0.9341825902335457,1.0748407643312101,0.0,12.0,120000.0,0.0,0.0,1.0,0.544,2,0.0,1.0,-4.9529000000000005,0.9341825902335457,1.0748407643312101,0.0,12.0,120000.0,0.0,0.0,1.0,0.542,1
465.0,1437,0.946236559139785,1.075268817204301,12.5,12.0,120000.0,20000.0,3.0,2.0,0.554,0,0.0,1.0,9.776332916666666,0.9341627367961883,1.074817921597887,12.5,12.0,120000.0,20000.0,3.0,2.0,0.54,0
442.0,577,0.9954751131221719,1.0840874811463048,100.0,25.0,400000.0,20000.0,12.0,1.0,0.585,1,0.0,1.0,-3.4557502000000007,0.9340834108038762,1.0747266516351417,87.5,25.0,400000.0,20000.0,10.0,1.0,0.54,1
467.0,1873,0.9421841541755889,1.0773554603854392,0.0,12.0,120000.0,0.0,0.0,1.0,0.553,1,0.8177332878112793,1.0,9.7967,0.9302325581395349,1.0769027484143763,0.0,12.0,120000.0,0.0,0.0,1.0,0.539,0
459.0,2328,0.9586056644880174,1.0757080610021785,0.0,12.0,120000.0,0.0,0.0,0.0,0.567,2,0.7864283323287964,1.0,-3.5363833333333337,0.9302325581395349,1.0769027484143763,0.0,12.0,120000.0,0.0,0.0,0.0,0.539,1
469.0,1874,0.9381663113006397,1.0727611940298507,0.0,12.0,120000.0,0.0,0.0,1.0,0.548,1,0.7660601139068604,1.0,9.838416666666665,0.9388185654008439,1.0746308016877637,0.0,12.0,120000.0,0.0,0.0,1.0,0.535,0
444.0,566,0.990990990990991,1.0932807807807807,100.0,25.0,400000.0,20000.0,12.0,1.0,0.582,1,0.0,1.0,-3.4761502000000006,0.9387195245497412,1.0745174332978076,87.5,25.0,400000.0,20000.0,9.0,1.0,0.532,1
434.0,1858,1.0138248847926268,1.075268817204301,0.0,12.0,120000.0,0.0,0.0,1.0,0.593,3,0.05841318145394325,1.0,-3.9534,0.9372367312552653,1.0728201347935973,0.0,12.0,120000.0,0.0,0.0,1.0,0.532,1
471.0,2334,0.9341825902335457,1.0748407643312101,0.0,12.0,120000.0,0.0,0.0,0.0,0.544,2,0.7660601139068604,1.0,9.879983333333334,0.9473684210526316,1.0789473684210527,0.0,12.0,120000.0,0.0,0.0,0.0,0.533,0
475.0,1442,0.9473684210526316,1.0789473684210527,12.5,12.0,120000.0,20000.0,3.0,2.0,0.533,1,0.0,1.0,-4.9537,0.9473684210526316,1.0789473684210527,12.5,12.0,120000.0,20000.0,3.0,2.0,0.531,1
433.0,2315,1.0161662817551964,1.0657236335642801,0.0,12.0,120000.0,0.0,0.0,0.0,0.593,3,0.05841318145394325,1.0,-3.9535,0.9457755359394703,1.0771332492643968,0.0,12.0,120000.0,0.0,0.0,0.0,0.53,1
467.0,1438,0.9421841541755889,1.0773554603854392,25.0,12.0,120000.0,20000.0,4.0,2.0,0.553,1,0.8177332878112793,1.0,9.676300000000001,0.9453781512605042,1.0832457983193278,12.5,12.0,120000.0,20000.0,3.0,2.0,0.531,0
469.0,1439,0.9381663113006397,1.0727611940298507,12.5,12.0,120000.0,20000.0,3.0,2.0,0.548,1,0.7660601139068604,1.0,9.713116666666666,0.9433962264150944,1.0809748427672956,12.5,12.0,120000.0,20000.0,3.0,2.0,0.529,0
461.0,1870,0.9544468546637744,1.077819956616052,0.0,12.0,120000.0,0.0,0.0,1.0,0.562,2,0.7864283323287964,1.0,-3.6202166666666664,0.9433962264150944,1.0809748427672956,0.0,12.0,120000.0,0.0,0.0,1.0,0.529,1
477.0,1878,0.9433962264150944,1.0809748427672956,0.0,12.0,120000.0,0.0,0.0,1.0,0.529,1,0.0,1.0,-4.95415,0.9433962264150944,1.0809748427672956,0.0,12.0,120000.0,0.0,0.0,1.0,0.527,1
471.0,1440,0.9341825902335457,1.0748407643312101,12.5,12.0,120000.0,20000.0,3.0,2.0,0.544,0,0.0,1.0,9.775682916666668,0.9433764293541764,1.0809521586349937,12.5,12.0,120000.0,20000.0,3.0,2.0,0.527,0
445.0,578,0.9887640449438202,1.0908239700374531,100.0,25.0,400000.0,20000.0,13.0,1.0,0.581,1,0.19250017404556274,1.0,-3.516400200000001,0.9432973285127905,1.080861522254239,87.5,25.0,400000.0,20000.0,10.0,1.0,0.527,1
462.0,1886,0.9523809523809524,1.0822510822510822,0.0,12.0,120000.0,0.0,0.0,1.0,0.558,2,0.7864283323287964,1.0,-3.6208837500000013,0.9414028798267216,1.0917658397990453,0.0,12.0,120000.0,0.0,0.0,1.0,0.524,1
167.0,474,0.688622754491018,0.5925648702594811,37.5,25.0,400000.0,20000.0,4.0,1.0,0.884,1,0.9230961799621582,1.0,-3.9377999999999997,0.9414028798267216,1.0917658397990453,100.0,25.0,400000.0,20000.0,11.0,1.0,0.524,1
475.0,1877,0.9473684210526316,1.0789473684210527,0.0,12.0,120000.0,0.0,0.0,1.0,0.533,1,0.7660601139068604,1.0,9.879333333333333,0.9394572025052191,1.093858733472512,0.0,12.0,120000.0,0.0,0.0,1.0,0.525,0
479.0,1879,0.9394572025052191,1.093858733472512,0.0,12.0,120000.0,0.0,0.0,1.0,0.525,1,0.0,1.0,-4.95415,0.9394572025052191,1.093858733472512,0.0,12.0,120000.0,0.0,0.0,1.0,0.522,1
465.0,164,0.946236559139785,1.075268817204301,0.0,8.0,80000.0,0.0,0.0,1.0,0.554,1,0.7192515134811401,1.0,-3.8504089583333334,0.9387842895047191,1.0930752259742447,0.0,8.0,80000.0,0.0,0.0,1.0,0.521,1
476.0,1893,0.9453781512605042,1.0832457983193278,0.0,12.0,120000.0,0.0,0.0,1.0,0.531,1,0.7660601139068604,1.0,9.879433333333333,0.9375,1.0915798611111112,0.0,12.0,120000.0,0.0,0.0,1.0,0.522,0
459.0,1869,0.9586056644880174,1.0757080610021785,0.0,12.0,120000.0,0.0,0.0,1.0,0.567,2,0.7864283323287964,1.0,-3.8289,0.9375,1.0915798611111112,0.0,12.0,120000.0,0.0,0.0,1.0,0.522,1
480.0,1895,0.9375,1.0915798611111112,0.0,12.0,120000.0,0.0,0.0,1.0,0.522,1,0.0,1.0,-4.953900000000001,0.9375,1.0915798611111112,0.0,12.0,120000.0,0.0,0.0,1.0,0.522,1
480.0,2337,0.9375,1.0915798611111112,0.0,12.0,120000.0,0.0,0.0,0.0,0.522,3,0.0,1.0,-4.953900000000001,0.9375,1.0915798611111112,0.0,12.0,120000.0,0.0,0.0,0.0,0.522,1
448.0,579,0.9821428571428571,1.0835193452380953,100.0,25.0,400000.0,20000.0,13.0,1.0,0.577,0,0.0,1.0,-3.616700200000001,0.9374023343942853,1.0914661439822348,87.5,25.0,400000.0,20000.0,11.0,1.0,0.521,1
387.0,131,0.9560723514211886,1.0174418604651163,0.0,8.0,80000.0,0.0,0.0,1.0,0.644,2,1.0,1.0,-3.95395,0.9368298868830652,1.0907996136624578,0.0,8.0,80000.0,0.0,0.0,1.0,0.521,1
473.0,1441,0.9302325581395349,1.0769027484143763,12.5,12.0,120000.0,20000.0,3.0,2.0,0.539,2,0.7660601139068604,1.0,9.712766666666665,0.9355509355509356,1.0893104643104645,12.5,12.0,120000.0,20000.0,3.0,2.0,0.522,0
481.0,1445,0.9355509355509356,1.0893104643104645,12.5,12.0,120000.0,20000.0,3.0,2.0,0.522,1,0.0,1.0,-4.954000000000001,0.9355509355509356,1.0893104643104645,12.5,12.0,120000.0,20000.0,3.0,2.0,0.52,1
453.0,569,0.9713024282560706,1.0830573951434879,100.0,25.0,400000.0,20000.0,12.0,1.0,0.572,0,0.0,1.0,-3.536800200000001,0.9354536755960154,1.089197219501842,87.5,25.0,400000.0,20000.0,10.0,1.0,0.519,1
467.0,165,0.9421841541755889,1.0773554603854392,0.0,8.0,80000.0,0.0,0.0,1.0,0.553,1,0.8177332878112793,1.0,-3.8507589583333335,0.9348836048790481,1.0885334566068545,0.0,8.0,80000.0,0.0,0.0,1.0,0.519,1
469.0,175,0.9381663113006397,1.0727611940298507,0.0,8.0,80000.0,0.0,0.0,1.0,0.548,1,0.7660601139068604,1.0,-3.7883589583333332,0.9329453929853826,1.086276695999184,0.0,8.0,80000.0,0.0,0.0,1.0,0.517,1
477.0,1443,0.9433962264150944,1.0809748427672956,12.5,12.0,120000.0,20000.0,3.0,2.0,0.529,0,0.0,1.0,9.774982916666668,0.9316577103650503,1.0847773803556024,12.5,12.0,120000.0,20000.0,4.0,2.0,0.513,0
454.0,581,0.9691629955947136,1.0875550660792952,100.0,25.0,400000.0,20000.0,13.0,1.0,0.57,1,0.0,1.0,-3.4571002000000006,0.9315805624349329,1.084687553020304,87.5,25.0,400000.0,20000.0,10.0,1.0,0.513,1
469.0,166,0.9381663113006397,1.0727611940298507,0.0,8.0,80000.0,0.0,0.0,1.0,0.548,1,0.7660601139068604,1.0,-3.8508089583333334,0.931015201112766,1.0840292735178731,0.0,8.0,80000.0,0.0,0.0,1.0,0.513,1
484.0,2339,0.9297520661157025,1.0825585399449036,0.0,12.0,120000.0,0.0,0.0,0.0,0.513,2,0.0,1.0,-4.954400000000001,0.9297520661157025,1.0825585399449036,0.0,12.0,120000.0,0.0,0.0,0.0,0.512,1
481.0,1880,0.9355509355509356,1.0893104643104645,0.0,12.0,120000.0,0.0,0.0,1.0,0.522,1,1.0,1.0,9.878933333333334,0.9381443298969071,1.099656357388316,0.0,12.0,120000.0,0.0,0.0,1.0,0.512,0
485.0,1882,0.9381443298969071,1.099656357388316,0.0,12.0,120000.0,0.0,0.0,1.0,0.512,1,0.0,1.0,-4.954750000000001,0.9381443298969071,1.099656357388316,0.0,12.0,120000.0,0.0,0.0,1.0,0.51,1
457.0,582,0.9628008752735231,1.0804157549234137,100.0,25.0,400000.0,20000.0,13.0,1.0,0.568,1,1.0,1.0,-3.4376502,0.9380089278246659,1.0994976443366047,87.5,25.0,400000.0,20000.0,9.0,1.0,0.51,1
443.0,2320,0.9932279909706546,1.0886945071482317,0.0,12.0,120000.0,0.0,0.0,0.0,0.585,3,0.19250017404556274,1.0,-3.9545,0.9365994236311239,1.0978454782489364,0.0,12.0,120000.0,0.0,0.0,0.0,0.51,1
486.0,1898,0.9362139917695473,1.103823731138546,0.0,12.0,120000.0,0.0,0.0,1.0,0.51,2,0.0,1.0,-4.9545,0.9362139917695473,1.103823731138546,0.0,12.0,120000.0,0.0,0.0,1.0,0.51,1
472.0,1891,0.9322033898305085,1.0791843220338981,0.0,12.0,120000.0,0.0,0.0,1.0,0.54,2,0.7660601139068604,1.0,-3.57955,0.944558521560575,1.1079739904175223,0.0,12.0,120000.0,0.0,0.0,1.0,0.509,1
481.0,985,0.9355509355509356,1.0893104643104645,0.0,12.0,120000.0,20000.0,3.0,1.0,0.522,1,0.0,1.0,9.7952,0.944558521560575,1.1079739904175223,12.5,12.0,120000.0,20000.0,5.0,1.0,0.509,0
487.0,184,0.944558521560575,1.1079739904175223,0.0,8.0,80000.0,0.0,0.0,1.0,0.509,1,0.0,1.0,-4.95455,0.944558521560575,1.1079739904175223,0.0,8.0,80000.0,0.0,0.0,1.0,0.509,1
487.0,988,0.944558521560575,1.1079739904175223,12.5,12.0,120000.0,20000.0,5.0,1.0,0.509,2,0.0,1.0,-4.95455,0.944558521560575,1.1079739904175223,12.5,12.0,120000.0,20000.0,5.0,1.0,0.509,1
445.0,2321,0.9887640449438202,1.0908239700374531,0.0,12.0,120000.0,0.0,0.0,0.0,0.581,3,0.33223801851272583,1.0,-3.9548,0.943009430094301,1.1061568949022824,0.0,12.0,120000.0,0.0,0.0,0.0,0.504,1
478.0,1894,0.9414225941422595,1.0917887029288702,0.0,12.0,120000.0,0.0,0.0,1.0,0.527,2,1.0,1.0,9.628583333333333,0.9426229508196722,1.1121072404371586,0.0,12.0,120000.0,0.0,0.0,1.0,0.505,0
483.0,1881,0.9316770186335404,1.084799861973775,0.0,12.0,120000.0,0.0,0.0,1.0,0.517,1,0.21643593907356262,1.0,9.836716666666666,0.9426229508196722,1.1121072404371586,0.0,12.0,120000.0,0.0,0.0,1.0,0.506,0
470.0,1890,0.9361702127659575,1.0704787234042554,0.0,12.0,120000.0,0.0,0.0,1.0,0.545,2,0.7660601139068604,1.0,-3.705217083333334,0.9426036158561583,1.1120844290331942,0.0,12.0,120000.0,0.0,0.0,1.0,0.504,1
479.0,1444,0.9394572025052191,1.093858733472512,12.5,12.0,120000.0,20000.0,3.0,2.0,0.525,2,1.0,1.0,9.628533333333333,0.9509202453987731,1.109832992501704,37.5,12.0,120000.0,20000.0,5.0,2.0,0.504,0
484.0,1897,0.9297520661157025,1.0825585399449036,0.0,12.0,120000.0,0.0,0.0,1.0,0.513,1,0.21643593907356262,1.0,9.836916666666665,0.9509202453987731,1.109832992501704,0.0,12.0,120000.0,0.0,0.0,1.0,0.505,0
489.0,1884,0.9509202453987731,1.109832992501704,0.0,12.0,120000.0,0.0,0.0,1.0,0.505,1,0.0,1.0,-4.9549,0.9509202453987731,1.109832992501704,0.0,12.0,120000.0,0.0,0.0,1.0,0.502,1
473.0,1876,0.9302325581395349,1.0769027484143763,0.0,12.0,120000.0,0.0,0.0,1.0,0.539,2,0.7660601139068604,1.0,-3.621983750000001,0.9509007801292247,1.1098102742995657,0.0,12.0,120000.0,0.0,0.0,1.0,0.502,1
483.0,1446,0.9316770186335404,1.084799861973775,12.5,12.0,120000.0,20000.0,4.0,2.0,0.517,1,0.21643593907356262,1.0,9.793932916666666,0.9509007801292247,1.1098102742995657,37.5,12.0,120000.0,20000.0,5.0,2.0,0.502,0
463.0,584,0.9503239740820735,1.079913606911447,100.0,25.0,400000.0,20000.0,11.0,1.0,0.557,1,0.7192515134811401,1.0,-3.3976501999999993,0.9508230047884061,1.1097195015563608,87.5,25.0,400000.0,20000.0,9.0,1.0,0.502,1
449.0,2323,0.9799554565701559,1.0811061618411284,0.0,12.0,120000.0,0.0,0.0,0.0,0.577,3,1.0,1.0,-3.9549,0.949367088607595,1.1080202803865524,0.0,12.0,120000.0,0.0,0.0,0.0,0.502,1
490.0,1900,0.9489795918367346,1.1075680272108843,0.0,12.0,120000.0,0.0,0.0,1.0,0.502,1,0.0,1.0,-4.9549,0.9489795918367346,1.1075680272108843,0.0,12.0,120000.0,0.0,0.0,1.0,0.502,1
490.0,2342,0.9489795918367346,1.1075680272108843,0.0,12.0,120000.0,0.0,0.0,0.0,0.502,3,0.0,1.0,-4.9549,0.9489795918367346,1.1075680272108843,0.0,12.0,120000.0,0.0,0.0,0.0,0.502,1
474.0,1892,0.9388185654008439,1.0746308016877637,0.0,12.0,120000.0,0.0,0.0,1.0,0.535,2,0.7660601139068604,1.0,-3.621983750000001,0.9489602059353848,1.1075454016405364,0.0,12.0,120000.0,0.0,0.0,1.0,0.502,1
483.0,986,0.9316770186335404,1.084799861973775,12.5,12.0,120000.0,20000.0,5.0,1.0,0.517,1,0.21643593907356262,1.0,9.711266666666665,0.9470468431771893,1.1053122878479293,12.5,12.0,120000.0,20000.0,5.0,1.0,0.502,0
485.0,987,0.9381443298969071,1.099656357388316,12.5,12.0,120000.0,20000.0,5.0,1.0,0.512,0,0.0,1.0,9.774382916666667,0.947027536159599,1.1052897543439761,12.5,12.0,120000.0,20000.0,5.0,1.0,0.501,0
485.0,1447,0.9381443298969071,1.099656357388316,25.0,12.0,120000.0,20000.0,4.0,2.0,0.512,0,0.0,1.0,9.774132916666666,0.947027536159599,1.1052897543439761,25.0,12.0,120000.0,20000.0,4.0,2.0,0.501,0
466.0,585,0.944206008583691,1.079667381974249,100.0,25.0,400000.0,20000.0,10.0,1.0,0.553,0,0.0,1.0,-3.4781002000000005,0.9469118262791084,1.1051547076420596,87.5,25.0,400000.0,20000.0,8.0,1.0,0.501,1
469.0,586,0.9381663113006397,1.0727611940298507,100.0,25.0,400000.0,20000.0,11.0,1.0,0.548,1,0.0,1.0,-3.3784002,0.9411621644470992,1.1237442510087454,87.5,25.0,400000.0,20000.0,8.0,1.0,0.495,1
489.0,989,0.9509202453987731,1.109832992501704,12.5,12.0,120000.0,20000.0,5.0,1.0,0.505,2,0.9562225341796875,1.0,9.7948,0.9393939393939393,1.127946127946128,25.0,12.0,120000.0,20000.0,6.0,1.0,0.496,0
482.0,2338,0.9336099585062241,1.0870504840940525,0.0,12.0,120000.0,0.0,0.0,0.0,0.519,2,0.4529862105846405,1.0,-3.4974337500000012,0.9393749431450891,1.127923318830125,0.0,12.0,120000.0,0.0,0.0,0.0,0.493,1
489.0,1449,0.9509202453987731,1.109832992501704,37.5,12.0,120000.0,20000.0,5.0,2.0,0.505,0,0.0,1.0,9.773482916666666,0.9393749431450891,1.127923318830125,37.5,12.0,120000.0,20000.0,5.0,2.0,0.493,0
487.0,1448,0.944558521560575,1.1079739904175223,37.5,12.0,120000.0,20000.0,5.0,2.0,0.509,2,0.21643593907356262,1.0,9.687199999999999,0.9375,1.1256720430107525,37.5,12.0,120000.0,20000.0,5.0,2.0,0.494,0
496.0,1903,0.9375,1.1256720430107525,0.0,12.0,120000.0,0.0,0.0,1.0,0.494,2,0.0,1.0,-4.9553,0.9375,1.1256720430107525,0.0,12.0,120000.0,0.0,0.0,1.0,0.494,1
492.0,1901,0.9451219512195121,1.1094173441734418,0.0,12.0,120000.0,0.0,0.0,1.0,0.501,1,0.9562225341796875,1.0,9.836316666666665,0.9356136820925552,1.1296948356807512,0.0,12.0,120000.0,0.0,0.0,1.0,0.493,0
492.0,2343,0.9451219512195121,1.1094173441734418,0.0,12.0,120000.0,0.0,0.0,0.0,0.501,2,1.0,1.0,9.836366666666665,0.9356136820925552,1.1296948356807512,0.0,12.0,120000.0,0.0,0.0,0.0,0.494,0
491.0,990,0.9470468431771893,1.1053122878479293,12.5,12.0,120000.0,20000.0,5.0,1.0,0.502,0,0.0,1.0,9.773482916666666,0.935594838421866,1.1296720831303444,37.5,12.0,120000.0,20000.0,7.0,1.0,0.493,0
491.0,1450,0.9470468431771893,1.1053122878479293,25.0,12.0,120000.0,20000.0,4.0,2.0,0.502,0,0.0,1.0,9.773482916666666,0.935594838421866,1.1296720831303444,37.5,12.0,120000.0,20000.0,5.0,2.0,0.493,0
475.0,588,0.9473684210526316,1.0789473684210527,100.0,25.0,400000.0,20000.0,9.0,1.0,0.533,0,0.0,1.0,9.5814498,0.9354819052551571,1.129535723415165,87.5,25.0,400000.0,20000.0,8.0,1.0,0.492,0
487.0,1883,0.944558521560575,1.1079739904175223,0.0,12.0,120000.0,0.0,0.0,1.0,0.509,2,0.21643593907356262,1.0,9.586316666666665,0.9337349397590362,1.1337014725568941,0.0,12.0,120000.0,0.0,0.0,1.0,0.493,0
498.0,1904,0.9337349397590362,1.1337014725568941,0.0,12.0,120000.0,0.0,0.0,1.0,0.493,1,0.0,1.0,-4.955350000000001,0.9337349397590362,1.1337014725568941,0.0,12.0,120000.0,0.0,0.0,1.0,0.493,1
498.0,2346,0.9337349397590362,1.1337014725568941,0.0,12.0,120000.0,0.0,0.0,0.0,0.493,3,0.0,1.0,-4.955350000000001,0.9337349397590362,1.1337014725568941,0.0,12.0,120000.0,0.0,0.0,0.0,0.493,1
215.0,491,0.7674418604651163,0.6928294573643411,75.0,25.0,400000.0,20000.0,7.0,1.0,0.839,1,0.599675714969635,1.0,-3.9019,0.9318450345314717,1.1376692289866757,100.0,25.0,400000.0,20000.0,9.0,1.0,0.492,1
493.0,991,0.9432048681541582,1.119844489519946,12.5,12.0,120000.0,20000.0,5.0,1.0,0.499,0,0.0,1.0,9.773432916666666,0.9318450345314717,1.1376692289866757,37.5,12.0,120000.0,20000.0,7.0,1.0,0.492,0
493.0,1451,0.9432048681541582,1.119844489519946,25.0,12.0,120000.0,20000.0,4.0,2.0,0.499,0,0.0,1.0,9.773432916666666,0.9318450345314717,1.1376692289866757,37.5,12.0,120000.0,20000.0,5.0,2.0,0.492,0
488.0,1899,0.9426229508196722,1.1121072404371586,0.0,12.0,120000.0,0.0,0.0,1.0,0.506,2,0.21643593907356262,1.0,9.544599999999999,0.9299999999999999,1.1354166666666667,0.0,12.0,120000.0,0.0,0.0,1.0,0.492,0
500.0,1905,0.9299999999999999,1.1354166666666667,0.0,12.0,120000.0,0.0,0.0,1.0,0.492,2,0.0,1.0,-4.955400000000001,0.9299999999999999,1.1354166666666667,0.0,12.0,120000.0,0.0,0.0,1.0,0.492,1
477.0,590,0.9433962264150944,1.0809748427672956,100.0,25.0,400000.0,20000.0,10.0,1.0,0.529,0,0.0,1.0,9.5613498,0.9298697996306557,1.1352577078824089,87.5,25.0,400000.0,20000.0,8.0,1.0,0.49,0
496.0,2345,0.9375,1.1256720430107525,0.0,12.0,120000.0,0.0,0.0,0.0,0.494,2,1.0,1.0,9.836216666666665,0.9281437125748504,1.1456254158349968,0.0,12.0,120000.0,0.0,0.0,0.0,0.491,0
501.0,191,0.9281437125748504,1.1456254158349968,0.0,8.0,80000.0,0.0,0.0,1.0,0.491,2,0.0,1.0,-4.955450000000001,0.9281437125748504,1.1456254158349968,0.0,8.0,80000.0,0.0,0.0,1.0,0.491,1
476.0,2335,0.9453781512605042,1.0832457983193278,0.0,12.0,120000.0,0.0,0.0,0.0,0.531,2,1.0,1.0,-3.95545,0.9281251685969308,1.1456025266507814,0.0,12.0,120000.0,0.0,0.0,0.0,0.491,1
495.0,992,0.9393939393939393,1.127946127946128,25.0,12.0,120000.0,20000.0,6.0,1.0,0.496,0,0.0,1.0,9.773382916666666,0.9281251685969308,1.1456025266507814,37.5,12.0,120000.0,20000.0,7.0,1.0,0.491,0
495.0,1452,0.9393939393939393,1.127946127946128,37.5,12.0,120000.0,20000.0,5.0,2.0,0.496,0,0.0,1.0,9.773382916666666,0.9281251685969308,1.1456025266507814,37.5,12.0,120000.0,20000.0,5.0,2.0,0.491,0
478.0,589,0.9414225941422595,1.0917887029288702,100.0,25.0,400000.0,20000.0,10.0,1.0,0.527,1,0.0,1.0,9.6613998,0.9280140314124966,1.1454653479128263,87.5,25.0,400000.0,20000.0,8.0,1.0,0.491,0
502.0,2348,0.9262948207171315,1.1433432934926957,0.0,12.0,120000.0,0.0,0.0,0.0,0.491,2,0.0,1.0,-4.955500000000001,0.9262948207171315,1.1433432934926957,0.0,12.0,120000.0,0.0,0.0,0.0,0.49,1
482.0,1896,0.9336099585062241,1.0870504840940525,0.0,12.0,120000.0,0.0,0.0,1.0,0.519,2,0.4529862105846405,1.0,-3.8305,0.9244532803180914,1.1410702451954937,0.0,12.0,120000.0,0.0,0.0,1.0,0.49,1
478.0,2336,0.9414225941422595,1.0917887029288702,0.0,12.0,120000.0,0.0,0.0,0.0,0.527,2,1.0,1.0,-3.9556,0.9244348835125568,1.1410475376689488,0.0,12.0,120000.0,0.0,0.0,0.0,0.488,1
227.0,495,0.7268722466960352,0.7112701908957416,62.5,25.0,400000.0,20000.0,6.0,1.0,0.822,1,1.0,1.0,-3.9146,0.9244348835125568,1.1410475376689488,87.5,25.0,400000.0,20000.0,8.0,1.0,0.488,1
497.0,993,0.9356136820925552,1.1296948356807512,37.5,12.0,120000.0,20000.0,7.0,1.0,0.494,0,0.0,1.0,9.773482916666666,0.9244348835125568,1.1410475376689488,25.0,12.0,120000.0,20000.0,6.0,1.0,0.488,0
497.0,1453,0.9356136820925552,1.1296948356807512,37.5,12.0,120000.0,20000.0,5.0,2.0,0.494,0,0.0,1.0,9.773232916666666,0.9244348835125568,1.1410475376689488,37.5,12.0,120000.0,20000.0,5.0,2.0,0.488,0
480.0,591,0.9375,1.0915798611111112,100.0,25.0,400000.0,20000.0,11.0,1.0,0.522,1,1.0,1.0,9.6614998,0.9243246282957714,1.1409114475604167,75.0,25.0,400000.0,20000.0,7.0,1.0,0.488,0
504.0,2349,0.9226190476190477,1.138806216931217,0.0,12.0,120000.0,0.0,0.0,0.0,0.488,3,0.0,1.0,-4.95565,0.9226190476190477,1.138806216931217,0.0,12.0,120000.0,0.0,0.0,0.0,0.487,1
499.0,994,0.9318637274549099,1.1376920507682031,37.5,12.0,120000.0,20000.0,7.0,1.0,0.493,0,0.0,1.0,9.773332916666666,0.9207738278296702,1.1468419540172414,25.0,12.0,120000.0,20000.0,6.0,2.0,0.485,0
499.0,1454,0.9318637274549099,1.1376920507682031,37.5,12.0,120000.0,20000.0,5.0,2.0,0.493,0,0.0,1.0,9.773082916666667,0.9207738278296702,1.1468419540172414,37.5,12.0,120000.0,20000.0,5.0,2.0,0.485,0
483.0,592,0.9316770186335404,1.084799861973775,100.0,25.0,400000.0,20000.0,10.0,1.0,0.517,1,0.0,1.0,9.6809498,0.9206279886628523,1.1466603084600042,75.0,25.0,400000.0,20000.0,7.0,1.0,0.485,0
502.0,1906,0.9262948207171315,1.1433432934926957,0.0,12.0,120000.0,0.0,0.0,1.0,0.491,1,0.5215163826942444,1.0,9.877383333333334,0.9189723320158103,1.150774044795784,0.0,12.0,120000.0,0.0,0.0,1.0,0.486,0
413.0,144,1.0169491525423728,1.0618442292171109,0.0,8.0,80000.0,0.0,0.0,1.0,0.617,2,0.01801491528749466,1.0,-3.9558,0.9183491915561406,1.149993723297228,0.0,8.0,80000.0,0.0,0.0,2.0,0.484,1
494.0,2344,0.9412955465587045,1.1239035087719298,0.0,12.0,120000.0,0.0,0.0,0.0,0.498,2,1.0,1.0,-3.498033750000001,0.9171416556450237,1.1484815983547674,0.0,12.0,120000.0,0.0,0.0,0.0,0.481,1
501.0,995,0.9281437125748504,1.1456254158349968,37.5,12.0,120000.0,20000.0,7.0,1.0,0.491,0,0.0,1.0,9.773132916666667,0.9171416556450237,1.1484815983547674,25.0,12.0,120000.0,20000.0,7.0,2.0,0.481,0
501.0,1455,0.9281437125748504,1.1456254158349968,37.5,12.0,120000.0,20000.0,5.0,2.0,0.491,0,0.0,1.0,9.773132916666667,0.9171416556450237,1.1484815983547674,25.0,12.0,120000.0,20000.0,4.0,2.0,0.481,0
504.0,1907,0.9226190476190477,1.138806216931217,0.0,12.0,120000.0,0.0,0.0,1.0,0.488,1,0.5215163826942444,1.0,9.877383333333334,0.9153543307086615,1.1523950131233596,0.0,12.0,120000.0,0.0,0.0,1.0,0.481,0
