time,task_id,s0,s1,s2,s3,s4,s5,s6,s7,action_offload,action_prb,action_prob,reward,s_next0,s_next1,s_next2,s_next3,s_next4,s_next5,s_next6,s_next7,done
41.0,7021,0.0,0.0,12.5,12.0,120000.0,20000.0,2.0,5.0,3,3,0.022727272727272728,-5.0,0.0,0.0,12.5,12.0,120000.0,20000.0,2.0,5.0,1
41.0,7920,0.0,0.0,0.0,12.0,120000.0,20000.0,1.0,5.0,2,8,0.022727272727272728,-4.84,0.0,0.0,0.0,12.0,120000.0,20000.0,1.0,5.0,1
40.0,1350,0.0,0.0,0.0,8.0,80000.0,0.0,0.0,6.0,1,9,0.022727272727272728,-5.105833333333333,0.0,0.07381889763779527,0.0,8.0,80000.0,0.0,0.0,6.0,1
37.0,5220,0.0,0.0,0.0,12.0,120000.0,20000.0,1.0,6.0,0,0,0.022727272727272728,0.7895000000000001,0.0,0.07267441860465117,25.0,12.0,120000.0,20000.0,3.0,7.0,0
43.0,4860,0.0,0.07267441860465117,0.0,25.0,400000.0,0.0,0.0,6.0,3,9,0.022727272727272728,-4.92,0.0,0.07267441860465117,0.0,25.0,400000.0,0.0,0.0,6.0,1
43.0,5671,0.0,0.07267441860465117,0.0,12.0,120000.0,20000.0,1.0,2.0,3,5,0.022727272727272728,-4.859999999999999,0.0,0.07267441860465117,0.0,12.0,120000.0,20000.0,1.0,2.0,1
43.0,7022,0.0,0.07267441860465117,12.5,12.0,120000.0,20000.0,2.0,5.0,3,5,0.022727272727272728,-4.859999999999999,0.0,0.07267441860465117,12.5,12.0,120000.0,20000.0,2.0,5.0,1
43.0,7470,0.0,0.07267441860465117,0.0,12.0,120000.0,20000.0,1.0,2.0,3,7,0.022727272727272728,-4.859999999999999,0.0,0.07267441860465117,0.0,12.0,120000.0,20000.0,1.0,2.0,1
43.0,7921,0.0,0.07267441860465117,0.0,12.0,120000.0,20000.0,1.0,5.0,1,10,0.022727272727272728,-4.859999999999999,0.0,0.07267441860465117,0.0,12.0,120000.0,20000.0,1.0,5.0,1
44.0,11970,0.0,0.07102272727272728,0.0,12.0,120000.0,0.0,0.0,0.0,2,6,0.022727272727272728,-4.82,0.0,0.07102272727272728,0.0,12.0,120000.0,0.0,0.0,0.0,1
41.0,5670,0.0,0.0,0.0,12.0,120000.0,20000.0,1.0,2.0,2,8,0.022727272727272728,-4.945,0.0,0.07102272727272728,0.0,12.0,120000.0,20000.0,1.0,2.0,1
42.0,1351,0.0,0.0744047619047619,0.0,8.0,80000.0,0.0,0.0,6.0,3,2,0.022727272727272728,-5.108333958333333,0.1864558055364397,0.06992092707616487,0.0,8.0,80000.0,0.0,0.0,6.0,1
43.0,5223,0.0,0.07267441860465117,25.0,12.0,120000.0,20000.0,3.0,7.0,3,3,0.022727272727272728,-5.021667083333333,0.18534989946250752,0.06950621229844034,25.0,12.0,120000.0,20000.0,3.0,6.0,1
39.0,7020,0.0,0.0,0.0,12.0,120000.0,20000.0,1.0,5.0,0,0,0.022727272727272728,0.81,0.1851851851851852,0.1388888888888889,0.0,12.0,120000.0,20000.0,1.0,5.0,0
45.0,5672,0.1851851851851852,0.1388888888888889,0.0,12.0,120000.0,20000.0,1.0,2.0,2,6,0.022727272727272728,-4.82,0.1851851851851852,0.1388888888888889,0.0,12.0,120000.0,20000.0,1.0,2.0,1
45.0,7023,0.1851851851851852,0.1388888888888889,0.0,12.0,120000.0,20000.0,1.0,5.0,2,6,0.022727272727272728,-4.82,0.1851851851851852,0.1388888888888889,0.0,12.0,120000.0,20000.0,1.0,5.0,1
45.0,7471,0.1851851851851852,0.1388888888888889,0.0,12.0,120000.0,20000.0,1.0,2.0,2,4,0.022727272727272728,-4.82,0.1851851851851852,0.1388888888888889,0.0,12.0,120000.0,20000.0,1.0,2.0,1
45.0,7922,0.1851851851851852,0.1388888888888889,0.0,12.0,120000.0,20000.0,1.0,5.0,2,4,0.022727272727272728,-4.82,0.1851851851851852,0.1388888888888889,0.0,12.0,120000.0,20000.0,1.0,5.0,1
39.0,5221,0.0,0.0,12.5,12.0,120000.0,20000.0,2.0,6.0,0,0,0.022727272727272728,0.9293329166666666,0.18514400093075592,0.13885800069806695,12.5,12.0,120000.0,20000.0,2.0,6.0,0
46.0,4141,0.18115942028985507,0.1358695652173913,0.0,25.0,400000.0,0.0,0.0,0.0,2,4,0.022727272727272728,-4.859999999999999,0.18115942028985507,0.1358695652173913,0.0,25.0,400000.0,0.0,0.0,0.0,1
46.0,4861,0.18115942028985507,0.1358695652173913,0.0,25.0,400000.0,0.0,0.0,6.0,1,8,0.022727272727272728,-4.859999999999999,0.18115942028985507,0.1358695652173913,0.0,25.0,400000.0,0.0,0.0,6.0,1
46.0,8821,0.18115942028985507,0.1358695652173913,0.0,12.0,120000.0,0.0,0.0,2.0,1,8,0.022727272727272728,-4.859999999999999,0.18115942028985507,0.1358695652173913,0.0,12.0,120000.0,0.0,0.0,2.0,1
46.0,11971,0.18115942028985507,0.1358695652173913,0.0,12.0,120000.0,0.0,0.0,1.0,2,4,0.022727272727272728,-4.859999999999999,0.18115942028985507,0.1358695652173913,0.0,12.0,120000.0,0.0,0.0,1.0,1
47.0,5225,0.1773049645390071,0.13297872340425532,12.5,12.0,120000.0,20000.0,2.0,6.0,2,4,0.022727272727272728,-4.859999999999999,0.1773049645390071,0.13297872340425532,12.5,12.0,120000.0,20000.0,2.0,6.0,1
47.0,7024,0.1773049645390071,0.13297872340425532,0.0,12.0,120000.0,20000.0,1.0,5.0,3,3,0.022727272727272728,-4.88,0.1773049645390071,0.13297872340425532,0.0,12.0,120000.0,20000.0,1.0,5.0,1
47.0,7923,0.1773049645390071,0.13297872340425532,0.0,12.0,120000.0,20000.0,1.0,5.0,1,4,0.022727272727272728,-4.8,0.1773049645390071,0.13297872340425532,0.0,12.0,120000.0,20000.0,1.0,5.0,1
44.0,8820,0.0,0.07102272727272728,0.0,12.0,120000.0,0.0,0.0,2.0,2,6,0.022727272727272728,-4.925,0.1773049645390071,0.13297872340425532,0.0,12.0,120000.0,0.0,0.0,2.0,1
41.0,5222,0.0,0.0,25.0,12.0,120000.0,20000.0,3.0,6.0,0,0,0.022727272727272728,0.9495829166666665,0.17726721039483576,0.13295040779612682,0.0,12.0,120000.0,20000.0,1.0,6.0,0
48.0,1354,0.1736111111111111,0.13020833333333331,0.0,8.0,80000.0,0.0,0.0,6.0,1,5,0.022727272727272728,-4.88,0.1736111111111111,0.13020833333333331,0.0,8.0,80000.0,0.0,0.0,6.0,1
48.0,8822,0.1736111111111111,0.13020833333333331,0.0,12.0,120000.0,0.0,0.0,2.0,2,5,0.022727272727272728,-4.88,0.1736111111111111,0.13020833333333331,0.0,12.0,120000.0,0.0,0.0,2.0,1
48.0,11972,0.1736111111111111,0.13020833333333331,0.0,12.0,120000.0,0.0,0.0,1.0,1,5,0.022727272727272728,-4.88,0.1736111111111111,0.13020833333333331,0.0,12.0,120000.0,0.0,0.0,1.0,1
45.0,5224,0.1851851851851852,0.1388888888888889,25.0,12.0,120000.0,20000.0,3.0,6.0,1,6,0.022727272727272728,-5.005,0.1736111111111111,0.13020833333333331,0.0,12.0,120000.0,20000.0,1.0,6.0,1
47.0,5673,0.1773049645390071,0.13297872340425532,0.0,12.0,120000.0,20000.0,1.0,2.0,3,3,0.022727272727272728,0.9566666666666667,0.3401360544217687,0.17006802721088435,0.0,12.0,120000.0,20000.0,1.0,2.0,0
49.0,4142,0.3401360544217687,0.17006802721088435,0.0,25.0,400000.0,0.0,0.0,0.0,3,4,0.022727272727272728,-4.96,0.3401360544217687,0.17006802721088435,0.0,25.0,400000.0,0.0,0.0,0.0,1
49.0,4862,0.3401360544217687,0.17006802721088435,0.0,25.0,400000.0,0.0,0.0,5.0,3,4,0.022727272727272728,-4.96,0.3401360544217687,0.17006802721088435,0.0,25.0,400000.0,0.0,0.0,5.0,1
49.0,5226,0.3401360544217687,0.17006802721088435,0.0,12.0,120000.0,20000.0,1.0,6.0,3,3,0.022727272727272728,-4.96,0.3401360544217687,0.17006802721088435,0.0,12.0,120000.0,20000.0,1.0,6.0,1
49.0,5674,0.3401360544217687,0.17006802721088435,0.0,12.0,120000.0,20000.0,1.0,2.0,3,3,0.022727272727272728,-4.96,0.3401360544217687,0.17006802721088435,0.0,12.0,120000.0,20000.0,1.0,2.0,1
49.0,7473,0.3401360544217687,0.17006802721088435,12.5,12.0,120000.0,20000.0,2.0,2.0,2,10,0.022727272727272728,-4.84,0.3401360544217687,0.17006802721088435,12.5,12.0,120000.0,20000.0,2.0,2.0,1
49.0,7924,0.3401360544217687,0.17006802721088435,0.0,12.0,120000.0,20000.0,1.0,5.0,2,10,0.022727272727272728,-4.84,0.3401360544217687,0.17006802721088435,0.0,12.0,120000.0,20000.0,1.0,5.0,1
44.0,1352,0.0,0.07102272727272728,0.0,8.0,80000.0,0.0,0.0,6.0,3,1,0.022727272727272728,0.665,0.33333333333333337,0.16666666666666669,0.0,8.0,80000.0,0.0,0.0,6.0,0
50.0,1355,0.33333333333333337,0.16666666666666669,0.0,8.0,80000.0,0.0,0.0,6.0,2,10,0.022727272727272728,-4.859999999999999,0.33333333333333337,0.16666666666666669,0.0,8.0,80000.0,0.0,0.0,6.0,1
50.0,8823,0.33333333333333337,0.16666666666666669,0.0,12.0,120000.0,0.0,0.0,2.0,2,10,0.022727272727272728,-4.859999999999999,0.33333333333333337,0.16666666666666669,0.0,12.0,120000.0,0.0,0.0,2.0,1
50.0,11973,0.33333333333333337,0.16666666666666669,0.0,12.0,120000.0,0.0,0.0,1.0,2,10,0.022727272727272728,-4.859999999999999,0.33333333333333337,0.16666666666666669,0.0,12.0,120000.0,0.0,0.0,1.0,1
46.0,1353,0.18115942028985507,0.1358695652173913,0.0,8.0,80000.0,0.0,0.0,6.0,2,4,0.022727272727272728,-5.130833333333333,0.33112582781456956,0.16556291390728478,0.0,8.0,80000.0,0.0,0.0,6.0,1
51.0,2251,0.32679738562091504,0.16339869281045752,0.0,8.0,80000.0,0.0,0.0,5.0,2,10,0.022727272727272728,-4.96,0.32679738562091504,0.16339869281045752,0.0,8.0,80000.0,0.0,0.0,5.0,1
51.0,5227,0.32679738562091504,0.16339869281045752,0.0,12.0,120000.0,20000.0,1.0,6.0,3,8,0.022727272727272728,-4.8,0.32679738562091504,0.16339869281045752,0.0,12.0,120000.0,20000.0,1.0,6.0,1
51.0,5675,0.32679738562091504,0.16339869281045752,0.0,12.0,120000.0,20000.0,1.0,2.0,2,1,0.022727272727272728,-4.8,0.32679738562091504,0.16339869281045752,0.0,12.0,120000.0,20000.0,1.0,2.0,1
51.0,7026,0.32679738562091504,0.16339869281045752,12.5,12.0,120000.0,20000.0,2.0,4.0,2,1,0.022727272727272728,-4.8,0.32679738562091504,0.16339869281045752,12.5,12.0,120000.0,20000.0,2.0,4.0,1
51.0,7474,0.32679738562091504,0.16339869281045752,12.5,12.0,120000.0,20000.0,2.0,2.0,2,9,0.022727272727272728,-4.8,0.32679738562091504,0.16339869281045752,12.5,12.0,120000.0,20000.0,2.0,2.0,1
51.0,7925,0.32679738562091504,0.16339869281045752,0.0,12.0,120000.0,20000.0,1.0,5.0,2,9,0.022727272727272728,-4.8,0.32679738562091504,0.16339869281045752,0.0,12.0,120000.0,20000.0,1.0,5.0,1
52.0,1356,0.3205128205128205,0.16025641025641024,0.0,8.0,80000.0,0.0,0.0,6.0,2,1,0.022727272727272728,-4.8,0.3205128205128205,0.16025641025641024,0.0,8.0,80000.0,0.0,0.0,6.0,1
52.0,4143,0.3205128205128205,0.16025641025641024,0.0,25.0,400000.0,0.0,0.0,0.0,2,1,0.022727272727272728,-4.8,0.3205128205128205,0.16025641025641024,0.0,25.0,400000.0,0.0,0.0,0.0,1
52.0,4863,0.3205128205128205,0.16025641025641024,0.0,25.0,400000.0,0.0,0.0,5.0,3,9,0.022727272727272728,-4.8,0.3205128205128205,0.16025641025641024,0.0,25.0,400000.0,0.0,0.0,5.0,1
52.0,8824,0.3205128205128205,0.16025641025641024,0.0,12.0,120000.0,0.0,0.0,2.0,3,9,0.022727272727272728,-4.8,0.3205128205128205,0.16025641025641024,0.0,12.0,120000.0,0.0,0.0,2.0,1
52.0,11974,0.3205128205128205,0.16025641025641024,0.0,12.0,120000.0,0.0,0.0,1.0,3,2,0.022727272727272728,-4.8,0.3205128205128205,0.16025641025641024,0.0,12.0,120000.0,0.0,0.0,1.0,1
49.0,2250,0.3401360544217687,0.17006802721088435,0.0,8.0,80000.0,0.0,0.0,5.0,1,5,0.022727272727272728,-5.008333333333333,0.3184713375796179,0.15923566878980894,0.0,8.0,80000.0,0.0,0.0,5.0,1
47.0,7472,0.1773049645390071,0.13297872340425532,0.0,12.0,120000.0,20000.0,1.0,2.0,1,4,0.022727272727272728,0.95,0.3144654088050315,0.15723270440251574,0.0,12.0,120000.0,20000.0,2.0,2.0,0
53.0,2252,0.3144654088050315,0.15723270440251574,0.0,8.0,80000.0,0.0,0.0,5.0,2,4,0.022727272727272728,-4.8,0.3144654088050315,0.15723270440251574,0.0,8.0,80000.0,0.0,0.0,5.0,1
53.0,3420,0.3144654088050315,0.15723270440251574,0.0,25.0,400000.0,20000.0,1.0,2.0,2,4,0.022727272727272728,-4.8,0.3144654088050315,0.15723270440251574,0.0,25.0,400000.0,20000.0,1.0,2.0,1
53.0,5228,0.3144654088050315,0.15723270440251574,0.0,12.0,120000.0,20000.0,1.0,6.0,2,3,0.022727272727272728,-4.8,0.3144654088050315,0.15723270440251574,0.0,12.0,120000.0,20000.0,1.0,6.0,1
53.0,5676,0.3144654088050315,0.15723270440251574,0.0,12.0,120000.0,20000.0,1.0,2.0,2,3,0.022727272727272728,-4.8,0.3144654088050315,0.15723270440251574,0.0,12.0,120000.0,20000.0,1.0,2.0,1
53.0,7027,0.3144654088050315,0.15723270440251574,12.5,12.0,120000.0,20000.0,2.0,4.0,1,7,0.022727272727272728,-4.8,0.3144654088050315,0.15723270440251574,12.5,12.0,120000.0,20000.0,2.0,4.0,1
53.0,7926,0.3144654088050315,0.15723270440251574,0.0,12.0,120000.0,20000.0,1.0,5.0,1,10,0.022727272727272728,-4.8,0.3144654088050315,0.15723270440251574,0.0,12.0,120000.0,20000.0,1.0,5.0,1
54.0,1357,0.30864197530864196,0.15432098765432098,0.0,8.0,80000.0,0.0,0.0,6.0,1,10,0.022727272727272728,-4.8,0.30864197530864196,0.15432098765432098,0.0,8.0,80000.0,0.0,0.0,6.0,1
54.0,8825,0.30864197530864196,0.15432098765432098,0.0,12.0,120000.0,0.0,0.0,2.0,1,5,0.022727272727272728,-4.8,0.30864197530864196,0.15432098765432098,0.0,12.0,120000.0,0.0,0.0,2.0,1
54.0,11975,0.30864197530864196,0.15432098765432098,0.0,12.0,120000.0,0.0,0.0,1.0,1,5,0.022727272727272728,-4.8,0.30864197530864196,0.15432098765432098,0.0,12.0,120000.0,0.0,0.0,1.0,1
49.0,7025,0.3401360544217687,0.17006802721088435,0.0,12.0,120000.0,20000.0,1.0,4.0,0,0,0.022727272727272728,0.79,0.30303030303030304,0.15151515151515152,0.0,12.0,120000.0,20000.0,2.0,4.0,0
55.0,4144,0.30303030303030304,0.15151515151515152,0.0,25.0,400000.0,0.0,0.0,0.0,3,5,0.022727272727272728,-4.96,0.30303030303030304,0.15151515151515152,0.0,25.0,400000.0,0.0,0.0,0.0,1
55.0,4864,0.30303030303030304,0.15151515151515152,0.0,25.0,400000.0,0.0,0.0,5.0,1,10,0.022727272727272728,-4.859999999999999,0.30303030303030304,0.15151515151515152,0.0,25.0,400000.0,0.0,0.0,5.0,1
55.0,5229,0.30303030303030304,0.15151515151515152,0.0,12.0,120000.0,20000.0,1.0,6.0,1,10,0.022727272727272728,-4.859999999999999,0.30303030303030304,0.15151515151515152,0.0,12.0,120000.0,20000.0,2.0,6.0,1
55.0,5677,0.30303030303030304,0.15151515151515152,0.0,12.0,120000.0,20000.0,1.0,2.0,1,10,0.022727272727272728,-4.859999999999999,0.30303030303030304,0.15151515151515152,0.0,12.0,120000.0,20000.0,1.0,2.0,1
55.0,7028,0.30303030303030304,0.15151515151515152,0.0,12.0,120000.0,20000.0,2.0,4.0,1,10,0.022727272727272728,-4.859999999999999,0.30303030303030304,0.15151515151515152,0.0,12.0,120000.0,20000.0,2.0,4.0,1
55.0,7927,0.30303030303030304,0.15151515151515152,0.0,12.0,120000.0,20000.0,1.0,4.0,3,2,0.022727272727272728,-4.92,0.30303030303030304,0.15151515151515152,0.0,12.0,120000.0,20000.0,1.0,4.0,1
55.0,11520,0.30303030303030304,0.15151515151515152,0.0,12.0,120000.0,0.0,0.0,2.0,1,9,0.022727272727272728,-4.82,0.30303030303030304,0.15151515151515152,0.0,12.0,120000.0,0.0,0.0,2.0,1
56.0,1358,0.5952380952380952,0.1488095238095238,0.0,8.0,80000.0,0.0,0.0,6.0,1,9,0.022727272727272728,-4.92,0.5952380952380952,0.1488095238095238,0.0,8.0,80000.0,0.0,0.0,6.0,1
56.0,3421,0.5952380952380952,0.1488095238095238,0.0,25.0,400000.0,20000.0,2.0,2.0,2,9,0.022727272727272728,-4.92,0.5952380952380952,0.1488095238095238,0.0,25.0,400000.0,20000.0,2.0,2.0,1
56.0,11976,0.5952380952380952,0.1488095238095238,0.0,12.0,120000.0,0.0,0.0,1.0,1,4,0.022727272727272728,-4.84,0.5952380952380952,0.1488095238095238,0.0,12.0,120000.0,0.0,0.0,1.0,1
57.0,3784,0.5847953216374269,0.14619883040935672,37.5,25.0,400000.0,20000.0,4.0,2.0,3,3,0.022727272727272728,-4.9,0.5847953216374269,0.14619883040935672,37.5,25.0,400000.0,20000.0,4.0,2.0,1
57.0,5230,0.5847953216374269,0.14619883040935672,0.0,12.0,120000.0,20000.0,2.0,6.0,2,3,0.022727272727272728,-4.82,0.5847953216374269,0.14619883040935672,0.0,12.0,120000.0,20000.0,2.0,6.0,1
57.0,5678,0.5847953216374269,0.14619883040935672,0.0,12.0,120000.0,20000.0,1.0,2.0,2,3,0.022727272727272728,-4.82,0.5847953216374269,0.14619883040935672,0.0,12.0,120000.0,20000.0,1.0,2.0,1
57.0,7029,0.5847953216374269,0.14619883040935672,0.0,12.0,120000.0,20000.0,2.0,4.0,2,8,0.022727272727272728,-4.82,0.5847953216374269,0.14619883040935672,0.0,12.0,120000.0,20000.0,2.0,4.0,1
57.0,7477,0.5847953216374269,0.14619883040935672,12.5,12.0,120000.0,20000.0,2.0,3.0,2,8,0.022727272727272728,-4.82,0.5847953216374269,0.14619883040935672,12.5,12.0,120000.0,20000.0,2.0,3.0,1
57.0,9270,0.5847953216374269,0.14619883040935672,0.0,12.0,120000.0,0.0,0.0,7.0,1,8,0.022727272727272728,-4.82,0.5847953216374269,0.14619883040935672,0.0,12.0,120000.0,0.0,0.0,7.0,1
57.0,11521,0.5847953216374269,0.14619883040935672,0.0,12.0,120000.0,0.0,0.0,2.0,2,6,0.022727272727272728,-4.82,0.5847953216374269,0.14619883040935672,0.0,12.0,120000.0,0.0,0.0,2.0,1
55.0,2253,0.30303030303030304,0.15151515151515152,0.0,8.0,80000.0,0.0,0.0,5.0,1,5,0.022727272727272728,-4.965833333333333,0.6686046511627907,0.14534883720930233,0.0,8.0,80000.0,0.0,0.0,5.0,1
51.0,3782,0.32679738562091504,0.16339869281045752,25.0,25.0,400000.0,20000.0,3.0,2.0,3,8,0.022727272727272728,-5.036533533333333,0.6629005079143692,0.14410880606834112,37.5,25.0,400000.0,20000.0,4.0,2.0,1
55.0,7476,0.30303030303030304,0.15151515151515152,12.5,12.0,120000.0,20000.0,2.0,3.0,3,2,0.022727272727272728,-5.02333375,0.6613755472666988,0.14377729288406496,12.5,12.0,120000.0,20000.0,2.0,3.0,1
58.0,1359,0.6609195402298851,0.14367816091954022,0.0,8.0,80000.0,0.0,0.0,6.0,2,6,0.022727272727272728,-4.859999999999999,0.6609195402298851,0.14367816091954022,0.0,8.0,80000.0,0.0,0.0,6.0,1
58.0,4145,0.6609195402298851,0.14367816091954022,0.0,25.0,400000.0,0.0,0.0,0.0,2,6,0.022727272727272728,-4.859999999999999,0.6609195402298851,0.14367816091954022,0.0,25.0,400000.0,0.0,0.0,0.0,1
58.0,4865,0.6609195402298851,0.14367816091954022,0.0,25.0,400000.0,0.0,0.0,5.0,2,6,0.022727272727272728,-4.859999999999999,0.6609195402298851,0.14367816091954022,0.0,25.0,400000.0,0.0,0.0,5.0,1
58.0,8827,0.6609195402298851,0.14367816091954022,0.0,12.0,120000.0,0.0,0.0,2.0,2,6,0.022727272727272728,-4.859999999999999,0.6609195402298851,0.14367816091954022,0.0,12.0,120000.0,0.0,0.0,2.0,1
58.0,9720,0.6609195402298851,0.14367816091954022,0.0,12.0,120000.0,0.0,0.0,2.0,2,6,0.022727272727272728,-4.859999999999999,0.6609195402298851,0.14367816091954022,0.0,12.0,120000.0,0.0,0.0,2.0,1
58.0,11977,0.6609195402298851,0.14367816091954022,0.0,12.0,120000.0,0.0,0.0,0.0,2,6,0.022727272727272728,-4.859999999999999,0.6609195402298851,0.14367816091954022,0.0,12.0,120000.0,0.0,0.0,0.0,1
59.0,5679,0.9322033898305085,0.14124293785310735,0.0,12.0,120000.0,20000.0,1.0,2.0,1,7,0.022727272727272728,-4.82,0.9322033898305085,0.14124293785310735,0.0,12.0,120000.0,20000.0,1.0,2.0,1
59.0,7030,0.9322033898305085,0.14124293785310735,0.0,12.0,120000.0,20000.0,2.0,5.0,1,7,0.022727272727272728,-4.82,0.9322033898305085,0.14124293785310735,0.0,12.0,120000.0,20000.0,2.0,5.0,1
59.0,7478,0.9322033898305085,0.14124293785310735,12.5,12.0,120000.0,20000.0,2.0,5.0,3,4,0.022727272727272728,-4.9399999999999995,0.9322033898305085,0.14124293785310735,12.5,12.0,120000.0,20000.0,2.0,5.0,1
59.0,7929,0.9322033898305085,0.14124293785310735,12.5,12.0,120000.0,20000.0,2.0,3.0,3,4,0.022727272727272728,-4.9399999999999995,0.9322033898305085,0.14124293785310735,12.5,12.0,120000.0,20000.0,2.0,3.0,1
59.0,9271,0.9322033898305085,0.14124293785310735,0.0,12.0,120000.0,0.0,0.0,7.0,3,4,0.022727272727272728,-4.9399999999999995,0.9322033898305085,0.14124293785310735,0.0,12.0,120000.0,0.0,0.0,7.0,1
59.0,10620,0.9322033898305085,0.14124293785310735,0.0,12.0,120000.0,0.0,0.0,5.0,3,4,0.022727272727272728,-4.9399999999999995,0.9322033898305085,0.14124293785310735,0.0,12.0,120000.0,0.0,0.0,5.0,1
59.0,11522,0.9322033898305085,0.14124293785310735,0.0,12.0,120000.0,0.0,0.0,2.0,1,9,0.022727272727272728,-4.82,0.9322033898305085,0.14124293785310735,0.0,12.0,120000.0,0.0,0.0,2.0,1
53.0,7475,0.3144654088050315,0.15723270440251574,0.0,12.0,120000.0,20000.0,1.0,2.0,1,7,0.022727272727272728,0.9295829166666666,0.9320452580841793,0.14121897849760293,0.0,12.0,120000.0,20000.0,1.0,5.0,0
60.0,1360,0.9166666666666666,0.1388888888888889,0.0,8.0,80000.0,0.0,0.0,6.0,1,9,0.022727272727272728,-4.88,0.9166666666666666,0.1388888888888889,0.0,8.0,80000.0,0.0,0.0,6.0,1
60.0,3785,0.9166666666666666,0.1388888888888889,37.5,25.0,400000.0,20000.0,4.0,1.0,2,10,0.022727272727272728,-4.88,0.9166666666666666,0.1388888888888889,37.5,25.0,400000.0,20000.0,4.0,1.0,1
60.0,8828,0.9166666666666666,0.1388888888888889,0.0,12.0,120000.0,0.0,0.0,2.0,2,10,0.022727272727272728,-4.88,0.9166666666666666,0.1388888888888889,0.0,12.0,120000.0,0.0,0.0,2.0,1
60.0,9721,0.9166666666666666,0.1388888888888889,0.0,12.0,120000.0,0.0,0.0,2.0,1,9,0.022727272727272728,-4.88,0.9166666666666666,0.1388888888888889,0.0,12.0,120000.0,0.0,0.0,2.0,1
60.0,11978,0.9166666666666666,0.1388888888888889,0.0,12.0,120000.0,0.0,0.0,0.0,3,9,0.022727272727272728,-5.0,0.9166666666666666,0.1388888888888889,0.0,12.0,120000.0,0.0,0.0,0.0,1
43.0,4140,0.0,0.07267441860465117,0.0,25.0,400000.0,0.0,0.0,0.0,3,2,0.022727272727272728,-5.356533533333334,0.9590090488257812,0.1370012926893973,0.0,25.0,400000.0,0.0,0.0,0.0,1
61.0,4146,0.9562841530054645,0.1707650273224044,0.0,25.0,400000.0,0.0,0.0,0.0,3,4,0.022727272727272728,-5.0,0.9562841530054645,0.1707650273224044,0.0,25.0,400000.0,0.0,0.0,0.0,1
61.0,4866,0.9562841530054645,0.1707650273224044,0.0,25.0,400000.0,0.0,0.0,5.0,3,4,0.022727272727272728,-5.0,0.9562841530054645,0.1707650273224044,0.0,25.0,400000.0,0.0,0.0,5.0,1
61.0,5232,0.9562841530054645,0.1707650273224044,12.5,12.0,120000.0,20000.0,3.0,7.0,1,10,0.022727272727272728,-4.84,0.9562841530054645,0.1707650273224044,12.5,12.0,120000.0,20000.0,3.0,7.0,1
61.0,7031,0.9562841530054645,0.1707650273224044,0.0,12.0,120000.0,20000.0,2.0,5.0,1,6,0.022727272727272728,-4.84,0.9562841530054645,0.1707650273224044,0.0,12.0,120000.0,20000.0,2.0,5.0,1
61.0,7479,0.9562841530054645,0.1707650273224044,0.0,12.0,120000.0,20000.0,2.0,5.0,1,6,0.022727272727272728,-4.84,0.9562841530054645,0.1707650273224044,0.0,12.0,120000.0,20000.0,2.0,5.0,1
61.0,7930,0.9562841530054645,0.1707650273224044,12.5,12.0,120000.0,20000.0,2.0,3.0,3,7,0.022727272727272728,-5.0,0.9562841530054645,0.1707650273224044,12.5,12.0,120000.0,20000.0,2.0,3.0,1
61.0,9272,0.9562841530054645,0.1707650273224044,0.0,12.0,120000.0,0.0,0.0,7.0,3,7,0.022727272727272728,-5.0,0.9562841530054645,0.1707650273224044,0.0,12.0,120000.0,0.0,0.0,7.0,1
61.0,10621,0.9562841530054645,0.1707650273224044,0.0,12.0,120000.0,0.0,0.0,4.0,3,9,0.022727272727272728,-5.0,0.9562841530054645,0.1707650273224044,0.0,12.0,120000.0,0.0,0.0,4.0,1
61.0,11523,0.9562841530054645,0.1707650273224044,0.0,12.0,120000.0,0.0,0.0,2.0,3,9,0.022727272727272728,-5.0,0.9562841530054645,0.1707650273224044,0.0,12.0,120000.0,0.0,0.0,2.0,1
57.0,2254,0.5847953216374269,0.14619883040935672,0.0,8.0,80000.0,0.0,0.0,5.0,3,3,0.022727272727272728,0.6875,0.9408602150537635,0.16801075268817206,0.0,8.0,80000.0,0.0,0.0,5.0,0
62.0,1361,0.9408602150537635,0.16801075268817206,0.0,8.0,80000.0,0.0,0.0,6.0,1,7,0.022727272727272728,-4.9,0.9408602150537635,0.16801075268817206,0.0,8.0,80000.0,0.0,0.0,6.0,1
62.0,3423,0.9408602150537635,0.16801075268817206,12.5,25.0,400000.0,20000.0,3.0,2.0,1,7,0.022727272727272728,-4.9,0.9408602150537635,0.16801075268817206,12.5,25.0,400000.0,20000.0,3.0,2.0,1
62.0,8829,0.9408602150537635,0.16801075268817206,0.0,12.0,120000.0,0.0,0.0,2.0,1,10,0.022727272727272728,-4.9,0.9408602150537635,0.16801075268817206,0.0,12.0,120000.0,0.0,0.0,2.0,1
62.0,9722,0.9408602150537635,0.16801075268817206,0.0,12.0,120000.0,0.0,0.0,2.0,1,10,0.022727272727272728,-4.9,0.9408602150537635,0.16801075268817206,0.0,12.0,120000.0,0.0,0.0,2.0,1
62.0,11979,0.9408602150537635,0.16801075268817206,0.0,12.0,120000.0,0.0,0.0,0.0,2,10,0.022727272727272728,-4.9,0.9408602150537635,0.16801075268817206,0.0,12.0,120000.0,0.0,0.0,0.0,1
59.0,2255,0.9322033898305085,0.14124293785310735,0.0,8.0,80000.0,0.0,0.0,5.0,2,6,0.022727272727272728,-5.108333333333333,0.9358288770053476,0.16711229946524062,0.0,8.0,80000.0,0.0,0.0,5.0,1
57.0,7928,0.5847953216374269,0.14619883040935672,0.0,12.0,120000.0,20000.0,1.0,4.0,1,8,0.022727272727272728,0.75,0.9259259259259258,0.16534391534391535,0.0,12.0,120000.0,20000.0,1.0,3.0,0
63.0,2257,0.9259259259259258,0.16534391534391535,0.0,8.0,80000.0,0.0,0.0,5.0,1,10,0.022727272727272728,-4.8,0.9259259259259258,0.16534391534391535,0.0,8.0,80000.0,0.0,0.0,5.0,1
63.0,3786,0.9259259259259258,0.16534391534391535,37.5,25.0,400000.0,20000.0,4.0,1.0,1,10,0.022727272727272728,-4.8,0.9259259259259258,0.16534391534391535,37.5,25.0,400000.0,20000.0,4.0,1.0,1
63.0,5233,0.9259259259259258,0.16534391534391535,12.5,12.0,120000.0,20000.0,3.0,7.0,2,10,0.022727272727272728,-4.8,0.9259259259259258,0.16534391534391535,12.5,12.0,120000.0,20000.0,3.0,7.0,1
63.0,5681,0.9259259259259258,0.16534391534391535,12.5,12.0,120000.0,20000.0,2.0,2.0,1,4,0.022727272727272728,-4.8,0.9259259259259258,0.16534391534391535,12.5,12.0,120000.0,20000.0,2.0,2.0,1
63.0,7032,0.9259259259259258,0.16534391534391535,0.0,12.0,120000.0,20000.0,2.0,5.0,1,4,0.022727272727272728,-4.8,0.9259259259259258,0.16534391534391535,0.0,12.0,120000.0,20000.0,2.0,5.0,1
63.0,7480,0.9259259259259258,0.16534391534391535,0.0,12.0,120000.0,20000.0,3.0,5.0,3,1,0.022727272727272728,-5.0,0.9259259259259258,0.16534391534391535,0.0,12.0,120000.0,20000.0,3.0,5.0,1
63.0,7931,0.9259259259259258,0.16534391534391535,0.0,12.0,120000.0,20000.0,1.0,3.0,3,1,0.022727272727272728,-5.0,0.9259259259259258,0.16534391534391535,0.0,12.0,120000.0,20000.0,1.0,3.0,1
63.0,9273,0.9259259259259258,0.16534391534391535,0.0,12.0,120000.0,0.0,0.0,7.0,3,1,0.022727272727272728,-5.0,0.9259259259259258,0.16534391534391535,0.0,12.0,120000.0,0.0,0.0,7.0,1
63.0,10622,0.9259259259259258,0.16534391534391535,0.0,12.0,120000.0,0.0,0.0,4.0,3,1,0.022727272727272728,-5.0,0.9259259259259258,0.16534391534391535,0.0,12.0,120000.0,0.0,0.0,4.0,1
63.0,11524,0.9259259259259258,0.16534391534391535,0.0,12.0,120000.0,0.0,0.0,2.0,3,1,0.022727272727272728,-5.0,0.9259259259259258,0.16534391534391535,0.0,12.0,120000.0,0.0,0.0,2.0,1
64.0,9723,0.9114583333333334,0.19531249999999997,0.0,12.0,120000.0,0.0,0.0,2.0,3,2,0.022727272727272728,-4.9399999999999995,0.9114583333333334,0.19531249999999997,0.0,12.0,120000.0,0.0,0.0,2.0,1
64.0,11980,0.9114583333333334,0.19531249999999997,0.0,12.0,120000.0,0.0,0.0,0.0,3,5,0.022727272727272728,-4.9399999999999995,0.9114583333333334,0.19531249999999997,0.0,12.0,120000.0,0.0,0.0,0.0,1
61.0,2256,0.9562841530054645,0.1707650273224044,0.0,8.0,80000.0,0.0,0.0,5.0,1,5,0.022727272727272728,-5.028958958333332,0.9065946889196465,0.19427029048278138,0.0,8.0,80000.0,0.0,0.0,5.0,1
59.0,5231,0.9322033898305085,0.14124293785310735,0.0,12.0,120000.0,20000.0,2.0,7.0,0,0,0.022727272727272728,0.89,0.8974358974358974,0.1923076923076923,0.0,12.0,120000.0,20000.0,2.0,7.0,0
45.0,3780,0.1851851851851852,0.1388888888888889,0.0,25.0,400000.0,20000.0,1.0,2.0,1,6,0.022727272727272728,0.7395,0.8974358974358974,0.1923076923076923,25.0,25.0,400000.0,20000.0,3.0,1.0,0
65.0,1801,0.8974358974358974,0.1923076923076923,0.0,8.0,80000.0,0.0,0.0,3.0,3,5,0.022727272727272728,-4.98,0.8974358974358974,0.1923076923076923,0.0,8.0,80000.0,0.0,0.0,3.0,1
65.0,2258,0.8974358974358974,0.1923076923076923,0.0,8.0,80000.0,0.0,0.0,5.0,3,4,0.022727272727272728,-4.98,0.8974358974358974,0.1923076923076923,0.0,8.0,80000.0,0.0,0.0,5.0,1
65.0,3424,0.8974358974358974,0.1923076923076923,12.5,25.0,400000.0,20000.0,3.0,2.0,3,4,0.022727272727272728,-4.98,0.8974358974358974,0.1923076923076923,12.5,25.0,400000.0,20000.0,3.0,2.0,1
65.0,4500,0.8974358974358974,0.1923076923076923,0.0,25.0,400000.0,20000.0,2.0,2.0,3,9,0.022727272727272728,-4.98,0.8974358974358974,0.1923076923076923,0.0,25.0,400000.0,20000.0,2.0,2.0,1
65.0,5234,0.8974358974358974,0.1923076923076923,0.0,12.0,120000.0,20000.0,2.0,7.0,3,9,0.022727272727272728,-4.98,0.8974358974358974,0.1923076923076923,0.0,12.0,120000.0,20000.0,2.0,7.0,1
65.0,9274,0.8974358974358974,0.1923076923076923,0.0,12.0,120000.0,0.0,0.0,7.0,2,10,0.022727272727272728,-4.84,0.8974358974358974,0.1923076923076923,0.0,12.0,120000.0,0.0,0.0,7.0,1
65.0,10623,0.8974358974358974,0.1923076923076923,0.0,12.0,120000.0,0.0,0.0,4.0,2,10,0.022727272727272728,-4.84,0.8974358974358974,0.1923076923076923,0.0,12.0,120000.0,0.0,0.0,4.0,1
65.0,11525,0.8974358974358974,0.1923076923076923,0.0,12.0,120000.0,0.0,0.0,2.0,3,4,0.022727272727272728,-4.98,0.8974358974358974,0.1923076923076923,0.0,12.0,120000.0,0.0,0.0,2.0,1
56.0,8826,0.5952380952380952,0.1488095238095238,0.0,12.0,120000.0,0.0,0.0,2.0,1,4,0.022727272727272728,-5.215,0.8974358974358974,0.1923076923076923,0.0,12.0,120000.0,0.0,0.0,2.0,1
63.0,1800,0.9259259259259258,0.16534391534391535,0.0,8.0,80000.0,0.0,0.0,3.0,2,10,0.022727272727272728,-4.9864589583333325,0.9692392538020834,0.19129722114514808,0.0,8.0,80000.0,0.0,0.0,3.0,1
66.0,1363,0.9595959595959596,0.1893939393939394,0.0,8.0,80000.0,0.0,0.0,6.0,3,4,0.022727272727272728,-4.98,0.9595959595959596,0.1893939393939394,0.0,8.0,80000.0,0.0,0.0,6.0,1
66.0,8831,0.9595959595959596,0.1893939393939394,0.0,12.0,120000.0,0.0,0.0,2.0,2,4,0.022727272727272728,-4.82,0.9595959595959596,0.1893939393939394,0.0,12.0,120000.0,0.0,0.0,2.0,1
66.0,9724,0.9595959595959596,0.1893939393939394,0.0,12.0,120000.0,0.0,0.0,2.0,2,5,0.022727272727272728,-4.82,0.9595959595959596,0.1893939393939394,0.0,12.0,120000.0,0.0,0.0,2.0,1
66.0,11981,0.9595959595959596,0.1893939393939394,0.0,12.0,120000.0,0.0,0.0,0.0,2,5,0.022727272727272728,-4.82,0.9595959595959596,0.1893939393939394,0.0,12.0,120000.0,0.0,0.0,0.0,1
64.0,8830,0.9114583333333334,0.19531249999999997,0.0,12.0,120000.0,0.0,0.0,2.0,3,2,0.022727272727272728,0.895,0.9452736318407959,0.1865671641791045,0.0,12.0,120000.0,0.0,0.0,3.0,0
61.0,5680,0.9562841530054645,0.1707650273224044,0.0,12.0,120000.0,20000.0,1.0,2.0,1,10,0.022727272727272728,0.88975,0.9452736318407959,0.1865671641791045,12.5,12.0,120000.0,20000.0,2.0,2.0,0
67.0,1802,0.9452736318407959,0.1865671641791045,0.0,8.0,80000.0,0.0,0.0,3.0,3,9,0.022727272727272728,-4.98,0.9452736318407959,0.1865671641791045,0.0,8.0,80000.0,0.0,0.0,3.0,1
67.0,2259,0.9452736318407959,0.1865671641791045,0.0,8.0,80000.0,0.0,0.0,5.0,3,9,0.022727272727272728,-4.98,0.9452736318407959,0.1865671641791045,0.0,8.0,80000.0,0.0,0.0,5.0,1
67.0,4868,0.9452736318407959,0.1865671641791045,0.0,25.0,400000.0,0.0,0.0,5.0,3,2,0.022727272727272728,-4.9399999999999995,0.9452736318407959,0.1865671641791045,0.0,25.0,400000.0,0.0,0.0,5.0,1
67.0,5235,0.9452736318407959,0.1865671641791045,0.0,12.0,120000.0,20000.0,2.0,7.0,3,10,0.022727272727272728,-4.9399999999999995,0.9452736318407959,0.1865671641791045,0.0,12.0,120000.0,20000.0,2.0,7.0,1
67.0,5683,0.9452736318407959,0.1865671641791045,12.5,12.0,120000.0,20000.0,2.0,2.0,3,10,0.022727272727272728,-4.9399999999999995,0.9452736318407959,0.1865671641791045,12.5,12.0,120000.0,20000.0,2.0,2.0,1
67.0,7034,0.9452736318407959,0.1865671641791045,12.5,12.0,120000.0,20000.0,3.0,5.0,3,3,0.022727272727272728,-4.9399999999999995,0.9452736318407959,0.1865671641791045,12.5,12.0,120000.0,20000.0,3.0,5.0,1
67.0,7482,0.9452736318407959,0.1865671641791045,0.0,12.0,120000.0,20000.0,3.0,4.0,3,3,0.022727272727272728,-4.9399999999999995,0.9452736318407959,0.1865671641791045,0.0,12.0,120000.0,20000.0,3.0,4.0,1
67.0,7933,0.9452736318407959,0.1865671641791045,12.5,12.0,120000.0,20000.0,2.0,3.0,2,5,0.022727272727272728,-4.82,0.9452736318407959,0.1865671641791045,12.5,12.0,120000.0,20000.0,2.0,3.0,1
67.0,9275,0.9452736318407959,0.1865671641791045,0.0,12.0,120000.0,0.0,0.0,7.0,2,5,0.022727272727272728,-4.82,0.9452736318407959,0.1865671641791045,0.0,12.0,120000.0,0.0,0.0,7.0,1
67.0,10624,0.9452736318407959,0.1865671641791045,0.0,12.0,120000.0,0.0,0.0,4.0,2,5,0.022727272727272728,-4.82,0.9452736318407959,0.1865671641791045,0.0,12.0,120000.0,0.0,0.0,4.0,1
67.0,11526,0.9452736318407959,0.1865671641791045,0.0,12.0,120000.0,0.0,0.0,2.0,2,5,0.022727272727272728,-4.82,0.9452736318407959,0.1865671641791045,0.0,12.0,120000.0,0.0,0.0,2.0,1
67.0,12420,0.9452736318407959,0.1865671641791045,0.0,12.0,120000.0,0.0,0.0,4.0,2,10,0.022727272727272728,-4.82,0.9452736318407959,0.1865671641791045,0.0,12.0,120000.0,0.0,0.0,4.0,1
68.0,1364,0.9313725490196079,0.1838235294117647,0.0,8.0,80000.0,0.0,0.0,6.0,2,10,0.022727272727272728,-4.84,0.9313725490196079,0.1838235294117647,0.0,8.0,80000.0,0.0,0.0,6.0,1
68.0,3425,0.9313725490196079,0.1838235294117647,12.5,25.0,400000.0,20000.0,3.0,2.0,1,3,0.022727272727272728,-4.84,0.9313725490196079,0.1838235294117647,12.5,25.0,400000.0,20000.0,3.0,2.0,1
68.0,4501,0.9313725490196079,0.1838235294117647,0.0,25.0,400000.0,20000.0,2.0,3.0,1,3,0.022727272727272728,-4.84,0.9313725490196079,0.1838235294117647,0.0,25.0,400000.0,20000.0,2.0,3.0,1
68.0,8832,0.9313725490196079,0.1838235294117647,0.0,12.0,120000.0,0.0,0.0,3.0,1,3,0.022727272727272728,-4.84,0.9313725490196079,0.1838235294117647,0.0,12.0,120000.0,0.0,0.0,3.0,1
68.0,9725,0.9313725490196079,0.1838235294117647,0.0,12.0,120000.0,0.0,0.0,3.0,1,3,0.022727272727272728,-4.84,0.9313725490196079,0.1838235294117647,0.0,12.0,120000.0,0.0,0.0,3.0,1
68.0,11982,0.9313725490196079,0.1838235294117647,0.0,12.0,120000.0,0.0,0.0,0.0,2,4,0.022727272727272728,-4.84,0.9313725490196079,0.1838235294117647,0.0,12.0,120000.0,0.0,0.0,0.0,1
48.0,3781,0.1736111111111111,0.13020833333333331,12.5,25.0,400000.0,20000.0,2.0,2.0,0,0,0.022727272727272728,0.7792998000000002,0.9312354656812039,0.18379647348971134,25.0,25.0,400000.0,20000.0,3.0,0.0,0
65.0,7481,0.8974358974358974,0.1923076923076923,0.0,12.0,120000.0,20000.0,3.0,5.0,1,1,0.022727272727272728,1.0133333333333334,0.966183574879227,0.18115942028985507,0.0,12.0,120000.0,20000.0,3.0,3.0,0
69.0,1803,0.966183574879227,0.18115942028985507,0.0,8.0,80000.0,0.0,0.0,3.0,2,4,0.022727272727272728,-4.82,0.966183574879227,0.18115942028985507,0.0,8.0,80000.0,0.0,0.0,3.0,1
69.0,2260,0.966183574879227,0.18115942028985507,0.0,8.0,80000.0,0.0,0.0,5.0,2,4,0.022727272727272728,-4.82,0.966183574879227,0.18115942028985507,0.0,8.0,80000.0,0.0,0.0,5.0,1
69.0,3788,0.966183574879227,0.18115942028985507,25.0,25.0,400000.0,20000.0,3.0,0.0,2,4,0.022727272727272728,-4.82,0.966183574879227,0.18115942028985507,25.0,25.0,400000.0,20000.0,3.0,0.0,1
69.0,7035,0.966183574879227,0.18115942028985507,12.5,12.0,120000.0,20000.0,3.0,5.0,1,9,0.022727272727272728,-4.82,0.966183574879227,0.18115942028985507,12.5,12.0,120000.0,20000.0,3.0,5.0,1
69.0,7483,0.966183574879227,0.18115942028985507,0.0,12.0,120000.0,20000.0,3.0,3.0,1,9,0.022727272727272728,-4.82,0.966183574879227,0.18115942028985507,0.0,12.0,120000.0,20000.0,3.0,3.0,1
69.0,7934,0.966183574879227,0.18115942028985507,12.5,12.0,120000.0,20000.0,2.0,3.0,2,9,0.022727272727272728,-4.82,0.966183574879227,0.18115942028985507,12.5,12.0,120000.0,20000.0,2.0,3.0,1
69.0,9276,0.966183574879227,0.18115942028985507,0.0,12.0,120000.0,0.0,0.0,7.0,2,9,0.022727272727272728,-4.82,0.966183574879227,0.18115942028985507,0.0,12.0,120000.0,0.0,0.0,7.0,1
69.0,10625,0.966183574879227,0.18115942028985507,0.0,12.0,120000.0,0.0,0.0,5.0,2,9,0.022727272727272728,-4.82,0.966183574879227,0.18115942028985507,0.0,12.0,120000.0,0.0,0.0,5.0,1
69.0,11527,0.966183574879227,0.18115942028985507,0.0,12.0,120000.0,0.0,0.0,2.0,2,9,0.022727272727272728,-4.82,0.966183574879227,0.18115942028985507,0.0,12.0,120000.0,0.0,0.0,2.0,1
69.0,12421,0.966183574879227,0.18115942028985507,0.0,12.0,120000.0,0.0,0.0,4.0,3,7,0.022727272727272728,-4.96,0.966183574879227,0.18115942028985507,0.0,12.0,120000.0,0.0,0.0,4.0,1
64.0,1362,0.9114583333333334,0.19531249999999997,0.0,8.0,80000.0,0.0,0.0,6.0,3,1,0.022727272727272728,0.665,0.9523809523809524,0.3273809523809524,0.0,8.0,80000.0,0.0,0.0,6.0,0
70.0,1365,0.9523809523809524,0.3273809523809524,0.0,8.0,80000.0,0.0,0.0,6.0,3,7,0.022727272727272728,-4.96,0.9523809523809524,0.3273809523809524,0.0,8.0,80000.0,0.0,0.0,6.0,1
70.0,4869,0.9523809523809524,0.3273809523809524,0.0,25.0,400000.0,0.0,0.0,5.0,2,5,0.022727272727272728,-4.8,0.9523809523809524,0.3273809523809524,0.0,25.0,400000.0,0.0,0.0,5.0,1
70.0,8833,0.9523809523809524,0.3273809523809524,0.0,12.0,120000.0,0.0,0.0,3.0,1,6,0.022727272727272728,-4.8,0.9523809523809524,0.3273809523809524,0.0,12.0,120000.0,0.0,0.0,3.0,1
70.0,9726,0.9523809523809524,0.3273809523809524,0.0,12.0,120000.0,0.0,0.0,3.0,1,6,0.022727272727272728,-4.8,0.9523809523809524,0.3273809523809524,0.0,12.0,120000.0,0.0,0.0,3.0,1
70.0,11983,0.9523809523809524,0.3273809523809524,0.0,12.0,120000.0,0.0,0.0,1.0,1,6,0.022727272727272728,-4.80025,0.9523809523809524,0.3273809523809524,0.0,12.0,120000.0,0.0,0.0,1.0,1
65.0,7033,0.8974358974358974,0.1923076923076923,0.0,12.0,120000.0,20000.0,2.0,5.0,0,0,0.022727272727272728,0.95,0.9389671361502347,0.32276995305164313,0.0,12.0,120000.0,20000.0,2.0,5.0,0
65.0,7932,0.8974358974358974,0.1923076923076923,0.0,12.0,120000.0,20000.0,1.0,3.0,1,1,0.022727272727272728,0.95,0.9389671361502347,0.32276995305164313,0.0,12.0,120000.0,20000.0,3.0,3.0,0
71.0,1804,0.9389671361502347,0.32276995305164313,0.0,8.0,80000.0,0.0,0.0,3.0,1,6,0.022727272727272728,-4.8,0.9389671361502347,0.32276995305164313,0.0,8.0,80000.0,0.0,0.0,3.0,1
71.0,2261,0.9389671361502347,0.32276995305164313,0.0,8.0,80000.0,0.0,0.0,5.0,1,6,0.022727272727272728,-4.8,0.9389671361502347,0.32276995305164313,0.0,8.0,80000.0,0.0,0.0,5.0,1
71.0,3426,0.9389671361502347,0.32276995305164313,12.5,25.0,400000.0,20000.0,3.0,2.0,2,10,0.022727272727272728,-4.8,0.9389671361502347,0.32276995305164313,12.5,25.0,400000.0,20000.0,3.0,2.0,1
71.0,4502,0.9389671361502347,0.32276995305164313,0.0,25.0,400000.0,20000.0,2.0,3.0,2,10,0.022727272727272728,-4.8,0.9389671361502347,0.32276995305164313,0.0,25.0,400000.0,20000.0,2.0,3.0,1
71.0,7036,0.9389671361502347,0.32276995305164313,0.0,12.0,120000.0,20000.0,2.0,5.0,2,1,0.022727272727272728,-4.8,0.9389671361502347,0.32276995305164313,0.0,12.0,120000.0,20000.0,2.0,5.0,1
71.0,7484,0.9389671361502347,0.32276995305164313,0.0,12.0,120000.0,20000.0,3.0,3.0,2,1,0.022727272727272728,-4.8,0.9389671361502347,0.32276995305164313,0.0,12.0,120000.0,20000.0,3.0,3.0,1
71.0,9277,0.9389671361502347,0.32276995305164313,0.0,12.0,120000.0,0.0,0.0,7.0,2,1,0.022727272727272728,-4.8,0.9389671361502347,0.32276995305164313,0.0,12.0,120000.0,0.0,0.0,7.0,1
71.0,10626,0.9389671361502347,0.32276995305164313,0.0,12.0,120000.0,0.0,0.0,5.0,2,1,0.022727272727272728,-4.8,0.9389671361502347,0.32276995305164313,0.0,12.0,120000.0,0.0,0.0,5.0,1
71.0,11528,0.9389671361502347,0.32276995305164313,0.0,12.0,120000.0,0.0,0.0,2.0,2,1,0.022727272727272728,-4.8,0.9389671361502347,0.32276995305164313,0.0,12.0,120000.0,0.0,0.0,2.0,1
71.0,12422,0.9389671361502347,0.32276995305164313,0.0,12.0,120000.0,0.0,0.0,4.0,3,9,0.022727272727272728,-4.96,0.9389671361502347,0.32276995305164313,0.0,12.0,120000.0,0.0,0.0,4.0,1
65.0,5682,0.8974358974358974,0.1923076923076923,12.5,12.0,120000.0,20000.0,2.0,2.0,0,0,0.022727272727272728,0.949082916666667,0.9388347736701722,0.32272445344912176,25.0,12.0,120000.0,20000.0,3.0,2.0,0
72.0,1366,0.9259259259259258,0.31828703703703703,0.0,8.0,80000.0,0.0,0.0,6.0,3,9,0.022727272727272728,-4.96,0.9259259259259258,0.31828703703703703,0.0,8.0,80000.0,0.0,0.0,6.0,1
72.0,3789,0.9259259259259258,0.31828703703703703,25.0,25.0,400000.0,20000.0,3.0,0.0,3,9,0.022727272727272728,-4.96,0.9259259259259258,0.31828703703703703,25.0,25.0,400000.0,20000.0,3.0,0.0,1
72.0,8834,0.9259259259259258,0.31828703703703703,0.0,12.0,120000.0,0.0,0.0,3.0,3,9,0.022727272727272728,-4.96,0.9259259259259258,0.31828703703703703,0.0,12.0,120000.0,0.0,0.0,3.0,1
72.0,9727,0.9259259259259258,0.31828703703703703,0.0,12.0,120000.0,0.0,0.0,3.0,3,9,0.022727272727272728,-4.96,0.9259259259259258,0.31828703703703703,0.0,12.0,120000.0,0.0,0.0,3.0,1
72.0,11984,0.9259259259259258,0.31828703703703703,0.0,12.0,120000.0,0.0,0.0,1.0,3,9,0.022727272727272728,-4.96,0.9259259259259258,0.31828703703703703,0.0,12.0,120000.0,0.0,0.0,1.0,1
73.0,1805,0.91324200913242,0.3139269406392694,0.0,8.0,80000.0,0.0,0.0,3.0,3,9,0.022727272727272728,-4.96,0.91324200913242,0.3139269406392694,0.0,8.0,80000.0,0.0,0.0,3.0,1
73.0,2262,0.91324200913242,0.3139269406392694,0.0,8.0,80000.0,0.0,0.0,5.0,3,9,0.022727272727272728,-4.96,0.91324200913242,0.3139269406392694,0.0,8.0,80000.0,0.0,0.0,5.0,1
73.0,4150,0.91324200913242,0.3139269406392694,0.0,25.0,400000.0,0.0,0.0,1.0,1,6,0.022727272727272728,-4.8004999999999995,0.91324200913242,0.3139269406392694,0.0,25.0,400000.0,0.0,0.0,1.0,1
73.0,4870,0.91324200913242,0.3139269406392694,0.0,25.0,400000.0,0.0,0.0,5.0,1,6,0.022727272727272728,-4.8,0.91324200913242,0.3139269406392694,0.0,25.0,400000.0,0.0,0.0,5.0,1
73.0,5238,0.91324200913242,0.3139269406392694,25.0,12.0,120000.0,20000.0,4.0,4.0,1,6,0.022727272727272728,-4.8,0.91324200913242,0.3139269406392694,25.0,12.0,120000.0,20000.0,4.0,4.0,1
73.0,5686,0.91324200913242,0.3139269406392694,25.0,12.0,120000.0,20000.0,3.0,2.0,1,6,0.022727272727272728,-4.8,0.91324200913242,0.3139269406392694,25.0,12.0,120000.0,20000.0,3.0,2.0,1
73.0,7037,0.91324200913242,0.3139269406392694,0.0,12.0,120000.0,20000.0,3.0,4.0,3,4,0.022727272727272728,-4.96,0.91324200913242,0.3139269406392694,0.0,12.0,120000.0,20000.0,3.0,4.0,1
73.0,7485,0.91324200913242,0.3139269406392694,0.0,12.0,120000.0,20000.0,3.0,3.0,3,4,0.022727272727272728,-4.96,0.91324200913242,0.3139269406392694,0.0,12.0,120000.0,20000.0,3.0,3.0,1
73.0,7936,0.91324200913242,0.3139269406392694,12.5,12.0,120000.0,20000.0,3.0,3.0,1,6,0.022727272727272728,-4.8,0.91324200913242,0.3139269406392694,12.5,12.0,120000.0,20000.0,3.0,3.0,1
73.0,9278,0.91324200913242,0.3139269406392694,0.0,12.0,120000.0,0.0,0.0,7.0,1,6,0.022727272727272728,-4.8,0.91324200913242,0.3139269406392694,0.0,12.0,120000.0,0.0,0.0,7.0,1
73.0,10627,0.91324200913242,0.3139269406392694,0.0,12.0,120000.0,0.0,0.0,5.0,3,3,0.022727272727272728,-4.96,0.91324200913242,0.3139269406392694,0.0,12.0,120000.0,0.0,0.0,5.0,1
73.0,11529,0.91324200913242,0.3139269406392694,0.0,12.0,120000.0,0.0,0.0,2.0,3,3,0.022727272727272728,-4.96,0.91324200913242,0.3139269406392694,0.0,12.0,120000.0,0.0,0.0,2.0,1
73.0,12423,0.91324200913242,0.3139269406392694,0.0,12.0,120000.0,0.0,0.0,4.0,3,3,0.022727272727272728,-4.96,0.91324200913242,0.3139269406392694,0.0,12.0,120000.0,0.0,0.0,4.0,1
74.0,1367,0.9009009009009009,0.3096846846846847,0.0,8.0,80000.0,0.0,0.0,5.0,2,7,0.022727272727272728,-4.8,0.9009009009009009,0.3096846846846847,0.0,8.0,80000.0,0.0,0.0,5.0,1
74.0,3427,0.9009009009009009,0.3096846846846847,12.5,25.0,400000.0,20000.0,3.0,2.0,2,7,0.022727272727272728,-4.8,0.9009009009009009,0.3096846846846847,12.5,25.0,400000.0,20000.0,3.0,2.0,1
74.0,4503,0.9009009009009009,0.3096846846846847,0.0,25.0,400000.0,20000.0,2.0,3.0,2,8,0.022727272727272728,-4.8,0.9009009009009009,0.3096846846846847,0.0,25.0,400000.0,20000.0,2.0,3.0,1
74.0,6570,0.9009009009009009,0.3096846846846847,0.0,12.0,120000.0,20000.0,4.0,5.0,2,8,0.022727272727272728,-4.8,0.9009009009009009,0.3096846846846847,0.0,12.0,120000.0,20000.0,4.0,5.0,1
74.0,8835,0.9009009009009009,0.3096846846846847,0.0,12.0,120000.0,0.0,0.0,3.0,2,8,0.022727272727272728,-4.8,0.9009009009009009,0.3096846846846847,0.0,12.0,120000.0,0.0,0.0,3.0,1
74.0,9728,0.9009009009009009,0.3096846846846847,0.0,12.0,120000.0,0.0,0.0,3.0,2,8,0.022727272727272728,-4.8,0.9009009009009009,0.3096846846846847,0.0,12.0,120000.0,0.0,0.0,3.0,1
74.0,11985,0.9009009009009009,0.3096846846846847,0.0,12.0,120000.0,0.0,0.0,1.0,1,8,0.022727272727272728,-4.80025,0.9009009009009009,0.3096846846846847,0.0,12.0,120000.0,0.0,0.0,1.0,1
54.0,3783,0.30864197530864196,0.15432098765432098,25.0,25.0,400000.0,20000.0,3.0,2.0,0,0,0.022727272727272728,0.7995498000000001,0.900779052275046,0.30964279921954707,12.5,25.0,400000.0,20000.0,3.0,0.0,0
69.0,5236,0.966183574879227,0.18115942028985507,0.0,12.0,120000.0,20000.0,2.0,6.0,0,0,0.022727272727272728,0.9497500000000001,0.8888888888888888,0.3055555555555556,12.5,12.0,120000.0,20000.0,3.0,5.0,0
75.0,1806,0.8888888888888888,0.3055555555555556,0.0,8.0,80000.0,0.0,0.0,4.0,1,8,0.022727272727272728,-4.8,0.8888888888888888,0.3055555555555556,0.0,8.0,80000.0,0.0,0.0,4.0,1
75.0,2263,0.8888888888888888,0.3055555555555556,0.0,8.0,80000.0,0.0,0.0,5.0,2,7,0.022727272727272728,-4.8,0.8888888888888888,0.3055555555555556,0.0,8.0,80000.0,0.0,0.0,5.0,1
75.0,3790,0.8888888888888888,0.3055555555555556,12.5,25.0,400000.0,20000.0,3.0,0.0,2,7,0.022727272727272728,-4.8,0.8888888888888888,0.3055555555555556,12.5,25.0,400000.0,20000.0,3.0,0.0,1
75.0,5239,0.8888888888888888,0.3055555555555556,12.5,12.0,120000.0,20000.0,3.0,5.0,2,5,0.022727272727272728,-4.8,0.8888888888888888,0.3055555555555556,12.5,12.0,120000.0,20000.0,3.0,5.0,1
75.0,5687,0.8888888888888888,0.3055555555555556,25.0,12.0,120000.0,20000.0,3.0,2.0,2,5,0.022727272727272728,-4.8,0.8888888888888888,0.3055555555555556,25.0,12.0,120000.0,20000.0,3.0,2.0,1
75.0,7038,0.8888888888888888,0.3055555555555556,0.0,12.0,120000.0,20000.0,3.0,4.0,1,8,0.022727272727272728,-4.8,0.8888888888888888,0.3055555555555556,0.0,12.0,120000.0,20000.0,3.0,4.0,1
75.0,7486,0.8888888888888888,0.3055555555555556,0.0,12.0,120000.0,20000.0,3.0,4.0,2,8,0.022727272727272728,-4.8,0.8888888888888888,0.3055555555555556,0.0,12.0,120000.0,20000.0,3.0,4.0,1
75.0,7937,0.8888888888888888,0.3055555555555556,12.5,12.0,120000.0,20000.0,4.0,3.0,2,8,0.022727272727272728,-4.8,0.8888888888888888,0.3055555555555556,12.5,12.0,120000.0,20000.0,4.0,3.0,1
75.0,9279,0.8888888888888888,0.3055555555555556,0.0,12.0,120000.0,0.0,0.0,7.0,3,9,0.022727272727272728,-4.96,0.8888888888888888,0.3055555555555556,0.0,12.0,120000.0,0.0,0.0,7.0,1
75.0,10628,0.8888888888888888,0.3055555555555556,0.0,12.0,120000.0,0.0,0.0,4.0,3,9,0.022727272727272728,-4.96,0.8888888888888888,0.3055555555555556,0.0,12.0,120000.0,0.0,0.0,4.0,1
75.0,11530,0.8888888888888888,0.3055555555555556,0.0,12.0,120000.0,0.0,0.0,2.0,3,9,0.022727272727272728,-4.96,0.8888888888888888,0.3055555555555556,0.0,12.0,120000.0,0.0,0.0,2.0,1
75.0,12424,0.8888888888888888,0.3055555555555556,0.0,12.0,120000.0,0.0,0.0,4.0,3,9,0.022727272727272728,-4.96,0.8888888888888888,0.3055555555555556,0.0,12.0,120000.0,0.0,0.0,4.0,1
69.0,5684,0.966183574879227,0.18115942028985507,12.5,12.0,120000.0,20000.0,2.0,2.0,0,0,0.022727272727272728,0.9493329166666671,0.8887702676838287,0.3055147795163161,12.5,12.0,120000.0,20000.0,2.0,2.0,0
76.0,1368,0.8771929824561403,0.3015350877192982,0.0,8.0,80000.0,0.0,0.0,5.0,1,5,0.022727272727272728,-4.8,0.8771929824561403,0.3015350877192982,0.0,8.0,80000.0,0.0,0.0,5.0,1
76.0,4151,0.8771929824561403,0.3015350877192982,0.0,25.0,400000.0,0.0,0.0,1.0,1,5,0.022727272727272728,-4.80025,0.8771929824561403,0.3015350877192982,0.0,25.0,400000.0,0.0,0.0,1.0,1
76.0,4871,0.8771929824561403,0.3015350877192982,0.0,25.0,400000.0,0.0,0.0,5.0,1,8,0.022727272727272728,-4.8,0.8771929824561403,0.3015350877192982,0.0,25.0,400000.0,0.0,0.0,5.0,1
76.0,6571,0.8771929824561403,0.3015350877192982,0.0,12.0,120000.0,20000.0,4.0,5.0,1,8,0.022727272727272728,-4.8,0.8771929824561403,0.3015350877192982,0.0,12.0,120000.0,20000.0,4.0,5.0,1
76.0,8836,0.8771929824561403,0.3015350877192982,0.0,12.0,120000.0,0.0,0.0,3.0,1,8,0.022727272727272728,-4.8,0.8771929824561403,0.3015350877192982,0.0,12.0,120000.0,0.0,0.0,3.0,1
76.0,9729,0.8771929824561403,0.3015350877192982,0.0,12.0,120000.0,0.0,0.0,3.0,1,8,0.022727272727272728,-4.8,0.8771929824561403,0.3015350877192982,0.0,12.0,120000.0,0.0,0.0,3.0,1
76.0,11986,0.8771929824561403,0.3015350877192982,0.0,12.0,120000.0,0.0,0.0,1.0,1,2,0.022727272727272728,-4.80025,0.8771929824561403,0.3015350877192982,0.0,12.0,120000.0,0.0,0.0,1.0,1
64.0,4867,0.9114583333333334,0.19531249999999997,0.0,25.0,400000.0,0.0,0.0,5.0,2,3,0.022727272727272728,-5.053333333333333,0.8695652173913043,0.29891304347826086,0.0,25.0,400000.0,0.0,0.0,5.0,1
77.0,0,0.8658008658008658,0.2976190476190476,0.0,8.0,80000.0,20000.0,2.0,2.0,1,2,0.022727272727272728,-4.8,0.8658008658008658,0.2976190476190476,0.0,8.0,80000.0,20000.0,2.0,2.0,1
77.0,1807,0.8658008658008658,0.2976190476190476,0.0,8.0,80000.0,0.0,0.0,4.0,1,2,0.022727272727272728,-4.8,0.8658008658008658,0.2976190476190476,0.0,8.0,80000.0,0.0,0.0,4.0,1
77.0,2264,0.8658008658008658,0.2976190476190476,0.0,8.0,80000.0,0.0,0.0,5.0,1,2,0.022727272727272728,-4.8,0.8658008658008658,0.2976190476190476,0.0,8.0,80000.0,0.0,0.0,5.0,1
77.0,3428,0.8658008658008658,0.2976190476190476,12.5,25.0,400000.0,20000.0,3.0,2.0,2,9,0.022727272727272728,-4.8,0.8658008658008658,0.2976190476190476,12.5,25.0,400000.0,20000.0,3.0,2.0,1
77.0,4504,0.8658008658008658,0.2976190476190476,0.0,25.0,400000.0,20000.0,2.0,3.0,2,9,0.022727272727272728,-4.8,0.8658008658008658,0.2976190476190476,0.0,25.0,400000.0,20000.0,2.0,3.0,1
77.0,5240,0.8658008658008658,0.2976190476190476,12.5,12.0,120000.0,20000.0,3.0,6.0,3,9,0.022727272727272728,-4.96,0.8658008658008658,0.2976190476190476,12.5,12.0,120000.0,20000.0,3.0,6.0,1
77.0,5688,0.8658008658008658,0.2976190476190476,12.5,12.0,120000.0,20000.0,2.0,2.0,3,9,0.022727272727272728,-4.96,0.8658008658008658,0.2976190476190476,12.5,12.0,120000.0,20000.0,2.0,2.0,1
77.0,9280,0.8658008658008658,0.2976190476190476,0.0,12.0,120000.0,0.0,0.0,6.0,2,3,0.022727272727272728,-4.8,0.8658008658008658,0.2976190476190476,0.0,12.0,120000.0,0.0,0.0,6.0,1
77.0,10629,0.8658008658008658,0.2976190476190476,0.0,12.0,120000.0,0.0,0.0,4.0,2,3,0.022727272727272728,-4.8,0.8658008658008658,0.2976190476190476,0.0,12.0,120000.0,0.0,0.0,4.0,1
77.0,11531,0.8658008658008658,0.2976190476190476,0.0,12.0,120000.0,0.0,0.0,2.0,3,1,0.022727272727272728,-4.96,0.8658008658008658,0.2976190476190476,0.0,12.0,120000.0,0.0,0.0,2.0,1
77.0,12425,0.8658008658008658,0.2976190476190476,0.0,12.0,120000.0,0.0,0.0,4.0,1,6,0.022727272727272728,-4.8,0.8658008658008658,0.2976190476190476,0.0,12.0,120000.0,0.0,0.0,4.0,1
71.0,5237,0.9389671361502347,0.32276995305164313,12.5,12.0,120000.0,20000.0,3.0,6.0,0,0,0.022727272727272728,0.9495829166666669,0.8656883263184444,0.29758036217196526,0.0,12.0,120000.0,20000.0,2.0,6.0,0
71.0,5685,0.9389671361502347,0.32276995305164313,25.0,12.0,120000.0,20000.0,3.0,2.0,0,0,0.022727272727272728,0.9495829166666669,0.8656883263184444,0.29758036217196526,0.0,12.0,120000.0,20000.0,1.0,2.0,0
71.0,7935,0.9389671361502347,0.32276995305164313,0.0,12.0,120000.0,20000.0,2.0,3.0,0,0,0.022727272727272728,0.9493329166666671,0.8656883263184444,0.29758036217196526,12.5,12.0,120000.0,20000.0,5.0,3.0,0
78.0,3791,0.8547008547008548,0.5608974358974359,12.5,25.0,400000.0,20000.0,4.0,0.0,2,8,0.022727272727272728,-4.8,0.8547008547008548,0.5608974358974359,12.5,25.0,400000.0,20000.0,4.0,0.0,1
78.0,6572,0.8547008547008548,0.5608974358974359,0.0,12.0,120000.0,20000.0,4.0,5.0,2,8,0.022727272727272728,-4.8,0.8547008547008548,0.5608974358974359,0.0,12.0,120000.0,20000.0,4.0,5.0,1
78.0,8837,0.8547008547008548,0.5608974358974359,0.0,12.0,120000.0,0.0,0.0,3.0,2,8,0.022727272727272728,-4.8,0.8547008547008548,0.5608974358974359,0.0,12.0,120000.0,0.0,0.0,3.0,1
78.0,9730,0.8547008547008548,0.5608974358974359,0.0,12.0,120000.0,0.0,0.0,3.0,2,2,0.022727272727272728,-4.8,0.8547008547008548,0.5608974358974359,0.0,12.0,120000.0,0.0,0.0,3.0,1
78.0,10170,0.8547008547008548,0.5608974358974359,0.0,12.0,120000.0,0.0,0.0,2.0,2,2,0.022727272727272728,-4.8,0.8547008547008548,0.5608974358974359,0.0,12.0,120000.0,0.0,0.0,2.0,1
78.0,11987,0.8547008547008548,0.5608974358974359,0.0,12.0,120000.0,0.0,0.0,1.0,3,8,0.022727272727272728,-4.96,0.8547008547008548,0.5608974358974359,0.0,12.0,120000.0,0.0,0.0,1.0,1
59.0,3422,0.9322033898305085,0.14124293785310735,0.0,25.0,400000.0,20000.0,2.0,2.0,0,0,0.022727272727272728,0.64,0.8438818565400843,0.580168776371308,0.0,25.0,400000.0,20000.0,2.0,2.0,0
79.0,1808,0.8438818565400843,0.580168776371308,0.0,8.0,80000.0,0.0,0.0,4.0,1,3,0.022727272727272728,-4.8,0.8438818565400843,0.580168776371308,0.0,8.0,80000.0,0.0,0.0,4.0,1
79.0,2265,0.8438818565400843,0.580168776371308,0.0,8.0,80000.0,0.0,0.0,5.0,1,3,0.022727272727272728,-4.8,0.8438818565400843,0.580168776371308,0.0,8.0,80000.0,0.0,0.0,5.0,1
79.0,4152,0.8438818565400843,0.580168776371308,0.0,25.0,400000.0,0.0,0.0,1.0,1,3,0.022727272727272728,-4.80025,0.8438818565400843,0.580168776371308,0.0,25.0,400000.0,0.0,0.0,1.0,1
79.0,4872,0.8438818565400843,0.580168776371308,0.0,25.0,400000.0,0.0,0.0,5.0,1,3,0.022727272727272728,-4.8,0.8438818565400843,0.580168776371308,0.0,25.0,400000.0,0.0,0.0,5.0,1
79.0,5241,0.8438818565400843,0.580168776371308,0.0,12.0,120000.0,20000.0,2.0,6.0,3,3,0.022727272727272728,-4.8,0.8438818565400843,0.580168776371308,0.0,12.0,120000.0,20000.0,2.0,6.0,1
79.0,5689,0.8438818565400843,0.580168776371308,0.0,12.0,120000.0,20000.0,1.0,2.0,3,3,0.022727272727272728,-4.8,0.8438818565400843,0.580168776371308,0.0,12.0,120000.0,20000.0,1.0,2.0,1
79.0,6121,0.8438818565400843,0.580168776371308,12.5,12.0,120000.0,20000.0,6.0,3.0,3,4,0.022727272727272728,-4.8,0.8438818565400843,0.580168776371308,12.5,12.0,120000.0,20000.0,6.0,3.0,1
79.0,7040,0.8438818565400843,0.580168776371308,12.5,12.0,120000.0,20000.0,4.0,4.0,3,4,0.022727272727272728,-4.8,0.8438818565400843,0.580168776371308,12.5,12.0,120000.0,20000.0,4.0,4.0,1
79.0,7488,0.8438818565400843,0.580168776371308,12.5,12.0,120000.0,20000.0,4.0,5.0,3,7,0.022727272727272728,-4.8,0.8438818565400843,0.580168776371308,12.5,12.0,120000.0,20000.0,4.0,5.0,1
79.0,7939,0.8438818565400843,0.580168776371308,12.5,12.0,120000.0,20000.0,5.0,4.0,3,7,0.022727272727272728,-4.8,0.8438818565400843,0.580168776371308,12.5,12.0,120000.0,20000.0,5.0,4.0,1
79.0,9281,0.8438818565400843,0.580168776371308,0.0,12.0,120000.0,0.0,0.0,6.0,2,7,0.022727272727272728,-4.8,0.8438818565400843,0.580168776371308,0.0,12.0,120000.0,0.0,0.0,6.0,1
79.0,10630,0.8438818565400843,0.580168776371308,0.0,12.0,120000.0,0.0,0.0,4.0,2,7,0.022727272727272728,-4.8,0.8438818565400843,0.580168776371308,0.0,12.0,120000.0,0.0,0.0,4.0,1
79.0,11532,0.8438818565400843,0.580168776371308,0.0,12.0,120000.0,0.0,0.0,2.0,2,7,0.022727272727272728,-4.8,0.8438818565400843,0.580168776371308,0.0,12.0,120000.0,0.0,0.0,2.0,1
79.0,12426,0.8438818565400843,0.580168776371308,0.0,12.0,120000.0,0.0,0.0,4.0,2,7,0.022727272727272728,-4.8,0.8438818565400843,0.580168776371308,0.0,12.0,120000.0,0.0,0.0,4.0,1
80.0,3429,0.8333333333333334,0.5729166666666666,0.0,25.0,400000.0,20000.0,2.0,2.0,3,6,0.022727272727272728,-4.96,0.8333333333333334,0.5729166666666666,0.0,25.0,400000.0,20000.0,2.0,2.0,1
80.0,4505,0.8333333333333334,0.5729166666666666,0.0,25.0,400000.0,20000.0,2.0,3.0,3,6,0.022727272727272728,-4.96,0.8333333333333334,0.5729166666666666,0.0,25.0,400000.0,20000.0,2.0,3.0,1
80.0,8838,0.8333333333333334,0.5729166666666666,0.0,12.0,120000.0,0.0,0.0,3.0,1,2,0.022727272727272728,-4.8,0.8333333333333334,0.5729166666666666,0.0,12.0,120000.0,0.0,0.0,3.0,1
80.0,9731,0.8333333333333334,0.5729166666666666,0.0,12.0,120000.0,0.0,0.0,3.0,3,9,0.022727272727272728,-4.96,0.8333333333333334,0.5729166666666666,0.0,12.0,120000.0,0.0,0.0,3.0,1
80.0,10171,0.8333333333333334,0.5729166666666666,0.0,12.0,120000.0,0.0,0.0,2.0,3,8,0.022727272727272728,-4.96,0.8333333333333334,0.5729166666666666,0.0,12.0,120000.0,0.0,0.0,2.0,1
80.0,11988,0.8333333333333334,0.5729166666666666,0.0,12.0,120000.0,0.0,0.0,1.0,1,4,0.022727272727272728,-4.80025,0.8333333333333334,0.5729166666666666,0.0,12.0,120000.0,0.0,0.0,1.0,1
78.0,1369,0.8547008547008548,0.5608974358974359,0.0,8.0,80000.0,0.0,0.0,5.0,2,8,0.022727272727272728,-4.9464589583333325,0.8712607304575286,0.5704683354186199,0.0,8.0,80000.0,0.0,0.0,5.0,1
79.0,1,0.8438818565400843,0.580168776371308,0.0,8.0,80000.0,20000.0,2.0,2.0,3,8,0.022727272727272728,-5.065833958333333,0.8674817166868328,0.5679939811639978,0.0,8.0,80000.0,20000.0,2.0,2.0,1
81.0,3792,0.8641975308641975,0.565843621399177,12.5,25.0,400000.0,20000.0,5.0,0.0,2,1,0.022727272727272728,-4.8,0.8641975308641975,0.565843621399177,12.5,25.0,400000.0,20000.0,5.0,0.0,1
81.0,5242,0.8641975308641975,0.565843621399177,0.0,12.0,120000.0,20000.0,2.0,6.0,2,1,0.022727272727272728,-4.8,0.8641975308641975,0.565843621399177,0.0,12.0,120000.0,20000.0,2.0,6.0,1
81.0,5690,0.8641975308641975,0.565843621399177,0.0,12.0,120000.0,20000.0,2.0,2.0,1,1,0.022727272727272728,-4.8,0.8641975308641975,0.565843621399177,0.0,12.0,120000.0,20000.0,2.0,2.0,1
81.0,6122,0.8641975308641975,0.565843621399177,12.5,12.0,120000.0,20000.0,6.0,3.0,1,1,0.022727272727272728,-4.8,0.8641975308641975,0.565843621399177,12.5,12.0,120000.0,20000.0,6.0,3.0,1
81.0,7041,0.8641975308641975,0.565843621399177,12.5,12.0,120000.0,20000.0,4.0,4.0,3,6,0.022727272727272728,-4.96,0.8641975308641975,0.565843621399177,12.5,12.0,120000.0,20000.0,4.0,4.0,1
81.0,7489,0.8641975308641975,0.565843621399177,12.5,12.0,120000.0,20000.0,4.0,5.0,3,6,0.022727272727272728,-4.96,0.8641975308641975,0.565843621399177,12.5,12.0,120000.0,20000.0,4.0,5.0,1
81.0,9282,0.8641975308641975,0.565843621399177,0.0,12.0,120000.0,0.0,0.0,6.0,1,6,0.022727272727272728,-4.8,0.8641975308641975,0.565843621399177,0.0,12.0,120000.0,0.0,0.0,6.0,1
81.0,10631,0.8641975308641975,0.565843621399177,0.0,12.0,120000.0,0.0,0.0,4.0,1,5,0.022727272727272728,-4.8,0.8641975308641975,0.565843621399177,0.0,12.0,120000.0,0.0,0.0,4.0,1
81.0,11533,0.8641975308641975,0.565843621399177,0.0,12.0,120000.0,0.0,0.0,2.0,1,5,0.022727272727272728,-4.8,0.8641975308641975,0.565843621399177,0.0,12.0,120000.0,0.0,0.0,2.0,1
81.0,12427,0.8641975308641975,0.565843621399177,0.0,12.0,120000.0,0.0,0.0,4.0,3,6,0.022727272727272728,-4.96,0.8641975308641975,0.565843621399177,0.0,12.0,120000.0,0.0,0.0,4.0,1
82.0,901,0.853658536585366,0.5589430894308942,12.5,8.0,80000.0,20000.0,6.0,1.0,3,6,0.022727272727272728,-4.96,0.853658536585366,0.5589430894308942,12.5,8.0,80000.0,20000.0,6.0,1.0,1
82.0,1371,0.853658536585366,0.5589430894308942,0.0,8.0,80000.0,0.0,0.0,5.0,3,9,0.022727272727272728,-4.96,0.853658536585366,0.5589430894308942,0.0,8.0,80000.0,0.0,0.0,5.0,1
82.0,4153,0.853658536585366,0.5589430894308942,0.0,25.0,400000.0,0.0,0.0,1.0,3,9,0.022727272727272728,-4.96,0.853658536585366,0.5589430894308942,0.0,25.0,400000.0,0.0,0.0,1.0,1
82.0,4873,0.853658536585366,0.5589430894308942,0.0,25.0,400000.0,0.0,0.0,5.0,1,5,0.022727272727272728,-4.859999999999999,0.853658536585366,0.5589430894308942,0.0,25.0,400000.0,0.0,0.0,5.0,1
82.0,6574,0.853658536585366,0.5589430894308942,0.0,12.0,120000.0,20000.0,4.0,5.0,1,5,0.022727272727272728,-4.86025,0.853658536585366,0.5589430894308942,0.0,12.0,120000.0,20000.0,4.0,5.0,1
82.0,8839,0.853658536585366,0.5589430894308942,0.0,12.0,120000.0,0.0,0.0,3.0,1,5,0.022727272727272728,-4.859999999999999,0.853658536585366,0.5589430894308942,0.0,12.0,120000.0,0.0,0.0,3.0,1
82.0,9732,0.853658536585366,0.5589430894308942,0.0,12.0,120000.0,0.0,0.0,3.0,1,5,0.022727272727272728,-4.859999999999999,0.853658536585366,0.5589430894308942,0.0,12.0,120000.0,0.0,0.0,3.0,1
82.0,10172,0.853658536585366,0.5589430894308942,0.0,12.0,120000.0,0.0,0.0,2.0,3,5,0.022727272727272728,-4.96,0.853658536585366,0.5589430894308942,0.0,12.0,120000.0,0.0,0.0,2.0,1
82.0,11989,0.853658536585366,0.5589430894308942,0.0,12.0,120000.0,0.0,0.0,1.0,3,5,0.022727272727272728,-4.96,0.853658536585366,0.5589430894308942,0.0,12.0,120000.0,0.0,0.0,1.0,1
77.0,6120,0.8658008658008658,0.2976190476190476,0.0,12.0,120000.0,20000.0,5.0,3.0,0,0,0.022727272727272728,0.8300000000000001,0.8433734939759037,0.5522088353413654,0.0,12.0,120000.0,20000.0,6.0,3.0,0
77.0,7039,0.8658008658008658,0.2976190476190476,0.0,12.0,120000.0,20000.0,3.0,4.0,0,0,0.022727272727272728,0.8300000000000001,0.8433734939759037,0.5522088353413654,0.0,12.0,120000.0,20000.0,3.0,4.0,0
77.0,7487,0.8658008658008658,0.2976190476190476,0.0,12.0,120000.0,20000.0,3.0,5.0,0,0,0.022727272727272728,0.8300000000000001,0.8433734939759037,0.5522088353413654,0.0,12.0,120000.0,20000.0,3.0,5.0,0
83.0,1810,0.8433734939759037,0.5522088353413654,0.0,8.0,80000.0,0.0,0.0,4.0,2,4,0.022727272727272728,-4.84,0.8433734939759037,0.5522088353413654,0.0,8.0,80000.0,0.0,0.0,4.0,1
83.0,2267,0.8433734939759037,0.5522088353413654,0.0,8.0,80000.0,0.0,0.0,5.0,2,3,0.022727272727272728,-4.84,0.8433734939759037,0.5522088353413654,0.0,8.0,80000.0,0.0,0.0,5.0,1
83.0,3430,0.8433734939759037,0.5522088353413654,0.0,25.0,400000.0,20000.0,3.0,2.0,2,3,0.022727272727272728,-4.84,0.8433734939759037,0.5522088353413654,0.0,25.0,400000.0,20000.0,3.0,2.0,1
83.0,7042,0.8433734939759037,0.5522088353413654,0.0,12.0,120000.0,20000.0,3.0,4.0,2,5,0.022727272727272728,-4.84,0.8433734939759037,0.5522088353413654,0.0,12.0,120000.0,20000.0,3.0,4.0,1
83.0,7490,0.8433734939759037,0.5522088353413654,0.0,12.0,120000.0,20000.0,3.0,5.0,2,5,0.022727272727272728,-4.84,0.8433734939759037,0.5522088353413654,0.0,12.0,120000.0,20000.0,3.0,5.0,1
83.0,7941,0.8433734939759037,0.5522088353413654,25.0,12.0,120000.0,20000.0,7.0,5.0,1,9,0.022727272727272728,-4.84,0.8433734939759037,0.5522088353413654,25.0,12.0,120000.0,20000.0,7.0,5.0,1
83.0,9283,0.8433734939759037,0.5522088353413654,0.0,12.0,120000.0,0.0,0.0,6.0,1,9,0.022727272727272728,-4.84,0.8433734939759037,0.5522088353413654,0.0,12.0,120000.0,0.0,0.0,6.0,1
83.0,12428,0.8433734939759037,0.5522088353413654,0.0,12.0,120000.0,0.0,0.0,4.0,2,10,0.022727272727272728,-4.8,0.8433734939759037,0.5522088353413654,0.0,12.0,120000.0,0.0,0.0,4.0,1
77.0,7938,0.8658008658008658,0.2976190476190476,12.5,12.0,120000.0,20000.0,5.0,3.0,0,0,0.022727272727272728,0.9493329166666671,0.8432717933656434,0.5521422456560761,12.5,12.0,120000.0,20000.0,6.0,5.0,0
81.0,1809,0.8641975308641975,0.565843621399177,0.0,8.0,80000.0,0.0,0.0,4.0,1,1,0.022727272727272728,-4.9464589583333325,1.039875090204165,0.5499339419348949,0.0,8.0,80000.0,0.0,0.0,4.0,1
80.0,900,0.8333333333333334,0.5729166666666666,0.0,8.0,80000.0,20000.0,4.0,1.0,1,6,0.022727272727272728,0.85,1.0317460317460316,0.5828373015873015,0.0,8.0,80000.0,20000.0,5.0,1.0,0
84.0,902,1.0317460317460316,0.5828373015873015,0.0,8.0,80000.0,20000.0,5.0,1.0,2,10,0.022727272727272728,-4.9,1.0317460317460316,0.5828373015873015,0.0,8.0,80000.0,20000.0,5.0,1.0,1
84.0,1372,1.0317460317460316,0.5828373015873015,0.0,8.0,80000.0,0.0,0.0,5.0,2,10,0.022727272727272728,-4.9,1.0317460317460316,0.5828373015873015,0.0,8.0,80000.0,0.0,0.0,5.0,1
84.0,3793,1.0317460317460316,0.5828373015873015,12.5,25.0,400000.0,20000.0,5.0,0.0,2,10,0.022727272727272728,-4.9,1.0317460317460316,0.5828373015873015,12.5,25.0,400000.0,20000.0,5.0,0.0,1
84.0,8840,1.0317460317460316,0.5828373015873015,0.0,12.0,120000.0,0.0,0.0,3.0,2,5,0.022727272727272728,-4.8,1.0317460317460316,0.5828373015873015,0.0,12.0,120000.0,0.0,0.0,3.0,1
84.0,9733,1.0317460317460316,0.5828373015873015,0.0,12.0,120000.0,0.0,0.0,3.0,2,8,0.022727272727272728,-4.8,1.0317460317460316,0.5828373015873015,0.0,12.0,120000.0,0.0,0.0,3.0,1
84.0,10173,1.0317460317460316,0.5828373015873015,0.0,12.0,120000.0,0.0,0.0,2.0,2,8,0.022727272727272728,-4.8,1.0317460317460316,0.5828373015873015,0.0,12.0,120000.0,0.0,0.0,2.0,1
84.0,11990,1.0317460317460316,0.5828373015873015,0.0,12.0,120000.0,0.0,0.0,1.0,2,8,0.022727272727272728,-4.8,1.0317460317460316,0.5828373015873015,0.0,12.0,120000.0,0.0,0.0,1.0,1
80.0,6573,0.8333333333333334,0.5729166666666666,0.0,12.0,120000.0,20000.0,4.0,5.0,1,2,0.022727272727272728,-4.966666666666667,1.0317460317460316,0.5828373015873015,0.0,12.0,120000.0,20000.0,4.0,5.0,1
81.0,2266,0.8641975308641975,0.565843621399177,0.0,8.0,80000.0,0.0,0.0,5.0,1,1,0.022727272727272728,-5.0089589583333325,1.0275460189448662,0.5804646982020277,0.0,8.0,80000.0,0.0,0.0,5.0,1
64.0,4147,0.9114583333333334,0.19531249999999997,0.0,25.0,400000.0,0.0,0.0,1.0,2,3,0.022727272727272728,-5.213333333333333,1.0236220472440944,0.578248031496063,0.0,25.0,400000.0,0.0,0.0,1.0,1
70.0,4149,0.9523809523809524,0.3273809523809524,0.0,25.0,400000.0,0.0,0.0,1.0,2,5,0.022727272727272728,-5.093333333333334,1.0236220472440944,0.578248031496063,0.0,25.0,400000.0,0.0,0.0,1.0,1
85.0,1811,1.019607843137255,0.6372549019607843,0.0,8.0,80000.0,0.0,0.0,4.0,2,8,0.022727272727272728,-4.82,1.019607843137255,0.6372549019607843,0.0,8.0,80000.0,0.0,0.0,4.0,1
85.0,2268,1.019607843137255,0.6372549019607843,0.0,8.0,80000.0,0.0,0.0,5.0,2,8,0.022727272727272728,-4.82,1.019607843137255,0.6372549019607843,0.0,8.0,80000.0,0.0,0.0,5.0,1
85.0,4154,1.019607843137255,0.6372549019607843,0.0,25.0,400000.0,0.0,0.0,1.0,3,4,0.022727272727272728,-5.0,1.019607843137255,0.6372549019607843,0.0,25.0,400000.0,0.0,0.0,1.0,1
85.0,4874,1.019607843137255,0.6372549019607843,0.0,25.0,400000.0,0.0,0.0,5.0,3,4,0.022727272727272728,-5.0,1.019607843137255,0.6372549019607843,0.0,25.0,400000.0,0.0,0.0,5.0,1
85.0,5692,1.019607843137255,0.6372549019607843,25.0,12.0,120000.0,20000.0,3.0,2.0,1,1,0.022727272727272728,-4.8,1.019607843137255,0.6372549019607843,25.0,12.0,120000.0,20000.0,3.0,2.0,1
85.0,7491,1.019607843137255,0.6372549019607843,0.0,12.0,120000.0,20000.0,3.0,5.0,1,5,0.022727272727272728,-4.8,1.019607843137255,0.6372549019607843,0.0,12.0,120000.0,20000.0,3.0,5.0,1
85.0,7942,1.019607843137255,0.6372549019607843,12.5,12.0,120000.0,20000.0,6.0,5.0,1,5,0.022727272727272728,-4.8,1.019607843137255,0.6372549019607843,12.5,12.0,120000.0,20000.0,6.0,5.0,1
85.0,9284,1.019607843137255,0.6372549019607843,0.0,12.0,120000.0,0.0,0.0,6.0,2,3,0.022727272727272728,-4.8,1.019607843137255,0.6372549019607843,0.0,12.0,120000.0,0.0,0.0,6.0,1
85.0,10633,1.019607843137255,0.6372549019607843,0.0,12.0,120000.0,0.0,0.0,4.0,1,7,0.022727272727272728,-4.8,1.019607843137255,0.6372549019607843,0.0,12.0,120000.0,0.0,0.0,4.0,1
85.0,11535,1.019607843137255,0.6372549019607843,0.0,12.0,120000.0,0.0,0.0,2.0,1,7,0.022727272727272728,-4.8,1.019607843137255,0.6372549019607843,0.0,12.0,120000.0,0.0,0.0,2.0,1
85.0,12429,1.019607843137255,0.6372549019607843,0.0,12.0,120000.0,0.0,0.0,4.0,3,7,0.022727272727272728,-5.0,1.019607843137255,0.6372549019607843,0.0,12.0,120000.0,0.0,0.0,4.0,1
67.0,4148,0.9452736318407959,0.1865671641791045,0.0,25.0,400000.0,0.0,0.0,1.0,3,2,0.022727272727272728,-5.376333333333333,1.0099048358904639,0.63119052243154,0.0,25.0,400000.0,0.0,0.0,1.0,1
86.0,903,1.0077519379844961,0.6661821705426356,0.0,8.0,80000.0,20000.0,5.0,1.0,3,7,0.022727272727272728,-5.0,1.0077519379844961,0.6661821705426356,0.0,8.0,80000.0,20000.0,6.0,1.0,1
86.0,1373,1.0077519379844961,0.6661821705426356,0.0,8.0,80000.0,0.0,0.0,5.0,2,8,0.022727272727272728,-4.84,1.0077519379844961,0.6661821705426356,0.0,8.0,80000.0,0.0,0.0,5.0,1
86.0,3431,1.0077519379844961,0.6661821705426356,0.0,25.0,400000.0,20000.0,4.0,2.0,2,8,0.022727272727272728,-4.84,1.0077519379844961,0.6661821705426356,0.0,25.0,400000.0,20000.0,4.0,2.0,1
86.0,8841,1.0077519379844961,0.6661821705426356,0.0,12.0,120000.0,0.0,0.0,3.0,3,1,0.022727272727272728,-4.96,1.0077519379844961,0.6661821705426356,0.0,12.0,120000.0,0.0,0.0,3.0,1
86.0,9734,1.0077519379844961,0.6661821705426356,0.0,12.0,120000.0,0.0,0.0,3.0,3,1,0.022727272727272728,-4.96,1.0077519379844961,0.6661821705426356,0.0,12.0,120000.0,0.0,0.0,3.0,1
86.0,10174,1.0077519379844961,0.6661821705426356,0.0,12.0,120000.0,0.0,0.0,2.0,1,1,0.022727272727272728,-4.8,1.0077519379844961,0.6661821705426356,0.0,12.0,120000.0,0.0,0.0,2.0,1
86.0,11991,1.0077519379844961,0.6661821705426356,0.0,12.0,120000.0,0.0,0.0,1.0,1,7,0.022727272727272728,-4.80025,1.0077519379844961,0.6661821705426356,0.0,12.0,120000.0,0.0,0.0,1.0,1
66.0,3787,0.9595959595959596,0.1893939393939394,25.0,25.0,400000.0,20000.0,3.0,1.0,0,0,0.022727272727272728,0.7997998000000002,1.0076346539974437,0.6661046390608102,0.0,25.0,400000.0,20000.0,4.0,0.0,0
83.0,10632,0.8433734939759037,0.5522088353413654,0.0,12.0,120000.0,0.0,0.0,4.0,2,1,0.022727272727272728,-4.925417083333333,1.0076346539974437,0.6661046390608102,0.0,12.0,120000.0,0.0,0.0,4.0,1
83.0,3,0.8433734939759037,0.5522088353413654,0.0,8.0,80000.0,20000.0,2.0,2.0,2,4,0.022727272727272728,-5.0089589583333325,1.0037446237411163,0.6635331046365551,0.0,8.0,80000.0,20000.0,3.0,2.0,1
87.0,5693,0.996168582375479,0.6824712643678161,25.0,12.0,120000.0,20000.0,3.0,2.0,2,9,0.022727272727272728,-4.9,0.996168582375479,0.6824712643678161,25.0,12.0,120000.0,20000.0,3.0,2.0,1
87.0,6125,0.996168582375479,0.6824712643678161,25.0,12.0,120000.0,20000.0,7.0,3.0,2,9,0.022727272727272728,-4.9,0.996168582375479,0.6824712643678161,25.0,12.0,120000.0,20000.0,7.0,3.0,1
87.0,7943,0.996168582375479,0.6824712643678161,12.5,12.0,120000.0,20000.0,7.0,5.0,3,8,0.022727272727272728,-4.96,0.996168582375479,0.6824712643678161,12.5,12.0,120000.0,20000.0,7.0,5.0,1
87.0,9285,0.996168582375479,0.6824712643678161,0.0,12.0,120000.0,0.0,0.0,6.0,3,8,0.022727272727272728,-4.96,0.996168582375479,0.6824712643678161,0.0,12.0,120000.0,0.0,0.0,6.0,1
87.0,12430,0.996168582375479,0.6824712643678161,0.0,12.0,120000.0,0.0,0.0,4.0,3,5,0.022727272727272728,-4.96,0.996168582375479,0.6824712643678161,0.0,12.0,120000.0,0.0,0.0,4.0,1
81.0,7940,0.8641975308641975,0.565843621399177,12.5,12.0,120000.0,20000.0,6.0,4.0,0,0,0.022727272727272728,0.929582916666667,0.9960539789234212,0.6823927499835939,0.0,12.0,120000.0,20000.0,6.0,5.0,0
84.0,6575,1.0317460317460316,0.5828373015873015,0.0,12.0,120000.0,20000.0,4.0,5.0,2,5,0.022727272727272728,-4.945417083333333,0.9960539789234212,0.6823927499835939,0.0,12.0,120000.0,20000.0,4.0,5.0,1
86.0,6576,1.0077519379844961,0.6661821705426356,0.0,12.0,120000.0,20000.0,4.0,5.0,3,1,0.022727272727272728,0.9566666666666667,1.0416666666666665,0.6747159090909091,0.0,12.0,120000.0,20000.0,4.0,5.0,0
88.0,904,1.0416666666666665,0.6747159090909091,0.0,8.0,80000.0,20000.0,6.0,1.0,3,5,0.022727272727272728,-4.96,1.0416666666666665,0.6747159090909091,0.0,8.0,80000.0,20000.0,8.0,1.0,1
88.0,1374,1.0416666666666665,0.6747159090909091,0.0,8.0,80000.0,0.0,0.0,5.0,3,5,0.022727272727272728,-4.96,1.0416666666666665,0.6747159090909091,0.0,8.0,80000.0,0.0,0.0,5.0,1
88.0,4155,1.0416666666666665,0.6747159090909091,0.0,25.0,400000.0,0.0,0.0,1.0,3,5,0.022727272727272728,-4.96,1.0416666666666665,0.6747159090909091,0.0,25.0,400000.0,0.0,0.0,1.0,1
88.0,4875,1.0416666666666665,0.6747159090909091,0.0,25.0,400000.0,0.0,0.0,5.0,3,5,0.022727272727272728,-4.96,1.0416666666666665,0.6747159090909091,0.0,25.0,400000.0,0.0,0.0,5.0,1
88.0,6577,1.0416666666666665,0.6747159090909091,0.0,12.0,120000.0,20000.0,4.0,5.0,3,5,0.022727272727272728,-4.96,1.0416666666666665,0.6747159090909091,0.0,12.0,120000.0,20000.0,4.0,5.0,1
88.0,8842,1.0416666666666665,0.6747159090909091,0.0,12.0,120000.0,0.0,0.0,3.0,1,9,0.022727272727272728,-4.88,1.0416666666666665,0.6747159090909091,0.0,12.0,120000.0,0.0,0.0,3.0,1
88.0,9735,1.0416666666666665,0.6747159090909091,0.0,12.0,120000.0,0.0,0.0,3.0,1,9,0.022727272727272728,-4.88,1.0416666666666665,0.6747159090909091,0.0,12.0,120000.0,0.0,0.0,3.0,1
88.0,10175,1.0416666666666665,0.6747159090909091,0.0,12.0,120000.0,0.0,0.0,2.0,1,9,0.022727272727272728,-4.88,1.0416666666666665,0.6747159090909091,0.0,12.0,120000.0,0.0,0.0,2.0,1
88.0,11992,1.0416666666666665,0.6747159090909091,0.0,12.0,120000.0,0.0,0.0,1.0,2,6,0.022727272727272728,-4.88,1.0416666666666665,0.6747159090909091,0.0,12.0,120000.0,0.0,0.0,1.0,1
85.0,5244,1.019607843137255,0.6372549019607843,12.5,12.0,120000.0,20000.0,3.0,5.0,1,1,0.022727272727272728,-4.925,1.0416666666666665,0.6747159090909091,12.5,12.0,120000.0,20000.0,3.0,5.0,1
83.0,11534,0.8433734939759037,0.5522088353413654,0.0,12.0,120000.0,0.0,0.0,2.0,2,1,0.022727272727272728,-5.0087504166666665,1.0415481905599906,0.6746391688854484,0.0,12.0,120000.0,0.0,0.0,2.0,1
85.0,4,1.019607843137255,0.6372549019607843,0.0,8.0,80000.0,20000.0,2.0,2.0,2,8,0.022727272727272728,-5.0089589583333325,1.037618265371664,0.6720936491611913,0.0,8.0,80000.0,20000.0,3.0,2.0,1
83.0,5243,0.8433734939759037,0.5522088353413654,0.0,12.0,120000.0,20000.0,2.0,5.0,0,0,0.022727272727272728,0.89,1.0299625468164793,0.6905430711610487,0.0,12.0,120000.0,20000.0,2.0,5.0,0
89.0,6,1.0299625468164793,0.6905430711610487,0.0,8.0,80000.0,20000.0,3.0,2.0,2,6,0.022727272727272728,-4.859999999999999,1.0299625468164793,0.6905430711610487,0.0,8.0,80000.0,20000.0,3.0,2.0,1
89.0,1813,1.0299625468164793,0.6905430711610487,0.0,8.0,80000.0,0.0,0.0,4.0,1,3,0.022727272727272728,-4.8,1.0299625468164793,0.6905430711610487,0.0,8.0,80000.0,0.0,0.0,4.0,1
89.0,2270,1.0299625468164793,0.6905430711610487,0.0,8.0,80000.0,0.0,0.0,5.0,3,5,0.022727272727272728,-4.96,1.0299625468164793,0.6905430711610487,0.0,8.0,80000.0,0.0,0.0,5.0,1
89.0,2700,1.0299625468164793,0.6905430711610487,0.0,25.0,400000.0,20000.0,2.0,4.0,3,5,0.022727272727272728,-4.96,1.0299625468164793,0.6905430711610487,0.0,25.0,400000.0,20000.0,2.0,4.0,1
89.0,3432,1.0299625468164793,0.6905430711610487,0.0,25.0,400000.0,20000.0,5.0,2.0,3,4,0.022727272727272728,-4.96,1.0299625468164793,0.6905430711610487,12.5,25.0,400000.0,20000.0,5.0,2.0,1
89.0,4508,1.0299625468164793,0.6905430711610487,12.5,25.0,400000.0,20000.0,3.0,3.0,3,4,0.022727272727272728,-4.96,1.0299625468164793,0.6905430711610487,12.5,25.0,400000.0,20000.0,3.0,3.0,1
89.0,5694,1.0299625468164793,0.6905430711610487,12.5,12.0,120000.0,20000.0,2.0,2.0,3,8,0.022727272727272728,-4.96,1.0299625468164793,0.6905430711610487,12.5,12.0,120000.0,20000.0,2.0,2.0,1
89.0,6126,1.0299625468164793,0.6905430711610487,25.0,12.0,120000.0,20000.0,7.0,3.0,3,8,0.022727272727272728,-4.96,1.0299625468164793,0.6905430711610487,25.0,12.0,120000.0,20000.0,7.0,3.0,1
89.0,9286,1.0299625468164793,0.6905430711610487,0.0,12.0,120000.0,0.0,0.0,6.0,1,4,0.022727272727272728,-4.8,1.0299625468164793,0.6905430711610487,0.0,12.0,120000.0,0.0,0.0,6.0,1
89.0,10635,1.0299625468164793,0.6905430711610487,0.0,12.0,120000.0,0.0,0.0,4.0,1,4,0.022727272727272728,-4.8,1.0299625468164793,0.6905430711610487,0.0,12.0,120000.0,0.0,0.0,4.0,1
89.0,11537,1.0299625468164793,0.6905430711610487,0.0,12.0,120000.0,0.0,0.0,2.0,2,7,0.022727272727272728,-4.8,1.0299625468164793,0.6905430711610487,0.0,12.0,120000.0,0.0,0.0,2.0,1
89.0,12431,1.0299625468164793,0.6905430711610487,0.0,12.0,120000.0,0.0,0.0,4.0,2,7,0.022727272727272728,-4.8,1.0299625468164793,0.6905430711610487,0.0,12.0,120000.0,0.0,0.0,4.0,1
83.0,5691,0.8433734939759037,0.5522088353413654,0.0,12.0,120000.0,20000.0,2.0,2.0,0,0,0.022727272727272728,0.9495829166666669,1.0298467179889843,0.6904654131971599,0.0,12.0,120000.0,20000.0,1.0,2.0,0
83.0,6123,0.8433734939759037,0.5522088353413654,0.0,12.0,120000.0,20000.0,5.0,3.0,0,0,0.022727272727272728,0.9493329166666671,1.0298467179889843,0.6904654131971599,12.5,12.0,120000.0,20000.0,6.0,3.0,0
87.0,2269,0.996168582375479,0.6824712643678161,0.0,8.0,80000.0,0.0,0.0,5.0,1,1,0.022727272727272728,-4.9464589583333325,1.0260044368908963,0.6878893383700326,0.0,8.0,80000.0,0.0,0.0,5.0,1
81.0,2,0.8641975308641975,0.565843621399177,0.0,8.0,80000.0,20000.0,2.0,2.0,1,4,0.022727272727272728,-3.4425,1.0185185185185186,0.6828703703703703,0.0,8.0,80000.0,20000.0,3.0,2.0,1
90.0,6578,1.0185185185185186,0.6828703703703703,0.0,12.0,120000.0,20000.0,4.0,5.0,3,3,0.022727272727272728,-4.96,1.0185185185185186,0.6828703703703703,0.0,12.0,120000.0,20000.0,4.0,5.0,1
90.0,8843,1.0185185185185186,0.6828703703703703,0.0,12.0,120000.0,0.0,0.0,3.0,3,3,0.022727272727272728,-4.96,1.0185185185185186,0.6828703703703703,0.0,12.0,120000.0,0.0,0.0,3.0,1
90.0,9736,1.0185185185185186,0.6828703703703703,0.0,12.0,120000.0,0.0,0.0,3.0,2,9,0.022727272727272728,-4.8,1.0185185185185186,0.6828703703703703,0.0,12.0,120000.0,0.0,0.0,3.0,1
90.0,10176,1.0185185185185186,0.6828703703703703,0.0,12.0,120000.0,0.0,0.0,2.0,2,9,0.022727272727272728,-4.8,1.0185185185185186,0.6828703703703703,0.0,12.0,120000.0,0.0,0.0,2.0,1
90.0,11070,1.0185185185185186,0.6828703703703703,0.0,12.0,120000.0,0.0,0.0,4.0,1,4,0.022727272727272728,-4.8,1.0185185185185186,0.6828703703703703,0.0,12.0,120000.0,0.0,0.0,4.0,1
90.0,11993,1.0185185185185186,0.6828703703703703,0.0,12.0,120000.0,0.0,0.0,1.0,1,4,0.022727272727272728,-4.80025,1.0185185185185186,0.6828703703703703,0.0,12.0,120000.0,0.0,0.0,1.0,1
87.0,10634,0.996168582375479,0.6824712643678161,0.0,12.0,120000.0,0.0,0.0,4.0,1,2,0.022727272727272728,-4.925,1.0185185185185186,0.6828703703703703,0.0,12.0,120000.0,0.0,0.0,4.0,1
87.0,1812,0.996168582375479,0.6824712643678161,0.0,8.0,80000.0,0.0,0.0,4.0,2,1,0.022727272727272728,-5.0089589583333325,1.0146477126538342,0.6802751709838205,0.0,8.0,80000.0,0.0,0.0,4.0,1
80.0,1370,0.8333333333333334,0.5729166666666666,0.0,8.0,80000.0,0.0,0.0,5.0,1,6,0.022727272727272728,-3.5675,1.0073260073260073,0.6982600732600732,0.0,8.0,80000.0,0.0,0.0,5.0,1
85.0,7043,1.019607843137255,0.6372549019607843,0.0,12.0,120000.0,20000.0,3.0,4.0,0,0,0.022727272727272728,0.86975,1.0073260073260073,0.6982600732600732,12.5,12.0,120000.0,20000.0,4.0,4.0,0
91.0,7,1.0073260073260073,0.6982600732600732,0.0,8.0,80000.0,20000.0,3.0,2.0,3,9,0.022727272727272728,-4.96,1.0073260073260073,0.6982600732600732,0.0,8.0,80000.0,20000.0,3.0,2.0,1
91.0,451,1.0073260073260073,0.6982600732600732,0.0,8.0,80000.0,20000.0,3.0,4.0,3,9,0.022727272727272728,-4.96,1.0073260073260073,0.6982600732600732,0.0,8.0,80000.0,20000.0,3.0,4.0,1
91.0,6127,1.0073260073260073,0.6982600732600732,12.5,12.0,120000.0,20000.0,6.0,3.0,3,1,0.022727272727272728,-4.88,1.0073260073260073,0.6982600732600732,12.5,12.0,120000.0,20000.0,6.0,3.0,1
91.0,7494,1.0073260073260073,0.6982600732600732,25.0,12.0,120000.0,20000.0,5.0,5.0,3,1,0.022727272727272728,-4.88,1.0073260073260073,0.6982600732600732,25.0,12.0,120000.0,20000.0,5.0,5.0,1
91.0,9287,1.0073260073260073,0.6982600732600732,0.0,12.0,120000.0,0.0,0.0,6.0,2,1,0.022727272727272728,-4.8,1.0073260073260073,0.6982600732600732,0.0,12.0,120000.0,0.0,0.0,6.0,1
91.0,10636,1.0073260073260073,0.6982600732600732,0.0,12.0,120000.0,0.0,0.0,4.0,2,1,0.022727272727272728,-4.8,1.0073260073260073,0.6982600732600732,0.0,12.0,120000.0,0.0,0.0,4.0,1
91.0,11538,1.0073260073260073,0.6982600732600732,0.0,12.0,120000.0,0.0,0.0,2.0,2,1,0.022727272727272728,-4.8,1.0073260073260073,0.6982600732600732,0.0,12.0,120000.0,0.0,0.0,2.0,1
91.0,12432,1.0073260073260073,0.6982600732600732,0.0,12.0,120000.0,0.0,0.0,4.0,2,1,0.022727272727272728,-4.8,1.0073260073260073,0.6982600732600732,0.0,12.0,120000.0,0.0,0.0,4.0,1
85.0,6124,1.019607843137255,0.6372549019607843,12.5,12.0,120000.0,20000.0,6.0,3.0,0,0,0.022727272727272728,0.9495829166666669,1.0072152136525057,0.6981832731000323,0.0,12.0,120000.0,20000.0,5.0,3.0,0
92.0,906,0.9963768115942028,0.6906702898550725,0.0,8.0,80000.0,20000.0,8.0,1.0,2,6,0.022727272727272728,-4.8,0.9963768115942028,0.6906702898550725,0.0,8.0,80000.0,20000.0,8.0,1.0,1
92.0,2701,0.9963768115942028,0.6906702898550725,12.5,25.0,400000.0,20000.0,2.0,4.0,2,6,0.022727272727272728,-4.8,0.9963768115942028,0.6906702898550725,12.5,25.0,400000.0,20000.0,2.0,4.0,1
92.0,3433,0.9963768115942028,0.6906702898550725,12.5,25.0,400000.0,20000.0,5.0,2.0,1,3,0.022727272727272728,-4.8,0.9963768115942028,0.6906702898550725,12.5,25.0,400000.0,20000.0,5.0,2.0,1
92.0,4509,0.9963768115942028,0.6906702898550725,12.5,25.0,400000.0,20000.0,3.0,3.0,1,3,0.022727272727272728,-4.8,0.9963768115942028,0.6906702898550725,12.5,25.0,400000.0,20000.0,3.0,3.0,1
92.0,6579,0.9963768115942028,0.6906702898550725,0.0,12.0,120000.0,20000.0,4.0,5.0,3,3,0.022727272727272728,-4.88,0.9963768115942028,0.6906702898550725,0.0,12.0,120000.0,20000.0,4.0,5.0,1
92.0,8844,0.9963768115942028,0.6906702898550725,0.0,12.0,120000.0,0.0,0.0,3.0,3,3,0.022727272727272728,-4.88,0.9963768115942028,0.6906702898550725,0.0,12.0,120000.0,0.0,0.0,3.0,1
92.0,9737,0.9963768115942028,0.6906702898550725,0.0,12.0,120000.0,0.0,0.0,3.0,3,10,0.022727272727272728,-4.88,0.9963768115942028,0.6906702898550725,0.0,12.0,120000.0,0.0,0.0,3.0,1
92.0,10177,0.9963768115942028,0.6906702898550725,0.0,12.0,120000.0,0.0,0.0,2.0,3,10,0.022727272727272728,-4.88,0.9963768115942028,0.6906702898550725,0.0,12.0,120000.0,0.0,0.0,2.0,1
92.0,11071,0.9963768115942028,0.6906702898550725,0.0,12.0,120000.0,0.0,0.0,4.0,2,10,0.022727272727272728,-4.8,0.9963768115942028,0.6906702898550725,0.0,12.0,120000.0,0.0,0.0,4.0,1
92.0,11994,0.9963768115942028,0.6906702898550725,0.0,12.0,120000.0,0.0,0.0,1.0,2,10,0.022727272727272728,-4.8,0.9963768115942028,0.6906702898550725,0.0,12.0,120000.0,0.0,0.0,1.0,1
87.0,5,0.996168582375479,0.6824712643678161,0.0,8.0,80000.0,20000.0,3.0,2.0,2,1,0.022727272727272728,-5.1339589583333325,0.9926721662629862,0.6881022970686608,0.0,8.0,80000.0,20000.0,3.0,2.0,1
87.0,7492,0.996168582375479,0.6824712643678161,0.0,12.0,120000.0,20000.0,3.0,5.0,0,0,0.022727272727272728,0.9497500000000001,0.985663082437276,0.6832437275985663,12.5,12.0,120000.0,20000.0,4.0,5.0,0
93.0,8,0.985663082437276,0.6832437275985663,0.0,8.0,80000.0,20000.0,3.0,2.0,1,5,0.022727272727272728,-4.8,0.985663082437276,0.6832437275985663,0.0,8.0,80000.0,20000.0,3.0,2.0,1
93.0,1815,0.985663082437276,0.6832437275985663,0.0,8.0,80000.0,0.0,0.0,4.0,1,9,0.022727272727272728,-4.8,0.985663082437276,0.6832437275985663,0.0,8.0,80000.0,0.0,0.0,4.0,1
93.0,2272,0.985663082437276,0.6832437275985663,0.0,8.0,80000.0,0.0,0.0,5.0,1,9,0.022727272727272728,-4.8,0.985663082437276,0.6832437275985663,0.0,8.0,80000.0,0.0,0.0,5.0,1
93.0,6128,0.985663082437276,0.6832437275985663,0.0,12.0,120000.0,20000.0,5.0,3.0,1,6,0.022727272727272728,-4.8,0.985663082437276,0.6832437275985663,0.0,12.0,120000.0,20000.0,5.0,3.0,1
93.0,9288,0.985663082437276,0.6832437275985663,0.0,12.0,120000.0,0.0,0.0,6.0,2,6,0.022727272727272728,-4.8,0.985663082437276,0.6832437275985663,0.0,12.0,120000.0,0.0,0.0,6.0,1
93.0,10637,0.985663082437276,0.6832437275985663,0.0,12.0,120000.0,0.0,0.0,4.0,2,2,0.022727272727272728,-4.8,0.985663082437276,0.6832437275985663,0.0,12.0,120000.0,0.0,0.0,4.0,1
93.0,11539,0.985663082437276,0.6832437275985663,0.0,12.0,120000.0,0.0,0.0,2.0,2,2,0.022727272727272728,-4.8,0.985663082437276,0.6832437275985663,0.0,12.0,120000.0,0.0,0.0,2.0,1
93.0,12433,0.985663082437276,0.6832437275985663,0.0,12.0,120000.0,0.0,0.0,4.0,2,8,0.022727272727272728,-4.8,0.985663082437276,0.6832437275985663,0.0,12.0,120000.0,0.0,0.0,4.0,1
87.0,7044,0.996168582375479,0.6824712643678161,12.5,12.0,120000.0,20000.0,4.0,4.0,0,0,0.022727272727272728,0.9495829166666669,0.9855570025921582,0.6831701949786552,0.0,12.0,120000.0,20000.0,3.0,4.0,0
94.0,907,0.975177304964539,0.6759751773049646,0.0,8.0,80000.0,20000.0,8.0,1.0,2,8,0.022727272727272728,-4.8,0.975177304964539,0.6759751773049646,0.0,8.0,80000.0,20000.0,9.0,1.0,1
94.0,4157,0.975177304964539,0.6759751773049646,0.0,25.0,400000.0,0.0,0.0,1.0,1,6,0.022727272727272728,-4.80025,0.975177304964539,0.6759751773049646,0.0,25.0,400000.0,0.0,0.0,1.0,1
94.0,4877,0.975177304964539,0.6759751773049646,0.0,25.0,400000.0,0.0,0.0,5.0,1,6,0.022727272727272728,-4.8,0.975177304964539,0.6759751773049646,0.0,25.0,400000.0,0.0,0.0,5.0,1
94.0,6580,0.975177304964539,0.6759751773049646,0.0,12.0,120000.0,20000.0,4.0,5.0,2,6,0.022727272727272728,-4.8,0.975177304964539,0.6759751773049646,0.0,12.0,120000.0,20000.0,4.0,5.0,1
94.0,9738,0.975177304964539,0.6759751773049646,0.0,12.0,120000.0,0.0,0.0,3.0,2,6,0.022727272727272728,-4.8,0.975177304964539,0.6759751773049646,0.0,12.0,120000.0,0.0,0.0,3.0,1
94.0,10178,0.975177304964539,0.6759751773049646,0.0,12.0,120000.0,0.0,0.0,2.0,1,1,0.022727272727272728,-4.8,0.975177304964539,0.6759751773049646,0.0,12.0,120000.0,0.0,0.0,2.0,1
94.0,11072,0.975177304964539,0.6759751773049646,0.0,12.0,120000.0,0.0,0.0,4.0,1,1,0.022727272727272728,-4.8,0.975177304964539,0.6759751773049646,0.0,12.0,120000.0,0.0,0.0,4.0,1
90.0,905,1.0185185185185186,0.6828703703703703,0.0,8.0,80000.0,20000.0,8.0,1.0,2,2,0.022727272727272728,-2.86,0.9649122807017544,0.668859649122807,0.0,8.0,80000.0,20000.0,9.0,1.0,1
89.0,7944,1.0299625468164793,0.6905430711610487,0.0,12.0,120000.0,20000.0,6.0,4.0,0,0,0.022727272727272728,0.89,0.9649122807017544,0.668859649122807,0.0,12.0,120000.0,20000.0,7.0,3.0,0
95.0,1816,0.9649122807017544,0.668859649122807,0.0,8.0,80000.0,0.0,0.0,4.0,1,4,0.022727272727272728,-4.859999999999999,0.9649122807017544,0.668859649122807,0.0,8.0,80000.0,0.0,0.0,4.0,1
95.0,2273,0.9649122807017544,0.668859649122807,0.0,8.0,80000.0,0.0,0.0,5.0,1,4,0.022727272727272728,-4.859999999999999,0.9649122807017544,0.668859649122807,0.0,8.0,80000.0,0.0,0.0,5.0,1
95.0,8371,0.9649122807017544,0.668859649122807,12.5,12.0,120000.0,20000.0,9.0,1.0,1,4,0.022727272727272728,-4.859999999999999,0.9649122807017544,0.668859649122807,12.5,12.0,120000.0,20000.0,9.0,1.0,1
95.0,9289,0.9649122807017544,0.668859649122807,0.0,12.0,120000.0,0.0,0.0,6.0,1,4,0.022727272727272728,-4.859999999999999,0.9649122807017544,0.668859649122807,0.0,12.0,120000.0,0.0,0.0,6.0,1
95.0,10638,0.9649122807017544,0.668859649122807,0.0,12.0,120000.0,0.0,0.0,4.0,1,4,0.022727272727272728,-4.859999999999999,0.9649122807017544,0.668859649122807,0.0,12.0,120000.0,0.0,0.0,4.0,1
95.0,11540,0.9649122807017544,0.668859649122807,0.0,12.0,120000.0,0.0,0.0,2.0,1,4,0.022727272727272728,-4.859999999999999,0.9649122807017544,0.668859649122807,0.0,12.0,120000.0,0.0,0.0,2.0,1
89.0,450,1.0299625468164793,0.6905430711610487,0.0,8.0,80000.0,20000.0,3.0,4.0,1,3,0.022727272727272728,-5.17525,0.9649122807017544,0.668859649122807,25.0,8.0,80000.0,20000.0,7.0,4.0,1
89.0,7493,1.0299625468164793,0.6905430711610487,12.5,12.0,120000.0,20000.0,4.0,5.0,0,0,0.022727272727272728,0.9495829166666669,0.9648106201300966,0.6687891798629079,0.0,12.0,120000.0,20000.0,3.0,5.0,0
91.0,1814,1.0073260073260073,0.6982600732600732,0.0,8.0,80000.0,0.0,0.0,4.0,3,1,0.022727272727272728,-5.1933339583333336,0.9927545291116209,0.6640134460066762,0.0,8.0,80000.0,0.0,0.0,4.0,1
96.0,3797,0.9895833333333333,0.6944444444444444,12.5,25.0,400000.0,20000.0,6.0,0.0,2,4,0.022727272727272728,-4.84,0.9895833333333333,0.6944444444444444,12.5,25.0,400000.0,20000.0,6.0,0.0,1
96.0,9739,0.9895833333333333,0.6944444444444444,0.0,12.0,120000.0,0.0,0.0,3.0,3,4,0.022727272727272728,-4.92,0.9895833333333333,0.6944444444444444,0.0,12.0,120000.0,0.0,0.0,3.0,1
96.0,10179,0.9895833333333333,0.6944444444444444,0.0,12.0,120000.0,0.0,0.0,2.0,3,3,0.022727272727272728,-4.92,0.9895833333333333,0.6944444444444444,0.0,12.0,120000.0,0.0,0.0,2.0,1
96.0,11073,0.9895833333333333,0.6944444444444444,0.0,12.0,120000.0,0.0,0.0,4.0,3,3,0.022727272727272728,-4.92,0.9895833333333333,0.6944444444444444,0.0,12.0,120000.0,0.0,0.0,4.0,1
87.0,11536,0.996168582375479,0.6824712643678161,0.0,12.0,120000.0,0.0,0.0,2.0,1,2,0.022727272727272728,0.7230833333333333,1.013745704467354,0.6872852233676976,0.0,12.0,120000.0,0.0,0.0,2.0,0
93.0,452,0.985663082437276,0.6832437275985663,0.0,8.0,80000.0,20000.0,4.0,4.0,1,5,0.022727272727272728,0.88975,1.013745704467354,0.6872852233676976,12.5,8.0,80000.0,20000.0,6.0,4.0,0
97.0,10,1.013745704467354,0.6872852233676976,12.5,8.0,80000.0,20000.0,4.0,2.0,2,8,0.022727272727272728,-4.859999999999999,1.013745704467354,0.6872852233676976,12.5,8.0,80000.0,20000.0,4.0,2.0,1
97.0,454,1.013745704467354,0.6872852233676976,12.5,8.0,80000.0,20000.0,6.0,4.0,2,8,0.022727272727272728,-4.859999999999999,1.013745704467354,0.6872852233676976,12.5,8.0,80000.0,20000.0,6.0,4.0,1
97.0,2274,1.013745704467354,0.6872852233676976,0.0,8.0,80000.0,0.0,0.0,5.0,2,2,0.022727272727272728,-4.82,1.013745704467354,0.6872852233676976,0.0,8.0,80000.0,0.0,0.0,5.0,1
97.0,3060,1.013745704467354,0.6872852233676976,0.0,25.0,400000.0,0.0,0.0,5.0,3,2,0.022727272727272728,-4.92,1.013745704467354,0.6872852233676976,0.0,25.0,400000.0,0.0,0.0,5.0,1
97.0,4158,1.013745704467354,0.6872852233676976,0.0,25.0,400000.0,0.0,0.0,1.0,3,2,0.022727272727272728,-4.92,1.013745704467354,0.6872852233676976,0.0,25.0,400000.0,0.0,0.0,1.0,1
97.0,6130,1.013745704467354,0.6872852233676976,12.5,12.0,120000.0,20000.0,6.0,3.0,3,1,0.022727272727272728,-4.9,1.013745704467354,0.6872852233676976,12.5,12.0,120000.0,20000.0,6.0,3.0,1
97.0,9290,1.013745704467354,0.6872852233676976,0.0,12.0,120000.0,0.0,0.0,6.0,2,1,0.022727272727272728,-4.8,1.013745704467354,0.6872852233676976,0.0,12.0,120000.0,0.0,0.0,6.0,1
97.0,10639,1.013745704467354,0.6872852233676976,0.0,12.0,120000.0,0.0,0.0,4.0,2,3,0.022727272727272728,-4.8,1.013745704467354,0.6872852233676976,0.0,12.0,120000.0,0.0,0.0,4.0,1
97.0,11541,1.013745704467354,0.6872852233676976,0.0,12.0,120000.0,0.0,0.0,2.0,2,3,0.022727272727272728,-4.8,1.013745704467354,0.6872852233676976,0.0,12.0,120000.0,0.0,0.0,2.0,1
97.0,12435,1.013745704467354,0.6872852233676976,0.0,12.0,120000.0,0.0,0.0,4.0,3,2,0.022727272727272728,-4.9,1.013745704467354,0.6872852233676976,0.0,12.0,120000.0,0.0,0.0,4.0,1
91.0,2271,1.0073260073260073,0.6982600732600732,0.0,8.0,80000.0,0.0,0.0,5.0,3,1,0.022727272727272728,0.6625,1.0034013605442178,0.6802721088435375,0.0,8.0,80000.0,0.0,0.0,5.0,0
98.0,909,1.0034013605442178,0.6802721088435375,12.5,8.0,80000.0,20000.0,11.0,1.0,3,2,0.022727272727272728,-4.9,1.0034013605442178,0.6802721088435375,12.5,8.0,80000.0,20000.0,11.0,1.0,1
98.0,2703,1.0034013605442178,0.6802721088435375,12.5,25.0,400000.0,20000.0,2.0,4.0,3,8,0.022727272727272728,-4.9,1.0034013605442178,0.6802721088435375,12.5,25.0,400000.0,20000.0,2.0,4.0,1
98.0,3435,1.0034013605442178,0.6802721088435375,12.5,25.0,400000.0,20000.0,6.0,2.0,3,8,0.022727272727272728,-4.9,1.0034013605442178,0.6802721088435375,12.5,25.0,400000.0,20000.0,6.0,2.0,1
98.0,4511,1.0034013605442178,0.6802721088435375,25.0,25.0,400000.0,20000.0,4.0,3.0,3,9,0.022727272727272728,-4.9,1.0034013605442178,0.6802721088435375,25.0,25.0,400000.0,20000.0,4.0,3.0,1
98.0,6582,1.0034013605442178,0.6802721088435375,12.5,12.0,120000.0,20000.0,5.0,5.0,3,9,0.022727272727272728,-4.9,1.0034013605442178,0.6802721088435375,12.5,12.0,120000.0,20000.0,5.0,5.0,1
98.0,9740,1.0034013605442178,0.6802721088435375,0.0,12.0,120000.0,0.0,0.0,3.0,3,9,0.022727272727272728,-4.9,1.0034013605442178,0.6802721088435375,0.0,12.0,120000.0,0.0,0.0,3.0,1
98.0,10180,1.0034013605442178,0.6802721088435375,0.0,12.0,120000.0,0.0,0.0,2.0,3,9,0.022727272727272728,-4.9,1.0034013605442178,0.6802721088435375,0.0,12.0,120000.0,0.0,0.0,2.0,1
98.0,11074,1.0034013605442178,0.6802721088435375,0.0,12.0,120000.0,0.0,0.0,4.0,3,9,0.022727272727272728,-4.9,1.0034013605442178,0.6802721088435375,0.0,12.0,120000.0,0.0,0.0,4.0,1
95.0,12434,0.9649122807017544,0.668859649122807,0.0,12.0,120000.0,0.0,0.0,4.0,2,1,0.022727272727272728,0.9733333333333334,0.9932659932659932,0.6944444444444444,0.0,12.0,120000.0,0.0,0.0,4.0,0
95.0,9,0.9649122807017544,0.668859649122807,0.0,8.0,80000.0,20000.0,3.0,2.0,0,0,0.022727272727272728,0.89,0.9932659932659932,0.6944444444444444,0.0,8.0,80000.0,20000.0,3.0,2.0,0
93.0,8370,0.985663082437276,0.6832437275985663,0.0,12.0,120000.0,20000.0,8.0,1.0,0,0,0.022727272727272728,0.88975,0.9932659932659932,0.6944444444444444,12.5,12.0,120000.0,20000.0,9.0,1.0,0
99.0,11,0.9932659932659932,0.6944444444444444,0.0,8.0,80000.0,20000.0,3.0,2.0,3,9,0.022727272727272728,-4.9,0.9932659932659932,0.6944444444444444,0.0,8.0,80000.0,20000.0,3.0,2.0,1
99.0,1818,0.9932659932659932,0.6944444444444444,0.0,8.0,80000.0,0.0,0.0,4.0,3,9,0.022727272727272728,-4.9,0.9932659932659932,0.6944444444444444,0.0,8.0,80000.0,0.0,0.0,4.0,1
99.0,3798,0.9932659932659932,0.6944444444444444,12.5,25.0,400000.0,20000.0,6.0,0.0,3,9,0.022727272727272728,-4.9,0.9932659932659932,0.6944444444444444,12.5,25.0,400000.0,20000.0,6.0,0.0,1
99.0,6131,0.9932659932659932,0.6944444444444444,12.5,12.0,120000.0,20000.0,6.0,3.0,3,9,0.022727272727272728,-4.9,0.9932659932659932,0.6944444444444444,12.5,12.0,120000.0,20000.0,6.0,3.0,1
99.0,8373,0.9932659932659932,0.6944444444444444,12.5,12.0,120000.0,20000.0,9.0,1.0,3,7,0.022727272727272728,-4.9,0.9932659932659932,0.6944444444444444,12.5,12.0,120000.0,20000.0,9.0,1.0,1
99.0,9291,0.9932659932659932,0.6944444444444444,0.0,12.0,120000.0,0.0,0.0,6.0,3,7,0.022727272727272728,-4.9,0.9932659932659932,0.6944444444444444,0.0,12.0,120000.0,0.0,0.0,6.0,1
99.0,10640,0.9932659932659932,0.6944444444444444,0.0,12.0,120000.0,0.0,0.0,4.0,3,7,0.022727272727272728,-4.9,0.9932659932659932,0.6944444444444444,0.0,12.0,120000.0,0.0,0.0,4.0,1
99.0,11542,0.9932659932659932,0.6944444444444444,0.0,12.0,120000.0,0.0,0.0,2.0,3,7,0.022727272727272728,-4.9,0.9932659932659932,0.6944444444444444,0.0,12.0,120000.0,0.0,0.0,2.0,1
99.0,12436,0.9932659932659932,0.6944444444444444,0.0,12.0,120000.0,0.0,0.0,4.0,3,7,0.022727272727272728,-4.9,0.9932659932659932,0.6944444444444444,0.0,12.0,120000.0,0.0,0.0,4.0,1
95.0,453,0.9649122807017544,0.668859649122807,12.5,8.0,80000.0,20000.0,6.0,4.0,0,0,0.022727272727272728,0.8891243750000004,0.9931655731913706,0.6943742354939668,12.5,8.0,80000.0,20000.0,6.0,4.0,0
96.0,908,0.9895833333333333,0.6944444444444444,0.0,8.0,80000.0,20000.0,10.0,1.0,1,4,0.022727272727272728,0.89,0.9833333333333333,0.6875,0.0,8.0,80000.0,20000.0,10.0,1.0,0
100.0,910,0.9833333333333333,0.6875,0.0,8.0,80000.0,20000.0,10.0,1.0,3,7,0.022727272727272728,-4.9,0.9833333333333333,0.6875,0.0,8.0,80000.0,20000.0,10.0,1.0,1
100.0,3061,0.9833333333333333,0.6875,0.0,25.0,400000.0,0.0,0.0,5.0,3,7,0.022727272727272728,-4.9,0.9833333333333333,0.6875,0.0,25.0,400000.0,0.0,0.0,5.0,1
100.0,4159,0.9833333333333333,0.6875,0.0,25.0,400000.0,0.0,0.0,1.0,2,10,0.022727272727272728,-4.859999999999999,0.9833333333333333,0.6875,0.0,25.0,400000.0,0.0,0.0,1.0,1
100.0,4879,0.9833333333333333,0.6875,0.0,25.0,400000.0,0.0,0.0,5.0,2,10,0.022727272727272728,-4.859999999999999,0.9833333333333333,0.6875,0.0,25.0,400000.0,0.0,0.0,5.0,1
100.0,6583,0.9833333333333333,0.6875,12.5,12.0,120000.0,20000.0,5.0,5.0,2,4,0.022727272727272728,-4.859999999999999,0.9833333333333333,0.6875,12.5,12.0,120000.0,20000.0,5.0,5.0,1
100.0,7495,0.9833333333333333,0.6875,0.0,12.0,120000.0,20000.0,3.0,5.0,2,4,0.022727272727272728,-4.859999999999999,0.9833333333333333,0.6875,0.0,12.0,120000.0,20000.0,3.0,5.0,1
100.0,9741,0.9833333333333333,0.6875,0.0,12.0,120000.0,0.0,0.0,3.0,2,4,0.022727272727272728,-4.859999999999999,0.9833333333333333,0.6875,0.0,12.0,120000.0,0.0,0.0,3.0,1
100.0,10181,0.9833333333333333,0.6875,0.0,12.0,120000.0,0.0,0.0,2.0,2,4,0.022727272727272728,-4.859999999999999,0.9833333333333333,0.6875,0.0,12.0,120000.0,0.0,0.0,2.0,1
97.0,1817,1.013745704467354,0.6872852233676976,0.0,8.0,80000.0,0.0,0.0,4.0,2,2,0.022727272727272728,-5.028958958333332,0.9799686762147951,0.685147591421361,0.0,8.0,80000.0,0.0,0.0,4.0,1
95.0,6129,0.9649122807017544,0.668859649122807,0.0,12.0,120000.0,20000.0,5.0,3.0,0,0,0.022727272727272728,0.89,0.9735973597359736,0.7116336633663366,0.0,12.0,120000.0,20000.0,5.0,3.0,0
101.0,456,0.9735973597359736,0.7116336633663366,12.5,8.0,80000.0,20000.0,6.0,4.0,3,4,0.022727272727272728,-4.9,0.9735973597359736,0.7116336633663366,12.5,8.0,80000.0,20000.0,6.0,4.0,1
101.0,1819,0.9735973597359736,0.7116336633663366,0.0,8.0,80000.0,0.0,0.0,4.0,3,4,0.022727272727272728,-4.9,0.9735973597359736,0.7116336633663366,0.0,8.0,80000.0,0.0,0.0,4.0,1
101.0,3440,0.9735973597359736,0.7116336633663366,12.5,25.0,400000.0,20000.0,7.0,2.0,2,5,0.022727272727272728,-4.82,0.9735973597359736,0.7116336633663366,12.5,25.0,400000.0,20000.0,7.0,2.0,1
101.0,4512,0.9735973597359736,0.7116336633663366,25.0,25.0,400000.0,20000.0,4.0,3.0,2,5,0.022727272727272728,-4.82,0.9735973597359736,0.7116336633663366,25.0,25.0,400000.0,20000.0,4.0,3.0,1
101.0,6132,0.9735973597359736,0.7116336633663366,0.0,12.0,120000.0,20000.0,5.0,3.0,3,10,0.022727272727272728,-4.9,0.9735973597359736,0.7116336633663366,0.0,12.0,120000.0,20000.0,5.0,3.0,1
101.0,8374,0.9735973597359736,0.7116336633663366,12.5,12.0,120000.0,20000.0,9.0,1.0,2,9,0.022727272727272728,-4.82,0.9735973597359736,0.7116336633663366,12.5,12.0,120000.0,20000.0,9.0,1.0,1
101.0,9292,0.9735973597359736,0.7116336633663366,0.0,12.0,120000.0,0.0,0.0,6.0,2,9,0.022727272727272728,-4.82,0.9735973597359736,0.7116336633663366,0.0,12.0,120000.0,0.0,0.0,6.0,1
101.0,10641,0.9735973597359736,0.7116336633663366,0.0,12.0,120000.0,0.0,0.0,4.0,3,10,0.022727272727272728,-4.9,0.9735973597359736,0.7116336633663366,0.0,12.0,120000.0,0.0,0.0,4.0,1
101.0,11543,0.9735973597359736,0.7116336633663366,0.0,12.0,120000.0,0.0,0.0,2.0,3,10,0.022727272727272728,-4.9,0.9735973597359736,0.7116336633663366,0.0,12.0,120000.0,0.0,0.0,2.0,1
101.0,12437,0.9735973597359736,0.7116336633663366,0.0,12.0,120000.0,0.0,0.0,4.0,2,3,0.022727272727272728,-4.82,0.9735973597359736,0.7116336633663366,0.0,12.0,120000.0,0.0,0.0,4.0,1
96.0,6581,0.9895833333333333,0.6944444444444444,0.0,12.0,120000.0,20000.0,4.0,5.0,0,0,0.022727272727272728,0.89,0.9640522875816994,0.7250816993464053,0.0,12.0,120000.0,20000.0,4.0,5.0,0
102.0,2275,0.9640522875816994,0.7250816993464053,0.0,8.0,80000.0,0.0,0.0,5.0,2,4,0.022727272727272728,-4.8,0.9640522875816994,0.7250816993464053,0.0,8.0,80000.0,0.0,0.0,5.0,1
102.0,3799,0.9640522875816994,0.7250816993464053,12.5,25.0,400000.0,20000.0,6.0,0.0,2,4,0.022727272727272728,-4.8,0.9640522875816994,0.7250816993464053,12.5,25.0,400000.0,20000.0,6.0,0.0,1
102.0,6584,0.9640522875816994,0.7250816993464053,0.0,12.0,120000.0,20000.0,4.0,5.0,2,9,0.022727272727272728,-4.8,0.9640522875816994,0.7250816993464053,0.0,12.0,120000.0,20000.0,4.0,5.0,1
102.0,7496,0.9640522875816994,0.7250816993464053,0.0,12.0,120000.0,20000.0,3.0,5.0,2,9,0.022727272727272728,-4.8,0.9640522875816994,0.7250816993464053,0.0,12.0,120000.0,20000.0,3.0,5.0,1
102.0,9742,0.9640522875816994,0.7250816993464053,0.0,12.0,120000.0,0.0,0.0,3.0,1,10,0.022727272727272728,-4.8,0.9640522875816994,0.7250816993464053,0.0,12.0,120000.0,0.0,0.0,3.0,1
102.0,10182,0.9640522875816994,0.7250816993464053,0.0,12.0,120000.0,0.0,0.0,2.0,1,10,0.022727272727272728,-4.8,0.9640522875816994,0.7250816993464053,0.0,12.0,120000.0,0.0,0.0,2.0,1
102.0,11076,0.9640522875816994,0.7250816993464053,0.0,12.0,120000.0,0.0,0.0,4.0,2,10,0.022727272727272728,-4.8,0.9640522875816994,0.7250816993464053,0.0,12.0,120000.0,0.0,0.0,4.0,1
83.0,4506,0.8433734939759037,0.5522088353413654,0.0,25.0,400000.0,20000.0,2.0,3.0,0,0,0.022727272727272728,0.73975,0.9546925566343042,0.7382686084142395,12.5,25.0,400000.0,20000.0,3.0,3.0,0
103.0,13,0.9546925566343042,0.7382686084142395,0.0,8.0,80000.0,20000.0,3.0,2.0,2,10,0.022727272727272728,-4.859999999999999,0.9546925566343042,0.7382686084142395,0.0,8.0,80000.0,20000.0,3.0,2.0,1
103.0,457,0.9546925566343042,0.7382686084142395,12.5,8.0,80000.0,20000.0,6.0,4.0,3,6,0.022727272727272728,-4.9,0.9546925566343042,0.7382686084142395,12.5,8.0,80000.0,20000.0,6.0,4.0,1
103.0,1820,0.9546925566343042,0.7382686084142395,0.0,8.0,80000.0,0.0,0.0,4.0,3,6,0.022727272727272728,-4.9,0.9546925566343042,0.7382686084142395,0.0,8.0,80000.0,0.0,0.0,4.0,1
103.0,3062,0.9546925566343042,0.7382686084142395,0.0,25.0,400000.0,0.0,0.0,5.0,1,10,0.022727272727272728,-4.859999999999999,0.9546925566343042,0.7382686084142395,0.0,25.0,400000.0,0.0,0.0,5.0,1
103.0,6133,0.9546925566343042,0.7382686084142395,0.0,12.0,120000.0,20000.0,6.0,3.0,1,10,0.022727272727272728,-4.859999999999999,0.9546925566343042,0.7382686084142395,0.0,12.0,120000.0,20000.0,6.0,3.0,1
103.0,8375,0.9546925566343042,0.7382686084142395,12.5,12.0,120000.0,20000.0,9.0,1.0,1,6,0.022727272727272728,-4.859999999999999,0.9546925566343042,0.7382686084142395,12.5,12.0,120000.0,20000.0,9.0,1.0,1
103.0,9293,0.9546925566343042,0.7382686084142395,0.0,12.0,120000.0,0.0,0.0,6.0,1,6,0.022727272727272728,-4.859999999999999,0.9546925566343042,0.7382686084142395,0.0,12.0,120000.0,0.0,0.0,6.0,1
103.0,10642,0.9546925566343042,0.7382686084142395,0.0,12.0,120000.0,0.0,0.0,4.0,1,6,0.022727272727272728,-4.859999999999999,0.9546925566343042,0.7382686084142395,0.0,12.0,120000.0,0.0,0.0,4.0,1
103.0,11544,0.9546925566343042,0.7382686084142395,0.0,12.0,120000.0,0.0,0.0,2.0,1,6,0.022727272727272728,-4.859999999999999,0.9546925566343042,0.7382686084142395,0.0,12.0,120000.0,0.0,0.0,2.0,1
100.0,11075,0.9833333333333333,0.6875,0.0,12.0,120000.0,0.0,0.0,4.0,2,2,0.022727272727272728,-4.945,0.9546925566343042,0.7382686084142395,0.0,12.0,120000.0,0.0,0.0,4.0,1
99.0,455,0.9932659932659932,0.6944444444444444,12.5,8.0,80000.0,20000.0,6.0,4.0,0,0,0.022727272727272728,0.9293743750000004,0.9545997843639985,0.7381968671458887,0.0,8.0,80000.0,20000.0,5.0,4.0,0
97.0,8372,1.013745704467354,0.6872852233676976,12.5,12.0,120000.0,20000.0,9.0,1.0,0,0,0.022727272727272728,0.929582916666667,0.9545997843639985,0.7381968671458887,0.0,12.0,120000.0,20000.0,8.0,1.0,0
101.0,12,0.9735973597359736,0.7116336633663366,0.0,8.0,80000.0,20000.0,3.0,2.0,2,2,0.022727272727272728,-4.966458958333332,0.951520728492011,0.7358158175838643,0.0,8.0,80000.0,20000.0,3.0,2.0,1
104.0,2276,0.9455128205128205,0.7612179487179487,0.0,8.0,80000.0,0.0,0.0,5.0,1,7,0.022727272727272728,-4.82,0.9455128205128205,0.7612179487179487,0.0,8.0,80000.0,0.0,0.0,5.0,1
104.0,2705,0.9455128205128205,0.7612179487179487,25.0,25.0,400000.0,20000.0,3.0,4.0,1,7,0.022727272727272728,-4.82,0.9455128205128205,0.7612179487179487,25.0,25.0,400000.0,20000.0,3.0,4.0,1
104.0,9743,0.9455128205128205,0.7612179487179487,0.0,12.0,120000.0,0.0,0.0,3.0,2,7,0.022727272727272728,-4.82,0.9455128205128205,0.7612179487179487,0.0,12.0,120000.0,0.0,0.0,3.0,1
104.0,10183,0.9455128205128205,0.7612179487179487,0.0,12.0,120000.0,0.0,0.0,2.0,3,3,0.022727272727272728,-4.9,0.9455128205128205,0.7612179487179487,0.0,12.0,120000.0,0.0,0.0,2.0,1
104.0,11077,0.9455128205128205,0.7612179487179487,0.0,12.0,120000.0,0.0,0.0,4.0,3,3,0.022727272727272728,-4.9,0.9455128205128205,0.7612179487179487,0.0,12.0,120000.0,0.0,0.0,4.0,1
102.0,911,0.9640522875816994,0.7250816993464053,0.0,8.0,80000.0,20000.0,10.0,1.0,2,3,0.022727272727272728,-4.966458958333332,0.9424015964219153,0.7587131496617114,0.0,8.0,80000.0,20000.0,12.0,1.0,1
105.0,14,0.9365079365079364,0.7738095238095237,0.0,8.0,80000.0,20000.0,3.0,2.0,2,9,0.022727272727272728,-4.859999999999999,0.9365079365079364,0.7738095238095237,0.0,8.0,80000.0,20000.0,3.0,2.0,1
105.0,458,0.9365079365079364,0.7738095238095237,0.0,8.0,80000.0,20000.0,5.0,4.0,2,9,0.022727272727272728,-4.859999999999999,0.9365079365079364,0.7738095238095237,0.0,8.0,80000.0,20000.0,6.0,4.0,1
105.0,1821,0.9365079365079364,0.7738095238095237,0.0,8.0,80000.0,0.0,0.0,4.0,1,4,0.022727272727272728,-4.859999999999999,0.9365079365079364,0.7738095238095237,0.0,8.0,80000.0,0.0,0.0,4.0,1
105.0,6134,0.9365079365079364,0.7738095238095237,0.0,12.0,120000.0,20000.0,6.0,3.0,1,4,0.022727272727272728,-4.859999999999999,0.9365079365079364,0.7738095238095237,0.0,12.0,120000.0,20000.0,6.0,3.0,1
105.0,9294,0.9365079365079364,0.7738095238095237,0.0,12.0,120000.0,0.0,0.0,6.0,2,3,0.022727272727272728,-4.8,0.9365079365079364,0.7738095238095237,0.0,12.0,120000.0,0.0,0.0,6.0,1
105.0,10643,0.9365079365079364,0.7738095238095237,0.0,12.0,120000.0,0.0,0.0,4.0,1,3,0.022727272727272728,-4.8,0.9365079365079364,0.7738095238095237,0.0,12.0,120000.0,0.0,0.0,4.0,1
105.0,12439,0.9365079365079364,0.7738095238095237,0.0,12.0,120000.0,0.0,0.0,4.0,1,3,0.022727272727272728,-4.8,0.9365079365079364,0.7738095238095237,0.0,12.0,120000.0,0.0,0.0,4.0,1
106.0,3063,0.9276729559748428,0.7959905660377359,0.0,25.0,400000.0,0.0,0.0,5.0,2,6,0.022727272727272728,-4.8,0.9276729559748428,0.7959905660377359,0.0,25.0,400000.0,0.0,0.0,5.0,1
106.0,6586,0.9276729559748428,0.7959905660377359,12.5,12.0,120000.0,20000.0,5.0,5.0,2,6,0.022727272727272728,-4.8,0.9276729559748428,0.7959905660377359,12.5,12.0,120000.0,20000.0,5.0,5.0,1
106.0,7498,0.9276729559748428,0.7959905660377359,12.5,12.0,120000.0,20000.0,4.0,5.0,3,8,0.022727272727272728,-4.84,0.9276729559748428,0.7959905660377359,12.5,12.0,120000.0,20000.0,4.0,5.0,1
106.0,9744,0.9276729559748428,0.7959905660377359,0.0,12.0,120000.0,0.0,0.0,3.0,3,8,0.022727272727272728,-4.84,0.9276729559748428,0.7959905660377359,0.0,12.0,120000.0,0.0,0.0,3.0,1
106.0,10184,0.9276729559748428,0.7959905660377359,0.0,12.0,120000.0,0.0,0.0,2.0,3,8,0.022727272727272728,-4.84,0.9276729559748428,0.7959905660377359,0.0,12.0,120000.0,0.0,0.0,2.0,1
106.0,11078,0.9276729559748428,0.7959905660377359,0.0,12.0,120000.0,0.0,0.0,4.0,3,8,0.022727272727272728,-4.84,0.9276729559748428,0.7959905660377359,0.0,12.0,120000.0,0.0,0.0,4.0,1
103.0,12438,0.9546925566343042,0.7382686084142395,0.0,12.0,120000.0,0.0,0.0,4.0,2,2,0.022727272727272728,-4.925,0.9276729559748428,0.7959905660377359,0.0,12.0,120000.0,0.0,0.0,4.0,1
104.0,912,0.9455128205128205,0.7612179487179487,0.0,8.0,80000.0,20000.0,12.0,1.0,2,2,0.022727272727272728,-4.9464589583333325,0.9246778430231162,0.7934206068312756,12.5,8.0,80000.0,20000.0,13.0,1.0,1
107.0,15,0.9190031152647975,0.7885514018691588,0.0,8.0,80000.0,20000.0,3.0,2.0,2,3,0.022727272727272728,-4.8,0.9190031152647975,0.7885514018691588,0.0,8.0,80000.0,20000.0,3.0,2.0,1
107.0,459,0.9190031152647975,0.7885514018691588,0.0,8.0,80000.0,20000.0,6.0,4.0,2,3,0.022727272727272728,-4.8,0.9190031152647975,0.7885514018691588,0.0,8.0,80000.0,20000.0,6.0,4.0,1
107.0,1822,0.9190031152647975,0.7885514018691588,0.0,8.0,80000.0,0.0,0.0,4.0,2,3,0.022727272727272728,-4.8,0.9190031152647975,0.7885514018691588,0.0,8.0,80000.0,0.0,0.0,4.0,1
107.0,2706,0.9190031152647975,0.7885514018691588,25.0,25.0,400000.0,20000.0,3.0,4.0,2,3,0.022727272727272728,-4.8,0.9190031152647975,0.7885514018691588,25.0,25.0,400000.0,20000.0,3.0,4.0,1
107.0,3438,0.9190031152647975,0.7885514018691588,50.0,25.0,400000.0,20000.0,9.0,2.0,3,6,0.022727272727272728,-4.84,0.9190031152647975,0.7885514018691588,50.0,25.0,400000.0,20000.0,9.0,2.0,1
107.0,3442,0.9190031152647975,0.7885514018691588,50.0,25.0,400000.0,20000.0,9.0,2.0,3,6,0.022727272727272728,-4.84,0.9190031152647975,0.7885514018691588,50.0,25.0,400000.0,20000.0,9.0,2.0,1
107.0,4514,0.9190031152647975,0.7885514018691588,25.0,25.0,400000.0,20000.0,4.0,3.0,3,2,0.022727272727272728,-4.84,0.9190031152647975,0.7885514018691588,25.0,25.0,400000.0,20000.0,4.0,3.0,1
107.0,6135,0.9190031152647975,0.7885514018691588,0.0,12.0,120000.0,20000.0,6.0,3.0,3,2,0.022727272727272728,-4.84,0.9190031152647975,0.7885514018691588,0.0,12.0,120000.0,20000.0,6.0,3.0,1
107.0,10644,0.9190031152647975,0.7885514018691588,0.0,12.0,120000.0,0.0,0.0,4.0,1,2,0.022727272727272728,-4.8,0.9190031152647975,0.7885514018691588,0.0,12.0,120000.0,0.0,0.0,4.0,1
107.0,12440,0.9190031152647975,0.7885514018691588,0.0,12.0,120000.0,0.0,0.0,4.0,1,2,0.022727272727272728,-4.8,0.9190031152647975,0.7885514018691588,0.0,12.0,120000.0,0.0,0.0,4.0,1
108.0,2278,0.9104938271604938,0.7812499999999999,0.0,8.0,80000.0,0.0,0.0,5.0,1,2,0.022727272727272728,-4.82,0.9104938271604938,0.7812499999999999,0.0,8.0,80000.0,0.0,0.0,5.0,1
108.0,6587,0.9104938271604938,0.7812499999999999,12.5,12.0,120000.0,20000.0,5.0,5.0,1,2,0.022727272727272728,-4.82,0.9104938271604938,0.7812499999999999,12.5,12.0,120000.0,20000.0,5.0,5.0,1
108.0,7499,0.9104938271604938,0.7812499999999999,12.5,12.0,120000.0,20000.0,4.0,5.0,2,2,0.022727272727272728,-4.82,0.9104938271604938,0.7812499999999999,12.5,12.0,120000.0,20000.0,4.0,5.0,1
108.0,10185,0.9104938271604938,0.7812499999999999,0.0,12.0,120000.0,0.0,0.0,2.0,2,2,0.022727272727272728,-4.82,0.9104938271604938,0.7812499999999999,0.0,12.0,120000.0,0.0,0.0,2.0,1
108.0,11079,0.9104938271604938,0.7812499999999999,0.0,12.0,120000.0,0.0,0.0,4.0,1,10,0.022727272727272728,-4.82,0.9104938271604938,0.7812499999999999,0.0,12.0,120000.0,0.0,0.0,4.0,1
105.0,8376,0.9365079365079364,0.7738095238095237,0.0,12.0,120000.0,20000.0,8.0,1.0,2,3,0.022727272727272728,-4.945417083333333,0.9104094456924255,0.7811775964098142,12.5,12.0,120000.0,20000.0,10.0,1.0,1
106.0,2277,0.9276729559748428,0.7959905660377359,0.0,8.0,80000.0,0.0,0.0,5.0,3,3,0.022727272727272728,-5.0683339583333336,0.9353532014824704,0.776266488935247,0.0,8.0,80000.0,0.0,0.0,5.0,1
109.0,16,0.9327217125382262,0.7740825688073394,0.0,8.0,80000.0,20000.0,3.0,2.0,1,10,0.022727272727272728,-4.859999999999999,0.9327217125382262,0.7740825688073394,0.0,8.0,80000.0,20000.0,3.0,2.0,1
109.0,1823,0.9327217125382262,0.7740825688073394,0.0,8.0,80000.0,0.0,0.0,4.0,2,6,0.022727272727272728,-4.859999999999999,0.9327217125382262,0.7740825688073394,0.0,8.0,80000.0,0.0,0.0,4.0,1
109.0,3064,0.9327217125382262,0.7740825688073394,0.0,25.0,400000.0,0.0,0.0,5.0,2,6,0.022727272727272728,-4.859999999999999,0.9327217125382262,0.7740825688073394,0.0,25.0,400000.0,0.0,0.0,5.0,1
104.0,6585,0.9455128205128205,0.7612179487179487,0.0,12.0,120000.0,20000.0,4.0,5.0,0,0,0.022727272727272728,0.89,0.9242424242424243,0.7670454545454546,0.0,12.0,120000.0,20000.0,4.0,5.0,0
106.0,913,0.9276729559748428,0.7959905660377359,0.0,8.0,80000.0,20000.0,12.0,1.0,0,0,0.022727272727272728,0.88975,0.9242424242424243,0.7670454545454546,12.5,8.0,80000.0,20000.0,14.0,1.0,0
104.0,7497,0.9455128205128205,0.7612179487179487,0.0,12.0,120000.0,20000.0,3.0,5.0,0,0,0.022727272727272728,0.89,0.9242424242424243,0.7670454545454546,0.0,12.0,120000.0,20000.0,4.0,5.0,0
110.0,1375,0.9242424242424243,0.7670454545454546,0.0,8.0,80000.0,0.0,0.0,5.0,2,5,0.022727272727272728,-4.859999999999999,0.9242424242424243,0.7670454545454546,0.0,8.0,80000.0,0.0,0.0,5.0,1
110.0,2279,0.9242424242424243,0.7670454545454546,0.0,8.0,80000.0,0.0,0.0,5.0,2,5,0.022727272727272728,-4.859999999999999,0.9242424242424243,0.7670454545454546,0.0,8.0,80000.0,0.0,0.0,5.0,1
110.0,2707,0.9242424242424243,0.7670454545454546,25.0,25.0,400000.0,20000.0,3.0,4.0,1,9,0.022727272727272728,-4.859999999999999,0.9242424242424243,0.7670454545454546,25.0,25.0,400000.0,20000.0,3.0,4.0,1
110.0,3439,0.9242424242424243,0.7670454545454546,50.0,25.0,400000.0,20000.0,9.0,2.0,1,9,0.022727272727272728,-4.859999999999999,0.9242424242424243,0.7670454545454546,50.0,25.0,400000.0,20000.0,10.0,2.0,1
110.0,5695,0.9242424242424243,0.7670454545454546,0.0,12.0,120000.0,20000.0,3.0,2.0,2,6,0.022727272727272728,-4.859999999999999,0.9242424242424243,0.7670454545454546,0.0,12.0,120000.0,20000.0,3.0,2.0,1
110.0,6588,0.9242424242424243,0.7670454545454546,0.0,12.0,120000.0,20000.0,4.0,5.0,2,9,0.022727272727272728,-4.859999999999999,0.9242424242424243,0.7670454545454546,0.0,12.0,120000.0,20000.0,4.0,5.0,1
111.0,17,0.915915915915916,0.7601351351351351,0.0,8.0,80000.0,20000.0,3.0,2.0,2,7,0.022727272727272728,-4.84,0.915915915915916,0.7601351351351351,0.0,8.0,80000.0,20000.0,3.0,2.0,1
111.0,461,0.915915915915916,0.7601351351351351,12.5,8.0,80000.0,20000.0,7.0,4.0,2,7,0.022727272727272728,-4.84,0.915915915915916,0.7601351351351351,12.5,8.0,80000.0,20000.0,7.0,4.0,1
111.0,1824,0.915915915915916,0.7601351351351351,0.0,8.0,80000.0,0.0,0.0,4.0,3,2,0.022727272727272728,-4.84,0.915915915915916,0.7601351351351351,0.0,8.0,80000.0,0.0,0.0,4.0,1
111.0,6137,0.915915915915916,0.7601351351351351,12.5,12.0,120000.0,20000.0,7.0,3.0,3,5,0.022727272727272728,-4.84,0.915915915915916,0.7601351351351351,12.5,12.0,120000.0,20000.0,7.0,3.0,1
111.0,8379,0.915915915915916,0.7601351351351351,37.5,12.0,120000.0,20000.0,11.0,1.0,3,5,0.022727272727272728,-4.84,0.915915915915916,0.7601351351351351,37.5,12.0,120000.0,20000.0,11.0,1.0,1
111.0,12442,0.915915915915916,0.7601351351351351,0.0,12.0,120000.0,0.0,0.0,4.0,3,5,0.022727272727272728,-4.84,0.915915915915916,0.7601351351351351,0.0,12.0,120000.0,0.0,0.0,4.0,1
110.0,10186,0.9242424242424243,0.7670454545454546,0.0,12.0,120000.0,0.0,0.0,2.0,3,1,0.022727272727272728,-4.9216670833333325,0.9527211248611596,0.7536172960327532,0.0,12.0,120000.0,0.0,0.0,2.0,1
112.0,916,0.9523809523809524,0.7533482142857143,25.0,8.0,80000.0,20000.0,14.0,1.0,3,5,0.022727272727272728,-4.859999999999999,0.9523809523809524,0.7533482142857143,25.0,8.0,80000.0,20000.0,14.0,1.0,1
112.0,1376,0.9523809523809524,0.7533482142857143,0.0,8.0,80000.0,0.0,0.0,5.0,3,5,0.022727272727272728,-4.859999999999999,0.9523809523809524,0.7533482142857143,0.0,8.0,80000.0,0.0,0.0,5.0,1
112.0,2280,0.9523809523809524,0.7533482142857143,0.0,8.0,80000.0,0.0,0.0,5.0,3,5,0.022727272727272728,-4.859999999999999,0.9523809523809524,0.7533482142857143,0.0,8.0,80000.0,0.0,0.0,5.0,1
112.0,3065,0.9523809523809524,0.7533482142857143,0.0,25.0,400000.0,0.0,0.0,5.0,2,9,0.022727272727272728,-4.82,0.9523809523809524,0.7533482142857143,0.0,25.0,400000.0,0.0,0.0,5.0,1
112.0,5696,0.9523809523809524,0.7533482142857143,0.0,12.0,120000.0,20000.0,3.0,2.0,2,9,0.022727272727272728,-4.82,0.9523809523809524,0.7533482142857143,0.0,12.0,120000.0,20000.0,3.0,2.0,1
112.0,6589,0.9523809523809524,0.7533482142857143,0.0,12.0,120000.0,20000.0,4.0,5.0,1,7,0.022727272727272728,-4.82,0.9523809523809524,0.7533482142857143,0.0,12.0,120000.0,20000.0,4.0,5.0,1
112.0,7501,0.9523809523809524,0.7533482142857143,12.5,12.0,120000.0,20000.0,4.0,5.0,1,7,0.022727272727272728,-4.82,0.9523809523809524,0.7533482142857143,12.5,12.0,120000.0,20000.0,4.0,5.0,1
112.0,10187,0.9523809523809524,0.7533482142857143,0.0,12.0,120000.0,0.0,0.0,2.0,2,9,0.022727272727272728,-4.82,0.9523809523809524,0.7533482142857143,0.0,12.0,120000.0,0.0,0.0,2.0,1
112.0,11081,0.9523809523809524,0.7533482142857143,0.0,12.0,120000.0,0.0,0.0,4.0,3,8,0.022727272727272728,-4.859999999999999,0.9523809523809524,0.7533482142857143,0.0,12.0,120000.0,0.0,0.0,4.0,1
110.0,11080,0.9242424242424243,0.7670454545454546,0.0,12.0,120000.0,0.0,0.0,4.0,3,1,0.022727272727272728,-4.98333375,0.9885504318445676,0.7469457554049438,0.0,12.0,120000.0,0.0,0.0,4.0,1
109.0,12441,0.9327217125382262,0.7740825688073394,0.0,12.0,120000.0,0.0,0.0,4.0,1,1,0.022727272727272728,0.9733333333333334,0.9882005899705014,0.8388643067846608,0.0,12.0,120000.0,0.0,0.0,4.0,0
109.0,460,0.9327217125382262,0.7740825688073394,0.0,8.0,80000.0,20000.0,6.0,4.0,0,0,0.022727272727272728,0.89,0.9882005899705014,0.8388643067846608,0.0,8.0,80000.0,20000.0,7.0,4.0,0
93.0,3796,0.985663082437276,0.6832437275985663,0.0,25.0,400000.0,20000.0,4.0,0.0,0,0,0.022727272727272728,0.74,0.9882005899705014,0.8388643067846608,0.0,25.0,400000.0,20000.0,5.0,0.0,0
107.0,8377,0.9190031152647975,0.7885514018691588,0.0,12.0,120000.0,20000.0,8.0,1.0,0,0,0.022727272727272728,0.88975,0.9882005899705014,0.8388643067846608,12.5,12.0,120000.0,20000.0,9.0,1.0,0
113.0,18,0.9882005899705014,0.8388643067846608,0.0,8.0,80000.0,20000.0,3.0,2.0,3,8,0.022727272727272728,-4.859999999999999,0.9882005899705014,0.8388643067846608,0.0,8.0,80000.0,20000.0,3.0,2.0,1
113.0,462,0.9882005899705014,0.8388643067846608,0.0,8.0,80000.0,20000.0,6.0,4.0,3,8,0.022727272727272728,-4.859999999999999,0.9882005899705014,0.8388643067846608,0.0,8.0,80000.0,20000.0,7.0,4.0,1
113.0,6138,0.9882005899705014,0.8388643067846608,12.5,12.0,120000.0,20000.0,7.0,3.0,1,5,0.022727272727272728,-4.82,0.9882005899705014,0.8388643067846608,12.5,12.0,120000.0,20000.0,7.0,3.0,1
113.0,7945,0.9882005899705014,0.8388643067846608,0.0,12.0,120000.0,20000.0,7.0,3.0,1,5,0.022727272727272728,-4.82,0.9882005899705014,0.8388643067846608,0.0,12.0,120000.0,20000.0,7.0,3.0,1
113.0,8380,0.9882005899705014,0.8388643067846608,12.5,12.0,120000.0,20000.0,9.0,1.0,3,8,0.022727272727272728,-4.859999999999999,0.9882005899705014,0.8388643067846608,12.5,12.0,120000.0,20000.0,9.0,1.0,1
113.0,12443,0.9882005899705014,0.8388643067846608,0.0,12.0,120000.0,0.0,0.0,4.0,3,8,0.022727272727272728,-4.859999999999999,0.9882005899705014,0.8388643067846608,0.0,12.0,120000.0,0.0,0.0,4.0,1
108.0,914,0.9104938271604938,0.7812499999999999,12.5,8.0,80000.0,20000.0,13.0,1.0,1,2,0.022727272727272728,-5.13275,0.9882005899705014,0.8388643067846608,37.5,8.0,80000.0,20000.0,15.0,1.0,1
109.0,925,0.9327217125382262,0.7740825688073394,12.5,8.0,80000.0,20000.0,13.0,1.0,0,0,0.022727272727272728,0.9288743750000005,0.9881130588933376,0.8387900033516206,25.0,8.0,80000.0,20000.0,14.0,1.0,0
114.0,917,0.97953216374269,0.8315058479532162,25.0,8.0,80000.0,20000.0,14.0,1.0,1,5,0.022727272727272728,-4.88025,0.97953216374269,0.8315058479532162,25.0,8.0,80000.0,20000.0,14.0,1.0,1
114.0,1377,0.97953216374269,0.8315058479532162,0.0,8.0,80000.0,0.0,0.0,5.0,1,5,0.022727272727272728,-4.88,0.97953216374269,0.8315058479532162,0.0,8.0,80000.0,0.0,0.0,5.0,1
114.0,2281,0.97953216374269,0.8315058479532162,0.0,8.0,80000.0,0.0,0.0,5.0,3,6,0.022727272727272728,-4.92,0.97953216374269,0.8315058479532162,0.0,8.0,80000.0,0.0,0.0,5.0,1
114.0,5697,0.97953216374269,0.8315058479532162,0.0,12.0,120000.0,20000.0,3.0,2.0,3,6,0.022727272727272728,-4.92,0.97953216374269,0.8315058479532162,0.0,12.0,120000.0,20000.0,3.0,2.0,1
114.0,6590,0.97953216374269,0.8315058479532162,0.0,12.0,120000.0,20000.0,4.0,5.0,2,6,0.022727272727272728,-4.88,0.97953216374269,0.8315058479532162,0.0,12.0,120000.0,20000.0,4.0,5.0,1
114.0,7502,0.97953216374269,0.8315058479532162,12.5,12.0,120000.0,20000.0,4.0,5.0,2,6,0.022727272727272728,-4.88,0.97953216374269,0.8315058479532162,12.5,12.0,120000.0,20000.0,4.0,5.0,1
114.0,10188,0.97953216374269,0.8315058479532162,0.0,12.0,120000.0,0.0,0.0,2.0,2,6,0.022727272727272728,-4.88,0.97953216374269,0.8315058479532162,0.0,12.0,120000.0,0.0,0.0,2.0,1
114.0,11082,0.97953216374269,0.8315058479532162,0.0,12.0,120000.0,0.0,0.0,4.0,2,6,0.022727272727272728,-4.88,0.97953216374269,0.8315058479532162,0.0,12.0,120000.0,0.0,0.0,4.0,1
110.0,915,0.9242424242424243,0.7670454545454546,12.5,8.0,80000.0,20000.0,13.0,1.0,1,1,0.022727272727272728,0.8691243750000004,0.9794461614964043,0.8314328423150448,12.5,8.0,80000.0,20000.0,13.0,1.0,0
111.0,926,0.915915915915916,0.7601351351351351,25.0,8.0,80000.0,20000.0,14.0,1.0,3,2,0.022727272727272728,0.8300000000000001,1.144927536231884,0.8242753623188406,12.5,8.0,80000.0,20000.0,13.0,1.0,0
109.0,6136,0.9327217125382262,0.7740825688073394,0.0,12.0,120000.0,20000.0,6.0,3.0,0,0,0.022727272727272728,0.87,1.144927536231884,0.8242753623188406,0.0,12.0,120000.0,20000.0,7.0,3.0,0
115.0,19,1.144927536231884,0.8242753623188406,0.0,8.0,80000.0,20000.0,3.0,2.0,3,7,0.022727272727272728,-4.92,1.144927536231884,0.8242753623188406,0.0,8.0,80000.0,20000.0,3.0,2.0,1
115.0,463,1.144927536231884,0.8242753623188406,0.0,8.0,80000.0,20000.0,7.0,4.0,3,7,0.022727272727272728,-4.92,1.144927536231884,0.8242753623188406,0.0,8.0,80000.0,20000.0,7.0,4.0,1
115.0,3066,1.144927536231884,0.8242753623188406,0.0,25.0,400000.0,0.0,0.0,5.0,3,4,0.022727272727272728,-4.84,1.144927536231884,0.8242753623188406,0.0,25.0,400000.0,0.0,0.0,5.0,1
115.0,11545,1.144927536231884,0.8242753623188406,0.0,12.0,120000.0,0.0,0.0,2.0,2,4,0.022727272727272728,-4.8,1.144927536231884,0.8242753623188406,0.0,12.0,120000.0,0.0,0.0,2.0,1
115.0,12444,1.144927536231884,0.8242753623188406,0.0,12.0,120000.0,0.0,0.0,4.0,2,9,0.022727272727272728,-4.8,1.144927536231884,0.8242753623188406,0.0,12.0,120000.0,0.0,0.0,4.0,1
95.0,3434,0.9649122807017544,0.668859649122807,0.0,25.0,400000.0,20000.0,4.0,2.0,0,0,0.022727272727272728,0.7987998000000001,1.1448278864306392,0.8242036207688936,50.0,25.0,400000.0,20000.0,9.0,2.0,0
95.0,4510,0.9649122807017544,0.668859649122807,12.5,25.0,400000.0,20000.0,3.0,3.0,0,0,0.022727272727272728,0.7992998000000002,1.1448278864306392,0.8242036207688936,25.0,25.0,400000.0,20000.0,4.0,3.0,0
109.0,8378,0.9327217125382262,0.7740825688073394,12.5,12.0,120000.0,20000.0,10.0,1.0,0,0,0.022727272727272728,0.9493329166666671,1.1448278864306392,0.8242036207688936,12.5,12.0,120000.0,20000.0,10.0,1.0,0
95.0,2702,0.9649122807017544,0.668859649122807,0.0,25.0,400000.0,20000.0,1.0,4.0,0,0,0.022727272727272728,0.7992998000000002,1.1448278864306392,0.8242036207688936,25.0,25.0,400000.0,20000.0,3.0,4.0,0
116.0,918,1.135057471264368,0.8171695402298851,12.5,8.0,80000.0,20000.0,13.0,1.0,2,9,0.022727272727272728,-4.88,1.135057471264368,0.8171695402298851,12.5,8.0,80000.0,20000.0,13.0,1.0,1
116.0,1378,1.135057471264368,0.8171695402298851,0.0,8.0,80000.0,0.0,0.0,5.0,3,7,0.022727272727272728,-4.92,1.135057471264368,0.8171695402298851,0.0,8.0,80000.0,0.0,0.0,5.0,1
116.0,2282,1.135057471264368,0.8171695402298851,0.0,8.0,80000.0,0.0,0.0,5.0,3,7,0.022727272727272728,-4.92,1.135057471264368,0.8171695402298851,0.0,8.0,80000.0,0.0,0.0,5.0,1
116.0,7045,1.135057471264368,0.8171695402298851,0.0,12.0,120000.0,20000.0,4.0,4.0,3,9,0.022727272727272728,-4.92,1.135057471264368,0.8171695402298851,0.0,12.0,120000.0,20000.0,4.0,4.0,1
116.0,7503,1.135057471264368,0.8171695402298851,12.5,12.0,120000.0,20000.0,4.0,5.0,3,9,0.022727272727272728,-4.92,1.135057471264368,0.8171695402298851,12.5,12.0,120000.0,20000.0,4.0,5.0,1
116.0,10189,1.135057471264368,0.8171695402298851,0.0,12.0,120000.0,0.0,0.0,2.0,2,4,0.022727272727272728,-4.8,1.135057471264368,0.8171695402298851,0.0,12.0,120000.0,0.0,0.0,2.0,1
116.0,11083,1.135057471264368,0.8171695402298851,0.0,12.0,120000.0,0.0,0.0,4.0,2,4,0.022727272727272728,-4.8,1.135057471264368,0.8171695402298851,0.0,12.0,120000.0,0.0,0.0,4.0,1
110.0,7500,0.9242424242424243,0.7670454545454546,0.0,12.0,120000.0,20000.0,3.0,5.0,0,0,0.022727272727272728,0.9495829166666669,1.1349595320840562,0.8170990302187429,0.0,12.0,120000.0,20000.0,3.0,5.0,0
115.0,928,1.144927536231884,0.8242753623188406,12.5,8.0,80000.0,20000.0,13.0,1.0,3,4,0.022727272727272728,-5.025833958333333,1.1568783286495947,0.8123142585425396,12.5,8.0,80000.0,20000.0,13.0,1.0,1
86.0,4507,1.0077519379844961,0.6661821705426356,12.5,25.0,400000.0,20000.0,3.0,3.0,3,1,0.022727272727272728,-3.536533533333333,1.1555579928476951,0.81138717090386,25.0,25.0,400000.0,20000.0,4.0,3.0,1
117.0,929,1.153846153846154,0.8101851851851851,12.5,8.0,80000.0,20000.0,13.0,1.0,2,5,0.022727272727272728,-4.8,1.153846153846154,0.8101851851851851,12.5,8.0,80000.0,20000.0,13.0,1.0,1
117.0,4520,1.153846153846154,0.8101851851851851,25.0,25.0,400000.0,20000.0,4.0,3.0,2,5,0.022727272727272728,-4.8,1.153846153846154,0.8101851851851851,25.0,25.0,400000.0,20000.0,4.0,3.0,1
117.0,6140,1.153846153846154,0.8101851851851851,12.5,12.0,120000.0,20000.0,7.0,3.0,3,3,0.022727272727272728,-4.92,1.153846153846154,0.8101851851851851,12.5,12.0,120000.0,20000.0,7.0,3.0,1
117.0,7947,1.153846153846154,0.8101851851851851,12.5,12.0,120000.0,20000.0,8.0,3.0,3,3,0.022727272727272728,-4.92,1.153846153846154,0.8101851851851851,12.5,12.0,120000.0,20000.0,8.0,3.0,1
117.0,11546,1.153846153846154,0.8101851851851851,0.0,12.0,120000.0,0.0,0.0,2.0,1,5,0.022727272727272728,-4.8,1.153846153846154,0.8101851851851851,0.0,12.0,120000.0,0.0,0.0,2.0,1
113.0,927,0.9882005899705014,0.8388643067846608,25.0,8.0,80000.0,20000.0,14.0,1.0,0,0,0.022727272727272728,0.9493743750000003,1.1537474443425824,0.8101158752714119,0.0,8.0,80000.0,20000.0,12.0,1.0,0
118.0,1379,1.1440677966101696,0.8033192090395479,0.0,8.0,80000.0,0.0,0.0,5.0,3,10,0.022727272727272728,-4.96,1.1440677966101696,0.8033192090395479,0.0,8.0,80000.0,0.0,0.0,5.0,1
118.0,2283,1.1440677966101696,0.8033192090395479,0.0,8.0,80000.0,0.0,0.0,5.0,3,10,0.022727272727272728,-4.96,1.1440677966101696,0.8033192090395479,0.0,8.0,80000.0,0.0,0.0,5.0,1
118.0,6592,1.1440677966101696,0.8033192090395479,12.5,12.0,120000.0,20000.0,5.0,5.0,2,9,0.022727272727272728,-4.8,1.1440677966101696,0.8033192090395479,12.5,12.0,120000.0,20000.0,5.0,5.0,1
118.0,7046,1.1440677966101696,0.8033192090395479,0.0,12.0,120000.0,20000.0,4.0,4.0,2,9,0.022727272727272728,-4.8,1.1440677966101696,0.8033192090395479,0.0,12.0,120000.0,20000.0,4.0,4.0,1
118.0,7504,1.1440677966101696,0.8033192090395479,0.0,12.0,120000.0,20000.0,3.0,5.0,3,2,0.022727272727272728,-4.96,1.1440677966101696,0.8033192090395479,0.0,12.0,120000.0,20000.0,3.0,5.0,1
118.0,10190,1.1440677966101696,0.8033192090395479,0.0,12.0,120000.0,0.0,0.0,2.0,3,2,0.022727272727272728,-4.96,1.1440677966101696,0.8033192090395479,0.0,12.0,120000.0,0.0,0.0,2.0,1
118.0,11084,1.1440677966101696,0.8033192090395479,0.0,12.0,120000.0,0.0,0.0,4.0,2,4,0.022727272727272728,-4.8,1.1440677966101696,0.8033192090395479,0.0,12.0,120000.0,0.0,0.0,4.0,1
119.0,21,1.4145658263305323,0.822829131652661,12.5,8.0,80000.0,20000.0,4.0,2.0,2,4,0.022727272727272728,-4.82,1.4145658263305323,0.822829131652661,12.5,8.0,80000.0,20000.0,4.0,2.0,1
119.0,465,1.4145658263305323,0.822829131652661,25.0,8.0,80000.0,20000.0,9.0,4.0,3,6,0.022727272727272728,-4.96,1.4145658263305323,0.822829131652661,25.0,8.0,80000.0,20000.0,9.0,4.0,1
119.0,930,1.4145658263305323,0.822829131652661,12.5,8.0,80000.0,20000.0,13.0,1.0,3,6,0.022727272727272728,-4.96,1.4145658263305323,0.822829131652661,12.5,8.0,80000.0,20000.0,13.0,1.0,1
119.0,2710,1.4145658263305323,0.822829131652661,37.5,25.0,400000.0,20000.0,4.0,4.0,3,8,0.022727272727272728,-4.96,1.4145658263305323,0.822829131652661,37.5,25.0,400000.0,20000.0,4.0,4.0,1
119.0,2720,1.4145658263305323,0.822829131652661,37.5,25.0,400000.0,20000.0,4.0,4.0,3,9,0.022727272727272728,-4.96,1.4145658263305323,0.822829131652661,37.5,25.0,400000.0,20000.0,4.0,4.0,1
119.0,3446,1.4145658263305323,0.822829131652661,62.5,25.0,400000.0,20000.0,10.0,2.0,3,9,0.022727272727272728,-4.96,1.4145658263305323,0.822829131652661,62.5,25.0,400000.0,20000.0,10.0,2.0,1
119.0,4161,1.4145658263305323,0.822829131652661,0.0,25.0,400000.0,0.0,0.0,1.0,3,9,0.022727272727272728,-4.96,1.4145658263305323,0.822829131652661,0.0,25.0,400000.0,0.0,0.0,1.0,1
119.0,4518,1.4145658263305323,0.822829131652661,25.0,25.0,400000.0,20000.0,4.0,3.0,3,9,0.022727272727272728,-4.96,1.4145658263305323,0.822829131652661,25.0,25.0,400000.0,20000.0,4.0,3.0,1
119.0,6141,1.4145658263305323,0.822829131652661,12.5,12.0,120000.0,20000.0,7.0,3.0,1,2,0.022727272727272728,-4.82,1.4145658263305323,0.822829131652661,12.5,12.0,120000.0,20000.0,7.0,3.0,1
119.0,7948,1.4145658263305323,0.822829131652661,12.5,12.0,120000.0,20000.0,8.0,3.0,1,2,0.022727272727272728,-4.82,1.4145658263305323,0.822829131652661,12.5,12.0,120000.0,20000.0,8.0,3.0,1
119.0,8383,1.4145658263305323,0.822829131652661,25.0,12.0,120000.0,20000.0,11.0,1.0,3,9,0.022727272727272728,-4.96,1.4145658263305323,0.822829131652661,25.0,12.0,120000.0,20000.0,11.0,1.0,1
119.0,8395,1.4145658263305323,0.822829131652661,25.0,12.0,120000.0,20000.0,11.0,1.0,3,9,0.022727272727272728,-4.96,1.4145658263305323,0.822829131652661,25.0,12.0,120000.0,20000.0,11.0,1.0,1
119.0,11547,1.4145658263305323,0.822829131652661,0.0,12.0,120000.0,0.0,0.0,2.0,3,10,0.022727272727272728,-4.96,1.4145658263305323,0.822829131652661,0.0,12.0,120000.0,0.0,0.0,2.0,1
90.0,3795,1.0185185185185186,0.6828703703703703,0.0,25.0,400000.0,20000.0,4.0,0.0,2,2,0.022727272727272728,-3.413333333333333,1.406685236768802,0.8182451253481895,0.0,25.0,400000.0,20000.0,5.0,0.0,1
120.0,476,1.4027777777777777,0.9895833333333334,25.0,8.0,80000.0,20000.0,9.0,4.0,3,10,0.022727272727272728,-4.96,1.4027777777777777,0.9895833333333334,25.0,8.0,80000.0,20000.0,9.0,4.0,1
120.0,1380,1.4027777777777777,0.9895833333333334,0.0,8.0,80000.0,0.0,0.0,5.0,2,10,0.022727272727272728,-4.88,1.4027777777777777,0.9895833333333334,0.0,8.0,80000.0,0.0,0.0,5.0,1
120.0,2284,1.4027777777777777,0.9895833333333334,0.0,8.0,80000.0,0.0,0.0,5.0,3,10,0.022727272727272728,-4.96,1.4027777777777777,0.9895833333333334,0.0,8.0,80000.0,0.0,0.0,5.0,1
120.0,4521,1.4027777777777777,0.9895833333333334,25.0,25.0,400000.0,20000.0,4.0,3.0,3,10,0.022727272727272728,-4.96,1.4027777777777777,0.9895833333333334,25.0,25.0,400000.0,20000.0,4.0,3.0,1
120.0,6593,1.4027777777777777,0.9895833333333334,12.5,12.0,120000.0,20000.0,5.0,5.0,1,10,0.022727272727272728,-4.88,1.4027777777777777,0.9895833333333334,12.5,12.0,120000.0,20000.0,5.0,5.0,1
120.0,7047,1.4027777777777777,0.9895833333333334,0.0,12.0,120000.0,20000.0,4.0,4.0,1,10,0.022727272727272728,-4.88,1.4027777777777777,0.9895833333333334,0.0,12.0,120000.0,20000.0,4.0,4.0,1
120.0,9745,1.4027777777777777,0.9895833333333334,0.0,12.0,120000.0,0.0,0.0,3.0,2,5,0.022727272727272728,-4.8,1.4027777777777777,0.9895833333333334,0.0,12.0,120000.0,0.0,0.0,3.0,1
120.0,10191,1.4027777777777777,0.9895833333333334,0.0,12.0,120000.0,0.0,0.0,2.0,2,5,0.022727272727272728,-4.8,1.4027777777777777,0.9895833333333334,0.0,12.0,120000.0,0.0,0.0,2.0,1
120.0,11085,1.4027777777777777,0.9895833333333334,0.0,12.0,120000.0,0.0,0.0,4.0,3,3,0.022727272727272728,-4.96,1.4027777777777777,0.9895833333333334,0.0,12.0,120000.0,0.0,0.0,4.0,1
87.0,3794,0.996168582375479,0.6824712643678161,0.0,25.0,400000.0,20000.0,4.0,0.0,3,1,0.022727272727272728,-3.6363333333333334,1.393295626983032,0.9828941923023864,0.0,25.0,400000.0,20000.0,5.0,0.0,1
91.0,4876,1.0073260073260073,0.6982600732600732,0.0,25.0,400000.0,0.0,0.0,5.0,3,1,0.022727272727272728,-3.5563333333333333,1.393295626983032,0.9828941923023864,0.0,25.0,400000.0,0.0,0.0,5.0,1
117.0,464,1.153846153846154,0.8101851851851851,0.0,8.0,80000.0,20000.0,7.0,4.0,0,0,0.022727272727272728,0.84975,1.3911845730027548,1.0072314049586777,12.5,8.0,80000.0,20000.0,9.0,4.0,0
117.0,20,1.153846153846154,0.8101851851851851,0.0,8.0,80000.0,20000.0,3.0,2.0,0,0,0.022727272727272728,0.85,1.3911845730027548,1.0072314049586777,0.0,8.0,80000.0,20000.0,3.0,2.0,0
115.0,7946,1.144927536231884,0.8242753623188406,0.0,12.0,120000.0,20000.0,7.0,3.0,0,0,0.022727272727272728,0.85,1.3911845730027548,1.0072314049586777,0.0,12.0,120000.0,20000.0,7.0,3.0,0
121.0,3068,1.3911845730027548,1.0072314049586777,0.0,25.0,400000.0,0.0,0.0,5.0,3,6,0.022727272727272728,-4.92,1.3911845730027548,1.0072314049586777,0.0,25.0,400000.0,0.0,0.0,5.0,1
121.0,6142,1.3911845730027548,1.0072314049586777,12.5,12.0,120000.0,20000.0,7.0,3.0,3,6,0.022727272727272728,-4.92,1.3911845730027548,1.0072314049586777,12.5,12.0,120000.0,20000.0,7.0,3.0,1
121.0,7949,1.3911845730027548,1.0072314049586777,0.0,12.0,120000.0,20000.0,7.0,3.0,2,6,0.022727272727272728,-4.84,1.3911845730027548,1.0072314049586777,0.0,12.0,120000.0,20000.0,7.0,3.0,1
121.0,8384,1.3911845730027548,1.0072314049586777,25.0,12.0,120000.0,20000.0,11.0,1.0,2,6,0.022727272727272728,-4.84,1.3911845730027548,1.0072314049586777,25.0,12.0,120000.0,20000.0,11.0,1.0,1
121.0,8396,1.3911845730027548,1.0072314049586777,25.0,12.0,120000.0,20000.0,11.0,1.0,3,5,0.022727272727272728,-4.92,1.3911845730027548,1.0072314049586777,25.0,12.0,120000.0,20000.0,11.0,1.0,1
121.0,11548,1.3911845730027548,1.0072314049586777,0.0,12.0,120000.0,0.0,0.0,2.0,3,5,0.022727272727272728,-4.92,1.3911845730027548,1.0072314049586777,0.0,12.0,120000.0,0.0,0.0,2.0,1
115.0,6139,1.144927536231884,0.8242753623188406,0.0,12.0,120000.0,20000.0,6.0,3.0,0,0,0.022727272727272728,0.929582916666667,1.3910694936173738,1.007148086344262,0.0,12.0,120000.0,20000.0,6.0,3.0,0
101.0,3436,0.9735973597359736,0.7116336633663366,12.5,25.0,400000.0,20000.0,6.0,2.0,0,0,0.022727272727272728,0.7787998000000002,1.3910694936173738,1.007148086344262,50.0,25.0,400000.0,20000.0,9.0,2.0,0
115.0,8381,1.144927536231884,0.8242753623188406,12.5,12.0,120000.0,20000.0,10.0,1.0,0,0,0.022727272727272728,0.9293329166666671,1.3910694936173738,1.007148086344262,12.5,12.0,120000.0,20000.0,10.0,1.0,0
101.0,2704,0.9735973597359736,0.7116336633663366,12.5,25.0,400000.0,20000.0,2.0,4.0,0,0,0.022727272727272728,0.7792998000000002,1.3910694936173738,1.007148086344262,25.0,25.0,400000.0,20000.0,3.0,4.0,0
118.0,5699,1.1440677966101696,0.8033192090395479,12.5,12.0,120000.0,20000.0,4.0,2.0,2,1,0.022727272727272728,0.9733333333333334,1.5163934426229508,1.0843579234972678,12.5,12.0,120000.0,20000.0,4.0,2.0,0
116.0,5698,1.135057471264368,0.8171695402298851,0.0,12.0,120000.0,20000.0,3.0,2.0,0,0,0.022727272727272728,0.88975,1.5163934426229508,1.0843579234972678,12.5,12.0,120000.0,20000.0,4.0,2.0,0
116.0,6591,1.135057471264368,0.8171695402298851,0.0,12.0,120000.0,20000.0,4.0,5.0,0,0,0.022727272727272728,0.89,1.5163934426229508,1.0843579234972678,0.0,12.0,120000.0,20000.0,4.0,5.0,0
118.0,919,1.1440677966101696,0.8033192090395479,0.0,8.0,80000.0,20000.0,12.0,1.0,0,0,0.022727272727272728,0.8895000000000001,1.5163934426229508,1.0843579234972678,25.0,8.0,80000.0,20000.0,14.0,1.0,0
122.0,477,1.5163934426229508,1.0843579234972678,25.0,8.0,80000.0,20000.0,9.0,4.0,3,5,0.022727272727272728,-4.92,1.5163934426229508,1.0843579234972678,25.0,8.0,80000.0,20000.0,9.0,4.0,1
122.0,921,1.5163934426229508,1.0843579234972678,25.0,8.0,80000.0,20000.0,14.0,1.0,3,5,0.022727272727272728,-4.92,1.5163934426229508,1.0843579234972678,25.0,8.0,80000.0,20000.0,14.0,1.0,1
122.0,1381,1.5163934426229508,1.0843579234972678,0.0,8.0,80000.0,0.0,0.0,5.0,3,5,0.022727272727272728,-4.92,1.5163934426229508,1.0843579234972678,0.0,8.0,80000.0,0.0,0.0,5.0,1
122.0,2285,1.5163934426229508,1.0843579234972678,0.0,8.0,80000.0,0.0,0.0,5.0,3,5,0.022727272727272728,-4.92,1.5163934426229508,1.0843579234972678,0.0,8.0,80000.0,0.0,0.0,5.0,1
122.0,2721,1.5163934426229508,1.0843579234972678,25.0,25.0,400000.0,20000.0,3.0,4.0,1,3,0.022727272727272728,-4.8,1.5163934426229508,1.0843579234972678,25.0,25.0,400000.0,20000.0,3.0,4.0,1
122.0,3447,1.5163934426229508,1.0843579234972678,50.0,25.0,400000.0,20000.0,9.0,2.0,1,4,0.022727272727272728,-4.8,1.5163934426229508,1.0843579234972678,50.0,25.0,400000.0,20000.0,9.0,2.0,1
122.0,3800,1.5163934426229508,1.0843579234972678,0.0,25.0,400000.0,20000.0,5.0,0.0,2,4,0.022727272727272728,-4.8,1.5163934426229508,1.0843579234972678,0.0,25.0,400000.0,20000.0,5.0,0.0,1
122.0,4162,1.5163934426229508,1.0843579234972678,0.0,25.0,400000.0,0.0,0.0,1.0,3,10,0.022727272727272728,-4.92,1.5163934426229508,1.0843579234972678,0.0,25.0,400000.0,0.0,0.0,1.0,1
122.0,4519,1.5163934426229508,1.0843579234972678,25.0,25.0,400000.0,20000.0,4.0,3.0,3,10,0.022727272727272728,-4.92,1.5163934426229508,1.0843579234972678,25.0,25.0,400000.0,20000.0,4.0,3.0,1
122.0,5701,1.5163934426229508,1.0843579234972678,12.5,12.0,120000.0,20000.0,4.0,2.0,3,6,0.022727272727272728,-4.92,1.5163934426229508,1.0843579234972678,12.5,12.0,120000.0,20000.0,4.0,2.0,1
122.0,6594,1.5163934426229508,1.0843579234972678,0.0,12.0,120000.0,20000.0,4.0,5.0,3,6,0.022727272727272728,-4.92,1.5163934426229508,1.0843579234972678,0.0,12.0,120000.0,20000.0,4.0,5.0,1
122.0,9746,1.5163934426229508,1.0843579234972678,0.0,12.0,120000.0,0.0,0.0,3.0,3,6,0.022727272727272728,-4.92,1.5163934426229508,1.0843579234972678,0.0,12.0,120000.0,0.0,0.0,3.0,1
122.0,10192,1.5163934426229508,1.0843579234972678,0.0,12.0,120000.0,0.0,0.0,2.0,2,3,0.022727272727272728,-4.8,1.5163934426229508,1.0843579234972678,0.0,12.0,120000.0,0.0,0.0,2.0,1
122.0,11086,1.5163934426229508,1.0843579234972678,0.0,12.0,120000.0,0.0,0.0,4.0,2,3,0.022727272727272728,-4.8,1.5163934426229508,1.0843579234972678,0.0,12.0,120000.0,0.0,0.0,4.0,1
118.0,475,1.1440677966101696,0.8033192090395479,12.5,8.0,80000.0,20000.0,8.0,4.0,0,0,0.022727272727272728,0.9491243750000005,1.5162690339915554,1.0842689601178352,12.5,8.0,80000.0,20000.0,8.0,4.0,0
123.0,23,1.5040650406504066,1.0755420054200542,0.0,8.0,80000.0,20000.0,3.0,2.0,2,5,0.022727272727272728,-4.859999999999999,1.5040650406504066,1.0755420054200542,0.0,8.0,80000.0,20000.0,3.0,2.0,1
123.0,467,1.5040650406504066,1.0755420054200542,12.5,8.0,80000.0,20000.0,8.0,4.0,2,5,0.022727272727272728,-4.859999999999999,1.5040650406504066,1.0755420054200542,12.5,8.0,80000.0,20000.0,8.0,4.0,1
123.0,7950,1.5040650406504066,1.0755420054200542,0.0,12.0,120000.0,20000.0,7.0,3.0,1,6,0.022727272727272728,-4.859999999999999,1.5040650406504066,1.0755420054200542,0.0,12.0,120000.0,20000.0,7.0,3.0,1
120.0,7505,1.4027777777777777,0.9895833333333334,0.0,12.0,120000.0,20000.0,4.0,5.0,2,4,0.022727272727272728,-4.925,1.5040650406504066,1.0755420054200542,12.5,12.0,120000.0,20000.0,5.0,5.0,1
117.0,8382,1.153846153846154,0.8101851851851851,12.5,12.0,120000.0,20000.0,10.0,1.0,1,5,0.022727272727272728,0.949082916666667,1.5039426466187589,1.075454482660937,25.0,12.0,120000.0,20000.0,11.0,1.0,0
121.0,22,1.3911845730027548,1.0072314049586777,0.0,8.0,80000.0,20000.0,3.0,2.0,3,3,0.022727272727272728,-5.088333958333333,1.5225826083931275,1.0695132260283584,0.0,8.0,80000.0,20000.0,3.0,2.0,1
91.0,4156,1.0073260073260073,0.6982600732600732,0.0,25.0,400000.0,0.0,0.0,1.0,3,1,0.022727272727272728,-3.576533533333333,1.5209431311825834,1.0683616021028102,0.0,25.0,400000.0,0.0,0.0,1.0,1
124.0,1382,1.5188172043010753,1.0668682795698925,0.0,8.0,80000.0,0.0,0.0,5.0,1,3,0.022727272727272728,-4.8,1.5188172043010753,1.0668682795698925,0.0,8.0,80000.0,0.0,0.0,5.0,1
124.0,2286,1.5188172043010753,1.0668682795698925,0.0,8.0,80000.0,0.0,0.0,5.0,3,4,0.022727272727272728,-4.859999999999999,1.5188172043010753,1.0668682795698925,0.0,8.0,80000.0,0.0,0.0,5.0,1
124.0,3069,1.5188172043010753,1.0668682795698925,0.0,25.0,400000.0,0.0,0.0,5.0,3,4,0.022727272727272728,-4.859999999999999,1.5188172043010753,1.0668682795698925,0.0,25.0,400000.0,0.0,0.0,5.0,1
124.0,7507,1.5188172043010753,1.0668682795698925,12.5,12.0,120000.0,20000.0,5.0,5.0,2,6,0.022727272727272728,-4.8,1.5188172043010753,1.0668682795698925,12.5,12.0,120000.0,20000.0,5.0,5.0,1
124.0,9747,1.5188172043010753,1.0668682795698925,0.0,12.0,120000.0,0.0,0.0,3.0,2,6,0.022727272727272728,-4.8,1.5188172043010753,1.0668682795698925,0.0,12.0,120000.0,0.0,0.0,3.0,1
124.0,10193,1.5188172043010753,1.0668682795698925,0.0,12.0,120000.0,0.0,0.0,2.0,1,10,0.022727272727272728,-4.8004999999999995,1.5188172043010753,1.0668682795698925,0.0,12.0,120000.0,0.0,0.0,2.0,1
124.0,11087,1.5188172043010753,1.0668682795698925,0.0,12.0,120000.0,0.0,0.0,4.0,1,10,0.022727272727272728,-4.8,1.5188172043010753,1.0668682795698925,0.0,12.0,120000.0,0.0,0.0,4.0,1
120.0,920,1.4027777777777777,0.9895833333333334,12.5,8.0,80000.0,20000.0,13.0,1.0,0,0,0.022727272727272728,0.9486243750000003,1.5186946064542157,1.0667821627194987,37.5,8.0,80000.0,20000.0,15.0,1.0,0
104.0,3437,0.9455128205128205,0.7612179487179487,25.0,25.0,400000.0,20000.0,7.0,2.0,0,0,0.022727272727272728,0.7992998000000002,1.5186946064542157,1.0667821627194987,25.0,25.0,400000.0,20000.0,7.0,2.0,0
104.0,3441,0.9455128205128205,0.7612179487179487,25.0,25.0,400000.0,20000.0,8.0,2.0,0,0,0.022727272727272728,0.7992998000000002,1.5186946064542157,1.0667821627194987,25.0,25.0,400000.0,20000.0,7.0,2.0,0
104.0,4513,0.9455128205128205,0.7612179487179487,12.5,25.0,400000.0,20000.0,3.0,3.0,0,0,0.022727272727272728,0.7992998000000002,1.5186946064542157,1.0667821627194987,25.0,25.0,400000.0,20000.0,4.0,3.0,0
125.0,24,1.5066666666666668,1.0583333333333333,0.0,8.0,80000.0,20000.0,3.0,2.0,3,9,0.022727272727272728,-4.92,1.5066666666666668,1.0583333333333333,0.0,8.0,80000.0,20000.0,3.0,2.0,1
125.0,933,1.5066666666666668,1.0583333333333333,37.5,8.0,80000.0,20000.0,15.0,1.0,2,7,0.022727272727272728,-4.859999999999999,1.5066666666666668,1.0583333333333333,37.5,8.0,80000.0,20000.0,15.0,1.0,1
125.0,2712,1.5066666666666668,1.0583333333333333,25.0,25.0,400000.0,20000.0,3.0,4.0,2,7,0.022727272727272728,-4.859999999999999,1.5066666666666668,1.0583333333333333,25.0,25.0,400000.0,20000.0,3.0,4.0,1
125.0,4163,1.5066666666666668,1.0583333333333333,0.0,25.0,400000.0,0.0,0.0,1.0,2,1,0.022727272727272728,-4.8,1.5066666666666668,1.0583333333333333,0.0,25.0,400000.0,0.0,0.0,1.0,1
125.0,8386,1.5066666666666668,1.0583333333333333,25.0,12.0,120000.0,20000.0,12.0,1.0,2,2,0.022727272727272728,-4.8,1.5066666666666668,1.0583333333333333,25.0,12.0,120000.0,20000.0,12.0,1.0,1
125.0,8398,1.5066666666666668,1.0583333333333333,25.0,12.0,120000.0,20000.0,12.0,1.0,2,2,0.022727272727272728,-4.8,1.5066666666666668,1.0583333333333333,25.0,12.0,120000.0,20000.0,12.0,1.0,1
125.0,10195,1.5066666666666668,1.0583333333333333,0.0,12.0,120000.0,0.0,0.0,2.0,2,2,0.022727272727272728,-4.8,1.5066666666666668,1.0583333333333333,0.0,12.0,120000.0,0.0,0.0,2.0,1
125.0,11550,1.5066666666666668,1.0583333333333333,0.0,12.0,120000.0,0.0,0.0,2.0,2,2,0.022727272727272728,-4.8,1.5066666666666668,1.0583333333333333,0.0,12.0,120000.0,0.0,0.0,2.0,1
121.0,466,1.3911845730027548,1.0072314049586777,12.5,8.0,80000.0,20000.0,8.0,4.0,0,0,0.022727272727272728,0.9491243750000005,1.506546022461188,1.0582485887863435,12.5,8.0,80000.0,20000.0,8.0,4.0,0
121.0,931,1.3911845730027548,1.0072314049586777,25.0,8.0,80000.0,20000.0,14.0,1.0,0,0,0.022727272727272728,0.9488743750000004,1.506546022461188,1.0582485887863435,25.0,8.0,80000.0,20000.0,14.0,1.0,0
123.0,11549,1.5040650406504066,1.0755420054200542,0.0,12.0,120000.0,0.0,0.0,2.0,3,3,0.022727272727272728,-5.04333375,1.5348786756474007,1.0502671972371762,0.0,12.0,120000.0,0.0,0.0,2.0,1
126.0,1383,1.5343915343915344,1.0499338624338623,0.0,8.0,80000.0,0.0,0.0,5.0,3,5,0.022727272727272728,-4.92,1.5343915343915344,1.0499338624338623,0.0,8.0,80000.0,0.0,0.0,5.0,1
126.0,2287,1.5343915343915344,1.0499338624338623,0.0,8.0,80000.0,0.0,0.0,5.0,3,5,0.022727272727272728,-4.92,1.5343915343915344,1.0499338624338623,0.0,8.0,80000.0,0.0,0.0,5.0,1
126.0,4523,1.5343915343915344,1.0499338624338623,25.0,25.0,400000.0,20000.0,4.0,3.0,2,5,0.022727272727272728,-4.8,1.5343915343915344,1.0499338624338623,25.0,25.0,400000.0,20000.0,4.0,3.0,1
126.0,5703,1.5343915343915344,1.0499338624338623,25.0,12.0,120000.0,20000.0,5.0,2.0,2,5,0.022727272727272728,-4.8,1.5343915343915344,1.0499338624338623,25.0,12.0,120000.0,20000.0,5.0,2.0,1
126.0,7050,1.5343915343915344,1.0499338624338623,25.0,12.0,120000.0,20000.0,6.0,4.0,2,4,0.022727272727272728,-4.8,1.5343915343915344,1.0499338624338623,25.0,12.0,120000.0,20000.0,6.0,4.0,1
126.0,7508,1.5343915343915344,1.0499338624338623,12.5,12.0,120000.0,20000.0,5.0,5.0,2,4,0.022727272727272728,-4.8,1.5343915343915344,1.0499338624338623,12.5,12.0,120000.0,20000.0,5.0,5.0,1
126.0,9748,1.5343915343915344,1.0499338624338623,0.0,12.0,120000.0,0.0,0.0,3.0,3,10,0.022727272727272728,-4.92,1.5343915343915344,1.0499338624338623,0.0,12.0,120000.0,0.0,0.0,3.0,1
126.0,10194,1.5343915343915344,1.0499338624338623,0.0,12.0,120000.0,0.0,0.0,2.0,3,10,0.022727272727272728,-4.92,1.5343915343915344,1.0499338624338623,0.0,12.0,120000.0,0.0,0.0,2.0,1
126.0,11088,1.5343915343915344,1.0499338624338623,0.0,12.0,120000.0,0.0,0.0,4.0,3,10,0.022727272727272728,-4.92,1.5343915343915344,1.0499338624338623,0.0,12.0,120000.0,0.0,0.0,4.0,1
120.0,5700,1.4027777777777777,0.9895833333333334,12.5,12.0,120000.0,20000.0,4.0,2.0,0,0,0.022727272727272728,0.9493329166666671,1.5342696451919442,1.049850457647505,12.5,12.0,120000.0,20000.0,4.0,2.0,0
113.0,4516,0.9882005899705014,0.8388643067846608,37.5,25.0,400000.0,20000.0,5.0,3.0,2,1,0.022727272727272728,-5.073533533333333,1.5261951798914417,1.0443253655507172,25.0,25.0,400000.0,20000.0,4.0,3.0,1
116.0,4517,1.135057471264368,0.8171695402298851,25.0,25.0,400000.0,20000.0,4.0,3.0,2,2,0.022727272727272728,-5.013533533333334,1.5261951798914417,1.0443253655507172,25.0,25.0,400000.0,20000.0,4.0,3.0,1
127.0,10196,1.5223097112860893,1.0416666666666667,0.0,12.0,120000.0,0.0,0.0,2.0,3,6,0.022727272727272728,-5.0,1.5223097112860893,1.0416666666666667,0.0,12.0,120000.0,0.0,0.0,2.0,1
127.0,11551,1.5223097112860893,1.0416666666666667,0.0,12.0,120000.0,0.0,0.0,2.0,3,6,0.022727272727272728,-5.0,1.5223097112860893,1.0416666666666667,0.0,12.0,120000.0,0.0,0.0,2.0,1
123.0,932,1.5040650406504066,1.0755420054200542,25.0,8.0,80000.0,20000.0,14.0,1.0,0,0,0.022727272727272728,0.9486243750000003,1.5221897339692623,1.0415845701190534,37.5,8.0,80000.0,20000.0,15.0,1.0,0
124.0,478,1.5188172043010753,1.0668682795698925,12.5,8.0,80000.0,20000.0,8.0,4.0,3,3,0.022727272727272728,-5.230833958333333,1.6706691810585896,1.0360106738009809,37.5,8.0,80000.0,20000.0,10.0,4.0,1
122.0,7048,1.5163934426229508,1.0843579234972678,0.0,12.0,120000.0,20000.0,4.0,4.0,0,0,0.022727272727272728,0.9097500000000001,1.6666666666666667,1.1149088541666667,12.5,12.0,120000.0,20000.0,5.0,4.0,0
122.0,7506,1.5163934426229508,1.0843579234972678,0.0,12.0,120000.0,20000.0,4.0,5.0,0,0,0.022727272727272728,0.91,1.6666666666666667,1.1149088541666667,0.0,12.0,120000.0,20000.0,5.0,5.0,0
128.0,1384,1.6666666666666667,1.1149088541666667,0.0,8.0,80000.0,0.0,0.0,5.0,1,5,0.022727272727272728,-4.84,1.6666666666666667,1.1149088541666667,0.0,8.0,80000.0,0.0,0.0,5.0,1
128.0,2288,1.6666666666666667,1.1149088541666667,0.0,8.0,80000.0,0.0,0.0,5.0,1,5,0.022727272727272728,-4.84,1.6666666666666667,1.1149088541666667,0.0,8.0,80000.0,0.0,0.0,5.0,1
128.0,2713,1.6666666666666667,1.1149088541666667,25.0,25.0,400000.0,20000.0,3.0,4.0,3,7,0.022727272727272728,-5.0,1.6666666666666667,1.1149088541666667,25.0,25.0,400000.0,20000.0,3.0,4.0,1
128.0,2723,1.6666666666666667,1.1149088541666667,25.0,25.0,400000.0,20000.0,3.0,4.0,3,7,0.022727272727272728,-5.0,1.6666666666666667,1.1149088541666667,25.0,25.0,400000.0,20000.0,3.0,4.0,1
128.0,3449,1.6666666666666667,1.1149088541666667,25.0,25.0,400000.0,20000.0,7.0,2.0,1,5,0.022727272727272728,-4.84,1.6666666666666667,1.1149088541666667,25.0,25.0,400000.0,20000.0,7.0,2.0,1
128.0,3802,1.6666666666666667,1.1149088541666667,0.0,25.0,400000.0,20000.0,5.0,0.0,3,5,0.022727272727272728,-5.0,1.6666666666666667,1.1149088541666667,0.0,25.0,400000.0,20000.0,6.0,0.0,1
128.0,4164,1.6666666666666667,1.1149088541666667,0.0,25.0,400000.0,0.0,0.0,1.0,1,5,0.022727272727272728,-4.84,1.6666666666666667,1.1149088541666667,0.0,25.0,400000.0,0.0,0.0,1.0,1
128.0,5704,1.6666666666666667,1.1149088541666667,12.5,12.0,120000.0,20000.0,4.0,2.0,3,5,0.022727272727272728,-5.0,1.6666666666666667,1.1149088541666667,12.5,12.0,120000.0,20000.0,4.0,2.0,1
128.0,7051,1.6666666666666667,1.1149088541666667,12.5,12.0,120000.0,20000.0,5.0,4.0,3,5,0.022727272727272728,-5.0,1.6666666666666667,1.1149088541666667,12.5,12.0,120000.0,20000.0,5.0,4.0,1
128.0,9749,1.6666666666666667,1.1149088541666667,0.0,12.0,120000.0,0.0,0.0,3.0,1,5,0.022727272727272728,-4.8405000000000005,1.6666666666666667,1.1149088541666667,0.0,12.0,120000.0,0.0,0.0,3.0,1
128.0,11089,1.6666666666666667,1.1149088541666667,0.0,12.0,120000.0,0.0,0.0,4.0,2,3,0.022727272727272728,-4.84,1.6666666666666667,1.1149088541666667,0.0,12.0,120000.0,0.0,0.0,4.0,1
124.0,922,1.5188172043010753,1.0668682795698925,37.5,8.0,80000.0,20000.0,15.0,1.0,0,0,0.022727272727272728,0.9086243750000004,1.6665363383170841,1.1148216716281278,37.5,8.0,80000.0,20000.0,15.0,1.0,0
123.0,6143,1.5040650406504066,1.0755420054200542,0.0,12.0,120000.0,20000.0,6.0,3.0,1,6,0.022727272727272728,0.88975,1.6537467700258397,1.1304909560723515,12.5,12.0,120000.0,20000.0,8.0,3.0,0
129.0,4524,1.6537467700258397,1.1304909560723515,25.0,25.0,400000.0,20000.0,4.0,3.0,1,3,0.022727272727272728,-4.8,1.6537467700258397,1.1304909560723515,25.0,25.0,400000.0,20000.0,4.0,3.0,1
129.0,7953,1.6537467700258397,1.1304909560723515,12.5,12.0,120000.0,20000.0,8.0,3.0,3,1,0.022727272727272728,-5.0,1.6537467700258397,1.1304909560723515,12.5,12.0,120000.0,20000.0,8.0,3.0,1
129.0,8388,1.6537467700258397,1.1304909560723515,50.0,12.0,120000.0,20000.0,14.0,1.0,3,1,0.022727272727272728,-5.0,1.6537467700258397,1.1304909560723515,50.0,12.0,120000.0,20000.0,14.0,1.0,1
129.0,8400,1.6537467700258397,1.1304909560723515,50.0,12.0,120000.0,20000.0,14.0,1.0,2,10,0.022727272727272728,-4.8,1.6537467700258397,1.1304909560723515,50.0,12.0,120000.0,20000.0,14.0,1.0,1
129.0,10197,1.6537467700258397,1.1304909560723515,0.0,12.0,120000.0,0.0,0.0,2.0,2,10,0.022727272727272728,-4.8,1.6537467700258397,1.1304909560723515,0.0,12.0,120000.0,0.0,0.0,2.0,1
129.0,11552,1.6537467700258397,1.1304909560723515,0.0,12.0,120000.0,0.0,0.0,2.0,2,10,0.022727272727272728,-4.8,1.6537467700258397,1.1304909560723515,0.0,12.0,120000.0,0.0,0.0,2.0,1
125.0,468,1.5066666666666668,1.0583333333333333,12.5,8.0,80000.0,20000.0,8.0,4.0,0,0,0.022727272727272728,0.9486243750000003,1.6536184543612804,1.1304032402860318,37.5,8.0,80000.0,20000.0,10.0,4.0,0
123.0,8385,1.5040650406504066,1.0755420054200542,12.5,12.0,120000.0,20000.0,10.0,1.0,1,5,0.022727272727272728,0.949082916666667,1.6536184543612804,1.1304032402860318,25.0,12.0,120000.0,20000.0,12.0,1.0,0
123.0,8397,1.5040650406504066,1.0755420054200542,12.5,12.0,120000.0,20000.0,11.0,1.0,1,5,0.022727272727272728,0.949082916666667,1.6536184543612804,1.1304032402860318,25.0,12.0,120000.0,20000.0,12.0,1.0,0
97.0,4878,1.013745704467354,0.6872852233676976,0.0,25.0,400000.0,0.0,0.0,5.0,3,1,0.022727272727272728,-3.656533533333333,1.6432164699175977,1.1232925087327328,0.0,25.0,400000.0,0.0,0.0,5.0,1
113.0,3444,0.9882005899705014,0.8388643067846608,62.5,25.0,400000.0,20000.0,10.0,2.0,2,1,0.022727272727272728,0.84,1.641025641025641,1.1217948717948718,25.0,25.0,400000.0,20000.0,7.0,2.0,0
130.0,481,1.641025641025641,1.1217948717948718,37.5,8.0,80000.0,20000.0,10.0,4.0,2,10,0.022727272727272728,-4.82,1.641025641025641,1.1217948717948718,37.5,8.0,80000.0,20000.0,10.0,4.0,1
130.0,2289,1.641025641025641,1.1217948717948718,0.0,8.0,80000.0,0.0,0.0,5.0,2,1,0.022727272727272728,-4.8,1.641025641025641,1.1217948717948718,0.0,8.0,80000.0,0.0,0.0,5.0,1
130.0,3071,1.641025641025641,1.1217948717948718,0.0,25.0,400000.0,0.0,0.0,5.0,2,1,0.022727272727272728,-4.8,1.641025641025641,1.1217948717948718,0.0,25.0,400000.0,0.0,0.0,5.0,1
130.0,5705,1.641025641025641,1.1217948717948718,12.5,12.0,120000.0,20000.0,4.0,2.0,2,1,0.022727272727272728,-4.8,1.641025641025641,1.1217948717948718,12.5,12.0,120000.0,20000.0,4.0,2.0,1
130.0,7052,1.641025641025641,1.1217948717948718,12.5,12.0,120000.0,20000.0,5.0,4.0,1,9,0.022727272727272728,-4.8,1.641025641025641,1.1217948717948718,12.5,12.0,120000.0,20000.0,5.0,4.0,1
130.0,7510,1.641025641025641,1.1217948717948718,12.5,12.0,120000.0,20000.0,5.0,5.0,1,9,0.022727272727272728,-4.8,1.641025641025641,1.1217948717948718,12.5,12.0,120000.0,20000.0,5.0,5.0,1
130.0,9750,1.641025641025641,1.1217948717948718,0.0,12.0,120000.0,0.0,0.0,3.0,2,7,0.022727272727272728,-4.8,1.641025641025641,1.1217948717948718,0.0,12.0,120000.0,0.0,0.0,3.0,1
130.0,11090,1.641025641025641,1.1217948717948718,0.0,12.0,120000.0,0.0,0.0,4.0,2,7,0.022727272727272728,-4.8,1.641025641025641,1.1217948717948718,0.0,12.0,120000.0,0.0,0.0,4.0,1
126.0,479,1.5343915343915344,1.0499338624338623,12.5,8.0,80000.0,20000.0,8.0,4.0,0,0,0.022727272727272728,0.9488743750000004,1.640899291780174,1.1217085002403535,25.0,8.0,80000.0,20000.0,9.0,4.0,0
124.0,5702,1.5188172043010753,1.0668682795698925,12.5,12.0,120000.0,20000.0,4.0,2.0,0,0,0.022727272727272728,0.9495829166666669,1.640899291780174,1.1217085002403535,0.0,12.0,120000.0,20000.0,3.0,2.0,0
126.0,923,1.5343915343915344,1.0499338624338623,25.0,8.0,80000.0,20000.0,14.0,1.0,0,0,0.022727272727272728,0.9486243750000003,1.640899291780174,1.1217085002403535,37.5,8.0,80000.0,20000.0,15.0,1.0,0
110.0,3443,0.9242424242424243,0.7670454545454546,50.0,25.0,400000.0,20000.0,9.0,2.0,0,0,0.022727272727272728,0.7995498000000001,1.640899291780174,1.1217085002403535,12.5,25.0,400000.0,20000.0,6.0,2.0,0
124.0,7049,1.5188172043010753,1.0668682795698925,12.5,12.0,120000.0,20000.0,5.0,4.0,0,0,0.022727272727272728,0.9495829166666669,1.640899291780174,1.1217085002403535,0.0,12.0,120000.0,20000.0,4.0,4.0,0
110.0,4515,0.9242424242424243,0.7670454545454546,25.0,25.0,400000.0,20000.0,4.0,3.0,0,0,0.022727272727272728,0.7995498000000001,1.640899291780174,1.1217085002403535,12.5,25.0,400000.0,20000.0,3.0,3.0,0
122.0,2711,1.5163934426229508,1.0843579234972678,25.0,25.0,400000.0,20000.0,3.0,4.0,1,3,0.022727272727272728,-4.973533533333333,1.6325279979189353,1.1159859360773972,25.0,25.0,400000.0,20000.0,3.0,4.0,1
125.0,7951,1.5066666666666668,1.0583333333333333,0.0,12.0,120000.0,20000.0,7.0,3.0,0,0,0.022727272727272728,0.95,1.6284987277353689,1.11323155216285,0.0,12.0,120000.0,20000.0,7.0,3.0,0
131.0,471,1.6284987277353689,1.11323155216285,25.0,8.0,80000.0,20000.0,9.0,4.0,1,6,0.022727272727272728,-4.80025,1.6284987277353689,1.11323155216285,25.0,8.0,80000.0,20000.0,9.0,4.0,1
131.0,3803,1.6284987277353689,1.11323155216285,0.0,25.0,400000.0,20000.0,6.0,0.0,3,2,0.022727272727272728,-5.0,1.6284987277353689,1.11323155216285,0.0,25.0,400000.0,20000.0,6.0,0.0,1
131.0,4165,1.6284987277353689,1.11323155216285,0.0,25.0,400000.0,0.0,0.0,1.0,3,2,0.022727272727272728,-5.0,1.6284987277353689,1.11323155216285,0.0,25.0,400000.0,0.0,0.0,1.0,1
131.0,4880,1.6284987277353689,1.11323155216285,0.0,25.0,400000.0,0.0,0.0,5.0,1,10,0.022727272727272728,-4.8,1.6284987277353689,1.11323155216285,0.0,25.0,400000.0,0.0,0.0,5.0,1
131.0,7954,1.6284987277353689,1.11323155216285,0.0,12.0,120000.0,20000.0,7.0,3.0,1,10,0.022727272727272728,-4.8,1.6284987277353689,1.11323155216285,0.0,12.0,120000.0,20000.0,7.0,3.0,1
131.0,10198,1.6284987277353689,1.11323155216285,0.0,12.0,120000.0,0.0,0.0,2.0,1,4,0.022727272727272728,-4.8004999999999995,1.6284987277353689,1.11323155216285,0.0,12.0,120000.0,0.0,0.0,2.0,1
131.0,11553,1.6284987277353689,1.11323155216285,0.0,12.0,120000.0,0.0,0.0,2.0,1,4,0.022727272727272728,-4.8,1.6284987277353689,1.11323155216285,0.0,12.0,120000.0,0.0,0.0,2.0,1
127.0,7952,1.5223097112860893,1.0416666666666667,12.5,12.0,120000.0,20000.0,8.0,3.0,2,2,0.022727272727272728,-4.966666666666667,1.6284987277353689,1.11323155216285,0.0,12.0,120000.0,20000.0,7.0,3.0,1
127.0,469,1.5223097112860893,1.0416666666666667,25.0,8.0,80000.0,20000.0,9.0,4.0,0,0,0.022727272727272728,0.9491243750000005,1.6283743000503041,1.1131464941750127,12.5,8.0,80000.0,20000.0,8.0,4.0,0
125.0,6144,1.5066666666666668,1.0583333333333333,12.5,12.0,120000.0,20000.0,7.0,3.0,0,0,0.022727272727272728,0.9495829166666669,1.6283743000503041,1.1131464941750127,0.0,12.0,120000.0,20000.0,7.0,3.0,0
127.0,934,1.5223097112860893,1.0416666666666667,37.5,8.0,80000.0,20000.0,15.0,1.0,0,0,0.022727272727272728,0.9486243750000003,1.6283743000503041,1.1131464941750127,37.5,8.0,80000.0,20000.0,15.0,1.0,0
132.0,482,1.6161616161616161,1.183712121212121,12.5,8.0,80000.0,20000.0,8.0,4.0,1,2,0.022727272727272728,-4.82,1.6161616161616161,1.183712121212121,12.5,8.0,80000.0,20000.0,8.0,4.0,1
132.0,1386,1.6161616161616161,1.183712121212121,0.0,8.0,80000.0,0.0,0.0,5.0,1,2,0.022727272727272728,-4.82,1.6161616161616161,1.183712121212121,0.0,8.0,80000.0,0.0,0.0,5.0,1
132.0,2290,1.6161616161616161,1.183712121212121,0.0,8.0,80000.0,0.0,0.0,5.0,2,4,0.022727272727272728,-4.82,1.6161616161616161,1.183712121212121,0.0,8.0,80000.0,0.0,0.0,5.0,1
132.0,4525,1.6161616161616161,1.183712121212121,12.5,25.0,400000.0,20000.0,4.0,3.0,2,4,0.022727272727272728,-4.82,1.6161616161616161,1.183712121212121,12.5,25.0,400000.0,20000.0,4.0,3.0,1
132.0,5706,1.6161616161616161,1.183712121212121,0.0,12.0,120000.0,20000.0,3.0,2.0,1,6,0.022727272727272728,-4.82,1.6161616161616161,1.183712121212121,0.0,12.0,120000.0,20000.0,3.0,2.0,1
132.0,9751,1.6161616161616161,1.183712121212121,0.0,12.0,120000.0,0.0,0.0,3.0,1,4,0.022727272727272728,-4.82,1.6161616161616161,1.183712121212121,0.0,12.0,120000.0,0.0,0.0,3.0,1
132.0,11091,1.6161616161616161,1.183712121212121,0.0,12.0,120000.0,0.0,0.0,4.0,1,4,0.022727272727272728,-4.82,1.6161616161616161,1.183712121212121,0.0,12.0,120000.0,0.0,0.0,4.0,1
128.0,480,1.6666666666666667,1.1149088541666667,37.5,8.0,80000.0,20000.0,10.0,4.0,0,0,0.022727272727272728,0.9293743750000004,1.6160390665324043,1.1836223631829133,0.0,8.0,80000.0,20000.0,7.0,4.0,0
128.0,924,1.6666666666666667,1.1149088541666667,37.5,8.0,80000.0,20000.0,15.0,1.0,0,0,0.022727272727272728,0.9288743750000005,1.6160390665324043,1.1836223631829133,25.0,8.0,80000.0,20000.0,14.0,1.0,0
133.0,7955,1.6040100250626566,1.1904761904761902,0.0,12.0,120000.0,20000.0,7.0,3.0,2,4,0.022727272727272728,-4.8,1.6040100250626566,1.1904761904761902,0.0,12.0,120000.0,20000.0,7.0,3.0,1
133.0,10199,1.6040100250626566,1.1904761904761902,0.0,12.0,120000.0,0.0,0.0,2.0,1,8,0.022727272727272728,-4.8004999999999995,1.6040100250626566,1.1904761904761902,0.0,12.0,120000.0,0.0,0.0,2.0,1
133.0,11554,1.6040100250626566,1.1904761904761902,0.0,12.0,120000.0,0.0,0.0,2.0,1,8,0.022727272727272728,-4.8,1.6040100250626566,1.1904761904761902,0.0,12.0,120000.0,0.0,0.0,2.0,1
129.0,935,1.6537467700258397,1.1304909560723515,37.5,8.0,80000.0,20000.0,15.0,1.0,1,3,0.022727272727272728,0.9488743750000004,1.6038893112881754,1.1903865982216928,25.0,8.0,80000.0,20000.0,15.0,1.0,0
127.0,8387,1.5223097112860893,1.0416666666666667,25.0,12.0,120000.0,20000.0,12.0,1.0,0,0,0.022727272727272728,0.948582916666667,1.6038893112881754,1.1903865982216928,50.0,12.0,120000.0,20000.0,15.0,1.0,0
127.0,8399,1.5223097112860893,1.0416666666666667,25.0,12.0,120000.0,20000.0,13.0,1.0,0,0,0.022727272727272728,0.948582916666667,1.6038893112881754,1.1903865982216928,50.0,12.0,120000.0,20000.0,15.0,1.0,0
113.0,2708,0.9882005899705014,0.8388643067846608,25.0,25.0,400000.0,20000.0,3.0,4.0,0,0,0.022727272727272728,0.7990498000000001,1.6038893112881754,1.1903865982216928,37.5,25.0,400000.0,20000.0,4.0,4.0,0
134.0,1387,1.5920398009950247,1.2593283582089552,0.0,8.0,80000.0,0.0,0.0,5.0,3,8,0.022727272727272728,-5.0,1.5920398009950247,1.2593283582089552,0.0,8.0,80000.0,0.0,0.0,5.0,1
134.0,2715,1.5920398009950247,1.2593283582089552,37.5,25.0,400000.0,20000.0,4.0,4.0,3,4,0.022727272727272728,-4.92,1.5920398009950247,1.2593283582089552,37.5,25.0,400000.0,20000.0,4.0,4.0,1
134.0,2725,1.5920398009950247,1.2593283582089552,37.5,25.0,400000.0,20000.0,4.0,4.0,1,8,0.022727272727272728,-4.8,1.5920398009950247,1.2593283582089552,37.5,25.0,400000.0,20000.0,4.0,4.0,1
134.0,3451,1.5920398009950247,1.2593283582089552,25.0,25.0,400000.0,20000.0,7.0,2.0,2,3,0.022727272727272728,-4.8,1.5920398009950247,1.2593283582089552,25.0,25.0,400000.0,20000.0,7.0,2.0,1
134.0,3804,1.5920398009950247,1.2593283582089552,0.0,25.0,400000.0,20000.0,6.0,0.0,2,3,0.022727272727272728,-4.8,1.5920398009950247,1.2593283582089552,0.0,25.0,400000.0,20000.0,6.0,0.0,1
134.0,4166,1.5920398009950247,1.2593283582089552,0.0,25.0,400000.0,0.0,0.0,1.0,2,3,0.022727272727272728,-4.8,1.5920398009950247,1.2593283582089552,0.0,25.0,400000.0,0.0,0.0,1.0,1
134.0,4881,1.5920398009950247,1.2593283582089552,0.0,25.0,400000.0,0.0,0.0,5.0,2,3,0.022727272727272728,-4.8,1.5920398009950247,1.2593283582089552,0.0,25.0,400000.0,0.0,0.0,5.0,1
134.0,5707,1.5920398009950247,1.2593283582089552,0.0,12.0,120000.0,20000.0,3.0,2.0,1,5,0.022727272727272728,-4.8,1.5920398009950247,1.2593283582089552,0.0,12.0,120000.0,20000.0,3.0,2.0,1
134.0,7054,1.5920398009950247,1.2593283582089552,12.5,12.0,120000.0,20000.0,6.0,4.0,1,5,0.022727272727272728,-4.8,1.5920398009950247,1.2593283582089552,12.5,12.0,120000.0,20000.0,6.0,4.0,1
134.0,9752,1.5920398009950247,1.2593283582089552,0.0,12.0,120000.0,0.0,0.0,3.0,1,5,0.022727272727272728,-4.8,1.5920398009950247,1.2593283582089552,0.0,12.0,120000.0,0.0,0.0,3.0,1
134.0,11092,1.5920398009950247,1.2593283582089552,0.0,12.0,120000.0,0.0,0.0,4.0,2,5,0.022727272727272728,-4.8,1.5920398009950247,1.2593283582089552,0.0,12.0,120000.0,0.0,0.0,4.0,1
128.0,7509,1.6666666666666667,1.1149088541666667,0.0,12.0,120000.0,20000.0,4.0,5.0,0,0,0.022727272727272728,0.949082916666667,1.5919208821291286,1.259234291527924,25.0,12.0,120000.0,20000.0,6.0,5.0,0
129.0,470,1.6537467700258397,1.1304909560723515,50.0,8.0,80000.0,20000.0,11.0,4.0,2,3,0.022727272727272728,-5.133333333333334,1.5880893300248138,1.2562034739454093,25.0,8.0,80000.0,20000.0,9.0,4.0,1
127.0,3070,1.5223097112860893,1.0416666666666667,0.0,25.0,400000.0,0.0,0.0,5.0,2,2,0.022727272727272728,-4.953533533333333,1.58404067143227,1.2530009217384164,0.0,25.0,400000.0,0.0,0.0,5.0,1
135.0,473,1.580246913580247,1.25,25.0,8.0,80000.0,20000.0,9.0,4.0,2,5,0.022727272727272728,-4.88,1.580246913580247,1.25,25.0,8.0,80000.0,20000.0,9.0,4.0,1
135.0,4526,1.580246913580247,1.25,12.5,25.0,400000.0,20000.0,4.0,3.0,1,5,0.022727272727272728,-4.88,1.580246913580247,1.25,12.5,25.0,400000.0,20000.0,4.0,3.0,1
135.0,7956,1.580246913580247,1.25,0.0,12.0,120000.0,20000.0,7.0,3.0,3,7,0.022727272727272728,-5.0,1.580246913580247,1.25,0.0,12.0,120000.0,20000.0,7.0,3.0,1
135.0,8391,1.580246913580247,1.25,50.0,12.0,120000.0,20000.0,15.0,1.0,3,7,0.022727272727272728,-5.0,1.580246913580247,1.25,50.0,12.0,120000.0,20000.0,16.0,1.0,1
135.0,10200,1.580246913580247,1.25,0.0,12.0,120000.0,0.0,0.0,2.0,2,7,0.022727272727272728,-4.88,1.580246913580247,1.25,0.0,12.0,120000.0,0.0,0.0,2.0,1
135.0,11555,1.580246913580247,1.25,0.0,12.0,120000.0,0.0,0.0,2.0,2,7,0.022727272727272728,-4.88,1.580246913580247,1.25,0.0,12.0,120000.0,0.0,0.0,2.0,1
131.0,936,1.6284987277353689,1.11323155216285,37.5,8.0,80000.0,20000.0,15.0,1.0,0,0,0.022727272727272728,0.8688743750000004,1.5801297498854592,1.2499073216867402,25.0,8.0,80000.0,20000.0,15.0,1.0,0
134.0,2291,1.5920398009950247,1.2593283582089552,0.0,8.0,80000.0,0.0,0.0,5.0,3,4,0.022727272727272728,0.875,1.5931372549019607,1.2408088235294117,0.0,8.0,80000.0,0.0,0.0,5.0,0
136.0,2292,1.5931372549019607,1.2408088235294117,0.0,8.0,80000.0,0.0,0.0,5.0,3,2,0.022727272727272728,-4.92,1.5931372549019607,1.2408088235294117,0.0,8.0,80000.0,0.0,0.0,5.0,1
136.0,3073,1.5931372549019607,1.2408088235294117,0.0,25.0,400000.0,0.0,0.0,5.0,3,2,0.022727272727272728,-4.92,1.5931372549019607,1.2408088235294117,0.0,25.0,400000.0,0.0,0.0,5.0,1
136.0,5708,1.5931372549019607,1.2408088235294117,0.0,12.0,120000.0,20000.0,3.0,2.0,2,4,0.022727272727272728,-4.8,1.5931372549019607,1.2408088235294117,0.0,12.0,120000.0,20000.0,3.0,2.0,1
136.0,7055,1.5931372549019607,1.2408088235294117,12.5,12.0,120000.0,20000.0,6.0,4.0,2,4,0.022727272727272728,-4.8,1.5931372549019607,1.2408088235294117,12.5,12.0,120000.0,20000.0,6.0,4.0,1
136.0,7513,1.5931372549019607,1.2408088235294117,25.0,12.0,120000.0,20000.0,6.0,5.0,2,10,0.022727272727272728,-4.8,1.5931372549019607,1.2408088235294117,25.0,12.0,120000.0,20000.0,6.0,5.0,1
136.0,9753,1.5931372549019607,1.2408088235294117,0.0,12.0,120000.0,0.0,0.0,3.0,2,10,0.022727272727272728,-4.8,1.5931372549019607,1.2408088235294117,0.0,12.0,120000.0,0.0,0.0,3.0,1
136.0,11093,1.5931372549019607,1.2408088235294117,0.0,12.0,120000.0,0.0,0.0,4.0,1,10,0.022727272727272728,-4.8,1.5931372549019607,1.2408088235294117,0.0,12.0,120000.0,0.0,0.0,4.0,1
136.0,11995,1.5931372549019607,1.2408088235294117,0.0,12.0,120000.0,0.0,0.0,1.0,2,10,0.022727272727272728,-4.8,1.5931372549019607,1.2408088235294117,0.0,12.0,120000.0,0.0,0.0,1.0,1
116.0,3445,1.135057471264368,0.8171695402298851,50.0,25.0,400000.0,20000.0,9.0,2.0,0,0,0.022727272727272728,0.7995498000000001,1.5930200039443176,1.2407175030720166,12.5,25.0,400000.0,20000.0,6.0,2.0,0
116.0,2709,1.135057471264368,0.8171695402298851,25.0,25.0,400000.0,20000.0,3.0,4.0,0,0,0.022727272727272728,0.7992998000000002,1.5930200039443176,1.2407175030720166,25.0,25.0,400000.0,20000.0,3.0,4.0,0
133.0,472,1.6040100250626566,1.1904761904761902,0.0,8.0,80000.0,20000.0,7.0,4.0,1,8,0.022727272727272728,0.88975,1.5815085158150852,1.322992700729927,12.5,8.0,80000.0,20000.0,8.0,4.0,0
137.0,474,1.5815085158150852,1.322992700729927,12.5,8.0,80000.0,20000.0,8.0,4.0,2,4,0.022727272727272728,-4.859999999999999,1.5815085158150852,1.322992700729927,12.5,8.0,80000.0,20000.0,8.0,4.0,1
137.0,939,1.5815085158150852,1.322992700729927,25.0,8.0,80000.0,20000.0,15.0,1.0,2,4,0.022727272727272728,-4.859999999999999,1.5815085158150852,1.322992700729927,25.0,8.0,80000.0,20000.0,16.0,1.0,1
137.0,2716,1.5815085158150852,1.322992700729927,25.0,25.0,400000.0,20000.0,3.0,4.0,2,10,0.022727272727272728,-4.862,1.5815085158150852,1.322992700729927,25.0,25.0,400000.0,20000.0,3.0,4.0,1
137.0,2726,1.5815085158150852,1.322992700729927,25.0,25.0,400000.0,20000.0,3.0,4.0,2,10,0.022727272727272728,-4.859999999999999,1.5815085158150852,1.322992700729927,25.0,25.0,400000.0,20000.0,3.0,4.0,1
137.0,3452,1.5815085158150852,1.322992700729927,12.5,25.0,400000.0,20000.0,6.0,2.0,3,10,0.022727272727272728,-4.92,1.5815085158150852,1.322992700729927,12.5,25.0,400000.0,20000.0,6.0,2.0,1
137.0,3805,1.5815085158150852,1.322992700729927,0.0,25.0,400000.0,20000.0,6.0,0.0,3,10,0.022727272727272728,-4.92,1.5815085158150852,1.322992700729927,0.0,25.0,400000.0,20000.0,6.0,0.0,1
137.0,4167,1.5815085158150852,1.322992700729927,0.0,25.0,400000.0,0.0,0.0,1.0,3,10,0.022727272727272728,-4.92,1.5815085158150852,1.322992700729927,0.0,25.0,400000.0,0.0,0.0,1.0,1
137.0,4882,1.5815085158150852,1.322992700729927,0.0,25.0,400000.0,0.0,0.0,5.0,3,10,0.022727272727272728,-4.92,1.5815085158150852,1.322992700729927,0.0,25.0,400000.0,0.0,0.0,5.0,1
137.0,8392,1.5815085158150852,1.322992700729927,62.5,12.0,120000.0,20000.0,16.0,1.0,2,10,0.022727272727272728,-4.859999999999999,1.5815085158150852,1.322992700729927,62.5,12.0,120000.0,20000.0,16.0,1.0,1
137.0,8404,1.5815085158150852,1.322992700729927,62.5,12.0,120000.0,20000.0,16.0,1.0,2,10,0.022727272727272728,-4.859999999999999,1.5815085158150852,1.322992700729927,62.5,12.0,120000.0,20000.0,16.0,1.0,1
137.0,11556,1.5815085158150852,1.322992700729927,0.0,12.0,120000.0,0.0,0.0,2.0,1,2,0.022727272727272728,-4.82,1.5815085158150852,1.322992700729927,0.0,12.0,120000.0,0.0,0.0,2.0,1
133.0,937,1.6040100250626566,1.1904761904761902,25.0,8.0,80000.0,20000.0,14.0,1.0,1,8,0.022727272727272728,0.9291243750000004,1.5813929702411282,1.3228960424132514,12.5,8.0,80000.0,20000.0,15.0,1.0,0
131.0,8389,1.6284987277353689,1.11323155216285,25.0,12.0,120000.0,20000.0,12.0,1.0,1,3,0.022727272727272728,0.928832916666667,1.5813929702411282,1.3228960424132514,37.5,12.0,120000.0,20000.0,14.0,1.0,0
131.0,8401,1.6284987277353689,1.11323155216285,25.0,12.0,120000.0,20000.0,13.0,1.0,1,3,0.022727272727272728,0.928832916666667,1.5813929702411282,1.3228960424132514,37.5,12.0,120000.0,20000.0,14.0,1.0,0
132.0,7053,1.6161616161616161,1.183712121212121,0.0,12.0,120000.0,20000.0,5.0,4.0,0,0,0.022727272727272728,0.89,1.570048309178744,1.3134057971014492,0.0,12.0,120000.0,20000.0,6.0,4.0,0
138.0,4527,1.570048309178744,1.3134057971014492,12.5,25.0,400000.0,20000.0,4.0,3.0,2,1,0.022727272727272728,-4.8,1.570048309178744,1.3134057971014492,12.5,25.0,400000.0,20000.0,4.0,3.0,1
138.0,7056,1.570048309178744,1.3134057971014492,0.0,12.0,120000.0,20000.0,5.0,4.0,3,10,0.022727272727272728,-4.96,1.570048309178744,1.3134057971014492,0.0,12.0,120000.0,20000.0,6.0,4.0,1
138.0,7514,1.570048309178744,1.3134057971014492,25.0,12.0,120000.0,20000.0,6.0,5.0,3,4,0.022727272727272728,-4.96,1.570048309178744,1.3134057971014492,25.0,12.0,120000.0,20000.0,6.0,5.0,1
138.0,9754,1.570048309178744,1.3134057971014492,0.0,12.0,120000.0,0.0,0.0,3.0,3,4,0.022727272727272728,-4.96,1.570048309178744,1.3134057971014492,0.0,12.0,120000.0,0.0,0.0,3.0,1
138.0,11094,1.570048309178744,1.3134057971014492,0.0,12.0,120000.0,0.0,0.0,4.0,1,4,0.022727272727272728,-4.8,1.570048309178744,1.3134057971014492,0.0,12.0,120000.0,0.0,0.0,4.0,1
138.0,11996,1.570048309178744,1.3134057971014492,0.0,12.0,120000.0,0.0,0.0,1.0,1,4,0.022727272727272728,-4.80025,1.570048309178744,1.3134057971014492,0.0,12.0,120000.0,0.0,0.0,1.0,1
134.0,483,1.5920398009950247,1.2593283582089552,12.5,8.0,80000.0,20000.0,8.0,4.0,0,0,0.022727272727272728,0.9493743750000003,1.5699344320507378,1.3133105345039828,0.0,8.0,80000.0,20000.0,7.0,4.0,0
132.0,7511,1.6161616161616161,1.183712121212121,12.5,12.0,120000.0,20000.0,5.0,5.0,0,0,0.022727272727272728,0.9493329166666671,1.5699344320507378,1.3133105345039828,12.5,12.0,120000.0,20000.0,5.0,5.0,0
130.0,1385,1.641025641025641,1.1217948717948718,0.0,8.0,80000.0,0.0,0.0,5.0,2,1,0.022727272727272728,-3.3208333333333337,1.5903614457831325,1.3102409638554215,0.0,8.0,80000.0,0.0,0.0,5.0,1
125.0,3801,1.5066666666666668,1.0583333333333333,0.0,25.0,400000.0,20000.0,5.0,0.0,2,1,0.022727272727272728,-5.0735335333333325,1.5864239415601804,1.306996997308103,0.0,25.0,400000.0,20000.0,6.0,0.0,1
136.0,1388,1.5931372549019607,1.2408088235294117,0.0,8.0,80000.0,0.0,0.0,5.0,3,2,0.022727272727272728,-5.128333958333333,1.5862333022808137,1.3068399365381702,0.0,8.0,80000.0,0.0,0.0,5.0,1
139.0,3074,1.5827338129496402,1.3189448441247003,0.0,25.0,400000.0,0.0,0.0,5.0,3,4,0.022727272727272728,-5.0,1.5827338129496402,1.3189448441247003,0.0,25.0,400000.0,0.0,0.0,5.0,1
139.0,7958,1.5827338129496402,1.3189448441247003,12.5,12.0,120000.0,20000.0,9.0,3.0,3,3,0.022727272727272728,-4.9399999999999995,1.5827338129496402,1.3189448441247003,12.5,12.0,120000.0,20000.0,9.0,3.0,1
139.0,8393,1.5827338129496402,1.3189448441247003,37.5,12.0,120000.0,20000.0,14.0,1.0,2,6,0.022727272727272728,-4.8,1.5827338129496402,1.3189448441247003,37.5,12.0,120000.0,20000.0,14.0,1.0,1
139.0,8405,1.5827338129496402,1.3189448441247003,37.5,12.0,120000.0,20000.0,14.0,1.0,2,6,0.022727272727272728,-4.8,1.5827338129496402,1.3189448441247003,37.5,12.0,120000.0,20000.0,14.0,1.0,1
139.0,10202,1.5827338129496402,1.3189448441247003,0.0,12.0,120000.0,0.0,0.0,2.0,2,6,0.022727272727272728,-4.8,1.5827338129496402,1.3189448441247003,0.0,12.0,120000.0,0.0,0.0,2.0,1
139.0,11557,1.5827338129496402,1.3189448441247003,0.0,12.0,120000.0,0.0,0.0,2.0,2,6,0.022727272727272728,-4.8,1.5827338129496402,1.3189448441247003,0.0,12.0,120000.0,0.0,0.0,2.0,1
135.0,938,1.580246913580247,1.25,25.0,8.0,80000.0,20000.0,15.0,1.0,1,5,0.022727272727272728,0.9491243750000005,1.58261984154954,1.3188498679579501,12.5,8.0,80000.0,20000.0,15.0,1.0,0
133.0,8390,1.6040100250626566,1.1904761904761902,50.0,12.0,120000.0,20000.0,15.0,1.0,0,0,0.022727272727272728,0.9493329166666671,1.58261984154954,1.3188498679579501,12.5,12.0,120000.0,20000.0,12.0,1.0,0
133.0,8402,1.6040100250626566,1.1904761904761902,50.0,12.0,120000.0,20000.0,16.0,1.0,0,0,0.022727272727272728,0.9493329166666671,1.58261984154954,1.3188498679579501,12.5,12.0,120000.0,20000.0,12.0,1.0,0
136.0,484,1.5931372549019607,1.2408088235294117,25.0,8.0,80000.0,20000.0,9.0,4.0,3,2,0.022727272727272728,-5.170833958333333,1.5987399829097082,1.3123984934333426,0.0,8.0,80000.0,20000.0,7.0,4.0,1
140.0,1390,1.5952380952380953,1.3095238095238095,0.0,8.0,80000.0,0.0,0.0,5.0,3,4,0.022727272727272728,-4.92,1.5952380952380953,1.3095238095238095,0.0,8.0,80000.0,0.0,0.0,5.0,1
140.0,2294,1.5952380952380953,1.3095238095238095,0.0,8.0,80000.0,0.0,0.0,5.0,3,4,0.022727272727272728,-4.92,1.5952380952380953,1.3095238095238095,0.0,8.0,80000.0,0.0,0.0,5.0,1
140.0,2717,1.5952380952380953,1.3095238095238095,25.0,25.0,400000.0,20000.0,3.0,4.0,3,4,0.022727272727272728,-4.92,1.5952380952380953,1.3095238095238095,25.0,25.0,400000.0,20000.0,3.0,4.0,1
140.0,2727,1.5952380952380953,1.3095238095238095,25.0,25.0,400000.0,20000.0,3.0,4.0,1,2,0.022727272727272728,-4.82,1.5952380952380953,1.3095238095238095,25.0,25.0,400000.0,20000.0,3.0,4.0,1
140.0,3453,1.5952380952380953,1.3095238095238095,12.5,25.0,400000.0,20000.0,6.0,2.0,1,2,0.022727272727272728,-4.82,1.5952380952380953,1.3095238095238095,12.5,25.0,400000.0,20000.0,6.0,2.0,1
140.0,3806,1.5952380952380953,1.3095238095238095,0.0,25.0,400000.0,20000.0,6.0,0.0,3,10,0.022727272727272728,-4.92,1.5952380952380953,1.3095238095238095,0.0,25.0,400000.0,20000.0,7.0,0.0,1
140.0,4168,1.5952380952380953,1.3095238095238095,0.0,25.0,400000.0,0.0,0.0,1.0,1,10,0.022727272727272728,-4.82,1.5952380952380953,1.3095238095238095,0.0,25.0,400000.0,0.0,0.0,1.0,1
140.0,4883,1.5952380952380953,1.3095238095238095,0.0,25.0,400000.0,0.0,0.0,5.0,1,10,0.022727272727272728,-4.82,1.5952380952380953,1.3095238095238095,0.0,25.0,400000.0,0.0,0.0,5.0,1
140.0,5246,1.5952380952380953,1.3095238095238095,12.5,12.0,120000.0,20000.0,5.0,5.0,1,9,0.022727272727272728,-4.82,1.5952380952380953,1.3095238095238095,12.5,12.0,120000.0,20000.0,5.0,5.0,1
140.0,5710,1.5952380952380953,1.3095238095238095,12.5,12.0,120000.0,20000.0,4.0,2.0,1,9,0.022727272727272728,-4.82,1.5952380952380953,1.3095238095238095,12.5,12.0,120000.0,20000.0,4.0,2.0,1
140.0,7057,1.5952380952380953,1.3095238095238095,0.0,12.0,120000.0,20000.0,6.0,4.0,2,7,0.022727272727272728,-4.82,1.5952380952380953,1.3095238095238095,0.0,12.0,120000.0,20000.0,6.0,4.0,1
140.0,7515,1.5952380952380953,1.3095238095238095,12.5,12.0,120000.0,20000.0,5.0,5.0,2,7,0.022727272727272728,-4.82,1.5952380952380953,1.3095238095238095,12.5,12.0,120000.0,20000.0,5.0,5.0,1
140.0,9755,1.5952380952380953,1.3095238095238095,0.0,12.0,120000.0,0.0,0.0,3.0,1,3,0.022727272727272728,-4.82025,1.5952380952380953,1.3095238095238095,0.0,12.0,120000.0,0.0,0.0,3.0,1
140.0,10645,1.5952380952380953,1.3095238095238095,0.0,12.0,120000.0,0.0,0.0,4.0,1,3,0.022727272727272728,-4.82,1.5952380952380953,1.3095238095238095,0.0,12.0,120000.0,0.0,0.0,4.0,1
140.0,11997,1.5952380952380953,1.3095238095238095,0.0,12.0,120000.0,0.0,0.0,1.0,1,3,0.022727272727272728,-4.82025,1.5952380952380953,1.3095238095238095,0.0,12.0,120000.0,0.0,0.0,1.0,1
134.0,7512,1.5920398009950247,1.2593283582089552,25.0,12.0,120000.0,20000.0,6.0,5.0,0,0,0.022727272727272728,0.929582916666667,1.5951240438689587,1.3094301852655632,0.0,12.0,120000.0,20000.0,4.0,5.0,0
133.0,3072,1.6040100250626566,1.1904761904761902,0.0,25.0,400000.0,0.0,0.0,5.0,2,4,0.022727272727272728,-4.953533533333333,1.6231072466573058,1.3032247965861576,0.0,25.0,400000.0,0.0,0.0,5.0,1
139.0,6146,1.5827338129496402,1.3189448441247003,12.5,12.0,120000.0,20000.0,12.0,3.0,3,3,0.022727272727272728,-5.001250000000001,1.619959796618186,1.3006976469197111,12.5,12.0,120000.0,20000.0,13.0,3.0,1
141.0,4528,1.6193853427895981,1.3002364066193852,12.5,25.0,400000.0,20000.0,4.0,3.0,2,3,0.022727272727272728,-4.82,1.6193853427895981,1.3002364066193852,12.5,25.0,400000.0,20000.0,4.0,3.0,1
141.0,6147,1.6193853427895981,1.3002364066193852,12.5,12.0,120000.0,20000.0,13.0,3.0,2,3,0.022727272727272728,-4.82,1.6193853427895981,1.3002364066193852,12.5,12.0,120000.0,20000.0,13.0,3.0,1
141.0,8406,1.6193853427895981,1.3002364066193852,12.5,12.0,120000.0,20000.0,14.0,1.0,3,6,0.022727272727272728,-5.0,1.6193853427895981,1.3002364066193852,12.5,12.0,120000.0,20000.0,14.0,1.0,1
141.0,10203,1.6193853427895981,1.3002364066193852,0.0,12.0,120000.0,0.0,0.0,2.0,3,6,0.022727272727272728,-5.0,1.6193853427895981,1.3002364066193852,0.0,12.0,120000.0,0.0,0.0,2.0,1
141.0,11558,1.6193853427895981,1.3002364066193852,0.0,12.0,120000.0,0.0,0.0,2.0,3,6,0.022727272727272728,-5.0,1.6193853427895981,1.3002364066193852,0.0,12.0,120000.0,0.0,0.0,2.0,1
135.0,8403,1.580246913580247,1.25,50.0,12.0,120000.0,20000.0,15.0,1.0,0,0,0.022727272727272728,0.9293329166666671,1.6192703860763737,1.3001441056087675,12.5,12.0,120000.0,20000.0,13.0,1.0,0
140.0,486,1.5952380952380953,1.3095238095238095,0.0,8.0,80000.0,20000.0,7.0,4.0,3,4,0.022727272727272728,-5.105833958333333,1.634986240120478,1.2938740029730402,0.0,8.0,80000.0,20000.0,7.0,4.0,1
138.0,2293,1.570048309178744,1.3134057971014492,0.0,8.0,80000.0,0.0,0.0,5.0,2,1,0.022727272727272728,0.91,1.631455399061033,1.2910798122065728,0.0,8.0,80000.0,0.0,0.0,5.0,0
142.0,487,1.631455399061033,1.2910798122065728,0.0,8.0,80000.0,20000.0,7.0,4.0,3,6,0.022727272727272728,-5.0,1.631455399061033,1.2910798122065728,0.0,8.0,80000.0,20000.0,7.0,4.0,1
142.0,1391,1.631455399061033,1.2910798122065728,0.0,8.0,80000.0,0.0,0.0,5.0,3,7,0.022727272727272728,-5.0,1.631455399061033,1.2910798122065728,0.0,8.0,80000.0,0.0,0.0,5.0,1
142.0,2295,1.631455399061033,1.2910798122065728,0.0,8.0,80000.0,0.0,0.0,5.0,2,9,0.022727272727272728,-4.84,1.631455399061033,1.2910798122065728,0.0,8.0,80000.0,0.0,0.0,5.0,1
142.0,3075,1.631455399061033,1.2910798122065728,0.0,25.0,400000.0,0.0,0.0,5.0,1,5,0.022727272727272728,-4.84,1.631455399061033,1.2910798122065728,0.0,25.0,400000.0,0.0,0.0,5.0,1
142.0,5247,1.631455399061033,1.2910798122065728,12.5,12.0,120000.0,20000.0,5.0,5.0,1,5,0.022727272727272728,-4.84,1.631455399061033,1.2910798122065728,12.5,12.0,120000.0,20000.0,5.0,5.0,1
142.0,9756,1.631455399061033,1.2910798122065728,0.0,12.0,120000.0,0.0,0.0,3.0,3,1,0.022727272727272728,-5.0,1.631455399061033,1.2910798122065728,0.0,12.0,120000.0,0.0,0.0,3.0,1
142.0,10646,1.631455399061033,1.2910798122065728,0.0,12.0,120000.0,0.0,0.0,4.0,3,10,0.022727272727272728,-5.0,1.631455399061033,1.2910798122065728,0.0,12.0,120000.0,0.0,0.0,4.0,1
142.0,11998,1.631455399061033,1.2910798122065728,0.0,12.0,120000.0,0.0,0.0,1.0,3,10,0.022727272727272728,-5.0,1.631455399061033,1.2910798122065728,0.0,12.0,120000.0,0.0,0.0,1.0,1
137.0,6145,1.5815085158150852,1.322992700729927,0.0,12.0,120000.0,20000.0,11.0,3.0,0,0,0.022727272727272728,0.85,1.62004662004662,1.2966200466200466,0.0,12.0,120000.0,20000.0,12.0,3.0,0
137.0,7957,1.5815085158150852,1.322992700729927,0.0,12.0,120000.0,20000.0,7.0,3.0,0,0,0.022727272727272728,0.84975,1.62004662004662,1.2966200466200466,12.5,12.0,120000.0,20000.0,10.0,3.0,0
143.0,942,1.62004662004662,1.2966200466200466,25.0,8.0,80000.0,20000.0,15.0,1.0,2,10,0.022727272727272728,-4.9,1.62004662004662,1.2966200466200466,25.0,8.0,80000.0,20000.0,15.0,1.0,1
143.0,2718,1.62004662004662,1.2966200466200466,25.0,25.0,400000.0,20000.0,3.0,4.0,2,10,0.022727272727272728,-4.9,1.62004662004662,1.2966200466200466,25.0,25.0,400000.0,20000.0,3.0,4.0,1
143.0,4169,1.62004662004662,1.2966200466200466,0.0,25.0,400000.0,0.0,0.0,1.0,3,2,0.022727272727272728,-4.92,1.62004662004662,1.2966200466200466,0.0,25.0,400000.0,0.0,0.0,1.0,1
143.0,4884,1.62004662004662,1.2966200466200466,0.0,25.0,400000.0,0.0,0.0,5.0,3,2,0.022727272727272728,-4.92,1.62004662004662,1.2966200466200466,0.0,25.0,400000.0,0.0,0.0,5.0,1
143.0,6148,1.62004662004662,1.2966200466200466,0.0,12.0,120000.0,20000.0,12.0,3.0,3,2,0.022727272727272728,-4.92,1.62004662004662,1.2966200466200466,0.0,12.0,120000.0,20000.0,12.0,3.0,1
143.0,10204,1.62004662004662,1.2966200466200466,0.0,12.0,120000.0,0.0,0.0,2.0,1,4,0.022727272727272728,-4.8004999999999995,1.62004662004662,1.2966200466200466,0.0,12.0,120000.0,0.0,0.0,2.0,1
143.0,11559,1.62004662004662,1.2966200466200466,0.0,12.0,120000.0,0.0,0.0,2.0,2,4,0.022727272727272728,-4.8,1.62004662004662,1.2966200466200466,0.0,12.0,120000.0,0.0,0.0,2.0,1
139.0,940,1.5827338129496402,1.3189448441247003,12.5,8.0,80000.0,20000.0,15.0,1.0,0,0,0.022727272727272728,0.9491243750000005,1.6199332247208895,1.2965292895697766,12.5,8.0,80000.0,20000.0,14.0,1.0,0
123.0,4522,1.5040650406504066,1.0755420054200542,25.0,25.0,400000.0,20000.0,4.0,3.0,0,0,0.022727272727272728,0.7997998000000002,1.6199332247208895,1.2965292895697766,0.0,25.0,400000.0,20000.0,3.0,3.0,0
116.0,4160,1.135057471264368,0.8171695402298851,0.0,25.0,400000.0,0.0,0.0,1.0,2,2,0.022727272727272728,-3.3535335333333327,1.612416656909033,1.2905133315189201,0.0,25.0,400000.0,0.0,0.0,1.0,1
138.0,5245,1.570048309178744,1.3134057971014492,0.0,12.0,120000.0,20000.0,4.0,5.0,0,0,0.022727272727272728,0.89,1.6087962962962963,1.3599537037037037,0.0,12.0,120000.0,20000.0,4.0,5.0,0
138.0,5709,1.570048309178744,1.3134057971014492,0.0,12.0,120000.0,20000.0,3.0,2.0,0,0,0.022727272727272728,0.89,1.6087962962962963,1.3599537037037037,0.0,12.0,120000.0,20000.0,3.0,2.0,0
144.0,488,1.6087962962962963,1.3599537037037037,0.0,8.0,80000.0,20000.0,7.0,4.0,2,4,0.022727272727272728,-4.859999999999999,1.6087962962962963,1.3599537037037037,0.0,8.0,80000.0,20000.0,7.0,4.0,1
144.0,1392,1.6087962962962963,1.3599537037037037,0.0,8.0,80000.0,0.0,0.0,5.0,1,6,0.022727272727272728,-4.859999999999999,1.6087962962962963,1.3599537037037037,0.0,8.0,80000.0,0.0,0.0,5.0,1
144.0,2296,1.6087962962962963,1.3599537037037037,0.0,8.0,80000.0,0.0,0.0,5.0,1,6,0.022727272727272728,-4.859999999999999,1.6087962962962963,1.3599537037037037,0.0,8.0,80000.0,0.0,0.0,5.0,1
144.0,4529,1.6087962962962963,1.3599537037037037,0.0,25.0,400000.0,20000.0,3.0,3.0,2,5,0.022727272727272728,-4.862,1.6087962962962963,1.3599537037037037,0.0,25.0,400000.0,20000.0,3.0,3.0,1
144.0,5248,1.6087962962962963,1.3599537037037037,0.0,12.0,120000.0,20000.0,4.0,5.0,2,5,0.022727272727272728,-4.859999999999999,1.6087962962962963,1.3599537037037037,0.0,12.0,120000.0,20000.0,4.0,5.0,1
144.0,5712,1.6087962962962963,1.3599537037037037,0.0,12.0,120000.0,20000.0,3.0,2.0,3,4,0.022727272727272728,-4.92,1.6087962962962963,1.3599537037037037,0.0,12.0,120000.0,20000.0,3.0,2.0,1
144.0,7059,1.6087962962962963,1.3599537037037037,0.0,12.0,120000.0,20000.0,6.0,4.0,3,4,0.022727272727272728,-4.92,1.6087962962962963,1.3599537037037037,0.0,12.0,120000.0,20000.0,6.0,4.0,1
144.0,9757,1.6087962962962963,1.3599537037037037,0.0,12.0,120000.0,0.0,0.0,3.0,1,4,0.022727272727272728,-4.859999999999999,1.6087962962962963,1.3599537037037037,0.0,12.0,120000.0,0.0,0.0,3.0,1
144.0,10647,1.6087962962962963,1.3599537037037037,0.0,12.0,120000.0,0.0,0.0,4.0,2,8,0.022727272727272728,-4.859999999999999,1.6087962962962963,1.3599537037037037,0.0,12.0,120000.0,0.0,0.0,4.0,1
144.0,11999,1.6087962962962963,1.3599537037037037,0.0,12.0,120000.0,0.0,0.0,1.0,2,8,0.022727272727272728,-4.859999999999999,1.6087962962962963,1.3599537037037037,0.0,12.0,120000.0,0.0,0.0,1.0,1
138.0,485,1.570048309178744,1.3134057971014492,12.5,8.0,80000.0,20000.0,8.0,4.0,2,1,0.022727272727272728,0.6825,1.5977011494252875,1.3649425287356323,0.0,8.0,80000.0,20000.0,7.0,4.0,0
145.0,3076,1.5977011494252875,1.3649425287356323,0.0,25.0,400000.0,0.0,0.0,5.0,2,8,0.022727272727272728,-4.88,1.5977011494252875,1.3649425287356323,0.0,25.0,400000.0,0.0,0.0,5.0,1
145.0,6149,1.5977011494252875,1.3649425287356323,0.0,12.0,120000.0,20000.0,13.0,3.0,2,8,0.022727272727272728,-4.88,1.5977011494252875,1.3649425287356323,0.0,12.0,120000.0,20000.0,13.0,3.0,1
145.0,10205,1.5977011494252875,1.3649425287356323,0.0,12.0,120000.0,0.0,0.0,2.0,2,4,0.022727272727272728,-4.8,1.5977011494252875,1.3649425287356323,0.0,12.0,120000.0,0.0,0.0,2.0,1
145.0,11560,1.5977011494252875,1.3649425287356323,0.0,12.0,120000.0,0.0,0.0,2.0,2,4,0.022727272727272728,-4.8,1.5977011494252875,1.3649425287356323,0.0,12.0,120000.0,0.0,0.0,2.0,1
146.0,489,1.5867579908675797,1.376997716894977,0.0,8.0,80000.0,20000.0,7.0,4.0,1,8,0.022727272727272728,-4.88,1.5867579908675797,1.376997716894977,0.0,8.0,80000.0,20000.0,7.0,4.0,1
146.0,1393,1.5867579908675797,1.376997716894977,0.0,8.0,80000.0,0.0,0.0,5.0,1,8,0.022727272727272728,-4.88,1.5867579908675797,1.376997716894977,0.0,8.0,80000.0,0.0,0.0,5.0,1
146.0,2297,1.5867579908675797,1.376997716894977,0.0,8.0,80000.0,0.0,0.0,5.0,2,7,0.022727272727272728,-4.88,1.5867579908675797,1.376997716894977,0.0,8.0,80000.0,0.0,0.0,5.0,1
146.0,2719,1.5867579908675797,1.376997716894977,25.0,25.0,400000.0,20000.0,3.0,4.0,2,7,0.022727272727272728,-4.88,1.5867579908675797,1.376997716894977,25.0,25.0,400000.0,20000.0,3.0,4.0,1
146.0,2729,1.5867579908675797,1.376997716894977,25.0,25.0,400000.0,20000.0,3.0,4.0,1,9,0.022727272727272728,-4.88,1.5867579908675797,1.376997716894977,25.0,25.0,400000.0,20000.0,3.0,4.0,1
146.0,3455,1.5867579908675797,1.376997716894977,12.5,25.0,400000.0,20000.0,6.0,2.0,1,9,0.022727272727272728,-4.88,1.5867579908675797,1.376997716894977,12.5,25.0,400000.0,20000.0,6.0,2.0,1
146.0,4170,1.5867579908675797,1.376997716894977,0.0,25.0,400000.0,0.0,0.0,1.0,2,9,0.022727272727272728,-4.88,1.5867579908675797,1.376997716894977,0.0,25.0,400000.0,0.0,0.0,1.0,1
146.0,7060,1.5867579908675797,1.376997716894977,0.0,12.0,120000.0,20000.0,6.0,4.0,1,10,0.022727272727272728,-4.8,1.5867579908675797,1.376997716894977,0.0,12.0,120000.0,20000.0,6.0,4.0,1
146.0,7518,1.5867579908675797,1.376997716894977,37.5,12.0,120000.0,20000.0,7.0,5.0,1,10,0.022727272727272728,-4.8,1.5867579908675797,1.376997716894977,37.5,12.0,120000.0,20000.0,7.0,5.0,1
146.0,9758,1.5867579908675797,1.376997716894977,0.0,12.0,120000.0,0.0,0.0,3.0,1,10,0.022727272727272728,-4.8,1.5867579908675797,1.376997716894977,0.0,12.0,120000.0,0.0,0.0,3.0,1
146.0,10648,1.5867579908675797,1.376997716894977,0.0,12.0,120000.0,0.0,0.0,4.0,2,8,0.022727272727272728,-4.8,1.5867579908675797,1.376997716894977,0.0,12.0,120000.0,0.0,0.0,4.0,1
146.0,12000,1.5867579908675797,1.376997716894977,0.0,12.0,120000.0,0.0,0.0,1.0,2,9,0.022727272727272728,-4.8,1.5867579908675797,1.376997716894977,0.0,12.0,120000.0,0.0,0.0,1.0,1
143.0,7960,1.62004662004662,1.2966200466200466,12.5,12.0,120000.0,20000.0,10.0,3.0,1,1,0.022727272727272728,-4.925,1.5867579908675797,1.376997716894977,25.0,12.0,120000.0,20000.0,11.0,3.0,1
137.0,10201,1.5815085158150852,1.322992700729927,0.0,12.0,120000.0,0.0,0.0,2.0,1,2,0.022727272727272728,-5.175667083333333,1.586649207589717,1.376903314140357,0.0,12.0,120000.0,0.0,0.0,2.0,1
138.0,1389,1.570048309178744,1.3134057971014492,0.0,8.0,80000.0,0.0,0.0,5.0,2,1,0.022727272727272728,-3.3208333333333337,1.583143507972665,1.373861047835991,0.0,8.0,80000.0,0.0,0.0,5.0,1
147.0,26,1.5759637188208615,1.4384920634920635,25.0,8.0,80000.0,20000.0,5.0,2.0,2,9,0.022727272727272728,-4.84,1.5759637188208615,1.4384920634920635,25.0,8.0,80000.0,20000.0,5.0,2.0,1
147.0,944,1.5759637188208615,1.4384920634920635,12.5,8.0,80000.0,20000.0,14.0,1.0,3,4,0.022727272727272728,-4.92,1.5759637188208615,1.4384920634920635,12.5,8.0,80000.0,20000.0,14.0,1.0,1
147.0,4530,1.5759637188208615,1.4384920634920635,0.0,25.0,400000.0,20000.0,4.0,3.0,3,4,0.022727272727272728,-4.92,1.5759637188208615,1.4384920634920635,0.0,25.0,400000.0,20000.0,5.0,3.0,1
147.0,6150,1.5759637188208615,1.4384920634920635,0.0,12.0,120000.0,20000.0,14.0,3.0,1,4,0.022727272727272728,-4.84,1.5759637188208615,1.4384920634920635,0.0,12.0,120000.0,20000.0,14.0,3.0,1
147.0,6596,1.5759637188208615,1.4384920634920635,12.5,12.0,120000.0,20000.0,5.0,5.0,1,4,0.022727272727272728,-4.84,1.5759637188208615,1.4384920634920635,12.5,12.0,120000.0,20000.0,5.0,5.0,1
147.0,7962,1.5759637188208615,1.4384920634920635,25.0,12.0,120000.0,20000.0,11.0,3.0,2,4,0.022727272727272728,-4.84,1.5759637188208615,1.4384920634920635,25.0,12.0,120000.0,20000.0,11.0,3.0,1
147.0,8409,1.5759637188208615,1.4384920634920635,37.5,12.0,120000.0,20000.0,15.0,1.0,2,4,0.022727272727272728,-4.84,1.5759637188208615,1.4384920634920635,37.5,12.0,120000.0,20000.0,15.0,1.0,1
147.0,9295,1.5759637188208615,1.4384920634920635,0.0,12.0,120000.0,0.0,0.0,6.0,2,5,0.022727272727272728,-4.84,1.5759637188208615,1.4384920634920635,0.0,12.0,120000.0,0.0,0.0,6.0,1
147.0,10206,1.5759637188208615,1.4384920634920635,0.0,12.0,120000.0,0.0,0.0,2.0,2,5,0.022727272727272728,-4.84,1.5759637188208615,1.4384920634920635,0.0,12.0,120000.0,0.0,0.0,2.0,1
147.0,11561,1.5759637188208615,1.4384920634920635,0.0,12.0,120000.0,0.0,0.0,2.0,2,6,0.022727272727272728,-4.84,1.5759637188208615,1.4384920634920635,0.0,12.0,120000.0,0.0,0.0,2.0,1
141.0,7959,1.6193853427895981,1.3002364066193852,12.5,12.0,120000.0,20000.0,10.0,3.0,0,0,0.022727272727272728,0.909332916666667,1.5758564105033845,1.43839411570228,12.5,12.0,120000.0,20000.0,10.0,3.0,0
141.0,8394,1.6193853427895981,1.3002364066193852,12.5,12.0,120000.0,20000.0,13.0,1.0,0,0,0.022727272727272728,0.909332916666667,1.5758564105033845,1.43839411570228,12.5,12.0,120000.0,20000.0,13.0,1.0,0
141.0,941,1.6193853427895981,1.3002364066193852,25.0,8.0,80000.0,20000.0,15.0,1.0,1,3,0.022727272727272728,-5.215875624999999,1.5758564105033845,1.43839411570228,12.5,8.0,80000.0,20000.0,14.0,1.0,1
142.0,7516,1.631455399061033,1.2910798122065728,0.0,12.0,120000.0,20000.0,5.0,5.0,0,0,0.022727272727272728,0.8695,1.5653153153153152,1.4498873873873874,25.0,12.0,120000.0,20000.0,6.0,5.0,0
148.0,490,1.5653153153153152,1.4498873873873874,0.0,8.0,80000.0,20000.0,7.0,4.0,2,6,0.022727272727272728,-4.88,1.5653153153153152,1.4498873873873874,0.0,8.0,80000.0,20000.0,7.0,4.0,1
148.0,1394,1.5653153153153152,1.4498873873873874,0.0,8.0,80000.0,0.0,0.0,5.0,3,8,0.022727272727272728,-4.92,1.5653153153153152,1.4498873873873874,0.0,8.0,80000.0,0.0,0.0,5.0,1
148.0,2298,1.5653153153153152,1.4498873873873874,0.0,8.0,80000.0,0.0,0.0,5.0,3,8,0.022727272727272728,-4.92,1.5653153153153152,1.4498873873873874,0.0,8.0,80000.0,0.0,0.0,5.0,1
148.0,3077,1.5653153153153152,1.4498873873873874,0.0,25.0,400000.0,0.0,0.0,5.0,3,8,0.022727272727272728,-4.92,1.5653153153153152,1.4498873873873874,0.0,25.0,400000.0,0.0,0.0,5.0,1
148.0,5250,1.5653153153153152,1.4498873873873874,0.0,12.0,120000.0,20000.0,5.0,5.0,3,8,0.022727272727272728,-4.92,1.5653153153153152,1.4498873873873874,0.0,12.0,120000.0,20000.0,5.0,5.0,1
148.0,5714,1.5653153153153152,1.4498873873873874,12.5,12.0,120000.0,20000.0,4.0,2.0,2,9,0.022727272727272728,-4.88,1.5653153153153152,1.4498873873873874,12.5,12.0,120000.0,20000.0,4.0,2.0,1
148.0,7061,1.5653153153153152,1.4498873873873874,0.0,12.0,120000.0,20000.0,6.0,4.0,2,9,0.022727272727272728,-4.88,1.5653153153153152,1.4498873873873874,0.0,12.0,120000.0,20000.0,6.0,4.0,1
148.0,7519,1.5653153153153152,1.4498873873873874,25.0,12.0,120000.0,20000.0,6.0,5.0,2,9,0.022727272727272728,-4.88,1.5653153153153152,1.4498873873873874,25.0,12.0,120000.0,20000.0,6.0,5.0,1
148.0,9759,1.5653153153153152,1.4498873873873874,0.0,12.0,120000.0,0.0,0.0,3.0,2,9,0.022727272727272728,-4.88,1.5653153153153152,1.4498873873873874,0.0,12.0,120000.0,0.0,0.0,3.0,1
148.0,10649,1.5653153153153152,1.4498873873873874,0.0,12.0,120000.0,0.0,0.0,4.0,1,8,0.022727272727272728,-4.88,1.5653153153153152,1.4498873873873874,0.0,12.0,120000.0,0.0,0.0,4.0,1
148.0,12001,1.5653153153153152,1.4498873873873874,0.0,12.0,120000.0,0.0,0.0,1.0,3,5,0.022727272727272728,-4.92,1.5653153153153152,1.4498873873873874,0.0,12.0,120000.0,0.0,0.0,1.0,1
145.0,8408,1.5977011494252875,1.3649425287356323,37.5,12.0,120000.0,20000.0,15.0,1.0,2,4,0.022727272727272728,0.9533333333333334,1.5548098434004474,1.4401565995525727,12.5,12.0,120000.0,20000.0,13.0,1.0,0
145.0,25,1.5977011494252875,1.3649425287356323,12.5,8.0,80000.0,20000.0,4.0,2.0,0,0,0.022727272727272728,0.86975,1.5548098434004474,1.4401565995525727,12.5,8.0,80000.0,20000.0,5.0,2.0,0
149.0,3456,1.5548098434004474,1.4401565995525727,12.5,25.0,400000.0,20000.0,6.0,2.0,2,3,0.022727272727272728,-4.82,1.5548098434004474,1.4401565995525727,12.5,25.0,400000.0,20000.0,6.0,2.0,1
149.0,3809,1.5548098434004474,1.4401565995525727,25.0,25.0,400000.0,20000.0,9.0,0.0,3,6,0.022727272727272728,-4.92,1.5548098434004474,1.4401565995525727,25.0,25.0,400000.0,20000.0,9.0,0.0,1
149.0,4171,1.5548098434004474,1.4401565995525727,0.0,25.0,400000.0,0.0,0.0,1.0,3,6,0.022727272727272728,-4.92,1.5548098434004474,1.4401565995525727,0.0,25.0,400000.0,0.0,0.0,1.0,1
149.0,4886,1.5548098434004474,1.4401565995525727,0.0,25.0,400000.0,0.0,0.0,5.0,1,5,0.022727272727272728,-4.82,1.5548098434004474,1.4401565995525727,0.0,25.0,400000.0,0.0,0.0,5.0,1
149.0,6151,1.5548098434004474,1.4401565995525727,0.0,12.0,120000.0,20000.0,14.0,3.0,1,5,0.022727272727272728,-4.82,1.5548098434004474,1.4401565995525727,0.0,12.0,120000.0,20000.0,14.0,3.0,1
149.0,6597,1.5548098434004474,1.4401565995525727,12.5,12.0,120000.0,20000.0,5.0,5.0,1,10,0.022727272727272728,-4.82,1.5548098434004474,1.4401565995525727,12.5,12.0,120000.0,20000.0,5.0,5.0,1
149.0,7963,1.5548098434004474,1.4401565995525727,12.5,12.0,120000.0,20000.0,10.0,3.0,1,10,0.022727272727272728,-4.82,1.5548098434004474,1.4401565995525727,12.5,12.0,120000.0,20000.0,10.0,3.0,1
149.0,9296,1.5548098434004474,1.4401565995525727,0.0,12.0,120000.0,0.0,0.0,6.0,2,10,0.022727272727272728,-4.82,1.5548098434004474,1.4401565995525727,0.0,12.0,120000.0,0.0,0.0,6.0,1
149.0,10207,1.5548098434004474,1.4401565995525727,0.0,12.0,120000.0,0.0,0.0,2.0,3,6,0.022727272727272728,-4.92,1.5548098434004474,1.4401565995525727,0.0,12.0,120000.0,0.0,0.0,2.0,1
149.0,11562,1.5548098434004474,1.4401565995525727,0.0,12.0,120000.0,0.0,0.0,2.0,3,6,0.022727272727272728,-4.92,1.5548098434004474,1.4401565995525727,0.0,12.0,120000.0,0.0,0.0,2.0,1
145.0,943,1.5977011494252875,1.3649425287356323,12.5,8.0,80000.0,20000.0,14.0,1.0,0,0,0.022727272727272728,0.9291243750000004,1.5547053964137487,1.4400598545918717,12.5,8.0,80000.0,20000.0,14.0,1.0,0
143.0,8407,1.62004662004662,1.2966200466200466,12.5,12.0,120000.0,20000.0,13.0,1.0,1,1,0.022727272727272728,0.9293329166666671,1.5547053964137487,1.4400598545918717,12.5,12.0,120000.0,20000.0,13.0,1.0,0
150.0,1395,1.5444444444444445,1.5,0.0,8.0,80000.0,0.0,0.0,5.0,3,3,0.022727272727272728,-4.859999999999999,1.5444444444444445,1.5,0.0,8.0,80000.0,0.0,0.0,5.0,1
150.0,2299,1.5444444444444445,1.5,0.0,8.0,80000.0,0.0,0.0,5.0,1,1,0.022727272727272728,-4.8,1.5444444444444445,1.5,0.0,8.0,80000.0,0.0,0.0,5.0,1
150.0,3080,1.5444444444444445,1.5,0.0,25.0,400000.0,0.0,0.0,5.0,1,1,0.022727272727272728,-4.8,1.5444444444444445,1.5,0.0,25.0,400000.0,0.0,0.0,5.0,1
150.0,5251,1.5444444444444445,1.5,0.0,12.0,120000.0,20000.0,5.0,5.0,1,2,0.022727272727272728,-4.8,1.5444444444444445,1.5,0.0,12.0,120000.0,20000.0,5.0,5.0,1
150.0,5715,1.5444444444444445,1.5,12.5,12.0,120000.0,20000.0,4.0,2.0,1,2,0.022727272727272728,-4.8,1.5444444444444445,1.5,12.5,12.0,120000.0,20000.0,4.0,2.0,1
150.0,7062,1.5444444444444445,1.5,0.0,12.0,120000.0,20000.0,6.0,4.0,1,2,0.022727272727272728,-4.8,1.5444444444444445,1.5,0.0,12.0,120000.0,20000.0,6.0,4.0,1
150.0,8845,1.5444444444444445,1.5,0.0,12.0,120000.0,0.0,0.0,3.0,3,3,0.022727272727272728,-4.859999999999999,1.5444444444444445,1.5,0.0,12.0,120000.0,0.0,0.0,3.0,1
150.0,9760,1.5444444444444445,1.5,0.0,12.0,120000.0,0.0,0.0,3.0,3,3,0.022727272727272728,-4.859999999999999,1.5444444444444445,1.5,0.0,12.0,120000.0,0.0,0.0,3.0,1
150.0,10650,1.5444444444444445,1.5,0.0,12.0,120000.0,0.0,0.0,4.0,3,6,0.022727272727272728,-4.859999999999999,1.5444444444444445,1.5,0.0,12.0,120000.0,0.0,0.0,4.0,1
150.0,12002,1.5444444444444445,1.5,0.0,12.0,120000.0,0.0,0.0,1.0,3,6,0.022727272727272728,-4.859999999999999,1.5444444444444445,1.5,0.0,12.0,120000.0,0.0,0.0,1.0,1
146.0,5249,1.5867579908675797,1.376997716894977,0.0,12.0,120000.0,20000.0,4.0,5.0,2,2,0.022727272727272728,-4.966666666666667,1.5444444444444445,1.5,0.0,12.0,120000.0,20000.0,5.0,5.0,1
144.0,7517,1.6087962962962963,1.3599537037037037,25.0,12.0,120000.0,20000.0,6.0,5.0,0,0,0.022727272727272728,0.9495829166666669,1.5443413853959924,1.4998999066795609,0.0,12.0,120000.0,20000.0,4.0,5.0,0
142.0,5711,1.631455399061033,1.2910798122065728,12.5,12.0,120000.0,20000.0,4.0,2.0,1,1,0.022727272727272728,-5.134000416666666,1.5443413853959924,1.4998999066795609,12.5,12.0,120000.0,20000.0,4.0,2.0,1
118.0,3067,1.1440677966101696,0.8033192090395479,0.0,25.0,400000.0,0.0,0.0,5.0,2,1,0.022727272727272728,-3.453533533333333,1.5375084703996327,1.4932636223305784,0.0,25.0,400000.0,0.0,0.0,5.0,1
142.0,7058,1.631455399061033,1.2910798122065728,0.0,12.0,120000.0,20000.0,6.0,4.0,1,1,0.022727272727272728,0.805,1.534216335540839,1.4900662251655628,0.0,12.0,120000.0,20000.0,6.0,4.0,0
145.0,6595,1.5977011494252875,1.3649425287356323,0.0,12.0,120000.0,20000.0,4.0,5.0,0,0,0.022727272727272728,0.93,1.534216335540839,1.4900662251655628,0.0,12.0,120000.0,20000.0,6.0,5.0,0
151.0,28,1.534216335540839,1.4900662251655628,12.5,8.0,80000.0,20000.0,4.0,2.0,1,5,0.022727272727272728,-4.82,1.534216335540839,1.4900662251655628,12.5,8.0,80000.0,20000.0,4.0,2.0,1
151.0,946,1.534216335540839,1.4900662251655628,12.5,8.0,80000.0,20000.0,14.0,1.0,1,5,0.022727272727272728,-4.82025,1.534216335540839,1.4900662251655628,12.5,8.0,80000.0,20000.0,14.0,1.0,1
151.0,1825,1.534216335540839,1.4900662251655628,0.0,8.0,80000.0,0.0,0.0,4.0,1,5,0.022727272727272728,-4.82,1.534216335540839,1.4900662251655628,0.0,8.0,80000.0,0.0,0.0,4.0,1
151.0,3078,1.534216335540839,1.4900662251655628,0.0,25.0,400000.0,0.0,0.0,5.0,1,5,0.022727272727272728,-4.82,1.534216335540839,1.4900662251655628,0.0,25.0,400000.0,0.0,0.0,5.0,1
151.0,7964,1.534216335540839,1.4900662251655628,12.5,12.0,120000.0,20000.0,10.0,3.0,2,7,0.022727272727272728,-4.82,1.534216335540839,1.4900662251655628,12.5,12.0,120000.0,20000.0,10.0,3.0,1
151.0,8411,1.534216335540839,1.4900662251655628,12.5,12.0,120000.0,20000.0,14.0,1.0,2,7,0.022727272727272728,-4.82,1.534216335540839,1.4900662251655628,12.5,12.0,120000.0,20000.0,14.0,1.0,1
151.0,9297,1.534216335540839,1.4900662251655628,0.0,12.0,120000.0,0.0,0.0,6.0,2,3,0.022727272727272728,-4.82,1.534216335540839,1.4900662251655628,0.0,12.0,120000.0,0.0,0.0,6.0,1
151.0,10208,1.534216335540839,1.4900662251655628,0.0,12.0,120000.0,0.0,0.0,2.0,2,3,0.022727272727272728,-4.82,1.534216335540839,1.4900662251655628,0.0,12.0,120000.0,0.0,0.0,2.0,1
151.0,11563,1.534216335540839,1.4900662251655628,0.0,12.0,120000.0,0.0,0.0,2.0,1,5,0.022727272727272728,-4.82,1.534216335540839,1.4900662251655628,0.0,12.0,120000.0,0.0,0.0,2.0,1
131.0,3450,1.6284987277353689,1.11323155216285,12.5,25.0,400000.0,20000.0,6.0,2.0,0,0,0.022727272727272728,0.7797998000000002,1.5341146369480185,1.4899674531509537,0.0,25.0,400000.0,20000.0,5.0,2.0,0
145.0,7961,1.5977011494252875,1.3649425287356323,12.5,12.0,120000.0,20000.0,10.0,3.0,0,0,0.022727272727272728,0.929582916666667,1.5341146369480185,1.4899674531509537,0.0,12.0,120000.0,20000.0,9.0,3.0,0
131.0,2714,1.6284987277353689,1.11323155216285,25.0,25.0,400000.0,20000.0,3.0,4.0,0,0,0.022727272727272728,0.7797998000000002,1.5341146369480185,1.4899674531509537,0.0,25.0,400000.0,20000.0,1.0,4.0,0
131.0,2724,1.6284987277353689,1.11323155216285,25.0,25.0,400000.0,20000.0,4.0,4.0,0,0,0.022727272727272728,0.7797998000000002,1.5341146369480185,1.4899674531509537,0.0,25.0,400000.0,20000.0,1.0,4.0,0
146.0,5713,1.5867579908675797,1.376997716894977,0.0,12.0,120000.0,20000.0,3.0,2.0,1,10,0.022727272727272728,0.93,1.5241228070175439,1.4802631578947367,0.0,12.0,120000.0,20000.0,3.0,2.0,0
152.0,492,1.5241228070175439,1.4802631578947367,0.0,8.0,80000.0,20000.0,7.0,4.0,1,5,0.022727272727272728,-4.82,1.5241228070175439,1.4802631578947367,0.0,8.0,80000.0,20000.0,7.0,4.0,1
152.0,1396,1.5241228070175439,1.4802631578947367,0.0,8.0,80000.0,0.0,0.0,5.0,2,4,0.022727272727272728,-4.82,1.5241228070175439,1.4802631578947367,0.0,8.0,80000.0,0.0,0.0,5.0,1
152.0,2731,1.5241228070175439,1.4802631578947367,0.0,25.0,400000.0,20000.0,2.0,4.0,2,4,0.022727272727272728,-4.82,1.5241228070175439,1.4802631578947367,0.0,25.0,400000.0,20000.0,2.0,4.0,1
152.0,3457,1.5241228070175439,1.4802631578947367,0.0,25.0,400000.0,20000.0,5.0,2.0,2,7,0.022727272727272728,-4.82,1.5241228070175439,1.4802631578947367,0.0,25.0,400000.0,20000.0,5.0,2.0,1
152.0,3810,1.5241228070175439,1.4802631578947367,25.0,25.0,400000.0,20000.0,9.0,0.0,2,7,0.022727272727272728,-4.82,1.5241228070175439,1.4802631578947367,25.0,25.0,400000.0,20000.0,10.0,0.0,1
152.0,4172,1.5241228070175439,1.4802631578947367,0.0,25.0,400000.0,0.0,0.0,1.0,1,8,0.022727272727272728,-4.8205,1.5241228070175439,1.4802631578947367,0.0,25.0,400000.0,0.0,0.0,1.0,1
152.0,4887,1.5241228070175439,1.4802631578947367,0.0,25.0,400000.0,0.0,0.0,5.0,1,8,0.022727272727272728,-4.82,1.5241228070175439,1.4802631578947367,0.0,25.0,400000.0,0.0,0.0,5.0,1
152.0,5252,1.5241228070175439,1.4802631578947367,0.0,12.0,120000.0,20000.0,5.0,5.0,2,5,0.022727272727272728,-4.82,1.5241228070175439,1.4802631578947367,0.0,12.0,120000.0,20000.0,5.0,5.0,1
152.0,5716,1.5241228070175439,1.4802631578947367,0.0,12.0,120000.0,20000.0,3.0,2.0,2,5,0.022727272727272728,-4.82,1.5241228070175439,1.4802631578947367,0.0,12.0,120000.0,20000.0,3.0,2.0,1
152.0,7063,1.5241228070175439,1.4802631578947367,0.0,12.0,120000.0,20000.0,6.0,4.0,2,4,0.022727272727272728,-4.82,1.5241228070175439,1.4802631578947367,0.0,12.0,120000.0,20000.0,6.0,4.0,1
152.0,8846,1.5241228070175439,1.4802631578947367,0.0,12.0,120000.0,0.0,0.0,3.0,2,4,0.022727272727272728,-4.82,1.5241228070175439,1.4802631578947367,0.0,12.0,120000.0,0.0,0.0,3.0,1
152.0,9761,1.5241228070175439,1.4802631578947367,0.0,12.0,120000.0,0.0,0.0,3.0,1,3,0.022727272727272728,-4.82025,1.5241228070175439,1.4802631578947367,0.0,12.0,120000.0,0.0,0.0,3.0,1
152.0,10651,1.5241228070175439,1.4802631578947367,0.0,12.0,120000.0,0.0,0.0,4.0,1,3,0.022727272727272728,-4.82,1.5241228070175439,1.4802631578947367,0.0,12.0,120000.0,0.0,0.0,4.0,1
152.0,12003,1.5241228070175439,1.4802631578947367,0.0,12.0,120000.0,0.0,0.0,1.0,1,3,0.022727272727272728,-4.82,1.5241228070175439,1.4802631578947367,0.0,12.0,120000.0,0.0,0.0,1.0,1
153.0,947,1.514161220043573,1.4705882352941178,12.5,8.0,80000.0,20000.0,15.0,1.0,1,2,0.022727272727272728,-4.82025,1.514161220043573,1.4705882352941178,12.5,8.0,80000.0,20000.0,15.0,1.0,1
153.0,1826,1.514161220043573,1.4705882352941178,0.0,8.0,80000.0,0.0,0.0,4.0,1,2,0.022727272727272728,-4.82,1.514161220043573,1.4705882352941178,0.0,8.0,80000.0,0.0,0.0,4.0,1
153.0,3081,1.514161220043573,1.4705882352941178,0.0,25.0,400000.0,0.0,0.0,5.0,1,2,0.022727272727272728,-4.82,1.514161220043573,1.4705882352941178,0.0,25.0,400000.0,0.0,0.0,5.0,1
153.0,4532,1.514161220043573,1.4705882352941178,12.5,25.0,400000.0,20000.0,7.0,3.0,1,2,0.022727272727272728,-4.82,1.514161220043573,1.4705882352941178,12.5,25.0,400000.0,20000.0,7.0,3.0,1
153.0,6153,1.514161220043573,1.4705882352941178,12.5,12.0,120000.0,20000.0,15.0,3.0,1,3,0.022727272727272728,-4.82,1.514161220043573,1.4705882352941178,12.5,12.0,120000.0,20000.0,15.0,3.0,1
153.0,6599,1.514161220043573,1.4705882352941178,12.5,12.0,120000.0,20000.0,6.0,5.0,1,3,0.022727272727272728,-4.82,1.514161220043573,1.4705882352941178,12.5,12.0,120000.0,20000.0,6.0,5.0,1
153.0,7965,1.514161220043573,1.4705882352941178,0.0,12.0,120000.0,20000.0,10.0,3.0,2,6,0.022727272727272728,-4.82,1.514161220043573,1.4705882352941178,0.0,12.0,120000.0,20000.0,10.0,3.0,1
153.0,8412,1.514161220043573,1.4705882352941178,12.5,12.0,120000.0,20000.0,15.0,1.0,2,6,0.022727272727272728,-4.82,1.514161220043573,1.4705882352941178,12.5,12.0,120000.0,20000.0,15.0,1.0,1
153.0,9298,1.514161220043573,1.4705882352941178,0.0,12.0,120000.0,0.0,0.0,6.0,2,7,0.022727272727272728,-4.82,1.514161220043573,1.4705882352941178,0.0,12.0,120000.0,0.0,0.0,6.0,1
153.0,10209,1.514161220043573,1.4705882352941178,0.0,12.0,120000.0,0.0,0.0,2.0,2,7,0.022727272727272728,-4.82,1.514161220043573,1.4705882352941178,0.0,12.0,120000.0,0.0,0.0,2.0,1
153.0,11564,1.514161220043573,1.4705882352941178,0.0,12.0,120000.0,0.0,0.0,2.0,2,7,0.022727272727272728,-4.82,1.514161220043573,1.4705882352941178,0.0,12.0,120000.0,0.0,0.0,2.0,1
153.0,12445,1.514161220043573,1.4705882352941178,0.0,12.0,120000.0,0.0,0.0,4.0,2,7,0.022727272727272728,-4.82,1.514161220043573,1.4705882352941178,0.0,12.0,120000.0,0.0,0.0,4.0,1
149.0,945,1.5548098434004474,1.4401565995525727,12.5,8.0,80000.0,20000.0,14.0,1.0,0,0,0.022727272727272728,0.9293743750000004,1.5140621627739694,1.4704920285934233,0.0,8.0,80000.0,20000.0,14.0,1.0,0
149.0,27,1.5548098434004474,1.4401565995525727,12.5,8.0,80000.0,20000.0,4.0,2.0,0,0,0.022727272727272728,0.9293743750000004,1.5140621627739694,1.4704920285934233,0.0,8.0,80000.0,20000.0,3.0,2.0,0
146.0,4885,1.5867579908675797,1.376997716894977,0.0,25.0,400000.0,0.0,0.0,5.0,2,2,0.022727272727272728,-4.973533533333333,1.5291845522514014,1.4641128691768732,0.0,25.0,400000.0,0.0,0.0,5.0,1
150.0,491,1.5444444444444445,1.5,0.0,8.0,80000.0,20000.0,7.0,4.0,3,3,0.022727272727272728,-5.150833958333333,1.5290187258814918,1.463954099248237,0.0,8.0,80000.0,20000.0,9.0,4.0,1
154.0,493,1.525974025974026,1.4610389610389611,0.0,8.0,80000.0,20000.0,9.0,4.0,1,6,0.022727272727272728,-4.88,1.525974025974026,1.4610389610389611,0.0,8.0,80000.0,20000.0,9.0,4.0,1
154.0,1397,1.525974025974026,1.4610389610389611,0.0,8.0,80000.0,0.0,0.0,5.0,1,6,0.022727272727272728,-4.88,1.525974025974026,1.4610389610389611,0.0,8.0,80000.0,0.0,0.0,5.0,1
154.0,3079,1.525974025974026,1.4610389610389611,0.0,25.0,400000.0,0.0,0.0,5.0,1,6,0.022727272727272728,-4.88,1.525974025974026,1.4610389610389611,0.0,25.0,400000.0,0.0,0.0,5.0,1
154.0,5253,1.525974025974026,1.4610389610389611,0.0,12.0,120000.0,20000.0,5.0,5.0,1,6,0.022727272727272728,-4.88,1.525974025974026,1.4610389610389611,0.0,12.0,120000.0,20000.0,5.0,5.0,1
154.0,7064,1.525974025974026,1.4610389610389611,0.0,12.0,120000.0,20000.0,6.0,4.0,3,4,0.022727272727272728,-4.84,1.525974025974026,1.4610389610389611,0.0,12.0,120000.0,20000.0,6.0,4.0,1
154.0,8847,1.525974025974026,1.4610389610389611,0.0,12.0,120000.0,0.0,0.0,3.0,3,4,0.022727272727272728,-4.84,1.525974025974026,1.4610389610389611,0.0,12.0,120000.0,0.0,0.0,3.0,1
154.0,9762,1.525974025974026,1.4610389610389611,0.0,12.0,120000.0,0.0,0.0,3.0,3,4,0.022727272727272728,-4.84,1.525974025974026,1.4610389610389611,0.0,12.0,120000.0,0.0,0.0,3.0,1
154.0,10652,1.525974025974026,1.4610389610389611,0.0,12.0,120000.0,0.0,0.0,4.0,2,8,0.022727272727272728,-4.8,1.525974025974026,1.4610389610389611,0.0,12.0,120000.0,0.0,0.0,4.0,1
154.0,12004,1.525974025974026,1.4610389610389611,0.0,12.0,120000.0,0.0,0.0,1.0,2,8,0.022727272727272728,-4.8,1.525974025974026,1.4610389610389611,0.0,12.0,120000.0,0.0,0.0,1.0,1
155.0,30,1.5161290322580645,1.4516129032258065,0.0,8.0,80000.0,20000.0,3.0,2.0,2,7,0.022727272727272728,-4.88,1.5161290322580645,1.4516129032258065,0.0,8.0,80000.0,20000.0,3.0,2.0,1
155.0,948,1.5161290322580645,1.4516129032258065,0.0,8.0,80000.0,20000.0,14.0,1.0,2,7,0.022727272727272728,-4.88,1.5161290322580645,1.4516129032258065,0.0,8.0,80000.0,20000.0,14.0,1.0,1
155.0,1827,1.5161290322580645,1.4516129032258065,0.0,8.0,80000.0,0.0,0.0,4.0,3,8,0.022727272727272728,-4.92,1.5161290322580645,1.4516129032258065,0.0,8.0,80000.0,0.0,0.0,4.0,1
155.0,2732,1.5161290322580645,1.4516129032258065,0.0,25.0,400000.0,20000.0,3.0,4.0,3,8,0.022727272727272728,-4.92,1.5161290322580645,1.4516129032258065,0.0,25.0,400000.0,20000.0,3.0,4.0,1
155.0,3458,1.5161290322580645,1.4516129032258065,0.0,25.0,400000.0,20000.0,5.0,2.0,2,5,0.022727272727272728,-4.88,1.5161290322580645,1.4516129032258065,0.0,25.0,400000.0,20000.0,5.0,2.0,1
155.0,3811,1.5161290322580645,1.4516129032258065,25.0,25.0,400000.0,20000.0,10.0,0.0,2,5,0.022727272727272728,-4.88,1.5161290322580645,1.4516129032258065,25.0,25.0,400000.0,20000.0,11.0,0.0,1
155.0,4173,1.5161290322580645,1.4516129032258065,0.0,25.0,400000.0,0.0,0.0,1.0,1,6,0.022727272727272728,-4.8805,1.5161290322580645,1.4516129032258065,0.0,25.0,400000.0,0.0,0.0,1.0,1
155.0,4888,1.5161290322580645,1.4516129032258065,0.0,25.0,400000.0,0.0,0.0,5.0,1,6,0.022727272727272728,-4.88,1.5161290322580645,1.4516129032258065,0.0,25.0,400000.0,0.0,0.0,5.0,1
155.0,6154,1.5161290322580645,1.4516129032258065,12.5,12.0,120000.0,20000.0,15.0,3.0,2,8,0.022727272727272728,-4.88,1.5161290322580645,1.4516129032258065,12.5,12.0,120000.0,20000.0,15.0,3.0,1
155.0,6600,1.5161290322580645,1.4516129032258065,12.5,12.0,120000.0,20000.0,6.0,5.0,2,8,0.022727272727272728,-4.88,1.5161290322580645,1.4516129032258065,12.5,12.0,120000.0,20000.0,6.0,5.0,1
155.0,9299,1.5161290322580645,1.4516129032258065,0.0,12.0,120000.0,0.0,0.0,6.0,1,3,0.022727272727272728,-4.82,1.5161290322580645,1.4516129032258065,0.0,12.0,120000.0,0.0,0.0,6.0,1
155.0,10210,1.5161290322580645,1.4516129032258065,0.0,12.0,120000.0,0.0,0.0,2.0,3,4,0.022727272727272728,-4.9,1.5161290322580645,1.4516129032258065,0.0,12.0,120000.0,0.0,0.0,2.0,1
155.0,11095,1.5161290322580645,1.4516129032258065,0.0,12.0,120000.0,0.0,0.0,4.0,3,4,0.022727272727272728,-4.9,1.5161290322580645,1.4516129032258065,0.0,12.0,120000.0,0.0,0.0,4.0,1
155.0,12446,1.5161290322580645,1.4516129032258065,0.0,12.0,120000.0,0.0,0.0,4.0,2,1,0.022727272727272728,-4.8,1.5161290322580645,1.4516129032258065,0.0,12.0,120000.0,0.0,0.0,4.0,1
149.0,8410,1.5548098434004474,1.4401565995525727,12.5,12.0,120000.0,20000.0,13.0,1.0,0,0,0.022727272727272728,0.9495829166666669,1.5160311259898636,1.4515191631817843,0.0,12.0,120000.0,20000.0,14.0,1.0,0
154.0,5717,1.525974025974026,1.4610389610389611,0.0,12.0,120000.0,20000.0,4.0,2.0,3,4,0.022727272727272728,-4.981250000000001,1.5389547932029493,1.4427701186277648,12.5,12.0,120000.0,20000.0,4.0,2.0,1
156.0,494,1.5384615384615385,1.4623397435897436,0.0,8.0,80000.0,20000.0,9.0,4.0,2,6,0.022727272727272728,-4.84,1.5384615384615385,1.4623397435897436,0.0,8.0,80000.0,20000.0,9.0,4.0,1
156.0,1398,1.5384615384615385,1.4623397435897436,0.0,8.0,80000.0,0.0,0.0,5.0,2,6,0.022727272727272728,-4.84,1.5384615384615385,1.4623397435897436,0.0,8.0,80000.0,0.0,0.0,5.0,1
156.0,5254,1.5384615384615385,1.4623397435897436,0.0,12.0,120000.0,20000.0,5.0,5.0,2,7,0.022727272727272728,-4.8,1.5384615384615385,1.4623397435897436,0.0,12.0,120000.0,20000.0,5.0,5.0,1
156.0,5718,1.5384615384615385,1.4623397435897436,12.5,12.0,120000.0,20000.0,4.0,2.0,2,7,0.022727272727272728,-4.8,1.5384615384615385,1.4623397435897436,12.5,12.0,120000.0,20000.0,4.0,2.0,1
156.0,7065,1.5384615384615385,1.4623397435897436,0.0,12.0,120000.0,20000.0,6.0,4.0,1,8,0.022727272727272728,-4.8,1.5384615384615385,1.4623397435897436,0.0,12.0,120000.0,20000.0,6.0,4.0,1
156.0,8848,1.5384615384615385,1.4623397435897436,0.0,12.0,120000.0,0.0,0.0,3.0,1,8,0.022727272727272728,-4.8,1.5384615384615385,1.4623397435897436,0.0,12.0,120000.0,0.0,0.0,3.0,1
156.0,9763,1.5384615384615385,1.4623397435897436,0.0,12.0,120000.0,0.0,0.0,3.0,1,8,0.022727272727272728,-4.8,1.5384615384615385,1.4623397435897436,0.0,12.0,120000.0,0.0,0.0,3.0,1
156.0,10653,1.5384615384615385,1.4623397435897436,0.0,12.0,120000.0,0.0,0.0,4.0,1,8,0.022727272727272728,-4.8,1.5384615384615385,1.4623397435897436,0.0,12.0,120000.0,0.0,0.0,4.0,1
156.0,12005,1.5384615384615385,1.4623397435897436,0.0,12.0,120000.0,0.0,0.0,1.0,1,1,0.022727272727272728,-4.8,1.5384615384615385,1.4623397435897436,0.0,12.0,120000.0,0.0,0.0,1.0,1
149.0,2730,1.5548098434004474,1.4401565995525727,25.0,25.0,400000.0,20000.0,3.0,4.0,2,3,0.022727272727272728,-4.953533533333333,1.5637298748762927,1.4560239906373642,0.0,25.0,400000.0,20000.0,3.0,4.0,1
155.0,7966,1.5161290322580645,1.4516129032258065,0.0,12.0,120000.0,20000.0,10.0,3.0,3,1,0.022727272727272728,-5.001250000000001,1.5610066900286714,1.4534883720930232,0.0,12.0,120000.0,20000.0,11.0,3.0,1
151.0,6152,1.534216335540839,1.4900662251655628,0.0,12.0,120000.0,20000.0,14.0,3.0,0,0,0.022727272727272728,0.91,1.5605095541401275,1.4530254777070062,0.0,12.0,120000.0,20000.0,15.0,3.0,0
157.0,7967,1.5605095541401275,1.4530254777070062,0.0,12.0,120000.0,20000.0,11.0,3.0,2,3,0.022727272727272728,-4.82,1.5605095541401275,1.4530254777070062,0.0,12.0,120000.0,20000.0,11.0,3.0,1
157.0,8414,1.5605095541401275,1.4530254777070062,0.0,12.0,120000.0,20000.0,15.0,1.0,2,3,0.022727272727272728,-4.82,1.5605095541401275,1.4530254777070062,0.0,12.0,120000.0,20000.0,15.0,1.0,1
157.0,9300,1.5605095541401275,1.4530254777070062,0.0,12.0,120000.0,0.0,0.0,6.0,2,4,0.022727272727272728,-4.82,1.5605095541401275,1.4530254777070062,0.0,12.0,120000.0,0.0,0.0,6.0,1
157.0,10211,1.5605095541401275,1.4530254777070062,0.0,12.0,120000.0,0.0,0.0,2.0,2,4,0.022727272727272728,-4.82,1.5605095541401275,1.4530254777070062,0.0,12.0,120000.0,0.0,0.0,2.0,1
157.0,11096,1.5605095541401275,1.4530254777070062,0.0,12.0,120000.0,0.0,0.0,4.0,2,10,0.022727272727272728,-4.82,1.5605095541401275,1.4530254777070062,0.0,12.0,120000.0,0.0,0.0,4.0,1
157.0,11566,1.5605095541401275,1.4530254777070062,0.0,12.0,120000.0,0.0,0.0,2.0,2,10,0.022727272727272728,-4.82,1.5605095541401275,1.4530254777070062,0.0,12.0,120000.0,0.0,0.0,2.0,1
157.0,12447,1.5605095541401275,1.4530254777070062,0.0,12.0,120000.0,0.0,0.0,4.0,1,6,0.022727272727272728,-4.82,1.5605095541401275,1.4530254777070062,0.0,12.0,120000.0,0.0,0.0,4.0,1
151.0,6598,1.534216335540839,1.4900662251655628,0.0,12.0,120000.0,20000.0,5.0,5.0,0,0,0.022727272727272728,0.9293329166666671,1.5604100655748,1.4529328416704133,12.5,12.0,120000.0,20000.0,6.0,5.0,0
158.0,495,1.6561181434599157,1.5295358649789028,0.0,8.0,80000.0,20000.0,9.0,4.0,1,6,0.022727272727272728,-4.9,1.6561181434599157,1.5295358649789028,0.0,8.0,80000.0,20000.0,9.0,4.0,1
158.0,4889,1.6561181434599157,1.5295358649789028,0.0,25.0,400000.0,0.0,0.0,5.0,3,3,0.022727272727272728,-4.859999999999999,1.6561181434599157,1.5295358649789028,0.0,25.0,400000.0,0.0,0.0,5.0,1
158.0,7066,1.6561181434599157,1.5295358649789028,0.0,12.0,120000.0,20000.0,6.0,4.0,2,4,0.022727272727272728,-4.8,1.6561181434599157,1.5295358649789028,0.0,12.0,120000.0,20000.0,6.0,4.0,1
158.0,8849,1.6561181434599157,1.5295358649789028,0.0,12.0,120000.0,0.0,0.0,3.0,2,4,0.022727272727272728,-4.8,1.6561181434599157,1.5295358649789028,0.0,12.0,120000.0,0.0,0.0,3.0,1
158.0,9764,1.6561181434599157,1.5295358649789028,0.0,12.0,120000.0,0.0,0.0,3.0,1,6,0.022727272727272728,-4.8,1.6561181434599157,1.5295358649789028,0.0,12.0,120000.0,0.0,0.0,3.0,1
158.0,10654,1.6561181434599157,1.5295358649789028,0.0,12.0,120000.0,0.0,0.0,4.0,1,6,0.022727272727272728,-4.8,1.6561181434599157,1.5295358649789028,0.0,12.0,120000.0,0.0,0.0,4.0,1
158.0,12006,1.6561181434599157,1.5295358649789028,0.0,12.0,120000.0,0.0,0.0,1.0,1,6,0.022727272727272728,-4.8,1.6561181434599157,1.5295358649789028,0.0,12.0,120000.0,0.0,0.0,1.0,1
155.0,11565,1.5161290322580645,1.4516129032258065,0.0,12.0,120000.0,0.0,0.0,2.0,2,1,0.022727272727272728,-4.925,1.6561181434599157,1.5295358649789028,0.0,12.0,120000.0,0.0,0.0,2.0,1
153.0,29,1.514161220043573,1.4705882352941178,12.5,8.0,80000.0,20000.0,4.0,2.0,1,3,0.022727272727272728,-5.11275,1.6561181434599157,1.5295358649789028,12.5,8.0,80000.0,20000.0,4.0,2.0,1
159.0,32,1.6457023060796647,1.5199161425576517,12.5,8.0,80000.0,20000.0,4.0,2.0,1,6,0.022727272727272728,-4.84,1.6457023060796647,1.5199161425576517,12.5,8.0,80000.0,20000.0,4.0,2.0,1
159.0,1829,1.6457023060796647,1.5199161425576517,0.0,8.0,80000.0,0.0,0.0,4.0,2,6,0.022727272727272728,-4.84,1.6457023060796647,1.5199161425576517,0.0,8.0,80000.0,0.0,0.0,4.0,1
159.0,3083,1.6457023060796647,1.5199161425576517,0.0,25.0,400000.0,0.0,0.0,5.0,2,6,0.022727272727272728,-4.84,1.6457023060796647,1.5199161425576517,0.0,25.0,400000.0,0.0,0.0,5.0,1
159.0,7968,1.6457023060796647,1.5199161425576517,0.0,12.0,120000.0,20000.0,12.0,3.0,3,8,0.022727272727272728,-4.9,1.6457023060796647,1.5199161425576517,0.0,12.0,120000.0,20000.0,12.0,3.0,1
159.0,8415,1.6457023060796647,1.5199161425576517,0.0,12.0,120000.0,20000.0,16.0,1.0,3,8,0.022727272727272728,-4.9,1.6457023060796647,1.5199161425576517,0.0,12.0,120000.0,20000.0,16.0,1.0,1
159.0,9301,1.6457023060796647,1.5199161425576517,0.0,12.0,120000.0,0.0,0.0,6.0,1,8,0.022727272727272728,-4.84,1.6457023060796647,1.5199161425576517,0.0,12.0,120000.0,0.0,0.0,6.0,1
159.0,11097,1.6457023060796647,1.5199161425576517,0.0,12.0,120000.0,0.0,0.0,4.0,2,2,0.022727272727272728,-4.8,1.6457023060796647,1.5199161425576517,0.0,12.0,120000.0,0.0,0.0,4.0,1
159.0,11567,1.6457023060796647,1.5199161425576517,0.0,12.0,120000.0,0.0,0.0,2.0,3,9,0.022727272727272728,-4.9,1.6457023060796647,1.5199161425576517,0.0,12.0,120000.0,0.0,0.0,2.0,1
159.0,12448,1.6457023060796647,1.5199161425576517,0.0,12.0,120000.0,0.0,0.0,4.0,3,9,0.022727272727272728,-4.9,1.6457023060796647,1.5199161425576517,0.0,12.0,120000.0,0.0,0.0,4.0,1
157.0,1828,1.5605095541401275,1.4530254777070062,0.0,8.0,80000.0,0.0,0.0,4.0,1,1,0.022727272727272728,-4.945833333333334,1.7468619246861925,1.51673640167364,0.0,8.0,80000.0,0.0,0.0,4.0,1
143.0,3454,1.62004662004662,1.2966200466200466,12.5,25.0,400000.0,20000.0,6.0,2.0,3,2,0.022727272727272728,-5.236533533333333,1.7414698167929954,1.5120546313472119,12.5,25.0,400000.0,20000.0,6.0,2.0,1
160.0,496,1.7395833333333333,1.5299479166666665,0.0,8.0,80000.0,20000.0,9.0,4.0,1,6,0.022727272727272728,-4.84,1.7395833333333333,1.5299479166666665,0.0,8.0,80000.0,20000.0,9.0,4.0,1
160.0,5256,1.7395833333333333,1.5299479166666665,12.5,12.0,120000.0,20000.0,6.0,5.0,1,6,0.022727272727272728,-4.84,1.7395833333333333,1.5299479166666665,12.5,12.0,120000.0,20000.0,6.0,5.0,1
160.0,7067,1.7395833333333333,1.5299479166666665,0.0,12.0,120000.0,20000.0,6.0,4.0,3,4,0.022727272727272728,-4.9,1.7395833333333333,1.5299479166666665,0.0,12.0,120000.0,20000.0,6.0,4.0,1
160.0,8850,1.7395833333333333,1.5299479166666665,0.0,12.0,120000.0,0.0,0.0,3.0,3,4,0.022727272727272728,-4.9,1.7395833333333333,1.5299479166666665,0.0,12.0,120000.0,0.0,0.0,3.0,1
160.0,10655,1.7395833333333333,1.5299479166666665,0.0,12.0,120000.0,0.0,0.0,4.0,2,2,0.022727272727272728,-4.8,1.7395833333333333,1.5299479166666665,0.0,12.0,120000.0,0.0,0.0,4.0,1
160.0,12007,1.7395833333333333,1.5299479166666665,0.0,12.0,120000.0,0.0,0.0,1.0,2,5,0.022727272727272728,-4.8,1.7395833333333333,1.5299479166666665,0.0,12.0,120000.0,0.0,0.0,1.0,1
155.0,8413,1.5161290322580645,1.4516129032258065,12.5,12.0,120000.0,20000.0,15.0,1.0,2,2,0.022727272727272728,-5.008333333333333,1.7395833333333333,1.5299479166666665,0.0,12.0,120000.0,20000.0,16.0,1.0,1
157.0,949,1.5605095541401275,1.4530254777070062,0.0,8.0,80000.0,20000.0,15.0,1.0,1,1,0.022727272727272728,0.91,1.7287784679089029,1.539855072463768,0.0,8.0,80000.0,20000.0,15.0,1.0,0
157.0,31,1.5605095541401275,1.4530254777070062,0.0,8.0,80000.0,20000.0,3.0,2.0,1,1,0.022727272727272728,0.91,1.7287784679089029,1.539855072463768,0.0,8.0,80000.0,20000.0,3.0,2.0,0
161.0,33,1.7287784679089029,1.539855072463768,0.0,8.0,80000.0,20000.0,3.0,2.0,2,5,0.022727272727272728,-4.84,1.7287784679089029,1.539855072463768,0.0,8.0,80000.0,20000.0,3.0,2.0,1
161.0,1830,1.7287784679089029,1.539855072463768,0.0,8.0,80000.0,0.0,0.0,4.0,1,6,0.022727272727272728,-4.84,1.7287784679089029,1.539855072463768,0.0,8.0,80000.0,0.0,0.0,4.0,1
161.0,2734,1.7287784679089029,1.539855072463768,0.0,25.0,400000.0,20000.0,6.0,4.0,1,6,0.022727272727272728,-4.84,1.7287784679089029,1.539855072463768,0.0,25.0,400000.0,20000.0,6.0,4.0,1
161.0,4175,1.7287784679089029,1.539855072463768,0.0,25.0,400000.0,0.0,0.0,1.0,1,8,0.022727272727272728,-4.84075,1.7287784679089029,1.539855072463768,0.0,25.0,400000.0,0.0,0.0,1.0,1
161.0,4890,1.7287784679089029,1.539855072463768,0.0,25.0,400000.0,0.0,0.0,5.0,1,8,0.022727272727272728,-4.84,1.7287784679089029,1.539855072463768,0.0,25.0,400000.0,0.0,0.0,5.0,1
161.0,6603,1.7287784679089029,1.539855072463768,25.0,12.0,120000.0,20000.0,7.0,5.0,3,2,0.022727272727272728,-4.859999999999999,1.7287784679089029,1.539855072463768,25.0,12.0,120000.0,20000.0,7.0,5.0,1
161.0,7969,1.7287784679089029,1.539855072463768,0.0,12.0,120000.0,20000.0,12.0,3.0,3,6,0.022727272727272728,-4.859999999999999,1.7287784679089029,1.539855072463768,0.0,12.0,120000.0,20000.0,12.0,3.0,1
161.0,8416,1.7287784679089029,1.539855072463768,0.0,12.0,120000.0,20000.0,16.0,1.0,3,6,0.022727272727272728,-4.859999999999999,1.7287784679089029,1.539855072463768,0.0,12.0,120000.0,20000.0,16.0,1.0,1
161.0,9302,1.7287784679089029,1.539855072463768,0.0,12.0,120000.0,0.0,0.0,6.0,3,6,0.022727272727272728,-4.859999999999999,1.7287784679089029,1.539855072463768,0.0,12.0,120000.0,0.0,0.0,6.0,1
161.0,10213,1.7287784679089029,1.539855072463768,0.0,12.0,120000.0,0.0,0.0,2.0,3,6,0.022727272727272728,-4.859999999999999,1.7287784679089029,1.539855072463768,0.0,12.0,120000.0,0.0,0.0,2.0,1
161.0,11098,1.7287784679089029,1.539855072463768,0.0,12.0,120000.0,0.0,0.0,4.0,2,6,0.022727272727272728,-4.8,1.7287784679089029,1.539855072463768,0.0,12.0,120000.0,0.0,0.0,4.0,1
161.0,11568,1.7287784679089029,1.539855072463768,0.0,12.0,120000.0,0.0,0.0,2.0,2,6,0.022727272727272728,-4.8,1.7287784679089029,1.539855072463768,0.0,12.0,120000.0,0.0,0.0,2.0,1
161.0,12449,1.7287784679089029,1.539855072463768,0.0,12.0,120000.0,0.0,0.0,4.0,1,6,0.022727272727272728,-4.8,1.7287784679089029,1.539855072463768,0.0,12.0,120000.0,0.0,0.0,4.0,1
143.0,2728,1.62004662004662,1.2966200466200466,25.0,25.0,400000.0,20000.0,3.0,4.0,3,2,0.022727272727272728,-5.236533533333333,1.7199471623992442,1.5319888647119018,0.0,25.0,400000.0,20000.0,6.0,4.0,1
162.0,497,1.7181069958847737,1.530349794238683,0.0,8.0,80000.0,20000.0,9.0,4.0,1,6,0.022727272727272728,-4.859999999999999,1.7181069958847737,1.530349794238683,0.0,8.0,80000.0,20000.0,9.0,4.0,1
162.0,4535,1.7181069958847737,1.530349794238683,25.0,25.0,400000.0,20000.0,8.0,3.0,3,6,0.022727272727272728,-4.92,1.7181069958847737,1.530349794238683,25.0,25.0,400000.0,20000.0,8.0,3.0,1
162.0,5257,1.7181069958847737,1.530349794238683,12.5,12.0,120000.0,20000.0,6.0,5.0,3,6,0.022727272727272728,-4.92,1.7181069958847737,1.530349794238683,12.5,12.0,120000.0,20000.0,6.0,5.0,1
162.0,7068,1.7181069958847737,1.530349794238683,0.0,12.0,120000.0,20000.0,7.0,4.0,3,2,0.022727272727272728,-4.92,1.7181069958847737,1.530349794238683,0.0,12.0,120000.0,20000.0,7.0,4.0,1
162.0,8851,1.7181069958847737,1.530349794238683,0.0,12.0,120000.0,0.0,0.0,3.0,2,8,0.022727272727272728,-4.82,1.7181069958847737,1.530349794238683,0.0,12.0,120000.0,0.0,0.0,3.0,1
162.0,9766,1.7181069958847737,1.530349794238683,0.0,12.0,120000.0,0.0,0.0,3.0,2,7,0.022727272727272728,-4.82,1.7181069958847737,1.530349794238683,0.0,12.0,120000.0,0.0,0.0,3.0,1
162.0,10656,1.7181069958847737,1.530349794238683,0.0,12.0,120000.0,0.0,0.0,4.0,2,7,0.022727272727272728,-4.82,1.7181069958847737,1.530349794238683,0.0,12.0,120000.0,0.0,0.0,4.0,1
162.0,12008,1.7181069958847737,1.530349794238683,0.0,12.0,120000.0,0.0,0.0,1.0,2,7,0.022727272727272728,-4.82,1.7181069958847737,1.530349794238683,0.0,12.0,120000.0,0.0,0.0,1.0,1
159.0,10212,1.6457023060796647,1.5199161425576517,0.0,12.0,120000.0,0.0,0.0,2.0,2,2,0.022727272727272728,-4.945,1.7181069958847737,1.530349794238683,0.0,12.0,120000.0,0.0,0.0,2.0,1
161.0,6157,1.7287784679089029,1.539855072463768,25.0,12.0,120000.0,20000.0,16.0,3.0,3,2,0.022727272727272728,-5.0016670833333325,1.7591227851953783,1.5213343854523984,25.0,12.0,120000.0,20000.0,16.0,3.0,1
158.0,1399,1.6561181434599157,1.5295358649789028,0.0,8.0,80000.0,0.0,0.0,5.0,3,1,0.022727272727272728,0.7675000000000001,1.7586912065439675,1.5209611451942742,0.0,8.0,80000.0,0.0,0.0,5.0,0
143.0,3807,1.62004662004662,1.2966200466200466,0.0,25.0,400000.0,20000.0,7.0,0.0,0,0,0.022727272727272728,0.77925,1.7586912065439675,1.5209611451942742,37.5,25.0,400000.0,20000.0,13.0,0.0,0
163.0,34,1.7586912065439675,1.5209611451942742,0.0,8.0,80000.0,20000.0,3.0,2.0,3,8,0.022727272727272728,-4.92,1.7586912065439675,1.5209611451942742,0.0,8.0,80000.0,20000.0,3.0,2.0,1
163.0,1831,1.7586912065439675,1.5209611451942742,0.0,8.0,80000.0,0.0,0.0,4.0,3,8,0.022727272727272728,-4.92,1.7586912065439675,1.5209611451942742,0.0,8.0,80000.0,0.0,0.0,4.0,1
163.0,6158,1.7586912065439675,1.5209611451942742,25.0,12.0,120000.0,20000.0,16.0,3.0,2,9,0.022727272727272728,-4.82,1.7586912065439675,1.5209611451942742,25.0,12.0,120000.0,20000.0,16.0,3.0,1
163.0,6604,1.7586912065439675,1.5209611451942742,25.0,12.0,120000.0,20000.0,7.0,5.0,2,9,0.022727272727272728,-4.82,1.7586912065439675,1.5209611451942742,25.0,12.0,120000.0,20000.0,7.0,5.0,1
163.0,8417,1.7586912065439675,1.5209611451942742,0.0,12.0,120000.0,20000.0,16.0,1.0,1,9,0.022727272727272728,-4.82,1.7586912065439675,1.5209611451942742,0.0,12.0,120000.0,20000.0,16.0,1.0,1
163.0,9303,1.7586912065439675,1.5209611451942742,0.0,12.0,120000.0,0.0,0.0,6.0,1,9,0.022727272727272728,-4.82,1.7586912065439675,1.5209611451942742,0.0,12.0,120000.0,0.0,0.0,6.0,1
163.0,10214,1.7586912065439675,1.5209611451942742,0.0,12.0,120000.0,0.0,0.0,2.0,1,9,0.022727272727272728,-4.82,1.7586912065439675,1.5209611451942742,0.0,12.0,120000.0,0.0,0.0,2.0,1
163.0,11099,1.7586912065439675,1.5209611451942742,0.0,12.0,120000.0,0.0,0.0,4.0,1,9,0.022727272727272728,-4.82,1.7586912065439675,1.5209611451942742,0.0,12.0,120000.0,0.0,0.0,4.0,1
163.0,11569,1.7586912065439675,1.5209611451942742,0.0,12.0,120000.0,0.0,0.0,2.0,3,9,0.022727272727272728,-4.92,1.7586912065439675,1.5209611451942742,0.0,12.0,120000.0,0.0,0.0,2.0,1
163.0,12450,1.7586912065439675,1.5209611451942742,0.0,12.0,120000.0,0.0,0.0,4.0,3,6,0.022727272727272728,-4.92,1.7586912065439675,1.5209611451942742,0.0,12.0,120000.0,0.0,0.0,4.0,1
160.0,9765,1.7395833333333333,1.5299479166666665,0.0,12.0,120000.0,0.0,0.0,3.0,2,2,0.022727272727272728,-4.945,1.7586912065439675,1.5209611451942742,0.0,12.0,120000.0,0.0,0.0,3.0,1
157.0,6155,1.5605095541401275,1.4530254777070062,0.0,12.0,120000.0,20000.0,14.0,3.0,0,0,0.022727272727272728,0.9293329166666671,1.758583210114929,1.5208677471197423,12.5,12.0,120000.0,20000.0,15.0,3.0,0
157.0,6601,1.5605095541401275,1.4530254777070062,12.5,12.0,120000.0,20000.0,6.0,5.0,0,0,0.022727272727272728,0.9293329166666671,1.758583210114929,1.5208677471197423,12.5,12.0,120000.0,20000.0,6.0,5.0,0
158.0,5255,1.6561181434599157,1.5295358649789028,0.0,12.0,120000.0,20000.0,5.0,5.0,0,0,0.022727272727272728,0.91,1.7479674796747966,1.524390243902439,0.0,12.0,120000.0,20000.0,6.0,5.0,0
164.0,951,1.7479674796747966,1.524390243902439,0.0,8.0,80000.0,20000.0,17.0,1.0,3,10,0.022727272727272728,-4.92,1.7479674796747966,1.524390243902439,0.0,8.0,80000.0,20000.0,17.0,1.0,1
164.0,2735,1.7479674796747966,1.524390243902439,0.0,25.0,400000.0,20000.0,7.0,4.0,3,9,0.022727272727272728,-4.92,1.7479674796747966,1.524390243902439,0.0,25.0,400000.0,20000.0,7.0,4.0,1
164.0,3814,1.7479674796747966,1.524390243902439,37.5,25.0,400000.0,20000.0,13.0,0.0,3,9,0.022727272727272728,-4.92,1.7479674796747966,1.524390243902439,37.5,25.0,400000.0,20000.0,13.0,0.0,1
164.0,4176,1.7479674796747966,1.524390243902439,0.0,25.0,400000.0,0.0,0.0,1.0,2,5,0.022727272727272728,-4.84,1.7479674796747966,1.524390243902439,0.0,25.0,400000.0,0.0,0.0,1.0,1
164.0,4891,1.7479674796747966,1.524390243902439,0.0,25.0,400000.0,0.0,0.0,5.0,2,5,0.022727272727272728,-4.84,1.7479674796747966,1.524390243902439,0.0,25.0,400000.0,0.0,0.0,5.0,1
164.0,8852,1.7479674796747966,1.524390243902439,0.0,12.0,120000.0,0.0,0.0,3.0,2,4,0.022727272727272728,-4.84,1.7479674796747966,1.524390243902439,0.0,12.0,120000.0,0.0,0.0,3.0,1
164.0,9767,1.7479674796747966,1.524390243902439,0.0,12.0,120000.0,0.0,0.0,3.0,2,4,0.022727272727272728,-4.84,1.7479674796747966,1.524390243902439,0.0,12.0,120000.0,0.0,0.0,3.0,1
164.0,12009,1.7479674796747966,1.524390243902439,0.0,12.0,120000.0,0.0,0.0,1.0,2,8,0.022727272727272728,-4.8,1.7479674796747966,1.524390243902439,0.0,12.0,120000.0,0.0,0.0,1.0,1
158.0,5719,1.6561181434599157,1.5295358649789028,0.0,12.0,120000.0,20000.0,3.0,2.0,0,0,0.022727272727272728,0.9495829166666669,1.7478607962201007,1.5242972060059017,0.0,12.0,120000.0,20000.0,3.0,2.0,0
125.0,2722,1.5066666666666668,1.0583333333333333,25.0,25.0,400000.0,20000.0,3.0,4.0,2,1,0.022727272727272728,-3.593533533333333,1.7407848668632555,1.518126337380746,0.0,25.0,400000.0,20000.0,7.0,4.0,1
165.0,35,1.7373737373737375,1.5151515151515151,0.0,8.0,80000.0,20000.0,3.0,2.0,2,8,0.022727272727272728,-4.82,1.7373737373737375,1.5151515151515151,0.0,8.0,80000.0,20000.0,3.0,2.0,1
165.0,1832,1.7373737373737375,1.5151515151515151,0.0,8.0,80000.0,0.0,0.0,4.0,1,6,0.022727272727272728,-4.82,1.7373737373737375,1.5151515151515151,0.0,8.0,80000.0,0.0,0.0,4.0,1
165.0,3085,1.7373737373737375,1.5151515151515151,0.0,25.0,400000.0,0.0,0.0,5.0,1,6,0.022727272727272728,-4.82,1.7373737373737375,1.5151515151515151,0.0,25.0,400000.0,0.0,0.0,5.0,1
165.0,4536,1.7373737373737375,1.5151515151515151,25.0,25.0,400000.0,20000.0,8.0,3.0,1,10,0.022727272727272728,-4.82,1.7373737373737375,1.5151515151515151,25.0,25.0,400000.0,20000.0,8.0,3.0,1
165.0,6159,1.7373737373737375,1.5151515151515151,12.5,12.0,120000.0,20000.0,15.0,3.0,2,10,0.022727272727272728,-4.82,1.7373737373737375,1.5151515151515151,12.5,12.0,120000.0,20000.0,15.0,3.0,1
165.0,6605,1.7373737373737375,1.5151515151515151,12.5,12.0,120000.0,20000.0,6.0,5.0,2,10,0.022727272727272728,-4.82,1.7373737373737375,1.5151515151515151,12.5,12.0,120000.0,20000.0,6.0,5.0,1
165.0,8418,1.7373737373737375,1.5151515151515151,0.0,12.0,120000.0,20000.0,17.0,1.0,3,5,0.022727272727272728,-4.92,1.7373737373737375,1.5151515151515151,12.5,12.0,120000.0,20000.0,17.0,1.0,1
165.0,9304,1.7373737373737375,1.5151515151515151,0.0,12.0,120000.0,0.0,0.0,6.0,3,5,0.022727272727272728,-4.92,1.7373737373737375,1.5151515151515151,0.0,12.0,120000.0,0.0,0.0,6.0,1
165.0,10215,1.7373737373737375,1.5151515151515151,0.0,12.0,120000.0,0.0,0.0,2.0,2,5,0.022727272727272728,-4.82,1.7373737373737375,1.5151515151515151,0.0,12.0,120000.0,0.0,0.0,2.0,1
165.0,11100,1.7373737373737375,1.5151515151515151,0.0,12.0,120000.0,0.0,0.0,4.0,2,5,0.022727272727272728,-4.82,1.7373737373737375,1.5151515151515151,0.0,12.0,120000.0,0.0,0.0,4.0,1
165.0,12451,1.7373737373737375,1.5151515151515151,0.0,12.0,120000.0,0.0,0.0,4.0,2,5,0.022727272727272728,-4.82,1.7373737373737375,1.5151515151515151,0.0,12.0,120000.0,0.0,0.0,4.0,1
159.0,6156,1.6457023060796647,1.5199161425576517,12.5,12.0,120000.0,20000.0,15.0,3.0,0,0,0.022727272727272728,0.929582916666667,1.7372683430942564,1.5150596015356887,0.0,12.0,120000.0,20000.0,14.0,3.0,0
159.0,6602,1.6457023060796647,1.5199161425576517,12.5,12.0,120000.0,20000.0,6.0,5.0,0,0,0.022727272727272728,0.929582916666667,1.7372683430942564,1.5150596015356887,0.0,12.0,120000.0,20000.0,5.0,5.0,0
166.0,499,1.7269076305220885,1.5060240963855422,12.5,8.0,80000.0,20000.0,10.0,4.0,2,5,0.022727272727272728,-4.82,1.7269076305220885,1.5060240963855422,12.5,8.0,80000.0,20000.0,10.0,4.0,1
166.0,952,1.7269076305220885,1.5060240963855422,0.0,8.0,80000.0,20000.0,17.0,1.0,2,8,0.022727272727272728,-4.82,1.7269076305220885,1.5060240963855422,0.0,8.0,80000.0,20000.0,17.0,1.0,1
166.0,5259,1.7269076305220885,1.5060240963855422,12.5,12.0,120000.0,20000.0,6.0,5.0,2,8,0.022727272727272728,-4.82,1.7269076305220885,1.5060240963855422,12.5,12.0,120000.0,20000.0,6.0,5.0,1
166.0,8853,1.7269076305220885,1.5060240963855422,0.0,12.0,120000.0,0.0,0.0,3.0,3,5,0.022727272727272728,-4.92,1.7269076305220885,1.5060240963855422,0.0,12.0,120000.0,0.0,0.0,3.0,1
166.0,9768,1.7269076305220885,1.5060240963855422,0.0,12.0,120000.0,0.0,0.0,3.0,3,5,0.022727272727272728,-4.92,1.7269076305220885,1.5060240963855422,0.0,12.0,120000.0,0.0,0.0,3.0,1
166.0,9771,1.7269076305220885,1.5060240963855422,0.0,12.0,120000.0,0.0,0.0,3.0,1,7,0.022727272727272728,-4.82,1.7269076305220885,1.5060240963855422,0.0,12.0,120000.0,0.0,0.0,3.0,1
166.0,10658,1.7269076305220885,1.5060240963855422,0.0,12.0,120000.0,0.0,0.0,4.0,1,7,0.022727272727272728,-4.82025,1.7269076305220885,1.5060240963855422,0.0,12.0,120000.0,0.0,0.0,4.0,1
166.0,12010,1.7269076305220885,1.5060240963855422,0.0,12.0,120000.0,0.0,0.0,1.0,1,7,0.022727272727272728,-4.82,1.7269076305220885,1.5060240963855422,0.0,12.0,120000.0,0.0,0.0,1.0,1
146.0,3808,1.5867579908675797,1.376997716894977,12.5,25.0,400000.0,20000.0,8.0,0.0,0,0,0.022727272727272728,0.7792998000000002,1.7268035021904202,1.505933286793971,25.0,25.0,400000.0,20000.0,12.0,0.0,0
162.0,950,1.7181069958847737,1.530349794238683,0.0,8.0,80000.0,20000.0,15.0,1.0,2,1,0.022727272727272728,0.7875,1.716566866267465,1.4970059880239521,0.0,8.0,80000.0,20000.0,17.0,1.0,0
167.0,1833,1.716566866267465,1.4970059880239521,0.0,8.0,80000.0,0.0,0.0,4.0,1,7,0.022727272727272728,-4.9,1.716566866267465,1.4970059880239521,0.0,8.0,80000.0,0.0,0.0,4.0,1
167.0,2736,1.716566866267465,1.4970059880239521,0.0,25.0,400000.0,20000.0,7.0,4.0,2,9,0.022727272727272728,-4.9,1.716566866267465,1.4970059880239521,0.0,25.0,400000.0,20000.0,7.0,4.0,1
167.0,3815,1.716566866267465,1.4970059880239521,25.0,25.0,400000.0,20000.0,12.0,0.0,2,9,0.022727272727272728,-4.9,1.716566866267465,1.4970059880239521,25.0,25.0,400000.0,20000.0,12.0,0.0,1
167.0,8419,1.716566866267465,1.4970059880239521,12.5,12.0,120000.0,20000.0,17.0,1.0,2,6,0.022727272727272728,-4.82,1.716566866267465,1.4970059880239521,12.5,12.0,120000.0,20000.0,17.0,1.0,1
167.0,9305,1.716566866267465,1.4970059880239521,0.0,12.0,120000.0,0.0,0.0,6.0,2,6,0.022727272727272728,-4.82,1.716566866267465,1.4970059880239521,0.0,12.0,120000.0,0.0,0.0,6.0,1
167.0,10216,1.716566866267465,1.4970059880239521,0.0,12.0,120000.0,0.0,0.0,2.0,1,3,0.022727272727272728,-4.82,1.716566866267465,1.4970059880239521,0.0,12.0,120000.0,0.0,0.0,2.0,1
167.0,11101,1.716566866267465,1.4970059880239521,0.0,12.0,120000.0,0.0,0.0,4.0,1,3,0.022727272727272728,-4.82,1.716566866267465,1.4970059880239521,0.0,12.0,120000.0,0.0,0.0,4.0,1
167.0,12452,1.716566866267465,1.4970059880239521,0.0,12.0,120000.0,0.0,0.0,4.0,1,3,0.022727272727272728,-4.82,1.716566866267465,1.4970059880239521,0.0,12.0,120000.0,0.0,0.0,4.0,1
164.0,498,1.7479674796747966,1.524390243902439,0.0,8.0,80000.0,20000.0,9.0,4.0,0,0,0.022727272727272728,0.91,1.8055555555555554,1.5066964285714286,0.0,8.0,80000.0,20000.0,10.0,4.0,0
168.0,3086,1.8055555555555554,1.5066964285714286,0.0,25.0,400000.0,0.0,0.0,5.0,1,7,0.022727272727272728,-4.84,1.8055555555555554,1.5066964285714286,0.0,25.0,400000.0,0.0,0.0,5.0,1
168.0,4537,1.8055555555555554,1.5066964285714286,25.0,25.0,400000.0,20000.0,8.0,3.0,1,7,0.022727272727272728,-4.84,1.8055555555555554,1.5066964285714286,25.0,25.0,400000.0,20000.0,8.0,3.0,1
168.0,5260,1.8055555555555554,1.5066964285714286,12.5,12.0,120000.0,20000.0,6.0,5.0,2,4,0.022727272727272728,-4.84,1.8055555555555554,1.5066964285714286,12.5,12.0,120000.0,20000.0,6.0,5.0,1
168.0,8854,1.8055555555555554,1.5066964285714286,0.0,12.0,120000.0,0.0,0.0,3.0,2,4,0.022727272727272728,-4.84,1.8055555555555554,1.5066964285714286,0.0,12.0,120000.0,0.0,0.0,3.0,1
168.0,9769,1.8055555555555554,1.5066964285714286,0.0,12.0,120000.0,0.0,0.0,3.0,1,4,0.022727272727272728,-4.84,1.8055555555555554,1.5066964285714286,0.0,12.0,120000.0,0.0,0.0,3.0,1
168.0,9772,1.8055555555555554,1.5066964285714286,0.0,12.0,120000.0,0.0,0.0,3.0,1,4,0.022727272727272728,-4.84,1.8055555555555554,1.5066964285714286,0.0,12.0,120000.0,0.0,0.0,3.0,1
168.0,10659,1.8055555555555554,1.5066964285714286,0.0,12.0,120000.0,0.0,0.0,4.0,1,4,0.022727272727272728,-4.84,1.8055555555555554,1.5066964285714286,0.0,12.0,120000.0,0.0,0.0,4.0,1
168.0,12011,1.8055555555555554,1.5066964285714286,0.0,12.0,120000.0,0.0,0.0,1.0,1,4,0.022727272727272728,-4.84,1.8055555555555554,1.5066964285714286,0.0,12.0,120000.0,0.0,0.0,1.0,1
169.0,1400,1.7948717948717947,1.5162721893491125,0.0,8.0,80000.0,0.0,0.0,5.0,1,2,0.022727272727272728,-4.8,1.7948717948717947,1.5162721893491125,0.0,8.0,80000.0,0.0,0.0,5.0,1
169.0,1834,1.7948717948717947,1.5162721893491125,0.0,8.0,80000.0,0.0,0.0,4.0,1,2,0.022727272727272728,-4.8,1.7948717948717947,1.5162721893491125,0.0,8.0,80000.0,0.0,0.0,4.0,1
169.0,3460,1.7948717948717947,1.5162721893491125,12.5,25.0,400000.0,20000.0,6.0,2.0,1,2,0.022727272727272728,-4.8,1.7948717948717947,1.5162721893491125,12.5,25.0,400000.0,20000.0,6.0,2.0,1
169.0,9306,1.7948717948717947,1.5162721893491125,0.0,12.0,120000.0,0.0,0.0,6.0,3,8,0.022727272727272728,-4.9399999999999995,1.7948717948717947,1.5162721893491125,0.0,12.0,120000.0,0.0,0.0,6.0,1
169.0,10217,1.7948717948717947,1.5162721893491125,0.0,12.0,120000.0,0.0,0.0,2.0,3,8,0.022727272727272728,-4.9399999999999995,1.7948717948717947,1.5162721893491125,0.0,12.0,120000.0,0.0,0.0,2.0,1
169.0,11102,1.7948717948717947,1.5162721893491125,0.0,12.0,120000.0,0.0,0.0,4.0,3,8,0.022727272727272728,-4.9399999999999995,1.7948717948717947,1.5162721893491125,0.0,12.0,120000.0,0.0,0.0,4.0,1
169.0,12453,1.7948717948717947,1.5162721893491125,0.0,12.0,120000.0,0.0,0.0,4.0,3,8,0.022727272727272728,-4.9399999999999995,1.7948717948717947,1.5162721893491125,0.0,12.0,120000.0,0.0,0.0,4.0,1
158.0,4174,1.6561181434599157,1.5295358649789028,0.0,25.0,400000.0,0.0,0.0,1.0,3,3,0.022727272727272728,-5.176533533333333,1.786134777451434,1.5088913298525166,0.0,25.0,400000.0,0.0,0.0,1.0,1
164.0,10657,1.7479674796747966,1.524390243902439,0.0,12.0,120000.0,0.0,0.0,4.0,1,1,0.022727272727272728,0.93,1.784313725490196,1.5073529411764706,0.0,12.0,120000.0,0.0,0.0,4.0,0
164.0,7069,1.7479674796747966,1.524390243902439,0.0,12.0,120000.0,20000.0,7.0,4.0,0,0,0.022727272727272728,0.93,1.784313725490196,1.5073529411764706,0.0,12.0,120000.0,20000.0,7.0,4.0,0
150.0,4531,1.5444444444444445,1.5,0.0,25.0,400000.0,20000.0,6.0,3.0,1,2,0.022727272727272728,0.77975,1.784313725490196,1.5073529411764706,12.5,25.0,400000.0,20000.0,7.0,3.0,0
170.0,954,1.784313725490196,1.5073529411764706,12.5,8.0,80000.0,20000.0,19.0,1.0,2,3,0.022727272727272728,-4.82,1.784313725490196,1.5073529411764706,12.5,8.0,80000.0,20000.0,19.0,1.0,1
170.0,2737,1.784313725490196,1.5073529411764706,0.0,25.0,400000.0,20000.0,7.0,4.0,2,3,0.022727272727272728,-4.82,1.784313725490196,1.5073529411764706,0.0,25.0,400000.0,20000.0,7.0,4.0,1
170.0,2740,1.784313725490196,1.5073529411764706,0.0,25.0,400000.0,20000.0,7.0,4.0,1,10,0.022727272727272728,-4.82,1.784313725490196,1.5073529411764706,0.0,25.0,400000.0,20000.0,7.0,4.0,1
170.0,3816,1.784313725490196,1.5073529411764706,25.0,25.0,400000.0,20000.0,12.0,0.0,3,10,0.022727272727272728,-4.9399999999999995,1.784313725490196,1.5073529411764706,25.0,25.0,400000.0,20000.0,12.0,0.0,1
170.0,4178,1.784313725490196,1.5073529411764706,0.0,25.0,400000.0,0.0,0.0,1.0,3,10,0.022727272727272728,-4.9399999999999995,1.784313725490196,1.5073529411764706,0.0,25.0,400000.0,0.0,0.0,1.0,1
170.0,4893,1.784313725490196,1.5073529411764706,0.0,25.0,400000.0,0.0,0.0,5.0,3,10,0.022727272727272728,-4.9399999999999995,1.784313725490196,1.5073529411764706,0.0,25.0,400000.0,0.0,0.0,5.0,1
170.0,5261,1.784313725490196,1.5073529411764706,12.5,12.0,120000.0,20000.0,6.0,5.0,3,4,0.022727272727272728,-4.9399999999999995,1.784313725490196,1.5073529411764706,12.5,12.0,120000.0,20000.0,6.0,5.0,1
170.0,5270,1.784313725490196,1.5073529411764706,12.5,12.0,120000.0,20000.0,6.0,5.0,3,4,0.022727272727272728,-4.9399999999999995,1.784313725490196,1.5073529411764706,12.5,12.0,120000.0,20000.0,6.0,5.0,1
170.0,8855,1.784313725490196,1.5073529411764706,0.0,12.0,120000.0,0.0,0.0,3.0,1,4,0.022727272727272728,-4.82025,1.784313725490196,1.5073529411764706,0.0,12.0,120000.0,0.0,0.0,3.0,1
170.0,9773,1.784313725490196,1.5073529411764706,0.0,12.0,120000.0,0.0,0.0,3.0,1,4,0.022727272727272728,-4.82025,1.784313725490196,1.5073529411764706,0.0,12.0,120000.0,0.0,0.0,3.0,1
170.0,10660,1.784313725490196,1.5073529411764706,0.0,12.0,120000.0,0.0,0.0,4.0,1,6,0.022727272727272728,-4.82,1.784313725490196,1.5073529411764706,0.0,12.0,120000.0,0.0,0.0,4.0,1
170.0,12012,1.784313725490196,1.5073529411764706,0.0,12.0,120000.0,0.0,0.0,1.0,1,6,0.022727272727272728,-4.82,1.784313725490196,1.5073529411764706,0.0,12.0,120000.0,0.0,0.0,1.0,1
164.0,5258,1.7479674796747966,1.524390243902439,0.0,12.0,120000.0,20000.0,5.0,5.0,0,0,0.022727272727272728,0.9495829166666669,1.78420866708574,1.5072641899144643,0.0,12.0,120000.0,20000.0,5.0,5.0,0
167.0,36,1.716566866267465,1.4970059880239521,0.0,8.0,80000.0,20000.0,3.0,2.0,0,0,0.022727272727272728,0.89,1.773879142300195,1.5594541910331383,0.0,8.0,80000.0,20000.0,3.0,2.0,0
171.0,38,1.773879142300195,1.5594541910331383,0.0,8.0,80000.0,20000.0,3.0,2.0,2,6,0.022727272727272728,-4.859999999999999,1.773879142300195,1.5594541910331383,0.0,8.0,80000.0,20000.0,3.0,2.0,1
171.0,1401,1.773879142300195,1.5594541910331383,0.0,8.0,80000.0,0.0,0.0,5.0,2,6,0.022727272727272728,-4.859999999999999,1.773879142300195,1.5594541910331383,0.0,8.0,80000.0,0.0,0.0,5.0,1
171.0,1835,1.773879142300195,1.5594541910331383,0.0,8.0,80000.0,0.0,0.0,4.0,2,9,0.022727272727272728,-4.859999999999999,1.773879142300195,1.5594541910331383,0.0,8.0,80000.0,0.0,0.0,4.0,1
171.0,3087,1.773879142300195,1.5594541910331383,0.0,25.0,400000.0,0.0,0.0,5.0,2,9,0.022727272727272728,-4.859999999999999,1.773879142300195,1.5594541910331383,0.0,25.0,400000.0,0.0,0.0,5.0,1
171.0,4538,1.773879142300195,1.5594541910331383,12.5,25.0,400000.0,20000.0,7.0,3.0,1,9,0.022727272727272728,-4.859999999999999,1.773879142300195,1.5594541910331383,12.5,25.0,400000.0,20000.0,7.0,3.0,1
171.0,6162,1.773879142300195,1.5594541910331383,12.5,12.0,120000.0,20000.0,19.0,3.0,1,9,0.022727272727272728,-4.859999999999999,1.773879142300195,1.5594541910331383,12.5,12.0,120000.0,20000.0,19.0,3.0,1
171.0,6608,1.773879142300195,1.5594541910331383,12.5,12.0,120000.0,20000.0,7.0,5.0,2,8,0.022727272727272728,-4.859999999999999,1.773879142300195,1.5594541910331383,12.5,12.0,120000.0,20000.0,7.0,5.0,1
171.0,9307,1.773879142300195,1.5594541910331383,0.0,12.0,120000.0,0.0,0.0,6.0,2,8,0.022727272727272728,-4.859999999999999,1.773879142300195,1.5594541910331383,0.0,12.0,120000.0,0.0,0.0,6.0,1
171.0,9320,1.773879142300195,1.5594541910331383,0.0,12.0,120000.0,0.0,0.0,6.0,3,10,0.022727272727272728,-4.9399999999999995,1.773879142300195,1.5594541910331383,0.0,12.0,120000.0,0.0,0.0,6.0,1
171.0,10218,1.773879142300195,1.5594541910331383,0.0,12.0,120000.0,0.0,0.0,2.0,3,10,0.022727272727272728,-4.9399999999999995,1.773879142300195,1.5594541910331383,0.0,12.0,120000.0,0.0,0.0,2.0,1
171.0,11103,1.773879142300195,1.5594541910331383,0.0,12.0,120000.0,0.0,0.0,4.0,3,10,0.022727272727272728,-4.9399999999999995,1.773879142300195,1.5594541910331383,0.0,12.0,120000.0,0.0,0.0,4.0,1
171.0,12454,1.773879142300195,1.5594541910331383,0.0,12.0,120000.0,0.0,0.0,4.0,3,10,0.022727272727272728,-4.9399999999999995,1.773879142300195,1.5594541910331383,0.0,12.0,120000.0,0.0,0.0,4.0,1
167.0,6160,1.716566866267465,1.4970059880239521,0.0,12.0,120000.0,20000.0,15.0,3.0,2,1,0.022727272727272728,0.9316666666666666,1.7635658914728685,1.550387596899225,12.5,12.0,120000.0,20000.0,19.0,3.0,0
167.0,6606,1.716566866267465,1.4970059880239521,0.0,12.0,120000.0,20000.0,5.0,5.0,2,1,0.022727272727272728,0.9316666666666666,1.7635658914728685,1.550387596899225,12.5,12.0,120000.0,20000.0,7.0,5.0,0
168.0,953,1.8055555555555554,1.5066964285714286,0.0,8.0,80000.0,20000.0,18.0,1.0,1,3,0.022727272727272728,0.89,1.7635658914728685,1.550387596899225,0.0,8.0,80000.0,20000.0,19.0,1.0,0
172.0,5262,1.7635658914728685,1.550387596899225,0.0,12.0,120000.0,20000.0,5.0,5.0,3,6,0.022727272727272728,-4.9399999999999995,1.7635658914728685,1.550387596899225,0.0,12.0,120000.0,20000.0,5.0,5.0,1
172.0,5271,1.7635658914728685,1.550387596899225,0.0,12.0,120000.0,20000.0,5.0,5.0,3,6,0.022727272727272728,-4.9399999999999995,1.7635658914728685,1.550387596899225,0.0,12.0,120000.0,20000.0,5.0,5.0,1
172.0,9774,1.7635658914728685,1.550387596899225,0.0,12.0,120000.0,0.0,0.0,3.0,1,3,0.022727272727272728,-4.8,1.7635658914728685,1.550387596899225,0.0,12.0,120000.0,0.0,0.0,3.0,1
172.0,10661,1.7635658914728685,1.550387596899225,0.0,12.0,120000.0,0.0,0.0,4.0,1,3,0.022727272727272728,-4.8,1.7635658914728685,1.550387596899225,0.0,12.0,120000.0,0.0,0.0,4.0,1
172.0,12013,1.7635658914728685,1.550387596899225,0.0,12.0,120000.0,0.0,0.0,1.0,1,3,0.022727272727272728,-4.8,1.7635658914728685,1.550387596899225,0.0,12.0,120000.0,0.0,0.0,1.0,1
164.0,9770,1.7479674796747966,1.524390243902439,0.0,12.0,120000.0,0.0,0.0,3.0,1,1,0.022727272727272728,0.805,1.7533718689788054,1.5414258188824663,0.0,12.0,120000.0,0.0,0.0,3.0,0
173.0,1402,1.7533718689788054,1.5414258188824663,0.0,8.0,80000.0,0.0,0.0,5.0,2,2,0.022727272727272728,-4.82,1.7533718689788054,1.5414258188824663,0.0,8.0,80000.0,0.0,0.0,5.0,1
173.0,1836,1.7533718689788054,1.5414258188824663,0.0,8.0,80000.0,0.0,0.0,4.0,2,2,0.022727272727272728,-4.82,1.7533718689788054,1.5414258188824663,0.0,8.0,80000.0,0.0,0.0,4.0,1
173.0,2741,1.7533718689788054,1.5414258188824663,0.0,25.0,400000.0,20000.0,7.0,4.0,1,1,0.022727272727272728,-4.8,1.7533718689788054,1.5414258188824663,0.0,25.0,400000.0,20000.0,7.0,4.0,1
173.0,4179,1.7533718689788054,1.5414258188824663,0.0,25.0,400000.0,0.0,0.0,1.0,2,1,0.022727272727272728,-4.8,1.7533718689788054,1.5414258188824663,0.0,25.0,400000.0,0.0,0.0,1.0,1
173.0,4894,1.7533718689788054,1.5414258188824663,0.0,25.0,400000.0,0.0,0.0,5.0,3,3,0.022727272727272728,-4.9399999999999995,1.7533718689788054,1.5414258188824663,0.0,25.0,400000.0,0.0,0.0,5.0,1
173.0,6163,1.7533718689788054,1.5414258188824663,12.5,12.0,120000.0,20000.0,19.0,3.0,3,3,0.022727272727272728,-4.9399999999999995,1.7533718689788054,1.5414258188824663,12.5,12.0,120000.0,20000.0,19.0,3.0,1
173.0,6609,1.7533718689788054,1.5414258188824663,12.5,12.0,120000.0,20000.0,7.0,5.0,3,2,0.022727272727272728,-4.9399999999999995,1.7533718689788054,1.5414258188824663,12.5,12.0,120000.0,20000.0,7.0,5.0,1
173.0,7070,1.7533718689788054,1.5414258188824663,0.0,12.0,120000.0,20000.0,7.0,4.0,3,2,0.022727272727272728,-4.9399999999999995,1.7533718689788054,1.5414258188824663,0.0,12.0,120000.0,20000.0,7.0,4.0,1
173.0,9308,1.7533718689788054,1.5414258188824663,0.0,12.0,120000.0,0.0,0.0,6.0,3,2,0.022727272727272728,-4.9399999999999995,1.7533718689788054,1.5414258188824663,0.0,12.0,120000.0,0.0,0.0,6.0,1
173.0,9321,1.7533718689788054,1.5414258188824663,0.0,12.0,120000.0,0.0,0.0,6.0,3,2,0.022727272727272728,-4.9399999999999995,1.7533718689788054,1.5414258188824663,0.0,12.0,120000.0,0.0,0.0,6.0,1
173.0,10219,1.7533718689788054,1.5414258188824663,0.0,12.0,120000.0,0.0,0.0,2.0,3,4,0.022727272727272728,-4.9399999999999995,1.7533718689788054,1.5414258188824663,0.0,12.0,120000.0,0.0,0.0,2.0,1
173.0,11104,1.7533718689788054,1.5414258188824663,0.0,12.0,120000.0,0.0,0.0,4.0,3,4,0.022727272727272728,-4.9399999999999995,1.7533718689788054,1.5414258188824663,0.0,12.0,120000.0,0.0,0.0,4.0,1
173.0,12455,1.7533718689788054,1.5414258188824663,0.0,12.0,120000.0,0.0,0.0,4.0,2,10,0.022727272727272728,-4.8,1.7533718689788054,1.5414258188824663,0.0,12.0,120000.0,0.0,0.0,4.0,1
174.0,956,1.743295019157088,1.5325670498084292,12.5,8.0,80000.0,20000.0,19.0,1.0,2,10,0.022727272727272728,-4.859999999999999,1.743295019157088,1.5325670498084292,12.5,8.0,80000.0,20000.0,19.0,1.0,1
174.0,3088,1.743295019157088,1.5325670498084292,0.0,25.0,400000.0,0.0,0.0,5.0,2,10,0.022727272727272728,-4.859999999999999,1.743295019157088,1.5325670498084292,0.0,25.0,400000.0,0.0,0.0,5.0,1
174.0,4539,1.743295019157088,1.5325670498084292,12.5,25.0,400000.0,20000.0,7.0,3.0,1,9,0.022727272727272728,-4.859999999999999,1.743295019157088,1.5325670498084292,12.5,25.0,400000.0,20000.0,7.0,3.0,1
174.0,5263,1.743295019157088,1.5325670498084292,0.0,12.0,120000.0,20000.0,5.0,5.0,1,8,0.022727272727272728,-4.859999999999999,1.743295019157088,1.5325670498084292,0.0,12.0,120000.0,20000.0,5.0,5.0,1
174.0,5272,1.743295019157088,1.5325670498084292,0.0,12.0,120000.0,20000.0,5.0,5.0,2,6,0.022727272727272728,-4.859999999999999,1.743295019157088,1.5325670498084292,0.0,12.0,120000.0,20000.0,5.0,5.0,1
174.0,8857,1.743295019157088,1.5325670498084292,0.0,12.0,120000.0,0.0,0.0,3.0,2,6,0.022727272727272728,-4.859999999999999,1.743295019157088,1.5325670498084292,0.0,12.0,120000.0,0.0,0.0,3.0,1
174.0,9775,1.743295019157088,1.5325670498084292,0.0,12.0,120000.0,0.0,0.0,3.0,2,6,0.022727272727272728,-4.859999999999999,1.743295019157088,1.5325670498084292,0.0,12.0,120000.0,0.0,0.0,3.0,1
174.0,10662,1.743295019157088,1.5325670498084292,0.0,12.0,120000.0,0.0,0.0,4.0,2,6,0.022727272727272728,-4.859999999999999,1.743295019157088,1.5325670498084292,0.0,12.0,120000.0,0.0,0.0,4.0,1
174.0,12014,1.743295019157088,1.5325670498084292,0.0,12.0,120000.0,0.0,0.0,1.0,2,6,0.022727272727272728,-4.859999999999999,1.743295019157088,1.5325670498084292,0.0,12.0,120000.0,0.0,0.0,1.0,1
169.0,6161,1.7948717948717947,1.5162721893491125,0.0,12.0,120000.0,20000.0,17.0,3.0,0,0,0.022727272727272728,0.89,1.7333333333333332,1.523809523809524,0.0,12.0,120000.0,20000.0,18.0,3.0,0
169.0,6607,1.7948717948717947,1.5162721893491125,0.0,12.0,120000.0,20000.0,6.0,5.0,0,0,0.022727272727272728,0.89,1.7333333333333332,1.523809523809524,0.0,12.0,120000.0,20000.0,6.0,5.0,0
175.0,1837,1.7333333333333332,1.523809523809524,0.0,8.0,80000.0,0.0,0.0,4.0,2,4,0.022727272727272728,-4.82,1.7333333333333332,1.523809523809524,0.0,8.0,80000.0,0.0,0.0,4.0,1
175.0,3462,1.7333333333333332,1.523809523809524,25.0,25.0,400000.0,20000.0,7.0,2.0,2,4,0.022727272727272728,-4.82,1.7333333333333332,1.523809523809524,25.0,25.0,400000.0,20000.0,7.0,2.0,1
175.0,6164,1.7333333333333332,1.523809523809524,0.0,12.0,120000.0,20000.0,18.0,3.0,3,5,0.022727272727272728,-4.9399999999999995,1.7333333333333332,1.523809523809524,0.0,12.0,120000.0,20000.0,18.0,3.0,1
175.0,6610,1.7333333333333332,1.523809523809524,0.0,12.0,120000.0,20000.0,6.0,5.0,3,5,0.022727272727272728,-4.9399999999999995,1.7333333333333332,1.523809523809524,0.0,12.0,120000.0,20000.0,6.0,5.0,1
175.0,7071,1.7333333333333332,1.523809523809524,0.0,12.0,120000.0,20000.0,7.0,4.0,2,7,0.022727272727272728,-4.82,1.7333333333333332,1.523809523809524,0.0,12.0,120000.0,20000.0,7.0,4.0,1
175.0,7970,1.7333333333333332,1.523809523809524,0.0,12.0,120000.0,20000.0,16.0,3.0,2,7,0.022727272727272728,-4.82,1.7333333333333332,1.523809523809524,0.0,12.0,120000.0,20000.0,16.0,3.0,1
175.0,8870,1.7333333333333332,1.523809523809524,0.0,12.0,120000.0,0.0,0.0,3.0,2,4,0.022727272727272728,-4.82,1.7333333333333332,1.523809523809524,0.0,12.0,120000.0,0.0,0.0,3.0,1
175.0,9309,1.7333333333333332,1.523809523809524,0.0,12.0,120000.0,0.0,0.0,6.0,2,4,0.022727272727272728,-4.82,1.7333333333333332,1.523809523809524,0.0,12.0,120000.0,0.0,0.0,6.0,1
175.0,9322,1.7333333333333332,1.523809523809524,0.0,12.0,120000.0,0.0,0.0,6.0,2,4,0.022727272727272728,-4.82,1.7333333333333332,1.523809523809524,0.0,12.0,120000.0,0.0,0.0,6.0,1
175.0,11105,1.7333333333333332,1.523809523809524,0.0,12.0,120000.0,0.0,0.0,4.0,2,4,0.022727272727272728,-4.82,1.7333333333333332,1.523809523809524,0.0,12.0,120000.0,0.0,0.0,4.0,1
175.0,12456,1.7333333333333332,1.523809523809524,0.0,12.0,120000.0,0.0,0.0,4.0,1,4,0.022727272727272728,-4.82,1.7333333333333332,1.523809523809524,0.0,12.0,120000.0,0.0,0.0,4.0,1
169.0,37,1.7948717948717947,1.5162721893491125,12.5,8.0,80000.0,20000.0,4.0,2.0,1,2,0.022727272727272728,-5.195,1.7333333333333332,1.523809523809524,12.5,8.0,80000.0,20000.0,4.0,2.0,1
176.0,2739,1.7234848484848484,1.5151515151515151,0.0,25.0,400000.0,20000.0,7.0,4.0,2,7,0.022727272727272728,-4.84,1.7234848484848484,1.5151515151515151,0.0,25.0,400000.0,20000.0,7.0,4.0,1
176.0,2742,1.7234848484848484,1.5151515151515151,0.0,25.0,400000.0,20000.0,7.0,4.0,2,7,0.022727272727272728,-4.84,1.7234848484848484,1.5151515151515151,0.0,25.0,400000.0,20000.0,7.0,4.0,1
176.0,3818,1.7234848484848484,1.5151515151515151,37.5,25.0,400000.0,20000.0,13.0,0.0,2,7,0.022727272727272728,-4.84,1.7234848484848484,1.5151515151515151,37.5,25.0,400000.0,20000.0,13.0,0.0,1
176.0,4895,1.7234848484848484,1.5151515151515151,0.0,25.0,400000.0,0.0,0.0,5.0,2,7,0.022727272727272728,-4.84,1.7234848484848484,1.5151515151515151,0.0,25.0,400000.0,0.0,0.0,5.0,1
176.0,8858,1.7234848484848484,1.5151515151515151,0.0,12.0,120000.0,0.0,0.0,3.0,1,3,0.022727272727272728,-4.8,1.7234848484848484,1.5151515151515151,0.0,12.0,120000.0,0.0,0.0,3.0,1
176.0,9776,1.7234848484848484,1.5151515151515151,0.0,12.0,120000.0,0.0,0.0,3.0,1,3,0.022727272727272728,-4.8,1.7234848484848484,1.5151515151515151,0.0,12.0,120000.0,0.0,0.0,3.0,1
176.0,10663,1.7234848484848484,1.5151515151515151,0.0,12.0,120000.0,0.0,0.0,4.0,1,6,0.022727272727272728,-4.8,1.7234848484848484,1.5151515151515151,0.0,12.0,120000.0,0.0,0.0,4.0,1
176.0,12015,1.7234848484848484,1.5151515151515151,0.0,12.0,120000.0,0.0,0.0,1.0,1,6,0.022727272727272728,-4.8,1.7234848484848484,1.5151515151515151,0.0,12.0,120000.0,0.0,0.0,1.0,1
172.0,955,1.7635658914728685,1.550387596899225,0.0,8.0,80000.0,20000.0,18.0,1.0,0,0,0.022727272727272728,0.9491243750000005,1.7233868308588436,1.515065345809972,12.5,8.0,80000.0,20000.0,19.0,1.0,0
173.0,39,1.7533718689788054,1.5414258188824663,0.0,8.0,80000.0,20000.0,3.0,2.0,0,0,0.022727272727272728,0.91,1.713747645951036,1.518361581920904,0.0,8.0,80000.0,20000.0,4.0,2.0,0
177.0,1404,1.713747645951036,1.518361581920904,0.0,8.0,80000.0,0.0,0.0,5.0,3,6,0.022727272727272728,-4.92,1.713747645951036,1.518361581920904,0.0,8.0,80000.0,0.0,0.0,5.0,1
177.0,1838,1.713747645951036,1.518361581920904,0.0,8.0,80000.0,0.0,0.0,4.0,3,6,0.022727272727272728,-4.92,1.713747645951036,1.518361581920904,0.0,8.0,80000.0,0.0,0.0,4.0,1
177.0,3089,1.713747645951036,1.518361581920904,0.0,25.0,400000.0,0.0,0.0,5.0,3,5,0.022727272727272728,-4.92,1.713747645951036,1.518361581920904,0.0,25.0,400000.0,0.0,0.0,5.0,1
177.0,6165,1.713747645951036,1.518361581920904,0.0,12.0,120000.0,20000.0,20.0,3.0,3,5,0.022727272727272728,-4.92,1.713747645951036,1.518361581920904,0.0,12.0,120000.0,20000.0,20.0,3.0,1
177.0,7971,1.713747645951036,1.518361581920904,0.0,12.0,120000.0,20000.0,17.0,3.0,2,6,0.022727272727272728,-4.84,1.713747645951036,1.518361581920904,0.0,12.0,120000.0,20000.0,17.0,3.0,1
177.0,8871,1.713747645951036,1.518361581920904,0.0,12.0,120000.0,0.0,0.0,3.0,2,6,0.022727272727272728,-4.84,1.713747645951036,1.518361581920904,0.0,12.0,120000.0,0.0,0.0,3.0,1
177.0,9310,1.713747645951036,1.518361581920904,0.0,12.0,120000.0,0.0,0.0,6.0,1,4,0.022727272727272728,-4.84,1.713747645951036,1.518361581920904,0.0,12.0,120000.0,0.0,0.0,6.0,1
177.0,9323,1.713747645951036,1.518361581920904,0.0,12.0,120000.0,0.0,0.0,6.0,1,4,0.022727272727272728,-4.84,1.713747645951036,1.518361581920904,0.0,12.0,120000.0,0.0,0.0,6.0,1
177.0,11106,1.713747645951036,1.518361581920904,0.0,12.0,120000.0,0.0,0.0,4.0,1,4,0.022727272727272728,-4.84,1.713747645951036,1.518361581920904,0.0,12.0,120000.0,0.0,0.0,4.0,1
177.0,12457,1.713747645951036,1.518361581920904,0.0,12.0,120000.0,0.0,0.0,4.0,3,4,0.022727272727272728,-4.92,1.713747645951036,1.518361581920904,0.0,12.0,120000.0,0.0,0.0,4.0,1
125.0,3448,1.5066666666666668,1.0583333333333333,25.0,25.0,400000.0,20000.0,7.0,2.0,2,1,0.022727272727272728,-3.84,1.7353618894605245,1.5125789441919437,25.0,25.0,400000.0,20000.0,7.0,2.0,1
158.0,3459,1.6561181434599157,1.5295358649789028,0.0,25.0,400000.0,20000.0,5.0,2.0,0,0,0.022727272727272728,0.75975,1.7322097378277155,1.5098314606741574,12.5,25.0,400000.0,20000.0,7.0,2.0,0
178.0,958,1.7322097378277155,1.5098314606741574,12.5,8.0,80000.0,20000.0,19.0,1.0,3,4,0.022727272727272728,-4.9399999999999995,1.7322097378277155,1.5098314606741574,12.5,8.0,80000.0,20000.0,19.0,1.0,1
178.0,5274,1.7322097378277155,1.5098314606741574,0.0,12.0,120000.0,20000.0,6.0,5.0,2,4,0.022727272727272728,-4.84,1.7322097378277155,1.5098314606741574,0.0,12.0,120000.0,20000.0,6.0,5.0,1
178.0,8859,1.7322097378277155,1.5098314606741574,0.0,12.0,120000.0,0.0,0.0,3.0,2,4,0.022727272727272728,-4.84,1.7322097378277155,1.5098314606741574,0.0,12.0,120000.0,0.0,0.0,3.0,1
178.0,10664,1.7322097378277155,1.5098314606741574,0.0,12.0,120000.0,0.0,0.0,4.0,3,2,0.022727272727272728,-4.9,1.7322097378277155,1.5098314606741574,0.0,12.0,120000.0,0.0,0.0,4.0,1
178.0,12016,1.7322097378277155,1.5098314606741574,0.0,12.0,120000.0,0.0,0.0,1.0,3,3,0.022727272727272728,-4.9,1.7322097378277155,1.5098314606741574,0.0,12.0,120000.0,0.0,0.0,1.0,1
178.0,12020,1.7322097378277155,1.5098314606741574,0.0,12.0,120000.0,0.0,0.0,1.0,3,3,0.022727272727272728,-4.9,1.7322097378277155,1.5098314606741574,0.0,12.0,120000.0,0.0,0.0,1.0,1
178.0,12470,1.7322097378277155,1.5098314606741574,0.0,12.0,120000.0,0.0,0.0,4.0,1,3,0.022727272727272728,-4.8,1.7322097378277155,1.5098314606741574,0.0,12.0,120000.0,0.0,0.0,4.0,1
158.0,3812,1.6561181434599157,1.5295358649789028,25.0,25.0,400000.0,20000.0,11.0,0.0,0,0,0.022727272727272728,0.7992998000000002,1.732112330836526,1.5097465586345398,25.0,25.0,400000.0,20000.0,12.0,0.0,0
175.0,40,1.7333333333333332,1.523809523809524,12.5,8.0,80000.0,20000.0,4.0,2.0,2,1,0.022727272727272728,-5.008333333333334,1.7570093457943925,1.5070093457943925,12.5,8.0,80000.0,20000.0,4.0,2.0,1
176.0,5273,1.7234848484848484,1.5151515151515151,0.0,12.0,120000.0,20000.0,5.0,5.0,3,1,0.022727272727272728,-5.022916666666667,1.75095464282388,1.501816149762503,12.5,12.0,120000.0,20000.0,6.0,5.0,1
176.0,5264,1.7234848484848484,1.5151515151515151,0.0,12.0,120000.0,20000.0,5.0,5.0,3,1,0.022727272727272728,0.975,1.7504655493482308,1.5013966480446927,12.5,12.0,120000.0,20000.0,6.0,5.0,0
179.0,42,1.7504655493482308,1.5013966480446927,12.5,8.0,80000.0,20000.0,4.0,2.0,1,3,0.022727272727272728,-4.82,1.7504655493482308,1.5013966480446927,12.5,8.0,80000.0,20000.0,4.0,2.0,1
179.0,1405,1.7504655493482308,1.5013966480446927,0.0,8.0,80000.0,0.0,0.0,5.0,2,10,0.022727272727272728,-4.82,1.7504655493482308,1.5013966480446927,0.0,8.0,80000.0,0.0,0.0,5.0,1
179.0,1839,1.7504655493482308,1.5013966480446927,0.0,8.0,80000.0,0.0,0.0,4.0,2,10,0.022727272727272728,-4.82,1.7504655493482308,1.5013966480446927,0.0,8.0,80000.0,0.0,0.0,4.0,1
179.0,2743,1.7504655493482308,1.5013966480446927,0.0,25.0,400000.0,20000.0,7.0,4.0,3,6,0.022727272727272728,-4.9,1.7504655493482308,1.5013966480446927,0.0,25.0,400000.0,20000.0,7.0,4.0,1
179.0,3819,1.7504655493482308,1.5013966480446927,25.0,25.0,400000.0,20000.0,12.0,0.0,3,6,0.022727272727272728,-4.9,1.7504655493482308,1.5013966480446927,25.0,25.0,400000.0,20000.0,12.0,0.0,1
179.0,4896,1.7504655493482308,1.5013966480446927,0.0,25.0,400000.0,0.0,0.0,5.0,2,6,0.022727272727272728,-4.82,1.7504655493482308,1.5013966480446927,0.0,25.0,400000.0,0.0,0.0,5.0,1
179.0,6166,1.7504655493482308,1.5013966480446927,0.0,12.0,120000.0,20000.0,20.0,3.0,2,6,0.022727272727272728,-4.82,1.7504655493482308,1.5013966480446927,0.0,12.0,120000.0,20000.0,21.0,3.0,1
179.0,6612,1.7504655493482308,1.5013966480446927,12.5,12.0,120000.0,20000.0,7.0,5.0,3,9,0.022727272727272728,-4.9,1.7504655493482308,1.5013966480446927,12.5,12.0,120000.0,20000.0,7.0,5.0,1
179.0,7073,1.7504655493482308,1.5013966480446927,12.5,12.0,120000.0,20000.0,8.0,4.0,1,5,0.022727272727272728,-4.82,1.7504655493482308,1.5013966480446927,12.5,12.0,120000.0,20000.0,8.0,4.0,1
179.0,7520,1.7504655493482308,1.5013966480446927,0.0,12.0,120000.0,20000.0,7.0,5.0,1,8,0.022727272727272728,-4.82,1.7504655493482308,1.5013966480446927,0.0,12.0,120000.0,20000.0,7.0,5.0,1
179.0,7972,1.7504655493482308,1.5013966480446927,0.0,12.0,120000.0,20000.0,17.0,3.0,1,8,0.022727272727272728,-4.82,1.7504655493482308,1.5013966480446927,0.0,12.0,120000.0,20000.0,17.0,3.0,1
179.0,8872,1.7504655493482308,1.5013966480446927,0.0,12.0,120000.0,0.0,0.0,3.0,1,4,0.022727272727272728,-4.82,1.7504655493482308,1.5013966480446927,0.0,12.0,120000.0,0.0,0.0,3.0,1
179.0,9311,1.7504655493482308,1.5013966480446927,0.0,12.0,120000.0,0.0,0.0,6.0,1,4,0.022727272727272728,-4.82,1.7504655493482308,1.5013966480446927,0.0,12.0,120000.0,0.0,0.0,6.0,1
179.0,11107,1.7504655493482308,1.5013966480446927,0.0,12.0,120000.0,0.0,0.0,4.0,3,1,0.022727272727272728,-4.88,1.7504655493482308,1.5013966480446927,0.0,12.0,120000.0,0.0,0.0,4.0,1
179.0,12458,1.7504655493482308,1.5013966480446927,0.0,12.0,120000.0,0.0,0.0,4.0,1,1,0.022727272727272728,-4.8,1.7504655493482308,1.5013966480446927,0.0,12.0,120000.0,0.0,0.0,4.0,1
159.0,4534,1.6457023060796647,1.5199161425576517,12.5,25.0,400000.0,20000.0,7.0,3.0,0,0,0.022727272727272728,0.7997998000000002,1.7503676656592182,1.5013126919550477,0.0,25.0,400000.0,20000.0,6.0,3.0,0
180.0,3090,1.7407407407407407,1.4930555555555556,0.0,25.0,400000.0,0.0,0.0,5.0,1,6,0.022727272727272728,-4.82,1.7407407407407407,1.4930555555555556,0.0,25.0,400000.0,0.0,0.0,5.0,1
180.0,5266,1.7407407407407407,1.4930555555555556,12.5,12.0,120000.0,20000.0,6.0,5.0,1,6,0.022727272727272728,-4.82,1.7407407407407407,1.4930555555555556,12.5,12.0,120000.0,20000.0,6.0,5.0,1
180.0,5275,1.7407407407407407,1.4930555555555556,12.5,12.0,120000.0,20000.0,6.0,5.0,2,2,0.022727272727272728,-4.82,1.7407407407407407,1.4930555555555556,12.5,12.0,120000.0,20000.0,6.0,5.0,1
180.0,8860,1.7407407407407407,1.4930555555555556,0.0,12.0,120000.0,0.0,0.0,3.0,2,2,0.022727272727272728,-4.82,1.7407407407407407,1.4930555555555556,0.0,12.0,120000.0,0.0,0.0,3.0,1
180.0,9778,1.7407407407407407,1.4930555555555556,0.0,12.0,120000.0,0.0,0.0,3.0,3,2,0.022727272727272728,-4.92,1.7407407407407407,1.4930555555555556,0.0,12.0,120000.0,0.0,0.0,3.0,1
180.0,10665,1.7407407407407407,1.4930555555555556,0.0,12.0,120000.0,0.0,0.0,4.0,3,2,0.022727272727272728,-4.92,1.7407407407407407,1.4930555555555556,0.0,12.0,120000.0,0.0,0.0,4.0,1
180.0,12017,1.7407407407407407,1.4930555555555556,0.0,12.0,120000.0,0.0,0.0,1.0,3,2,0.022727272727272728,-4.92,1.7407407407407407,1.4930555555555556,0.0,12.0,120000.0,0.0,0.0,1.0,1
180.0,12021,1.7407407407407407,1.4930555555555556,0.0,12.0,120000.0,0.0,0.0,1.0,3,2,0.022727272727272728,-4.92,1.7407407407407407,1.4930555555555556,0.0,12.0,120000.0,0.0,0.0,1.0,1
180.0,12471,1.7407407407407407,1.4930555555555556,0.0,12.0,120000.0,0.0,0.0,4.0,3,2,0.022727272727272728,-4.92,1.7407407407407407,1.4930555555555556,0.0,12.0,120000.0,0.0,0.0,4.0,1
172.0,8856,1.7635658914728685,1.550387596899225,0.0,12.0,120000.0,0.0,0.0,3.0,1,3,0.022727272727272728,-5.153333333333333,1.7407407407407407,1.4930555555555556,0.0,12.0,120000.0,0.0,0.0,3.0,1
176.0,957,1.7234848484848484,1.5151515151515151,12.5,8.0,80000.0,20000.0,19.0,1.0,1,4,0.022727272727272728,0.9293743750000004,1.7406439415970996,1.4929725296943208,0.0,8.0,80000.0,20000.0,18.0,1.0,0
178.0,9777,1.7322097378277155,1.5098314606741574,0.0,12.0,120000.0,0.0,0.0,3.0,3,2,0.022727272727272728,-5.042916666666667,1.7592336741272907,1.4852169107488256,0.0,12.0,120000.0,0.0,0.0,3.0,1
181.0,1406,1.7587476979742174,1.4848066298342544,0.0,8.0,80000.0,0.0,0.0,5.0,3,2,0.022727272727272728,-4.9,1.7587476979742174,1.4848066298342544,0.0,8.0,80000.0,0.0,0.0,5.0,1
181.0,1840,1.7587476979742174,1.4848066298342544,0.0,8.0,80000.0,0.0,0.0,4.0,2,3,0.022727272727272728,-4.8,1.7587476979742174,1.4848066298342544,0.0,8.0,80000.0,0.0,0.0,4.0,1
181.0,2300,1.7587476979742174,1.4848066298342544,0.0,8.0,80000.0,0.0,0.0,5.0,2,3,0.022727272727272728,-4.8,1.7587476979742174,1.4848066298342544,0.0,8.0,80000.0,0.0,0.0,5.0,1
181.0,3464,1.7587476979742174,1.4848066298342544,25.0,25.0,400000.0,20000.0,7.0,2.0,2,3,0.022727272727272728,-4.8,1.7587476979742174,1.4848066298342544,25.0,25.0,400000.0,20000.0,7.0,2.0,1
181.0,6167,1.7587476979742174,1.4848066298342544,0.0,12.0,120000.0,20000.0,21.0,3.0,3,10,0.022727272727272728,-4.9,1.7587476979742174,1.4848066298342544,0.0,12.0,120000.0,20000.0,21.0,3.0,1
181.0,6613,1.7587476979742174,1.4848066298342544,12.5,12.0,120000.0,20000.0,7.0,5.0,3,10,0.022727272727272728,-4.9,1.7587476979742174,1.4848066298342544,12.5,12.0,120000.0,20000.0,7.0,5.0,1
181.0,7074,1.7587476979742174,1.4848066298342544,12.5,12.0,120000.0,20000.0,8.0,4.0,3,10,0.022727272727272728,-4.9,1.7587476979742174,1.4848066298342544,12.5,12.0,120000.0,20000.0,8.0,4.0,1
181.0,7521,1.7587476979742174,1.4848066298342544,0.0,12.0,120000.0,20000.0,7.0,5.0,3,10,0.022727272727272728,-4.9,1.7587476979742174,1.4848066298342544,0.0,12.0,120000.0,20000.0,7.0,5.0,1
181.0,7973,1.7587476979742174,1.4848066298342544,0.0,12.0,120000.0,20000.0,17.0,3.0,3,8,0.022727272727272728,-4.9,1.7587476979742174,1.4848066298342544,0.0,12.0,120000.0,20000.0,17.0,3.0,1
181.0,8873,1.7587476979742174,1.4848066298342544,0.0,12.0,120000.0,0.0,0.0,3.0,3,8,0.022727272727272728,-4.9,1.7587476979742174,1.4848066298342544,0.0,12.0,120000.0,0.0,0.0,3.0,1
181.0,9312,1.7587476979742174,1.4848066298342544,0.0,12.0,120000.0,0.0,0.0,6.0,3,5,0.022727272727272728,-4.9,1.7587476979742174,1.4848066298342544,0.0,12.0,120000.0,0.0,0.0,6.0,1
181.0,9325,1.7587476979742174,1.4848066298342544,0.0,12.0,120000.0,0.0,0.0,6.0,3,5,0.022727272727272728,-4.9,1.7587476979742174,1.4848066298342544,0.0,12.0,120000.0,0.0,0.0,6.0,1
181.0,11108,1.7587476979742174,1.4848066298342544,0.0,12.0,120000.0,0.0,0.0,4.0,3,4,0.022727272727272728,-4.9,1.7587476979742174,1.4848066298342544,0.0,12.0,120000.0,0.0,0.0,4.0,1
181.0,12459,1.7587476979742174,1.4848066298342544,0.0,12.0,120000.0,0.0,0.0,4.0,3,4,0.022727272727272728,-4.9,1.7587476979742174,1.4848066298342544,0.0,12.0,120000.0,0.0,0.0,4.0,1
161.0,3813,1.7287784679089029,1.539855072463768,37.5,25.0,400000.0,20000.0,12.0,0.0,0,0,0.022727272727272728,0.7995498000000001,1.7586504378035963,1.4847245188263345,12.5,25.0,400000.0,20000.0,11.0,0.0,0
177.0,41,1.713747645951036,1.518361581920904,0.0,8.0,80000.0,20000.0,3.0,2.0,0,0,0.022727272727272728,0.9493743750000003,1.7586504378035963,1.4847245188263345,0.0,8.0,80000.0,20000.0,3.0,2.0,0
179.0,9324,1.7504655493482308,1.5013966480446927,0.0,12.0,120000.0,0.0,0.0,6.0,3,1,0.022727272727272728,-5.022916666666667,1.777044975725932,1.4770541357515798,0.0,12.0,120000.0,0.0,0.0,6.0,1
182.0,4897,1.7765567765567765,1.4880952380952381,0.0,25.0,400000.0,0.0,0.0,5.0,1,3,0.022727272727272728,-4.8,1.7765567765567765,1.4880952380952381,0.0,25.0,400000.0,0.0,0.0,5.0,1
182.0,5267,1.7765567765567765,1.4880952380952381,12.5,12.0,120000.0,20000.0,6.0,5.0,1,3,0.022727272727272728,-4.8,1.7765567765567765,1.4880952380952381,12.5,12.0,120000.0,20000.0,7.0,5.0,1
182.0,8861,1.7765567765567765,1.4880952380952381,0.0,12.0,120000.0,0.0,0.0,3.0,1,3,0.022727272727272728,-4.8,1.7765567765567765,1.4880952380952381,0.0,12.0,120000.0,0.0,0.0,3.0,1
182.0,9779,1.7765567765567765,1.4880952380952381,0.0,12.0,120000.0,0.0,0.0,3.0,3,3,0.022727272727272728,-4.9,1.7765567765567765,1.4880952380952381,0.0,12.0,120000.0,0.0,0.0,3.0,1
182.0,10666,1.7765567765567765,1.4880952380952381,0.0,12.0,120000.0,0.0,0.0,4.0,3,3,0.022727272727272728,-4.9,1.7765567765567765,1.4880952380952381,0.0,12.0,120000.0,0.0,0.0,4.0,1
182.0,10670,1.7765567765567765,1.4880952380952381,0.0,12.0,120000.0,0.0,0.0,4.0,1,10,0.022727272727272728,-4.8,1.7765567765567765,1.4880952380952381,0.0,12.0,120000.0,0.0,0.0,4.0,1
182.0,12018,1.7765567765567765,1.4880952380952381,0.0,12.0,120000.0,0.0,0.0,1.0,3,7,0.022727272727272728,-4.9,1.7765567765567765,1.4880952380952381,0.0,12.0,120000.0,0.0,0.0,1.0,1
182.0,12022,1.7765567765567765,1.4880952380952381,0.0,12.0,120000.0,0.0,0.0,1.0,3,7,0.022727272727272728,-4.9,1.7765567765567765,1.4880952380952381,0.0,12.0,120000.0,0.0,0.0,1.0,1
182.0,12472,1.7765567765567765,1.4880952380952381,0.0,12.0,120000.0,0.0,0.0,4.0,3,7,0.022727272727272728,-4.9,1.7765567765567765,1.4880952380952381,0.0,12.0,120000.0,0.0,0.0,4.0,1
173.0,2738,1.7533718689788054,1.5414258188824663,0.0,25.0,400000.0,20000.0,7.0,4.0,1,1,0.022727272727272728,-4.993533533333332,1.7699759993079216,1.4825829891110165,0.0,25.0,400000.0,20000.0,7.0,4.0,1
177.0,6611,1.713747645951036,1.518361581920904,0.0,12.0,120000.0,20000.0,6.0,5.0,0,0,0.022727272727272728,0.89,1.766848816029144,1.5368852459016393,0.0,12.0,120000.0,20000.0,7.0,5.0,0
177.0,7072,1.713747645951036,1.518361581920904,0.0,12.0,120000.0,20000.0,7.0,4.0,0,0,0.022727272727272728,0.89,1.766848816029144,1.5368852459016393,0.0,12.0,120000.0,20000.0,7.0,4.0,0
183.0,44,1.766848816029144,1.5368852459016393,0.0,8.0,80000.0,20000.0,3.0,2.0,3,7,0.022727272727272728,-4.9,1.766848816029144,1.5368852459016393,0.0,8.0,80000.0,20000.0,3.0,2.0,1
183.0,1407,1.766848816029144,1.5368852459016393,0.0,8.0,80000.0,0.0,0.0,5.0,2,6,0.022727272727272728,-4.859999999999999,1.766848816029144,1.5368852459016393,0.0,8.0,80000.0,0.0,0.0,5.0,1
183.0,1841,1.766848816029144,1.5368852459016393,0.0,8.0,80000.0,0.0,0.0,4.0,2,6,0.022727272727272728,-4.859999999999999,1.766848816029144,1.5368852459016393,0.0,8.0,80000.0,0.0,0.0,4.0,1
183.0,2301,1.766848816029144,1.5368852459016393,0.0,8.0,80000.0,0.0,0.0,5.0,2,7,0.022727272727272728,-4.859999999999999,1.766848816029144,1.5368852459016393,0.0,8.0,80000.0,0.0,0.0,5.0,1
183.0,3091,1.766848816029144,1.5368852459016393,0.0,25.0,400000.0,0.0,0.0,5.0,2,7,0.022727272727272728,-4.859999999999999,1.766848816029144,1.5368852459016393,0.0,25.0,400000.0,0.0,0.0,5.0,1
183.0,6168,1.766848816029144,1.5368852459016393,0.0,12.0,120000.0,20000.0,21.0,3.0,3,8,0.022727272727272728,-4.9,1.766848816029144,1.5368852459016393,0.0,12.0,120000.0,20000.0,21.0,3.0,1
183.0,6614,1.766848816029144,1.5368852459016393,0.0,12.0,120000.0,20000.0,6.0,5.0,2,8,0.022727272727272728,-4.859999999999999,1.766848816029144,1.5368852459016393,0.0,12.0,120000.0,20000.0,7.0,5.0,1
183.0,7075,1.766848816029144,1.5368852459016393,0.0,12.0,120000.0,20000.0,7.0,4.0,2,8,0.022727272727272728,-4.859999999999999,1.766848816029144,1.5368852459016393,0.0,12.0,120000.0,20000.0,7.0,4.0,1
183.0,7522,1.766848816029144,1.5368852459016393,0.0,12.0,120000.0,20000.0,8.0,5.0,3,5,0.022727272727272728,-4.9,1.766848816029144,1.5368852459016393,0.0,12.0,120000.0,20000.0,8.0,5.0,1
183.0,7974,1.766848816029144,1.5368852459016393,0.0,12.0,120000.0,20000.0,17.0,3.0,1,6,0.022727272727272728,-4.859999999999999,1.766848816029144,1.5368852459016393,0.0,12.0,120000.0,20000.0,17.0,3.0,1
183.0,8874,1.766848816029144,1.5368852459016393,0.0,12.0,120000.0,0.0,0.0,3.0,3,10,0.022727272727272728,-4.9,1.766848816029144,1.5368852459016393,0.0,12.0,120000.0,0.0,0.0,3.0,1
183.0,9313,1.766848816029144,1.5368852459016393,0.0,12.0,120000.0,0.0,0.0,6.0,3,10,0.022727272727272728,-4.9,1.766848816029144,1.5368852459016393,0.0,12.0,120000.0,0.0,0.0,6.0,1
183.0,9326,1.766848816029144,1.5368852459016393,0.0,12.0,120000.0,0.0,0.0,6.0,2,7,0.022727272727272728,-4.859999999999999,1.766848816029144,1.5368852459016393,0.0,12.0,120000.0,0.0,0.0,6.0,1
183.0,11109,1.766848816029144,1.5368852459016393,0.0,12.0,120000.0,0.0,0.0,4.0,2,7,0.022727272727272728,-4.859999999999999,1.766848816029144,1.5368852459016393,0.0,12.0,120000.0,0.0,0.0,4.0,1
183.0,12460,1.766848816029144,1.5368852459016393,0.0,12.0,120000.0,0.0,0.0,4.0,1,7,0.022727272727272728,-4.859999999999999,1.766848816029144,1.5368852459016393,0.0,12.0,120000.0,0.0,0.0,4.0,1
175.0,1403,1.7333333333333332,1.523809523809524,0.0,8.0,80000.0,0.0,0.0,5.0,2,1,0.022727272727272728,-3.380833333333334,1.7636363636363637,1.534090909090909,0.0,8.0,80000.0,0.0,0.0,5.0,1
178.0,5265,1.7322097378277155,1.5098314606741574,0.0,12.0,120000.0,20000.0,5.0,5.0,0,0,0.022727272727272728,0.84975,1.7572463768115942,1.528532608695652,12.5,12.0,120000.0,20000.0,6.0,5.0,0
184.0,961,1.7572463768115942,1.528532608695652,12.5,8.0,80000.0,20000.0,20.0,1.0,1,7,0.022727272727272728,-4.90025,1.7572463768115942,1.528532608695652,12.5,8.0,80000.0,20000.0,20.0,1.0,1
184.0,3465,1.7572463768115942,1.528532608695652,25.0,25.0,400000.0,20000.0,7.0,2.0,2,7,0.022727272727272728,-4.9,1.7572463768115942,1.528532608695652,25.0,25.0,400000.0,20000.0,7.0,2.0,1
184.0,5268,1.7572463768115942,1.528532608695652,12.5,12.0,120000.0,20000.0,6.0,5.0,2,7,0.022727272727272728,-4.9,1.7572463768115942,1.528532608695652,12.5,12.0,120000.0,20000.0,6.0,5.0,1
184.0,8862,1.7572463768115942,1.528532608695652,0.0,12.0,120000.0,0.0,0.0,3.0,3,3,0.022727272727272728,-4.88,1.7572463768115942,1.528532608695652,0.0,12.0,120000.0,0.0,0.0,3.0,1
184.0,9780,1.7572463768115942,1.528532608695652,0.0,12.0,120000.0,0.0,0.0,3.0,2,4,0.022727272727272728,-4.84,1.7572463768115942,1.528532608695652,0.0,12.0,120000.0,0.0,0.0,3.0,1
184.0,10667,1.7572463768115942,1.528532608695652,0.0,12.0,120000.0,0.0,0.0,4.0,2,4,0.022727272727272728,-4.84,1.7572463768115942,1.528532608695652,0.0,12.0,120000.0,0.0,0.0,4.0,1
184.0,10671,1.7572463768115942,1.528532608695652,0.0,12.0,120000.0,0.0,0.0,4.0,2,5,0.022727272727272728,-4.84,1.7572463768115942,1.528532608695652,0.0,12.0,120000.0,0.0,0.0,4.0,1
184.0,12019,1.7572463768115942,1.528532608695652,0.0,12.0,120000.0,0.0,0.0,1.0,2,5,0.022727272727272728,-4.84,1.7572463768115942,1.528532608695652,0.0,12.0,120000.0,0.0,0.0,1.0,1
181.0,43,1.7587476979742174,1.4848066298342544,12.5,8.0,80000.0,20000.0,4.0,2.0,3,2,0.022727272727272728,-5.110833958333333,1.7686975652235652,1.5227944598544727,0.0,8.0,80000.0,20000.0,3.0,2.0,1
185.0,1842,1.7657657657657657,1.5371621621621623,0.0,8.0,80000.0,0.0,0.0,4.0,2,5,0.022727272727272728,-4.859999999999999,1.7657657657657657,1.5371621621621623,0.0,8.0,80000.0,0.0,0.0,4.0,1
185.0,2302,1.7657657657657657,1.5371621621621623,0.0,8.0,80000.0,0.0,0.0,5.0,2,5,0.022727272727272728,-4.859999999999999,1.7657657657657657,1.5371621621621623,0.0,8.0,80000.0,0.0,0.0,5.0,1
185.0,4898,1.7657657657657657,1.5371621621621623,0.0,25.0,400000.0,0.0,0.0,5.0,2,2,0.022727272727272728,-4.82,1.7657657657657657,1.5371621621621623,0.0,25.0,400000.0,0.0,0.0,5.0,1
185.0,4900,1.7657657657657657,1.5371621621621623,0.0,25.0,400000.0,0.0,0.0,5.0,2,6,0.022727272727272728,-4.82,1.7657657657657657,1.5371621621621623,0.0,25.0,400000.0,0.0,0.0,5.0,1
185.0,6169,1.7657657657657657,1.5371621621621623,0.0,12.0,120000.0,20000.0,21.0,3.0,3,9,0.022727272727272728,-4.9399999999999995,1.7657657657657657,1.5371621621621623,0.0,12.0,120000.0,20000.0,21.0,3.0,1
185.0,6615,1.7657657657657657,1.5371621621621623,0.0,12.0,120000.0,20000.0,7.0,5.0,2,3,0.022727272727272728,-4.82,1.7657657657657657,1.5371621621621623,0.0,12.0,120000.0,20000.0,7.0,5.0,1
185.0,6620,1.7657657657657657,1.5371621621621623,0.0,12.0,120000.0,20000.0,7.0,5.0,2,3,0.022727272727272728,-4.82,1.7657657657657657,1.5371621621621623,0.0,12.0,120000.0,20000.0,7.0,5.0,1
185.0,8875,1.7657657657657657,1.5371621621621623,0.0,12.0,120000.0,0.0,0.0,3.0,2,3,0.022727272727272728,-4.82,1.7657657657657657,1.5371621621621623,0.0,12.0,120000.0,0.0,0.0,3.0,1
185.0,9314,1.7657657657657657,1.5371621621621623,0.0,12.0,120000.0,0.0,0.0,6.0,2,9,0.022727272727272728,-4.82,1.7657657657657657,1.5371621621621623,0.0,12.0,120000.0,0.0,0.0,6.0,1
185.0,9327,1.7657657657657657,1.5371621621621623,0.0,12.0,120000.0,0.0,0.0,6.0,2,9,0.022727272727272728,-4.82,1.7657657657657657,1.5371621621621623,0.0,12.0,120000.0,0.0,0.0,6.0,1
185.0,10220,1.7657657657657657,1.5371621621621623,0.0,12.0,120000.0,0.0,0.0,2.0,2,9,0.022727272727272728,-4.82,1.7657657657657657,1.5371621621621623,0.0,12.0,120000.0,0.0,0.0,2.0,1
185.0,11110,1.7657657657657657,1.5371621621621623,0.0,12.0,120000.0,0.0,0.0,4.0,2,9,0.022727272727272728,-4.82,1.7657657657657657,1.5371621621621623,0.0,12.0,120000.0,0.0,0.0,4.0,1
184.0,5277,1.7572463768115942,1.528532608695652,12.5,12.0,120000.0,20000.0,6.0,5.0,3,3,0.022727272727272728,-5.001250000000001,1.7836335932598364,1.5293089540198976,12.5,12.0,120000.0,20000.0,6.0,5.0,1
182.0,960,1.7765567765567765,1.4880952380952381,0.0,8.0,80000.0,20000.0,18.0,1.0,1,1,0.022727272727272728,0.87,1.7831541218637992,1.6017025089605736,0.0,8.0,80000.0,20000.0,19.0,1.0,0
186.0,5269,1.7831541218637992,1.6017025089605736,12.5,12.0,120000.0,20000.0,6.0,5.0,1,8,0.022727272727272728,-4.84,1.7831541218637992,1.6017025089605736,12.5,12.0,120000.0,20000.0,6.0,5.0,1
186.0,5278,1.7831541218637992,1.6017025089605736,12.5,12.0,120000.0,20000.0,6.0,5.0,2,9,0.022727272727272728,-4.84,1.7831541218637992,1.6017025089605736,12.5,12.0,120000.0,20000.0,6.0,5.0,1
186.0,8863,1.7831541218637992,1.6017025089605736,0.0,12.0,120000.0,0.0,0.0,3.0,2,8,0.022727272727272728,-4.84,1.7831541218637992,1.6017025089605736,0.0,12.0,120000.0,0.0,0.0,3.0,1
186.0,9781,1.7831541218637992,1.6017025089605736,0.0,12.0,120000.0,0.0,0.0,3.0,2,8,0.022727272727272728,-4.84,1.7831541218637992,1.6017025089605736,0.0,12.0,120000.0,0.0,0.0,3.0,1
186.0,10668,1.7831541218637992,1.6017025089605736,0.0,12.0,120000.0,0.0,0.0,4.0,2,10,0.022727272727272728,-4.84,1.7831541218637992,1.6017025089605736,0.0,12.0,120000.0,0.0,0.0,4.0,1
186.0,10672,1.7831541218637992,1.6017025089605736,0.0,12.0,120000.0,0.0,0.0,4.0,3,6,0.022727272727272728,-4.9,1.7831541218637992,1.6017025089605736,0.0,12.0,120000.0,0.0,0.0,4.0,1
186.0,11120,1.7831541218637992,1.6017025089605736,0.0,12.0,120000.0,0.0,0.0,4.0,3,6,0.022727272727272728,-4.9,1.7831541218637992,1.6017025089605736,0.0,12.0,120000.0,0.0,0.0,4.0,1
186.0,12024,1.7831541218637992,1.6017025089605736,0.0,12.0,120000.0,0.0,0.0,1.0,3,6,0.022727272727272728,-4.9,1.7831541218637992,1.6017025089605736,0.0,12.0,120000.0,0.0,0.0,1.0,1
186.0,12474,1.7831541218637992,1.6017025089605736,0.0,12.0,120000.0,0.0,0.0,4.0,3,6,0.022727272727272728,-4.9,1.7831541218637992,1.6017025089605736,0.0,12.0,120000.0,0.0,0.0,4.0,1
187.0,1409,1.8627450980392157,1.593137254901961,0.0,8.0,80000.0,0.0,0.0,5.0,3,2,0.022727272727272728,-4.859999999999999,1.8627450980392157,1.593137254901961,0.0,8.0,80000.0,0.0,0.0,5.0,1
187.0,1843,1.8627450980392157,1.593137254901961,0.0,8.0,80000.0,0.0,0.0,4.0,2,10,0.022727272727272728,-4.82,1.8627450980392157,1.593137254901961,0.0,8.0,80000.0,0.0,0.0,4.0,1
187.0,2303,1.8627450980392157,1.593137254901961,0.0,8.0,80000.0,0.0,0.0,5.0,2,10,0.022727272727272728,-4.82,1.8627450980392157,1.593137254901961,0.0,8.0,80000.0,0.0,0.0,5.0,1
187.0,3100,1.8627450980392157,1.593137254901961,0.0,25.0,400000.0,0.0,0.0,5.0,1,7,0.022727272727272728,-4.82,1.8627450980392157,1.593137254901961,0.0,25.0,400000.0,0.0,0.0,5.0,1
187.0,3466,1.8627450980392157,1.593137254901961,25.0,25.0,400000.0,20000.0,7.0,2.0,1,7,0.022727272727272728,-4.82,1.8627450980392157,1.593137254901961,25.0,25.0,400000.0,20000.0,7.0,2.0,1
187.0,4180,1.8627450980392157,1.593137254901961,0.0,25.0,400000.0,0.0,0.0,1.0,2,9,0.022727272727272728,-4.82,1.8627450980392157,1.593137254901961,0.0,25.0,400000.0,0.0,0.0,1.0,1
187.0,6616,1.8627450980392157,1.593137254901961,0.0,12.0,120000.0,20000.0,7.0,5.0,2,9,0.022727272727272728,-4.82,1.8627450980392157,1.593137254901961,0.0,12.0,120000.0,20000.0,7.0,5.0,1
187.0,6621,1.8627450980392157,1.593137254901961,0.0,12.0,120000.0,20000.0,7.0,5.0,2,2,0.022727272727272728,-4.82,1.8627450980392157,1.593137254901961,0.0,12.0,120000.0,20000.0,7.0,5.0,1
187.0,7077,1.8627450980392157,1.593137254901961,12.5,12.0,120000.0,20000.0,8.0,4.0,2,2,0.022727272727272728,-4.82,1.8627450980392157,1.593137254901961,12.5,12.0,120000.0,20000.0,8.0,4.0,1
187.0,7524,1.8627450980392157,1.593137254901961,12.5,12.0,120000.0,20000.0,9.0,5.0,1,6,0.022727272727272728,-4.82,1.8627450980392157,1.593137254901961,12.5,12.0,120000.0,20000.0,9.0,5.0,1
187.0,7976,1.8627450980392157,1.593137254901961,12.5,12.0,120000.0,20000.0,18.0,3.0,1,6,0.022727272727272728,-4.82,1.8627450980392157,1.593137254901961,12.5,12.0,120000.0,20000.0,18.0,3.0,1
187.0,8876,1.8627450980392157,1.593137254901961,0.0,12.0,120000.0,0.0,0.0,3.0,3,6,0.022727272727272728,-4.859999999999999,1.8627450980392157,1.593137254901961,0.0,12.0,120000.0,0.0,0.0,3.0,1
187.0,9315,1.8627450980392157,1.593137254901961,0.0,12.0,120000.0,0.0,0.0,6.0,2,5,0.022727272727272728,-4.82,1.8627450980392157,1.593137254901961,0.0,12.0,120000.0,0.0,0.0,6.0,1
187.0,9328,1.8627450980392157,1.593137254901961,0.0,12.0,120000.0,0.0,0.0,6.0,2,5,0.022727272727272728,-4.82,1.8627450980392157,1.593137254901961,0.0,12.0,120000.0,0.0,0.0,6.0,1
187.0,10221,1.8627450980392157,1.593137254901961,0.0,12.0,120000.0,0.0,0.0,2.0,2,5,0.022727272727272728,-4.82,1.8627450980392157,1.593137254901961,0.0,12.0,120000.0,0.0,0.0,2.0,1
187.0,11111,1.8627450980392157,1.593137254901961,0.0,12.0,120000.0,0.0,0.0,4.0,2,5,0.022727272727272728,-4.82,1.8627450980392157,1.593137254901961,0.0,12.0,120000.0,0.0,0.0,4.0,1
187.0,12462,1.8627450980392157,1.593137254901961,0.0,12.0,120000.0,0.0,0.0,4.0,3,10,0.022727272727272728,-4.859999999999999,1.8627450980392157,1.593137254901961,0.0,12.0,120000.0,0.0,0.0,4.0,1
180.0,959,1.7407407407407407,1.4930555555555556,12.5,8.0,80000.0,20000.0,19.0,1.0,1,1,0.022727272727272728,-5.2375,1.8627450980392157,1.593137254901961,0.0,8.0,80000.0,20000.0,19.0,1.0,1
184.0,12473,1.7572463768115942,1.528532608695652,0.0,12.0,120000.0,0.0,0.0,4.0,2,1,0.022727272727272728,0.9733333333333334,1.852836879432624,1.6400709219858154,0.0,12.0,120000.0,0.0,0.0,4.0,0
188.0,963,1.852836879432624,1.6400709219858154,0.0,8.0,80000.0,20000.0,19.0,1.0,2,8,0.022727272727272728,-4.859999999999999,1.852836879432624,1.6400709219858154,0.0,8.0,80000.0,20000.0,19.0,1.0,1
188.0,2746,1.852836879432624,1.6400709219858154,0.0,25.0,400000.0,20000.0,7.0,4.0,2,8,0.022727272727272728,-4.859999999999999,1.852836879432624,1.6400709219858154,0.0,25.0,400000.0,20000.0,7.0,4.0,1
188.0,4899,1.852836879432624,1.6400709219858154,0.0,25.0,400000.0,0.0,0.0,5.0,2,8,0.022727272727272728,-4.859999999999999,1.852836879432624,1.6400709219858154,0.0,25.0,400000.0,0.0,0.0,5.0,1
188.0,4901,1.852836879432624,1.6400709219858154,0.0,25.0,400000.0,0.0,0.0,5.0,2,8,0.022727272727272728,-4.859999999999999,1.852836879432624,1.6400709219858154,0.0,25.0,400000.0,0.0,0.0,5.0,1
188.0,5279,1.852836879432624,1.6400709219858154,12.5,12.0,120000.0,20000.0,6.0,5.0,2,8,0.022727272727272728,-4.862,1.852836879432624,1.6400709219858154,12.5,12.0,120000.0,20000.0,6.0,5.0,1
188.0,8864,1.852836879432624,1.6400709219858154,0.0,12.0,120000.0,0.0,0.0,3.0,2,8,0.022727272727272728,-4.859999999999999,1.852836879432624,1.6400709219858154,0.0,12.0,120000.0,0.0,0.0,3.0,1
188.0,9782,1.852836879432624,1.6400709219858154,0.0,12.0,120000.0,0.0,0.0,3.0,2,8,0.022727272727272728,-4.859999999999999,1.852836879432624,1.6400709219858154,0.0,12.0,120000.0,0.0,0.0,3.0,1
188.0,10669,1.852836879432624,1.6400709219858154,0.0,12.0,120000.0,0.0,0.0,4.0,1,5,0.022727272727272728,-4.859999999999999,1.852836879432624,1.6400709219858154,0.0,12.0,120000.0,0.0,0.0,4.0,1
188.0,10673,1.852836879432624,1.6400709219858154,0.0,12.0,120000.0,0.0,0.0,4.0,1,5,0.022727272727272728,-4.859999999999999,1.852836879432624,1.6400709219858154,0.0,12.0,120000.0,0.0,0.0,4.0,1
188.0,12025,1.852836879432624,1.6400709219858154,0.0,12.0,120000.0,0.0,0.0,1.0,1,2,0.022727272727272728,-4.82025,1.852836879432624,1.6400709219858154,0.0,12.0,120000.0,0.0,0.0,1.0,1
188.0,12475,1.852836879432624,1.6400709219858154,0.0,12.0,120000.0,0.0,0.0,4.0,1,10,0.022727272727272728,-4.82,1.852836879432624,1.6400709219858154,0.0,12.0,120000.0,0.0,0.0,4.0,1
182.0,5276,1.7765567765567765,1.4880952380952381,12.5,12.0,120000.0,20000.0,6.0,5.0,0,0,0.022727272727272728,0.9495829166666669,1.852738230976815,1.6399836015823483,0.0,12.0,120000.0,20000.0,5.0,5.0,0
185.0,1408,1.7657657657657657,1.5371621621621623,0.0,8.0,80000.0,0.0,0.0,5.0,1,1,0.022727272727272728,-5.008333333333334,1.8761061946902655,1.6371681415929205,0.0,8.0,80000.0,0.0,0.0,5.0,1
158.0,2733,1.6561181434599157,1.5295358649789028,0.0,25.0,400000.0,20000.0,5.0,4.0,3,1,0.022727272727272728,-3.496533533333333,1.8712045330176952,1.6328907481522341,0.0,25.0,400000.0,20000.0,7.0,4.0,1
185.0,12461,1.7657657657657657,1.5371621621621623,0.0,12.0,120000.0,0.0,0.0,4.0,3,1,0.022727272727272728,-5.0450004166666655,1.8698841799031096,1.6317385532173359,0.0,12.0,120000.0,0.0,0.0,4.0,1
184.0,12023,1.7572463768115942,1.528532608695652,0.0,12.0,120000.0,0.0,0.0,1.0,2,1,0.022727272727272728,0.9316666666666666,1.869488536155203,1.6313932980599648,0.0,12.0,120000.0,0.0,0.0,1.0,0
185.0,45,1.7657657657657657,1.5371621621621623,0.0,8.0,80000.0,20000.0,3.0,2.0,0,0,0.022727272727272728,0.89,1.869488536155203,1.6313932980599648,0.0,8.0,80000.0,20000.0,4.0,2.0,0
189.0,1844,1.869488536155203,1.6313932980599648,0.0,8.0,80000.0,0.0,0.0,4.0,3,2,0.022727272727272728,-4.88,1.869488536155203,1.6313932980599648,0.0,8.0,80000.0,0.0,0.0,4.0,1
189.0,2304,1.869488536155203,1.6313932980599648,0.0,8.0,80000.0,0.0,0.0,5.0,2,2,0.022727272727272728,-4.82,1.869488536155203,1.6313932980599648,0.0,8.0,80000.0,0.0,0.0,5.0,1
189.0,3093,1.869488536155203,1.6313932980599648,0.0,25.0,400000.0,0.0,0.0,5.0,2,2,0.022727272727272728,-4.82,1.869488536155203,1.6313932980599648,0.0,25.0,400000.0,0.0,0.0,5.0,1
189.0,6617,1.869488536155203,1.6313932980599648,0.0,12.0,120000.0,20000.0,7.0,5.0,1,9,0.022727272727272728,-4.82,1.869488536155203,1.6313932980599648,0.0,12.0,120000.0,20000.0,8.0,5.0,1
189.0,7078,1.869488536155203,1.6313932980599648,12.5,12.0,120000.0,20000.0,8.0,4.0,2,9,0.022727272727272728,-4.82,1.869488536155203,1.6313932980599648,12.5,12.0,120000.0,20000.0,8.0,4.0,1
189.0,7525,1.869488536155203,1.6313932980599648,12.5,12.0,120000.0,20000.0,9.0,5.0,3,3,0.022727272727272728,-4.88,1.869488536155203,1.6313932980599648,12.5,12.0,120000.0,20000.0,9.0,5.0,1
189.0,7977,1.869488536155203,1.6313932980599648,12.5,12.0,120000.0,20000.0,19.0,3.0,3,2,0.022727272727272728,-4.88,1.869488536155203,1.6313932980599648,12.5,12.0,120000.0,20000.0,19.0,3.0,1
189.0,8877,1.869488536155203,1.6313932980599648,0.0,12.0,120000.0,0.0,0.0,3.0,3,2,0.022727272727272728,-4.88,1.869488536155203,1.6313932980599648,0.0,12.0,120000.0,0.0,0.0,3.0,1
189.0,9316,1.869488536155203,1.6313932980599648,0.0,12.0,120000.0,0.0,0.0,6.0,3,2,0.022727272727272728,-4.88,1.869488536155203,1.6313932980599648,0.0,12.0,120000.0,0.0,0.0,6.0,1
189.0,9329,1.869488536155203,1.6313932980599648,0.0,12.0,120000.0,0.0,0.0,6.0,3,2,0.022727272727272728,-4.88,1.869488536155203,1.6313932980599648,0.0,12.0,120000.0,0.0,0.0,6.0,1
189.0,10222,1.869488536155203,1.6313932980599648,0.0,12.0,120000.0,0.0,0.0,2.0,3,8,0.022727272727272728,-4.88,1.869488536155203,1.6313932980599648,0.0,12.0,120000.0,0.0,0.0,2.0,1
189.0,11112,1.869488536155203,1.6313932980599648,0.0,12.0,120000.0,0.0,0.0,4.0,3,8,0.022727272727272728,-4.88,1.869488536155203,1.6313932980599648,0.0,12.0,120000.0,0.0,0.0,4.0,1
189.0,12463,1.869488536155203,1.6313932980599648,0.0,12.0,120000.0,0.0,0.0,4.0,3,9,0.022727272727272728,-4.88,1.869488536155203,1.6313932980599648,0.0,12.0,120000.0,0.0,0.0,4.0,1
156.0,3082,1.5384615384615385,1.4623397435897436,0.0,25.0,400000.0,0.0,0.0,5.0,2,1,0.022727272727272728,-3.493533533333333,1.880392850268377,1.6255732584095781,0.0,25.0,400000.0,0.0,0.0,5.0,1
187.0,46,1.8627450980392157,1.593137254901961,12.5,8.0,80000.0,20000.0,4.0,2.0,3,2,0.022727272727272728,-5.048333958333333,1.8802276368756077,1.625430433747605,12.5,8.0,80000.0,20000.0,4.0,2.0,1
182.0,2744,1.7765567765567765,1.4880952380952381,0.0,25.0,400000.0,20000.0,7.0,4.0,1,1,0.022727272727272728,0.96,1.8771929824561404,1.6776315789473684,0.0,25.0,400000.0,20000.0,7.0,4.0,0
190.0,964,1.8771929824561404,1.6776315789473684,0.0,8.0,80000.0,20000.0,19.0,1.0,3,9,0.022727272727272728,-4.88,1.8771929824561404,1.6776315789473684,0.0,8.0,80000.0,20000.0,19.0,1.0,1
190.0,3101,1.8771929824561404,1.6776315789473684,0.0,25.0,400000.0,0.0,0.0,5.0,2,10,0.022727272727272728,-4.88,1.8771929824561404,1.6776315789473684,0.0,25.0,400000.0,0.0,0.0,5.0,1
190.0,3467,1.8771929824561404,1.6776315789473684,25.0,25.0,400000.0,20000.0,7.0,2.0,2,10,0.022727272727272728,-4.88,1.8771929824561404,1.6776315789473684,25.0,25.0,400000.0,20000.0,7.0,2.0,1
190.0,4181,1.8771929824561404,1.6776315789473684,0.0,25.0,400000.0,0.0,0.0,1.0,2,9,0.022727272727272728,-4.88,1.8771929824561404,1.6776315789473684,0.0,25.0,400000.0,0.0,0.0,1.0,1
190.0,5280,1.8771929824561404,1.6776315789473684,0.0,12.0,120000.0,20000.0,5.0,5.0,2,9,0.022727272727272728,-4.88,1.8771929824561404,1.6776315789473684,0.0,12.0,120000.0,20000.0,5.0,5.0,1
190.0,8865,1.8771929824561404,1.6776315789473684,0.0,12.0,120000.0,0.0,0.0,3.0,2,9,0.022727272727272728,-4.88,1.8771929824561404,1.6776315789473684,0.0,12.0,120000.0,0.0,0.0,3.0,1
190.0,9783,1.8771929824561404,1.6776315789473684,0.0,12.0,120000.0,0.0,0.0,3.0,2,9,0.022727272727272728,-4.88,1.8771929824561404,1.6776315789473684,0.0,12.0,120000.0,0.0,0.0,3.0,1
190.0,11122,1.8771929824561404,1.6776315789473684,0.0,12.0,120000.0,0.0,0.0,4.0,2,9,0.022727272727272728,-4.8,1.8771929824561404,1.6776315789473684,0.0,12.0,120000.0,0.0,0.0,4.0,1
190.0,12026,1.8771929824561404,1.6776315789473684,0.0,12.0,120000.0,0.0,0.0,1.0,3,5,0.022727272727272728,-4.88,1.8771929824561404,1.6776315789473684,0.0,12.0,120000.0,0.0,0.0,1.0,1
190.0,12476,1.8771929824561404,1.6776315789473684,0.0,12.0,120000.0,0.0,0.0,4.0,3,5,0.022727272727272728,-4.88,1.8771929824561404,1.6776315789473684,0.0,12.0,120000.0,0.0,0.0,4.0,1
185.0,7076,1.7657657657657657,1.5371621621621623,0.0,12.0,120000.0,20000.0,7.0,4.0,0,0,0.022727272727272728,0.85,1.8673647469458987,1.6852094240837696,0.0,12.0,120000.0,20000.0,7.0,4.0,0
185.0,7523,1.7657657657657657,1.5371621621621623,0.0,12.0,120000.0,20000.0,8.0,5.0,0,0,0.022727272727272728,0.85,1.8673647469458987,1.6852094240837696,0.0,12.0,120000.0,20000.0,8.0,5.0,0
185.0,7975,1.7657657657657657,1.5371621621621623,0.0,12.0,120000.0,20000.0,17.0,3.0,0,0,0.022727272727272728,0.85,1.8673647469458987,1.6852094240837696,0.0,12.0,120000.0,20000.0,18.0,3.0,0
191.0,1845,1.8673647469458987,1.6852094240837696,0.0,8.0,80000.0,0.0,0.0,4.0,3,1,0.022727272727272728,-4.9,1.8673647469458987,1.6852094240837696,0.0,8.0,80000.0,0.0,0.0,4.0,1
191.0,2305,1.8673647469458987,1.6852094240837696,0.0,8.0,80000.0,0.0,0.0,5.0,3,1,0.022727272727272728,-4.9,1.8673647469458987,1.6852094240837696,0.0,8.0,80000.0,0.0,0.0,5.0,1
191.0,2747,1.8673647469458987,1.6852094240837696,0.0,25.0,400000.0,20000.0,7.0,4.0,2,9,0.022727272727272728,-4.8,1.8673647469458987,1.6852094240837696,0.0,25.0,400000.0,20000.0,7.0,4.0,1
191.0,4902,1.8673647469458987,1.6852094240837696,0.0,25.0,400000.0,0.0,0.0,5.0,3,9,0.022727272727272728,-4.9,1.8673647469458987,1.6852094240837696,0.0,25.0,400000.0,0.0,0.0,5.0,1
191.0,6618,1.8673647469458987,1.6852094240837696,12.5,12.0,120000.0,20000.0,8.0,5.0,1,9,0.022727272727272728,-4.8,1.8673647469458987,1.6852094240837696,12.5,12.0,120000.0,20000.0,8.0,5.0,1
191.0,6623,1.8673647469458987,1.6852094240837696,12.5,12.0,120000.0,20000.0,8.0,5.0,3,9,0.022727272727272728,-4.9,1.8673647469458987,1.6852094240837696,12.5,12.0,120000.0,20000.0,8.0,5.0,1
191.0,7079,1.8673647469458987,1.6852094240837696,0.0,12.0,120000.0,20000.0,7.0,4.0,3,9,0.022727272727272728,-4.9,1.8673647469458987,1.6852094240837696,0.0,12.0,120000.0,20000.0,7.0,4.0,1
191.0,7526,1.8673647469458987,1.6852094240837696,0.0,12.0,120000.0,20000.0,8.0,5.0,3,3,0.022727272727272728,-4.9,1.8673647469458987,1.6852094240837696,0.0,12.0,120000.0,20000.0,8.0,5.0,1
191.0,7978,1.8673647469458987,1.6852094240837696,0.0,12.0,120000.0,20000.0,18.0,3.0,3,3,0.022727272727272728,-4.9,1.8673647469458987,1.6852094240837696,0.0,12.0,120000.0,20000.0,18.0,3.0,1
191.0,8878,1.8673647469458987,1.6852094240837696,0.0,12.0,120000.0,0.0,0.0,3.0,3,3,0.022727272727272728,-4.9,1.8673647469458987,1.6852094240837696,0.0,12.0,120000.0,0.0,0.0,3.0,1
191.0,9317,1.8673647469458987,1.6852094240837696,0.0,12.0,120000.0,0.0,0.0,6.0,3,3,0.022727272727272728,-4.9,1.8673647469458987,1.6852094240837696,0.0,12.0,120000.0,0.0,0.0,6.0,1
191.0,9330,1.8673647469458987,1.6852094240837696,0.0,12.0,120000.0,0.0,0.0,6.0,2,6,0.022727272727272728,-4.8,1.8673647469458987,1.6852094240837696,0.0,12.0,120000.0,0.0,0.0,6.0,1
191.0,10223,1.8673647469458987,1.6852094240837696,0.0,12.0,120000.0,0.0,0.0,2.0,2,6,0.022727272727272728,-4.8,1.8673647469458987,1.6852094240837696,0.0,12.0,120000.0,0.0,0.0,2.0,1
191.0,11113,1.8673647469458987,1.6852094240837696,0.0,12.0,120000.0,0.0,0.0,4.0,3,1,0.022727272727272728,-4.9,1.8673647469458987,1.6852094240837696,0.0,12.0,120000.0,0.0,0.0,4.0,1
191.0,12464,1.8673647469458987,1.6852094240837696,0.0,12.0,120000.0,0.0,0.0,4.0,3,1,0.022727272727272728,-4.9,1.8673647469458987,1.6852094240837696,0.0,12.0,120000.0,0.0,0.0,4.0,1
186.0,962,1.7831541218637992,1.6017025089605736,0.0,8.0,80000.0,20000.0,19.0,1.0,3,1,0.022727272727272728,-5.2558339583333336,1.8779994846978079,1.6791141226030748,0.0,8.0,80000.0,20000.0,19.0,1.0,1
192.0,965,1.875,1.6764322916666665,0.0,8.0,80000.0,20000.0,19.0,1.0,3,3,0.022727272727272728,-4.9399999999999995,1.875,1.6764322916666665,0.0,8.0,80000.0,20000.0,19.0,1.0,1
192.0,3094,1.875,1.6764322916666665,0.0,25.0,400000.0,0.0,0.0,5.0,3,3,0.022727272727272728,-4.9399999999999995,1.875,1.6764322916666665,0.0,25.0,400000.0,0.0,0.0,5.0,1
192.0,8866,1.875,1.6764322916666665,0.0,12.0,120000.0,0.0,0.0,3.0,2,3,0.022727272727272728,-4.84,1.875,1.6764322916666665,0.0,12.0,120000.0,0.0,0.0,3.0,1
192.0,9784,1.875,1.6764322916666665,0.0,12.0,120000.0,0.0,0.0,3.0,3,7,0.022727272727272728,-4.9399999999999995,1.875,1.6764322916666665,0.0,12.0,120000.0,0.0,0.0,3.0,1
192.0,10675,1.875,1.6764322916666665,0.0,12.0,120000.0,0.0,0.0,4.0,3,7,0.022727272727272728,-4.9399999999999995,1.875,1.6764322916666665,0.0,12.0,120000.0,0.0,0.0,4.0,1
192.0,11123,1.875,1.6764322916666665,0.0,12.0,120000.0,0.0,0.0,4.0,3,10,0.022727272727272728,-4.9399999999999995,1.875,1.6764322916666665,0.0,12.0,120000.0,0.0,0.0,4.0,1
192.0,11570,1.875,1.6764322916666665,0.0,12.0,120000.0,0.0,0.0,2.0,3,10,0.022727272727272728,-4.9399999999999995,1.875,1.6764322916666665,0.0,12.0,120000.0,0.0,0.0,2.0,1
192.0,12027,1.875,1.6764322916666665,0.0,12.0,120000.0,0.0,0.0,1.0,3,10,0.022727272727272728,-4.9399999999999995,1.875,1.6764322916666665,0.0,12.0,120000.0,0.0,0.0,1.0,1
192.0,12477,1.875,1.6764322916666665,0.0,12.0,120000.0,0.0,0.0,4.0,3,10,0.022727272727272728,-4.9399999999999995,1.875,1.6764322916666665,0.0,12.0,120000.0,0.0,0.0,4.0,1
172.0,3461,1.7635658914728685,1.550387596899225,12.5,25.0,400000.0,20000.0,6.0,2.0,0,0,0.022727272727272728,0.7995498000000001,1.874902251189925,1.676344894727103,12.5,25.0,400000.0,20000.0,6.0,2.0,0
185.0,2745,1.7657657657657657,1.5371621621621623,0.0,25.0,400000.0,20000.0,7.0,4.0,2,2,0.022727272727272728,-4.953533533333333,1.8857151764243116,1.6705446947107574,0.0,25.0,400000.0,20000.0,7.0,4.0,1
189.0,1410,1.869488536155203,1.6313932980599648,0.0,8.0,80000.0,0.0,0.0,5.0,3,2,0.022727272727272728,-5.170833958333333,1.8855520748571786,1.6704002039302415,0.0,8.0,80000.0,0.0,0.0,5.0,1
193.0,49,1.8825561312607944,1.6677461139896375,25.0,8.0,80000.0,20000.0,5.0,2.0,3,10,0.022727272727272728,-4.9399999999999995,1.8825561312607944,1.6677461139896375,25.0,8.0,80000.0,20000.0,5.0,2.0,1
193.0,1412,1.8825561312607944,1.6677461139896375,0.0,8.0,80000.0,0.0,0.0,5.0,3,10,0.022727272727272728,-4.9399999999999995,1.8825561312607944,1.6677461139896375,0.0,8.0,80000.0,0.0,0.0,5.0,1
193.0,2306,1.8825561312607944,1.6677461139896375,0.0,8.0,80000.0,0.0,0.0,5.0,2,5,0.022727272727272728,-4.84,1.8825561312607944,1.6677461139896375,0.0,8.0,80000.0,0.0,0.0,5.0,1
193.0,3102,1.8825561312607944,1.6677461139896375,0.0,25.0,400000.0,0.0,0.0,5.0,2,5,0.022727272727272728,-4.84,1.8825561312607944,1.6677461139896375,0.0,25.0,400000.0,0.0,0.0,5.0,1
193.0,4182,1.8825561312607944,1.6677461139896375,0.0,25.0,400000.0,0.0,0.0,1.0,1,4,0.022727272727272728,-4.840249999999999,1.8825561312607944,1.6677461139896375,0.0,25.0,400000.0,0.0,0.0,1.0,1
193.0,7080,1.8825561312607944,1.6677461139896375,0.0,12.0,120000.0,20000.0,7.0,4.0,1,9,0.022727272727272728,-4.840249999999999,1.8825561312607944,1.6677461139896375,0.0,12.0,120000.0,20000.0,8.0,4.0,1
193.0,7527,1.8825561312607944,1.6677461139896375,0.0,12.0,120000.0,20000.0,8.0,5.0,1,9,0.022727272727272728,-4.84,1.8825561312607944,1.6677461139896375,0.0,12.0,120000.0,20000.0,8.0,5.0,1
193.0,7979,1.8825561312607944,1.6677461139896375,0.0,12.0,120000.0,20000.0,18.0,3.0,3,10,0.022727272727272728,-4.88,1.8825561312607944,1.6677461139896375,0.0,12.0,120000.0,20000.0,18.0,3.0,1
193.0,8879,1.8825561312607944,1.6677461139896375,0.0,12.0,120000.0,0.0,0.0,3.0,3,10,0.022727272727272728,-4.88,1.8825561312607944,1.6677461139896375,0.0,12.0,120000.0,0.0,0.0,3.0,1
193.0,9318,1.8825561312607944,1.6677461139896375,0.0,12.0,120000.0,0.0,0.0,6.0,3,10,0.022727272727272728,-4.88,1.8825561312607944,1.6677461139896375,0.0,12.0,120000.0,0.0,0.0,6.0,1
193.0,9331,1.8825561312607944,1.6677461139896375,0.0,12.0,120000.0,0.0,0.0,6.0,3,10,0.022727272727272728,-4.88,1.8825561312607944,1.6677461139896375,0.0,12.0,120000.0,0.0,0.0,6.0,1
193.0,10224,1.8825561312607944,1.6677461139896375,0.0,12.0,120000.0,0.0,0.0,2.0,3,10,0.022727272727272728,-4.88,1.8825561312607944,1.6677461139896375,0.0,12.0,120000.0,0.0,0.0,2.0,1
193.0,11114,1.8825561312607944,1.6677461139896375,0.0,12.0,120000.0,0.0,0.0,4.0,3,10,0.022727272727272728,-4.88,1.8825561312607944,1.6677461139896375,0.0,12.0,120000.0,0.0,0.0,4.0,1
193.0,12465,1.8825561312607944,1.6677461139896375,0.0,12.0,120000.0,0.0,0.0,4.0,3,10,0.022727272727272728,-4.88,1.8825561312607944,1.6677461139896375,0.0,12.0,120000.0,0.0,0.0,4.0,1
190.0,10674,1.8771929824561404,1.6776315789473684,0.0,12.0,120000.0,0.0,0.0,4.0,2,4,0.022727272727272728,-4.965,1.8825561312607944,1.6677461139896375,0.0,12.0,120000.0,0.0,0.0,4.0,1
173.0,3817,1.7533718689788054,1.5414258188824663,25.0,25.0,400000.0,20000.0,12.0,0.0,0,0,0.022727272727272728,0.7597998000000001,1.882458497014395,1.6676596203481882,0.0,25.0,400000.0,20000.0,11.0,0.0,0
189.0,47,1.869488536155203,1.6313932980599648,0.0,8.0,80000.0,20000.0,3.0,2.0,1,10,0.022727272727272728,0.9091243750000004,1.882458497014395,1.6676596203481882,12.5,8.0,80000.0,20000.0,4.0,2.0,0
188.0,11121,1.852836879432624,1.6400709219858154,0.0,12.0,120000.0,0.0,0.0,4.0,1,2,0.022727272727272728,0.85,1.872852233676976,1.6591494845360824,0.0,12.0,120000.0,0.0,0.0,4.0,0
194.0,2748,1.872852233676976,1.6591494845360824,0.0,25.0,400000.0,20000.0,7.0,4.0,3,7,0.022727272727272728,-4.8,1.872852233676976,1.6591494845360824,0.0,25.0,400000.0,20000.0,7.0,4.0,1
194.0,4903,1.872852233676976,1.6591494845360824,0.0,25.0,400000.0,0.0,0.0,5.0,3,7,0.022727272727272728,-4.8,1.872852233676976,1.6591494845360824,0.0,25.0,400000.0,0.0,0.0,5.0,1
194.0,5282,1.872852233676976,1.6591494845360824,12.5,12.0,120000.0,20000.0,6.0,5.0,1,7,0.022727272727272728,-4.8,1.872852233676976,1.6591494845360824,12.5,12.0,120000.0,20000.0,6.0,5.0,1
194.0,8867,1.872852233676976,1.6591494845360824,0.0,12.0,120000.0,0.0,0.0,3.0,1,7,0.022727272727272728,-4.8,1.872852233676976,1.6591494845360824,0.0,12.0,120000.0,0.0,0.0,3.0,1
194.0,9785,1.872852233676976,1.6591494845360824,0.0,12.0,120000.0,0.0,0.0,3.0,1,6,0.022727272727272728,-4.8,1.872852233676976,1.6591494845360824,0.0,12.0,120000.0,0.0,0.0,3.0,1
194.0,10676,1.872852233676976,1.6591494845360824,0.0,12.0,120000.0,0.0,0.0,4.0,1,6,0.022727272727272728,-4.8,1.872852233676976,1.6591494845360824,0.0,12.0,120000.0,0.0,0.0,4.0,1
194.0,11124,1.872852233676976,1.6591494845360824,0.0,12.0,120000.0,0.0,0.0,4.0,2,3,0.022727272727272728,-4.8,1.872852233676976,1.6591494845360824,0.0,12.0,120000.0,0.0,0.0,4.0,1
194.0,11571,1.872852233676976,1.6591494845360824,0.0,12.0,120000.0,0.0,0.0,2.0,2,3,0.022727272727272728,-4.8,1.872852233676976,1.6591494845360824,0.0,12.0,120000.0,0.0,0.0,2.0,1
194.0,12028,1.872852233676976,1.6591494845360824,0.0,12.0,120000.0,0.0,0.0,1.0,1,6,0.022727272727272728,-4.8,1.872852233676976,1.6591494845360824,0.0,12.0,120000.0,0.0,0.0,1.0,1
194.0,12478,1.872852233676976,1.6591494845360824,0.0,12.0,120000.0,0.0,0.0,4.0,1,6,0.022727272727272728,-4.8,1.872852233676976,1.6591494845360824,0.0,12.0,120000.0,0.0,0.0,4.0,1
191.0,1411,1.8673647469458987,1.6852094240837696,0.0,8.0,80000.0,0.0,0.0,5.0,1,5,0.022727272727272728,-5.008333333333334,1.955403087478559,1.656303602058319,0.0,8.0,80000.0,0.0,0.0,5.0,1
156.0,4533,1.5384615384615385,1.4623397435897436,12.5,25.0,400000.0,20000.0,7.0,3.0,2,1,0.022727272727272728,-3.573533533333333,1.9519544226176182,1.6533824467895941,12.5,25.0,400000.0,20000.0,9.0,3.0,1
189.0,5720,1.869488536155203,1.6313932980599648,0.0,12.0,120000.0,20000.0,4.0,2.0,1,9,0.022727272727272728,0.8295000000000001,1.948717948717949,1.6506410256410255,25.0,12.0,120000.0,20000.0,7.0,2.0,0
189.0,6622,1.869488536155203,1.6313932980599648,0.0,12.0,120000.0,20000.0,7.0,5.0,0,0,0.022727272727272728,0.8295000000000001,1.948717948717949,1.6506410256410255,25.0,12.0,120000.0,20000.0,9.0,5.0,0
195.0,1847,1.948717948717949,1.6506410256410255,0.0,8.0,80000.0,0.0,0.0,4.0,2,4,0.022727272727272728,-4.84,1.948717948717949,1.6506410256410255,0.0,8.0,80000.0,0.0,0.0,4.0,1
195.0,2307,1.948717948717949,1.6506410256410255,0.0,8.0,80000.0,0.0,0.0,5.0,2,4,0.022727272727272728,-4.84,1.948717948717949,1.6506410256410255,0.0,8.0,80000.0,0.0,0.0,5.0,1
195.0,3095,1.948717948717949,1.6506410256410255,0.0,25.0,400000.0,0.0,0.0,5.0,2,4,0.022727272727272728,-4.84,1.948717948717949,1.6506410256410255,0.0,25.0,400000.0,0.0,0.0,5.0,1
195.0,6625,1.948717948717949,1.6506410256410255,25.0,12.0,120000.0,20000.0,9.0,5.0,3,6,0.022727272727272728,-4.92,1.948717948717949,1.6506410256410255,25.0,12.0,120000.0,20000.0,9.0,5.0,1
195.0,7528,1.948717948717949,1.6506410256410255,0.0,12.0,120000.0,20000.0,8.0,5.0,2,1,0.022727272727272728,-4.8,1.948717948717949,1.6506410256410255,0.0,12.0,120000.0,20000.0,8.0,5.0,1
195.0,7980,1.948717948717949,1.6506410256410255,0.0,12.0,120000.0,20000.0,19.0,3.0,2,3,0.022727272727272728,-4.8,1.948717948717949,1.6506410256410255,0.0,12.0,120000.0,20000.0,19.0,3.0,1
195.0,8880,1.948717948717949,1.6506410256410255,0.0,12.0,120000.0,0.0,0.0,3.0,2,3,0.022727272727272728,-4.8,1.948717948717949,1.6506410256410255,0.0,12.0,120000.0,0.0,0.0,3.0,1
195.0,9319,1.948717948717949,1.6506410256410255,0.0,12.0,120000.0,0.0,0.0,6.0,2,2,0.022727272727272728,-4.8,1.948717948717949,1.6506410256410255,0.0,12.0,120000.0,0.0,0.0,6.0,1
195.0,9332,1.948717948717949,1.6506410256410255,0.0,12.0,120000.0,0.0,0.0,6.0,2,2,0.022727272727272728,-4.8,1.948717948717949,1.6506410256410255,0.0,12.0,120000.0,0.0,0.0,6.0,1
195.0,10225,1.948717948717949,1.6506410256410255,0.0,12.0,120000.0,0.0,0.0,2.0,3,2,0.022727272727272728,-4.92,1.948717948717949,1.6506410256410255,0.0,12.0,120000.0,0.0,0.0,2.0,1
195.0,11115,1.948717948717949,1.6506410256410255,0.0,12.0,120000.0,0.0,0.0,4.0,3,2,0.022727272727272728,-4.92,1.948717948717949,1.6506410256410255,0.0,12.0,120000.0,0.0,0.0,4.0,1
195.0,12466,1.948717948717949,1.6506410256410255,0.0,12.0,120000.0,0.0,0.0,4.0,1,2,0.022727272727272728,-4.8,1.948717948717949,1.6506410256410255,0.0,12.0,120000.0,0.0,0.0,4.0,1
191.0,48,1.8673647469458987,1.6852094240837696,12.5,8.0,80000.0,20000.0,4.0,2.0,0,0,0.022727272727272728,0.9493743750000003,1.9486179196647393,1.6505562970844423,0.0,8.0,80000.0,20000.0,3.0,2.0,0
194.0,966,1.872852233676976,1.6591494845360824,0.0,8.0,80000.0,20000.0,19.0,1.0,3,5,0.022727272727272728,-5.025833958333333,2.0440143399188693,1.644792789153465,0.0,8.0,80000.0,20000.0,20.0,1.0,1
196.0,3103,2.0408163265306123,1.6422193877551021,0.0,25.0,400000.0,0.0,0.0,5.0,2,8,0.022727272727272728,-4.9,2.0408163265306123,1.6422193877551021,0.0,25.0,400000.0,0.0,0.0,5.0,1
196.0,3469,2.0408163265306123,1.6422193877551021,25.0,25.0,400000.0,20000.0,7.0,2.0,2,8,0.022727272727272728,-4.9,2.0408163265306123,1.6422193877551021,25.0,25.0,400000.0,20000.0,7.0,2.0,1
196.0,4183,2.0408163265306123,1.6422193877551021,0.0,25.0,400000.0,0.0,0.0,1.0,3,7,0.022727272727272728,-4.98,2.0408163265306123,1.6422193877551021,0.0,25.0,400000.0,0.0,0.0,1.0,1
196.0,4541,2.0408163265306123,1.6422193877551021,12.5,25.0,400000.0,20000.0,9.0,3.0,3,7,0.022727272727272728,-4.98,2.0408163265306123,1.6422193877551021,12.5,25.0,400000.0,20000.0,9.0,3.0,1
196.0,5283,2.0408163265306123,1.6422193877551021,12.5,12.0,120000.0,20000.0,6.0,5.0,1,6,0.022727272727272728,-4.9,2.0408163265306123,1.6422193877551021,12.5,12.0,120000.0,20000.0,6.0,5.0,1
196.0,8868,2.0408163265306123,1.6422193877551021,0.0,12.0,120000.0,0.0,0.0,3.0,1,6,0.022727272727272728,-4.9,2.0408163265306123,1.6422193877551021,0.0,12.0,120000.0,0.0,0.0,3.0,1
196.0,11572,2.0408163265306123,1.6422193877551021,0.0,12.0,120000.0,0.0,0.0,2.0,1,1,0.022727272727272728,-4.8,2.0408163265306123,1.6422193877551021,0.0,12.0,120000.0,0.0,0.0,2.0,1
196.0,12029,2.0408163265306123,1.6422193877551021,0.0,12.0,120000.0,0.0,0.0,1.0,3,6,0.022727272727272728,-4.98,2.0408163265306123,1.6422193877551021,0.0,12.0,120000.0,0.0,0.0,1.0,1
196.0,12479,2.0408163265306123,1.6422193877551021,0.0,12.0,120000.0,0.0,0.0,4.0,3,6,0.022727272727272728,-4.98,2.0408163265306123,1.6422193877551021,0.0,12.0,120000.0,0.0,0.0,4.0,1
162.0,3084,1.7181069958847737,1.530349794238683,0.0,25.0,400000.0,0.0,0.0,5.0,2,1,0.022727272727272728,-3.493533533333333,2.05074307828027,1.6365692437722197,0.0,25.0,400000.0,0.0,0.0,5.0,1
193.0,1846,1.8825561312607944,1.6677461139896375,0.0,8.0,80000.0,0.0,0.0,4.0,3,3,0.022727272727272728,-5.210833958333334,2.0505693100646023,1.6364305702736628,0.0,8.0,80000.0,0.0,0.0,4.0,1
167.0,4892,1.716566866267465,1.4970059880239521,0.0,25.0,400000.0,0.0,0.0,5.0,3,1,0.022727272727272728,-3.576533533333333,2.0491802237579484,1.635322027740718,0.0,25.0,400000.0,0.0,0.0,5.0,1
197.0,1848,2.047377326565144,1.649746192893401,0.0,8.0,80000.0,0.0,0.0,4.0,1,2,0.022727272727272728,-4.82,2.047377326565144,1.649746192893401,0.0,8.0,80000.0,0.0,0.0,4.0,1
197.0,2308,2.047377326565144,1.649746192893401,0.0,8.0,80000.0,0.0,0.0,5.0,2,4,0.022727272727272728,-4.82,2.047377326565144,1.649746192893401,0.0,8.0,80000.0,0.0,0.0,5.0,1
197.0,4904,2.047377326565144,1.649746192893401,0.0,25.0,400000.0,0.0,0.0,5.0,2,10,0.022727272727272728,-4.82,2.047377326565144,1.649746192893401,0.0,25.0,400000.0,0.0,0.0,5.0,1
197.0,6626,2.047377326565144,1.649746192893401,25.0,12.0,120000.0,20000.0,9.0,5.0,2,4,0.022727272727272728,-4.82,2.047377326565144,1.649746192893401,25.0,12.0,120000.0,20000.0,9.0,5.0,1
197.0,7082,2.047377326565144,1.649746192893401,0.0,12.0,120000.0,20000.0,8.0,4.0,2,4,0.022727272727272728,-4.82,2.047377326565144,1.649746192893401,0.0,12.0,120000.0,20000.0,8.0,4.0,1
197.0,7981,2.047377326565144,1.649746192893401,0.0,12.0,120000.0,20000.0,19.0,3.0,3,1,0.022727272727272728,-4.96,2.047377326565144,1.649746192893401,0.0,12.0,120000.0,20000.0,19.0,3.0,1
197.0,8881,2.047377326565144,1.649746192893401,0.0,12.0,120000.0,0.0,0.0,3.0,3,1,0.022727272727272728,-4.96,2.047377326565144,1.649746192893401,0.0,12.0,120000.0,0.0,0.0,3.0,1
197.0,9333,2.047377326565144,1.649746192893401,0.0,12.0,120000.0,0.0,0.0,6.0,3,1,0.022727272727272728,-4.96,2.047377326565144,1.649746192893401,0.0,12.0,120000.0,0.0,0.0,6.0,1
197.0,10226,2.047377326565144,1.649746192893401,0.0,12.0,120000.0,0.0,0.0,2.0,2,1,0.022727272727272728,-4.8,2.047377326565144,1.649746192893401,0.0,12.0,120000.0,0.0,0.0,2.0,1
197.0,11116,2.047377326565144,1.649746192893401,0.0,12.0,120000.0,0.0,0.0,4.0,2,1,0.022727272727272728,-4.8,2.047377326565144,1.649746192893401,0.0,12.0,120000.0,0.0,0.0,4.0,1
197.0,12467,2.047377326565144,1.649746192893401,0.0,12.0,120000.0,0.0,0.0,4.0,2,1,0.022727272727272728,-4.8,2.047377326565144,1.649746192893401,0.0,12.0,120000.0,0.0,0.0,4.0,1
191.0,5721,1.8673647469458987,1.6852094240837696,12.5,12.0,120000.0,20000.0,5.0,2.0,0,0,0.022727272727272728,0.9488329166666669,2.0472733001400965,1.649662369947598,37.5,12.0,120000.0,20000.0,7.0,2.0,0
167.0,4177,1.716566866267465,1.4970059880239521,0.0,25.0,400000.0,0.0,0.0,1.0,3,1,0.022727272727272728,-3.576533533333333,2.0388217611972554,1.6428522455928298,0.0,25.0,400000.0,0.0,0.0,1.0,1
192.0,5281,1.875,1.6764322916666665,0.0,12.0,120000.0,20000.0,5.0,5.0,0,0,0.022727272727272728,0.8300000000000001,2.037037037037037,1.6519360269360268,0.0,12.0,120000.0,20000.0,6.0,5.0,0
198.0,3821,2.037037037037037,1.6519360269360268,12.5,25.0,400000.0,20000.0,12.0,0.0,3,4,0.022727272727272728,-4.96,2.037037037037037,1.6519360269360268,12.5,25.0,400000.0,20000.0,12.0,0.0,1
198.0,8869,2.037037037037037,1.6519360269360268,0.0,12.0,120000.0,0.0,0.0,3.0,2,5,0.022727272727272728,-4.82,2.037037037037037,1.6519360269360268,0.0,12.0,120000.0,0.0,0.0,3.0,1
198.0,9787,2.037037037037037,1.6519360269360268,0.0,12.0,120000.0,0.0,0.0,3.0,3,10,0.022727272727272728,-4.96,2.037037037037037,1.6519360269360268,0.0,12.0,120000.0,0.0,0.0,3.0,1
198.0,10678,2.037037037037037,1.6519360269360268,0.0,12.0,120000.0,0.0,0.0,4.0,3,10,0.022727272727272728,-4.96,2.037037037037037,1.6519360269360268,0.0,12.0,120000.0,0.0,0.0,4.0,1
198.0,11573,2.037037037037037,1.6519360269360268,0.0,12.0,120000.0,0.0,0.0,2.0,2,1,0.022727272727272728,-4.8,2.037037037037037,1.6519360269360268,0.0,12.0,120000.0,0.0,0.0,2.0,1
198.0,12030,2.037037037037037,1.6519360269360268,0.0,12.0,120000.0,0.0,0.0,1.0,3,9,0.022727272727272728,-4.96,2.037037037037037,1.6519360269360268,0.0,12.0,120000.0,0.0,0.0,1.0,1
198.0,12480,2.037037037037037,1.6519360269360268,0.0,12.0,120000.0,0.0,0.0,4.0,3,9,0.022727272727272728,-4.96,2.037037037037037,1.6519360269360268,0.0,12.0,120000.0,0.0,0.0,4.0,1
195.0,7081,1.948717948717949,1.6506410256410255,0.0,12.0,120000.0,20000.0,8.0,4.0,1,2,0.022727272727272728,-4.925,2.037037037037037,1.6519360269360268,0.0,12.0,120000.0,20000.0,8.0,4.0,1
178.0,3463,1.7322097378277155,1.5098314606741574,12.5,25.0,400000.0,20000.0,6.0,2.0,0,0,0.022727272727272728,0.7995498000000001,2.036934058704069,1.6518525166143538,12.5,25.0,400000.0,20000.0,6.0,2.0,0
199.0,1415,2.0268006700167507,1.6593383584589618,0.0,8.0,80000.0,0.0,0.0,5.0,2,9,0.022727272727272728,-4.92,2.0268006700167507,1.6593383584589618,0.0,8.0,80000.0,0.0,0.0,5.0,1
199.0,1849,2.0268006700167507,1.6593383584589618,0.0,8.0,80000.0,0.0,0.0,4.0,2,9,0.022727272727272728,-4.92,2.0268006700167507,1.6593383584589618,0.0,8.0,80000.0,0.0,0.0,4.0,1
199.0,2309,2.0268006700167507,1.6593383584589618,0.0,8.0,80000.0,0.0,0.0,5.0,2,9,0.022727272727272728,-4.92,2.0268006700167507,1.6593383584589618,0.0,8.0,80000.0,0.0,0.0,5.0,1
199.0,3104,2.0268006700167507,1.6593383584589618,0.0,25.0,400000.0,0.0,0.0,5.0,2,9,0.022727272727272728,-4.92,2.0268006700167507,1.6593383584589618,0.0,25.0,400000.0,0.0,0.0,5.0,1
199.0,4184,2.0268006700167507,1.6593383584589618,0.0,25.0,400000.0,0.0,0.0,1.0,1,8,0.022727272727272728,-4.920249999999999,2.0268006700167507,1.6593383584589618,0.0,25.0,400000.0,0.0,0.0,1.0,1
199.0,4542,2.0268006700167507,1.6593383584589618,12.5,25.0,400000.0,20000.0,9.0,3.0,3,10,0.022727272727272728,-4.96,2.0268006700167507,1.6593383584589618,12.5,25.0,400000.0,20000.0,9.0,3.0,1
199.0,5725,2.0268006700167507,1.6593383584589618,37.5,12.0,120000.0,20000.0,7.0,2.0,3,10,0.022727272727272728,-4.96,2.0268006700167507,1.6593383584589618,37.5,12.0,120000.0,20000.0,7.0,2.0,1
199.0,6627,2.0268006700167507,1.6593383584589618,25.0,12.0,120000.0,20000.0,9.0,5.0,2,7,0.022727272727272728,-4.92,2.0268006700167507,1.6593383584589618,25.0,12.0,120000.0,20000.0,9.0,5.0,1
199.0,7083,2.0268006700167507,1.6593383584589618,0.0,12.0,120000.0,20000.0,8.0,4.0,2,7,0.022727272727272728,-4.92,2.0268006700167507,1.6593383584589618,0.0,12.0,120000.0,20000.0,8.0,4.0,1
199.0,7982,2.0268006700167507,1.6593383584589618,0.0,12.0,120000.0,20000.0,19.0,3.0,3,5,0.022727272727272728,-4.859999999999999,2.0268006700167507,1.6593383584589618,0.0,12.0,120000.0,20000.0,19.0,3.0,1
199.0,9334,2.0268006700167507,1.6593383584589618,0.0,12.0,120000.0,0.0,0.0,6.0,3,1,0.022727272727272728,-4.859999999999999,2.0268006700167507,1.6593383584589618,0.0,12.0,120000.0,0.0,0.0,6.0,1
199.0,10227,2.0268006700167507,1.6593383584589618,0.0,12.0,120000.0,0.0,0.0,2.0,2,1,0.022727272727272728,-4.8,2.0268006700167507,1.6593383584589618,0.0,12.0,120000.0,0.0,0.0,2.0,1
199.0,11117,2.0268006700167507,1.6593383584589618,0.0,12.0,120000.0,0.0,0.0,4.0,1,7,0.022727272727272728,-4.8,2.0268006700167507,1.6593383584589618,0.0,12.0,120000.0,0.0,0.0,4.0,1
199.0,12468,2.0268006700167507,1.6593383584589618,0.0,12.0,120000.0,0.0,0.0,4.0,1,7,0.022727272727272728,-4.8,2.0268006700167507,1.6593383584589618,0.0,12.0,120000.0,0.0,0.0,4.0,1
196.0,9786,2.0408163265306123,1.6422193877551021,0.0,12.0,120000.0,0.0,0.0,3.0,2,2,0.022727272727272728,-4.925,2.0268006700167507,1.6593383584589618,0.0,12.0,120000.0,0.0,0.0,3.0,1
196.0,11125,2.0408163265306123,1.6422193877551021,0.0,12.0,120000.0,0.0,0.0,4.0,1,1,0.022727272727272728,-4.925,2.0268006700167507,1.6593383584589618,0.0,12.0,120000.0,0.0,0.0,4.0,1
193.0,5722,1.8825561312607944,1.6677461139896375,25.0,12.0,120000.0,20000.0,6.0,2.0,0,0,0.022727272727272728,0.949082916666667,2.0266987240156076,1.659254895436332,25.0,12.0,120000.0,20000.0,6.0,2.0,0
193.0,6619,1.8825561312607944,1.6677461139896375,12.5,12.0,120000.0,20000.0,8.0,5.0,0,0,0.022727272727272728,0.9495829166666669,2.0266987240156076,1.659254895436332,0.0,12.0,120000.0,20000.0,7.0,5.0,0
193.0,6624,1.8825561312607944,1.6677461139896375,12.5,12.0,120000.0,20000.0,9.0,5.0,0,0,0.022727272727272728,0.9495829166666669,2.0266987240156076,1.659254895436332,0.0,12.0,120000.0,20000.0,7.0,5.0,0
195.0,1413,1.948717948717949,1.6506410256410255,0.0,8.0,80000.0,0.0,0.0,5.0,2,4,0.022727272727272728,-5.070833333333334,2.023411371237458,1.6565635451505014,0.0,8.0,80000.0,0.0,0.0,5.0,1
196.0,967,2.0408163265306123,1.6422193877551021,0.0,8.0,80000.0,20000.0,20.0,1.0,1,2,0.022727272727272728,0.89,2.0166666666666666,1.6822916666666665,0.0,8.0,80000.0,20000.0,20.0,1.0,0
200.0,969,2.0166666666666666,1.6822916666666665,0.0,8.0,80000.0,20000.0,20.0,1.0,2,7,0.022727272727272728,-4.859999999999999,2.0166666666666666,1.6822916666666665,0.0,8.0,80000.0,20000.0,20.0,1.0,1
200.0,2750,2.0166666666666666,1.6822916666666665,12.5,25.0,400000.0,20000.0,8.0,4.0,2,7,0.022727272727272728,-4.859999999999999,2.0166666666666666,1.6822916666666665,12.5,25.0,400000.0,20000.0,8.0,4.0,1
200.0,10679,2.0166666666666666,1.6822916666666665,0.0,12.0,120000.0,0.0,0.0,4.0,3,1,0.022727272727272728,-4.82,2.0166666666666666,1.6822916666666665,0.0,12.0,120000.0,0.0,0.0,4.0,1
200.0,11127,2.0166666666666666,1.6822916666666665,0.0,12.0,120000.0,0.0,0.0,4.0,2,3,0.022727272727272728,-4.8,2.0166666666666666,1.6822916666666665,0.0,12.0,120000.0,0.0,0.0,4.0,1
200.0,11574,2.0166666666666666,1.6822916666666665,0.0,12.0,120000.0,0.0,0.0,2.0,2,3,0.022727272727272728,-4.8,2.0166666666666666,1.6822916666666665,0.0,12.0,120000.0,0.0,0.0,2.0,1
200.0,12031,2.0166666666666666,1.6822916666666665,0.0,12.0,120000.0,0.0,0.0,1.0,2,7,0.022727272727272728,-4.8,2.0166666666666666,1.6822916666666665,0.0,12.0,120000.0,0.0,0.0,1.0,1
200.0,12481,2.0166666666666666,1.6822916666666665,0.0,12.0,120000.0,0.0,0.0,4.0,2,7,0.022727272727272728,-4.8,2.0166666666666666,1.6822916666666665,0.0,12.0,120000.0,0.0,0.0,4.0,1
197.0,7529,2.047377326565144,1.649746192893401,0.0,12.0,120000.0,20000.0,8.0,5.0,3,1,0.022727272727272728,-4.984583333333334,2.032014597329352,1.6743385585137263,0.0,12.0,120000.0,20000.0,8.0,5.0,1
201.0,1416,2.03150912106136,1.6842868988391375,0.0,8.0,80000.0,0.0,0.0,5.0,3,7,0.022727272727272728,-4.84,2.03150912106136,1.6842868988391375,0.0,8.0,80000.0,0.0,0.0,5.0,1
201.0,2310,2.03150912106136,1.6842868988391375,0.0,8.0,80000.0,0.0,0.0,5.0,3,7,0.022727272727272728,-4.84,2.03150912106136,1.6842868988391375,0.0,8.0,80000.0,0.0,0.0,5.0,1
201.0,3097,2.03150912106136,1.6842868988391375,0.0,25.0,400000.0,0.0,0.0,5.0,1,10,0.022727272727272728,-4.84,2.03150912106136,1.6842868988391375,0.0,25.0,400000.0,0.0,0.0,5.0,1
201.0,7084,2.03150912106136,1.6842868988391375,0.0,12.0,120000.0,20000.0,8.0,4.0,1,10,0.022727272727272728,-4.8,2.03150912106136,1.6842868988391375,0.0,12.0,120000.0,20000.0,8.0,4.0,1
201.0,7531,2.03150912106136,1.6842868988391375,0.0,12.0,120000.0,20000.0,8.0,5.0,1,10,0.022727272727272728,-4.8,2.03150912106136,1.6842868988391375,0.0,12.0,120000.0,20000.0,8.0,5.0,1
201.0,7983,2.03150912106136,1.6842868988391375,0.0,12.0,120000.0,20000.0,19.0,3.0,1,8,0.022727272727272728,-4.8,2.03150912106136,1.6842868988391375,0.0,12.0,120000.0,20000.0,19.0,3.0,1
201.0,8883,2.03150912106136,1.6842868988391375,0.0,12.0,120000.0,0.0,0.0,3.0,1,8,0.022727272727272728,-4.8,2.03150912106136,1.6842868988391375,0.0,12.0,120000.0,0.0,0.0,3.0,1
201.0,9335,2.03150912106136,1.6842868988391375,0.0,12.0,120000.0,0.0,0.0,6.0,3,10,0.022727272727272728,-4.84,2.03150912106136,1.6842868988391375,0.0,12.0,120000.0,0.0,0.0,6.0,1
201.0,10228,2.03150912106136,1.6842868988391375,0.0,12.0,120000.0,0.0,0.0,2.0,3,10,0.022727272727272728,-4.84,2.03150912106136,1.6842868988391375,0.0,12.0,120000.0,0.0,0.0,2.0,1
201.0,11118,2.03150912106136,1.6842868988391375,0.0,12.0,120000.0,0.0,0.0,4.0,3,10,0.022727272727272728,-4.84,2.03150912106136,1.6842868988391375,0.0,12.0,120000.0,0.0,0.0,4.0,1
201.0,12469,2.03150912106136,1.6842868988391375,0.0,12.0,120000.0,0.0,0.0,4.0,3,10,0.022727272727272728,-4.84,2.03150912106136,1.6842868988391375,0.0,12.0,120000.0,0.0,0.0,4.0,1
195.0,5723,1.948717948717949,1.6506410256410255,25.0,12.0,120000.0,20000.0,6.0,2.0,0,0,0.022727272727272728,0.9493329166666671,2.0314079549239032,1.6842030238527261,12.5,12.0,120000.0,20000.0,5.0,2.0,0
196.0,10677,2.0408163265306123,1.6422193877551021,0.0,12.0,120000.0,0.0,0.0,4.0,2,2,0.022727272727272728,-5.0087504166666665,2.0314079549239032,1.6842030238527261,0.0,12.0,120000.0,0.0,0.0,4.0,1
200.0,5285,2.0166666666666666,1.6822916666666665,12.5,12.0,120000.0,20000.0,6.0,5.0,3,1,0.022727272727272728,-4.921250000000001,2.0467112321531733,1.676363786415779,12.5,12.0,120000.0,20000.0,6.0,5.0,1
202.0,4185,2.046204620462046,1.6759488448844884,0.0,25.0,400000.0,0.0,0.0,1.0,2,10,0.022727272727272728,-4.9,2.046204620462046,1.6759488448844884,0.0,25.0,400000.0,0.0,0.0,1.0,1
202.0,4543,2.046204620462046,1.6759488448844884,12.5,25.0,400000.0,20000.0,9.0,3.0,2,10,0.022727272727272728,-4.9,2.046204620462046,1.6759488448844884,12.5,25.0,400000.0,20000.0,9.0,3.0,1
202.0,9789,2.046204620462046,1.6759488448844884,0.0,12.0,120000.0,0.0,0.0,3.0,3,7,0.022727272727272728,-4.96,2.046204620462046,1.6759488448844884,0.0,12.0,120000.0,0.0,0.0,3.0,1
202.0,10680,2.046204620462046,1.6759488448844884,0.0,12.0,120000.0,0.0,0.0,4.0,3,7,0.022727272727272728,-4.96,2.046204620462046,1.6759488448844884,0.0,12.0,120000.0,0.0,0.0,4.0,1
202.0,11128,2.046204620462046,1.6759488448844884,0.0,12.0,120000.0,0.0,0.0,4.0,3,7,0.022727272727272728,-4.96,2.046204620462046,1.6759488448844884,0.0,12.0,120000.0,0.0,0.0,4.0,1
202.0,11575,2.046204620462046,1.6759488448844884,0.0,12.0,120000.0,0.0,0.0,2.0,3,7,0.022727272727272728,-4.96,2.046204620462046,1.6759488448844884,0.0,12.0,120000.0,0.0,0.0,2.0,1
202.0,12482,2.046204620462046,1.6759488448844884,0.0,12.0,120000.0,0.0,0.0,4.0,3,1,0.022727272727272728,-4.9399999999999995,2.046204620462046,1.6759488448844884,0.0,12.0,120000.0,0.0,0.0,4.0,1
198.0,11126,2.037037037037037,1.6519360269360268,0.0,12.0,120000.0,0.0,0.0,4.0,2,1,0.022727272727272728,-4.966666666666667,2.046204620462046,1.6759488448844884,0.0,12.0,120000.0,0.0,0.0,4.0,1
199.0,8882,2.0268006700167507,1.6593383584589618,0.0,12.0,120000.0,0.0,0.0,3.0,2,1,0.022727272727272728,-4.925,2.046204620462046,1.6759488448844884,0.0,12.0,120000.0,0.0,0.0,3.0,1
198.0,968,2.037037037037037,1.6519360269360268,12.5,8.0,80000.0,20000.0,21.0,1.0,2,1,0.022727272727272728,-5.071458958333333,2.092153496920078,1.6731050356767359,12.5,8.0,80000.0,20000.0,22.0,1.0,1
199.0,7530,2.0268006700167507,1.6593383584589618,0.0,12.0,120000.0,20000.0,8.0,5.0,3,5,0.022727272727272728,-5.104583333333334,2.0858996468752564,1.6681038022501435,0.0,12.0,120000.0,20000.0,8.0,5.0,1
200.0,9788,2.0166666666666666,1.6822916666666665,0.0,12.0,120000.0,0.0,0.0,3.0,3,1,0.022727272727272728,-5.062916666666667,2.0858996468752564,1.6681038022501435,0.0,12.0,120000.0,0.0,0.0,3.0,1
203.0,500,2.0853858784893267,1.6676929392446633,0.0,8.0,80000.0,20000.0,13.0,4.0,3,4,0.022727272727272728,-4.96,2.0853858784893267,1.6676929392446633,0.0,8.0,80000.0,20000.0,13.0,4.0,1
203.0,1417,2.0853858784893267,1.6676929392446633,0.0,8.0,80000.0,0.0,0.0,5.0,3,4,0.022727272727272728,-4.96,2.0853858784893267,1.6676929392446633,0.0,8.0,80000.0,0.0,0.0,5.0,1
203.0,2751,2.0853858784893267,1.6676929392446633,12.5,25.0,400000.0,20000.0,8.0,4.0,2,2,0.022727272727272728,-4.82,2.0853858784893267,1.6676929392446633,12.5,25.0,400000.0,20000.0,8.0,4.0,1
203.0,4906,2.0853858784893267,1.6676929392446633,0.0,25.0,400000.0,0.0,0.0,5.0,1,4,0.022727272727272728,-4.82,2.0853858784893267,1.6676929392446633,0.0,25.0,400000.0,0.0,0.0,5.0,1
203.0,5727,2.0853858784893267,1.6676929392446633,12.5,12.0,120000.0,20000.0,5.0,2.0,1,4,0.022727272727272728,-4.82,2.0853858784893267,1.6676929392446633,12.5,12.0,120000.0,20000.0,5.0,2.0,1
203.0,7984,2.0853858784893267,1.6676929392446633,0.0,12.0,120000.0,20000.0,19.0,3.0,3,9,0.022727272727272728,-4.96,2.0853858784893267,1.6676929392446633,0.0,12.0,120000.0,20000.0,19.0,3.0,1
203.0,8884,2.0853858784893267,1.6676929392446633,0.0,12.0,120000.0,0.0,0.0,3.0,3,9,0.022727272727272728,-4.96,2.0853858784893267,1.6676929392446633,0.0,12.0,120000.0,0.0,0.0,3.0,1
203.0,9336,2.0853858784893267,1.6676929392446633,0.0,12.0,120000.0,0.0,0.0,6.0,1,4,0.022727272727272728,-4.82,2.0853858784893267,1.6676929392446633,0.0,12.0,120000.0,0.0,0.0,6.0,1
203.0,10229,2.0853858784893267,1.6676929392446633,0.0,12.0,120000.0,0.0,0.0,2.0,2,9,0.022727272727272728,-4.82,2.0853858784893267,1.6676929392446633,0.0,12.0,120000.0,0.0,0.0,2.0,1
203.0,11119,2.0853858784893267,1.6676929392446633,0.0,12.0,120000.0,0.0,0.0,4.0,2,9,0.022727272727272728,-4.82,2.0853858784893267,1.6676929392446633,0.0,12.0,120000.0,0.0,0.0,4.0,1
197.0,5724,2.047377326565144,1.649746192893401,37.5,12.0,120000.0,20000.0,7.0,2.0,0,0,0.022727272727272728,0.929582916666667,2.085283052462947,1.667610708785575,0.0,12.0,120000.0,20000.0,4.0,2.0,0
204.0,51,2.099673202614379,1.6697303921568625,25.0,8.0,80000.0,20000.0,5.0,2.0,3,9,0.022727272727272728,-4.96,2.099673202614379,1.6697303921568625,25.0,8.0,80000.0,20000.0,5.0,2.0,1
204.0,971,2.099673202614379,1.6697303921568625,12.5,8.0,80000.0,20000.0,22.0,1.0,3,9,0.022727272727272728,-4.96,2.099673202614379,1.6697303921568625,12.5,8.0,80000.0,20000.0,22.0,1.0,1
204.0,3098,2.099673202614379,1.6697303921568625,0.0,25.0,400000.0,0.0,0.0,5.0,2,5,0.022727272727272728,-4.859999999999999,2.099673202614379,1.6697303921568625,0.0,25.0,400000.0,0.0,0.0,5.0,1
204.0,3823,2.099673202614379,1.6697303921568625,25.0,25.0,400000.0,20000.0,14.0,0.0,2,5,0.022727272727272728,-4.859999999999999,2.099673202614379,1.6697303921568625,25.0,25.0,400000.0,20000.0,14.0,0.0,1
204.0,5287,2.099673202614379,1.6697303921568625,12.5,12.0,120000.0,20000.0,6.0,5.0,3,7,0.022727272727272728,-4.96,2.099673202614379,1.6697303921568625,12.5,12.0,120000.0,20000.0,6.0,5.0,1
204.0,9790,2.099673202614379,1.6697303921568625,0.0,12.0,120000.0,0.0,0.0,3.0,3,7,0.022727272727272728,-4.96,2.099673202614379,1.6697303921568625,0.0,12.0,120000.0,0.0,0.0,3.0,1
204.0,10681,2.099673202614379,1.6697303921568625,0.0,12.0,120000.0,0.0,0.0,4.0,2,7,0.022727272727272728,-4.859999999999999,2.099673202614379,1.6697303921568625,0.0,12.0,120000.0,0.0,0.0,4.0,1
204.0,11129,2.099673202614379,1.6697303921568625,0.0,12.0,120000.0,0.0,0.0,4.0,2,7,0.022727272727272728,-4.859999999999999,2.099673202614379,1.6697303921568625,0.0,12.0,120000.0,0.0,0.0,4.0,1
204.0,11576,2.099673202614379,1.6697303921568625,0.0,12.0,120000.0,0.0,0.0,2.0,2,7,0.022727272727272728,-4.859999999999999,2.099673202614379,1.6697303921568625,0.0,12.0,120000.0,0.0,0.0,2.0,1
204.0,12033,2.099673202614379,1.6697303921568625,0.0,12.0,120000.0,0.0,0.0,1.0,2,7,0.022727272727272728,-4.859999999999999,2.099673202614379,1.6697303921568625,0.0,12.0,120000.0,0.0,0.0,1.0,1
198.0,5284,2.037037037037037,1.6519360269360268,0.0,12.0,120000.0,20000.0,5.0,5.0,0,0,0.022727272727272728,0.909582916666667,2.0995701795874298,1.6696484647983694,0.0,12.0,120000.0,20000.0,5.0,5.0,0
205.0,2312,2.089430894308943,1.6768292682926829,0.0,8.0,80000.0,0.0,0.0,5.0,2,6,0.022727272727272728,-4.82,2.089430894308943,1.6768292682926829,0.0,8.0,80000.0,0.0,0.0,5.0,1
205.0,3106,2.089430894308943,1.6768292682926829,0.0,25.0,400000.0,0.0,0.0,5.0,2,10,0.022727272727272728,-4.82,2.089430894308943,1.6768292682926829,0.0,25.0,400000.0,0.0,0.0,5.0,1
205.0,3472,2.089430894308943,1.6768292682926829,25.0,25.0,400000.0,20000.0,7.0,2.0,2,10,0.022727272727272728,-4.82,2.089430894308943,1.6768292682926829,25.0,25.0,400000.0,20000.0,7.0,2.0,1
205.0,4186,2.089430894308943,1.6768292682926829,0.0,25.0,400000.0,0.0,0.0,1.0,2,5,0.022727272727272728,-4.82,2.089430894308943,1.6768292682926829,0.0,25.0,400000.0,0.0,0.0,1.0,1
205.0,4544,2.089430894308943,1.6768292682926829,12.5,25.0,400000.0,20000.0,9.0,3.0,2,5,0.022727272727272728,-4.82,2.089430894308943,1.6768292682926829,12.5,25.0,400000.0,20000.0,9.0,3.0,1
205.0,5728,2.089430894308943,1.6768292682926829,0.0,12.0,120000.0,20000.0,4.0,2.0,2,7,0.022727272727272728,-4.82,2.089430894308943,1.6768292682926829,0.0,12.0,120000.0,20000.0,4.0,2.0,1
205.0,6630,2.089430894308943,1.6768292682926829,12.5,12.0,120000.0,20000.0,10.0,5.0,2,7,0.022727272727272728,-4.82,2.089430894308943,1.6768292682926829,12.5,12.0,120000.0,20000.0,10.0,5.0,1
205.0,8885,2.089430894308943,1.6768292682926829,0.0,12.0,120000.0,0.0,0.0,3.0,3,1,0.022727272727272728,-4.9399999999999995,2.089430894308943,1.6768292682926829,0.0,12.0,120000.0,0.0,0.0,3.0,1
205.0,9337,2.089430894308943,1.6768292682926829,0.0,12.0,120000.0,0.0,0.0,6.0,1,9,0.022727272727272728,-4.8,2.089430894308943,1.6768292682926829,0.0,12.0,120000.0,0.0,0.0,6.0,1
205.0,10230,2.089430894308943,1.6768292682926829,0.0,12.0,120000.0,0.0,0.0,2.0,1,9,0.022727272727272728,-4.8,2.089430894308943,1.6768292682926829,0.0,12.0,120000.0,0.0,0.0,2.0,1
203.0,2311,2.0853858784893267,1.6676929392446633,0.0,8.0,80000.0,0.0,0.0,5.0,2,2,0.022727272727272728,-4.945833333333334,2.086038961038961,1.6741071428571428,0.0,8.0,80000.0,0.0,0.0,5.0,1
198.0,3096,2.037037037037037,1.6519360269360268,0.0,25.0,400000.0,0.0,0.0,5.0,1,4,0.022727272727272728,-4.953533533333333,2.0825566625987393,1.6713124967353696,0.0,25.0,400000.0,0.0,0.0,5.0,1
202.0,12032,2.046204620462046,1.6759488448844884,0.0,12.0,120000.0,0.0,0.0,1.0,3,1,0.022727272727272728,0.8733333333333334,2.0792880258899675,1.6686893203883493,0.0,12.0,120000.0,0.0,0.0,1.0,0
202.0,970,2.046204620462046,1.6759488448844884,0.0,8.0,80000.0,20000.0,21.0,1.0,0,0,0.022727272727272728,0.91,2.0792880258899675,1.6686893203883493,0.0,8.0,80000.0,20000.0,22.0,1.0,0
202.0,50,2.046204620462046,1.6759488448844884,0.0,8.0,80000.0,20000.0,4.0,2.0,0,0,0.022727272727272728,0.9097500000000001,2.0792880258899675,1.6686893203883493,12.5,8.0,80000.0,20000.0,5.0,2.0,0
206.0,2752,2.0792880258899675,1.6686893203883493,12.5,25.0,400000.0,20000.0,8.0,4.0,1,4,0.022727272727272728,-4.84,2.0792880258899675,1.6686893203883493,12.5,25.0,400000.0,20000.0,8.0,4.0,1
206.0,4907,2.0792880258899675,1.6686893203883493,0.0,25.0,400000.0,0.0,0.0,5.0,1,4,0.022727272727272728,-4.84,2.0792880258899675,1.6686893203883493,0.0,25.0,400000.0,0.0,0.0,5.0,1
206.0,5288,2.0792880258899675,1.6686893203883493,0.0,12.0,120000.0,20000.0,5.0,5.0,2,4,0.022727272727272728,-4.84,2.0792880258899675,1.6686893203883493,0.0,12.0,120000.0,20000.0,5.0,5.0,1
206.0,9791,2.0792880258899675,1.6686893203883493,0.0,12.0,120000.0,0.0,0.0,3.0,2,10,0.022727272727272728,-4.84,2.0792880258899675,1.6686893203883493,0.0,12.0,120000.0,0.0,0.0,3.0,1
206.0,11130,2.0792880258899675,1.6686893203883493,0.0,12.0,120000.0,0.0,0.0,4.0,3,2,0.022727272727272728,-4.92,2.0792880258899675,1.6686893203883493,0.0,12.0,120000.0,0.0,0.0,4.0,1
206.0,11577,2.0792880258899675,1.6686893203883493,0.0,12.0,120000.0,0.0,0.0,2.0,3,2,0.022727272727272728,-4.92,2.0792880258899675,1.6686893203883493,0.0,12.0,120000.0,0.0,0.0,2.0,1
206.0,12034,2.0792880258899675,1.6686893203883493,0.0,12.0,120000.0,0.0,0.0,1.0,2,2,0.022727272727272728,-4.8,2.0792880258899675,1.6686893203883493,0.0,12.0,120000.0,0.0,0.0,1.0,1
206.0,12484,2.0792880258899675,1.6686893203883493,0.0,12.0,120000.0,0.0,0.0,4.0,3,9,0.022727272727272728,-4.92,2.0792880258899675,1.6686893203883493,0.0,12.0,120000.0,0.0,0.0,4.0,1
205.0,7985,2.089430894308943,1.6768292682926829,0.0,12.0,120000.0,20000.0,19.0,3.0,3,1,0.022727272727272728,-5.001250000000001,2.0939035193686073,1.6610292341145203,0.0,12.0,120000.0,20000.0,19.0,3.0,1
207.0,502,2.0933977455716586,1.6706924315619966,12.5,8.0,80000.0,20000.0,14.0,4.0,3,9,0.022727272727272728,-4.92,2.0933977455716586,1.6706924315619966,12.5,8.0,80000.0,20000.0,14.0,4.0,1
207.0,1419,2.0933977455716586,1.6706924315619966,0.0,8.0,80000.0,0.0,0.0,5.0,2,8,0.022727272727272728,-4.92,2.0933977455716586,1.6706924315619966,0.0,8.0,80000.0,0.0,0.0,5.0,1
207.0,2313,2.0933977455716586,1.6706924315619966,0.0,8.0,80000.0,0.0,0.0,5.0,2,8,0.022727272727272728,-4.92,2.0933977455716586,1.6706924315619966,0.0,8.0,80000.0,0.0,0.0,5.0,1
207.0,3824,2.0933977455716586,1.6706924315619966,25.0,25.0,400000.0,20000.0,14.0,0.0,3,5,0.022727272727272728,-4.82,2.0933977455716586,1.6706924315619966,25.0,25.0,400000.0,20000.0,14.0,0.0,1
207.0,6631,2.0933977455716586,1.6706924315619966,12.5,12.0,120000.0,20000.0,10.0,5.0,1,5,0.022727272727272728,-4.82,2.0933977455716586,1.6706924315619966,12.5,12.0,120000.0,20000.0,10.0,5.0,1
207.0,8886,2.0933977455716586,1.6706924315619966,0.0,12.0,120000.0,0.0,0.0,3.0,1,2,0.022727272727272728,-4.82,2.0933977455716586,1.6706924315619966,0.0,12.0,120000.0,0.0,0.0,3.0,1
207.0,9338,2.0933977455716586,1.6706924315619966,0.0,12.0,120000.0,0.0,0.0,6.0,1,2,0.022727272727272728,-4.82,2.0933977455716586,1.6706924315619966,0.0,12.0,120000.0,0.0,0.0,6.0,1
207.0,10231,2.0933977455716586,1.6706924315619966,0.0,12.0,120000.0,0.0,0.0,2.0,1,2,0.022727272727272728,-4.82,2.0933977455716586,1.6706924315619966,0.0,12.0,120000.0,0.0,0.0,2.0,1
202.0,5286,2.046204620462046,1.6759488448844884,12.5,12.0,120000.0,20000.0,6.0,5.0,2,4,0.022727272727272728,-5.028333333333333,2.0933977455716586,1.6706924315619966,0.0,12.0,120000.0,20000.0,5.0,5.0,1
204.0,12483,2.099673202614379,1.6697303921568625,0.0,12.0,120000.0,0.0,0.0,4.0,1,1,0.022727272727272728,0.9733333333333334,2.083333333333333,1.6626602564102562,0.0,12.0,120000.0,0.0,0.0,4.0,0
197.0,1414,2.047377326565144,1.649746192893401,0.0,8.0,80000.0,0.0,0.0,5.0,1,2,0.022727272727272728,-3.5475,2.083333333333333,1.6626602564102562,0.0,8.0,80000.0,0.0,0.0,5.0,1
208.0,3107,2.083333333333333,1.6626602564102562,0.0,25.0,400000.0,0.0,0.0,5.0,3,2,0.022727272727272728,-4.859999999999999,2.083333333333333,1.6626602564102562,0.0,25.0,400000.0,0.0,0.0,5.0,1
208.0,3473,2.083333333333333,1.6626602564102562,25.0,25.0,400000.0,20000.0,7.0,2.0,3,6,0.022727272727272728,-4.859999999999999,2.083333333333333,1.6626602564102562,25.0,25.0,400000.0,20000.0,7.0,2.0,1
208.0,4187,2.083333333333333,1.6626602564102562,0.0,25.0,400000.0,0.0,0.0,1.0,3,6,0.022727272727272728,-4.859999999999999,2.083333333333333,1.6626602564102562,0.0,25.0,400000.0,0.0,0.0,1.0,1
208.0,4545,2.083333333333333,1.6626602564102562,12.5,25.0,400000.0,20000.0,9.0,3.0,1,8,0.022727272727272728,-4.82,2.083333333333333,1.6626602564102562,12.5,25.0,400000.0,20000.0,9.0,3.0,1
208.0,9792,2.083333333333333,1.6626602564102562,0.0,12.0,120000.0,0.0,0.0,3.0,1,8,0.022727272727272728,-4.82,2.083333333333333,1.6626602564102562,0.0,12.0,120000.0,0.0,0.0,3.0,1
208.0,10683,2.083333333333333,1.6626602564102562,0.0,12.0,120000.0,0.0,0.0,4.0,2,7,0.022727272727272728,-4.82,2.083333333333333,1.6626602564102562,0.0,12.0,120000.0,0.0,0.0,4.0,1
208.0,11131,2.083333333333333,1.6626602564102562,0.0,12.0,120000.0,0.0,0.0,4.0,2,7,0.022727272727272728,-4.82,2.083333333333333,1.6626602564102562,0.0,12.0,120000.0,0.0,0.0,4.0,1
208.0,11578,2.083333333333333,1.6626602564102562,0.0,12.0,120000.0,0.0,0.0,2.0,2,7,0.022727272727272728,-4.82,2.083333333333333,1.6626602564102562,0.0,12.0,120000.0,0.0,0.0,2.0,1
208.0,12035,2.083333333333333,1.6626602564102562,0.0,12.0,120000.0,0.0,0.0,1.0,2,7,0.022727272727272728,-4.82,2.083333333333333,1.6626602564102562,0.0,12.0,120000.0,0.0,0.0,1.0,1
208.0,12485,2.083333333333333,1.6626602564102562,0.0,12.0,120000.0,0.0,0.0,4.0,2,10,0.022727272727272728,-4.82,2.083333333333333,1.6626602564102562,0.0,12.0,120000.0,0.0,0.0,4.0,1
205.0,1418,2.089430894308943,1.6768292682926829,0.0,8.0,80000.0,0.0,0.0,5.0,2,6,0.022727272727272728,-5.028333333333334,2.104,1.6600000000000001,0.0,8.0,80000.0,0.0,0.0,5.0,1
206.0,10682,2.0792880258899675,1.6686893203883493,0.0,12.0,120000.0,0.0,0.0,4.0,3,2,0.022727272727272728,-4.982916666666667,2.097790540001595,1.655100901332057,0.0,12.0,120000.0,0.0,0.0,4.0,1
205.0,501,2.089430894308943,1.6768292682926829,0.0,8.0,80000.0,20000.0,13.0,4.0,1,1,0.022727272727272728,0.89,2.0972886762360443,1.6547049441786283,0.0,8.0,80000.0,20000.0,13.0,4.0,0
203.0,6629,2.0853858784893267,1.6676929392446633,0.0,12.0,120000.0,20000.0,9.0,5.0,0,0,0.022727272727272728,0.89,2.0972886762360443,1.6547049441786283,0.0,12.0,120000.0,20000.0,10.0,5.0,0
203.0,7085,2.0853858784893267,1.6676929392446633,0.0,12.0,120000.0,20000.0,8.0,4.0,0,0,0.022727272727272728,0.8895000000000001,2.0972886762360443,1.6547049441786283,25.0,12.0,120000.0,20000.0,11.0,4.0,0
203.0,7532,2.0853858784893267,1.6676929392446633,0.0,12.0,120000.0,20000.0,8.0,5.0,0,0,0.022727272727272728,0.8895000000000001,2.0972886762360443,1.6547049441786283,25.0,12.0,120000.0,20000.0,11.0,5.0,0
209.0,503,2.0972886762360443,1.6547049441786283,0.0,8.0,80000.0,20000.0,13.0,4.0,2,10,0.022727272727272728,-4.859999999999999,2.0972886762360443,1.6547049441786283,0.0,8.0,80000.0,20000.0,13.0,4.0,1
209.0,1420,2.0972886762360443,1.6547049441786283,0.0,8.0,80000.0,0.0,0.0,5.0,1,7,0.022727272727272728,-4.859999999999999,2.0972886762360443,1.6547049441786283,0.0,8.0,80000.0,0.0,0.0,5.0,1
209.0,2314,2.0972886762360443,1.6547049441786283,0.0,8.0,80000.0,0.0,0.0,5.0,1,7,0.022727272727272728,-4.859999999999999,2.0972886762360443,1.6547049441786283,0.0,8.0,80000.0,0.0,0.0,5.0,1
209.0,2753,2.0972886762360443,1.6547049441786283,12.5,25.0,400000.0,20000.0,8.0,4.0,2,9,0.022727272727272728,-4.859999999999999,2.0972886762360443,1.6547049441786283,12.5,25.0,400000.0,20000.0,8.0,4.0,1
209.0,4908,2.0972886762360443,1.6547049441786283,0.0,25.0,400000.0,0.0,0.0,5.0,2,9,0.022727272727272728,-4.859999999999999,2.0972886762360443,1.6547049441786283,0.0,25.0,400000.0,0.0,0.0,5.0,1
209.0,8887,2.0972886762360443,1.6547049441786283,0.0,12.0,120000.0,0.0,0.0,3.0,2,9,0.022727272727272728,-4.82,2.0972886762360443,1.6547049441786283,0.0,12.0,120000.0,0.0,0.0,3.0,1
209.0,9339,2.0972886762360443,1.6547049441786283,0.0,12.0,120000.0,0.0,0.0,6.0,2,9,0.022727272727272728,-4.82,2.0972886762360443,1.6547049441786283,0.0,12.0,120000.0,0.0,0.0,6.0,1
209.0,10232,2.0972886762360443,1.6547049441786283,0.0,12.0,120000.0,0.0,0.0,2.0,2,3,0.022727272727272728,-4.82,2.0972886762360443,1.6547049441786283,0.0,12.0,120000.0,0.0,0.0,2.0,1
201.0,5726,2.03150912106136,1.6842868988391375,25.0,12.0,120000.0,20000.0,6.0,2.0,1,1,0.022727272727272728,0.7847500000000001,2.0873015873015874,1.6468253968253967,25.0,12.0,120000.0,20000.0,6.0,2.0,0
210.0,54,2.0873015873015874,1.6468253968253967,12.5,8.0,80000.0,20000.0,4.0,2.0,2,3,0.022727272727272728,-4.84,2.0873015873015874,1.6468253968253967,12.5,8.0,80000.0,20000.0,4.0,2.0,1
210.0,974,2.0873015873015874,1.6468253968253967,25.0,8.0,80000.0,20000.0,23.0,1.0,1,9,0.022727272727272728,-4.840249999999999,2.0873015873015874,1.6468253968253967,25.0,8.0,80000.0,20000.0,23.0,1.0,1
210.0,3825,2.0873015873015874,1.6468253968253967,25.0,25.0,400000.0,20000.0,14.0,0.0,2,9,0.022727272727272728,-4.84,2.0873015873015874,1.6468253968253967,25.0,25.0,400000.0,20000.0,14.0,0.0,1
210.0,9793,2.0873015873015874,1.6468253968253967,0.0,12.0,120000.0,0.0,0.0,3.0,1,9,0.022727272727272728,-4.84,2.0873015873015874,1.6468253968253967,0.0,12.0,120000.0,0.0,0.0,3.0,1
210.0,10684,2.0873015873015874,1.6468253968253967,0.0,12.0,120000.0,0.0,0.0,4.0,3,4,0.022727272727272728,-4.84,2.0873015873015874,1.6468253968253967,0.0,12.0,120000.0,0.0,0.0,4.0,1
210.0,11132,2.0873015873015874,1.6468253968253967,0.0,12.0,120000.0,0.0,0.0,4.0,3,4,0.022727272727272728,-4.84,2.0873015873015874,1.6468253968253967,0.0,12.0,120000.0,0.0,0.0,4.0,1
210.0,11579,2.0873015873015874,1.6468253968253967,0.0,12.0,120000.0,0.0,0.0,2.0,3,4,0.022727272727272728,-4.84,2.0873015873015874,1.6468253968253967,0.0,12.0,120000.0,0.0,0.0,2.0,1
210.0,12036,2.0873015873015874,1.6468253968253967,0.0,12.0,120000.0,0.0,0.0,1.0,3,4,0.022727272727272728,-4.84,2.0873015873015874,1.6468253968253967,0.0,12.0,120000.0,0.0,0.0,1.0,1
210.0,12486,2.0873015873015874,1.6468253968253967,0.0,12.0,120000.0,0.0,0.0,4.0,3,3,0.022727272727272728,-4.84,2.0873015873015874,1.6468253968253967,0.0,12.0,120000.0,0.0,0.0,4.0,1
206.0,972,2.0792880258899675,1.6686893203883493,0.0,8.0,80000.0,20000.0,21.0,1.0,0,0,0.022727272727272728,0.9091243750000004,2.0872020973349477,1.64674690188974,12.5,8.0,80000.0,20000.0,22.0,1.0,0
206.0,52,2.0792880258899675,1.6686893203883493,12.5,8.0,80000.0,20000.0,4.0,2.0,0,0,0.022727272727272728,0.9093743750000004,2.0872020973349477,1.64674690188974,0.0,8.0,80000.0,20000.0,3.0,2.0,0
202.0,3105,2.046204620462046,1.6759488448844884,0.0,25.0,400000.0,0.0,0.0,5.0,1,1,0.022727272727272728,-4.973533533333333,2.1043303907569078,1.64153592512052,0.0,25.0,400000.0,0.0,0.0,5.0,1
209.0,7987,2.0972886762360443,1.6547049441786283,12.5,12.0,120000.0,20000.0,20.0,3.0,3,1,0.022727272727272728,-4.921250000000001,2.10160385557399,1.6394090226751992,12.5,12.0,120000.0,20000.0,20.0,3.0,1
211.0,504,2.1011058451816744,1.6390205371248026,0.0,8.0,80000.0,20000.0,13.0,4.0,3,3,0.022727272727272728,-4.859999999999999,2.1011058451816744,1.6390205371248026,0.0,8.0,80000.0,20000.0,14.0,4.0,1
211.0,1421,2.1011058451816744,1.6390205371248026,0.0,8.0,80000.0,0.0,0.0,5.0,3,3,0.022727272727272728,-4.859999999999999,2.1011058451816744,1.6390205371248026,0.0,8.0,80000.0,0.0,0.0,5.0,1
211.0,1850,2.1011058451816744,1.6390205371248026,0.0,8.0,80000.0,0.0,0.0,4.0,3,3,0.022727272727272728,-4.859999999999999,2.1011058451816744,1.6390205371248026,0.0,8.0,80000.0,0.0,0.0,4.0,1
211.0,2315,2.1011058451816744,1.6390205371248026,0.0,8.0,80000.0,0.0,0.0,5.0,3,3,0.022727272727272728,-4.859999999999999,2.1011058451816744,1.6390205371248026,0.0,8.0,80000.0,0.0,0.0,5.0,1
211.0,3108,2.1011058451816744,1.6390205371248026,0.0,25.0,400000.0,0.0,0.0,5.0,3,3,0.022727272727272728,-4.859999999999999,2.1011058451816744,1.6390205371248026,0.0,25.0,400000.0,0.0,0.0,5.0,1
211.0,3474,2.1011058451816744,1.6390205371248026,25.0,25.0,400000.0,20000.0,7.0,2.0,1,5,0.022727272727272728,-4.82,2.1011058451816744,1.6390205371248026,25.0,25.0,400000.0,20000.0,7.0,2.0,1
211.0,4188,2.1011058451816744,1.6390205371248026,0.0,25.0,400000.0,0.0,0.0,1.0,1,5,0.022727272727272728,-4.8205,2.1011058451816744,1.6390205371248026,0.0,25.0,400000.0,0.0,0.0,1.0,1
211.0,4546,2.1011058451816744,1.6390205371248026,12.5,25.0,400000.0,20000.0,9.0,3.0,2,3,0.022727272727272728,-4.82,2.1011058451816744,1.6390205371248026,12.5,25.0,400000.0,20000.0,9.0,3.0,1
211.0,5731,2.1011058451816744,1.6390205371248026,25.0,12.0,120000.0,20000.0,6.0,2.0,2,3,0.022727272727272728,-4.82,2.1011058451816744,1.6390205371248026,25.0,12.0,120000.0,20000.0,6.0,2.0,1
211.0,6170,2.1011058451816744,1.6390205371248026,0.0,12.0,120000.0,20000.0,24.0,3.0,1,5,0.022727272727272728,-4.82,2.1011058451816744,1.6390205371248026,0.0,12.0,120000.0,20000.0,24.0,3.0,1
211.0,6633,2.1011058451816744,1.6390205371248026,12.5,12.0,120000.0,20000.0,10.0,5.0,1,5,0.022727272727272728,-4.82,2.1011058451816744,1.6390205371248026,12.5,12.0,120000.0,20000.0,10.0,5.0,1
211.0,7089,2.1011058451816744,1.6390205371248026,37.5,12.0,120000.0,20000.0,11.0,4.0,1,4,0.022727272727272728,-4.82,2.1011058451816744,1.6390205371248026,37.5,12.0,120000.0,20000.0,11.0,4.0,1
211.0,7536,2.1011058451816744,1.6390205371248026,37.5,12.0,120000.0,20000.0,11.0,5.0,1,4,0.022727272727272728,-4.82,2.1011058451816744,1.6390205371248026,37.5,12.0,120000.0,20000.0,11.0,5.0,1
211.0,7988,2.1011058451816744,1.6390205371248026,12.5,12.0,120000.0,20000.0,20.0,3.0,3,4,0.022727272727272728,-4.859999999999999,2.1011058451816744,1.6390205371248026,12.5,12.0,120000.0,20000.0,20.0,3.0,1
211.0,8422,2.1011058451816744,1.6390205371248026,12.5,12.0,120000.0,20000.0,25.0,1.0,3,4,0.022727272727272728,-4.859999999999999,2.1011058451816744,1.6390205371248026,12.5,12.0,120000.0,20000.0,25.0,1.0,1
211.0,8888,2.1011058451816744,1.6390205371248026,0.0,12.0,120000.0,0.0,0.0,3.0,2,2,0.022727272727272728,-4.82,2.1011058451816744,1.6390205371248026,0.0,12.0,120000.0,0.0,0.0,3.0,1
211.0,9340,2.1011058451816744,1.6390205371248026,0.0,12.0,120000.0,0.0,0.0,6.0,2,2,0.022727272727272728,-4.82,2.1011058451816744,1.6390205371248026,0.0,12.0,120000.0,0.0,0.0,6.0,1
211.0,10233,2.1011058451816744,1.6390205371248026,0.0,12.0,120000.0,0.0,0.0,2.0,3,2,0.022727272727272728,-4.859999999999999,2.1011058451816744,1.6390205371248026,0.0,12.0,120000.0,0.0,0.0,2.0,1
205.0,7086,2.089430894308943,1.6768292682926829,12.5,12.0,120000.0,20000.0,9.0,4.0,0,0,0.022727272727272728,0.9290829166666671,2.1010061718557016,1.6389427844363087,25.0,12.0,120000.0,20000.0,10.0,4.0,0
205.0,7533,2.089430894308943,1.6768292682926829,12.5,12.0,120000.0,20000.0,9.0,5.0,0,0,0.022727272727272728,0.9290829166666671,2.1010061718557016,1.6389427844363087,25.0,12.0,120000.0,20000.0,10.0,5.0,0
208.0,53,2.083333333333333,1.6626602564102562,25.0,8.0,80000.0,20000.0,5.0,2.0,1,2,0.022727272727272728,0.91,2.1147798742138364,1.6312893081761004,0.0,8.0,80000.0,20000.0,3.0,2.0,0
212.0,4909,2.1147798742138364,1.6312893081761004,0.0,25.0,400000.0,0.0,0.0,5.0,1,2,0.022727272727272728,-4.8,2.1147798742138364,1.6312893081761004,0.0,25.0,400000.0,0.0,0.0,5.0,1
212.0,5291,2.1147798742138364,1.6312893081761004,25.0,12.0,120000.0,20000.0,7.0,5.0,3,1,0.022727272727272728,-4.82,2.1147798742138364,1.6312893081761004,25.0,12.0,120000.0,20000.0,7.0,5.0,1
212.0,9794,2.1147798742138364,1.6312893081761004,0.0,12.0,120000.0,0.0,0.0,3.0,3,1,0.022727272727272728,-4.82,2.1147798742138364,1.6312893081761004,0.0,12.0,120000.0,0.0,0.0,3.0,1
212.0,10685,2.1147798742138364,1.6312893081761004,0.0,12.0,120000.0,0.0,0.0,4.0,1,10,0.022727272727272728,-4.8,2.1147798742138364,1.6312893081761004,0.0,12.0,120000.0,0.0,0.0,4.0,1
212.0,11133,2.1147798742138364,1.6312893081761004,0.0,12.0,120000.0,0.0,0.0,4.0,1,10,0.022727272727272728,-4.8,2.1147798742138364,1.6312893081761004,0.0,12.0,120000.0,0.0,0.0,4.0,1
212.0,11580,2.1147798742138364,1.6312893081761004,0.0,12.0,120000.0,0.0,0.0,2.0,1,10,0.022727272727272728,-4.8,2.1147798742138364,1.6312893081761004,0.0,12.0,120000.0,0.0,0.0,2.0,1
212.0,12037,2.1147798742138364,1.6312893081761004,0.0,12.0,120000.0,0.0,0.0,1.0,1,10,0.022727272727272728,-4.80025,2.1147798742138364,1.6312893081761004,0.0,12.0,120000.0,0.0,0.0,1.0,1
212.0,12487,2.1147798742138364,1.6312893081761004,0.0,12.0,120000.0,0.0,0.0,4.0,1,10,0.022727272727272728,-4.8,2.1147798742138364,1.6312893081761004,0.0,12.0,120000.0,0.0,0.0,4.0,1
208.0,973,2.083333333333333,1.6626602564102562,12.5,8.0,80000.0,20000.0,22.0,1.0,0,0,0.022727272727272728,0.9493743750000003,2.1146800254069764,1.6312122872563108,0.0,8.0,80000.0,20000.0,21.0,1.0,0
209.0,8421,2.0972886762360443,1.6547049441786283,12.5,12.0,120000.0,20000.0,24.0,1.0,3,1,0.022727272727272728,1.0133333333333334,2.104851330203443,1.6236306729264476,0.0,12.0,120000.0,20000.0,24.0,1.0,0
207.0,5729,2.0933977455716586,1.6706924315619966,0.0,12.0,120000.0,20000.0,4.0,2.0,1,5,0.022727272727272728,0.9297500000000001,2.104851330203443,1.6236306729264476,12.5,12.0,120000.0,20000.0,6.0,2.0,0
193.0,4540,1.8825561312607944,1.6677461139896375,0.0,25.0,400000.0,20000.0,8.0,3.0,0,0,0.022727272727272728,0.78,2.104851330203443,1.6236306729264476,0.0,25.0,400000.0,20000.0,8.0,3.0,0
207.0,7986,2.0933977455716586,1.6706924315619966,0.0,12.0,120000.0,20000.0,19.0,3.0,0,0,0.022727272727272728,0.93,2.104851330203443,1.6236306729264476,0.0,12.0,120000.0,20000.0,20.0,3.0,0
207.0,8420,2.0933977455716586,1.6706924315619966,0.0,12.0,120000.0,20000.0,22.0,1.0,0,0,0.022727272727272728,0.93,2.104851330203443,1.6236306729264476,0.0,12.0,120000.0,20000.0,24.0,1.0,0
213.0,1422,2.104851330203443,1.6236306729264476,0.0,8.0,80000.0,0.0,0.0,5.0,1,8,0.022727272727272728,-4.82,2.104851330203443,1.6236306729264476,0.0,8.0,80000.0,0.0,0.0,5.0,1
213.0,1851,2.104851330203443,1.6236306729264476,0.0,8.0,80000.0,0.0,0.0,4.0,1,8,0.022727272727272728,-4.82,2.104851330203443,1.6236306729264476,0.0,8.0,80000.0,0.0,0.0,4.0,1
213.0,2316,2.104851330203443,1.6236306729264476,0.0,8.0,80000.0,0.0,0.0,5.0,3,8,0.022727272727272728,-4.82,2.104851330203443,1.6236306729264476,0.0,8.0,80000.0,0.0,0.0,5.0,1
213.0,6171,2.104851330203443,1.6236306729264476,0.0,12.0,120000.0,20000.0,24.0,3.0,2,8,0.022727272727272728,-4.82,2.104851330203443,1.6236306729264476,0.0,12.0,120000.0,20000.0,24.0,3.0,1
213.0,6634,2.104851330203443,1.6236306729264476,12.5,12.0,120000.0,20000.0,10.0,5.0,2,8,0.022727272727272728,-4.82,2.104851330203443,1.6236306729264476,12.5,12.0,120000.0,20000.0,10.0,5.0,1
213.0,7090,2.104851330203443,1.6236306729264476,25.0,12.0,120000.0,20000.0,10.0,4.0,3,10,0.022727272727272728,-4.82,2.104851330203443,1.6236306729264476,25.0,12.0,120000.0,20000.0,10.0,4.0,1
213.0,7537,2.104851330203443,1.6236306729264476,25.0,12.0,120000.0,20000.0,10.0,5.0,3,10,0.022727272727272728,-4.82,2.104851330203443,1.6236306729264476,25.0,12.0,120000.0,20000.0,10.0,5.0,1
213.0,7989,2.104851330203443,1.6236306729264476,0.0,12.0,120000.0,20000.0,20.0,3.0,3,4,0.022727272727272728,-4.82,2.104851330203443,1.6236306729264476,0.0,12.0,120000.0,20000.0,20.0,3.0,1
213.0,8423,2.104851330203443,1.6236306729264476,0.0,12.0,120000.0,20000.0,24.0,1.0,3,4,0.022727272727272728,-4.82,2.104851330203443,1.6236306729264476,0.0,12.0,120000.0,20000.0,24.0,1.0,1
213.0,8889,2.104851330203443,1.6236306729264476,0.0,12.0,120000.0,0.0,0.0,3.0,3,4,0.022727272727272728,-4.82,2.104851330203443,1.6236306729264476,0.0,12.0,120000.0,0.0,0.0,3.0,1
213.0,9341,2.104851330203443,1.6236306729264476,0.0,12.0,120000.0,0.0,0.0,6.0,3,4,0.022727272727272728,-4.82,2.104851330203443,1.6236306729264476,0.0,12.0,120000.0,0.0,0.0,6.0,1
213.0,10234,2.104851330203443,1.6236306729264476,0.0,12.0,120000.0,0.0,0.0,2.0,2,4,0.022727272727272728,-4.82,2.104851330203443,1.6236306729264476,0.0,12.0,120000.0,0.0,0.0,2.0,1
193.0,3468,1.8825561312607944,1.6677461139896375,12.5,25.0,400000.0,20000.0,6.0,2.0,1,4,0.022727272727272728,0.7795498000000002,2.1047524167213236,1.6235543734932145,12.5,25.0,400000.0,20000.0,6.0,2.0,0
207.0,7087,2.0933977455716586,1.6706924315619966,25.0,12.0,120000.0,20000.0,10.0,4.0,0,0,0.022727272727272728,0.9293329166666671,2.1047524167213236,1.6235543734932145,12.5,12.0,120000.0,20000.0,9.0,4.0,0
207.0,7534,2.0933977455716586,1.6706924315619966,25.0,12.0,120000.0,20000.0,10.0,5.0,0,0,0.022727272727272728,0.9293329166666671,2.1047524167213236,1.6235543734932145,12.5,12.0,120000.0,20000.0,9.0,5.0,0
208.0,5289,2.083333333333333,1.6626602564102562,0.0,12.0,120000.0,20000.0,5.0,5.0,0,0,0.022727272727272728,0.82975,2.0950155763239877,1.616043613707165,12.5,12.0,120000.0,20000.0,7.0,5.0,0
214.0,3475,2.0950155763239877,1.616043613707165,12.5,25.0,400000.0,20000.0,6.0,2.0,3,2,0.022727272727272728,-4.88,2.0950155763239877,1.616043613707165,12.5,25.0,400000.0,20000.0,6.0,2.0,1
214.0,4189,2.0950155763239877,1.616043613707165,0.0,25.0,400000.0,0.0,0.0,1.0,3,2,0.022727272727272728,-4.88,2.0950155763239877,1.616043613707165,0.0,25.0,400000.0,0.0,0.0,1.0,1
214.0,4547,2.0950155763239877,1.616043613707165,0.0,25.0,400000.0,20000.0,8.0,3.0,3,2,0.022727272727272728,-4.88,2.0950155763239877,1.616043613707165,0.0,25.0,400000.0,20000.0,8.0,3.0,1
214.0,10686,2.0950155763239877,1.616043613707165,0.0,12.0,120000.0,0.0,0.0,4.0,2,2,0.022727272727272728,-4.8,2.0950155763239877,1.616043613707165,0.0,12.0,120000.0,0.0,0.0,4.0,1
214.0,11134,2.0950155763239877,1.616043613707165,0.0,12.0,120000.0,0.0,0.0,4.0,3,2,0.022727272727272728,-4.88,2.0950155763239877,1.616043613707165,0.0,12.0,120000.0,0.0,0.0,4.0,1
214.0,11581,2.0950155763239877,1.616043613707165,0.0,12.0,120000.0,0.0,0.0,2.0,3,2,0.022727272727272728,-4.88,2.0950155763239877,1.616043613707165,0.0,12.0,120000.0,0.0,0.0,2.0,1
214.0,12038,2.0950155763239877,1.616043613707165,0.0,12.0,120000.0,0.0,0.0,1.0,1,2,0.022727272727272728,-4.8,2.0950155763239877,1.616043613707165,0.0,12.0,120000.0,0.0,0.0,1.0,1
214.0,12488,2.0950155763239877,1.616043613707165,0.0,12.0,120000.0,0.0,0.0,4.0,1,2,0.022727272727272728,-4.8,2.0950155763239877,1.616043613707165,0.0,12.0,120000.0,0.0,0.0,4.0,1
