time,task_id,s0,s1,s2,s3,s4,s5,s6,s7,s8,action_offload,action_prb,action_prob,reward,s_next0,s_next1,s_next2,s_next3,s_next4,s_next5,s_next6,s_next7,s_next8,done
37.0,5220,0.0,0.0,0.0,12.0,120000.0,20000.0,1.0,6.0,1.0,3,14,0.0024752475247524753,9.981666666666666,0.1282051282051282,0.0,0.0,12.0,120000.0,20000.0,1.0,6.0,0.9,0
41.0,7021,0.12195121951219512,0.0,12.5,12.0,120000.0,20000.0,2.0,5.0,0.7,3,99,0.0024752475247524753,-5.058167083333334,0.23277461993141996,0.07274206872856874,12.5,12.0,120000.0,20000.0,2.0,5.0,0.07,1
40.0,1350,0.125,0.0,0.0,8.0,80000.0,0.0,0.0,6.0,0.8,1,88,0.0024752475247524753,9.841,0.23255813953488372,0.07267441860465117,0.0,8.0,80000.0,0.0,0.0,6.0,0.17,0
43.0,5223,0.23255813953488372,0.07267441860465117,0.0,12.0,120000.0,20000.0,1.0,7.0,0.17,3,38,0.0024752475247524753,-4.9785,0.23255813953488372,0.07267441860465117,0.0,12.0,120000.0,20000.0,1.0,7.0,0.03,1
43.0,5671,0.23255813953488372,0.07267441860465117,0.0,12.0,120000.0,20000.0,1.0,2.0,0.17,3,72,0.0024752475247524753,-4.9785,0.23255813953488372,0.07267441860465117,0.0,12.0,120000.0,20000.0,1.0,2.0,0.03,1
43.0,7022,0.23255813953488372,0.07267441860465117,12.5,12.0,120000.0,20000.0,2.0,5.0,0.17,2,48,0.0024752475247524753,-4.9785,0.23255813953488372,0.07267441860465117,12.5,12.0,120000.0,20000.0,2.0,5.0,0.03,1
43.0,7921,0.23255813953488372,0.07267441860465117,0.0,12.0,120000.0,20000.0,1.0,5.0,0.17,3,96,0.0024752475247524753,-4.9785,0.23255813953488372,0.07267441860465117,0.0,12.0,120000.0,20000.0,1.0,5.0,0.03,1
44.0,1352,0.22727272727272727,0.07102272727272728,0.0,8.0,80000.0,0.0,0.0,6.0,0.03,3,27,0.0024752475247524753,-4.9785,0.22727272727272727,0.07102272727272728,0.0,8.0,80000.0,0.0,0.0,6.0,0.03,1
44.0,8820,0.22727272727272727,0.07102272727272728,0.0,12.0,120000.0,0.0,0.0,2.0,0.03,3,27,0.0024752475247524753,-4.9785,0.22727272727272727,0.07102272727272728,0.0,12.0,120000.0,0.0,0.0,2.0,0.03,1
44.0,11970,0.22727272727272727,0.07102272727272728,0.0,12.0,120000.0,0.0,0.0,0.0,0.03,3,27,0.0024752475247524753,-4.9785,0.22727272727272727,0.07102272727272728,0.0,12.0,120000.0,0.0,0.0,0.0,0.03,1
41.0,5222,0.12195121951219512,0.0,0.0,12.0,120000.0,20000.0,1.0,6.0,0.7,2,8,0.0024752475247524753,-5.1035,0.22727272727272727,0.07102272727272728,0.0,12.0,120000.0,20000.0,1.0,6.0,0.03,1
42.0,1351,0.11904761904761905,0.0744047619047619,0.0,8.0,80000.0,0.0,0.0,6.0,0.32,1,5,0.0024752475247524753,-5.124333333333334,0.2255639097744361,0.07048872180451127,0.0,8.0,80000.0,0.0,0.0,6.0,0.03,1
39.0,5221,0.1282051282051282,0.0,0.0,12.0,120000.0,20000.0,1.0,6.0,0.9,1,45,0.0024752475247524753,9.7765,0.2222222222222222,0.06944444444444445,0.0,12.0,120000.0,20000.0,1.0,6.0,0.13,0
39.0,7020,0.1282051282051282,0.0,0.0,12.0,120000.0,20000.0,1.0,5.0,0.9,0,0,0.0024752475247524753,9.7565,0.2222222222222222,0.06944444444444445,0.0,12.0,120000.0,20000.0,1.0,5.0,0.13,0
45.0,5224,0.2222222222222222,0.06944444444444445,0.0,12.0,120000.0,20000.0,1.0,6.0,0.13,2,37,0.0024752475247524753,-4.9785,0.2222222222222222,0.06944444444444445,0.0,12.0,120000.0,20000.0,1.0,6.0,0.03,1
45.0,5672,0.2222222222222222,0.06944444444444445,0.0,12.0,120000.0,20000.0,1.0,2.0,0.13,2,37,0.0024752475247524753,-4.9785,0.2222222222222222,0.06944444444444445,0.0,12.0,120000.0,20000.0,1.0,2.0,0.03,1
45.0,7023,0.2222222222222222,0.06944444444444445,0.0,12.0,120000.0,20000.0,1.0,5.0,0.13,3,65,0.0024752475247524753,-4.9785,0.2222222222222222,0.06944444444444445,0.0,12.0,120000.0,20000.0,1.0,5.0,0.03,1
45.0,7471,0.2222222222222222,0.06944444444444445,12.5,12.0,120000.0,20000.0,2.0,2.0,0.13,3,65,0.0024752475247524753,-4.9785,0.2222222222222222,0.06944444444444445,12.5,12.0,120000.0,20000.0,2.0,2.0,0.03,1
45.0,7922,0.2222222222222222,0.06944444444444445,0.0,12.0,120000.0,20000.0,1.0,5.0,0.13,2,56,0.0024752475247524753,-4.9785,0.2222222222222222,0.06944444444444445,0.0,12.0,120000.0,20000.0,1.0,5.0,0.03,1
41.0,5670,0.12195121951219512,0.0,0.0,12.0,120000.0,20000.0,1.0,2.0,0.7,1,82,0.0024752475247524753,-5.145166666666666,0.2222222222222222,0.06944444444444445,0.0,12.0,120000.0,20000.0,1.0,2.0,0.03,1
46.0,1353,0.21739130434782608,0.06793478260869565,0.0,8.0,80000.0,0.0,0.0,6.0,0.03,2,56,0.0024752475247524753,-4.9785,0.21739130434782608,0.06793478260869565,0.0,8.0,80000.0,0.0,0.0,6.0,0.03,1
46.0,4141,0.21739130434782608,0.06793478260869565,0.0,25.0,400000.0,0.0,0.0,0.0,0.03,2,56,0.0024752475247524753,-4.9785,0.21739130434782608,0.06793478260869565,0.0,25.0,400000.0,0.0,0.0,0.0,0.03,1
46.0,4861,0.21739130434782608,0.06793478260869565,0.0,25.0,400000.0,0.0,0.0,6.0,0.03,2,56,0.0024752475247524753,-4.9785,0.21739130434782608,0.06793478260869565,0.0,25.0,400000.0,0.0,0.0,6.0,0.03,1
46.0,8821,0.21739130434782608,0.06793478260869565,0.0,12.0,120000.0,0.0,0.0,2.0,0.03,1,34,0.0024752475247524753,-4.9785,0.21739130434782608,0.06793478260869565,0.0,12.0,120000.0,0.0,0.0,2.0,0.03,1
46.0,11971,0.21739130434782608,0.06793478260869565,0.0,12.0,120000.0,0.0,0.0,1.0,0.03,1,34,0.0024752475247524753,-4.9785,0.21739130434782608,0.06793478260869565,0.0,12.0,120000.0,0.0,0.0,1.0,0.03,1
41.0,7920,0.12195121951219512,0.0,0.0,12.0,120000.0,20000.0,1.0,5.0,0.7,1,26,0.0024752475247524753,-5.186833333333334,0.21739130434782608,0.06793478260869565,0.0,12.0,120000.0,20000.0,1.0,5.0,0.03,1
47.0,5225,0.2127659574468085,0.06648936170212766,0.0,12.0,120000.0,20000.0,1.0,6.0,0.03,3,90,0.0024752475247524753,-4.9785,0.2127659574468085,0.06648936170212766,0.0,12.0,120000.0,20000.0,1.0,6.0,0.03,1
47.0,5673,0.2127659574468085,0.06648936170212766,0.0,12.0,120000.0,20000.0,1.0,2.0,0.03,3,90,0.0024752475247524753,-4.9785,0.2127659574468085,0.06648936170212766,0.0,12.0,120000.0,20000.0,1.0,2.0,0.03,1
47.0,7923,0.2127659574468085,0.06648936170212766,0.0,12.0,120000.0,20000.0,1.0,5.0,0.03,1,54,0.0024752475247524753,-4.9785,0.2127659574468085,0.06648936170212766,0.0,12.0,120000.0,20000.0,1.0,5.0,0.03,1
48.0,1354,0.20833333333333334,0.06510416666666666,0.0,8.0,80000.0,0.0,0.0,6.0,0.03,3,63,0.0024752475247524753,-4.9785,0.20833333333333334,0.06510416666666666,0.0,8.0,80000.0,0.0,0.0,6.0,0.03,1
48.0,3781,0.20833333333333334,0.06510416666666666,0.0,25.0,400000.0,20000.0,1.0,2.0,0.03,2,71,0.0024752475247524753,-4.9785,0.20833333333333334,0.06510416666666666,0.0,25.0,400000.0,20000.0,1.0,2.0,0.03,1
48.0,8822,0.20833333333333334,0.06510416666666666,0.0,12.0,120000.0,0.0,0.0,2.0,0.03,2,71,0.0024752475247524753,-4.9785,0.20833333333333334,0.06510416666666666,0.0,12.0,120000.0,0.0,0.0,2.0,0.03,1
48.0,11972,0.20833333333333334,0.06510416666666666,0.0,12.0,120000.0,0.0,0.0,1.0,0.03,2,71,0.0024752475247524753,-4.9785,0.20833333333333334,0.06510416666666666,0.0,12.0,120000.0,0.0,0.0,1.0,0.03,1
43.0,7470,0.23255813953488372,0.07267441860465117,0.0,12.0,120000.0,20000.0,1.0,2.0,0.17,0,0,0.0024752475247524753,9.75125,0.20408163265306123,0.06377551020408163,12.5,12.0,120000.0,20000.0,2.0,2.0,0.03,0
49.0,2250,0.20408163265306123,0.06377551020408163,0.0,8.0,80000.0,0.0,0.0,5.0,0.03,2,71,0.0024752475247524753,-4.9785,0.20408163265306123,0.06377551020408163,0.0,8.0,80000.0,0.0,0.0,5.0,0.03,1
49.0,4142,0.20408163265306123,0.06377551020408163,0.0,25.0,400000.0,0.0,0.0,0.0,0.03,2,71,0.0024752475247524753,-4.9785,0.20408163265306123,0.06377551020408163,0.0,25.0,400000.0,0.0,0.0,0.0,0.03,1
49.0,4862,0.20408163265306123,0.06377551020408163,0.0,25.0,400000.0,0.0,0.0,5.0,0.03,2,71,0.0024752475247524753,-4.9785,0.20408163265306123,0.06377551020408163,0.0,25.0,400000.0,0.0,0.0,5.0,0.03,1
49.0,5226,0.20408163265306123,0.06377551020408163,0.0,12.0,120000.0,20000.0,1.0,6.0,0.03,1,55,0.0024752475247524753,-4.9785,0.20408163265306123,0.06377551020408163,0.0,12.0,120000.0,20000.0,1.0,6.0,0.03,1
49.0,5674,0.20408163265306123,0.06377551020408163,0.0,12.0,120000.0,20000.0,1.0,2.0,0.03,1,55,0.0024752475247524753,-4.9785,0.20408163265306123,0.06377551020408163,0.0,12.0,120000.0,20000.0,1.0,2.0,0.03,1
49.0,7025,0.20408163265306123,0.06377551020408163,12.5,12.0,120000.0,20000.0,2.0,4.0,0.03,2,33,0.0024752475247524753,-4.9785,0.20408163265306123,0.06377551020408163,12.5,12.0,120000.0,20000.0,2.0,4.0,0.03,1
49.0,7473,0.20408163265306123,0.06377551020408163,12.5,12.0,120000.0,20000.0,2.0,2.0,0.03,2,33,0.0024752475247524753,-4.9785,0.20408163265306123,0.06377551020408163,12.5,12.0,120000.0,20000.0,2.0,2.0,0.03,1
49.0,7924,0.20408163265306123,0.06377551020408163,0.0,12.0,120000.0,20000.0,1.0,5.0,0.03,1,7,0.0024752475247524753,-4.9785,0.20408163265306123,0.06377551020408163,0.0,12.0,120000.0,20000.0,1.0,5.0,0.03,1
50.0,1355,0.2,0.0625,0.0,8.0,80000.0,0.0,0.0,6.0,0.03,1,7,0.0024752475247524753,-4.9785,0.2,0.0625,0.0,8.0,80000.0,0.0,0.0,6.0,0.03,1
50.0,8823,0.2,0.0625,0.0,12.0,120000.0,0.0,0.0,2.0,0.03,1,7,0.0024752475247524753,-4.9785,0.2,0.0625,0.0,12.0,120000.0,0.0,0.0,2.0,0.03,1
50.0,11973,0.2,0.0625,0.0,12.0,120000.0,0.0,0.0,1.0,0.03,1,7,0.0024752475247524753,-4.9785,0.2,0.0625,0.0,12.0,120000.0,0.0,0.0,1.0,0.03,1
51.0,2251,0.19607843137254902,0.061274509803921566,0.0,8.0,80000.0,0.0,0.0,5.0,0.03,3,43,0.0024752475247524753,-4.9785,0.19607843137254902,0.061274509803921566,0.0,8.0,80000.0,0.0,0.0,5.0,0.03,1
51.0,3782,0.19607843137254902,0.061274509803921566,0.0,25.0,400000.0,20000.0,1.0,2.0,0.03,3,43,0.0024752475247524753,-4.9785,0.19607843137254902,0.061274509803921566,0.0,25.0,400000.0,20000.0,2.0,2.0,0.03,1
51.0,5227,0.19607843137254902,0.061274509803921566,0.0,12.0,120000.0,20000.0,1.0,6.0,0.03,3,22,0.0024752475247524753,-4.9785,0.19607843137254902,0.061274509803921566,0.0,12.0,120000.0,20000.0,1.0,6.0,0.03,1
51.0,5675,0.19607843137254902,0.061274509803921566,0.0,12.0,120000.0,20000.0,1.0,2.0,0.03,3,22,0.0024752475247524753,-4.9785,0.19607843137254902,0.061274509803921566,0.0,12.0,120000.0,20000.0,1.0,2.0,0.03,1
51.0,7026,0.19607843137254902,0.061274509803921566,12.5,12.0,120000.0,20000.0,2.0,4.0,0.03,1,18,0.0024752475247524753,-4.9785,0.19607843137254902,0.061274509803921566,12.5,12.0,120000.0,20000.0,2.0,4.0,0.03,1
51.0,7474,0.19607843137254902,0.061274509803921566,12.5,12.0,120000.0,20000.0,2.0,2.0,0.03,1,18,0.0024752475247524753,-4.9785,0.19607843137254902,0.061274509803921566,12.5,12.0,120000.0,20000.0,2.0,2.0,0.03,1
51.0,7925,0.19607843137254902,0.061274509803921566,0.0,12.0,120000.0,20000.0,1.0,5.0,0.03,2,22,0.0024752475247524753,-4.9785,0.19607843137254902,0.061274509803921566,0.0,12.0,120000.0,20000.0,1.0,5.0,0.03,1
52.0,1356,0.19230769230769232,0.06009615384615385,0.0,8.0,80000.0,0.0,0.0,6.0,0.03,2,22,0.0024752475247524753,-4.9785,0.19230769230769232,0.06009615384615385,0.0,8.0,80000.0,0.0,0.0,6.0,0.03,1
52.0,4143,0.19230769230769232,0.06009615384615385,0.0,25.0,400000.0,0.0,0.0,0.0,0.03,2,22,0.0024752475247524753,-4.9785,0.19230769230769232,0.06009615384615385,0.0,25.0,400000.0,0.0,0.0,0.0,0.03,1
52.0,4863,0.19230769230769232,0.06009615384615385,0.0,25.0,400000.0,0.0,0.0,5.0,0.03,2,22,0.0024752475247524753,-4.9785,0.19230769230769232,0.06009615384615385,0.0,25.0,400000.0,0.0,0.0,5.0,0.03,1
52.0,8824,0.19230769230769232,0.06009615384615385,0.0,12.0,120000.0,0.0,0.0,2.0,0.03,2,22,0.0024752475247524753,-4.9785,0.19230769230769232,0.06009615384615385,0.0,12.0,120000.0,0.0,0.0,2.0,0.03,1
52.0,11974,0.19230769230769232,0.06009615384615385,0.0,12.0,120000.0,0.0,0.0,1.0,0.03,2,22,0.0024752475247524753,-4.9785,0.19230769230769232,0.06009615384615385,0.0,12.0,120000.0,0.0,0.0,1.0,0.03,1
47.0,7024,0.2127659574468085,0.06648936170212766,0.0,12.0,120000.0,20000.0,1.0,5.0,0.03,0,0,0.0024752475247524753,9.7515,0.18867924528301888,0.0589622641509434,0.0,12.0,120000.0,20000.0,1.0,4.0,0.03,0
53.0,2252,0.18867924528301888,0.0589622641509434,0.0,8.0,80000.0,0.0,0.0,5.0,0.03,2,22,0.0024752475247524753,-4.9785,0.18867924528301888,0.0589622641509434,0.0,8.0,80000.0,0.0,0.0,5.0,0.03,1
53.0,3420,0.18867924528301888,0.0589622641509434,0.0,25.0,400000.0,20000.0,1.0,2.0,0.03,2,22,0.0024752475247524753,-4.9785,0.18867924528301888,0.0589622641509434,0.0,25.0,400000.0,20000.0,1.0,2.0,0.03,1
53.0,5228,0.18867924528301888,0.0589622641509434,0.0,12.0,120000.0,20000.0,1.0,6.0,0.03,3,35,0.0024752475247524753,-4.9785,0.18867924528301888,0.0589622641509434,0.0,12.0,120000.0,20000.0,1.0,6.0,0.03,1
53.0,5676,0.18867924528301888,0.0589622641509434,0.0,12.0,120000.0,20000.0,1.0,2.0,0.03,3,35,0.0024752475247524753,-4.9785,0.18867924528301888,0.0589622641509434,0.0,12.0,120000.0,20000.0,1.0,2.0,0.03,1
53.0,7027,0.18867924528301888,0.0589622641509434,0.0,12.0,120000.0,20000.0,1.0,4.0,0.03,1,39,0.0024752475247524753,-4.9785,0.18867924528301888,0.0589622641509434,0.0,12.0,120000.0,20000.0,1.0,4.0,0.03,1
53.0,7475,0.18867924528301888,0.0589622641509434,12.5,12.0,120000.0,20000.0,2.0,2.0,0.03,1,39,0.0024752475247524753,-4.9785,0.18867924528301888,0.0589622641509434,12.5,12.0,120000.0,20000.0,2.0,2.0,0.03,1
47.0,7472,0.2127659574468085,0.06648936170212766,12.5,12.0,120000.0,20000.0,2.0,2.0,0.03,0,0,0.0024752475247524753,9.751082916666666,0.18864361655468467,0.05895113017333896,0.0,12.0,120000.0,20000.0,1.0,2.0,0.03,0
54.0,1357,0.1851851851851852,0.2507716049382716,0.0,8.0,80000.0,0.0,0.0,6.0,0.03,2,39,0.0024752475247524753,-4.9785,0.1851851851851852,0.2507716049382716,0.0,8.0,80000.0,0.0,0.0,6.0,0.03,1
54.0,3783,0.1851851851851852,0.2507716049382716,0.0,25.0,400000.0,20000.0,3.0,2.0,0.03,3,56,0.0024752475247524753,-4.9785,0.1851851851851852,0.2507716049382716,0.0,25.0,400000.0,20000.0,3.0,2.0,0.03,1
54.0,8825,0.1851851851851852,0.2507716049382716,0.0,12.0,120000.0,0.0,0.0,2.0,0.03,3,56,0.0024752475247524753,-4.9785,0.1851851851851852,0.2507716049382716,0.0,12.0,120000.0,0.0,0.0,2.0,0.03,1
54.0,11975,0.1851851851851852,0.2507716049382716,0.0,12.0,120000.0,0.0,0.0,1.0,0.03,3,56,0.0024752475247524753,-4.9785,0.1851851851851852,0.2507716049382716,0.0,12.0,120000.0,0.0,0.0,1.0,0.03,1
55.0,2253,0.18181818181818182,0.2462121212121212,0.0,8.0,80000.0,0.0,0.0,5.0,0.03,3,56,0.0024752475247524753,-4.9785,0.18181818181818182,0.2462121212121212,0.0,8.0,80000.0,0.0,0.0,5.0,0.03,1
55.0,4144,0.18181818181818182,0.2462121212121212,0.0,25.0,400000.0,0.0,0.0,0.0,0.03,3,56,0.0024752475247524753,-4.9785,0.18181818181818182,0.2462121212121212,0.0,25.0,400000.0,0.0,0.0,0.0,0.03,1
55.0,4864,0.18181818181818182,0.2462121212121212,0.0,25.0,400000.0,0.0,0.0,5.0,0.03,1,42,0.0024752475247524753,-4.9785,0.18181818181818182,0.2462121212121212,0.0,25.0,400000.0,0.0,0.0,5.0,0.03,1
55.0,5229,0.18181818181818182,0.2462121212121212,0.0,12.0,120000.0,20000.0,1.0,6.0,0.03,1,42,0.0024752475247524753,-4.9785,0.18181818181818182,0.2462121212121212,0.0,12.0,120000.0,20000.0,1.0,6.0,0.03,1
55.0,5677,0.18181818181818182,0.2462121212121212,0.0,12.0,120000.0,20000.0,1.0,2.0,0.03,1,77,0.0024752475247524753,-4.9785,0.18181818181818182,0.2462121212121212,0.0,12.0,120000.0,20000.0,1.0,2.0,0.03,1
55.0,7028,0.18181818181818182,0.2462121212121212,0.0,12.0,120000.0,20000.0,2.0,4.0,0.03,1,77,0.0024752475247524753,-4.9785,0.18181818181818182,0.2462121212121212,0.0,12.0,120000.0,20000.0,2.0,4.0,0.03,1
55.0,7476,0.18181818181818182,0.2462121212121212,0.0,12.0,120000.0,20000.0,1.0,3.0,0.03,2,59,0.0024752475247524753,-4.9785,0.18181818181818182,0.2462121212121212,0.0,12.0,120000.0,20000.0,1.0,3.0,0.03,1
55.0,7927,0.18181818181818182,0.2462121212121212,12.5,12.0,120000.0,20000.0,2.0,4.0,0.03,2,59,0.0024752475247524753,-4.9785,0.18181818181818182,0.2462121212121212,12.5,12.0,120000.0,20000.0,2.0,4.0,0.03,1
55.0,11520,0.18181818181818182,0.2462121212121212,0.0,12.0,120000.0,0.0,0.0,2.0,0.03,1,91,0.0024752475247524753,-4.9785,0.18181818181818182,0.2462121212121212,0.0,12.0,120000.0,0.0,0.0,2.0,0.03,1
56.0,1358,0.17857142857142858,0.2418154761904762,0.0,8.0,80000.0,0.0,0.0,6.0,0.03,1,91,0.0024752475247524753,-4.9785,0.17857142857142858,0.2418154761904762,0.0,8.0,80000.0,0.0,0.0,6.0,0.03,1
56.0,3421,0.17857142857142858,0.2418154761904762,0.0,25.0,400000.0,20000.0,2.0,2.0,0.03,2,64,0.0024752475247524753,-4.9785,0.17857142857142858,0.2418154761904762,0.0,25.0,400000.0,20000.0,2.0,2.0,0.03,1
56.0,8826,0.17857142857142858,0.2418154761904762,0.0,12.0,120000.0,0.0,0.0,2.0,0.03,2,64,0.0024752475247524753,-4.9785,0.17857142857142858,0.2418154761904762,0.0,12.0,120000.0,0.0,0.0,2.0,0.03,1
56.0,11976,0.17857142857142858,0.2418154761904762,0.0,12.0,120000.0,0.0,0.0,1.0,0.03,3,91,0.0024752475247524753,-4.9785,0.17857142857142858,0.2418154761904762,0.0,12.0,120000.0,0.0,0.0,1.0,0.03,1
57.0,2254,0.17543859649122806,0.23757309941520466,0.0,8.0,80000.0,0.0,0.0,5.0,0.03,3,91,0.0024752475247524753,-4.9785,0.17543859649122806,0.23757309941520466,0.0,8.0,80000.0,0.0,0.0,5.0,0.03,1
57.0,5678,0.17543859649122806,0.23757309941520466,0.0,12.0,120000.0,20000.0,1.0,2.0,0.03,2,34,0.0024752475247524753,-4.9785,0.17543859649122806,0.23757309941520466,0.0,12.0,120000.0,20000.0,1.0,2.0,0.03,1
57.0,7029,0.17543859649122806,0.23757309941520466,0.0,12.0,120000.0,20000.0,2.0,4.0,0.03,2,34,0.0024752475247524753,-4.9785,0.17543859649122806,0.23757309941520466,0.0,12.0,120000.0,20000.0,2.0,4.0,0.03,1
57.0,7477,0.17543859649122806,0.23757309941520466,0.0,12.0,120000.0,20000.0,1.0,3.0,0.03,3,67,0.0024752475247524753,-4.9785,0.17543859649122806,0.23757309941520466,0.0,12.0,120000.0,20000.0,1.0,3.0,0.03,1
57.0,7928,0.17543859649122806,0.23757309941520466,12.5,12.0,120000.0,20000.0,2.0,4.0,0.03,3,67,0.0024752475247524753,-4.9785,0.17543859649122806,0.23757309941520466,12.5,12.0,120000.0,20000.0,2.0,4.0,0.03,1
57.0,9270,0.17543859649122806,0.23757309941520466,0.0,12.0,120000.0,0.0,0.0,7.0,0.03,3,44,0.0024752475247524753,-4.9785,0.17543859649122806,0.23757309941520466,0.0,12.0,120000.0,0.0,0.0,7.0,0.03,1
57.0,11521,0.17543859649122806,0.23757309941520466,0.0,12.0,120000.0,0.0,0.0,2.0,0.03,3,44,0.0024752475247524753,-4.9785,0.17543859649122806,0.23757309941520466,0.0,12.0,120000.0,0.0,0.0,2.0,0.03,1
58.0,1359,0.1724137931034483,0.2334770114942529,0.0,8.0,80000.0,0.0,0.0,6.0,0.03,1,70,0.0024752475247524753,-4.9785,0.1724137931034483,0.2334770114942529,0.0,8.0,80000.0,0.0,0.0,6.0,0.03,1
58.0,4145,0.1724137931034483,0.2334770114942529,0.0,25.0,400000.0,0.0,0.0,0.0,0.03,3,70,0.0024752475247524753,-4.9785,0.1724137931034483,0.2334770114942529,0.0,25.0,400000.0,0.0,0.0,0.0,0.03,1
58.0,4865,0.1724137931034483,0.2334770114942529,0.0,25.0,400000.0,0.0,0.0,5.0,0.03,2,84,0.0024752475247524753,-4.9785,0.1724137931034483,0.2334770114942529,0.0,25.0,400000.0,0.0,0.0,5.0,0.03,1
58.0,8827,0.1724137931034483,0.2334770114942529,0.0,12.0,120000.0,0.0,0.0,2.0,0.03,2,84,0.0024752475247524753,-4.9785,0.1724137931034483,0.2334770114942529,0.0,12.0,120000.0,0.0,0.0,2.0,0.03,1
58.0,11977,0.1724137931034483,0.2334770114942529,0.0,12.0,120000.0,0.0,0.0,0.0,0.03,3,3,0.0024752475247524753,-4.98,0.1724137931034483,0.2334770114942529,0.0,12.0,120000.0,0.0,0.0,0.0,0.0,1
53.0,7926,0.18867924528301888,0.0589622641509434,0.0,12.0,120000.0,20000.0,1.0,5.0,0.03,0,0,0.0024752475247524753,9.75,0.1694915254237288,0.22951977401129944,0.0,12.0,120000.0,20000.0,1.0,3.0,0.0,0
59.0,2255,0.1694915254237288,0.22951977401129944,0.0,8.0,80000.0,0.0,0.0,5.0,0.0,3,7,0.0024752475247524753,-4.98,0.1694915254237288,0.22951977401129944,0.0,8.0,80000.0,0.0,0.0,5.0,0.0,1
59.0,3422,0.1694915254237288,0.22951977401129944,0.0,25.0,400000.0,20000.0,2.0,2.0,0.0,3,7,0.0024752475247524753,-4.98,0.1694915254237288,0.22951977401129944,0.0,25.0,400000.0,20000.0,2.0,2.0,0.0,1
59.0,5231,0.1694915254237288,0.22951977401129944,12.5,12.0,120000.0,20000.0,3.0,7.0,0.0,2,30,0.0024752475247524753,-4.98,0.1694915254237288,0.22951977401129944,12.5,12.0,120000.0,20000.0,3.0,7.0,0.0,1
59.0,5679,0.1694915254237288,0.22951977401129944,0.0,12.0,120000.0,20000.0,1.0,2.0,0.0,2,30,0.0024752475247524753,-4.98,0.1694915254237288,0.22951977401129944,0.0,12.0,120000.0,20000.0,1.0,2.0,0.0,1
59.0,7929,0.1694915254237288,0.22951977401129944,0.0,12.0,120000.0,20000.0,1.0,3.0,0.0,2,51,0.0024752475247524753,-4.98,0.1694915254237288,0.22951977401129944,0.0,12.0,120000.0,20000.0,1.0,3.0,0.0,1
59.0,9271,0.1694915254237288,0.22951977401129944,0.0,12.0,120000.0,0.0,0.0,7.0,0.0,2,51,0.0024752475247524753,-4.98,0.1694915254237288,0.22951977401129944,0.0,12.0,120000.0,0.0,0.0,7.0,0.0,1
59.0,10620,0.1694915254237288,0.22951977401129944,0.0,12.0,120000.0,0.0,0.0,5.0,0.0,2,68,0.0024752475247524753,-4.98,0.1694915254237288,0.22951977401129944,0.0,12.0,120000.0,0.0,0.0,5.0,0.0,1
59.0,11522,0.1694915254237288,0.22951977401129944,0.0,12.0,120000.0,0.0,0.0,2.0,0.0,2,68,0.0024752475247524753,-4.98,0.1694915254237288,0.22951977401129944,0.0,12.0,120000.0,0.0,0.0,2.0,0.0,1
60.0,1360,0.16666666666666669,0.22569444444444442,0.0,8.0,80000.0,0.0,0.0,6.0,0.0,2,94,0.0024752475247524753,-4.98,0.16666666666666669,0.22569444444444442,0.0,8.0,80000.0,0.0,0.0,6.0,0.0,1
60.0,3785,0.16666666666666669,0.22569444444444442,12.5,25.0,400000.0,20000.0,4.0,1.0,0.0,2,94,0.0024752475247524753,-4.98,0.16666666666666669,0.22569444444444442,12.5,25.0,400000.0,20000.0,4.0,1.0,0.0,1
60.0,8828,0.16666666666666669,0.22569444444444442,0.0,12.0,120000.0,0.0,0.0,2.0,0.0,2,94,0.0024752475247524753,-4.98,0.16666666666666669,0.22569444444444442,0.0,12.0,120000.0,0.0,0.0,2.0,0.0,1
60.0,9721,0.16666666666666669,0.22569444444444442,0.0,12.0,120000.0,0.0,0.0,2.0,0.0,2,94,0.0024752475247524753,-4.98,0.16666666666666669,0.22569444444444442,0.0,12.0,120000.0,0.0,0.0,2.0,0.0,1
60.0,11978,0.16666666666666669,0.22569444444444442,0.0,12.0,120000.0,0.0,0.0,0.0,0.0,2,94,0.0024752475247524753,-4.98,0.16666666666666669,0.22569444444444442,0.0,12.0,120000.0,0.0,0.0,0.0,0.0,1
43.0,4140,0.23255813953488372,0.07267441860465117,0.0,25.0,400000.0,0.0,0.0,0.0,0.17,2,7,0.0024752475247524753,-5.333533533333334,0.16480797151986407,0.22317746143314926,0.0,25.0,400000.0,0.0,0.0,0.0,0.0,1
61.0,2256,0.16393442622950818,0.22199453551912568,0.0,8.0,80000.0,0.0,0.0,5.0,0.0,2,94,0.0024752475247524753,-4.98,0.16393442622950818,0.22199453551912568,0.0,8.0,80000.0,0.0,0.0,5.0,0.0,1
61.0,4146,0.16393442622950818,0.22199453551912568,0.0,25.0,400000.0,0.0,0.0,0.0,0.0,2,92,0.0024752475247524753,-4.98,0.16393442622950818,0.22199453551912568,0.0,25.0,400000.0,0.0,0.0,0.0,0.0,1
61.0,4866,0.16393442622950818,0.22199453551912568,0.0,25.0,400000.0,0.0,0.0,5.0,0.0,2,92,0.0024752475247524753,-4.98,0.16393442622950818,0.22199453551912568,0.0,25.0,400000.0,0.0,0.0,5.0,0.0,1
61.0,5232,0.16393442622950818,0.22199453551912568,12.5,12.0,120000.0,20000.0,3.0,7.0,0.0,1,55,0.0024752475247524753,-4.98,0.16393442622950818,0.22199453551912568,12.5,12.0,120000.0,20000.0,3.0,7.0,0.0,1
61.0,9272,0.16393442622950818,0.22199453551912568,0.0,12.0,120000.0,0.0,0.0,7.0,0.0,2,96,0.0024752475247524753,-4.98,0.16393442622950818,0.22199453551912568,0.0,12.0,120000.0,0.0,0.0,7.0,0.0,1
61.0,10621,0.16393442622950818,0.22199453551912568,0.0,12.0,120000.0,0.0,0.0,4.0,0.0,2,96,0.0024752475247524753,-4.98,0.16393442622950818,0.22199453551912568,0.0,12.0,120000.0,0.0,0.0,4.0,0.0,1
61.0,11523,0.16393442622950818,0.22199453551912568,0.0,12.0,120000.0,0.0,0.0,2.0,0.0,2,69,0.0024752475247524753,-4.98,0.16393442622950818,0.22199453551912568,0.0,12.0,120000.0,0.0,0.0,2.0,0.0,1
62.0,1361,0.16129032258064516,0.21841397849462363,0.0,8.0,80000.0,0.0,0.0,6.0,0.0,2,69,0.0024752475247524753,-4.98,0.16129032258064516,0.21841397849462363,0.0,8.0,80000.0,0.0,0.0,6.0,0.0,1
62.0,8829,0.16129032258064516,0.21841397849462363,0.0,12.0,120000.0,0.0,0.0,2.0,0.0,2,69,0.0024752475247524753,-4.98,0.16129032258064516,0.21841397849462363,0.0,12.0,120000.0,0.0,0.0,2.0,0.0,1
62.0,9722,0.16129032258064516,0.21841397849462363,0.0,12.0,120000.0,0.0,0.0,2.0,0.0,1,28,0.0024752475247524753,-4.98,0.16129032258064516,0.21841397849462363,0.0,12.0,120000.0,0.0,0.0,2.0,0.0,1
62.0,11979,0.16129032258064516,0.21841397849462363,0.0,12.0,120000.0,0.0,0.0,0.0,0.0,2,28,0.0024752475247524753,-4.98,0.16129032258064516,0.21841397849462363,0.0,12.0,120000.0,0.0,0.0,0.0,0.0,1
57.0,5230,0.17543859649122806,0.23757309941520466,0.0,12.0,120000.0,20000.0,2.0,6.0,0.03,0,0,0.0024752475247524753,9.75,0.15873015873015872,0.21494708994708994,0.0,12.0,120000.0,20000.0,2.0,7.0,0.0,0
63.0,1800,0.15873015873015872,0.21494708994708994,0.0,8.0,80000.0,0.0,0.0,3.0,0.0,1,55,0.0024752475247524753,-4.98,0.15873015873015872,0.21494708994708994,0.0,8.0,80000.0,0.0,0.0,3.0,0.0,1
63.0,2257,0.15873015873015872,0.21494708994708994,0.0,8.0,80000.0,0.0,0.0,5.0,0.0,1,55,0.0024752475247524753,-4.98,0.15873015873015872,0.21494708994708994,0.0,8.0,80000.0,0.0,0.0,5.0,0.0,1
63.0,5233,0.15873015873015872,0.21494708994708994,0.0,12.0,120000.0,20000.0,2.0,7.0,0.0,2,39,0.0024752475247524753,-4.98,0.15873015873015872,0.21494708994708994,0.0,12.0,120000.0,20000.0,2.0,7.0,0.0,1
63.0,5681,0.15873015873015872,0.21494708994708994,12.5,12.0,120000.0,20000.0,2.0,2.0,0.0,2,39,0.0024752475247524753,-4.98,0.15873015873015872,0.21494708994708994,12.5,12.0,120000.0,20000.0,2.0,2.0,0.0,1
63.0,7032,0.15873015873015872,0.21494708994708994,25.0,12.0,120000.0,20000.0,4.0,5.0,0.0,3,93,0.0024752475247524753,-4.975,0.15873015873015872,0.21494708994708994,25.0,12.0,120000.0,20000.0,4.0,5.0,0.0,1
63.0,7480,0.15873015873015872,0.21494708994708994,25.0,12.0,120000.0,20000.0,3.0,5.0,0.0,3,93,0.0024752475247524753,-4.975,0.15873015873015872,0.21494708994708994,25.0,12.0,120000.0,20000.0,3.0,5.0,0.0,1
63.0,7931,0.15873015873015872,0.21494708994708994,12.5,12.0,120000.0,20000.0,2.0,3.0,0.0,3,16,0.0024752475247524753,-4.98,0.15873015873015872,0.21494708994708994,12.5,12.0,120000.0,20000.0,2.0,3.0,0.0,1
63.0,9273,0.15873015873015872,0.21494708994708994,0.0,12.0,120000.0,0.0,0.0,7.0,0.0,3,16,0.0024752475247524753,-4.98,0.15873015873015872,0.21494708994708994,0.0,12.0,120000.0,0.0,0.0,7.0,0.0,1
63.0,10622,0.15873015873015872,0.21494708994708994,0.0,12.0,120000.0,0.0,0.0,4.0,0.0,3,11,0.0024752475247524753,-4.98,0.15873015873015872,0.21494708994708994,0.0,12.0,120000.0,0.0,0.0,4.0,0.0,1
63.0,11524,0.15873015873015872,0.21494708994708994,0.0,12.0,120000.0,0.0,0.0,2.0,0.0,3,11,0.0024752475247524753,-4.98,0.15873015873015872,0.21494708994708994,0.0,12.0,120000.0,0.0,0.0,2.0,0.0,1
64.0,1362,0.15625,0.21158854166666666,0.0,8.0,80000.0,0.0,0.0,6.0,0.0,3,11,0.0024752475247524753,-4.98,0.15625,0.21158854166666666,0.0,8.0,80000.0,0.0,0.0,6.0,0.0,1
64.0,4147,0.15625,0.21158854166666666,0.0,25.0,400000.0,0.0,0.0,1.0,0.0,3,11,0.0024752475247524753,-4.98,0.15625,0.21158854166666666,0.0,25.0,400000.0,0.0,0.0,1.0,0.0,1
64.0,4867,0.15625,0.21158854166666666,0.0,25.0,400000.0,0.0,0.0,5.0,0.0,3,11,0.0024752475247524753,-4.98,0.15625,0.21158854166666666,0.0,25.0,400000.0,0.0,0.0,5.0,0.0,1
64.0,8830,0.15625,0.21158854166666666,0.0,12.0,120000.0,0.0,0.0,2.0,0.0,3,11,0.0024752475247524753,-4.98,0.15625,0.21158854166666666,0.0,12.0,120000.0,0.0,0.0,2.0,0.0,1
64.0,9723,0.15625,0.21158854166666666,0.0,12.0,120000.0,0.0,0.0,2.0,0.0,3,11,0.0024752475247524753,-4.98,0.15625,0.21158854166666666,0.0,12.0,120000.0,0.0,0.0,2.0,0.0,1
64.0,11980,0.15625,0.21158854166666666,0.0,12.0,120000.0,0.0,0.0,0.0,0.0,3,11,0.0024752475247524753,-4.98,0.15625,0.21158854166666666,0.0,12.0,120000.0,0.0,0.0,0.0,0.0,1
59.0,7030,0.1694915254237288,0.22951977401129944,0.0,12.0,120000.0,20000.0,2.0,5.0,0.0,0,0,0.0024752475247524753,9.74975,0.15384615384615385,0.20833333333333334,12.5,12.0,120000.0,20000.0,3.0,5.0,0.0,0
59.0,7478,0.1694915254237288,0.22951977401129944,0.0,12.0,120000.0,20000.0,1.0,5.0,0.0,0,0,0.0024752475247524753,9.74975,0.15384615384615385,0.20833333333333334,12.5,12.0,120000.0,20000.0,2.0,5.0,0.0,0
65.0,1801,0.15384615384615385,0.20833333333333334,0.0,8.0,80000.0,0.0,0.0,3.0,0.0,1,84,0.0024752475247524753,-4.98,0.15384615384615385,0.20833333333333334,0.0,8.0,80000.0,0.0,0.0,3.0,0.0,1
65.0,2258,0.15384615384615385,0.20833333333333334,0.0,8.0,80000.0,0.0,0.0,5.0,0.0,1,84,0.0024752475247524753,-4.98,0.15384615384615385,0.20833333333333334,0.0,8.0,80000.0,0.0,0.0,5.0,0.0,1
65.0,3424,0.15384615384615385,0.20833333333333334,12.5,25.0,400000.0,20000.0,3.0,2.0,0.0,1,31,0.0024752475247524753,-4.98,0.15384615384615385,0.20833333333333334,12.5,25.0,400000.0,20000.0,3.0,2.0,0.0,1
65.0,4500,0.15384615384615385,0.20833333333333334,0.0,25.0,400000.0,20000.0,1.0,2.0,0.0,1,31,0.0024752475247524753,-4.98,0.15384615384615385,0.20833333333333334,0.0,25.0,400000.0,20000.0,1.0,2.0,0.0,1
65.0,5234,0.15384615384615385,0.20833333333333334,0.0,12.0,120000.0,20000.0,2.0,7.0,0.0,3,35,0.0024752475247524753,-4.98,0.15384615384615385,0.20833333333333334,0.0,12.0,120000.0,20000.0,2.0,7.0,0.0,1
65.0,5682,0.15384615384615385,0.20833333333333334,12.5,12.0,120000.0,20000.0,2.0,2.0,0.0,3,35,0.0024752475247524753,-4.98,0.15384615384615385,0.20833333333333334,12.5,12.0,120000.0,20000.0,2.0,2.0,0.0,1
65.0,7033,0.15384615384615385,0.20833333333333334,12.5,12.0,120000.0,20000.0,3.0,5.0,0.0,2,100,0.0024752475247524753,-4.98,0.15384615384615385,0.20833333333333334,12.5,12.0,120000.0,20000.0,3.0,5.0,0.0,1
65.0,7481,0.15384615384615385,0.20833333333333334,12.5,12.0,120000.0,20000.0,2.0,5.0,0.0,2,100,0.0024752475247524753,-4.98,0.15384615384615385,0.20833333333333334,12.5,12.0,120000.0,20000.0,2.0,5.0,0.0,1
65.0,9274,0.15384615384615385,0.20833333333333334,0.0,12.0,120000.0,0.0,0.0,7.0,0.0,1,100,0.0024752475247524753,-4.98,0.15384615384615385,0.20833333333333334,0.0,12.0,120000.0,0.0,0.0,7.0,0.0,1
65.0,10623,0.15384615384615385,0.20833333333333334,0.0,12.0,120000.0,0.0,0.0,4.0,0.0,3,29,0.0024752475247524753,-4.98,0.15384615384615385,0.20833333333333334,0.0,12.0,120000.0,0.0,0.0,4.0,0.0,1
65.0,11525,0.15384615384615385,0.20833333333333334,0.0,12.0,120000.0,0.0,0.0,2.0,0.0,3,29,0.0024752475247524753,-4.98,0.15384615384615385,0.20833333333333334,0.0,12.0,120000.0,0.0,0.0,2.0,0.0,1
58.0,9720,0.1724137931034483,0.2334770114942529,0.0,12.0,120000.0,0.0,0.0,2.0,0.03,1,3,0.0024752475247524753,-5.2716666666666665,0.15384615384615385,0.20833333333333334,0.0,12.0,120000.0,0.0,0.0,2.0,0.0,1
66.0,1363,0.15151515151515152,0.2051767676767677,0.0,8.0,80000.0,0.0,0.0,6.0,0.0,3,29,0.0024752475247524753,-4.98,0.15151515151515152,0.2051767676767677,0.0,8.0,80000.0,0.0,0.0,6.0,0.0,1
66.0,3787,0.15151515151515152,0.2051767676767677,25.0,25.0,400000.0,20000.0,5.0,1.0,0.0,3,29,0.0024752475247524753,-4.975,0.15151515151515152,0.2051767676767677,25.0,25.0,400000.0,20000.0,5.0,1.0,0.0,1
66.0,8831,0.15151515151515152,0.2051767676767677,0.0,12.0,120000.0,0.0,0.0,2.0,0.0,2,55,0.0024752475247524753,-4.98,0.15151515151515152,0.2051767676767677,0.0,12.0,120000.0,0.0,0.0,2.0,0.0,1
66.0,9724,0.15151515151515152,0.2051767676767677,0.0,12.0,120000.0,0.0,0.0,2.0,0.0,2,55,0.0024752475247524753,-4.98,0.15151515151515152,0.2051767676767677,0.0,12.0,120000.0,0.0,0.0,2.0,0.0,1
66.0,11981,0.15151515151515152,0.2051767676767677,0.0,12.0,120000.0,0.0,0.0,0.0,0.0,2,55,0.0024752475247524753,-4.98,0.15151515151515152,0.2051767676767677,0.0,12.0,120000.0,0.0,0.0,0.0,0.0,1
61.0,5680,0.16393442622950818,0.22199453551912568,0.0,12.0,120000.0,20000.0,1.0,2.0,0.0,1,55,0.0024752475247524753,9.77,0.1492537313432836,0.2021144278606965,0.0,12.0,120000.0,20000.0,1.0,2.0,0.0,0
61.0,7930,0.16393442622950818,0.22199453551912568,0.0,12.0,120000.0,20000.0,1.0,3.0,0.0,0,0,0.0024752475247524753,9.74975,0.1492537313432836,0.2021144278606965,12.5,12.0,120000.0,20000.0,2.0,3.0,0.0,0
67.0,1802,0.1492537313432836,0.2021144278606965,0.0,8.0,80000.0,0.0,0.0,3.0,0.0,2,55,0.0024752475247524753,-4.98,0.1492537313432836,0.2021144278606965,0.0,8.0,80000.0,0.0,0.0,3.0,0.0,1
67.0,2259,0.1492537313432836,0.2021144278606965,0.0,8.0,80000.0,0.0,0.0,5.0,0.0,2,55,0.0024752475247524753,-4.98,0.1492537313432836,0.2021144278606965,0.0,8.0,80000.0,0.0,0.0,5.0,0.0,1
67.0,4148,0.1492537313432836,0.2021144278606965,0.0,25.0,400000.0,0.0,0.0,1.0,0.0,2,55,0.0024752475247524753,-4.98,0.1492537313432836,0.2021144278606965,0.0,25.0,400000.0,0.0,0.0,1.0,0.0,1
67.0,4868,0.1492537313432836,0.2021144278606965,0.0,25.0,400000.0,0.0,0.0,5.0,0.0,2,72,0.0024752475247524753,-4.98,0.1492537313432836,0.2021144278606965,0.0,25.0,400000.0,0.0,0.0,5.0,0.0,1
67.0,5235,0.1492537313432836,0.2021144278606965,0.0,12.0,120000.0,20000.0,2.0,7.0,0.0,2,72,0.0024752475247524753,-4.98,0.1492537313432836,0.2021144278606965,0.0,12.0,120000.0,20000.0,2.0,7.0,0.0,1
67.0,5683,0.1492537313432836,0.2021144278606965,0.0,12.0,120000.0,20000.0,1.0,2.0,0.0,2,48,0.0024752475247524753,-4.98,0.1492537313432836,0.2021144278606965,0.0,12.0,120000.0,20000.0,1.0,2.0,0.0,1
67.0,7034,0.1492537313432836,0.2021144278606965,12.5,12.0,120000.0,20000.0,3.0,5.0,0.0,2,48,0.0024752475247524753,-4.98,0.1492537313432836,0.2021144278606965,12.5,12.0,120000.0,20000.0,3.0,5.0,0.0,1
67.0,7482,0.1492537313432836,0.2021144278606965,12.5,12.0,120000.0,20000.0,2.0,4.0,0.0,3,25,0.0024752475247524753,-4.98,0.1492537313432836,0.2021144278606965,12.5,12.0,120000.0,20000.0,2.0,4.0,0.0,1
67.0,7933,0.1492537313432836,0.2021144278606965,12.5,12.0,120000.0,20000.0,2.0,3.0,0.0,3,25,0.0024752475247524753,-4.98,0.1492537313432836,0.2021144278606965,12.5,12.0,120000.0,20000.0,2.0,3.0,0.0,1
67.0,9275,0.1492537313432836,0.2021144278606965,0.0,12.0,120000.0,0.0,0.0,7.0,0.0,3,25,0.0024752475247524753,-4.98,0.1492537313432836,0.2021144278606965,0.0,12.0,120000.0,0.0,0.0,7.0,0.0,1
67.0,10624,0.1492537313432836,0.2021144278606965,0.0,12.0,120000.0,0.0,0.0,4.0,0.0,3,25,0.0024752475247524753,-4.98,0.1492537313432836,0.2021144278606965,0.0,12.0,120000.0,0.0,0.0,4.0,0.0,1
67.0,11526,0.1492537313432836,0.2021144278606965,0.0,12.0,120000.0,0.0,0.0,2.0,0.0,3,25,0.0024752475247524753,-4.98,0.1492537313432836,0.2021144278606965,0.0,12.0,120000.0,0.0,0.0,2.0,0.0,1
67.0,12420,0.1492537313432836,0.2021144278606965,0.0,12.0,120000.0,0.0,0.0,4.0,0.0,3,25,0.0024752475247524753,-4.98,0.1492537313432836,0.2021144278606965,0.0,12.0,120000.0,0.0,0.0,4.0,0.0,1
61.0,7031,0.16393442622950818,0.22199453551912568,12.5,12.0,120000.0,20000.0,3.0,5.0,0.0,0,0,0.0024752475247524753,9.749582916666666,0.14923143572131986,0.20208423587262064,0.0,12.0,120000.0,20000.0,2.0,5.0,0.0,0
61.0,7479,0.16393442622950818,0.22199453551912568,12.5,12.0,120000.0,20000.0,2.0,5.0,0.0,0,0,0.0024752475247524753,9.749582916666666,0.14923143572131986,0.20208423587262064,0.0,12.0,120000.0,20000.0,1.0,4.0,0.0,0
68.0,1364,0.14705882352941177,0.19914215686274508,0.0,8.0,80000.0,0.0,0.0,6.0,0.0,3,83,0.0024752475247524753,-4.98,0.14705882352941177,0.19914215686274508,0.0,8.0,80000.0,0.0,0.0,6.0,0.0,1
68.0,3425,0.14705882352941177,0.19914215686274508,12.5,25.0,400000.0,20000.0,3.0,2.0,0.0,3,83,0.0024752475247524753,-4.98,0.14705882352941177,0.19914215686274508,12.5,25.0,400000.0,20000.0,3.0,2.0,0.0,1
68.0,4501,0.14705882352941177,0.19914215686274508,0.0,25.0,400000.0,20000.0,1.0,3.0,0.0,3,62,0.0024752475247524753,-4.98,0.14705882352941177,0.19914215686274508,0.0,25.0,400000.0,20000.0,1.0,3.0,0.0,1
68.0,8832,0.14705882352941177,0.19914215686274508,0.0,12.0,120000.0,0.0,0.0,3.0,0.0,3,62,0.0024752475247524753,-4.98,0.14705882352941177,0.19914215686274508,0.0,12.0,120000.0,0.0,0.0,3.0,0.0,1
68.0,9725,0.14705882352941177,0.19914215686274508,0.0,12.0,120000.0,0.0,0.0,3.0,0.0,2,75,0.0024752475247524753,-4.98,0.14705882352941177,0.19914215686274508,0.0,12.0,120000.0,0.0,0.0,3.0,0.0,1
68.0,11982,0.14705882352941177,0.19914215686274508,0.0,12.0,120000.0,0.0,0.0,0.0,0.0,2,75,0.0024752475247524753,-4.98,0.14705882352941177,0.19914215686274508,0.0,12.0,120000.0,0.0,0.0,0.0,0.0,1
69.0,1803,0.14492753623188406,0.196256038647343,0.0,8.0,80000.0,0.0,0.0,3.0,0.0,2,75,0.0024752475247524753,-4.98,0.14492753623188406,0.196256038647343,0.0,8.0,80000.0,0.0,0.0,3.0,0.0,1
69.0,2260,0.14492753623188406,0.196256038647343,0.0,8.0,80000.0,0.0,0.0,5.0,0.0,2,75,0.0024752475247524753,-4.98,0.14492753623188406,0.196256038647343,0.0,8.0,80000.0,0.0,0.0,5.0,0.0,1
69.0,3788,0.14492753623188406,0.196256038647343,25.0,25.0,400000.0,20000.0,5.0,0.0,0.0,3,36,0.0024752475247524753,-4.975,0.14492753623188406,0.196256038647343,25.0,25.0,400000.0,20000.0,5.0,0.0,0.0,1
69.0,5236,0.14492753623188406,0.196256038647343,0.0,12.0,120000.0,20000.0,2.0,6.0,0.0,3,36,0.0024752475247524753,-4.98,0.14492753623188406,0.196256038647343,0.0,12.0,120000.0,20000.0,2.0,6.0,0.0,1
69.0,5684,0.14492753623188406,0.196256038647343,0.0,12.0,120000.0,20000.0,1.0,2.0,0.0,3,25,0.0024752475247524753,-4.98,0.14492753623188406,0.196256038647343,0.0,12.0,120000.0,20000.0,1.0,2.0,0.0,1
69.0,7035,0.14492753623188406,0.196256038647343,0.0,12.0,120000.0,20000.0,2.0,5.0,0.0,3,25,0.0024752475247524753,-4.98,0.14492753623188406,0.196256038647343,0.0,12.0,120000.0,20000.0,2.0,5.0,0.0,1
69.0,7483,0.14492753623188406,0.196256038647343,0.0,12.0,120000.0,20000.0,1.0,3.0,0.0,3,18,0.0024752475247524753,-4.98,0.14492753623188406,0.196256038647343,0.0,12.0,120000.0,20000.0,1.0,3.0,0.0,1
69.0,7934,0.14492753623188406,0.196256038647343,12.5,12.0,120000.0,20000.0,2.0,3.0,0.0,3,18,0.0024752475247524753,-4.98,0.14492753623188406,0.196256038647343,12.5,12.0,120000.0,20000.0,2.0,3.0,0.0,1
69.0,9276,0.14492753623188406,0.196256038647343,0.0,12.0,120000.0,0.0,0.0,7.0,0.0,2,68,0.0024752475247524753,-4.98,0.14492753623188406,0.196256038647343,0.0,12.0,120000.0,0.0,0.0,7.0,0.0,1
69.0,10625,0.14492753623188406,0.196256038647343,0.0,12.0,120000.0,0.0,0.0,5.0,0.0,3,28,0.0024752475247524753,-4.98,0.14492753623188406,0.196256038647343,0.0,12.0,120000.0,0.0,0.0,5.0,0.0,1
69.0,11527,0.14492753623188406,0.196256038647343,0.0,12.0,120000.0,0.0,0.0,2.0,0.0,3,28,0.0024752475247524753,-4.98,0.14492753623188406,0.196256038647343,0.0,12.0,120000.0,0.0,0.0,2.0,0.0,1
69.0,12421,0.14492753623188406,0.196256038647343,0.0,12.0,120000.0,0.0,0.0,4.0,0.0,1,44,0.0024752475247524753,-4.98,0.14492753623188406,0.196256038647343,0.0,12.0,120000.0,0.0,0.0,4.0,0.0,1
70.0,1365,0.14285714285714285,0.19345238095238096,0.0,8.0,80000.0,0.0,0.0,6.0,0.0,1,44,0.0024752475247524753,-4.98,0.14285714285714285,0.19345238095238096,0.0,8.0,80000.0,0.0,0.0,6.0,0.0,1
70.0,4149,0.14285714285714285,0.19345238095238096,0.0,25.0,400000.0,0.0,0.0,1.0,0.0,3,57,0.0024752475247524753,-4.98,0.14285714285714285,0.19345238095238096,0.0,25.0,400000.0,0.0,0.0,1.0,0.0,1
70.0,4869,0.14285714285714285,0.19345238095238096,0.0,25.0,400000.0,0.0,0.0,5.0,0.0,3,57,0.0024752475247524753,-4.98,0.14285714285714285,0.19345238095238096,0.0,25.0,400000.0,0.0,0.0,5.0,0.0,1
70.0,8833,0.14285714285714285,0.19345238095238096,0.0,12.0,120000.0,0.0,0.0,3.0,0.0,2,26,0.0024752475247524753,-4.98,0.14285714285714285,0.19345238095238096,0.0,12.0,120000.0,0.0,0.0,3.0,0.0,1
70.0,9726,0.14285714285714285,0.19345238095238096,0.0,12.0,120000.0,0.0,0.0,3.0,0.0,2,26,0.0024752475247524753,-4.98,0.14285714285714285,0.19345238095238096,0.0,12.0,120000.0,0.0,0.0,3.0,0.0,1
70.0,11983,0.14285714285714285,0.19345238095238096,0.0,12.0,120000.0,0.0,0.0,1.0,0.0,1,10,0.0024752475247524753,-4.98025,0.14285714285714285,0.19345238095238096,0.0,12.0,120000.0,0.0,0.0,1.0,0.0,1
71.0,1804,0.14084507042253522,0.19072769953051644,0.0,8.0,80000.0,0.0,0.0,3.0,0.0,1,10,0.0024752475247524753,-4.98,0.14084507042253522,0.19072769953051644,0.0,8.0,80000.0,0.0,0.0,3.0,0.0,1
71.0,2261,0.14084507042253522,0.19072769953051644,0.0,8.0,80000.0,0.0,0.0,5.0,0.0,2,11,0.0024752475247524753,-4.98,0.14084507042253522,0.19072769953051644,0.0,8.0,80000.0,0.0,0.0,5.0,0.0,1
71.0,3426,0.14084507042253522,0.19072769953051644,12.5,25.0,400000.0,20000.0,3.0,2.0,0.0,2,11,0.0024752475247524753,-4.98,0.14084507042253522,0.19072769953051644,12.5,25.0,400000.0,20000.0,3.0,2.0,0.0,1
71.0,4502,0.14084507042253522,0.19072769953051644,0.0,25.0,400000.0,20000.0,1.0,3.0,0.0,2,42,0.0024752475247524753,-4.98,0.14084507042253522,0.19072769953051644,0.0,25.0,400000.0,20000.0,1.0,3.0,0.0,1
71.0,5237,0.14084507042253522,0.19072769953051644,0.0,12.0,120000.0,20000.0,2.0,6.0,0.0,2,42,0.0024752475247524753,-4.98,0.14084507042253522,0.19072769953051644,0.0,12.0,120000.0,20000.0,2.0,6.0,0.0,1
71.0,5685,0.14084507042253522,0.19072769953051644,0.0,12.0,120000.0,20000.0,1.0,2.0,0.0,3,69,0.0024752475247524753,-4.98,0.14084507042253522,0.19072769953051644,0.0,12.0,120000.0,20000.0,1.0,2.0,0.0,1
71.0,7036,0.14084507042253522,0.19072769953051644,0.0,12.0,120000.0,20000.0,2.0,5.0,0.0,3,69,0.0024752475247524753,-4.98,0.14084507042253522,0.19072769953051644,0.0,12.0,120000.0,20000.0,2.0,5.0,0.0,1
71.0,7484,0.14084507042253522,0.19072769953051644,0.0,12.0,120000.0,20000.0,1.0,3.0,0.0,2,91,0.0024752475247524753,-4.98,0.14084507042253522,0.19072769953051644,0.0,12.0,120000.0,20000.0,1.0,3.0,0.0,1
71.0,7935,0.14084507042253522,0.19072769953051644,12.5,12.0,120000.0,20000.0,3.0,3.0,0.0,2,91,0.0024752475247524753,-4.98,0.14084507042253522,0.19072769953051644,12.5,12.0,120000.0,20000.0,3.0,3.0,0.0,1
71.0,9277,0.14084507042253522,0.19072769953051644,0.0,12.0,120000.0,0.0,0.0,7.0,0.0,2,5,0.0024752475247524753,-4.98,0.14084507042253522,0.19072769953051644,0.0,12.0,120000.0,0.0,0.0,7.0,0.0,1
71.0,10626,0.14084507042253522,0.19072769953051644,0.0,12.0,120000.0,0.0,0.0,5.0,0.0,2,5,0.0024752475247524753,-4.98,0.14084507042253522,0.19072769953051644,0.0,12.0,120000.0,0.0,0.0,5.0,0.0,1
71.0,11528,0.14084507042253522,0.19072769953051644,0.0,12.0,120000.0,0.0,0.0,2.0,0.0,2,57,0.0024752475247524753,-4.98,0.14084507042253522,0.19072769953051644,0.0,12.0,120000.0,0.0,0.0,2.0,0.0,1
71.0,12422,0.14084507042253522,0.19072769953051644,0.0,12.0,120000.0,0.0,0.0,4.0,0.0,2,57,0.0024752475247524753,-4.98,0.14084507042253522,0.19072769953051644,0.0,12.0,120000.0,0.0,0.0,4.0,0.0,1
65.0,7932,0.15384615384615385,0.20833333333333334,12.5,12.0,120000.0,20000.0,2.0,3.0,0.0,0,0,0.0024752475247524753,9.749582916666666,0.14082521605052584,0.19070081340175374,0.0,12.0,120000.0,20000.0,2.0,3.0,0.0,0
72.0,1366,0.1388888888888889,0.1880787037037037,0.0,8.0,80000.0,0.0,0.0,6.0,0.0,1,44,0.0024752475247524753,-4.98,0.1388888888888889,0.1880787037037037,0.0,8.0,80000.0,0.0,0.0,6.0,0.0,1
72.0,3789,0.1388888888888889,0.1880787037037037,25.0,25.0,400000.0,20000.0,5.0,0.0,0.0,2,44,0.0024752475247524753,-4.975,0.1388888888888889,0.1880787037037037,25.0,25.0,400000.0,20000.0,5.0,0.0,0.0,1
72.0,8834,0.1388888888888889,0.1880787037037037,0.0,12.0,120000.0,0.0,0.0,3.0,0.0,1,83,0.0024752475247524753,-4.98,0.1388888888888889,0.1880787037037037,0.0,12.0,120000.0,0.0,0.0,3.0,0.0,1
72.0,9727,0.1388888888888889,0.1880787037037037,0.0,12.0,120000.0,0.0,0.0,3.0,0.0,1,83,0.0024752475247524753,-4.98,0.1388888888888889,0.1880787037037037,0.0,12.0,120000.0,0.0,0.0,3.0,0.0,1
72.0,11984,0.1388888888888889,0.1880787037037037,0.0,12.0,120000.0,0.0,0.0,1.0,0.0,1,83,0.0024752475247524753,-4.98,0.1388888888888889,0.1880787037037037,0.0,12.0,120000.0,0.0,0.0,1.0,0.0,1
73.0,1805,0.136986301369863,0.1855022831050228,0.0,8.0,80000.0,0.0,0.0,3.0,0.0,1,83,0.0024752475247524753,-4.98,0.136986301369863,0.1855022831050228,0.0,8.0,80000.0,0.0,0.0,3.0,0.0,1
73.0,2262,0.136986301369863,0.1855022831050228,0.0,8.0,80000.0,0.0,0.0,5.0,0.0,1,48,0.0024752475247524753,-4.98,0.136986301369863,0.1855022831050228,0.0,8.0,80000.0,0.0,0.0,5.0,0.0,1
73.0,4150,0.136986301369863,0.1855022831050228,0.0,25.0,400000.0,0.0,0.0,1.0,0.0,1,48,0.0024752475247524753,-4.980500000000001,0.136986301369863,0.1855022831050228,0.0,25.0,400000.0,0.0,0.0,1.0,0.0,1
73.0,4870,0.136986301369863,0.1855022831050228,0.0,25.0,400000.0,0.0,0.0,5.0,0.0,1,29,0.0024752475247524753,-4.98,0.136986301369863,0.1855022831050228,0.0,25.0,400000.0,0.0,0.0,5.0,0.0,1
73.0,5238,0.136986301369863,0.1855022831050228,0.0,12.0,120000.0,20000.0,2.0,4.0,0.0,1,29,0.0024752475247524753,-4.98,0.136986301369863,0.1855022831050228,0.0,12.0,120000.0,20000.0,2.0,4.0,0.0,1
73.0,5686,0.136986301369863,0.1855022831050228,0.0,12.0,120000.0,20000.0,1.0,2.0,0.0,2,20,0.0024752475247524753,-4.98,0.136986301369863,0.1855022831050228,0.0,12.0,120000.0,20000.0,1.0,2.0,0.0,1
73.0,7037,0.136986301369863,0.1855022831050228,0.0,12.0,120000.0,20000.0,2.0,4.0,0.0,2,20,0.0024752475247524753,-4.98,0.136986301369863,0.1855022831050228,0.0,12.0,120000.0,20000.0,2.0,4.0,0.0,1
73.0,7485,0.136986301369863,0.1855022831050228,0.0,12.0,120000.0,20000.0,2.0,3.0,0.0,1,13,0.0024752475247524753,-4.98,0.136986301369863,0.1855022831050228,0.0,12.0,120000.0,20000.0,2.0,3.0,0.0,1
73.0,7936,0.136986301369863,0.1855022831050228,0.0,12.0,120000.0,20000.0,3.0,3.0,0.0,1,13,0.0024752475247524753,-4.98,0.136986301369863,0.1855022831050228,0.0,12.0,120000.0,20000.0,3.0,3.0,0.0,1
73.0,9278,0.136986301369863,0.1855022831050228,0.0,12.0,120000.0,0.0,0.0,7.0,0.0,1,43,0.0024752475247524753,-4.98,0.136986301369863,0.1855022831050228,0.0,12.0,120000.0,0.0,0.0,7.0,0.0,1
73.0,10627,0.136986301369863,0.1855022831050228,0.0,12.0,120000.0,0.0,0.0,5.0,0.0,1,43,0.0024752475247524753,-4.98,0.136986301369863,0.1855022831050228,0.0,12.0,120000.0,0.0,0.0,5.0,0.0,1
73.0,11529,0.136986301369863,0.1855022831050228,0.0,12.0,120000.0,0.0,0.0,2.0,0.0,2,88,0.0024752475247524753,-4.98,0.136986301369863,0.1855022831050228,0.0,12.0,120000.0,0.0,0.0,2.0,0.0,1
73.0,12423,0.136986301369863,0.1855022831050228,0.0,12.0,120000.0,0.0,0.0,4.0,0.0,2,88,0.0024752475247524753,-4.98,0.136986301369863,0.1855022831050228,0.0,12.0,120000.0,0.0,0.0,4.0,0.0,1
74.0,1367,0.13513513513513514,0.18299549549549549,0.0,8.0,80000.0,0.0,0.0,5.0,0.0,1,2,0.0024752475247524753,-4.98,0.13513513513513514,0.18299549549549549,0.0,8.0,80000.0,0.0,0.0,5.0,0.0,1
74.0,3427,0.13513513513513514,0.18299549549549549,12.5,25.0,400000.0,20000.0,3.0,2.0,0.0,1,2,0.0024752475247524753,-4.98,0.13513513513513514,0.18299549549549549,12.5,25.0,400000.0,20000.0,3.0,2.0,0.0,1
74.0,4503,0.13513513513513514,0.18299549549549549,0.0,25.0,400000.0,20000.0,2.0,3.0,0.0,3,71,0.0024752475247524753,-4.98,0.13513513513513514,0.18299549549549549,0.0,25.0,400000.0,20000.0,2.0,3.0,0.0,1
74.0,6570,0.13513513513513514,0.18299549549549549,0.0,12.0,120000.0,20000.0,3.0,5.0,0.0,3,71,0.0024752475247524753,-4.98,0.13513513513513514,0.18299549549549549,0.0,12.0,120000.0,20000.0,3.0,5.0,0.0,1
74.0,8835,0.13513513513513514,0.18299549549549549,0.0,12.0,120000.0,0.0,0.0,3.0,0.0,2,68,0.0024752475247524753,-4.98,0.13513513513513514,0.18299549549549549,0.0,12.0,120000.0,0.0,0.0,3.0,0.0,1
74.0,9728,0.13513513513513514,0.18299549549549549,0.0,12.0,120000.0,0.0,0.0,3.0,0.0,2,68,0.0024752475247524753,-4.98,0.13513513513513514,0.18299549549549549,0.0,12.0,120000.0,0.0,0.0,3.0,0.0,1
74.0,11985,0.13513513513513514,0.18299549549549549,0.0,12.0,120000.0,0.0,0.0,1.0,0.0,2,68,0.0024752475247524753,-4.98,0.13513513513513514,0.18299549549549549,0.0,12.0,120000.0,0.0,0.0,1.0,0.0,1
75.0,1806,0.13333333333333333,0.18055555555555555,0.0,8.0,80000.0,0.0,0.0,4.0,0.0,2,68,0.0024752475247524753,-4.98,0.13333333333333333,0.18055555555555555,0.0,8.0,80000.0,0.0,0.0,4.0,0.0,1
75.0,2263,0.13333333333333333,0.18055555555555555,0.0,8.0,80000.0,0.0,0.0,5.0,0.0,1,78,0.0024752475247524753,-4.98,0.13333333333333333,0.18055555555555555,0.0,8.0,80000.0,0.0,0.0,5.0,0.0,1
75.0,5687,0.13333333333333333,0.18055555555555555,0.0,12.0,120000.0,20000.0,1.0,2.0,0.0,2,53,0.0024752475247524753,-4.98,0.13333333333333333,0.18055555555555555,0.0,12.0,120000.0,20000.0,1.0,2.0,0.0,1
75.0,7038,0.13333333333333333,0.18055555555555555,0.0,12.0,120000.0,20000.0,2.0,4.0,0.0,2,53,0.0024752475247524753,-4.98,0.13333333333333333,0.18055555555555555,0.0,12.0,120000.0,20000.0,2.0,4.0,0.0,1
75.0,7486,0.13333333333333333,0.18055555555555555,0.0,12.0,120000.0,20000.0,2.0,4.0,0.0,3,1,0.0024752475247524753,-4.98,0.13333333333333333,0.18055555555555555,0.0,12.0,120000.0,20000.0,2.0,4.0,0.0,1
75.0,7937,0.13333333333333333,0.18055555555555555,0.0,12.0,120000.0,20000.0,3.0,3.0,0.0,3,1,0.0024752475247524753,-4.98,0.13333333333333333,0.18055555555555555,0.0,12.0,120000.0,20000.0,3.0,3.0,0.0,1
75.0,9279,0.13333333333333333,0.18055555555555555,0.0,12.0,120000.0,0.0,0.0,7.0,0.0,2,72,0.0024752475247524753,-4.98,0.13333333333333333,0.18055555555555555,0.0,12.0,120000.0,0.0,0.0,7.0,0.0,1
75.0,10628,0.13333333333333333,0.18055555555555555,0.0,12.0,120000.0,0.0,0.0,4.0,0.0,2,72,0.0024752475247524753,-4.98,0.13333333333333333,0.18055555555555555,0.0,12.0,120000.0,0.0,0.0,4.0,0.0,1
75.0,11530,0.13333333333333333,0.18055555555555555,0.0,12.0,120000.0,0.0,0.0,2.0,0.0,2,70,0.0024752475247524753,-4.98,0.13333333333333333,0.18055555555555555,0.0,12.0,120000.0,0.0,0.0,2.0,0.0,1
75.0,12424,0.13333333333333333,0.18055555555555555,0.0,12.0,120000.0,0.0,0.0,4.0,0.0,2,70,0.0024752475247524753,-4.98,0.13333333333333333,0.18055555555555555,0.0,12.0,120000.0,0.0,0.0,4.0,0.0,1
76.0,1368,0.13157894736842105,0.1781798245614035,0.0,8.0,80000.0,0.0,0.0,5.0,0.0,2,30,0.0024752475247524753,-4.98,0.13157894736842105,0.1781798245614035,0.0,8.0,80000.0,0.0,0.0,5.0,0.0,1
76.0,4151,0.13157894736842105,0.1781798245614035,0.0,25.0,400000.0,0.0,0.0,1.0,0.0,2,30,0.0024752475247524753,-4.98,0.13157894736842105,0.1781798245614035,0.0,25.0,400000.0,0.0,0.0,1.0,0.0,1
76.0,4871,0.13157894736842105,0.1781798245614035,0.0,25.0,400000.0,0.0,0.0,5.0,0.0,1,17,0.0024752475247524753,-4.98,0.13157894736842105,0.1781798245614035,0.0,25.0,400000.0,0.0,0.0,5.0,0.0,1
76.0,6571,0.13157894736842105,0.1781798245614035,0.0,12.0,120000.0,20000.0,3.0,5.0,0.0,1,17,0.0024752475247524753,-4.98,0.13157894736842105,0.1781798245614035,0.0,12.0,120000.0,20000.0,3.0,5.0,0.0,1
76.0,8836,0.13157894736842105,0.1781798245614035,0.0,12.0,120000.0,0.0,0.0,3.0,0.0,1,17,0.0024752475247524753,-4.98,0.13157894736842105,0.1781798245614035,0.0,12.0,120000.0,0.0,0.0,3.0,0.0,1
76.0,9729,0.13157894736842105,0.1781798245614035,0.0,12.0,120000.0,0.0,0.0,3.0,0.0,1,17,0.0024752475247524753,-4.98,0.13157894736842105,0.1781798245614035,0.0,12.0,120000.0,0.0,0.0,3.0,0.0,1
76.0,11986,0.13157894736842105,0.1781798245614035,0.0,12.0,120000.0,0.0,0.0,1.0,0.0,3,93,0.0024752475247524753,-4.98,0.13157894736842105,0.1781798245614035,0.0,12.0,120000.0,0.0,0.0,1.0,0.0,1
57.0,3784,0.17543859649122806,0.23757309941520466,0.0,25.0,400000.0,20000.0,3.0,2.0,0.03,0,0,0.0024752475247524753,9.599499999999999,0.12987012987012986,0.17586580086580086,25.0,25.0,400000.0,20000.0,6.0,0.0,0.0,0
77.0,0,0.12987012987012986,0.17586580086580086,0.0,8.0,80000.0,20000.0,1.0,2.0,0.0,3,93,0.0024752475247524753,-4.98,0.12987012987012986,0.17586580086580086,0.0,8.0,80000.0,20000.0,1.0,2.0,0.0,1
77.0,1807,0.12987012987012986,0.17586580086580086,0.0,8.0,80000.0,0.0,0.0,4.0,0.0,3,93,0.0024752475247524753,-4.98,0.12987012987012986,0.17586580086580086,0.0,8.0,80000.0,0.0,0.0,4.0,0.0,1
77.0,2264,0.12987012987012986,0.17586580086580086,0.0,8.0,80000.0,0.0,0.0,5.0,0.0,3,93,0.0024752475247524753,-4.98,0.12987012987012986,0.17586580086580086,0.0,8.0,80000.0,0.0,0.0,5.0,0.0,1
77.0,6120,0.12987012987012986,0.17586580086580086,0.0,12.0,120000.0,20000.0,4.0,3.0,0.0,1,50,0.0024752475247524753,-4.98,0.12987012987012986,0.17586580086580086,0.0,12.0,120000.0,20000.0,4.0,3.0,0.0,1
77.0,7039,0.12987012987012986,0.17586580086580086,0.0,12.0,120000.0,20000.0,3.0,4.0,0.0,1,50,0.0024752475247524753,-4.98,0.12987012987012986,0.17586580086580086,0.0,12.0,120000.0,20000.0,3.0,4.0,0.0,1
77.0,7487,0.12987012987012986,0.17586580086580086,0.0,12.0,120000.0,20000.0,3.0,5.0,0.0,2,22,0.0024752475247524753,-4.98,0.12987012987012986,0.17586580086580086,0.0,12.0,120000.0,20000.0,3.0,5.0,0.0,1
77.0,7938,0.12987012987012986,0.17586580086580086,0.0,12.0,120000.0,20000.0,3.0,3.0,0.0,2,22,0.0024752475247524753,-4.98,0.12987012987012986,0.17586580086580086,0.0,12.0,120000.0,20000.0,3.0,3.0,0.0,1
77.0,9280,0.12987012987012986,0.17586580086580086,0.0,12.0,120000.0,0.0,0.0,6.0,0.0,2,22,0.0024752475247524753,-4.98,0.12987012987012986,0.17586580086580086,0.0,12.0,120000.0,0.0,0.0,6.0,0.0,1
77.0,10629,0.12987012987012986,0.17586580086580086,0.0,12.0,120000.0,0.0,0.0,4.0,0.0,2,22,0.0024752475247524753,-4.98,0.12987012987012986,0.17586580086580086,0.0,12.0,120000.0,0.0,0.0,4.0,0.0,1
77.0,11531,0.12987012987012986,0.17586580086580086,0.0,12.0,120000.0,0.0,0.0,2.0,0.0,3,37,0.0024752475247524753,-4.98,0.12987012987012986,0.17586580086580086,0.0,12.0,120000.0,0.0,0.0,2.0,0.0,1
77.0,12425,0.12987012987012986,0.17586580086580086,0.0,12.0,120000.0,0.0,0.0,4.0,0.0,3,37,0.0024752475247524753,-4.98,0.12987012987012986,0.17586580086580086,0.0,12.0,120000.0,0.0,0.0,4.0,0.0,1
78.0,1369,0.1282051282051282,0.1736111111111111,0.0,8.0,80000.0,0.0,0.0,5.0,0.0,1,84,0.0024752475247524753,-4.98,0.1282051282051282,0.1736111111111111,0.0,8.0,80000.0,0.0,0.0,5.0,0.0,1
78.0,3791,0.1282051282051282,0.1736111111111111,25.0,25.0,400000.0,20000.0,6.0,0.0,0.0,3,84,0.0024752475247524753,-4.975,0.1282051282051282,0.1736111111111111,25.0,25.0,400000.0,20000.0,6.0,0.0,0.0,1
78.0,6572,0.1282051282051282,0.1736111111111111,0.0,12.0,120000.0,20000.0,3.0,5.0,0.0,3,15,0.0024752475247524753,-4.98,0.1282051282051282,0.1736111111111111,0.0,12.0,120000.0,20000.0,3.0,5.0,0.0,1
78.0,8837,0.1282051282051282,0.1736111111111111,0.0,12.0,120000.0,0.0,0.0,3.0,0.0,2,83,0.0024752475247524753,-4.98,0.1282051282051282,0.1736111111111111,0.0,12.0,120000.0,0.0,0.0,3.0,0.0,1
78.0,9730,0.1282051282051282,0.1736111111111111,0.0,12.0,120000.0,0.0,0.0,3.0,0.0,1,10,0.0024752475247524753,-4.98,0.1282051282051282,0.1736111111111111,0.0,12.0,120000.0,0.0,0.0,3.0,0.0,1
78.0,10170,0.1282051282051282,0.1736111111111111,0.0,12.0,120000.0,0.0,0.0,2.0,0.0,1,10,0.0024752475247524753,-4.98,0.1282051282051282,0.1736111111111111,0.0,12.0,120000.0,0.0,0.0,2.0,0.0,1
78.0,11987,0.1282051282051282,0.1736111111111111,0.0,12.0,120000.0,0.0,0.0,1.0,0.0,1,16,0.0024752475247524753,-4.98,0.1282051282051282,0.1736111111111111,0.0,12.0,120000.0,0.0,0.0,1.0,0.0,1
79.0,1808,0.12658227848101267,0.17141350210970466,0.0,8.0,80000.0,0.0,0.0,4.0,0.0,1,16,0.0024752475247524753,-4.98,0.12658227848101267,0.17141350210970466,0.0,8.0,80000.0,0.0,0.0,4.0,0.0,1
79.0,2265,0.12658227848101267,0.17141350210970466,0.0,8.0,80000.0,0.0,0.0,5.0,0.0,1,16,0.0024752475247524753,-4.98,0.12658227848101267,0.17141350210970466,0.0,8.0,80000.0,0.0,0.0,5.0,0.0,1
79.0,4152,0.12658227848101267,0.17141350210970466,0.0,25.0,400000.0,0.0,0.0,1.0,0.0,1,26,0.0024752475247524753,-4.980500000000001,0.12658227848101267,0.17141350210970466,0.0,25.0,400000.0,0.0,0.0,1.0,0.0,1
79.0,4872,0.12658227848101267,0.17141350210970466,0.0,25.0,400000.0,0.0,0.0,5.0,0.0,1,26,0.0024752475247524753,-4.98,0.12658227848101267,0.17141350210970466,0.0,25.0,400000.0,0.0,0.0,5.0,0.0,1
79.0,5241,0.12658227848101267,0.17141350210970466,25.0,12.0,120000.0,20000.0,4.0,6.0,0.0,2,29,0.0024752475247524753,-4.975,0.12658227848101267,0.17141350210970466,25.0,12.0,120000.0,20000.0,4.0,6.0,0.0,1
79.0,5689,0.12658227848101267,0.17141350210970466,12.5,12.0,120000.0,20000.0,2.0,2.0,0.0,2,29,0.0024752475247524753,-4.98,0.12658227848101267,0.17141350210970466,12.5,12.0,120000.0,20000.0,2.0,2.0,0.0,1
79.0,7488,0.12658227848101267,0.17141350210970466,0.0,12.0,120000.0,20000.0,3.0,5.0,0.0,3,73,0.0024752475247524753,-4.98,0.12658227848101267,0.17141350210970466,0.0,12.0,120000.0,20000.0,3.0,5.0,0.0,1
79.0,7939,0.12658227848101267,0.17141350210970466,0.0,12.0,120000.0,20000.0,4.0,4.0,0.0,3,73,0.0024752475247524753,-4.98,0.12658227848101267,0.17141350210970466,0.0,12.0,120000.0,20000.0,4.0,4.0,0.0,1
79.0,9281,0.12658227848101267,0.17141350210970466,0.0,12.0,120000.0,0.0,0.0,6.0,0.0,3,95,0.0024752475247524753,-4.98,0.12658227848101267,0.17141350210970466,0.0,12.0,120000.0,0.0,0.0,6.0,0.0,1
79.0,10630,0.12658227848101267,0.17141350210970466,0.0,12.0,120000.0,0.0,0.0,4.0,0.0,3,95,0.0024752475247524753,-4.98,0.12658227848101267,0.17141350210970466,0.0,12.0,120000.0,0.0,0.0,4.0,0.0,1
79.0,11532,0.12658227848101267,0.17141350210970466,0.0,12.0,120000.0,0.0,0.0,2.0,0.0,3,95,0.0024752475247524753,-4.98,0.12658227848101267,0.17141350210970466,0.0,12.0,120000.0,0.0,0.0,2.0,0.0,1
79.0,12426,0.12658227848101267,0.17141350210970466,0.0,12.0,120000.0,0.0,0.0,4.0,0.0,3,95,0.0024752475247524753,-4.98,0.12658227848101267,0.17141350210970466,0.0,12.0,120000.0,0.0,0.0,4.0,0.0,1
80.0,900,0.125,0.16927083333333334,0.0,8.0,80000.0,20000.0,5.0,1.0,0.0,3,20,0.0024752475247524753,-4.98,0.125,0.16927083333333334,0.0,8.0,80000.0,20000.0,5.0,1.0,0.0,1
80.0,1370,0.125,0.16927083333333334,0.0,8.0,80000.0,0.0,0.0,5.0,0.0,3,20,0.0024752475247524753,-4.98,0.125,0.16927083333333334,0.0,8.0,80000.0,0.0,0.0,5.0,0.0,1
80.0,3429,0.125,0.16927083333333334,25.0,25.0,400000.0,20000.0,4.0,2.0,0.0,1,95,0.0024752475247524753,-4.975,0.125,0.16927083333333334,25.0,25.0,400000.0,20000.0,4.0,2.0,0.0,1
80.0,4505,0.125,0.16927083333333334,12.5,25.0,400000.0,20000.0,3.0,3.0,0.0,1,95,0.0024752475247524753,-4.98,0.125,0.16927083333333334,12.5,25.0,400000.0,20000.0,3.0,3.0,0.0,1
80.0,6573,0.125,0.16927083333333334,0.0,12.0,120000.0,20000.0,3.0,5.0,0.0,3,41,0.0024752475247524753,-4.98,0.125,0.16927083333333334,0.0,12.0,120000.0,20000.0,3.0,5.0,0.0,1
80.0,8838,0.125,0.16927083333333334,0.0,12.0,120000.0,0.0,0.0,3.0,0.0,3,41,0.0024752475247524753,-4.98,0.125,0.16927083333333334,0.0,12.0,120000.0,0.0,0.0,3.0,0.0,1
80.0,9731,0.125,0.16927083333333334,0.0,12.0,120000.0,0.0,0.0,3.0,0.0,3,41,0.0024752475247524753,-4.98,0.125,0.16927083333333334,0.0,12.0,120000.0,0.0,0.0,3.0,0.0,1
80.0,10171,0.125,0.16927083333333334,0.0,12.0,120000.0,0.0,0.0,2.0,0.0,3,41,0.0024752475247524753,-4.98,0.125,0.16927083333333334,0.0,12.0,120000.0,0.0,0.0,2.0,0.0,1
80.0,11988,0.125,0.16927083333333334,0.0,12.0,120000.0,0.0,0.0,1.0,0.0,1,69,0.0024752475247524753,-4.98,0.125,0.16927083333333334,0.0,12.0,120000.0,0.0,0.0,1.0,0.0,1
75.0,5239,0.13333333333333333,0.18055555555555555,0.0,12.0,120000.0,20000.0,2.0,5.0,0.0,0,0,0.0024752475247524753,9.74975,0.12345679012345678,0.16718106995884774,12.5,12.0,120000.0,20000.0,4.0,6.0,0.0,0
81.0,2,0.12345679012345678,0.16718106995884774,12.5,8.0,80000.0,20000.0,2.0,2.0,0.0,1,69,0.0024752475247524753,-4.98,0.12345679012345678,0.16718106995884774,12.5,8.0,80000.0,20000.0,2.0,2.0,0.0,1
81.0,1809,0.12345679012345678,0.16718106995884774,0.0,8.0,80000.0,0.0,0.0,4.0,0.0,1,95,0.0024752475247524753,-4.98,0.12345679012345678,0.16718106995884774,0.0,8.0,80000.0,0.0,0.0,4.0,0.0,1
81.0,2266,0.12345679012345678,0.16718106995884774,0.0,8.0,80000.0,0.0,0.0,5.0,0.0,1,95,0.0024752475247524753,-4.98,0.12345679012345678,0.16718106995884774,0.0,8.0,80000.0,0.0,0.0,5.0,0.0,1
81.0,5690,0.12345679012345678,0.16718106995884774,12.5,12.0,120000.0,20000.0,2.0,2.0,0.0,1,33,0.0024752475247524753,-4.98,0.12345679012345678,0.16718106995884774,12.5,12.0,120000.0,20000.0,2.0,2.0,0.0,1
81.0,6122,0.12345679012345678,0.16718106995884774,12.5,12.0,120000.0,20000.0,5.0,3.0,0.0,1,33,0.0024752475247524753,-4.98,0.12345679012345678,0.16718106995884774,12.5,12.0,120000.0,20000.0,5.0,3.0,0.0,1
81.0,7041,0.12345679012345678,0.16718106995884774,12.5,12.0,120000.0,20000.0,4.0,4.0,0.0,3,45,0.0024752475247524753,-4.98,0.12345679012345678,0.16718106995884774,12.5,12.0,120000.0,20000.0,4.0,4.0,0.0,1
81.0,7489,0.12345679012345678,0.16718106995884774,0.0,12.0,120000.0,20000.0,3.0,5.0,0.0,2,73,0.0024752475247524753,-4.98,0.12345679012345678,0.16718106995884774,0.0,12.0,120000.0,20000.0,3.0,5.0,0.0,1
81.0,9282,0.12345679012345678,0.16718106995884774,0.0,12.0,120000.0,0.0,0.0,6.0,0.0,2,73,0.0024752475247524753,-4.98,0.12345679012345678,0.16718106995884774,0.0,12.0,120000.0,0.0,0.0,6.0,0.0,1
81.0,10631,0.12345679012345678,0.16718106995884774,0.0,12.0,120000.0,0.0,0.0,4.0,0.0,1,38,0.0024752475247524753,-4.98,0.12345679012345678,0.16718106995884774,0.0,12.0,120000.0,0.0,0.0,4.0,0.0,1
81.0,11533,0.12345679012345678,0.16718106995884774,0.0,12.0,120000.0,0.0,0.0,2.0,0.0,1,38,0.0024752475247524753,-4.98,0.12345679012345678,0.16718106995884774,0.0,12.0,120000.0,0.0,0.0,2.0,0.0,1
81.0,12427,0.12345679012345678,0.16718106995884774,0.0,12.0,120000.0,0.0,0.0,4.0,0.0,1,38,0.0024752475247524753,-4.98,0.12345679012345678,0.16718106995884774,0.0,12.0,120000.0,0.0,0.0,4.0,0.0,1
62.0,3423,0.16129032258064516,0.21841397849462363,0.0,25.0,400000.0,20000.0,2.0,2.0,0.0,0,0,0.0024752475247524753,9.59975,0.12195121951219512,0.16514227642276424,12.5,25.0,400000.0,20000.0,3.0,2.0,0.0,0
82.0,901,0.12195121951219512,0.16514227642276424,0.0,8.0,80000.0,20000.0,5.0,1.0,0.0,1,38,0.0024752475247524753,-4.98,0.12195121951219512,0.16514227642276424,0.0,8.0,80000.0,20000.0,6.0,1.0,0.0,1
82.0,1371,0.12195121951219512,0.16514227642276424,0.0,8.0,80000.0,0.0,0.0,5.0,0.0,2,47,0.0024752475247524753,-4.98,0.12195121951219512,0.16514227642276424,0.0,8.0,80000.0,0.0,0.0,5.0,0.0,1
82.0,4153,0.12195121951219512,0.16514227642276424,0.0,25.0,400000.0,0.0,0.0,1.0,0.0,2,47,0.0024752475247524753,-4.98,0.12195121951219512,0.16514227642276424,0.0,25.0,400000.0,0.0,0.0,1.0,0.0,1
82.0,4873,0.12195121951219512,0.16514227642276424,0.0,25.0,400000.0,0.0,0.0,5.0,0.0,2,83,0.0024752475247524753,-4.98,0.12195121951219512,0.16514227642276424,0.0,25.0,400000.0,0.0,0.0,5.0,0.0,1
82.0,6574,0.12195121951219512,0.16514227642276424,0.0,12.0,120000.0,20000.0,3.0,5.0,0.0,2,83,0.0024752475247524753,-4.98,0.12195121951219512,0.16514227642276424,0.0,12.0,120000.0,20000.0,3.0,5.0,0.0,1
82.0,8839,0.12195121951219512,0.16514227642276424,0.0,12.0,120000.0,0.0,0.0,3.0,0.0,2,36,0.0024752475247524753,-4.98,0.12195121951219512,0.16514227642276424,0.0,12.0,120000.0,0.0,0.0,3.0,0.0,1
82.0,9732,0.12195121951219512,0.16514227642276424,0.0,12.0,120000.0,0.0,0.0,3.0,0.0,2,36,0.0024752475247524753,-4.98,0.12195121951219512,0.16514227642276424,0.0,12.0,120000.0,0.0,0.0,3.0,0.0,1
82.0,10172,0.12195121951219512,0.16514227642276424,0.0,12.0,120000.0,0.0,0.0,2.0,0.0,1,27,0.0024752475247524753,-4.98,0.12195121951219512,0.16514227642276424,0.0,12.0,120000.0,0.0,0.0,2.0,0.0,1
82.0,11989,0.12195121951219512,0.16514227642276424,0.0,12.0,120000.0,0.0,0.0,1.0,0.0,1,27,0.0024752475247524753,-4.98025,0.12195121951219512,0.16514227642276424,0.0,12.0,120000.0,0.0,0.0,1.0,0.0,1
77.0,5688,0.12987012987012986,0.17586580086580086,0.0,12.0,120000.0,20000.0,1.0,2.0,0.0,0,0,0.0024752475247524753,9.75,0.12048192771084339,0.16315261044176707,0.0,12.0,120000.0,20000.0,2.0,2.0,0.0,0
79.0,1,0.12658227848101267,0.17141350210970466,0.0,8.0,80000.0,20000.0,1.0,2.0,0.0,1,16,0.0024752475247524753,9.77,0.12048192771084339,0.16315261044176707,0.0,8.0,80000.0,20000.0,1.0,2.0,0.0,0
83.0,3,0.12048192771084339,0.16315261044176707,0.0,8.0,80000.0,20000.0,1.0,2.0,0.0,1,26,0.0024752475247524753,-4.98,0.12048192771084339,0.16315261044176707,0.0,8.0,80000.0,20000.0,1.0,2.0,0.0,1
83.0,1810,0.12048192771084339,0.16315261044176707,0.0,8.0,80000.0,0.0,0.0,4.0,0.0,1,26,0.0024752475247524753,-4.98,0.12048192771084339,0.16315261044176707,0.0,8.0,80000.0,0.0,0.0,4.0,0.0,1
83.0,2267,0.12048192771084339,0.16315261044176707,0.0,8.0,80000.0,0.0,0.0,5.0,0.0,2,66,0.0024752475247524753,-4.98,0.12048192771084339,0.16315261044176707,0.0,8.0,80000.0,0.0,0.0,5.0,0.0,1
83.0,3430,0.12048192771084339,0.16315261044176707,12.5,25.0,400000.0,20000.0,3.0,2.0,0.0,2,66,0.0024752475247524753,-4.98,0.12048192771084339,0.16315261044176707,12.5,25.0,400000.0,20000.0,3.0,2.0,0.0,1
83.0,5691,0.12048192771084339,0.16315261044176707,0.0,12.0,120000.0,20000.0,2.0,2.0,0.0,3,93,0.0024752475247524753,-4.98,0.12048192771084339,0.16315261044176707,0.0,12.0,120000.0,20000.0,2.0,2.0,0.0,1
83.0,6123,0.12048192771084339,0.16315261044176707,12.5,12.0,120000.0,20000.0,5.0,3.0,0.0,3,93,0.0024752475247524753,-4.98,0.12048192771084339,0.16315261044176707,12.5,12.0,120000.0,20000.0,5.0,3.0,0.0,1
83.0,7042,0.12048192771084339,0.16315261044176707,12.5,12.0,120000.0,20000.0,4.0,4.0,0.0,3,97,0.0024752475247524753,-4.98,0.12048192771084339,0.16315261044176707,12.5,12.0,120000.0,20000.0,4.0,4.0,0.0,1
83.0,7490,0.12048192771084339,0.16315261044176707,0.0,12.0,120000.0,20000.0,3.0,5.0,0.0,3,97,0.0024752475247524753,-4.98,0.12048192771084339,0.16315261044176707,0.0,12.0,120000.0,20000.0,3.0,5.0,0.0,1
83.0,7941,0.12048192771084339,0.16315261044176707,12.5,12.0,120000.0,20000.0,7.0,5.0,0.0,3,44,0.0024752475247524753,-4.98,0.12048192771084339,0.16315261044176707,12.5,12.0,120000.0,20000.0,7.0,5.0,0.0,1
83.0,9283,0.12048192771084339,0.16315261044176707,0.0,12.0,120000.0,0.0,0.0,6.0,0.0,3,44,0.0024752475247524753,-4.98,0.12048192771084339,0.16315261044176707,0.0,12.0,120000.0,0.0,0.0,6.0,0.0,1
83.0,10632,0.12048192771084339,0.16315261044176707,0.0,12.0,120000.0,0.0,0.0,4.0,0.0,3,33,0.0024752475247524753,-4.98,0.12048192771084339,0.16315261044176707,0.0,12.0,120000.0,0.0,0.0,4.0,0.0,1
83.0,11534,0.12048192771084339,0.16315261044176707,0.0,12.0,120000.0,0.0,0.0,2.0,0.0,2,66,0.0024752475247524753,-4.98,0.12048192771084339,0.16315261044176707,0.0,12.0,120000.0,0.0,0.0,2.0,0.0,1
83.0,12428,0.12048192771084339,0.16315261044176707,0.0,12.0,120000.0,0.0,0.0,4.0,0.0,2,66,0.0024752475247524753,-4.98,0.12048192771084339,0.16315261044176707,0.0,12.0,120000.0,0.0,0.0,4.0,0.0,1
77.0,5240,0.12987012987012986,0.17586580086580086,12.5,12.0,120000.0,20000.0,3.0,6.0,0.0,0,0,0.0024752475247524753,9.749082916666666,0.12046739905223477,0.16313293621656796,25.0,12.0,120000.0,20000.0,4.0,5.0,0.0,0
63.0,3786,0.15873015873015872,0.21494708994708994,12.5,25.0,400000.0,20000.0,4.0,1.0,0.0,0,0,0.0024752475247524753,9.599299799999999,0.12046739905223477,0.16313293621656796,25.0,25.0,400000.0,20000.0,7.0,0.0,0.0,0
84.0,902,0.11904761904761905,0.16121031746031744,0.0,8.0,80000.0,20000.0,6.0,1.0,0.0,2,66,0.0024752475247524753,-4.98,0.11904761904761905,0.16121031746031744,0.0,8.0,80000.0,20000.0,6.0,1.0,0.0,1
84.0,1372,0.11904761904761905,0.16121031746031744,0.0,8.0,80000.0,0.0,0.0,5.0,0.0,2,66,0.0024752475247524753,-4.98,0.11904761904761905,0.16121031746031744,0.0,8.0,80000.0,0.0,0.0,5.0,0.0,1
84.0,3793,0.11904761904761905,0.16121031746031744,25.0,25.0,400000.0,20000.0,7.0,0.0,0.0,2,66,0.0024752475247524753,-4.975,0.11904761904761905,0.16121031746031744,25.0,25.0,400000.0,20000.0,7.0,0.0,0.0,1
84.0,8840,0.11904761904761905,0.16121031746031744,0.0,12.0,120000.0,0.0,0.0,3.0,0.0,2,66,0.0024752475247524753,-4.98,0.11904761904761905,0.16121031746031744,0.0,12.0,120000.0,0.0,0.0,3.0,0.0,1
84.0,9733,0.11904761904761905,0.16121031746031744,0.0,12.0,120000.0,0.0,0.0,3.0,0.0,3,66,0.0024752475247524753,-4.98,0.11904761904761905,0.16121031746031744,0.0,12.0,120000.0,0.0,0.0,3.0,0.0,1
84.0,10173,0.11904761904761905,0.16121031746031744,0.0,12.0,120000.0,0.0,0.0,2.0,0.0,3,66,0.0024752475247524753,-4.98,0.11904761904761905,0.16121031746031744,0.0,12.0,120000.0,0.0,0.0,2.0,0.0,1
84.0,11990,0.11904761904761905,0.16121031746031744,0.0,12.0,120000.0,0.0,0.0,1.0,0.0,2,10,0.0024752475247524753,-4.98,0.11904761904761905,0.16121031746031744,0.0,12.0,120000.0,0.0,0.0,1.0,0.0,1
79.0,6121,0.12658227848101267,0.17141350210970466,0.0,12.0,120000.0,20000.0,4.0,3.0,0.0,0,0,0.0024752475247524753,9.75,0.1176470588235294,0.15931372549019607,0.0,12.0,120000.0,20000.0,4.0,3.0,0.0,0
79.0,7040,0.12658227848101267,0.17141350210970466,0.0,12.0,120000.0,20000.0,3.0,4.0,0.0,0,0,0.0024752475247524753,9.75,0.1176470588235294,0.15931372549019607,0.0,12.0,120000.0,20000.0,3.0,4.0,0.0,0
85.0,4,0.1176470588235294,0.15931372549019607,0.0,8.0,80000.0,20000.0,1.0,2.0,0.0,2,10,0.0024752475247524753,-4.98,0.1176470588235294,0.15931372549019607,0.0,8.0,80000.0,20000.0,1.0,2.0,0.0,1
85.0,1811,0.1176470588235294,0.15931372549019607,0.0,8.0,80000.0,0.0,0.0,4.0,0.0,3,99,0.0024752475247524753,-4.98,0.1176470588235294,0.15931372549019607,0.0,8.0,80000.0,0.0,0.0,4.0,0.0,1
85.0,2268,0.1176470588235294,0.15931372549019607,0.0,8.0,80000.0,0.0,0.0,5.0,0.0,3,99,0.0024752475247524753,-4.98,0.1176470588235294,0.15931372549019607,0.0,8.0,80000.0,0.0,0.0,5.0,0.0,1
85.0,4154,0.1176470588235294,0.15931372549019607,0.0,25.0,400000.0,0.0,0.0,1.0,0.0,2,64,0.0024752475247524753,-4.98,0.1176470588235294,0.15931372549019607,0.0,25.0,400000.0,0.0,0.0,1.0,0.0,1
85.0,4874,0.1176470588235294,0.15931372549019607,0.0,25.0,400000.0,0.0,0.0,5.0,0.0,2,64,0.0024752475247524753,-4.98,0.1176470588235294,0.15931372549019607,0.0,25.0,400000.0,0.0,0.0,5.0,0.0,1
85.0,6124,0.1176470588235294,0.15931372549019607,0.0,12.0,120000.0,20000.0,4.0,3.0,0.0,2,41,0.0024752475247524753,-4.98,0.1176470588235294,0.15931372549019607,0.0,12.0,120000.0,20000.0,4.0,3.0,0.0,1
85.0,7043,0.1176470588235294,0.15931372549019607,0.0,12.0,120000.0,20000.0,3.0,4.0,0.0,2,41,0.0024752475247524753,-4.98,0.1176470588235294,0.15931372549019607,0.0,12.0,120000.0,20000.0,3.0,4.0,0.0,1
85.0,9284,0.1176470588235294,0.15931372549019607,0.0,12.0,120000.0,0.0,0.0,6.0,0.0,3,92,0.0024752475247524753,-4.98,0.1176470588235294,0.15931372549019607,0.0,12.0,120000.0,0.0,0.0,6.0,0.0,1
85.0,10633,0.1176470588235294,0.15931372549019607,0.0,12.0,120000.0,0.0,0.0,4.0,0.0,3,92,0.0024752475247524753,-4.98,0.1176470588235294,0.15931372549019607,0.0,12.0,120000.0,0.0,0.0,4.0,0.0,1
85.0,11535,0.1176470588235294,0.15931372549019607,0.0,12.0,120000.0,0.0,0.0,2.0,0.0,1,35,0.0024752475247524753,-4.98,0.1176470588235294,0.15931372549019607,0.0,12.0,120000.0,0.0,0.0,2.0,0.0,1
85.0,12429,0.1176470588235294,0.15931372549019607,0.0,12.0,120000.0,0.0,0.0,4.0,0.0,1,35,0.0024752475247524753,-4.98,0.1176470588235294,0.15931372549019607,0.0,12.0,120000.0,0.0,0.0,4.0,0.0,1
86.0,1373,0.11627906976744186,0.15746124031007752,0.0,8.0,80000.0,0.0,0.0,5.0,0.0,2,35,0.0024752475247524753,-4.98,0.11627906976744186,0.15746124031007752,0.0,8.0,80000.0,0.0,0.0,5.0,0.0,1
86.0,3431,0.11627906976744186,0.15746124031007752,12.5,25.0,400000.0,20000.0,3.0,2.0,0.0,2,82,0.0024752475247524753,-4.98,0.11627906976744186,0.15746124031007752,12.5,25.0,400000.0,20000.0,3.0,2.0,0.0,1
86.0,4507,0.11627906976744186,0.15746124031007752,25.0,25.0,400000.0,20000.0,4.0,3.0,0.0,2,82,0.0024752475247524753,-4.975,0.11627906976744186,0.15746124031007752,25.0,25.0,400000.0,20000.0,4.0,3.0,0.0,1
86.0,6576,0.11627906976744186,0.15746124031007752,12.5,12.0,120000.0,20000.0,4.0,5.0,0.0,1,52,0.0024752475247524753,-4.98,0.11627906976744186,0.15746124031007752,12.5,12.0,120000.0,20000.0,4.0,5.0,0.0,1
86.0,8841,0.11627906976744186,0.15746124031007752,0.0,12.0,120000.0,0.0,0.0,3.0,0.0,1,52,0.0024752475247524753,-4.98,0.11627906976744186,0.15746124031007752,0.0,12.0,120000.0,0.0,0.0,3.0,0.0,1
86.0,9734,0.11627906976744186,0.15746124031007752,0.0,12.0,120000.0,0.0,0.0,3.0,0.0,1,92,0.0024752475247524753,-4.98,0.11627906976744186,0.15746124031007752,0.0,12.0,120000.0,0.0,0.0,3.0,0.0,1
86.0,10174,0.11627906976744186,0.15746124031007752,0.0,12.0,120000.0,0.0,0.0,2.0,0.0,1,92,0.0024752475247524753,-4.98,0.11627906976744186,0.15746124031007752,0.0,12.0,120000.0,0.0,0.0,2.0,0.0,1
86.0,11991,0.11627906976744186,0.15746124031007752,0.0,12.0,120000.0,0.0,0.0,1.0,0.0,2,76,0.0024752475247524753,-4.98,0.11627906976744186,0.15746124031007752,0.0,12.0,120000.0,0.0,0.0,1.0,0.0,1
81.0,7940,0.12345679012345678,0.16718106995884774,0.0,12.0,120000.0,20000.0,5.0,4.0,0.0,0,0,0.0024752475247524753,9.74975,0.11494252873563218,0.15565134099616856,12.5,12.0,120000.0,20000.0,7.0,5.0,0.0,0
87.0,5,0.11494252873563218,0.15565134099616856,0.0,8.0,80000.0,20000.0,1.0,2.0,0.0,2,76,0.0024752475247524753,-4.98,0.11494252873563218,0.15565134099616856,0.0,8.0,80000.0,20000.0,1.0,2.0,0.0,1
87.0,1812,0.11494252873563218,0.15565134099616856,0.0,8.0,80000.0,0.0,0.0,4.0,0.0,1,52,0.0024752475247524753,-4.98,0.11494252873563218,0.15565134099616856,0.0,8.0,80000.0,0.0,0.0,4.0,0.0,1
87.0,2269,0.11494252873563218,0.15565134099616856,0.0,8.0,80000.0,0.0,0.0,5.0,0.0,1,52,0.0024752475247524753,-4.98,0.11494252873563218,0.15565134099616856,0.0,8.0,80000.0,0.0,0.0,5.0,0.0,1
87.0,3794,0.11494252873563218,0.15565134099616856,25.0,25.0,400000.0,20000.0,7.0,0.0,0.0,3,30,0.0024752475247524753,-4.975,0.11494252873563218,0.15565134099616856,25.0,25.0,400000.0,20000.0,7.0,0.0,0.0,1
87.0,5693,0.11494252873563218,0.15565134099616856,12.5,12.0,120000.0,20000.0,3.0,2.0,0.0,3,30,0.0024752475247524753,-4.98,0.11494252873563218,0.15565134099616856,12.5,12.0,120000.0,20000.0,3.0,2.0,0.0,1
87.0,6125,0.11494252873563218,0.15565134099616856,0.0,12.0,120000.0,20000.0,6.0,3.0,0.0,2,5,0.0024752475247524753,-4.98,0.11494252873563218,0.15565134099616856,0.0,12.0,120000.0,20000.0,6.0,3.0,0.0,1
87.0,7044,0.11494252873563218,0.15565134099616856,0.0,12.0,120000.0,20000.0,3.0,4.0,0.0,2,5,0.0024752475247524753,-4.98,0.11494252873563218,0.15565134099616856,0.0,12.0,120000.0,20000.0,3.0,4.0,0.0,1
87.0,7492,0.11494252873563218,0.15565134099616856,12.5,12.0,120000.0,20000.0,4.0,5.0,0.0,2,87,0.0024752475247524753,-4.98,0.11494252873563218,0.15565134099616856,12.5,12.0,120000.0,20000.0,4.0,5.0,0.0,1
87.0,7943,0.11494252873563218,0.15565134099616856,12.5,12.0,120000.0,20000.0,7.0,5.0,0.0,2,87,0.0024752475247524753,-4.98,0.11494252873563218,0.15565134099616856,12.5,12.0,120000.0,20000.0,7.0,5.0,0.0,1
87.0,9285,0.11494252873563218,0.15565134099616856,0.0,12.0,120000.0,0.0,0.0,6.0,0.0,3,6,0.0024752475247524753,-4.98,0.11494252873563218,0.15565134099616856,0.0,12.0,120000.0,0.0,0.0,6.0,0.0,1
87.0,10634,0.11494252873563218,0.15565134099616856,0.0,12.0,120000.0,0.0,0.0,4.0,0.0,3,6,0.0024752475247524753,-4.98,0.11494252873563218,0.15565134099616856,0.0,12.0,120000.0,0.0,0.0,4.0,0.0,1
87.0,11536,0.11494252873563218,0.15565134099616856,0.0,12.0,120000.0,0.0,0.0,2.0,0.0,3,6,0.0024752475247524753,-4.98,0.11494252873563218,0.15565134099616856,0.0,12.0,120000.0,0.0,0.0,2.0,0.0,1
87.0,12430,0.11494252873563218,0.15565134099616856,0.0,12.0,120000.0,0.0,0.0,4.0,0.0,3,6,0.0024752475247524753,-4.98,0.11494252873563218,0.15565134099616856,0.0,12.0,120000.0,0.0,0.0,4.0,0.0,1
81.0,5242,0.12345679012345678,0.16718106995884774,12.5,12.0,120000.0,20000.0,3.0,6.0,0.0,0,0,0.0024752475247524753,9.749082916666666,0.11492930526039474,0.15563343420678458,25.0,12.0,120000.0,20000.0,4.0,5.0,0.0,0
88.0,1374,0.11363636363636363,0.15388257575757575,0.0,8.0,80000.0,0.0,0.0,5.0,0.0,3,6,0.0024752475247524753,-4.98,0.11363636363636363,0.15388257575757575,0.0,8.0,80000.0,0.0,0.0,5.0,0.0,1
88.0,4155,0.11363636363636363,0.15388257575757575,0.0,25.0,400000.0,0.0,0.0,1.0,0.0,2,69,0.0024752475247524753,-4.98,0.11363636363636363,0.15388257575757575,0.0,25.0,400000.0,0.0,0.0,1.0,0.0,1
88.0,4875,0.11363636363636363,0.15388257575757575,0.0,25.0,400000.0,0.0,0.0,5.0,0.0,2,69,0.0024752475247524753,-4.98,0.11363636363636363,0.15388257575757575,0.0,25.0,400000.0,0.0,0.0,5.0,0.0,1
88.0,6577,0.11363636363636363,0.15388257575757575,12.5,12.0,120000.0,20000.0,4.0,5.0,0.0,2,61,0.0024752475247524753,-4.98,0.11363636363636363,0.15388257575757575,12.5,12.0,120000.0,20000.0,4.0,5.0,0.0,1
88.0,8842,0.11363636363636363,0.15388257575757575,0.0,12.0,120000.0,0.0,0.0,3.0,0.0,2,61,0.0024752475247524753,-4.98,0.11363636363636363,0.15388257575757575,0.0,12.0,120000.0,0.0,0.0,3.0,0.0,1
88.0,9735,0.11363636363636363,0.15388257575757575,0.0,12.0,120000.0,0.0,0.0,3.0,0.0,1,54,0.0024752475247524753,-4.98,0.11363636363636363,0.15388257575757575,0.0,12.0,120000.0,0.0,0.0,3.0,0.0,1
88.0,10175,0.11363636363636363,0.15388257575757575,0.0,12.0,120000.0,0.0,0.0,2.0,0.0,1,54,0.0024752475247524753,-4.98,0.11363636363636363,0.15388257575757575,0.0,12.0,120000.0,0.0,0.0,2.0,0.0,1
88.0,11992,0.11363636363636363,0.15388257575757575,0.0,12.0,120000.0,0.0,0.0,1.0,0.0,1,54,0.0024752475247524753,-4.98025,0.11363636363636363,0.15388257575757575,0.0,12.0,120000.0,0.0,0.0,1.0,0.0,1
89.0,450,0.11235955056179776,0.26919475655430714,0.0,8.0,80000.0,20000.0,3.0,4.0,0.0,3,68,0.0024752475247524753,-4.98,0.11235955056179776,0.26919475655430714,0.0,8.0,80000.0,20000.0,3.0,4.0,0.0,1
89.0,1813,0.11235955056179776,0.26919475655430714,0.0,8.0,80000.0,0.0,0.0,4.0,0.0,3,68,0.0024752475247524753,-4.98,0.11235955056179776,0.26919475655430714,0.0,8.0,80000.0,0.0,0.0,4.0,0.0,1
89.0,2270,0.11235955056179776,0.26919475655430714,0.0,8.0,80000.0,0.0,0.0,5.0,0.0,3,13,0.0024752475247524753,-4.98,0.11235955056179776,0.26919475655430714,0.0,8.0,80000.0,0.0,0.0,5.0,0.0,1
89.0,2700,0.11235955056179776,0.26919475655430714,0.0,25.0,400000.0,20000.0,2.0,4.0,0.0,3,13,0.0024752475247524753,-4.98,0.11235955056179776,0.26919475655430714,0.0,25.0,400000.0,20000.0,2.0,4.0,0.0,1
89.0,5694,0.11235955056179776,0.26919475655430714,12.5,12.0,120000.0,20000.0,3.0,2.0,0.0,2,38,0.0024752475247524753,-4.98,0.11235955056179776,0.26919475655430714,12.5,12.0,120000.0,20000.0,3.0,2.0,0.0,1
89.0,6126,0.11235955056179776,0.26919475655430714,0.0,12.0,120000.0,20000.0,7.0,3.0,0.0,2,38,0.0024752475247524753,-4.98,0.11235955056179776,0.26919475655430714,0.0,12.0,120000.0,20000.0,7.0,3.0,0.0,1
89.0,7493,0.11235955056179776,0.26919475655430714,12.5,12.0,120000.0,20000.0,4.0,5.0,0.0,3,86,0.0024752475247524753,-4.98,0.11235955056179776,0.26919475655430714,12.5,12.0,120000.0,20000.0,4.0,5.0,0.0,1
89.0,7944,0.11235955056179776,0.26919475655430714,12.5,12.0,120000.0,20000.0,8.0,4.0,0.0,3,86,0.0024752475247524753,-4.98,0.11235955056179776,0.26919475655430714,12.5,12.0,120000.0,20000.0,8.0,4.0,0.0,1
89.0,9286,0.11235955056179776,0.26919475655430714,0.0,12.0,120000.0,0.0,0.0,6.0,0.0,3,86,0.0024752475247524753,-4.98,0.11235955056179776,0.26919475655430714,0.0,12.0,120000.0,0.0,0.0,6.0,0.0,1
89.0,10635,0.11235955056179776,0.26919475655430714,0.0,12.0,120000.0,0.0,0.0,4.0,0.0,3,86,0.0024752475247524753,-4.98,0.11235955056179776,0.26919475655430714,0.0,12.0,120000.0,0.0,0.0,4.0,0.0,1
89.0,11537,0.11235955056179776,0.26919475655430714,0.0,12.0,120000.0,0.0,0.0,2.0,0.0,3,44,0.0024752475247524753,-4.98,0.11235955056179776,0.26919475655430714,0.0,12.0,120000.0,0.0,0.0,2.0,0.0,1
89.0,12431,0.11235955056179776,0.26919475655430714,0.0,12.0,120000.0,0.0,0.0,4.0,0.0,3,44,0.0024752475247524753,-4.98,0.11235955056179776,0.26919475655430714,0.0,12.0,120000.0,0.0,0.0,4.0,0.0,1
83.0,5243,0.12048192771084339,0.16315261044176707,25.0,12.0,120000.0,20000.0,4.0,5.0,0.0,0,0,0.0024752475247524753,9.749332916666667,0.11234691468970737,0.26916448311075725,12.5,12.0,120000.0,20000.0,3.0,5.0,0.0,0
84.0,6575,0.11904761904761905,0.16121031746031744,0.0,12.0,120000.0,20000.0,3.0,5.0,0.0,0,0,0.0024752475247524753,9.75,0.1111111111111111,0.2662037037037037,0.0,12.0,120000.0,20000.0,3.0,5.0,0.0,0
86.0,903,0.11627906976744186,0.15746124031007752,0.0,8.0,80000.0,20000.0,6.0,1.0,0.0,0,0,0.0024752475247524753,9.74975,0.1111111111111111,0.2662037037037037,12.5,8.0,80000.0,20000.0,7.0,1.0,0.0,0
90.0,905,0.1111111111111111,0.2662037037037037,12.5,8.0,80000.0,20000.0,7.0,1.0,0.0,1,8,0.0024752475247524753,-4.98,0.1111111111111111,0.2662037037037037,12.5,8.0,80000.0,20000.0,7.0,1.0,0.0,1
90.0,3795,0.1111111111111111,0.2662037037037037,25.0,25.0,400000.0,20000.0,7.0,0.0,0.0,2,8,0.0024752475247524753,-4.975,0.1111111111111111,0.2662037037037037,25.0,25.0,400000.0,20000.0,7.0,0.0,0.0,1
90.0,6578,0.1111111111111111,0.2662037037037037,0.0,12.0,120000.0,20000.0,3.0,5.0,0.0,3,5,0.0024752475247524753,-4.98,0.1111111111111111,0.2662037037037037,0.0,12.0,120000.0,20000.0,3.0,5.0,0.0,1
90.0,8843,0.1111111111111111,0.2662037037037037,0.0,12.0,120000.0,0.0,0.0,3.0,0.0,3,5,0.0024752475247524753,-4.98,0.1111111111111111,0.2662037037037037,0.0,12.0,120000.0,0.0,0.0,3.0,0.0,1
90.0,9736,0.1111111111111111,0.2662037037037037,0.0,12.0,120000.0,0.0,0.0,3.0,0.0,2,52,0.0024752475247524753,-4.98,0.1111111111111111,0.2662037037037037,0.0,12.0,120000.0,0.0,0.0,3.0,0.0,1
90.0,10176,0.1111111111111111,0.2662037037037037,0.0,12.0,120000.0,0.0,0.0,2.0,0.0,2,52,0.0024752475247524753,-4.98,0.1111111111111111,0.2662037037037037,0.0,12.0,120000.0,0.0,0.0,2.0,0.0,1
90.0,11070,0.1111111111111111,0.2662037037037037,0.0,12.0,120000.0,0.0,0.0,4.0,0.0,2,52,0.0024752475247524753,-4.98,0.1111111111111111,0.2662037037037037,0.0,12.0,120000.0,0.0,0.0,4.0,0.0,1
90.0,11993,0.1111111111111111,0.2662037037037037,0.0,12.0,120000.0,0.0,0.0,1.0,0.0,2,52,0.0024752475247524753,-4.98,0.1111111111111111,0.2662037037037037,0.0,12.0,120000.0,0.0,0.0,1.0,0.0,1
85.0,5692,0.1176470588235294,0.15931372549019607,0.0,12.0,120000.0,20000.0,2.0,2.0,0.0,0,0,0.0024752475247524753,9.75,0.10989010989010989,0.2632783882783883,0.0,12.0,120000.0,20000.0,2.0,2.0,0.0,0
85.0,7491,0.1176470588235294,0.15931372549019607,0.0,12.0,120000.0,20000.0,3.0,5.0,0.0,0,0,0.0024752475247524753,9.75,0.10989010989010989,0.2632783882783883,0.0,12.0,120000.0,20000.0,3.0,5.0,0.0,0
91.0,7,0.10989010989010989,0.2632783882783883,12.5,8.0,80000.0,20000.0,2.0,2.0,0.0,2,52,0.0024752475247524753,-4.98,0.10989010989010989,0.2632783882783883,12.5,8.0,80000.0,20000.0,2.0,2.0,0.0,1
91.0,451,0.10989010989010989,0.2632783882783883,0.0,8.0,80000.0,20000.0,3.0,4.0,0.0,3,86,0.0024752475247524753,-4.98,0.10989010989010989,0.2632783882783883,0.0,8.0,80000.0,20000.0,3.0,4.0,0.0,1
91.0,1814,0.10989010989010989,0.2632783882783883,0.0,8.0,80000.0,0.0,0.0,4.0,0.0,3,86,0.0024752475247524753,-4.98,0.10989010989010989,0.2632783882783883,0.0,8.0,80000.0,0.0,0.0,4.0,0.0,1
91.0,2271,0.10989010989010989,0.2632783882783883,0.0,8.0,80000.0,0.0,0.0,5.0,0.0,3,21,0.0024752475247524753,-4.98,0.10989010989010989,0.2632783882783883,0.0,8.0,80000.0,0.0,0.0,5.0,0.0,1
91.0,4156,0.10989010989010989,0.2632783882783883,0.0,25.0,400000.0,0.0,0.0,1.0,0.0,3,21,0.0024752475247524753,-4.98,0.10989010989010989,0.2632783882783883,0.0,25.0,400000.0,0.0,0.0,1.0,0.0,1
91.0,4876,0.10989010989010989,0.2632783882783883,0.0,25.0,400000.0,0.0,0.0,5.0,0.0,3,21,0.0024752475247524753,-4.98,0.10989010989010989,0.2632783882783883,0.0,25.0,400000.0,0.0,0.0,5.0,0.0,1
91.0,6127,0.10989010989010989,0.2632783882783883,0.0,12.0,120000.0,20000.0,7.0,3.0,0.0,3,21,0.0024752475247524753,-4.98,0.10989010989010989,0.2632783882783883,0.0,12.0,120000.0,20000.0,7.0,3.0,0.0,1
91.0,7494,0.10989010989010989,0.2632783882783883,0.0,12.0,120000.0,20000.0,3.0,5.0,0.0,3,96,0.0024752475247524753,-4.98,0.10989010989010989,0.2632783882783883,0.0,12.0,120000.0,20000.0,3.0,5.0,0.0,1
91.0,9287,0.10989010989010989,0.2632783882783883,0.0,12.0,120000.0,0.0,0.0,6.0,0.0,3,96,0.0024752475247524753,-4.98,0.10989010989010989,0.2632783882783883,0.0,12.0,120000.0,0.0,0.0,6.0,0.0,1
91.0,10636,0.10989010989010989,0.2632783882783883,0.0,12.0,120000.0,0.0,0.0,4.0,0.0,1,92,0.0024752475247524753,-4.98,0.10989010989010989,0.2632783882783883,0.0,12.0,120000.0,0.0,0.0,4.0,0.0,1
91.0,11538,0.10989010989010989,0.2632783882783883,0.0,12.0,120000.0,0.0,0.0,2.0,0.0,1,92,0.0024752475247524753,-4.98,0.10989010989010989,0.2632783882783883,0.0,12.0,120000.0,0.0,0.0,2.0,0.0,1
91.0,12432,0.10989010989010989,0.2632783882783883,0.0,12.0,120000.0,0.0,0.0,4.0,0.0,3,36,0.0024752475247524753,-4.98,0.10989010989010989,0.2632783882783883,0.0,12.0,120000.0,0.0,0.0,4.0,0.0,1
85.0,5244,0.1176470588235294,0.15931372549019607,25.0,12.0,120000.0,20000.0,4.0,5.0,0.0,0,0,0.0024752475247524753,9.749582916666666,0.10987802330754606,0.2632494308409958,0.0,12.0,120000.0,20000.0,2.0,5.0,0.0,0
85.0,7942,0.1176470588235294,0.15931372549019607,12.5,12.0,120000.0,20000.0,7.0,5.0,0.0,0,0,0.0024752475247524753,9.749582916666666,0.10987802330754606,0.2632494308409958,0.0,12.0,120000.0,20000.0,7.0,3.0,0.0,0
92.0,906,0.10869565217391304,0.26041666666666663,12.5,8.0,80000.0,20000.0,7.0,1.0,0.0,3,36,0.0024752475247524753,-4.98,0.10869565217391304,0.26041666666666663,12.5,8.0,80000.0,20000.0,7.0,1.0,0.0,1
92.0,2701,0.10869565217391304,0.26041666666666663,0.0,25.0,400000.0,20000.0,2.0,4.0,0.0,1,71,0.0024752475247524753,-4.98,0.10869565217391304,0.26041666666666663,0.0,25.0,400000.0,20000.0,2.0,4.0,0.0,1
92.0,3433,0.10869565217391304,0.26041666666666663,25.0,25.0,400000.0,20000.0,4.0,2.0,0.0,1,71,0.0024752475247524753,-4.975,0.10869565217391304,0.26041666666666663,25.0,25.0,400000.0,20000.0,4.0,2.0,0.0,1
92.0,4509,0.10869565217391304,0.26041666666666663,37.5,25.0,400000.0,20000.0,5.0,3.0,0.0,3,91,0.0024752475247524753,-4.9625,0.10869565217391304,0.26041666666666663,37.5,25.0,400000.0,20000.0,5.0,3.0,0.0,1
92.0,6579,0.10869565217391304,0.26041666666666663,0.0,12.0,120000.0,20000.0,3.0,5.0,0.0,3,91,0.0024752475247524753,-4.98,0.10869565217391304,0.26041666666666663,0.0,12.0,120000.0,20000.0,3.0,5.0,0.0,1
92.0,8844,0.10869565217391304,0.26041666666666663,0.0,12.0,120000.0,0.0,0.0,3.0,0.0,3,40,0.0024752475247524753,-4.98,0.10869565217391304,0.26041666666666663,0.0,12.0,120000.0,0.0,0.0,3.0,0.0,1
92.0,9737,0.10869565217391304,0.26041666666666663,0.0,12.0,120000.0,0.0,0.0,3.0,0.0,3,40,0.0024752475247524753,-4.98,0.10869565217391304,0.26041666666666663,0.0,12.0,120000.0,0.0,0.0,3.0,0.0,1
92.0,10177,0.10869565217391304,0.26041666666666663,0.0,12.0,120000.0,0.0,0.0,2.0,0.0,3,40,0.0024752475247524753,-4.98,0.10869565217391304,0.26041666666666663,0.0,12.0,120000.0,0.0,0.0,2.0,0.0,1
92.0,11071,0.10869565217391304,0.26041666666666663,0.0,12.0,120000.0,0.0,0.0,4.0,0.0,3,40,0.0024752475247524753,-4.98,0.10869565217391304,0.26041666666666663,0.0,12.0,120000.0,0.0,0.0,4.0,0.0,1
92.0,11994,0.10869565217391304,0.26041666666666663,0.0,12.0,120000.0,0.0,0.0,1.0,0.0,3,39,0.0024752475247524753,-4.98,0.10869565217391304,0.26041666666666663,0.0,12.0,120000.0,0.0,0.0,1.0,0.0,1
88.0,904,0.11363636363636363,0.15388257575757575,12.5,8.0,80000.0,20000.0,7.0,1.0,0.0,0,0,0.0024752475247524753,9.749374375,0.10868382690100785,0.2603883352836646,0.0,8.0,80000.0,20000.0,6.0,1.0,0.0,0
89.0,6,0.11235955056179776,0.26919475655430714,0.0,8.0,80000.0,20000.0,1.0,2.0,0.0,1,54,0.0024752475247524753,9.77,0.10752688172043011,0.25761648745519716,0.0,8.0,80000.0,20000.0,1.0,2.0,0.0,0
93.0,8,0.10752688172043011,0.25761648745519716,0.0,8.0,80000.0,20000.0,1.0,2.0,0.0,3,39,0.0024752475247524753,-4.98,0.10752688172043011,0.25761648745519716,0.0,8.0,80000.0,20000.0,1.0,2.0,0.0,1
93.0,1815,0.10752688172043011,0.25761648745519716,0.0,8.0,80000.0,0.0,0.0,4.0,0.0,3,39,0.0024752475247524753,-4.98,0.10752688172043011,0.25761648745519716,0.0,8.0,80000.0,0.0,0.0,4.0,0.0,1
93.0,2272,0.10752688172043011,0.25761648745519716,0.0,8.0,80000.0,0.0,0.0,5.0,0.0,2,22,0.0024752475247524753,-4.98,0.10752688172043011,0.25761648745519716,0.0,8.0,80000.0,0.0,0.0,5.0,0.0,1
93.0,3796,0.10752688172043011,0.25761648745519716,25.0,25.0,400000.0,20000.0,7.0,0.0,0.0,2,22,0.0024752475247524753,-4.975,0.10752688172043011,0.25761648745519716,25.0,25.0,400000.0,20000.0,7.0,0.0,0.0,1
93.0,6128,0.10752688172043011,0.25761648745519716,0.0,12.0,120000.0,20000.0,7.0,3.0,0.0,2,10,0.0024752475247524753,-4.98,0.10752688172043011,0.25761648745519716,0.0,12.0,120000.0,20000.0,7.0,3.0,0.0,1
93.0,8370,0.10752688172043011,0.25761648745519716,0.0,12.0,120000.0,20000.0,8.0,1.0,0.0,2,10,0.0024752475247524753,-4.98,0.10752688172043011,0.25761648745519716,0.0,12.0,120000.0,20000.0,8.0,1.0,0.0,1
93.0,9288,0.10752688172043011,0.25761648745519716,0.0,12.0,120000.0,0.0,0.0,6.0,0.0,1,77,0.0024752475247524753,-4.98,0.10752688172043011,0.25761648745519716,0.0,12.0,120000.0,0.0,0.0,6.0,0.0,1
93.0,10637,0.10752688172043011,0.25761648745519716,0.0,12.0,120000.0,0.0,0.0,4.0,0.0,1,77,0.0024752475247524753,-4.98,0.10752688172043011,0.25761648745519716,0.0,12.0,120000.0,0.0,0.0,4.0,0.0,1
93.0,11539,0.10752688172043011,0.25761648745519716,0.0,12.0,120000.0,0.0,0.0,2.0,0.0,3,56,0.0024752475247524753,-4.98,0.10752688172043011,0.25761648745519716,0.0,12.0,120000.0,0.0,0.0,2.0,0.0,1
93.0,12433,0.10752688172043011,0.25761648745519716,0.0,12.0,120000.0,0.0,0.0,4.0,0.0,3,56,0.0024752475247524753,-4.98,0.10752688172043011,0.25761648745519716,0.0,12.0,120000.0,0.0,0.0,4.0,0.0,1
94.0,907,0.10638297872340426,0.25487588652482274,0.0,8.0,80000.0,20000.0,6.0,1.0,0.0,2,86,0.0024752475247524753,-4.98,0.10638297872340426,0.25487588652482274,0.0,8.0,80000.0,20000.0,8.0,1.0,0.0,1
94.0,4157,0.10638297872340426,0.25487588652482274,0.0,25.0,400000.0,0.0,0.0,1.0,0.0,2,86,0.0024752475247524753,-4.98,0.10638297872340426,0.25487588652482274,0.0,25.0,400000.0,0.0,0.0,1.0,0.0,1
94.0,4877,0.10638297872340426,0.25487588652482274,0.0,25.0,400000.0,0.0,0.0,5.0,0.0,2,86,0.0024752475247524753,-4.98,0.10638297872340426,0.25487588652482274,0.0,25.0,400000.0,0.0,0.0,5.0,0.0,1
94.0,6580,0.10638297872340426,0.25487588652482274,0.0,12.0,120000.0,20000.0,3.0,5.0,0.0,2,86,0.0024752475247524753,-4.98,0.10638297872340426,0.25487588652482274,0.0,12.0,120000.0,20000.0,3.0,5.0,0.0,1
94.0,9738,0.10638297872340426,0.25487588652482274,0.0,12.0,120000.0,0.0,0.0,3.0,0.0,1,95,0.0024752475247524753,-4.98,0.10638297872340426,0.25487588652482274,0.0,12.0,120000.0,0.0,0.0,3.0,0.0,1
94.0,10178,0.10638297872340426,0.25487588652482274,0.0,12.0,120000.0,0.0,0.0,2.0,0.0,1,95,0.0024752475247524753,-4.98,0.10638297872340426,0.25487588652482274,0.0,12.0,120000.0,0.0,0.0,2.0,0.0,1
94.0,11072,0.10638297872340426,0.25487588652482274,0.0,12.0,120000.0,0.0,0.0,4.0,0.0,3,78,0.0024752475247524753,-4.98,0.10638297872340426,0.25487588652482274,0.0,12.0,120000.0,0.0,0.0,4.0,0.0,1
95.0,9,0.10526315789473684,0.25219298245614036,0.0,8.0,80000.0,20000.0,1.0,2.0,0.0,3,78,0.0024752475247524753,-4.98,0.10526315789473684,0.25219298245614036,0.0,8.0,80000.0,20000.0,1.0,2.0,0.0,1
95.0,453,0.10526315789473684,0.25219298245614036,12.5,8.0,80000.0,20000.0,4.0,4.0,0.0,2,24,0.0024752475247524753,-4.98,0.10526315789473684,0.25219298245614036,12.5,8.0,80000.0,20000.0,4.0,4.0,0.0,1
95.0,1816,0.10526315789473684,0.25219298245614036,0.0,8.0,80000.0,0.0,0.0,4.0,0.0,2,24,0.0024752475247524753,-4.98,0.10526315789473684,0.25219298245614036,0.0,8.0,80000.0,0.0,0.0,4.0,0.0,1
95.0,2273,0.10526315789473684,0.25219298245614036,0.0,8.0,80000.0,0.0,0.0,5.0,0.0,2,24,0.0024752475247524753,-4.98,0.10526315789473684,0.25219298245614036,0.0,8.0,80000.0,0.0,0.0,5.0,0.0,1
95.0,2702,0.10526315789473684,0.25219298245614036,0.0,25.0,400000.0,20000.0,2.0,4.0,0.0,2,24,0.0024752475247524753,-4.98,0.10526315789473684,0.25219298245614036,0.0,25.0,400000.0,20000.0,2.0,4.0,0.0,1
95.0,6129,0.10526315789473684,0.25219298245614036,0.0,12.0,120000.0,20000.0,7.0,3.0,0.0,3,26,0.0024752475247524753,-4.98,0.10526315789473684,0.25219298245614036,0.0,12.0,120000.0,20000.0,7.0,3.0,0.0,1
95.0,8371,0.10526315789473684,0.25219298245614036,0.0,12.0,120000.0,20000.0,8.0,1.0,0.0,3,26,0.0024752475247524753,-4.98,0.10526315789473684,0.25219298245614036,0.0,12.0,120000.0,20000.0,8.0,1.0,0.0,1
95.0,9289,0.10526315789473684,0.25219298245614036,0.0,12.0,120000.0,0.0,0.0,6.0,0.0,3,85,0.0024752475247524753,-4.98,0.10526315789473684,0.25219298245614036,0.0,12.0,120000.0,0.0,0.0,6.0,0.0,1
95.0,10638,0.10526315789473684,0.25219298245614036,0.0,12.0,120000.0,0.0,0.0,4.0,0.0,3,85,0.0024752475247524753,-4.98,0.10526315789473684,0.25219298245614036,0.0,12.0,120000.0,0.0,0.0,4.0,0.0,1
95.0,11540,0.10526315789473684,0.25219298245614036,0.0,12.0,120000.0,0.0,0.0,2.0,0.0,1,18,0.0024752475247524753,-4.98,0.10526315789473684,0.25219298245614036,0.0,12.0,120000.0,0.0,0.0,2.0,0.0,1
95.0,12434,0.10526315789473684,0.25219298245614036,0.0,12.0,120000.0,0.0,0.0,4.0,0.0,1,18,0.0024752475247524753,-4.98,0.10526315789473684,0.25219298245614036,0.0,12.0,120000.0,0.0,0.0,4.0,0.0,1
75.0,3790,0.13333333333333333,0.18055555555555555,25.0,25.0,400000.0,20000.0,6.0,0.0,0.0,0,0,0.0024752475247524753,9.5995498,0.10525206765055599,0.25216641207945706,12.5,25.0,400000.0,20000.0,6.0,0.0,0.0,0
43.0,4860,0.23255813953488372,0.07267441860465117,0.0,25.0,400000.0,0.0,0.0,6.0,0.17,2,7,0.0024752475247524753,-3.98,0.10452961672473868,0.2504355400696864,0.0,25.0,400000.0,0.0,0.0,5.0,0.0,1
96.0,9739,0.10416666666666667,0.2495659722222222,0.0,12.0,120000.0,0.0,0.0,3.0,0.0,1,18,0.0024752475247524753,-4.98,0.10416666666666667,0.2495659722222222,0.0,12.0,120000.0,0.0,0.0,3.0,0.0,1
96.0,10179,0.10416666666666667,0.2495659722222222,0.0,12.0,120000.0,0.0,0.0,2.0,0.0,1,26,0.0024752475247524753,-4.98,0.10416666666666667,0.2495659722222222,0.0,12.0,120000.0,0.0,0.0,2.0,0.0,1
96.0,11073,0.10416666666666667,0.2495659722222222,0.0,12.0,120000.0,0.0,0.0,4.0,0.0,1,26,0.0024752475247524753,-4.98,0.10416666666666667,0.2495659722222222,0.0,12.0,120000.0,0.0,0.0,4.0,0.0,1
93.0,452,0.10752688172043011,0.25761648745519716,0.0,8.0,80000.0,20000.0,3.0,4.0,0.0,0,0,0.0024752475247524753,9.75,0.10309278350515465,0.2469931271477663,0.0,8.0,80000.0,20000.0,5.0,4.0,0.0,0
77.0,4504,0.12987012987012986,0.17586580086580086,0.0,25.0,400000.0,20000.0,2.0,3.0,0.0,0,0,0.0024752475247524753,9.59925,0.10309278350515465,0.2469931271477663,37.5,25.0,400000.0,20000.0,5.0,3.0,0.0,0
97.0,1817,0.10309278350515465,0.2469931271477663,0.0,8.0,80000.0,0.0,0.0,4.0,0.0,1,73,0.0024752475247524753,-4.98,0.10309278350515465,0.2469931271477663,0.0,8.0,80000.0,0.0,0.0,4.0,0.0,1
97.0,2274,0.10309278350515465,0.2469931271477663,0.0,8.0,80000.0,0.0,0.0,5.0,0.0,1,73,0.0024752475247524753,-4.98,0.10309278350515465,0.2469931271477663,0.0,8.0,80000.0,0.0,0.0,5.0,0.0,1
97.0,3060,0.10309278350515465,0.2469931271477663,0.0,25.0,400000.0,0.0,0.0,5.0,0.0,2,56,0.0024752475247524753,-4.98,0.10309278350515465,0.2469931271477663,0.0,25.0,400000.0,0.0,0.0,5.0,0.0,1
97.0,4158,0.10309278350515465,0.2469931271477663,0.0,25.0,400000.0,0.0,0.0,1.0,0.0,2,56,0.0024752475247524753,-4.98,0.10309278350515465,0.2469931271477663,0.0,25.0,400000.0,0.0,0.0,1.0,0.0,1
97.0,4878,0.10309278350515465,0.2469931271477663,0.0,25.0,400000.0,0.0,0.0,5.0,0.0,1,3,0.0024752475247524753,-4.98,0.10309278350515465,0.2469931271477663,0.0,25.0,400000.0,0.0,0.0,5.0,0.0,1
97.0,6130,0.10309278350515465,0.2469931271477663,0.0,12.0,120000.0,20000.0,8.0,3.0,0.0,1,3,0.0024752475247524753,-4.98,0.10309278350515465,0.2469931271477663,0.0,12.0,120000.0,20000.0,8.0,3.0,0.0,1
97.0,8372,0.10309278350515465,0.2469931271477663,0.0,12.0,120000.0,20000.0,9.0,1.0,0.0,2,3,0.0024752475247524753,-4.98,0.10309278350515465,0.2469931271477663,0.0,12.0,120000.0,20000.0,9.0,1.0,0.0,1
97.0,9290,0.10309278350515465,0.2469931271477663,0.0,12.0,120000.0,0.0,0.0,6.0,0.0,2,3,0.0024752475247524753,-4.98,0.10309278350515465,0.2469931271477663,0.0,12.0,120000.0,0.0,0.0,6.0,0.0,1
97.0,10639,0.10309278350515465,0.2469931271477663,0.0,12.0,120000.0,0.0,0.0,4.0,0.0,3,38,0.0024752475247524753,-4.98,0.10309278350515465,0.2469931271477663,0.0,12.0,120000.0,0.0,0.0,4.0,0.0,1
97.0,11541,0.10309278350515465,0.2469931271477663,0.0,12.0,120000.0,0.0,0.0,2.0,0.0,3,38,0.0024752475247524753,-4.98,0.10309278350515465,0.2469931271477663,0.0,12.0,120000.0,0.0,0.0,2.0,0.0,1
97.0,12435,0.10309278350515465,0.2469931271477663,0.0,12.0,120000.0,0.0,0.0,4.0,0.0,2,25,0.0024752475247524753,-4.98,0.10309278350515465,0.2469931271477663,0.0,12.0,120000.0,0.0,0.0,4.0,0.0,1
77.0,3428,0.12987012987012986,0.17586580086580086,12.5,25.0,400000.0,20000.0,3.0,2.0,0.0,0,0,0.0024752475247524753,9.599299799999999,0.10308214585278365,0.2469676411056275,25.0,25.0,400000.0,20000.0,4.0,2.0,0.0,0
98.0,909,0.10204081632653061,0.24447278911564627,12.5,8.0,80000.0,20000.0,9.0,1.0,0.0,2,25,0.0024752475247524753,-4.98,0.10204081632653061,0.24447278911564627,12.5,8.0,80000.0,20000.0,9.0,1.0,0.0,1
98.0,2703,0.10204081632653061,0.24447278911564627,0.0,25.0,400000.0,20000.0,2.0,4.0,0.0,2,50,0.0024752475247524753,-4.98,0.10204081632653061,0.24447278911564627,0.0,25.0,400000.0,20000.0,2.0,4.0,0.0,1
98.0,3435,0.10204081632653061,0.24447278911564627,25.0,25.0,400000.0,20000.0,4.0,2.0,0.0,2,50,0.0024752475247524753,-4.975,0.10204081632653061,0.24447278911564627,25.0,25.0,400000.0,20000.0,4.0,2.0,0.0,1
98.0,4511,0.10204081632653061,0.24447278911564627,37.5,25.0,400000.0,20000.0,5.0,3.0,0.0,1,76,0.0024752475247524753,-4.9625,0.10204081632653061,0.24447278911564627,37.5,25.0,400000.0,20000.0,5.0,3.0,0.0,1
98.0,6582,0.10204081632653061,0.24447278911564627,12.5,12.0,120000.0,20000.0,4.0,5.0,0.0,1,76,0.0024752475247524753,-4.98,0.10204081632653061,0.24447278911564627,12.5,12.0,120000.0,20000.0,4.0,5.0,0.0,1
98.0,9740,0.10204081632653061,0.24447278911564627,0.0,12.0,120000.0,0.0,0.0,3.0,0.0,1,44,0.0024752475247524753,-4.98,0.10204081632653061,0.24447278911564627,0.0,12.0,120000.0,0.0,0.0,3.0,0.0,1
98.0,10180,0.10204081632653061,0.24447278911564627,0.0,12.0,120000.0,0.0,0.0,2.0,0.0,1,44,0.0024752475247524753,-4.98,0.10204081632653061,0.24447278911564627,0.0,12.0,120000.0,0.0,0.0,2.0,0.0,1
98.0,11074,0.10204081632653061,0.24447278911564627,0.0,12.0,120000.0,0.0,0.0,4.0,0.0,1,65,0.0024752475247524753,-4.98,0.10204081632653061,0.24447278911564627,0.0,12.0,120000.0,0.0,0.0,4.0,0.0,1
99.0,11,0.10101010101010101,0.242003367003367,12.5,8.0,80000.0,20000.0,2.0,2.0,0.0,1,65,0.0024752475247524753,-4.98,0.10101010101010101,0.242003367003367,12.5,8.0,80000.0,20000.0,2.0,2.0,0.0,1
99.0,1818,0.10101010101010101,0.242003367003367,0.0,8.0,80000.0,0.0,0.0,4.0,0.0,3,46,0.0024752475247524753,-4.98,0.10101010101010101,0.242003367003367,0.0,8.0,80000.0,0.0,0.0,4.0,0.0,1
99.0,3798,0.10101010101010101,0.242003367003367,25.0,25.0,400000.0,20000.0,7.0,0.0,0.0,3,46,0.0024752475247524753,-4.975,0.10101010101010101,0.242003367003367,25.0,25.0,400000.0,20000.0,7.0,0.0,0.0,1
99.0,6131,0.10101010101010101,0.242003367003367,0.0,12.0,120000.0,20000.0,9.0,3.0,0.0,3,17,0.0024752475247524753,-4.98,0.10101010101010101,0.242003367003367,0.0,12.0,120000.0,20000.0,9.0,3.0,0.0,1
99.0,8373,0.10101010101010101,0.242003367003367,0.0,12.0,120000.0,20000.0,10.0,1.0,0.0,3,17,0.0024752475247524753,-4.98,0.10101010101010101,0.242003367003367,0.0,12.0,120000.0,20000.0,10.0,1.0,0.0,1
99.0,9291,0.10101010101010101,0.242003367003367,0.0,12.0,120000.0,0.0,0.0,6.0,0.0,3,17,0.0024752475247524753,-4.98,0.10101010101010101,0.242003367003367,0.0,12.0,120000.0,0.0,0.0,6.0,0.0,1
99.0,10640,0.10101010101010101,0.242003367003367,0.0,12.0,120000.0,0.0,0.0,4.0,0.0,3,17,0.0024752475247524753,-4.98,0.10101010101010101,0.242003367003367,0.0,12.0,120000.0,0.0,0.0,4.0,0.0,1
99.0,11542,0.10101010101010101,0.242003367003367,0.0,12.0,120000.0,0.0,0.0,2.0,0.0,3,17,0.0024752475247524753,-4.98,0.10101010101010101,0.242003367003367,0.0,12.0,120000.0,0.0,0.0,2.0,0.0,1
99.0,12436,0.10101010101010101,0.242003367003367,0.0,12.0,120000.0,0.0,0.0,4.0,0.0,3,17,0.0024752475247524753,-4.98,0.10101010101010101,0.242003367003367,0.0,12.0,120000.0,0.0,0.0,4.0,0.0,1
96.0,908,0.10416666666666667,0.2495659722222222,0.0,8.0,80000.0,20000.0,8.0,1.0,0.0,0,0,0.0024752475247524753,9.75,0.1,0.23958333333333331,0.0,8.0,80000.0,20000.0,10.0,1.0,0.0,0
100.0,3061,0.1,0.23958333333333331,0.0,25.0,400000.0,0.0,0.0,5.0,0.0,3,17,0.0024752475247524753,-4.98,0.1,0.23958333333333331,0.0,25.0,400000.0,0.0,0.0,5.0,0.0,1
100.0,4159,0.1,0.23958333333333331,0.0,25.0,400000.0,0.0,0.0,1.0,0.0,2,59,0.0024752475247524753,-4.98,0.1,0.23958333333333331,0.0,25.0,400000.0,0.0,0.0,1.0,0.0,1
100.0,4879,0.1,0.23958333333333331,0.0,25.0,400000.0,0.0,0.0,5.0,0.0,2,59,0.0024752475247524753,-4.98,0.1,0.23958333333333331,0.0,25.0,400000.0,0.0,0.0,5.0,0.0,1
100.0,6583,0.1,0.23958333333333331,12.5,12.0,120000.0,20000.0,4.0,5.0,0.0,3,70,0.0024752475247524753,-4.98,0.1,0.23958333333333331,12.5,12.0,120000.0,20000.0,4.0,5.0,0.0,1
100.0,7495,0.1,0.23958333333333331,0.0,12.0,120000.0,20000.0,3.0,5.0,0.0,3,70,0.0024752475247524753,-4.98,0.1,0.23958333333333331,0.0,12.0,120000.0,20000.0,3.0,5.0,0.0,1
100.0,9741,0.1,0.23958333333333331,0.0,12.0,120000.0,0.0,0.0,3.0,0.0,1,24,0.0024752475247524753,-4.98,0.1,0.23958333333333331,0.0,12.0,120000.0,0.0,0.0,3.0,0.0,1
100.0,10181,0.1,0.23958333333333331,0.0,12.0,120000.0,0.0,0.0,2.0,0.0,1,24,0.0024752475247524753,-4.98,0.1,0.23958333333333331,0.0,12.0,120000.0,0.0,0.0,2.0,0.0,1
100.0,11075,0.1,0.23958333333333331,0.0,12.0,120000.0,0.0,0.0,4.0,0.0,2,57,0.0024752475247524753,-4.98,0.1,0.23958333333333331,0.0,12.0,120000.0,0.0,0.0,4.0,0.0,1
97.0,10,0.10309278350515465,0.2469931271477663,0.0,8.0,80000.0,20000.0,1.0,2.0,0.0,0,0,0.0024752475247524753,9.75,0.09900990099009901,0.2372112211221122,0.0,8.0,80000.0,20000.0,1.0,2.0,0.0,0
101.0,12,0.09900990099009901,0.2372112211221122,0.0,8.0,80000.0,20000.0,1.0,2.0,0.0,2,57,0.0024752475247524753,-4.98,0.09900990099009901,0.2372112211221122,0.0,8.0,80000.0,20000.0,1.0,2.0,0.0,1
101.0,456,0.09900990099009901,0.2372112211221122,25.0,8.0,80000.0,20000.0,6.0,4.0,0.0,2,53,0.0024752475247524753,-4.975,0.09900990099009901,0.2372112211221122,25.0,8.0,80000.0,20000.0,6.0,4.0,0.0,1
101.0,1819,0.09900990099009901,0.2372112211221122,0.0,8.0,80000.0,0.0,0.0,4.0,0.0,2,53,0.0024752475247524753,-4.98,0.09900990099009901,0.2372112211221122,0.0,8.0,80000.0,0.0,0.0,4.0,0.0,1
101.0,3436,0.09900990099009901,0.2372112211221122,25.0,25.0,400000.0,20000.0,4.0,2.0,0.0,1,2,0.0024752475247524753,-4.975,0.09900990099009901,0.2372112211221122,25.0,25.0,400000.0,20000.0,4.0,2.0,0.0,1
101.0,3440,0.09900990099009901,0.2372112211221122,25.0,25.0,400000.0,20000.0,4.0,2.0,0.0,3,33,0.0024752475247524753,-4.975,0.09900990099009901,0.2372112211221122,25.0,25.0,400000.0,20000.0,4.0,2.0,0.0,1
101.0,4512,0.09900990099009901,0.2372112211221122,37.5,25.0,400000.0,20000.0,5.0,3.0,0.0,3,33,0.0024752475247524753,-4.9625,0.09900990099009901,0.2372112211221122,37.5,25.0,400000.0,20000.0,5.0,3.0,0.0,1
101.0,9292,0.09900990099009901,0.2372112211221122,0.0,12.0,120000.0,0.0,0.0,6.0,0.0,2,6,0.0024752475247524753,-4.98,0.09900990099009901,0.2372112211221122,0.0,12.0,120000.0,0.0,0.0,6.0,0.0,1
101.0,10641,0.09900990099009901,0.2372112211221122,0.0,12.0,120000.0,0.0,0.0,4.0,0.0,2,6,0.0024752475247524753,-4.98,0.09900990099009901,0.2372112211221122,0.0,12.0,120000.0,0.0,0.0,4.0,0.0,1
101.0,11543,0.09900990099009901,0.2372112211221122,0.0,12.0,120000.0,0.0,0.0,2.0,0.0,1,34,0.0024752475247524753,-4.98,0.09900990099009901,0.2372112211221122,0.0,12.0,120000.0,0.0,0.0,2.0,0.0,1
101.0,12437,0.09900990099009901,0.2372112211221122,0.0,12.0,120000.0,0.0,0.0,4.0,0.0,1,34,0.0024752475247524753,-4.98,0.09900990099009901,0.2372112211221122,0.0,12.0,120000.0,0.0,0.0,4.0,0.0,1
97.0,454,0.10309278350515465,0.2469931271477663,0.0,8.0,80000.0,20000.0,3.0,4.0,0.0,0,0,0.0024752475247524753,9.749124375000001,0.09900008919908038,0.23718771370613007,12.5,8.0,80000.0,20000.0,5.0,4.0,0.0,0
81.0,3792,0.12345679012345678,0.16718106995884774,25.0,25.0,400000.0,20000.0,7.0,0.0,0.0,0,0,0.0024752475247524753,9.5995498,0.09900008919908038,0.23718771370613007,12.5,25.0,400000.0,20000.0,6.0,0.0,0.0,0
96.0,6581,0.10416666666666667,0.2495659722222222,0.0,12.0,120000.0,20000.0,3.0,5.0,0.0,0,0,0.0024752475247524753,9.75,0.09803921568627451,0.23488562091503268,0.0,12.0,120000.0,20000.0,3.0,5.0,0.0,0
102.0,2275,0.09803921568627451,0.23488562091503268,0.0,8.0,80000.0,0.0,0.0,5.0,0.0,1,86,0.0024752475247524753,-4.98,0.09803921568627451,0.23488562091503268,0.0,8.0,80000.0,0.0,0.0,5.0,0.0,1
102.0,3799,0.09803921568627451,0.23488562091503268,12.5,25.0,400000.0,20000.0,6.0,0.0,0.0,2,26,0.0024752475247524753,-4.98,0.09803921568627451,0.23488562091503268,12.5,25.0,400000.0,20000.0,6.0,0.0,0.0,1
102.0,6584,0.09803921568627451,0.23488562091503268,0.0,12.0,120000.0,20000.0,3.0,5.0,0.0,2,26,0.0024752475247524753,-4.98,0.09803921568627451,0.23488562091503268,0.0,12.0,120000.0,20000.0,3.0,5.0,0.0,1
102.0,7496,0.09803921568627451,0.23488562091503268,0.0,12.0,120000.0,20000.0,3.0,5.0,0.0,2,9,0.0024752475247524753,-4.98,0.09803921568627451,0.23488562091503268,0.0,12.0,120000.0,20000.0,3.0,5.0,0.0,1
102.0,9742,0.09803921568627451,0.23488562091503268,0.0,12.0,120000.0,0.0,0.0,3.0,0.0,2,9,0.0024752475247524753,-4.98,0.09803921568627451,0.23488562091503268,0.0,12.0,120000.0,0.0,0.0,3.0,0.0,1
102.0,10182,0.09803921568627451,0.23488562091503268,0.0,12.0,120000.0,0.0,0.0,2.0,0.0,1,28,0.0024752475247524753,-4.98025,0.09803921568627451,0.23488562091503268,0.0,12.0,120000.0,0.0,0.0,2.0,0.0,1
102.0,11076,0.09803921568627451,0.23488562091503268,0.0,12.0,120000.0,0.0,0.0,4.0,0.0,1,28,0.0024752475247524753,-4.98,0.09803921568627451,0.23488562091503268,0.0,12.0,120000.0,0.0,0.0,4.0,0.0,1
103.0,13,0.0970873786407767,0.23260517799352753,0.0,8.0,80000.0,20000.0,1.0,2.0,0.0,3,27,0.0024752475247524753,-4.98,0.0970873786407767,0.23260517799352753,0.0,8.0,80000.0,20000.0,1.0,2.0,0.0,1
103.0,457,0.0970873786407767,0.23260517799352753,12.5,8.0,80000.0,20000.0,5.0,4.0,0.0,3,27,0.0024752475247524753,-4.98,0.0970873786407767,0.23260517799352753,12.5,8.0,80000.0,20000.0,5.0,4.0,0.0,1
103.0,1820,0.0970873786407767,0.23260517799352753,0.0,8.0,80000.0,0.0,0.0,4.0,0.0,3,27,0.0024752475247524753,-4.98,0.0970873786407767,0.23260517799352753,0.0,8.0,80000.0,0.0,0.0,4.0,0.0,1
103.0,3062,0.0970873786407767,0.23260517799352753,0.0,25.0,400000.0,0.0,0.0,5.0,0.0,3,27,0.0024752475247524753,-4.98,0.0970873786407767,0.23260517799352753,0.0,25.0,400000.0,0.0,0.0,5.0,0.0,1
103.0,6133,0.0970873786407767,0.23260517799352753,12.5,12.0,120000.0,20000.0,11.0,3.0,0.0,2,19,0.0024752475247524753,-4.98,0.0970873786407767,0.23260517799352753,12.5,12.0,120000.0,20000.0,11.0,3.0,0.0,1
103.0,8375,0.0970873786407767,0.23260517799352753,12.5,12.0,120000.0,20000.0,11.0,1.0,0.0,2,19,0.0024752475247524753,-4.98,0.0970873786407767,0.23260517799352753,12.5,12.0,120000.0,20000.0,11.0,1.0,0.0,1
103.0,9293,0.0970873786407767,0.23260517799352753,0.0,12.0,120000.0,0.0,0.0,6.0,0.0,2,19,0.0024752475247524753,-4.98,0.0970873786407767,0.23260517799352753,0.0,12.0,120000.0,0.0,0.0,6.0,0.0,1
103.0,10642,0.0970873786407767,0.23260517799352753,0.0,12.0,120000.0,0.0,0.0,4.0,0.0,2,19,0.0024752475247524753,-4.98,0.0970873786407767,0.23260517799352753,0.0,12.0,120000.0,0.0,0.0,4.0,0.0,1
103.0,11544,0.0970873786407767,0.23260517799352753,0.0,12.0,120000.0,0.0,0.0,2.0,0.0,2,19,0.0024752475247524753,-4.98,0.0970873786407767,0.23260517799352753,0.0,12.0,120000.0,0.0,0.0,2.0,0.0,1
103.0,12438,0.0970873786407767,0.23260517799352753,0.0,12.0,120000.0,0.0,0.0,4.0,0.0,2,19,0.0024752475247524753,-4.98,0.0970873786407767,0.23260517799352753,0.0,12.0,120000.0,0.0,0.0,4.0,0.0,1
99.0,455,0.10101010101010101,0.242003367003367,12.5,8.0,80000.0,20000.0,5.0,4.0,0.0,0,0,0.0024752475247524753,9.749374375,0.09707794417261002,0.2325825745802115,0.0,8.0,80000.0,20000.0,4.0,4.0,0.0,0
83.0,4506,0.12048192771084339,0.16315261044176707,12.5,25.0,400000.0,20000.0,3.0,3.0,0.0,0,0,0.0024752475247524753,9.599299799999999,0.09707794417261002,0.2325825745802115,25.0,25.0,400000.0,20000.0,4.0,3.0,0.0,0
104.0,912,0.09615384615384616,0.23036858974358976,25.0,8.0,80000.0,20000.0,12.0,1.0,0.0,3,92,0.0024752475247524753,-4.975,0.09615384615384616,0.23036858974358976,25.0,8.0,80000.0,20000.0,12.0,1.0,0.0,1
104.0,2276,0.09615384615384616,0.23036858974358976,0.0,8.0,80000.0,0.0,0.0,5.0,0.0,3,92,0.0024752475247524753,-4.98,0.09615384615384616,0.23036858974358976,0.0,8.0,80000.0,0.0,0.0,5.0,0.0,1
104.0,3441,0.09615384615384616,0.23036858974358976,25.0,25.0,400000.0,20000.0,5.0,2.0,0.0,3,19,0.0024752475247524753,-4.975,0.09615384615384616,0.23036858974358976,25.0,25.0,400000.0,20000.0,5.0,2.0,0.0,1
104.0,4513,0.09615384615384616,0.23036858974358976,25.0,25.0,400000.0,20000.0,4.0,3.0,0.0,3,19,0.0024752475247524753,-4.975,0.09615384615384616,0.23036858974358976,25.0,25.0,400000.0,20000.0,4.0,3.0,0.0,1
104.0,6585,0.09615384615384616,0.23036858974358976,0.0,12.0,120000.0,20000.0,3.0,5.0,0.0,3,77,0.0024752475247524753,-4.98,0.09615384615384616,0.23036858974358976,0.0,12.0,120000.0,20000.0,3.0,5.0,0.0,1
104.0,7497,0.09615384615384616,0.23036858974358976,0.0,12.0,120000.0,20000.0,3.0,5.0,0.0,3,77,0.0024752475247524753,-4.98,0.09615384615384616,0.23036858974358976,0.0,12.0,120000.0,20000.0,3.0,5.0,0.0,1
104.0,9743,0.09615384615384616,0.23036858974358976,0.0,12.0,120000.0,0.0,0.0,3.0,0.0,3,20,0.0024752475247524753,-4.98,0.09615384615384616,0.23036858974358976,0.0,12.0,120000.0,0.0,0.0,3.0,0.0,1
104.0,10183,0.09615384615384616,0.23036858974358976,0.0,12.0,120000.0,0.0,0.0,2.0,0.0,3,20,0.0024752475247524753,-4.98,0.09615384615384616,0.23036858974358976,0.0,12.0,120000.0,0.0,0.0,2.0,0.0,1
104.0,11077,0.09615384615384616,0.23036858974358976,0.0,12.0,120000.0,0.0,0.0,4.0,0.0,1,71,0.0024752475247524753,-4.98,0.09615384615384616,0.23036858974358976,0.0,12.0,120000.0,0.0,0.0,4.0,0.0,1
100.0,910,0.1,0.23958333333333331,0.0,8.0,80000.0,20000.0,8.0,1.0,0.0,0,0,0.0024752475247524753,9.749124375000001,0.09614459223684337,0.23034641890077057,12.5,8.0,80000.0,20000.0,11.0,1.0,0.0,0
105.0,1821,0.09523809523809523,0.2281746031746032,0.0,8.0,80000.0,0.0,0.0,4.0,0.0,1,25,0.0024752475247524753,-4.98,0.09523809523809523,0.2281746031746032,0.0,8.0,80000.0,0.0,0.0,4.0,0.0,1
105.0,6134,0.09523809523809523,0.2281746031746032,12.5,12.0,120000.0,20000.0,11.0,3.0,0.0,1,44,0.0024752475247524753,-4.98,0.09523809523809523,0.2281746031746032,12.5,12.0,120000.0,20000.0,11.0,3.0,0.0,1
105.0,8376,0.09523809523809523,0.2281746031746032,12.5,12.0,120000.0,20000.0,11.0,1.0,0.0,1,44,0.0024752475247524753,-4.98025,0.09523809523809523,0.2281746031746032,12.5,12.0,120000.0,20000.0,11.0,1.0,0.0,1
105.0,9294,0.09523809523809523,0.2281746031746032,0.0,12.0,120000.0,0.0,0.0,6.0,0.0,1,44,0.0024752475247524753,-4.98,0.09523809523809523,0.2281746031746032,0.0,12.0,120000.0,0.0,0.0,6.0,0.0,1
105.0,10643,0.09523809523809523,0.2281746031746032,0.0,12.0,120000.0,0.0,0.0,4.0,0.0,1,44,0.0024752475247524753,-4.98,0.09523809523809523,0.2281746031746032,0.0,12.0,120000.0,0.0,0.0,4.0,0.0,1
105.0,12439,0.09523809523809523,0.2281746031746032,0.0,12.0,120000.0,0.0,0.0,4.0,0.0,2,67,0.0024752475247524753,-4.98,0.09523809523809523,0.2281746031746032,0.0,12.0,120000.0,0.0,0.0,4.0,0.0,1
106.0,913,0.09433962264150944,0.22602201257861634,12.5,8.0,80000.0,20000.0,12.0,1.0,0.0,2,67,0.0024752475247524753,-4.98,0.09433962264150944,0.22602201257861634,12.5,8.0,80000.0,20000.0,12.0,1.0,0.0,1
106.0,2277,0.09433962264150944,0.22602201257861634,0.0,8.0,80000.0,0.0,0.0,5.0,0.0,1,54,0.0024752475247524753,-4.98,0.09433962264150944,0.22602201257861634,0.0,8.0,80000.0,0.0,0.0,5.0,0.0,1
106.0,3063,0.09433962264150944,0.22602201257861634,0.0,25.0,400000.0,0.0,0.0,5.0,0.0,1,54,0.0024752475247524753,-4.98,0.09433962264150944,0.22602201257861634,0.0,25.0,400000.0,0.0,0.0,5.0,0.0,1
106.0,6586,0.09433962264150944,0.22602201257861634,0.0,12.0,120000.0,20000.0,3.0,5.0,0.0,1,46,0.0024752475247524753,-4.98,0.09433962264150944,0.22602201257861634,0.0,12.0,120000.0,20000.0,3.0,5.0,0.0,1
106.0,7498,0.09433962264150944,0.22602201257861634,0.0,12.0,120000.0,20000.0,3.0,5.0,0.0,1,46,0.0024752475247524753,-4.98,0.09433962264150944,0.22602201257861634,0.0,12.0,120000.0,20000.0,3.0,5.0,0.0,1
106.0,9744,0.09433962264150944,0.22602201257861634,0.0,12.0,120000.0,0.0,0.0,3.0,0.0,2,4,0.0024752475247524753,-4.98,0.09433962264150944,0.22602201257861634,0.0,12.0,120000.0,0.0,0.0,3.0,0.0,1
106.0,10184,0.09433962264150944,0.22602201257861634,0.0,12.0,120000.0,0.0,0.0,2.0,0.0,2,4,0.0024752475247524753,-4.98,0.09433962264150944,0.22602201257861634,0.0,12.0,120000.0,0.0,0.0,2.0,0.0,1
106.0,11078,0.09433962264150944,0.22602201257861634,0.0,12.0,120000.0,0.0,0.0,4.0,0.0,1,94,0.0024752475247524753,-4.98,0.09433962264150944,0.22602201257861634,0.0,12.0,120000.0,0.0,0.0,4.0,0.0,1
102.0,911,0.09803921568627451,0.23488562091503268,12.5,8.0,80000.0,20000.0,10.0,1.0,0.0,1,86,0.0024752475247524753,9.769374375,0.09433071461836481,0.22600067043983238,0.0,8.0,80000.0,20000.0,11.0,1.0,0.0,0
101.0,6132,0.09900990099009901,0.2372112211221122,0.0,12.0,120000.0,20000.0,10.0,3.0,0.0,0,0,0.0024752475247524753,9.75,0.09345794392523366,0.22390965732087226,0.0,12.0,120000.0,20000.0,11.0,3.0,0.0,0
101.0,8374,0.09900990099009901,0.2372112211221122,0.0,12.0,120000.0,20000.0,10.0,1.0,0.0,0,0,0.0024752475247524753,9.75,0.09345794392523366,0.22390965732087226,0.0,12.0,120000.0,20000.0,10.0,1.0,0.0,0
107.0,15,0.09345794392523366,0.22390965732087226,12.5,8.0,80000.0,20000.0,2.0,2.0,0.0,1,94,0.0024752475247524753,-4.98,0.09345794392523366,0.22390965732087226,12.5,8.0,80000.0,20000.0,2.0,2.0,0.0,1
107.0,459,0.09345794392523366,0.22390965732087226,12.5,8.0,80000.0,20000.0,6.0,4.0,0.0,3,67,0.0024752475247524753,-4.98,0.09345794392523366,0.22390965732087226,12.5,8.0,80000.0,20000.0,6.0,4.0,0.0,1
107.0,1822,0.09345794392523366,0.22390965732087226,0.0,8.0,80000.0,0.0,0.0,4.0,0.0,3,67,0.0024752475247524753,-4.98,0.09345794392523366,0.22390965732087226,0.0,8.0,80000.0,0.0,0.0,4.0,0.0,1
107.0,2706,0.09345794392523366,0.22390965732087226,25.0,25.0,400000.0,20000.0,4.0,4.0,0.0,2,61,0.0024752475247524753,-4.975,0.09345794392523366,0.22390965732087226,25.0,25.0,400000.0,20000.0,4.0,4.0,0.0,1
107.0,8377,0.09345794392523366,0.22390965732087226,0.0,12.0,120000.0,20000.0,10.0,1.0,0.0,3,88,0.0024752475247524753,-4.98,0.09345794392523366,0.22390965732087226,0.0,12.0,120000.0,20000.0,10.0,1.0,0.0,1
107.0,10644,0.09345794392523366,0.22390965732087226,0.0,12.0,120000.0,0.0,0.0,4.0,0.0,3,88,0.0024752475247524753,-4.98,0.09345794392523366,0.22390965732087226,0.0,12.0,120000.0,0.0,0.0,4.0,0.0,1
107.0,12440,0.09345794392523366,0.22390965732087226,0.0,12.0,120000.0,0.0,0.0,4.0,0.0,3,88,0.0024752475247524753,-4.98,0.09345794392523366,0.22390965732087226,0.0,12.0,120000.0,0.0,0.0,4.0,0.0,1
108.0,914,0.0925925925925926,0.2218364197530864,0.0,8.0,80000.0,20000.0,11.0,1.0,0.0,3,88,0.0024752475247524753,-4.98,0.0925925925925926,0.2218364197530864,0.0,8.0,80000.0,20000.0,11.0,1.0,0.0,1
108.0,2278,0.0925925925925926,0.2218364197530864,0.0,8.0,80000.0,0.0,0.0,5.0,0.0,2,29,0.0024752475247524753,-4.98,0.0925925925925926,0.2218364197530864,0.0,8.0,80000.0,0.0,0.0,5.0,0.0,1
108.0,6587,0.0925925925925926,0.2218364197530864,0.0,12.0,120000.0,20000.0,3.0,5.0,0.0,2,29,0.0024752475247524753,-4.98,0.0925925925925926,0.2218364197530864,0.0,12.0,120000.0,20000.0,3.0,5.0,0.0,1
108.0,10185,0.0925925925925926,0.2218364197530864,0.0,12.0,120000.0,0.0,0.0,2.0,0.0,2,29,0.0024752475247524753,-4.98,0.0925925925925926,0.2218364197530864,0.0,12.0,120000.0,0.0,0.0,2.0,0.0,1
108.0,11079,0.0925925925925926,0.2218364197530864,0.0,12.0,120000.0,0.0,0.0,4.0,0.0,2,29,0.0024752475247524753,-4.98,0.0925925925925926,0.2218364197530864,0.0,12.0,120000.0,0.0,0.0,4.0,0.0,1
105.0,458,0.09523809523809523,0.2281746031746032,0.0,8.0,80000.0,20000.0,4.0,4.0,0.0,1,25,0.0024752475247524753,9.77,0.09174311926605505,0.2198012232415902,0.0,8.0,80000.0,20000.0,5.0,4.0,0.0,0
105.0,14,0.09523809523809523,0.2281746031746032,0.0,8.0,80000.0,20000.0,1.0,2.0,0.0,1,71,0.0024752475247524753,9.77,0.09174311926605505,0.2198012232415902,0.0,8.0,80000.0,20000.0,1.0,2.0,0.0,0
109.0,16,0.09174311926605505,0.2198012232415902,0.0,8.0,80000.0,20000.0,1.0,2.0,0.0,2,29,0.0024752475247524753,-4.98,0.09174311926605505,0.2198012232415902,0.0,8.0,80000.0,20000.0,1.0,2.0,0.0,1
109.0,460,0.09174311926605505,0.2198012232415902,0.0,8.0,80000.0,20000.0,5.0,4.0,0.0,3,29,0.0024752475247524753,-4.98,0.09174311926605505,0.2198012232415902,0.0,8.0,80000.0,20000.0,5.0,4.0,0.0,1
109.0,925,0.09174311926605505,0.2198012232415902,0.0,8.0,80000.0,20000.0,11.0,1.0,0.0,3,29,0.0024752475247524753,-4.98,0.09174311926605505,0.2198012232415902,0.0,8.0,80000.0,20000.0,11.0,1.0,0.0,1
109.0,1823,0.09174311926605505,0.2198012232415902,0.0,8.0,80000.0,0.0,0.0,4.0,0.0,2,36,0.0024752475247524753,-4.98,0.09174311926605505,0.2198012232415902,0.0,8.0,80000.0,0.0,0.0,4.0,0.0,1
109.0,3064,0.09174311926605505,0.2198012232415902,0.0,25.0,400000.0,0.0,0.0,5.0,0.0,2,36,0.0024752475247524753,-4.98,0.09174311926605505,0.2198012232415902,0.0,25.0,400000.0,0.0,0.0,5.0,0.0,1
109.0,12441,0.09174311926605505,0.2198012232415902,0.0,12.0,120000.0,0.0,0.0,4.0,0.0,3,7,0.0024752475247524753,-4.98,0.09174311926605505,0.2198012232415902,0.0,12.0,120000.0,0.0,0.0,4.0,0.0,1
89.0,3432,0.11235955056179776,0.26919475655430714,12.5,25.0,400000.0,20000.0,3.0,2.0,0.0,0,0,0.0024752475247524753,9.5987998,0.09173469482298002,0.2197810396800563,50.0,25.0,400000.0,20000.0,6.0,2.0,0.0,0
89.0,4508,0.11235955056179776,0.26919475655430714,25.0,25.0,400000.0,20000.0,4.0,3.0,0.0,0,0,0.0024752475247524753,9.599299799999999,0.09173469482298002,0.2197810396800563,25.0,25.0,400000.0,20000.0,4.0,3.0,0.0,0
110.0,915,0.09090909090909091,0.21780303030303033,0.0,8.0,80000.0,20000.0,11.0,1.0,0.0,3,7,0.0024752475247524753,-4.98,0.09090909090909091,0.21780303030303033,0.0,8.0,80000.0,20000.0,11.0,1.0,0.0,1
110.0,1375,0.09090909090909091,0.21780303030303033,0.0,8.0,80000.0,0.0,0.0,5.0,0.0,2,58,0.0024752475247524753,-4.98,0.09090909090909091,0.21780303030303033,0.0,8.0,80000.0,0.0,0.0,5.0,0.0,1
110.0,2279,0.09090909090909091,0.21780303030303033,0.0,8.0,80000.0,0.0,0.0,5.0,0.0,1,84,0.0024752475247524753,-4.98,0.09090909090909091,0.21780303030303033,0.0,8.0,80000.0,0.0,0.0,5.0,0.0,1
110.0,2707,0.09090909090909091,0.21780303030303033,25.0,25.0,400000.0,20000.0,4.0,4.0,0.0,1,84,0.0024752475247524753,-4.975,0.09090909090909091,0.21780303030303033,25.0,25.0,400000.0,20000.0,4.0,4.0,0.0,1
110.0,6588,0.09090909090909091,0.21780303030303033,0.0,12.0,120000.0,20000.0,3.0,5.0,0.0,2,25,0.0024752475247524753,-4.98,0.09090909090909091,0.21780303030303033,0.0,12.0,120000.0,20000.0,3.0,5.0,0.0,1
110.0,7500,0.09090909090909091,0.21780303030303033,12.5,12.0,120000.0,20000.0,4.0,5.0,0.0,2,25,0.0024752475247524753,-4.98,0.09090909090909091,0.21780303030303033,12.5,12.0,120000.0,20000.0,4.0,5.0,0.0,1
110.0,10186,0.09090909090909091,0.21780303030303033,0.0,12.0,120000.0,0.0,0.0,2.0,0.0,3,96,0.0024752475247524753,-4.98,0.09090909090909091,0.21780303030303033,0.0,12.0,120000.0,0.0,0.0,2.0,0.0,1
110.0,11080,0.09090909090909091,0.21780303030303033,0.0,12.0,120000.0,0.0,0.0,4.0,0.0,3,96,0.0024752475247524753,-4.98,0.09090909090909091,0.21780303030303033,0.0,12.0,120000.0,0.0,0.0,4.0,0.0,1
111.0,926,0.09009009009009009,0.21584084084084082,0.0,8.0,80000.0,20000.0,11.0,1.0,0.0,2,24,0.0024752475247524753,-4.98,0.09009009009009009,0.21584084084084082,0.0,8.0,80000.0,20000.0,12.0,1.0,0.0,1
111.0,1824,0.09009009009009009,0.21584084084084082,0.0,8.0,80000.0,0.0,0.0,4.0,0.0,2,24,0.0024752475247524753,-4.98,0.09009009009009009,0.21584084084084082,0.0,8.0,80000.0,0.0,0.0,4.0,0.0,1
111.0,6137,0.09009009009009009,0.21584084084084082,25.0,12.0,120000.0,20000.0,12.0,3.0,0.0,1,96,0.0024752475247524753,-4.975,0.09009009009009009,0.21584084084084082,25.0,12.0,120000.0,20000.0,12.0,3.0,0.0,1
111.0,8379,0.09009009009009009,0.21584084084084082,12.5,12.0,120000.0,20000.0,11.0,1.0,0.0,1,96,0.0024752475247524753,-4.98,0.09009009009009009,0.21584084084084082,12.5,12.0,120000.0,20000.0,11.0,1.0,0.0,1
111.0,12442,0.09009009009009009,0.21584084084084082,0.0,12.0,120000.0,0.0,0.0,4.0,0.0,2,88,0.0024752475247524753,-4.98,0.09009009009009009,0.21584084084084082,0.0,12.0,120000.0,0.0,0.0,4.0,0.0,1
112.0,916,0.08928571428571429,0.2139136904761905,0.0,8.0,80000.0,20000.0,12.0,1.0,0.0,2,88,0.0024752475247524753,-4.98,0.08928571428571429,0.2139136904761905,0.0,8.0,80000.0,20000.0,12.0,1.0,0.0,1
112.0,1376,0.08928571428571429,0.2139136904761905,0.0,8.0,80000.0,0.0,0.0,5.0,0.0,1,29,0.0024752475247524753,-4.98,0.08928571428571429,0.2139136904761905,0.0,8.0,80000.0,0.0,0.0,5.0,0.0,1
112.0,2280,0.08928571428571429,0.2139136904761905,0.0,8.0,80000.0,0.0,0.0,5.0,0.0,1,36,0.0024752475247524753,-4.98,0.08928571428571429,0.2139136904761905,0.0,8.0,80000.0,0.0,0.0,5.0,0.0,1
112.0,3065,0.08928571428571429,0.2139136904761905,0.0,25.0,400000.0,0.0,0.0,5.0,0.0,2,57,0.0024752475247524753,-4.98,0.08928571428571429,0.2139136904761905,0.0,25.0,400000.0,0.0,0.0,5.0,0.0,1
112.0,5696,0.08928571428571429,0.2139136904761905,12.5,12.0,120000.0,20000.0,4.0,2.0,0.0,2,57,0.0024752475247524753,-4.98,0.08928571428571429,0.2139136904761905,12.5,12.0,120000.0,20000.0,4.0,2.0,0.0,1
112.0,6589,0.08928571428571429,0.2139136904761905,0.0,12.0,120000.0,20000.0,3.0,5.0,0.0,1,23,0.0024752475247524753,-4.98,0.08928571428571429,0.2139136904761905,0.0,12.0,120000.0,20000.0,3.0,5.0,0.0,1
112.0,7501,0.08928571428571429,0.2139136904761905,12.5,12.0,120000.0,20000.0,4.0,5.0,0.0,1,23,0.0024752475247524753,-4.98,0.08928571428571429,0.2139136904761905,12.5,12.0,120000.0,20000.0,4.0,5.0,0.0,1
112.0,10187,0.08928571428571429,0.2139136904761905,0.0,12.0,120000.0,0.0,0.0,2.0,0.0,2,43,0.0024752475247524753,-4.98,0.08928571428571429,0.2139136904761905,0.0,12.0,120000.0,0.0,0.0,2.0,0.0,1
112.0,11081,0.08928571428571429,0.2139136904761905,0.0,12.0,120000.0,0.0,0.0,4.0,0.0,2,43,0.0024752475247524753,-4.98,0.08928571428571429,0.2139136904761905,0.0,12.0,120000.0,0.0,0.0,4.0,0.0,1
113.0,18,0.08849557522123894,0.21202064896755163,12.5,8.0,80000.0,20000.0,2.0,2.0,0.0,2,90,0.0024752475247524753,-4.98,0.08849557522123894,0.21202064896755163,12.5,8.0,80000.0,20000.0,2.0,2.0,0.0,1
113.0,462,0.08849557522123894,0.21202064896755163,12.5,8.0,80000.0,20000.0,7.0,4.0,0.0,2,90,0.0024752475247524753,-4.98,0.08849557522123894,0.21202064896755163,12.5,8.0,80000.0,20000.0,7.0,4.0,0.0,1
113.0,927,0.08849557522123894,0.21202064896755163,0.0,8.0,80000.0,20000.0,12.0,1.0,0.0,3,74,0.0024752475247524753,-4.98,0.08849557522123894,0.21202064896755163,0.0,8.0,80000.0,20000.0,12.0,1.0,0.0,1
113.0,2708,0.08849557522123894,0.21202064896755163,25.0,25.0,400000.0,20000.0,4.0,4.0,0.0,3,74,0.0024752475247524753,-4.975,0.08849557522123894,0.21202064896755163,25.0,25.0,400000.0,20000.0,4.0,4.0,0.0,1
113.0,3444,0.08849557522123894,0.21202064896755163,75.0,25.0,400000.0,20000.0,8.0,2.0,0.0,3,29,0.0024752475247524753,-4.925,0.08849557522123894,0.21202064896755163,75.0,25.0,400000.0,20000.0,8.0,2.0,0.0,1
113.0,4516,0.08849557522123894,0.21202064896755163,37.5,25.0,400000.0,20000.0,5.0,3.0,0.0,3,29,0.0024752475247524753,-4.9625,0.08849557522123894,0.21202064896755163,37.5,25.0,400000.0,20000.0,5.0,3.0,0.0,1
113.0,6138,0.08849557522123894,0.21202064896755163,25.0,12.0,120000.0,20000.0,12.0,3.0,0.0,1,30,0.0024752475247524753,-4.975,0.08849557522123894,0.21202064896755163,25.0,12.0,120000.0,20000.0,12.0,3.0,0.0,1
113.0,7945,0.08849557522123894,0.21202064896755163,0.0,12.0,120000.0,20000.0,7.0,3.0,0.0,1,30,0.0024752475247524753,-4.98,0.08849557522123894,0.21202064896755163,0.0,12.0,120000.0,20000.0,7.0,3.0,0.0,1
113.0,8380,0.08849557522123894,0.21202064896755163,12.5,12.0,120000.0,20000.0,11.0,1.0,0.0,2,63,0.0024752475247524753,-4.98,0.08849557522123894,0.21202064896755163,12.5,12.0,120000.0,20000.0,11.0,1.0,0.0,1
113.0,12443,0.08849557522123894,0.21202064896755163,0.0,12.0,120000.0,0.0,0.0,4.0,0.0,2,63,0.0024752475247524753,-4.98,0.08849557522123894,0.21202064896755163,0.0,12.0,120000.0,0.0,0.0,4.0,0.0,1
107.0,6135,0.09345794392523366,0.22390965732087226,0.0,12.0,120000.0,20000.0,10.0,3.0,0.0,0,0,0.0024752475247524753,9.749332916666667,0.08848773661731381,0.21200186897898105,12.5,12.0,120000.0,20000.0,11.0,3.0,0.0,0
108.0,7499,0.0925925925925926,0.2218364197530864,0.0,12.0,120000.0,20000.0,3.0,5.0,0.0,0,0,0.0024752475247524753,9.75,0.08771929824561403,0.21016081871345027,0.0,12.0,120000.0,20000.0,3.0,5.0,0.0,0
114.0,917,0.08771929824561403,0.21016081871345027,0.0,8.0,80000.0,20000.0,12.0,1.0,0.0,3,12,0.0024752475247524753,-4.98,0.08771929824561403,0.21016081871345027,0.0,8.0,80000.0,20000.0,12.0,1.0,0.0,1
114.0,1377,0.08771929824561403,0.21016081871345027,0.0,8.0,80000.0,0.0,0.0,5.0,0.0,3,12,0.0024752475247524753,-4.98,0.08771929824561403,0.21016081871345027,0.0,8.0,80000.0,0.0,0.0,5.0,0.0,1
114.0,2281,0.08771929824561403,0.21016081871345027,0.0,8.0,80000.0,0.0,0.0,5.0,0.0,3,12,0.0024752475247524753,-4.98,0.08771929824561403,0.21016081871345027,0.0,8.0,80000.0,0.0,0.0,5.0,0.0,1
114.0,5697,0.08771929824561403,0.21016081871345027,12.5,12.0,120000.0,20000.0,4.0,2.0,0.0,3,12,0.0024752475247524753,-4.98,0.08771929824561403,0.21016081871345027,12.5,12.0,120000.0,20000.0,4.0,2.0,0.0,1
114.0,6590,0.08771929824561403,0.21016081871345027,0.0,12.0,120000.0,20000.0,3.0,5.0,0.0,2,89,0.0024752475247524753,-4.98,0.08771929824561403,0.21016081871345027,0.0,12.0,120000.0,20000.0,3.0,5.0,0.0,1
114.0,7502,0.08771929824561403,0.21016081871345027,0.0,12.0,120000.0,20000.0,3.0,5.0,0.0,2,89,0.0024752475247524753,-4.98,0.08771929824561403,0.21016081871345027,0.0,12.0,120000.0,20000.0,3.0,5.0,0.0,1
114.0,10188,0.08771929824561403,0.21016081871345027,0.0,12.0,120000.0,0.0,0.0,2.0,0.0,2,89,0.0024752475247524753,-4.98,0.08771929824561403,0.21016081871345027,0.0,12.0,120000.0,0.0,0.0,2.0,0.0,1
114.0,11082,0.08771929824561403,0.21016081871345027,0.0,12.0,120000.0,0.0,0.0,4.0,0.0,2,89,0.0024752475247524753,-4.98,0.08771929824561403,0.21016081871345027,0.0,12.0,120000.0,0.0,0.0,4.0,0.0,1
111.0,461,0.09009009009009009,0.21584084084084082,0.0,8.0,80000.0,20000.0,5.0,4.0,0.0,1,54,0.0024752475247524753,9.77,0.08695652173913043,0.20833333333333334,0.0,8.0,80000.0,20000.0,8.0,4.0,0.0,0
111.0,17,0.09009009009009009,0.21584084084084082,0.0,8.0,80000.0,20000.0,1.0,2.0,0.0,1,54,0.0024752475247524753,9.77,0.08695652173913043,0.20833333333333334,0.0,8.0,80000.0,20000.0,2.0,2.0,0.0,0
109.0,8378,0.09174311926605505,0.2198012232415902,0.0,12.0,120000.0,20000.0,10.0,1.0,0.0,0,0,0.0024752475247524753,9.75,0.08695652173913043,0.20833333333333334,0.0,12.0,120000.0,20000.0,10.0,1.0,0.0,0
115.0,928,0.08695652173913043,0.20833333333333334,0.0,8.0,80000.0,20000.0,12.0,1.0,0.0,3,4,0.0024752475247524753,-4.98,0.08695652173913043,0.20833333333333334,0.0,8.0,80000.0,20000.0,12.0,1.0,0.0,1
115.0,3066,0.08695652173913043,0.20833333333333334,0.0,25.0,400000.0,0.0,0.0,5.0,0.0,2,58,0.0024752475247524753,-4.98,0.08695652173913043,0.20833333333333334,0.0,25.0,400000.0,0.0,0.0,5.0,0.0,1
115.0,6139,0.08695652173913043,0.20833333333333334,12.5,12.0,120000.0,20000.0,11.0,3.0,0.0,1,85,0.0024752475247524753,-4.98,0.08695652173913043,0.20833333333333334,12.5,12.0,120000.0,20000.0,11.0,3.0,0.0,1
115.0,7946,0.08695652173913043,0.20833333333333334,0.0,12.0,120000.0,20000.0,7.0,3.0,0.0,1,85,0.0024752475247524753,-4.98,0.08695652173913043,0.20833333333333334,0.0,12.0,120000.0,20000.0,7.0,3.0,0.0,1
115.0,8381,0.08695652173913043,0.20833333333333334,0.0,12.0,120000.0,20000.0,10.0,1.0,0.0,2,100,0.0024752475247524753,-4.98,0.08695652173913043,0.20833333333333334,0.0,12.0,120000.0,20000.0,10.0,1.0,0.0,1
115.0,11545,0.08695652173913043,0.20833333333333334,0.0,12.0,120000.0,0.0,0.0,2.0,0.0,2,100,0.0024752475247524753,-4.98,0.08695652173913043,0.20833333333333334,0.0,12.0,120000.0,0.0,0.0,2.0,0.0,1
115.0,12444,0.08695652173913043,0.20833333333333334,0.0,12.0,120000.0,0.0,0.0,4.0,0.0,1,21,0.0024752475247524753,-4.98,0.08695652173913043,0.20833333333333334,0.0,12.0,120000.0,0.0,0.0,4.0,0.0,1
109.0,6136,0.09174311926605505,0.2198012232415902,12.5,12.0,120000.0,20000.0,11.0,3.0,0.0,0,0,0.0024752475247524753,9.749582916666666,0.08694895339979537,0.2083152008536764,0.0,12.0,120000.0,20000.0,10.0,3.0,0.0,0
95.0,3434,0.10526315789473684,0.25219298245614036,25.0,25.0,400000.0,20000.0,4.0,2.0,0.0,0,0,0.0024752475247524753,9.598549799999999,0.08694895339979537,0.2083152008536764,62.5,25.0,400000.0,20000.0,7.0,2.0,0.0,0
95.0,4510,0.10526315789473684,0.25219298245614036,37.5,25.0,400000.0,20000.0,5.0,3.0,0.0,0,0,0.0024752475247524753,9.599299799999999,0.08694895339979537,0.2083152008536764,25.0,25.0,400000.0,20000.0,4.0,3.0,0.0,0
110.0,5695,0.09090909090909091,0.21780303030303033,0.0,12.0,120000.0,20000.0,3.0,2.0,0.0,0,0,0.0024752475247524753,9.75,0.08620689655172414,0.2065373563218391,0.0,12.0,120000.0,20000.0,4.0,2.0,0.0,0
116.0,918,0.08620689655172414,0.2065373563218391,0.0,8.0,80000.0,20000.0,12.0,1.0,0.0,1,21,0.0024752475247524753,-4.98,0.08620689655172414,0.2065373563218391,0.0,8.0,80000.0,20000.0,12.0,1.0,0.0,1
116.0,1378,0.08620689655172414,0.2065373563218391,0.0,8.0,80000.0,0.0,0.0,5.0,0.0,1,21,0.0024752475247524753,-4.98,0.08620689655172414,0.2065373563218391,0.0,8.0,80000.0,0.0,0.0,5.0,0.0,1
116.0,2282,0.08620689655172414,0.2065373563218391,0.0,8.0,80000.0,0.0,0.0,5.0,0.0,1,21,0.0024752475247524753,-4.98,0.08620689655172414,0.2065373563218391,0.0,8.0,80000.0,0.0,0.0,5.0,0.0,1
116.0,2709,0.08620689655172414,0.2065373563218391,25.0,25.0,400000.0,20000.0,4.0,4.0,0.0,3,60,0.0024752475247524753,-4.975,0.08620689655172414,0.2065373563218391,25.0,25.0,400000.0,20000.0,4.0,4.0,0.0,1
116.0,3445,0.08620689655172414,0.2065373563218391,62.5,25.0,400000.0,20000.0,7.0,2.0,0.0,3,60,0.0024752475247524753,-4.9375,0.08620689655172414,0.2065373563218391,62.5,25.0,400000.0,20000.0,7.0,2.0,0.0,1
116.0,4160,0.08620689655172414,0.2065373563218391,0.0,25.0,400000.0,0.0,0.0,1.0,0.0,1,87,0.0024752475247524753,-4.98025,0.08620689655172414,0.2065373563218391,0.0,25.0,400000.0,0.0,0.0,1.0,0.0,1
116.0,4517,0.08620689655172414,0.2065373563218391,25.0,25.0,400000.0,20000.0,4.0,3.0,0.0,1,87,0.0024752475247524753,-4.975,0.08620689655172414,0.2065373563218391,25.0,25.0,400000.0,20000.0,4.0,3.0,0.0,1
116.0,7503,0.08620689655172414,0.2065373563218391,0.0,12.0,120000.0,20000.0,3.0,5.0,0.0,2,17,0.0024752475247524753,-4.98,0.08620689655172414,0.2065373563218391,0.0,12.0,120000.0,20000.0,3.0,5.0,0.0,1
116.0,10189,0.08620689655172414,0.2065373563218391,0.0,12.0,120000.0,0.0,0.0,2.0,0.0,3,6,0.0024752475247524753,-4.98,0.08620689655172414,0.2065373563218391,0.0,12.0,120000.0,0.0,0.0,2.0,0.0,1
116.0,11083,0.08620689655172414,0.2065373563218391,0.0,12.0,120000.0,0.0,0.0,4.0,0.0,3,6,0.0024752475247524753,-4.98,0.08620689655172414,0.2065373563218391,0.0,12.0,120000.0,0.0,0.0,4.0,0.0,1
96.0,3797,0.10416666666666667,0.2495659722222222,12.5,25.0,400000.0,20000.0,6.0,0.0,0.0,0,0,0.0024752475247524753,9.5997998,0.08619945813296628,0.20651953511023174,0.0,25.0,400000.0,20000.0,6.0,0.0,0.0,0
117.0,20,0.08547008547008547,0.20477207977207976,12.5,8.0,80000.0,20000.0,2.0,2.0,0.0,3,79,0.0024752475247524753,-4.98,0.08547008547008547,0.20477207977207976,12.5,8.0,80000.0,20000.0,2.0,2.0,0.0,1
117.0,464,0.08547008547008547,0.20477207977207976,12.5,8.0,80000.0,20000.0,8.0,4.0,0.0,3,79,0.0024752475247524753,-4.98,0.08547008547008547,0.20477207977207976,12.5,8.0,80000.0,20000.0,8.0,4.0,0.0,1
117.0,929,0.08547008547008547,0.20477207977207976,0.0,8.0,80000.0,20000.0,12.0,1.0,0.0,3,85,0.0024752475247524753,-4.98,0.08547008547008547,0.20477207977207976,0.0,8.0,80000.0,20000.0,12.0,1.0,0.0,1
117.0,4520,0.08547008547008547,0.20477207977207976,25.0,25.0,400000.0,20000.0,4.0,3.0,0.0,3,85,0.0024752475247524753,-4.975,0.08547008547008547,0.20477207977207976,25.0,25.0,400000.0,20000.0,4.0,3.0,0.0,1
117.0,11546,0.08547008547008547,0.20477207977207976,0.0,12.0,120000.0,0.0,0.0,2.0,0.0,1,64,0.0024752475247524753,-4.98,0.08547008547008547,0.20477207977207976,0.0,12.0,120000.0,0.0,0.0,2.0,0.0,1
118.0,475,0.0847457627118644,0.2030367231638418,12.5,8.0,80000.0,20000.0,8.0,4.0,0.0,2,86,0.0024752475247524753,-4.98,0.0847457627118644,0.2030367231638418,12.5,8.0,80000.0,20000.0,8.0,4.0,0.0,1
118.0,919,0.0847457627118644,0.2030367231638418,0.0,8.0,80000.0,20000.0,12.0,1.0,0.0,2,86,0.0024752475247524753,-4.98,0.0847457627118644,0.2030367231638418,0.0,8.0,80000.0,20000.0,12.0,1.0,0.0,1
118.0,1379,0.0847457627118644,0.2030367231638418,0.0,8.0,80000.0,0.0,0.0,5.0,0.0,2,86,0.0024752475247524753,-4.98,0.0847457627118644,0.2030367231638418,0.0,8.0,80000.0,0.0,0.0,5.0,0.0,1
118.0,2283,0.0847457627118644,0.2030367231638418,0.0,8.0,80000.0,0.0,0.0,5.0,0.0,2,86,0.0024752475247524753,-4.98,0.0847457627118644,0.2030367231638418,0.0,8.0,80000.0,0.0,0.0,5.0,0.0,1
118.0,3067,0.0847457627118644,0.2030367231638418,0.0,25.0,400000.0,0.0,0.0,5.0,0.0,1,83,0.0024752475247524753,-4.98,0.0847457627118644,0.2030367231638418,0.0,25.0,400000.0,0.0,0.0,5.0,0.0,1
118.0,5699,0.0847457627118644,0.2030367231638418,12.5,12.0,120000.0,20000.0,4.0,2.0,0.0,1,83,0.0024752475247524753,-4.98,0.0847457627118644,0.2030367231638418,12.5,12.0,120000.0,20000.0,4.0,2.0,0.0,1
118.0,6592,0.0847457627118644,0.2030367231638418,12.5,12.0,120000.0,20000.0,4.0,5.0,0.0,1,75,0.0024752475247524753,-4.98,0.0847457627118644,0.2030367231638418,12.5,12.0,120000.0,20000.0,4.0,5.0,0.0,1
118.0,7046,0.0847457627118644,0.2030367231638418,12.5,12.0,120000.0,20000.0,5.0,4.0,0.0,1,75,0.0024752475247524753,-4.98,0.0847457627118644,0.2030367231638418,12.5,12.0,120000.0,20000.0,5.0,4.0,0.0,1
118.0,7504,0.0847457627118644,0.2030367231638418,0.0,12.0,120000.0,20000.0,3.0,5.0,0.0,3,2,0.0024752475247524753,-4.98,0.0847457627118644,0.2030367231638418,0.0,12.0,120000.0,20000.0,3.0,5.0,0.0,1
118.0,10190,0.0847457627118644,0.2030367231638418,0.0,12.0,120000.0,0.0,0.0,2.0,0.0,3,2,0.0024752475247524753,-4.98,0.0847457627118644,0.2030367231638418,0.0,12.0,120000.0,0.0,0.0,2.0,0.0,1
118.0,11084,0.0847457627118644,0.2030367231638418,0.0,12.0,120000.0,0.0,0.0,4.0,0.0,3,2,0.0024752475247524753,-4.98,0.0847457627118644,0.2030367231638418,0.0,12.0,120000.0,0.0,0.0,4.0,0.0,1
119.0,21,0.08403361344537816,0.20133053221288513,12.5,8.0,80000.0,20000.0,2.0,2.0,0.0,3,2,0.0024752475247524753,-4.98,0.08403361344537816,0.20133053221288513,12.5,8.0,80000.0,20000.0,2.0,2.0,0.0,1
119.0,465,0.08403361344537816,0.20133053221288513,12.5,8.0,80000.0,20000.0,8.0,4.0,0.0,1,91,0.0024752475247524753,-4.98,0.08403361344537816,0.20133053221288513,12.5,8.0,80000.0,20000.0,8.0,4.0,0.0,1
119.0,2710,0.08403361344537816,0.20133053221288513,25.0,25.0,400000.0,20000.0,4.0,4.0,0.0,1,66,0.0024752475247524753,-4.975,0.08403361344537816,0.20133053221288513,25.0,25.0,400000.0,20000.0,4.0,4.0,0.0,1
119.0,2720,0.08403361344537816,0.20133053221288513,25.0,25.0,400000.0,20000.0,4.0,4.0,0.0,1,66,0.0024752475247524753,-4.975,0.08403361344537816,0.20133053221288513,25.0,25.0,400000.0,20000.0,4.0,4.0,0.0,1
119.0,3446,0.08403361344537816,0.20133053221288513,62.5,25.0,400000.0,20000.0,7.0,2.0,0.0,1,56,0.0024752475247524753,-4.9375,0.08403361344537816,0.20133053221288513,62.5,25.0,400000.0,20000.0,7.0,2.0,0.0,1
119.0,4161,0.08403361344537816,0.20133053221288513,0.0,25.0,400000.0,0.0,0.0,1.0,0.0,1,56,0.0024752475247524753,-4.98,0.08403361344537816,0.20133053221288513,0.0,25.0,400000.0,0.0,0.0,1.0,0.0,1
119.0,7948,0.08403361344537816,0.20133053221288513,12.5,12.0,120000.0,20000.0,8.0,3.0,0.0,1,40,0.0024752475247524753,-4.98,0.08403361344537816,0.20133053221288513,12.5,12.0,120000.0,20000.0,8.0,3.0,0.0,1
119.0,8383,0.08403361344537816,0.20133053221288513,12.5,12.0,120000.0,20000.0,12.0,1.0,0.0,1,40,0.0024752475247524753,-4.98,0.08403361344537816,0.20133053221288513,12.5,12.0,120000.0,20000.0,13.0,1.0,0.0,1
119.0,11547,0.08403361344537816,0.20133053221288513,0.0,12.0,120000.0,0.0,0.0,2.0,0.0,1,40,0.0024752475247524753,-4.98,0.08403361344537816,0.20133053221288513,0.0,12.0,120000.0,0.0,0.0,2.0,0.0,1
115.0,463,0.08695652173913043,0.20833333333333334,0.0,8.0,80000.0,20000.0,6.0,4.0,0.0,0,0,0.0024752475247524753,9.749374375,0.0840265453300945,0.20131359818668476,0.0,8.0,80000.0,20000.0,7.0,4.0,0.0,0
115.0,19,0.08695652173913043,0.20833333333333334,0.0,8.0,80000.0,20000.0,1.0,2.0,0.0,0,0,0.0024752475247524753,9.749374375,0.0840265453300945,0.20131359818668476,0.0,8.0,80000.0,20000.0,1.0,2.0,0.0,0
120.0,1380,0.08333333333333334,0.19965277777777776,0.0,8.0,80000.0,0.0,0.0,5.0,0.0,1,99,0.0024752475247524753,-4.98,0.08333333333333334,0.19965277777777776,0.0,8.0,80000.0,0.0,0.0,5.0,0.0,1
120.0,2284,0.08333333333333334,0.19965277777777776,0.0,8.0,80000.0,0.0,0.0,5.0,0.0,1,99,0.0024752475247524753,-4.98,0.08333333333333334,0.19965277777777776,0.0,8.0,80000.0,0.0,0.0,5.0,0.0,1
120.0,5700,0.08333333333333334,0.19965277777777776,12.5,12.0,120000.0,20000.0,4.0,2.0,0.0,2,59,0.0024752475247524753,-4.98,0.08333333333333334,0.19965277777777776,12.5,12.0,120000.0,20000.0,4.0,2.0,0.0,1
120.0,6593,0.08333333333333334,0.19965277777777776,12.5,12.0,120000.0,20000.0,4.0,5.0,0.0,2,59,0.0024752475247524753,-4.98,0.08333333333333334,0.19965277777777776,12.5,12.0,120000.0,20000.0,4.0,5.0,0.0,1
120.0,7047,0.08333333333333334,0.19965277777777776,12.5,12.0,120000.0,20000.0,5.0,4.0,0.0,1,1,0.0024752475247524753,-4.98,0.08333333333333334,0.19965277777777776,12.5,12.0,120000.0,20000.0,5.0,4.0,0.0,1
120.0,7505,0.08333333333333334,0.19965277777777776,0.0,12.0,120000.0,20000.0,4.0,5.0,0.0,1,1,0.0024752475247524753,-4.98,0.08333333333333334,0.19965277777777776,0.0,12.0,120000.0,20000.0,4.0,5.0,0.0,1
120.0,9745,0.08333333333333334,0.19965277777777776,0.0,12.0,120000.0,0.0,0.0,3.0,0.0,3,40,0.0024752475247524753,-4.98,0.08333333333333334,0.19965277777777776,0.0,12.0,120000.0,0.0,0.0,3.0,0.0,1
120.0,10191,0.08333333333333334,0.19965277777777776,0.0,12.0,120000.0,0.0,0.0,2.0,0.0,3,40,0.0024752475247524753,-4.98,0.08333333333333334,0.19965277777777776,0.0,12.0,120000.0,0.0,0.0,2.0,0.0,1
120.0,11085,0.08333333333333334,0.19965277777777776,0.0,12.0,120000.0,0.0,0.0,4.0,0.0,3,30,0.0024752475247524753,-4.98,0.08333333333333334,0.19965277777777776,0.0,12.0,120000.0,0.0,0.0,4.0,0.0,1
101.0,2704,0.09900990099009901,0.2372112211221122,0.0,25.0,400000.0,20000.0,2.0,4.0,0.0,1,2,0.0024752475247524753,9.61975,0.08264462809917356,0.19800275482093666,12.5,25.0,400000.0,20000.0,3.0,4.0,0.0,0
121.0,22,0.08264462809917356,0.19800275482093666,0.0,8.0,80000.0,20000.0,1.0,2.0,0.0,3,30,0.0024752475247524753,-4.98,0.08264462809917356,0.19800275482093666,0.0,8.0,80000.0,20000.0,1.0,2.0,0.0,1
121.0,466,0.08264462809917356,0.19800275482093666,12.5,8.0,80000.0,20000.0,8.0,4.0,0.0,3,65,0.0024752475247524753,-4.98,0.08264462809917356,0.19800275482093666,12.5,8.0,80000.0,20000.0,8.0,4.0,0.0,1
121.0,931,0.08264462809917356,0.19800275482093666,25.0,8.0,80000.0,20000.0,15.0,1.0,0.0,3,65,0.0024752475247524753,-4.975,0.08264462809917356,0.19800275482093666,25.0,8.0,80000.0,20000.0,15.0,1.0,0.0,1
121.0,3068,0.08264462809917356,0.19800275482093666,0.0,25.0,400000.0,0.0,0.0,5.0,0.0,3,86,0.0024752475247524753,-4.98,0.08264462809917356,0.19800275482093666,0.0,25.0,400000.0,0.0,0.0,5.0,0.0,1
121.0,6142,0.08264462809917356,0.19800275482093666,25.0,12.0,120000.0,20000.0,13.0,3.0,0.0,3,86,0.0024752475247524753,-4.975,0.08264462809917356,0.19800275482093666,25.0,12.0,120000.0,20000.0,13.0,3.0,0.0,1
121.0,7949,0.08264462809917356,0.19800275482093666,12.5,12.0,120000.0,20000.0,8.0,3.0,0.0,2,20,0.0024752475247524753,-4.98,0.08264462809917356,0.19800275482093666,12.5,12.0,120000.0,20000.0,8.0,3.0,0.0,1
121.0,8384,0.08264462809917356,0.19800275482093666,25.0,12.0,120000.0,20000.0,13.0,1.0,0.0,2,20,0.0024752475247524753,-4.975,0.08264462809917356,0.19800275482093666,25.0,12.0,120000.0,20000.0,14.0,1.0,0.0,1
121.0,11548,0.08264462809917356,0.19800275482093666,0.0,12.0,120000.0,0.0,0.0,2.0,0.0,3,20,0.0024752475247524753,-4.98,0.08264462809917356,0.19800275482093666,0.0,12.0,120000.0,0.0,0.0,2.0,0.0,1
116.0,6591,0.08620689655172414,0.2065373563218391,0.0,12.0,120000.0,20000.0,3.0,5.0,0.0,0,0,0.0024752475247524753,9.75,0.08196721311475409,0.19637978142076504,0.0,12.0,120000.0,20000.0,4.0,5.0,0.0,0
116.0,7045,0.08620689655172414,0.2065373563218391,0.0,12.0,120000.0,20000.0,4.0,4.0,0.0,0,0,0.0024752475247524753,9.75,0.08196721311475409,0.19637978142076504,0.0,12.0,120000.0,20000.0,4.0,4.0,0.0,0
122.0,477,0.08196721311475409,0.19637978142076504,12.5,8.0,80000.0,20000.0,8.0,4.0,0.0,1,30,0.0024752475247524753,-4.98025,0.08196721311475409,0.19637978142076504,12.5,8.0,80000.0,20000.0,8.0,4.0,0.0,1
122.0,1381,0.08196721311475409,0.19637978142076504,0.0,8.0,80000.0,0.0,0.0,5.0,0.0,2,41,0.0024752475247524753,-4.98,0.08196721311475409,0.19637978142076504,0.0,8.0,80000.0,0.0,0.0,5.0,0.0,1
122.0,2285,0.08196721311475409,0.19637978142076504,0.0,8.0,80000.0,0.0,0.0,5.0,0.0,2,41,0.0024752475247524753,-4.98,0.08196721311475409,0.19637978142076504,0.0,8.0,80000.0,0.0,0.0,5.0,0.0,1
122.0,2711,0.08196721311475409,0.19637978142076504,12.5,25.0,400000.0,20000.0,4.0,4.0,0.0,3,72,0.0024752475247524753,-4.98,0.08196721311475409,0.19637978142076504,12.5,25.0,400000.0,20000.0,4.0,4.0,0.0,1
122.0,2721,0.08196721311475409,0.19637978142076504,12.5,25.0,400000.0,20000.0,4.0,4.0,0.0,3,72,0.0024752475247524753,-4.98,0.08196721311475409,0.19637978142076504,12.5,25.0,400000.0,20000.0,4.0,4.0,0.0,1
122.0,3447,0.08196721311475409,0.19637978142076504,62.5,25.0,400000.0,20000.0,7.0,2.0,0.0,3,46,0.0024752475247524753,-4.9375,0.08196721311475409,0.19637978142076504,62.5,25.0,400000.0,20000.0,7.0,2.0,0.0,1
122.0,3800,0.08196721311475409,0.19637978142076504,0.0,25.0,400000.0,20000.0,7.0,0.0,0.0,3,46,0.0024752475247524753,-4.98,0.08196721311475409,0.19637978142076504,0.0,25.0,400000.0,20000.0,7.0,0.0,0.0,1
122.0,4162,0.08196721311475409,0.19637978142076504,0.0,25.0,400000.0,0.0,0.0,1.0,0.0,3,80,0.0024752475247524753,-4.98,0.08196721311475409,0.19637978142076504,0.0,25.0,400000.0,0.0,0.0,1.0,0.0,1
122.0,4519,0.08196721311475409,0.19637978142076504,50.0,25.0,400000.0,20000.0,6.0,3.0,0.0,3,80,0.0024752475247524753,-4.95,0.08196721311475409,0.19637978142076504,50.0,25.0,400000.0,20000.0,6.0,3.0,0.0,1
122.0,5701,0.08196721311475409,0.19637978142076504,12.5,12.0,120000.0,20000.0,4.0,2.0,0.0,3,63,0.0024752475247524753,-4.98,0.08196721311475409,0.19637978142076504,12.5,12.0,120000.0,20000.0,4.0,2.0,0.0,1
122.0,7048,0.08196721311475409,0.19637978142076504,0.0,12.0,120000.0,20000.0,4.0,4.0,0.0,1,46,0.0024752475247524753,-4.98,0.08196721311475409,0.19637978142076504,0.0,12.0,120000.0,20000.0,4.0,4.0,0.0,1
122.0,7506,0.08196721311475409,0.19637978142076504,0.0,12.0,120000.0,20000.0,4.0,5.0,0.0,2,96,0.0024752475247524753,-4.98,0.08196721311475409,0.19637978142076504,0.0,12.0,120000.0,20000.0,4.0,5.0,0.0,1
122.0,9746,0.08196721311475409,0.19637978142076504,0.0,12.0,120000.0,0.0,0.0,3.0,0.0,2,96,0.0024752475247524753,-4.98,0.08196721311475409,0.19637978142076504,0.0,12.0,120000.0,0.0,0.0,3.0,0.0,1
122.0,10192,0.08196721311475409,0.19637978142076504,0.0,12.0,120000.0,0.0,0.0,2.0,0.0,3,97,0.0024752475247524753,-4.98,0.08196721311475409,0.19637978142076504,0.0,12.0,120000.0,0.0,0.0,2.0,0.0,1
122.0,11086,0.08196721311475409,0.19637978142076504,0.0,12.0,120000.0,0.0,0.0,4.0,0.0,3,97,0.0024752475247524753,-4.98,0.08196721311475409,0.19637978142076504,0.0,12.0,120000.0,0.0,0.0,4.0,0.0,1
116.0,5698,0.08620689655172414,0.2065373563218391,0.0,12.0,120000.0,20000.0,3.0,2.0,0.0,0,0,0.0024752475247524753,9.749582916666666,0.08196048832386785,0.19636366994260004,0.0,12.0,120000.0,20000.0,3.0,2.0,0.0,0
117.0,6140,0.08547008547008547,0.20477207977207976,0.0,12.0,120000.0,20000.0,11.0,3.0,0.0,0,0,0.0024752475247524753,9.74975,0.08130081300813008,0.1947831978319783,12.5,12.0,120000.0,20000.0,12.0,3.0,0.0,0
119.0,930,0.08403361344537816,0.20133053221288513,0.0,8.0,80000.0,20000.0,12.0,1.0,0.0,1,91,0.0024752475247524753,9.769499999999999,0.08130081300813008,0.1947831978319783,25.0,8.0,80000.0,20000.0,15.0,1.0,0.0,0
117.0,7947,0.08547008547008547,0.20477207977207976,0.0,12.0,120000.0,20000.0,7.0,3.0,0.0,0,0,0.0024752475247524753,9.75,0.08130081300813008,0.1947831978319783,0.0,12.0,120000.0,20000.0,7.0,3.0,0.0,0
117.0,8382,0.08547008547008547,0.20477207977207976,0.0,12.0,120000.0,20000.0,11.0,1.0,0.0,1,64,0.0024752475247524753,9.769499999999999,0.08130081300813008,0.1947831978319783,25.0,12.0,120000.0,20000.0,13.0,1.0,0.0,0
123.0,23,0.08130081300813008,0.1947831978319783,0.0,8.0,80000.0,20000.0,1.0,2.0,0.0,3,25,0.0024752475247524753,-4.98,0.08130081300813008,0.1947831978319783,0.0,8.0,80000.0,20000.0,1.0,2.0,0.0,1
123.0,467,0.08130081300813008,0.1947831978319783,12.5,8.0,80000.0,20000.0,8.0,4.0,0.0,3,25,0.0024752475247524753,-4.98,0.08130081300813008,0.1947831978319783,12.5,8.0,80000.0,20000.0,8.0,4.0,0.0,1
123.0,932,0.08130081300813008,0.1947831978319783,25.0,8.0,80000.0,20000.0,15.0,1.0,0.0,2,68,0.0024752475247524753,-4.975,0.08130081300813008,0.1947831978319783,25.0,8.0,80000.0,20000.0,15.0,1.0,0.0,1
123.0,4522,0.08130081300813008,0.1947831978319783,50.0,25.0,400000.0,20000.0,6.0,3.0,0.0,2,68,0.0024752475247524753,-4.95,0.08130081300813008,0.1947831978319783,50.0,25.0,400000.0,20000.0,6.0,3.0,0.0,1
123.0,6143,0.08130081300813008,0.1947831978319783,12.5,12.0,120000.0,20000.0,12.0,3.0,0.0,1,39,0.0024752475247524753,-4.98,0.08130081300813008,0.1947831978319783,12.5,12.0,120000.0,20000.0,12.0,3.0,0.0,1
123.0,7950,0.08130081300813008,0.1947831978319783,0.0,12.0,120000.0,20000.0,7.0,3.0,0.0,1,39,0.0024752475247524753,-4.98,0.08130081300813008,0.1947831978319783,0.0,12.0,120000.0,20000.0,7.0,3.0,0.0,1
123.0,8385,0.08130081300813008,0.1947831978319783,25.0,12.0,120000.0,20000.0,13.0,1.0,0.0,2,76,0.0024752475247524753,-4.975,0.08130081300813008,0.1947831978319783,25.0,12.0,120000.0,20000.0,13.0,1.0,0.0,1
123.0,8397,0.08130081300813008,0.1947831978319783,25.0,12.0,120000.0,20000.0,13.0,1.0,0.0,2,76,0.0024752475247524753,-4.975,0.08130081300813008,0.1947831978319783,25.0,12.0,120000.0,20000.0,13.0,1.0,0.0,1
123.0,11549,0.08130081300813008,0.1947831978319783,0.0,12.0,120000.0,0.0,0.0,2.0,0.0,1,21,0.0024752475247524753,-4.98,0.08130081300813008,0.1947831978319783,0.0,12.0,120000.0,0.0,0.0,2.0,0.0,1
120.0,476,0.08333333333333334,0.19965277777777776,0.0,8.0,80000.0,20000.0,7.0,4.0,0.0,1,7,0.0024752475247524753,9.77,0.08064516129032258,0.19321236559139784,0.0,8.0,80000.0,20000.0,8.0,4.0,0.0,0
124.0,922,0.08064516129032258,0.19321236559139784,25.0,8.0,80000.0,20000.0,15.0,1.0,0.0,2,67,0.0024752475247524753,-4.975,0.08064516129032258,0.19321236559139784,25.0,8.0,80000.0,20000.0,15.0,1.0,0.0,1
124.0,1382,0.08064516129032258,0.19321236559139784,0.0,8.0,80000.0,0.0,0.0,5.0,0.0,2,67,0.0024752475247524753,-4.98,0.08064516129032258,0.19321236559139784,0.0,8.0,80000.0,0.0,0.0,5.0,0.0,1
124.0,2286,0.08064516129032258,0.19321236559139784,0.0,8.0,80000.0,0.0,0.0,5.0,0.0,2,67,0.0024752475247524753,-4.98,0.08064516129032258,0.19321236559139784,0.0,8.0,80000.0,0.0,0.0,5.0,0.0,1
124.0,3069,0.08064516129032258,0.19321236559139784,0.0,25.0,400000.0,0.0,0.0,5.0,0.0,2,67,0.0024752475247524753,-4.98,0.08064516129032258,0.19321236559139784,0.0,25.0,400000.0,0.0,0.0,5.0,0.0,1
124.0,5702,0.08064516129032258,0.19321236559139784,0.0,12.0,120000.0,20000.0,3.0,2.0,0.0,2,41,0.0024752475247524753,-4.98,0.08064516129032258,0.19321236559139784,0.0,12.0,120000.0,20000.0,3.0,2.0,0.0,1
124.0,7049,0.08064516129032258,0.19321236559139784,0.0,12.0,120000.0,20000.0,4.0,4.0,0.0,2,41,0.0024752475247524753,-4.98,0.08064516129032258,0.19321236559139784,0.0,12.0,120000.0,20000.0,5.0,4.0,0.0,1
124.0,9747,0.08064516129032258,0.19321236559139784,0.0,12.0,120000.0,0.0,0.0,3.0,0.0,3,41,0.0024752475247524753,-4.98,0.08064516129032258,0.19321236559139784,0.0,12.0,120000.0,0.0,0.0,3.0,0.0,1
124.0,10193,0.08064516129032258,0.19321236559139784,0.0,12.0,120000.0,0.0,0.0,2.0,0.0,1,19,0.0024752475247524753,-4.980500000000001,0.08064516129032258,0.19321236559139784,0.0,12.0,120000.0,0.0,0.0,2.0,0.0,1
124.0,11087,0.08064516129032258,0.19321236559139784,0.0,12.0,120000.0,0.0,0.0,4.0,0.0,1,19,0.0024752475247524753,-4.98,0.08064516129032258,0.19321236559139784,0.0,12.0,120000.0,0.0,0.0,4.0,0.0,1
120.0,920,0.08333333333333334,0.19965277777777776,12.5,8.0,80000.0,20000.0,14.0,1.0,0.0,1,7,0.0024752475247524753,9.769124375,0.08063865167013533,0.19319676962636592,12.5,8.0,80000.0,20000.0,14.0,1.0,0.0,0
104.0,3437,0.09615384615384616,0.23036858974358976,25.0,25.0,400000.0,20000.0,4.0,2.0,0.0,0,0,0.0024752475247524753,9.5987998,0.08063865167013533,0.19319676962636592,50.0,25.0,400000.0,20000.0,6.0,2.0,0.0,0
104.0,2705,0.09615384615384616,0.23036858974358976,12.5,25.0,400000.0,20000.0,3.0,4.0,0.0,0,0,0.0024752475247524753,9.5997998,0.08063865167013533,0.19319676962636592,0.0,25.0,400000.0,20000.0,3.0,4.0,0.0,0
125.0,2722,0.08,0.19166666666666665,0.0,25.0,400000.0,20000.0,4.0,4.0,0.0,3,93,0.0024752475247524753,-4.98,0.08,0.19166666666666665,0.0,25.0,400000.0,20000.0,4.0,4.0,0.0,1
125.0,3448,0.08,0.19166666666666665,50.0,25.0,400000.0,20000.0,6.0,2.0,0.0,3,93,0.0024752475247524753,-4.95,0.08,0.19166666666666665,50.0,25.0,400000.0,20000.0,6.0,2.0,0.0,1
125.0,3801,0.08,0.19166666666666665,0.0,25.0,400000.0,20000.0,7.0,0.0,0.0,3,13,0.0024752475247524753,-4.98,0.08,0.19166666666666665,0.0,25.0,400000.0,20000.0,7.0,0.0,0.0,1
125.0,4163,0.08,0.19166666666666665,0.0,25.0,400000.0,0.0,0.0,1.0,0.0,3,13,0.0024752475247524753,-4.98,0.08,0.19166666666666665,0.0,25.0,400000.0,0.0,0.0,1.0,0.0,1
125.0,6144,0.08,0.19166666666666665,12.5,12.0,120000.0,20000.0,12.0,3.0,0.0,2,91,0.0024752475247524753,-4.98,0.08,0.19166666666666665,12.5,12.0,120000.0,20000.0,12.0,3.0,0.0,1
125.0,7951,0.08,0.19166666666666665,0.0,12.0,120000.0,20000.0,7.0,3.0,0.0,2,91,0.0024752475247524753,-4.98,0.08,0.19166666666666665,0.0,12.0,120000.0,20000.0,7.0,3.0,0.0,1
125.0,10195,0.08,0.19166666666666665,0.0,12.0,120000.0,0.0,0.0,2.0,0.0,2,21,0.0024752475247524753,-4.98,0.08,0.19166666666666665,0.0,12.0,120000.0,0.0,0.0,2.0,0.0,1
125.0,11550,0.08,0.19166666666666665,0.0,12.0,120000.0,0.0,0.0,2.0,0.0,2,21,0.0024752475247524753,-4.98,0.08,0.19166666666666665,0.0,12.0,120000.0,0.0,0.0,2.0,0.0,1
119.0,6141,0.08403361344537816,0.20133053221288513,12.5,12.0,120000.0,20000.0,12.0,3.0,0.0,0,0,0.0024752475247524753,9.749582916666666,0.07999359411298343,0.19165131922902282,0.0,12.0,120000.0,20000.0,11.0,3.0,0.0,0
119.0,8395,0.08403361344537816,0.20133053221288513,12.5,12.0,120000.0,20000.0,12.0,1.0,0.0,0,0,0.0024752475247524753,9.748832916666666,0.07999359411298343,0.19165131922902282,37.5,12.0,120000.0,20000.0,15.0,1.0,0.0,0
126.0,479,0.07936507936507936,0.19014550264550265,25.0,8.0,80000.0,20000.0,9.0,4.0,0.0,1,94,0.0024752475247524753,-4.975,0.07936507936507936,0.19014550264550265,25.0,8.0,80000.0,20000.0,9.0,4.0,0.0,1
126.0,923,0.07936507936507936,0.19014550264550265,25.0,8.0,80000.0,20000.0,15.0,1.0,0.0,3,40,0.0024752475247524753,-4.975,0.07936507936507936,0.19014550264550265,25.0,8.0,80000.0,20000.0,15.0,1.0,0.0,1
126.0,1383,0.07936507936507936,0.19014550264550265,0.0,8.0,80000.0,0.0,0.0,5.0,0.0,3,24,0.0024752475247524753,-4.98,0.07936507936507936,0.19014550264550265,0.0,8.0,80000.0,0.0,0.0,5.0,0.0,1
126.0,2287,0.07936507936507936,0.19014550264550265,0.0,8.0,80000.0,0.0,0.0,5.0,0.0,2,60,0.0024752475247524753,-4.98,0.07936507936507936,0.19014550264550265,0.0,8.0,80000.0,0.0,0.0,5.0,0.0,1
126.0,4523,0.07936507936507936,0.19014550264550265,50.0,25.0,400000.0,20000.0,6.0,3.0,0.0,2,60,0.0024752475247524753,-4.95,0.07936507936507936,0.19014550264550265,50.0,25.0,400000.0,20000.0,6.0,3.0,0.0,1
126.0,9748,0.07936507936507936,0.19014550264550265,0.0,12.0,120000.0,0.0,0.0,3.0,0.0,3,60,0.0024752475247524753,-4.98,0.07936507936507936,0.19014550264550265,0.0,12.0,120000.0,0.0,0.0,3.0,0.0,1
126.0,10194,0.07936507936507936,0.19014550264550265,0.0,12.0,120000.0,0.0,0.0,2.0,0.0,2,79,0.0024752475247524753,-4.98,0.07936507936507936,0.19014550264550265,0.0,12.0,120000.0,0.0,0.0,2.0,0.0,1
126.0,11088,0.07936507936507936,0.19014550264550265,0.0,12.0,120000.0,0.0,0.0,4.0,0.0,2,79,0.0024752475247524753,-4.98,0.07936507936507936,0.19014550264550265,0.0,12.0,120000.0,0.0,0.0,4.0,0.0,1
122.0,921,0.08196721311475409,0.19637978142076504,25.0,8.0,80000.0,20000.0,15.0,1.0,0.0,1,30,0.0024752475247524753,9.774124375000001,0.07935877475130745,0.19013039784167413,12.5,8.0,80000.0,20000.0,14.0,1.0,0.0,0
127.0,469,0.2099737532808399,0.18864829396325458,25.0,8.0,80000.0,20000.0,9.0,4.0,0.0,2,76,0.0024752475247524753,-4.975,0.2099737532808399,0.18864829396325458,25.0,8.0,80000.0,20000.0,9.0,4.0,0.0,1
127.0,934,0.2099737532808399,0.18864829396325458,12.5,8.0,80000.0,20000.0,14.0,1.0,0.0,2,76,0.0024752475247524753,-4.98,0.2099737532808399,0.18864829396325458,12.5,8.0,80000.0,20000.0,15.0,1.0,0.0,1
127.0,3070,0.2099737532808399,0.18864829396325458,0.0,25.0,400000.0,0.0,0.0,5.0,0.0,2,14,0.0024752475247524753,-4.98,0.2099737532808399,0.18864829396325458,0.0,25.0,400000.0,0.0,0.0,5.0,0.0,1
127.0,7952,0.2099737532808399,0.18864829396325458,0.0,12.0,120000.0,20000.0,7.0,3.0,0.0,2,14,0.0024752475247524753,-4.98,0.2099737532808399,0.18864829396325458,0.0,12.0,120000.0,20000.0,7.0,3.0,0.0,1
127.0,10196,0.2099737532808399,0.18864829396325458,0.0,12.0,120000.0,0.0,0.0,2.0,0.0,1,76,0.0024752475247524753,-4.98025,0.2099737532808399,0.18864829396325458,0.0,12.0,120000.0,0.0,0.0,2.0,0.0,1
127.0,11551,0.2099737532808399,0.18864829396325458,0.0,12.0,120000.0,0.0,0.0,2.0,0.0,1,76,0.0024752475247524753,-4.98,0.2099737532808399,0.18864829396325458,0.0,12.0,120000.0,0.0,0.0,2.0,0.0,1
107.0,3438,0.09345794392523366,0.22390965732087226,37.5,25.0,400000.0,20000.0,5.0,2.0,0.0,0,0,0.0024752475247524753,9.599299799999999,0.20995720468541548,0.18863342608455297,25.0,25.0,400000.0,20000.0,4.0,2.0,0.0,0
107.0,3442,0.09345794392523366,0.22390965732087226,37.5,25.0,400000.0,20000.0,6.0,2.0,0.0,0,0,0.0024752475247524753,9.599299799999999,0.20995720468541548,0.18863342608455297,25.0,25.0,400000.0,20000.0,4.0,2.0,0.0,0
107.0,4514,0.09345794392523366,0.22390965732087226,25.0,25.0,400000.0,20000.0,4.0,3.0,0.0,0,0,0.0024752475247524753,9.5990498,0.20995720468541548,0.18863342608455297,37.5,25.0,400000.0,20000.0,5.0,3.0,0.0,0
121.0,8396,0.08264462809917356,0.19800275482093666,25.0,12.0,120000.0,20000.0,13.0,1.0,0.0,0,0,0.0024752475247524753,9.748582916666667,0.20995720468541548,0.18863342608455297,50.0,12.0,120000.0,20000.0,16.0,1.0,0.0,0
128.0,480,0.20833333333333334,0.18717447916666669,25.0,8.0,80000.0,20000.0,9.0,4.0,0.0,1,52,0.0024752475247524753,-4.975,0.20833333333333334,0.18717447916666669,25.0,8.0,80000.0,20000.0,9.0,4.0,0.0,1
128.0,924,0.20833333333333334,0.18717447916666669,12.5,8.0,80000.0,20000.0,15.0,1.0,0.0,3,89,0.0024752475247524753,-4.98,0.20833333333333334,0.18717447916666669,12.5,8.0,80000.0,20000.0,15.0,1.0,0.0,1
128.0,1384,0.20833333333333334,0.18717447916666669,0.0,8.0,80000.0,0.0,0.0,5.0,0.0,1,81,0.0024752475247524753,-4.98,0.20833333333333334,0.18717447916666669,0.0,8.0,80000.0,0.0,0.0,5.0,0.0,1
128.0,2288,0.20833333333333334,0.18717447916666669,0.0,8.0,80000.0,0.0,0.0,5.0,0.0,1,81,0.0024752475247524753,-4.98,0.20833333333333334,0.18717447916666669,0.0,8.0,80000.0,0.0,0.0,5.0,0.0,1
128.0,2713,0.20833333333333334,0.18717447916666669,12.5,25.0,400000.0,20000.0,4.0,4.0,0.0,1,63,0.0024752475247524753,-4.98,0.20833333333333334,0.18717447916666669,12.5,25.0,400000.0,20000.0,4.0,4.0,0.0,1
128.0,2723,0.20833333333333334,0.18717447916666669,12.5,25.0,400000.0,20000.0,4.0,4.0,0.0,1,63,0.0024752475247524753,-4.98,0.20833333333333334,0.18717447916666669,12.5,25.0,400000.0,20000.0,4.0,4.0,0.0,1
128.0,3449,0.20833333333333334,0.18717447916666669,25.0,25.0,400000.0,20000.0,4.0,2.0,0.0,2,10,0.0024752475247524753,-4.975,0.20833333333333334,0.18717447916666669,25.0,25.0,400000.0,20000.0,4.0,2.0,0.0,1
128.0,3802,0.20833333333333334,0.18717447916666669,0.0,25.0,400000.0,20000.0,7.0,0.0,0.0,2,10,0.0024752475247524753,-4.98,0.20833333333333334,0.18717447916666669,0.0,25.0,400000.0,20000.0,8.0,0.0,0.0,1
128.0,4164,0.20833333333333334,0.18717447916666669,0.0,25.0,400000.0,0.0,0.0,1.0,0.0,1,66,0.0024752475247524753,-4.98,0.20833333333333334,0.18717447916666669,0.0,25.0,400000.0,0.0,0.0,1.0,0.0,1
128.0,5704,0.20833333333333334,0.18717447916666669,12.5,12.0,120000.0,20000.0,4.0,2.0,0.0,1,66,0.0024752475247524753,-4.98,0.20833333333333334,0.18717447916666669,12.5,12.0,120000.0,20000.0,4.0,2.0,0.0,1
128.0,7051,0.20833333333333334,0.18717447916666669,12.5,12.0,120000.0,20000.0,6.0,4.0,0.0,3,18,0.0024752475247524753,-4.98,0.20833333333333334,0.18717447916666669,12.5,12.0,120000.0,20000.0,6.0,4.0,0.0,1
128.0,7509,0.20833333333333334,0.18717447916666669,25.0,12.0,120000.0,20000.0,6.0,5.0,0.0,3,18,0.0024752475247524753,-4.975,0.20833333333333334,0.18717447916666669,25.0,12.0,120000.0,20000.0,6.0,5.0,0.0,1
128.0,9749,0.20833333333333334,0.18717447916666669,0.0,12.0,120000.0,0.0,0.0,3.0,0.0,1,27,0.0024752475247524753,-4.98,0.20833333333333334,0.18717447916666669,0.0,12.0,120000.0,0.0,0.0,3.0,0.0,1
128.0,11089,0.20833333333333334,0.18717447916666669,0.0,12.0,120000.0,0.0,0.0,4.0,0.0,1,27,0.0024752475247524753,-4.98,0.20833333333333334,0.18717447916666669,0.0,12.0,120000.0,0.0,0.0,4.0,0.0,1
124.0,478,0.08064516129032258,0.19321236559139784,0.0,8.0,80000.0,20000.0,7.0,4.0,0.0,1,21,0.0024752475247524753,9.769124375,0.20831704228963552,0.18715984268209443,12.5,8.0,80000.0,20000.0,8.0,4.0,0.0,0
122.0,6594,0.08196721311475409,0.19637978142076504,0.0,12.0,120000.0,20000.0,3.0,5.0,0.0,1,46,0.0024752475247524753,9.769582916666666,0.20831704228963552,0.18715984268209443,0.0,12.0,120000.0,20000.0,3.0,5.0,0.0,0
45.0,3780,0.2222222222222222,0.06944444444444445,0.0,25.0,400000.0,20000.0,1.0,2.0,0.13,3,27,0.0024752475247524753,-3.98,0.20699646499199453,0.18597338651624512,0.0,25.0,400000.0,20000.0,8.0,0.0,0.0,1
125.0,24,0.08,0.19166666666666665,0.0,8.0,80000.0,20000.0,1.0,2.0,0.0,0,0,0.0024752475247524753,9.75,0.20671834625322996,0.1857235142118863,0.0,8.0,80000.0,20000.0,1.0,2.0,0.0,0
129.0,4524,0.20671834625322996,0.1857235142118863,37.5,25.0,400000.0,20000.0,5.0,3.0,0.0,1,67,0.0024752475247524753,-4.9625,0.20671834625322996,0.1857235142118863,37.5,25.0,400000.0,20000.0,5.0,3.0,0.0,1
129.0,7953,0.20671834625322996,0.1857235142118863,0.0,12.0,120000.0,20000.0,7.0,3.0,0.0,1,67,0.0024752475247524753,-4.98,0.20671834625322996,0.1857235142118863,0.0,12.0,120000.0,20000.0,7.0,3.0,0.0,1
129.0,8388,0.20671834625322996,0.1857235142118863,50.0,12.0,120000.0,20000.0,16.0,1.0,0.0,2,34,0.0024752475247524753,-4.95,0.20671834625322996,0.1857235142118863,50.0,12.0,120000.0,20000.0,16.0,1.0,0.0,1
129.0,8400,0.20671834625322996,0.1857235142118863,50.0,12.0,120000.0,20000.0,16.0,1.0,0.0,2,34,0.0024752475247524753,-4.95,0.20671834625322996,0.1857235142118863,50.0,12.0,120000.0,20000.0,16.0,1.0,0.0,1
129.0,10197,0.20671834625322996,0.1857235142118863,0.0,12.0,120000.0,0.0,0.0,2.0,0.0,2,34,0.0024752475247524753,-4.98,0.20671834625322996,0.1857235142118863,0.0,12.0,120000.0,0.0,0.0,2.0,0.0,1
129.0,11552,0.20671834625322996,0.1857235142118863,0.0,12.0,120000.0,0.0,0.0,2.0,0.0,2,34,0.0024752475247524753,-4.98,0.20671834625322996,0.1857235142118863,0.0,12.0,120000.0,0.0,0.0,2.0,0.0,1
125.0,468,0.08,0.19166666666666665,12.5,8.0,80000.0,20000.0,8.0,4.0,0.0,0,0,0.0024752475247524753,9.749124375000001,0.20670230679516005,0.1857091037612766,12.5,8.0,80000.0,20000.0,8.0,4.0,0.0,0
125.0,933,0.08,0.19166666666666665,12.5,8.0,80000.0,20000.0,14.0,1.0,0.0,0,0,0.0024752475247524753,9.749124375000001,0.20670230679516005,0.1857091037612766,12.5,8.0,80000.0,20000.0,15.0,1.0,0.0,0
124.0,7507,0.08064516129032258,0.19321236559139784,0.0,12.0,120000.0,20000.0,4.0,5.0,0.0,0,0,0.0024752475247524753,9.74975,0.20512820512820512,0.18429487179487178,12.5,12.0,120000.0,20000.0,5.0,5.0,0.0,0
130.0,481,0.20512820512820512,0.18429487179487178,12.5,8.0,80000.0,20000.0,8.0,4.0,0.0,1,83,0.0024752475247524753,-4.98025,0.20512820512820512,0.18429487179487178,12.5,8.0,80000.0,20000.0,8.0,4.0,0.0,1
130.0,1385,0.20512820512820512,0.18429487179487178,0.0,8.0,80000.0,0.0,0.0,5.0,0.0,1,83,0.0024752475247524753,-4.98,0.20512820512820512,0.18429487179487178,0.0,8.0,80000.0,0.0,0.0,5.0,0.0,1
130.0,2289,0.20512820512820512,0.18429487179487178,0.0,8.0,80000.0,0.0,0.0,5.0,0.0,2,59,0.0024752475247524753,-4.98,0.20512820512820512,0.18429487179487178,0.0,8.0,80000.0,0.0,0.0,5.0,0.0,1
130.0,3071,0.20512820512820512,0.18429487179487178,0.0,25.0,400000.0,0.0,0.0,5.0,0.0,2,59,0.0024752475247524753,-4.98,0.20512820512820512,0.18429487179487178,0.0,25.0,400000.0,0.0,0.0,5.0,0.0,1
130.0,5705,0.20512820512820512,0.18429487179487178,12.5,12.0,120000.0,20000.0,4.0,2.0,0.0,1,67,0.0024752475247524753,-4.98,0.20512820512820512,0.18429487179487178,12.5,12.0,120000.0,20000.0,4.0,2.0,0.0,1
130.0,7052,0.20512820512820512,0.18429487179487178,12.5,12.0,120000.0,20000.0,6.0,4.0,0.0,1,55,0.0024752475247524753,-4.98,0.20512820512820512,0.18429487179487178,12.5,12.0,120000.0,20000.0,6.0,4.0,0.0,1
130.0,7510,0.20512820512820512,0.18429487179487178,12.5,12.0,120000.0,20000.0,5.0,5.0,0.0,3,4,0.0024752475247524753,-4.98,0.20512820512820512,0.18429487179487178,12.5,12.0,120000.0,20000.0,5.0,5.0,0.0,1
130.0,9750,0.20512820512820512,0.18429487179487178,0.0,12.0,120000.0,0.0,0.0,3.0,0.0,3,4,0.0024752475247524753,-4.98,0.20512820512820512,0.18429487179487178,0.0,12.0,120000.0,0.0,0.0,3.0,0.0,1
130.0,11090,0.20512820512820512,0.18429487179487178,0.0,12.0,120000.0,0.0,0.0,4.0,0.0,2,96,0.0024752475247524753,-4.98,0.20512820512820512,0.18429487179487178,0.0,12.0,120000.0,0.0,0.0,4.0,0.0,1
110.0,3439,0.09090909090909091,0.21780303030303033,50.0,25.0,400000.0,20000.0,6.0,2.0,0.0,0,0,0.0024752475247524753,9.5997998,0.20511241147252174,0.18428068218234375,0.0,25.0,400000.0,20000.0,2.0,2.0,0.0,0
110.0,3443,0.09090909090909091,0.21780303030303033,50.0,25.0,400000.0,20000.0,7.0,2.0,0.0,0,0,0.0024752475247524753,9.5997998,0.20511241147252174,0.18428068218234375,0.0,25.0,400000.0,20000.0,2.0,2.0,0.0,0
110.0,4515,0.09090909090909091,0.21780303030303033,25.0,25.0,400000.0,20000.0,4.0,3.0,0.0,0,0,0.0024752475247524753,9.599299799999999,0.20511241147252174,0.18428068218234375,25.0,25.0,400000.0,20000.0,4.0,3.0,0.0,0
131.0,471,0.2035623409669211,0.1828880407124682,12.5,8.0,80000.0,20000.0,8.0,4.0,0.0,2,96,0.0024752475247524753,-4.98,0.2035623409669211,0.1828880407124682,12.5,8.0,80000.0,20000.0,8.0,4.0,0.0,1
131.0,936,0.2035623409669211,0.1828880407124682,12.5,8.0,80000.0,20000.0,15.0,1.0,0.0,2,64,0.0024752475247524753,-4.98,0.2035623409669211,0.1828880407124682,12.5,8.0,80000.0,20000.0,15.0,1.0,0.0,1
131.0,2714,0.2035623409669211,0.1828880407124682,12.5,25.0,400000.0,20000.0,5.0,4.0,0.0,2,64,0.0024752475247524753,-4.98,0.2035623409669211,0.1828880407124682,12.5,25.0,400000.0,20000.0,5.0,4.0,0.0,1
131.0,2724,0.2035623409669211,0.1828880407124682,12.5,25.0,400000.0,20000.0,5.0,4.0,0.0,2,29,0.0024752475247524753,-4.98,0.2035623409669211,0.1828880407124682,12.5,25.0,400000.0,20000.0,5.0,4.0,0.0,1
131.0,3450,0.2035623409669211,0.1828880407124682,0.0,25.0,400000.0,20000.0,2.0,2.0,0.0,2,29,0.0024752475247524753,-4.98,0.2035623409669211,0.1828880407124682,0.0,25.0,400000.0,20000.0,2.0,2.0,0.0,1
131.0,4165,0.2035623409669211,0.1828880407124682,0.0,25.0,400000.0,0.0,0.0,1.0,0.0,1,29,0.0024752475247524753,-4.98,0.2035623409669211,0.1828880407124682,0.0,25.0,400000.0,0.0,0.0,1.0,0.0,1
131.0,4880,0.2035623409669211,0.1828880407124682,0.0,25.0,400000.0,0.0,0.0,5.0,0.0,1,23,0.0024752475247524753,-4.98,0.2035623409669211,0.1828880407124682,0.0,25.0,400000.0,0.0,0.0,5.0,0.0,1
131.0,7954,0.2035623409669211,0.1828880407124682,0.0,12.0,120000.0,20000.0,7.0,3.0,0.0,1,23,0.0024752475247524753,-4.98,0.2035623409669211,0.1828880407124682,0.0,12.0,120000.0,20000.0,7.0,3.0,0.0,1
131.0,8389,0.2035623409669211,0.1828880407124682,50.0,12.0,120000.0,20000.0,16.0,1.0,0.0,2,2,0.0024752475247524753,-4.95,0.2035623409669211,0.1828880407124682,50.0,12.0,120000.0,20000.0,16.0,1.0,0.0,1
131.0,8401,0.2035623409669211,0.1828880407124682,50.0,12.0,120000.0,20000.0,16.0,1.0,0.0,2,2,0.0024752475247524753,-4.95,0.2035623409669211,0.1828880407124682,50.0,12.0,120000.0,20000.0,16.0,1.0,0.0,1
131.0,10198,0.2035623409669211,0.1828880407124682,0.0,12.0,120000.0,0.0,0.0,2.0,0.0,2,81,0.0024752475247524753,-4.98,0.2035623409669211,0.1828880407124682,0.0,12.0,120000.0,0.0,0.0,2.0,0.0,1
131.0,11553,0.2035623409669211,0.1828880407124682,0.0,12.0,120000.0,0.0,0.0,2.0,0.0,2,81,0.0024752475247524753,-4.98,0.2035623409669211,0.1828880407124682,0.0,12.0,120000.0,0.0,0.0,2.0,0.0,1
125.0,8386,0.08,0.19166666666666665,25.0,12.0,120000.0,20000.0,14.0,1.0,0.0,0,0,0.0024752475247524753,9.749082916666666,0.20354678750628802,0.18287406690018063,25.0,12.0,120000.0,20000.0,14.0,1.0,0.0,0
125.0,8398,0.08,0.19166666666666665,25.0,12.0,120000.0,20000.0,15.0,1.0,0.0,0,0,0.0024752475247524753,9.749082916666666,0.20354678750628802,0.18287406690018063,25.0,12.0,120000.0,20000.0,14.0,1.0,0.0,0
126.0,5703,0.07936507936507936,0.19014550264550265,0.0,12.0,120000.0,20000.0,3.0,2.0,0.0,0,0,0.0024752475247524753,9.75,0.20202020202020202,0.18150252525252525,0.0,12.0,120000.0,20000.0,3.0,2.0,0.0,0
126.0,7050,0.07936507936507936,0.19014550264550265,0.0,12.0,120000.0,20000.0,5.0,4.0,0.0,0,0,0.0024752475247524753,9.75,0.20202020202020202,0.18150252525252525,0.0,12.0,120000.0,20000.0,5.0,4.0,0.0,0
132.0,482,0.20202020202020202,0.18150252525252525,12.5,8.0,80000.0,20000.0,8.0,4.0,0.0,2,58,0.0024752475247524753,-4.98,0.20202020202020202,0.18150252525252525,12.5,8.0,80000.0,20000.0,8.0,4.0,0.0,1
132.0,1386,0.20202020202020202,0.18150252525252525,0.0,8.0,80000.0,0.0,0.0,5.0,0.0,2,58,0.0024752475247524753,-4.98,0.20202020202020202,0.18150252525252525,0.0,8.0,80000.0,0.0,0.0,5.0,0.0,1
132.0,2290,0.20202020202020202,0.18150252525252525,0.0,8.0,80000.0,0.0,0.0,5.0,0.0,1,54,0.0024752475247524753,-4.98,0.20202020202020202,0.18150252525252525,0.0,8.0,80000.0,0.0,0.0,5.0,0.0,1
132.0,4525,0.20202020202020202,0.18150252525252525,25.0,25.0,400000.0,20000.0,4.0,3.0,0.0,1,54,0.0024752475247524753,-4.975,0.20202020202020202,0.18150252525252525,25.0,25.0,400000.0,20000.0,4.0,3.0,0.0,1
132.0,5706,0.20202020202020202,0.18150252525252525,0.0,12.0,120000.0,20000.0,3.0,2.0,0.0,1,45,0.0024752475247524753,-4.98,0.20202020202020202,0.18150252525252525,0.0,12.0,120000.0,20000.0,3.0,2.0,0.0,1
132.0,7053,0.20202020202020202,0.18150252525252525,0.0,12.0,120000.0,20000.0,5.0,4.0,0.0,2,2,0.0024752475247524753,-4.98,0.20202020202020202,0.18150252525252525,0.0,12.0,120000.0,20000.0,5.0,4.0,0.0,1
132.0,7511,0.20202020202020202,0.18150252525252525,12.5,12.0,120000.0,20000.0,5.0,5.0,0.0,2,29,0.0024752475247524753,-4.98,0.20202020202020202,0.18150252525252525,12.5,12.0,120000.0,20000.0,5.0,5.0,0.0,1
132.0,9751,0.20202020202020202,0.18150252525252525,0.0,12.0,120000.0,0.0,0.0,3.0,0.0,2,29,0.0024752475247524753,-4.98,0.20202020202020202,0.18150252525252525,0.0,12.0,120000.0,0.0,0.0,3.0,0.0,1
132.0,11091,0.20202020202020202,0.18150252525252525,0.0,12.0,120000.0,0.0,0.0,4.0,0.0,2,65,0.0024752475247524753,-4.98,0.20202020202020202,0.18150252525252525,0.0,12.0,120000.0,0.0,0.0,4.0,0.0,1
126.0,7508,0.07936507936507936,0.19014550264550265,12.5,12.0,120000.0,20000.0,5.0,5.0,0.0,0,0,0.0024752475247524753,9.749582916666666,0.20200488331655053,0.18148876235471337,0.0,12.0,120000.0,20000.0,4.0,5.0,0.0,0
133.0,472,0.20050125313283207,0.18013784461152882,12.5,8.0,80000.0,20000.0,8.0,4.0,0.0,2,65,0.0024752475247524753,-4.98,0.20050125313283207,0.18013784461152882,12.5,8.0,80000.0,20000.0,8.0,4.0,0.0,1
133.0,937,0.20050125313283207,0.18013784461152882,12.5,8.0,80000.0,20000.0,15.0,1.0,0.0,3,52,0.0024752475247524753,-4.98,0.20050125313283207,0.18013784461152882,12.5,8.0,80000.0,20000.0,17.0,1.0,0.0,1
133.0,3072,0.20050125313283207,0.18013784461152882,0.0,25.0,400000.0,0.0,0.0,5.0,0.0,3,52,0.0024752475247524753,-4.98,0.20050125313283207,0.18013784461152882,0.0,25.0,400000.0,0.0,0.0,5.0,0.0,1
133.0,7955,0.20050125313283207,0.18013784461152882,0.0,12.0,120000.0,20000.0,7.0,3.0,0.0,2,35,0.0024752475247524753,-4.98,0.20050125313283207,0.18013784461152882,0.0,12.0,120000.0,20000.0,7.0,3.0,0.0,1
133.0,8390,0.20050125313283207,0.18013784461152882,25.0,12.0,120000.0,20000.0,14.0,1.0,0.0,2,35,0.0024752475247524753,-4.975,0.20050125313283207,0.18013784461152882,25.0,12.0,120000.0,20000.0,14.0,1.0,0.0,1
133.0,8402,0.20050125313283207,0.18013784461152882,25.0,12.0,120000.0,20000.0,14.0,1.0,0.0,1,21,0.0024752475247524753,-4.975249999999999,0.20050125313283207,0.18013784461152882,25.0,12.0,120000.0,20000.0,14.0,1.0,0.0,1
133.0,10199,0.20050125313283207,0.18013784461152882,0.0,12.0,120000.0,0.0,0.0,2.0,0.0,1,21,0.0024752475247524753,-4.98025,0.20050125313283207,0.18013784461152882,0.0,12.0,120000.0,0.0,0.0,2.0,0.0,1
133.0,11554,0.20050125313283207,0.18013784461152882,0.0,12.0,120000.0,0.0,0.0,2.0,0.0,2,59,0.0024752475247524753,-4.98,0.20050125313283207,0.18013784461152882,0.0,12.0,120000.0,0.0,0.0,2.0,0.0,1
129.0,470,0.20671834625322996,0.1857235142118863,12.5,8.0,80000.0,20000.0,8.0,4.0,0.0,0,0,0.0024752475247524753,9.749374375,0.20048616391102192,0.18012428788880877,0.0,8.0,80000.0,20000.0,7.0,4.0,0.0,0
129.0,935,0.20671834625322996,0.1857235142118863,12.5,8.0,80000.0,20000.0,15.0,1.0,0.0,0,0,0.0024752475247524753,9.749374375,0.20048616391102192,0.18012428788880877,0.0,8.0,80000.0,20000.0,16.0,1.0,0.0,0
127.0,8387,0.2099737532808399,0.18864829396325458,37.5,12.0,120000.0,20000.0,15.0,1.0,0.0,0,0,0.0024752475247524753,9.749582916666666,0.20048616391102192,0.18012428788880877,0.0,12.0,120000.0,20000.0,12.0,1.0,0.0,0
127.0,8399,0.2099737532808399,0.18864829396325458,37.5,12.0,120000.0,20000.0,16.0,1.0,0.0,0,0,0.0024752475247524753,9.749582916666666,0.20048616391102192,0.18012428788880877,0.0,12.0,120000.0,20000.0,12.0,1.0,0.0,0
134.0,483,0.1990049751243781,0.17879353233830847,0.0,8.0,80000.0,20000.0,7.0,4.0,0.0,2,59,0.0024752475247524753,-4.98,0.1990049751243781,0.17879353233830847,0.0,8.0,80000.0,20000.0,7.0,4.0,0.0,1
134.0,1387,0.1990049751243781,0.17879353233830847,0.0,8.0,80000.0,0.0,0.0,5.0,0.0,3,59,0.0024752475247524753,-4.98,0.1990049751243781,0.17879353233830847,0.0,8.0,80000.0,0.0,0.0,5.0,0.0,1
134.0,2291,0.1990049751243781,0.17879353233830847,0.0,8.0,80000.0,0.0,0.0,5.0,0.0,3,59,0.0024752475247524753,-4.98,0.1990049751243781,0.17879353233830847,0.0,8.0,80000.0,0.0,0.0,5.0,0.0,1
134.0,2715,0.1990049751243781,0.17879353233830847,12.5,25.0,400000.0,20000.0,5.0,4.0,0.0,1,98,0.0024752475247524753,-4.98,0.1990049751243781,0.17879353233830847,12.5,25.0,400000.0,20000.0,5.0,4.0,0.0,1
134.0,2725,0.1990049751243781,0.17879353233830847,12.5,25.0,400000.0,20000.0,5.0,4.0,0.0,1,98,0.0024752475247524753,-4.98,0.1990049751243781,0.17879353233830847,12.5,25.0,400000.0,20000.0,5.0,4.0,0.0,1
134.0,3451,0.1990049751243781,0.17879353233830847,0.0,25.0,400000.0,20000.0,3.0,2.0,0.0,2,43,0.0024752475247524753,-4.98,0.1990049751243781,0.17879353233830847,0.0,25.0,400000.0,20000.0,3.0,2.0,0.0,1
134.0,3804,0.1990049751243781,0.17879353233830847,12.5,25.0,400000.0,20000.0,10.0,0.0,0.0,2,43,0.0024752475247524753,-4.98,0.1990049751243781,0.17879353233830847,12.5,25.0,400000.0,20000.0,10.0,0.0,0.0,1
134.0,4166,0.1990049751243781,0.17879353233830847,0.0,25.0,400000.0,0.0,0.0,1.0,0.0,2,47,0.0024752475247524753,-4.98,0.1990049751243781,0.17879353233830847,0.0,25.0,400000.0,0.0,0.0,1.0,0.0,1
134.0,4881,0.1990049751243781,0.17879353233830847,0.0,25.0,400000.0,0.0,0.0,5.0,0.0,2,47,0.0024752475247524753,-4.98,0.1990049751243781,0.17879353233830847,0.0,25.0,400000.0,0.0,0.0,5.0,0.0,1
134.0,5707,0.1990049751243781,0.17879353233830847,0.0,12.0,120000.0,20000.0,3.0,2.0,0.0,3,63,0.0024752475247524753,-4.98,0.1990049751243781,0.17879353233830847,0.0,12.0,120000.0,20000.0,3.0,2.0,0.0,1
134.0,7054,0.1990049751243781,0.17879353233830847,0.0,12.0,120000.0,20000.0,5.0,4.0,0.0,3,63,0.0024752475247524753,-4.98,0.1990049751243781,0.17879353233830847,0.0,12.0,120000.0,20000.0,5.0,4.0,0.0,1
134.0,7512,0.1990049751243781,0.17879353233830847,0.0,12.0,120000.0,20000.0,4.0,5.0,0.0,1,70,0.0024752475247524753,-4.98,0.1990049751243781,0.17879353233830847,0.0,12.0,120000.0,20000.0,4.0,5.0,0.0,1
134.0,9752,0.1990049751243781,0.17879353233830847,0.0,12.0,120000.0,0.0,0.0,3.0,0.0,1,70,0.0024752475247524753,-4.98,0.1990049751243781,0.17879353233830847,0.0,12.0,120000.0,0.0,0.0,3.0,0.0,1
134.0,11092,0.1990049751243781,0.17879353233830847,0.0,12.0,120000.0,0.0,0.0,4.0,0.0,2,31,0.0024752475247524753,-4.98,0.1990049751243781,0.17879353233830847,0.0,12.0,120000.0,0.0,0.0,4.0,0.0,1
135.0,473,0.19753086419753088,0.17746913580246915,0.0,8.0,80000.0,20000.0,7.0,4.0,0.0,2,31,0.0024752475247524753,-4.98,0.19753086419753088,0.17746913580246915,0.0,8.0,80000.0,20000.0,7.0,4.0,0.0,1
135.0,7956,0.19753086419753088,0.17746913580246915,0.0,12.0,120000.0,20000.0,7.0,3.0,0.0,3,27,0.0024752475247524753,-4.98,0.19753086419753088,0.17746913580246915,0.0,12.0,120000.0,20000.0,7.0,3.0,0.0,1
135.0,8391,0.19753086419753088,0.17746913580246915,0.0,12.0,120000.0,20000.0,13.0,1.0,0.0,3,27,0.0024752475247524753,-4.98,0.19753086419753088,0.17746913580246915,0.0,12.0,120000.0,20000.0,15.0,1.0,0.0,1
135.0,10200,0.19753086419753088,0.17746913580246915,0.0,12.0,120000.0,0.0,0.0,2.0,0.0,1,27,0.0024752475247524753,-4.98,0.19753086419753088,0.17746913580246915,0.0,12.0,120000.0,0.0,0.0,2.0,0.0,1
135.0,11555,0.19753086419753088,0.17746913580246915,0.0,12.0,120000.0,0.0,0.0,2.0,0.0,1,27,0.0024752475247524753,-4.98,0.19753086419753088,0.17746913580246915,0.0,12.0,120000.0,0.0,0.0,2.0,0.0,1
136.0,1388,0.19607843137254902,0.17616421568627452,0.0,8.0,80000.0,0.0,0.0,5.0,0.0,1,46,0.0024752475247524753,-4.98,0.19607843137254902,0.17616421568627452,0.0,8.0,80000.0,0.0,0.0,5.0,0.0,1
136.0,2292,0.19607843137254902,0.17616421568627452,0.0,8.0,80000.0,0.0,0.0,5.0,0.0,1,46,0.0024752475247524753,-4.98,0.19607843137254902,0.17616421568627452,0.0,8.0,80000.0,0.0,0.0,5.0,0.0,1
136.0,3073,0.19607843137254902,0.17616421568627452,0.0,25.0,400000.0,0.0,0.0,5.0,0.0,2,73,0.0024752475247524753,-4.98,0.19607843137254902,0.17616421568627452,0.0,25.0,400000.0,0.0,0.0,5.0,0.0,1
136.0,5708,0.19607843137254902,0.17616421568627452,0.0,12.0,120000.0,20000.0,3.0,2.0,0.0,2,73,0.0024752475247524753,-4.98,0.19607843137254902,0.17616421568627452,0.0,12.0,120000.0,20000.0,3.0,2.0,0.0,1
136.0,9753,0.19607843137254902,0.17616421568627452,0.0,12.0,120000.0,0.0,0.0,3.0,0.0,1,4,0.0024752475247524753,-4.98,0.19607843137254902,0.17616421568627452,0.0,12.0,120000.0,0.0,0.0,3.0,0.0,1
136.0,11093,0.19607843137254902,0.17616421568627452,0.0,12.0,120000.0,0.0,0.0,4.0,0.0,1,4,0.0024752475247524753,-4.98,0.19607843137254902,0.17616421568627452,0.0,12.0,120000.0,0.0,0.0,4.0,0.0,1
136.0,11995,0.19607843137254902,0.17616421568627452,0.0,12.0,120000.0,0.0,0.0,1.0,0.0,2,5,0.0024752475247524753,-4.98,0.19607843137254902,0.17616421568627452,0.0,12.0,120000.0,0.0,0.0,1.0,0.0,1
137.0,474,0.19464720194647203,0.17487834549878345,12.5,8.0,80000.0,20000.0,8.0,4.0,0.0,2,5,0.0024752475247524753,-4.98,0.19464720194647203,0.17487834549878345,12.5,8.0,80000.0,20000.0,8.0,4.0,0.0,1
137.0,2726,0.19464720194647203,0.17487834549878345,12.5,25.0,400000.0,20000.0,6.0,4.0,0.0,2,40,0.0024752475247524753,-4.98,0.19464720194647203,0.17487834549878345,12.5,25.0,400000.0,20000.0,6.0,4.0,0.0,1
137.0,3452,0.19464720194647203,0.17487834549878345,0.0,25.0,400000.0,20000.0,5.0,2.0,0.0,2,40,0.0024752475247524753,-4.98,0.19464720194647203,0.17487834549878345,0.0,25.0,400000.0,20000.0,5.0,2.0,0.0,1
137.0,3805,0.19464720194647203,0.17487834549878345,12.5,25.0,400000.0,20000.0,10.0,0.0,0.0,3,11,0.0024752475247524753,-4.98,0.19464720194647203,0.17487834549878345,12.5,25.0,400000.0,20000.0,10.0,0.0,0.0,1
137.0,4167,0.19464720194647203,0.17487834549878345,0.0,25.0,400000.0,0.0,0.0,1.0,0.0,3,11,0.0024752475247524753,-4.98,0.19464720194647203,0.17487834549878345,0.0,25.0,400000.0,0.0,0.0,1.0,0.0,1
137.0,4882,0.19464720194647203,0.17487834549878345,0.0,25.0,400000.0,0.0,0.0,5.0,0.0,1,54,0.0024752475247524753,-4.98,0.19464720194647203,0.17487834549878345,0.0,25.0,400000.0,0.0,0.0,5.0,0.0,1
137.0,6145,0.19464720194647203,0.17487834549878345,0.0,12.0,120000.0,20000.0,17.0,3.0,0.0,1,54,0.0024752475247524753,-4.98,0.19464720194647203,0.17487834549878345,0.0,12.0,120000.0,20000.0,17.0,3.0,0.0,1
137.0,7957,0.19464720194647203,0.17487834549878345,0.0,12.0,120000.0,20000.0,7.0,3.0,0.0,2,32,0.0024752475247524753,-4.98,0.19464720194647203,0.17487834549878345,0.0,12.0,120000.0,20000.0,7.0,3.0,0.0,1
137.0,8392,0.19464720194647203,0.17487834549878345,12.5,12.0,120000.0,20000.0,15.0,1.0,0.0,2,32,0.0024752475247524753,-4.98,0.19464720194647203,0.17487834549878345,12.5,12.0,120000.0,20000.0,15.0,1.0,0.0,1
137.0,8404,0.19464720194647203,0.17487834549878345,12.5,12.0,120000.0,20000.0,15.0,1.0,0.0,2,27,0.0024752475247524753,-4.98,0.19464720194647203,0.17487834549878345,12.5,12.0,120000.0,20000.0,15.0,1.0,0.0,1
137.0,10201,0.19464720194647203,0.17487834549878345,0.0,12.0,120000.0,0.0,0.0,2.0,0.0,2,27,0.0024752475247524753,-4.98,0.19464720194647203,0.17487834549878345,0.0,12.0,120000.0,0.0,0.0,2.0,0.0,1
137.0,11556,0.19464720194647203,0.17487834549878345,0.0,12.0,120000.0,0.0,0.0,2.0,0.0,3,10,0.0024752475247524753,-4.98,0.19464720194647203,0.17487834549878345,0.0,12.0,120000.0,0.0,0.0,2.0,0.0,1
138.0,485,0.1932367149758454,0.1736111111111111,12.5,8.0,80000.0,20000.0,8.0,4.0,0.0,1,10,0.0024752475247524753,-4.98,0.1932367149758454,0.1736111111111111,12.5,8.0,80000.0,20000.0,8.0,4.0,0.0,1
138.0,1389,0.1932367149758454,0.1736111111111111,0.0,8.0,80000.0,0.0,0.0,5.0,0.0,1,10,0.0024752475247524753,-4.98,0.1932367149758454,0.1736111111111111,0.0,8.0,80000.0,0.0,0.0,5.0,0.0,1
138.0,2293,0.1932367149758454,0.1736111111111111,0.0,8.0,80000.0,0.0,0.0,5.0,0.0,1,33,0.0024752475247524753,-4.98,0.1932367149758454,0.1736111111111111,0.0,8.0,80000.0,0.0,0.0,5.0,0.0,1
138.0,4527,0.1932367149758454,0.1736111111111111,37.5,25.0,400000.0,20000.0,5.0,3.0,0.0,1,33,0.0024752475247524753,-4.9625,0.1932367149758454,0.1736111111111111,37.5,25.0,400000.0,20000.0,5.0,3.0,0.0,1
138.0,5245,0.1932367149758454,0.1736111111111111,0.0,12.0,120000.0,20000.0,5.0,5.0,0.0,1,15,0.0024752475247524753,-4.98,0.1932367149758454,0.1736111111111111,0.0,12.0,120000.0,20000.0,5.0,5.0,0.0,1
138.0,5709,0.1932367149758454,0.1736111111111111,0.0,12.0,120000.0,20000.0,3.0,2.0,0.0,1,15,0.0024752475247524753,-4.98,0.1932367149758454,0.1736111111111111,0.0,12.0,120000.0,20000.0,3.0,2.0,0.0,1
138.0,7056,0.1932367149758454,0.1736111111111111,12.5,12.0,120000.0,20000.0,6.0,4.0,0.0,3,39,0.0024752475247524753,-4.98,0.1932367149758454,0.1736111111111111,12.5,12.0,120000.0,20000.0,6.0,4.0,0.0,1
138.0,7514,0.1932367149758454,0.1736111111111111,12.5,12.0,120000.0,20000.0,5.0,5.0,0.0,3,39,0.0024752475247524753,-4.98,0.1932367149758454,0.1736111111111111,12.5,12.0,120000.0,20000.0,5.0,5.0,0.0,1
138.0,9754,0.1932367149758454,0.1736111111111111,0.0,12.0,120000.0,0.0,0.0,3.0,0.0,2,43,0.0024752475247524753,-4.98,0.1932367149758454,0.1736111111111111,0.0,12.0,120000.0,0.0,0.0,3.0,0.0,1
138.0,11094,0.1932367149758454,0.1736111111111111,0.0,12.0,120000.0,0.0,0.0,4.0,0.0,3,42,0.0024752475247524753,-4.98,0.1932367149758454,0.1736111111111111,0.0,12.0,120000.0,0.0,0.0,4.0,0.0,1
138.0,11996,0.1932367149758454,0.1736111111111111,0.0,12.0,120000.0,0.0,0.0,1.0,0.0,3,42,0.0024752475247524753,-4.98,0.1932367149758454,0.1736111111111111,0.0,12.0,120000.0,0.0,0.0,1.0,0.0,1
135.0,938,0.19753086419753088,0.17746913580246915,0.0,8.0,80000.0,20000.0,16.0,1.0,0.0,0,0,0.0024752475247524753,9.74975,0.19184652278177458,0.17236211031175058,12.5,8.0,80000.0,20000.0,17.0,1.0,0.0,0
139.0,940,0.19184652278177458,0.17236211031175058,12.5,8.0,80000.0,20000.0,17.0,1.0,0.0,3,42,0.0024752475247524753,-4.98,0.19184652278177458,0.17236211031175058,12.5,8.0,80000.0,20000.0,17.0,1.0,0.0,1
139.0,3074,0.19184652278177458,0.17236211031175058,0.0,25.0,400000.0,0.0,0.0,5.0,0.0,2,17,0.0024752475247524753,-4.98,0.19184652278177458,0.17236211031175058,0.0,25.0,400000.0,0.0,0.0,5.0,0.0,1
139.0,6146,0.19184652278177458,0.17236211031175058,0.0,12.0,120000.0,20000.0,18.0,3.0,0.0,2,17,0.0024752475247524753,-4.98,0.19184652278177458,0.17236211031175058,0.0,12.0,120000.0,20000.0,18.0,3.0,0.0,1
139.0,7958,0.19184652278177458,0.17236211031175058,0.0,12.0,120000.0,20000.0,7.0,3.0,0.0,3,66,0.0024752475247524753,-4.98,0.19184652278177458,0.17236211031175058,0.0,12.0,120000.0,20000.0,7.0,3.0,0.0,1
139.0,8393,0.19184652278177458,0.17236211031175058,12.5,12.0,120000.0,20000.0,15.0,1.0,0.0,3,66,0.0024752475247524753,-4.98,0.19184652278177458,0.17236211031175058,12.5,12.0,120000.0,20000.0,16.0,1.0,0.0,1
139.0,10202,0.19184652278177458,0.17236211031175058,0.0,12.0,120000.0,0.0,0.0,2.0,0.0,3,66,0.0024752475247524753,-4.98,0.19184652278177458,0.17236211031175058,0.0,12.0,120000.0,0.0,0.0,2.0,0.0,1
139.0,11557,0.19184652278177458,0.17236211031175058,0.0,12.0,120000.0,0.0,0.0,2.0,0.0,2,99,0.0024752475247524753,-4.98,0.19184652278177458,0.17236211031175058,0.0,12.0,120000.0,0.0,0.0,2.0,0.0,1
119.0,4518,0.08403361344537816,0.20133053221288513,25.0,25.0,400000.0,20000.0,4.0,3.0,0.0,0,0,0.0024752475247524753,9.599299799999999,0.19183270806661093,0.17234969865359576,25.0,25.0,400000.0,20000.0,4.0,3.0,0.0,0
136.0,484,0.19607843137254902,0.17616421568627452,0.0,8.0,80000.0,20000.0,7.0,4.0,0.0,1,27,0.0024752475247524753,9.77,0.19047619047619047,0.17113095238095238,0.0,8.0,80000.0,20000.0,7.0,4.0,0.0,0
140.0,486,0.19047619047619047,0.17113095238095238,0.0,8.0,80000.0,20000.0,7.0,4.0,0.0,2,99,0.0024752475247524753,-4.98,0.19047619047619047,0.17113095238095238,0.0,8.0,80000.0,20000.0,7.0,4.0,0.0,1
140.0,1390,0.19047619047619047,0.17113095238095238,0.0,8.0,80000.0,0.0,0.0,5.0,0.0,1,21,0.0024752475247524753,-4.98,0.19047619047619047,0.17113095238095238,0.0,8.0,80000.0,0.0,0.0,5.0,0.0,1
140.0,2294,0.19047619047619047,0.17113095238095238,0.0,8.0,80000.0,0.0,0.0,5.0,0.0,1,21,0.0024752475247524753,-4.98,0.19047619047619047,0.17113095238095238,0.0,8.0,80000.0,0.0,0.0,5.0,0.0,1
140.0,2717,0.19047619047619047,0.17113095238095238,25.0,25.0,400000.0,20000.0,6.0,4.0,0.0,1,47,0.0024752475247524753,-4.975,0.19047619047619047,0.17113095238095238,25.0,25.0,400000.0,20000.0,6.0,4.0,0.0,1
140.0,2727,0.19047619047619047,0.17113095238095238,25.0,25.0,400000.0,20000.0,6.0,4.0,0.0,1,47,0.0024752475247524753,-4.975,0.19047619047619047,0.17113095238095238,25.0,25.0,400000.0,20000.0,6.0,4.0,0.0,1
140.0,4168,0.19047619047619047,0.17113095238095238,0.0,25.0,400000.0,0.0,0.0,1.0,0.0,2,67,0.0024752475247524753,-4.98,0.19047619047619047,0.17113095238095238,0.0,25.0,400000.0,0.0,0.0,1.0,0.0,1
140.0,4883,0.19047619047619047,0.17113095238095238,0.0,25.0,400000.0,0.0,0.0,5.0,0.0,2,67,0.0024752475247524753,-4.98,0.19047619047619047,0.17113095238095238,0.0,25.0,400000.0,0.0,0.0,5.0,0.0,1
140.0,9755,0.19047619047619047,0.17113095238095238,0.0,12.0,120000.0,0.0,0.0,3.0,0.0,1,63,0.0024752475247524753,-4.98,0.19047619047619047,0.17113095238095238,0.0,12.0,120000.0,0.0,0.0,3.0,0.0,1
140.0,10645,0.19047619047619047,0.17113095238095238,0.0,12.0,120000.0,0.0,0.0,4.0,0.0,3,46,0.0024752475247524753,-4.98,0.19047619047619047,0.17113095238095238,0.0,12.0,120000.0,0.0,0.0,4.0,0.0,1
140.0,11997,0.19047619047619047,0.17113095238095238,0.0,12.0,120000.0,0.0,0.0,1.0,0.0,3,46,0.0024752475247524753,-4.98,0.19047619047619047,0.17113095238095238,0.0,12.0,120000.0,0.0,0.0,1.0,0.0,1
120.0,4521,0.08333333333333334,0.19965277777777776,37.5,25.0,400000.0,20000.0,5.0,3.0,0.0,0,0,0.0024752475247524753,9.5995498,0.19046257240226372,0.1711187173926588,12.5,25.0,400000.0,20000.0,3.0,3.0,0.0,0
135.0,8403,0.19753086419753088,0.17746913580246915,0.0,12.0,120000.0,20000.0,13.0,1.0,0.0,0,0,0.0024752475247524753,9.74975,0.18912529550827423,0.16991725768321514,12.5,12.0,120000.0,20000.0,15.0,1.0,0.0,0
141.0,8394,0.18912529550827423,0.16991725768321514,12.5,12.0,120000.0,20000.0,15.0,1.0,0.0,2,17,0.0024752475247524753,-4.98,0.18912529550827423,0.16991725768321514,12.5,12.0,120000.0,20000.0,15.0,1.0,0.0,1
141.0,8406,0.18912529550827423,0.16991725768321514,12.5,12.0,120000.0,20000.0,15.0,1.0,0.0,2,17,0.0024752475247524753,-4.98,0.18912529550827423,0.16991725768321514,12.5,12.0,120000.0,20000.0,15.0,1.0,0.0,1
141.0,10203,0.18912529550827423,0.16991725768321514,0.0,12.0,120000.0,0.0,0.0,2.0,0.0,2,17,0.0024752475247524753,-4.98,0.18912529550827423,0.16991725768321514,0.0,12.0,120000.0,0.0,0.0,2.0,0.0,1
141.0,11558,0.18912529550827423,0.16991725768321514,0.0,12.0,120000.0,0.0,0.0,2.0,0.0,2,17,0.0024752475247524753,-4.98,0.18912529550827423,0.16991725768321514,0.0,12.0,120000.0,0.0,0.0,2.0,0.0,1
137.0,939,0.19464720194647203,0.17487834549878345,12.5,8.0,80000.0,20000.0,17.0,1.0,0.0,0,0,0.0024752475247524753,9.749124375000001,0.1891118699067298,0.16990519561932757,12.5,8.0,80000.0,20000.0,17.0,1.0,0.0,0
136.0,7055,0.19607843137254902,0.17616421568627452,0.0,12.0,120000.0,20000.0,5.0,4.0,0.0,0,0,0.0024752475247524753,9.74975,0.18779342723004694,0.1687206572769953,12.5,12.0,120000.0,20000.0,7.0,4.0,0.0,0
136.0,7513,0.19607843137254902,0.17616421568627452,0.0,12.0,120000.0,20000.0,4.0,5.0,0.0,0,0,0.0024752475247524753,9.74975,0.18779342723004694,0.1687206572769953,12.5,12.0,120000.0,20000.0,6.0,5.0,0.0,0
142.0,487,0.18779342723004694,0.1687206572769953,0.0,8.0,80000.0,20000.0,7.0,4.0,0.0,3,36,0.0024752475247524753,-4.98,0.18779342723004694,0.1687206572769953,0.0,8.0,80000.0,20000.0,7.0,4.0,0.0,1
142.0,1391,0.18779342723004694,0.1687206572769953,0.0,8.0,80000.0,0.0,0.0,5.0,0.0,3,36,0.0024752475247524753,-4.98,0.18779342723004694,0.1687206572769953,0.0,8.0,80000.0,0.0,0.0,5.0,0.0,1
142.0,2295,0.18779342723004694,0.1687206572769953,0.0,8.0,80000.0,0.0,0.0,5.0,0.0,3,36,0.0024752475247524753,-4.98,0.18779342723004694,0.1687206572769953,0.0,8.0,80000.0,0.0,0.0,5.0,0.0,1
142.0,3075,0.18779342723004694,0.1687206572769953,0.0,25.0,400000.0,0.0,0.0,5.0,0.0,3,36,0.0024752475247524753,-4.98,0.18779342723004694,0.1687206572769953,0.0,25.0,400000.0,0.0,0.0,5.0,0.0,1
142.0,5247,0.18779342723004694,0.1687206572769953,12.5,12.0,120000.0,20000.0,6.0,5.0,0.0,2,70,0.0024752475247524753,-4.98,0.18779342723004694,0.1687206572769953,12.5,12.0,120000.0,20000.0,6.0,5.0,0.0,1
142.0,5711,0.18779342723004694,0.1687206572769953,12.5,12.0,120000.0,20000.0,4.0,2.0,0.0,2,70,0.0024752475247524753,-4.98,0.18779342723004694,0.1687206572769953,12.5,12.0,120000.0,20000.0,4.0,2.0,0.0,1
142.0,9756,0.18779342723004694,0.1687206572769953,0.0,12.0,120000.0,0.0,0.0,3.0,0.0,3,96,0.0024752475247524753,-4.98,0.18779342723004694,0.1687206572769953,0.0,12.0,120000.0,0.0,0.0,3.0,0.0,1
142.0,10646,0.18779342723004694,0.1687206572769953,0.0,12.0,120000.0,0.0,0.0,4.0,0.0,3,96,0.0024752475247524753,-4.98,0.18779342723004694,0.1687206572769953,0.0,12.0,120000.0,0.0,0.0,4.0,0.0,1
142.0,11998,0.18779342723004694,0.1687206572769953,0.0,12.0,120000.0,0.0,0.0,1.0,0.0,2,99,0.0024752475247524753,-4.98,0.18779342723004694,0.1687206572769953,0.0,12.0,120000.0,0.0,0.0,1.0,0.0,1
143.0,942,0.1864801864801865,0.16754079254079254,12.5,8.0,80000.0,20000.0,17.0,1.0,0.0,2,99,0.0024752475247524753,-4.98,0.1864801864801865,0.16754079254079254,12.5,8.0,80000.0,20000.0,17.0,1.0,0.0,1
143.0,2718,0.1864801864801865,0.16754079254079254,25.0,25.0,400000.0,20000.0,6.0,4.0,0.0,3,51,0.0024752475247524753,-4.975,0.1864801864801865,0.16754079254079254,25.0,25.0,400000.0,20000.0,6.0,4.0,0.0,1
143.0,2728,0.1864801864801865,0.16754079254079254,25.0,25.0,400000.0,20000.0,6.0,4.0,0.0,3,51,0.0024752475247524753,-4.975,0.1864801864801865,0.16754079254079254,25.0,25.0,400000.0,20000.0,6.0,4.0,0.0,1
143.0,3454,0.1864801864801865,0.16754079254079254,12.5,25.0,400000.0,20000.0,6.0,2.0,0.0,3,83,0.0024752475247524753,-4.98,0.1864801864801865,0.16754079254079254,12.5,25.0,400000.0,20000.0,6.0,2.0,0.0,1
143.0,3807,0.1864801864801865,0.16754079254079254,25.0,25.0,400000.0,20000.0,11.0,0.0,0.0,3,83,0.0024752475247524753,-4.975,0.1864801864801865,0.16754079254079254,25.0,25.0,400000.0,20000.0,11.0,0.0,0.0,1
143.0,4169,0.1864801864801865,0.16754079254079254,0.0,25.0,400000.0,0.0,0.0,1.0,0.0,3,83,0.0024752475247524753,-4.98,0.1864801864801865,0.16754079254079254,0.0,25.0,400000.0,0.0,0.0,1.0,0.0,1
143.0,4884,0.1864801864801865,0.16754079254079254,0.0,25.0,400000.0,0.0,0.0,5.0,0.0,3,83,0.0024752475247524753,-4.98,0.1864801864801865,0.16754079254079254,0.0,25.0,400000.0,0.0,0.0,5.0,0.0,1
143.0,8407,0.1864801864801865,0.16754079254079254,12.5,12.0,120000.0,20000.0,15.0,1.0,0.0,2,51,0.0024752475247524753,-4.98,0.1864801864801865,0.16754079254079254,12.5,12.0,120000.0,20000.0,15.0,1.0,0.0,1
143.0,10204,0.1864801864801865,0.16754079254079254,0.0,12.0,120000.0,0.0,0.0,2.0,0.0,2,51,0.0024752475247524753,-4.98,0.1864801864801865,0.16754079254079254,0.0,12.0,120000.0,0.0,0.0,2.0,0.0,1
143.0,11559,0.1864801864801865,0.16754079254079254,0.0,12.0,120000.0,0.0,0.0,2.0,0.0,2,91,0.0024752475247524753,-4.98,0.1864801864801865,0.16754079254079254,0.0,12.0,120000.0,0.0,0.0,2.0,0.0,1
144.0,488,0.1851851851851852,0.16637731481481483,0.0,8.0,80000.0,20000.0,7.0,4.0,0.0,2,91,0.0024752475247524753,-4.98,0.1851851851851852,0.16637731481481483,0.0,8.0,80000.0,20000.0,7.0,4.0,0.0,1
144.0,1392,0.1851851851851852,0.16637731481481483,0.0,8.0,80000.0,0.0,0.0,5.0,0.0,3,87,0.0024752475247524753,-4.98,0.1851851851851852,0.16637731481481483,0.0,8.0,80000.0,0.0,0.0,5.0,0.0,1
144.0,2296,0.1851851851851852,0.16637731481481483,0.0,8.0,80000.0,0.0,0.0,5.0,0.0,2,25,0.0024752475247524753,-4.98,0.1851851851851852,0.16637731481481483,0.0,8.0,80000.0,0.0,0.0,5.0,0.0,1
144.0,4529,0.1851851851851852,0.16637731481481483,25.0,25.0,400000.0,20000.0,4.0,3.0,0.0,2,25,0.0024752475247524753,-4.975,0.1851851851851852,0.16637731481481483,25.0,25.0,400000.0,20000.0,4.0,3.0,0.0,1
144.0,7059,0.1851851851851852,0.16637731481481483,25.0,12.0,120000.0,20000.0,7.0,4.0,0.0,1,20,0.0024752475247524753,-4.975,0.1851851851851852,0.16637731481481483,25.0,12.0,120000.0,20000.0,7.0,4.0,0.0,1
144.0,7517,0.1851851851851852,0.16637731481481483,25.0,12.0,120000.0,20000.0,6.0,5.0,0.0,1,20,0.0024752475247524753,-4.975,0.1851851851851852,0.16637731481481483,25.0,12.0,120000.0,20000.0,6.0,5.0,0.0,1
144.0,9757,0.1851851851851852,0.16637731481481483,0.0,12.0,120000.0,0.0,0.0,3.0,0.0,1,20,0.0024752475247524753,-4.98025,0.1851851851851852,0.16637731481481483,0.0,12.0,120000.0,0.0,0.0,3.0,0.0,1
144.0,10647,0.1851851851851852,0.16637731481481483,0.0,12.0,120000.0,0.0,0.0,4.0,0.0,1,20,0.0024752475247524753,-4.98,0.1851851851851852,0.16637731481481483,0.0,12.0,120000.0,0.0,0.0,4.0,0.0,1
144.0,11999,0.1851851851851852,0.16637731481481483,0.0,12.0,120000.0,0.0,0.0,1.0,0.0,3,35,0.0024752475247524753,-4.98,0.1851851851851852,0.16637731481481483,0.0,12.0,120000.0,0.0,0.0,1.0,0.0,1
125.0,2712,0.08,0.19166666666666665,0.0,25.0,400000.0,20000.0,3.0,4.0,0.0,0,0,0.0024752475247524753,9.59975,0.1839080459770115,0.16522988505747127,12.5,25.0,400000.0,20000.0,5.0,4.0,0.0,0
145.0,25,0.1839080459770115,0.16522988505747127,0.0,8.0,80000.0,20000.0,3.0,2.0,0.0,3,35,0.0024752475247524753,-4.98,0.1839080459770115,0.16522988505747127,0.0,8.0,80000.0,20000.0,3.0,2.0,0.0,1
145.0,943,0.1839080459770115,0.16522988505747127,12.5,8.0,80000.0,20000.0,17.0,1.0,0.0,2,78,0.0024752475247524753,-4.98,0.1839080459770115,0.16522988505747127,12.5,8.0,80000.0,20000.0,17.0,1.0,0.0,1
145.0,3076,0.1839080459770115,0.16522988505747127,0.0,25.0,400000.0,0.0,0.0,5.0,0.0,2,78,0.0024752475247524753,-4.98,0.1839080459770115,0.16522988505747127,0.0,25.0,400000.0,0.0,0.0,5.0,0.0,1
145.0,6149,0.1839080459770115,0.16522988505747127,25.0,12.0,120000.0,20000.0,21.0,3.0,0.0,3,99,0.0024752475247524753,-4.975,0.1839080459770115,0.16522988505747127,25.0,12.0,120000.0,20000.0,21.0,3.0,0.0,1
145.0,6595,0.1839080459770115,0.16522988505747127,0.0,12.0,120000.0,20000.0,4.0,5.0,0.0,3,99,0.0024752475247524753,-4.98,0.1839080459770115,0.16522988505747127,0.0,12.0,120000.0,20000.0,4.0,5.0,0.0,1
145.0,7961,0.1839080459770115,0.16522988505747127,25.0,12.0,120000.0,20000.0,9.0,3.0,0.0,2,36,0.0024752475247524753,-4.975,0.1839080459770115,0.16522988505747127,25.0,12.0,120000.0,20000.0,9.0,3.0,0.0,1
145.0,8408,0.1839080459770115,0.16522988505747127,12.5,12.0,120000.0,20000.0,16.0,1.0,0.0,2,36,0.0024752475247524753,-4.98,0.1839080459770115,0.16522988505747127,12.5,12.0,120000.0,20000.0,17.0,1.0,0.0,1
145.0,10205,0.1839080459770115,0.16522988505747127,0.0,12.0,120000.0,0.0,0.0,2.0,0.0,1,23,0.0024752475247524753,-4.98025,0.1839080459770115,0.16522988505747127,0.0,12.0,120000.0,0.0,0.0,2.0,0.0,1
145.0,11560,0.1839080459770115,0.16522988505747127,0.0,12.0,120000.0,0.0,0.0,2.0,0.0,1,97,0.0024752475247524753,-4.98025,0.1839080459770115,0.16522988505747127,0.0,12.0,120000.0,0.0,0.0,2.0,0.0,1
141.0,941,0.18912529550827423,0.16991725768321514,12.5,8.0,80000.0,20000.0,17.0,1.0,0.0,0,0,0.0024752475247524753,9.749374375,0.1838953508565834,0.16521847928521166,0.0,8.0,80000.0,20000.0,16.0,1.0,0.0,0
139.0,8405,0.19184652278177458,0.17236211031175058,12.5,12.0,120000.0,20000.0,15.0,1.0,0.0,0,0,0.0024752475247524753,9.749582916666666,0.1838953508565834,0.16521847928521166,0.0,12.0,120000.0,20000.0,16.0,1.0,0.0,0
140.0,5246,0.19047619047619047,0.17113095238095238,0.0,12.0,120000.0,20000.0,5.0,5.0,0.0,0,0,0.0024752475247524753,9.74975,0.182648401826484,0.16409817351598172,12.5,12.0,120000.0,20000.0,6.0,5.0,0.0,0
140.0,5710,0.19047619047619047,0.17113095238095238,0.0,12.0,120000.0,20000.0,3.0,2.0,0.0,0,0,0.0024752475247524753,9.74975,0.182648401826484,0.16409817351598172,12.5,12.0,120000.0,20000.0,4.0,2.0,0.0,0
146.0,1393,0.182648401826484,0.16409817351598172,0.0,8.0,80000.0,0.0,0.0,5.0,0.0,1,87,0.0024752475247524753,-4.98,0.182648401826484,0.16409817351598172,0.0,8.0,80000.0,0.0,0.0,5.0,0.0,1
146.0,2297,0.182648401826484,0.16409817351598172,0.0,8.0,80000.0,0.0,0.0,5.0,0.0,1,87,0.0024752475247524753,-4.98,0.182648401826484,0.16409817351598172,0.0,8.0,80000.0,0.0,0.0,5.0,0.0,1
146.0,2719,0.182648401826484,0.16409817351598172,12.5,25.0,400000.0,20000.0,5.0,4.0,0.0,2,13,0.0024752475247524753,-4.98,0.182648401826484,0.16409817351598172,12.5,25.0,400000.0,20000.0,5.0,4.0,0.0,1
146.0,2729,0.182648401826484,0.16409817351598172,12.5,25.0,400000.0,20000.0,5.0,4.0,0.0,2,13,0.0024752475247524753,-4.98,0.182648401826484,0.16409817351598172,12.5,25.0,400000.0,20000.0,5.0,4.0,0.0,1
146.0,3455,0.182648401826484,0.16409817351598172,12.5,25.0,400000.0,20000.0,7.0,2.0,0.0,2,37,0.0024752475247524753,-4.98,0.182648401826484,0.16409817351598172,12.5,25.0,400000.0,20000.0,7.0,2.0,0.0,1
146.0,3808,0.182648401826484,0.16409817351598172,25.0,25.0,400000.0,20000.0,11.0,0.0,0.0,2,37,0.0024752475247524753,-4.975,0.182648401826484,0.16409817351598172,25.0,25.0,400000.0,20000.0,11.0,0.0,0.0,1
146.0,4170,0.182648401826484,0.16409817351598172,0.0,25.0,400000.0,0.0,0.0,1.0,0.0,3,65,0.0024752475247524753,-4.98,0.182648401826484,0.16409817351598172,0.0,25.0,400000.0,0.0,0.0,1.0,0.0,1
146.0,4885,0.182648401826484,0.16409817351598172,0.0,25.0,400000.0,0.0,0.0,5.0,0.0,3,65,0.0024752475247524753,-4.98,0.182648401826484,0.16409817351598172,0.0,25.0,400000.0,0.0,0.0,5.0,0.0,1
146.0,5249,0.182648401826484,0.16409817351598172,12.5,12.0,120000.0,20000.0,6.0,5.0,0.0,3,80,0.0024752475247524753,-4.98,0.182648401826484,0.16409817351598172,12.5,12.0,120000.0,20000.0,6.0,5.0,0.0,1
146.0,5713,0.182648401826484,0.16409817351598172,12.5,12.0,120000.0,20000.0,4.0,2.0,0.0,3,80,0.0024752475247524753,-4.98,0.182648401826484,0.16409817351598172,12.5,12.0,120000.0,20000.0,4.0,2.0,0.0,1
146.0,9758,0.182648401826484,0.16409817351598172,0.0,12.0,120000.0,0.0,0.0,3.0,0.0,1,58,0.0024752475247524753,-4.98,0.182648401826484,0.16409817351598172,0.0,12.0,120000.0,0.0,0.0,3.0,0.0,1
146.0,10648,0.182648401826484,0.16409817351598172,0.0,12.0,120000.0,0.0,0.0,4.0,0.0,1,58,0.0024752475247524753,-4.98,0.182648401826484,0.16409817351598172,0.0,12.0,120000.0,0.0,0.0,4.0,0.0,1
146.0,12000,0.182648401826484,0.16409817351598172,0.0,12.0,120000.0,0.0,0.0,1.0,0.0,1,5,0.0024752475247524753,-4.980500000000001,0.182648401826484,0.16409817351598172,0.0,12.0,120000.0,0.0,0.0,1.0,0.0,1
140.0,7057,0.19047619047619047,0.17113095238095238,12.5,12.0,120000.0,20000.0,6.0,4.0,0.0,0,0,0.0024752475247524753,9.749082916666666,0.18263588001032716,0.1640869234467783,25.0,12.0,120000.0,20000.0,7.0,4.0,0.0,0
140.0,7515,0.19047619047619047,0.17113095238095238,12.5,12.0,120000.0,20000.0,5.0,5.0,0.0,0,0,0.0024752475247524753,9.749082916666666,0.18263588001032716,0.1640869234467783,25.0,12.0,120000.0,20000.0,6.0,5.0,0.0,0
141.0,6147,0.18912529550827423,0.16991725768321514,0.0,12.0,120000.0,20000.0,19.0,3.0,0.0,0,0,0.0024752475247524753,9.74975,0.18140589569160998,0.16298185941043083,12.5,12.0,120000.0,20000.0,20.0,3.0,0.0,0
141.0,7959,0.18912529550827423,0.16991725768321514,0.0,12.0,120000.0,20000.0,7.0,3.0,0.0,0,0,0.0024752475247524753,9.74975,0.18140589569160998,0.16298185941043083,12.5,12.0,120000.0,20000.0,9.0,3.0,0.0,0
147.0,944,0.18140589569160998,0.16298185941043083,0.0,8.0,80000.0,20000.0,17.0,1.0,0.0,1,44,0.0024752475247524753,-4.98,0.18140589569160998,0.16298185941043083,0.0,8.0,80000.0,20000.0,18.0,1.0,0.0,1
147.0,4530,0.18140589569160998,0.16298185941043083,25.0,25.0,400000.0,20000.0,4.0,3.0,0.0,1,44,0.0024752475247524753,-4.975,0.18140589569160998,0.16298185941043083,25.0,25.0,400000.0,20000.0,4.0,3.0,0.0,1
147.0,6150,0.18140589569160998,0.16298185941043083,12.5,12.0,120000.0,20000.0,20.0,3.0,0.0,2,23,0.0024752475247524753,-4.98,0.18140589569160998,0.16298185941043083,12.5,12.0,120000.0,20000.0,20.0,3.0,0.0,1
147.0,6596,0.18140589569160998,0.16298185941043083,0.0,12.0,120000.0,20000.0,4.0,5.0,0.0,1,55,0.0024752475247524753,-4.98,0.18140589569160998,0.16298185941043083,0.0,12.0,120000.0,20000.0,4.0,5.0,0.0,1
147.0,7962,0.18140589569160998,0.16298185941043083,12.5,12.0,120000.0,20000.0,9.0,3.0,0.0,2,55,0.0024752475247524753,-4.98,0.18140589569160998,0.16298185941043083,12.5,12.0,120000.0,20000.0,9.0,3.0,0.0,1
147.0,8409,0.18140589569160998,0.16298185941043083,0.0,12.0,120000.0,20000.0,17.0,1.0,0.0,1,64,0.0024752475247524753,-4.98,0.18140589569160998,0.16298185941043083,0.0,12.0,120000.0,20000.0,17.0,1.0,0.0,1
147.0,9295,0.18140589569160998,0.16298185941043083,0.0,12.0,120000.0,0.0,0.0,6.0,0.0,1,64,0.0024752475247524753,-4.98,0.18140589569160998,0.16298185941043083,0.0,12.0,120000.0,0.0,0.0,6.0,0.0,1
147.0,10206,0.18140589569160998,0.16298185941043083,0.0,12.0,120000.0,0.0,0.0,2.0,0.0,2,34,0.0024752475247524753,-4.98,0.18140589569160998,0.16298185941043083,0.0,12.0,120000.0,0.0,0.0,2.0,0.0,1
147.0,11561,0.18140589569160998,0.16298185941043083,0.0,12.0,120000.0,0.0,0.0,2.0,0.0,2,34,0.0024752475247524753,-4.98,0.18140589569160998,0.16298185941043083,0.0,12.0,120000.0,0.0,0.0,2.0,0.0,1
148.0,490,0.18018018018018017,0.16188063063063063,12.5,8.0,80000.0,20000.0,8.0,4.0,0.0,3,87,0.0024752475247524753,-4.98,0.18018018018018017,0.16188063063063063,12.5,8.0,80000.0,20000.0,8.0,4.0,0.0,1
148.0,1394,0.18018018018018017,0.16188063063063063,0.0,8.0,80000.0,0.0,0.0,5.0,0.0,3,87,0.0024752475247524753,-4.98,0.18018018018018017,0.16188063063063063,0.0,8.0,80000.0,0.0,0.0,5.0,0.0,1
148.0,2298,0.18018018018018017,0.16188063063063063,0.0,8.0,80000.0,0.0,0.0,5.0,0.0,2,51,0.0024752475247524753,-4.98,0.18018018018018017,0.16188063063063063,0.0,8.0,80000.0,0.0,0.0,5.0,0.0,1
148.0,3077,0.18018018018018017,0.16188063063063063,0.0,25.0,400000.0,0.0,0.0,5.0,0.0,2,51,0.0024752475247524753,-4.98,0.18018018018018017,0.16188063063063063,0.0,25.0,400000.0,0.0,0.0,5.0,0.0,1
148.0,5250,0.18018018018018017,0.16188063063063063,12.5,12.0,120000.0,20000.0,6.0,5.0,0.0,3,6,0.0024752475247524753,-4.98,0.18018018018018017,0.16188063063063063,12.5,12.0,120000.0,20000.0,6.0,5.0,0.0,1
148.0,5714,0.18018018018018017,0.16188063063063063,12.5,12.0,120000.0,20000.0,4.0,2.0,0.0,3,6,0.0024752475247524753,-4.98,0.18018018018018017,0.16188063063063063,12.5,12.0,120000.0,20000.0,4.0,2.0,0.0,1
148.0,7061,0.18018018018018017,0.16188063063063063,25.0,12.0,120000.0,20000.0,7.0,4.0,0.0,3,32,0.0024752475247524753,-4.975,0.18018018018018017,0.16188063063063063,25.0,12.0,120000.0,20000.0,7.0,4.0,0.0,1
148.0,7519,0.18018018018018017,0.16188063063063063,25.0,12.0,120000.0,20000.0,6.0,5.0,0.0,3,32,0.0024752475247524753,-4.975,0.18018018018018017,0.16188063063063063,25.0,12.0,120000.0,20000.0,6.0,5.0,0.0,1
148.0,9759,0.18018018018018017,0.16188063063063063,0.0,12.0,120000.0,0.0,0.0,3.0,0.0,3,32,0.0024752475247524753,-4.98,0.18018018018018017,0.16188063063063063,0.0,12.0,120000.0,0.0,0.0,3.0,0.0,1
148.0,10649,0.18018018018018017,0.16188063063063063,0.0,12.0,120000.0,0.0,0.0,4.0,0.0,3,32,0.0024752475247524753,-4.98,0.18018018018018017,0.16188063063063063,0.0,12.0,120000.0,0.0,0.0,4.0,0.0,1
148.0,12001,0.18018018018018017,0.16188063063063063,0.0,12.0,120000.0,0.0,0.0,1.0,0.0,1,74,0.0024752475247524753,-4.98025,0.18018018018018017,0.16188063063063063,0.0,12.0,120000.0,0.0,0.0,1.0,0.0,1
142.0,7058,0.18779342723004694,0.1687206572769953,12.5,12.0,120000.0,20000.0,6.0,4.0,0.0,0,0,0.0024752475247524753,9.749332916666667,0.1801679944935256,0.1618696825527769,12.5,12.0,120000.0,20000.0,6.0,4.0,0.0,0
142.0,7516,0.18779342723004694,0.1687206572769953,12.5,12.0,120000.0,20000.0,5.0,5.0,0.0,0,0,0.0024752475247524753,9.749332916666667,0.1801679944935256,0.1618696825527769,12.5,12.0,120000.0,20000.0,5.0,5.0,0.0,0
149.0,27,0.1789709172259508,0.16079418344519014,12.5,8.0,80000.0,20000.0,4.0,2.0,0.0,1,74,0.0024752475247524753,-4.98,0.1789709172259508,0.16079418344519014,12.5,8.0,80000.0,20000.0,4.0,2.0,0.0,1
149.0,945,0.1789709172259508,0.16079418344519014,0.0,8.0,80000.0,20000.0,18.0,1.0,0.0,1,53,0.0024752475247524753,-4.98,0.1789709172259508,0.16079418344519014,0.0,8.0,80000.0,20000.0,18.0,1.0,0.0,1
149.0,2730,0.1789709172259508,0.16079418344519014,12.5,25.0,400000.0,20000.0,5.0,4.0,0.0,1,53,0.0024752475247524753,-4.98,0.1789709172259508,0.16079418344519014,12.5,25.0,400000.0,20000.0,5.0,4.0,0.0,1
149.0,3456,0.1789709172259508,0.16079418344519014,12.5,25.0,400000.0,20000.0,7.0,2.0,0.0,1,53,0.0024752475247524753,-4.98,0.1789709172259508,0.16079418344519014,12.5,25.0,400000.0,20000.0,8.0,2.0,0.0,1
149.0,3809,0.1789709172259508,0.16079418344519014,25.0,25.0,400000.0,20000.0,11.0,0.0,0.0,3,53,0.0024752475247524753,-4.975,0.1789709172259508,0.16079418344519014,25.0,25.0,400000.0,20000.0,11.0,0.0,0.0,1
149.0,4171,0.1789709172259508,0.16079418344519014,0.0,25.0,400000.0,0.0,0.0,1.0,0.0,3,53,0.0024752475247524753,-4.98,0.1789709172259508,0.16079418344519014,0.0,25.0,400000.0,0.0,0.0,1.0,0.0,1
149.0,4886,0.1789709172259508,0.16079418344519014,0.0,25.0,400000.0,0.0,0.0,5.0,0.0,3,53,0.0024752475247524753,-4.98,0.1789709172259508,0.16079418344519014,0.0,25.0,400000.0,0.0,0.0,5.0,0.0,1
149.0,6151,0.1789709172259508,0.16079418344519014,12.5,12.0,120000.0,20000.0,20.0,3.0,0.0,2,97,0.0024752475247524753,-4.98,0.1789709172259508,0.16079418344519014,12.5,12.0,120000.0,20000.0,20.0,3.0,0.0,1
149.0,6597,0.1789709172259508,0.16079418344519014,0.0,12.0,120000.0,20000.0,4.0,5.0,0.0,2,97,0.0024752475247524753,-4.98,0.1789709172259508,0.16079418344519014,0.0,12.0,120000.0,20000.0,4.0,5.0,0.0,1
149.0,9296,0.1789709172259508,0.16079418344519014,0.0,12.0,120000.0,0.0,0.0,6.0,0.0,3,42,0.0024752475247524753,-4.98,0.1789709172259508,0.16079418344519014,0.0,12.0,120000.0,0.0,0.0,6.0,0.0,1
149.0,10207,0.1789709172259508,0.16079418344519014,0.0,12.0,120000.0,0.0,0.0,2.0,0.0,3,42,0.0024752475247524753,-4.98,0.1789709172259508,0.16079418344519014,0.0,12.0,120000.0,0.0,0.0,2.0,0.0,1
149.0,11562,0.1789709172259508,0.16079418344519014,0.0,12.0,120000.0,0.0,0.0,2.0,0.0,1,52,0.0024752475247524753,-4.98025,0.1789709172259508,0.16079418344519014,0.0,12.0,120000.0,0.0,0.0,2.0,0.0,1
143.0,6148,0.1864801864801865,0.16754079254079254,12.5,12.0,120000.0,20000.0,20.0,3.0,0.0,0,0,0.0024752475247524753,9.749582916666666,0.17895889455122288,0.1607833818233643,0.0,12.0,120000.0,20000.0,19.0,3.0,0.0,0
143.0,7960,0.1864801864801865,0.16754079254079254,12.5,12.0,120000.0,20000.0,8.0,3.0,0.0,0,0,0.0024752475247524753,9.749332916666667,0.17895889455122288,0.1607833818233643,12.5,12.0,120000.0,20000.0,10.0,3.0,0.0,0
146.0,489,0.182648401826484,0.16409817351598172,0.0,8.0,80000.0,20000.0,7.0,4.0,0.0,1,97,0.0024752475247524753,9.77,0.17777777777777778,0.15972222222222224,0.0,8.0,80000.0,20000.0,8.0,4.0,0.0,0
150.0,1395,0.17777777777777778,0.15972222222222224,0.0,8.0,80000.0,0.0,0.0,5.0,0.0,2,12,0.0024752475247524753,-4.98,0.17777777777777778,0.15972222222222224,0.0,8.0,80000.0,0.0,0.0,5.0,0.0,1
150.0,2299,0.17777777777777778,0.15972222222222224,0.0,8.0,80000.0,0.0,0.0,5.0,0.0,2,12,0.0024752475247524753,-4.98,0.17777777777777778,0.15972222222222224,0.0,8.0,80000.0,0.0,0.0,5.0,0.0,1
150.0,3080,0.17777777777777778,0.15972222222222224,0.0,25.0,400000.0,0.0,0.0,5.0,0.0,3,25,0.0024752475247524753,-4.98,0.17777777777777778,0.15972222222222224,0.0,25.0,400000.0,0.0,0.0,5.0,0.0,1
150.0,4531,0.17777777777777778,0.15972222222222224,25.0,25.0,400000.0,20000.0,4.0,3.0,0.0,3,25,0.0024752475247524753,-4.975,0.17777777777777778,0.15972222222222224,25.0,25.0,400000.0,20000.0,4.0,3.0,0.0,1
150.0,5715,0.17777777777777778,0.15972222222222224,12.5,12.0,120000.0,20000.0,4.0,2.0,0.0,3,83,0.0024752475247524753,-4.98,0.17777777777777778,0.15972222222222224,12.5,12.0,120000.0,20000.0,4.0,2.0,0.0,1
150.0,8845,0.17777777777777778,0.15972222222222224,0.0,12.0,120000.0,0.0,0.0,3.0,0.0,3,83,0.0024752475247524753,-4.98,0.17777777777777778,0.15972222222222224,0.0,12.0,120000.0,0.0,0.0,3.0,0.0,1
150.0,9760,0.17777777777777778,0.15972222222222224,0.0,12.0,120000.0,0.0,0.0,3.0,0.0,1,60,0.0024752475247524753,-4.98,0.17777777777777778,0.15972222222222224,0.0,12.0,120000.0,0.0,0.0,3.0,0.0,1
150.0,10650,0.17777777777777778,0.15972222222222224,0.0,12.0,120000.0,0.0,0.0,4.0,0.0,1,60,0.0024752475247524753,-4.98,0.17777777777777778,0.15972222222222224,0.0,12.0,120000.0,0.0,0.0,4.0,0.0,1
150.0,12002,0.17777777777777778,0.15972222222222224,0.0,12.0,120000.0,0.0,0.0,1.0,0.0,3,33,0.0024752475247524753,-4.98,0.17777777777777778,0.15972222222222224,0.0,12.0,120000.0,0.0,0.0,1.0,0.0,1
144.0,5248,0.1851851851851852,0.16637731481481483,12.5,12.0,120000.0,20000.0,6.0,5.0,0.0,0,0,0.0024752475247524753,9.749332916666667,0.17776591486572574,0.1597115641371755,12.5,12.0,120000.0,20000.0,6.0,5.0,0.0,0
144.0,5712,0.1851851851851852,0.16637731481481483,12.5,12.0,120000.0,20000.0,4.0,2.0,0.0,0,0,0.0024752475247524753,9.749582916666666,0.17776591486572574,0.1597115641371755,0.0,12.0,120000.0,20000.0,3.0,2.0,0.0,0
131.0,3803,0.2035623409669211,0.1828880407124682,0.0,25.0,400000.0,20000.0,8.0,0.0,0.0,0,0,0.0024752475247524753,9.59975,0.17660044150110377,0.1586644591611479,12.5,25.0,400000.0,20000.0,10.0,0.0,0.0,0
147.0,26,0.18140589569160998,0.16298185941043083,0.0,8.0,80000.0,20000.0,3.0,2.0,0.0,1,5,0.0024752475247524753,9.77,0.17660044150110377,0.1586644591611479,0.0,8.0,80000.0,20000.0,3.0,2.0,0.0,0
151.0,28,0.17660044150110377,0.1586644591611479,0.0,8.0,80000.0,20000.0,3.0,2.0,0.0,3,33,0.0024752475247524753,-4.98,0.17660044150110377,0.1586644591611479,0.0,8.0,80000.0,20000.0,3.0,2.0,0.0,1
151.0,946,0.17660044150110377,0.1586644591611479,0.0,8.0,80000.0,20000.0,19.0,1.0,0.0,3,10,0.0024752475247524753,-4.98,0.17660044150110377,0.1586644591611479,0.0,8.0,80000.0,20000.0,21.0,1.0,0.0,1
151.0,1825,0.17660044150110377,0.1586644591611479,0.0,8.0,80000.0,0.0,0.0,4.0,0.0,3,10,0.0024752475247524753,-4.98,0.17660044150110377,0.1586644591611479,0.0,8.0,80000.0,0.0,0.0,4.0,0.0,1
151.0,3078,0.17660044150110377,0.1586644591611479,0.0,25.0,400000.0,0.0,0.0,5.0,0.0,3,10,0.0024752475247524753,-4.98,0.17660044150110377,0.1586644591611479,0.0,25.0,400000.0,0.0,0.0,5.0,0.0,1
151.0,6152,0.17660044150110377,0.1586644591611479,0.0,12.0,120000.0,20000.0,19.0,3.0,0.0,3,10,0.0024752475247524753,-4.98,0.17660044150110377,0.1586644591611479,0.0,12.0,120000.0,20000.0,19.0,3.0,0.0,1
151.0,6598,0.17660044150110377,0.1586644591611479,0.0,12.0,120000.0,20000.0,4.0,5.0,0.0,3,84,0.0024752475247524753,-4.98,0.17660044150110377,0.1586644591611479,0.0,12.0,120000.0,20000.0,4.0,5.0,0.0,1
151.0,7964,0.17660044150110377,0.1586644591611479,12.5,12.0,120000.0,20000.0,10.0,3.0,0.0,3,84,0.0024752475247524753,-4.98,0.17660044150110377,0.1586644591611479,12.5,12.0,120000.0,20000.0,10.0,3.0,0.0,1
151.0,8411,0.17660044150110377,0.1586644591611479,12.5,12.0,120000.0,20000.0,19.0,1.0,0.0,1,98,0.0024752475247524753,-4.98,0.17660044150110377,0.1586644591611479,12.5,12.0,120000.0,20000.0,19.0,1.0,0.0,1
151.0,9297,0.17660044150110377,0.1586644591611479,0.0,12.0,120000.0,0.0,0.0,6.0,0.0,1,98,0.0024752475247524753,-4.98,0.17660044150110377,0.1586644591611479,0.0,12.0,120000.0,0.0,0.0,6.0,0.0,1
151.0,10208,0.17660044150110377,0.1586644591611479,0.0,12.0,120000.0,0.0,0.0,2.0,0.0,1,98,0.0024752475247524753,-4.98,0.17660044150110377,0.1586644591611479,0.0,12.0,120000.0,0.0,0.0,2.0,0.0,1
151.0,11563,0.17660044150110377,0.1586644591611479,0.0,12.0,120000.0,0.0,0.0,2.0,0.0,1,98,0.0024752475247524753,-4.98,0.17660044150110377,0.1586644591611479,0.0,12.0,120000.0,0.0,0.0,2.0,0.0,1
152.0,1396,0.17543859649122806,0.1576206140350877,0.0,8.0,80000.0,0.0,0.0,5.0,0.0,3,98,0.0024752475247524753,-4.98,0.17543859649122806,0.1576206140350877,0.0,8.0,80000.0,0.0,0.0,5.0,0.0,1
152.0,2731,0.17543859649122806,0.1576206140350877,12.5,25.0,400000.0,20000.0,5.0,4.0,0.0,1,92,0.0024752475247524753,-4.98,0.17543859649122806,0.1576206140350877,12.5,25.0,400000.0,20000.0,5.0,4.0,0.0,1
152.0,3457,0.17543859649122806,0.1576206140350877,12.5,25.0,400000.0,20000.0,8.0,2.0,0.0,2,15,0.0024752475247524753,-4.98,0.17543859649122806,0.1576206140350877,12.5,25.0,400000.0,20000.0,8.0,2.0,0.0,1
152.0,3810,0.17543859649122806,0.1576206140350877,12.5,25.0,400000.0,20000.0,10.0,0.0,0.0,2,15,0.0024752475247524753,-4.98,0.17543859649122806,0.1576206140350877,12.5,25.0,400000.0,20000.0,10.0,0.0,0.0,1
152.0,4172,0.17543859649122806,0.1576206140350877,0.0,25.0,400000.0,0.0,0.0,1.0,0.0,2,15,0.0024752475247524753,-4.98,0.17543859649122806,0.1576206140350877,0.0,25.0,400000.0,0.0,0.0,1.0,0.0,1
152.0,4887,0.17543859649122806,0.1576206140350877,0.0,25.0,400000.0,0.0,0.0,5.0,0.0,2,15,0.0024752475247524753,-4.98,0.17543859649122806,0.1576206140350877,0.0,25.0,400000.0,0.0,0.0,5.0,0.0,1
152.0,5252,0.17543859649122806,0.1576206140350877,12.5,12.0,120000.0,20000.0,6.0,5.0,0.0,3,13,0.0024752475247524753,-4.98,0.17543859649122806,0.1576206140350877,12.5,12.0,120000.0,20000.0,6.0,5.0,0.0,1
152.0,5716,0.17543859649122806,0.1576206140350877,0.0,12.0,120000.0,20000.0,3.0,2.0,0.0,3,13,0.0024752475247524753,-4.98,0.17543859649122806,0.1576206140350877,0.0,12.0,120000.0,20000.0,3.0,2.0,0.0,1
152.0,7063,0.17543859649122806,0.1576206140350877,25.0,12.0,120000.0,20000.0,7.0,4.0,0.0,2,68,0.0024752475247524753,-4.975,0.17543859649122806,0.1576206140350877,25.0,12.0,120000.0,20000.0,7.0,4.0,0.0,1
152.0,8846,0.17543859649122806,0.1576206140350877,0.0,12.0,120000.0,0.0,0.0,3.0,0.0,2,68,0.0024752475247524753,-4.98,0.17543859649122806,0.1576206140350877,0.0,12.0,120000.0,0.0,0.0,3.0,0.0,1
152.0,9761,0.17543859649122806,0.1576206140350877,0.0,12.0,120000.0,0.0,0.0,3.0,0.0,3,72,0.0024752475247524753,-4.98,0.17543859649122806,0.1576206140350877,0.0,12.0,120000.0,0.0,0.0,3.0,0.0,1
152.0,10651,0.17543859649122806,0.1576206140350877,0.0,12.0,120000.0,0.0,0.0,4.0,0.0,3,72,0.0024752475247524753,-4.98,0.17543859649122806,0.1576206140350877,0.0,12.0,120000.0,0.0,0.0,4.0,0.0,1
152.0,12003,0.17543859649122806,0.1576206140350877,0.0,12.0,120000.0,0.0,0.0,1.0,0.0,3,18,0.0024752475247524753,-4.98,0.17543859649122806,0.1576206140350877,0.0,12.0,120000.0,0.0,0.0,1.0,0.0,1
146.0,7060,0.182648401826484,0.16409817351598172,25.0,12.0,120000.0,20000.0,7.0,4.0,0.0,0,0,0.0024752475247524753,9.749332916666667,0.17542704369710038,0.15761023457161363,12.5,12.0,120000.0,20000.0,6.0,4.0,0.0,0
146.0,7518,0.182648401826484,0.16409817351598172,25.0,12.0,120000.0,20000.0,6.0,5.0,0.0,0,0,0.0024752475247524753,9.749582916666666,0.17542704369710038,0.15761023457161363,0.0,12.0,120000.0,20000.0,4.0,5.0,0.0,0
153.0,29,0.17429193899782133,0.15659041394335513,0.0,8.0,80000.0,20000.0,3.0,2.0,0.0,3,18,0.0024752475247524753,-4.98,0.17429193899782133,0.15659041394335513,0.0,8.0,80000.0,20000.0,3.0,2.0,0.0,1
153.0,1826,0.17429193899782133,0.15659041394335513,0.0,8.0,80000.0,0.0,0.0,4.0,0.0,1,18,0.0024752475247524753,-4.98,0.17429193899782133,0.15659041394335513,0.0,8.0,80000.0,0.0,0.0,4.0,0.0,1
153.0,3081,0.17429193899782133,0.15659041394335513,0.0,25.0,400000.0,0.0,0.0,5.0,0.0,2,9,0.0024752475247524753,-4.98,0.17429193899782133,0.15659041394335513,0.0,25.0,400000.0,0.0,0.0,5.0,0.0,1
153.0,4532,0.17429193899782133,0.15659041394335513,25.0,25.0,400000.0,20000.0,4.0,3.0,0.0,2,9,0.0024752475247524753,-4.975,0.17429193899782133,0.15659041394335513,25.0,25.0,400000.0,20000.0,4.0,3.0,0.0,1
153.0,6599,0.17429193899782133,0.15659041394335513,0.0,12.0,120000.0,20000.0,4.0,5.0,0.0,1,71,0.0024752475247524753,-4.98,0.17429193899782133,0.15659041394335513,0.0,12.0,120000.0,20000.0,5.0,5.0,0.0,1
153.0,7965,0.17429193899782133,0.15659041394335513,12.5,12.0,120000.0,20000.0,10.0,3.0,0.0,1,62,0.0024752475247524753,-4.98,0.17429193899782133,0.15659041394335513,12.5,12.0,120000.0,20000.0,10.0,3.0,0.0,1
153.0,8412,0.17429193899782133,0.15659041394335513,12.5,12.0,120000.0,20000.0,19.0,1.0,0.0,1,62,0.0024752475247524753,-4.98,0.17429193899782133,0.15659041394335513,12.5,12.0,120000.0,20000.0,19.0,1.0,0.0,1
153.0,9298,0.17429193899782133,0.15659041394335513,0.0,12.0,120000.0,0.0,0.0,6.0,0.0,1,17,0.0024752475247524753,-4.98,0.17429193899782133,0.15659041394335513,0.0,12.0,120000.0,0.0,0.0,6.0,0.0,1
153.0,10209,0.17429193899782133,0.15659041394335513,0.0,12.0,120000.0,0.0,0.0,2.0,0.0,1,17,0.0024752475247524753,-4.98,0.17429193899782133,0.15659041394335513,0.0,12.0,120000.0,0.0,0.0,2.0,0.0,1
153.0,11564,0.17429193899782133,0.15659041394335513,0.0,12.0,120000.0,0.0,0.0,2.0,0.0,2,93,0.0024752475247524753,-4.98,0.17429193899782133,0.15659041394335513,0.0,12.0,120000.0,0.0,0.0,2.0,0.0,1
153.0,12445,0.17429193899782133,0.15659041394335513,0.0,12.0,120000.0,0.0,0.0,4.0,0.0,2,93,0.0024752475247524753,-4.98,0.17429193899782133,0.15659041394335513,0.0,12.0,120000.0,0.0,0.0,4.0,0.0,1
154.0,493,0.17316017316017315,0.15557359307359309,25.0,8.0,80000.0,20000.0,9.0,4.0,0.0,3,96,0.0024752475247524753,-4.975,0.17316017316017315,0.15557359307359309,25.0,8.0,80000.0,20000.0,9.0,4.0,0.0,1
154.0,1397,0.17316017316017315,0.15557359307359309,0.0,8.0,80000.0,0.0,0.0,5.0,0.0,3,96,0.0024752475247524753,-4.98,0.17316017316017315,0.15557359307359309,0.0,8.0,80000.0,0.0,0.0,5.0,0.0,1
154.0,3079,0.17316017316017315,0.15557359307359309,0.0,25.0,400000.0,0.0,0.0,5.0,0.0,2,44,0.0024752475247524753,-4.98,0.17316017316017315,0.15557359307359309,0.0,25.0,400000.0,0.0,0.0,5.0,0.0,1
154.0,5253,0.17316017316017315,0.15557359307359309,12.5,12.0,120000.0,20000.0,6.0,5.0,0.0,2,44,0.0024752475247524753,-4.98,0.17316017316017315,0.15557359307359309,12.5,12.0,120000.0,20000.0,6.0,5.0,0.0,1
154.0,7064,0.17316017316017315,0.15557359307359309,12.5,12.0,120000.0,20000.0,6.0,4.0,0.0,2,55,0.0024752475247524753,-4.98,0.17316017316017315,0.15557359307359309,12.5,12.0,120000.0,20000.0,6.0,4.0,0.0,1
154.0,8847,0.17316017316017315,0.15557359307359309,0.0,12.0,120000.0,0.0,0.0,3.0,0.0,2,55,0.0024752475247524753,-4.98,0.17316017316017315,0.15557359307359309,0.0,12.0,120000.0,0.0,0.0,3.0,0.0,1
154.0,9762,0.17316017316017315,0.15557359307359309,0.0,12.0,120000.0,0.0,0.0,3.0,0.0,2,83,0.0024752475247524753,-4.98,0.17316017316017315,0.15557359307359309,0.0,12.0,120000.0,0.0,0.0,3.0,0.0,1
154.0,10652,0.17316017316017315,0.15557359307359309,0.0,12.0,120000.0,0.0,0.0,4.0,0.0,2,83,0.0024752475247524753,-4.98,0.17316017316017315,0.15557359307359309,0.0,12.0,120000.0,0.0,0.0,4.0,0.0,1
154.0,12004,0.17316017316017315,0.15557359307359309,0.0,12.0,120000.0,0.0,0.0,1.0,0.0,2,83,0.0024752475247524753,-4.98,0.17316017316017315,0.15557359307359309,0.0,12.0,120000.0,0.0,0.0,1.0,0.0,1
150.0,491,0.17777777777777778,0.15972222222222224,0.0,8.0,80000.0,20000.0,7.0,4.0,0.0,1,52,0.0024752475247524753,9.769124375,0.17314891848047193,0.155563481447299,12.5,8.0,80000.0,20000.0,8.0,4.0,0.0,0
149.0,8410,0.1789709172259508,0.16079418344519014,0.0,12.0,120000.0,20000.0,18.0,1.0,0.0,0,0,0.0024752475247524753,9.75,0.17204301075268819,0.15456989247311828,0.0,12.0,120000.0,20000.0,20.0,1.0,0.0,0
155.0,30,0.17204301075268819,0.15456989247311828,0.0,8.0,80000.0,20000.0,3.0,2.0,0.0,2,83,0.0024752475247524753,-4.98,0.17204301075268819,0.15456989247311828,0.0,8.0,80000.0,20000.0,3.0,2.0,0.0,1
155.0,948,0.17204301075268819,0.15456989247311828,12.5,8.0,80000.0,20000.0,24.0,1.0,0.0,1,64,0.0024752475247524753,-4.98,0.17204301075268819,0.15456989247311828,12.5,8.0,80000.0,20000.0,24.0,1.0,0.0,1
155.0,1827,0.17204301075268819,0.15456989247311828,0.0,8.0,80000.0,0.0,0.0,4.0,0.0,1,64,0.0024752475247524753,-4.98,0.17204301075268819,0.15456989247311828,0.0,8.0,80000.0,0.0,0.0,4.0,0.0,1
155.0,2732,0.17204301075268819,0.15456989247311828,12.5,25.0,400000.0,20000.0,5.0,4.0,0.0,2,56,0.0024752475247524753,-4.98,0.17204301075268819,0.15456989247311828,12.5,25.0,400000.0,20000.0,5.0,4.0,0.0,1
155.0,3458,0.17204301075268819,0.15456989247311828,12.5,25.0,400000.0,20000.0,8.0,2.0,0.0,2,56,0.0024752475247524753,-4.98,0.17204301075268819,0.15456989247311828,12.5,25.0,400000.0,20000.0,8.0,2.0,0.0,1
155.0,3811,0.17204301075268819,0.15456989247311828,12.5,25.0,400000.0,20000.0,10.0,0.0,0.0,3,10,0.0024752475247524753,-4.98,0.17204301075268819,0.15456989247311828,12.5,25.0,400000.0,20000.0,10.0,0.0,0.0,1
155.0,4173,0.17204301075268819,0.15456989247311828,0.0,25.0,400000.0,0.0,0.0,1.0,0.0,3,10,0.0024752475247524753,-4.98,0.17204301075268819,0.15456989247311828,0.0,25.0,400000.0,0.0,0.0,1.0,0.0,1
155.0,4888,0.17204301075268819,0.15456989247311828,0.0,25.0,400000.0,0.0,0.0,5.0,0.0,3,10,0.0024752475247524753,-4.98,0.17204301075268819,0.15456989247311828,0.0,25.0,400000.0,0.0,0.0,5.0,0.0,1
155.0,6154,0.17204301075268819,0.15456989247311828,12.5,12.0,120000.0,20000.0,20.0,3.0,0.0,3,10,0.0024752475247524753,-4.98,0.17204301075268819,0.15456989247311828,12.5,12.0,120000.0,20000.0,20.0,3.0,0.0,1
155.0,6600,0.17204301075268819,0.15456989247311828,0.0,12.0,120000.0,20000.0,5.0,5.0,0.0,3,26,0.0024752475247524753,-4.98,0.17204301075268819,0.15456989247311828,0.0,12.0,120000.0,20000.0,5.0,5.0,0.0,1
155.0,7966,0.17204301075268819,0.15456989247311828,12.5,12.0,120000.0,20000.0,10.0,3.0,0.0,3,26,0.0024752475247524753,-4.98,0.17204301075268819,0.15456989247311828,12.5,12.0,120000.0,20000.0,10.0,3.0,0.0,1
155.0,9299,0.17204301075268819,0.15456989247311828,0.0,12.0,120000.0,0.0,0.0,6.0,0.0,1,71,0.0024752475247524753,-4.98,0.17204301075268819,0.15456989247311828,0.0,12.0,120000.0,0.0,0.0,6.0,0.0,1
155.0,10210,0.17204301075268819,0.15456989247311828,0.0,12.0,120000.0,0.0,0.0,2.0,0.0,2,65,0.0024752475247524753,-4.98,0.17204301075268819,0.15456989247311828,0.0,12.0,120000.0,0.0,0.0,2.0,0.0,1
155.0,11095,0.17204301075268819,0.15456989247311828,0.0,12.0,120000.0,0.0,0.0,4.0,0.0,2,65,0.0024752475247524753,-4.98,0.17204301075268819,0.15456989247311828,0.0,12.0,120000.0,0.0,0.0,4.0,0.0,1
155.0,11565,0.17204301075268819,0.15456989247311828,0.0,12.0,120000.0,0.0,0.0,2.0,0.0,2,35,0.0024752475247524753,-4.98,0.17204301075268819,0.15456989247311828,0.0,12.0,120000.0,0.0,0.0,2.0,0.0,1
155.0,12446,0.17204301075268819,0.15456989247311828,0.0,12.0,120000.0,0.0,0.0,4.0,0.0,2,35,0.0024752475247524753,-4.98,0.17204301075268819,0.15456989247311828,0.0,12.0,120000.0,0.0,0.0,4.0,0.0,1
135.0,4526,0.19753086419753088,0.17746913580246915,25.0,25.0,400000.0,20000.0,4.0,3.0,0.0,0,0,0.0024752475247524753,9.5995498,0.1720319008215448,0.15455991089435667,12.5,25.0,400000.0,20000.0,3.0,3.0,0.0,0
149.0,7963,0.1789709172259508,0.16079418344519014,12.5,12.0,120000.0,20000.0,10.0,3.0,0.0,0,0,0.0024752475247524753,9.749582916666666,0.1720319008215448,0.15455991089435667,0.0,12.0,120000.0,20000.0,9.0,3.0,0.0,0
156.0,494,0.17094017094017094,0.15357905982905984,12.5,8.0,80000.0,20000.0,8.0,4.0,0.0,2,8,0.0024752475247524753,-4.98,0.17094017094017094,0.15357905982905984,12.5,8.0,80000.0,20000.0,8.0,4.0,0.0,1
156.0,1398,0.17094017094017094,0.15357905982905984,0.0,8.0,80000.0,0.0,0.0,5.0,0.0,2,8,0.0024752475247524753,-4.98,0.17094017094017094,0.15357905982905984,0.0,8.0,80000.0,0.0,0.0,5.0,0.0,1
156.0,3082,0.17094017094017094,0.15357905982905984,0.0,25.0,400000.0,0.0,0.0,5.0,0.0,1,46,0.0024752475247524753,-4.98,0.17094017094017094,0.15357905982905984,0.0,25.0,400000.0,0.0,0.0,5.0,0.0,1
156.0,5254,0.17094017094017094,0.15357905982905984,12.5,12.0,120000.0,20000.0,6.0,5.0,0.0,3,46,0.0024752475247524753,-4.98,0.17094017094017094,0.15357905982905984,12.5,12.0,120000.0,20000.0,6.0,5.0,0.0,1
156.0,5718,0.17094017094017094,0.15357905982905984,12.5,12.0,120000.0,20000.0,4.0,2.0,0.0,2,9,0.0024752475247524753,-4.98,0.17094017094017094,0.15357905982905984,12.5,12.0,120000.0,20000.0,4.0,2.0,0.0,1
156.0,7065,0.17094017094017094,0.15357905982905984,12.5,12.0,120000.0,20000.0,6.0,4.0,0.0,2,16,0.0024752475247524753,-4.98,0.17094017094017094,0.15357905982905984,12.5,12.0,120000.0,20000.0,6.0,4.0,0.0,1
156.0,8848,0.17094017094017094,0.15357905982905984,0.0,12.0,120000.0,0.0,0.0,3.0,0.0,2,16,0.0024752475247524753,-4.98,0.17094017094017094,0.15357905982905984,0.0,12.0,120000.0,0.0,0.0,3.0,0.0,1
156.0,9763,0.17094017094017094,0.15357905982905984,0.0,12.0,120000.0,0.0,0.0,3.0,0.0,3,2,0.0024752475247524753,-4.98,0.17094017094017094,0.15357905982905984,0.0,12.0,120000.0,0.0,0.0,3.0,0.0,1
156.0,10653,0.17094017094017094,0.15357905982905984,0.0,12.0,120000.0,0.0,0.0,4.0,0.0,3,2,0.0024752475247524753,-4.98,0.17094017094017094,0.15357905982905984,0.0,12.0,120000.0,0.0,0.0,4.0,0.0,1
156.0,12005,0.17094017094017094,0.15357905982905984,0.0,12.0,120000.0,0.0,0.0,1.0,0.0,3,2,0.0024752475247524753,-4.98,0.17094017094017094,0.15357905982905984,0.0,12.0,120000.0,0.0,0.0,1.0,0.0,1
152.0,492,0.17543859649122806,0.1576206140350877,12.5,8.0,80000.0,20000.0,8.0,4.0,0.0,0,0,0.0024752475247524753,9.749374375,0.17092920298297953,0.15356920580502068,0.0,8.0,80000.0,20000.0,7.0,4.0,0.0,0
150.0,5251,0.17777777777777778,0.15972222222222224,12.5,12.0,120000.0,20000.0,6.0,5.0,0.0,0,0,0.0024752475247524753,9.749582916666666,0.17092920298297953,0.15356920580502068,0.0,12.0,120000.0,20000.0,5.0,5.0,0.0,0
150.0,7062,0.17777777777777778,0.15972222222222224,12.5,12.0,120000.0,20000.0,6.0,4.0,0.0,0,0,0.0024752475247524753,9.749582916666666,0.17092920298297953,0.15356920580502068,0.0,12.0,120000.0,20000.0,5.0,4.0,0.0,0
153.0,947,0.17429193899782133,0.15659041394335513,0.0,8.0,80000.0,20000.0,21.0,1.0,0.0,0,0,0.0024752475247524753,9.75,0.16985138004246286,0.15260084925690023,0.0,8.0,80000.0,20000.0,23.0,1.0,0.0,0
157.0,31,0.16985138004246286,0.15260084925690023,0.0,8.0,80000.0,20000.0,3.0,2.0,0.0,3,2,0.0024752475247524753,-4.98,0.16985138004246286,0.15260084925690023,0.0,8.0,80000.0,20000.0,3.0,2.0,0.0,1
157.0,949,0.16985138004246286,0.15260084925690023,0.0,8.0,80000.0,20000.0,23.0,1.0,0.0,2,46,0.0024752475247524753,-4.98,0.16985138004246286,0.15260084925690023,0.0,8.0,80000.0,20000.0,23.0,1.0,0.0,1
157.0,1828,0.16985138004246286,0.15260084925690023,0.0,8.0,80000.0,0.0,0.0,4.0,0.0,2,46,0.0024752475247524753,-4.98,0.16985138004246286,0.15260084925690023,0.0,8.0,80000.0,0.0,0.0,4.0,0.0,1
157.0,6155,0.16985138004246286,0.15260084925690023,12.5,12.0,120000.0,20000.0,20.0,3.0,0.0,3,72,0.0024752475247524753,-4.98,0.16985138004246286,0.15260084925690023,12.5,12.0,120000.0,20000.0,20.0,3.0,0.0,1
157.0,6601,0.16985138004246286,0.15260084925690023,0.0,12.0,120000.0,20000.0,5.0,5.0,0.0,3,72,0.0024752475247524753,-4.98,0.16985138004246286,0.15260084925690023,0.0,12.0,120000.0,20000.0,5.0,5.0,0.0,1
157.0,7967,0.16985138004246286,0.15260084925690023,0.0,12.0,120000.0,20000.0,9.0,3.0,0.0,2,21,0.0024752475247524753,-4.98,0.16985138004246286,0.15260084925690023,0.0,12.0,120000.0,20000.0,9.0,3.0,0.0,1
157.0,8414,0.16985138004246286,0.15260084925690023,12.5,12.0,120000.0,20000.0,20.0,1.0,0.0,2,21,0.0024752475247524753,-4.98,0.16985138004246286,0.15260084925690023,12.5,12.0,120000.0,20000.0,20.0,1.0,0.0,1
157.0,9300,0.16985138004246286,0.15260084925690023,0.0,12.0,120000.0,0.0,0.0,6.0,0.0,3,8,0.0024752475247524753,-4.98,0.16985138004246286,0.15260084925690023,0.0,12.0,120000.0,0.0,0.0,6.0,0.0,1
157.0,10211,0.16985138004246286,0.15260084925690023,0.0,12.0,120000.0,0.0,0.0,2.0,0.0,2,79,0.0024752475247524753,-4.98,0.16985138004246286,0.15260084925690023,0.0,12.0,120000.0,0.0,0.0,2.0,0.0,1
157.0,11096,0.16985138004246286,0.15260084925690023,0.0,12.0,120000.0,0.0,0.0,4.0,0.0,2,79,0.0024752475247524753,-4.98,0.16985138004246286,0.15260084925690023,0.0,12.0,120000.0,0.0,0.0,4.0,0.0,1
157.0,11566,0.16985138004246286,0.15260084925690023,0.0,12.0,120000.0,0.0,0.0,2.0,0.0,2,79,0.0024752475247524753,-4.98,0.16985138004246286,0.15260084925690023,0.0,12.0,120000.0,0.0,0.0,2.0,0.0,1
157.0,12447,0.16985138004246286,0.15260084925690023,0.0,12.0,120000.0,0.0,0.0,4.0,0.0,2,79,0.0024752475247524753,-4.98,0.16985138004246286,0.15260084925690023,0.0,12.0,120000.0,0.0,0.0,4.0,0.0,1
137.0,2716,0.19464720194647203,0.17487834549878345,12.5,25.0,400000.0,20000.0,5.0,4.0,0.0,0,0,0.0024752475247524753,9.5997998,0.16984055135508025,0.15259112035807992,0.0,25.0,400000.0,20000.0,4.0,4.0,0.0,0
158.0,495,0.16877637130801687,0.1516350210970464,0.0,8.0,80000.0,20000.0,7.0,4.0,0.0,2,79,0.0024752475247524753,-4.98,0.16877637130801687,0.1516350210970464,0.0,8.0,80000.0,20000.0,7.0,4.0,0.0,1
158.0,1399,0.16877637130801687,0.1516350210970464,0.0,8.0,80000.0,0.0,0.0,5.0,0.0,2,79,0.0024752475247524753,-4.98,0.16877637130801687,0.1516350210970464,0.0,8.0,80000.0,0.0,0.0,5.0,0.0,1
158.0,2733,0.16877637130801687,0.1516350210970464,0.0,25.0,400000.0,20000.0,4.0,4.0,0.0,2,79,0.0024752475247524753,-4.98,0.16877637130801687,0.1516350210970464,0.0,25.0,400000.0,20000.0,4.0,4.0,0.0,1
158.0,3459,0.16877637130801687,0.1516350210970464,12.5,25.0,400000.0,20000.0,8.0,2.0,0.0,1,11,0.0024752475247524753,-4.98,0.16877637130801687,0.1516350210970464,12.5,25.0,400000.0,20000.0,8.0,2.0,0.0,1
158.0,3812,0.16877637130801687,0.1516350210970464,12.5,25.0,400000.0,20000.0,10.0,0.0,0.0,2,11,0.0024752475247524753,-4.98,0.16877637130801687,0.1516350210970464,12.5,25.0,400000.0,20000.0,11.0,0.0,0.0,1
158.0,4174,0.16877637130801687,0.1516350210970464,0.0,25.0,400000.0,0.0,0.0,1.0,0.0,1,100,0.0024752475247524753,-4.98025,0.16877637130801687,0.1516350210970464,0.0,25.0,400000.0,0.0,0.0,1.0,0.0,1
158.0,4889,0.16877637130801687,0.1516350210970464,0.0,25.0,400000.0,0.0,0.0,5.0,0.0,1,100,0.0024752475247524753,-4.98,0.16877637130801687,0.1516350210970464,0.0,25.0,400000.0,0.0,0.0,5.0,0.0,1
158.0,8849,0.16877637130801687,0.1516350210970464,0.0,12.0,120000.0,0.0,0.0,3.0,0.0,2,100,0.0024752475247524753,-4.98,0.16877637130801687,0.1516350210970464,0.0,12.0,120000.0,0.0,0.0,3.0,0.0,1
158.0,9764,0.16877637130801687,0.1516350210970464,0.0,12.0,120000.0,0.0,0.0,3.0,0.0,2,100,0.0024752475247524753,-4.98,0.16877637130801687,0.1516350210970464,0.0,12.0,120000.0,0.0,0.0,3.0,0.0,1
158.0,10654,0.16877637130801687,0.1516350210970464,0.0,12.0,120000.0,0.0,0.0,4.0,0.0,2,100,0.0024752475247524753,-4.98,0.16877637130801687,0.1516350210970464,0.0,12.0,120000.0,0.0,0.0,4.0,0.0,1
158.0,12006,0.16877637130801687,0.1516350210970464,0.0,12.0,120000.0,0.0,0.0,1.0,0.0,3,17,0.0024752475247524753,-4.98,0.16877637130801687,0.1516350210970464,0.0,12.0,120000.0,0.0,0.0,1.0,0.0,1
153.0,6153,0.17429193899782133,0.15659041394335513,0.0,12.0,120000.0,20000.0,19.0,3.0,0.0,1,71,0.0024752475247524753,9.77,0.16771488469601675,0.15068134171907757,0.0,12.0,120000.0,20000.0,19.0,3.0,0.0,0
159.0,32,0.16771488469601675,0.15068134171907757,0.0,8.0,80000.0,20000.0,3.0,2.0,0.0,3,17,0.0024752475247524753,-4.98,0.16771488469601675,0.15068134171907757,0.0,8.0,80000.0,20000.0,3.0,2.0,0.0,1
159.0,1829,0.16771488469601675,0.15068134171907757,0.0,8.0,80000.0,0.0,0.0,4.0,0.0,3,18,0.0024752475247524753,-4.98,0.16771488469601675,0.15068134171907757,0.0,8.0,80000.0,0.0,0.0,4.0,0.0,1
159.0,3083,0.16771488469601675,0.15068134171907757,0.0,25.0,400000.0,0.0,0.0,5.0,0.0,3,18,0.0024752475247524753,-4.98,0.16771488469601675,0.15068134171907757,0.0,25.0,400000.0,0.0,0.0,5.0,0.0,1
159.0,4534,0.16771488469601675,0.15068134171907757,25.0,25.0,400000.0,20000.0,4.0,3.0,0.0,1,21,0.0024752475247524753,-4.975,0.16771488469601675,0.15068134171907757,25.0,25.0,400000.0,20000.0,4.0,3.0,0.0,1
159.0,6156,0.16771488469601675,0.15068134171907757,0.0,12.0,120000.0,20000.0,19.0,3.0,0.0,1,21,0.0024752475247524753,-4.98,0.16771488469601675,0.15068134171907757,0.0,12.0,120000.0,20000.0,19.0,3.0,0.0,1
159.0,6602,0.16771488469601675,0.15068134171907757,0.0,12.0,120000.0,20000.0,5.0,5.0,0.0,2,5,0.0024752475247524753,-4.98,0.16771488469601675,0.15068134171907757,0.0,12.0,120000.0,20000.0,5.0,5.0,0.0,1
159.0,7968,0.16771488469601675,0.15068134171907757,0.0,12.0,120000.0,20000.0,9.0,3.0,0.0,2,5,0.0024752475247524753,-4.98,0.16771488469601675,0.15068134171907757,0.0,12.0,120000.0,20000.0,9.0,3.0,0.0,1
159.0,8415,0.16771488469601675,0.15068134171907757,12.5,12.0,120000.0,20000.0,20.0,1.0,0.0,3,81,0.0024752475247524753,-4.98,0.16771488469601675,0.15068134171907757,12.5,12.0,120000.0,20000.0,20.0,1.0,0.0,1
159.0,9301,0.16771488469601675,0.15068134171907757,0.0,12.0,120000.0,0.0,0.0,6.0,0.0,3,81,0.0024752475247524753,-4.98,0.16771488469601675,0.15068134171907757,0.0,12.0,120000.0,0.0,0.0,6.0,0.0,1
159.0,10212,0.16771488469601675,0.15068134171907757,0.0,12.0,120000.0,0.0,0.0,2.0,0.0,1,100,0.0024752475247524753,-4.98,0.16771488469601675,0.15068134171907757,0.0,12.0,120000.0,0.0,0.0,2.0,0.0,1
159.0,11097,0.16771488469601675,0.15068134171907757,0.0,12.0,120000.0,0.0,0.0,4.0,0.0,1,100,0.0024752475247524753,-4.98,0.16771488469601675,0.15068134171907757,0.0,12.0,120000.0,0.0,0.0,4.0,0.0,1
159.0,11567,0.16771488469601675,0.15068134171907757,0.0,12.0,120000.0,0.0,0.0,2.0,0.0,1,54,0.0024752475247524753,-4.98025,0.16771488469601675,0.15068134171907757,0.0,12.0,120000.0,0.0,0.0,2.0,0.0,1
159.0,12448,0.16771488469601675,0.15068134171907757,0.0,12.0,120000.0,0.0,0.0,4.0,0.0,1,54,0.0024752475247524753,-4.98,0.16771488469601675,0.15068134171907757,0.0,12.0,120000.0,0.0,0.0,4.0,0.0,1
154.0,5717,0.17316017316017315,0.15557359307359309,0.0,12.0,120000.0,20000.0,3.0,2.0,0.0,0,0,0.0024752475247524753,9.74975,0.16666666666666669,0.14973958333333334,12.5,12.0,120000.0,20000.0,4.0,2.0,0.0,0
140.0,3453,0.19047619047619047,0.17113095238095238,0.0,25.0,400000.0,20000.0,5.0,2.0,0.0,1,52,0.0024752475247524753,9.62,0.16666666666666669,0.14973958333333334,0.0,25.0,400000.0,20000.0,8.0,2.0,0.0,0
160.0,7067,0.16666666666666669,0.14973958333333334,12.5,12.0,120000.0,20000.0,6.0,4.0,0.0,3,60,0.0024752475247524753,-4.98,0.16666666666666669,0.14973958333333334,12.5,12.0,120000.0,20000.0,6.0,4.0,0.0,1
160.0,8850,0.16666666666666669,0.14973958333333334,0.0,12.0,120000.0,0.0,0.0,3.0,0.0,3,60,0.0024752475247524753,-4.98,0.16666666666666669,0.14973958333333334,0.0,12.0,120000.0,0.0,0.0,3.0,0.0,1
160.0,9765,0.16666666666666669,0.14973958333333334,0.0,12.0,120000.0,0.0,0.0,3.0,0.0,2,99,0.0024752475247524753,-4.98,0.16666666666666669,0.14973958333333334,0.0,12.0,120000.0,0.0,0.0,3.0,0.0,1
160.0,10655,0.16666666666666669,0.14973958333333334,0.0,12.0,120000.0,0.0,0.0,4.0,0.0,2,99,0.0024752475247524753,-4.98,0.16666666666666669,0.14973958333333334,0.0,12.0,120000.0,0.0,0.0,4.0,0.0,1
160.0,12007,0.16666666666666669,0.14973958333333334,0.0,12.0,120000.0,0.0,0.0,1.0,0.0,2,4,0.0024752475247524753,-4.98,0.16666666666666669,0.14973958333333334,0.0,12.0,120000.0,0.0,0.0,1.0,0.0,1
140.0,3806,0.19047619047619047,0.17113095238095238,12.5,25.0,400000.0,20000.0,10.0,0.0,0.0,0,0,0.0024752475247524753,9.5997998,0.16665624023563694,0.14973021583670507,0.0,25.0,400000.0,20000.0,10.0,0.0,0.0,0
161.0,33,0.16563146997929606,0.1488095238095238,0.0,8.0,80000.0,20000.0,3.0,2.0,0.0,2,4,0.0024752475247524753,-4.98,0.16563146997929606,0.1488095238095238,0.0,8.0,80000.0,20000.0,3.0,2.0,0.0,1
161.0,1830,0.16563146997929606,0.1488095238095238,0.0,8.0,80000.0,0.0,0.0,4.0,0.0,1,80,0.0024752475247524753,-4.98,0.16563146997929606,0.1488095238095238,0.0,8.0,80000.0,0.0,0.0,4.0,0.0,1
161.0,2734,0.16563146997929606,0.1488095238095238,0.0,25.0,400000.0,20000.0,5.0,4.0,0.0,1,80,0.0024752475247524753,-4.98,0.16563146997929606,0.1488095238095238,0.0,25.0,400000.0,20000.0,5.0,4.0,0.0,1
161.0,4175,0.16563146997929606,0.1488095238095238,0.0,25.0,400000.0,0.0,0.0,1.0,0.0,2,80,0.0024752475247524753,-4.98,0.16563146997929606,0.1488095238095238,0.0,25.0,400000.0,0.0,0.0,1.0,0.0,1
161.0,4890,0.16563146997929606,0.1488095238095238,0.0,25.0,400000.0,0.0,0.0,5.0,0.0,1,20,0.0024752475247524753,-4.98,0.16563146997929606,0.1488095238095238,0.0,25.0,400000.0,0.0,0.0,5.0,0.0,1
161.0,8416,0.16563146997929606,0.1488095238095238,12.5,12.0,120000.0,20000.0,20.0,1.0,0.0,3,72,0.0024752475247524753,-4.98,0.16563146997929606,0.1488095238095238,12.5,12.0,120000.0,20000.0,20.0,1.0,0.0,1
161.0,9302,0.16563146997929606,0.1488095238095238,0.0,12.0,120000.0,0.0,0.0,6.0,0.0,3,72,0.0024752475247524753,-4.98,0.16563146997929606,0.1488095238095238,0.0,12.0,120000.0,0.0,0.0,6.0,0.0,1
161.0,10213,0.16563146997929606,0.1488095238095238,0.0,12.0,120000.0,0.0,0.0,2.0,0.0,1,54,0.0024752475247524753,-4.98,0.16563146997929606,0.1488095238095238,0.0,12.0,120000.0,0.0,0.0,2.0,0.0,1
161.0,11098,0.16563146997929606,0.1488095238095238,0.0,12.0,120000.0,0.0,0.0,4.0,0.0,1,54,0.0024752475247524753,-4.98,0.16563146997929606,0.1488095238095238,0.0,12.0,120000.0,0.0,0.0,4.0,0.0,1
161.0,11568,0.16563146997929606,0.1488095238095238,0.0,12.0,120000.0,0.0,0.0,2.0,0.0,1,15,0.0024752475247524753,-4.98,0.16563146997929606,0.1488095238095238,0.0,12.0,120000.0,0.0,0.0,2.0,0.0,1
161.0,12449,0.16563146997929606,0.1488095238095238,0.0,12.0,120000.0,0.0,0.0,4.0,0.0,1,15,0.0024752475247524753,-4.98,0.16563146997929606,0.1488095238095238,0.0,12.0,120000.0,0.0,0.0,4.0,0.0,1
141.0,4528,0.18912529550827423,0.16991725768321514,12.5,25.0,400000.0,20000.0,3.0,3.0,0.0,0,0,0.0024752475247524753,9.5995498,0.16562117266290877,0.1488002723143321,12.5,25.0,400000.0,20000.0,3.0,3.0,0.0,0
155.0,8413,0.17204301075268819,0.15456989247311828,0.0,12.0,120000.0,20000.0,19.0,1.0,0.0,1,71,0.0024752475247524753,9.769582916666666,0.16562117266290877,0.1488002723143321,0.0,12.0,120000.0,20000.0,19.0,1.0,0.0,0
162.0,3084,0.1646090534979424,0.1478909465020576,0.0,25.0,400000.0,0.0,0.0,5.0,0.0,1,81,0.0024752475247524753,-4.98,0.1646090534979424,0.1478909465020576,0.0,25.0,400000.0,0.0,0.0,5.0,0.0,1
162.0,5257,0.1646090534979424,0.1478909465020576,25.0,12.0,120000.0,20000.0,7.0,5.0,0.0,2,34,0.0024752475247524753,-4.975,0.1646090534979424,0.1478909465020576,25.0,12.0,120000.0,20000.0,7.0,5.0,0.0,1
162.0,7068,0.1646090534979424,0.1478909465020576,12.5,12.0,120000.0,20000.0,6.0,4.0,0.0,2,34,0.0024752475247524753,-4.98,0.1646090534979424,0.1478909465020576,12.5,12.0,120000.0,20000.0,6.0,4.0,0.0,1
162.0,8851,0.1646090534979424,0.1478909465020576,0.0,12.0,120000.0,0.0,0.0,3.0,0.0,1,20,0.0024752475247524753,-4.98,0.1646090534979424,0.1478909465020576,0.0,12.0,120000.0,0.0,0.0,3.0,0.0,1
162.0,9766,0.1646090534979424,0.1478909465020576,0.0,12.0,120000.0,0.0,0.0,3.0,0.0,1,20,0.0024752475247524753,-4.98,0.1646090534979424,0.1478909465020576,0.0,12.0,120000.0,0.0,0.0,3.0,0.0,1
162.0,10656,0.1646090534979424,0.1478909465020576,0.0,12.0,120000.0,0.0,0.0,4.0,0.0,3,62,0.0024752475247524753,-4.98,0.1646090534979424,0.1478909465020576,0.0,12.0,120000.0,0.0,0.0,4.0,0.0,1
162.0,12008,0.1646090534979424,0.1478909465020576,0.0,12.0,120000.0,0.0,0.0,1.0,0.0,3,62,0.0024752475247524753,-4.98,0.1646090534979424,0.1478909465020576,0.0,12.0,120000.0,0.0,0.0,1.0,0.0,1
163.0,1831,0.16359918200409,0.1469836400817996,0.0,8.0,80000.0,0.0,0.0,4.0,0.0,1,18,0.0024752475247524753,-4.98,0.16359918200409,0.1469836400817996,0.0,8.0,80000.0,0.0,0.0,4.0,0.0,1
163.0,6158,0.16359918200409,0.1469836400817996,12.5,12.0,120000.0,20000.0,20.0,3.0,0.0,3,44,0.0024752475247524753,-4.98,0.16359918200409,0.1469836400817996,12.5,12.0,120000.0,20000.0,20.0,3.0,0.0,1
163.0,6604,0.16359918200409,0.1469836400817996,12.5,12.0,120000.0,20000.0,6.0,5.0,0.0,2,98,0.0024752475247524753,-4.98,0.16359918200409,0.1469836400817996,12.5,12.0,120000.0,20000.0,6.0,5.0,0.0,1
163.0,9303,0.16359918200409,0.1469836400817996,0.0,12.0,120000.0,0.0,0.0,6.0,0.0,1,82,0.0024752475247524753,-4.98,0.16359918200409,0.1469836400817996,0.0,12.0,120000.0,0.0,0.0,6.0,0.0,1
163.0,10214,0.16359918200409,0.1469836400817996,0.0,12.0,120000.0,0.0,0.0,2.0,0.0,1,82,0.0024752475247524753,-4.98,0.16359918200409,0.1469836400817996,0.0,12.0,120000.0,0.0,0.0,2.0,0.0,1
163.0,11099,0.16359918200409,0.1469836400817996,0.0,12.0,120000.0,0.0,0.0,4.0,0.0,1,82,0.0024752475247524753,-4.98,0.16359918200409,0.1469836400817996,0.0,12.0,120000.0,0.0,0.0,4.0,0.0,1
163.0,11569,0.16359918200409,0.1469836400817996,0.0,12.0,120000.0,0.0,0.0,2.0,0.0,3,53,0.0024752475247524753,-4.98,0.16359918200409,0.1469836400817996,0.0,12.0,120000.0,0.0,0.0,2.0,0.0,1
163.0,12450,0.16359918200409,0.1469836400817996,0.0,12.0,120000.0,0.0,0.0,4.0,0.0,3,53,0.0024752475247524753,-4.98,0.16359918200409,0.1469836400817996,0.0,12.0,120000.0,0.0,0.0,4.0,0.0,1
160.0,496,0.16666666666666669,0.14973958333333334,0.0,8.0,80000.0,20000.0,9.0,4.0,0.0,0,0,0.0024752475247524753,9.74975,0.16260162601626016,0.14608739837398374,12.5,8.0,80000.0,20000.0,10.0,4.0,0.0,0
158.0,5255,0.16877637130801687,0.1516350210970464,0.0,12.0,120000.0,20000.0,5.0,5.0,0.0,0,0,0.0024752475247524753,9.74975,0.16260162601626016,0.14608739837398374,12.5,12.0,120000.0,20000.0,7.0,5.0,0.0,0
158.0,7066,0.16877637130801687,0.1516350210970464,0.0,12.0,120000.0,20000.0,5.0,4.0,0.0,0,0,0.0024752475247524753,9.75,0.16260162601626016,0.14608739837398374,0.0,12.0,120000.0,20000.0,6.0,4.0,0.0,0
164.0,498,0.16260162601626016,0.14608739837398374,12.5,8.0,80000.0,20000.0,10.0,4.0,0.0,2,82,0.0024752475247524753,-4.98,0.16260162601626016,0.14608739837398374,12.5,8.0,80000.0,20000.0,10.0,4.0,0.0,1
164.0,951,0.16260162601626016,0.14608739837398374,12.5,8.0,80000.0,20000.0,26.0,1.0,0.0,2,82,0.0024752475247524753,-4.98,0.16260162601626016,0.14608739837398374,12.5,8.0,80000.0,20000.0,26.0,1.0,0.0,1
164.0,2735,0.16260162601626016,0.14608739837398374,0.0,25.0,400000.0,20000.0,5.0,4.0,0.0,2,13,0.0024752475247524753,-4.98,0.16260162601626016,0.14608739837398374,0.0,25.0,400000.0,20000.0,5.0,4.0,0.0,1
164.0,3814,0.16260162601626016,0.14608739837398374,12.5,25.0,400000.0,20000.0,11.0,0.0,0.0,2,13,0.0024752475247524753,-4.98,0.16260162601626016,0.14608739837398374,12.5,25.0,400000.0,20000.0,11.0,0.0,0.0,1
164.0,4176,0.16260162601626016,0.14608739837398374,0.0,25.0,400000.0,0.0,0.0,1.0,0.0,3,43,0.0024752475247524753,-4.98,0.16260162601626016,0.14608739837398374,0.0,25.0,400000.0,0.0,0.0,1.0,0.0,1
164.0,4891,0.16260162601626016,0.14608739837398374,0.0,25.0,400000.0,0.0,0.0,5.0,0.0,3,43,0.0024752475247524753,-4.98,0.16260162601626016,0.14608739837398374,0.0,25.0,400000.0,0.0,0.0,5.0,0.0,1
164.0,8852,0.16260162601626016,0.14608739837398374,0.0,12.0,120000.0,0.0,0.0,3.0,0.0,3,90,0.0024752475247524753,-4.98,0.16260162601626016,0.14608739837398374,0.0,12.0,120000.0,0.0,0.0,3.0,0.0,1
164.0,9767,0.16260162601626016,0.14608739837398374,0.0,12.0,120000.0,0.0,0.0,3.0,0.0,3,90,0.0024752475247524753,-4.98,0.16260162601626016,0.14608739837398374,0.0,12.0,120000.0,0.0,0.0,3.0,0.0,1
164.0,9770,0.16260162601626016,0.14608739837398374,0.0,12.0,120000.0,0.0,0.0,3.0,0.0,3,90,0.0024752475247524753,-4.98,0.16260162601626016,0.14608739837398374,0.0,12.0,120000.0,0.0,0.0,3.0,0.0,1
164.0,10657,0.16260162601626016,0.14608739837398374,0.0,12.0,120000.0,0.0,0.0,4.0,0.0,3,51,0.0024752475247524753,-4.98,0.16260162601626016,0.14608739837398374,0.0,12.0,120000.0,0.0,0.0,4.0,0.0,1
164.0,12009,0.16260162601626016,0.14608739837398374,0.0,12.0,120000.0,0.0,0.0,1.0,0.0,1,56,0.0024752475247524753,-4.98025,0.16260162601626016,0.14608739837398374,0.0,12.0,120000.0,0.0,0.0,1.0,0.0,1
158.0,5719,0.16877637130801687,0.1516350210970464,12.5,12.0,120000.0,20000.0,4.0,2.0,0.0,0,0,0.0024752475247524753,9.749582916666666,0.16259170197396286,0.14607848224223224,0.0,12.0,120000.0,20000.0,3.0,2.0,0.0,0
165.0,35,0.1616161616161616,0.1452020202020202,12.5,8.0,80000.0,20000.0,4.0,2.0,0.0,3,34,0.0024752475247524753,-4.98,0.1616161616161616,0.1452020202020202,12.5,8.0,80000.0,20000.0,4.0,2.0,0.0,1
165.0,1832,0.1616161616161616,0.1452020202020202,0.0,8.0,80000.0,0.0,0.0,4.0,0.0,3,34,0.0024752475247524753,-4.98,0.1616161616161616,0.1452020202020202,0.0,8.0,80000.0,0.0,0.0,4.0,0.0,1
165.0,3085,0.1616161616161616,0.1452020202020202,0.0,25.0,400000.0,0.0,0.0,5.0,0.0,1,79,0.0024752475247524753,-4.98,0.1616161616161616,0.1452020202020202,0.0,25.0,400000.0,0.0,0.0,5.0,0.0,1
165.0,4536,0.1616161616161616,0.1452020202020202,25.0,25.0,400000.0,20000.0,4.0,3.0,0.0,1,79,0.0024752475247524753,-4.975,0.1616161616161616,0.1452020202020202,25.0,25.0,400000.0,20000.0,4.0,3.0,0.0,1
165.0,6159,0.1616161616161616,0.1452020202020202,12.5,12.0,120000.0,20000.0,20.0,3.0,0.0,3,58,0.0024752475247524753,-4.98,0.1616161616161616,0.1452020202020202,12.5,12.0,120000.0,20000.0,20.0,3.0,0.0,1
165.0,6605,0.1616161616161616,0.1452020202020202,12.5,12.0,120000.0,20000.0,6.0,5.0,0.0,3,58,0.0024752475247524753,-4.98,0.1616161616161616,0.1452020202020202,12.5,12.0,120000.0,20000.0,6.0,5.0,0.0,1
165.0,9304,0.1616161616161616,0.1452020202020202,0.0,12.0,120000.0,0.0,0.0,6.0,0.0,1,9,0.0024752475247524753,-4.98,0.1616161616161616,0.1452020202020202,0.0,12.0,120000.0,0.0,0.0,6.0,0.0,1
165.0,10215,0.1616161616161616,0.1452020202020202,0.0,12.0,120000.0,0.0,0.0,2.0,0.0,1,62,0.0024752475247524753,-4.98025,0.1616161616161616,0.1452020202020202,0.0,12.0,120000.0,0.0,0.0,2.0,0.0,1
165.0,11100,0.1616161616161616,0.1452020202020202,0.0,12.0,120000.0,0.0,0.0,4.0,0.0,1,62,0.0024752475247524753,-4.98,0.1616161616161616,0.1452020202020202,0.0,12.0,120000.0,0.0,0.0,4.0,0.0,1
165.0,12451,0.1616161616161616,0.1452020202020202,0.0,12.0,120000.0,0.0,0.0,4.0,0.0,2,55,0.0024752475247524753,-4.98,0.1616161616161616,0.1452020202020202,0.0,12.0,120000.0,0.0,0.0,4.0,0.0,1
162.0,950,0.1646090534979424,0.1478909465020576,0.0,8.0,80000.0,20000.0,25.0,1.0,0.0,0,0,0.0024752475247524753,9.75,0.1606425702811245,0.14432730923694778,0.0,8.0,80000.0,20000.0,26.0,1.0,0.0,0
166.0,499,0.1606425702811245,0.14432730923694778,12.5,8.0,80000.0,20000.0,10.0,4.0,0.0,2,55,0.0024752475247524753,-4.98,0.1606425702811245,0.14432730923694778,12.5,8.0,80000.0,20000.0,10.0,4.0,0.0,1
166.0,8853,0.1606425702811245,0.14432730923694778,0.0,12.0,120000.0,0.0,0.0,3.0,0.0,3,23,0.0024752475247524753,-4.98,0.1606425702811245,0.14432730923694778,0.0,12.0,120000.0,0.0,0.0,3.0,0.0,1
166.0,9768,0.1606425702811245,0.14432730923694778,0.0,12.0,120000.0,0.0,0.0,3.0,0.0,2,65,0.0024752475247524753,-4.98,0.1606425702811245,0.14432730923694778,0.0,12.0,120000.0,0.0,0.0,3.0,0.0,1
166.0,9771,0.1606425702811245,0.14432730923694778,0.0,12.0,120000.0,0.0,0.0,3.0,0.0,2,70,0.0024752475247524753,-4.98,0.1606425702811245,0.14432730923694778,0.0,12.0,120000.0,0.0,0.0,3.0,0.0,1
166.0,10658,0.1606425702811245,0.14432730923694778,0.0,12.0,120000.0,0.0,0.0,4.0,0.0,2,70,0.0024752475247524753,-4.98,0.1606425702811245,0.14432730923694778,0.0,12.0,120000.0,0.0,0.0,4.0,0.0,1
166.0,12010,0.1606425702811245,0.14432730923694778,0.0,12.0,120000.0,0.0,0.0,1.0,0.0,2,19,0.0024752475247524753,-4.98,0.1606425702811245,0.14432730923694778,0.0,12.0,120000.0,0.0,0.0,1.0,0.0,1
162.0,497,0.1646090534979424,0.1478909465020576,12.5,8.0,80000.0,20000.0,10.0,4.0,0.0,0,0,0.0024752475247524753,9.749374375,0.16063288392469025,0.1443186066510889,0.0,8.0,80000.0,20000.0,9.0,4.0,0.0,0
160.0,5256,0.16666666666666669,0.14973958333333334,12.5,12.0,120000.0,20000.0,6.0,5.0,0.0,0,0,0.0024752475247524753,9.749082916666666,0.16063288392469025,0.1443186066510889,25.0,12.0,120000.0,20000.0,7.0,5.0,0.0,0
161.0,6157,0.16563146997929606,0.1488095238095238,0.0,12.0,120000.0,20000.0,19.0,3.0,0.0,1,20,0.0024752475247524753,9.77,0.1596806387225549,0.1434630738522954,0.0,12.0,120000.0,20000.0,19.0,3.0,0.0,0
161.0,6603,0.16563146997929606,0.1488095238095238,0.0,12.0,120000.0,20000.0,5.0,5.0,0.0,0,0,0.0024752475247524753,9.75,0.1596806387225549,0.1434630738522954,0.0,12.0,120000.0,20000.0,5.0,5.0,0.0,0
163.0,34,0.16359918200409,0.1469836400817996,0.0,8.0,80000.0,20000.0,3.0,2.0,0.0,1,18,0.0024752475247524753,9.77,0.1596806387225549,0.1434630738522954,0.0,8.0,80000.0,20000.0,3.0,2.0,0.0,0
161.0,7969,0.16563146997929606,0.1488095238095238,0.0,12.0,120000.0,20000.0,9.0,3.0,0.0,0,0,0.0024752475247524753,9.75,0.1596806387225549,0.1434630738522954,0.0,12.0,120000.0,20000.0,10.0,3.0,0.0,0
167.0,36,0.1596806387225549,0.1434630738522954,0.0,8.0,80000.0,20000.0,3.0,2.0,0.0,2,19,0.0024752475247524753,-4.98,0.1596806387225549,0.1434630738522954,0.0,8.0,80000.0,20000.0,3.0,2.0,0.0,1
167.0,1833,0.1596806387225549,0.1434630738522954,0.0,8.0,80000.0,0.0,0.0,4.0,0.0,2,10,0.0024752475247524753,-4.98,0.1596806387225549,0.1434630738522954,0.0,8.0,80000.0,0.0,0.0,4.0,0.0,1
167.0,2736,0.1596806387225549,0.1434630738522954,0.0,25.0,400000.0,20000.0,5.0,4.0,0.0,2,10,0.0024752475247524753,-4.98,0.1596806387225549,0.1434630738522954,0.0,25.0,400000.0,20000.0,5.0,4.0,0.0,1
167.0,3815,0.1596806387225549,0.1434630738522954,12.5,25.0,400000.0,20000.0,11.0,0.0,0.0,2,10,0.0024752475247524753,-4.98,0.1596806387225549,0.1434630738522954,12.5,25.0,400000.0,20000.0,11.0,0.0,0.0,1
167.0,4177,0.1596806387225549,0.1434630738522954,0.0,25.0,400000.0,0.0,0.0,1.0,0.0,2,10,0.0024752475247524753,-4.98,0.1596806387225549,0.1434630738522954,0.0,25.0,400000.0,0.0,0.0,1.0,0.0,1
167.0,4892,0.1596806387225549,0.1434630738522954,0.0,25.0,400000.0,0.0,0.0,5.0,0.0,2,35,0.0024752475247524753,-4.98,0.1596806387225549,0.1434630738522954,0.0,25.0,400000.0,0.0,0.0,5.0,0.0,1
167.0,6160,0.1596806387225549,0.1434630738522954,0.0,12.0,120000.0,20000.0,19.0,3.0,0.0,2,35,0.0024752475247524753,-4.98,0.1596806387225549,0.1434630738522954,0.0,12.0,120000.0,20000.0,19.0,3.0,0.0,1
167.0,6606,0.1596806387225549,0.1434630738522954,0.0,12.0,120000.0,20000.0,5.0,5.0,0.0,1,41,0.0024752475247524753,-4.98,0.1596806387225549,0.1434630738522954,0.0,12.0,120000.0,20000.0,5.0,5.0,0.0,1
167.0,8419,0.1596806387225549,0.1434630738522954,25.0,12.0,120000.0,20000.0,25.0,1.0,0.0,1,41,0.0024752475247524753,-4.975249999999999,0.1596806387225549,0.1434630738522954,25.0,12.0,120000.0,20000.0,25.0,1.0,0.0,1
167.0,9305,0.1596806387225549,0.1434630738522954,0.0,12.0,120000.0,0.0,0.0,6.0,0.0,1,41,0.0024752475247524753,-4.98,0.1596806387225549,0.1434630738522954,0.0,12.0,120000.0,0.0,0.0,6.0,0.0,1
167.0,10216,0.1596806387225549,0.1434630738522954,0.0,12.0,120000.0,0.0,0.0,2.0,0.0,1,41,0.0024752475247524753,-4.98025,0.1596806387225549,0.1434630738522954,0.0,12.0,120000.0,0.0,0.0,2.0,0.0,1
167.0,11101,0.1596806387225549,0.1434630738522954,0.0,12.0,120000.0,0.0,0.0,4.0,0.0,3,83,0.0024752475247524753,-4.98,0.1596806387225549,0.1434630738522954,0.0,12.0,120000.0,0.0,0.0,4.0,0.0,1
167.0,12452,0.1596806387225549,0.1434630738522954,0.0,12.0,120000.0,0.0,0.0,4.0,0.0,3,83,0.0024752475247524753,-4.98,0.1596806387225549,0.1434630738522954,0.0,12.0,120000.0,0.0,0.0,4.0,0.0,1
168.0,953,0.15873015873015872,0.14260912698412698,12.5,8.0,80000.0,20000.0,28.0,1.0,0.0,2,2,0.0024752475247524753,-4.98,0.15873015873015872,0.14260912698412698,12.5,8.0,80000.0,20000.0,28.0,1.0,0.0,1
168.0,3086,0.15873015873015872,0.14260912698412698,0.0,25.0,400000.0,0.0,0.0,5.0,0.0,2,2,0.0024752475247524753,-4.98,0.15873015873015872,0.14260912698412698,0.0,25.0,400000.0,0.0,0.0,5.0,0.0,1
168.0,4537,0.15873015873015872,0.14260912698412698,25.0,25.0,400000.0,20000.0,4.0,3.0,0.0,1,88,0.0024752475247524753,-4.975,0.15873015873015872,0.14260912698412698,25.0,25.0,400000.0,20000.0,4.0,3.0,0.0,1
168.0,5260,0.15873015873015872,0.14260912698412698,25.0,12.0,120000.0,20000.0,7.0,5.0,0.0,1,88,0.0024752475247524753,-4.975,0.15873015873015872,0.14260912698412698,25.0,12.0,120000.0,20000.0,7.0,5.0,0.0,1
168.0,8854,0.15873015873015872,0.14260912698412698,0.0,12.0,120000.0,0.0,0.0,3.0,0.0,2,33,0.0024752475247524753,-4.98,0.15873015873015872,0.14260912698412698,0.0,12.0,120000.0,0.0,0.0,3.0,0.0,1
168.0,9769,0.15873015873015872,0.14260912698412698,0.0,12.0,120000.0,0.0,0.0,3.0,0.0,2,33,0.0024752475247524753,-4.98,0.15873015873015872,0.14260912698412698,0.0,12.0,120000.0,0.0,0.0,3.0,0.0,1
168.0,9772,0.15873015873015872,0.14260912698412698,0.0,12.0,120000.0,0.0,0.0,3.0,0.0,2,33,0.0024752475247524753,-4.98,0.15873015873015872,0.14260912698412698,0.0,12.0,120000.0,0.0,0.0,3.0,0.0,1
168.0,10659,0.15873015873015872,0.14260912698412698,0.0,12.0,120000.0,0.0,0.0,4.0,0.0,2,33,0.0024752475247524753,-4.98,0.15873015873015872,0.14260912698412698,0.0,12.0,120000.0,0.0,0.0,4.0,0.0,1
168.0,12011,0.15873015873015872,0.14260912698412698,0.0,12.0,120000.0,0.0,0.0,1.0,0.0,2,33,0.0024752475247524753,-4.98,0.15873015873015872,0.14260912698412698,0.0,12.0,120000.0,0.0,0.0,1.0,0.0,1
163.0,8417,0.16359918200409,0.1469836400817996,0.0,12.0,120000.0,20000.0,21.0,1.0,0.0,1,82,0.0024752475247524753,9.76975,0.15779092702169625,0.14176528599605523,12.5,12.0,120000.0,20000.0,24.0,1.0,0.0,0
169.0,37,0.15779092702169625,0.14176528599605523,0.0,8.0,80000.0,20000.0,3.0,2.0,0.0,3,76,0.0024752475247524753,-4.98,0.15779092702169625,0.14176528599605523,0.0,8.0,80000.0,20000.0,3.0,2.0,0.0,1
169.0,1400,0.15779092702169625,0.14176528599605523,0.0,8.0,80000.0,0.0,0.0,5.0,0.0,3,76,0.0024752475247524753,-4.98,0.15779092702169625,0.14176528599605523,0.0,8.0,80000.0,0.0,0.0,5.0,0.0,1
169.0,1834,0.15779092702169625,0.14176528599605523,0.0,8.0,80000.0,0.0,0.0,4.0,0.0,3,24,0.0024752475247524753,-4.98,0.15779092702169625,0.14176528599605523,0.0,8.0,80000.0,0.0,0.0,4.0,0.0,1
169.0,3460,0.15779092702169625,0.14176528599605523,0.0,25.0,400000.0,20000.0,9.0,2.0,0.0,3,24,0.0024752475247524753,-4.98,0.15779092702169625,0.14176528599605523,0.0,25.0,400000.0,20000.0,9.0,2.0,0.0,1
169.0,6161,0.15779092702169625,0.14176528599605523,0.0,12.0,120000.0,20000.0,19.0,3.0,0.0,1,70,0.0024752475247524753,-4.98,0.15779092702169625,0.14176528599605523,0.0,12.0,120000.0,20000.0,19.0,3.0,0.0,1
169.0,6607,0.15779092702169625,0.14176528599605523,0.0,12.0,120000.0,20000.0,5.0,5.0,0.0,1,70,0.0024752475247524753,-4.98,0.15779092702169625,0.14176528599605523,0.0,12.0,120000.0,20000.0,5.0,5.0,0.0,1
169.0,9306,0.15779092702169625,0.14176528599605523,0.0,12.0,120000.0,0.0,0.0,6.0,0.0,2,51,0.0024752475247524753,-4.98,0.15779092702169625,0.14176528599605523,0.0,12.0,120000.0,0.0,0.0,6.0,0.0,1
169.0,10217,0.15779092702169625,0.14176528599605523,0.0,12.0,120000.0,0.0,0.0,2.0,0.0,2,51,0.0024752475247524753,-4.98,0.15779092702169625,0.14176528599605523,0.0,12.0,120000.0,0.0,0.0,2.0,0.0,1
169.0,11102,0.15779092702169625,0.14176528599605523,0.0,12.0,120000.0,0.0,0.0,4.0,0.0,2,57,0.0024752475247524753,-4.98,0.15779092702169625,0.14176528599605523,0.0,12.0,120000.0,0.0,0.0,4.0,0.0,1
169.0,12453,0.15779092702169625,0.14176528599605523,0.0,12.0,120000.0,0.0,0.0,4.0,0.0,2,57,0.0024752475247524753,-4.98,0.15779092702169625,0.14176528599605523,0.0,12.0,120000.0,0.0,0.0,4.0,0.0,1
170.0,954,0.1568627450980392,0.1409313725490196,12.5,8.0,80000.0,20000.0,28.0,1.0,0.0,1,55,0.0024752475247524753,-4.98025,0.1568627450980392,0.1409313725490196,12.5,8.0,80000.0,20000.0,28.0,1.0,0.0,1
170.0,2737,0.1568627450980392,0.1409313725490196,0.0,25.0,400000.0,20000.0,5.0,4.0,0.0,1,55,0.0024752475247524753,-4.98,0.1568627450980392,0.1409313725490196,0.0,25.0,400000.0,20000.0,5.0,4.0,0.0,1
170.0,2740,0.1568627450980392,0.1409313725490196,0.0,25.0,400000.0,20000.0,5.0,4.0,0.0,2,95,0.0024752475247524753,-4.98,0.1568627450980392,0.1409313725490196,0.0,25.0,400000.0,20000.0,5.0,4.0,0.0,1
170.0,3816,0.1568627450980392,0.1409313725490196,12.5,25.0,400000.0,20000.0,11.0,0.0,0.0,2,95,0.0024752475247524753,-4.98,0.1568627450980392,0.1409313725490196,12.5,25.0,400000.0,20000.0,11.0,0.0,0.0,1
170.0,4178,0.1568627450980392,0.1409313725490196,0.0,25.0,400000.0,0.0,0.0,1.0,0.0,3,77,0.0024752475247524753,-4.98,0.1568627450980392,0.1409313725490196,0.0,25.0,400000.0,0.0,0.0,1.0,0.0,1
170.0,4893,0.1568627450980392,0.1409313725490196,0.0,25.0,400000.0,0.0,0.0,5.0,0.0,3,77,0.0024752475247524753,-4.98,0.1568627450980392,0.1409313725490196,0.0,25.0,400000.0,0.0,0.0,5.0,0.0,1
170.0,5261,0.1568627450980392,0.1409313725490196,25.0,12.0,120000.0,20000.0,7.0,5.0,0.0,1,85,0.0024752475247524753,-4.975,0.1568627450980392,0.1409313725490196,25.0,12.0,120000.0,20000.0,7.0,5.0,0.0,1
170.0,5270,0.1568627450980392,0.1409313725490196,25.0,12.0,120000.0,20000.0,7.0,5.0,0.0,1,85,0.0024752475247524753,-4.975,0.1568627450980392,0.1409313725490196,25.0,12.0,120000.0,20000.0,7.0,5.0,0.0,1
170.0,8855,0.1568627450980392,0.1409313725490196,0.0,12.0,120000.0,0.0,0.0,3.0,0.0,2,13,0.0024752475247524753,-4.98,0.1568627450980392,0.1409313725490196,0.0,12.0,120000.0,0.0,0.0,3.0,0.0,1
170.0,9773,0.1568627450980392,0.1409313725490196,0.0,12.0,120000.0,0.0,0.0,3.0,0.0,2,13,0.0024752475247524753,-4.98,0.1568627450980392,0.1409313725490196,0.0,12.0,120000.0,0.0,0.0,3.0,0.0,1
170.0,10660,0.1568627450980392,0.1409313725490196,0.0,12.0,120000.0,0.0,0.0,4.0,0.0,3,43,0.0024752475247524753,-4.98,0.1568627450980392,0.1409313725490196,0.0,12.0,120000.0,0.0,0.0,4.0,0.0,1
170.0,12012,0.1568627450980392,0.1409313725490196,0.0,12.0,120000.0,0.0,0.0,1.0,0.0,3,43,0.0024752475247524753,-4.98,0.1568627450980392,0.1409313725490196,0.0,12.0,120000.0,0.0,0.0,1.0,0.0,1
164.0,5258,0.16260162601626016,0.14608739837398374,12.5,12.0,120000.0,20000.0,6.0,5.0,0.0,0,0,0.0024752475247524753,9.749332916666667,0.15685350919435076,0.1409230746667995,12.5,12.0,120000.0,20000.0,6.0,5.0,0.0,0
166.0,952,0.1606425702811245,0.14432730923694778,0.0,8.0,80000.0,20000.0,25.0,1.0,0.0,0,0,0.0024752475247524753,9.749374375,0.15685350919435076,0.1409230746667995,0.0,8.0,80000.0,20000.0,27.0,1.0,0.0,0
164.0,7069,0.16260162601626016,0.14608739837398374,0.0,12.0,120000.0,20000.0,5.0,4.0,0.0,0,0,0.0024752475247524753,9.749582916666666,0.15685350919435076,0.1409230746667995,0.0,12.0,120000.0,20000.0,5.0,4.0,0.0,0
171.0,1401,0.15594541910331383,0.1401072124756335,0.0,8.0,80000.0,0.0,0.0,5.0,0.0,3,43,0.0024752475247524753,-4.98,0.15594541910331383,0.1401072124756335,0.0,8.0,80000.0,0.0,0.0,5.0,0.0,1
171.0,1835,0.15594541910331383,0.1401072124756335,0.0,8.0,80000.0,0.0,0.0,4.0,0.0,1,95,0.0024752475247524753,-4.98,0.15594541910331383,0.1401072124756335,0.0,8.0,80000.0,0.0,0.0,4.0,0.0,1
171.0,3087,0.15594541910331383,0.1401072124756335,0.0,25.0,400000.0,0.0,0.0,5.0,0.0,1,95,0.0024752475247524753,-4.98,0.15594541910331383,0.1401072124756335,0.0,25.0,400000.0,0.0,0.0,5.0,0.0,1
171.0,4538,0.15594541910331383,0.1401072124756335,25.0,25.0,400000.0,20000.0,4.0,3.0,0.0,3,66,0.0024752475247524753,-4.975,0.15594541910331383,0.1401072124756335,25.0,25.0,400000.0,20000.0,4.0,3.0,0.0,1
171.0,6162,0.15594541910331383,0.1401072124756335,0.0,12.0,120000.0,20000.0,19.0,3.0,0.0,3,66,0.0024752475247524753,-4.98,0.15594541910331383,0.1401072124756335,0.0,12.0,120000.0,20000.0,19.0,3.0,0.0,1
171.0,6608,0.15594541910331383,0.1401072124756335,0.0,12.0,120000.0,20000.0,6.0,5.0,0.0,1,79,0.0024752475247524753,-4.98,0.15594541910331383,0.1401072124756335,0.0,12.0,120000.0,20000.0,6.0,5.0,0.0,1
171.0,9307,0.15594541910331383,0.1401072124756335,0.0,12.0,120000.0,0.0,0.0,6.0,0.0,1,79,0.0024752475247524753,-4.98,0.15594541910331383,0.1401072124756335,0.0,12.0,120000.0,0.0,0.0,6.0,0.0,1
171.0,9320,0.15594541910331383,0.1401072124756335,0.0,12.0,120000.0,0.0,0.0,6.0,0.0,1,94,0.0024752475247524753,-4.98,0.15594541910331383,0.1401072124756335,0.0,12.0,120000.0,0.0,0.0,6.0,0.0,1
171.0,10218,0.15594541910331383,0.1401072124756335,0.0,12.0,120000.0,0.0,0.0,2.0,0.0,1,94,0.0024752475247524753,-4.98,0.15594541910331383,0.1401072124756335,0.0,12.0,120000.0,0.0,0.0,2.0,0.0,1
171.0,11103,0.15594541910331383,0.1401072124756335,0.0,12.0,120000.0,0.0,0.0,4.0,0.0,3,97,0.0024752475247524753,-4.98,0.15594541910331383,0.1401072124756335,0.0,12.0,120000.0,0.0,0.0,4.0,0.0,1
171.0,12454,0.15594541910331383,0.1401072124756335,0.0,12.0,120000.0,0.0,0.0,4.0,0.0,3,97,0.0024752475247524753,-4.98,0.15594541910331383,0.1401072124756335,0.0,12.0,120000.0,0.0,0.0,4.0,0.0,1
165.0,8418,0.1616161616161616,0.1452020202020202,12.5,12.0,120000.0,20000.0,23.0,1.0,0.0,1,9,0.0024752475247524753,9.769582916666666,0.15593629090289315,0.14009901135806807,0.0,12.0,120000.0,20000.0,24.0,1.0,0.0,0
172.0,955,0.15503875968992248,0.13929263565891473,0.0,8.0,80000.0,20000.0,28.0,1.0,0.0,2,27,0.0024752475247524753,-4.98,0.15503875968992248,0.13929263565891473,0.0,8.0,80000.0,20000.0,28.0,1.0,0.0,1
172.0,3461,0.15503875968992248,0.13929263565891473,0.0,25.0,400000.0,20000.0,9.0,2.0,0.0,2,27,0.0024752475247524753,-4.98,0.15503875968992248,0.13929263565891473,0.0,25.0,400000.0,20000.0,9.0,2.0,0.0,1
172.0,8856,0.15503875968992248,0.13929263565891473,0.0,12.0,120000.0,0.0,0.0,3.0,0.0,1,74,0.0024752475247524753,-4.98,0.15503875968992248,0.13929263565891473,0.0,12.0,120000.0,0.0,0.0,3.0,0.0,1
172.0,9774,0.15503875968992248,0.13929263565891473,0.0,12.0,120000.0,0.0,0.0,3.0,0.0,1,74,0.0024752475247524753,-4.98,0.15503875968992248,0.13929263565891473,0.0,12.0,120000.0,0.0,0.0,3.0,0.0,1
172.0,10661,0.15503875968992248,0.13929263565891473,0.0,12.0,120000.0,0.0,0.0,4.0,0.0,1,74,0.0024752475247524753,-4.98,0.15503875968992248,0.13929263565891473,0.0,12.0,120000.0,0.0,0.0,4.0,0.0,1
172.0,12013,0.15503875968992248,0.13929263565891473,0.0,12.0,120000.0,0.0,0.0,1.0,0.0,1,74,0.0024752475247524753,-4.98,0.15503875968992248,0.13929263565891473,0.0,12.0,120000.0,0.0,0.0,1.0,0.0,1
166.0,5259,0.1606425702811245,0.14432730923694778,25.0,12.0,120000.0,20000.0,7.0,5.0,0.0,0,0,0.0024752475247524753,9.749082916666666,0.15502973731974476,0.13928452962320817,25.0,12.0,120000.0,20000.0,7.0,5.0,0.0,0
173.0,39,0.15414258188824664,0.1384874759152216,12.5,8.0,80000.0,20000.0,4.0,2.0,0.0,1,71,0.0024752475247524753,-4.98,0.15414258188824664,0.1384874759152216,12.5,8.0,80000.0,20000.0,4.0,2.0,0.0,1
173.0,1402,0.15414258188824664,0.1384874759152216,0.0,8.0,80000.0,0.0,0.0,5.0,0.0,1,71,0.0024752475247524753,-4.98,0.15414258188824664,0.1384874759152216,0.0,8.0,80000.0,0.0,0.0,5.0,0.0,1
173.0,1836,0.15414258188824664,0.1384874759152216,0.0,8.0,80000.0,0.0,0.0,4.0,0.0,2,79,0.0024752475247524753,-4.98,0.15414258188824664,0.1384874759152216,0.0,8.0,80000.0,0.0,0.0,4.0,0.0,1
173.0,2738,0.15414258188824664,0.1384874759152216,0.0,25.0,400000.0,20000.0,5.0,4.0,0.0,2,79,0.0024752475247524753,-4.98,0.15414258188824664,0.1384874759152216,0.0,25.0,400000.0,20000.0,6.0,4.0,0.0,1
173.0,4179,0.15414258188824664,0.1384874759152216,0.0,25.0,400000.0,0.0,0.0,1.0,0.0,1,66,0.0024752475247524753,-4.98025,0.15414258188824664,0.1384874759152216,0.0,25.0,400000.0,0.0,0.0,1.0,0.0,1
173.0,4894,0.15414258188824664,0.1384874759152216,0.0,25.0,400000.0,0.0,0.0,5.0,0.0,3,73,0.0024752475247524753,-4.98,0.15414258188824664,0.1384874759152216,0.0,25.0,400000.0,0.0,0.0,5.0,0.0,1
173.0,6163,0.15414258188824664,0.1384874759152216,0.0,12.0,120000.0,20000.0,21.0,3.0,0.0,2,18,0.0024752475247524753,-4.98,0.15414258188824664,0.1384874759152216,0.0,12.0,120000.0,20000.0,21.0,3.0,0.0,1
173.0,6609,0.15414258188824664,0.1384874759152216,0.0,12.0,120000.0,20000.0,6.0,5.0,0.0,2,18,0.0024752475247524753,-4.98,0.15414258188824664,0.1384874759152216,0.0,12.0,120000.0,20000.0,6.0,5.0,0.0,1
173.0,9308,0.15414258188824664,0.1384874759152216,0.0,12.0,120000.0,0.0,0.0,6.0,0.0,2,18,0.0024752475247524753,-4.98,0.15414258188824664,0.1384874759152216,0.0,12.0,120000.0,0.0,0.0,6.0,0.0,1
173.0,9321,0.15414258188824664,0.1384874759152216,0.0,12.0,120000.0,0.0,0.0,6.0,0.0,2,68,0.0024752475247524753,-4.98,0.15414258188824664,0.1384874759152216,0.0,12.0,120000.0,0.0,0.0,6.0,0.0,1
173.0,10219,0.15414258188824664,0.1384874759152216,0.0,12.0,120000.0,0.0,0.0,2.0,0.0,2,68,0.0024752475247524753,-4.98,0.15414258188824664,0.1384874759152216,0.0,12.0,120000.0,0.0,0.0,2.0,0.0,1
173.0,11104,0.15414258188824664,0.1384874759152216,0.0,12.0,120000.0,0.0,0.0,4.0,0.0,1,35,0.0024752475247524753,-4.98,0.15414258188824664,0.1384874759152216,0.0,12.0,120000.0,0.0,0.0,4.0,0.0,1
173.0,12455,0.15414258188824664,0.1384874759152216,0.0,12.0,120000.0,0.0,0.0,4.0,0.0,1,35,0.0024752475247524753,-4.98,0.15414258188824664,0.1384874759152216,0.0,12.0,120000.0,0.0,0.0,4.0,0.0,1
174.0,956,0.15325670498084293,0.13769157088122605,0.0,8.0,80000.0,20000.0,28.0,1.0,0.0,1,68,0.0024752475247524753,-4.98,0.15325670498084293,0.13769157088122605,0.0,8.0,80000.0,20000.0,28.0,1.0,0.0,1
174.0,3088,0.15325670498084293,0.13769157088122605,0.0,25.0,400000.0,0.0,0.0,5.0,0.0,1,68,0.0024752475247524753,-4.98,0.15325670498084293,0.13769157088122605,0.0,25.0,400000.0,0.0,0.0,5.0,0.0,1
174.0,4539,0.15325670498084293,0.13769157088122605,25.0,25.0,400000.0,20000.0,4.0,3.0,0.0,2,3,0.0024752475247524753,-4.975,0.15325670498084293,0.13769157088122605,25.0,25.0,400000.0,20000.0,4.0,3.0,0.0,1
174.0,5263,0.15325670498084293,0.13769157088122605,25.0,12.0,120000.0,20000.0,7.0,5.0,0.0,2,3,0.0024752475247524753,-4.975,0.15325670498084293,0.13769157088122605,25.0,12.0,120000.0,20000.0,7.0,5.0,0.0,1
174.0,5272,0.15325670498084293,0.13769157088122605,25.0,12.0,120000.0,20000.0,7.0,5.0,0.0,3,88,0.0024752475247524753,-4.975,0.15325670498084293,0.13769157088122605,25.0,12.0,120000.0,20000.0,7.0,5.0,0.0,1
174.0,8857,0.15325670498084293,0.13769157088122605,0.0,12.0,120000.0,0.0,0.0,3.0,0.0,3,88,0.0024752475247524753,-4.98,0.15325670498084293,0.13769157088122605,0.0,12.0,120000.0,0.0,0.0,3.0,0.0,1
174.0,9775,0.15325670498084293,0.13769157088122605,0.0,12.0,120000.0,0.0,0.0,3.0,0.0,3,2,0.0024752475247524753,-4.98,0.15325670498084293,0.13769157088122605,0.0,12.0,120000.0,0.0,0.0,3.0,0.0,1
174.0,10662,0.15325670498084293,0.13769157088122605,0.0,12.0,120000.0,0.0,0.0,4.0,0.0,3,2,0.0024752475247524753,-4.98,0.15325670498084293,0.13769157088122605,0.0,12.0,120000.0,0.0,0.0,4.0,0.0,1
174.0,12014,0.15325670498084293,0.13769157088122605,0.0,12.0,120000.0,0.0,0.0,1.0,0.0,3,2,0.0024752475247524753,-4.98,0.15325670498084293,0.13769157088122605,0.0,12.0,120000.0,0.0,0.0,1.0,0.0,1
171.0,38,0.15594541910331383,0.1401072124756335,0.0,8.0,80000.0,20000.0,3.0,2.0,0.0,0,0,0.0024752475247524753,9.75,0.1523809523809524,0.13690476190476192,0.0,8.0,80000.0,20000.0,3.0,2.0,0.0,0
175.0,40,0.1523809523809524,0.13690476190476192,0.0,8.0,80000.0,20000.0,3.0,2.0,0.0,3,2,0.0024752475247524753,-4.98,0.1523809523809524,0.13690476190476192,0.0,8.0,80000.0,20000.0,3.0,2.0,0.0,1
175.0,1403,0.1523809523809524,0.13690476190476192,0.0,8.0,80000.0,0.0,0.0,5.0,0.0,1,85,0.0024752475247524753,-4.98,0.1523809523809524,0.13690476190476192,0.0,8.0,80000.0,0.0,0.0,5.0,0.0,1
175.0,1837,0.1523809523809524,0.13690476190476192,0.0,8.0,80000.0,0.0,0.0,4.0,0.0,2,69,0.0024752475247524753,-4.98,0.1523809523809524,0.13690476190476192,0.0,8.0,80000.0,0.0,0.0,4.0,0.0,1
175.0,3462,0.1523809523809524,0.13690476190476192,0.0,25.0,400000.0,20000.0,9.0,2.0,0.0,2,69,0.0024752475247524753,-4.98,0.1523809523809524,0.13690476190476192,0.0,25.0,400000.0,20000.0,9.0,2.0,0.0,1
175.0,6164,0.1523809523809524,0.13690476190476192,0.0,12.0,120000.0,20000.0,21.0,3.0,0.0,3,69,0.0024752475247524753,-4.98,0.1523809523809524,0.13690476190476192,0.0,12.0,120000.0,20000.0,21.0,3.0,0.0,1
175.0,6610,0.1523809523809524,0.13690476190476192,0.0,12.0,120000.0,20000.0,6.0,5.0,0.0,3,69,0.0024752475247524753,-4.98,0.1523809523809524,0.13690476190476192,0.0,12.0,120000.0,20000.0,6.0,5.0,0.0,1
175.0,8870,0.1523809523809524,0.13690476190476192,0.0,12.0,120000.0,0.0,0.0,3.0,0.0,3,75,0.0024752475247524753,-4.98,0.1523809523809524,0.13690476190476192,0.0,12.0,120000.0,0.0,0.0,3.0,0.0,1
175.0,9309,0.1523809523809524,0.13690476190476192,0.0,12.0,120000.0,0.0,0.0,6.0,0.0,3,75,0.0024752475247524753,-4.98,0.1523809523809524,0.13690476190476192,0.0,12.0,120000.0,0.0,0.0,6.0,0.0,1
175.0,9322,0.1523809523809524,0.13690476190476192,0.0,12.0,120000.0,0.0,0.0,6.0,0.0,2,61,0.0024752475247524753,-4.98,0.1523809523809524,0.13690476190476192,0.0,12.0,120000.0,0.0,0.0,6.0,0.0,1
175.0,11105,0.1523809523809524,0.13690476190476192,0.0,12.0,120000.0,0.0,0.0,4.0,0.0,2,61,0.0024752475247524753,-4.98,0.1523809523809524,0.13690476190476192,0.0,12.0,120000.0,0.0,0.0,4.0,0.0,1
175.0,12456,0.1523809523809524,0.13690476190476192,0.0,12.0,120000.0,0.0,0.0,4.0,0.0,2,61,0.0024752475247524753,-4.98,0.1523809523809524,0.13690476190476192,0.0,12.0,120000.0,0.0,0.0,4.0,0.0,1
176.0,957,0.15151515151515152,0.13612689393939395,0.0,8.0,80000.0,20000.0,28.0,1.0,0.0,2,61,0.0024752475247524753,-4.98,0.15151515151515152,0.13612689393939395,0.0,8.0,80000.0,20000.0,28.0,1.0,0.0,1
176.0,2739,0.15151515151515152,0.13612689393939395,12.5,25.0,400000.0,20000.0,6.0,4.0,0.0,1,73,0.0024752475247524753,-4.98,0.15151515151515152,0.13612689393939395,12.5,25.0,400000.0,20000.0,6.0,4.0,0.0,1
176.0,2742,0.15151515151515152,0.13612689393939395,12.5,25.0,400000.0,20000.0,6.0,4.0,0.0,1,73,0.0024752475247524753,-4.98,0.15151515151515152,0.13612689393939395,12.5,25.0,400000.0,20000.0,6.0,4.0,0.0,1
176.0,4895,0.15151515151515152,0.13612689393939395,0.0,25.0,400000.0,0.0,0.0,5.0,0.0,1,73,0.0024752475247524753,-4.98,0.15151515151515152,0.13612689393939395,0.0,25.0,400000.0,0.0,0.0,5.0,0.0,1
176.0,5264,0.15151515151515152,0.13612689393939395,25.0,12.0,120000.0,20000.0,7.0,5.0,0.0,1,88,0.0024752475247524753,-4.975,0.15151515151515152,0.13612689393939395,25.0,12.0,120000.0,20000.0,7.0,5.0,0.0,1
176.0,5273,0.15151515151515152,0.13612689393939395,25.0,12.0,120000.0,20000.0,7.0,5.0,0.0,1,71,0.0024752475247524753,-4.975,0.15151515151515152,0.13612689393939395,25.0,12.0,120000.0,20000.0,7.0,5.0,0.0,1
176.0,8858,0.15151515151515152,0.13612689393939395,0.0,12.0,120000.0,0.0,0.0,3.0,0.0,2,81,0.0024752475247524753,-4.98,0.15151515151515152,0.13612689393939395,0.0,12.0,120000.0,0.0,0.0,3.0,0.0,1
176.0,9776,0.15151515151515152,0.13612689393939395,0.0,12.0,120000.0,0.0,0.0,3.0,0.0,2,81,0.0024752475247524753,-4.98,0.15151515151515152,0.13612689393939395,0.0,12.0,120000.0,0.0,0.0,3.0,0.0,1
176.0,10663,0.15151515151515152,0.13612689393939395,0.0,12.0,120000.0,0.0,0.0,4.0,0.0,2,39,0.0024752475247524753,-4.98,0.15151515151515152,0.13612689393939395,0.0,12.0,120000.0,0.0,0.0,4.0,0.0,1
176.0,12015,0.15151515151515152,0.13612689393939395,0.0,12.0,120000.0,0.0,0.0,1.0,0.0,2,39,0.0024752475247524753,-4.98,0.15151515151515152,0.13612689393939395,0.0,12.0,120000.0,0.0,0.0,1.0,0.0,1
156.0,4533,0.17094017094017094,0.15357905982905984,12.5,25.0,400000.0,20000.0,3.0,3.0,0.0,1,46,0.0024752475247524753,9.6195498,0.15150653458099722,0.1361191521626147,12.5,25.0,400000.0,20000.0,3.0,3.0,0.0,0
177.0,1404,0.15065913370998116,0.1353578154425612,0.0,8.0,80000.0,0.0,0.0,5.0,0.0,1,18,0.0024752475247524753,-4.98,0.15065913370998116,0.1353578154425612,0.0,8.0,80000.0,0.0,0.0,5.0,0.0,1
177.0,1838,0.15065913370998116,0.1353578154425612,0.0,8.0,80000.0,0.0,0.0,4.0,0.0,3,86,0.0024752475247524753,-4.98,0.15065913370998116,0.1353578154425612,0.0,8.0,80000.0,0.0,0.0,4.0,0.0,1
177.0,3089,0.15065913370998116,0.1353578154425612,0.0,25.0,400000.0,0.0,0.0,5.0,0.0,3,86,0.0024752475247524753,-4.98,0.15065913370998116,0.1353578154425612,0.0,25.0,400000.0,0.0,0.0,5.0,0.0,1
177.0,6165,0.15065913370998116,0.1353578154425612,0.0,12.0,120000.0,20000.0,21.0,3.0,0.0,2,7,0.0024752475247524753,-4.98,0.15065913370998116,0.1353578154425612,0.0,12.0,120000.0,20000.0,22.0,3.0,0.0,1
177.0,6611,0.15065913370998116,0.1353578154425612,0.0,12.0,120000.0,20000.0,6.0,5.0,0.0,2,7,0.0024752475247524753,-4.98,0.15065913370998116,0.1353578154425612,0.0,12.0,120000.0,20000.0,6.0,5.0,0.0,1
177.0,7072,0.15065913370998116,0.1353578154425612,25.0,12.0,120000.0,20000.0,8.0,4.0,0.0,2,54,0.0024752475247524753,-4.975,0.15065913370998116,0.1353578154425612,25.0,12.0,120000.0,20000.0,8.0,4.0,0.0,1
177.0,7971,0.15065913370998116,0.1353578154425612,12.5,12.0,120000.0,20000.0,12.0,3.0,0.0,2,54,0.0024752475247524753,-4.98,0.15065913370998116,0.1353578154425612,12.5,12.0,120000.0,20000.0,12.0,3.0,0.0,1
177.0,8871,0.15065913370998116,0.1353578154425612,0.0,12.0,120000.0,0.0,0.0,3.0,0.0,1,78,0.0024752475247524753,-4.98,0.15065913370998116,0.1353578154425612,0.0,12.0,120000.0,0.0,0.0,3.0,0.0,1
177.0,9310,0.15065913370998116,0.1353578154425612,0.0,12.0,120000.0,0.0,0.0,6.0,0.0,1,78,0.0024752475247524753,-4.98,0.15065913370998116,0.1353578154425612,0.0,12.0,120000.0,0.0,0.0,6.0,0.0,1
177.0,9323,0.15065913370998116,0.1353578154425612,0.0,12.0,120000.0,0.0,0.0,6.0,0.0,1,92,0.0024752475247524753,-4.98,0.15065913370998116,0.1353578154425612,0.0,12.0,120000.0,0.0,0.0,6.0,0.0,1
177.0,11106,0.15065913370998116,0.1353578154425612,0.0,12.0,120000.0,0.0,0.0,4.0,0.0,1,92,0.0024752475247524753,-4.98,0.15065913370998116,0.1353578154425612,0.0,12.0,120000.0,0.0,0.0,4.0,0.0,1
177.0,12457,0.15065913370998116,0.1353578154425612,0.0,12.0,120000.0,0.0,0.0,4.0,0.0,2,84,0.0024752475247524753,-4.98,0.15065913370998116,0.1353578154425612,0.0,12.0,120000.0,0.0,0.0,4.0,0.0,1
178.0,958,0.149812734082397,0.13459737827715357,0.0,8.0,80000.0,20000.0,28.0,1.0,0.0,2,84,0.0024752475247524753,-4.98,0.149812734082397,0.13459737827715357,0.0,8.0,80000.0,20000.0,28.0,1.0,0.0,1
178.0,3463,0.149812734082397,0.13459737827715357,0.0,25.0,400000.0,20000.0,9.0,2.0,0.0,3,11,0.0024752475247524753,-4.98,0.149812734082397,0.13459737827715357,0.0,25.0,400000.0,20000.0,9.0,2.0,0.0,1
178.0,5265,0.149812734082397,0.13459737827715357,25.0,12.0,120000.0,20000.0,7.0,5.0,0.0,3,11,0.0024752475247524753,-4.975,0.149812734082397,0.13459737827715357,25.0,12.0,120000.0,20000.0,7.0,5.0,0.0,1
178.0,5274,0.149812734082397,0.13459737827715357,25.0,12.0,120000.0,20000.0,7.0,5.0,0.0,3,51,0.0024752475247524753,-4.975,0.149812734082397,0.13459737827715357,25.0,12.0,120000.0,20000.0,7.0,5.0,0.0,1
178.0,8859,0.149812734082397,0.13459737827715357,0.0,12.0,120000.0,0.0,0.0,3.0,0.0,3,51,0.0024752475247524753,-4.98,0.149812734082397,0.13459737827715357,0.0,12.0,120000.0,0.0,0.0,3.0,0.0,1
178.0,9777,0.149812734082397,0.13459737827715357,0.0,12.0,120000.0,0.0,0.0,3.0,0.0,3,73,0.0024752475247524753,-4.98,0.149812734082397,0.13459737827715357,0.0,12.0,120000.0,0.0,0.0,3.0,0.0,1
178.0,10664,0.149812734082397,0.13459737827715357,0.0,12.0,120000.0,0.0,0.0,4.0,0.0,3,73,0.0024752475247524753,-4.98,0.149812734082397,0.13459737827715357,0.0,12.0,120000.0,0.0,0.0,4.0,0.0,1
178.0,12016,0.149812734082397,0.13459737827715357,0.0,12.0,120000.0,0.0,0.0,1.0,0.0,3,25,0.0024752475247524753,-4.98,0.149812734082397,0.13459737827715357,0.0,12.0,120000.0,0.0,0.0,1.0,0.0,1
178.0,12020,0.149812734082397,0.13459737827715357,0.0,12.0,120000.0,0.0,0.0,1.0,0.0,3,25,0.0024752475247524753,-4.98,0.149812734082397,0.13459737827715357,0.0,12.0,120000.0,0.0,0.0,1.0,0.0,1
178.0,12470,0.149812734082397,0.13459737827715357,0.0,12.0,120000.0,0.0,0.0,4.0,0.0,2,84,0.0024752475247524753,-4.98,0.149812734082397,0.13459737827715357,0.0,12.0,120000.0,0.0,0.0,4.0,0.0,1
172.0,5262,0.15503875968992248,0.13929263565891473,12.5,12.0,120000.0,20000.0,6.0,5.0,0.0,0,0,0.0024752475247524753,9.749582916666666,0.14980430969396982,0.13458980949067603,0.0,12.0,120000.0,20000.0,5.0,5.0,0.0,0
172.0,5271,0.15503875968992248,0.13929263565891473,12.5,12.0,120000.0,20000.0,7.0,5.0,0.0,0,0,0.0024752475247524753,9.749582916666666,0.14980430969396982,0.13458980949067603,0.0,12.0,120000.0,20000.0,5.0,5.0,0.0,0
173.0,7070,0.15414258188824664,0.1384874759152216,0.0,12.0,120000.0,20000.0,6.0,4.0,0.0,0,0,0.0024752475247524753,9.74975,0.14897579143389197,0.13384543761638734,12.5,12.0,120000.0,20000.0,8.0,4.0,0.0,0
179.0,42,0.14897579143389197,0.13384543761638734,12.5,8.0,80000.0,20000.0,4.0,2.0,0.0,2,84,0.0024752475247524753,-4.98,0.14897579143389197,0.13384543761638734,12.5,8.0,80000.0,20000.0,4.0,2.0,0.0,1
179.0,1405,0.14897579143389197,0.13384543761638734,0.0,8.0,80000.0,0.0,0.0,5.0,0.0,2,84,0.0024752475247524753,-4.98,0.14897579143389197,0.13384543761638734,0.0,8.0,80000.0,0.0,0.0,5.0,0.0,1
179.0,1839,0.14897579143389197,0.13384543761638734,0.0,8.0,80000.0,0.0,0.0,4.0,0.0,2,84,0.0024752475247524753,-4.98,0.14897579143389197,0.13384543761638734,0.0,8.0,80000.0,0.0,0.0,4.0,0.0,1
179.0,2743,0.14897579143389197,0.13384543761638734,12.5,25.0,400000.0,20000.0,6.0,4.0,0.0,1,100,0.0024752475247524753,-4.98,0.14897579143389197,0.13384543761638734,12.5,25.0,400000.0,20000.0,6.0,4.0,0.0,1
179.0,3819,0.14897579143389197,0.13384543761638734,37.5,25.0,400000.0,20000.0,14.0,0.0,0.0,3,59,0.0024752475247524753,-4.9625,0.14897579143389197,0.13384543761638734,37.5,25.0,400000.0,20000.0,14.0,0.0,0.0,1
179.0,4896,0.14897579143389197,0.13384543761638734,0.0,25.0,400000.0,0.0,0.0,5.0,0.0,3,36,0.0024752475247524753,-4.98,0.14897579143389197,0.13384543761638734,0.0,25.0,400000.0,0.0,0.0,5.0,0.0,1
179.0,6166,0.14897579143389197,0.13384543761638734,0.0,12.0,120000.0,20000.0,22.0,3.0,0.0,1,94,0.0024752475247524753,-4.98025,0.14897579143389197,0.13384543761638734,0.0,12.0,120000.0,20000.0,22.0,3.0,0.0,1
179.0,6612,0.14897579143389197,0.13384543761638734,0.0,12.0,120000.0,20000.0,6.0,5.0,0.0,3,21,0.0024752475247524753,-4.98,0.14897579143389197,0.13384543761638734,0.0,12.0,120000.0,20000.0,6.0,5.0,0.0,1
179.0,8872,0.14897579143389197,0.13384543761638734,0.0,12.0,120000.0,0.0,0.0,3.0,0.0,2,21,0.0024752475247524753,-4.98,0.14897579143389197,0.13384543761638734,0.0,12.0,120000.0,0.0,0.0,3.0,0.0,1
179.0,9311,0.14897579143389197,0.13384543761638734,0.0,12.0,120000.0,0.0,0.0,6.0,0.0,1,75,0.0024752475247524753,-4.98,0.14897579143389197,0.13384543761638734,0.0,12.0,120000.0,0.0,0.0,6.0,0.0,1
179.0,9324,0.14897579143389197,0.13384543761638734,0.0,12.0,120000.0,0.0,0.0,6.0,0.0,1,75,0.0024752475247524753,-4.98,0.14897579143389197,0.13384543761638734,0.0,12.0,120000.0,0.0,0.0,6.0,0.0,1
179.0,11107,0.14897579143389197,0.13384543761638734,0.0,12.0,120000.0,0.0,0.0,4.0,0.0,1,7,0.0024752475247524753,-4.98,0.14897579143389197,0.13384543761638734,0.0,12.0,120000.0,0.0,0.0,4.0,0.0,1
179.0,12458,0.14897579143389197,0.13384543761638734,0.0,12.0,120000.0,0.0,0.0,4.0,0.0,1,7,0.0024752475247524753,-4.98,0.14897579143389197,0.13384543761638734,0.0,12.0,120000.0,0.0,0.0,4.0,0.0,1
180.0,959,0.14814814814814814,0.13310185185185186,0.0,8.0,80000.0,20000.0,28.0,1.0,0.0,3,33,0.0024752475247524753,-4.98,0.14814814814814814,0.13310185185185186,0.0,8.0,80000.0,20000.0,28.0,1.0,0.0,1
180.0,3090,0.14814814814814814,0.13310185185185186,0.0,25.0,400000.0,0.0,0.0,5.0,0.0,3,33,0.0024752475247524753,-4.98,0.14814814814814814,0.13310185185185186,0.0,25.0,400000.0,0.0,0.0,5.0,0.0,1
180.0,8860,0.14814814814814814,0.13310185185185186,0.0,12.0,120000.0,0.0,0.0,3.0,0.0,3,95,0.0024752475247524753,-4.98,0.14814814814814814,0.13310185185185186,0.0,12.0,120000.0,0.0,0.0,3.0,0.0,1
180.0,9778,0.14814814814814814,0.13310185185185186,0.0,12.0,120000.0,0.0,0.0,3.0,0.0,3,95,0.0024752475247524753,-4.98,0.14814814814814814,0.13310185185185186,0.0,12.0,120000.0,0.0,0.0,3.0,0.0,1
180.0,10665,0.14814814814814814,0.13310185185185186,0.0,12.0,120000.0,0.0,0.0,4.0,0.0,3,95,0.0024752475247524753,-4.98,0.14814814814814814,0.13310185185185186,0.0,12.0,120000.0,0.0,0.0,4.0,0.0,1
180.0,12017,0.14814814814814814,0.13310185185185186,0.0,12.0,120000.0,0.0,0.0,1.0,0.0,3,95,0.0024752475247524753,-4.98,0.14814814814814814,0.13310185185185186,0.0,12.0,120000.0,0.0,0.0,1.0,0.0,1
180.0,12021,0.14814814814814814,0.13310185185185186,0.0,12.0,120000.0,0.0,0.0,1.0,0.0,2,11,0.0024752475247524753,-4.98,0.14814814814814814,0.13310185185185186,0.0,12.0,120000.0,0.0,0.0,1.0,0.0,1
180.0,12471,0.14814814814814814,0.13310185185185186,0.0,12.0,120000.0,0.0,0.0,4.0,0.0,2,11,0.0024752475247524753,-4.98,0.14814814814814814,0.13310185185185186,0.0,12.0,120000.0,0.0,0.0,4.0,0.0,1
161.0,3813,0.16563146997929606,0.1488095238095238,0.0,25.0,400000.0,20000.0,10.0,0.0,0.0,0,0,0.0024752475247524753,9.599499999999999,0.14732965009208102,0.13236648250460406,25.0,25.0,400000.0,20000.0,13.0,0.0,0.0,0
177.0,41,0.15065913370998116,0.1353578154425612,0.0,8.0,80000.0,20000.0,3.0,2.0,0.0,1,18,0.0024752475247524753,9.77,0.14732965009208102,0.13236648250460406,0.0,8.0,80000.0,20000.0,3.0,2.0,0.0,0
175.0,7970,0.1523809523809524,0.13690476190476192,0.0,12.0,120000.0,20000.0,11.0,3.0,0.0,0,0,0.0024752475247524753,9.74975,0.14732965009208102,0.13236648250460406,12.5,12.0,120000.0,20000.0,13.0,3.0,0.0,0
181.0,43,0.14732965009208102,0.13236648250460406,0.0,8.0,80000.0,20000.0,3.0,2.0,0.0,3,82,0.0024752475247524753,-4.98,0.14732965009208102,0.13236648250460406,0.0,8.0,80000.0,20000.0,3.0,2.0,0.0,1
181.0,1406,0.14732965009208102,0.13236648250460406,0.0,8.0,80000.0,0.0,0.0,5.0,0.0,3,82,0.0024752475247524753,-4.98,0.14732965009208102,0.13236648250460406,0.0,8.0,80000.0,0.0,0.0,5.0,0.0,1
181.0,1840,0.14732965009208102,0.13236648250460406,0.0,8.0,80000.0,0.0,0.0,4.0,0.0,3,82,0.0024752475247524753,-4.98,0.14732965009208102,0.13236648250460406,0.0,8.0,80000.0,0.0,0.0,4.0,0.0,1
181.0,2300,0.14732965009208102,0.13236648250460406,0.0,8.0,80000.0,0.0,0.0,5.0,0.0,3,82,0.0024752475247524753,-4.98,0.14732965009208102,0.13236648250460406,0.0,8.0,80000.0,0.0,0.0,5.0,0.0,1
181.0,3464,0.14732965009208102,0.13236648250460406,0.0,25.0,400000.0,20000.0,9.0,2.0,0.0,3,82,0.0024752475247524753,-4.98,0.14732965009208102,0.13236648250460406,0.0,25.0,400000.0,20000.0,9.0,2.0,0.0,1
181.0,6167,0.14732965009208102,0.13236648250460406,0.0,12.0,120000.0,20000.0,22.0,3.0,0.0,3,80,0.0024752475247524753,-4.98,0.14732965009208102,0.13236648250460406,0.0,12.0,120000.0,20000.0,22.0,3.0,0.0,1
181.0,6613,0.14732965009208102,0.13236648250460406,0.0,12.0,120000.0,20000.0,6.0,5.0,0.0,3,80,0.0024752475247524753,-4.98,0.14732965009208102,0.13236648250460406,0.0,12.0,120000.0,20000.0,6.0,5.0,0.0,1
181.0,7074,0.14732965009208102,0.13236648250460406,25.0,12.0,120000.0,20000.0,8.0,4.0,0.0,1,26,0.0024752475247524753,-4.975,0.14732965009208102,0.13236648250460406,25.0,12.0,120000.0,20000.0,8.0,4.0,0.0,1
181.0,7521,0.14732965009208102,0.13236648250460406,12.5,12.0,120000.0,20000.0,8.0,5.0,0.0,1,26,0.0024752475247524753,-4.98,0.14732965009208102,0.13236648250460406,12.5,12.0,120000.0,20000.0,8.0,5.0,0.0,1
181.0,8873,0.14732965009208102,0.13236648250460406,0.0,12.0,120000.0,0.0,0.0,3.0,0.0,3,26,0.0024752475247524753,-4.98,0.14732965009208102,0.13236648250460406,0.0,12.0,120000.0,0.0,0.0,3.0,0.0,1
181.0,9312,0.14732965009208102,0.13236648250460406,0.0,12.0,120000.0,0.0,0.0,6.0,0.0,3,86,0.0024752475247524753,-4.98,0.14732965009208102,0.13236648250460406,0.0,12.0,120000.0,0.0,0.0,6.0,0.0,1
181.0,9325,0.14732965009208102,0.13236648250460406,0.0,12.0,120000.0,0.0,0.0,6.0,0.0,3,86,0.0024752475247524753,-4.98,0.14732965009208102,0.13236648250460406,0.0,12.0,120000.0,0.0,0.0,6.0,0.0,1
181.0,11108,0.14732965009208102,0.13236648250460406,0.0,12.0,120000.0,0.0,0.0,4.0,0.0,3,86,0.0024752475247524753,-4.98,0.14732965009208102,0.13236648250460406,0.0,12.0,120000.0,0.0,0.0,4.0,0.0,1
181.0,12459,0.14732965009208102,0.13236648250460406,0.0,12.0,120000.0,0.0,0.0,4.0,0.0,3,86,0.0024752475247524753,-4.98,0.14732965009208102,0.13236648250460406,0.0,12.0,120000.0,0.0,0.0,4.0,0.0,1
175.0,7071,0.1523809523809524,0.13690476190476192,12.5,12.0,120000.0,20000.0,7.0,4.0,0.0,0,0,0.0024752475247524753,9.749332916666667,0.14732150264323318,0.1323591625310298,12.5,12.0,120000.0,20000.0,7.0,4.0,0.0,0
182.0,960,0.14652014652014653,0.13163919413919414,0.0,8.0,80000.0,20000.0,28.0,1.0,0.0,1,35,0.0024752475247524753,-4.98,0.14652014652014653,0.13163919413919414,0.0,8.0,80000.0,20000.0,28.0,1.0,0.0,1
182.0,2744,0.14652014652014653,0.13163919413919414,12.5,25.0,400000.0,20000.0,6.0,4.0,0.0,1,35,0.0024752475247524753,-4.98,0.14652014652014653,0.13163919413919414,12.5,25.0,400000.0,20000.0,6.0,4.0,0.0,1
182.0,4897,0.14652014652014653,0.13163919413919414,0.0,25.0,400000.0,0.0,0.0,5.0,0.0,3,75,0.0024752475247524753,-4.98,0.14652014652014653,0.13163919413919414,0.0,25.0,400000.0,0.0,0.0,5.0,0.0,1
182.0,5267,0.14652014652014653,0.13163919413919414,25.0,12.0,120000.0,20000.0,7.0,5.0,0.0,3,75,0.0024752475247524753,-4.975,0.14652014652014653,0.13163919413919414,25.0,12.0,120000.0,20000.0,7.0,5.0,0.0,1
182.0,5276,0.14652014652014653,0.13163919413919414,25.0,12.0,120000.0,20000.0,7.0,5.0,0.0,3,5,0.0024752475247524753,-4.975,0.14652014652014653,0.13163919413919414,25.0,12.0,120000.0,20000.0,7.0,5.0,0.0,1
182.0,8861,0.14652014652014653,0.13163919413919414,0.0,12.0,120000.0,0.0,0.0,3.0,0.0,3,12,0.0024752475247524753,-4.98,0.14652014652014653,0.13163919413919414,0.0,12.0,120000.0,0.0,0.0,3.0,0.0,1
182.0,9779,0.14652014652014653,0.13163919413919414,0.0,12.0,120000.0,0.0,0.0,3.0,0.0,3,62,0.0024752475247524753,-4.98,0.14652014652014653,0.13163919413919414,0.0,12.0,120000.0,0.0,0.0,3.0,0.0,1
182.0,10666,0.14652014652014653,0.13163919413919414,0.0,12.0,120000.0,0.0,0.0,4.0,0.0,3,99,0.0024752475247524753,-4.98,0.14652014652014653,0.13163919413919414,0.0,12.0,120000.0,0.0,0.0,4.0,0.0,1
182.0,10670,0.14652014652014653,0.13163919413919414,0.0,12.0,120000.0,0.0,0.0,4.0,0.0,3,99,0.0024752475247524753,-4.98,0.14652014652014653,0.13163919413919414,0.0,12.0,120000.0,0.0,0.0,4.0,0.0,1
182.0,12018,0.14652014652014653,0.13163919413919414,0.0,12.0,120000.0,0.0,0.0,1.0,0.0,2,24,0.0024752475247524753,-4.98,0.14652014652014653,0.13163919413919414,0.0,12.0,120000.0,0.0,0.0,1.0,0.0,1
182.0,12022,0.14652014652014653,0.13163919413919414,0.0,12.0,120000.0,0.0,0.0,1.0,0.0,2,24,0.0024752475247524753,-4.98,0.14652014652014653,0.13163919413919414,0.0,12.0,120000.0,0.0,0.0,1.0,0.0,1
182.0,12472,0.14652014652014653,0.13163919413919414,0.0,12.0,120000.0,0.0,0.0,4.0,0.0,3,37,0.0024752475247524753,-4.98,0.14652014652014653,0.13163919413919414,0.0,12.0,120000.0,0.0,0.0,4.0,0.0,1
162.0,4535,0.1646090534979424,0.1478909465020576,12.5,25.0,400000.0,20000.0,3.0,3.0,0.0,1,81,0.0024752475247524753,9.6197998,0.14651208835528698,0.13163195438170316,0.0,25.0,400000.0,20000.0,3.0,3.0,0.0,0
183.0,44,0.14571948998178508,0.13091985428051003,0.0,8.0,80000.0,20000.0,3.0,2.0,0.0,3,37,0.0024752475247524753,-4.98,0.14571948998178508,0.13091985428051003,0.0,8.0,80000.0,20000.0,3.0,2.0,0.0,1
183.0,1407,0.14571948998178508,0.13091985428051003,0.0,8.0,80000.0,0.0,0.0,5.0,0.0,3,37,0.0024752475247524753,-4.98,0.14571948998178508,0.13091985428051003,0.0,8.0,80000.0,0.0,0.0,5.0,0.0,1
183.0,1841,0.14571948998178508,0.13091985428051003,0.0,8.0,80000.0,0.0,0.0,4.0,0.0,3,37,0.0024752475247524753,-4.98,0.14571948998178508,0.13091985428051003,0.0,8.0,80000.0,0.0,0.0,4.0,0.0,1
183.0,2301,0.14571948998178508,0.13091985428051003,0.0,8.0,80000.0,0.0,0.0,5.0,0.0,3,63,0.0024752475247524753,-4.98,0.14571948998178508,0.13091985428051003,0.0,8.0,80000.0,0.0,0.0,5.0,0.0,1
183.0,3091,0.14571948998178508,0.13091985428051003,0.0,25.0,400000.0,0.0,0.0,5.0,0.0,3,63,0.0024752475247524753,-4.98,0.14571948998178508,0.13091985428051003,0.0,25.0,400000.0,0.0,0.0,5.0,0.0,1
183.0,6168,0.14571948998178508,0.13091985428051003,0.0,12.0,120000.0,20000.0,22.0,3.0,0.0,1,11,0.0024752475247524753,-4.98,0.14571948998178508,0.13091985428051003,0.0,12.0,120000.0,20000.0,23.0,3.0,0.0,1
183.0,6614,0.14571948998178508,0.13091985428051003,0.0,12.0,120000.0,20000.0,6.0,5.0,0.0,1,11,0.0024752475247524753,-4.98,0.14571948998178508,0.13091985428051003,0.0,12.0,120000.0,20000.0,6.0,5.0,0.0,1
183.0,7075,0.14571948998178508,0.13091985428051003,12.5,12.0,120000.0,20000.0,7.0,4.0,0.0,1,4,0.0024752475247524753,-4.98,0.14571948998178508,0.13091985428051003,12.5,12.0,120000.0,20000.0,7.0,4.0,0.0,1
183.0,7522,0.14571948998178508,0.13091985428051003,12.5,12.0,120000.0,20000.0,8.0,5.0,0.0,1,4,0.0024752475247524753,-4.98,0.14571948998178508,0.13091985428051003,12.5,12.0,120000.0,20000.0,8.0,5.0,0.0,1
183.0,8874,0.14571948998178508,0.13091985428051003,0.0,12.0,120000.0,0.0,0.0,3.0,0.0,1,4,0.0024752475247524753,-4.98,0.14571948998178508,0.13091985428051003,0.0,12.0,120000.0,0.0,0.0,3.0,0.0,1
183.0,9313,0.14571948998178508,0.13091985428051003,0.0,12.0,120000.0,0.0,0.0,6.0,0.0,3,44,0.0024752475247524753,-4.98,0.14571948998178508,0.13091985428051003,0.0,12.0,120000.0,0.0,0.0,6.0,0.0,1
183.0,9326,0.14571948998178508,0.13091985428051003,0.0,12.0,120000.0,0.0,0.0,6.0,0.0,3,21,0.0024752475247524753,-4.98,0.14571948998178508,0.13091985428051003,0.0,12.0,120000.0,0.0,0.0,6.0,0.0,1
183.0,11109,0.14571948998178508,0.13091985428051003,0.0,12.0,120000.0,0.0,0.0,4.0,0.0,3,21,0.0024752475247524753,-4.98,0.14571948998178508,0.13091985428051003,0.0,12.0,120000.0,0.0,0.0,4.0,0.0,1
183.0,12460,0.14571948998178508,0.13091985428051003,0.0,12.0,120000.0,0.0,0.0,4.0,0.0,3,21,0.0024752475247524753,-4.98,0.14571948998178508,0.13091985428051003,0.0,12.0,120000.0,0.0,0.0,4.0,0.0,1
184.0,961,0.14492753623188406,0.13020833333333331,0.0,8.0,80000.0,20000.0,28.0,1.0,0.0,3,47,0.0024752475247524753,-4.98,0.14492753623188406,0.13020833333333331,0.0,8.0,80000.0,20000.0,28.0,1.0,0.0,1
184.0,3465,0.14492753623188406,0.13020833333333331,0.0,25.0,400000.0,20000.0,9.0,2.0,0.0,3,47,0.0024752475247524753,-4.98,0.14492753623188406,0.13020833333333331,0.0,25.0,400000.0,20000.0,9.0,2.0,0.0,1
184.0,5268,0.14492753623188406,0.13020833333333331,25.0,12.0,120000.0,20000.0,7.0,5.0,0.0,2,87,0.0024752475247524753,-4.975,0.14492753623188406,0.13020833333333331,25.0,12.0,120000.0,20000.0,7.0,5.0,0.0,1
184.0,5277,0.14492753623188406,0.13020833333333331,25.0,12.0,120000.0,20000.0,7.0,5.0,0.0,2,87,0.0024752475247524753,-4.975,0.14492753623188406,0.13020833333333331,25.0,12.0,120000.0,20000.0,7.0,5.0,0.0,1
184.0,8862,0.14492753623188406,0.13020833333333331,0.0,12.0,120000.0,0.0,0.0,3.0,0.0,3,16,0.0024752475247524753,-4.98,0.14492753623188406,0.13020833333333331,0.0,12.0,120000.0,0.0,0.0,3.0,0.0,1
184.0,9780,0.14492753623188406,0.13020833333333331,0.0,12.0,120000.0,0.0,0.0,3.0,0.0,3,16,0.0024752475247524753,-4.98,0.14492753623188406,0.13020833333333331,0.0,12.0,120000.0,0.0,0.0,3.0,0.0,1
184.0,10667,0.14492753623188406,0.13020833333333331,0.0,12.0,120000.0,0.0,0.0,4.0,0.0,1,94,0.0024752475247524753,-4.98,0.14492753623188406,0.13020833333333331,0.0,12.0,120000.0,0.0,0.0,4.0,0.0,1
184.0,10671,0.14492753623188406,0.13020833333333331,0.0,12.0,120000.0,0.0,0.0,4.0,0.0,1,94,0.0024752475247524753,-4.98,0.14492753623188406,0.13020833333333331,0.0,12.0,120000.0,0.0,0.0,4.0,0.0,1
184.0,12019,0.14492753623188406,0.13020833333333331,0.0,12.0,120000.0,0.0,0.0,1.0,0.0,1,65,0.0024752475247524753,-4.9807500000000005,0.14492753623188406,0.13020833333333331,0.0,12.0,120000.0,0.0,0.0,1.0,0.0,1
184.0,12023,0.14492753623188406,0.13020833333333331,0.0,12.0,120000.0,0.0,0.0,1.0,0.0,1,65,0.0024752475247524753,-4.9807500000000005,0.14492753623188406,0.13020833333333331,0.0,12.0,120000.0,0.0,0.0,1.0,0.0,1
184.0,12473,0.14492753623188406,0.13020833333333331,0.0,12.0,120000.0,0.0,0.0,4.0,0.0,1,66,0.0024752475247524753,-4.98,0.14492753623188406,0.13020833333333331,0.0,12.0,120000.0,0.0,0.0,4.0,0.0,1
179.0,7520,0.14897579143389197,0.13384543761638734,0.0,12.0,120000.0,20000.0,7.0,5.0,0.0,0,0,0.0024752475247524753,9.75,0.14414414414414414,0.12950450450450451,0.0,12.0,120000.0,20000.0,8.0,5.0,0.0,0
185.0,1408,0.14414414414414414,0.12950450450450451,0.0,8.0,80000.0,0.0,0.0,5.0,0.0,1,2,0.0024752475247524753,-4.98,0.14414414414414414,0.12950450450450451,0.0,8.0,80000.0,0.0,0.0,5.0,0.0,1
185.0,1842,0.14414414414414414,0.12950450450450451,0.0,8.0,80000.0,0.0,0.0,4.0,0.0,1,2,0.0024752475247524753,-4.98,0.14414414414414414,0.12950450450450451,0.0,8.0,80000.0,0.0,0.0,4.0,0.0,1
185.0,2302,0.14414414414414414,0.12950450450450451,0.0,8.0,80000.0,0.0,0.0,5.0,0.0,2,88,0.0024752475247524753,-4.98,0.14414414414414414,0.12950450450450451,0.0,8.0,80000.0,0.0,0.0,5.0,0.0,1
185.0,2745,0.14414414414414414,0.12950450450450451,12.5,25.0,400000.0,20000.0,6.0,4.0,0.0,1,64,0.0024752475247524753,-4.98,0.14414414414414414,0.12950450450450451,12.5,25.0,400000.0,20000.0,6.0,4.0,0.0,1
185.0,4898,0.14414414414414414,0.12950450450450451,0.0,25.0,400000.0,0.0,0.0,5.0,0.0,1,64,0.0024752475247524753,-4.98,0.14414414414414414,0.12950450450450451,0.0,25.0,400000.0,0.0,0.0,5.0,0.0,1
185.0,4900,0.14414414414414414,0.12950450450450451,0.0,25.0,400000.0,0.0,0.0,5.0,0.0,3,54,0.0024752475247524753,-4.98,0.14414414414414414,0.12950450450450451,0.0,25.0,400000.0,0.0,0.0,5.0,0.0,1
185.0,6169,0.14414414414414414,0.12950450450450451,0.0,12.0,120000.0,20000.0,23.0,3.0,0.0,3,54,0.0024752475247524753,-4.98,0.14414414414414414,0.12950450450450451,0.0,12.0,120000.0,20000.0,23.0,3.0,0.0,1
185.0,6615,0.14414414414414414,0.12950450450450451,0.0,12.0,120000.0,20000.0,6.0,5.0,0.0,3,5,0.0024752475247524753,-4.98,0.14414414414414414,0.12950450450450451,0.0,12.0,120000.0,20000.0,6.0,5.0,0.0,1
185.0,6620,0.14414414414414414,0.12950450450450451,0.0,12.0,120000.0,20000.0,6.0,5.0,0.0,3,5,0.0024752475247524753,-4.98,0.14414414414414414,0.12950450450450451,0.0,12.0,120000.0,20000.0,6.0,5.0,0.0,1
185.0,7076,0.14414414414414414,0.12950450450450451,12.5,12.0,120000.0,20000.0,7.0,4.0,0.0,1,99,0.0024752475247524753,-4.98,0.14414414414414414,0.12950450450450451,12.5,12.0,120000.0,20000.0,7.0,4.0,0.0,1
185.0,7523,0.14414414414414414,0.12950450450450451,0.0,12.0,120000.0,20000.0,8.0,5.0,0.0,1,99,0.0024752475247524753,-4.98,0.14414414414414414,0.12950450450450451,0.0,12.0,120000.0,20000.0,8.0,5.0,0.0,1
185.0,7975,0.14414414414414414,0.12950450450450451,37.5,12.0,120000.0,20000.0,16.0,3.0,0.0,3,29,0.0024752475247524753,-4.9625,0.14414414414414414,0.12950450450450451,37.5,12.0,120000.0,20000.0,16.0,3.0,0.0,1
185.0,8875,0.14414414414414414,0.12950450450450451,0.0,12.0,120000.0,0.0,0.0,3.0,0.0,3,29,0.0024752475247524753,-4.98,0.14414414414414414,0.12950450450450451,0.0,12.0,120000.0,0.0,0.0,3.0,0.0,1
185.0,9314,0.14414414414414414,0.12950450450450451,0.0,12.0,120000.0,0.0,0.0,6.0,0.0,3,40,0.0024752475247524753,-4.98,0.14414414414414414,0.12950450450450451,0.0,12.0,120000.0,0.0,0.0,6.0,0.0,1
185.0,9327,0.14414414414414414,0.12950450450450451,0.0,12.0,120000.0,0.0,0.0,6.0,0.0,3,40,0.0024752475247524753,-4.98,0.14414414414414414,0.12950450450450451,0.0,12.0,120000.0,0.0,0.0,6.0,0.0,1
185.0,10220,0.14414414414414414,0.12950450450450451,0.0,12.0,120000.0,0.0,0.0,2.0,0.0,3,10,0.0024752475247524753,-4.98,0.14414414414414414,0.12950450450450451,0.0,12.0,120000.0,0.0,0.0,2.0,0.0,1
185.0,11110,0.14414414414414414,0.12950450450450451,0.0,12.0,120000.0,0.0,0.0,4.0,0.0,2,1,0.0024752475247524753,-4.98,0.14414414414414414,0.12950450450450451,0.0,12.0,120000.0,0.0,0.0,4.0,0.0,1
185.0,12461,0.14414414414414414,0.12950450450450451,0.0,12.0,120000.0,0.0,0.0,4.0,0.0,3,95,0.0024752475247524753,-4.98,0.14414414414414414,0.12950450450450451,0.0,12.0,120000.0,0.0,0.0,4.0,0.0,1
179.0,7073,0.14897579143389197,0.13384543761638734,12.5,12.0,120000.0,20000.0,7.0,4.0,0.0,0,0,0.0024752475247524753,9.749582916666666,0.1441363451991958,0.12949749763990248,0.0,12.0,120000.0,20000.0,6.0,4.0,0.0,0
179.0,7972,0.14897579143389197,0.13384543761638734,12.5,12.0,120000.0,20000.0,12.0,3.0,0.0,0,0,0.0024752475247524753,9.749082916666666,0.1441363451991958,0.12949749763990248,25.0,12.0,120000.0,20000.0,15.0,3.0,0.0,0
180.0,5266,0.14814814814814814,0.13310185185185186,0.0,12.0,120000.0,20000.0,5.0,5.0,0.0,0,0,0.0024752475247524753,9.75,0.14336917562724014,0.12880824372759858,0.0,12.0,120000.0,20000.0,6.0,5.0,0.0,0
180.0,5275,0.14814814814814814,0.13310185185185186,0.0,12.0,120000.0,20000.0,6.0,5.0,0.0,0,0,0.0024752475247524753,9.75,0.14336917562724014,0.12880824372759858,0.0,12.0,120000.0,20000.0,6.0,5.0,0.0,0
186.0,962,0.14336917562724014,0.12880824372759858,0.0,8.0,80000.0,20000.0,28.0,1.0,0.0,1,8,0.0024752475247524753,-4.98,0.14336917562724014,0.12880824372759858,0.0,8.0,80000.0,20000.0,28.0,1.0,0.0,1
186.0,3092,0.14336917562724014,0.12880824372759858,0.0,25.0,400000.0,0.0,0.0,5.0,0.0,2,15,0.0024752475247524753,-4.98,0.14336917562724014,0.12880824372759858,0.0,25.0,400000.0,0.0,0.0,5.0,0.0,1
186.0,5269,0.14336917562724014,0.12880824372759858,0.0,12.0,120000.0,20000.0,5.0,5.0,0.0,2,15,0.0024752475247524753,-4.98,0.14336917562724014,0.12880824372759858,0.0,12.0,120000.0,20000.0,6.0,5.0,0.0,1
186.0,8863,0.14336917562724014,0.12880824372759858,0.0,12.0,120000.0,0.0,0.0,3.0,0.0,1,6,0.0024752475247524753,-4.98,0.14336917562724014,0.12880824372759858,0.0,12.0,120000.0,0.0,0.0,3.0,0.0,1
186.0,9781,0.14336917562724014,0.12880824372759858,0.0,12.0,120000.0,0.0,0.0,3.0,0.0,2,89,0.0024752475247524753,-4.98,0.14336917562724014,0.12880824372759858,0.0,12.0,120000.0,0.0,0.0,3.0,0.0,1
186.0,10668,0.14336917562724014,0.12880824372759858,0.0,12.0,120000.0,0.0,0.0,4.0,0.0,2,89,0.0024752475247524753,-4.98,0.14336917562724014,0.12880824372759858,0.0,12.0,120000.0,0.0,0.0,4.0,0.0,1
186.0,10672,0.14336917562724014,0.12880824372759858,0.0,12.0,120000.0,0.0,0.0,4.0,0.0,2,89,0.0024752475247524753,-4.98,0.14336917562724014,0.12880824372759858,0.0,12.0,120000.0,0.0,0.0,4.0,0.0,1
186.0,11120,0.14336917562724014,0.12880824372759858,0.0,12.0,120000.0,0.0,0.0,4.0,0.0,2,89,0.0024752475247524753,-4.98,0.14336917562724014,0.12880824372759858,0.0,12.0,120000.0,0.0,0.0,4.0,0.0,1
186.0,12024,0.14336917562724014,0.12880824372759858,0.0,12.0,120000.0,0.0,0.0,1.0,0.0,3,64,0.0024752475247524753,-4.98,0.14336917562724014,0.12880824372759858,0.0,12.0,120000.0,0.0,0.0,1.0,0.0,1
186.0,12474,0.14336917562724014,0.12880824372759858,0.0,12.0,120000.0,0.0,0.0,4.0,0.0,3,64,0.0024752475247524753,-4.98,0.14336917562724014,0.12880824372759858,0.0,12.0,120000.0,0.0,0.0,4.0,0.0,1
187.0,46,0.14260249554367202,0.12811942959001782,12.5,8.0,80000.0,20000.0,4.0,2.0,0.0,3,65,0.0024752475247524753,-4.98,0.14260249554367202,0.12811942959001782,12.5,8.0,80000.0,20000.0,4.0,2.0,0.0,1
187.0,1409,0.14260249554367202,0.12811942959001782,0.0,8.0,80000.0,0.0,0.0,5.0,0.0,3,65,0.0024752475247524753,-4.98,0.14260249554367202,0.12811942959001782,0.0,8.0,80000.0,0.0,0.0,5.0,0.0,1
187.0,1843,0.14260249554367202,0.12811942959001782,0.0,8.0,80000.0,0.0,0.0,4.0,0.0,2,15,0.0024752475247524753,-4.98,0.14260249554367202,0.12811942959001782,0.0,8.0,80000.0,0.0,0.0,4.0,0.0,1
187.0,2303,0.14260249554367202,0.12811942959001782,0.0,8.0,80000.0,0.0,0.0,5.0,0.0,2,15,0.0024752475247524753,-4.98,0.14260249554367202,0.12811942959001782,0.0,8.0,80000.0,0.0,0.0,5.0,0.0,1
187.0,3100,0.14260249554367202,0.12811942959001782,0.0,25.0,400000.0,0.0,0.0,5.0,0.0,1,44,0.0024752475247524753,-4.98,0.14260249554367202,0.12811942959001782,0.0,25.0,400000.0,0.0,0.0,5.0,0.0,1
187.0,4180,0.14260249554367202,0.12811942959001782,0.0,25.0,400000.0,0.0,0.0,1.0,0.0,3,96,0.0024752475247524753,-4.98,0.14260249554367202,0.12811942959001782,0.0,25.0,400000.0,0.0,0.0,1.0,0.0,1
187.0,6616,0.14260249554367202,0.12811942959001782,0.0,12.0,120000.0,20000.0,6.0,5.0,0.0,3,96,0.0024752475247524753,-4.98,0.14260249554367202,0.12811942959001782,0.0,12.0,120000.0,20000.0,6.0,5.0,0.0,1
187.0,6621,0.14260249554367202,0.12811942959001782,0.0,12.0,120000.0,20000.0,6.0,5.0,0.0,2,79,0.0024752475247524753,-4.98,0.14260249554367202,0.12811942959001782,0.0,12.0,120000.0,20000.0,6.0,5.0,0.0,1
187.0,7077,0.14260249554367202,0.12811942959001782,0.0,12.0,120000.0,20000.0,6.0,4.0,0.0,2,79,0.0024752475247524753,-4.98,0.14260249554367202,0.12811942959001782,0.0,12.0,120000.0,20000.0,7.0,4.0,0.0,1
187.0,7524,0.14260249554367202,0.12811942959001782,0.0,12.0,120000.0,20000.0,8.0,5.0,0.0,3,33,0.0024752475247524753,-4.98,0.14260249554367202,0.12811942959001782,0.0,12.0,120000.0,20000.0,8.0,5.0,0.0,1
187.0,7976,0.14260249554367202,0.12811942959001782,25.0,12.0,120000.0,20000.0,15.0,3.0,0.0,3,33,0.0024752475247524753,-4.975,0.14260249554367202,0.12811942959001782,25.0,12.0,120000.0,20000.0,15.0,3.0,0.0,1
187.0,8876,0.14260249554367202,0.12811942959001782,0.0,12.0,120000.0,0.0,0.0,3.0,0.0,1,33,0.0024752475247524753,-4.98,0.14260249554367202,0.12811942959001782,0.0,12.0,120000.0,0.0,0.0,3.0,0.0,1
187.0,9315,0.14260249554367202,0.12811942959001782,0.0,12.0,120000.0,0.0,0.0,6.0,0.0,1,33,0.0024752475247524753,-4.98,0.14260249554367202,0.12811942959001782,0.0,12.0,120000.0,0.0,0.0,6.0,0.0,1
187.0,9328,0.14260249554367202,0.12811942959001782,0.0,12.0,120000.0,0.0,0.0,6.0,0.0,3,51,0.0024752475247524753,-4.98,0.14260249554367202,0.12811942959001782,0.0,12.0,120000.0,0.0,0.0,6.0,0.0,1
187.0,10221,0.14260249554367202,0.12811942959001782,0.0,12.0,120000.0,0.0,0.0,2.0,0.0,3,51,0.0024752475247524753,-4.98,0.14260249554367202,0.12811942959001782,0.0,12.0,120000.0,0.0,0.0,2.0,0.0,1
187.0,11111,0.14260249554367202,0.12811942959001782,0.0,12.0,120000.0,0.0,0.0,4.0,0.0,3,51,0.0024752475247524753,-4.98,0.14260249554367202,0.12811942959001782,0.0,12.0,120000.0,0.0,0.0,4.0,0.0,1
187.0,12462,0.14260249554367202,0.12811942959001782,0.0,12.0,120000.0,0.0,0.0,4.0,0.0,3,51,0.0024752475247524753,-4.98,0.14260249554367202,0.12811942959001782,0.0,12.0,120000.0,0.0,0.0,4.0,0.0,1
181.0,7973,0.14732965009208102,0.13236648250460406,12.5,12.0,120000.0,20000.0,12.0,3.0,0.0,0,0,0.0024752475247524753,9.749332916666667,0.1425948625245604,0.12811257179940974,12.5,12.0,120000.0,20000.0,14.0,3.0,0.0,0
188.0,963,0.14184397163120568,0.12743794326241137,0.0,8.0,80000.0,20000.0,28.0,1.0,0.0,3,13,0.0024752475247524753,-4.98,0.14184397163120568,0.12743794326241137,0.0,8.0,80000.0,20000.0,28.0,1.0,0.0,1
188.0,2746,0.14184397163120568,0.12743794326241137,12.5,25.0,400000.0,20000.0,6.0,4.0,0.0,3,76,0.0024752475247524753,-4.98,0.14184397163120568,0.12743794326241137,12.5,25.0,400000.0,20000.0,6.0,4.0,0.0,1
188.0,4899,0.14184397163120568,0.12743794326241137,0.0,25.0,400000.0,0.0,0.0,5.0,0.0,3,96,0.0024752475247524753,-4.98,0.14184397163120568,0.12743794326241137,0.0,25.0,400000.0,0.0,0.0,5.0,0.0,1
188.0,4901,0.14184397163120568,0.12743794326241137,0.0,25.0,400000.0,0.0,0.0,5.0,0.0,3,96,0.0024752475247524753,-4.98,0.14184397163120568,0.12743794326241137,0.0,25.0,400000.0,0.0,0.0,5.0,0.0,1
188.0,5279,0.14184397163120568,0.12743794326241137,12.5,12.0,120000.0,20000.0,6.0,5.0,0.0,1,96,0.0024752475247524753,-4.98,0.14184397163120568,0.12743794326241137,12.5,12.0,120000.0,20000.0,6.0,5.0,0.0,1
188.0,8864,0.14184397163120568,0.12743794326241137,0.0,12.0,120000.0,0.0,0.0,3.0,0.0,2,64,0.0024752475247524753,-4.98,0.14184397163120568,0.12743794326241137,0.0,12.0,120000.0,0.0,0.0,3.0,0.0,1
188.0,9782,0.14184397163120568,0.12743794326241137,0.0,12.0,120000.0,0.0,0.0,3.0,0.0,2,64,0.0024752475247524753,-4.98,0.14184397163120568,0.12743794326241137,0.0,12.0,120000.0,0.0,0.0,3.0,0.0,1
188.0,10669,0.14184397163120568,0.12743794326241137,0.0,12.0,120000.0,0.0,0.0,4.0,0.0,2,79,0.0024752475247524753,-4.98,0.14184397163120568,0.12743794326241137,0.0,12.0,120000.0,0.0,0.0,4.0,0.0,1
188.0,10673,0.14184397163120568,0.12743794326241137,0.0,12.0,120000.0,0.0,0.0,4.0,0.0,2,79,0.0024752475247524753,-4.98,0.14184397163120568,0.12743794326241137,0.0,12.0,120000.0,0.0,0.0,4.0,0.0,1
188.0,11121,0.14184397163120568,0.12743794326241137,0.0,12.0,120000.0,0.0,0.0,4.0,0.0,2,29,0.0024752475247524753,-4.98,0.14184397163120568,0.12743794326241137,0.0,12.0,120000.0,0.0,0.0,4.0,0.0,1
188.0,12025,0.14184397163120568,0.12743794326241137,0.0,12.0,120000.0,0.0,0.0,1.0,0.0,2,29,0.0024752475247524753,-4.98,0.14184397163120568,0.12743794326241137,0.0,12.0,120000.0,0.0,0.0,1.0,0.0,1
188.0,12475,0.14184397163120568,0.12743794326241137,0.0,12.0,120000.0,0.0,0.0,4.0,0.0,2,95,0.0024752475247524753,-4.98,0.14184397163120568,0.12743794326241137,0.0,12.0,120000.0,0.0,0.0,4.0,0.0,1
185.0,45,0.14414414414414414,0.12950450450450451,0.0,8.0,80000.0,20000.0,3.0,2.0,0.0,1,66,0.0024752475247524753,9.77,0.14109347442680778,0.1267636684303351,0.0,8.0,80000.0,20000.0,3.0,2.0,0.0,0
189.0,47,0.14109347442680778,0.1267636684303351,0.0,8.0,80000.0,20000.0,3.0,2.0,0.0,2,95,0.0024752475247524753,-4.98,0.14109347442680778,0.1267636684303351,0.0,8.0,80000.0,20000.0,3.0,2.0,0.0,1
189.0,1410,0.14109347442680778,0.1267636684303351,0.0,8.0,80000.0,0.0,0.0,5.0,0.0,2,63,0.0024752475247524753,-4.98,0.14109347442680778,0.1267636684303351,0.0,8.0,80000.0,0.0,0.0,5.0,0.0,1
189.0,1844,0.14109347442680778,0.1267636684303351,0.0,8.0,80000.0,0.0,0.0,4.0,0.0,2,63,0.0024752475247524753,-4.98,0.14109347442680778,0.1267636684303351,0.0,8.0,80000.0,0.0,0.0,4.0,0.0,1
189.0,2304,0.14109347442680778,0.1267636684303351,0.0,8.0,80000.0,0.0,0.0,5.0,0.0,2,63,0.0024752475247524753,-4.98,0.14109347442680778,0.1267636684303351,0.0,8.0,80000.0,0.0,0.0,5.0,0.0,1
189.0,3093,0.14109347442680778,0.1267636684303351,0.0,25.0,400000.0,0.0,0.0,5.0,0.0,2,63,0.0024752475247524753,-4.98,0.14109347442680778,0.1267636684303351,0.0,25.0,400000.0,0.0,0.0,5.0,0.0,1
189.0,5720,0.14109347442680778,0.1267636684303351,0.0,12.0,120000.0,20000.0,4.0,2.0,0.0,3,44,0.0024752475247524753,-4.98,0.14109347442680778,0.1267636684303351,0.0,12.0,120000.0,20000.0,4.0,2.0,0.0,1
189.0,6617,0.14109347442680778,0.1267636684303351,0.0,12.0,120000.0,20000.0,6.0,5.0,0.0,1,1,0.0024752475247524753,-4.98,0.14109347442680778,0.1267636684303351,0.0,12.0,120000.0,20000.0,6.0,5.0,0.0,1
189.0,6622,0.14109347442680778,0.1267636684303351,0.0,12.0,120000.0,20000.0,6.0,5.0,0.0,3,76,0.0024752475247524753,-4.98,0.14109347442680778,0.1267636684303351,0.0,12.0,120000.0,20000.0,6.0,5.0,0.0,1
189.0,7078,0.14109347442680778,0.1267636684303351,0.0,12.0,120000.0,20000.0,7.0,4.0,0.0,3,70,0.0024752475247524753,-4.98,0.14109347442680778,0.1267636684303351,0.0,12.0,120000.0,20000.0,8.0,4.0,0.0,1
189.0,7525,0.14109347442680778,0.1267636684303351,0.0,12.0,120000.0,20000.0,8.0,5.0,0.0,3,70,0.0024752475247524753,-4.98,0.14109347442680778,0.1267636684303351,0.0,12.0,120000.0,20000.0,8.0,5.0,0.0,1
189.0,7977,0.14109347442680778,0.1267636684303351,12.5,12.0,120000.0,20000.0,14.0,3.0,0.0,2,45,0.0024752475247524753,-4.98,0.14109347442680778,0.1267636684303351,12.5,12.0,120000.0,20000.0,14.0,3.0,0.0,1
189.0,8877,0.14109347442680778,0.1267636684303351,0.0,12.0,120000.0,0.0,0.0,3.0,0.0,2,45,0.0024752475247524753,-4.98,0.14109347442680778,0.1267636684303351,0.0,12.0,120000.0,0.0,0.0,3.0,0.0,1
189.0,9316,0.14109347442680778,0.1267636684303351,0.0,12.0,120000.0,0.0,0.0,6.0,0.0,1,35,0.0024752475247524753,-4.98,0.14109347442680778,0.1267636684303351,0.0,12.0,120000.0,0.0,0.0,6.0,0.0,1
189.0,9329,0.14109347442680778,0.1267636684303351,0.0,12.0,120000.0,0.0,0.0,6.0,0.0,1,35,0.0024752475247524753,-4.98,0.14109347442680778,0.1267636684303351,0.0,12.0,120000.0,0.0,0.0,6.0,0.0,1
189.0,10222,0.14109347442680778,0.1267636684303351,0.0,12.0,120000.0,0.0,0.0,2.0,0.0,1,35,0.0024752475247524753,-4.98,0.14109347442680778,0.1267636684303351,0.0,12.0,120000.0,0.0,0.0,2.0,0.0,1
189.0,11112,0.14109347442680778,0.1267636684303351,0.0,12.0,120000.0,0.0,0.0,4.0,0.0,1,35,0.0024752475247524753,-4.98,0.14109347442680778,0.1267636684303351,0.0,12.0,120000.0,0.0,0.0,4.0,0.0,1
189.0,12463,0.14109347442680778,0.1267636684303351,0.0,12.0,120000.0,0.0,0.0,4.0,0.0,2,72,0.0024752475247524753,-4.98,0.14109347442680778,0.1267636684303351,0.0,12.0,120000.0,0.0,0.0,4.0,0.0,1
183.0,7974,0.14571948998178508,0.13091985428051003,25.0,12.0,120000.0,20000.0,13.0,3.0,0.0,0,0,0.0024752475247524753,9.749582916666666,0.14108600209410427,0.1267569550064218,0.0,12.0,120000.0,20000.0,13.0,3.0,0.0,0
190.0,964,0.14035087719298245,0.12609649122807018,0.0,8.0,80000.0,20000.0,28.0,1.0,0.0,2,72,0.0024752475247524753,-4.98,0.14035087719298245,0.12609649122807018,0.0,8.0,80000.0,20000.0,28.0,1.0,0.0,1
190.0,3101,0.14035087719298245,0.12609649122807018,0.0,25.0,400000.0,0.0,0.0,5.0,0.0,2,72,0.0024752475247524753,-4.98,0.14035087719298245,0.12609649122807018,0.0,25.0,400000.0,0.0,0.0,5.0,0.0,1
190.0,3467,0.14035087719298245,0.12609649122807018,12.5,25.0,400000.0,20000.0,10.0,2.0,0.0,2,72,0.0024752475247524753,-4.98,0.14035087719298245,0.12609649122807018,12.5,25.0,400000.0,20000.0,10.0,2.0,0.0,1
190.0,4181,0.14035087719298245,0.12609649122807018,0.0,25.0,400000.0,0.0,0.0,1.0,0.0,1,62,0.0024752475247524753,-4.980500000000001,0.14035087719298245,0.12609649122807018,0.0,25.0,400000.0,0.0,0.0,1.0,0.0,1
190.0,5280,0.14035087719298245,0.12609649122807018,12.5,12.0,120000.0,20000.0,6.0,5.0,0.0,1,62,0.0024752475247524753,-4.98,0.14035087719298245,0.12609649122807018,12.5,12.0,120000.0,20000.0,6.0,5.0,0.0,1
190.0,8865,0.14035087719298245,0.12609649122807018,0.0,12.0,120000.0,0.0,0.0,3.0,0.0,1,62,0.0024752475247524753,-4.98,0.14035087719298245,0.12609649122807018,0.0,12.0,120000.0,0.0,0.0,3.0,0.0,1
190.0,9783,0.14035087719298245,0.12609649122807018,0.0,12.0,120000.0,0.0,0.0,3.0,0.0,1,62,0.0024752475247524753,-4.98,0.14035087719298245,0.12609649122807018,0.0,12.0,120000.0,0.0,0.0,3.0,0.0,1
190.0,10674,0.14035087719298245,0.12609649122807018,0.0,12.0,120000.0,0.0,0.0,4.0,0.0,3,80,0.0024752475247524753,-4.98,0.14035087719298245,0.12609649122807018,0.0,12.0,120000.0,0.0,0.0,4.0,0.0,1
190.0,11122,0.14035087719298245,0.12609649122807018,0.0,12.0,120000.0,0.0,0.0,4.0,0.0,3,80,0.0024752475247524753,-4.98,0.14035087719298245,0.12609649122807018,0.0,12.0,120000.0,0.0,0.0,4.0,0.0,1
190.0,12026,0.14035087719298245,0.12609649122807018,0.0,12.0,120000.0,0.0,0.0,1.0,0.0,3,80,0.0024752475247524753,-4.98,0.14035087719298245,0.12609649122807018,0.0,12.0,120000.0,0.0,0.0,1.0,0.0,1
190.0,12476,0.14035087719298245,0.12609649122807018,0.0,12.0,120000.0,0.0,0.0,4.0,0.0,1,26,0.0024752475247524753,-4.98,0.14035087719298245,0.12609649122807018,0.0,12.0,120000.0,0.0,0.0,4.0,0.0,1
191.0,1411,0.13961605584642234,0.12543630017452007,0.0,8.0,80000.0,0.0,0.0,5.0,0.0,1,49,0.0024752475247524753,-4.98,0.13961605584642234,0.12543630017452007,0.0,8.0,80000.0,0.0,0.0,5.0,0.0,1
191.0,1845,0.13961605584642234,0.12543630017452007,0.0,8.0,80000.0,0.0,0.0,4.0,0.0,1,49,0.0024752475247524753,-4.98,0.13961605584642234,0.12543630017452007,0.0,8.0,80000.0,0.0,0.0,4.0,0.0,1
191.0,2305,0.13961605584642234,0.12543630017452007,0.0,8.0,80000.0,0.0,0.0,5.0,0.0,1,49,0.0024752475247524753,-4.98,0.13961605584642234,0.12543630017452007,0.0,8.0,80000.0,0.0,0.0,5.0,0.0,1
191.0,2747,0.13961605584642234,0.12543630017452007,12.5,25.0,400000.0,20000.0,6.0,4.0,0.0,1,49,0.0024752475247524753,-4.98,0.13961605584642234,0.12543630017452007,12.5,25.0,400000.0,20000.0,6.0,4.0,0.0,1
191.0,4902,0.13961605584642234,0.12543630017452007,0.0,25.0,400000.0,0.0,0.0,5.0,0.0,1,49,0.0024752475247524753,-4.98,0.13961605584642234,0.12543630017452007,0.0,25.0,400000.0,0.0,0.0,5.0,0.0,1
191.0,5721,0.13961605584642234,0.12543630017452007,0.0,12.0,120000.0,20000.0,4.0,2.0,0.0,1,49,0.0024752475247524753,-4.98,0.13961605584642234,0.12543630017452007,0.0,12.0,120000.0,20000.0,4.0,2.0,0.0,1
191.0,6618,0.13961605584642234,0.12543630017452007,0.0,12.0,120000.0,20000.0,6.0,5.0,0.0,3,27,0.0024752475247524753,-4.98,0.13961605584642234,0.12543630017452007,0.0,12.0,120000.0,20000.0,6.0,5.0,0.0,1
191.0,6623,0.13961605584642234,0.12543630017452007,0.0,12.0,120000.0,20000.0,6.0,5.0,0.0,3,27,0.0024752475247524753,-4.98,0.13961605584642234,0.12543630017452007,0.0,12.0,120000.0,20000.0,6.0,5.0,0.0,1
191.0,7079,0.13961605584642234,0.12543630017452007,0.0,12.0,120000.0,20000.0,8.0,4.0,0.0,2,62,0.0024752475247524753,-4.98,0.13961605584642234,0.12543630017452007,0.0,12.0,120000.0,20000.0,9.0,4.0,0.0,1
191.0,7526,0.13961605584642234,0.12543630017452007,0.0,12.0,120000.0,20000.0,8.0,5.0,0.0,2,62,0.0024752475247524753,-4.98,0.13961605584642234,0.12543630017452007,0.0,12.0,120000.0,20000.0,8.0,5.0,0.0,1
191.0,8878,0.13961605584642234,0.12543630017452007,0.0,12.0,120000.0,0.0,0.0,3.0,0.0,1,62,0.0024752475247524753,-4.98,0.13961605584642234,0.12543630017452007,0.0,12.0,120000.0,0.0,0.0,3.0,0.0,1
191.0,9317,0.13961605584642234,0.12543630017452007,0.0,12.0,120000.0,0.0,0.0,6.0,0.0,1,62,0.0024752475247524753,-4.98,0.13961605584642234,0.12543630017452007,0.0,12.0,120000.0,0.0,0.0,6.0,0.0,1
191.0,9330,0.13961605584642234,0.12543630017452007,0.0,12.0,120000.0,0.0,0.0,6.0,0.0,1,62,0.0024752475247524753,-4.98,0.13961605584642234,0.12543630017452007,0.0,12.0,120000.0,0.0,0.0,6.0,0.0,1
191.0,10223,0.13961605584642234,0.12543630017452007,0.0,12.0,120000.0,0.0,0.0,2.0,0.0,1,68,0.0024752475247524753,-4.98,0.13961605584642234,0.12543630017452007,0.0,12.0,120000.0,0.0,0.0,2.0,0.0,1
191.0,11113,0.13961605584642234,0.12543630017452007,0.0,12.0,120000.0,0.0,0.0,4.0,0.0,1,68,0.0024752475247524753,-4.98,0.13961605584642234,0.12543630017452007,0.0,12.0,120000.0,0.0,0.0,4.0,0.0,1
191.0,12464,0.13961605584642234,0.12543630017452007,0.0,12.0,120000.0,0.0,0.0,4.0,0.0,1,22,0.0024752475247524753,-4.98,0.13961605584642234,0.12543630017452007,0.0,12.0,120000.0,0.0,0.0,4.0,0.0,1
192.0,965,0.1388888888888889,0.1247829861111111,0.0,8.0,80000.0,20000.0,29.0,1.0,0.0,1,22,0.0024752475247524753,-4.98,0.1388888888888889,0.1247829861111111,0.0,8.0,80000.0,20000.0,29.0,1.0,0.0,1
192.0,3094,0.1388888888888889,0.1247829861111111,0.0,25.0,400000.0,0.0,0.0,5.0,0.0,1,13,0.0024752475247524753,-4.98,0.1388888888888889,0.1247829861111111,0.0,25.0,400000.0,0.0,0.0,5.0,0.0,1
192.0,5281,0.1388888888888889,0.1247829861111111,12.5,12.0,120000.0,20000.0,6.0,5.0,0.0,1,13,0.0024752475247524753,-4.98,0.1388888888888889,0.1247829861111111,12.5,12.0,120000.0,20000.0,6.0,5.0,0.0,1
192.0,8866,0.1388888888888889,0.1247829861111111,0.0,12.0,120000.0,0.0,0.0,3.0,0.0,1,44,0.0024752475247524753,-4.98,0.1388888888888889,0.1247829861111111,0.0,12.0,120000.0,0.0,0.0,3.0,0.0,1
192.0,9784,0.1388888888888889,0.1247829861111111,0.0,12.0,120000.0,0.0,0.0,3.0,0.0,1,44,0.0024752475247524753,-4.98,0.1388888888888889,0.1247829861111111,0.0,12.0,120000.0,0.0,0.0,3.0,0.0,1
192.0,10675,0.1388888888888889,0.1247829861111111,0.0,12.0,120000.0,0.0,0.0,4.0,0.0,3,89,0.0024752475247524753,-4.98,0.1388888888888889,0.1247829861111111,0.0,12.0,120000.0,0.0,0.0,4.0,0.0,1
192.0,11123,0.1388888888888889,0.1247829861111111,0.0,12.0,120000.0,0.0,0.0,4.0,0.0,3,89,0.0024752475247524753,-4.98,0.1388888888888889,0.1247829861111111,0.0,12.0,120000.0,0.0,0.0,4.0,0.0,1
192.0,11570,0.1388888888888889,0.1247829861111111,0.0,12.0,120000.0,0.0,0.0,2.0,0.0,3,13,0.0024752475247524753,-4.98,0.1388888888888889,0.1247829861111111,0.0,12.0,120000.0,0.0,0.0,2.0,0.0,1
192.0,12027,0.1388888888888889,0.1247829861111111,0.0,12.0,120000.0,0.0,0.0,1.0,0.0,1,42,0.0024752475247524753,-4.98025,0.1388888888888889,0.1247829861111111,0.0,12.0,120000.0,0.0,0.0,1.0,0.0,1
192.0,12477,0.1388888888888889,0.1247829861111111,0.0,12.0,120000.0,0.0,0.0,4.0,0.0,1,42,0.0024752475247524753,-4.98,0.1388888888888889,0.1247829861111111,0.0,12.0,120000.0,0.0,0.0,4.0,0.0,1
186.0,5278,0.14336917562724014,0.12880824372759858,0.0,12.0,120000.0,20000.0,5.0,5.0,0.0,1,6,0.0024752475247524753,9.769582916666666,0.13888164823629073,0.12477648083729245,0.0,12.0,120000.0,20000.0,5.0,5.0,0.0,0
173.0,2741,0.15414258188824664,0.1384874759152216,0.0,25.0,400000.0,20000.0,5.0,4.0,0.0,0,0,0.0024752475247524753,9.6,0.1381692573402418,0.12413644214162348,0.0,25.0,400000.0,20000.0,6.0,4.0,0.0,0
193.0,49,0.1381692573402418,0.12413644214162348,12.5,8.0,80000.0,20000.0,4.0,2.0,0.0,2,76,0.0024752475247524753,-4.98,0.1381692573402418,0.12413644214162348,12.5,8.0,80000.0,20000.0,4.0,2.0,0.0,1
193.0,1412,0.1381692573402418,0.12413644214162348,0.0,8.0,80000.0,0.0,0.0,5.0,0.0,1,77,0.0024752475247524753,-4.98,0.1381692573402418,0.12413644214162348,0.0,8.0,80000.0,0.0,0.0,5.0,0.0,1
193.0,1846,0.1381692573402418,0.12413644214162348,0.0,8.0,80000.0,0.0,0.0,4.0,0.0,1,77,0.0024752475247524753,-4.98,0.1381692573402418,0.12413644214162348,0.0,8.0,80000.0,0.0,0.0,4.0,0.0,1
193.0,2306,0.1381692573402418,0.12413644214162348,0.0,8.0,80000.0,0.0,0.0,5.0,0.0,1,66,0.0024752475247524753,-4.98,0.1381692573402418,0.12413644214162348,0.0,8.0,80000.0,0.0,0.0,5.0,0.0,1
193.0,3102,0.1381692573402418,0.12413644214162348,0.0,25.0,400000.0,0.0,0.0,5.0,0.0,1,66,0.0024752475247524753,-4.98,0.1381692573402418,0.12413644214162348,0.0,25.0,400000.0,0.0,0.0,5.0,0.0,1
193.0,3468,0.1381692573402418,0.12413644214162348,12.5,25.0,400000.0,20000.0,10.0,2.0,0.0,2,27,0.0024752475247524753,-4.98,0.1381692573402418,0.12413644214162348,12.5,25.0,400000.0,20000.0,10.0,2.0,0.0,1
193.0,4182,0.1381692573402418,0.12413644214162348,0.0,25.0,400000.0,0.0,0.0,1.0,0.0,2,27,0.0024752475247524753,-4.98,0.1381692573402418,0.12413644214162348,0.0,25.0,400000.0,0.0,0.0,1.0,0.0,1
193.0,4540,0.1381692573402418,0.12413644214162348,0.0,25.0,400000.0,20000.0,6.0,3.0,0.0,2,40,0.0024752475247524753,-4.98,0.1381692573402418,0.12413644214162348,0.0,25.0,400000.0,20000.0,6.0,3.0,0.0,1
193.0,5722,0.1381692573402418,0.12413644214162348,0.0,12.0,120000.0,20000.0,4.0,2.0,0.0,2,40,0.0024752475247524753,-4.98,0.1381692573402418,0.12413644214162348,0.0,12.0,120000.0,20000.0,4.0,2.0,0.0,1
193.0,6619,0.1381692573402418,0.12413644214162348,0.0,12.0,120000.0,20000.0,6.0,5.0,0.0,3,38,0.0024752475247524753,-4.98,0.1381692573402418,0.12413644214162348,0.0,12.0,120000.0,20000.0,6.0,5.0,0.0,1
193.0,6624,0.1381692573402418,0.12413644214162348,0.0,12.0,120000.0,20000.0,6.0,5.0,0.0,3,38,0.0024752475247524753,-4.98,0.1381692573402418,0.12413644214162348,0.0,12.0,120000.0,20000.0,6.0,5.0,0.0,1
193.0,7080,0.1381692573402418,0.12413644214162348,0.0,12.0,120000.0,20000.0,9.0,4.0,0.0,2,92,0.0024752475247524753,-4.98,0.1381692573402418,0.12413644214162348,0.0,12.0,120000.0,20000.0,9.0,4.0,0.0,1
193.0,7527,0.1381692573402418,0.12413644214162348,0.0,12.0,120000.0,20000.0,8.0,5.0,0.0,2,92,0.0024752475247524753,-4.98,0.1381692573402418,0.12413644214162348,0.0,12.0,120000.0,20000.0,8.0,5.0,0.0,1
193.0,8879,0.1381692573402418,0.12413644214162348,0.0,12.0,120000.0,0.0,0.0,3.0,0.0,2,92,0.0024752475247524753,-4.98,0.1381692573402418,0.12413644214162348,0.0,12.0,120000.0,0.0,0.0,3.0,0.0,1
193.0,9318,0.1381692573402418,0.12413644214162348,0.0,12.0,120000.0,0.0,0.0,6.0,0.0,2,92,0.0024752475247524753,-4.98,0.1381692573402418,0.12413644214162348,0.0,12.0,120000.0,0.0,0.0,6.0,0.0,1
193.0,9331,0.1381692573402418,0.12413644214162348,0.0,12.0,120000.0,0.0,0.0,6.0,0.0,2,92,0.0024752475247524753,-4.98,0.1381692573402418,0.12413644214162348,0.0,12.0,120000.0,0.0,0.0,6.0,0.0,1
193.0,10224,0.1381692573402418,0.12413644214162348,0.0,12.0,120000.0,0.0,0.0,2.0,0.0,2,92,0.0024752475247524753,-4.98,0.1381692573402418,0.12413644214162348,0.0,12.0,120000.0,0.0,0.0,2.0,0.0,1
193.0,11114,0.1381692573402418,0.12413644214162348,0.0,12.0,120000.0,0.0,0.0,4.0,0.0,2,92,0.0024752475247524753,-4.98,0.1381692573402418,0.12413644214162348,0.0,12.0,120000.0,0.0,0.0,4.0,0.0,1
193.0,12465,0.1381692573402418,0.12413644214162348,0.0,12.0,120000.0,0.0,0.0,4.0,0.0,1,19,0.0024752475247524753,-4.98,0.1381692573402418,0.12413644214162348,0.0,12.0,120000.0,0.0,0.0,4.0,0.0,1
173.0,3817,0.15414258188824664,0.1384874759152216,12.5,25.0,400000.0,20000.0,11.0,0.0,0.0,0,0,0.0024752475247524753,9.5995498,0.1381620915239923,0.12413000410358682,12.5,25.0,400000.0,20000.0,13.0,0.0,0.0,0
194.0,4903,0.13745704467353953,0.12349656357388315,0.0,25.0,400000.0,0.0,0.0,5.0,0.0,1,3,0.0024752475247524753,-4.98,0.13745704467353953,0.12349656357388315,0.0,25.0,400000.0,0.0,0.0,5.0,0.0,1
194.0,8867,0.13745704467353953,0.12349656357388315,0.0,12.0,120000.0,0.0,0.0,3.0,0.0,3,74,0.0024752475247524753,-4.98,0.13745704467353953,0.12349656357388315,0.0,12.0,120000.0,0.0,0.0,3.0,0.0,1
194.0,9785,0.13745704467353953,0.12349656357388315,0.0,12.0,120000.0,0.0,0.0,3.0,0.0,3,74,0.0024752475247524753,-4.98,0.13745704467353953,0.12349656357388315,0.0,12.0,120000.0,0.0,0.0,3.0,0.0,1
194.0,10676,0.13745704467353953,0.12349656357388315,0.0,12.0,120000.0,0.0,0.0,4.0,0.0,3,74,0.0024752475247524753,-4.98,0.13745704467353953,0.12349656357388315,0.0,12.0,120000.0,0.0,0.0,4.0,0.0,1
194.0,11124,0.13745704467353953,0.12349656357388315,0.0,12.0,120000.0,0.0,0.0,4.0,0.0,3,74,0.0024752475247524753,-4.98,0.13745704467353953,0.12349656357388315,0.0,12.0,120000.0,0.0,0.0,4.0,0.0,1
194.0,11571,0.13745704467353953,0.12349656357388315,0.0,12.0,120000.0,0.0,0.0,2.0,0.0,1,76,0.0024752475247524753,-4.98,0.13745704467353953,0.12349656357388315,0.0,12.0,120000.0,0.0,0.0,2.0,0.0,1
194.0,12028,0.13745704467353953,0.12349656357388315,0.0,12.0,120000.0,0.0,0.0,1.0,0.0,1,76,0.0024752475247524753,-4.980500000000001,0.13745704467353953,0.12349656357388315,0.0,12.0,120000.0,0.0,0.0,1.0,0.0,1
194.0,12478,0.13745704467353953,0.12349656357388315,0.0,12.0,120000.0,0.0,0.0,4.0,0.0,1,76,0.0024752475247524753,-4.98,0.13745704467353953,0.12349656357388315,0.0,12.0,120000.0,0.0,0.0,4.0,0.0,1
191.0,48,0.13961605584642234,0.12543630017452007,0.0,8.0,80000.0,20000.0,3.0,2.0,0.0,0,0,0.0024752475247524753,9.75,0.13675213675213677,0.12286324786324786,0.0,8.0,80000.0,20000.0,3.0,2.0,0.0,0
195.0,1413,0.13675213675213677,0.12286324786324786,0.0,8.0,80000.0,0.0,0.0,5.0,0.0,1,76,0.0024752475247524753,-4.98,0.13675213675213677,0.12286324786324786,0.0,8.0,80000.0,0.0,0.0,5.0,0.0,1
195.0,1847,0.13675213675213677,0.12286324786324786,0.0,8.0,80000.0,0.0,0.0,4.0,0.0,3,15,0.0024752475247524753,-4.98,0.13675213675213677,0.12286324786324786,0.0,8.0,80000.0,0.0,0.0,4.0,0.0,1
195.0,2307,0.13675213675213677,0.12286324786324786,0.0,8.0,80000.0,0.0,0.0,5.0,0.0,3,15,0.0024752475247524753,-4.98,0.13675213675213677,0.12286324786324786,0.0,8.0,80000.0,0.0,0.0,5.0,0.0,1
195.0,3095,0.13675213675213677,0.12286324786324786,0.0,25.0,400000.0,0.0,0.0,5.0,0.0,3,60,0.0024752475247524753,-4.98,0.13675213675213677,0.12286324786324786,0.0,25.0,400000.0,0.0,0.0,5.0,0.0,1
195.0,3820,0.13675213675213677,0.12286324786324786,12.5,25.0,400000.0,20000.0,13.0,0.0,0.0,3,60,0.0024752475247524753,-4.98,0.13675213675213677,0.12286324786324786,12.5,25.0,400000.0,20000.0,13.0,0.0,0.0,1
195.0,7528,0.13675213675213677,0.12286324786324786,0.0,12.0,120000.0,20000.0,9.0,5.0,0.0,2,56,0.0024752475247524753,-4.98,0.13675213675213677,0.12286324786324786,0.0,12.0,120000.0,20000.0,9.0,5.0,0.0,1
195.0,7980,0.13675213675213677,0.12286324786324786,25.0,12.0,120000.0,20000.0,17.0,3.0,0.0,2,46,0.0024752475247524753,-4.975,0.13675213675213677,0.12286324786324786,25.0,12.0,120000.0,20000.0,17.0,3.0,0.0,1
195.0,8880,0.13675213675213677,0.12286324786324786,0.0,12.0,120000.0,0.0,0.0,3.0,0.0,2,46,0.0024752475247524753,-4.98,0.13675213675213677,0.12286324786324786,0.0,12.0,120000.0,0.0,0.0,3.0,0.0,1
195.0,9319,0.13675213675213677,0.12286324786324786,0.0,12.0,120000.0,0.0,0.0,6.0,0.0,1,33,0.0024752475247524753,-4.98,0.13675213675213677,0.12286324786324786,0.0,12.0,120000.0,0.0,0.0,6.0,0.0,1
195.0,9332,0.13675213675213677,0.12286324786324786,0.0,12.0,120000.0,0.0,0.0,6.0,0.0,1,33,0.0024752475247524753,-4.98,0.13675213675213677,0.12286324786324786,0.0,12.0,120000.0,0.0,0.0,6.0,0.0,1
195.0,10225,0.13675213675213677,0.12286324786324786,0.0,12.0,120000.0,0.0,0.0,2.0,0.0,2,46,0.0024752475247524753,-4.98,0.13675213675213677,0.12286324786324786,0.0,12.0,120000.0,0.0,0.0,2.0,0.0,1
195.0,11115,0.13675213675213677,0.12286324786324786,0.0,12.0,120000.0,0.0,0.0,4.0,0.0,2,46,0.0024752475247524753,-4.98,0.13675213675213677,0.12286324786324786,0.0,12.0,120000.0,0.0,0.0,4.0,0.0,1
195.0,12466,0.13675213675213677,0.12286324786324786,0.0,12.0,120000.0,0.0,0.0,4.0,0.0,3,21,0.0024752475247524753,-4.98,0.13675213675213677,0.12286324786324786,0.0,12.0,120000.0,0.0,0.0,4.0,0.0,1
196.0,967,0.13605442176870747,0.12223639455782313,12.5,8.0,80000.0,20000.0,30.0,1.0,0.0,3,21,0.0024752475247524753,-4.98,0.13605442176870747,0.12223639455782313,12.5,8.0,80000.0,20000.0,30.0,1.0,0.0,1
196.0,3103,0.13605442176870747,0.12223639455782313,0.0,25.0,400000.0,0.0,0.0,5.0,0.0,3,79,0.0024752475247524753,-4.98,0.13605442176870747,0.12223639455782313,0.0,25.0,400000.0,0.0,0.0,5.0,0.0,1
196.0,3469,0.13605442176870747,0.12223639455782313,12.5,25.0,400000.0,20000.0,10.0,2.0,0.0,3,79,0.0024752475247524753,-4.98,0.13605442176870747,0.12223639455782313,12.5,25.0,400000.0,20000.0,10.0,2.0,0.0,1
196.0,4183,0.13605442176870747,0.12223639455782313,0.0,25.0,400000.0,0.0,0.0,1.0,0.0,2,2,0.0024752475247524753,-4.98,0.13605442176870747,0.12223639455782313,0.0,25.0,400000.0,0.0,0.0,1.0,0.0,1
196.0,4541,0.13605442176870747,0.12223639455782313,0.0,25.0,400000.0,20000.0,6.0,3.0,0.0,2,2,0.0024752475247524753,-4.98,0.13605442176870747,0.12223639455782313,0.0,25.0,400000.0,20000.0,6.0,3.0,0.0,1
196.0,8868,0.13605442176870747,0.12223639455782313,0.0,12.0,120000.0,0.0,0.0,3.0,0.0,2,2,0.0024752475247524753,-4.98,0.13605442176870747,0.12223639455782313,0.0,12.0,120000.0,0.0,0.0,3.0,0.0,1
196.0,9786,0.13605442176870747,0.12223639455782313,0.0,12.0,120000.0,0.0,0.0,3.0,0.0,3,10,0.0024752475247524753,-4.98,0.13605442176870747,0.12223639455782313,0.0,12.0,120000.0,0.0,0.0,3.0,0.0,1
196.0,10677,0.13605442176870747,0.12223639455782313,0.0,12.0,120000.0,0.0,0.0,4.0,0.0,3,10,0.0024752475247524753,-4.98,0.13605442176870747,0.12223639455782313,0.0,12.0,120000.0,0.0,0.0,4.0,0.0,1
196.0,11125,0.13605442176870747,0.12223639455782313,0.0,12.0,120000.0,0.0,0.0,4.0,0.0,3,87,0.0024752475247524753,-4.98,0.13605442176870747,0.12223639455782313,0.0,12.0,120000.0,0.0,0.0,4.0,0.0,1
196.0,11572,0.13605442176870747,0.12223639455782313,0.0,12.0,120000.0,0.0,0.0,2.0,0.0,3,87,0.0024752475247524753,-4.98,0.13605442176870747,0.12223639455782313,0.0,12.0,120000.0,0.0,0.0,2.0,0.0,1
196.0,12029,0.13605442176870747,0.12223639455782313,0.0,12.0,120000.0,0.0,0.0,1.0,0.0,3,87,0.0024752475247524753,-4.98,0.13605442176870747,0.12223639455782313,0.0,12.0,120000.0,0.0,0.0,1.0,0.0,1
196.0,12479,0.13605442176870747,0.12223639455782313,0.0,12.0,120000.0,0.0,0.0,4.0,0.0,3,87,0.0024752475247524753,-4.98,0.13605442176870747,0.12223639455782313,0.0,12.0,120000.0,0.0,0.0,4.0,0.0,1
176.0,3818,0.15151515151515152,0.13612689393939395,25.0,25.0,400000.0,20000.0,13.0,0.0,0.0,0,0,0.0024752475247524753,9.5997998,0.13604747362987568,0.12223015208934142,0.0,25.0,400000.0,20000.0,12.0,0.0,0.0,0
191.0,7978,0.13961605584642234,0.12543630017452007,0.0,12.0,120000.0,20000.0,13.0,3.0,0.0,0,0,0.0024752475247524753,9.74975,0.1353637901861252,0.12161590524534688,12.5,12.0,120000.0,20000.0,17.0,3.0,0.0,0
197.0,1414,0.1353637901861252,0.12161590524534688,0.0,8.0,80000.0,0.0,0.0,5.0,0.0,1,21,0.0024752475247524753,-4.98,0.1353637901861252,0.12161590524534688,0.0,8.0,80000.0,0.0,0.0,5.0,0.0,1
197.0,1848,0.1353637901861252,0.12161590524534688,0.0,8.0,80000.0,0.0,0.0,4.0,0.0,1,21,0.0024752475247524753,-4.98,0.1353637901861252,0.12161590524534688,0.0,8.0,80000.0,0.0,0.0,4.0,0.0,1
197.0,2308,0.1353637901861252,0.12161590524534688,0.0,8.0,80000.0,0.0,0.0,5.0,0.0,1,95,0.0024752475247524753,-4.98,0.1353637901861252,0.12161590524534688,0.0,8.0,80000.0,0.0,0.0,5.0,0.0,1
197.0,2749,0.1353637901861252,0.12161590524534688,12.5,25.0,400000.0,20000.0,7.0,4.0,0.0,1,95,0.0024752475247524753,-4.98,0.1353637901861252,0.12161590524534688,12.5,25.0,400000.0,20000.0,7.0,4.0,0.0,1
197.0,4904,0.1353637901861252,0.12161590524534688,0.0,25.0,400000.0,0.0,0.0,5.0,0.0,1,95,0.0024752475247524753,-4.98,0.1353637901861252,0.12161590524534688,0.0,25.0,400000.0,0.0,0.0,5.0,0.0,1
197.0,5724,0.1353637901861252,0.12161590524534688,12.5,12.0,120000.0,20000.0,5.0,2.0,0.0,1,95,0.0024752475247524753,-4.98,0.1353637901861252,0.12161590524534688,12.5,12.0,120000.0,20000.0,5.0,2.0,0.0,1
197.0,6626,0.1353637901861252,0.12161590524534688,12.5,12.0,120000.0,20000.0,7.0,5.0,0.0,1,14,0.0024752475247524753,-4.98,0.1353637901861252,0.12161590524534688,12.5,12.0,120000.0,20000.0,7.0,5.0,0.0,1
197.0,7082,0.1353637901861252,0.12161590524534688,12.5,12.0,120000.0,20000.0,10.0,4.0,0.0,1,14,0.0024752475247524753,-4.98,0.1353637901861252,0.12161590524534688,12.5,12.0,120000.0,20000.0,10.0,4.0,0.0,1
197.0,8881,0.1353637901861252,0.12161590524534688,0.0,12.0,120000.0,0.0,0.0,3.0,0.0,3,13,0.0024752475247524753,-4.98,0.1353637901861252,0.12161590524534688,0.0,12.0,120000.0,0.0,0.0,3.0,0.0,1
197.0,9333,0.1353637901861252,0.12161590524534688,0.0,12.0,120000.0,0.0,0.0,6.0,0.0,3,13,0.0024752475247524753,-4.98,0.1353637901861252,0.12161590524534688,0.0,12.0,120000.0,0.0,0.0,6.0,0.0,1
197.0,10226,0.1353637901861252,0.12161590524534688,0.0,12.0,120000.0,0.0,0.0,2.0,0.0,3,13,0.0024752475247524753,-4.98,0.1353637901861252,0.12161590524534688,0.0,12.0,120000.0,0.0,0.0,2.0,0.0,1
197.0,11116,0.1353637901861252,0.12161590524534688,0.0,12.0,120000.0,0.0,0.0,4.0,0.0,3,13,0.0024752475247524753,-4.98,0.1353637901861252,0.12161590524534688,0.0,12.0,120000.0,0.0,0.0,4.0,0.0,1
197.0,12467,0.1353637901861252,0.12161590524534688,0.0,12.0,120000.0,0.0,0.0,4.0,0.0,1,38,0.0024752475247524753,-4.98,0.1353637901861252,0.12161590524534688,0.0,12.0,120000.0,0.0,0.0,4.0,0.0,1
194.0,966,0.13745704467353953,0.12349656357388315,0.0,8.0,80000.0,20000.0,29.0,1.0,0.0,0,0,0.0024752475247524753,9.75,0.13468013468013468,0.1210016835016835,0.0,8.0,80000.0,20000.0,30.0,1.0,0.0,0
198.0,3096,0.13468013468013468,0.1210016835016835,0.0,25.0,400000.0,0.0,0.0,5.0,0.0,3,79,0.0024752475247524753,-4.98,0.13468013468013468,0.1210016835016835,0.0,25.0,400000.0,0.0,0.0,5.0,0.0,1
198.0,3821,0.13468013468013468,0.1210016835016835,0.0,25.0,400000.0,20000.0,12.0,0.0,0.0,3,79,0.0024752475247524753,-4.98,0.13468013468013468,0.1210016835016835,0.0,25.0,400000.0,20000.0,12.0,0.0,0.0,1
198.0,5284,0.13468013468013468,0.1210016835016835,25.0,12.0,120000.0,20000.0,8.0,5.0,0.0,2,90,0.0024752475247524753,-4.975,0.13468013468013468,0.1210016835016835,25.0,12.0,120000.0,20000.0,8.0,5.0,0.0,1
198.0,8869,0.13468013468013468,0.1210016835016835,0.0,12.0,120000.0,0.0,0.0,3.0,0.0,2,90,0.0024752475247524753,-4.98,0.13468013468013468,0.1210016835016835,0.0,12.0,120000.0,0.0,0.0,3.0,0.0,1
198.0,9787,0.13468013468013468,0.1210016835016835,0.0,12.0,120000.0,0.0,0.0,3.0,0.0,2,90,0.0024752475247524753,-4.98,0.13468013468013468,0.1210016835016835,0.0,12.0,120000.0,0.0,0.0,3.0,0.0,1
198.0,10678,0.13468013468013468,0.1210016835016835,0.0,12.0,120000.0,0.0,0.0,4.0,0.0,2,90,0.0024752475247524753,-4.98,0.13468013468013468,0.1210016835016835,0.0,12.0,120000.0,0.0,0.0,4.0,0.0,1
198.0,11126,0.13468013468013468,0.1210016835016835,0.0,12.0,120000.0,0.0,0.0,4.0,0.0,1,64,0.0024752475247524753,-4.98,0.13468013468013468,0.1210016835016835,0.0,12.0,120000.0,0.0,0.0,4.0,0.0,1
198.0,11573,0.13468013468013468,0.1210016835016835,0.0,12.0,120000.0,0.0,0.0,2.0,0.0,1,64,0.0024752475247524753,-4.98,0.13468013468013468,0.1210016835016835,0.0,12.0,120000.0,0.0,0.0,2.0,0.0,1
198.0,12030,0.13468013468013468,0.1210016835016835,0.0,12.0,120000.0,0.0,0.0,1.0,0.0,2,64,0.0024752475247524753,-4.98,0.13468013468013468,0.1210016835016835,0.0,12.0,120000.0,0.0,0.0,1.0,0.0,1
198.0,12480,0.13468013468013468,0.1210016835016835,0.0,12.0,120000.0,0.0,0.0,4.0,0.0,2,64,0.0024752475247524753,-4.98,0.13468013468013468,0.1210016835016835,0.0,12.0,120000.0,0.0,0.0,4.0,0.0,1
199.0,1415,0.1340033500837521,0.12039363484087101,0.0,8.0,80000.0,0.0,0.0,5.0,0.0,3,52,0.0024752475247524753,-4.98,0.1340033500837521,0.12039363484087101,0.0,8.0,80000.0,0.0,0.0,5.0,0.0,1
199.0,1849,0.1340033500837521,0.12039363484087101,0.0,8.0,80000.0,0.0,0.0,4.0,0.0,3,52,0.0024752475247524753,-4.98,0.1340033500837521,0.12039363484087101,0.0,8.0,80000.0,0.0,0.0,4.0,0.0,1
199.0,2309,0.1340033500837521,0.12039363484087101,0.0,8.0,80000.0,0.0,0.0,5.0,0.0,3,52,0.0024752475247524753,-4.98,0.1340033500837521,0.12039363484087101,0.0,8.0,80000.0,0.0,0.0,5.0,0.0,1
199.0,3104,0.1340033500837521,0.12039363484087101,0.0,25.0,400000.0,0.0,0.0,5.0,0.0,3,52,0.0024752475247524753,-4.98,0.1340033500837521,0.12039363484087101,0.0,25.0,400000.0,0.0,0.0,5.0,0.0,1
199.0,4184,0.1340033500837521,0.12039363484087101,0.0,25.0,400000.0,0.0,0.0,1.0,0.0,1,52,0.0024752475247524753,-4.98,0.1340033500837521,0.12039363484087101,0.0,25.0,400000.0,0.0,0.0,1.0,0.0,1
199.0,4542,0.1340033500837521,0.12039363484087101,0.0,25.0,400000.0,20000.0,6.0,3.0,0.0,3,71,0.0024752475247524753,-4.98,0.1340033500837521,0.12039363484087101,0.0,25.0,400000.0,20000.0,6.0,3.0,0.0,1
199.0,5725,0.1340033500837521,0.12039363484087101,12.5,12.0,120000.0,20000.0,5.0,2.0,0.0,3,71,0.0024752475247524753,-4.98,0.1340033500837521,0.12039363484087101,12.5,12.0,120000.0,20000.0,5.0,2.0,0.0,1
199.0,6627,0.1340033500837521,0.12039363484087101,12.5,12.0,120000.0,20000.0,7.0,5.0,0.0,2,43,0.0024752475247524753,-4.98,0.1340033500837521,0.12039363484087101,12.5,12.0,120000.0,20000.0,7.0,5.0,0.0,1
199.0,7083,0.1340033500837521,0.12039363484087101,12.5,12.0,120000.0,20000.0,10.0,4.0,0.0,2,43,0.0024752475247524753,-4.98,0.1340033500837521,0.12039363484087101,12.5,12.0,120000.0,20000.0,10.0,4.0,0.0,1
199.0,7530,0.1340033500837521,0.12039363484087101,12.5,12.0,120000.0,20000.0,10.0,5.0,0.0,3,12,0.0024752475247524753,-4.98,0.1340033500837521,0.12039363484087101,12.5,12.0,120000.0,20000.0,10.0,5.0,0.0,1
199.0,7982,0.1340033500837521,0.12039363484087101,25.0,12.0,120000.0,20000.0,17.0,3.0,0.0,3,12,0.0024752475247524753,-4.975,0.1340033500837521,0.12039363484087101,25.0,12.0,120000.0,20000.0,17.0,3.0,0.0,1
199.0,8882,0.1340033500837521,0.12039363484087101,0.0,12.0,120000.0,0.0,0.0,3.0,0.0,3,12,0.0024752475247524753,-4.98,0.1340033500837521,0.12039363484087101,0.0,12.0,120000.0,0.0,0.0,3.0,0.0,1
199.0,9334,0.1340033500837521,0.12039363484087101,0.0,12.0,120000.0,0.0,0.0,6.0,0.0,3,12,0.0024752475247524753,-4.98,0.1340033500837521,0.12039363484087101,0.0,12.0,120000.0,0.0,0.0,6.0,0.0,1
199.0,10227,0.1340033500837521,0.12039363484087101,0.0,12.0,120000.0,0.0,0.0,2.0,0.0,3,12,0.0024752475247524753,-4.98,0.1340033500837521,0.12039363484087101,0.0,12.0,120000.0,0.0,0.0,2.0,0.0,1
199.0,11117,0.1340033500837521,0.12039363484087101,0.0,12.0,120000.0,0.0,0.0,4.0,0.0,3,12,0.0024752475247524753,-4.98,0.1340033500837521,0.12039363484087101,0.0,12.0,120000.0,0.0,0.0,4.0,0.0,1
199.0,12468,0.1340033500837521,0.12039363484087101,0.0,12.0,120000.0,0.0,0.0,4.0,0.0,3,12,0.0024752475247524753,-4.98,0.1340033500837521,0.12039363484087101,0.0,12.0,120000.0,0.0,0.0,4.0,0.0,1
193.0,7979,0.1381692573402418,0.12413644214162348,12.5,12.0,120000.0,20000.0,15.0,3.0,0.0,0,0,0.0024752475247524753,9.749332916666667,0.13399660985227158,0.12038757916415027,12.5,12.0,120000.0,20000.0,16.0,3.0,0.0,0
194.0,5282,0.13745704467353953,0.12349656357388315,0.0,12.0,120000.0,20000.0,6.0,5.0,0.0,1,3,0.0024752475247524753,9.76975,0.13333333333333333,0.11979166666666666,12.5,12.0,120000.0,20000.0,7.0,5.0,0.0,0
200.0,969,0.13333333333333333,0.11979166666666666,12.5,8.0,80000.0,20000.0,30.0,1.0,0.0,3,12,0.0024752475247524753,-4.98,0.13333333333333333,0.11979166666666666,12.5,8.0,80000.0,20000.0,30.0,1.0,0.0,1
200.0,4905,0.13333333333333333,0.11979166666666666,0.0,25.0,400000.0,0.0,0.0,5.0,0.0,3,12,0.0024752475247524753,-4.98,0.13333333333333333,0.11979166666666666,0.0,25.0,400000.0,0.0,0.0,5.0,0.0,1
200.0,5285,0.13333333333333333,0.11979166666666666,12.5,12.0,120000.0,20000.0,7.0,5.0,0.0,1,64,0.0024752475247524753,-4.98,0.13333333333333333,0.11979166666666666,12.5,12.0,120000.0,20000.0,7.0,5.0,0.0,1
200.0,9788,0.13333333333333333,0.11979166666666666,0.0,12.0,120000.0,0.0,0.0,3.0,0.0,1,64,0.0024752475247524753,-4.98,0.13333333333333333,0.11979166666666666,0.0,12.0,120000.0,0.0,0.0,3.0,0.0,1
200.0,10679,0.13333333333333333,0.11979166666666666,0.0,12.0,120000.0,0.0,0.0,4.0,0.0,1,64,0.0024752475247524753,-4.98,0.13333333333333333,0.11979166666666666,0.0,12.0,120000.0,0.0,0.0,4.0,0.0,1
200.0,11127,0.13333333333333333,0.11979166666666666,0.0,12.0,120000.0,0.0,0.0,4.0,0.0,1,64,0.0024752475247524753,-4.98,0.13333333333333333,0.11979166666666666,0.0,12.0,120000.0,0.0,0.0,4.0,0.0,1
200.0,11574,0.13333333333333333,0.11979166666666666,0.0,12.0,120000.0,0.0,0.0,2.0,0.0,3,52,0.0024752475247524753,-4.98,0.13333333333333333,0.11979166666666666,0.0,12.0,120000.0,0.0,0.0,2.0,0.0,1
200.0,12031,0.13333333333333333,0.11979166666666666,0.0,12.0,120000.0,0.0,0.0,1.0,0.0,3,52,0.0024752475247524753,-4.98,0.13333333333333333,0.11979166666666666,0.0,12.0,120000.0,0.0,0.0,1.0,0.0,1
200.0,12481,0.13333333333333333,0.11979166666666666,0.0,12.0,120000.0,0.0,0.0,4.0,0.0,3,52,0.0024752475247524753,-4.98,0.13333333333333333,0.11979166666666666,0.0,12.0,120000.0,0.0,0.0,4.0,0.0,1
195.0,5723,0.13675213675213677,0.12286324786324786,0.0,12.0,120000.0,20000.0,4.0,2.0,0.0,0,0,0.0024752475247524753,9.75,0.13266998341625208,0.11919568822553897,0.0,12.0,120000.0,20000.0,4.0,2.0,0.0,0
195.0,6625,0.13675213675213677,0.12286324786324786,0.0,12.0,120000.0,20000.0,6.0,5.0,0.0,0,0,0.0024752475247524753,9.75,0.13266998341625208,0.11919568822553897,0.0,12.0,120000.0,20000.0,7.0,5.0,0.0,0
195.0,7081,0.13675213675213677,0.12286324786324786,0.0,12.0,120000.0,20000.0,9.0,4.0,0.0,0,0,0.0024752475247524753,9.75,0.13266998341625208,0.11919568822553897,0.0,12.0,120000.0,20000.0,9.0,4.0,0.0,0
201.0,1416,0.13266998341625208,0.11919568822553897,0.0,8.0,80000.0,0.0,0.0,5.0,0.0,3,52,0.0024752475247524753,-4.98,0.13266998341625208,0.11919568822553897,0.0,8.0,80000.0,0.0,0.0,5.0,0.0,1
201.0,2310,0.13266998341625208,0.11919568822553897,0.0,8.0,80000.0,0.0,0.0,5.0,0.0,1,47,0.0024752475247524753,-4.98,0.13266998341625208,0.11919568822553897,0.0,8.0,80000.0,0.0,0.0,5.0,0.0,1
201.0,3097,0.13266998341625208,0.11919568822553897,0.0,25.0,400000.0,0.0,0.0,5.0,0.0,1,47,0.0024752475247524753,-4.98,0.13266998341625208,0.11919568822553897,0.0,25.0,400000.0,0.0,0.0,5.0,0.0,1
201.0,3822,0.13266998341625208,0.11919568822553897,0.0,25.0,400000.0,20000.0,13.0,0.0,0.0,2,76,0.0024752475247524753,-4.98,0.13266998341625208,0.11919568822553897,0.0,25.0,400000.0,20000.0,13.0,0.0,0.0,1
201.0,5726,0.13266998341625208,0.11919568822553897,0.0,12.0,120000.0,20000.0,4.0,2.0,0.0,2,76,0.0024752475247524753,-4.98,0.13266998341625208,0.11919568822553897,0.0,12.0,120000.0,20000.0,4.0,2.0,0.0,1
201.0,6628,0.13266998341625208,0.11919568822553897,0.0,12.0,120000.0,20000.0,7.0,5.0,0.0,2,47,0.0024752475247524753,-4.98,0.13266998341625208,0.11919568822553897,0.0,12.0,120000.0,20000.0,7.0,5.0,0.0,1
201.0,7084,0.13266998341625208,0.11919568822553897,0.0,12.0,120000.0,20000.0,9.0,4.0,0.0,2,47,0.0024752475247524753,-4.98,0.13266998341625208,0.11919568822553897,0.0,12.0,120000.0,20000.0,9.0,4.0,0.0,1
201.0,7531,0.13266998341625208,0.11919568822553897,12.5,12.0,120000.0,20000.0,10.0,5.0,0.0,3,11,0.0024752475247524753,-4.98,0.13266998341625208,0.11919568822553897,12.5,12.0,120000.0,20000.0,10.0,5.0,0.0,1
201.0,7983,0.13266998341625208,0.11919568822553897,12.5,12.0,120000.0,20000.0,16.0,3.0,0.0,3,11,0.0024752475247524753,-4.98,0.13266998341625208,0.11919568822553897,12.5,12.0,120000.0,20000.0,16.0,3.0,0.0,1
201.0,8883,0.13266998341625208,0.11919568822553897,0.0,12.0,120000.0,0.0,0.0,3.0,0.0,3,11,0.0024752475247524753,-4.98,0.13266998341625208,0.11919568822553897,0.0,12.0,120000.0,0.0,0.0,3.0,0.0,1
201.0,9335,0.13266998341625208,0.11919568822553897,0.0,12.0,120000.0,0.0,0.0,6.0,0.0,3,11,0.0024752475247524753,-4.98,0.13266998341625208,0.11919568822553897,0.0,12.0,120000.0,0.0,0.0,6.0,0.0,1
201.0,10228,0.13266998341625208,0.11919568822553897,0.0,12.0,120000.0,0.0,0.0,2.0,0.0,3,98,0.0024752475247524753,-4.98,0.13266998341625208,0.11919568822553897,0.0,12.0,120000.0,0.0,0.0,2.0,0.0,1
201.0,11118,0.13266998341625208,0.11919568822553897,0.0,12.0,120000.0,0.0,0.0,4.0,0.0,3,98,0.0024752475247524753,-4.98,0.13266998341625208,0.11919568822553897,0.0,12.0,120000.0,0.0,0.0,4.0,0.0,1
201.0,12469,0.13266998341625208,0.11919568822553897,0.0,12.0,120000.0,0.0,0.0,4.0,0.0,3,98,0.0024752475247524753,-4.98,0.13266998341625208,0.11919568822553897,0.0,12.0,120000.0,0.0,0.0,4.0,0.0,1
202.0,50,0.132013201320132,0.1186056105610561,0.0,8.0,80000.0,20000.0,4.0,2.0,0.0,3,98,0.0024752475247524753,-4.98,0.132013201320132,0.1186056105610561,0.0,8.0,80000.0,20000.0,4.0,2.0,0.0,1
202.0,970,0.132013201320132,0.1186056105610561,12.5,8.0,80000.0,20000.0,30.0,1.0,0.0,1,95,0.0024752475247524753,-4.98,0.132013201320132,0.1186056105610561,12.5,8.0,80000.0,20000.0,30.0,1.0,0.0,1
202.0,3105,0.132013201320132,0.1186056105610561,0.0,25.0,400000.0,0.0,0.0,5.0,0.0,1,95,0.0024752475247524753,-4.98,0.132013201320132,0.1186056105610561,0.0,25.0,400000.0,0.0,0.0,5.0,0.0,1
202.0,4185,0.132013201320132,0.1186056105610561,0.0,25.0,400000.0,0.0,0.0,1.0,0.0,1,95,0.0024752475247524753,-4.98,0.132013201320132,0.1186056105610561,0.0,25.0,400000.0,0.0,0.0,1.0,0.0,1
202.0,5286,0.132013201320132,0.1186056105610561,12.5,12.0,120000.0,20000.0,7.0,5.0,0.0,1,70,0.0024752475247524753,-4.98,0.132013201320132,0.1186056105610561,12.5,12.0,120000.0,20000.0,7.0,5.0,0.0,1
202.0,9789,0.132013201320132,0.1186056105610561,0.0,12.0,120000.0,0.0,0.0,3.0,0.0,1,11,0.0024752475247524753,-4.98,0.132013201320132,0.1186056105610561,0.0,12.0,120000.0,0.0,0.0,3.0,0.0,1
202.0,10680,0.132013201320132,0.1186056105610561,0.0,12.0,120000.0,0.0,0.0,4.0,0.0,1,11,0.0024752475247524753,-4.98,0.132013201320132,0.1186056105610561,0.0,12.0,120000.0,0.0,0.0,4.0,0.0,1
202.0,11128,0.132013201320132,0.1186056105610561,0.0,12.0,120000.0,0.0,0.0,4.0,0.0,1,66,0.0024752475247524753,-4.98,0.132013201320132,0.1186056105610561,0.0,12.0,120000.0,0.0,0.0,4.0,0.0,1
202.0,11575,0.132013201320132,0.1186056105610561,0.0,12.0,120000.0,0.0,0.0,2.0,0.0,1,66,0.0024752475247524753,-4.98,0.132013201320132,0.1186056105610561,0.0,12.0,120000.0,0.0,0.0,2.0,0.0,1
202.0,12032,0.132013201320132,0.1186056105610561,0.0,12.0,120000.0,0.0,0.0,1.0,0.0,3,46,0.0024752475247524753,-4.98,0.132013201320132,0.1186056105610561,0.0,12.0,120000.0,0.0,0.0,1.0,0.0,1
202.0,12482,0.132013201320132,0.1186056105610561,0.0,12.0,120000.0,0.0,0.0,4.0,0.0,3,46,0.0024752475247524753,-4.98,0.132013201320132,0.1186056105610561,0.0,12.0,120000.0,0.0,0.0,4.0,0.0,1
196.0,5283,0.13605442176870747,0.12223639455782313,12.5,12.0,120000.0,20000.0,7.0,5.0,0.0,0,0,0.0024752475247524753,9.749582916666666,0.13200665980199036,0.11859973341585069,0.0,12.0,120000.0,20000.0,6.0,5.0,0.0,0
198.0,968,0.13468013468013468,0.1210016835016835,0.0,8.0,80000.0,20000.0,29.0,1.0,0.0,1,38,0.0024752475247524753,9.769374375,0.13200665980199036,0.11859973341585069,0.0,8.0,80000.0,20000.0,29.0,1.0,0.0,0
197.0,7529,0.1353637901861252,0.12161590524534688,0.0,12.0,120000.0,20000.0,9.0,5.0,0.0,0,0,0.0024752475247524753,9.75,0.13136288998357964,0.11802134646962234,0.0,12.0,120000.0,20000.0,10.0,5.0,0.0,0
203.0,500,0.13136288998357964,0.11802134646962234,0.0,8.0,80000.0,20000.0,11.0,4.0,0.0,3,46,0.0024752475247524753,-4.98,0.13136288998357964,0.11802134646962234,0.0,8.0,80000.0,20000.0,11.0,4.0,0.0,1
203.0,1417,0.13136288998357964,0.11802134646962234,0.0,8.0,80000.0,0.0,0.0,5.0,0.0,1,49,0.0024752475247524753,-4.98,0.13136288998357964,0.11802134646962234,0.0,8.0,80000.0,0.0,0.0,5.0,0.0,1
203.0,2311,0.13136288998357964,0.11802134646962234,0.0,8.0,80000.0,0.0,0.0,5.0,0.0,1,49,0.0024752475247524753,-4.98,0.13136288998357964,0.11802134646962234,0.0,8.0,80000.0,0.0,0.0,5.0,0.0,1
203.0,2751,0.13136288998357964,0.11802134646962234,25.0,25.0,400000.0,20000.0,8.0,4.0,0.0,2,48,0.0024752475247524753,-4.975,0.13136288998357964,0.11802134646962234,25.0,25.0,400000.0,20000.0,8.0,4.0,0.0,1
203.0,4906,0.13136288998357964,0.11802134646962234,0.0,25.0,400000.0,0.0,0.0,5.0,0.0,2,48,0.0024752475247524753,-4.98,0.13136288998357964,0.11802134646962234,0.0,25.0,400000.0,0.0,0.0,5.0,0.0,1
203.0,5727,0.13136288998357964,0.11802134646962234,0.0,12.0,120000.0,20000.0,4.0,2.0,0.0,1,96,0.0024752475247524753,-4.98,0.13136288998357964,0.11802134646962234,0.0,12.0,120000.0,20000.0,4.0,2.0,0.0,1
203.0,6629,0.13136288998357964,0.11802134646962234,0.0,12.0,120000.0,20000.0,7.0,5.0,0.0,1,96,0.0024752475247524753,-4.98,0.13136288998357964,0.11802134646962234,0.0,12.0,120000.0,20000.0,7.0,5.0,0.0,1
203.0,8884,0.13136288998357964,0.11802134646962234,0.0,12.0,120000.0,0.0,0.0,3.0,0.0,2,96,0.0024752475247524753,-4.98,0.13136288998357964,0.11802134646962234,0.0,12.0,120000.0,0.0,0.0,3.0,0.0,1
203.0,9336,0.13136288998357964,0.11802134646962234,0.0,12.0,120000.0,0.0,0.0,6.0,0.0,3,71,0.0024752475247524753,-4.98,0.13136288998357964,0.11802134646962234,0.0,12.0,120000.0,0.0,0.0,6.0,0.0,1
203.0,10229,0.13136288998357964,0.11802134646962234,0.0,12.0,120000.0,0.0,0.0,2.0,0.0,3,71,0.0024752475247524753,-4.98,0.13136288998357964,0.11802134646962234,0.0,12.0,120000.0,0.0,0.0,2.0,0.0,1
203.0,11119,0.13136288998357964,0.11802134646962234,0.0,12.0,120000.0,0.0,0.0,4.0,0.0,1,26,0.0024752475247524753,-4.98,0.13136288998357964,0.11802134646962234,0.0,12.0,120000.0,0.0,0.0,4.0,0.0,1
197.0,7981,0.1353637901861252,0.12161590524534688,12.5,12.0,120000.0,20000.0,16.0,3.0,0.0,0,0,0.0024752475247524753,9.749332916666667,0.13135641275357146,0.11801552708328684,12.5,12.0,120000.0,20000.0,16.0,3.0,0.0,0
204.0,51,0.130718954248366,0.11744281045751634,0.0,8.0,80000.0,20000.0,4.0,2.0,0.0,2,11,0.0024752475247524753,-4.98,0.130718954248366,0.11744281045751634,0.0,8.0,80000.0,20000.0,4.0,2.0,0.0,1
204.0,971,0.130718954248366,0.11744281045751634,0.0,8.0,80000.0,20000.0,29.0,1.0,0.0,2,16,0.0024752475247524753,-4.98,0.130718954248366,0.11744281045751634,0.0,8.0,80000.0,20000.0,29.0,1.0,0.0,1
204.0,3098,0.130718954248366,0.11744281045751634,0.0,25.0,400000.0,0.0,0.0,5.0,0.0,2,16,0.0024752475247524753,-4.98,0.130718954248366,0.11744281045751634,0.0,25.0,400000.0,0.0,0.0,5.0,0.0,1
204.0,3823,0.130718954248366,0.11744281045751634,0.0,25.0,400000.0,20000.0,14.0,0.0,0.0,2,16,0.0024752475247524753,-4.98,0.130718954248366,0.11744281045751634,0.0,25.0,400000.0,20000.0,14.0,0.0,0.0,1
204.0,5287,0.130718954248366,0.11744281045751634,0.0,12.0,120000.0,20000.0,6.0,5.0,0.0,2,16,0.0024752475247524753,-4.98,0.130718954248366,0.11744281045751634,0.0,12.0,120000.0,20000.0,6.0,5.0,0.0,1
204.0,9790,0.130718954248366,0.11744281045751634,0.0,12.0,120000.0,0.0,0.0,3.0,0.0,2,16,0.0024752475247524753,-4.98,0.130718954248366,0.11744281045751634,0.0,12.0,120000.0,0.0,0.0,3.0,0.0,1
204.0,10681,0.130718954248366,0.11744281045751634,0.0,12.0,120000.0,0.0,0.0,4.0,0.0,2,16,0.0024752475247524753,-4.98,0.130718954248366,0.11744281045751634,0.0,12.0,120000.0,0.0,0.0,4.0,0.0,1
204.0,11129,0.130718954248366,0.11744281045751634,0.0,12.0,120000.0,0.0,0.0,4.0,0.0,2,33,0.0024752475247524753,-4.98,0.130718954248366,0.11744281045751634,0.0,12.0,120000.0,0.0,0.0,4.0,0.0,1
204.0,11576,0.130718954248366,0.11744281045751634,0.0,12.0,120000.0,0.0,0.0,2.0,0.0,2,33,0.0024752475247524753,-4.98,0.130718954248366,0.11744281045751634,0.0,12.0,120000.0,0.0,0.0,2.0,0.0,1
204.0,12033,0.130718954248366,0.11744281045751634,0.0,12.0,120000.0,0.0,0.0,1.0,0.0,1,70,0.0024752475247524753,-4.98025,0.130718954248366,0.11744281045751634,0.0,12.0,120000.0,0.0,0.0,1.0,0.0,1
204.0,12483,0.130718954248366,0.11744281045751634,0.0,12.0,120000.0,0.0,0.0,4.0,0.0,1,70,0.0024752475247524753,-4.98,0.130718954248366,0.11744281045751634,0.0,12.0,120000.0,0.0,0.0,4.0,0.0,1
205.0,501,0.13008130081300812,0.11686991869918699,0.0,8.0,80000.0,20000.0,11.0,4.0,0.0,2,81,0.0024752475247524753,-4.98,0.13008130081300812,0.11686991869918699,0.0,8.0,80000.0,20000.0,11.0,4.0,0.0,1
205.0,1418,0.13008130081300812,0.11686991869918699,0.0,8.0,80000.0,0.0,0.0,5.0,0.0,2,81,0.0024752475247524753,-4.98,0.13008130081300812,0.11686991869918699,0.0,8.0,80000.0,0.0,0.0,5.0,0.0,1
205.0,2312,0.13008130081300812,0.11686991869918699,0.0,8.0,80000.0,0.0,0.0,5.0,0.0,1,89,0.0024752475247524753,-4.98,0.13008130081300812,0.11686991869918699,0.0,8.0,80000.0,0.0,0.0,5.0,0.0,1
205.0,3106,0.13008130081300812,0.11686991869918699,0.0,25.0,400000.0,0.0,0.0,5.0,0.0,1,89,0.0024752475247524753,-4.98,0.13008130081300812,0.11686991869918699,0.0,25.0,400000.0,0.0,0.0,5.0,0.0,1
205.0,3472,0.13008130081300812,0.11686991869918699,37.5,25.0,400000.0,20000.0,12.0,2.0,0.0,2,24,0.0024752475247524753,-4.9625,0.13008130081300812,0.11686991869918699,37.5,25.0,400000.0,20000.0,12.0,2.0,0.0,1
205.0,4186,0.13008130081300812,0.11686991869918699,0.0,25.0,400000.0,0.0,0.0,1.0,0.0,2,24,0.0024752475247524753,-4.98,0.13008130081300812,0.11686991869918699,0.0,25.0,400000.0,0.0,0.0,1.0,0.0,1
205.0,4544,0.13008130081300812,0.11686991869918699,12.5,25.0,400000.0,20000.0,8.0,3.0,0.0,3,55,0.0024752475247524753,-4.98,0.13008130081300812,0.11686991869918699,12.5,25.0,400000.0,20000.0,8.0,3.0,0.0,1
205.0,5728,0.13008130081300812,0.11686991869918699,0.0,12.0,120000.0,20000.0,4.0,2.0,0.0,3,55,0.0024752475247524753,-4.98,0.13008130081300812,0.11686991869918699,0.0,12.0,120000.0,20000.0,4.0,2.0,0.0,1
205.0,6630,0.13008130081300812,0.11686991869918699,0.0,12.0,120000.0,20000.0,7.0,5.0,0.0,1,29,0.0024752475247524753,-4.98,0.13008130081300812,0.11686991869918699,0.0,12.0,120000.0,20000.0,7.0,5.0,0.0,1
205.0,7086,0.13008130081300812,0.11686991869918699,12.5,12.0,120000.0,20000.0,11.0,4.0,0.0,1,29,0.0024752475247524753,-4.98,0.13008130081300812,0.11686991869918699,12.5,12.0,120000.0,20000.0,11.0,4.0,0.0,1
205.0,7533,0.13008130081300812,0.11686991869918699,12.5,12.0,120000.0,20000.0,10.0,5.0,0.0,2,20,0.0024752475247524753,-4.98,0.13008130081300812,0.11686991869918699,12.5,12.0,120000.0,20000.0,10.0,5.0,0.0,1
205.0,8885,0.13008130081300812,0.11686991869918699,0.0,12.0,120000.0,0.0,0.0,3.0,0.0,2,82,0.0024752475247524753,-4.98,0.13008130081300812,0.11686991869918699,0.0,12.0,120000.0,0.0,0.0,3.0,0.0,1
205.0,9337,0.13008130081300812,0.11686991869918699,0.0,12.0,120000.0,0.0,0.0,6.0,0.0,2,82,0.0024752475247524753,-4.98,0.13008130081300812,0.11686991869918699,0.0,12.0,120000.0,0.0,0.0,6.0,0.0,1
205.0,10230,0.13008130081300812,0.11686991869918699,0.0,12.0,120000.0,0.0,0.0,2.0,0.0,2,78,0.0024752475247524753,-4.98,0.13008130081300812,0.11686991869918699,0.0,12.0,120000.0,0.0,0.0,2.0,0.0,1
206.0,52,0.12944983818770225,0.11630258899676377,0.0,8.0,80000.0,20000.0,4.0,2.0,0.0,2,78,0.0024752475247524753,-4.98,0.12944983818770225,0.11630258899676377,0.0,8.0,80000.0,20000.0,4.0,2.0,0.0,1
206.0,972,0.12944983818770225,0.11630258899676377,0.0,8.0,80000.0,20000.0,29.0,1.0,0.0,2,25,0.0024752475247524753,-4.98,0.12944983818770225,0.11630258899676377,0.0,8.0,80000.0,20000.0,29.0,1.0,0.0,1
206.0,2752,0.12944983818770225,0.11630258899676377,25.0,25.0,400000.0,20000.0,8.0,4.0,0.0,2,25,0.0024752475247524753,-4.975,0.12944983818770225,0.11630258899676377,25.0,25.0,400000.0,20000.0,8.0,4.0,0.0,1
206.0,4907,0.12944983818770225,0.11630258899676377,0.0,25.0,400000.0,0.0,0.0,5.0,0.0,2,25,0.0024752475247524753,-4.98,0.12944983818770225,0.11630258899676377,0.0,25.0,400000.0,0.0,0.0,5.0,0.0,1
206.0,5288,0.12944983818770225,0.11630258899676377,0.0,12.0,120000.0,20000.0,6.0,5.0,0.0,2,25,0.0024752475247524753,-4.98,0.12944983818770225,0.11630258899676377,0.0,12.0,120000.0,20000.0,6.0,5.0,0.0,1
206.0,9791,0.12944983818770225,0.11630258899676377,0.0,12.0,120000.0,0.0,0.0,3.0,0.0,3,76,0.0024752475247524753,-4.98,0.12944983818770225,0.11630258899676377,0.0,12.0,120000.0,0.0,0.0,3.0,0.0,1
206.0,10682,0.12944983818770225,0.11630258899676377,0.0,12.0,120000.0,0.0,0.0,4.0,0.0,2,100,0.0024752475247524753,-4.98,0.12944983818770225,0.11630258899676377,0.0,12.0,120000.0,0.0,0.0,4.0,0.0,1
206.0,11130,0.12944983818770225,0.11630258899676377,0.0,12.0,120000.0,0.0,0.0,4.0,0.0,2,73,0.0024752475247524753,-4.98,0.12944983818770225,0.11630258899676377,0.0,12.0,120000.0,0.0,0.0,4.0,0.0,1
206.0,11577,0.12944983818770225,0.11630258899676377,0.0,12.0,120000.0,0.0,0.0,2.0,0.0,1,8,0.0024752475247524753,-4.98,0.12944983818770225,0.11630258899676377,0.0,12.0,120000.0,0.0,0.0,2.0,0.0,1
206.0,12034,0.12944983818770225,0.11630258899676377,0.0,12.0,120000.0,0.0,0.0,1.0,0.0,1,8,0.0024752475247524753,-4.980500000000001,0.12944983818770225,0.11630258899676377,0.0,12.0,120000.0,0.0,0.0,1.0,0.0,1
206.0,12484,0.12944983818770225,0.11630258899676377,0.0,12.0,120000.0,0.0,0.0,4.0,0.0,1,88,0.0024752475247524753,-4.98,0.12944983818770225,0.11630258899676377,0.0,12.0,120000.0,0.0,0.0,4.0,0.0,1
187.0,3466,0.14260249554367202,0.12811942959001782,0.0,25.0,400000.0,20000.0,9.0,2.0,0.0,1,44,0.0024752475247524753,9.619499999999999,0.12882447665056362,0.11574074074074073,25.0,25.0,400000.0,20000.0,11.0,2.0,0.0,0
207.0,1419,0.12882447665056362,0.11574074074074073,0.0,8.0,80000.0,0.0,0.0,5.0,0.0,2,96,0.0024752475247524753,-4.98,0.12882447665056362,0.11574074074074073,0.0,8.0,80000.0,0.0,0.0,5.0,0.0,1
207.0,2313,0.12882447665056362,0.11574074074074073,0.0,8.0,80000.0,0.0,0.0,5.0,0.0,2,96,0.0024752475247524753,-4.98,0.12882447665056362,0.11574074074074073,0.0,8.0,80000.0,0.0,0.0,5.0,0.0,1
207.0,3099,0.12882447665056362,0.11574074074074073,0.0,25.0,400000.0,0.0,0.0,5.0,0.0,2,7,0.0024752475247524753,-4.98,0.12882447665056362,0.11574074074074073,0.0,25.0,400000.0,0.0,0.0,5.0,0.0,1
207.0,3824,0.12882447665056362,0.11574074074074073,0.0,25.0,400000.0,20000.0,14.0,0.0,0.0,2,7,0.0024752475247524753,-4.98,0.12882447665056362,0.11574074074074073,0.0,25.0,400000.0,20000.0,14.0,0.0,0.0,1
207.0,7087,0.12882447665056362,0.11574074074074073,12.5,12.0,120000.0,20000.0,11.0,4.0,0.0,1,37,0.0024752475247524753,-4.98,0.12882447665056362,0.11574074074074073,12.5,12.0,120000.0,20000.0,11.0,4.0,0.0,1
207.0,7534,0.12882447665056362,0.11574074074074073,12.5,12.0,120000.0,20000.0,10.0,5.0,0.0,1,37,0.0024752475247524753,-4.98,0.12882447665056362,0.11574074074074073,12.5,12.0,120000.0,20000.0,10.0,5.0,0.0,1
207.0,7986,0.12882447665056362,0.11574074074074073,25.0,12.0,120000.0,20000.0,19.0,3.0,0.0,1,97,0.0024752475247524753,-4.975,0.12882447665056362,0.11574074074074073,25.0,12.0,120000.0,20000.0,19.0,3.0,0.0,1
207.0,8420,0.12882447665056362,0.11574074074074073,0.0,12.0,120000.0,20000.0,31.0,1.0,0.0,1,97,0.0024752475247524753,-4.98,0.12882447665056362,0.11574074074074073,0.0,12.0,120000.0,20000.0,31.0,1.0,0.0,1
207.0,8886,0.12882447665056362,0.11574074074074073,0.0,12.0,120000.0,0.0,0.0,3.0,0.0,3,47,0.0024752475247524753,-4.98,0.12882447665056362,0.11574074074074073,0.0,12.0,120000.0,0.0,0.0,3.0,0.0,1
207.0,9338,0.12882447665056362,0.11574074074074073,0.0,12.0,120000.0,0.0,0.0,6.0,0.0,3,47,0.0024752475247524753,-4.98,0.12882447665056362,0.11574074074074073,0.0,12.0,120000.0,0.0,0.0,6.0,0.0,1
207.0,10231,0.12882447665056362,0.11574074074074073,0.0,12.0,120000.0,0.0,0.0,2.0,0.0,1,4,0.0024752475247524753,-4.98,0.12882447665056362,0.11574074074074073,0.0,12.0,120000.0,0.0,0.0,2.0,0.0,1
208.0,3107,0.1282051282051282,0.11518429487179488,0.0,25.0,400000.0,0.0,0.0,5.0,0.0,1,4,0.0024752475247524753,-4.98,0.1282051282051282,0.11518429487179488,0.0,25.0,400000.0,0.0,0.0,5.0,0.0,1
208.0,3473,0.1282051282051282,0.11518429487179488,25.0,25.0,400000.0,20000.0,11.0,2.0,0.0,1,97,0.0024752475247524753,-4.975,0.1282051282051282,0.11518429487179488,25.0,25.0,400000.0,20000.0,11.0,2.0,0.0,1
208.0,4187,0.1282051282051282,0.11518429487179488,0.0,25.0,400000.0,0.0,0.0,1.0,0.0,1,97,0.0024752475247524753,-4.98,0.1282051282051282,0.11518429487179488,0.0,25.0,400000.0,0.0,0.0,1.0,0.0,1
208.0,4545,0.1282051282051282,0.11518429487179488,12.5,25.0,400000.0,20000.0,8.0,3.0,0.0,3,18,0.0024752475247524753,-4.98,0.1282051282051282,0.11518429487179488,12.5,25.0,400000.0,20000.0,8.0,3.0,0.0,1
208.0,5289,0.1282051282051282,0.11518429487179488,0.0,12.0,120000.0,20000.0,7.0,5.0,0.0,3,18,0.0024752475247524753,-4.98,0.1282051282051282,0.11518429487179488,0.0,12.0,120000.0,20000.0,7.0,5.0,0.0,1
208.0,9792,0.1282051282051282,0.11518429487179488,0.0,12.0,120000.0,0.0,0.0,3.0,0.0,3,18,0.0024752475247524753,-4.98,0.1282051282051282,0.11518429487179488,0.0,12.0,120000.0,0.0,0.0,3.0,0.0,1
208.0,10683,0.1282051282051282,0.11518429487179488,0.0,12.0,120000.0,0.0,0.0,4.0,0.0,3,18,0.0024752475247524753,-4.98,0.1282051282051282,0.11518429487179488,0.0,12.0,120000.0,0.0,0.0,4.0,0.0,1
208.0,11131,0.1282051282051282,0.11518429487179488,0.0,12.0,120000.0,0.0,0.0,4.0,0.0,1,43,0.0024752475247524753,-4.98,0.1282051282051282,0.11518429487179488,0.0,12.0,120000.0,0.0,0.0,4.0,0.0,1
208.0,11578,0.1282051282051282,0.11518429487179488,0.0,12.0,120000.0,0.0,0.0,2.0,0.0,1,43,0.0024752475247524753,-4.98,0.1282051282051282,0.11518429487179488,0.0,12.0,120000.0,0.0,0.0,2.0,0.0,1
208.0,12035,0.1282051282051282,0.11518429487179488,0.0,12.0,120000.0,0.0,0.0,1.0,0.0,2,36,0.0024752475247524753,-4.98,0.1282051282051282,0.11518429487179488,0.0,12.0,120000.0,0.0,0.0,1.0,0.0,1
208.0,12485,0.1282051282051282,0.11518429487179488,0.0,12.0,120000.0,0.0,0.0,4.0,0.0,2,36,0.0024752475247524753,-4.98,0.1282051282051282,0.11518429487179488,0.0,12.0,120000.0,0.0,0.0,4.0,0.0,1
203.0,7085,0.13136288998357964,0.11802134646962234,0.0,12.0,120000.0,20000.0,10.0,4.0,0.0,0,0,0.0024752475247524753,9.75,0.12759170653907495,0.11463317384370017,0.0,12.0,120000.0,20000.0,11.0,4.0,0.0,0
209.0,503,0.12759170653907495,0.11463317384370017,12.5,8.0,80000.0,20000.0,12.0,4.0,0.0,1,25,0.0024752475247524753,-4.98,0.12759170653907495,0.11463317384370017,12.5,8.0,80000.0,20000.0,12.0,4.0,0.0,1
209.0,1420,0.12759170653907495,0.11463317384370017,0.0,8.0,80000.0,0.0,0.0,5.0,0.0,1,25,0.0024752475247524753,-4.98,0.12759170653907495,0.11463317384370017,0.0,8.0,80000.0,0.0,0.0,5.0,0.0,1
209.0,2314,0.12759170653907495,0.11463317384370017,0.0,8.0,80000.0,0.0,0.0,5.0,0.0,1,89,0.0024752475247524753,-4.98,0.12759170653907495,0.11463317384370017,0.0,8.0,80000.0,0.0,0.0,5.0,0.0,1
209.0,2753,0.12759170653907495,0.11463317384370017,25.0,25.0,400000.0,20000.0,8.0,4.0,0.0,1,89,0.0024752475247524753,-4.975,0.12759170653907495,0.11463317384370017,25.0,25.0,400000.0,20000.0,8.0,4.0,0.0,1
209.0,4908,0.12759170653907495,0.11463317384370017,0.0,25.0,400000.0,0.0,0.0,5.0,0.0,1,41,0.0024752475247524753,-4.98,0.12759170653907495,0.11463317384370017,0.0,25.0,400000.0,0.0,0.0,5.0,0.0,1
209.0,5730,0.12759170653907495,0.11463317384370017,12.5,12.0,120000.0,20000.0,5.0,2.0,0.0,1,41,0.0024752475247524753,-4.98,0.12759170653907495,0.11463317384370017,12.5,12.0,120000.0,20000.0,5.0,2.0,0.0,1
209.0,6632,0.12759170653907495,0.11463317384370017,12.5,12.0,120000.0,20000.0,8.0,5.0,0.0,2,48,0.0024752475247524753,-4.98,0.12759170653907495,0.11463317384370017,12.5,12.0,120000.0,20000.0,8.0,5.0,0.0,1
209.0,7088,0.12759170653907495,0.11463317384370017,0.0,12.0,120000.0,20000.0,11.0,4.0,0.0,2,48,0.0024752475247524753,-4.98,0.12759170653907495,0.11463317384370017,0.0,12.0,120000.0,20000.0,11.0,4.0,0.0,1
209.0,7535,0.12759170653907495,0.11463317384370017,12.5,12.0,120000.0,20000.0,10.0,5.0,0.0,2,43,0.0024752475247524753,-4.98,0.12759170653907495,0.11463317384370017,12.5,12.0,120000.0,20000.0,10.0,5.0,0.0,1
209.0,7987,0.12759170653907495,0.11463317384370017,25.0,12.0,120000.0,20000.0,19.0,3.0,0.0,2,43,0.0024752475247524753,-4.975,0.12759170653907495,0.11463317384370017,25.0,12.0,120000.0,20000.0,19.0,3.0,0.0,1
209.0,8421,0.12759170653907495,0.11463317384370017,0.0,12.0,120000.0,20000.0,31.0,1.0,0.0,3,7,0.0024752475247524753,-4.98,0.12759170653907495,0.11463317384370017,0.0,12.0,120000.0,20000.0,31.0,1.0,0.0,1
209.0,8887,0.12759170653907495,0.11463317384370017,0.0,12.0,120000.0,0.0,0.0,3.0,0.0,3,7,0.0024752475247524753,-4.98,0.12759170653907495,0.11463317384370017,0.0,12.0,120000.0,0.0,0.0,3.0,0.0,1
209.0,9339,0.12759170653907495,0.11463317384370017,0.0,12.0,120000.0,0.0,0.0,6.0,0.0,3,7,0.0024752475247524753,-4.98,0.12759170653907495,0.11463317384370017,0.0,12.0,120000.0,0.0,0.0,6.0,0.0,1
209.0,10232,0.12759170653907495,0.11463317384370017,0.0,12.0,120000.0,0.0,0.0,2.0,0.0,3,7,0.0024752475247524753,-4.98,0.12759170653907495,0.11463317384370017,0.0,12.0,120000.0,0.0,0.0,2.0,0.0,1
203.0,7532,0.13136288998357964,0.11802134646962234,0.0,12.0,120000.0,20000.0,9.0,5.0,0.0,0,0,0.0024752475247524753,9.749582916666666,0.12758559586053636,0.11462768378095066,0.0,12.0,120000.0,20000.0,9.0,5.0,0.0,0
203.0,7984,0.13136288998357964,0.11802134646962234,12.5,12.0,120000.0,20000.0,16.0,3.0,0.0,0,0,0.0024752475247524753,9.749332916666667,0.12758559586053636,0.11462768378095066,12.5,12.0,120000.0,20000.0,18.0,3.0,0.0,0
210.0,54,0.12698412698412698,0.1140873015873016,12.5,8.0,80000.0,20000.0,5.0,2.0,0.0,2,15,0.0024752475247524753,-4.98,0.12698412698412698,0.1140873015873016,12.5,8.0,80000.0,20000.0,5.0,2.0,0.0,1
210.0,974,0.12698412698412698,0.1140873015873016,12.5,8.0,80000.0,20000.0,32.0,1.0,0.0,2,15,0.0024752475247524753,-4.98,0.12698412698412698,0.1140873015873016,12.5,8.0,80000.0,20000.0,32.0,1.0,0.0,1
210.0,3825,0.12698412698412698,0.1140873015873016,0.0,25.0,400000.0,20000.0,15.0,0.0,0.0,3,90,0.0024752475247524753,-4.98,0.12698412698412698,0.1140873015873016,0.0,25.0,400000.0,20000.0,15.0,0.0,0.0,1
210.0,5290,0.12698412698412698,0.1140873015873016,0.0,12.0,120000.0,20000.0,7.0,5.0,0.0,3,90,0.0024752475247524753,-4.98,0.12698412698412698,0.1140873015873016,0.0,12.0,120000.0,20000.0,7.0,5.0,0.0,1
210.0,9793,0.12698412698412698,0.1140873015873016,0.0,12.0,120000.0,0.0,0.0,3.0,0.0,1,10,0.0024752475247524753,-4.98,0.12698412698412698,0.1140873015873016,0.0,12.0,120000.0,0.0,0.0,3.0,0.0,1
210.0,10684,0.12698412698412698,0.1140873015873016,0.0,12.0,120000.0,0.0,0.0,4.0,0.0,1,10,0.0024752475247524753,-4.98,0.12698412698412698,0.1140873015873016,0.0,12.0,120000.0,0.0,0.0,4.0,0.0,1
210.0,11132,0.12698412698412698,0.1140873015873016,0.0,12.0,120000.0,0.0,0.0,4.0,0.0,1,10,0.0024752475247524753,-4.98,0.12698412698412698,0.1140873015873016,0.0,12.0,120000.0,0.0,0.0,4.0,0.0,1
210.0,11579,0.12698412698412698,0.1140873015873016,0.0,12.0,120000.0,0.0,0.0,2.0,0.0,1,10,0.0024752475247524753,-4.98,0.12698412698412698,0.1140873015873016,0.0,12.0,120000.0,0.0,0.0,2.0,0.0,1
210.0,12036,0.12698412698412698,0.1140873015873016,0.0,12.0,120000.0,0.0,0.0,1.0,0.0,1,10,0.0024752475247524753,-4.98025,0.12698412698412698,0.1140873015873016,0.0,12.0,120000.0,0.0,0.0,1.0,0.0,1
210.0,12486,0.12698412698412698,0.1140873015873016,0.0,12.0,120000.0,0.0,0.0,4.0,0.0,1,10,0.0024752475247524753,-4.98,0.12698412698412698,0.1140873015873016,0.0,12.0,120000.0,0.0,0.0,4.0,0.0,1
207.0,502,0.12882447665056362,0.11574074074074073,0.0,8.0,80000.0,20000.0,11.0,4.0,0.0,1,88,0.0024752475247524753,9.77,0.1263823064770932,0.11354660347551342,0.0,8.0,80000.0,20000.0,12.0,4.0,0.0,0
211.0,1421,0.1263823064770932,0.11354660347551342,0.0,8.0,80000.0,0.0,0.0,5.0,0.0,1,4,0.0024752475247524753,-4.98,0.1263823064770932,0.11354660347551342,0.0,8.0,80000.0,0.0,0.0,5.0,0.0,1
211.0,1850,0.1263823064770932,0.11354660347551342,0.0,8.0,80000.0,0.0,0.0,4.0,0.0,3,45,0.0024752475247524753,-4.98,0.1263823064770932,0.11354660347551342,0.0,8.0,80000.0,0.0,0.0,4.0,0.0,1
211.0,2315,0.1263823064770932,0.11354660347551342,0.0,8.0,80000.0,0.0,0.0,5.0,0.0,2,48,0.0024752475247524753,-4.98,0.1263823064770932,0.11354660347551342,0.0,8.0,80000.0,0.0,0.0,5.0,0.0,1
211.0,3108,0.1263823064770932,0.11354660347551342,0.0,25.0,400000.0,0.0,0.0,5.0,0.0,2,48,0.0024752475247524753,-4.98,0.1263823064770932,0.11354660347551342,0.0,25.0,400000.0,0.0,0.0,5.0,0.0,1
211.0,3474,0.1263823064770932,0.11354660347551342,25.0,25.0,400000.0,20000.0,11.0,2.0,0.0,1,16,0.0024752475247524753,-4.975,0.1263823064770932,0.11354660347551342,25.0,25.0,400000.0,20000.0,11.0,2.0,0.0,1
211.0,4188,0.1263823064770932,0.11354660347551342,0.0,25.0,400000.0,0.0,0.0,1.0,0.0,1,16,0.0024752475247524753,-4.98,0.1263823064770932,0.11354660347551342,0.0,25.0,400000.0,0.0,0.0,1.0,0.0,1
211.0,4546,0.1263823064770932,0.11354660347551342,12.5,25.0,400000.0,20000.0,8.0,3.0,0.0,2,42,0.0024752475247524753,-4.98,0.1263823064770932,0.11354660347551342,12.5,25.0,400000.0,20000.0,8.0,3.0,0.0,1
211.0,5731,0.1263823064770932,0.11354660347551342,12.5,12.0,120000.0,20000.0,5.0,2.0,0.0,2,42,0.0024752475247524753,-4.98,0.1263823064770932,0.11354660347551342,12.5,12.0,120000.0,20000.0,5.0,2.0,0.0,1
211.0,6170,0.1263823064770932,0.11354660347551342,0.0,12.0,120000.0,20000.0,32.0,3.0,0.0,3,68,0.0024752475247524753,-4.98,0.1263823064770932,0.11354660347551342,0.0,12.0,120000.0,20000.0,33.0,3.0,0.0,1
211.0,6633,0.1263823064770932,0.11354660347551342,12.5,12.0,120000.0,20000.0,8.0,5.0,0.0,3,68,0.0024752475247524753,-4.98,0.1263823064770932,0.11354660347551342,12.5,12.0,120000.0,20000.0,8.0,5.0,0.0,1
211.0,7089,0.1263823064770932,0.11354660347551342,0.0,12.0,120000.0,20000.0,11.0,4.0,0.0,1,60,0.0024752475247524753,-4.98,0.1263823064770932,0.11354660347551342,0.0,12.0,120000.0,20000.0,11.0,4.0,0.0,1
211.0,7536,0.1263823064770932,0.11354660347551342,0.0,12.0,120000.0,20000.0,10.0,5.0,0.0,1,60,0.0024752475247524753,-4.98,0.1263823064770932,0.11354660347551342,0.0,12.0,120000.0,20000.0,10.0,5.0,0.0,1
211.0,8888,0.1263823064770932,0.11354660347551342,0.0,12.0,120000.0,0.0,0.0,3.0,0.0,1,69,0.0024752475247524753,-4.98,0.1263823064770932,0.11354660347551342,0.0,12.0,120000.0,0.0,0.0,3.0,0.0,1
211.0,9340,0.1263823064770932,0.11354660347551342,0.0,12.0,120000.0,0.0,0.0,6.0,0.0,1,69,0.0024752475247524753,-4.98,0.1263823064770932,0.11354660347551342,0.0,12.0,120000.0,0.0,0.0,6.0,0.0,1
211.0,10233,0.1263823064770932,0.11354660347551342,0.0,12.0,120000.0,0.0,0.0,2.0,0.0,3,88,0.0024752475247524753,-4.98,0.1263823064770932,0.11354660347551342,0.0,12.0,120000.0,0.0,0.0,2.0,0.0,1
205.0,7985,0.13008130081300812,0.11686991869918699,12.5,12.0,120000.0,20000.0,17.0,3.0,0.0,0,0,0.0024752475247524753,9.749332916666667,0.12637631108906475,0.11354121699408164,12.5,12.0,120000.0,20000.0,19.0,3.0,0.0,0
208.0,973,0.1282051282051282,0.11518429487179488,0.0,8.0,80000.0,20000.0,31.0,1.0,0.0,0,0,0.0024752475247524753,9.75,0.12578616352201258,0.11301100628930817,0.0,8.0,80000.0,20000.0,31.0,1.0,0.0,0
208.0,53,0.1282051282051282,0.11518429487179488,0.0,8.0,80000.0,20000.0,4.0,2.0,0.0,1,4,0.0024752475247524753,9.77,0.12578616352201258,0.11301100628930817,0.0,8.0,80000.0,20000.0,4.0,2.0,0.0,0
212.0,55,0.12578616352201258,0.11301100628930817,0.0,8.0,80000.0,20000.0,4.0,2.0,0.0,3,88,0.0024752475247524753,-4.98,0.12578616352201258,0.11301100628930817,0.0,8.0,80000.0,20000.0,4.0,2.0,0.0,1
212.0,4909,0.12578616352201258,0.11301100628930817,0.0,25.0,400000.0,0.0,0.0,5.0,0.0,1,88,0.0024752475247524753,-4.98,0.12578616352201258,0.11301100628930817,0.0,25.0,400000.0,0.0,0.0,5.0,0.0,1
212.0,9794,0.12578616352201258,0.11301100628930817,0.0,12.0,120000.0,0.0,0.0,3.0,0.0,2,29,0.0024752475247524753,-4.98,0.12578616352201258,0.11301100628930817,0.0,12.0,120000.0,0.0,0.0,3.0,0.0,1
212.0,10685,0.12578616352201258,0.11301100628930817,0.0,12.0,120000.0,0.0,0.0,4.0,0.0,3,36,0.0024752475247524753,-4.98,0.12578616352201258,0.11301100628930817,0.0,12.0,120000.0,0.0,0.0,4.0,0.0,1
212.0,11133,0.12578616352201258,0.11301100628930817,0.0,12.0,120000.0,0.0,0.0,4.0,0.0,2,82,0.0024752475247524753,-4.98,0.12578616352201258,0.11301100628930817,0.0,12.0,120000.0,0.0,0.0,4.0,0.0,1
212.0,11580,0.12578616352201258,0.11301100628930817,0.0,12.0,120000.0,0.0,0.0,2.0,0.0,3,50,0.0024752475247524753,-4.98,0.12578616352201258,0.11301100628930817,0.0,12.0,120000.0,0.0,0.0,2.0,0.0,1
212.0,12037,0.12578616352201258,0.11301100628930817,0.0,12.0,120000.0,0.0,0.0,1.0,0.0,3,50,0.0024752475247524753,-4.98,0.12578616352201258,0.11301100628930817,0.0,12.0,120000.0,0.0,0.0,1.0,0.0,1
212.0,12487,0.12578616352201258,0.11301100628930817,0.0,12.0,120000.0,0.0,0.0,4.0,0.0,3,5,0.0024752475247524753,-4.98,0.12578616352201258,0.11301100628930817,0.0,12.0,120000.0,0.0,0.0,4.0,0.0,1
207.0,5729,0.12882447665056362,0.11574074074074073,0.0,12.0,120000.0,20000.0,4.0,2.0,0.0,0,0,0.0024752475247524753,9.75,0.12519561815336464,0.11248043818466354,0.0,12.0,120000.0,20000.0,5.0,2.0,0.0,0
207.0,6631,0.12882447665056362,0.11574074074074073,0.0,12.0,120000.0,20000.0,7.0,5.0,0.0,0,0,0.0024752475247524753,9.75,0.12519561815336464,0.11248043818466354,0.0,12.0,120000.0,20000.0,8.0,5.0,0.0,0
213.0,505,0.12519561815336464,0.11248043818466354,12.5,8.0,80000.0,20000.0,12.0,4.0,0.0,3,5,0.0024752475247524753,-4.98,0.12519561815336464,0.11248043818466354,12.5,8.0,80000.0,20000.0,12.0,4.0,0.0,1
213.0,1422,0.12519561815336464,0.11248043818466354,0.0,8.0,80000.0,0.0,0.0,5.0,0.0,1,9,0.0024752475247524753,-4.98,0.12519561815336464,0.11248043818466354,0.0,8.0,80000.0,0.0,0.0,5.0,0.0,1
213.0,1851,0.12519561815336464,0.11248043818466354,0.0,8.0,80000.0,0.0,0.0,4.0,0.0,1,9,0.0024752475247524753,-4.98,0.12519561815336464,0.11248043818466354,0.0,8.0,80000.0,0.0,0.0,4.0,0.0,1
213.0,2316,0.12519561815336464,0.11248043818466354,0.0,8.0,80000.0,0.0,0.0,5.0,0.0,1,9,0.0024752475247524753,-4.98,0.12519561815336464,0.11248043818466354,0.0,8.0,80000.0,0.0,0.0,5.0,0.0,1
213.0,7537,0.12519561815336464,0.11248043818466354,0.0,12.0,120000.0,20000.0,11.0,5.0,0.0,2,71,0.0024752475247524753,-4.98,0.12519561815336464,0.11248043818466354,0.0,12.0,120000.0,20000.0,11.0,5.0,0.0,1
213.0,7989,0.12519561815336464,0.11248043818466354,12.5,12.0,120000.0,20000.0,19.0,3.0,0.0,2,71,0.0024752475247524753,-4.98,0.12519561815336464,0.11248043818466354,12.5,12.0,120000.0,20000.0,19.0,3.0,0.0,1
213.0,8423,0.12519561815336464,0.11248043818466354,12.5,12.0,120000.0,20000.0,32.0,1.0,0.0,2,79,0.0024752475247524753,-4.98,0.12519561815336464,0.11248043818466354,12.5,12.0,120000.0,20000.0,32.0,1.0,0.0,1
213.0,8889,0.12519561815336464,0.11248043818466354,0.0,12.0,120000.0,0.0,0.0,3.0,0.0,2,79,0.0024752475247524753,-4.98,0.12519561815336464,0.11248043818466354,0.0,12.0,120000.0,0.0,0.0,3.0,0.0,1
213.0,9341,0.12519561815336464,0.11248043818466354,0.0,12.0,120000.0,0.0,0.0,6.0,0.0,2,84,0.0024752475247524753,-4.98,0.12519561815336464,0.11248043818466354,0.0,12.0,120000.0,0.0,0.0,6.0,0.0,1
213.0,10234,0.12519561815336464,0.11248043818466354,0.0,12.0,120000.0,0.0,0.0,2.0,0.0,2,84,0.0024752475247524753,-4.98,0.12519561815336464,0.11248043818466354,0.0,12.0,120000.0,0.0,0.0,2.0,0.0,1
194.0,2748,0.13745704467353953,0.12349656357388315,0.0,25.0,400000.0,20000.0,6.0,4.0,0.0,0,0,0.0024752475247524753,9.599499999999999,0.12461059190031153,0.11195482866043613,25.0,25.0,400000.0,20000.0,8.0,4.0,0.0,0
214.0,3109,0.12461059190031153,0.11195482866043613,0.0,25.0,400000.0,0.0,0.0,5.0,0.0,2,84,0.0024752475247524753,-4.98,0.12461059190031153,0.11195482866043613,0.0,25.0,400000.0,0.0,0.0,5.0,0.0,1
214.0,4189,0.12461059190031153,0.11195482866043613,0.0,25.0,400000.0,0.0,0.0,1.0,0.0,2,84,0.0024752475247524753,-4.98,0.12461059190031153,0.11195482866043613,0.0,25.0,400000.0,0.0,0.0,1.0,0.0,1
214.0,4547,0.12461059190031153,0.11195482866043613,12.5,25.0,400000.0,20000.0,8.0,3.0,0.0,2,68,0.0024752475247524753,-4.98,0.12461059190031153,0.11195482866043613,12.5,25.0,400000.0,20000.0,8.0,3.0,0.0,1
214.0,5292,0.12461059190031153,0.11195482866043613,12.5,12.0,120000.0,20000.0,9.0,5.0,0.0,2,68,0.0024752475247524753,-4.98,0.12461059190031153,0.11195482866043613,12.5,12.0,120000.0,20000.0,9.0,5.0,0.0,1
214.0,10686,0.12461059190031153,0.11195482866043613,0.0,12.0,120000.0,0.0,0.0,4.0,0.0,3,55,0.0024752475247524753,-4.98,0.12461059190031153,0.11195482866043613,0.0,12.0,120000.0,0.0,0.0,4.0,0.0,1
214.0,11134,0.12461059190031153,0.11195482866043613,0.0,12.0,120000.0,0.0,0.0,4.0,0.0,3,55,0.0024752475247524753,-4.98,0.12461059190031153,0.11195482866043613,0.0,12.0,120000.0,0.0,0.0,4.0,0.0,1
214.0,11581,0.12461059190031153,0.11195482866043613,0.0,12.0,120000.0,0.0,0.0,2.0,0.0,2,11,0.0024752475247524753,-4.98,0.12461059190031153,0.11195482866043613,0.0,12.0,120000.0,0.0,0.0,2.0,0.0,1
214.0,12038,0.12461059190031153,0.11195482866043613,0.0,12.0,120000.0,0.0,0.0,1.0,0.0,2,2,0.0024752475247524753,-4.98,0.12461059190031153,0.11195482866043613,0.0,12.0,120000.0,0.0,0.0,1.0,0.0,1
214.0,12488,0.12461059190031153,0.11195482866043613,0.0,12.0,120000.0,0.0,0.0,4.0,0.0,3,80,0.0024752475247524753,-4.98,0.12461059190031153,0.11195482866043613,0.0,12.0,120000.0,0.0,0.0,4.0,0.0,1
215.0,506,0.124031007751938,0.11143410852713179,12.5,8.0,80000.0,20000.0,12.0,4.0,0.0,3,4,0.0024752475247524753,-4.98,0.124031007751938,0.11143410852713179,12.5,8.0,80000.0,20000.0,12.0,4.0,0.0,1
215.0,1423,0.124031007751938,0.11143410852713179,0.0,8.0,80000.0,0.0,0.0,5.0,0.0,2,75,0.0024752475247524753,-4.98,0.124031007751938,0.11143410852713179,0.0,8.0,80000.0,0.0,0.0,5.0,0.0,1
215.0,1852,0.124031007751938,0.11143410852713179,0.0,8.0,80000.0,0.0,0.0,4.0,0.0,2,75,0.0024752475247524753,-4.98,0.124031007751938,0.11143410852713179,0.0,8.0,80000.0,0.0,0.0,4.0,0.0,1
215.0,2317,0.124031007751938,0.11143410852713179,0.0,8.0,80000.0,0.0,0.0,5.0,0.0,1,60,0.0024752475247524753,-4.98,0.124031007751938,0.11143410852713179,0.0,8.0,80000.0,0.0,0.0,5.0,0.0,1
215.0,2755,0.124031007751938,0.11143410852713179,25.0,25.0,400000.0,20000.0,8.0,4.0,0.0,1,60,0.0024752475247524753,-4.975,0.124031007751938,0.11143410852713179,25.0,25.0,400000.0,20000.0,8.0,4.0,0.0,1
215.0,4910,0.124031007751938,0.11143410852713179,0.0,25.0,400000.0,0.0,0.0,5.0,0.0,3,55,0.0024752475247524753,-4.98,0.124031007751938,0.11143410852713179,0.0,25.0,400000.0,0.0,0.0,5.0,0.0,1
215.0,5733,0.124031007751938,0.11143410852713179,12.5,12.0,120000.0,20000.0,5.0,2.0,0.0,3,55,0.0024752475247524753,-4.98,0.124031007751938,0.11143410852713179,12.5,12.0,120000.0,20000.0,5.0,2.0,0.0,1
215.0,6172,0.124031007751938,0.11143410852713179,12.5,12.0,120000.0,20000.0,34.0,3.0,0.0,2,31,0.0024752475247524753,-4.98,0.124031007751938,0.11143410852713179,12.5,12.0,120000.0,20000.0,34.0,3.0,0.0,1
215.0,6635,0.124031007751938,0.11143410852713179,12.5,12.0,120000.0,20000.0,8.0,5.0,0.0,2,31,0.0024752475247524753,-4.98,0.124031007751938,0.11143410852713179,12.5,12.0,120000.0,20000.0,8.0,5.0,0.0,1
215.0,7091,0.124031007751938,0.11143410852713179,12.5,12.0,120000.0,20000.0,12.0,4.0,0.0,2,74,0.0024752475247524753,-4.98,0.124031007751938,0.11143410852713179,12.5,12.0,120000.0,20000.0,12.0,4.0,0.0,1
215.0,7538,0.124031007751938,0.11143410852713179,0.0,12.0,120000.0,20000.0,11.0,5.0,0.0,2,74,0.0024752475247524753,-4.98,0.124031007751938,0.11143410852713179,0.0,12.0,120000.0,20000.0,11.0,5.0,0.0,1
215.0,8890,0.124031007751938,0.11143410852713179,0.0,12.0,120000.0,0.0,0.0,3.0,0.0,3,23,0.0024752475247524753,-4.98,0.124031007751938,0.11143410852713179,0.0,12.0,120000.0,0.0,0.0,3.0,0.0,1
215.0,9342,0.124031007751938,0.11143410852713179,0.0,12.0,120000.0,0.0,0.0,6.0,0.0,3,23,0.0024752475247524753,-4.98,0.124031007751938,0.11143410852713179,0.0,12.0,120000.0,0.0,0.0,6.0,0.0,1
215.0,10235,0.124031007751938,0.11143410852713179,0.0,12.0,120000.0,0.0,0.0,2.0,0.0,1,95,0.0024752475247524753,-4.98,0.124031007751938,0.11143410852713179,0.0,12.0,120000.0,0.0,0.0,2.0,0.0,1
211.0,504,0.1263823064770932,0.11354660347551342,0.0,8.0,80000.0,20000.0,11.0,4.0,0.0,1,4,0.0024752475247524753,9.769374375,0.124025233367817,0.11142892060389809,0.0,8.0,80000.0,20000.0,11.0,4.0,0.0,0
216.0,57,0.12345679012345678,0.1109182098765432,12.5,8.0,80000.0,20000.0,5.0,2.0,0.0,1,95,0.0024752475247524753,-4.98,0.12345679012345678,0.1109182098765432,12.5,8.0,80000.0,20000.0,5.0,2.0,0.0,1
216.0,10687,0.12345679012345678,0.1109182098765432,0.0,12.0,120000.0,0.0,0.0,4.0,0.0,3,12,0.0024752475247524753,-4.98,0.12345679012345678,0.1109182098765432,0.0,12.0,120000.0,0.0,0.0,4.0,0.0,1
216.0,11135,0.12345679012345678,0.1109182098765432,0.0,12.0,120000.0,0.0,0.0,4.0,0.0,3,12,0.0024752475247524753,-4.98,0.12345679012345678,0.1109182098765432,0.0,12.0,120000.0,0.0,0.0,4.0,0.0,1
216.0,11582,0.12345679012345678,0.1109182098765432,0.0,12.0,120000.0,0.0,0.0,2.0,0.0,3,82,0.0024752475247524753,-4.98,0.12345679012345678,0.1109182098765432,0.0,12.0,120000.0,0.0,0.0,2.0,0.0,1
216.0,12039,0.12345679012345678,0.1109182098765432,0.0,12.0,120000.0,0.0,0.0,1.0,0.0,3,82,0.0024752475247524753,-4.98,0.12345679012345678,0.1109182098765432,0.0,12.0,120000.0,0.0,0.0,1.0,0.0,1
216.0,12489,0.12345679012345678,0.1109182098765432,0.0,12.0,120000.0,0.0,0.0,4.0,0.0,3,13,0.0024752475247524753,-4.98,0.12345679012345678,0.1109182098765432,0.0,12.0,120000.0,0.0,0.0,4.0,0.0,1
211.0,8422,0.1263823064770932,0.11354660347551342,0.0,12.0,120000.0,20000.0,31.0,1.0,0.0,0,0,0.0024752475247524753,9.74975,0.1228878648233487,0.11040706605222733,12.5,12.0,120000.0,20000.0,32.0,1.0,0.0,0
217.0,507,0.1228878648233487,0.11040706605222733,0.0,8.0,80000.0,20000.0,11.0,4.0,0.0,3,13,0.0024752475247524753,-4.98,0.1228878648233487,0.11040706605222733,0.0,8.0,80000.0,20000.0,11.0,4.0,0.0,1
217.0,1424,0.1228878648233487,0.11040706605222733,0.0,8.0,80000.0,0.0,0.0,5.0,0.0,3,33,0.0024752475247524753,-4.98,0.1228878648233487,0.11040706605222733,0.0,8.0,80000.0,0.0,0.0,5.0,0.0,1
217.0,1853,0.1228878648233487,0.11040706605222733,0.0,8.0,80000.0,0.0,0.0,4.0,0.0,3,33,0.0024752475247524753,-4.98,0.1228878648233487,0.11040706605222733,0.0,8.0,80000.0,0.0,0.0,4.0,0.0,1
217.0,2318,0.1228878648233487,0.11040706605222733,0.0,8.0,80000.0,0.0,0.0,5.0,0.0,3,91,0.0024752475247524753,-4.98,0.1228878648233487,0.11040706605222733,0.0,8.0,80000.0,0.0,0.0,5.0,0.0,1
217.0,3110,0.1228878648233487,0.11040706605222733,0.0,25.0,400000.0,0.0,0.0,5.0,0.0,3,91,0.0024752475247524753,-4.98,0.1228878648233487,0.11040706605222733,0.0,25.0,400000.0,0.0,0.0,5.0,0.0,1
217.0,3476,0.1228878648233487,0.11040706605222733,37.5,25.0,400000.0,20000.0,12.0,2.0,0.0,2,35,0.0024752475247524753,-4.9625,0.1228878648233487,0.11040706605222733,37.5,25.0,400000.0,20000.0,12.0,2.0,0.0,1
217.0,4190,0.1228878648233487,0.11040706605222733,0.0,25.0,400000.0,0.0,0.0,1.0,0.0,2,35,0.0024752475247524753,-4.98,0.1228878648233487,0.11040706605222733,0.0,25.0,400000.0,0.0,0.0,1.0,0.0,1
217.0,4548,0.1228878648233487,0.11040706605222733,12.5,25.0,400000.0,20000.0,8.0,3.0,0.0,2,79,0.0024752475247524753,-4.98,0.1228878648233487,0.11040706605222733,12.5,25.0,400000.0,20000.0,8.0,3.0,0.0,1
217.0,5734,0.1228878648233487,0.11040706605222733,12.5,12.0,120000.0,20000.0,5.0,2.0,0.0,2,79,0.0024752475247524753,-4.98,0.1228878648233487,0.11040706605222733,12.5,12.0,120000.0,20000.0,5.0,2.0,0.0,1
217.0,7092,0.1228878648233487,0.11040706605222733,12.5,12.0,120000.0,20000.0,12.0,4.0,0.0,3,14,0.0024752475247524753,-4.98,0.1228878648233487,0.11040706605222733,12.5,12.0,120000.0,20000.0,12.0,4.0,0.0,1
217.0,7539,0.1228878648233487,0.11040706605222733,0.0,12.0,120000.0,20000.0,11.0,5.0,0.0,3,14,0.0024752475247524753,-4.98,0.1228878648233487,0.11040706605222733,0.0,12.0,120000.0,20000.0,11.0,5.0,0.0,1
217.0,7991,0.1228878648233487,0.11040706605222733,25.0,12.0,120000.0,20000.0,20.0,3.0,0.0,3,71,0.0024752475247524753,-4.975,0.1228878648233487,0.11040706605222733,25.0,12.0,120000.0,20000.0,20.0,3.0,0.0,1
217.0,8425,0.1228878648233487,0.11040706605222733,12.5,12.0,120000.0,20000.0,32.0,1.0,0.0,3,71,0.0024752475247524753,-4.98,0.1228878648233487,0.11040706605222733,12.5,12.0,120000.0,20000.0,32.0,1.0,0.0,1
217.0,8445,0.1228878648233487,0.11040706605222733,12.5,12.0,120000.0,20000.0,32.0,1.0,0.0,2,64,0.0024752475247524753,-4.98,0.1228878648233487,0.11040706605222733,12.5,12.0,120000.0,20000.0,32.0,1.0,0.0,1
217.0,8891,0.1228878648233487,0.11040706605222733,0.0,12.0,120000.0,0.0,0.0,3.0,0.0,2,64,0.0024752475247524753,-4.98,0.1228878648233487,0.11040706605222733,0.0,12.0,120000.0,0.0,0.0,3.0,0.0,1
217.0,9343,0.1228878648233487,0.11040706605222733,0.0,12.0,120000.0,0.0,0.0,6.0,0.0,1,48,0.0024752475247524753,-4.98,0.1228878648233487,0.11040706605222733,0.0,12.0,120000.0,0.0,0.0,6.0,0.0,1
217.0,10236,0.1228878648233487,0.11040706605222733,0.0,12.0,120000.0,0.0,0.0,2.0,0.0,1,48,0.0024752475247524753,-4.98,0.1228878648233487,0.11040706605222733,0.0,12.0,120000.0,0.0,0.0,2.0,0.0,1
217.0,11145,0.1228878648233487,0.11040706605222733,0.0,12.0,120000.0,0.0,0.0,4.0,0.0,1,26,0.0024752475247524753,-4.98,0.1228878648233487,0.11040706605222733,0.0,12.0,120000.0,0.0,0.0,4.0,0.0,1
211.0,7988,0.1263823064770932,0.11354660347551342,12.5,12.0,120000.0,20000.0,19.0,3.0,0.0,0,0,0.0024752475247524753,9.749332916666667,0.12288219638654763,0.11040197331603889,12.5,12.0,120000.0,20000.0,19.0,3.0,0.0,0
212.0,5291,0.12578616352201258,0.11301100628930817,0.0,12.0,120000.0,20000.0,8.0,5.0,0.0,0,0,0.0024752475247524753,9.74975,0.12232415902140673,0.1099006116207951,12.5,12.0,120000.0,20000.0,10.0,5.0,0.0,0
214.0,56,0.12461059190031153,0.11195482866043613,0.0,8.0,80000.0,20000.0,4.0,2.0,0.0,0,0,0.0024752475247524753,9.75,0.12232415902140673,0.1099006116207951,0.0,8.0,80000.0,20000.0,5.0,2.0,0.0,0
218.0,2756,0.12232415902140673,0.1099006116207951,25.0,25.0,400000.0,20000.0,8.0,4.0,0.0,3,67,0.0024752475247524753,-4.975,0.12232415902140673,0.1099006116207951,25.0,25.0,400000.0,20000.0,8.0,4.0,0.0,1
218.0,4911,0.12232415902140673,0.1099006116207951,0.0,25.0,400000.0,0.0,0.0,5.0,0.0,3,67,0.0024752475247524753,-4.98,0.12232415902140673,0.1099006116207951,0.0,25.0,400000.0,0.0,0.0,5.0,0.0,1
218.0,10688,0.12232415902140673,0.1099006116207951,0.0,12.0,120000.0,0.0,0.0,4.0,0.0,2,67,0.0024752475247524753,-4.98,0.12232415902140673,0.1099006116207951,0.0,12.0,120000.0,0.0,0.0,4.0,0.0,1
218.0,11136,0.12232415902140673,0.1099006116207951,0.0,12.0,120000.0,0.0,0.0,4.0,0.0,2,61,0.0024752475247524753,-4.98,0.12232415902140673,0.1099006116207951,0.0,12.0,120000.0,0.0,0.0,4.0,0.0,1
218.0,11583,0.12232415902140673,0.1099006116207951,0.0,12.0,120000.0,0.0,0.0,2.0,0.0,2,61,0.0024752475247524753,-4.98,0.12232415902140673,0.1099006116207951,0.0,12.0,120000.0,0.0,0.0,2.0,0.0,1
218.0,12040,0.12232415902140673,0.1099006116207951,0.0,12.0,120000.0,0.0,0.0,1.0,0.0,3,91,0.0024752475247524753,-4.98,0.12232415902140673,0.1099006116207951,0.0,12.0,120000.0,0.0,0.0,1.0,0.0,1
218.0,12490,0.12232415902140673,0.1099006116207951,0.0,12.0,120000.0,0.0,0.0,4.0,0.0,3,91,0.0024752475247524753,-4.98,0.12232415902140673,0.1099006116207951,0.0,12.0,120000.0,0.0,0.0,4.0,0.0,1
213.0,6171,0.12519561815336464,0.11248043818466354,0.0,12.0,120000.0,20000.0,33.0,3.0,0.0,0,0,0.0024752475247524753,9.74975,0.12176560121765602,0.10939878234398781,12.5,12.0,120000.0,20000.0,34.0,3.0,0.0,0
213.0,7090,0.12519561815336464,0.11248043818466354,0.0,12.0,120000.0,20000.0,11.0,4.0,0.0,0,0,0.0024752475247524753,9.75,0.12176560121765602,0.10939878234398781,0.0,12.0,120000.0,20000.0,11.0,4.0,0.0,0
219.0,1854,0.12176560121765602,0.10939878234398781,0.0,8.0,80000.0,0.0,0.0,4.0,0.0,1,91,0.0024752475247524753,-4.98,0.12176560121765602,0.10939878234398781,0.0,8.0,80000.0,0.0,0.0,4.0,0.0,1
219.0,2319,0.12176560121765602,0.10939878234398781,0.0,8.0,80000.0,0.0,0.0,5.0,0.0,3,88,0.0024752475247524753,-4.98,0.12176560121765602,0.10939878234398781,0.0,8.0,80000.0,0.0,0.0,5.0,0.0,1
219.0,3828,0.12176560121765602,0.10939878234398781,25.0,25.0,400000.0,20000.0,18.0,0.0,0.0,3,88,0.0024752475247524753,-4.975,0.12176560121765602,0.10939878234398781,25.0,25.0,400000.0,20000.0,18.0,0.0,0.0,1
219.0,5735,0.12176560121765602,0.10939878234398781,12.5,12.0,120000.0,20000.0,5.0,2.0,0.0,2,6,0.0024752475247524753,-4.98,0.12176560121765602,0.10939878234398781,12.5,12.0,120000.0,20000.0,5.0,2.0,0.0,1
219.0,6174,0.12176560121765602,0.10939878234398781,12.5,12.0,120000.0,20000.0,34.0,3.0,0.0,2,6,0.0024752475247524753,-4.98,0.12176560121765602,0.10939878234398781,12.5,12.0,120000.0,20000.0,34.0,3.0,0.0,1
219.0,6637,0.12176560121765602,0.10939878234398781,25.0,12.0,120000.0,20000.0,9.0,5.0,0.0,3,88,0.0024752475247524753,-4.975,0.12176560121765602,0.10939878234398781,25.0,12.0,120000.0,20000.0,9.0,5.0,0.0,1
219.0,7093,0.12176560121765602,0.10939878234398781,0.0,12.0,120000.0,20000.0,11.0,4.0,0.0,3,88,0.0024752475247524753,-4.98,0.12176560121765602,0.10939878234398781,0.0,12.0,120000.0,20000.0,11.0,4.0,0.0,1
219.0,8892,0.12176560121765602,0.10939878234398781,0.0,12.0,120000.0,0.0,0.0,3.0,0.0,2,62,0.0024752475247524753,-4.98,0.12176560121765602,0.10939878234398781,0.0,12.0,120000.0,0.0,0.0,3.0,0.0,1
219.0,9344,0.12176560121765602,0.10939878234398781,0.0,12.0,120000.0,0.0,0.0,6.0,0.0,2,62,0.0024752475247524753,-4.98,0.12176560121765602,0.10939878234398781,0.0,12.0,120000.0,0.0,0.0,6.0,0.0,1
219.0,10237,0.12176560121765602,0.10939878234398781,0.0,12.0,120000.0,0.0,0.0,2.0,0.0,1,10,0.0024752475247524753,-4.98,0.12176560121765602,0.10939878234398781,0.0,12.0,120000.0,0.0,0.0,2.0,0.0,1
219.0,11146,0.12176560121765602,0.10939878234398781,0.0,12.0,120000.0,0.0,0.0,4.0,0.0,3,13,0.0024752475247524753,-4.98,0.12176560121765602,0.10939878234398781,0.0,12.0,120000.0,0.0,0.0,4.0,0.0,1
213.0,5732,0.12519561815336464,0.11248043818466354,0.0,12.0,120000.0,20000.0,4.0,2.0,0.0,0,0,0.0024752475247524753,9.749582916666666,0.12176003583884895,0.10939378219896585,0.0,12.0,120000.0,20000.0,4.0,2.0,0.0,0
213.0,6634,0.12519561815336464,0.11248043818466354,0.0,12.0,120000.0,20000.0,7.0,5.0,0.0,0,0,0.0024752475247524753,9.749332916666667,0.12176003583884895,0.10939378219896585,12.5,12.0,120000.0,20000.0,8.0,5.0,0.0,0
199.0,3470,0.1340033500837521,0.12039363484087101,12.5,25.0,400000.0,20000.0,10.0,2.0,0.0,0,0,0.0024752475247524753,9.599299799999999,0.12176003583884895,0.10939378219896585,25.0,25.0,400000.0,20000.0,11.0,2.0,0.0,0
220.0,59,0.12121212121212122,0.10890151515151517,12.5,8.0,80000.0,20000.0,5.0,2.0,0.0,2,47,0.0024752475247524753,-4.98,0.12121212121212122,0.10890151515151517,12.5,8.0,80000.0,20000.0,5.0,2.0,0.0,1
220.0,3111,0.12121212121212122,0.10890151515151517,0.0,25.0,400000.0,0.0,0.0,5.0,0.0,2,47,0.0024752475247524753,-4.98,0.12121212121212122,0.10890151515151517,0.0,25.0,400000.0,0.0,0.0,5.0,0.0,1
220.0,3477,0.12121212121212122,0.10890151515151517,25.0,25.0,400000.0,20000.0,11.0,2.0,0.0,2,47,0.0024752475247524753,-4.975,0.12121212121212122,0.10890151515151517,25.0,25.0,400000.0,20000.0,11.0,2.0,0.0,1
220.0,4191,0.12121212121212122,0.10890151515151517,0.0,25.0,400000.0,0.0,0.0,1.0,0.0,1,66,0.0024752475247524753,-4.980500000000001,0.12121212121212122,0.10890151515151517,0.0,25.0,400000.0,0.0,0.0,1.0,0.0,1
220.0,4549,0.12121212121212122,0.10890151515151517,12.5,25.0,400000.0,20000.0,8.0,3.0,0.0,1,66,0.0024752475247524753,-4.98,0.12121212121212122,0.10890151515151517,12.5,25.0,400000.0,20000.0,8.0,3.0,0.0,1
220.0,10689,0.12121212121212122,0.10890151515151517,0.0,12.0,120000.0,0.0,0.0,4.0,0.0,1,14,0.0024752475247524753,-4.98,0.12121212121212122,0.10890151515151517,0.0,12.0,120000.0,0.0,0.0,4.0,0.0,1
220.0,11137,0.12121212121212122,0.10890151515151517,0.0,12.0,120000.0,0.0,0.0,4.0,0.0,1,14,0.0024752475247524753,-4.98,0.12121212121212122,0.10890151515151517,0.0,12.0,120000.0,0.0,0.0,4.0,0.0,1
220.0,11584,0.12121212121212122,0.10890151515151517,0.0,12.0,120000.0,0.0,0.0,2.0,0.0,3,39,0.0024752475247524753,-4.98,0.12121212121212122,0.10890151515151517,0.0,12.0,120000.0,0.0,0.0,2.0,0.0,1
220.0,12041,0.12121212121212122,0.10890151515151517,0.0,12.0,120000.0,0.0,0.0,1.0,0.0,3,39,0.0024752475247524753,-4.98,0.12121212121212122,0.10890151515151517,0.0,12.0,120000.0,0.0,0.0,1.0,0.0,1
220.0,12491,0.12121212121212122,0.10890151515151517,0.0,12.0,120000.0,0.0,0.0,4.0,0.0,3,72,0.0024752475247524753,-4.98,0.12121212121212122,0.10890151515151517,0.0,12.0,120000.0,0.0,0.0,4.0,0.0,1
200.0,2750,0.13333333333333333,0.11979166666666666,12.5,25.0,400000.0,20000.0,7.0,4.0,0.0,0,0,0.0024752475247524753,9.5995498,0.12120660631153403,0.10889656035801885,12.5,25.0,400000.0,20000.0,7.0,4.0,0.0,0
221.0,509,0.12066365007541478,0.10840874811463047,12.5,8.0,80000.0,20000.0,12.0,4.0,0.0,3,72,0.0024752475247524753,-4.98,0.12066365007541478,0.10840874811463047,12.5,8.0,80000.0,20000.0,12.0,4.0,0.0,1
221.0,1855,0.12066365007541478,0.10840874811463047,0.0,8.0,80000.0,0.0,0.0,4.0,0.0,2,98,0.0024752475247524753,-4.98,0.12066365007541478,0.10840874811463047,0.0,8.0,80000.0,0.0,0.0,4.0,0.0,1
221.0,2320,0.12066365007541478,0.10840874811463047,0.0,8.0,80000.0,0.0,0.0,5.0,0.0,2,98,0.0024752475247524753,-4.98,0.12066365007541478,0.10840874811463047,0.0,8.0,80000.0,0.0,0.0,5.0,0.0,1
221.0,2757,0.12066365007541478,0.10840874811463047,12.5,25.0,400000.0,20000.0,7.0,4.0,0.0,3,81,0.0024752475247524753,-4.98,0.12066365007541478,0.10840874811463047,12.5,25.0,400000.0,20000.0,7.0,4.0,0.0,1
221.0,4912,0.12066365007541478,0.10840874811463047,0.0,25.0,400000.0,0.0,0.0,5.0,0.0,3,81,0.0024752475247524753,-4.98,0.12066365007541478,0.10840874811463047,0.0,25.0,400000.0,0.0,0.0,5.0,0.0,1
221.0,5736,0.12066365007541478,0.10840874811463047,0.0,12.0,120000.0,20000.0,4.0,2.0,0.0,3,73,0.0024752475247524753,-4.98,0.12066365007541478,0.10840874811463047,0.0,12.0,120000.0,20000.0,4.0,2.0,0.0,1
221.0,6175,0.12066365007541478,0.10840874811463047,12.5,12.0,120000.0,20000.0,34.0,3.0,0.0,3,73,0.0024752475247524753,-4.98,0.12066365007541478,0.10840874811463047,12.5,12.0,120000.0,20000.0,34.0,3.0,0.0,1
221.0,6638,0.12066365007541478,0.10840874811463047,12.5,12.0,120000.0,20000.0,8.0,5.0,0.0,1,30,0.0024752475247524753,-4.98,0.12066365007541478,0.10840874811463047,12.5,12.0,120000.0,20000.0,8.0,5.0,0.0,1
221.0,7094,0.12066365007541478,0.10840874811463047,0.0,12.0,120000.0,20000.0,11.0,4.0,0.0,1,30,0.0024752475247524753,-4.98,0.12066365007541478,0.10840874811463047,0.0,12.0,120000.0,20000.0,11.0,4.0,0.0,1
221.0,7541,0.12066365007541478,0.10840874811463047,12.5,12.0,120000.0,20000.0,12.0,5.0,0.0,3,4,0.0024752475247524753,-4.98,0.12066365007541478,0.10840874811463047,12.5,12.0,120000.0,20000.0,12.0,5.0,0.0,1
221.0,7993,0.12066365007541478,0.10840874811463047,25.0,12.0,120000.0,20000.0,20.0,3.0,0.0,1,20,0.0024752475247524753,-4.975,0.12066365007541478,0.10840874811463047,25.0,12.0,120000.0,20000.0,21.0,3.0,0.0,1
221.0,8893,0.12066365007541478,0.10840874811463047,0.0,12.0,120000.0,0.0,0.0,3.0,0.0,2,20,0.0024752475247524753,-4.98,0.12066365007541478,0.10840874811463047,0.0,12.0,120000.0,0.0,0.0,3.0,0.0,1
221.0,10238,0.12066365007541478,0.10840874811463047,0.0,12.0,120000.0,0.0,0.0,2.0,0.0,1,21,0.0024752475247524753,-4.98,0.12066365007541478,0.10840874811463047,0.0,12.0,120000.0,0.0,0.0,2.0,0.0,1
221.0,11147,0.12066365007541478,0.10840874811463047,0.0,12.0,120000.0,0.0,0.0,4.0,0.0,1,21,0.0024752475247524753,-4.98,0.12066365007541478,0.10840874811463047,0.0,12.0,120000.0,0.0,0.0,4.0,0.0,1
215.0,7990,0.124031007751938,0.11143410852713179,12.5,12.0,120000.0,20000.0,19.0,3.0,0.0,0,0,0.0024752475247524753,9.749082916666666,0.12065818496938971,0.10840383805843605,25.0,12.0,120000.0,20000.0,20.0,3.0,0.0,0
215.0,8424,0.124031007751938,0.11143410852713179,12.5,12.0,120000.0,20000.0,32.0,1.0,0.0,0,0,0.0024752475247524753,9.748582916666667,0.12065818496938971,0.10840383805843605,50.0,12.0,120000.0,20000.0,35.0,1.0,0.0,0
202.0,4543,0.132013201320132,0.1186056105610561,0.0,25.0,400000.0,20000.0,7.0,3.0,0.0,1,70,0.0024752475247524753,9.62,0.12012012012012012,0.10792042042042041,0.0,25.0,400000.0,20000.0,7.0,3.0,0.0,0
222.0,60,0.12012012012012012,0.10792042042042041,12.5,8.0,80000.0,20000.0,5.0,2.0,0.0,1,24,0.0024752475247524753,-4.98,0.12012012012012012,0.10792042042042041,12.5,8.0,80000.0,20000.0,5.0,2.0,0.0,1
222.0,10690,0.12012012012012012,0.10792042042042041,0.0,12.0,120000.0,0.0,0.0,4.0,0.0,2,53,0.0024752475247524753,-4.98,0.12012012012012012,0.10792042042042041,0.0,12.0,120000.0,0.0,0.0,4.0,0.0,1
222.0,11138,0.12012012012012012,0.10792042042042041,0.0,12.0,120000.0,0.0,0.0,4.0,0.0,2,53,0.0024752475247524753,-4.98,0.12012012012012012,0.10792042042042041,0.0,12.0,120000.0,0.0,0.0,4.0,0.0,1
222.0,11585,0.12012012012012012,0.10792042042042041,0.0,12.0,120000.0,0.0,0.0,2.0,0.0,2,53,0.0024752475247524753,-4.98,0.12012012012012012,0.10792042042042041,0.0,12.0,120000.0,0.0,0.0,2.0,0.0,1
222.0,12042,0.12012012012012012,0.10792042042042041,0.0,12.0,120000.0,0.0,0.0,1.0,0.0,2,53,0.0024752475247524753,-4.98,0.12012012012012012,0.10792042042042041,0.0,12.0,120000.0,0.0,0.0,1.0,0.0,1
222.0,12492,0.12012012012012012,0.10792042042042041,0.0,12.0,120000.0,0.0,0.0,4.0,0.0,1,100,0.0024752475247524753,-4.98,0.12012012012012012,0.10792042042042041,0.0,12.0,120000.0,0.0,0.0,4.0,0.0,1
216.0,5293,0.12345679012345678,0.1109182098765432,12.5,12.0,120000.0,20000.0,9.0,5.0,0.0,0,0,0.0024752475247524753,9.749332916666667,0.12011470413728943,0.10791555449834597,12.5,12.0,120000.0,20000.0,9.0,5.0,0.0,0
202.0,3471,0.132013201320132,0.1186056105610561,25.0,25.0,400000.0,20000.0,11.0,2.0,0.0,0,0,0.0024752475247524753,9.5995498,0.12011470413728943,0.10791555449834597,12.5,25.0,400000.0,20000.0,10.0,2.0,0.0,0
218.0,58,0.12232415902140673,0.1099006116207951,0.0,8.0,80000.0,20000.0,4.0,2.0,0.0,1,26,0.0024752475247524753,9.769374375,0.12011470413728943,0.10791555449834597,0.0,8.0,80000.0,20000.0,4.0,2.0,0.0,0
219.0,508,0.12176560121765602,0.10939878234398781,0.0,8.0,80000.0,20000.0,11.0,4.0,0.0,0,0,0.0024752475247524753,9.75,0.1195814648729447,0.10743647234678624,0.0,8.0,80000.0,20000.0,11.0,4.0,0.0,0
223.0,510,0.1195814648729447,0.10743647234678624,0.0,8.0,80000.0,20000.0,11.0,4.0,0.0,1,100,0.0024752475247524753,-4.98,0.1195814648729447,0.10743647234678624,0.0,8.0,80000.0,20000.0,11.0,4.0,0.0,1
223.0,1856,0.1195814648729447,0.10743647234678624,0.0,8.0,80000.0,0.0,0.0,4.0,0.0,1,100,0.0024752475247524753,-4.98,0.1195814648729447,0.10743647234678624,0.0,8.0,80000.0,0.0,0.0,4.0,0.0,1
223.0,2321,0.1195814648729447,0.10743647234678624,0.0,8.0,80000.0,0.0,0.0,5.0,0.0,1,100,0.0024752475247524753,-4.98,0.1195814648729447,0.10743647234678624,0.0,8.0,80000.0,0.0,0.0,5.0,0.0,1
223.0,3112,0.1195814648729447,0.10743647234678624,0.0,25.0,400000.0,0.0,0.0,5.0,0.0,1,100,0.0024752475247524753,-4.98,0.1195814648729447,0.10743647234678624,0.0,25.0,400000.0,0.0,0.0,5.0,0.0,1
223.0,3478,0.1195814648729447,0.10743647234678624,12.5,25.0,400000.0,20000.0,10.0,2.0,0.0,1,100,0.0024752475247524753,-4.98,0.1195814648729447,0.10743647234678624,12.5,25.0,400000.0,20000.0,10.0,2.0,0.0,1
223.0,4192,0.1195814648729447,0.10743647234678624,0.0,25.0,400000.0,0.0,0.0,1.0,0.0,3,98,0.0024752475247524753,-4.98,0.1195814648729447,0.10743647234678624,0.0,25.0,400000.0,0.0,0.0,1.0,0.0,1
223.0,4550,0.1195814648729447,0.10743647234678624,0.0,25.0,400000.0,20000.0,8.0,3.0,0.0,3,98,0.0024752475247524753,-4.98,0.1195814648729447,0.10743647234678624,0.0,25.0,400000.0,20000.0,9.0,3.0,0.0,1
223.0,6639,0.1195814648729447,0.10743647234678624,12.5,12.0,120000.0,20000.0,8.0,5.0,0.0,2,16,0.0024752475247524753,-4.98,0.1195814648729447,0.10743647234678624,12.5,12.0,120000.0,20000.0,8.0,5.0,0.0,1
223.0,7542,0.1195814648729447,0.10743647234678624,12.5,12.0,120000.0,20000.0,12.0,5.0,0.0,2,16,0.0024752475247524753,-4.98,0.1195814648729447,0.10743647234678624,12.5,12.0,120000.0,20000.0,12.0,5.0,0.0,1
223.0,7994,0.1195814648729447,0.10743647234678624,25.0,12.0,120000.0,20000.0,20.0,3.0,0.0,3,12,0.0024752475247524753,-4.975,0.1195814648729447,0.10743647234678624,25.0,12.0,120000.0,20000.0,20.0,3.0,0.0,1
223.0,7996,0.1195814648729447,0.10743647234678624,25.0,12.0,120000.0,20000.0,20.0,3.0,0.0,3,12,0.0024752475247524753,-4.975,0.1195814648729447,0.10743647234678624,25.0,12.0,120000.0,20000.0,20.0,3.0,0.0,1
223.0,8428,0.1195814648729447,0.10743647234678624,50.0,12.0,120000.0,20000.0,35.0,1.0,0.0,1,65,0.0024752475247524753,-4.95,0.1195814648729447,0.10743647234678624,50.0,12.0,120000.0,20000.0,35.0,1.0,0.0,1
223.0,8448,0.1195814648729447,0.10743647234678624,50.0,12.0,120000.0,20000.0,35.0,1.0,0.0,1,65,0.0024752475247524753,-4.95,0.1195814648729447,0.10743647234678624,50.0,12.0,120000.0,20000.0,35.0,1.0,0.0,1
223.0,8894,0.1195814648729447,0.10743647234678624,0.0,12.0,120000.0,0.0,0.0,3.0,0.0,1,32,0.0024752475247524753,-4.98,0.1195814648729447,0.10743647234678624,0.0,12.0,120000.0,0.0,0.0,3.0,0.0,1
223.0,10239,0.1195814648729447,0.10743647234678624,0.0,12.0,120000.0,0.0,0.0,2.0,0.0,1,32,0.0024752475247524753,-4.98,0.1195814648729447,0.10743647234678624,0.0,12.0,120000.0,0.0,0.0,2.0,0.0,1
223.0,10695,0.1195814648729447,0.10743647234678624,0.0,12.0,120000.0,0.0,0.0,4.0,0.0,1,32,0.0024752475247524753,-4.98,0.1195814648729447,0.10743647234678624,0.0,12.0,120000.0,0.0,0.0,4.0,0.0,1
223.0,11148,0.1195814648729447,0.10743647234678624,0.0,12.0,120000.0,0.0,0.0,4.0,0.0,1,32,0.0024752475247524753,-4.98,0.1195814648729447,0.10743647234678624,0.0,12.0,120000.0,0.0,0.0,4.0,0.0,1
217.0,6173,0.1228878648233487,0.11040706605222733,12.5,12.0,120000.0,20000.0,34.0,3.0,0.0,0,0,0.0024752475247524753,9.749332916666667,0.11957609735395583,0.1074316499664447,12.5,12.0,120000.0,20000.0,34.0,3.0,0.0,0
217.0,6636,0.1228878648233487,0.11040706605222733,12.5,12.0,120000.0,20000.0,8.0,5.0,0.0,0,0,0.0024752475247524753,9.749582916666666,0.11957609735395583,0.1074316499664447,0.0,12.0,120000.0,20000.0,7.0,5.0,0.0,0
224.0,2758,0.11904761904761905,0.10695684523809525,12.5,25.0,400000.0,20000.0,7.0,4.0,0.0,1,79,0.0024752475247524753,-4.98,0.11904761904761905,0.10695684523809525,12.5,25.0,400000.0,20000.0,7.0,4.0,0.0,1
224.0,4913,0.11904761904761905,0.10695684523809525,0.0,25.0,400000.0,0.0,0.0,5.0,0.0,3,54,0.0024752475247524753,-4.98,0.11904761904761905,0.10695684523809525,0.0,25.0,400000.0,0.0,0.0,5.0,0.0,1
224.0,10691,0.11904761904761905,0.10695684523809525,0.0,12.0,120000.0,0.0,0.0,4.0,0.0,3,54,0.0024752475247524753,-4.98,0.11904761904761905,0.10695684523809525,0.0,12.0,120000.0,0.0,0.0,4.0,0.0,1
224.0,11139,0.11904761904761905,0.10695684523809525,0.0,12.0,120000.0,0.0,0.0,4.0,0.0,3,54,0.0024752475247524753,-4.98,0.11904761904761905,0.10695684523809525,0.0,12.0,120000.0,0.0,0.0,4.0,0.0,1
224.0,11586,0.11904761904761905,0.10695684523809525,0.0,12.0,120000.0,0.0,0.0,2.0,0.0,3,54,0.0024752475247524753,-4.98,0.11904761904761905,0.10695684523809525,0.0,12.0,120000.0,0.0,0.0,2.0,0.0,1
224.0,12043,0.11904761904761905,0.10695684523809525,0.0,12.0,120000.0,0.0,0.0,1.0,0.0,1,38,0.0024752475247524753,-4.980500000000001,0.11904761904761905,0.10695684523809525,0.0,12.0,120000.0,0.0,0.0,1.0,0.0,1
224.0,12493,0.11904761904761905,0.10695684523809525,0.0,12.0,120000.0,0.0,0.0,4.0,0.0,1,38,0.0024752475247524753,-4.98,0.11904761904761905,0.10695684523809525,0.0,12.0,120000.0,0.0,0.0,4.0,0.0,1
218.0,5294,0.12232415902140673,0.1099006116207951,12.5,12.0,120000.0,20000.0,9.0,5.0,0.0,0,0,0.0024752475247524753,9.749582916666666,0.11904229934486708,0.10695206581765401,0.0,12.0,120000.0,20000.0,8.0,5.0,0.0,0
219.0,7540,0.12176560121765602,0.10939878234398781,0.0,12.0,120000.0,20000.0,11.0,5.0,0.0,0,0,0.0024752475247524753,9.75,0.11851851851851852,0.10648148148148148,0.0,12.0,120000.0,20000.0,12.0,5.0,0.0,0
225.0,511,0.11851851851851852,0.10648148148148148,0.0,8.0,80000.0,20000.0,11.0,4.0,0.0,2,73,0.0024752475247524753,-4.98,0.11851851851851852,0.10648148148148148,0.0,8.0,80000.0,20000.0,11.0,4.0,0.0,1
225.0,1857,0.11851851851851852,0.10648148148148148,0.0,8.0,80000.0,0.0,0.0,4.0,0.0,2,73,0.0024752475247524753,-4.98,0.11851851851851852,0.10648148148148148,0.0,8.0,80000.0,0.0,0.0,4.0,0.0,1
225.0,2322,0.11851851851851852,0.10648148148148148,0.0,8.0,80000.0,0.0,0.0,5.0,0.0,2,73,0.0024752475247524753,-4.98,0.11851851851851852,0.10648148148148148,0.0,8.0,80000.0,0.0,0.0,5.0,0.0,1
225.0,3830,0.11851851851851852,0.10648148148148148,37.5,25.0,400000.0,20000.0,20.0,0.0,0.0,2,73,0.0024752475247524753,-4.9625,0.11851851851851852,0.10648148148148148,37.5,25.0,400000.0,20000.0,20.0,0.0,0.0,1
225.0,5738,0.11851851851851852,0.10648148148148148,12.5,12.0,120000.0,20000.0,6.0,2.0,0.0,3,20,0.0024752475247524753,-4.98,0.11851851851851852,0.10648148148148148,12.5,12.0,120000.0,20000.0,6.0,2.0,0.0,1
225.0,6177,0.11851851851851852,0.10648148148148148,12.5,12.0,120000.0,20000.0,34.0,3.0,0.0,3,20,0.0024752475247524753,-4.98,0.11851851851851852,0.10648148148148148,12.5,12.0,120000.0,20000.0,34.0,3.0,0.0,1
225.0,8449,0.11851851851851852,0.10648148148148148,50.0,12.0,120000.0,20000.0,36.0,1.0,0.0,1,98,0.0024752475247524753,-4.95,0.11851851851851852,0.10648148148148148,50.0,12.0,120000.0,20000.0,36.0,1.0,0.0,1
225.0,10240,0.11851851851851852,0.10648148148148148,0.0,12.0,120000.0,0.0,0.0,2.0,0.0,2,99,0.0024752475247524753,-4.98,0.11851851851851852,0.10648148148148148,0.0,12.0,120000.0,0.0,0.0,2.0,0.0,1
225.0,10696,0.11851851851851852,0.10648148148148148,0.0,12.0,120000.0,0.0,0.0,4.0,0.0,2,99,0.0024752475247524753,-4.98,0.11851851851851852,0.10648148148148148,0.0,12.0,120000.0,0.0,0.0,4.0,0.0,1
225.0,11149,0.11851851851851852,0.10648148148148148,0.0,12.0,120000.0,0.0,0.0,4.0,0.0,2,99,0.0024752475247524753,-4.98,0.11851851851851852,0.10648148148148148,0.0,12.0,120000.0,0.0,0.0,4.0,0.0,1
219.0,7992,0.12176560121765602,0.10939878234398781,12.5,12.0,120000.0,20000.0,19.0,3.0,0.0,0,0,0.0024752475247524753,9.749082916666666,0.11851324599588554,0.10647674444942841,25.0,12.0,120000.0,20000.0,21.0,3.0,0.0,0
219.0,8426,0.12176560121765602,0.10939878234398781,12.5,12.0,120000.0,20000.0,32.0,1.0,0.0,0,0,0.0024752475247524753,9.748832916666666,0.11851324599588554,0.10647674444942841,37.5,12.0,120000.0,20000.0,34.0,1.0,0.0,0
219.0,8446,0.12176560121765602,0.10939878234398781,12.5,12.0,120000.0,20000.0,33.0,1.0,0.0,0,0,0.0024752475247524753,9.748832916666666,0.11851324599588554,0.10647674444942841,37.5,12.0,120000.0,20000.0,34.0,1.0,0.0,0
226.0,62,0.11799410029498525,0.10601032448377581,12.5,8.0,80000.0,20000.0,5.0,2.0,0.0,1,22,0.0024752475247524753,-4.98,0.11799410029498525,0.10601032448377581,12.5,8.0,80000.0,20000.0,5.0,2.0,0.0,1
226.0,3113,0.11799410029498525,0.10601032448377581,0.0,25.0,400000.0,0.0,0.0,5.0,0.0,1,22,0.0024752475247524753,-4.98,0.11799410029498525,0.10601032448377581,0.0,25.0,400000.0,0.0,0.0,5.0,0.0,1
226.0,4193,0.11799410029498525,0.10601032448377581,0.0,25.0,400000.0,0.0,0.0,1.0,0.0,3,22,0.0024752475247524753,-4.98,0.11799410029498525,0.10601032448377581,0.0,25.0,400000.0,0.0,0.0,1.0,0.0,1
226.0,4551,0.11799410029498525,0.10601032448377581,0.0,25.0,400000.0,20000.0,9.0,3.0,0.0,3,73,0.0024752475247524753,-4.98,0.11799410029498525,0.10601032448377581,0.0,25.0,400000.0,20000.0,9.0,3.0,0.0,1
226.0,10692,0.11799410029498525,0.10601032448377581,0.0,12.0,120000.0,0.0,0.0,4.0,0.0,3,73,0.0024752475247524753,-4.98,0.11799410029498525,0.10601032448377581,0.0,12.0,120000.0,0.0,0.0,4.0,0.0,1
226.0,11140,0.11799410029498525,0.10601032448377581,0.0,12.0,120000.0,0.0,0.0,4.0,0.0,3,12,0.0024752475247524753,-4.98,0.11799410029498525,0.10601032448377581,0.0,12.0,120000.0,0.0,0.0,4.0,0.0,1
226.0,11587,0.11799410029498525,0.10601032448377581,0.0,12.0,120000.0,0.0,0.0,2.0,0.0,3,12,0.0024752475247524753,-4.98,0.11799410029498525,0.10601032448377581,0.0,12.0,120000.0,0.0,0.0,2.0,0.0,1
226.0,12044,0.11799410029498525,0.10601032448377581,0.0,12.0,120000.0,0.0,0.0,1.0,0.0,3,79,0.0024752475247524753,-4.98,0.11799410029498525,0.10601032448377581,0.0,12.0,120000.0,0.0,0.0,1.0,0.0,1
226.0,12494,0.11799410029498525,0.10601032448377581,0.0,12.0,120000.0,0.0,0.0,4.0,0.0,3,79,0.0024752475247524753,-4.98,0.11799410029498525,0.10601032448377581,0.0,12.0,120000.0,0.0,0.0,4.0,0.0,1
227.0,1858,0.11747430249632893,0.10554331864904552,0.0,8.0,80000.0,0.0,0.0,4.0,0.0,3,79,0.0024752475247524753,-4.98,0.11747430249632893,0.10554331864904552,0.0,8.0,80000.0,0.0,0.0,4.0,0.0,1
227.0,2323,0.11747430249632893,0.10554331864904552,0.0,8.0,80000.0,0.0,0.0,5.0,0.0,1,6,0.0024752475247524753,-4.98,0.11747430249632893,0.10554331864904552,0.0,8.0,80000.0,0.0,0.0,5.0,0.0,1
227.0,2759,0.11747430249632893,0.10554331864904552,12.5,25.0,400000.0,20000.0,7.0,4.0,0.0,1,6,0.0024752475247524753,-4.98,0.11747430249632893,0.10554331864904552,12.5,25.0,400000.0,20000.0,7.0,4.0,0.0,1
227.0,4914,0.11747430249632893,0.10554331864904552,0.0,25.0,400000.0,0.0,0.0,5.0,0.0,2,79,0.0024752475247524753,-4.98,0.11747430249632893,0.10554331864904552,0.0,25.0,400000.0,0.0,0.0,5.0,0.0,1
227.0,5739,0.11747430249632893,0.10554331864904552,12.5,12.0,120000.0,20000.0,6.0,2.0,0.0,2,79,0.0024752475247524753,-4.98,0.11747430249632893,0.10554331864904552,12.5,12.0,120000.0,20000.0,6.0,2.0,0.0,1
227.0,6178,0.11747430249632893,0.10554331864904552,12.5,12.0,120000.0,20000.0,34.0,3.0,0.0,3,19,0.0024752475247524753,-4.98,0.11747430249632893,0.10554331864904552,12.5,12.0,120000.0,20000.0,34.0,3.0,0.0,1
227.0,6641,0.11747430249632893,0.10554331864904552,12.5,12.0,120000.0,20000.0,8.0,5.0,0.0,3,19,0.0024752475247524753,-4.98,0.11747430249632893,0.10554331864904552,12.5,12.0,120000.0,20000.0,8.0,5.0,0.0,1
227.0,8430,0.11747430249632893,0.10554331864904552,37.5,12.0,120000.0,20000.0,34.0,1.0,0.0,3,69,0.0024752475247524753,-4.9625,0.11747430249632893,0.10554331864904552,37.5,12.0,120000.0,20000.0,34.0,1.0,0.0,1
227.0,8450,0.11747430249632893,0.10554331864904552,37.5,12.0,120000.0,20000.0,34.0,1.0,0.0,3,69,0.0024752475247524753,-4.9625,0.11747430249632893,0.10554331864904552,37.5,12.0,120000.0,20000.0,34.0,1.0,0.0,1
227.0,8895,0.11747430249632893,0.10554331864904552,0.0,12.0,120000.0,0.0,0.0,3.0,0.0,2,5,0.0024752475247524753,-4.98,0.11747430249632893,0.10554331864904552,0.0,12.0,120000.0,0.0,0.0,3.0,0.0,1
227.0,9795,0.11747430249632893,0.10554331864904552,0.0,12.0,120000.0,0.0,0.0,3.0,0.0,2,5,0.0024752475247524753,-4.98,0.11747430249632893,0.10554331864904552,0.0,12.0,120000.0,0.0,0.0,3.0,0.0,1
227.0,10241,0.11747430249632893,0.10554331864904552,0.0,12.0,120000.0,0.0,0.0,2.0,0.0,2,5,0.0024752475247524753,-4.98,0.11747430249632893,0.10554331864904552,0.0,12.0,120000.0,0.0,0.0,2.0,0.0,1
227.0,10697,0.11747430249632893,0.10554331864904552,0.0,12.0,120000.0,0.0,0.0,4.0,0.0,2,5,0.0024752475247524753,-4.98,0.11747430249632893,0.10554331864904552,0.0,12.0,120000.0,0.0,0.0,4.0,0.0,1
227.0,11150,0.11747430249632893,0.10554331864904552,0.0,12.0,120000.0,0.0,0.0,4.0,0.0,2,5,0.0024752475247524753,-4.98,0.11747430249632893,0.10554331864904552,0.0,12.0,120000.0,0.0,0.0,4.0,0.0,1
221.0,7995,0.12066365007541478,0.10840874811463047,25.0,12.0,120000.0,20000.0,20.0,3.0,0.0,0,0,0.0024752475247524753,9.749082916666666,0.11746912247026758,0.10553866471938102,25.0,12.0,120000.0,20000.0,21.0,3.0,0.0,0
221.0,8427,0.12066365007541478,0.10840874811463047,37.5,12.0,120000.0,20000.0,34.0,1.0,0.0,0,0,0.0024752475247524753,9.749332916666667,0.11746912247026758,0.10553866471938102,12.5,12.0,120000.0,20000.0,32.0,1.0,0.0,0
221.0,8447,0.12066365007541478,0.10840874811463047,37.5,12.0,120000.0,20000.0,35.0,1.0,0.0,0,0,0.0024752475247524753,9.749332916666667,0.11746912247026758,0.10553866471938102,12.5,12.0,120000.0,20000.0,32.0,1.0,0.0,0
224.0,61,0.11904761904761905,0.10695684523809525,0.0,8.0,80000.0,20000.0,4.0,2.0,0.0,1,79,0.0024752475247524753,9.77,0.11695906432748539,0.10508040935672514,0.0,8.0,80000.0,20000.0,4.0,2.0,0.0,0
228.0,63,0.11695906432748539,0.10508040935672514,0.0,8.0,80000.0,20000.0,4.0,2.0,0.0,2,5,0.0024752475247524753,-4.98,0.11695906432748539,0.10508040935672514,0.0,8.0,80000.0,20000.0,4.0,2.0,0.0,1
228.0,3831,0.11695906432748539,0.10508040935672514,37.5,25.0,400000.0,20000.0,20.0,0.0,0.0,3,91,0.0024752475247524753,-4.9625,0.11695906432748539,0.10508040935672514,37.5,25.0,400000.0,20000.0,20.0,0.0,0.0,1
228.0,4200,0.11695906432748539,0.10508040935672514,0.0,25.0,400000.0,0.0,0.0,1.0,0.0,3,91,0.0024752475247524753,-4.98,0.11695906432748539,0.10508040935672514,0.0,25.0,400000.0,0.0,0.0,1.0,0.0,1
228.0,6195,0.11695906432748539,0.10508040935672514,12.5,12.0,120000.0,20000.0,34.0,3.0,0.0,2,31,0.0024752475247524753,-4.98,0.11695906432748539,0.10508040935672514,12.5,12.0,120000.0,20000.0,34.0,3.0,0.0,1
228.0,10693,0.11695906432748539,0.10508040935672514,0.0,12.0,120000.0,0.0,0.0,4.0,0.0,2,31,0.0024752475247524753,-4.98,0.11695906432748539,0.10508040935672514,0.0,12.0,120000.0,0.0,0.0,4.0,0.0,1
228.0,11141,0.11695906432748539,0.10508040935672514,0.0,12.0,120000.0,0.0,0.0,4.0,0.0,1,73,0.0024752475247524753,-4.98,0.11695906432748539,0.10508040935672514,0.0,12.0,120000.0,0.0,0.0,4.0,0.0,1
228.0,11588,0.11695906432748539,0.10508040935672514,0.0,12.0,120000.0,0.0,0.0,2.0,0.0,1,73,0.0024752475247524753,-4.98,0.11695906432748539,0.10508040935672514,0.0,12.0,120000.0,0.0,0.0,2.0,0.0,1
223.0,5737,0.1195814648729447,0.10743647234678624,0.0,12.0,120000.0,20000.0,5.0,2.0,0.0,0,0,0.0024752475247524753,9.75,0.11644832605531297,0.10462154294032024,0.0,12.0,120000.0,20000.0,5.0,2.0,0.0,0
229.0,513,0.11644832605531297,0.10462154294032024,12.5,8.0,80000.0,20000.0,12.0,4.0,0.0,2,14,0.0024752475247524753,-4.98,0.11644832605531297,0.10462154294032024,12.5,8.0,80000.0,20000.0,12.0,4.0,0.0,1
229.0,1859,0.11644832605531297,0.10462154294032024,0.0,8.0,80000.0,0.0,0.0,4.0,0.0,2,14,0.0024752475247524753,-4.98,0.11644832605531297,0.10462154294032024,0.0,8.0,80000.0,0.0,0.0,4.0,0.0,1
229.0,2324,0.11644832605531297,0.10462154294032024,0.0,8.0,80000.0,0.0,0.0,5.0,0.0,1,79,0.0024752475247524753,-4.98,0.11644832605531297,0.10462154294032024,0.0,8.0,80000.0,0.0,0.0,5.0,0.0,1
229.0,3114,0.11644832605531297,0.10462154294032024,0.0,25.0,400000.0,0.0,0.0,5.0,0.0,1,79,0.0024752475247524753,-4.98,0.11644832605531297,0.10462154294032024,0.0,25.0,400000.0,0.0,0.0,5.0,0.0,1
229.0,4194,0.11644832605531297,0.10462154294032024,0.0,25.0,400000.0,0.0,0.0,1.0,0.0,1,65,0.0024752475247524753,-4.9807500000000005,0.11644832605531297,0.10462154294032024,0.0,25.0,400000.0,0.0,0.0,1.0,0.0,1
229.0,4552,0.11644832605531297,0.10462154294032024,0.0,25.0,400000.0,20000.0,9.0,3.0,0.0,2,67,0.0024752475247524753,-4.98,0.11644832605531297,0.10462154294032024,0.0,25.0,400000.0,20000.0,9.0,3.0,0.0,1
229.0,5740,0.11644832605531297,0.10462154294032024,0.0,12.0,120000.0,20000.0,5.0,2.0,0.0,2,75,0.0024752475247524753,-4.98,0.11644832605531297,0.10462154294032024,0.0,12.0,120000.0,20000.0,5.0,2.0,0.0,1
229.0,6179,0.11644832605531297,0.10462154294032024,12.5,12.0,120000.0,20000.0,34.0,3.0,0.0,2,75,0.0024752475247524753,-4.98,0.11644832605531297,0.10462154294032024,12.5,12.0,120000.0,20000.0,34.0,3.0,0.0,1
229.0,6642,0.11644832605531297,0.10462154294032024,12.5,12.0,120000.0,20000.0,8.0,6.0,0.0,1,75,0.0024752475247524753,-4.98,0.11644832605531297,0.10462154294032024,12.5,12.0,120000.0,20000.0,8.0,6.0,0.0,1
229.0,7999,0.11644832605531297,0.10462154294032024,25.0,12.0,120000.0,20000.0,21.0,3.0,0.0,1,75,0.0024752475247524753,-4.975,0.11644832605531297,0.10462154294032024,25.0,12.0,120000.0,20000.0,21.0,3.0,0.0,1
229.0,8896,0.11644832605531297,0.10462154294032024,0.0,12.0,120000.0,0.0,0.0,3.0,0.0,2,41,0.0024752475247524753,-4.98,0.11644832605531297,0.10462154294032024,0.0,12.0,120000.0,0.0,0.0,3.0,0.0,1
229.0,9796,0.11644832605531297,0.10462154294032024,0.0,12.0,120000.0,0.0,0.0,3.0,0.0,2,41,0.0024752475247524753,-4.98,0.11644832605531297,0.10462154294032024,0.0,12.0,120000.0,0.0,0.0,3.0,0.0,1
229.0,10242,0.11644832605531297,0.10462154294032024,0.0,12.0,120000.0,0.0,0.0,2.0,0.0,1,2,0.0024752475247524753,-4.98,0.11644832605531297,0.10462154294032024,0.0,12.0,120000.0,0.0,0.0,2.0,0.0,1
229.0,10698,0.11644832605531297,0.10462154294032024,0.0,12.0,120000.0,0.0,0.0,4.0,0.0,1,2,0.0024752475247524753,-4.98,0.11644832605531297,0.10462154294032024,0.0,12.0,120000.0,0.0,0.0,4.0,0.0,1
229.0,11151,0.11644832605531297,0.10462154294032024,0.0,12.0,120000.0,0.0,0.0,4.0,0.0,3,89,0.0024752475247524753,-4.98,0.11644832605531297,0.10462154294032024,0.0,12.0,120000.0,0.0,0.0,4.0,0.0,1
223.0,6176,0.1195814648729447,0.10743647234678624,12.5,12.0,120000.0,20000.0,34.0,3.0,0.0,0,0,0.0024752475247524753,9.749582916666666,0.11644323611298331,0.10461696994525845,0.0,12.0,120000.0,20000.0,33.0,3.0,0.0,0
230.0,64,0.11594202898550725,0.10416666666666667,0.0,8.0,80000.0,20000.0,4.0,2.0,0.0,3,89,0.0024752475247524753,-4.98,0.11594202898550725,0.10416666666666667,0.0,8.0,80000.0,20000.0,4.0,2.0,0.0,1
230.0,4915,0.11594202898550725,0.10416666666666667,0.0,25.0,400000.0,0.0,0.0,5.0,0.0,3,6,0.0024752475247524753,-4.98,0.11594202898550725,0.10416666666666667,0.0,25.0,400000.0,0.0,0.0,5.0,0.0,1
230.0,6196,0.11594202898550725,0.10416666666666667,0.0,12.0,120000.0,20000.0,33.0,3.0,0.0,3,6,0.0024752475247524753,-4.98,0.11594202898550725,0.10416666666666667,0.0,12.0,120000.0,20000.0,33.0,3.0,0.0,1
230.0,10694,0.11594202898550725,0.10416666666666667,0.0,12.0,120000.0,0.0,0.0,4.0,0.0,1,65,0.0024752475247524753,-4.98,0.11594202898550725,0.10416666666666667,0.0,12.0,120000.0,0.0,0.0,4.0,0.0,1
230.0,11142,0.11594202898550725,0.10416666666666667,0.0,12.0,120000.0,0.0,0.0,4.0,0.0,1,65,0.0024752475247524753,-4.98,0.11594202898550725,0.10416666666666667,0.0,12.0,120000.0,0.0,0.0,4.0,0.0,1
230.0,11589,0.11594202898550725,0.10416666666666667,0.0,12.0,120000.0,0.0,0.0,2.0,0.0,1,93,0.0024752475247524753,-4.98,0.11594202898550725,0.10416666666666667,0.0,12.0,120000.0,0.0,0.0,2.0,0.0,1
227.0,512,0.11747430249632893,0.10554331864904552,0.0,8.0,80000.0,20000.0,11.0,4.0,0.0,0,0,0.0024752475247524753,9.75,0.11544011544011544,0.10371572871572872,0.0,8.0,80000.0,20000.0,11.0,4.0,0.0,0
225.0,6640,0.11851851851851852,0.10648148148148148,0.0,12.0,120000.0,20000.0,7.0,5.0,0.0,0,0,0.0024752475247524753,9.75,0.11544011544011544,0.10371572871572872,0.0,12.0,120000.0,20000.0,7.0,6.0,0.0,0
231.0,514,0.11544011544011544,0.10371572871572872,0.0,8.0,80000.0,20000.0,11.0,4.0,0.0,1,93,0.0024752475247524753,-4.98,0.11544011544011544,0.10371572871572872,0.0,8.0,80000.0,20000.0,11.0,4.0,0.0,1
231.0,1860,0.11544011544011544,0.10371572871572872,0.0,8.0,80000.0,0.0,0.0,4.0,0.0,2,34,0.0024752475247524753,-4.98,0.11544011544011544,0.10371572871572872,0.0,8.0,80000.0,0.0,0.0,4.0,0.0,1
231.0,2325,0.11544011544011544,0.10371572871572872,0.0,8.0,80000.0,0.0,0.0,5.0,0.0,2,34,0.0024752475247524753,-4.98,0.11544011544011544,0.10371572871572872,0.0,8.0,80000.0,0.0,0.0,5.0,0.0,1
231.0,3832,0.11544011544011544,0.10371572871572872,37.5,25.0,400000.0,20000.0,21.0,0.0,0.0,2,42,0.0024752475247524753,-4.9625,0.11544011544011544,0.10371572871572872,37.5,25.0,400000.0,20000.0,21.0,0.0,0.0,1
231.0,4201,0.11544011544011544,0.10371572871572872,0.0,25.0,400000.0,0.0,0.0,1.0,0.0,2,42,0.0024752475247524753,-4.98,0.11544011544011544,0.10371572871572872,0.0,25.0,400000.0,0.0,0.0,1.0,0.0,1
231.0,5741,0.11544011544011544,0.10371572871572872,0.0,12.0,120000.0,20000.0,5.0,2.0,0.0,2,87,0.0024752475247524753,-4.98,0.11544011544011544,0.10371572871572872,0.0,12.0,120000.0,20000.0,5.0,2.0,0.0,1
231.0,6180,0.11544011544011544,0.10371572871572872,0.0,12.0,120000.0,20000.0,33.0,3.0,0.0,2,87,0.0024752475247524753,-4.98,0.11544011544011544,0.10371572871572872,0.0,12.0,120000.0,20000.0,33.0,3.0,0.0,1
231.0,6643,0.11544011544011544,0.10371572871572872,0.0,12.0,120000.0,20000.0,7.0,6.0,0.0,3,56,0.0024752475247524753,-4.98,0.11544011544011544,0.10371572871572872,0.0,12.0,120000.0,20000.0,7.0,6.0,0.0,1
231.0,8000,0.11544011544011544,0.10371572871572872,25.0,12.0,120000.0,20000.0,21.0,3.0,0.0,3,56,0.0024752475247524753,-4.975,0.11544011544011544,0.10371572871572872,25.0,12.0,120000.0,20000.0,21.0,3.0,0.0,1
231.0,8432,0.11544011544011544,0.10371572871572872,37.5,12.0,120000.0,20000.0,34.0,1.0,0.0,3,42,0.0024752475247524753,-4.9625,0.11544011544011544,0.10371572871572872,37.5,12.0,120000.0,20000.0,34.0,1.0,0.0,1
231.0,8452,0.11544011544011544,0.10371572871572872,37.5,12.0,120000.0,20000.0,34.0,1.0,0.0,3,42,0.0024752475247524753,-4.9625,0.11544011544011544,0.10371572871572872,37.5,12.0,120000.0,20000.0,34.0,1.0,0.0,1
231.0,8897,0.11544011544011544,0.10371572871572872,0.0,12.0,120000.0,0.0,0.0,3.0,0.0,3,42,0.0024752475247524753,-4.98,0.11544011544011544,0.10371572871572872,0.0,12.0,120000.0,0.0,0.0,3.0,0.0,1
231.0,9797,0.11544011544011544,0.10371572871572872,0.0,12.0,120000.0,0.0,0.0,3.0,0.0,3,42,0.0024752475247524753,-4.98,0.11544011544011544,0.10371572871572872,0.0,12.0,120000.0,0.0,0.0,3.0,0.0,1
231.0,10243,0.11544011544011544,0.10371572871572872,0.0,12.0,120000.0,0.0,0.0,2.0,0.0,2,33,0.0024752475247524753,-4.98,0.11544011544011544,0.10371572871572872,0.0,12.0,120000.0,0.0,0.0,2.0,0.0,1
231.0,10699,0.11544011544011544,0.10371572871572872,0.0,12.0,120000.0,0.0,0.0,4.0,0.0,2,33,0.0024752475247524753,-4.98,0.11544011544011544,0.10371572871572872,0.0,12.0,120000.0,0.0,0.0,4.0,0.0,1
231.0,11152,0.11544011544011544,0.10371572871572872,0.0,12.0,120000.0,0.0,0.0,4.0,0.0,3,88,0.0024752475247524753,-4.98,0.11544011544011544,0.10371572871572872,0.0,12.0,120000.0,0.0,0.0,4.0,0.0,1
225.0,7543,0.11851851851851852,0.10648148148148148,0.0,12.0,120000.0,20000.0,11.0,5.0,0.0,0,0,0.0024752475247524753,9.749332916666667,0.11543511325187451,0.10371123456223102,12.5,12.0,120000.0,20000.0,12.0,5.0,0.0,0
225.0,7997,0.11851851851851852,0.10648148148148148,25.0,12.0,120000.0,20000.0,21.0,3.0,0.0,0,0,0.0024752475247524753,9.749332916666667,0.11543511325187451,0.10371123456223102,12.5,12.0,120000.0,20000.0,20.0,3.0,0.0,0
225.0,8429,0.11851851851851852,0.10648148148148148,50.0,12.0,120000.0,20000.0,35.0,1.0,0.0,0,0,0.0024752475247524753,9.749082916666666,0.11543511325187451,0.10371123456223102,25.0,12.0,120000.0,20000.0,33.0,1.0,0.0,0
232.0,65,0.11494252873563218,0.10326867816091954,0.0,8.0,80000.0,20000.0,4.0,2.0,0.0,3,15,0.0024752475247524753,-4.98,0.11494252873563218,0.10326867816091954,0.0,8.0,80000.0,20000.0,4.0,2.0,0.0,1
232.0,3115,0.11494252873563218,0.10326867816091954,0.0,25.0,400000.0,0.0,0.0,5.0,0.0,3,73,0.0024752475247524753,-4.98,0.11494252873563218,0.10326867816091954,0.0,25.0,400000.0,0.0,0.0,5.0,0.0,1
232.0,3120,0.11494252873563218,0.10326867816091954,0.0,25.0,400000.0,0.0,0.0,5.0,0.0,3,73,0.0024752475247524753,-4.98,0.11494252873563218,0.10326867816091954,0.0,25.0,400000.0,0.0,0.0,5.0,0.0,1
232.0,4195,0.11494252873563218,0.10326867816091954,0.0,25.0,400000.0,0.0,0.0,1.0,0.0,1,13,0.0024752475247524753,-4.9807500000000005,0.11494252873563218,0.10326867816091954,0.0,25.0,400000.0,0.0,0.0,1.0,0.0,1
232.0,4920,0.11494252873563218,0.10326867816091954,0.0,25.0,400000.0,0.0,0.0,5.0,0.0,1,13,0.0024752475247524753,-4.98,0.11494252873563218,0.10326867816091954,0.0,25.0,400000.0,0.0,0.0,5.0,0.0,1
232.0,6197,0.11494252873563218,0.10326867816091954,0.0,12.0,120000.0,20000.0,33.0,3.0,0.0,1,13,0.0024752475247524753,-4.98,0.11494252873563218,0.10326867816091954,0.0,12.0,120000.0,20000.0,33.0,3.0,0.0,1
232.0,10245,0.11494252873563218,0.10326867816091954,0.0,12.0,120000.0,0.0,0.0,2.0,0.0,1,37,0.0024752475247524753,-4.98,0.11494252873563218,0.10326867816091954,0.0,12.0,120000.0,0.0,0.0,2.0,0.0,1
232.0,11143,0.11494252873563218,0.10326867816091954,0.0,12.0,120000.0,0.0,0.0,4.0,0.0,1,37,0.0024752475247524753,-4.98,0.11494252873563218,0.10326867816091954,0.0,12.0,120000.0,0.0,0.0,4.0,0.0,1
232.0,11590,0.11494252873563218,0.10326867816091954,0.0,12.0,120000.0,0.0,0.0,2.0,0.0,1,5,0.0024752475247524753,-4.98,0.11494252873563218,0.10326867816091954,0.0,12.0,120000.0,0.0,0.0,2.0,0.0,1
212.0,2754,0.12578616352201258,0.11301100628930817,25.0,25.0,400000.0,20000.0,8.0,4.0,0.0,0,0,0.0024752475247524753,9.5997998,0.11493756957584145,0.10326422266579505,0.0,25.0,400000.0,20000.0,6.0,4.0,0.0,0
213.0,3826,0.12519561815336464,0.11248043818466354,0.0,25.0,400000.0,20000.0,16.0,0.0,0.0,0,0,0.0024752475247524753,9.599499999999999,0.11444921316165953,0.10282546494992847,25.0,25.0,400000.0,20000.0,21.0,0.0,0.0,0
233.0,515,0.11444921316165953,0.10282546494992847,0.0,8.0,80000.0,20000.0,12.0,4.0,0.0,1,5,0.0024752475247524753,-4.98,0.11444921316165953,0.10282546494992847,0.0,8.0,80000.0,20000.0,13.0,4.0,0.0,1
233.0,1425,0.11444921316165953,0.10282546494992847,0.0,8.0,80000.0,0.0,0.0,5.0,0.0,1,5,0.0024752475247524753,-4.98,0.11444921316165953,0.10282546494992847,0.0,8.0,80000.0,0.0,0.0,5.0,0.0,1
233.0,1861,0.11444921316165953,0.10282546494992847,0.0,8.0,80000.0,0.0,0.0,4.0,0.0,1,5,0.0024752475247524753,-4.98,0.11444921316165953,0.10282546494992847,0.0,8.0,80000.0,0.0,0.0,4.0,0.0,1
233.0,2326,0.11444921316165953,0.10282546494992847,0.0,8.0,80000.0,0.0,0.0,5.0,0.0,2,84,0.0024752475247524753,-4.98,0.11444921316165953,0.10282546494992847,0.0,8.0,80000.0,0.0,0.0,5.0,0.0,1
233.0,4916,0.11444921316165953,0.10282546494992847,0.0,25.0,400000.0,0.0,0.0,5.0,0.0,2,84,0.0024752475247524753,-4.98,0.11444921316165953,0.10282546494992847,0.0,25.0,400000.0,0.0,0.0,5.0,0.0,1
233.0,5742,0.11444921316165953,0.10282546494992847,0.0,12.0,120000.0,20000.0,5.0,2.0,0.0,1,74,0.0024752475247524753,-4.98,0.11444921316165953,0.10282546494992847,0.0,12.0,120000.0,20000.0,5.0,2.0,0.0,1
233.0,6181,0.11444921316165953,0.10282546494992847,0.0,12.0,120000.0,20000.0,33.0,3.0,0.0,1,74,0.0024752475247524753,-4.98,0.11444921316165953,0.10282546494992847,0.0,12.0,120000.0,20000.0,33.0,3.0,0.0,1
233.0,8433,0.11444921316165953,0.10282546494992847,25.0,12.0,120000.0,20000.0,33.0,1.0,0.0,2,82,0.0024752475247524753,-4.975,0.11444921316165953,0.10282546494992847,25.0,12.0,120000.0,20000.0,33.0,1.0,0.0,1
233.0,8453,0.11444921316165953,0.10282546494992847,25.0,12.0,120000.0,20000.0,33.0,1.0,0.0,2,82,0.0024752475247524753,-4.975,0.11444921316165953,0.10282546494992847,25.0,12.0,120000.0,20000.0,33.0,1.0,0.0,1
233.0,8898,0.11444921316165953,0.10282546494992847,0.0,12.0,120000.0,0.0,0.0,3.0,0.0,3,99,0.0024752475247524753,-4.98,0.11444921316165953,0.10282546494992847,0.0,12.0,120000.0,0.0,0.0,3.0,0.0,1
233.0,9798,0.11444921316165953,0.10282546494992847,0.0,12.0,120000.0,0.0,0.0,3.0,0.0,3,99,0.0024752475247524753,-4.98,0.11444921316165953,0.10282546494992847,0.0,12.0,120000.0,0.0,0.0,3.0,0.0,1
233.0,10244,0.11444921316165953,0.10282546494992847,0.0,12.0,120000.0,0.0,0.0,2.0,0.0,3,34,0.0024752475247524753,-4.98,0.11444921316165953,0.10282546494992847,0.0,12.0,120000.0,0.0,0.0,2.0,0.0,1
233.0,10700,0.11444921316165953,0.10282546494992847,0.0,12.0,120000.0,0.0,0.0,4.0,0.0,3,66,0.0024752475247524753,-4.98,0.11444921316165953,0.10282546494992847,0.0,12.0,120000.0,0.0,0.0,4.0,0.0,1
233.0,11153,0.11444921316165953,0.10282546494992847,0.0,12.0,120000.0,0.0,0.0,4.0,0.0,3,66,0.0024752475247524753,-4.98,0.11444921316165953,0.10282546494992847,0.0,12.0,120000.0,0.0,0.0,4.0,0.0,1
227.0,7544,0.11747430249632893,0.10554331864904552,12.5,12.0,120000.0,20000.0,12.0,5.0,0.0,0,0,0.0024752475247524753,9.749582916666666,0.11444429647750613,0.1028210476165094,0.0,12.0,120000.0,20000.0,11.0,5.0,0.0,0
227.0,7998,0.11747430249632893,0.10554331864904552,25.0,12.0,120000.0,20000.0,21.0,3.0,0.0,0,0,0.0024752475247524753,9.749332916666667,0.11444429647750613,0.1028210476165094,12.5,12.0,120000.0,20000.0,20.0,2.0,0.0,0
234.0,66,0.11396011396011395,0.10238603988603988,0.0,8.0,80000.0,20000.0,5.0,2.0,0.0,3,66,0.0024752475247524753,-4.98,0.11396011396011395,0.10238603988603988,0.0,8.0,80000.0,20000.0,5.0,2.0,0.0,1
234.0,3833,0.11396011396011395,0.10238603988603988,25.0,25.0,400000.0,20000.0,21.0,0.0,0.0,3,66,0.0024752475247524753,-4.975,0.11396011396011395,0.10238603988603988,25.0,25.0,400000.0,20000.0,21.0,0.0,0.0,1
234.0,4202,0.11396011396011395,0.10238603988603988,0.0,25.0,400000.0,0.0,0.0,1.0,0.0,3,66,0.0024752475247524753,-4.98,0.11396011396011395,0.10238603988603988,0.0,25.0,400000.0,0.0,0.0,1.0,0.0,1
234.0,6198,0.11396011396011395,0.10238603988603988,0.0,12.0,120000.0,20000.0,33.0,3.0,0.0,3,17,0.0024752475247524753,-4.98,0.11396011396011395,0.10238603988603988,0.0,12.0,120000.0,20000.0,33.0,3.0,0.0,1
234.0,6645,0.11396011396011395,0.10238603988603988,12.5,12.0,120000.0,20000.0,8.0,5.0,0.0,3,17,0.0024752475247524753,-4.98,0.11396011396011395,0.10238603988603988,12.5,12.0,120000.0,20000.0,8.0,5.0,0.0,1
234.0,10246,0.11396011396011395,0.10238603988603988,0.0,12.0,120000.0,0.0,0.0,2.0,0.0,3,97,0.0024752475247524753,-4.98,0.11396011396011395,0.10238603988603988,0.0,12.0,120000.0,0.0,0.0,2.0,0.0,1
234.0,11144,0.11396011396011395,0.10238603988603988,0.0,12.0,120000.0,0.0,0.0,4.0,0.0,3,97,0.0024752475247524753,-4.98,0.11396011396011395,0.10238603988603988,0.0,12.0,120000.0,0.0,0.0,4.0,0.0,1
234.0,11591,0.11396011396011395,0.10238603988603988,0.0,12.0,120000.0,0.0,0.0,2.0,0.0,3,97,0.0024752475247524753,-4.98,0.11396011396011395,0.10238603988603988,0.0,12.0,120000.0,0.0,0.0,2.0,0.0,1
214.0,3475,0.12461059190031153,0.11195482866043613,25.0,25.0,400000.0,20000.0,11.0,2.0,0.0,0,0,0.0024752475247524753,9.5995498,0.1139552392082145,0.10238166022613021,12.5,25.0,400000.0,20000.0,10.0,2.0,0.0,0
235.0,516,0.11347517730496454,0.10195035460992907,0.0,8.0,80000.0,20000.0,13.0,4.0,0.0,3,97,0.0024752475247524753,-4.98,0.11347517730496454,0.10195035460992907,0.0,8.0,80000.0,20000.0,14.0,4.0,0.0,1
235.0,1426,0.11347517730496454,0.10195035460992907,0.0,8.0,80000.0,0.0,0.0,5.0,0.0,3,97,0.0024752475247524753,-4.98,0.11347517730496454,0.10195035460992907,0.0,8.0,80000.0,0.0,0.0,5.0,0.0,1
235.0,1862,0.11347517730496454,0.10195035460992907,0.0,8.0,80000.0,0.0,0.0,4.0,0.0,3,97,0.0024752475247524753,-4.98,0.11347517730496454,0.10195035460992907,0.0,8.0,80000.0,0.0,0.0,4.0,0.0,1
235.0,2327,0.11347517730496454,0.10195035460992907,0.0,8.0,80000.0,0.0,0.0,5.0,0.0,1,45,0.0024752475247524753,-4.98,0.11347517730496454,0.10195035460992907,0.0,8.0,80000.0,0.0,0.0,5.0,0.0,1
235.0,3116,0.11347517730496454,0.10195035460992907,0.0,25.0,400000.0,0.0,0.0,5.0,0.0,1,45,0.0024752475247524753,-4.98,0.11347517730496454,0.10195035460992907,0.0,25.0,400000.0,0.0,0.0,5.0,0.0,1
235.0,3121,0.11347517730496454,0.10195035460992907,0.0,25.0,400000.0,0.0,0.0,5.0,0.0,3,30,0.0024752475247524753,-4.98,0.11347517730496454,0.10195035460992907,0.0,25.0,400000.0,0.0,0.0,5.0,0.0,1
235.0,4196,0.11347517730496454,0.10195035460992907,0.0,25.0,400000.0,0.0,0.0,1.0,0.0,3,30,0.0024752475247524753,-4.98,0.11347517730496454,0.10195035460992907,0.0,25.0,400000.0,0.0,0.0,1.0,0.0,1
235.0,4921,0.11347517730496454,0.10195035460992907,0.0,25.0,400000.0,0.0,0.0,5.0,0.0,2,30,0.0024752475247524753,-4.98,0.11347517730496454,0.10195035460992907,0.0,25.0,400000.0,0.0,0.0,5.0,0.0,1
235.0,6182,0.11347517730496454,0.10195035460992907,0.0,12.0,120000.0,20000.0,33.0,3.0,0.0,1,48,0.0024752475247524753,-4.98,0.11347517730496454,0.10195035460992907,0.0,12.0,120000.0,20000.0,34.0,3.0,0.0,1
235.0,8002,0.11347517730496454,0.10195035460992907,12.5,12.0,120000.0,20000.0,20.0,2.0,0.0,2,24,0.0024752475247524753,-4.98,0.11347517730496454,0.10195035460992907,12.5,12.0,120000.0,20000.0,20.0,2.0,0.0,1
235.0,8434,0.11347517730496454,0.10195035460992907,25.0,12.0,120000.0,20000.0,33.0,1.0,0.0,2,24,0.0024752475247524753,-4.975,0.11347517730496454,0.10195035460992907,25.0,12.0,120000.0,20000.0,34.0,1.0,0.0,1
235.0,8899,0.11347517730496454,0.10195035460992907,0.0,12.0,120000.0,0.0,0.0,3.0,0.0,2,24,0.0024752475247524753,-4.98,0.11347517730496454,0.10195035460992907,0.0,12.0,120000.0,0.0,0.0,3.0,0.0,1
235.0,9799,0.11347517730496454,0.10195035460992907,0.0,12.0,120000.0,0.0,0.0,3.0,0.0,1,27,0.0024752475247524753,-4.98,0.11347517730496454,0.10195035460992907,0.0,12.0,120000.0,0.0,0.0,3.0,0.0,1
235.0,10701,0.11347517730496454,0.10195035460992907,0.0,12.0,120000.0,0.0,0.0,4.0,0.0,1,27,0.0024752475247524753,-4.98,0.11347517730496454,0.10195035460992907,0.0,12.0,120000.0,0.0,0.0,4.0,0.0,1
235.0,11154,0.11347517730496454,0.10195035460992907,0.0,12.0,120000.0,0.0,0.0,4.0,0.0,1,27,0.0024752475247524753,-4.98,0.11347517730496454,0.10195035460992907,0.0,12.0,120000.0,0.0,0.0,4.0,0.0,1
229.0,8431,0.11644832605531297,0.10462154294032024,12.5,12.0,120000.0,20000.0,32.0,1.0,0.0,0,0,0.0024752475247524753,9.749332916666667,0.11347034395116475,0.10194601214362459,12.5,12.0,120000.0,20000.0,32.0,1.0,0.0,0
229.0,8451,0.11644832605531297,0.10462154294032024,12.5,12.0,120000.0,20000.0,33.0,1.0,0.0,0,0,0.0024752475247524753,9.749332916666667,0.11347034395116475,0.10194601214362459,12.5,12.0,120000.0,20000.0,32.0,1.0,0.0,0
236.0,1875,0.11299435028248588,0.1015183615819209,0.0,8.0,80000.0,0.0,0.0,4.0,0.0,2,27,0.0024752475247524753,-4.98,0.11299435028248588,0.1015183615819209,0.0,8.0,80000.0,0.0,0.0,4.0,0.0,1
236.0,4917,0.11299435028248588,0.1015183615819209,0.0,25.0,400000.0,0.0,0.0,5.0,0.0,2,27,0.0024752475247524753,-4.98,0.11299435028248588,0.1015183615819209,0.0,25.0,400000.0,0.0,0.0,5.0,0.0,1
236.0,6199,0.11299435028248588,0.1015183615819209,0.0,12.0,120000.0,20000.0,34.0,3.0,0.0,2,27,0.0024752475247524753,-4.98,0.11299435028248588,0.1015183615819209,0.0,12.0,120000.0,20000.0,34.0,3.0,0.0,1
236.0,6646,0.11299435028248588,0.1015183615819209,12.5,12.0,120000.0,20000.0,8.0,5.0,0.0,2,57,0.0024752475247524753,-4.98,0.11299435028248588,0.1015183615819209,12.5,12.0,120000.0,20000.0,8.0,5.0,0.0,1
236.0,10247,0.11299435028248588,0.1015183615819209,0.0,12.0,120000.0,0.0,0.0,2.0,0.0,2,57,0.0024752475247524753,-4.98,0.11299435028248588,0.1015183615819209,0.0,12.0,120000.0,0.0,0.0,2.0,0.0,1
236.0,11592,0.11299435028248588,0.1015183615819209,0.0,12.0,120000.0,0.0,0.0,2.0,0.0,2,57,0.0024752475247524753,-4.98,0.11299435028248588,0.1015183615819209,0.0,12.0,120000.0,0.0,0.0,2.0,0.0,1
216.0,3827,0.12345679012345678,0.1109182098765432,12.5,25.0,400000.0,20000.0,17.0,0.0,0.0,0,0,0.0024752475247524753,9.5995498,0.11298955780166554,0.1015140558374339,12.5,25.0,400000.0,20000.0,20.0,0.0,0.0,0
237.0,517,0.11251758087201125,0.10109001406469761,0.0,8.0,80000.0,20000.0,14.0,4.0,0.0,2,57,0.0024752475247524753,-4.98,0.11251758087201125,0.10109001406469761,0.0,8.0,80000.0,20000.0,14.0,4.0,0.0,1
237.0,1427,0.11251758087201125,0.10109001406469761,0.0,8.0,80000.0,0.0,0.0,5.0,0.0,1,31,0.0024752475247524753,-4.98,0.11251758087201125,0.10109001406469761,0.0,8.0,80000.0,0.0,0.0,5.0,0.0,1
237.0,1863,0.11251758087201125,0.10109001406469761,0.0,8.0,80000.0,0.0,0.0,4.0,0.0,1,31,0.0024752475247524753,-4.98,0.11251758087201125,0.10109001406469761,0.0,8.0,80000.0,0.0,0.0,4.0,0.0,1
237.0,2328,0.11251758087201125,0.10109001406469761,0.0,8.0,80000.0,0.0,0.0,5.0,0.0,2,99,0.0024752475247524753,-4.98,0.11251758087201125,0.10109001406469761,0.0,8.0,80000.0,0.0,0.0,5.0,0.0,1
237.0,3834,0.11251758087201125,0.10109001406469761,12.5,25.0,400000.0,20000.0,20.0,0.0,0.0,2,99,0.0024752475247524753,-4.98,0.11251758087201125,0.10109001406469761,12.5,25.0,400000.0,20000.0,21.0,0.0,0.0,1
237.0,4203,0.11251758087201125,0.10109001406469761,0.0,25.0,400000.0,0.0,0.0,1.0,0.0,1,58,0.0024752475247524753,-4.98025,0.11251758087201125,0.10109001406469761,0.0,25.0,400000.0,0.0,0.0,1.0,0.0,1
237.0,5744,0.11251758087201125,0.10109001406469761,12.5,12.0,120000.0,20000.0,6.0,2.0,0.0,1,58,0.0024752475247524753,-4.98,0.11251758087201125,0.10109001406469761,12.5,12.0,120000.0,20000.0,6.0,2.0,0.0,1
237.0,5745,0.11251758087201125,0.10109001406469761,12.5,12.0,120000.0,20000.0,6.0,2.0,0.0,2,25,0.0024752475247524753,-4.98,0.11251758087201125,0.10109001406469761,12.5,12.0,120000.0,20000.0,6.0,2.0,0.0,1
237.0,6183,0.11251758087201125,0.10109001406469761,0.0,12.0,120000.0,20000.0,34.0,3.0,0.0,2,25,0.0024752475247524753,-4.98,0.11251758087201125,0.10109001406469761,0.0,12.0,120000.0,20000.0,36.0,3.0,0.0,1
237.0,8003,0.11251758087201125,0.10109001406469761,12.5,12.0,120000.0,20000.0,20.0,2.0,0.0,2,3,0.0024752475247524753,-4.98,0.11251758087201125,0.10109001406469761,12.5,12.0,120000.0,20000.0,20.0,2.0,0.0,1
237.0,8435,0.11251758087201125,0.10109001406469761,12.5,12.0,120000.0,20000.0,32.0,1.0,0.0,2,3,0.0024752475247524753,-4.98,0.11251758087201125,0.10109001406469761,12.5,12.0,120000.0,20000.0,32.0,1.0,0.0,1
237.0,8455,0.11251758087201125,0.10109001406469761,12.5,12.0,120000.0,20000.0,32.0,1.0,0.0,1,98,0.0024752475247524753,-4.98,0.11251758087201125,0.10109001406469761,12.5,12.0,120000.0,20000.0,32.0,1.0,0.0,1
237.0,8900,0.11251758087201125,0.10109001406469761,0.0,12.0,120000.0,0.0,0.0,3.0,0.0,1,98,0.0024752475247524753,-4.98,0.11251758087201125,0.10109001406469761,0.0,12.0,120000.0,0.0,0.0,3.0,0.0,1
237.0,9800,0.11251758087201125,0.10109001406469761,0.0,12.0,120000.0,0.0,0.0,3.0,0.0,1,98,0.0024752475247524753,-4.98,0.11251758087201125,0.10109001406469761,0.0,12.0,120000.0,0.0,0.0,3.0,0.0,1
237.0,10702,0.11251758087201125,0.10109001406469761,0.0,12.0,120000.0,0.0,0.0,4.0,0.0,1,98,0.0024752475247524753,-4.98,0.11251758087201125,0.10109001406469761,0.0,12.0,120000.0,0.0,0.0,4.0,0.0,1
237.0,11155,0.11251758087201125,0.10109001406469761,0.0,12.0,120000.0,0.0,0.0,4.0,0.0,1,98,0.0024752475247524753,-4.98,0.11251758087201125,0.10109001406469761,0.0,12.0,120000.0,0.0,0.0,4.0,0.0,1
238.0,68,0.11204481792717086,0.10066526610644257,12.5,8.0,80000.0,20000.0,6.0,2.0,0.0,1,92,0.0024752475247524753,-4.98,0.11204481792717086,0.10066526610644257,12.5,8.0,80000.0,20000.0,6.0,2.0,0.0,1
238.0,1876,0.11204481792717086,0.10066526610644257,0.0,8.0,80000.0,0.0,0.0,4.0,0.0,1,92,0.0024752475247524753,-4.98,0.11204481792717086,0.10066526610644257,0.0,8.0,80000.0,0.0,0.0,4.0,0.0,1
238.0,3117,0.11204481792717086,0.10066526610644257,0.0,25.0,400000.0,0.0,0.0,5.0,0.0,1,92,0.0024752475247524753,-4.98,0.11204481792717086,0.10066526610644257,0.0,25.0,400000.0,0.0,0.0,5.0,0.0,1
238.0,3122,0.11204481792717086,0.10066526610644257,0.0,25.0,400000.0,0.0,0.0,5.0,0.0,1,92,0.0024752475247524753,-4.98,0.11204481792717086,0.10066526610644257,0.0,25.0,400000.0,0.0,0.0,5.0,0.0,1
238.0,4197,0.11204481792717086,0.10066526610644257,0.0,25.0,400000.0,0.0,0.0,1.0,0.0,1,92,0.0024752475247524753,-4.98025,0.11204481792717086,0.10066526610644257,0.0,25.0,400000.0,0.0,0.0,1.0,0.0,1
238.0,4555,0.11204481792717086,0.10066526610644257,25.0,25.0,400000.0,20000.0,12.0,3.0,0.0,1,92,0.0024752475247524753,-4.975,0.11204481792717086,0.10066526610644257,25.0,25.0,400000.0,20000.0,12.0,3.0,0.0,1
238.0,4922,0.11204481792717086,0.10066526610644257,0.0,25.0,400000.0,0.0,0.0,5.0,0.0,1,93,0.0024752475247524753,-4.98,0.11204481792717086,0.10066526610644257,0.0,25.0,400000.0,0.0,0.0,5.0,0.0,1
238.0,6200,0.11204481792717086,0.10066526610644257,0.0,12.0,120000.0,20000.0,36.0,3.0,0.0,1,93,0.0024752475247524753,-4.98,0.11204481792717086,0.10066526610644257,0.0,12.0,120000.0,20000.0,36.0,3.0,0.0,1
238.0,6647,0.11204481792717086,0.10066526610644257,12.5,12.0,120000.0,20000.0,8.0,6.0,0.0,1,95,0.0024752475247524753,-4.98,0.11204481792717086,0.10066526610644257,12.5,12.0,120000.0,20000.0,8.0,6.0,0.0,1
238.0,10248,0.11204481792717086,0.10066526610644257,0.0,12.0,120000.0,0.0,0.0,2.0,0.0,1,95,0.0024752475247524753,-4.98,0.11204481792717086,0.10066526610644257,0.0,12.0,120000.0,0.0,0.0,2.0,0.0,1
238.0,11593,0.11204481792717086,0.10066526610644257,0.0,12.0,120000.0,0.0,0.0,2.0,0.0,2,91,0.0024752475247524753,-4.98,0.11204481792717086,0.10066526610644257,0.0,12.0,120000.0,0.0,0.0,2.0,0.0,1
233.0,6644,0.11444921316165953,0.10282546494992847,0.0,12.0,120000.0,20000.0,7.0,5.0,0.0,0,0,0.0024752475247524753,9.75,0.11157601115760112,0.10024407252440726,0.0,12.0,120000.0,20000.0,7.0,5.0,0.0,0
239.0,518,0.11157601115760112,0.10024407252440726,0.0,8.0,80000.0,20000.0,16.0,4.0,0.0,2,91,0.0024752475247524753,-4.98,0.11157601115760112,0.10024407252440726,0.0,8.0,80000.0,20000.0,16.0,4.0,0.0,1
239.0,1428,0.11157601115760112,0.10024407252440726,0.0,8.0,80000.0,0.0,0.0,5.0,0.0,1,40,0.0024752475247524753,-4.98,0.11157601115760112,0.10024407252440726,0.0,8.0,80000.0,0.0,0.0,5.0,0.0,1
239.0,1864,0.11157601115760112,0.10024407252440726,0.0,8.0,80000.0,0.0,0.0,4.0,0.0,1,40,0.0024752475247524753,-4.98,0.11157601115760112,0.10024407252440726,0.0,8.0,80000.0,0.0,0.0,4.0,0.0,1
239.0,2329,0.11157601115760112,0.10024407252440726,0.0,8.0,80000.0,0.0,0.0,5.0,0.0,2,62,0.0024752475247524753,-4.98,0.11157601115760112,0.10024407252440726,0.0,8.0,80000.0,0.0,0.0,5.0,0.0,1
239.0,4918,0.11157601115760112,0.10024407252440726,0.0,25.0,400000.0,0.0,0.0,5.0,0.0,2,62,0.0024752475247524753,-4.98,0.11157601115760112,0.10024407252440726,0.0,25.0,400000.0,0.0,0.0,5.0,0.0,1
239.0,5746,0.11157601115760112,0.10024407252440726,12.5,12.0,120000.0,20000.0,6.0,2.0,0.0,2,88,0.0024752475247524753,-4.98,0.11157601115760112,0.10024407252440726,12.5,12.0,120000.0,20000.0,6.0,2.0,0.0,1
239.0,6184,0.11157601115760112,0.10024407252440726,0.0,12.0,120000.0,20000.0,36.0,3.0,0.0,2,88,0.0024752475247524753,-4.98,0.11157601115760112,0.10024407252440726,0.0,12.0,120000.0,20000.0,37.0,3.0,0.0,1
239.0,8901,0.11157601115760112,0.10024407252440726,0.0,12.0,120000.0,0.0,0.0,3.0,0.0,1,88,0.0024752475247524753,-4.98,0.11157601115760112,0.10024407252440726,0.0,12.0,120000.0,0.0,0.0,3.0,0.0,1
239.0,9801,0.11157601115760112,0.10024407252440726,0.0,12.0,120000.0,0.0,0.0,3.0,0.0,3,53,0.0024752475247524753,-4.98,0.11157601115760112,0.10024407252440726,0.0,12.0,120000.0,0.0,0.0,3.0,0.0,1
239.0,10703,0.11157601115760112,0.10024407252440726,0.0,12.0,120000.0,0.0,0.0,4.0,0.0,3,53,0.0024752475247524753,-4.98,0.11157601115760112,0.10024407252440726,0.0,12.0,120000.0,0.0,0.0,4.0,0.0,1
239.0,11156,0.11157601115760112,0.10024407252440726,0.0,12.0,120000.0,0.0,0.0,4.0,0.0,3,16,0.0024752475247524753,-4.98,0.11157601115760112,0.10024407252440726,0.0,12.0,120000.0,0.0,0.0,4.0,0.0,1
233.0,8001,0.11444921316165953,0.10282546494992847,12.5,12.0,120000.0,20000.0,20.0,2.0,0.0,0,0,0.0024752475247524753,9.749332916666667,0.11157133823251449,0.10023987419327472,12.5,12.0,120000.0,20000.0,20.0,2.0,0.0,0
236.0,67,0.11299435028248588,0.1015183615819209,0.0,8.0,80000.0,20000.0,5.0,2.0,0.0,0,0,0.0024752475247524753,9.75,0.1111111111111111,0.09982638888888888,0.0,8.0,80000.0,20000.0,5.0,2.0,0.0,0
240.0,69,0.1111111111111111,0.09982638888888888,0.0,8.0,80000.0,20000.0,5.0,2.0,0.0,2,89,0.0024752475247524753,-4.98,0.1111111111111111,0.09982638888888888,0.0,8.0,80000.0,20000.0,5.0,2.0,0.0,1
240.0,1877,0.1111111111111111,0.09982638888888888,0.0,8.0,80000.0,0.0,0.0,4.0,0.0,1,89,0.0024752475247524753,-4.98,0.1111111111111111,0.09982638888888888,0.0,8.0,80000.0,0.0,0.0,4.0,0.0,1
240.0,3835,0.1111111111111111,0.09982638888888888,12.5,25.0,400000.0,20000.0,22.0,0.0,0.0,2,77,0.0024752475247524753,-4.98,0.1111111111111111,0.09982638888888888,12.5,25.0,400000.0,20000.0,22.0,0.0,0.0,1
240.0,4204,0.1111111111111111,0.09982638888888888,0.0,25.0,400000.0,0.0,0.0,1.0,0.0,2,77,0.0024752475247524753,-4.98,0.1111111111111111,0.09982638888888888,0.0,25.0,400000.0,0.0,0.0,1.0,0.0,1
240.0,10249,0.1111111111111111,0.09982638888888888,0.0,12.0,120000.0,0.0,0.0,2.0,0.0,3,55,0.0024752475247524753,-4.98,0.1111111111111111,0.09982638888888888,0.0,12.0,120000.0,0.0,0.0,2.0,0.0,1
240.0,11594,0.1111111111111111,0.09982638888888888,0.0,12.0,120000.0,0.0,0.0,2.0,0.0,3,55,0.0024752475247524753,-4.98,0.1111111111111111,0.09982638888888888,0.0,12.0,120000.0,0.0,0.0,2.0,0.0,1
240.0,12045,0.1111111111111111,0.09982638888888888,0.0,12.0,120000.0,0.0,0.0,1.0,0.0,3,55,0.0024752475247524753,-4.98,0.1111111111111111,0.09982638888888888,0.0,12.0,120000.0,0.0,0.0,1.0,0.0,1
235.0,5743,0.11347517730496454,0.10195035460992907,0.0,12.0,120000.0,20000.0,5.0,2.0,0.0,1,48,0.0024752475247524753,9.77,0.11065006915629322,0.09941217150760719,0.0,12.0,120000.0,20000.0,5.0,2.0,0.0,0
241.0,519,0.11065006915629322,0.09941217150760719,0.0,8.0,80000.0,20000.0,16.0,4.0,0.0,3,55,0.0024752475247524753,-4.98,0.11065006915629322,0.09941217150760719,0.0,8.0,80000.0,20000.0,17.0,4.0,0.0,1
241.0,1429,0.11065006915629322,0.09941217150760719,0.0,8.0,80000.0,0.0,0.0,6.0,0.0,2,50,0.0024752475247524753,-4.98,0.11065006915629322,0.09941217150760719,0.0,8.0,80000.0,0.0,0.0,6.0,0.0,1
241.0,1865,0.11065006915629322,0.09941217150760719,0.0,8.0,80000.0,0.0,0.0,4.0,0.0,3,21,0.0024752475247524753,-4.98,0.11065006915629322,0.09941217150760719,0.0,8.0,80000.0,0.0,0.0,4.0,0.0,1
241.0,2330,0.11065006915629322,0.09941217150760719,0.0,8.0,80000.0,0.0,0.0,5.0,0.0,3,21,0.0024752475247524753,-4.98,0.11065006915629322,0.09941217150760719,0.0,8.0,80000.0,0.0,0.0,5.0,0.0,1
241.0,3118,0.11065006915629322,0.09941217150760719,0.0,25.0,400000.0,0.0,0.0,5.0,0.0,2,65,0.0024752475247524753,-4.98,0.11065006915629322,0.09941217150760719,0.0,25.0,400000.0,0.0,0.0,5.0,0.0,1
241.0,3123,0.11065006915629322,0.09941217150760719,0.0,25.0,400000.0,0.0,0.0,5.0,0.0,2,65,0.0024752475247524753,-4.98,0.11065006915629322,0.09941217150760719,0.0,25.0,400000.0,0.0,0.0,5.0,0.0,1
241.0,4198,0.11065006915629322,0.09941217150760719,0.0,25.0,400000.0,0.0,0.0,1.0,0.0,1,34,0.0024752475247524753,-4.98025,0.11065006915629322,0.09941217150760719,0.0,25.0,400000.0,0.0,0.0,1.0,0.0,1
241.0,4556,0.11065006915629322,0.09941217150760719,25.0,25.0,400000.0,20000.0,12.0,3.0,0.0,1,34,0.0024752475247524753,-4.975,0.11065006915629322,0.09941217150760719,25.0,25.0,400000.0,20000.0,12.0,3.0,0.0,1
241.0,4923,0.11065006915629322,0.09941217150760719,0.0,25.0,400000.0,0.0,0.0,5.0,0.0,1,34,0.0024752475247524753,-4.98,0.11065006915629322,0.09941217150760719,0.0,25.0,400000.0,0.0,0.0,5.0,0.0,1
241.0,5295,0.11065006915629322,0.09941217150760719,0.0,12.0,120000.0,20000.0,10.0,5.0,0.0,1,34,0.0024752475247524753,-4.98,0.11065006915629322,0.09941217150760719,0.0,12.0,120000.0,20000.0,10.0,5.0,0.0,1
241.0,5747,0.11065006915629322,0.09941217150760719,0.0,12.0,120000.0,20000.0,5.0,2.0,0.0,2,99,0.0024752475247524753,-4.98,0.11065006915629322,0.09941217150760719,0.0,12.0,120000.0,20000.0,5.0,2.0,0.0,1
241.0,6185,0.11065006915629322,0.09941217150760719,12.5,12.0,120000.0,20000.0,38.0,3.0,0.0,2,99,0.0024752475247524753,-4.98,0.11065006915629322,0.09941217150760719,12.5,12.0,120000.0,20000.0,40.0,3.0,0.0,1
241.0,7545,0.11065006915629322,0.09941217150760719,0.0,12.0,120000.0,20000.0,13.0,5.0,0.0,3,48,0.0024752475247524753,-4.98,0.11065006915629322,0.09941217150760719,0.0,12.0,120000.0,20000.0,13.0,5.0,0.0,1
241.0,8005,0.11065006915629322,0.09941217150760719,12.5,12.0,120000.0,20000.0,20.0,2.0,0.0,3,48,0.0024752475247524753,-4.98,0.11065006915629322,0.09941217150760719,12.5,12.0,120000.0,20000.0,20.0,2.0,0.0,1
241.0,8902,0.11065006915629322,0.09941217150760719,0.0,12.0,120000.0,0.0,0.0,3.0,0.0,1,7,0.0024752475247524753,-4.98025,0.11065006915629322,0.09941217150760719,0.0,12.0,120000.0,0.0,0.0,3.0,0.0,1
241.0,9802,0.11065006915629322,0.09941217150760719,0.0,12.0,120000.0,0.0,0.0,3.0,0.0,1,7,0.0024752475247524753,-4.98025,0.11065006915629322,0.09941217150760719,0.0,12.0,120000.0,0.0,0.0,3.0,0.0,1
241.0,10704,0.11065006915629322,0.09941217150760719,0.0,12.0,120000.0,0.0,0.0,4.0,0.0,1,20,0.0024752475247524753,-4.98,0.11065006915629322,0.09941217150760719,0.0,12.0,120000.0,0.0,0.0,4.0,0.0,1
241.0,11157,0.11065006915629322,0.09941217150760719,0.0,12.0,120000.0,0.0,0.0,4.0,0.0,1,20,0.0024752475247524753,-4.98,0.11065006915629322,0.09941217150760719,0.0,12.0,120000.0,0.0,0.0,4.0,0.0,1
235.0,8454,0.11347517730496454,0.10195035460992907,25.0,12.0,120000.0,20000.0,33.0,1.0,0.0,0,0,0.0024752475247524753,9.748582916666667,0.11064547346671064,0.09940804256774785,50.0,12.0,120000.0,20000.0,35.0,1.0,0.0,0
242.0,70,0.11019283746556473,0.09900137741046833,0.0,8.0,80000.0,20000.0,5.0,2.0,0.0,2,21,0.0024752475247524753,-4.98,0.11019283746556473,0.09900137741046833,0.0,8.0,80000.0,20000.0,5.0,2.0,0.0,1
242.0,976,0.11019283746556473,0.09900137741046833,12.5,8.0,80000.0,20000.0,45.0,1.0,0.0,2,21,0.0024752475247524753,-4.98,0.11019283746556473,0.09900137741046833,12.5,8.0,80000.0,20000.0,45.0,1.0,0.0,1
242.0,1878,0.11019283746556473,0.09900137741046833,0.0,8.0,80000.0,0.0,0.0,4.0,0.0,2,58,0.0024752475247524753,-4.98,0.11019283746556473,0.09900137741046833,0.0,8.0,80000.0,0.0,0.0,4.0,0.0,1
242.0,4919,0.11019283746556473,0.09900137741046833,0.0,25.0,400000.0,0.0,0.0,5.0,0.0,2,58,0.0024752475247524753,-4.98,0.11019283746556473,0.09900137741046833,0.0,25.0,400000.0,0.0,0.0,5.0,0.0,1
242.0,6202,0.11019283746556473,0.09900137741046833,12.5,12.0,120000.0,20000.0,40.0,3.0,0.0,2,37,0.0024752475247524753,-4.98,0.11019283746556473,0.09900137741046833,12.5,12.0,120000.0,20000.0,40.0,3.0,0.0,1
242.0,10250,0.11019283746556473,0.09900137741046833,0.0,12.0,120000.0,0.0,0.0,2.0,0.0,2,100,0.0024752475247524753,-4.98,0.11019283746556473,0.09900137741046833,0.0,12.0,120000.0,0.0,0.0,2.0,0.0,1
242.0,12046,0.11019283746556473,0.09900137741046833,0.0,12.0,120000.0,0.0,0.0,1.0,0.0,2,100,0.0024752475247524753,-4.98,0.11019283746556473,0.09900137741046833,0.0,12.0,120000.0,0.0,0.0,1.0,0.0,1
222.0,3829,0.12012012012012012,0.10792042042042041,25.0,25.0,400000.0,20000.0,19.0,0.0,0.0,0,0,0.0024752475247524753,9.5997998,0.11018827967763262,0.09899728252287306,0.0,25.0,400000.0,20000.0,22.0,0.0,0.0,0
243.0,520,0.10973936899862827,0.09859396433470506,0.0,8.0,80000.0,20000.0,17.0,4.0,0.0,1,6,0.0024752475247524753,-4.98,0.10973936899862827,0.09859396433470506,0.0,8.0,80000.0,20000.0,17.0,4.0,0.0,1
243.0,1430,0.10973936899862827,0.09859396433470506,0.0,8.0,80000.0,0.0,0.0,6.0,0.0,1,6,0.0024752475247524753,-4.98,0.10973936899862827,0.09859396433470506,0.0,8.0,80000.0,0.0,0.0,6.0,0.0,1
243.0,1866,0.10973936899862827,0.09859396433470506,0.0,8.0,80000.0,0.0,0.0,4.0,0.0,2,8,0.0024752475247524753,-4.98,0.10973936899862827,0.09859396433470506,0.0,8.0,80000.0,0.0,0.0,4.0,0.0,1
243.0,2331,0.10973936899862827,0.09859396433470506,0.0,8.0,80000.0,0.0,0.0,5.0,0.0,2,8,0.0024752475247524753,-4.98,0.10973936899862827,0.09859396433470506,0.0,8.0,80000.0,0.0,0.0,5.0,0.0,1
243.0,4205,0.10973936899862827,0.09859396433470506,0.0,25.0,400000.0,0.0,0.0,1.0,0.0,3,8,0.0024752475247524753,-4.98,0.10973936899862827,0.09859396433470506,0.0,25.0,400000.0,0.0,0.0,1.0,0.0,1
243.0,5296,0.10973936899862827,0.09859396433470506,0.0,12.0,120000.0,20000.0,10.0,5.0,0.0,2,99,0.0024752475247524753,-4.98,0.10973936899862827,0.09859396433470506,0.0,12.0,120000.0,20000.0,10.0,5.0,0.0,1
243.0,5748,0.10973936899862827,0.09859396433470506,0.0,12.0,120000.0,20000.0,5.0,2.0,0.0,2,99,0.0024752475247524753,-4.98,0.10973936899862827,0.09859396433470506,0.0,12.0,120000.0,20000.0,5.0,2.0,0.0,1
243.0,6186,0.10973936899862827,0.09859396433470506,12.5,12.0,120000.0,20000.0,40.0,3.0,0.0,2,71,0.0024752475247524753,-4.98,0.10973936899862827,0.09859396433470506,12.5,12.0,120000.0,20000.0,40.0,3.0,0.0,1
243.0,7546,0.10973936899862827,0.09859396433470506,0.0,12.0,120000.0,20000.0,13.0,5.0,0.0,2,71,0.0024752475247524753,-4.98,0.10973936899862827,0.09859396433470506,0.0,12.0,120000.0,20000.0,13.0,5.0,0.0,1
243.0,8006,0.10973936899862827,0.09859396433470506,12.5,12.0,120000.0,20000.0,20.0,2.0,0.0,1,27,0.0024752475247524753,-4.98,0.10973936899862827,0.09859396433470506,12.5,12.0,120000.0,20000.0,20.0,2.0,0.0,1
243.0,8438,0.10973936899862827,0.09859396433470506,50.0,12.0,120000.0,20000.0,35.0,1.0,0.0,1,27,0.0024752475247524753,-4.95025,0.10973936899862827,0.09859396433470506,50.0,12.0,120000.0,20000.0,35.0,1.0,0.0,1
243.0,8458,0.10973936899862827,0.09859396433470506,50.0,12.0,120000.0,20000.0,35.0,1.0,0.0,2,12,0.0024752475247524753,-4.95,0.10973936899862827,0.09859396433470506,50.0,12.0,120000.0,20000.0,35.0,1.0,0.0,1
243.0,8903,0.10973936899862827,0.09859396433470506,0.0,12.0,120000.0,0.0,0.0,3.0,0.0,2,12,0.0024752475247524753,-4.98,0.10973936899862827,0.09859396433470506,0.0,12.0,120000.0,0.0,0.0,3.0,0.0,1
243.0,9803,0.10973936899862827,0.09859396433470506,0.0,12.0,120000.0,0.0,0.0,3.0,0.0,2,27,0.0024752475247524753,-4.98,0.10973936899862827,0.09859396433470506,0.0,12.0,120000.0,0.0,0.0,3.0,0.0,1
243.0,10705,0.10973936899862827,0.09859396433470506,0.0,12.0,120000.0,0.0,0.0,4.0,0.0,2,27,0.0024752475247524753,-4.98,0.10973936899862827,0.09859396433470506,0.0,12.0,120000.0,0.0,0.0,4.0,0.0,1
243.0,11158,0.10973936899862827,0.09859396433470506,0.0,12.0,120000.0,0.0,0.0,4.0,0.0,1,55,0.0024752475247524753,-4.98,0.10973936899862827,0.09859396433470506,0.0,12.0,120000.0,0.0,0.0,4.0,0.0,1
240.0,975,0.1111111111111111,0.09982638888888888,0.0,8.0,80000.0,20000.0,44.0,1.0,0.0,0,0,0.0024752475247524753,9.75,0.1092896174863388,0.09818989071038252,0.0,8.0,80000.0,20000.0,46.0,1.0,0.0,0
244.0,71,0.1092896174863388,0.09818989071038252,0.0,8.0,80000.0,20000.0,5.0,2.0,0.0,1,55,0.0024752475247524753,-4.98,0.1092896174863388,0.09818989071038252,0.0,8.0,80000.0,20000.0,6.0,2.0,0.0,1
244.0,1879,0.1092896174863388,0.09818989071038252,0.0,8.0,80000.0,0.0,0.0,4.0,0.0,2,29,0.0024752475247524753,-4.98,0.1092896174863388,0.09818989071038252,0.0,8.0,80000.0,0.0,0.0,4.0,0.0,1
244.0,3119,0.1092896174863388,0.09818989071038252,0.0,25.0,400000.0,0.0,0.0,5.0,0.0,2,29,0.0024752475247524753,-4.98,0.1092896174863388,0.09818989071038252,0.0,25.0,400000.0,0.0,0.0,5.0,0.0,1
244.0,3124,0.1092896174863388,0.09818989071038252,0.0,25.0,400000.0,0.0,0.0,5.0,0.0,2,29,0.0024752475247524753,-4.98,0.1092896174863388,0.09818989071038252,0.0,25.0,400000.0,0.0,0.0,5.0,0.0,1
244.0,4199,0.1092896174863388,0.09818989071038252,0.0,25.0,400000.0,0.0,0.0,1.0,0.0,2,29,0.0024752475247524753,-4.98,0.1092896174863388,0.09818989071038252,0.0,25.0,400000.0,0.0,0.0,1.0,0.0,1
244.0,4557,0.1092896174863388,0.09818989071038252,25.0,25.0,400000.0,20000.0,12.0,3.0,0.0,3,37,0.0024752475247524753,-4.975,0.1092896174863388,0.09818989071038252,25.0,25.0,400000.0,20000.0,12.0,3.0,0.0,1
244.0,4924,0.1092896174863388,0.09818989071038252,0.0,25.0,400000.0,0.0,0.0,5.0,0.0,3,37,0.0024752475247524753,-4.98,0.1092896174863388,0.09818989071038252,0.0,25.0,400000.0,0.0,0.0,5.0,0.0,1
244.0,10251,0.1092896174863388,0.09818989071038252,0.0,12.0,120000.0,0.0,0.0,2.0,0.0,2,39,0.0024752475247524753,-4.98,0.1092896174863388,0.09818989071038252,0.0,12.0,120000.0,0.0,0.0,2.0,0.0,1
244.0,12047,0.1092896174863388,0.09818989071038252,0.0,12.0,120000.0,0.0,0.0,1.0,0.0,1,16,0.0024752475247524753,-4.98025,0.1092896174863388,0.09818989071038252,0.0,12.0,120000.0,0.0,0.0,1.0,0.0,1
244.0,12495,0.1092896174863388,0.09818989071038252,0.0,12.0,120000.0,0.0,0.0,4.0,0.0,1,16,0.0024752475247524753,-4.98,0.1092896174863388,0.09818989071038252,0.0,12.0,120000.0,0.0,0.0,4.0,0.0,1
245.0,521,0.10884353741496598,0.09778911564625851,0.0,8.0,80000.0,20000.0,17.0,4.0,0.0,2,52,0.0024752475247524753,-4.98,0.10884353741496598,0.09778911564625851,0.0,8.0,80000.0,20000.0,17.0,4.0,0.0,1
245.0,1431,0.10884353741496598,0.09778911564625851,0.0,8.0,80000.0,0.0,0.0,6.0,0.0,2,52,0.0024752475247524753,-4.98,0.10884353741496598,0.09778911564625851,0.0,8.0,80000.0,0.0,0.0,6.0,0.0,1
245.0,1867,0.10884353741496598,0.09778911564625851,0.0,8.0,80000.0,0.0,0.0,4.0,0.0,3,23,0.0024752475247524753,-4.98,0.10884353741496598,0.09778911564625851,0.0,8.0,80000.0,0.0,0.0,4.0,0.0,1
245.0,2332,0.10884353741496598,0.09778911564625851,0.0,8.0,80000.0,0.0,0.0,5.0,0.0,3,23,0.0024752475247524753,-4.98,0.10884353741496598,0.09778911564625851,0.0,8.0,80000.0,0.0,0.0,5.0,0.0,1
245.0,5297,0.10884353741496598,0.09778911564625851,0.0,12.0,120000.0,20000.0,10.0,5.0,0.0,1,50,0.0024752475247524753,-4.98,0.10884353741496598,0.09778911564625851,0.0,12.0,120000.0,20000.0,10.0,5.0,0.0,1
245.0,5749,0.10884353741496598,0.09778911564625851,0.0,12.0,120000.0,20000.0,6.0,2.0,0.0,3,6,0.0024752475247524753,-4.98,0.10884353741496598,0.09778911564625851,0.0,12.0,120000.0,20000.0,6.0,2.0,0.0,1
245.0,6187,0.10884353741496598,0.09778911564625851,25.0,12.0,120000.0,20000.0,41.0,3.0,0.0,3,6,0.0024752475247524753,-4.975,0.10884353741496598,0.09778911564625851,25.0,12.0,120000.0,20000.0,41.0,3.0,0.0,1
245.0,7095,0.10884353741496598,0.09778911564625851,0.0,12.0,120000.0,20000.0,13.0,4.0,0.0,3,76,0.0024752475247524753,-4.98,0.10884353741496598,0.09778911564625851,0.0,12.0,120000.0,20000.0,13.0,4.0,0.0,1
245.0,7547,0.10884353741496598,0.09778911564625851,0.0,12.0,120000.0,20000.0,13.0,5.0,0.0,3,76,0.0024752475247524753,-4.98,0.10884353741496598,0.09778911564625851,0.0,12.0,120000.0,20000.0,13.0,5.0,0.0,1
245.0,8459,0.10884353741496598,0.09778911564625851,50.0,12.0,120000.0,20000.0,36.0,1.0,0.0,1,64,0.0024752475247524753,-4.95025,0.10884353741496598,0.09778911564625851,50.0,12.0,120000.0,20000.0,36.0,1.0,0.0,1
245.0,8904,0.10884353741496598,0.09778911564625851,0.0,12.0,120000.0,0.0,0.0,3.0,0.0,1,64,0.0024752475247524753,-4.98025,0.10884353741496598,0.09778911564625851,0.0,12.0,120000.0,0.0,0.0,3.0,0.0,1
245.0,9804,0.10884353741496598,0.09778911564625851,0.0,12.0,120000.0,0.0,0.0,3.0,0.0,1,93,0.0024752475247524753,-4.98025,0.10884353741496598,0.09778911564625851,0.0,12.0,120000.0,0.0,0.0,3.0,0.0,1
245.0,10706,0.10884353741496598,0.09778911564625851,0.0,12.0,120000.0,0.0,0.0,4.0,0.0,1,93,0.0024752475247524753,-4.98,0.10884353741496598,0.09778911564625851,0.0,12.0,120000.0,0.0,0.0,4.0,0.0,1
245.0,11159,0.10884353741496598,0.09778911564625851,0.0,12.0,120000.0,0.0,0.0,4.0,0.0,1,76,0.0024752475247524753,-4.98,0.10884353741496598,0.09778911564625851,0.0,12.0,120000.0,0.0,0.0,4.0,0.0,1
239.0,8004,0.11157601115760112,0.10024407252440726,12.5,12.0,120000.0,20000.0,20.0,2.0,0.0,0,0,0.0024752475247524753,9.749332916666667,0.10883909056069449,0.09778512042562398,12.5,12.0,120000.0,20000.0,21.0,2.0,0.0,0
239.0,8436,0.11157601115760112,0.10024407252440726,12.5,12.0,120000.0,20000.0,32.0,1.0,0.0,0,0,0.0024752475247524753,9.748832916666666,0.10883909056069449,0.09778512042562398,37.5,12.0,120000.0,20000.0,34.0,1.0,0.0,0
239.0,8456,0.11157601115760112,0.10024407252440726,12.5,12.0,120000.0,20000.0,33.0,1.0,0.0,0,0,0.0024752475247524753,9.748832916666666,0.10883909056069449,0.09778512042562398,37.5,12.0,120000.0,20000.0,34.0,1.0,0.0,0
240.0,6201,0.1111111111111111,0.09982638888888888,0.0,12.0,120000.0,20000.0,37.0,3.0,0.0,0,0,0.0024752475247524753,9.74975,0.10840108401084012,0.09739159891598916,12.5,12.0,120000.0,20000.0,41.0,3.0,0.0,0
240.0,6648,0.1111111111111111,0.09982638888888888,0.0,12.0,120000.0,20000.0,7.0,5.0,0.0,0,0,0.0024752475247524753,9.7495,0.10840108401084012,0.09739159891598916,25.0,12.0,120000.0,20000.0,10.0,4.0,0.0,0
246.0,72,0.10840108401084012,0.09739159891598916,12.5,8.0,80000.0,20000.0,6.0,3.0,0.0,1,76,0.0024752475247524753,-4.98,0.10840108401084012,0.09739159891598916,12.5,8.0,80000.0,20000.0,7.0,3.0,0.0,1
246.0,1880,0.10840108401084012,0.09739159891598916,0.0,8.0,80000.0,0.0,0.0,4.0,0.0,1,74,0.0024752475247524753,-4.98,0.10840108401084012,0.09739159891598916,0.0,8.0,80000.0,0.0,0.0,4.0,0.0,1
246.0,4206,0.10840108401084012,0.09739159891598916,0.0,25.0,400000.0,0.0,0.0,1.0,0.0,3,60,0.0024752475247524753,-4.98,0.10840108401084012,0.09739159891598916,0.0,25.0,400000.0,0.0,0.0,1.0,0.0,1
246.0,10252,0.10840108401084012,0.09739159891598916,0.0,12.0,120000.0,0.0,0.0,2.0,0.0,3,49,0.0024752475247524753,-4.98,0.10840108401084012,0.09739159891598916,0.0,12.0,120000.0,0.0,0.0,2.0,0.0,1
246.0,12048,0.10840108401084012,0.09739159891598916,0.0,12.0,120000.0,0.0,0.0,1.0,0.0,3,49,0.0024752475247524753,-4.98,0.10840108401084012,0.09739159891598916,0.0,12.0,120000.0,0.0,0.0,1.0,0.0,1
246.0,12496,0.10840108401084012,0.09739159891598916,0.0,12.0,120000.0,0.0,0.0,4.0,0.0,3,60,0.0024752475247524753,-4.98,0.10840108401084012,0.09739159891598916,0.0,12.0,120000.0,0.0,0.0,4.0,0.0,1
226.0,3479,0.11799410029498525,0.10601032448377581,12.5,25.0,400000.0,20000.0,10.0,2.0,0.0,0,0,0.0024752475247524753,9.5997998,0.10839667323564056,0.09738763611014582,0.0,25.0,400000.0,20000.0,9.0,2.0,0.0,0
247.0,522,0.10796221322537111,0.09699730094466937,0.0,8.0,80000.0,20000.0,17.0,4.0,0.0,3,60,0.0024752475247524753,-4.98,0.10796221322537111,0.09699730094466937,0.0,8.0,80000.0,20000.0,17.0,4.0,0.0,1
247.0,1432,0.10796221322537111,0.09699730094466937,0.0,8.0,80000.0,0.0,0.0,6.0,0.0,1,39,0.0024752475247524753,-4.98,0.10796221322537111,0.09699730094466937,0.0,8.0,80000.0,0.0,0.0,6.0,0.0,1
247.0,1868,0.10796221322537111,0.09699730094466937,0.0,8.0,80000.0,0.0,0.0,4.0,0.0,1,39,0.0024752475247524753,-4.98,0.10796221322537111,0.09699730094466937,0.0,8.0,80000.0,0.0,0.0,4.0,0.0,1
247.0,2333,0.10796221322537111,0.09699730094466937,0.0,8.0,80000.0,0.0,0.0,5.0,0.0,2,84,0.0024752475247524753,-4.98,0.10796221322537111,0.09699730094466937,0.0,8.0,80000.0,0.0,0.0,5.0,0.0,1
247.0,3125,0.10796221322537111,0.09699730094466937,0.0,25.0,400000.0,0.0,0.0,5.0,0.0,2,84,0.0024752475247524753,-4.98,0.10796221322537111,0.09699730094466937,0.0,25.0,400000.0,0.0,0.0,5.0,0.0,1
247.0,4558,0.10796221322537111,0.09699730094466937,25.0,25.0,400000.0,20000.0,12.0,3.0,0.0,3,26,0.0024752475247524753,-4.975,0.10796221322537111,0.09699730094466937,25.0,25.0,400000.0,20000.0,12.0,3.0,0.0,1
247.0,4925,0.10796221322537111,0.09699730094466937,0.0,25.0,400000.0,0.0,0.0,5.0,0.0,3,26,0.0024752475247524753,-4.98,0.10796221322537111,0.09699730094466937,0.0,25.0,400000.0,0.0,0.0,5.0,0.0,1
247.0,5298,0.10796221322537111,0.09699730094466937,0.0,12.0,120000.0,20000.0,10.0,5.0,0.0,1,5,0.0024752475247524753,-4.98,0.10796221322537111,0.09699730094466937,0.0,12.0,120000.0,20000.0,10.0,5.0,0.0,1
247.0,6188,0.10796221322537111,0.09699730094466937,25.0,12.0,120000.0,20000.0,41.0,3.0,0.0,3,62,0.0024752475247524753,-4.975,0.10796221322537111,0.09699730094466937,25.0,12.0,120000.0,20000.0,42.0,3.0,0.0,1
247.0,7096,0.10796221322537111,0.09699730094466937,0.0,12.0,120000.0,20000.0,13.0,4.0,0.0,3,62,0.0024752475247524753,-4.98,0.10796221322537111,0.09699730094466937,0.0,12.0,120000.0,20000.0,14.0,4.0,0.0,1
247.0,7548,0.10796221322537111,0.09699730094466937,0.0,12.0,120000.0,20000.0,13.0,5.0,0.0,2,84,0.0024752475247524753,-4.98,0.10796221322537111,0.09699730094466937,0.0,12.0,120000.0,20000.0,13.0,5.0,0.0,1
247.0,8008,0.10796221322537111,0.09699730094466937,12.5,12.0,120000.0,20000.0,21.0,2.0,0.0,2,84,0.0024752475247524753,-4.98,0.10796221322537111,0.09699730094466937,12.5,12.0,120000.0,20000.0,21.0,2.0,0.0,1
247.0,8440,0.10796221322537111,0.09699730094466937,37.5,12.0,120000.0,20000.0,34.0,1.0,0.0,2,54,0.0024752475247524753,-4.9625,0.10796221322537111,0.09699730094466937,37.5,12.0,120000.0,20000.0,34.0,1.0,0.0,1
247.0,8460,0.10796221322537111,0.09699730094466937,37.5,12.0,120000.0,20000.0,34.0,1.0,0.0,2,54,0.0024752475247524753,-4.9625,0.10796221322537111,0.09699730094466937,37.5,12.0,120000.0,20000.0,34.0,1.0,0.0,1
247.0,8905,0.10796221322537111,0.09699730094466937,0.0,12.0,120000.0,0.0,0.0,3.0,0.0,1,28,0.0024752475247524753,-4.980500000000001,0.10796221322537111,0.09699730094466937,0.0,12.0,120000.0,0.0,0.0,3.0,0.0,1
247.0,9805,0.10796221322537111,0.09699730094466937,0.0,12.0,120000.0,0.0,0.0,3.0,0.0,2,12,0.0024752475247524753,-4.98,0.10796221322537111,0.09699730094466937,0.0,12.0,120000.0,0.0,0.0,3.0,0.0,1
247.0,10707,0.10796221322537111,0.09699730094466937,0.0,12.0,120000.0,0.0,0.0,4.0,0.0,2,12,0.0024752475247524753,-4.98,0.10796221322537111,0.09699730094466937,0.0,12.0,120000.0,0.0,0.0,4.0,0.0,1
247.0,11160,0.10796221322537111,0.09699730094466937,0.0,12.0,120000.0,0.0,0.0,4.0,0.0,1,7,0.0024752475247524753,-4.98,0.10796221322537111,0.09699730094466937,0.0,12.0,120000.0,0.0,0.0,4.0,0.0,1
241.0,8437,0.11065006915629322,0.09941217150760719,37.5,12.0,120000.0,20000.0,34.0,1.0,0.0,0,0,0.0024752475247524753,9.749332916666667,0.10795783809193266,0.09699337016072075,12.5,12.0,120000.0,20000.0,32.0,1.0,0.0,0
241.0,8457,0.11065006915629322,0.09941217150760719,37.5,12.0,120000.0,20000.0,35.0,1.0,0.0,0,0,0.0024752475247524753,9.749332916666667,0.10795783809193266,0.09699337016072075,12.5,12.0,120000.0,20000.0,32.0,1.0,0.0,0
244.0,75,0.1092896174863388,0.09818989071038252,0.0,8.0,80000.0,20000.0,5.0,2.0,0.0,1,8,0.0024752475247524753,9.76975,0.10752688172043011,0.09660618279569892,12.5,8.0,80000.0,20000.0,6.0,3.0,0.0,0
248.0,73,0.10752688172043011,0.09660618279569892,12.5,8.0,80000.0,20000.0,6.0,3.0,0.0,1,7,0.0024752475247524753,-4.98,0.10752688172043011,0.09660618279569892,12.5,8.0,80000.0,20000.0,6.0,3.0,0.0,1
248.0,77,0.10752688172043011,0.09660618279569892,12.5,8.0,80000.0,20000.0,6.0,3.0,0.0,1,6,0.0024752475247524753,-4.98,0.10752688172043011,0.09660618279569892,12.5,8.0,80000.0,20000.0,6.0,3.0,0.0,1
248.0,979,0.10752688172043011,0.09660618279569892,25.0,8.0,80000.0,20000.0,50.0,1.0,0.0,1,6,0.0024752475247524753,-4.975249999999999,0.10752688172043011,0.09660618279569892,25.0,8.0,80000.0,20000.0,50.0,1.0,0.0,1
248.0,1881,0.10752688172043011,0.09660618279569892,0.0,8.0,80000.0,0.0,0.0,4.0,0.0,1,31,0.0024752475247524753,-4.98,0.10752688172043011,0.09660618279569892,0.0,8.0,80000.0,0.0,0.0,4.0,0.0,1
248.0,2761,0.10752688172043011,0.09660618279569892,12.5,25.0,400000.0,20000.0,10.0,4.0,0.0,1,31,0.0024752475247524753,-4.98,0.10752688172043011,0.09660618279569892,12.5,25.0,400000.0,20000.0,10.0,4.0,0.0,1
248.0,10253,0.10752688172043011,0.09660618279569892,0.0,12.0,120000.0,0.0,0.0,2.0,0.0,2,98,0.0024752475247524753,-4.98,0.10752688172043011,0.09660618279569892,0.0,12.0,120000.0,0.0,0.0,2.0,0.0,1
248.0,12049,0.10752688172043011,0.09660618279569892,0.0,12.0,120000.0,0.0,0.0,1.0,0.0,2,98,0.0024752475247524753,-4.98,0.10752688172043011,0.09660618279569892,0.0,12.0,120000.0,0.0,0.0,1.0,0.0,1
248.0,12497,0.10752688172043011,0.09660618279569892,0.0,12.0,120000.0,0.0,0.0,4.0,0.0,2,71,0.0024752475247524753,-4.98,0.10752688172043011,0.09660618279569892,0.0,12.0,120000.0,0.0,0.0,4.0,0.0,1
242.0,6649,0.11019283746556473,0.09900137741046833,12.5,12.0,120000.0,20000.0,8.0,5.0,0.0,0,0,0.0024752475247524753,9.748832916666666,0.1075225417984809,0.09660228364707268,37.5,12.0,120000.0,20000.0,10.0,4.0,0.0,0
244.0,977,0.1092896174863388,0.09818989071038252,0.0,8.0,80000.0,20000.0,45.0,1.0,0.0,1,8,0.0024752475247524753,9.769124375,0.1075225417984809,0.09660228364707268,12.5,8.0,80000.0,20000.0,49.0,1.0,0.0,0
249.0,523,0.107095046854083,0.0962182061579652,0.0,8.0,80000.0,20000.0,17.0,4.0,0.0,3,75,0.0024752475247524753,-4.98,0.107095046854083,0.0962182061579652,0.0,8.0,80000.0,20000.0,17.0,4.0,0.0,1
249.0,1433,0.107095046854083,0.0962182061579652,0.0,8.0,80000.0,0.0,0.0,6.0,0.0,1,93,0.0024752475247524753,-4.98,0.107095046854083,0.0962182061579652,0.0,8.0,80000.0,0.0,0.0,6.0,0.0,1
249.0,1869,0.107095046854083,0.0962182061579652,0.0,8.0,80000.0,0.0,0.0,4.0,0.0,3,13,0.0024752475247524753,-4.98,0.107095046854083,0.0962182061579652,0.0,8.0,80000.0,0.0,0.0,4.0,0.0,1
249.0,2334,0.107095046854083,0.0962182061579652,0.0,8.0,80000.0,0.0,0.0,5.0,0.0,2,73,0.0024752475247524753,-4.98,0.107095046854083,0.0962182061579652,0.0,8.0,80000.0,0.0,0.0,5.0,0.0,1
249.0,3838,0.107095046854083,0.0962182061579652,25.0,25.0,400000.0,20000.0,24.0,0.0,0.0,2,73,0.0024752475247524753,-4.975,0.107095046854083,0.0962182061579652,25.0,25.0,400000.0,20000.0,24.0,0.0,0.0,1
249.0,4207,0.107095046854083,0.0962182061579652,0.0,25.0,400000.0,0.0,0.0,1.0,0.0,3,60,0.0024752475247524753,-4.98,0.107095046854083,0.0962182061579652,0.0,25.0,400000.0,0.0,0.0,1.0,0.0,1
249.0,5299,0.107095046854083,0.0962182061579652,0.0,12.0,120000.0,20000.0,10.0,5.0,0.0,3,60,0.0024752475247524753,-4.98,0.107095046854083,0.0962182061579652,0.0,12.0,120000.0,20000.0,10.0,5.0,0.0,1
249.0,5751,0.107095046854083,0.0962182061579652,12.5,12.0,120000.0,20000.0,7.0,2.0,0.0,2,42,0.0024752475247524753,-4.98,0.107095046854083,0.0962182061579652,12.5,12.0,120000.0,20000.0,7.0,2.0,0.0,1
249.0,6189,0.107095046854083,0.0962182061579652,37.5,12.0,120000.0,20000.0,43.0,3.0,0.0,2,42,0.0024752475247524753,-4.9625,0.107095046854083,0.0962182061579652,37.5,12.0,120000.0,20000.0,43.0,3.0,0.0,1
249.0,8906,0.107095046854083,0.0962182061579652,0.0,12.0,120000.0,0.0,0.0,3.0,0.0,1,53,0.0024752475247524753,-4.98025,0.107095046854083,0.0962182061579652,0.0,12.0,120000.0,0.0,0.0,3.0,0.0,1
249.0,9806,0.107095046854083,0.0962182061579652,0.0,12.0,120000.0,0.0,0.0,3.0,0.0,1,53,0.0024752475247524753,-4.98025,0.107095046854083,0.0962182061579652,0.0,12.0,120000.0,0.0,0.0,3.0,0.0,1
249.0,10708,0.107095046854083,0.0962182061579652,0.0,12.0,120000.0,0.0,0.0,4.0,0.0,1,53,0.0024752475247524753,-4.98,0.107095046854083,0.0962182061579652,0.0,12.0,120000.0,0.0,0.0,4.0,0.0,1
249.0,11161,0.107095046854083,0.0962182061579652,0.0,12.0,120000.0,0.0,0.0,4.0,0.0,1,52,0.0024752475247524753,-4.98,0.107095046854083,0.0962182061579652,0.0,12.0,120000.0,0.0,0.0,4.0,0.0,1
250.0,74,0.10666666666666667,0.09583333333333333,12.5,8.0,80000.0,20000.0,6.0,3.0,0.0,1,52,0.0024752475247524753,-4.98,0.10666666666666667,0.09583333333333333,12.5,8.0,80000.0,20000.0,6.0,3.0,0.0,1
250.0,78,0.10666666666666667,0.09583333333333333,12.5,8.0,80000.0,20000.0,6.0,3.0,0.0,2,18,0.0024752475247524753,-4.98,0.10666666666666667,0.09583333333333333,12.5,8.0,80000.0,20000.0,6.0,3.0,0.0,1
250.0,980,0.10666666666666667,0.09583333333333333,12.5,8.0,80000.0,20000.0,49.0,1.0,0.0,2,18,0.0024752475247524753,-4.98,0.10666666666666667,0.09583333333333333,12.5,8.0,80000.0,20000.0,50.0,1.0,0.0,1
250.0,1882,0.10666666666666667,0.09583333333333333,0.0,8.0,80000.0,0.0,0.0,4.0,0.0,1,32,0.0024752475247524753,-4.98,0.10666666666666667,0.09583333333333333,0.0,8.0,80000.0,0.0,0.0,4.0,0.0,1
250.0,3126,0.10666666666666667,0.09583333333333333,0.0,25.0,400000.0,0.0,0.0,5.0,0.0,1,32,0.0024752475247524753,-4.98,0.10666666666666667,0.09583333333333333,0.0,25.0,400000.0,0.0,0.0,5.0,0.0,1
250.0,4926,0.10666666666666667,0.09583333333333333,0.0,25.0,400000.0,0.0,0.0,5.0,0.0,1,37,0.0024752475247524753,-4.98,0.10666666666666667,0.09583333333333333,0.0,25.0,400000.0,0.0,0.0,5.0,0.0,1
250.0,6206,0.10666666666666667,0.09583333333333333,37.5,12.0,120000.0,20000.0,43.0,3.0,0.0,1,37,0.0024752475247524753,-4.9625,0.10666666666666667,0.09583333333333333,37.5,12.0,120000.0,20000.0,43.0,3.0,0.0,1
250.0,10254,0.10666666666666667,0.09583333333333333,0.0,12.0,120000.0,0.0,0.0,2.0,0.0,1,37,0.0024752475247524753,-4.98025,0.10666666666666667,0.09583333333333333,0.0,12.0,120000.0,0.0,0.0,2.0,0.0,1
250.0,12050,0.10666666666666667,0.09583333333333333,0.0,12.0,120000.0,0.0,0.0,1.0,0.0,3,42,0.0024752475247524753,-4.98,0.10666666666666667,0.09583333333333333,0.0,12.0,120000.0,0.0,0.0,1.0,0.0,1
250.0,12498,0.10666666666666667,0.09583333333333333,0.0,12.0,120000.0,0.0,0.0,4.0,0.0,3,42,0.0024752475247524753,-4.98,0.10666666666666667,0.09583333333333333,0.0,12.0,120000.0,0.0,0.0,4.0,0.0,1
244.0,6203,0.1092896174863388,0.09818989071038252,12.5,12.0,120000.0,20000.0,40.0,3.0,0.0,0,0,0.0024752475247524753,9.749082916666666,0.10666239590433466,0.09582949632030066,25.0,12.0,120000.0,20000.0,42.0,3.0,0.0,0
244.0,6650,0.1092896174863388,0.09818989071038252,25.0,12.0,120000.0,20000.0,9.0,4.0,0.0,0,0,0.0024752475247524753,9.748832916666666,0.10666239590433466,0.09582949632030066,37.5,12.0,120000.0,20000.0,10.0,4.0,0.0,0
246.0,978,0.10840108401084012,0.09739159891598916,12.5,8.0,80000.0,20000.0,49.0,1.0,0.0,0,0,0.0024752475247524753,9.749374375,0.10666239590433466,0.09582949632030066,0.0,8.0,80000.0,20000.0,49.0,1.0,0.0,0
246.0,76,0.10840108401084012,0.09739159891598916,12.5,8.0,80000.0,20000.0,6.0,3.0,0.0,0,0,0.0024752475247524753,9.749374375,0.10666239590433466,0.09582949632030066,0.0,8.0,80000.0,20000.0,5.0,3.0,0.0,0
251.0,1434,0.10624169986719788,0.09545152722443559,0.0,8.0,80000.0,0.0,0.0,6.0,0.0,1,42,0.0024752475247524753,-4.98,0.10624169986719788,0.09545152722443559,0.0,8.0,80000.0,0.0,0.0,6.0,0.0,1
251.0,1870,0.10624169986719788,0.09545152722443559,0.0,8.0,80000.0,0.0,0.0,4.0,0.0,2,85,0.0024752475247524753,-4.98,0.10624169986719788,0.09545152722443559,0.0,8.0,80000.0,0.0,0.0,4.0,0.0,1
251.0,2335,0.10624169986719788,0.09545152722443559,0.0,8.0,80000.0,0.0,0.0,5.0,0.0,2,85,0.0024752475247524753,-4.98,0.10624169986719788,0.09545152722443559,0.0,8.0,80000.0,0.0,0.0,5.0,0.0,1
251.0,5752,0.10624169986719788,0.09545152722443559,12.5,12.0,120000.0,20000.0,7.0,2.0,0.0,1,77,0.0024752475247524753,-4.98,0.10624169986719788,0.09545152722443559,12.5,12.0,120000.0,20000.0,7.0,2.0,0.0,1
251.0,6190,0.10624169986719788,0.09545152722443559,25.0,12.0,120000.0,20000.0,42.0,3.0,0.0,1,77,0.0024752475247524753,-4.975,0.10624169986719788,0.09545152722443559,25.0,12.0,120000.0,20000.0,42.0,3.0,0.0,1
251.0,7098,0.10624169986719788,0.09545152722443559,12.5,12.0,120000.0,20000.0,15.0,4.0,0.0,2,14,0.0024752475247524753,-4.98,0.10624169986719788,0.09545152722443559,12.5,12.0,120000.0,20000.0,15.0,4.0,0.0,1
251.0,7550,0.10624169986719788,0.09545152722443559,12.5,12.0,120000.0,20000.0,14.0,4.0,0.0,2,14,0.0024752475247524753,-4.98,0.10624169986719788,0.09545152722443559,12.5,12.0,120000.0,20000.0,14.0,4.0,0.0,1
251.0,8010,0.10624169986719788,0.09545152722443559,25.0,12.0,120000.0,20000.0,22.0,2.0,0.0,2,42,0.0024752475247524753,-4.975,0.10624169986719788,0.09545152722443559,25.0,12.0,120000.0,20000.0,22.0,2.0,0.0,1
251.0,8442,0.10624169986719788,0.09545152722443559,37.5,12.0,120000.0,20000.0,37.0,1.0,0.0,2,42,0.0024752475247524753,-4.9625,0.10624169986719788,0.09545152722443559,37.5,12.0,120000.0,20000.0,38.0,1.0,0.0,1
251.0,8907,0.10624169986719788,0.09545152722443559,0.0,12.0,120000.0,0.0,0.0,3.0,0.0,1,42,0.0024752475247524753,-4.98,0.10624169986719788,0.09545152722443559,0.0,12.0,120000.0,0.0,0.0,3.0,0.0,1
251.0,9807,0.10624169986719788,0.09545152722443559,0.0,12.0,120000.0,0.0,0.0,3.0,0.0,1,42,0.0024752475247524753,-4.98,0.10624169986719788,0.09545152722443559,0.0,12.0,120000.0,0.0,0.0,3.0,0.0,1
251.0,10709,0.10624169986719788,0.09545152722443559,0.0,12.0,120000.0,0.0,0.0,4.0,0.0,1,42,0.0024752475247524753,-4.98,0.10624169986719788,0.09545152722443559,0.0,12.0,120000.0,0.0,0.0,4.0,0.0,1
251.0,11162,0.10624169986719788,0.09545152722443559,0.0,12.0,120000.0,0.0,0.0,4.0,0.0,2,49,0.0024752475247524753,-4.98,0.10624169986719788,0.09545152722443559,0.0,12.0,120000.0,0.0,0.0,4.0,0.0,1
245.0,8007,0.10884353741496598,0.09778911564625851,12.5,12.0,120000.0,20000.0,21.0,2.0,0.0,0,0,0.0024752475247524753,9.749332916666667,0.10623746306637996,0.09544772072370075,12.5,12.0,120000.0,20000.0,21.0,2.0,0.0,0
245.0,8439,0.10884353741496598,0.09778911564625851,50.0,12.0,120000.0,20000.0,35.0,1.0,0.0,0,0,0.0024752475247524753,9.748832916666666,0.10623746306637996,0.09544772072370075,37.5,12.0,120000.0,20000.0,37.0,1.0,0.0,0
232.0,4553,0.11494252873563218,0.10326867816091954,0.0,25.0,400000.0,20000.0,10.0,3.0,0.0,1,13,0.0024752475247524753,9.61925,0.10582010582010583,0.09507275132275132,37.5,25.0,400000.0,20000.0,13.0,3.0,0.0,0
252.0,79,0.10582010582010583,0.09507275132275132,0.0,8.0,80000.0,20000.0,6.0,3.0,0.0,2,49,0.0024752475247524753,-4.98,0.10582010582010583,0.09507275132275132,0.0,8.0,80000.0,20000.0,6.0,3.0,0.0,1
252.0,981,0.10582010582010583,0.09507275132275132,0.0,8.0,80000.0,20000.0,51.0,1.0,0.0,3,55,0.0024752475247524753,-4.98,0.10582010582010583,0.09507275132275132,0.0,8.0,80000.0,20000.0,52.0,1.0,0.0,1
252.0,1883,0.10582010582010583,0.09507275132275132,0.0,8.0,80000.0,0.0,0.0,4.0,0.0,3,87,0.0024752475247524753,-4.98,0.10582010582010583,0.09507275132275132,0.0,8.0,80000.0,0.0,0.0,4.0,0.0,1
252.0,3839,0.10582010582010583,0.09507275132275132,25.0,25.0,400000.0,20000.0,24.0,0.0,0.0,3,87,0.0024752475247524753,-4.975,0.10582010582010583,0.09507275132275132,25.0,25.0,400000.0,20000.0,24.0,0.0,0.0,1
252.0,4208,0.10582010582010583,0.09507275132275132,0.0,25.0,400000.0,0.0,0.0,1.0,0.0,2,50,0.0024752475247524753,-4.98,0.10582010582010583,0.09507275132275132,0.0,25.0,400000.0,0.0,0.0,1.0,0.0,1
252.0,6207,0.10582010582010583,0.09507275132275132,25.0,12.0,120000.0,20000.0,42.0,3.0,0.0,2,50,0.0024752475247524753,-4.975,0.10582010582010583,0.09507275132275132,25.0,12.0,120000.0,20000.0,42.0,3.0,0.0,1
252.0,6654,0.10582010582010583,0.09507275132275132,37.5,12.0,120000.0,20000.0,10.0,4.0,0.0,1,20,0.0024752475247524753,-4.9625,0.10582010582010583,0.09507275132275132,37.5,12.0,120000.0,20000.0,10.0,4.0,0.0,1
252.0,10255,0.10582010582010583,0.09507275132275132,0.0,12.0,120000.0,0.0,0.0,2.0,0.0,1,20,0.0024752475247524753,-4.98,0.10582010582010583,0.09507275132275132,0.0,12.0,120000.0,0.0,0.0,2.0,0.0,1
252.0,12051,0.10582010582010583,0.09507275132275132,0.0,12.0,120000.0,0.0,0.0,1.0,0.0,1,20,0.0024752475247524753,-4.98025,0.10582010582010583,0.09507275132275132,0.0,12.0,120000.0,0.0,0.0,1.0,0.0,1
252.0,12499,0.10582010582010583,0.09507275132275132,0.0,12.0,120000.0,0.0,0.0,4.0,0.0,1,20,0.0024752475247524753,-4.98,0.10582010582010583,0.09507275132275132,0.0,12.0,120000.0,0.0,0.0,4.0,0.0,1
246.0,6204,0.10840108401084012,0.09739159891598916,12.5,12.0,120000.0,20000.0,40.0,3.0,0.0,0,0,0.0024752475247524753,9.749332916666667,0.105815902577309,0.09506897497180106,12.5,12.0,120000.0,20000.0,41.0,3.0,0.0,0
246.0,6651,0.10840108401084012,0.09739159891598916,25.0,12.0,120000.0,20000.0,9.0,4.0,0.0,0,0,0.0024752475247524753,9.749082916666666,0.105815902577309,0.09506897497180106,25.0,12.0,120000.0,20000.0,9.0,4.0,0.0,0
247.0,5750,0.10796221322537111,0.09699730094466937,0.0,12.0,120000.0,20000.0,6.0,2.0,0.0,1,5,0.0024752475247524753,9.77,0.10540184453227931,0.0946969696969697,0.0,12.0,120000.0,20000.0,6.0,2.0,0.0,0
253.0,1435,0.10540184453227931,0.0946969696969697,0.0,8.0,80000.0,0.0,0.0,6.0,0.0,1,74,0.0024752475247524753,-4.98,0.10540184453227931,0.0946969696969697,0.0,8.0,80000.0,0.0,0.0,6.0,0.0,1
253.0,1871,0.10540184453227931,0.0946969696969697,0.0,8.0,80000.0,0.0,0.0,4.0,0.0,1,74,0.0024752475247524753,-4.98,0.10540184453227931,0.0946969696969697,0.0,8.0,80000.0,0.0,0.0,4.0,0.0,1
253.0,2336,0.10540184453227931,0.0946969696969697,0.0,8.0,80000.0,0.0,0.0,5.0,0.0,3,5,0.0024752475247524753,-4.98,0.10540184453227931,0.0946969696969697,0.0,8.0,80000.0,0.0,0.0,5.0,0.0,1
253.0,3127,0.10540184453227931,0.0946969696969697,0.0,25.0,400000.0,0.0,0.0,4.0,0.0,3,5,0.0024752475247524753,-4.98,0.10540184453227931,0.0946969696969697,0.0,25.0,400000.0,0.0,0.0,4.0,0.0,1
253.0,3480,0.10540184453227931,0.0946969696969697,0.0,25.0,400000.0,20000.0,9.0,2.0,0.0,2,82,0.0024752475247524753,-4.98,0.10540184453227931,0.0946969696969697,0.0,25.0,400000.0,20000.0,9.0,2.0,0.0,1
253.0,4561,0.10540184453227931,0.0946969696969697,37.5,25.0,400000.0,20000.0,13.0,3.0,0.0,2,82,0.0024752475247524753,-4.9625,0.10540184453227931,0.0946969696969697,37.5,25.0,400000.0,20000.0,13.0,3.0,0.0,1
253.0,4927,0.10540184453227931,0.0946969696969697,0.0,25.0,400000.0,0.0,0.0,5.0,0.0,3,64,0.0024752475247524753,-4.98,0.10540184453227931,0.0946969696969697,0.0,25.0,400000.0,0.0,0.0,5.0,0.0,1
253.0,5301,0.10540184453227931,0.0946969696969697,12.5,12.0,120000.0,20000.0,11.0,4.0,0.0,3,64,0.0024752475247524753,-4.98,0.10540184453227931,0.0946969696969697,12.5,12.0,120000.0,20000.0,11.0,4.0,0.0,1
253.0,5753,0.10540184453227931,0.0946969696969697,0.0,12.0,120000.0,20000.0,6.0,2.0,0.0,3,68,0.0024752475247524753,-4.98,0.10540184453227931,0.0946969696969697,0.0,12.0,120000.0,20000.0,6.0,2.0,0.0,1
253.0,6191,0.10540184453227931,0.0946969696969697,12.5,12.0,120000.0,20000.0,41.0,3.0,0.0,3,68,0.0024752475247524753,-4.98,0.10540184453227931,0.0946969696969697,12.5,12.0,120000.0,20000.0,41.0,3.0,0.0,1
253.0,7099,0.10540184453227931,0.0946969696969697,12.5,12.0,120000.0,20000.0,15.0,4.0,0.0,2,19,0.0024752475247524753,-4.98,0.10540184453227931,0.0946969696969697,12.5,12.0,120000.0,20000.0,15.0,4.0,0.0,1
253.0,7551,0.10540184453227931,0.0946969696969697,12.5,12.0,120000.0,20000.0,14.0,4.0,0.0,2,19,0.0024752475247524753,-4.98,0.10540184453227931,0.0946969696969697,12.5,12.0,120000.0,20000.0,14.0,4.0,0.0,1
253.0,8011,0.10540184453227931,0.0946969696969697,12.5,12.0,120000.0,20000.0,22.0,2.0,0.0,1,54,0.0024752475247524753,-4.98,0.10540184453227931,0.0946969696969697,12.5,12.0,120000.0,20000.0,22.0,2.0,0.0,1
253.0,8443,0.10540184453227931,0.0946969696969697,37.5,12.0,120000.0,20000.0,37.0,1.0,0.0,1,54,0.0024752475247524753,-4.9625,0.10540184453227931,0.0946969696969697,37.5,12.0,120000.0,20000.0,38.0,1.0,0.0,1
253.0,8908,0.10540184453227931,0.0946969696969697,0.0,12.0,120000.0,0.0,0.0,3.0,0.0,2,54,0.0024752475247524753,-4.98,0.10540184453227931,0.0946969696969697,0.0,12.0,120000.0,0.0,0.0,3.0,0.0,1
253.0,9808,0.10540184453227931,0.0946969696969697,0.0,12.0,120000.0,0.0,0.0,3.0,0.0,1,82,0.0024752475247524753,-4.98,0.10540184453227931,0.0946969696969697,0.0,12.0,120000.0,0.0,0.0,3.0,0.0,1
253.0,10710,0.10540184453227931,0.0946969696969697,0.0,12.0,120000.0,0.0,0.0,4.0,0.0,1,82,0.0024752475247524753,-4.98,0.10540184453227931,0.0946969696969697,0.0,12.0,120000.0,0.0,0.0,4.0,0.0,1
253.0,11163,0.10540184453227931,0.0946969696969697,0.0,12.0,120000.0,0.0,0.0,4.0,0.0,2,40,0.0024752475247524753,-4.98,0.10540184453227931,0.0946969696969697,0.0,12.0,120000.0,0.0,0.0,4.0,0.0,1
254.0,80,0.10498687664041995,0.09432414698162729,0.0,8.0,80000.0,20000.0,6.0,3.0,0.0,2,40,0.0024752475247524753,-4.98,0.10498687664041995,0.09432414698162729,0.0,8.0,80000.0,20000.0,6.0,3.0,0.0,1
254.0,982,0.10498687664041995,0.09432414698162729,0.0,8.0,80000.0,20000.0,54.0,1.0,0.0,2,56,0.0024752475247524753,-4.98,0.10498687664041995,0.09432414698162729,0.0,8.0,80000.0,20000.0,54.0,1.0,0.0,1
254.0,1884,0.10498687664041995,0.09432414698162729,0.0,8.0,80000.0,0.0,0.0,4.0,0.0,2,56,0.0024752475247524753,-4.98,0.10498687664041995,0.09432414698162729,0.0,8.0,80000.0,0.0,0.0,4.0,0.0,1
254.0,2763,0.10498687664041995,0.09432414698162729,25.0,25.0,400000.0,20000.0,11.0,4.0,0.0,2,60,0.0024752475247524753,-4.975,0.10498687664041995,0.09432414698162729,25.0,25.0,400000.0,20000.0,11.0,4.0,0.0,1
254.0,6208,0.10498687664041995,0.09432414698162729,12.5,12.0,120000.0,20000.0,41.0,3.0,0.0,2,60,0.0024752475247524753,-4.98,0.10498687664041995,0.09432414698162729,12.5,12.0,120000.0,20000.0,41.0,3.0,0.0,1
254.0,6655,0.10498687664041995,0.09432414698162729,25.0,12.0,120000.0,20000.0,9.0,4.0,0.0,2,24,0.0024752475247524753,-4.975,0.10498687664041995,0.09432414698162729,25.0,12.0,120000.0,20000.0,9.0,4.0,0.0,1
254.0,10256,0.10498687664041995,0.09432414698162729,0.0,12.0,120000.0,0.0,0.0,2.0,0.0,2,24,0.0024752475247524753,-4.98,0.10498687664041995,0.09432414698162729,0.0,12.0,120000.0,0.0,0.0,2.0,0.0,1
254.0,12052,0.10498687664041995,0.09432414698162729,0.0,12.0,120000.0,0.0,0.0,1.0,0.0,2,24,0.0024752475247524753,-4.98,0.10498687664041995,0.09432414698162729,0.0,12.0,120000.0,0.0,0.0,1.0,0.0,1
254.0,12500,0.10498687664041995,0.09432414698162729,0.0,12.0,120000.0,0.0,0.0,4.0,0.0,2,24,0.0024752475247524753,-4.98,0.10498687664041995,0.09432414698162729,0.0,12.0,120000.0,0.0,0.0,4.0,0.0,1
248.0,6205,0.10752688172043011,0.09660618279569892,25.0,12.0,120000.0,20000.0,42.0,3.0,0.0,0,0,0.0024752475247524753,9.749582916666666,0.10498273932852752,0.09432042986547394,0.0,12.0,120000.0,20000.0,40.0,3.0,0.0,0
248.0,6652,0.10752688172043011,0.09660618279569892,37.5,12.0,120000.0,20000.0,10.0,4.0,0.0,0,0,0.0024752475247524753,9.749332916666667,0.10498273932852752,0.09432042986547394,12.5,12.0,120000.0,20000.0,8.0,4.0,0.0,0
251.0,524,0.10624169986719788,0.09545152722443559,0.0,8.0,80000.0,20000.0,18.0,4.0,0.0,0,0,0.0024752475247524753,9.75,0.10457516339869283,0.09395424836601307,0.0,8.0,80000.0,20000.0,20.0,4.0,0.0,0
249.0,7097,0.107095046854083,0.0962182061579652,0.0,12.0,120000.0,20000.0,14.0,4.0,0.0,0,0,0.0024752475247524753,9.75,0.10457516339869283,0.09395424836601307,0.0,12.0,120000.0,20000.0,14.0,4.0,0.0,0
249.0,7549,0.107095046854083,0.0962182061579652,0.0,12.0,120000.0,20000.0,13.0,5.0,0.0,0,0,0.0024752475247524753,9.75,0.10457516339869283,0.09395424836601307,0.0,12.0,120000.0,20000.0,13.0,4.0,0.0,0
255.0,1436,0.10457516339869283,0.09395424836601307,0.0,8.0,80000.0,0.0,0.0,6.0,0.0,2,76,0.0024752475247524753,-4.98,0.10457516339869283,0.09395424836601307,0.0,8.0,80000.0,0.0,0.0,6.0,0.0,1
255.0,1872,0.10457516339869283,0.09395424836601307,0.0,8.0,80000.0,0.0,0.0,4.0,0.0,2,76,0.0024752475247524753,-4.98,0.10457516339869283,0.09395424836601307,0.0,8.0,80000.0,0.0,0.0,4.0,0.0,1
255.0,2337,0.10457516339869283,0.09395424836601307,0.0,8.0,80000.0,0.0,0.0,5.0,0.0,3,66,0.0024752475247524753,-4.98,0.10457516339869283,0.09395424836601307,0.0,8.0,80000.0,0.0,0.0,5.0,0.0,1
255.0,4209,0.10457516339869283,0.09395424836601307,0.0,25.0,400000.0,0.0,0.0,1.0,0.0,3,66,0.0024752475247524753,-4.98,0.10457516339869283,0.09395424836601307,0.0,25.0,400000.0,0.0,0.0,1.0,0.0,1
255.0,5302,0.10457516339869283,0.09395424836601307,12.5,12.0,120000.0,20000.0,11.0,4.0,0.0,1,88,0.0024752475247524753,-4.98,0.10457516339869283,0.09395424836601307,12.5,12.0,120000.0,20000.0,11.0,4.0,0.0,1
255.0,6192,0.10457516339869283,0.09395424836601307,0.0,12.0,120000.0,20000.0,40.0,3.0,0.0,1,100,0.0024752475247524753,-4.98,0.10457516339869283,0.09395424836601307,0.0,12.0,120000.0,20000.0,42.0,3.0,0.0,1
255.0,7100,0.10457516339869283,0.09395424836601307,0.0,12.0,120000.0,20000.0,14.0,4.0,0.0,1,100,0.0024752475247524753,-4.98,0.10457516339869283,0.09395424836601307,0.0,12.0,120000.0,20000.0,14.0,4.0,0.0,1
255.0,7552,0.10457516339869283,0.09395424836601307,0.0,12.0,120000.0,20000.0,13.0,4.0,0.0,2,42,0.0024752475247524753,-4.98,0.10457516339869283,0.09395424836601307,0.0,12.0,120000.0,20000.0,13.0,4.0,0.0,1
255.0,8012,0.10457516339869283,0.09395424836601307,12.5,12.0,120000.0,20000.0,22.0,2.0,0.0,1,98,0.0024752475247524753,-4.98,0.10457516339869283,0.09395424836601307,12.5,12.0,120000.0,20000.0,22.0,2.0,0.0,1
255.0,8909,0.10457516339869283,0.09395424836601307,0.0,12.0,120000.0,0.0,0.0,3.0,0.0,1,98,0.0024752475247524753,-4.98,0.10457516339869283,0.09395424836601307,0.0,12.0,120000.0,0.0,0.0,3.0,0.0,1
255.0,9809,0.10457516339869283,0.09395424836601307,0.0,12.0,120000.0,0.0,0.0,3.0,0.0,1,54,0.0024752475247524753,-4.98,0.10457516339869283,0.09395424836601307,0.0,12.0,120000.0,0.0,0.0,3.0,0.0,1
255.0,10711,0.10457516339869283,0.09395424836601307,0.0,12.0,120000.0,0.0,0.0,4.0,0.0,1,54,0.0024752475247524753,-4.98,0.10457516339869283,0.09395424836601307,0.0,12.0,120000.0,0.0,0.0,4.0,0.0,1
255.0,11164,0.10457516339869283,0.09395424836601307,0.0,12.0,120000.0,0.0,0.0,4.0,0.0,3,30,0.0024752475247524753,-4.98,0.10457516339869283,0.09395424836601307,0.0,12.0,120000.0,0.0,0.0,4.0,0.0,1
235.0,4554,0.11347517730496454,0.10195035460992907,12.5,25.0,400000.0,20000.0,11.0,3.0,0.0,0,0,0.0024752475247524753,9.599299799999999,0.10457105847204455,0.09395056034597753,25.0,25.0,400000.0,20000.0,12.0,3.0,0.0,0
249.0,8009,0.107095046854083,0.0962182061579652,12.5,12.0,120000.0,20000.0,21.0,2.0,0.0,0,0,0.0024752475247524753,9.749582916666666,0.10457105847204455,0.09395056034597753,0.0,12.0,120000.0,20000.0,21.0,2.0,0.0,0
249.0,8441,0.107095046854083,0.0962182061579652,12.5,12.0,120000.0,20000.0,33.0,1.0,0.0,0,0,0.0024752475247524753,9.748582916666667,0.10457105847204455,0.09395056034597753,50.0,12.0,120000.0,20000.0,38.0,1.0,0.0,0
249.0,8461,0.107095046854083,0.0962182061579652,12.5,12.0,120000.0,20000.0,34.0,1.0,0.0,1,53,0.0024752475247524753,9.768582916666666,0.10457105847204455,0.09395056034597753,50.0,12.0,120000.0,20000.0,38.0,1.0,0.0,0
256.0,81,0.10416666666666667,0.09358723958333334,0.0,8.0,80000.0,20000.0,6.0,3.0,0.0,3,30,0.0024752475247524753,-4.98,0.10416666666666667,0.09358723958333334,0.0,8.0,80000.0,20000.0,6.0,3.0,0.0,1
256.0,1885,0.10416666666666667,0.09358723958333334,0.0,8.0,80000.0,0.0,0.0,3.0,0.0,3,84,0.0024752475247524753,-4.98,0.10416666666666667,0.09358723958333334,0.0,8.0,80000.0,0.0,0.0,3.0,0.0,1
256.0,3128,0.10416666666666667,0.09358723958333334,0.0,25.0,400000.0,0.0,0.0,4.0,0.0,3,84,0.0024752475247524753,-4.98,0.10416666666666667,0.09358723958333334,0.0,25.0,400000.0,0.0,0.0,4.0,0.0,1
256.0,3481,0.10416666666666667,0.09358723958333334,0.0,25.0,400000.0,20000.0,9.0,2.0,0.0,2,89,0.0024752475247524753,-4.98,0.10416666666666667,0.09358723958333334,0.0,25.0,400000.0,20000.0,9.0,2.0,0.0,1
256.0,4562,0.10416666666666667,0.09358723958333334,25.0,25.0,400000.0,20000.0,12.0,3.0,0.0,2,89,0.0024752475247524753,-4.975,0.10416666666666667,0.09358723958333334,25.0,25.0,400000.0,20000.0,12.0,3.0,0.0,1
256.0,4928,0.10416666666666667,0.09358723958333334,0.0,25.0,400000.0,0.0,0.0,5.0,0.0,1,28,0.0024752475247524753,-4.98,0.10416666666666667,0.09358723958333334,0.0,25.0,400000.0,0.0,0.0,5.0,0.0,1
256.0,6209,0.10416666666666667,0.09358723958333334,0.0,12.0,120000.0,20000.0,42.0,3.0,0.0,1,28,0.0024752475247524753,-4.98,0.10416666666666667,0.09358723958333334,0.0,12.0,120000.0,20000.0,42.0,3.0,0.0,1
256.0,6656,0.10416666666666667,0.09358723958333334,12.5,12.0,120000.0,20000.0,8.0,4.0,0.0,3,63,0.0024752475247524753,-4.98,0.10416666666666667,0.09358723958333334,12.5,12.0,120000.0,20000.0,8.0,4.0,0.0,1
256.0,10257,0.10416666666666667,0.09358723958333334,0.0,12.0,120000.0,0.0,0.0,2.0,0.0,3,63,0.0024752475247524753,-4.98,0.10416666666666667,0.09358723958333334,0.0,12.0,120000.0,0.0,0.0,2.0,0.0,1
256.0,12053,0.10416666666666667,0.09358723958333334,0.0,12.0,120000.0,0.0,0.0,1.0,0.0,3,63,0.0024752475247524753,-4.98,0.10416666666666667,0.09358723958333334,0.0,12.0,120000.0,0.0,0.0,1.0,0.0,1
256.0,12501,0.10416666666666667,0.09358723958333334,0.0,12.0,120000.0,0.0,0.0,4.0,0.0,3,63,0.0024752475247524753,-4.98,0.10416666666666667,0.09358723958333334,0.0,12.0,120000.0,0.0,0.0,4.0,0.0,1
250.0,6653,0.10666666666666667,0.09583333333333333,37.5,12.0,120000.0,20000.0,10.0,4.0,0.0,0,0,0.0024752475247524753,9.749582916666666,0.10416259374649714,0.0935835803191185,0.0,12.0,120000.0,20000.0,7.0,4.0,0.0,0
251.0,5300,0.10624169986719788,0.09545152722443559,0.0,12.0,120000.0,20000.0,10.0,4.0,0.0,0,0,0.0024752475247524753,9.75,0.10376134889753567,0.0932230869001297,0.0,12.0,120000.0,20000.0,11.0,3.0,0.0,0
257.0,1437,0.10376134889753567,0.0932230869001297,0.0,8.0,80000.0,0.0,0.0,6.0,0.0,2,100,0.0024752475247524753,-4.98,0.10376134889753567,0.0932230869001297,0.0,8.0,80000.0,0.0,0.0,6.0,0.0,1
257.0,1873,0.10376134889753567,0.0932230869001297,0.0,8.0,80000.0,0.0,0.0,3.0,0.0,2,100,0.0024752475247524753,-4.98,0.10376134889753567,0.0932230869001297,0.0,8.0,80000.0,0.0,0.0,3.0,0.0,1
257.0,2338,0.10376134889753567,0.0932230869001297,0.0,8.0,80000.0,0.0,0.0,5.0,0.0,2,100,0.0024752475247524753,-4.98,0.10376134889753567,0.0932230869001297,0.0,8.0,80000.0,0.0,0.0,5.0,0.0,1
257.0,2764,0.10376134889753567,0.0932230869001297,25.0,25.0,400000.0,20000.0,11.0,4.0,0.0,2,100,0.0024752475247524753,-4.975,0.10376134889753567,0.0932230869001297,25.0,25.0,400000.0,20000.0,11.0,4.0,0.0,1
257.0,5755,0.10376134889753567,0.0932230869001297,12.5,12.0,120000.0,20000.0,7.0,2.0,0.0,3,4,0.0024752475247524753,-4.98,0.10376134889753567,0.0932230869001297,12.5,12.0,120000.0,20000.0,7.0,2.0,0.0,1
257.0,6193,0.10376134889753567,0.0932230869001297,0.0,12.0,120000.0,20000.0,42.0,3.0,0.0,3,4,0.0024752475247524753,-4.98,0.10376134889753567,0.0932230869001297,0.0,12.0,120000.0,20000.0,42.0,3.0,0.0,1
257.0,8013,0.10376134889753567,0.0932230869001297,0.0,12.0,120000.0,20000.0,21.0,2.0,0.0,2,83,0.0024752475247524753,-4.98,0.10376134889753567,0.0932230869001297,0.0,12.0,120000.0,20000.0,21.0,2.0,0.0,1
257.0,8465,0.10376134889753567,0.0932230869001297,50.0,12.0,120000.0,20000.0,38.0,1.0,0.0,2,83,0.0024752475247524753,-4.95,0.10376134889753567,0.0932230869001297,50.0,12.0,120000.0,20000.0,38.0,1.0,0.0,1
257.0,8910,0.10376134889753567,0.0932230869001297,0.0,12.0,120000.0,0.0,0.0,3.0,0.0,3,47,0.0024752475247524753,-4.98,0.10376134889753567,0.0932230869001297,0.0,12.0,120000.0,0.0,0.0,3.0,0.0,1
257.0,9810,0.10376134889753567,0.0932230869001297,0.0,12.0,120000.0,0.0,0.0,3.0,0.0,3,47,0.0024752475247524753,-4.98,0.10376134889753567,0.0932230869001297,0.0,12.0,120000.0,0.0,0.0,3.0,0.0,1
257.0,10712,0.10376134889753567,0.0932230869001297,0.0,12.0,120000.0,0.0,0.0,4.0,0.0,1,50,0.0024752475247524753,-4.98,0.10376134889753567,0.0932230869001297,0.0,12.0,120000.0,0.0,0.0,4.0,0.0,1
257.0,11165,0.10376134889753567,0.0932230869001297,0.0,12.0,120000.0,0.0,0.0,4.0,0.0,1,50,0.0024752475247524753,-4.98,0.10376134889753567,0.0932230869001297,0.0,12.0,120000.0,0.0,0.0,4.0,0.0,1
251.0,8462,0.10624169986719788,0.09545152722443559,37.5,12.0,120000.0,20000.0,37.0,1.0,0.0,0,0,0.0024752475247524753,9.748832916666666,0.10375730761096297,0.09321945605672453,37.5,12.0,120000.0,20000.0,37.0,1.0,0.0,0
258.0,526,0.10335917312661498,0.09286175710594315,12.5,8.0,80000.0,20000.0,22.0,4.0,0.0,1,15,0.0024752475247524753,-4.98,0.10335917312661498,0.09286175710594315,12.5,8.0,80000.0,20000.0,22.0,4.0,0.0,1
258.0,1886,0.10335917312661498,0.09286175710594315,0.0,8.0,80000.0,0.0,0.0,3.0,0.0,1,83,0.0024752475247524753,-4.98,0.10335917312661498,0.09286175710594315,0.0,8.0,80000.0,0.0,0.0,3.0,0.0,1
258.0,4210,0.10335917312661498,0.09286175710594315,0.0,25.0,400000.0,0.0,0.0,1.0,0.0,1,83,0.0024752475247524753,-4.980500000000001,0.10335917312661498,0.09286175710594315,0.0,25.0,400000.0,0.0,0.0,1.0,0.0,1
258.0,10258,0.10335917312661498,0.09286175710594315,0.0,12.0,120000.0,0.0,0.0,2.0,0.0,2,51,0.0024752475247524753,-4.98,0.10335917312661498,0.09286175710594315,0.0,12.0,120000.0,0.0,0.0,2.0,0.0,1
258.0,12054,0.10335917312661498,0.09286175710594315,0.0,12.0,120000.0,0.0,0.0,1.0,0.0,2,51,0.0024752475247524753,-4.98,0.10335917312661498,0.09286175710594315,0.0,12.0,120000.0,0.0,0.0,1.0,0.0,1
258.0,12502,0.10335917312661498,0.09286175710594315,0.0,12.0,120000.0,0.0,0.0,4.0,0.0,2,51,0.0024752475247524753,-4.98,0.10335917312661498,0.09286175710594315,0.0,12.0,120000.0,0.0,0.0,4.0,0.0,1
259.0,1438,0.10296010296010295,0.09250321750321751,0.0,8.0,80000.0,0.0,0.0,6.0,0.0,2,51,0.0024752475247524753,-4.98,0.10296010296010295,0.09250321750321751,0.0,8.0,80000.0,0.0,0.0,6.0,0.0,1
259.0,1874,0.10296010296010295,0.09250321750321751,0.0,8.0,80000.0,0.0,0.0,3.0,0.0,2,51,0.0024752475247524753,-4.98,0.10296010296010295,0.09250321750321751,0.0,8.0,80000.0,0.0,0.0,3.0,0.0,1
259.0,2339,0.10296010296010295,0.09250321750321751,0.0,8.0,80000.0,0.0,0.0,5.0,0.0,2,51,0.0024752475247524753,-4.98,0.10296010296010295,0.09250321750321751,0.0,8.0,80000.0,0.0,0.0,5.0,0.0,1
259.0,3129,0.10296010296010295,0.09250321750321751,0.0,25.0,400000.0,0.0,0.0,4.0,0.0,3,91,0.0024752475247524753,-4.98,0.10296010296010295,0.09250321750321751,0.0,25.0,400000.0,0.0,0.0,4.0,0.0,1
259.0,3482,0.10296010296010295,0.09250321750321751,0.0,25.0,400000.0,20000.0,9.0,2.0,0.0,3,91,0.0024752475247524753,-4.98,0.10296010296010295,0.09250321750321751,0.0,25.0,400000.0,20000.0,9.0,2.0,0.0,1
259.0,4563,0.10296010296010295,0.09250321750321751,25.0,25.0,400000.0,20000.0,12.0,3.0,0.0,1,12,0.0024752475247524753,-4.975,0.10296010296010295,0.09250321750321751,25.0,25.0,400000.0,20000.0,12.0,3.0,0.0,1
259.0,4929,0.10296010296010295,0.09250321750321751,0.0,25.0,400000.0,0.0,0.0,5.0,0.0,1,12,0.0024752475247524753,-4.98,0.10296010296010295,0.09250321750321751,0.0,25.0,400000.0,0.0,0.0,5.0,0.0,1
259.0,5304,0.10296010296010295,0.09250321750321751,12.5,12.0,120000.0,20000.0,11.0,3.0,0.0,3,46,0.0024752475247524753,-4.98,0.10296010296010295,0.09250321750321751,12.5,12.0,120000.0,20000.0,11.0,3.0,0.0,1
259.0,5756,0.10296010296010295,0.09250321750321751,12.5,12.0,120000.0,20000.0,7.0,2.0,0.0,3,46,0.0024752475247524753,-4.98,0.10296010296010295,0.09250321750321751,12.5,12.0,120000.0,20000.0,7.0,2.0,0.0,1
259.0,7554,0.10296010296010295,0.09250321750321751,12.5,12.0,120000.0,20000.0,15.0,4.0,0.0,3,35,0.0024752475247524753,-4.98,0.10296010296010295,0.09250321750321751,12.5,12.0,120000.0,20000.0,15.0,4.0,0.0,1
259.0,8014,0.10296010296010295,0.09250321750321751,0.0,12.0,120000.0,20000.0,21.0,2.0,0.0,3,35,0.0024752475247524753,-4.98,0.10296010296010295,0.09250321750321751,0.0,12.0,120000.0,20000.0,21.0,2.0,0.0,1
259.0,8911,0.10296010296010295,0.09250321750321751,0.0,12.0,120000.0,0.0,0.0,3.0,0.0,3,35,0.0024752475247524753,-4.98,0.10296010296010295,0.09250321750321751,0.0,12.0,120000.0,0.0,0.0,3.0,0.0,1
259.0,9811,0.10296010296010295,0.09250321750321751,0.0,12.0,120000.0,0.0,0.0,3.0,0.0,3,35,0.0024752475247524753,-4.98,0.10296010296010295,0.09250321750321751,0.0,12.0,120000.0,0.0,0.0,3.0,0.0,1
259.0,10713,0.10296010296010295,0.09250321750321751,0.0,12.0,120000.0,0.0,0.0,4.0,0.0,3,35,0.0024752475247524753,-4.98,0.10296010296010295,0.09250321750321751,0.0,12.0,120000.0,0.0,0.0,4.0,0.0,1
259.0,11166,0.10296010296010295,0.09250321750321751,0.0,12.0,120000.0,0.0,0.0,4.0,0.0,2,35,0.0024752475247524753,-4.98,0.10296010296010295,0.09250321750321751,0.0,12.0,120000.0,0.0,0.0,4.0,0.0,1
253.0,8463,0.10540184453227931,0.0946969696969697,37.5,12.0,120000.0,20000.0,37.0,1.0,0.0,0,0,0.0024752475247524753,9.748832916666666,0.10295612384504625,0.09249964251703373,37.5,12.0,120000.0,20000.0,37.0,1.0,0.0,0
256.0,525,0.10416666666666667,0.09358723958333334,0.0,8.0,80000.0,20000.0,20.0,4.0,0.0,1,16,0.0024752475247524753,9.77,0.10256410256410256,0.09214743589743589,0.0,8.0,80000.0,20000.0,23.0,4.0,0.0,0
256.0,983,0.10416666666666667,0.09358723958333334,0.0,8.0,80000.0,20000.0,54.0,1.0,0.0,1,16,0.0024752475247524753,9.76975,0.10256410256410256,0.09214743589743589,12.5,8.0,80000.0,20000.0,56.0,1.0,0.0,0
260.0,83,0.10256410256410256,0.09214743589743589,12.5,8.0,80000.0,20000.0,7.0,3.0,0.0,2,35,0.0024752475247524753,-4.98,0.10256410256410256,0.09214743589743589,12.5,8.0,80000.0,20000.0,7.0,3.0,0.0,1
260.0,1887,0.10256410256410256,0.09214743589743589,0.0,8.0,80000.0,0.0,0.0,3.0,0.0,1,58,0.0024752475247524753,-4.98,0.10256410256410256,0.09214743589743589,0.0,8.0,80000.0,0.0,0.0,3.0,0.0,1
260.0,2765,0.10256410256410256,0.09214743589743589,25.0,25.0,400000.0,20000.0,11.0,4.0,0.0,1,58,0.0024752475247524753,-4.975,0.10256410256410256,0.09214743589743589,25.0,25.0,400000.0,20000.0,11.0,4.0,0.0,1
260.0,6211,0.10256410256410256,0.09214743589743589,25.0,12.0,120000.0,20000.0,44.0,3.0,0.0,1,53,0.0024752475247524753,-4.975,0.10256410256410256,0.09214743589743589,25.0,12.0,120000.0,20000.0,44.0,3.0,0.0,1
260.0,6658,0.10256410256410256,0.09214743589743589,12.5,12.0,120000.0,20000.0,8.0,5.0,0.0,1,53,0.0024752475247524753,-4.98,0.10256410256410256,0.09214743589743589,12.5,12.0,120000.0,20000.0,8.0,5.0,0.0,1
260.0,10259,0.10256410256410256,0.09214743589743589,0.0,12.0,120000.0,0.0,0.0,2.0,0.0,3,100,0.0024752475247524753,-4.98,0.10256410256410256,0.09214743589743589,0.0,12.0,120000.0,0.0,0.0,2.0,0.0,1
260.0,12055,0.10256410256410256,0.09214743589743589,0.0,12.0,120000.0,0.0,0.0,1.0,0.0,3,100,0.0024752475247524753,-4.98,0.10256410256410256,0.09214743589743589,0.0,12.0,120000.0,0.0,0.0,1.0,0.0,1
260.0,12503,0.10256410256410256,0.09214743589743589,0.0,12.0,120000.0,0.0,0.0,4.0,0.0,2,85,0.0024752475247524753,-4.98,0.10256410256410256,0.09214743589743589,0.0,12.0,120000.0,0.0,0.0,4.0,0.0,1
255.0,5754,0.10457516339869283,0.09395424836601307,0.0,12.0,120000.0,20000.0,6.0,2.0,0.0,1,88,0.0024752475247524753,9.77,0.10217113665389528,0.09179438058748403,0.0,12.0,120000.0,20000.0,6.0,2.0,0.0,0
261.0,1439,0.10217113665389528,0.09179438058748403,0.0,8.0,80000.0,0.0,0.0,6.0,0.0,2,85,0.0024752475247524753,-4.98,0.10217113665389528,0.09179438058748403,0.0,8.0,80000.0,0.0,0.0,6.0,0.0,1
261.0,2340,0.10217113665389528,0.09179438058748403,0.0,8.0,80000.0,0.0,0.0,5.0,0.0,1,5,0.0024752475247524753,-4.98,0.10217113665389528,0.09179438058748403,0.0,8.0,80000.0,0.0,0.0,5.0,0.0,1
261.0,4211,0.10217113665389528,0.09179438058748403,0.0,25.0,400000.0,0.0,0.0,1.0,0.0,1,5,0.0024752475247524753,-4.980500000000001,0.10217113665389528,0.09179438058748403,0.0,25.0,400000.0,0.0,0.0,1.0,0.0,1
261.0,5305,0.10217113665389528,0.09179438058748403,12.5,12.0,120000.0,20000.0,11.0,3.0,0.0,2,60,0.0024752475247524753,-4.98,0.10217113665389528,0.09179438058748403,12.5,12.0,120000.0,20000.0,11.0,3.0,0.0,1
261.0,5757,0.10217113665389528,0.09179438058748403,0.0,12.0,120000.0,20000.0,6.0,2.0,0.0,2,60,0.0024752475247524753,-4.98,0.10217113665389528,0.09179438058748403,0.0,12.0,120000.0,20000.0,6.0,2.0,0.0,1
261.0,7103,0.10217113665389528,0.09179438058748403,25.0,12.0,120000.0,20000.0,16.0,5.0,0.0,1,7,0.0024752475247524753,-4.975,0.10217113665389528,0.09179438058748403,25.0,12.0,120000.0,20000.0,16.0,5.0,0.0,1
261.0,7555,0.10217113665389528,0.09179438058748403,12.5,12.0,120000.0,20000.0,15.0,4.0,0.0,1,7,0.0024752475247524753,-4.98,0.10217113665389528,0.09179438058748403,12.5,12.0,120000.0,20000.0,15.0,4.0,0.0,1
261.0,8015,0.10217113665389528,0.09179438058748403,0.0,12.0,120000.0,20000.0,21.0,2.0,0.0,2,13,0.0024752475247524753,-4.98,0.10217113665389528,0.09179438058748403,0.0,12.0,120000.0,20000.0,21.0,2.0,0.0,1
261.0,8467,0.10217113665389528,0.09179438058748403,37.5,12.0,120000.0,20000.0,37.0,1.0,0.0,2,13,0.0024752475247524753,-4.9625,0.10217113665389528,0.09179438058748403,37.5,12.0,120000.0,20000.0,37.0,1.0,0.0,1
261.0,8912,0.10217113665389528,0.09179438058748403,0.0,12.0,120000.0,0.0,0.0,3.0,0.0,3,78,0.0024752475247524753,-4.98,0.10217113665389528,0.09179438058748403,0.0,12.0,120000.0,0.0,0.0,3.0,0.0,1
261.0,9812,0.10217113665389528,0.09179438058748403,0.0,12.0,120000.0,0.0,0.0,3.0,0.0,3,23,0.0024752475247524753,-4.98,0.10217113665389528,0.09179438058748403,0.0,12.0,120000.0,0.0,0.0,3.0,0.0,1
261.0,10714,0.10217113665389528,0.09179438058748403,0.0,12.0,120000.0,0.0,0.0,4.0,0.0,3,23,0.0024752475247524753,-4.98,0.10217113665389528,0.09179438058748403,0.0,12.0,120000.0,0.0,0.0,4.0,0.0,1
261.0,11167,0.10217113665389528,0.09179438058748403,0.0,12.0,120000.0,0.0,0.0,4.0,0.0,3,23,0.0024752475247524753,-4.98,0.10217113665389528,0.09179438058748403,0.0,12.0,120000.0,0.0,0.0,4.0,0.0,1
255.0,8444,0.10457516339869283,0.09395424836601307,50.0,12.0,120000.0,20000.0,38.0,1.0,0.0,0,0,0.0024752475247524753,9.749332916666667,0.10216721828663455,0.09179086017939822,12.5,12.0,120000.0,20000.0,35.0,1.0,0.0,0
255.0,8464,0.10457516339869283,0.09395424836601307,50.0,12.0,120000.0,20000.0,39.0,1.0,0.0,0,0,0.0024752475247524753,9.749332916666667,0.10216721828663455,0.09179086017939822,12.5,12.0,120000.0,20000.0,35.0,1.0,0.0,0
258.0,82,0.10335917312661498,0.09286175710594315,0.0,8.0,80000.0,20000.0,6.0,3.0,0.0,1,15,0.0024752475247524753,9.77,0.10178117048346055,0.0914440203562341,0.0,8.0,80000.0,20000.0,6.0,3.0,0.0,0
262.0,84,0.10178117048346055,0.0914440203562341,0.0,8.0,80000.0,20000.0,6.0,3.0,0.0,3,23,0.0024752475247524753,-4.98,0.10178117048346055,0.0914440203562341,0.0,8.0,80000.0,20000.0,6.0,3.0,0.0,1
262.0,528,0.10178117048346055,0.0914440203562341,12.5,8.0,80000.0,20000.0,23.0,4.0,0.0,1,35,0.0024752475247524753,-4.98,0.10178117048346055,0.0914440203562341,12.5,8.0,80000.0,20000.0,23.0,4.0,0.0,1
262.0,986,0.10178117048346055,0.0914440203562341,25.0,8.0,80000.0,20000.0,56.0,1.0,0.0,1,35,0.0024752475247524753,-4.975249999999999,0.10178117048346055,0.0914440203562341,25.0,8.0,80000.0,20000.0,56.0,1.0,0.0,1
262.0,1888,0.10178117048346055,0.0914440203562341,0.0,8.0,80000.0,0.0,0.0,3.0,0.0,1,21,0.0024752475247524753,-4.98,0.10178117048346055,0.0914440203562341,0.0,8.0,80000.0,0.0,0.0,3.0,0.0,1
262.0,3130,0.10178117048346055,0.0914440203562341,0.0,25.0,400000.0,0.0,0.0,4.0,0.0,1,21,0.0024752475247524753,-4.98,0.10178117048346055,0.0914440203562341,0.0,25.0,400000.0,0.0,0.0,4.0,0.0,1
262.0,3483,0.10178117048346055,0.0914440203562341,0.0,25.0,400000.0,20000.0,10.0,2.0,0.0,2,11,0.0024752475247524753,-4.98,0.10178117048346055,0.0914440203562341,0.0,25.0,400000.0,20000.0,10.0,2.0,0.0,1
262.0,4564,0.10178117048346055,0.0914440203562341,25.0,25.0,400000.0,20000.0,12.0,3.0,0.0,2,11,0.0024752475247524753,-4.975,0.10178117048346055,0.0914440203562341,25.0,25.0,400000.0,20000.0,12.0,3.0,0.0,1
262.0,4930,0.10178117048346055,0.0914440203562341,0.0,25.0,400000.0,0.0,0.0,5.0,0.0,2,85,0.0024752475247524753,-4.98,0.10178117048346055,0.0914440203562341,0.0,25.0,400000.0,0.0,0.0,5.0,0.0,1
262.0,6212,0.10178117048346055,0.0914440203562341,25.0,12.0,120000.0,20000.0,44.0,3.0,0.0,2,85,0.0024752475247524753,-4.975,0.10178117048346055,0.0914440203562341,25.0,12.0,120000.0,20000.0,44.0,3.0,0.0,1
262.0,6659,0.10178117048346055,0.0914440203562341,12.5,12.0,120000.0,20000.0,8.0,5.0,0.0,2,83,0.0024752475247524753,-4.98,0.10178117048346055,0.0914440203562341,12.5,12.0,120000.0,20000.0,8.0,5.0,0.0,1
262.0,10260,0.10178117048346055,0.0914440203562341,0.0,12.0,120000.0,0.0,0.0,2.0,0.0,2,83,0.0024752475247524753,-4.98,0.10178117048346055,0.0914440203562341,0.0,12.0,120000.0,0.0,0.0,2.0,0.0,1
262.0,12056,0.10178117048346055,0.0914440203562341,0.0,12.0,120000.0,0.0,0.0,1.0,0.0,2,83,0.0024752475247524753,-4.98,0.10178117048346055,0.0914440203562341,0.0,12.0,120000.0,0.0,0.0,1.0,0.0,1
262.0,12504,0.10178117048346055,0.0914440203562341,0.0,12.0,120000.0,0.0,0.0,4.0,0.0,2,83,0.0024752475247524753,-4.98,0.10178117048346055,0.0914440203562341,0.0,12.0,120000.0,0.0,0.0,4.0,0.0,1
258.0,984,0.10335917312661498,0.09286175710594315,12.5,8.0,80000.0,20000.0,55.0,1.0,0.0,1,80,0.0024752475247524753,9.769124374999999,0.10177728196974867,0.09144052676969606,12.5,8.0,80000.0,20000.0,55.0,1.0,0.0,0
243.0,3836,0.10973936899862827,0.09859396433470506,0.0,25.0,400000.0,20000.0,22.0,0.0,0.0,0,0,0.0024752475247524753,9.59975,0.10139416983523447,0.09109632446134347,12.5,25.0,400000.0,20000.0,25.0,0.0,0.0,0
257.0,7101,0.10376134889753567,0.0932230869001297,0.0,12.0,120000.0,20000.0,14.0,4.0,0.0,0,0,0.0024752475247524753,9.74975,0.10139416983523447,0.09109632446134347,12.5,12.0,120000.0,20000.0,16.0,5.0,0.0,0
257.0,7553,0.10376134889753567,0.0932230869001297,0.0,12.0,120000.0,20000.0,14.0,4.0,0.0,0,0,0.0024752475247524753,9.75,0.10139416983523447,0.09109632446134347,0.0,12.0,120000.0,20000.0,14.0,4.0,0.0,0
263.0,1440,0.10139416983523447,0.09109632446134347,0.0,8.0,80000.0,0.0,0.0,6.0,0.0,2,68,0.0024752475247524753,-4.98,0.10139416983523447,0.09109632446134347,0.0,8.0,80000.0,0.0,0.0,6.0,0.0,1
263.0,2341,0.10139416983523447,0.09109632446134347,0.0,8.0,80000.0,0.0,0.0,5.0,0.0,2,68,0.0024752475247524753,-4.98,0.10139416983523447,0.09109632446134347,0.0,8.0,80000.0,0.0,0.0,5.0,0.0,1
263.0,2766,0.10139416983523447,0.09109632446134347,25.0,25.0,400000.0,20000.0,11.0,4.0,0.0,2,57,0.0024752475247524753,-4.975,0.10139416983523447,0.09109632446134347,25.0,25.0,400000.0,20000.0,11.0,4.0,0.0,1
263.0,5306,0.10139416983523447,0.09109632446134347,12.5,12.0,120000.0,20000.0,11.0,2.0,0.0,2,57,0.0024752475247524753,-4.98,0.10139416983523447,0.09109632446134347,12.5,12.0,120000.0,20000.0,11.0,2.0,0.0,1
263.0,7556,0.10139416983523447,0.09109632446134347,0.0,12.0,120000.0,20000.0,14.0,4.0,0.0,2,46,0.0024752475247524753,-4.98,0.10139416983523447,0.09109632446134347,0.0,12.0,120000.0,20000.0,14.0,4.0,0.0,1
263.0,8016,0.10139416983523447,0.09109632446134347,0.0,12.0,120000.0,20000.0,21.0,2.0,0.0,2,46,0.0024752475247524753,-4.98,0.10139416983523447,0.09109632446134347,0.0,12.0,120000.0,20000.0,21.0,2.0,0.0,1
263.0,8913,0.10139416983523447,0.09109632446134347,0.0,12.0,120000.0,0.0,0.0,3.0,0.0,3,46,0.0024752475247524753,-4.98,0.10139416983523447,0.09109632446134347,0.0,12.0,120000.0,0.0,0.0,3.0,0.0,1
263.0,9813,0.10139416983523447,0.09109632446134347,0.0,12.0,120000.0,0.0,0.0,3.0,0.0,2,4,0.0024752475247524753,-4.98,0.10139416983523447,0.09109632446134347,0.0,12.0,120000.0,0.0,0.0,3.0,0.0,1
263.0,10715,0.10139416983523447,0.09109632446134347,0.0,12.0,120000.0,0.0,0.0,4.0,0.0,2,4,0.0024752475247524753,-4.98,0.10139416983523447,0.09109632446134347,0.0,12.0,120000.0,0.0,0.0,4.0,0.0,1
263.0,11168,0.10139416983523447,0.09109632446134347,0.0,12.0,120000.0,0.0,0.0,4.0,0.0,1,5,0.0024752475247524753,-4.98,0.10139416983523447,0.09109632446134347,0.0,12.0,120000.0,0.0,0.0,4.0,0.0,1
257.0,5303,0.10376134889753567,0.0932230869001297,0.0,12.0,120000.0,20000.0,10.0,3.0,0.0,0,0,0.0024752475247524753,9.749582916666666,0.1013903108351909,0.09109285739099182,0.0,12.0,120000.0,20000.0,10.0,2.0,0.0,0
258.0,6210,0.10335917312661498,0.09286175710594315,0.0,12.0,120000.0,20000.0,42.0,3.0,0.0,0,0,0.0024752475247524753,9.74975,0.10101010101010101,0.09075126262626262,12.5,12.0,120000.0,20000.0,43.0,3.0,0.0,0
258.0,6657,0.10335917312661498,0.09286175710594315,0.0,12.0,120000.0,20000.0,7.0,6.0,0.0,0,0,0.0024752475247524753,9.75,0.10101010101010101,0.09075126262626262,0.0,12.0,120000.0,20000.0,8.0,5.0,0.0,0
264.0,529,0.10101010101010101,0.09075126262626262,12.5,8.0,80000.0,20000.0,23.0,4.0,0.0,1,38,0.0024752475247524753,-4.98,0.10101010101010101,0.09075126262626262,12.5,8.0,80000.0,20000.0,23.0,4.0,0.0,1
264.0,1889,0.10101010101010101,0.09075126262626262,0.0,8.0,80000.0,0.0,0.0,3.0,0.0,1,38,0.0024752475247524753,-4.98,0.10101010101010101,0.09075126262626262,0.0,8.0,80000.0,0.0,0.0,3.0,0.0,1
264.0,4212,0.10101010101010101,0.09075126262626262,0.0,25.0,400000.0,0.0,0.0,1.0,0.0,1,38,0.0024752475247524753,-4.98025,0.10101010101010101,0.09075126262626262,0.0,25.0,400000.0,0.0,0.0,1.0,0.0,1
264.0,6213,0.10101010101010101,0.09075126262626262,12.5,12.0,120000.0,20000.0,43.0,3.0,0.0,1,74,0.0024752475247524753,-4.98,0.10101010101010101,0.09075126262626262,12.5,12.0,120000.0,20000.0,43.0,3.0,0.0,1
264.0,10261,0.10101010101010101,0.09075126262626262,0.0,12.0,120000.0,0.0,0.0,2.0,0.0,1,45,0.0024752475247524753,-4.98025,0.10101010101010101,0.09075126262626262,0.0,12.0,120000.0,0.0,0.0,2.0,0.0,1
264.0,12057,0.10101010101010101,0.09075126262626262,0.0,12.0,120000.0,0.0,0.0,1.0,0.0,1,45,0.0024752475247524753,-4.98,0.10101010101010101,0.09075126262626262,0.0,12.0,120000.0,0.0,0.0,1.0,0.0,1
264.0,12505,0.10101010101010101,0.09075126262626262,0.0,12.0,120000.0,0.0,0.0,4.0,0.0,1,29,0.0024752475247524753,-4.98,0.10101010101010101,0.09075126262626262,0.0,12.0,120000.0,0.0,0.0,4.0,0.0,1
260.0,527,0.10256410256410256,0.09214743589743589,0.0,8.0,80000.0,20000.0,21.0,4.0,0.0,1,70,0.0024752475247524753,9.769374374999998,0.1010062711889851,0.09074782177135378,0.0,8.0,80000.0,20000.0,22.0,4.0,0.0,0
260.0,985,0.10256410256410256,0.09214743589743589,12.5,8.0,80000.0,20000.0,55.0,1.0,0.0,1,70,0.0024752475247524753,9.769124374999999,0.1010062711889851,0.09074782177135378,12.5,8.0,80000.0,20000.0,56.0,1.0,0.0,0
245.0,2760,0.10884353741496598,0.09778911564625851,0.0,25.0,400000.0,20000.0,9.0,4.0,0.0,1,50,0.0024752475247524753,9.61975,0.10062893081761005,0.09040880503144655,12.5,25.0,400000.0,20000.0,10.0,4.0,0.0,0
265.0,1441,0.10062893081761005,0.09040880503144655,0.0,8.0,80000.0,0.0,0.0,6.0,0.0,1,29,0.0024752475247524753,-4.98,0.10062893081761005,0.09040880503144655,0.0,8.0,80000.0,0.0,0.0,6.0,0.0,1
265.0,2342,0.10062893081761005,0.09040880503144655,0.0,8.0,80000.0,0.0,0.0,5.0,0.0,2,65,0.0024752475247524753,-4.98,0.10062893081761005,0.09040880503144655,0.0,8.0,80000.0,0.0,0.0,5.0,0.0,1
265.0,3131,0.10062893081761005,0.09040880503144655,0.0,25.0,400000.0,0.0,0.0,4.0,0.0,2,65,0.0024752475247524753,-4.98,0.10062893081761005,0.09040880503144655,0.0,25.0,400000.0,0.0,0.0,4.0,0.0,1
265.0,4565,0.10062893081761005,0.09040880503144655,25.0,25.0,400000.0,20000.0,12.0,3.0,0.0,1,72,0.0024752475247524753,-4.975,0.10062893081761005,0.09040880503144655,25.0,25.0,400000.0,20000.0,12.0,3.0,0.0,1
265.0,4931,0.10062893081761005,0.09040880503144655,0.0,25.0,400000.0,0.0,0.0,5.0,0.0,1,72,0.0024752475247524753,-4.98,0.10062893081761005,0.09040880503144655,0.0,25.0,400000.0,0.0,0.0,5.0,0.0,1
265.0,5307,0.10062893081761005,0.09040880503144655,0.0,12.0,120000.0,20000.0,10.0,2.0,0.0,3,39,0.0024752475247524753,-4.98,0.10062893081761005,0.09040880503144655,0.0,12.0,120000.0,20000.0,11.0,2.0,0.0,1
265.0,5759,0.10062893081761005,0.09040880503144655,12.5,12.0,120000.0,20000.0,7.0,2.0,0.0,3,39,0.0024752475247524753,-4.98,0.10062893081761005,0.09040880503144655,12.5,12.0,120000.0,20000.0,7.0,2.0,0.0,1
265.0,7105,0.10062893081761005,0.09040880503144655,25.0,12.0,120000.0,20000.0,16.0,5.0,0.0,1,16,0.0024752475247524753,-4.975,0.10062893081761005,0.09040880503144655,25.0,12.0,120000.0,20000.0,16.0,5.0,0.0,1
265.0,7557,0.10062893081761005,0.09040880503144655,0.0,12.0,120000.0,20000.0,15.0,4.0,0.0,1,16,0.0024752475247524753,-4.98,0.10062893081761005,0.09040880503144655,0.0,12.0,120000.0,20000.0,15.0,4.0,0.0,1
265.0,8914,0.10062893081761005,0.09040880503144655,0.0,12.0,120000.0,0.0,0.0,3.0,0.0,2,30,0.0024752475247524753,-4.98,0.10062893081761005,0.09040880503144655,0.0,12.0,120000.0,0.0,0.0,3.0,0.0,1
265.0,9814,0.10062893081761005,0.09040880503144655,0.0,12.0,120000.0,0.0,0.0,3.0,0.0,2,30,0.0024752475247524753,-4.98,0.10062893081761005,0.09040880503144655,0.0,12.0,120000.0,0.0,0.0,3.0,0.0,1
265.0,10716,0.10062893081761005,0.09040880503144655,0.0,12.0,120000.0,0.0,0.0,5.0,0.0,1,40,0.0024752475247524753,-4.98,0.10062893081761005,0.09040880503144655,0.0,12.0,120000.0,0.0,0.0,5.0,0.0,1
265.0,11169,0.10062893081761005,0.09040880503144655,0.0,12.0,120000.0,0.0,0.0,4.0,0.0,1,40,0.0024752475247524753,-4.98,0.10062893081761005,0.09040880503144655,0.0,12.0,120000.0,0.0,0.0,4.0,0.0,1
265.0,11595,0.10062893081761005,0.09040880503144655,0.0,12.0,120000.0,0.0,0.0,3.0,0.0,3,40,0.0024752475247524753,-4.98,0.10062893081761005,0.09040880503144655,0.0,12.0,120000.0,0.0,0.0,3.0,0.0,1
259.0,6194,0.10296010296010295,0.09250321750321751,12.5,12.0,120000.0,20000.0,43.0,3.0,0.0,0,0,0.0024752475247524753,9.749582916666666,0.10062512984572419,0.09040539009576781,0.0,12.0,120000.0,20000.0,42.0,3.0,0.0,0
259.0,7102,0.10296010296010295,0.09250321750321751,12.5,12.0,120000.0,20000.0,15.0,5.0,0.0,0,0,0.0024752475247524753,9.749332916666667,0.10062512984572419,0.09040539009576781,12.5,12.0,120000.0,20000.0,15.0,5.0,0.0,0
259.0,8466,0.10296010296010295,0.09250321750321751,37.5,12.0,120000.0,20000.0,37.0,1.0,0.0,0,0,0.0024752475247524753,9.749082916666666,0.10062512984572419,0.09040539009576781,25.0,12.0,120000.0,20000.0,37.0,1.0,0.0,0
266.0,86,0.10025062656641603,0.09006892230576441,12.5,8.0,80000.0,20000.0,7.0,3.0,0.0,3,40,0.0024752475247524753,-4.98,0.10025062656641603,0.09006892230576441,12.5,8.0,80000.0,20000.0,7.0,3.0,0.0,1
266.0,1890,0.10025062656641603,0.09006892230576441,0.0,8.0,80000.0,0.0,0.0,3.0,0.0,1,93,0.0024752475247524753,-4.98,0.10025062656641603,0.09006892230576441,0.0,8.0,80000.0,0.0,0.0,3.0,0.0,1
266.0,2767,0.10025062656641603,0.09006892230576441,12.5,25.0,400000.0,20000.0,10.0,4.0,0.0,1,93,0.0024752475247524753,-4.98,0.10025062656641603,0.09006892230576441,12.5,25.0,400000.0,20000.0,10.0,4.0,0.0,1
266.0,6214,0.10025062656641603,0.09006892230576441,0.0,12.0,120000.0,20000.0,42.0,3.0,0.0,3,49,0.0024752475247524753,-4.98,0.10025062656641603,0.09006892230576441,0.0,12.0,120000.0,20000.0,42.0,3.0,0.0,1
266.0,6661,0.10025062656641603,0.09006892230576441,12.5,12.0,120000.0,20000.0,8.0,5.0,0.0,3,49,0.0024752475247524753,-4.98,0.10025062656641603,0.09006892230576441,12.5,12.0,120000.0,20000.0,8.0,5.0,0.0,1
266.0,10262,0.10025062656641603,0.09006892230576441,0.0,12.0,120000.0,0.0,0.0,2.0,0.0,3,31,0.0024752475247524753,-4.98,0.10025062656641603,0.09006892230576441,0.0,12.0,120000.0,0.0,0.0,2.0,0.0,1
266.0,12058,0.10025062656641603,0.09006892230576441,0.0,12.0,120000.0,0.0,0.0,1.0,0.0,3,31,0.0024752475247524753,-4.98,0.10025062656641603,0.09006892230576441,0.0,12.0,120000.0,0.0,0.0,1.0,0.0,1
266.0,12506,0.10025062656641603,0.09006892230576441,0.0,12.0,120000.0,0.0,0.0,4.0,0.0,1,6,0.0024752475247524753,-4.98,0.10025062656641603,0.09006892230576441,0.0,12.0,120000.0,0.0,0.0,4.0,0.0,1
246.0,3837,0.10840108401084012,0.09739159891598916,12.5,25.0,400000.0,20000.0,23.0,0.0,0.0,0,0,0.0024752475247524753,9.5997998,0.10024685411901103,0.09006553299754898,0.0,25.0,400000.0,20000.0,25.0,0.0,0.0,0
267.0,1442,0.09987515605493133,0.08973158551810237,0.0,8.0,80000.0,0.0,0.0,6.0,0.0,1,6,0.0024752475247524753,-4.98,0.09987515605493133,0.08973158551810237,0.0,8.0,80000.0,0.0,0.0,6.0,0.0,1
267.0,2343,0.09987515605493133,0.08973158551810237,0.0,8.0,80000.0,0.0,0.0,5.0,0.0,3,56,0.0024752475247524753,-4.98,0.09987515605493133,0.08973158551810237,0.0,8.0,80000.0,0.0,0.0,5.0,0.0,1
267.0,4213,0.09987515605493133,0.08973158551810237,0.0,25.0,400000.0,0.0,0.0,1.0,0.0,3,56,0.0024752475247524753,-4.98,0.09987515605493133,0.08973158551810237,0.0,25.0,400000.0,0.0,0.0,1.0,0.0,1
267.0,5308,0.09987515605493133,0.08973158551810237,0.0,12.0,120000.0,20000.0,11.0,2.0,0.0,1,84,0.0024752475247524753,-4.98,0.09987515605493133,0.08973158551810237,0.0,12.0,120000.0,20000.0,11.0,2.0,0.0,1
267.0,5760,0.09987515605493133,0.08973158551810237,12.5,12.0,120000.0,20000.0,7.0,2.0,0.0,1,84,0.0024752475247524753,-4.98,0.09987515605493133,0.08973158551810237,12.5,12.0,120000.0,20000.0,7.0,2.0,0.0,1
267.0,7106,0.09987515605493133,0.08973158551810237,12.5,12.0,120000.0,20000.0,15.0,5.0,0.0,1,41,0.0024752475247524753,-4.98,0.09987515605493133,0.08973158551810237,12.5,12.0,120000.0,20000.0,15.0,5.0,0.0,1
267.0,8018,0.09987515605493133,0.08973158551810237,12.5,12.0,120000.0,20000.0,23.0,2.0,0.0,3,17,0.0024752475247524753,-4.98,0.09987515605493133,0.08973158551810237,12.5,12.0,120000.0,20000.0,23.0,2.0,0.0,1
267.0,8915,0.09987515605493133,0.08973158551810237,0.0,12.0,120000.0,0.0,0.0,3.0,0.0,3,17,0.0024752475247524753,-4.98,0.09987515605493133,0.08973158551810237,0.0,12.0,120000.0,0.0,0.0,3.0,0.0,1
267.0,9815,0.09987515605493133,0.08973158551810237,0.0,12.0,120000.0,0.0,0.0,3.0,0.0,3,57,0.0024752475247524753,-4.98,0.09987515605493133,0.08973158551810237,0.0,12.0,120000.0,0.0,0.0,3.0,0.0,1
267.0,10717,0.09987515605493133,0.08973158551810237,0.0,12.0,120000.0,0.0,0.0,5.0,0.0,3,57,0.0024752475247524753,-4.98,0.09987515605493133,0.08973158551810237,0.0,12.0,120000.0,0.0,0.0,5.0,0.0,1
267.0,11596,0.09987515605493133,0.08973158551810237,0.0,12.0,120000.0,0.0,0.0,3.0,0.0,2,90,0.0024752475247524753,-4.98,0.09987515605493133,0.08973158551810237,0.0,12.0,120000.0,0.0,0.0,3.0,0.0,1
264.0,85,0.10101010101010101,0.09075126262626262,0.0,8.0,80000.0,20000.0,6.0,3.0,0.0,1,5,0.0024752475247524753,9.77,0.09950248756218905,0.08939676616915423,0.0,8.0,80000.0,20000.0,6.0,3.0,0.0,0
268.0,87,0.09950248756218905,0.08939676616915423,0.0,8.0,80000.0,20000.0,6.0,3.0,0.0,2,90,0.0024752475247524753,-4.98,0.09950248756218905,0.08939676616915423,0.0,8.0,80000.0,20000.0,6.0,3.0,0.0,1
268.0,1891,0.09950248756218905,0.08939676616915423,0.0,8.0,80000.0,0.0,0.0,3.0,0.0,3,72,0.0024752475247524753,-4.98,0.09950248756218905,0.08939676616915423,0.0,8.0,80000.0,0.0,0.0,3.0,0.0,1
268.0,3132,0.09950248756218905,0.08939676616915423,0.0,25.0,400000.0,0.0,0.0,5.0,0.0,3,72,0.0024752475247524753,-4.98,0.09950248756218905,0.08939676616915423,0.0,25.0,400000.0,0.0,0.0,5.0,0.0,1
268.0,3485,0.09950248756218905,0.08939676616915423,12.5,25.0,400000.0,20000.0,11.0,2.0,0.0,2,88,0.0024752475247524753,-4.98,0.09950248756218905,0.08939676616915423,12.5,25.0,400000.0,20000.0,11.0,2.0,0.0,1
268.0,4566,0.09950248756218905,0.08939676616915423,25.0,25.0,400000.0,20000.0,12.0,3.0,0.0,2,88,0.0024752475247524753,-4.975,0.09950248756218905,0.08939676616915423,25.0,25.0,400000.0,20000.0,12.0,3.0,0.0,1
268.0,4932,0.09950248756218905,0.08939676616915423,0.0,25.0,400000.0,0.0,0.0,5.0,0.0,2,88,0.0024752475247524753,-4.98,0.09950248756218905,0.08939676616915423,0.0,25.0,400000.0,0.0,0.0,5.0,0.0,1
268.0,6215,0.09950248756218905,0.08939676616915423,0.0,12.0,120000.0,20000.0,42.0,3.0,0.0,2,88,0.0024752475247524753,-4.98,0.09950248756218905,0.08939676616915423,0.0,12.0,120000.0,20000.0,42.0,3.0,0.0,1
268.0,6662,0.09950248756218905,0.08939676616915423,12.5,12.0,120000.0,20000.0,8.0,5.0,0.0,1,21,0.0024752475247524753,-4.98,0.09950248756218905,0.08939676616915423,12.5,12.0,120000.0,20000.0,8.0,5.0,0.0,1
268.0,10263,0.09950248756218905,0.08939676616915423,0.0,12.0,120000.0,0.0,0.0,2.0,0.0,1,21,0.0024752475247524753,-4.980500000000001,0.09950248756218905,0.08939676616915423,0.0,12.0,120000.0,0.0,0.0,2.0,0.0,1
268.0,12059,0.09950248756218905,0.08939676616915423,0.0,12.0,120000.0,0.0,0.0,1.0,0.0,2,33,0.0024752475247524753,-4.98,0.09950248756218905,0.08939676616915423,0.0,12.0,120000.0,0.0,0.0,1.0,0.0,1
268.0,12507,0.09950248756218905,0.08939676616915423,0.0,12.0,120000.0,0.0,0.0,4.0,0.0,2,11,0.0024752475247524753,-4.98,0.09950248756218905,0.08939676616915423,0.0,12.0,120000.0,0.0,0.0,4.0,0.0,1
264.0,987,0.10101010101010101,0.09075126262626262,12.5,8.0,80000.0,20000.0,55.0,1.0,0.0,1,38,0.0024752475247524753,9.768874374999998,0.09949877120883159,0.08939342725793463,25.0,8.0,80000.0,20000.0,57.0,1.0,0.0,0
263.0,5758,0.10139416983523447,0.09109632446134347,0.0,12.0,120000.0,20000.0,6.0,2.0,0.0,0,0,0.0024752475247524753,9.75,0.09913258983890955,0.0890644361833953,0.0,12.0,120000.0,20000.0,6.0,2.0,0.0,0
269.0,1443,0.09913258983890955,0.0890644361833953,0.0,8.0,80000.0,0.0,0.0,6.0,0.0,2,11,0.0024752475247524753,-4.98,0.09913258983890955,0.0890644361833953,0.0,8.0,80000.0,0.0,0.0,6.0,0.0,1
269.0,2344,0.09913258983890955,0.0890644361833953,0.0,8.0,80000.0,0.0,0.0,5.0,0.0,1,5,0.0024752475247524753,-4.98,0.09913258983890955,0.0890644361833953,0.0,8.0,80000.0,0.0,0.0,5.0,0.0,1
269.0,2768,0.09913258983890955,0.0890644361833953,12.5,25.0,400000.0,20000.0,10.0,4.0,0.0,1,5,0.0024752475247524753,-4.98,0.09913258983890955,0.0890644361833953,12.5,25.0,400000.0,20000.0,10.0,4.0,0.0,1
269.0,5309,0.09913258983890955,0.0890644361833953,0.0,12.0,120000.0,20000.0,11.0,2.0,0.0,2,56,0.0024752475247524753,-4.98,0.09913258983890955,0.0890644361833953,0.0,12.0,120000.0,20000.0,12.0,2.0,0.0,1
269.0,5761,0.09913258983890955,0.0890644361833953,0.0,12.0,120000.0,20000.0,6.0,2.0,0.0,2,56,0.0024752475247524753,-4.98,0.09913258983890955,0.0890644361833953,0.0,12.0,120000.0,20000.0,6.0,2.0,0.0,1
269.0,7107,0.09913258983890955,0.0890644361833953,12.5,12.0,120000.0,20000.0,15.0,5.0,0.0,2,100,0.0024752475247524753,-4.98,0.09913258983890955,0.0890644361833953,12.5,12.0,120000.0,20000.0,15.0,5.0,0.0,1
269.0,7559,0.09913258983890955,0.0890644361833953,12.5,12.0,120000.0,20000.0,16.0,4.0,0.0,2,100,0.0024752475247524753,-4.98,0.09913258983890955,0.0890644361833953,12.5,12.0,120000.0,20000.0,16.0,4.0,0.0,1
269.0,8019,0.09913258983890955,0.0890644361833953,12.5,12.0,120000.0,20000.0,23.0,2.0,0.0,3,16,0.0024752475247524753,-4.98,0.09913258983890955,0.0890644361833953,12.5,12.0,120000.0,20000.0,23.0,2.0,0.0,1
269.0,8916,0.09913258983890955,0.0890644361833953,0.0,12.0,120000.0,0.0,0.0,3.0,0.0,3,16,0.0024752475247524753,-4.98,0.09913258983890955,0.0890644361833953,0.0,12.0,120000.0,0.0,0.0,3.0,0.0,1
269.0,9816,0.09913258983890955,0.0890644361833953,0.0,12.0,120000.0,0.0,0.0,3.0,0.0,1,58,0.0024752475247524753,-4.98,0.09913258983890955,0.0890644361833953,0.0,12.0,120000.0,0.0,0.0,3.0,0.0,1
269.0,10718,0.09913258983890955,0.0890644361833953,0.0,12.0,120000.0,0.0,0.0,5.0,0.0,1,58,0.0024752475247524753,-4.98,0.09913258983890955,0.0890644361833953,0.0,12.0,120000.0,0.0,0.0,5.0,0.0,1
269.0,11597,0.09913258983890955,0.0890644361833953,0.0,12.0,120000.0,0.0,0.0,3.0,0.0,1,58,0.0024752475247524753,-4.98,0.09913258983890955,0.0890644361833953,0.0,12.0,120000.0,0.0,0.0,3.0,0.0,1
263.0,7104,0.10139416983523447,0.09109632446134347,12.5,12.0,120000.0,20000.0,15.0,5.0,0.0,0,0,0.0024752475247524753,9.749582916666666,0.09912890106456138,0.08906112205019186,0.0,12.0,120000.0,20000.0,14.0,5.0,0.0,0
263.0,8468,0.10139416983523447,0.09109632446134347,12.5,12.0,120000.0,20000.0,36.0,1.0,0.0,0,0,0.0024752475247524753,9.749332916666667,0.09912890106456138,0.08906112205019186,12.5,12.0,120000.0,20000.0,37.0,1.0,0.0,0
266.0,530,0.10025062656641603,0.09006892230576441,0.0,8.0,80000.0,20000.0,23.0,4.0,0.0,1,53,0.0024752475247524753,9.76975,0.09876543209876544,0.08873456790123457,12.5,8.0,80000.0,20000.0,24.0,4.0,0.0,0
270.0,88,0.09876543209876544,0.08873456790123457,0.0,8.0,80000.0,20000.0,7.0,3.0,0.0,1,58,0.0024752475247524753,-4.98,0.09876543209876544,0.08873456790123457,0.0,8.0,80000.0,20000.0,7.0,3.0,0.0,1
270.0,532,0.09876543209876544,0.08873456790123457,12.5,8.0,80000.0,20000.0,24.0,4.0,0.0,2,18,0.0024752475247524753,-4.98,0.09876543209876544,0.08873456790123457,12.5,8.0,80000.0,20000.0,24.0,4.0,0.0,1
270.0,990,0.09876543209876544,0.08873456790123457,25.0,8.0,80000.0,20000.0,57.0,1.0,0.0,2,18,0.0024752475247524753,-4.975,0.09876543209876544,0.08873456790123457,25.0,8.0,80000.0,20000.0,57.0,1.0,0.0,1
270.0,1892,0.09876543209876544,0.08873456790123457,0.0,8.0,80000.0,0.0,0.0,3.0,0.0,2,63,0.0024752475247524753,-4.98,0.09876543209876544,0.08873456790123457,0.0,8.0,80000.0,0.0,0.0,3.0,0.0,1
270.0,4214,0.09876543209876544,0.08873456790123457,0.0,25.0,400000.0,0.0,0.0,1.0,0.0,2,63,0.0024752475247524753,-4.98,0.09876543209876544,0.08873456790123457,0.0,25.0,400000.0,0.0,0.0,1.0,0.0,1
270.0,10264,0.09876543209876544,0.08873456790123457,0.0,12.0,120000.0,0.0,0.0,2.0,0.0,1,100,0.0024752475247524753,-4.98025,0.09876543209876544,0.08873456790123457,0.0,12.0,120000.0,0.0,0.0,2.0,0.0,1
270.0,12060,0.09876543209876544,0.08873456790123457,0.0,12.0,120000.0,0.0,0.0,1.0,0.0,1,100,0.0024752475247524753,-4.98025,0.09876543209876544,0.08873456790123457,0.0,12.0,120000.0,0.0,0.0,1.0,0.0,1
270.0,12508,0.09876543209876544,0.08873456790123457,0.0,12.0,120000.0,0.0,0.0,4.0,0.0,2,76,0.0024752475247524753,-4.98,0.09876543209876544,0.08873456790123457,0.0,12.0,120000.0,0.0,0.0,4.0,0.0,1
264.0,6660,0.10101010101010101,0.09075126262626262,0.0,12.0,120000.0,20000.0,7.0,5.0,0.0,1,74,0.0024752475247524753,9.769332916666666,0.0987617705975666,0.08873127827125124,12.5,12.0,120000.0,20000.0,8.0,5.0,0.0,0
266.0,988,0.10025062656641603,0.09006892230576441,12.5,8.0,80000.0,20000.0,56.0,1.0,0.0,1,53,0.0024752475247524753,9.769124374999999,0.0987617705975666,0.08873127827125124,12.5,8.0,80000.0,20000.0,56.0,1.0,0.0,0
250.0,4559,0.10666666666666667,0.09583333333333333,25.0,25.0,400000.0,20000.0,12.0,3.0,0.0,0,0,0.0024752475247524753,9.5997998,0.0987617705975666,0.08873127827125124,0.0,25.0,400000.0,20000.0,10.0,3.0,0.0,0
250.0,4560,0.10666666666666667,0.09583333333333333,25.0,25.0,400000.0,20000.0,13.0,3.0,0.0,0,0,0.0024752475247524753,9.5997998,0.0987617705975666,0.08873127827125124,0.0,25.0,400000.0,20000.0,10.0,3.0,0.0,0
265.0,8017,0.10062893081761005,0.09040880503144655,0.0,12.0,120000.0,20000.0,22.0,2.0,0.0,0,0,0.0024752475247524753,9.75,0.09840098400984008,0.08840713407134071,0.0,12.0,120000.0,20000.0,23.0,2.0,0.0,0
271.0,1444,0.09840098400984008,0.08840713407134071,0.0,8.0,80000.0,0.0,0.0,6.0,0.0,2,76,0.0024752475247524753,-4.98,0.09840098400984008,0.08840713407134071,0.0,8.0,80000.0,0.0,0.0,6.0,0.0,1
271.0,2345,0.09840098400984008,0.08840713407134071,0.0,8.0,80000.0,0.0,0.0,5.0,0.0,1,89,0.0024752475247524753,-4.98,0.09840098400984008,0.08840713407134071,0.0,8.0,80000.0,0.0,0.0,5.0,0.0,1
271.0,3133,0.09840098400984008,0.08840713407134071,0.0,25.0,400000.0,0.0,0.0,5.0,0.0,1,89,0.0024752475247524753,-4.98,0.09840098400984008,0.08840713407134071,0.0,25.0,400000.0,0.0,0.0,5.0,0.0,1
271.0,3486,0.09840098400984008,0.08840713407134071,12.5,25.0,400000.0,20000.0,11.0,2.0,0.0,3,86,0.0024752475247524753,-4.98,0.09840098400984008,0.08840713407134071,12.5,25.0,400000.0,20000.0,11.0,2.0,0.0,1
271.0,3840,0.09840098400984008,0.08840713407134071,0.0,25.0,400000.0,20000.0,25.0,0.0,0.0,3,86,0.0024752475247524753,-4.98,0.09840098400984008,0.08840713407134071,0.0,25.0,400000.0,20000.0,25.0,0.0,0.0,1
271.0,4933,0.09840098400984008,0.08840713407134071,0.0,25.0,400000.0,0.0,0.0,5.0,0.0,2,86,0.0024752475247524753,-4.98,0.09840098400984008,0.08840713407134071,0.0,25.0,400000.0,0.0,0.0,5.0,0.0,1
271.0,7108,0.09840098400984008,0.08840713407134071,0.0,12.0,120000.0,20000.0,14.0,5.0,0.0,2,18,0.0024752475247524753,-4.98,0.09840098400984008,0.08840713407134071,0.0,12.0,120000.0,20000.0,14.0,5.0,0.0,1
271.0,7560,0.09840098400984008,0.08840713407134071,12.5,12.0,120000.0,20000.0,16.0,4.0,0.0,2,18,0.0024752475247524753,-4.98,0.09840098400984008,0.08840713407134071,12.5,12.0,120000.0,20000.0,16.0,4.0,0.0,1
271.0,8917,0.09840098400984008,0.08840713407134071,0.0,12.0,120000.0,0.0,0.0,3.0,0.0,1,92,0.0024752475247524753,-4.98025,0.09840098400984008,0.08840713407134071,0.0,12.0,120000.0,0.0,0.0,3.0,0.0,1
271.0,9817,0.09840098400984008,0.08840713407134071,0.0,12.0,120000.0,0.0,0.0,3.0,0.0,1,92,0.0024752475247524753,-4.98025,0.09840098400984008,0.08840713407134071,0.0,12.0,120000.0,0.0,0.0,3.0,0.0,1
271.0,10719,0.09840098400984008,0.08840713407134071,0.0,12.0,120000.0,0.0,0.0,5.0,0.0,1,92,0.0024752475247524753,-4.98,0.09840098400984008,0.08840713407134071,0.0,12.0,120000.0,0.0,0.0,5.0,0.0,1
271.0,11598,0.09840098400984008,0.08840713407134071,0.0,12.0,120000.0,0.0,0.0,3.0,0.0,1,92,0.0024752475247524753,-4.98,0.09840098400984008,0.08840713407134071,0.0,12.0,120000.0,0.0,0.0,3.0,0.0,1
265.0,8469,0.10062893081761005,0.09040880503144655,25.0,12.0,120000.0,20000.0,37.0,1.0,0.0,0,0,0.0024752475247524753,9.749582916666666,0.09839734948043678,0.0884038686738299,0.0,12.0,120000.0,20000.0,39.0,1.0,0.0,0
251.0,2762,0.10624169986719788,0.09545152722443559,12.5,25.0,400000.0,20000.0,10.0,4.0,0.0,0,0,0.0024752475247524753,9.5997998,0.09839734948043678,0.0884038686738299,0.0,25.0,400000.0,20000.0,9.0,4.0,0.0,0
272.0,89,0.09803921568627451,0.08808210784313726,0.0,8.0,80000.0,20000.0,8.0,3.0,0.0,3,73,0.0024752475247524753,-4.98,0.09803921568627451,0.08808210784313726,0.0,8.0,80000.0,20000.0,8.0,3.0,0.0,1
272.0,533,0.09803921568627451,0.08808210784313726,12.5,8.0,80000.0,20000.0,24.0,4.0,0.0,3,73,0.0024752475247524753,-4.98,0.09803921568627451,0.08808210784313726,12.5,8.0,80000.0,20000.0,24.0,4.0,0.0,1
272.0,1893,0.09803921568627451,0.08808210784313726,0.0,8.0,80000.0,0.0,0.0,3.0,0.0,2,73,0.0024752475247524753,-4.98,0.09803921568627451,0.08808210784313726,0.0,8.0,80000.0,0.0,0.0,3.0,0.0,1
272.0,6217,0.09803921568627451,0.08808210784313726,12.5,12.0,120000.0,20000.0,44.0,3.0,0.0,2,8,0.0024752475247524753,-4.98,0.09803921568627451,0.08808210784313726,12.5,12.0,120000.0,20000.0,44.0,3.0,0.0,1
272.0,6664,0.09803921568627451,0.08808210784313726,12.5,12.0,120000.0,20000.0,8.0,5.0,0.0,1,15,0.0024752475247524753,-4.98,0.09803921568627451,0.08808210784313726,12.5,12.0,120000.0,20000.0,8.0,5.0,0.0,1
272.0,10265,0.09803921568627451,0.08808210784313726,0.0,12.0,120000.0,0.0,0.0,2.0,0.0,3,65,0.0024752475247524753,-4.98,0.09803921568627451,0.08808210784313726,0.0,12.0,120000.0,0.0,0.0,2.0,0.0,1
272.0,12061,0.09803921568627451,0.08808210784313726,0.0,12.0,120000.0,0.0,0.0,1.0,0.0,3,65,0.0024752475247524753,-4.98,0.09803921568627451,0.08808210784313726,0.0,12.0,120000.0,0.0,0.0,1.0,0.0,1
272.0,12509,0.09803921568627451,0.08808210784313726,0.0,12.0,120000.0,0.0,0.0,4.0,0.0,3,23,0.0024752475247524753,-4.98,0.09803921568627451,0.08808210784313726,0.0,12.0,120000.0,0.0,0.0,4.0,0.0,1
268.0,531,0.09950248756218905,0.08939676616915423,12.5,8.0,80000.0,20000.0,24.0,4.0,0.0,0,0,0.0024752475247524753,9.749374374999999,0.09803560783173629,0.08807886641132556,0.0,8.0,80000.0,20000.0,23.0,4.0,0.0,0
268.0,989,0.09950248756218905,0.08939676616915423,25.0,8.0,80000.0,20000.0,57.0,1.0,0.0,0,0,0.0024752475247524753,9.749124375,0.09803560783173629,0.08807886641132556,12.5,8.0,80000.0,20000.0,56.0,1.0,0.0,0
267.0,7558,0.09987515605493133,0.08973158551810237,0.0,12.0,120000.0,20000.0,15.0,4.0,0.0,1,41,0.0024752475247524753,9.77,0.09768009768009768,0.08775946275946277,0.0,12.0,120000.0,20000.0,16.0,4.0,0.0,0
273.0,1445,0.09768009768009768,0.08775946275946277,0.0,8.0,80000.0,0.0,0.0,6.0,0.0,3,23,0.0024752475247524753,-4.98,0.09768009768009768,0.08775946275946277,0.0,8.0,80000.0,0.0,0.0,6.0,0.0,1
273.0,2346,0.09768009768009768,0.08775946275946277,0.0,8.0,80000.0,0.0,0.0,5.0,0.0,1,49,0.0024752475247524753,-4.98,0.09768009768009768,0.08775946275946277,0.0,8.0,80000.0,0.0,0.0,5.0,0.0,1
273.0,4215,0.09768009768009768,0.08775946275946277,0.0,25.0,400000.0,0.0,0.0,1.0,0.0,1,49,0.0024752475247524753,-4.98,0.09768009768009768,0.08775946275946277,0.0,25.0,400000.0,0.0,0.0,1.0,0.0,1
273.0,5311,0.09768009768009768,0.08775946275946277,12.5,12.0,120000.0,20000.0,13.0,2.0,0.0,3,7,0.0024752475247524753,-4.98,0.09768009768009768,0.08775946275946277,12.5,12.0,120000.0,20000.0,13.0,2.0,0.0,1
273.0,5763,0.09768009768009768,0.08775946275946277,12.5,12.0,120000.0,20000.0,8.0,2.0,0.0,3,7,0.0024752475247524753,-4.98,0.09768009768009768,0.08775946275946277,12.5,12.0,120000.0,20000.0,8.0,2.0,0.0,1
273.0,8918,0.09768009768009768,0.08775946275946277,0.0,12.0,120000.0,0.0,0.0,3.0,0.0,1,75,0.0024752475247524753,-4.98,0.09768009768009768,0.08775946275946277,0.0,12.0,120000.0,0.0,0.0,3.0,0.0,1
273.0,9345,0.09768009768009768,0.08775946275946277,0.0,12.0,120000.0,0.0,0.0,7.0,0.0,1,75,0.0024752475247524753,-4.98,0.09768009768009768,0.08775946275946277,0.0,12.0,120000.0,0.0,0.0,7.0,0.0,1
273.0,9818,0.09768009768009768,0.08775946275946277,0.0,12.0,120000.0,0.0,0.0,3.0,0.0,1,38,0.0024752475247524753,-4.98,0.09768009768009768,0.08775946275946277,0.0,12.0,120000.0,0.0,0.0,3.0,0.0,1
273.0,11599,0.09768009768009768,0.08775946275946277,0.0,12.0,120000.0,0.0,0.0,3.0,0.0,1,38,0.0024752475247524753,-4.98,0.09768009768009768,0.08775946275946277,0.0,12.0,120000.0,0.0,0.0,3.0,0.0,1
274.0,992,0.09732360097323602,0.08743917274939172,12.5,8.0,80000.0,20000.0,56.0,1.0,0.0,2,72,0.0024752475247524753,-4.98,0.09732360097323602,0.08743917274939172,12.5,8.0,80000.0,20000.0,56.0,1.0,0.0,1
274.0,1894,0.09732360097323602,0.08743917274939172,0.0,8.0,80000.0,0.0,0.0,3.0,0.0,2,72,0.0024752475247524753,-4.98,0.09732360097323602,0.08743917274939172,0.0,8.0,80000.0,0.0,0.0,3.0,0.0,1
274.0,3134,0.09732360097323602,0.08743917274939172,0.0,25.0,400000.0,0.0,0.0,5.0,0.0,2,72,0.0024752475247524753,-4.98,0.09732360097323602,0.08743917274939172,0.0,25.0,400000.0,0.0,0.0,5.0,0.0,1
274.0,3487,0.09732360097323602,0.08743917274939172,12.5,25.0,400000.0,20000.0,11.0,2.0,0.0,2,72,0.0024752475247524753,-4.98,0.09732360097323602,0.08743917274939172,12.5,25.0,400000.0,20000.0,11.0,2.0,0.0,1
274.0,3841,0.09732360097323602,0.08743917274939172,0.0,25.0,400000.0,20000.0,26.0,0.0,0.0,2,72,0.0024752475247524753,-4.98,0.09732360097323602,0.08743917274939172,0.0,25.0,400000.0,20000.0,26.0,0.0,0.0,1
274.0,4568,0.09732360097323602,0.08743917274939172,12.5,25.0,400000.0,20000.0,12.0,3.0,0.0,2,72,0.0024752475247524753,-4.98,0.09732360097323602,0.08743917274939172,12.5,25.0,400000.0,20000.0,12.0,3.0,0.0,1
274.0,4934,0.09732360097323602,0.08743917274939172,0.0,25.0,400000.0,0.0,0.0,5.0,0.0,2,72,0.0024752475247524753,-4.98,0.09732360097323602,0.08743917274939172,0.0,25.0,400000.0,0.0,0.0,5.0,0.0,1
274.0,6218,0.09732360097323602,0.08743917274939172,12.5,12.0,120000.0,20000.0,44.0,3.0,0.0,2,72,0.0024752475247524753,-4.98,0.09732360097323602,0.08743917274939172,12.5,12.0,120000.0,20000.0,44.0,3.0,0.0,1
274.0,6665,0.09732360097323602,0.08743917274939172,12.5,12.0,120000.0,20000.0,8.0,5.0,0.0,1,4,0.0024752475247524753,-4.98,0.09732360097323602,0.08743917274939172,12.5,12.0,120000.0,20000.0,8.0,5.0,0.0,1
274.0,10266,0.09732360097323602,0.08743917274939172,0.0,12.0,120000.0,0.0,0.0,2.0,0.0,1,4,0.0024752475247524753,-4.98,0.09732360097323602,0.08743917274939172,0.0,12.0,120000.0,0.0,0.0,2.0,0.0,1
274.0,12062,0.09732360097323602,0.08743917274939172,0.0,12.0,120000.0,0.0,0.0,1.0,0.0,1,8,0.0024752475247524753,-4.98,0.09732360097323602,0.08743917274939172,0.0,12.0,120000.0,0.0,0.0,1.0,0.0,1
274.0,12510,0.09732360097323602,0.08743917274939172,0.0,12.0,120000.0,0.0,0.0,4.0,0.0,1,8,0.0024752475247524753,-4.98,0.09732360097323602,0.08743917274939172,0.0,12.0,120000.0,0.0,0.0,4.0,0.0,1
275.0,1446,0.09696969696969697,0.08712121212121211,0.0,8.0,80000.0,0.0,0.0,6.0,0.0,2,77,0.0024752475247524753,-4.98,0.09696969696969697,0.08712121212121211,0.0,8.0,80000.0,0.0,0.0,6.0,0.0,1
275.0,2347,0.09696969696969697,0.08712121212121211,0.0,8.0,80000.0,0.0,0.0,5.0,0.0,2,57,0.0024752475247524753,-4.98,0.09696969696969697,0.08712121212121211,0.0,8.0,80000.0,0.0,0.0,5.0,0.0,1
275.0,2770,0.09696969696969697,0.08712121212121211,12.5,25.0,400000.0,20000.0,10.0,4.0,0.0,2,57,0.0024752475247524753,-4.98,0.09696969696969697,0.08712121212121211,12.5,25.0,400000.0,20000.0,10.0,4.0,0.0,1
275.0,8919,0.09696969696969697,0.08712121212121211,0.0,12.0,120000.0,0.0,0.0,3.0,0.0,2,62,0.0024752475247524753,-4.98,0.09696969696969697,0.08712121212121211,0.0,12.0,120000.0,0.0,0.0,3.0,0.0,1
275.0,9346,0.09696969696969697,0.08712121212121211,0.0,12.0,120000.0,0.0,0.0,7.0,0.0,2,62,0.0024752475247524753,-4.98,0.09696969696969697,0.08712121212121211,0.0,12.0,120000.0,0.0,0.0,7.0,0.0,1
275.0,9819,0.09696969696969697,0.08712121212121211,0.0,12.0,120000.0,0.0,0.0,3.0,0.0,3,59,0.0024752475247524753,-4.98,0.09696969696969697,0.08712121212121211,0.0,12.0,120000.0,0.0,0.0,3.0,0.0,1
275.0,11600,0.09696969696969697,0.08712121212121211,0.0,12.0,120000.0,0.0,0.0,3.0,0.0,3,59,0.0024752475247524753,-4.98,0.09696969696969697,0.08712121212121211,0.0,12.0,120000.0,0.0,0.0,3.0,0.0,1
270.0,6216,0.09876543209876544,0.08873456790123457,0.0,12.0,120000.0,20000.0,43.0,3.0,0.0,0,0,0.0024752475247524753,9.75,0.0966183574879227,0.08680555555555555,0.0,12.0,120000.0,20000.0,43.0,3.0,0.0,0
276.0,91,0.0966183574879227,0.08680555555555555,12.5,8.0,80000.0,20000.0,10.0,3.0,0.0,3,68,0.0024752475247524753,-4.98,0.0966183574879227,0.08680555555555555,12.5,8.0,80000.0,20000.0,10.0,3.0,0.0,1
276.0,535,0.0966183574879227,0.08680555555555555,12.5,8.0,80000.0,20000.0,24.0,4.0,0.0,3,68,0.0024752475247524753,-4.98,0.0966183574879227,0.08680555555555555,12.5,8.0,80000.0,20000.0,24.0,4.0,0.0,1
276.0,993,0.0966183574879227,0.08680555555555555,12.5,8.0,80000.0,20000.0,56.0,1.0,0.0,2,81,0.0024752475247524753,-4.98,0.0966183574879227,0.08680555555555555,12.5,8.0,80000.0,20000.0,56.0,1.0,0.0,1
276.0,1895,0.0966183574879227,0.08680555555555555,0.0,8.0,80000.0,0.0,0.0,3.0,0.0,2,81,0.0024752475247524753,-4.98,0.0966183574879227,0.08680555555555555,0.0,8.0,80000.0,0.0,0.0,3.0,0.0,1
276.0,4216,0.0966183574879227,0.08680555555555555,0.0,25.0,400000.0,0.0,0.0,1.0,0.0,1,29,0.0024752475247524753,-4.98,0.0966183574879227,0.08680555555555555,0.0,25.0,400000.0,0.0,0.0,1.0,0.0,1
276.0,6219,0.0966183574879227,0.08680555555555555,0.0,12.0,120000.0,20000.0,43.0,3.0,0.0,1,29,0.0024752475247524753,-4.98025,0.0966183574879227,0.08680555555555555,0.0,12.0,120000.0,20000.0,43.0,3.0,0.0,1
276.0,6666,0.0966183574879227,0.08680555555555555,12.5,12.0,120000.0,20000.0,8.0,5.0,0.0,1,31,0.0024752475247524753,-4.98,0.0966183574879227,0.08680555555555555,12.5,12.0,120000.0,20000.0,8.0,5.0,0.0,1
276.0,10267,0.0966183574879227,0.08680555555555555,0.0,12.0,120000.0,0.0,0.0,2.0,0.0,1,31,0.0024752475247524753,-4.98,0.0966183574879227,0.08680555555555555,0.0,12.0,120000.0,0.0,0.0,2.0,0.0,1
276.0,12063,0.0966183574879227,0.08680555555555555,0.0,12.0,120000.0,0.0,0.0,1.0,0.0,1,31,0.0024752475247524753,-4.98,0.0966183574879227,0.08680555555555555,0.0,12.0,120000.0,0.0,0.0,1.0,0.0,1
276.0,12511,0.0966183574879227,0.08680555555555555,0.0,12.0,120000.0,0.0,0.0,4.0,0.0,1,31,0.0024752475247524753,-4.98,0.0966183574879227,0.08680555555555555,0.0,12.0,120000.0,0.0,0.0,4.0,0.0,1
270.0,6663,0.09876543209876544,0.08873456790123457,12.5,12.0,120000.0,20000.0,8.0,5.0,0.0,0,0,0.0024752475247524753,9.749582916666666,0.09661485344921608,0.08680240739578007,0.0,12.0,120000.0,20000.0,7.0,5.0,0.0,0
272.0,991,0.09803921568627451,0.08808210784313726,12.5,8.0,80000.0,20000.0,56.0,1.0,0.0,0,0,0.0024752475247524753,9.749374374999999,0.09661485344921608,0.08680240739578007,0.0,8.0,80000.0,20000.0,55.0,1.0,0.0,0
271.0,5310,0.09840098400984008,0.08840713407134071,0.0,12.0,120000.0,20000.0,12.0,2.0,0.0,0,0,0.0024752475247524753,9.74975,0.09626955475330926,0.08649217809867629,12.5,12.0,120000.0,20000.0,13.0,2.0,0.0,0
271.0,5762,0.09840098400984008,0.08840713407134071,0.0,12.0,120000.0,20000.0,7.0,2.0,0.0,0,0,0.0024752475247524753,9.74975,0.09626955475330926,0.08649217809867629,12.5,12.0,120000.0,20000.0,8.0,2.0,0.0,0
277.0,1447,0.09626955475330926,0.08649217809867629,0.0,8.0,80000.0,0.0,0.0,6.0,0.0,1,82,0.0024752475247524753,-4.98,0.09626955475330926,0.08649217809867629,0.0,8.0,80000.0,0.0,0.0,6.0,0.0,1
277.0,2348,0.09626955475330926,0.08649217809867629,0.0,8.0,80000.0,0.0,0.0,5.0,0.0,1,82,0.0024752475247524753,-4.98,0.09626955475330926,0.08649217809867629,0.0,8.0,80000.0,0.0,0.0,5.0,0.0,1
277.0,3135,0.09626955475330926,0.08649217809867629,0.0,25.0,400000.0,0.0,0.0,5.0,0.0,1,91,0.0024752475247524753,-4.98,0.09626955475330926,0.08649217809867629,0.0,25.0,400000.0,0.0,0.0,5.0,0.0,1
277.0,3488,0.09626955475330926,0.08649217809867629,12.5,25.0,400000.0,20000.0,11.0,2.0,0.0,1,91,0.0024752475247524753,-4.98,0.09626955475330926,0.08649217809867629,12.5,25.0,400000.0,20000.0,11.0,2.0,0.0,1
277.0,4935,0.09626955475330926,0.08649217809867629,0.0,25.0,400000.0,0.0,0.0,5.0,0.0,2,91,0.0024752475247524753,-4.98,0.09626955475330926,0.08649217809867629,0.0,25.0,400000.0,0.0,0.0,5.0,0.0,1
277.0,5313,0.09626955475330926,0.08649217809867629,12.5,12.0,120000.0,20000.0,13.0,2.0,0.0,2,62,0.0024752475247524753,-4.98,0.09626955475330926,0.08649217809867629,12.5,12.0,120000.0,20000.0,13.0,2.0,0.0,1
277.0,5765,0.09626955475330926,0.08649217809867629,12.5,12.0,120000.0,20000.0,8.0,2.0,0.0,2,62,0.0024752475247524753,-4.98,0.09626955475330926,0.08649217809867629,12.5,12.0,120000.0,20000.0,8.0,2.0,0.0,1
277.0,7111,0.09626955475330926,0.08649217809867629,25.0,12.0,120000.0,20000.0,17.0,5.0,0.0,2,9,0.0024752475247524753,-4.975,0.09626955475330926,0.08649217809867629,25.0,12.0,120000.0,20000.0,17.0,5.0,0.0,1
277.0,7563,0.09626955475330926,0.08649217809867629,25.0,12.0,120000.0,20000.0,17.0,4.0,0.0,2,9,0.0024752475247524753,-4.975,0.09626955475330926,0.08649217809867629,25.0,12.0,120000.0,20000.0,17.0,4.0,0.0,1
277.0,9347,0.09626955475330926,0.08649217809867629,0.0,12.0,120000.0,0.0,0.0,7.0,0.0,1,61,0.0024752475247524753,-4.98,0.09626955475330926,0.08649217809867629,0.0,12.0,120000.0,0.0,0.0,7.0,0.0,1
277.0,11601,0.09626955475330926,0.08649217809867629,0.0,12.0,120000.0,0.0,0.0,3.0,0.0,1,61,0.0024752475247524753,-4.98025,0.09626955475330926,0.08649217809867629,0.0,12.0,120000.0,0.0,0.0,3.0,0.0,1
274.0,534,0.09732360097323602,0.08743917274939172,0.0,8.0,80000.0,20000.0,23.0,4.0,0.0,0,0,0.0024752475247524753,9.75,0.09592326139088729,0.08618105515587529,0.0,8.0,80000.0,20000.0,24.0,4.0,0.0,0
274.0,90,0.09732360097323602,0.08743917274939172,0.0,8.0,80000.0,20000.0,9.0,3.0,0.0,0,0,0.0024752475247524753,9.75,0.09592326139088729,0.08618105515587529,0.0,8.0,80000.0,20000.0,10.0,3.0,0.0,0
278.0,92,0.09592326139088729,0.08618105515587529,0.0,8.0,80000.0,20000.0,10.0,3.0,0.0,1,67,0.0024752475247524753,-4.98,0.09592326139088729,0.08618105515587529,0.0,8.0,80000.0,20000.0,10.0,3.0,0.0,1
278.0,100,0.09592326139088729,0.08618105515587529,0.0,8.0,80000.0,20000.0,10.0,3.0,0.0,1,67,0.0024752475247524753,-4.98,0.09592326139088729,0.08618105515587529,0.0,8.0,80000.0,20000.0,10.0,3.0,0.0,1
278.0,994,0.09592326139088729,0.08618105515587529,0.0,8.0,80000.0,20000.0,55.0,1.0,0.0,1,20,0.0024752475247524753,-4.98,0.09592326139088729,0.08618105515587529,0.0,8.0,80000.0,20000.0,55.0,1.0,0.0,1
278.0,1896,0.09592326139088729,0.08618105515587529,0.0,8.0,80000.0,0.0,0.0,3.0,0.0,3,74,0.0024752475247524753,-4.98,0.09592326139088729,0.08618105515587529,0.0,8.0,80000.0,0.0,0.0,3.0,0.0,1
278.0,1900,0.09592326139088729,0.08618105515587529,0.0,8.0,80000.0,0.0,0.0,3.0,0.0,3,74,0.0024752475247524753,-4.98,0.09592326139088729,0.08618105515587529,0.0,8.0,80000.0,0.0,0.0,3.0,0.0,1
278.0,2350,0.09592326139088729,0.08618105515587529,0.0,8.0,80000.0,0.0,0.0,5.0,0.0,3,74,0.0024752475247524753,-4.98,0.09592326139088729,0.08618105515587529,0.0,8.0,80000.0,0.0,0.0,5.0,0.0,1
278.0,2771,0.09592326139088729,0.08618105515587529,12.5,25.0,400000.0,20000.0,10.0,4.0,0.0,3,74,0.0024752475247524753,-4.98,0.09592326139088729,0.08618105515587529,12.5,25.0,400000.0,20000.0,10.0,4.0,0.0,1
278.0,6667,0.09592326139088729,0.08618105515587529,0.0,12.0,120000.0,20000.0,9.0,5.0,0.0,2,51,0.0024752475247524753,-4.98,0.09592326139088729,0.08618105515587529,0.0,12.0,120000.0,20000.0,9.0,5.0,0.0,1
278.0,10268,0.09592326139088729,0.08618105515587529,0.0,12.0,120000.0,0.0,0.0,2.0,0.0,2,51,0.0024752475247524753,-4.98,0.09592326139088729,0.08618105515587529,0.0,12.0,120000.0,0.0,0.0,2.0,0.0,1
278.0,12064,0.09592326139088729,0.08618105515587529,0.0,12.0,120000.0,0.0,0.0,1.0,0.0,3,12,0.0024752475247524753,-4.98,0.09592326139088729,0.08618105515587529,0.0,12.0,120000.0,0.0,0.0,1.0,0.0,1
278.0,12512,0.09592326139088729,0.08618105515587529,0.0,12.0,120000.0,0.0,0.0,4.0,0.0,3,12,0.0024752475247524753,-4.98,0.09592326139088729,0.08618105515587529,0.0,12.0,120000.0,0.0,0.0,4.0,0.0,1
273.0,7109,0.09768009768009768,0.08775946275946277,0.0,12.0,120000.0,20000.0,15.0,5.0,0.0,1,15,0.0024752475247524753,9.76975,0.09557945041816009,0.08587216248506571,12.5,12.0,120000.0,20000.0,17.0,5.0,0.0,0
279.0,1448,0.09557945041816009,0.08587216248506571,0.0,8.0,80000.0,0.0,0.0,6.0,0.0,3,12,0.0024752475247524753,-4.98,0.09557945041816009,0.08587216248506571,0.0,8.0,80000.0,0.0,0.0,6.0,0.0,1
279.0,2349,0.09557945041816009,0.08587216248506571,0.0,8.0,80000.0,0.0,0.0,5.0,0.0,3,12,0.0024752475247524753,-4.98,0.09557945041816009,0.08587216248506571,0.0,8.0,80000.0,0.0,0.0,5.0,0.0,1
279.0,4217,0.09557945041816009,0.08587216248506571,0.0,25.0,400000.0,0.0,0.0,1.0,0.0,3,12,0.0024752475247524753,-4.98,0.09557945041816009,0.08587216248506571,0.0,25.0,400000.0,0.0,0.0,1.0,0.0,1
279.0,5314,0.09557945041816009,0.08587216248506571,12.5,12.0,120000.0,20000.0,13.0,2.0,0.0,3,12,0.0024752475247524753,-4.98,0.09557945041816009,0.08587216248506571,12.5,12.0,120000.0,20000.0,13.0,2.0,0.0,1
279.0,9348,0.09557945041816009,0.08587216248506571,0.0,12.0,120000.0,0.0,0.0,7.0,0.0,1,12,0.0024752475247524753,-4.98,0.09557945041816009,0.08587216248506571,0.0,12.0,120000.0,0.0,0.0,7.0,0.0,1
279.0,11602,0.09557945041816009,0.08587216248506571,0.0,12.0,120000.0,0.0,0.0,3.0,0.0,3,71,0.0024752475247524753,-4.98,0.09557945041816009,0.08587216248506571,0.0,12.0,120000.0,0.0,0.0,3.0,0.0,1
273.0,7561,0.09768009768009768,0.08775946275946277,0.0,12.0,120000.0,20000.0,15.0,4.0,0.0,1,15,0.0024752475247524753,9.769082916666665,0.09557602132864934,0.0858690816624584,25.0,12.0,120000.0,20000.0,17.0,4.0,0.0,0
280.0,93,0.09523809523809523,0.08556547619047619,0.0,8.0,80000.0,20000.0,10.0,3.0,0.0,3,71,0.0024752475247524753,-4.98,0.09523809523809523,0.08556547619047619,0.0,8.0,80000.0,20000.0,10.0,3.0,0.0,1
280.0,101,0.09523809523809523,0.08556547619047619,0.0,8.0,80000.0,20000.0,10.0,3.0,0.0,2,46,0.0024752475247524753,-4.98,0.09523809523809523,0.08556547619047619,0.0,8.0,80000.0,20000.0,10.0,3.0,0.0,1
280.0,537,0.09523809523809523,0.08556547619047619,12.5,8.0,80000.0,20000.0,24.0,4.0,0.0,2,46,0.0024752475247524753,-4.98,0.09523809523809523,0.08556547619047619,12.5,8.0,80000.0,20000.0,24.0,4.0,0.0,1
280.0,995,0.09523809523809523,0.08556547619047619,0.0,8.0,80000.0,20000.0,55.0,1.0,0.0,3,100,0.0024752475247524753,-4.98,0.09523809523809523,0.08556547619047619,0.0,8.0,80000.0,20000.0,55.0,1.0,0.0,1
280.0,1897,0.09523809523809523,0.08556547619047619,0.0,8.0,80000.0,0.0,0.0,3.0,0.0,3,100,0.0024752475247524753,-4.98,0.09523809523809523,0.08556547619047619,0.0,8.0,80000.0,0.0,0.0,3.0,0.0,1
280.0,1901,0.09523809523809523,0.08556547619047619,0.0,8.0,80000.0,0.0,0.0,3.0,0.0,2,42,0.0024752475247524753,-4.98,0.09523809523809523,0.08556547619047619,0.0,8.0,80000.0,0.0,0.0,3.0,0.0,1
280.0,2351,0.09523809523809523,0.08556547619047619,0.0,8.0,80000.0,0.0,0.0,5.0,0.0,2,42,0.0024752475247524753,-4.98,0.09523809523809523,0.08556547619047619,0.0,8.0,80000.0,0.0,0.0,5.0,0.0,1
280.0,3136,0.09523809523809523,0.08556547619047619,0.0,25.0,400000.0,0.0,0.0,5.0,0.0,2,42,0.0024752475247524753,-4.98,0.09523809523809523,0.08556547619047619,0.0,25.0,400000.0,0.0,0.0,5.0,0.0,1
280.0,3489,0.09523809523809523,0.08556547619047619,12.5,25.0,400000.0,20000.0,11.0,2.0,0.0,2,42,0.0024752475247524753,-4.98,0.09523809523809523,0.08556547619047619,12.5,25.0,400000.0,20000.0,11.0,2.0,0.0,1
280.0,4936,0.09523809523809523,0.08556547619047619,0.0,25.0,400000.0,0.0,0.0,5.0,0.0,2,11,0.0024752475247524753,-4.98,0.09523809523809523,0.08556547619047619,0.0,25.0,400000.0,0.0,0.0,5.0,0.0,1
280.0,6668,0.09523809523809523,0.08556547619047619,0.0,12.0,120000.0,20000.0,10.0,5.0,0.0,2,11,0.0024752475247524753,-4.98,0.09523809523809523,0.08556547619047619,0.0,12.0,120000.0,20000.0,10.0,5.0,0.0,1
280.0,10269,0.09523809523809523,0.08556547619047619,0.0,12.0,120000.0,0.0,0.0,2.0,0.0,1,69,0.0024752475247524753,-4.98,0.09523809523809523,0.08556547619047619,0.0,12.0,120000.0,0.0,0.0,2.0,0.0,1
280.0,12065,0.09523809523809523,0.08556547619047619,0.0,12.0,120000.0,0.0,0.0,1.0,0.0,1,69,0.0024752475247524753,-4.98,0.09523809523809523,0.08556547619047619,0.0,12.0,120000.0,0.0,0.0,1.0,0.0,1
280.0,12513,0.09523809523809523,0.08556547619047619,0.0,12.0,120000.0,0.0,0.0,4.0,0.0,1,89,0.0024752475247524753,-4.98,0.09523809523809523,0.08556547619047619,0.0,12.0,120000.0,0.0,0.0,4.0,0.0,1
281.0,1449,0.09489916963226572,0.08526097271648873,0.0,8.0,80000.0,0.0,0.0,6.0,0.0,1,89,0.0024752475247524753,-4.98,0.09489916963226572,0.08526097271648873,0.0,8.0,80000.0,0.0,0.0,6.0,0.0,1
281.0,5767,0.09489916963226572,0.08526097271648873,25.0,12.0,120000.0,20000.0,9.0,2.0,0.0,2,13,0.0024752475247524753,-4.975,0.09489916963226572,0.08526097271648873,25.0,12.0,120000.0,20000.0,9.0,2.0,0.0,1
281.0,7113,0.09489916963226572,0.08526097271648873,25.0,12.0,120000.0,20000.0,17.0,5.0,0.0,2,13,0.0024752475247524753,-4.975,0.09489916963226572,0.08526097271648873,25.0,12.0,120000.0,20000.0,17.0,5.0,0.0,1
281.0,9349,0.09489916963226572,0.08526097271648873,0.0,12.0,120000.0,0.0,0.0,7.0,0.0,3,58,0.0024752475247524753,-4.98,0.09489916963226572,0.08526097271648873,0.0,12.0,120000.0,0.0,0.0,7.0,0.0,1
281.0,11603,0.09489916963226572,0.08526097271648873,0.0,12.0,120000.0,0.0,0.0,3.0,0.0,3,58,0.0024752475247524753,-4.98,0.09489916963226572,0.08526097271648873,0.0,12.0,120000.0,0.0,0.0,3.0,0.0,1
275.0,5312,0.09696969696969697,0.08712121212121211,12.5,12.0,120000.0,20000.0,13.0,2.0,0.0,0,0,0.0024752475247524753,9.749332916666667,0.09489578918084329,0.0852579355921639,12.5,12.0,120000.0,20000.0,13.0,2.0,0.0,0
275.0,5764,0.09696969696969697,0.08712121212121211,12.5,12.0,120000.0,20000.0,8.0,2.0,0.0,0,0,0.0024752475247524753,9.749332916666667,0.09489578918084329,0.0852579355921639,12.5,12.0,120000.0,20000.0,8.0,2.0,0.0,0
275.0,7110,0.09696969696969697,0.08712121212121211,12.5,12.0,120000.0,20000.0,16.0,5.0,0.0,0,0,0.0024752475247524753,9.749332916666667,0.09489578918084329,0.0852579355921639,12.5,12.0,120000.0,20000.0,16.0,5.0,0.0,0
275.0,7562,0.09696969696969697,0.08712121212121211,12.5,12.0,120000.0,20000.0,16.0,4.0,0.0,0,0,0.0024752475247524753,9.749082916666666,0.09489578918084329,0.0852579355921639,25.0,12.0,120000.0,20000.0,17.0,4.0,0.0,0
282.0,94,0.09456264775413711,0.08495862884160757,0.0,8.0,80000.0,20000.0,10.0,3.0,0.0,3,22,0.0024752475247524753,-4.98,0.09456264775413711,0.08495862884160757,0.0,8.0,80000.0,20000.0,10.0,3.0,0.0,1
282.0,102,0.09456264775413711,0.08495862884160757,0.0,8.0,80000.0,20000.0,10.0,3.0,0.0,3,22,0.0024752475247524753,-4.98,0.09456264775413711,0.08495862884160757,0.0,8.0,80000.0,20000.0,10.0,3.0,0.0,1
282.0,1898,0.09456264775413711,0.08495862884160757,0.0,8.0,80000.0,0.0,0.0,3.0,0.0,1,20,0.0024752475247524753,-4.98,0.09456264775413711,0.08495862884160757,0.0,8.0,80000.0,0.0,0.0,3.0,0.0,1
282.0,1902,0.09456264775413711,0.08495862884160757,0.0,8.0,80000.0,0.0,0.0,3.0,0.0,1,20,0.0024752475247524753,-4.98,0.09456264775413711,0.08495862884160757,0.0,8.0,80000.0,0.0,0.0,3.0,0.0,1
282.0,2352,0.09456264775413711,0.08495862884160757,0.0,8.0,80000.0,0.0,0.0,5.0,0.0,1,20,0.0024752475247524753,-4.98,0.09456264775413711,0.08495862884160757,0.0,8.0,80000.0,0.0,0.0,5.0,0.0,1
282.0,4218,0.09456264775413711,0.08495862884160757,0.0,25.0,400000.0,0.0,0.0,1.0,0.0,1,20,0.0024752475247524753,-4.980500000000001,0.09456264775413711,0.08495862884160757,0.0,25.0,400000.0,0.0,0.0,1.0,0.0,1
282.0,12066,0.09456264775413711,0.08495862884160757,0.0,12.0,120000.0,0.0,0.0,1.0,0.0,1,97,0.0024752475247524753,-4.98,0.09456264775413711,0.08495862884160757,0.0,12.0,120000.0,0.0,0.0,1.0,0.0,1
282.0,12514,0.09456264775413711,0.08495862884160757,0.0,12.0,120000.0,0.0,0.0,4.0,0.0,1,97,0.0024752475247524753,-4.98,0.09456264775413711,0.08495862884160757,0.0,12.0,120000.0,0.0,0.0,4.0,0.0,1
278.0,536,0.09592326139088729,0.08618105515587529,0.0,8.0,80000.0,20000.0,23.0,4.0,0.0,1,20,0.0024752475247524753,9.769124374999999,0.09455929123461493,0.08495561321859933,12.5,8.0,80000.0,20000.0,24.0,4.0,0.0,0
283.0,3137,0.09422850412249706,0.08465842167255595,0.0,25.0,400000.0,0.0,0.0,5.0,0.0,1,97,0.0024752475247524753,-4.98,0.09422850412249706,0.08465842167255595,0.0,25.0,400000.0,0.0,0.0,5.0,0.0,1
283.0,3490,0.09422850412249706,0.08465842167255595,12.5,25.0,400000.0,20000.0,11.0,2.0,0.0,3,51,0.0024752475247524753,-4.98,0.09422850412249706,0.08465842167255595,12.5,25.0,400000.0,20000.0,11.0,2.0,0.0,1
283.0,3844,0.09422850412249706,0.08465842167255595,25.0,25.0,400000.0,20000.0,30.0,0.0,0.0,3,51,0.0024752475247524753,-4.975,0.09422850412249706,0.08465842167255595,25.0,25.0,400000.0,20000.0,30.0,0.0,0.0,1
283.0,4937,0.09422850412249706,0.08465842167255595,0.0,25.0,400000.0,0.0,0.0,5.0,0.0,2,51,0.0024752475247524753,-4.98,0.09422850412249706,0.08465842167255595,0.0,25.0,400000.0,0.0,0.0,5.0,0.0,1
283.0,5316,0.09422850412249706,0.08465842167255595,12.5,12.0,120000.0,20000.0,13.0,2.0,0.0,2,83,0.0024752475247524753,-4.98,0.09422850412249706,0.08465842167255595,12.5,12.0,120000.0,20000.0,13.0,2.0,0.0,1
283.0,5768,0.09422850412249706,0.08465842167255595,12.5,12.0,120000.0,20000.0,8.0,2.0,0.0,2,83,0.0024752475247524753,-4.98,0.09422850412249706,0.08465842167255595,12.5,12.0,120000.0,20000.0,8.0,2.0,0.0,1
283.0,6670,0.09422850412249706,0.08465842167255595,12.5,12.0,120000.0,20000.0,12.0,5.0,0.0,1,12,0.0024752475247524753,-4.98,0.09422850412249706,0.08465842167255595,12.5,12.0,120000.0,20000.0,12.0,5.0,0.0,1
283.0,7114,0.09422850412249706,0.08465842167255595,12.5,12.0,120000.0,20000.0,16.0,5.0,0.0,1,12,0.0024752475247524753,-4.98,0.09422850412249706,0.08465842167255595,12.5,12.0,120000.0,20000.0,16.0,5.0,0.0,1
283.0,7566,0.09422850412249706,0.08465842167255595,25.0,12.0,120000.0,20000.0,17.0,4.0,0.0,1,16,0.0024752475247524753,-4.975,0.09422850412249706,0.08465842167255595,25.0,12.0,120000.0,20000.0,17.0,4.0,0.0,1
283.0,9350,0.09422850412249706,0.08465842167255595,0.0,12.0,120000.0,0.0,0.0,7.0,0.0,1,16,0.0024752475247524753,-4.98,0.09422850412249706,0.08465842167255595,0.0,12.0,120000.0,0.0,0.0,7.0,0.0,1
283.0,11604,0.09422850412249706,0.08465842167255595,0.0,12.0,120000.0,0.0,0.0,3.0,0.0,1,20,0.0024752475247524753,-4.98,0.09422850412249706,0.08465842167255595,0.0,12.0,120000.0,0.0,0.0,3.0,0.0,1
284.0,95,0.09389671361502347,0.08436032863849766,0.0,8.0,80000.0,20000.0,11.0,3.0,0.0,1,20,0.0024752475247524753,-4.98,0.09389671361502347,0.08436032863849766,0.0,8.0,80000.0,20000.0,12.0,3.0,0.0,1
284.0,1899,0.09389671361502347,0.08436032863849766,0.0,8.0,80000.0,0.0,0.0,3.0,0.0,3,20,0.0024752475247524753,-4.98,0.09389671361502347,0.08436032863849766,0.0,8.0,80000.0,0.0,0.0,3.0,0.0,1
284.0,1903,0.09389671361502347,0.08436032863849766,0.0,8.0,80000.0,0.0,0.0,3.0,0.0,3,20,0.0024752475247524753,-4.98,0.09389671361502347,0.08436032863849766,0.0,8.0,80000.0,0.0,0.0,3.0,0.0,1
284.0,2353,0.09389671361502347,0.08436032863849766,0.0,8.0,80000.0,0.0,0.0,5.0,0.0,3,20,0.0024752475247524753,-4.98,0.09389671361502347,0.08436032863849766,0.0,8.0,80000.0,0.0,0.0,5.0,0.0,1
284.0,2773,0.09389671361502347,0.08436032863849766,25.0,25.0,400000.0,20000.0,11.0,4.0,0.0,2,65,0.0024752475247524753,-4.975,0.09389671361502347,0.08436032863849766,25.0,25.0,400000.0,20000.0,11.0,4.0,0.0,1
284.0,5770,0.09389671361502347,0.08436032863849766,12.5,12.0,120000.0,20000.0,8.0,2.0,0.0,2,65,0.0024752475247524753,-4.98,0.09389671361502347,0.08436032863849766,12.5,12.0,120000.0,20000.0,8.0,2.0,0.0,1
284.0,12067,0.09389671361502347,0.08436032863849766,0.0,12.0,120000.0,0.0,0.0,1.0,0.0,2,23,0.0024752475247524753,-4.98,0.09389671361502347,0.08436032863849766,0.0,12.0,120000.0,0.0,0.0,1.0,0.0,1
284.0,12515,0.09389671361502347,0.08436032863849766,0.0,12.0,120000.0,0.0,0.0,4.0,0.0,2,23,0.0024752475247524753,-4.98,0.09389671361502347,0.08436032863849766,0.0,12.0,120000.0,0.0,0.0,4.0,0.0,1
265.0,3484,0.10062893081761005,0.09040880503144655,0.0,25.0,400000.0,20000.0,10.0,2.0,0.0,1,45,0.0024752475247524753,9.62,0.09356725146198831,0.08406432748538012,0.0,25.0,400000.0,20000.0,11.0,2.0,0.0,0
285.0,4219,0.09356725146198831,0.08406432748538012,0.0,25.0,400000.0,0.0,0.0,1.0,0.0,2,28,0.0024752475247524753,-4.98,0.09356725146198831,0.08406432748538012,0.0,25.0,400000.0,0.0,0.0,1.0,0.0,1
285.0,5317,0.09356725146198831,0.08406432748538012,12.5,12.0,120000.0,20000.0,13.0,2.0,0.0,2,64,0.0024752475247524753,-4.98,0.09356725146198831,0.08406432748538012,12.5,12.0,120000.0,20000.0,13.0,2.0,0.0,1
285.0,5769,0.09356725146198831,0.08406432748538012,12.5,12.0,120000.0,20000.0,8.0,2.0,0.0,3,24,0.0024752475247524753,-4.98,0.09356725146198831,0.08406432748538012,12.5,12.0,120000.0,20000.0,8.0,2.0,0.0,1
285.0,6671,0.09356725146198831,0.08406432748538012,12.5,12.0,120000.0,20000.0,12.0,5.0,0.0,1,2,0.0024752475247524753,-4.98,0.09356725146198831,0.08406432748538012,12.5,12.0,120000.0,20000.0,12.0,5.0,0.0,1
285.0,7115,0.09356725146198831,0.08406432748538012,12.5,12.0,120000.0,20000.0,16.0,5.0,0.0,1,12,0.0024752475247524753,-4.98,0.09356725146198831,0.08406432748538012,12.5,12.0,120000.0,20000.0,16.0,5.0,0.0,1
285.0,7567,0.09356725146198831,0.08406432748538012,25.0,12.0,120000.0,20000.0,17.0,4.0,0.0,1,12,0.0024752475247524753,-4.975,0.09356725146198831,0.08406432748538012,25.0,12.0,120000.0,20000.0,17.0,4.0,0.0,1
285.0,9351,0.09356725146198831,0.08406432748538012,0.0,12.0,120000.0,0.0,0.0,7.0,0.0,1,12,0.0024752475247524753,-4.98,0.09356725146198831,0.08406432748538012,0.0,12.0,120000.0,0.0,0.0,7.0,0.0,1
285.0,11605,0.09356725146198831,0.08406432748538012,0.0,12.0,120000.0,0.0,0.0,3.0,0.0,1,12,0.0024752475247524753,-4.98,0.09356725146198831,0.08406432748538012,0.0,12.0,120000.0,0.0,0.0,3.0,0.0,1
279.0,5766,0.09557945041816009,0.08587216248506571,12.5,12.0,120000.0,20000.0,8.0,2.0,0.0,0,0,0.0024752475247524753,9.749582916666666,0.09356396523289363,0.08406137501392787,0.0,12.0,120000.0,20000.0,7.0,2.0,0.0,0
279.0,7112,0.09557945041816009,0.08587216248506571,12.5,12.0,120000.0,20000.0,16.0,5.0,0.0,0,0,0.0024752475247524753,9.749582916666666,0.09356396523289363,0.08406137501392787,0.0,12.0,120000.0,20000.0,15.0,5.0,0.0,0
279.0,7564,0.09557945041816009,0.08587216248506571,25.0,12.0,120000.0,20000.0,17.0,4.0,0.0,0,0,0.0024752475247524753,9.749332916666667,0.09356396523289363,0.08406137501392787,12.5,12.0,120000.0,20000.0,16.0,4.0,0.0,0
282.0,996,0.09456264775413711,0.08495862884160757,0.0,8.0,80000.0,20000.0,55.0,1.0,0.0,0,0,0.0024752475247524753,9.74975,0.09324009324009325,0.08377039627039627,12.5,8.0,80000.0,20000.0,56.0,1.0,0.0,0
286.0,96,0.09324009324009325,0.08377039627039627,12.5,8.0,80000.0,20000.0,12.0,3.0,0.0,3,46,0.0024752475247524753,-4.98,0.09324009324009325,0.08377039627039627,12.5,8.0,80000.0,20000.0,12.0,3.0,0.0,1
286.0,104,0.09324009324009325,0.08377039627039627,12.5,8.0,80000.0,20000.0,12.0,3.0,0.0,3,46,0.0024752475247524753,-4.98,0.09324009324009325,0.08377039627039627,12.5,8.0,80000.0,20000.0,12.0,3.0,0.0,1
286.0,540,0.09324009324009325,0.08377039627039627,25.0,8.0,80000.0,20000.0,25.0,4.0,0.0,2,68,0.0024752475247524753,-4.975,0.09324009324009325,0.08377039627039627,25.0,8.0,80000.0,20000.0,25.0,4.0,0.0,1
286.0,998,0.09324009324009325,0.08377039627039627,12.5,8.0,80000.0,20000.0,56.0,1.0,0.0,2,68,0.0024752475247524753,-4.98,0.09324009324009325,0.08377039627039627,12.5,8.0,80000.0,20000.0,56.0,1.0,0.0,1
286.0,1904,0.09324009324009325,0.08377039627039627,0.0,8.0,80000.0,0.0,0.0,3.0,0.0,1,46,0.0024752475247524753,-4.98,0.09324009324009325,0.08377039627039627,0.0,8.0,80000.0,0.0,0.0,3.0,0.0,1
286.0,2354,0.09324009324009325,0.08377039627039627,0.0,8.0,80000.0,0.0,0.0,5.0,0.0,1,46,0.0024752475247524753,-4.98,0.09324009324009325,0.08377039627039627,0.0,8.0,80000.0,0.0,0.0,5.0,0.0,1
286.0,3138,0.09324009324009325,0.08377039627039627,0.0,25.0,400000.0,0.0,0.0,5.0,0.0,1,46,0.0024752475247524753,-4.98,0.09324009324009325,0.08377039627039627,0.0,25.0,400000.0,0.0,0.0,5.0,0.0,1
286.0,4938,0.09324009324009325,0.08377039627039627,0.0,25.0,400000.0,0.0,0.0,5.0,0.0,2,54,0.0024752475247524753,-4.98,0.09324009324009325,0.08377039627039627,0.0,25.0,400000.0,0.0,0.0,5.0,0.0,1
286.0,5771,0.09324009324009325,0.08377039627039627,0.0,12.0,120000.0,20000.0,7.0,2.0,0.0,2,54,0.0024752475247524753,-4.98,0.09324009324009325,0.08377039627039627,0.0,12.0,120000.0,20000.0,7.0,2.0,0.0,1
286.0,12068,0.09324009324009325,0.08377039627039627,0.0,12.0,120000.0,0.0,0.0,1.0,0.0,3,54,0.0024752475247524753,-4.98,0.09324009324009325,0.08377039627039627,0.0,12.0,120000.0,0.0,0.0,1.0,0.0,1
286.0,12516,0.09324009324009325,0.08377039627039627,0.0,12.0,120000.0,0.0,0.0,4.0,0.0,3,54,0.0024752475247524753,-4.98,0.09324009324009325,0.08377039627039627,0.0,12.0,120000.0,0.0,0.0,4.0,0.0,1
282.0,538,0.09456264775413711,0.08495862884160757,12.5,8.0,80000.0,20000.0,24.0,4.0,0.0,0,0,0.0024752475247524753,9.749124375,0.09323682995104496,0.08376746440914194,12.5,8.0,80000.0,20000.0,24.0,4.0,0.0,0
287.0,3140,0.09291521486643438,0.08347851335656213,0.0,25.0,400000.0,0.0,0.0,5.0,0.0,1,54,0.0024752475247524753,-4.98,0.09291521486643438,0.08347851335656213,0.0,25.0,400000.0,0.0,0.0,5.0,0.0,1
287.0,5318,0.09291521486643438,0.08347851335656213,12.5,12.0,120000.0,20000.0,13.0,2.0,0.0,1,15,0.0024752475247524753,-4.98,0.09291521486643438,0.08347851335656213,12.5,12.0,120000.0,20000.0,13.0,2.0,0.0,1
287.0,6672,0.09291521486643438,0.08347851335656213,12.5,12.0,120000.0,20000.0,12.0,5.0,0.0,1,15,0.0024752475247524753,-4.98,0.09291521486643438,0.08347851335656213,12.5,12.0,120000.0,20000.0,12.0,5.0,0.0,1
287.0,9352,0.09291521486643438,0.08347851335656213,0.0,12.0,120000.0,0.0,0.0,7.0,0.0,2,26,0.0024752475247524753,-4.98,0.09291521486643438,0.08347851335656213,0.0,12.0,120000.0,0.0,0.0,7.0,0.0,1
287.0,11606,0.09291521486643438,0.08347851335656213,0.0,12.0,120000.0,0.0,0.0,3.0,0.0,2,26,0.0024752475247524753,-4.98,0.09291521486643438,0.08347851335656213,0.0,12.0,120000.0,0.0,0.0,3.0,0.0,1
281.0,5315,0.09489916963226572,0.08526097271648873,12.5,12.0,120000.0,20000.0,13.0,2.0,0.0,0,0,0.0024752475247524753,9.749582916666666,0.09291197427806322,0.0834756018904474,0.0,12.0,120000.0,20000.0,12.0,2.0,0.0,0
281.0,7565,0.09489916963226572,0.08526097271648873,25.0,12.0,120000.0,20000.0,17.0,4.0,0.0,0,0,0.0024752475247524753,9.749332916666667,0.09291197427806322,0.0834756018904474,12.5,12.0,120000.0,20000.0,16.0,4.0,0.0,0
282.0,6669,0.09456264775413711,0.08495862884160757,0.0,12.0,120000.0,20000.0,11.0,5.0,0.0,1,97,0.0024752475247524753,9.77,0.0925925925925926,0.08318865740740741,0.0,12.0,120000.0,20000.0,11.0,5.0,0.0,0
284.0,103,0.09389671361502347,0.08436032863849766,0.0,8.0,80000.0,20000.0,11.0,3.0,0.0,0,0,0.0024752475247524753,9.75,0.0925925925925926,0.08318865740740741,0.0,8.0,80000.0,20000.0,11.0,3.0,0.0,0
288.0,97,0.0925925925925926,0.08318865740740741,0.0,8.0,80000.0,20000.0,11.0,3.0,0.0,2,4,0.0024752475247524753,-4.98,0.0925925925925926,0.08318865740740741,0.0,8.0,80000.0,20000.0,11.0,3.0,0.0,1
288.0,105,0.0925925925925926,0.08318865740740741,0.0,8.0,80000.0,20000.0,11.0,3.0,0.0,2,4,0.0024752475247524753,-4.98,0.0925925925925926,0.08318865740740741,0.0,8.0,80000.0,20000.0,11.0,3.0,0.0,1
288.0,1905,0.0925925925925926,0.08318865740740741,0.0,8.0,80000.0,0.0,0.0,3.0,0.0,2,66,0.0024752475247524753,-4.98,0.0925925925925926,0.08318865740740741,0.0,8.0,80000.0,0.0,0.0,3.0,0.0,1
288.0,2355,0.0925925925925926,0.08318865740740741,0.0,8.0,80000.0,0.0,0.0,5.0,0.0,2,66,0.0024752475247524753,-4.98,0.0925925925925926,0.08318865740740741,0.0,8.0,80000.0,0.0,0.0,5.0,0.0,1
288.0,5772,0.0925925925925926,0.08318865740740741,0.0,12.0,120000.0,20000.0,7.0,2.0,0.0,2,83,0.0024752475247524753,-4.98,0.0925925925925926,0.08318865740740741,0.0,12.0,120000.0,20000.0,7.0,2.0,0.0,1
288.0,12069,0.0925925925925926,0.08318865740740741,0.0,12.0,120000.0,0.0,0.0,1.0,0.0,2,83,0.0024752475247524753,-4.98,0.0925925925925926,0.08318865740740741,0.0,12.0,120000.0,0.0,0.0,1.0,0.0,1
288.0,12517,0.0925925925925926,0.08318865740740741,0.0,12.0,120000.0,0.0,0.0,4.0,0.0,1,64,0.0024752475247524753,-4.98,0.0925925925925926,0.08318865740740741,0.0,12.0,120000.0,0.0,0.0,4.0,0.0,1
284.0,539,0.09389671361502347,0.08436032863849766,12.5,8.0,80000.0,20000.0,24.0,4.0,0.0,0,0,0.0024752475247524753,9.749124375,0.09258937446884803,0.08318576612435566,12.5,8.0,80000.0,20000.0,24.0,4.0,0.0,0
284.0,997,0.09389671361502347,0.08436032863849766,12.5,8.0,80000.0,20000.0,56.0,1.0,0.0,0,0,0.0024752475247524753,9.749124375,0.09258937446884803,0.08318576612435566,12.5,8.0,80000.0,20000.0,56.0,1.0,0.0,0
289.0,1000,0.0922722029988466,0.08290080738177624,12.5,8.0,80000.0,20000.0,56.0,1.0,0.0,1,64,0.0024752475247524753,-4.98,0.0922722029988466,0.08290080738177624,12.5,8.0,80000.0,20000.0,56.0,1.0,0.0,1
289.0,3139,0.0922722029988466,0.08290080738177624,0.0,25.0,400000.0,0.0,0.0,5.0,0.0,3,53,0.0024752475247524753,-4.98,0.0922722029988466,0.08290080738177624,0.0,25.0,400000.0,0.0,0.0,5.0,0.0,1
289.0,3492,0.0922722029988466,0.08290080738177624,12.5,25.0,400000.0,20000.0,13.0,2.0,0.0,3,53,0.0024752475247524753,-4.98,0.0922722029988466,0.08290080738177624,12.5,25.0,400000.0,20000.0,13.0,2.0,0.0,1
289.0,3846,0.0922722029988466,0.08290080738177624,37.5,25.0,400000.0,20000.0,31.0,0.0,0.0,3,53,0.0024752475247524753,-4.9625,0.0922722029988466,0.08290080738177624,37.5,25.0,400000.0,20000.0,31.0,0.0,0.0,1
289.0,4573,0.0922722029988466,0.08290080738177624,62.5,25.0,400000.0,20000.0,17.0,3.0,0.0,3,53,0.0024752475247524753,-4.9375,0.0922722029988466,0.08290080738177624,62.5,25.0,400000.0,20000.0,17.0,3.0,0.0,1
289.0,4939,0.0922722029988466,0.08290080738177624,0.0,25.0,400000.0,0.0,0.0,5.0,0.0,3,87,0.0024752475247524753,-4.98,0.0922722029988466,0.08290080738177624,0.0,25.0,400000.0,0.0,0.0,5.0,0.0,1
289.0,5319,0.0922722029988466,0.08290080738177624,0.0,12.0,120000.0,20000.0,12.0,2.0,0.0,3,87,0.0024752475247524753,-4.98,0.0922722029988466,0.08290080738177624,0.0,12.0,120000.0,20000.0,12.0,2.0,0.0,1
289.0,6220,0.0922722029988466,0.08290080738177624,0.0,12.0,120000.0,20000.0,43.0,3.0,0.0,1,56,0.0024752475247524753,-4.98,0.0922722029988466,0.08290080738177624,0.0,12.0,120000.0,20000.0,43.0,3.0,0.0,1
289.0,7117,0.0922722029988466,0.08290080738177624,12.5,12.0,120000.0,20000.0,17.0,5.0,0.0,1,94,0.0024752475247524753,-4.98,0.0922722029988466,0.08290080738177624,12.5,12.0,120000.0,20000.0,17.0,5.0,0.0,1
289.0,7569,0.0922722029988466,0.08290080738177624,12.5,12.0,120000.0,20000.0,16.0,4.0,0.0,1,94,0.0024752475247524753,-4.98,0.0922722029988466,0.08290080738177624,12.5,12.0,120000.0,20000.0,16.0,4.0,0.0,1
289.0,9353,0.0922722029988466,0.08290080738177624,0.0,12.0,120000.0,0.0,0.0,7.0,0.0,1,75,0.0024752475247524753,-4.98,0.0922722029988466,0.08290080738177624,0.0,12.0,120000.0,0.0,0.0,7.0,0.0,1
289.0,11607,0.0922722029988466,0.08290080738177624,0.0,12.0,120000.0,0.0,0.0,3.0,0.0,1,75,0.0024752475247524753,-4.98,0.0922722029988466,0.08290080738177624,0.0,12.0,120000.0,0.0,0.0,3.0,0.0,1
290.0,98,0.09195402298850575,0.08261494252873564,0.0,8.0,80000.0,20000.0,12.0,3.0,0.0,1,92,0.0024752475247524753,-4.98,0.09195402298850575,0.08261494252873564,0.0,8.0,80000.0,20000.0,12.0,3.0,0.0,1
290.0,106,0.09195402298850575,0.08261494252873564,0.0,8.0,80000.0,20000.0,12.0,3.0,0.0,1,92,0.0024752475247524753,-4.98,0.09195402298850575,0.08261494252873564,0.0,8.0,80000.0,20000.0,12.0,3.0,0.0,1
290.0,542,0.09195402298850575,0.08261494252873564,12.5,8.0,80000.0,20000.0,24.0,4.0,0.0,2,51,0.0024752475247524753,-4.98,0.09195402298850575,0.08261494252873564,12.5,8.0,80000.0,20000.0,24.0,4.0,0.0,1
290.0,1906,0.09195402298850575,0.08261494252873564,0.0,8.0,80000.0,0.0,0.0,3.0,0.0,2,51,0.0024752475247524753,-4.98,0.09195402298850575,0.08261494252873564,0.0,8.0,80000.0,0.0,0.0,3.0,0.0,1
290.0,2356,0.09195402298850575,0.08261494252873564,0.0,8.0,80000.0,0.0,0.0,5.0,0.0,3,15,0.0024752475247524753,-4.98,0.09195402298850575,0.08261494252873564,0.0,8.0,80000.0,0.0,0.0,5.0,0.0,1
290.0,2775,0.09195402298850575,0.08261494252873564,37.5,25.0,400000.0,20000.0,12.0,4.0,0.0,3,15,0.0024752475247524753,-4.9625,0.09195402298850575,0.08261494252873564,37.5,25.0,400000.0,20000.0,12.0,4.0,0.0,1
290.0,3141,0.09195402298850575,0.08261494252873564,0.0,25.0,400000.0,0.0,0.0,5.0,0.0,2,10,0.0024752475247524753,-4.98,0.09195402298850575,0.08261494252873564,0.0,25.0,400000.0,0.0,0.0,5.0,0.0,1
290.0,5773,0.09195402298850575,0.08261494252873564,0.0,12.0,120000.0,20000.0,9.0,2.0,0.0,1,97,0.0024752475247524753,-4.98,0.09195402298850575,0.08261494252873564,0.0,12.0,120000.0,20000.0,9.0,2.0,0.0,1
290.0,12518,0.09195402298850575,0.08261494252873564,0.0,12.0,120000.0,0.0,0.0,4.0,0.0,1,97,0.0024752475247524753,-4.98,0.09195402298850575,0.08261494252873564,0.0,12.0,120000.0,0.0,0.0,4.0,0.0,1
271.0,4567,0.09840098400984008,0.08840713407134071,0.0,25.0,400000.0,20000.0,10.0,3.0,0.0,0,0,0.0024752475247524753,9.599,0.09163802978235967,0.08233104238258877,50.0,25.0,400000.0,20000.0,16.0,3.0,0.0,0
291.0,1001,0.09163802978235967,0.08233104238258877,12.5,8.0,80000.0,20000.0,56.0,1.0,0.0,2,67,0.0024752475247524753,-4.98,0.09163802978235967,0.08233104238258877,12.5,8.0,80000.0,20000.0,56.0,1.0,0.0,1
291.0,6221,0.09163802978235967,0.08233104238258877,0.0,12.0,120000.0,20000.0,43.0,3.0,0.0,2,67,0.0024752475247524753,-4.98,0.09163802978235967,0.08233104238258877,0.0,12.0,120000.0,20000.0,43.0,3.0,0.0,1
291.0,6674,0.09163802978235967,0.08233104238258877,12.5,12.0,120000.0,20000.0,13.0,5.0,0.0,2,75,0.0024752475247524753,-4.98,0.09163802978235967,0.08233104238258877,12.5,12.0,120000.0,20000.0,13.0,5.0,0.0,1
291.0,7118,0.09163802978235967,0.08233104238258877,12.5,12.0,120000.0,20000.0,17.0,5.0,0.0,2,75,0.0024752475247524753,-4.98,0.09163802978235967,0.08233104238258877,12.5,12.0,120000.0,20000.0,17.0,5.0,0.0,1
291.0,9354,0.09163802978235967,0.08233104238258877,0.0,12.0,120000.0,0.0,0.0,7.0,0.0,2,75,0.0024752475247524753,-4.98,0.09163802978235967,0.08233104238258877,0.0,12.0,120000.0,0.0,0.0,7.0,0.0,1
291.0,11608,0.09163802978235967,0.08233104238258877,0.0,12.0,120000.0,0.0,0.0,3.0,0.0,2,75,0.0024752475247524753,-4.98,0.09163802978235967,0.08233104238258877,0.0,12.0,120000.0,0.0,0.0,3.0,0.0,1
272.0,2769,0.09803921568627451,0.08808210784313726,0.0,25.0,400000.0,20000.0,9.0,4.0,0.0,0,0,0.0024752475247524753,9.599499999999999,0.091324200913242,0.08204908675799086,25.0,25.0,400000.0,20000.0,11.0,4.0,0.0,0
292.0,99,0.091324200913242,0.08204908675799086,0.0,8.0,80000.0,20000.0,12.0,3.0,0.0,1,85,0.0024752475247524753,-4.98,0.091324200913242,0.08204908675799086,0.0,8.0,80000.0,20000.0,12.0,3.0,0.0,1
292.0,107,0.091324200913242,0.08204908675799086,0.0,8.0,80000.0,20000.0,12.0,3.0,0.0,1,85,0.0024752475247524753,-4.98,0.091324200913242,0.08204908675799086,0.0,8.0,80000.0,20000.0,12.0,3.0,0.0,1
292.0,543,0.091324200913242,0.08204908675799086,12.5,8.0,80000.0,20000.0,24.0,4.0,0.0,1,100,0.0024752475247524753,-4.98,0.091324200913242,0.08204908675799086,12.5,8.0,80000.0,20000.0,24.0,4.0,0.0,1
292.0,1907,0.091324200913242,0.08204908675799086,0.0,8.0,80000.0,0.0,0.0,3.0,0.0,1,100,0.0024752475247524753,-4.98,0.091324200913242,0.08204908675799086,0.0,8.0,80000.0,0.0,0.0,3.0,0.0,1
292.0,2357,0.091324200913242,0.08204908675799086,0.0,8.0,80000.0,0.0,0.0,5.0,0.0,1,75,0.0024752475247524753,-4.98,0.091324200913242,0.08204908675799086,0.0,8.0,80000.0,0.0,0.0,5.0,0.0,1
292.0,3493,0.091324200913242,0.08204908675799086,12.5,25.0,400000.0,20000.0,13.0,2.0,0.0,1,75,0.0024752475247524753,-4.98,0.091324200913242,0.08204908675799086,12.5,25.0,400000.0,20000.0,13.0,2.0,0.0,1
292.0,3847,0.091324200913242,0.08204908675799086,37.5,25.0,400000.0,20000.0,31.0,0.0,0.0,3,54,0.0024752475247524753,-4.9625,0.091324200913242,0.08204908675799086,37.5,25.0,400000.0,20000.0,31.0,0.0,0.0,1
292.0,4574,0.091324200913242,0.08204908675799086,50.0,25.0,400000.0,20000.0,16.0,3.0,0.0,3,54,0.0024752475247524753,-4.95,0.091324200913242,0.08204908675799086,50.0,25.0,400000.0,20000.0,16.0,3.0,0.0,1
292.0,5774,0.091324200913242,0.08204908675799086,0.0,12.0,120000.0,20000.0,10.0,2.0,0.0,1,31,0.0024752475247524753,-4.98,0.091324200913242,0.08204908675799086,0.0,12.0,120000.0,20000.0,10.0,2.0,0.0,1
292.0,12519,0.091324200913242,0.08204908675799086,0.0,12.0,120000.0,0.0,0.0,4.0,0.0,1,31,0.0024752475247524753,-4.98,0.091324200913242,0.08204908675799086,0.0,12.0,120000.0,0.0,0.0,4.0,0.0,1
288.0,541,0.0925925925925926,0.08318865740740741,12.5,8.0,80000.0,20000.0,24.0,4.0,0.0,0,0,0.0024752475247524753,9.749374374999999,0.09132107035189194,0.0820462741442779,0.0,8.0,80000.0,20000.0,23.0,4.0,0.0,0
288.0,999,0.0925925925925926,0.08318865740740741,12.5,8.0,80000.0,20000.0,56.0,1.0,0.0,0,0,0.0024752475247524753,9.749374374999999,0.09132107035189194,0.0820462741442779,0.0,8.0,80000.0,20000.0,55.0,1.0,0.0,0
287.0,7116,0.09291521486643438,0.08347851335656213,0.0,12.0,120000.0,20000.0,16.0,5.0,0.0,0,0,0.0024752475247524753,9.75,0.09101251422070535,0.08176905574516495,0.0,12.0,120000.0,20000.0,17.0,5.0,0.0,0
293.0,1002,0.09101251422070535,0.08176905574516495,0.0,8.0,80000.0,20000.0,55.0,1.0,0.0,3,53,0.0024752475247524753,-4.98,0.09101251422070535,0.08176905574516495,0.0,8.0,80000.0,20000.0,55.0,1.0,0.0,1
293.0,2776,0.09101251422070535,0.08176905574516495,25.0,25.0,400000.0,20000.0,11.0,4.0,0.0,3,53,0.0024752475247524753,-4.975,0.09101251422070535,0.08176905574516495,25.0,25.0,400000.0,20000.0,11.0,4.0,0.0,1
293.0,3142,0.09101251422070535,0.08176905574516495,0.0,25.0,400000.0,0.0,0.0,5.0,0.0,3,3,0.0024752475247524753,-4.98,0.09101251422070535,0.08176905574516495,0.0,25.0,400000.0,0.0,0.0,5.0,0.0,1
293.0,4940,0.09101251422070535,0.08176905574516495,0.0,25.0,400000.0,0.0,0.0,5.0,0.0,3,3,0.0024752475247524753,-4.98,0.09101251422070535,0.08176905574516495,0.0,25.0,400000.0,0.0,0.0,5.0,0.0,1
293.0,6222,0.09101251422070535,0.08176905574516495,0.0,12.0,120000.0,20000.0,44.0,3.0,0.0,1,21,0.0024752475247524753,-4.98,0.09101251422070535,0.08176905574516495,0.0,12.0,120000.0,20000.0,44.0,3.0,0.0,1
293.0,6675,0.09101251422070535,0.08176905574516495,12.5,12.0,120000.0,20000.0,13.0,5.0,0.0,1,21,0.0024752475247524753,-4.98,0.09101251422070535,0.08176905574516495,12.5,12.0,120000.0,20000.0,13.0,5.0,0.0,1
293.0,7119,0.09101251422070535,0.08176905574516495,0.0,12.0,120000.0,20000.0,16.0,5.0,0.0,3,26,0.0024752475247524753,-4.98,0.09101251422070535,0.08176905574516495,0.0,12.0,120000.0,20000.0,17.0,5.0,0.0,1
293.0,7570,0.09101251422070535,0.08176905574516495,12.5,12.0,120000.0,20000.0,16.0,4.0,0.0,1,31,0.0024752475247524753,-4.98,0.09101251422070535,0.08176905574516495,12.5,12.0,120000.0,20000.0,16.0,4.0,0.0,1
293.0,9355,0.09101251422070535,0.08176905574516495,0.0,12.0,120000.0,0.0,0.0,7.0,0.0,1,31,0.0024752475247524753,-4.98,0.09101251422070535,0.08176905574516495,0.0,12.0,120000.0,0.0,0.0,7.0,0.0,1
293.0,11609,0.09101251422070535,0.08176905574516495,0.0,12.0,120000.0,0.0,0.0,3.0,0.0,1,31,0.0024752475247524753,-4.98,0.09101251422070535,0.08176905574516495,0.0,12.0,120000.0,0.0,0.0,3.0,0.0,1
293.0,12520,0.09101251422070535,0.08176905574516495,0.0,12.0,120000.0,0.0,0.0,4.0,0.0,1,31,0.0024752475247524753,-4.98,0.09101251422070535,0.08176905574516495,0.0,12.0,120000.0,0.0,0.0,4.0,0.0,1
287.0,7568,0.09291521486643438,0.08347851335656213,12.5,12.0,120000.0,20000.0,16.0,4.0,0.0,0,0,0.0024752475247524753,9.749582916666666,0.09100940499154506,0.08176626229709125,0.0,12.0,120000.0,20000.0,15.0,4.0,0.0,0
294.0,1908,0.09070294784580499,0.08149092970521542,0.0,8.0,80000.0,0.0,0.0,3.0,0.0,2,6,0.0024752475247524753,-4.98,0.09070294784580499,0.08149092970521542,0.0,8.0,80000.0,0.0,0.0,3.0,0.0,1
294.0,2358,0.09070294784580499,0.08149092970521542,0.0,8.0,80000.0,0.0,0.0,5.0,0.0,2,6,0.0024752475247524753,-4.98,0.09070294784580499,0.08149092970521542,0.0,8.0,80000.0,0.0,0.0,5.0,0.0,1
294.0,5775,0.09070294784580499,0.08149092970521542,0.0,12.0,120000.0,20000.0,10.0,2.0,0.0,2,83,0.0024752475247524753,-4.98,0.09070294784580499,0.08149092970521542,0.0,12.0,120000.0,20000.0,10.0,2.0,0.0,1
289.0,6673,0.0922722029988466,0.08290080738177624,0.0,12.0,120000.0,20000.0,11.0,5.0,0.0,1,56,0.0024752475247524753,9.77,0.0903954802259887,0.08121468926553672,0.0,12.0,120000.0,20000.0,13.0,5.0,0.0,0
295.0,1003,0.0903954802259887,0.08121468926553672,0.0,8.0,80000.0,20000.0,55.0,1.0,0.0,2,83,0.0024752475247524753,-4.98,0.0903954802259887,0.08121468926553672,0.0,8.0,80000.0,20000.0,55.0,1.0,0.0,1
295.0,3494,0.0903954802259887,0.08121468926553672,12.5,25.0,400000.0,20000.0,13.0,2.0,0.0,2,47,0.0024752475247524753,-4.98,0.0903954802259887,0.08121468926553672,12.5,25.0,400000.0,20000.0,14.0,2.0,0.0,1
295.0,3848,0.0903954802259887,0.08121468926553672,37.5,25.0,400000.0,20000.0,31.0,0.0,0.0,2,47,0.0024752475247524753,-4.9625,0.0903954802259887,0.08121468926553672,37.5,25.0,400000.0,20000.0,31.0,0.0,0.0,1
295.0,4575,0.0903954802259887,0.08121468926553672,50.0,25.0,400000.0,20000.0,16.0,3.0,0.0,1,37,0.0024752475247524753,-4.95,0.0903954802259887,0.08121468926553672,50.0,25.0,400000.0,20000.0,16.0,3.0,0.0,1
295.0,9356,0.0903954802259887,0.08121468926553672,0.0,12.0,120000.0,0.0,0.0,7.0,0.0,1,33,0.0024752475247524753,-4.98,0.0903954802259887,0.08121468926553672,0.0,12.0,120000.0,0.0,0.0,7.0,0.0,1
295.0,11610,0.0903954802259887,0.08121468926553672,0.0,12.0,120000.0,0.0,0.0,3.0,0.0,1,33,0.0024752475247524753,-4.98025,0.0903954802259887,0.08121468926553672,0.0,12.0,120000.0,0.0,0.0,3.0,0.0,1
295.0,12521,0.0903954802259887,0.08121468926553672,0.0,12.0,120000.0,0.0,0.0,4.0,0.0,1,36,0.0024752475247524753,-4.98,0.0903954802259887,0.08121468926553672,0.0,12.0,120000.0,0.0,0.0,4.0,0.0,1
296.0,109,0.09009009009009009,0.08094031531531531,12.5,8.0,80000.0,20000.0,14.0,3.0,0.0,1,36,0.0024752475247524753,-4.98,0.09009009009009009,0.08094031531531531,12.5,8.0,80000.0,20000.0,14.0,3.0,0.0,1
296.0,545,0.09009009009009009,0.08094031531531531,12.5,8.0,80000.0,20000.0,25.0,4.0,0.0,2,97,0.0024752475247524753,-4.98,0.09009009009009009,0.08094031531531531,12.5,8.0,80000.0,20000.0,25.0,4.0,0.0,1
296.0,1909,0.09009009009009009,0.08094031531531531,0.0,8.0,80000.0,0.0,0.0,3.0,0.0,2,97,0.0024752475247524753,-4.98,0.09009009009009009,0.08094031531531531,0.0,8.0,80000.0,0.0,0.0,3.0,0.0,1
296.0,2359,0.09009009009009009,0.08094031531531531,0.0,8.0,80000.0,0.0,0.0,5.0,0.0,2,8,0.0024752475247524753,-4.98,0.09009009009009009,0.08094031531531531,0.0,8.0,80000.0,0.0,0.0,5.0,0.0,1
296.0,2777,0.09009009009009009,0.08094031531531531,25.0,25.0,400000.0,20000.0,11.0,4.0,0.0,2,8,0.0024752475247524753,-4.975,0.09009009009009009,0.08094031531531531,25.0,25.0,400000.0,20000.0,11.0,4.0,0.0,1
296.0,3143,0.09009009009009009,0.08094031531531531,0.0,25.0,400000.0,0.0,0.0,5.0,0.0,2,30,0.0024752475247524753,-4.98,0.09009009009009009,0.08094031531531531,0.0,25.0,400000.0,0.0,0.0,5.0,0.0,1
296.0,4941,0.09009009009009009,0.08094031531531531,0.0,25.0,400000.0,0.0,0.0,5.0,0.0,2,30,0.0024752475247524753,-4.98,0.09009009009009009,0.08094031531531531,0.0,25.0,400000.0,0.0,0.0,5.0,0.0,1
296.0,5776,0.09009009009009009,0.08094031531531531,0.0,12.0,120000.0,20000.0,10.0,2.0,0.0,1,25,0.0024752475247524753,-4.98,0.09009009009009009,0.08094031531531531,0.0,12.0,120000.0,20000.0,10.0,2.0,0.0,1
277.0,3842,0.09626955475330926,0.08649217809867629,0.0,25.0,400000.0,20000.0,27.0,0.0,0.0,0,0,0.0024752475247524753,9.599499999999999,0.08978675645342313,0.08066778900112234,25.0,25.0,400000.0,20000.0,30.0,0.0,0.0,0
297.0,1004,0.08978675645342313,0.08066778900112234,0.0,8.0,80000.0,20000.0,55.0,1.0,0.0,1,25,0.0024752475247524753,-4.98,0.08978675645342313,0.08066778900112234,0.0,8.0,80000.0,20000.0,55.0,1.0,0.0,1
297.0,2780,0.08978675645342313,0.08066778900112234,25.0,25.0,400000.0,20000.0,11.0,4.0,0.0,2,92,0.0024752475247524753,-4.975,0.08978675645342313,0.08066778900112234,25.0,25.0,400000.0,20000.0,11.0,4.0,0.0,1
297.0,6224,0.08978675645342313,0.08066778900112234,12.5,12.0,120000.0,20000.0,46.0,3.0,0.0,2,92,0.0024752475247524753,-4.98,0.08978675645342313,0.08066778900112234,12.5,12.0,120000.0,20000.0,46.0,3.0,0.0,1
297.0,6677,0.08978675645342313,0.08066778900112234,12.5,12.0,120000.0,20000.0,13.0,5.0,0.0,2,92,0.0024752475247524753,-4.98,0.08978675645342313,0.08066778900112234,12.5,12.0,120000.0,20000.0,13.0,5.0,0.0,1
297.0,7120,0.08978675645342313,0.08066778900112234,0.0,12.0,120000.0,20000.0,17.0,5.0,0.0,2,92,0.0024752475247524753,-4.98,0.08978675645342313,0.08066778900112234,0.0,12.0,120000.0,20000.0,17.0,5.0,0.0,1
297.0,9357,0.08978675645342313,0.08066778900112234,0.0,12.0,120000.0,0.0,0.0,7.0,0.0,2,92,0.0024752475247524753,-4.98,0.08978675645342313,0.08066778900112234,0.0,12.0,120000.0,0.0,0.0,7.0,0.0,1
297.0,11611,0.08978675645342313,0.08066778900112234,0.0,12.0,120000.0,0.0,0.0,3.0,0.0,1,22,0.0024752475247524753,-4.98025,0.08978675645342313,0.08066778900112234,0.0,12.0,120000.0,0.0,0.0,3.0,0.0,1
297.0,12522,0.08978675645342313,0.08066778900112234,0.0,12.0,120000.0,0.0,0.0,4.0,0.0,2,61,0.0024752475247524753,-4.98,0.08978675645342313,0.08066778900112234,0.0,12.0,120000.0,0.0,0.0,4.0,0.0,1
277.0,4569,0.09626955475330926,0.08649217809867629,12.5,25.0,400000.0,20000.0,13.0,3.0,0.0,0,0,0.0024752475247524753,9.5990498,0.089783730409176,0.08066507028949405,37.5,25.0,400000.0,20000.0,15.0,3.0,0.0,0
294.0,544,0.09070294784580499,0.08149092970521542,0.0,8.0,80000.0,20000.0,24.0,4.0,0.0,0,0,0.0024752475247524753,9.75,0.0894854586129754,0.08039709172259507,0.0,8.0,80000.0,20000.0,25.0,4.0,0.0,0
294.0,108,0.09070294784580499,0.08149092970521542,0.0,8.0,80000.0,20000.0,13.0,3.0,0.0,0,0,0.0024752475247524753,9.75,0.0894854586129754,0.08039709172259507,0.0,8.0,80000.0,20000.0,13.0,3.0,0.0,0
298.0,110,0.0894854586129754,0.08039709172259507,0.0,8.0,80000.0,20000.0,13.0,3.0,0.0,2,61,0.0024752475247524753,-4.98,0.0894854586129754,0.08039709172259507,0.0,8.0,80000.0,20000.0,13.0,3.0,0.0,1
298.0,1910,0.0894854586129754,0.08039709172259507,0.0,8.0,80000.0,0.0,0.0,3.0,0.0,1,28,0.0024752475247524753,-4.98,0.0894854586129754,0.08039709172259507,0.0,8.0,80000.0,0.0,0.0,3.0,0.0,1
298.0,2360,0.0894854586129754,0.08039709172259507,0.0,8.0,80000.0,0.0,0.0,5.0,0.0,1,28,0.0024752475247524753,-4.98,0.0894854586129754,0.08039709172259507,0.0,8.0,80000.0,0.0,0.0,5.0,0.0,1
298.0,3495,0.0894854586129754,0.08039709172259507,12.5,25.0,400000.0,20000.0,15.0,2.0,0.0,1,28,0.0024752475247524753,-4.98,0.0894854586129754,0.08039709172259507,12.5,25.0,400000.0,20000.0,15.0,2.0,0.0,1
298.0,3849,0.0894854586129754,0.08039709172259507,25.0,25.0,400000.0,20000.0,30.0,0.0,0.0,2,67,0.0024752475247524753,-4.975,0.0894854586129754,0.08039709172259507,25.0,25.0,400000.0,20000.0,30.0,0.0,0.0,1
298.0,4576,0.0894854586129754,0.08039709172259507,37.5,25.0,400000.0,20000.0,15.0,3.0,0.0,2,67,0.0024752475247524753,-4.9625,0.0894854586129754,0.08039709172259507,37.5,25.0,400000.0,20000.0,15.0,3.0,0.0,1
299.0,1005,0.08918617614269789,0.08012820512820512,0.0,8.0,80000.0,20000.0,55.0,1.0,0.0,1,13,0.0024752475247524753,-4.98,0.08918617614269789,0.08012820512820512,0.0,8.0,80000.0,20000.0,55.0,1.0,0.0,1
299.0,2778,0.08918617614269789,0.08012820512820512,25.0,25.0,400000.0,20000.0,11.0,4.0,0.0,1,13,0.0024752475247524753,-4.975,0.08918617614269789,0.08012820512820512,25.0,25.0,400000.0,20000.0,11.0,4.0,0.0,1
299.0,3144,0.08918617614269789,0.08012820512820512,0.0,25.0,400000.0,0.0,0.0,5.0,0.0,1,64,0.0024752475247524753,-4.98,0.08918617614269789,0.08012820512820512,0.0,25.0,400000.0,0.0,0.0,5.0,0.0,1
299.0,4942,0.08918617614269789,0.08012820512820512,0.0,25.0,400000.0,0.0,0.0,5.0,0.0,1,64,0.0024752475247524753,-4.98,0.08918617614269789,0.08012820512820512,0.0,25.0,400000.0,0.0,0.0,5.0,0.0,1
299.0,6225,0.08918617614269789,0.08012820512820512,12.5,12.0,120000.0,20000.0,46.0,3.0,0.0,1,7,0.0024752475247524753,-4.98,0.08918617614269789,0.08012820512820512,12.5,12.0,120000.0,20000.0,46.0,3.0,0.0,1
299.0,6678,0.08918617614269789,0.08012820512820512,12.5,12.0,120000.0,20000.0,13.0,5.0,0.0,1,7,0.0024752475247524753,-4.98,0.08918617614269789,0.08012820512820512,12.5,12.0,120000.0,20000.0,13.0,5.0,0.0,1
299.0,7121,0.08918617614269789,0.08012820512820512,0.0,12.0,120000.0,20000.0,17.0,5.0,0.0,2,46,0.0024752475247524753,-4.98,0.08918617614269789,0.08012820512820512,0.0,12.0,120000.0,20000.0,17.0,5.0,0.0,1
299.0,7573,0.08918617614269789,0.08012820512820512,25.0,12.0,120000.0,20000.0,17.0,4.0,0.0,2,46,0.0024752475247524753,-4.975,0.08918617614269789,0.08012820512820512,25.0,12.0,120000.0,20000.0,17.0,4.0,0.0,1
299.0,9358,0.08918617614269789,0.08012820512820512,0.0,12.0,120000.0,0.0,0.0,7.0,0.0,3,63,0.0024752475247524753,-4.98,0.08918617614269789,0.08012820512820512,0.0,12.0,120000.0,0.0,0.0,7.0,0.0,1
299.0,11612,0.08918617614269789,0.08012820512820512,0.0,12.0,120000.0,0.0,0.0,3.0,0.0,3,63,0.0024752475247524753,-4.98,0.08918617614269789,0.08012820512820512,0.0,12.0,120000.0,0.0,0.0,3.0,0.0,1
299.0,12523,0.08918617614269789,0.08012820512820512,0.0,12.0,120000.0,0.0,0.0,4.0,0.0,1,33,0.0024752475247524753,-4.98,0.08918617614269789,0.08012820512820512,0.0,12.0,120000.0,0.0,0.0,4.0,0.0,1
300.0,111,0.08888888888888889,0.07986111111111112,0.0,8.0,80000.0,20000.0,13.0,3.0,0.0,1,33,0.0024752475247524753,-4.98,0.08888888888888889,0.07986111111111112,0.0,8.0,80000.0,20000.0,13.0,3.0,0.0,1
300.0,547,0.08888888888888889,0.07986111111111112,12.5,8.0,80000.0,20000.0,25.0,4.0,0.0,1,56,0.0024752475247524753,-4.98,0.08888888888888889,0.07986111111111112,12.5,8.0,80000.0,20000.0,25.0,4.0,0.0,1
300.0,1911,0.08888888888888889,0.07986111111111112,0.0,8.0,80000.0,0.0,0.0,3.0,0.0,1,56,0.0024752475247524753,-4.98,0.08888888888888889,0.07986111111111112,0.0,8.0,80000.0,0.0,0.0,3.0,0.0,1
300.0,2361,0.08888888888888889,0.07986111111111112,0.0,8.0,80000.0,0.0,0.0,5.0,0.0,3,38,0.0024752475247524753,-4.98,0.08888888888888889,0.07986111111111112,0.0,8.0,80000.0,0.0,0.0,5.0,0.0,1
300.0,2781,0.08888888888888889,0.07986111111111112,25.0,25.0,400000.0,20000.0,11.0,4.0,0.0,3,38,0.0024752475247524753,-4.975,0.08888888888888889,0.07986111111111112,25.0,25.0,400000.0,20000.0,11.0,4.0,0.0,1
300.0,5778,0.08888888888888889,0.07986111111111112,12.5,12.0,120000.0,20000.0,11.0,2.0,0.0,3,36,0.0024752475247524753,-4.98,0.08888888888888889,0.07986111111111112,12.5,12.0,120000.0,20000.0,11.0,2.0,0.0,1
300.0,8021,0.08888888888888889,0.07986111111111112,12.5,12.0,120000.0,20000.0,28.0,2.0,0.0,3,36,0.0024752475247524753,-4.98,0.08888888888888889,0.07986111111111112,12.5,12.0,120000.0,20000.0,28.0,2.0,0.0,1
280.0,3843,0.09523809523809523,0.08556547619047619,12.5,25.0,400000.0,20000.0,28.0,0.0,0.0,0,0,0.0024752475247524753,9.5995498,0.08888592306192272,0.07985844650094619,12.5,25.0,400000.0,20000.0,29.0,0.0,0.0,0
280.0,4570,0.09523809523809523,0.08556547619047619,25.0,25.0,400000.0,20000.0,14.0,3.0,0.0,0,0,0.0024752475247524753,9.599299799999999,0.08888592306192272,0.07985844650094619,25.0,25.0,400000.0,20000.0,14.0,3.0,0.0,0
295.0,6223,0.0903954802259887,0.08121468926553672,0.0,12.0,120000.0,20000.0,45.0,3.0,0.0,1,37,0.0024752475247524753,9.77,0.08859357696567,0.07959579180509413,0.0,12.0,120000.0,20000.0,45.0,3.0,0.0,0
295.0,7571,0.0903954802259887,0.08121468926553672,0.0,12.0,120000.0,20000.0,15.0,4.0,0.0,1,2,0.0024752475247524753,9.76975,0.08859357696567,0.07959579180509413,12.5,12.0,120000.0,20000.0,16.0,4.0,0.0,0
301.0,1006,0.08859357696567,0.07959579180509413,0.0,8.0,80000.0,20000.0,55.0,1.0,0.0,1,83,0.0024752475247524753,-4.98,0.08859357696567,0.07959579180509413,0.0,8.0,80000.0,20000.0,55.0,1.0,0.0,1
301.0,3496,0.08859357696567,0.07959579180509413,12.5,25.0,400000.0,20000.0,15.0,2.0,0.0,1,83,0.0024752475247524753,-4.98,0.08859357696567,0.07959579180509413,12.5,25.0,400000.0,20000.0,15.0,2.0,0.0,1
301.0,3850,0.08859357696567,0.07959579180509413,12.5,25.0,400000.0,20000.0,29.0,0.0,0.0,3,69,0.0024752475247524753,-4.98,0.08859357696567,0.07959579180509413,12.5,25.0,400000.0,20000.0,29.0,0.0,0.0,1
301.0,4577,0.08859357696567,0.07959579180509413,25.0,25.0,400000.0,20000.0,14.0,3.0,0.0,3,69,0.0024752475247524753,-4.975,0.08859357696567,0.07959579180509413,25.0,25.0,400000.0,20000.0,14.0,3.0,0.0,1
301.0,6226,0.08859357696567,0.07959579180509413,0.0,12.0,120000.0,20000.0,45.0,3.0,0.0,2,38,0.0024752475247524753,-4.98,0.08859357696567,0.07959579180509413,0.0,12.0,120000.0,20000.0,45.0,3.0,0.0,1
301.0,6679,0.08859357696567,0.07959579180509413,12.5,12.0,120000.0,20000.0,13.0,5.0,0.0,2,38,0.0024752475247524753,-4.98,0.08859357696567,0.07959579180509413,12.5,12.0,120000.0,20000.0,13.0,5.0,0.0,1
301.0,7122,0.08859357696567,0.07959579180509413,0.0,12.0,120000.0,20000.0,17.0,5.0,0.0,3,52,0.0024752475247524753,-4.98,0.08859357696567,0.07959579180509413,0.0,12.0,120000.0,20000.0,17.0,5.0,0.0,1
301.0,7574,0.08859357696567,0.07959579180509413,12.5,12.0,120000.0,20000.0,16.0,4.0,0.0,3,52,0.0024752475247524753,-4.98,0.08859357696567,0.07959579180509413,12.5,12.0,120000.0,20000.0,16.0,4.0,0.0,1
301.0,9359,0.08859357696567,0.07959579180509413,0.0,12.0,120000.0,0.0,0.0,7.0,0.0,3,94,0.0024752475247524753,-4.98,0.08859357696567,0.07959579180509413,0.0,12.0,120000.0,0.0,0.0,7.0,0.0,1
301.0,11613,0.08859357696567,0.07959579180509413,0.0,12.0,120000.0,0.0,0.0,3.0,0.0,3,94,0.0024752475247524753,-4.98,0.08859357696567,0.07959579180509413,0.0,12.0,120000.0,0.0,0.0,3.0,0.0,1
301.0,12524,0.08859357696567,0.07959579180509413,0.0,12.0,120000.0,0.0,0.0,4.0,0.0,1,40,0.0024752475247524753,-4.98,0.08859357696567,0.07959579180509413,0.0,12.0,120000.0,0.0,0.0,4.0,0.0,1
295.0,6676,0.0903954802259887,0.08121468926553672,0.0,12.0,120000.0,20000.0,12.0,5.0,0.0,1,2,0.0024752475247524753,9.769582916666666,0.08859063081213368,0.07959314487027634,0.0,12.0,120000.0,20000.0,12.0,5.0,0.0,0
281.0,2772,0.09489916963226572,0.08526097271648873,12.5,25.0,400000.0,20000.0,10.0,4.0,0.0,0,0,0.0024752475247524753,9.5995498,0.08859063081213368,0.07959314487027634,12.5,25.0,400000.0,20000.0,10.0,4.0,0.0,0
302.0,112,0.08830022075055188,0.07933222958057395,0.0,8.0,80000.0,20000.0,13.0,3.0,0.0,1,40,0.0024752475247524753,-4.98,0.08830022075055188,0.07933222958057395,0.0,8.0,80000.0,20000.0,13.0,3.0,0.0,1
302.0,548,0.08830022075055188,0.07933222958057395,12.5,8.0,80000.0,20000.0,25.0,4.0,0.0,3,77,0.0024752475247524753,-4.98,0.08830022075055188,0.07933222958057395,12.5,8.0,80000.0,20000.0,25.0,4.0,0.0,1
302.0,1912,0.08830022075055188,0.07933222958057395,0.0,8.0,80000.0,0.0,0.0,3.0,0.0,3,77,0.0024752475247524753,-4.98,0.08830022075055188,0.07933222958057395,0.0,8.0,80000.0,0.0,0.0,3.0,0.0,1
302.0,2362,0.08830022075055188,0.07933222958057395,0.0,8.0,80000.0,0.0,0.0,5.0,0.0,3,13,0.0024752475247524753,-4.98,0.08830022075055188,0.07933222958057395,0.0,8.0,80000.0,0.0,0.0,5.0,0.0,1
302.0,2779,0.08830022075055188,0.07933222958057395,12.5,25.0,400000.0,20000.0,10.0,4.0,0.0,3,13,0.0024752475247524753,-4.98,0.08830022075055188,0.07933222958057395,12.5,25.0,400000.0,20000.0,10.0,4.0,0.0,1
302.0,3145,0.08830022075055188,0.07933222958057395,0.0,25.0,400000.0,0.0,0.0,5.0,0.0,2,48,0.0024752475247524753,-4.98,0.08830022075055188,0.07933222958057395,0.0,25.0,400000.0,0.0,0.0,5.0,0.0,1
302.0,4943,0.08830022075055188,0.07933222958057395,0.0,25.0,400000.0,0.0,0.0,5.0,0.0,2,48,0.0024752475247524753,-4.98,0.08830022075055188,0.07933222958057395,0.0,25.0,400000.0,0.0,0.0,5.0,0.0,1
302.0,5779,0.08830022075055188,0.07933222958057395,12.5,12.0,120000.0,20000.0,11.0,2.0,0.0,2,75,0.0024752475247524753,-4.98,0.08830022075055188,0.07933222958057395,12.5,12.0,120000.0,20000.0,11.0,2.0,0.0,1
302.0,8022,0.08830022075055188,0.07933222958057395,12.5,12.0,120000.0,20000.0,28.0,2.0,0.0,2,75,0.0024752475247524753,-4.98,0.08830022075055188,0.07933222958057395,12.5,12.0,120000.0,20000.0,28.0,2.0,0.0,1
302.0,9370,0.08830022075055188,0.07933222958057395,0.0,12.0,120000.0,0.0,0.0,7.0,0.0,2,75,0.0024752475247524753,-4.98,0.08830022075055188,0.07933222958057395,0.0,12.0,120000.0,0.0,0.0,7.0,0.0,1
298.0,546,0.0894854586129754,0.08039709172259507,0.0,8.0,80000.0,20000.0,24.0,4.0,0.0,1,28,0.0024752475247524753,9.769374374999998,0.08829729407534097,0.07932960014581414,0.0,8.0,80000.0,20000.0,24.0,4.0,0.0,0
303.0,1007,0.088008800880088,0.07907040704070407,0.0,8.0,80000.0,20000.0,55.0,1.0,0.0,2,75,0.0024752475247524753,-4.98,0.088008800880088,0.07907040704070407,0.0,8.0,80000.0,20000.0,55.0,1.0,0.0,1
303.0,9360,0.088008800880088,0.07907040704070407,0.0,12.0,120000.0,0.0,0.0,7.0,0.0,1,75,0.0024752475247524753,-4.98,0.088008800880088,0.07907040704070407,0.0,12.0,120000.0,0.0,0.0,7.0,0.0,1
303.0,11614,0.088008800880088,0.07907040704070407,0.0,12.0,120000.0,0.0,0.0,3.0,0.0,2,42,0.0024752475247524753,-4.98,0.088008800880088,0.07907040704070407,0.0,12.0,120000.0,0.0,0.0,3.0,0.0,1
303.0,12525,0.088008800880088,0.07907040704070407,0.0,12.0,120000.0,0.0,0.0,4.0,0.0,2,42,0.0024752475247524753,-4.98,0.088008800880088,0.07907040704070407,0.0,12.0,120000.0,0.0,0.0,4.0,0.0,1
297.0,7572,0.08978675645342313,0.08066778900112234,12.5,12.0,120000.0,20000.0,16.0,4.0,0.0,0,0,0.0024752475247524753,9.749332916666667,0.0880058934906694,0.07906779493302328,12.5,12.0,120000.0,20000.0,16.0,4.0,0.0,0
283.0,4571,0.09422850412249706,0.08465842167255595,37.5,25.0,400000.0,20000.0,15.0,3.0,0.0,0,0,0.0024752475247524753,9.5995498,0.0880058934906694,0.07906779493302328,12.5,25.0,400000.0,20000.0,13.0,3.0,0.0,0
298.0,5777,0.0894854586129754,0.08039709172259507,0.0,12.0,120000.0,20000.0,10.0,2.0,0.0,0,0,0.0024752475247524753,9.75,0.08771929824561403,0.07881030701754385,0.0,12.0,120000.0,20000.0,11.0,2.0,0.0,0
298.0,8020,0.0894854586129754,0.08039709172259507,0.0,12.0,120000.0,20000.0,27.0,2.0,0.0,0,0,0.0024752475247524753,9.75,0.08771929824561403,0.07881030701754385,0.0,12.0,120000.0,20000.0,27.0,2.0,0.0,0
304.0,113,0.08771929824561403,0.07881030701754385,0.0,8.0,80000.0,20000.0,13.0,3.0,0.0,2,43,0.0024752475247524753,-4.98,0.08771929824561403,0.07881030701754385,0.0,8.0,80000.0,20000.0,13.0,3.0,0.0,1
304.0,549,0.08771929824561403,0.07881030701754385,0.0,8.0,80000.0,20000.0,24.0,4.0,0.0,2,43,0.0024752475247524753,-4.98,0.08771929824561403,0.07881030701754385,0.0,8.0,80000.0,20000.0,24.0,4.0,0.0,1
304.0,1913,0.08771929824561403,0.07881030701754385,0.0,8.0,80000.0,0.0,0.0,3.0,0.0,1,37,0.0024752475247524753,-4.98,0.08771929824561403,0.07881030701754385,0.0,8.0,80000.0,0.0,0.0,3.0,0.0,1
304.0,2363,0.08771929824561403,0.07881030701754385,0.0,8.0,80000.0,0.0,0.0,5.0,0.0,1,37,0.0024752475247524753,-4.98,0.08771929824561403,0.07881030701754385,0.0,8.0,80000.0,0.0,0.0,5.0,0.0,1
304.0,4578,0.08771929824561403,0.07881030701754385,12.5,25.0,400000.0,20000.0,13.0,3.0,0.0,2,13,0.0024752475247524753,-4.98,0.08771929824561403,0.07881030701754385,12.5,25.0,400000.0,20000.0,13.0,3.0,0.0,1
304.0,4580,0.08771929824561403,0.07881030701754385,12.5,25.0,400000.0,20000.0,13.0,3.0,0.0,2,13,0.0024752475247524753,-4.98,0.08771929824561403,0.07881030701754385,12.5,25.0,400000.0,20000.0,13.0,3.0,0.0,1
304.0,8023,0.08771929824561403,0.07881030701754385,0.0,12.0,120000.0,20000.0,27.0,2.0,0.0,1,66,0.0024752475247524753,-4.98,0.08771929824561403,0.07881030701754385,0.0,12.0,120000.0,20000.0,27.0,2.0,0.0,1
304.0,9371,0.08771929824561403,0.07881030701754385,0.0,12.0,120000.0,0.0,0.0,7.0,0.0,3,90,0.0024752475247524753,-4.98,0.08771929824561403,0.07881030701754385,0.0,12.0,120000.0,0.0,0.0,7.0,0.0,1
305.0,1008,0.08743169398907104,0.07855191256830601,0.0,8.0,80000.0,20000.0,55.0,1.0,0.0,3,90,0.0024752475247524753,-4.98,0.08743169398907104,0.07855191256830601,0.0,8.0,80000.0,20000.0,55.0,1.0,0.0,1
305.0,3146,0.08743169398907104,0.07855191256830601,0.0,25.0,400000.0,0.0,0.0,5.0,0.0,1,7,0.0024752475247524753,-4.98,0.08743169398907104,0.07855191256830601,0.0,25.0,400000.0,0.0,0.0,5.0,0.0,1
305.0,4944,0.08743169398907104,0.07855191256830601,0.0,25.0,400000.0,0.0,0.0,5.0,0.0,1,7,0.0024752475247524753,-4.98,0.08743169398907104,0.07855191256830601,0.0,25.0,400000.0,0.0,0.0,5.0,0.0,1
305.0,6228,0.08743169398907104,0.07855191256830601,12.5,12.0,120000.0,20000.0,46.0,3.0,0.0,2,11,0.0024752475247524753,-4.98,0.08743169398907104,0.07855191256830601,12.5,12.0,120000.0,20000.0,46.0,3.0,0.0,1
305.0,6681,0.08743169398907104,0.07855191256830601,12.5,12.0,120000.0,20000.0,13.0,5.0,0.0,2,11,0.0024752475247524753,-4.98,0.08743169398907104,0.07855191256830601,12.5,12.0,120000.0,20000.0,13.0,5.0,0.0,1
305.0,7124,0.08743169398907104,0.07855191256830601,12.5,12.0,120000.0,20000.0,18.0,5.0,0.0,1,61,0.0024752475247524753,-4.98,0.08743169398907104,0.07855191256830601,12.5,12.0,120000.0,20000.0,18.0,5.0,0.0,1
305.0,7576,0.08743169398907104,0.07855191256830601,12.5,12.0,120000.0,20000.0,16.0,4.0,0.0,3,66,0.0024752475247524753,-4.98,0.08743169398907104,0.07855191256830601,12.5,12.0,120000.0,20000.0,16.0,4.0,0.0,1
305.0,9361,0.08743169398907104,0.07855191256830601,0.0,12.0,120000.0,0.0,0.0,7.0,0.0,3,13,0.0024752475247524753,-4.98,0.08743169398907104,0.07855191256830601,0.0,12.0,120000.0,0.0,0.0,7.0,0.0,1
305.0,9820,0.08743169398907104,0.07855191256830601,0.0,12.0,120000.0,0.0,0.0,3.0,0.0,3,13,0.0024752475247524753,-4.98,0.08743169398907104,0.07855191256830601,0.0,12.0,120000.0,0.0,0.0,3.0,0.0,1
305.0,11615,0.08743169398907104,0.07855191256830601,0.0,12.0,120000.0,0.0,0.0,3.0,0.0,3,94,0.0024752475247524753,-4.98,0.08743169398907104,0.07855191256830601,0.0,12.0,120000.0,0.0,0.0,3.0,0.0,1
305.0,12526,0.08743169398907104,0.07855191256830601,0.0,12.0,120000.0,0.0,0.0,4.0,0.0,3,94,0.0024752475247524753,-4.98,0.08743169398907104,0.07855191256830601,0.0,12.0,120000.0,0.0,0.0,4.0,0.0,1
286.0,3491,0.09324009324009325,0.08377039627039627,0.0,25.0,400000.0,20000.0,12.0,2.0,0.0,1,46,0.0024752475247524753,9.61975,0.08714596949891067,0.07829520697167756,12.5,25.0,400000.0,20000.0,15.0,2.0,0.0,0
306.0,114,0.08714596949891067,0.07829520697167756,0.0,8.0,80000.0,20000.0,13.0,3.0,0.0,1,13,0.0024752475247524753,-4.98,0.08714596949891067,0.07829520697167756,0.0,8.0,80000.0,20000.0,13.0,3.0,0.0,1
306.0,1914,0.08714596949891067,0.07829520697167756,0.0,8.0,80000.0,0.0,0.0,3.0,0.0,1,13,0.0024752475247524753,-4.98,0.08714596949891067,0.07829520697167756,0.0,8.0,80000.0,0.0,0.0,3.0,0.0,1
306.0,2364,0.08714596949891067,0.07829520697167756,0.0,8.0,80000.0,0.0,0.0,5.0,0.0,1,35,0.0024752475247524753,-4.98,0.08714596949891067,0.07829520697167756,0.0,8.0,80000.0,0.0,0.0,5.0,0.0,1
306.0,2783,0.08714596949891067,0.07829520697167756,25.0,25.0,400000.0,20000.0,11.0,4.0,0.0,1,35,0.0024752475247524753,-4.975,0.08714596949891067,0.07829520697167756,25.0,25.0,400000.0,20000.0,11.0,4.0,0.0,1
306.0,8920,0.08714596949891067,0.07829520697167756,0.0,12.0,120000.0,0.0,0.0,3.0,0.0,3,35,0.0024752475247524753,-4.98,0.08714596949891067,0.07829520697167756,0.0,12.0,120000.0,0.0,0.0,3.0,0.0,1
306.0,9372,0.08714596949891067,0.07829520697167756,0.0,12.0,120000.0,0.0,0.0,7.0,0.0,1,44,0.0024752475247524753,-4.98,0.08714596949891067,0.07829520697167756,0.0,12.0,120000.0,0.0,0.0,7.0,0.0,1
286.0,3845,0.09324009324009325,0.08377039627039627,25.0,25.0,400000.0,20000.0,30.0,0.0,0.0,0,0,0.0024752475247524753,9.5995498,0.08714311883675527,0.0782926458298973,12.5,25.0,400000.0,20000.0,29.0,0.0,0.0,0
286.0,4572,0.09324009324009325,0.08377039627039627,50.0,25.0,400000.0,20000.0,16.0,3.0,0.0,0,0,0.0024752475247524753,9.5997998,0.08714311883675527,0.0782926458298973,0.0,25.0,400000.0,20000.0,12.0,3.0,0.0,0
307.0,1009,0.08686210640608036,0.07804017372421282,0.0,8.0,80000.0,20000.0,55.0,1.0,0.0,1,44,0.0024752475247524753,-4.98,0.08686210640608036,0.07804017372421282,0.0,8.0,80000.0,20000.0,55.0,1.0,0.0,1
307.0,3498,0.08686210640608036,0.07804017372421282,12.5,25.0,400000.0,20000.0,15.0,2.0,0.0,1,19,0.0024752475247524753,-4.98,0.08686210640608036,0.07804017372421282,12.5,25.0,400000.0,20000.0,15.0,2.0,0.0,1
307.0,3852,0.08686210640608036,0.07804017372421282,12.5,25.0,400000.0,20000.0,29.0,0.0,0.0,2,19,0.0024752475247524753,-4.98,0.08686210640608036,0.07804017372421282,12.5,25.0,400000.0,20000.0,29.0,0.0,0.0,1
307.0,7125,0.08686210640608036,0.07804017372421282,12.5,12.0,120000.0,20000.0,18.0,5.0,0.0,1,71,0.0024752475247524753,-4.98,0.08686210640608036,0.07804017372421282,12.5,12.0,120000.0,20000.0,18.0,5.0,0.0,1
307.0,7577,0.08686210640608036,0.07804017372421282,12.5,12.0,120000.0,20000.0,16.0,4.0,0.0,1,71,0.0024752475247524753,-4.98,0.08686210640608036,0.07804017372421282,12.5,12.0,120000.0,20000.0,16.0,4.0,0.0,1
307.0,8470,0.08686210640608036,0.07804017372421282,0.0,12.0,120000.0,20000.0,50.0,1.0,0.0,2,82,0.0024752475247524753,-4.98,0.08686210640608036,0.07804017372421282,0.0,12.0,120000.0,20000.0,50.0,1.0,0.0,1
307.0,9362,0.08686210640608036,0.07804017372421282,0.0,12.0,120000.0,0.0,0.0,7.0,0.0,2,82,0.0024752475247524753,-4.98,0.08686210640608036,0.07804017372421282,0.0,12.0,120000.0,0.0,0.0,7.0,0.0,1
307.0,9821,0.08686210640608036,0.07804017372421282,0.0,12.0,120000.0,0.0,0.0,3.0,0.0,3,8,0.0024752475247524753,-4.98,0.08686210640608036,0.07804017372421282,0.0,12.0,120000.0,0.0,0.0,3.0,0.0,1
307.0,11616,0.08686210640608036,0.07804017372421282,0.0,12.0,120000.0,0.0,0.0,3.0,0.0,3,8,0.0024752475247524753,-4.98,0.08686210640608036,0.07804017372421282,0.0,12.0,120000.0,0.0,0.0,3.0,0.0,1
307.0,12527,0.08686210640608036,0.07804017372421282,0.0,12.0,120000.0,0.0,0.0,4.0,0.0,1,29,0.0024752475247524753,-4.98,0.08686210640608036,0.07804017372421282,0.0,12.0,120000.0,0.0,0.0,4.0,0.0,1
287.0,2774,0.09291521486643438,0.08347851335656213,25.0,25.0,400000.0,20000.0,11.0,4.0,0.0,0,0,0.0024752475247524753,9.5995498,0.08685927428446605,0.07803762923994996,12.5,25.0,400000.0,20000.0,10.0,4.0,0.0,0
308.0,115,0.08658008658008658,0.07778679653679654,0.0,8.0,80000.0,20000.0,13.0,3.0,0.0,1,29,0.0024752475247524753,-4.98,0.08658008658008658,0.07778679653679654,0.0,8.0,80000.0,20000.0,13.0,3.0,0.0,1
308.0,1915,0.08658008658008658,0.07778679653679654,0.0,8.0,80000.0,0.0,0.0,3.0,0.0,1,29,0.0024752475247524753,-4.98,0.08658008658008658,0.07778679653679654,0.0,8.0,80000.0,0.0,0.0,3.0,0.0,1
308.0,2365,0.08658008658008658,0.07778679653679654,0.0,8.0,80000.0,0.0,0.0,5.0,0.0,1,29,0.0024752475247524753,-4.98,0.08658008658008658,0.07778679653679654,0.0,8.0,80000.0,0.0,0.0,5.0,0.0,1
308.0,3147,0.08658008658008658,0.07778679653679654,0.0,25.0,400000.0,0.0,0.0,5.0,0.0,3,51,0.0024752475247524753,-4.98,0.08658008658008658,0.07778679653679654,0.0,25.0,400000.0,0.0,0.0,5.0,0.0,1
308.0,4945,0.08658008658008658,0.07778679653679654,0.0,25.0,400000.0,0.0,0.0,5.0,0.0,3,51,0.0024752475247524753,-4.98,0.08658008658008658,0.07778679653679654,0.0,25.0,400000.0,0.0,0.0,5.0,0.0,1
308.0,8025,0.08658008658008658,0.07778679653679654,12.5,12.0,120000.0,20000.0,28.0,2.0,0.0,2,83,0.0024752475247524753,-4.98,0.08658008658008658,0.07778679653679654,12.5,12.0,120000.0,20000.0,28.0,2.0,0.0,1
308.0,8921,0.08658008658008658,0.07778679653679654,0.0,12.0,120000.0,0.0,0.0,3.0,0.0,2,83,0.0024752475247524753,-4.98,0.08658008658008658,0.07778679653679654,0.0,12.0,120000.0,0.0,0.0,3.0,0.0,1
308.0,9373,0.08658008658008658,0.07778679653679654,0.0,12.0,120000.0,0.0,0.0,7.0,0.0,3,28,0.0024752475247524753,-4.98,0.08658008658008658,0.07778679653679654,0.0,12.0,120000.0,0.0,0.0,7.0,0.0,1
303.0,6227,0.088008800880088,0.07907040704070407,0.0,12.0,120000.0,20000.0,45.0,3.0,0.0,0,0,0.0024752475247524753,9.74975,0.08629989212513485,0.07753505933117584,12.5,12.0,120000.0,20000.0,46.0,3.0,0.0,0
303.0,6680,0.088008800880088,0.07907040704070407,0.0,12.0,120000.0,20000.0,12.0,5.0,0.0,0,0,0.0024752475247524753,9.74975,0.08629989212513485,0.07753505933117584,12.5,12.0,120000.0,20000.0,13.0,5.0,0.0,0
303.0,7123,0.088008800880088,0.07907040704070407,0.0,12.0,120000.0,20000.0,17.0,5.0,0.0,0,0,0.0024752475247524753,9.75,0.08629989212513485,0.07753505933117584,0.0,12.0,120000.0,20000.0,18.0,5.0,0.0,0
309.0,1010,0.08629989212513485,0.07753505933117584,0.0,8.0,80000.0,20000.0,55.0,1.0,0.0,3,28,0.0024752475247524753,-4.98,0.08629989212513485,0.07753505933117584,0.0,8.0,80000.0,20000.0,55.0,1.0,0.0,1
309.0,2784,0.08629989212513485,0.07753505933117584,12.5,25.0,400000.0,20000.0,10.0,4.0,0.0,3,71,0.0024752475247524753,-4.98,0.08629989212513485,0.07753505933117584,12.5,25.0,400000.0,20000.0,10.0,4.0,0.0,1
309.0,6230,0.08629989212513485,0.07753505933117584,12.5,12.0,120000.0,20000.0,46.0,3.0,0.0,2,81,0.0024752475247524753,-4.98,0.08629989212513485,0.07753505933117584,12.5,12.0,120000.0,20000.0,46.0,3.0,0.0,1
309.0,6683,0.08629989212513485,0.07753505933117584,12.5,12.0,120000.0,20000.0,13.0,5.0,0.0,2,81,0.0024752475247524753,-4.98,0.08629989212513485,0.07753505933117584,12.5,12.0,120000.0,20000.0,13.0,5.0,0.0,1
309.0,7578,0.08629989212513485,0.07753505933117584,12.5,12.0,120000.0,20000.0,16.0,4.0,0.0,1,78,0.0024752475247524753,-4.98,0.08629989212513485,0.07753505933117584,12.5,12.0,120000.0,20000.0,16.0,4.0,0.0,1
309.0,9363,0.08629989212513485,0.07753505933117584,0.0,12.0,120000.0,0.0,0.0,7.0,0.0,1,74,0.0024752475247524753,-4.98,0.08629989212513485,0.07753505933117584,0.0,12.0,120000.0,0.0,0.0,7.0,0.0,1
309.0,9822,0.08629989212513485,0.07753505933117584,0.0,12.0,120000.0,0.0,0.0,3.0,0.0,3,6,0.0024752475247524753,-4.98,0.08629989212513485,0.07753505933117584,0.0,12.0,120000.0,0.0,0.0,3.0,0.0,1
309.0,11617,0.08629989212513485,0.07753505933117584,0.0,12.0,120000.0,0.0,0.0,3.0,0.0,3,6,0.0024752475247524753,-4.98,0.08629989212513485,0.07753505933117584,0.0,12.0,120000.0,0.0,0.0,3.0,0.0,1
309.0,12528,0.08629989212513485,0.07753505933117584,0.0,12.0,120000.0,0.0,0.0,4.0,0.0,3,6,0.0024752475247524753,-4.98,0.08629989212513485,0.07753505933117584,0.0,12.0,120000.0,0.0,0.0,4.0,0.0,1
303.0,7575,0.088008800880088,0.07907040704070407,12.5,12.0,120000.0,20000.0,16.0,4.0,0.0,0,0,0.0024752475247524753,9.749582916666666,0.08629709654605255,0.07753254767809409,0.0,12.0,120000.0,20000.0,15.0,4.0,0.0,0
310.0,116,0.08602150537634409,0.07728494623655914,0.0,8.0,80000.0,20000.0,13.0,3.0,0.0,3,6,0.0024752475247524753,-4.98,0.08602150537634409,0.07728494623655914,0.0,8.0,80000.0,20000.0,13.0,3.0,0.0,1
310.0,1916,0.08602150537634409,0.07728494623655914,0.0,8.0,80000.0,0.0,0.0,3.0,0.0,3,74,0.0024752475247524753,-4.98,0.08602150537634409,0.07728494623655914,0.0,8.0,80000.0,0.0,0.0,3.0,0.0,1
310.0,2366,0.08602150537634409,0.07728494623655914,0.0,8.0,80000.0,0.0,0.0,5.0,0.0,3,74,0.0024752475247524753,-4.98,0.08602150537634409,0.07728494623655914,0.0,8.0,80000.0,0.0,0.0,5.0,0.0,1
310.0,3499,0.08602150537634409,0.07728494623655914,12.5,25.0,400000.0,20000.0,15.0,2.0,0.0,1,69,0.0024752475247524753,-4.98,0.08602150537634409,0.07728494623655914,12.5,25.0,400000.0,20000.0,15.0,2.0,0.0,1
310.0,3853,0.08602150537634409,0.07728494623655914,12.5,25.0,400000.0,20000.0,29.0,0.0,0.0,2,69,0.0024752475247524753,-4.98,0.08602150537634409,0.07728494623655914,12.5,25.0,400000.0,20000.0,29.0,0.0,0.0,1
310.0,4582,0.08602150537634409,0.07728494623655914,25.0,25.0,400000.0,20000.0,14.0,3.0,0.0,3,98,0.0024752475247524753,-4.975,0.08602150537634409,0.07728494623655914,25.0,25.0,400000.0,20000.0,14.0,3.0,0.0,1
310.0,5322,0.08602150537634409,0.07728494623655914,25.0,12.0,120000.0,20000.0,15.0,2.0,0.0,3,98,0.0024752475247524753,-4.975,0.08602150537634409,0.07728494623655914,25.0,12.0,120000.0,20000.0,15.0,2.0,0.0,1
310.0,8026,0.08602150537634409,0.07728494623655914,12.5,12.0,120000.0,20000.0,28.0,2.0,0.0,2,16,0.0024752475247524753,-4.98,0.08602150537634409,0.07728494623655914,12.5,12.0,120000.0,20000.0,28.0,2.0,0.0,1
310.0,8922,0.08602150537634409,0.07728494623655914,0.0,12.0,120000.0,0.0,0.0,3.0,0.0,2,16,0.0024752475247524753,-4.98,0.08602150537634409,0.07728494623655914,0.0,12.0,120000.0,0.0,0.0,3.0,0.0,1
310.0,9374,0.08602150537634409,0.07728494623655914,0.0,12.0,120000.0,0.0,0.0,7.0,0.0,3,59,0.0024752475247524753,-4.98,0.08602150537634409,0.07728494623655914,0.0,12.0,120000.0,0.0,0.0,7.0,0.0,1
304.0,5780,0.08771929824561403,0.07881030701754385,0.0,12.0,120000.0,20000.0,10.0,2.0,0.0,1,66,0.0024752475247524753,9.768832916666666,0.08601872780387533,0.07728245076129424,37.5,12.0,120000.0,20000.0,13.0,2.0,0.0,0
311.0,1011,0.0857449088960343,0.07703644158628081,0.0,8.0,80000.0,20000.0,55.0,1.0,0.0,3,59,0.0024752475247524753,-4.98,0.0857449088960343,0.07703644158628081,0.0,8.0,80000.0,20000.0,55.0,1.0,0.0,1
311.0,3148,0.0857449088960343,0.07703644158628081,0.0,25.0,400000.0,0.0,0.0,5.0,0.0,1,31,0.0024752475247524753,-4.98,0.0857449088960343,0.07703644158628081,0.0,25.0,400000.0,0.0,0.0,5.0,0.0,1
311.0,4946,0.0857449088960343,0.07703644158628081,0.0,25.0,400000.0,0.0,0.0,5.0,0.0,1,31,0.0024752475247524753,-4.98,0.0857449088960343,0.07703644158628081,0.0,25.0,400000.0,0.0,0.0,5.0,0.0,1
311.0,6231,0.0857449088960343,0.07703644158628081,12.5,12.0,120000.0,20000.0,46.0,3.0,0.0,3,69,0.0024752475247524753,-4.98,0.0857449088960343,0.07703644158628081,12.5,12.0,120000.0,20000.0,46.0,3.0,0.0,1
311.0,6684,0.0857449088960343,0.07703644158628081,12.5,12.0,120000.0,20000.0,13.0,5.0,0.0,3,69,0.0024752475247524753,-4.98,0.0857449088960343,0.07703644158628081,12.5,12.0,120000.0,20000.0,13.0,5.0,0.0,1
311.0,7127,0.0857449088960343,0.07703644158628081,12.5,12.0,120000.0,20000.0,18.0,5.0,0.0,2,3,0.0024752475247524753,-4.98,0.0857449088960343,0.07703644158628081,12.5,12.0,120000.0,20000.0,18.0,5.0,0.0,1
311.0,7579,0.0857449088960343,0.07703644158628081,0.0,12.0,120000.0,20000.0,16.0,4.0,0.0,2,3,0.0024752475247524753,-4.98,0.0857449088960343,0.07703644158628081,0.0,12.0,120000.0,20000.0,16.0,4.0,0.0,1
311.0,8472,0.0857449088960343,0.07703644158628081,12.5,12.0,120000.0,20000.0,51.0,1.0,0.0,3,78,0.0024752475247524753,-4.98,0.0857449088960343,0.07703644158628081,12.5,12.0,120000.0,20000.0,51.0,1.0,0.0,1
311.0,9364,0.0857449088960343,0.07703644158628081,0.0,12.0,120000.0,0.0,0.0,7.0,0.0,3,78,0.0024752475247524753,-4.98,0.0857449088960343,0.07703644158628081,0.0,12.0,120000.0,0.0,0.0,7.0,0.0,1
311.0,9823,0.0857449088960343,0.07703644158628081,0.0,12.0,120000.0,0.0,0.0,3.0,0.0,3,78,0.0024752475247524753,-4.98,0.0857449088960343,0.07703644158628081,0.0,12.0,120000.0,0.0,0.0,3.0,0.0,1
311.0,11618,0.0857449088960343,0.07703644158628081,0.0,12.0,120000.0,0.0,0.0,3.0,0.0,3,78,0.0024752475247524753,-4.98,0.0857449088960343,0.07703644158628081,0.0,12.0,120000.0,0.0,0.0,3.0,0.0,1
311.0,12529,0.0857449088960343,0.07703644158628081,0.0,12.0,120000.0,0.0,0.0,4.0,0.0,2,97,0.0024752475247524753,-4.98,0.0857449088960343,0.07703644158628081,0.0,12.0,120000.0,0.0,0.0,4.0,0.0,1
306.0,5320,0.08714596949891067,0.07829520697167756,0.0,12.0,120000.0,20000.0,13.0,2.0,0.0,0,0,0.0024752475247524753,9.74975,0.08547008547008547,0.07678952991452992,12.5,12.0,120000.0,20000.0,14.0,2.0,0.0,0
306.0,8024,0.08714596949891067,0.07829520697167756,0.0,12.0,120000.0,20000.0,27.0,2.0,0.0,0,0,0.0024752475247524753,9.75,0.08547008547008547,0.07678952991452992,0.0,12.0,120000.0,20000.0,27.0,2.0,0.0,0
312.0,117,0.08547008547008547,0.07678952991452992,0.0,8.0,80000.0,20000.0,13.0,3.0,0.0,2,97,0.0024752475247524753,-4.98,0.08547008547008547,0.07678952991452992,0.0,8.0,80000.0,20000.0,13.0,3.0,0.0,1
312.0,1917,0.08547008547008547,0.07678952991452992,0.0,8.0,80000.0,0.0,0.0,3.0,0.0,1,23,0.0024752475247524753,-4.98,0.08547008547008547,0.07678952991452992,0.0,8.0,80000.0,0.0,0.0,3.0,0.0,1
312.0,2367,0.08547008547008547,0.07678952991452992,0.0,8.0,80000.0,0.0,0.0,5.0,0.0,1,23,0.0024752475247524753,-4.98,0.08547008547008547,0.07678952991452992,0.0,8.0,80000.0,0.0,0.0,5.0,0.0,1
312.0,2785,0.08547008547008547,0.07678952991452992,12.5,25.0,400000.0,20000.0,10.0,4.0,0.0,1,69,0.0024752475247524753,-4.98,0.08547008547008547,0.07678952991452992,12.5,25.0,400000.0,20000.0,10.0,4.0,0.0,1
312.0,3860,0.08547008547008547,0.07678952991452992,12.5,25.0,400000.0,20000.0,29.0,0.0,0.0,3,69,0.0024752475247524753,-4.98,0.08547008547008547,0.07678952991452992,12.5,25.0,400000.0,20000.0,29.0,0.0,0.0,1
312.0,5323,0.08547008547008547,0.07678952991452992,12.5,12.0,120000.0,20000.0,14.0,2.0,0.0,2,43,0.0024752475247524753,-4.98,0.08547008547008547,0.07678952991452992,12.5,12.0,120000.0,20000.0,14.0,2.0,0.0,1
312.0,5784,0.08547008547008547,0.07678952991452992,37.5,12.0,120000.0,20000.0,13.0,2.0,0.0,2,43,0.0024752475247524753,-4.9625,0.08547008547008547,0.07678952991452992,37.5,12.0,120000.0,20000.0,13.0,2.0,0.0,1
312.0,8027,0.08547008547008547,0.07678952991452992,0.0,12.0,120000.0,20000.0,27.0,2.0,0.0,1,46,0.0024752475247524753,-4.98,0.08547008547008547,0.07678952991452992,0.0,12.0,120000.0,20000.0,27.0,2.0,0.0,1
312.0,8923,0.08547008547008547,0.07678952991452992,0.0,12.0,120000.0,0.0,0.0,3.0,0.0,1,46,0.0024752475247524753,-4.98,0.08547008547008547,0.07678952991452992,0.0,12.0,120000.0,0.0,0.0,3.0,0.0,1
312.0,9375,0.08547008547008547,0.07678952991452992,0.0,12.0,120000.0,0.0,0.0,7.0,0.0,1,99,0.0024752475247524753,-4.98,0.08547008547008547,0.07678952991452992,0.0,12.0,120000.0,0.0,0.0,7.0,0.0,1
306.0,5781,0.08714596949891067,0.07829520697167756,12.5,12.0,120000.0,20000.0,11.0,2.0,0.0,0,0,0.0024752475247524753,9.749082916666666,0.08546734339281828,0.07678706632948518,25.0,12.0,120000.0,20000.0,12.0,2.0,0.0,0
