time,task_id,s0,s1,s2,s3,s4,s5,s6,s7,s8,action_offload,action_prb,action_prob,reward,s_next0,s_next1,s_next2,s_next3,s_next4,s_next5,s_next6,s_next7,s_next8,done
39.0,5221,0.0,0.0,0.0,12.0,120000.0,20000.0,1.0,6.0,0.999,1,100,0.0024752475247524753,9.860966666666666,0.0,0.0,0.0,12.0,120000.0,20000.0,1.0,6.0,0.986,0
43.0,5671,0.0,0.0,0.0,12.0,120000.0,20000.0,1.0,2.0,0.993,1,100,0.0024752475247524753,9.902033333333334,0.0,0.0,0.0,12.0,120000.0,20000.0,1.0,2.0,0.974,0
41.0,7021,0.0,0.0,0.0,12.0,120000.0,20000.0,1.0,5.0,0.996,0,0,0.0024752475247524753,9.7987,0.0,0.0,0.0,12.0,120000.0,20000.0,1.0,5.0,0.974,0
41.0,7920,0.0,0.0,0.0,12.0,120000.0,20000.0,1.0,5.0,0.996,0,0,0.0024752475247524753,9.7987,0.0,0.0,0.0,12.0,120000.0,20000.0,1.0,5.0,0.974,0
45.0,7023,0.0,0.0,12.5,12.0,120000.0,20000.0,2.0,5.0,0.983,1,100,0.0024752475247524753,9.901583333333333,0.0,0.06377551020408163,0.0,12.0,120000.0,20000.0,1.0,4.0,0.965,0
47.0,7923,0.0,0.0,0.0,12.0,120000.0,20000.0,1.0,5.0,0.974,1,100,0.0024752475247524753,9.901033333333334,0.0,0.061274509803921566,0.0,12.0,120000.0,20000.0,1.0,5.0,0.954,0
45.0,7471,0.0,0.0,0.0,12.0,120000.0,20000.0,1.0,2.0,0.983,1,100,0.0024752475247524753,9.8177,0.0,0.061274509803921566,0.0,12.0,120000.0,20000.0,2.0,2.0,0.954,0
47.0,5673,0.0,0.0,0.0,12.0,120000.0,20000.0,1.0,2.0,0.974,1,100,0.0024752475247524753,9.859166666666665,0.0,0.06009615384615385,25.0,12.0,120000.0,20000.0,3.0,2.0,0.95,0
45.0,5672,0.0,0.0,0.0,12.0,120000.0,20000.0,1.0,2.0,0.983,2,100,0.0024752475247524753,9.775883333333333,0.0,0.06009615384615385,25.0,12.0,120000.0,20000.0,3.0,2.0,0.951,0
49.0,5226,0.0,0.06377551020408163,0.0,12.0,120000.0,20000.0,1.0,6.0,0.965,1,100,0.0024752475247524753,9.900633333333333,0.0,0.0589622641509434,0.0,12.0,120000.0,20000.0,1.0,6.0,0.946,0
46.0,8821,0.0,0.0,0.0,12.0,120000.0,0.0,0.0,2.0,0.979,1,100,0.0024752475247524753,9.733716666666666,0.0,0.057870370370370364,0.0,12.0,120000.0,0.0,0.0,2.0,0.941,0
49.0,5674,0.0,0.06377551020408163,0.0,12.0,120000.0,20000.0,1.0,2.0,0.965,1,91,0.0024752475247524753,9.816650000000001,0.0,0.17045454545454544,12.5,12.0,120000.0,20000.0,2.0,2.0,0.938,0
54.0,11975,0.0,0.057870370370370364,0.0,12.0,120000.0,0.0,0.0,1.0,0.941,1,100,0.0024752475247524753,-2.93395,0.0,0.2741228070175438,0.0,12.0,120000.0,0.0,0.0,0.0,0.926,1
48.0,11972,0.0,0.0,0.0,12.0,120000.0,0.0,0.0,1.0,0.969,1,100,0.0024752475247524753,9.6911,0.0,0.3289473684210526,0.0,12.0,120000.0,0.0,0.0,0.0,0.927,0
51.0,7026,0.0,0.061274509803921566,0.0,12.0,120000.0,20000.0,1.0,4.0,0.954,0,0,0.0024752475247524753,9.79635,0.0,0.3289473684210526,0.0,12.0,120000.0,20000.0,1.0,4.0,0.927,0
51.0,5675,0.0,0.061274509803921566,12.5,12.0,120000.0,20000.0,2.0,2.0,0.954,0,0,0.0024752475247524753,9.795432916666666,0.0,0.3288896107894035,0.0,12.0,120000.0,20000.0,1.0,2.0,0.917,0
51.0,7474,0.0,0.061274509803921566,0.0,12.0,120000.0,20000.0,1.0,2.0,0.954,1,100,0.0024752475247524753,9.815182916666666,0.0,0.3288896107894035,12.5,12.0,120000.0,20000.0,2.0,3.0,0.917,0
44.0,1352,0.0,0.0,0.0,8.0,80000.0,0.0,0.0,6.0,0.986,1,100,0.0024752475247524753,-3.7674833333333333,0.0,0.3270348837209302,0.0,8.0,80000.0,0.0,0.0,6.0,0.917,1
54.0,8825,0.0,0.057870370370370364,0.0,12.0,120000.0,0.0,0.0,2.0,0.941,2,100,0.0024752475247524753,9.899233333333333,0.0,0.3771551724137931,0.0,12.0,120000.0,0.0,0.0,2.0,0.918,0
50.0,11973,0.0,0.0625,0.0,12.0,120000.0,0.0,0.0,1.0,0.958,2,100,0.0024752475247524753,9.6906,0.0,0.423728813559322,0.0,12.0,120000.0,0.0,0.0,0.0,0.912,0
55.0,5677,0.0,0.17045454545454544,12.5,12.0,120000.0,20000.0,2.0,2.0,0.938,1,100,0.0024752475247524753,9.898983333333334,0.0,0.423728813559322,0.0,12.0,120000.0,20000.0,1.0,2.0,0.913,0
43.0,7470,0.0,0.0,0.0,12.0,120000.0,20000.0,1.0,2.0,0.993,2,100,0.0024752475247524753,-3.6010166666666663,0.0,0.423728813559322,12.5,12.0,120000.0,20000.0,2.0,5.0,0.913,1
53.0,7475,0.0,0.0589622641509434,12.5,12.0,120000.0,20000.0,2.0,2.0,0.946,0,0,0.0024752475247524753,9.794732916666666,0.0,0.4236569354928088,0.0,12.0,120000.0,20000.0,1.0,5.0,0.903,0
53.0,5676,0.0,0.0589622641509434,25.0,12.0,120000.0,20000.0,3.0,2.0,0.946,2,100,0.0024752475247524753,9.778483333333334,0.0,0.46875,0.0,12.0,120000.0,20000.0,1.0,2.0,0.903,0
52.0,11974,0.0,0.06009615384615385,0.0,12.0,120000.0,0.0,0.0,1.0,0.951,1,100,0.0024752475247524753,-3.268900416666667,0.0,0.46867180991971175,0.0,12.0,120000.0,0.0,0.0,0.0,0.897,1
56.0,8826,0.0,0.16741071428571427,0.0,12.0,120000.0,0.0,0.0,2.0,0.93,2,100,0.0024752475247524753,9.856566666666666,0.0,0.46106557377049184,0.0,12.0,120000.0,0.0,0.0,2.0,0.898,0
57.0,7477,0.0,0.3289473684210526,25.0,12.0,120000.0,20000.0,3.0,3.0,0.927,2,100,0.0024752475247524753,9.903283333333334,0.0,0.46106557377049184,0.0,12.0,120000.0,20000.0,1.0,5.0,0.899,0
55.0,5229,0.0,0.17045454545454544,0.0,12.0,120000.0,20000.0,1.0,6.0,0.938,0,0,0.0024752475247524753,9.7947,0.0,0.46106557377049184,12.5,12.0,120000.0,20000.0,2.0,7.0,0.899,0
57.0,9270,0.0,0.3289473684210526,0.0,12.0,120000.0,0.0,0.0,7.0,0.927,1,100,0.0024752475247524753,9.855816666666666,0.0,0.5544354838709677,0.0,12.0,120000.0,0.0,0.0,7.0,0.888,0
43.0,5223,0.0,0.0,0.0,12.0,120000.0,20000.0,1.0,7.0,0.993,2,100,0.0024752475247524753,-3.7272666666666665,0.0,0.5544354838709677,12.5,12.0,120000.0,20000.0,2.0,7.0,0.888,1
57.0,7928,0.0,0.3289473684210526,0.0,12.0,120000.0,20000.0,1.0,4.0,0.927,1,100,0.0024752475247524753,9.81415,0.0,0.5952380952380952,12.5,12.0,120000.0,20000.0,2.0,3.0,0.883,0
57.0,5230,0.0,0.3289473684210526,12.5,12.0,120000.0,20000.0,2.0,6.0,0.927,0,0,0.0024752475247524753,9.793032916666666,0.0,0.5951435335433212,12.5,12.0,120000.0,20000.0,2.0,7.0,0.874,0
57.0,7029,0.0,0.3289473684210526,0.0,12.0,120000.0,20000.0,1.0,4.0,0.927,2,100,0.0024752475247524753,9.772033333333333,0.0,0.634765625,12.5,12.0,120000.0,20000.0,2.0,5.0,0.874,0
59.0,9271,0.0,0.423728813559322,0.0,12.0,120000.0,0.0,0.0,7.0,0.913,1,100,0.0024752475247524753,9.855166666666666,0.0,0.634765625,0.0,12.0,120000.0,0.0,0.0,7.0,0.875,0
49.0,7473,0.0,0.06377551020408163,12.5,12.0,120000.0,20000.0,2.0,2.0,0.965,2,100,0.0024752475247524753,-3.5619670833333332,0.0,0.6346663592147541,12.5,12.0,120000.0,20000.0,3.0,5.0,0.869,1
59.0,5679,0.0,0.423728813559322,0.0,12.0,120000.0,20000.0,1.0,2.0,0.913,2,22,0.0024752475247524753,9.8134,0.0,0.625,0.0,12.0,120000.0,20000.0,1.0,2.0,0.868,0
45.0,3780,0.0,0.0,0.0,25.0,400000.0,20000.0,1.0,2.0,0.983,1,100,0.0024752475247524753,9.66315,0.0,0.625,12.5,25.0,400000.0,20000.0,2.0,1.0,0.868,0
59.0,7929,0.0,0.423728813559322,0.0,12.0,120000.0,20000.0,1.0,3.0,0.913,0,0,0.0024752475247524753,9.7934,0.0,0.625,0.0,12.0,120000.0,20000.0,2.0,3.0,0.868,0
61.0,5232,0.0,0.46106557377049184,12.5,12.0,120000.0,20000.0,2.0,7.0,0.899,1,100,0.0024752475247524753,9.854566666666665,0.0,0.7575757575757577,12.5,12.0,120000.0,20000.0,2.0,7.0,0.858,0
58.0,11977,0.0,0.3771551724137931,0.0,12.0,120000.0,0.0,0.0,0.0,0.918,2,100,0.0024752475247524753,9.729616666666665,0.0,0.7575757575757577,0.0,12.0,120000.0,0.0,0.0,0.0,0.859,0
48.0,8822,0.0,0.0,0.0,12.0,120000.0,0.0,0.0,2.0,0.969,2,100,0.0024752475247524753,-3.6876670833333334,0.0,0.7574608760095628,0.0,12.0,120000.0,0.0,0.0,2.0,0.855,1
61.0,5680,0.0,0.46106557377049184,0.0,12.0,120000.0,20000.0,1.0,2.0,0.899,1,100,0.0024752475247524753,9.8128,0.0,0.8395522388059702,12.5,12.0,120000.0,20000.0,2.0,2.0,0.856,0
61.0,7479,0.0,0.46106557377049184,0.0,12.0,120000.0,20000.0,1.0,5.0,0.899,0,0,0.0024752475247524753,9.7928,0.0,0.8395522388059702,0.0,12.0,120000.0,20000.0,2.0,4.0,0.856,0
60.0,8828,0.0,0.46875,0.0,12.0,120000.0,0.0,0.0,2.0,0.903,1,100,0.0024752475247524753,9.728566666666666,0.0,0.8272058823529411,0.0,12.0,120000.0,0.0,0.0,3.0,0.843,0
50.0,8823,0.0,0.0625,0.0,12.0,120000.0,0.0,0.0,2.0,0.958,2,100,0.0024752475247524753,-3.6886170833333334,0.0,0.8270841307037009,0.0,12.0,120000.0,0.0,0.0,3.0,0.836,1
51.0,5227,0.0,0.061274509803921566,0.0,12.0,120000.0,20000.0,1.0,6.0,0.954,2,100,0.0024752475247524753,-3.6469504166666664,0.0,0.8270841307037009,12.5,12.0,120000.0,20000.0,2.0,7.0,0.836,1
63.0,7480,0.0,0.5952380952380952,12.5,12.0,120000.0,20000.0,3.0,5.0,0.883,1,100,0.0024752475247524753,9.8118,0.0,0.8152173913043477,0.0,12.0,120000.0,20000.0,2.0,3.0,0.836,0
60.0,9721,0.0,0.46875,0.0,12.0,120000.0,0.0,0.0,2.0,0.903,1,100,0.0024752475247524753,9.6861,0.0,0.8152173913043477,0.0,12.0,120000.0,0.0,0.0,3.0,0.837,0
63.0,5681,0.0,0.5952380952380952,0.0,12.0,120000.0,20000.0,1.0,2.0,0.883,2,100,0.0024752475247524753,9.8119,0.0,0.8152173913043477,12.5,12.0,120000.0,20000.0,2.0,2.0,0.838,0
63.0,7032,0.0,0.5952380952380952,0.0,12.0,120000.0,20000.0,1.0,5.0,0.883,0,0,0.0024752475247524753,9.7919,0.0,0.8152173913043477,0.0,12.0,120000.0,20000.0,2.0,5.0,0.838,0
49.0,7025,0.0,0.06377551020408163,0.0,12.0,120000.0,20000.0,1.0,4.0,0.965,2,100,0.0024752475247524753,-3.7725004166666665,0.0,0.8150991428634775,12.5,12.0,120000.0,20000.0,2.0,5.0,0.825,1
63.0,5233,0.0,0.5952380952380952,12.5,12.0,120000.0,20000.0,2.0,7.0,0.883,0,0,0.0024752475247524753,9.790832916666666,0.0,0.8150991428634775,0.0,12.0,120000.0,20000.0,1.0,6.0,0.825,0
56.0,1358,0.0,0.16741071428571427,0.0,8.0,80000.0,0.0,0.0,6.0,0.93,1,100,0.0024752475247524753,-3.772708958333333,0.0,0.8111809626715913,0.0,8.0,80000.0,0.0,0.0,6.0,0.825,1
65.0,7033,0.0,0.625,12.5,12.0,120000.0,20000.0,2.0,5.0,0.868,1,100,0.0024752475247524753,9.852966666666665,0.0,0.8482142857142857,12.5,12.0,120000.0,20000.0,2.0,5.0,0.826,0
61.0,7930,0.0,0.46106557377049184,12.5,12.0,120000.0,20000.0,2.0,3.0,0.899,1,100,0.0024752475247524753,9.68635,0.0,0.8482142857142857,25.0,12.0,120000.0,20000.0,3.0,3.0,0.827,0
65.0,7481,0.0,0.625,12.5,12.0,120000.0,20000.0,3.0,5.0,0.868,2,100,0.0024752475247524753,9.81095,0.0,0.880281690140845,0.0,12.0,120000.0,20000.0,2.0,3.0,0.819,0
65.0,9274,0.0,0.625,0.0,12.0,120000.0,0.0,0.0,7.0,0.868,1,100,0.0024752475247524753,9.81075,0.0,0.880281690140845,0.0,12.0,120000.0,0.0,0.0,7.0,0.82,0
67.0,5683,0.0,0.8395522388059702,12.5,12.0,120000.0,20000.0,2.0,2.0,0.856,1,100,0.0024752475247524753,9.894383333333334,0.0,0.880281690140845,12.5,12.0,120000.0,20000.0,2.0,2.0,0.821,0
55.0,7476,0.0,0.17045454545454544,25.0,12.0,120000.0,20000.0,3.0,3.0,0.938,1,100,0.0024752475247524753,-3.600616666666667,0.0,0.880281690140845,0.0,12.0,120000.0,20000.0,2.0,3.0,0.821,1
55.0,11520,0.0,0.17045454545454544,0.0,12.0,120000.0,0.0,0.0,2.0,0.938,1,100,0.0024752475247524753,-3.606116666666667,0.0,0.880281690140845,0.0,12.0,120000.0,0.0,0.0,2.0,0.821,1
65.0,5682,0.0,0.625,0.0,12.0,120000.0,20000.0,1.0,2.0,0.868,0,0,0.0024752475247524753,9.7908,0.0,0.880281690140845,12.5,12.0,120000.0,20000.0,2.0,2.0,0.821,0
65.0,7932,0.0,0.625,0.0,12.0,120000.0,20000.0,1.0,3.0,0.868,0,0,0.0024752475247524753,9.789682916666667,0.0,0.8801576003157866,12.5,12.0,120000.0,20000.0,3.0,3.0,0.807,0
61.0,11523,0.0,0.46106557377049184,0.0,12.0,120000.0,0.0,0.0,2.0,0.899,1,100,0.0024752475247524753,9.601416666666665,0.0,0.9548611111111109,0.0,12.0,120000.0,0.0,0.0,2.0,0.805,0
67.0,7034,0.0,0.8395522388059702,12.5,12.0,120000.0,20000.0,2.0,5.0,0.856,1,100,0.0024752475247524753,9.851966666666666,0.0,0.9548611111111109,12.5,12.0,120000.0,20000.0,2.0,4.0,0.806,0
63.0,11524,0.0,0.5952380952380952,0.0,12.0,120000.0,0.0,0.0,2.0,0.883,1,100,0.0024752475247524753,9.684849999999999,0.0,0.9548611111111109,0.0,12.0,120000.0,0.0,0.0,2.0,0.807,0
49.0,2250,0.0,0.06377551020408163,0.0,8.0,80000.0,0.0,0.0,5.0,0.965,1,100,0.0024752475247524753,-3.9401,0.0,0.9503293161780423,0.0,8.0,80000.0,0.0,0.0,5.0,0.798,1
64.0,8830,0.0,0.634765625,0.0,12.0,120000.0,0.0,0.0,2.0,0.875,1,100,0.0024752475247524753,9.684949999999999,0.0,0.9845890410958904,0.0,12.0,120000.0,0.0,0.0,3.0,0.799,0
64.0,11980,0.0,0.634765625,0.0,12.0,120000.0,0.0,0.0,0.0,0.875,2,100,0.0024752475247524753,9.684999999999999,0.0,0.9845890410958904,0.0,12.0,120000.0,0.0,0.0,1.0,0.8,0
64.0,9723,0.0,0.634765625,0.0,12.0,120000.0,0.0,0.0,2.0,0.875,1,100,0.0024752475247524753,9.68455,0.0,0.9845890410958904,0.0,12.0,120000.0,0.0,0.0,3.0,0.801,0
53.0,3420,0.0,0.0589622641509434,0.0,25.0,400000.0,20000.0,1.0,2.0,0.946,1,100,0.0024752475247524753,9.6589998,0.0,0.9844540495200592,12.5,25.0,400000.0,20000.0,2.0,2.0,0.789,0
67.0,7933,0.0,0.8395522388059702,12.5,12.0,120000.0,20000.0,2.0,3.0,0.856,0,0,0.0024752475247524753,9.788782916666667,0.0,0.9844540495200592,12.5,12.0,120000.0,20000.0,2.0,3.0,0.789,0
71.0,7036,0.0,0.880281690140845,12.5,12.0,120000.0,20000.0,2.0,5.0,0.821,1,100,0.0024752475247524753,-2.94055,0.0,1.0135135135135136,12.5,12.0,120000.0,20000.0,2.0,4.0,0.789,1
67.0,10624,0.0,0.8395522388059702,0.0,12.0,120000.0,0.0,0.0,4.0,0.856,1,100,0.0024752475247524753,9.767583333333334,0.0,1.0557432432432434,0.0,12.0,120000.0,0.0,0.0,4.0,0.79,0
67.0,9275,0.0,0.8395522388059702,0.0,12.0,120000.0,0.0,0.0,7.0,0.856,1,21,0.0024752475247524753,9.767883333333334,0.0,1.0557432432432434,0.0,12.0,120000.0,0.0,0.0,7.0,0.791,0
69.0,12421,0.0,0.8152173913043477,0.0,12.0,120000.0,0.0,0.0,4.0,0.838,1,100,0.0024752475247524753,9.851266666666666,0.0,1.0557432432432434,0.0,12.0,120000.0,0.0,0.0,4.0,0.792,0
66.0,8831,0.0,0.7575757575757577,0.0,12.0,120000.0,0.0,0.0,2.0,0.859,1,100,0.0024752475247524753,9.726066666666666,0.0,1.0557432432432434,0.0,12.0,120000.0,0.0,0.0,3.0,0.793,0
59.0,5231,0.0,0.423728813559322,25.0,12.0,120000.0,20000.0,3.0,7.0,0.913,2,22,0.0024752475247524753,-3.56035,0.0,1.0557432432432434,0.0,12.0,120000.0,20000.0,2.0,5.0,0.793,1
53.0,7926,0.0,0.0589622641509434,0.0,12.0,120000.0,20000.0,1.0,5.0,0.946,2,100,0.0024752475247524753,-3.81535,0.0,1.0557432432432434,12.5,12.0,120000.0,20000.0,2.0,3.0,0.793,1
54.0,3783,0.0,0.057870370370370364,12.5,25.0,400000.0,20000.0,2.0,2.0,0.941,0,0,0.0024752475247524753,9.638849800000001,0.0,1.0556004518848194,12.5,25.0,400000.0,20000.0,3.0,0.0,0.786,0
69.0,10625,0.0,0.8152173913043477,0.0,12.0,120000.0,0.0,0.0,5.0,0.838,1,100,0.0024752475247524753,9.809000000000001,0.0,1.1666666666666667,0.0,12.0,120000.0,0.0,0.0,4.0,0.785,0
70.0,8833,0.0,0.8482142857142857,0.0,12.0,120000.0,0.0,0.0,3.0,0.827,2,100,0.0024752475247524753,9.850966666666666,0.0,1.1666666666666667,0.0,12.0,120000.0,0.0,0.0,3.0,0.786,0
71.0,5685,0.0,0.880281690140845,12.5,12.0,120000.0,20000.0,2.0,2.0,0.821,1,100,0.0024752475247524753,9.892683333333334,0.0,1.1666666666666667,25.0,12.0,120000.0,20000.0,3.0,2.0,0.787,0
71.0,7935,0.0,0.880281690140845,25.0,12.0,120000.0,20000.0,4.0,3.0,0.821,1,100,0.0024752475247524753,9.897483333333335,0.0,1.1666666666666667,12.5,12.0,120000.0,20000.0,2.0,3.0,0.788,0
69.0,5684,0.0,0.8152173913043477,12.5,12.0,120000.0,20000.0,2.0,2.0,0.838,0,0,0.0024752475247524753,9.788082916666667,0.0,1.1665109763350254,12.5,12.0,120000.0,20000.0,2.0,2.0,0.775,0
69.0,7035,0.0,0.8152173913043477,0.0,12.0,120000.0,20000.0,1.0,5.0,0.838,1,100,0.0024752475247524753,9.808332916666666,0.0,1.1665109763350254,0.0,12.0,120000.0,20000.0,1.0,4.0,0.775,0
66.0,9724,0.0,0.7575757575757577,0.0,12.0,120000.0,0.0,0.0,2.0,0.859,1,100,0.0024752475247524753,9.642083333333334,0.0,1.151315789473684,0.0,12.0,120000.0,0.0,0.0,3.0,0.775,0
65.0,10623,0.0,0.625,0.0,12.0,120000.0,0.0,0.0,4.0,0.868,2,100,0.0024752475247524753,9.600466666666666,0.0,1.151315789473684,0.0,12.0,120000.0,0.0,0.0,4.0,0.776,0
57.0,5678,0.0,0.3289473684210526,12.5,12.0,120000.0,20000.0,2.0,2.0,0.927,2,100,0.0024752475247524753,-3.73373375,0.0,1.151164169035105,12.5,12.0,120000.0,20000.0,2.0,2.0,0.767,1
62.0,1361,0.0,0.5544354838709677,0.0,8.0,80000.0,0.0,0.0,6.0,0.888,1,100,0.0024752475247524753,-3.8384589583333324,0.0,1.1461379103866862,0.0,8.0,80000.0,0.0,0.0,5.0,0.765,1
63.0,1800,0.0,0.5952380952380952,0.0,8.0,80000.0,0.0,0.0,3.0,0.883,1,100,0.0024752475247524753,-3.7757089583333325,0.0,1.1461379103866862,0.0,8.0,80000.0,0.0,0.0,4.0,0.765,1
71.0,7484,0.0,0.880281690140845,0.0,12.0,120000.0,20000.0,2.0,3.0,0.821,1,100,0.0024752475247524753,9.8083,0.0,1.2175324675324675,12.5,12.0,120000.0,20000.0,3.0,5.0,0.766,0
73.0,7037,0.0,0.9845890410958904,12.5,12.0,120000.0,20000.0,2.0,4.0,0.801,1,100,0.0024752475247524753,9.891433333333334,0.0,1.2175324675324675,0.0,12.0,120000.0,20000.0,1.0,4.0,0.767,0
72.0,9727,0.0,0.9548611111111109,0.0,12.0,120000.0,0.0,0.0,3.0,0.807,2,100,0.0024752475247524753,9.850066666666665,0.0,1.2175324675324675,0.0,12.0,120000.0,0.0,0.0,3.0,0.768,0
55.0,7927,0.0,0.17045454545454544,0.0,12.0,120000.0,20000.0,1.0,4.0,0.938,2,79,0.0024752475247524753,-3.8593837499999997,0.0,1.2173742088853128,25.0,12.0,120000.0,20000.0,3.0,3.0,0.754,1
59.0,10620,0.0,0.423728813559322,0.0,12.0,120000.0,0.0,0.0,5.0,0.913,2,100,0.0024752475247524753,-3.692717083333333,0.0,1.2173742088853128,0.0,12.0,120000.0,0.0,0.0,4.0,0.754,1
55.0,2253,0.0,0.17045454545454544,0.0,8.0,80000.0,0.0,0.0,5.0,0.938,1,100,0.0024752475247524753,-3.9424,0.06464680455370368,1.212127585381944,0.0,8.0,80000.0,0.0,0.0,5.0,0.752,1
37.0,5220,0.0,0.0,0.0,12.0,120000.0,20000.0,1.0,6.0,1.0,3,100,0.0024752475247524753,-3.9424,0.064135445852303,1.2025396097306813,0.0,12.0,120000.0,20000.0,2.0,6.0,0.752,1
69.0,7934,0.0,0.8152173913043477,25.0,12.0,120000.0,20000.0,3.0,3.0,0.838,1,100,0.0024752475247524753,9.6874,0.0641025641025641,1.3221153846153846,25.0,12.0,120000.0,20000.0,3.0,3.0,0.753,0
73.0,10627,0.0,0.9845890410958904,0.0,12.0,120000.0,0.0,0.0,5.0,0.801,1,100,0.0024752475247524753,9.849116666666665,0.0641025641025641,1.3221153846153846,0.0,12.0,120000.0,0.0,0.0,4.0,0.754,0
74.0,8835,0.0,1.0557432432432434,0.0,12.0,120000.0,0.0,0.0,3.0,0.793,2,100,0.0024752475247524753,9.891083333333334,0.0641025641025641,1.3221153846153846,0.0,12.0,120000.0,0.0,0.0,3.0,0.755,0
73.0,12423,0.0,0.9845890410958904,0.0,12.0,120000.0,0.0,0.0,4.0,0.801,1,100,0.0024752475247524753,9.8074,0.06329113924050633,1.4240506329113924,0.0,12.0,120000.0,0.0,0.0,4.0,0.748,0
71.0,9277,0.0,0.880281690140845,0.0,12.0,120000.0,0.0,0.0,7.0,0.821,1,100,0.0024752475247524753,9.724116666666665,0.06329113924050633,1.4240506329113924,0.0,12.0,120000.0,0.0,0.0,6.0,0.749,0
75.0,10628,0.0,1.1666666666666667,0.0,12.0,120000.0,0.0,0.0,4.0,0.788,1,100,0.0024752475247524753,9.890833333333333,0.06329113924050633,1.4240506329113924,0.0,12.0,120000.0,0.0,0.0,4.0,0.75,0
73.0,7485,0.0,0.9845890410958904,0.0,12.0,120000.0,20000.0,2.0,3.0,0.801,0,0,0.0024752475247524753,9.7875,0.06329113924050633,1.4240506329113924,0.0,12.0,120000.0,20000.0,2.0,5.0,0.75,0
65.0,11525,0.0,0.625,0.0,12.0,120000.0,0.0,0.0,2.0,0.868,2,100,0.0024752475247524753,-3.527050416666666,0.06328312070837606,1.4238702159384615,0.0,12.0,120000.0,0.0,0.0,2.0,0.734,1
73.0,5686,0.0,0.9845890410958904,12.5,12.0,120000.0,20000.0,2.0,2.0,0.801,0,0,0.0024752475247524753,9.786282916666666,0.06328312070837606,1.4238702159384615,0.0,12.0,120000.0,20000.0,1.0,2.0,0.734,0
70.0,11983,0.0,0.8482142857142857,0.0,12.0,120000.0,0.0,0.0,1.0,0.827,1,100,0.0024752475247524753,9.639283333333333,0.0625,1.40625,0.0,12.0,120000.0,0.0,0.0,1.0,0.734,0
75.0,9279,0.0,1.1666666666666667,0.0,12.0,120000.0,0.0,0.0,7.0,0.788,1,100,0.0024752475247524753,9.848166666666666,0.0625,1.40625,0.0,12.0,120000.0,0.0,0.0,6.0,0.735,0
76.0,8836,0.0,1.151315789473684,0.0,12.0,120000.0,0.0,0.0,3.0,0.776,2,100,0.0024752475247524753,9.890133333333333,0.0625,1.40625,0.0,12.0,120000.0,0.0,0.0,3.0,0.736,0
75.0,7486,0.0,1.1666666666666667,12.5,12.0,120000.0,20000.0,3.0,4.0,0.788,1,100,0.0024752475247524753,9.80625,0.06172839506172839,1.3888888888888888,0.0,12.0,120000.0,20000.0,2.0,5.0,0.725,0
75.0,7937,0.0,1.1666666666666667,12.5,12.0,120000.0,20000.0,2.0,3.0,0.788,2,100,0.0024752475247524753,9.8063,0.06172839506172839,1.3888888888888888,37.5,12.0,120000.0,20000.0,5.0,4.0,0.726,0
77.0,5240,0.0,1.2175324675324675,0.0,12.0,120000.0,20000.0,2.0,6.0,0.768,1,100,0.0024752475247524753,9.889683333333334,0.06172839506172839,1.3888888888888888,0.0,12.0,120000.0,20000.0,2.0,6.0,0.727,0
66.0,1363,0.0,0.7575757575757577,0.0,8.0,80000.0,0.0,0.0,6.0,0.859,1,100,0.0024752475247524753,-3.9036089583333324,0.18440353426994213,1.383026507024566,0.0,8.0,80000.0,0.0,0.0,5.0,0.712,1
39.0,7020,0.0,0.0,0.0,12.0,120000.0,20000.0,1.0,5.0,0.999,3,100,0.0024752475247524753,-3.9444,0.18301608308734957,1.3726206231551215,25.0,12.0,120000.0,20000.0,3.0,4.0,0.712,1
41.0,5222,0.0,0.0,0.0,12.0,120000.0,20000.0,1.0,6.0,0.996,3,100,0.0024752475247524753,-3.9444,0.18301608308734957,1.3726206231551215,0.0,12.0,120000.0,20000.0,3.0,6.0,0.712,1
70.0,9726,0.0,0.8482142857142857,0.0,12.0,120000.0,0.0,0.0,3.0,0.827,1,100,0.0024752475247524753,9.5554,0.1829268292682927,1.524390243902439,0.0,12.0,120000.0,0.0,0.0,3.0,0.713,0
77.0,10629,0.0,1.2175324675324675,0.0,12.0,120000.0,0.0,0.0,4.0,0.768,2,100,0.0024752475247524753,9.847366666666666,0.1829268292682927,1.524390243902439,0.0,12.0,120000.0,0.0,0.0,4.0,0.714,0
69.0,5236,0.0,0.8152173913043477,12.5,12.0,120000.0,20000.0,2.0,6.0,0.838,2,100,0.0024752475247524753,-3.4859166666666663,0.1829268292682927,1.524390243902439,0.0,12.0,120000.0,20000.0,3.0,5.0,0.715,1
77.0,7938,0.0,1.2175324675324675,12.5,12.0,120000.0,20000.0,3.0,3.0,0.768,2,100,0.0024752475247524753,9.847466666666666,0.1829268292682927,1.524390243902439,50.0,12.0,120000.0,20000.0,5.0,4.0,0.716,0
76.0,6571,0.0,1.151315789473684,0.0,12.0,120000.0,20000.0,2.0,5.0,0.776,0,0,0.0024752475247524753,9.784132916666666,0.1829045015358491,1.5242041794654093,37.5,12.0,120000.0,20000.0,5.0,5.0,0.706,0
41.0,5670,0.0,0.0,0.0,12.0,120000.0,20000.0,1.0,2.0,0.996,3,100,0.0024752475247524753,-3.94475,0.24108000951301717,1.5067500594563574,12.5,12.0,120000.0,20000.0,2.0,2.0,0.705,1
72.0,11984,0.0,0.9548611111111109,0.0,12.0,120000.0,0.0,0.0,1.0,0.807,2,100,0.0024752475247524753,9.596966666666665,0.24096385542168677,1.5436746987951808,0.0,12.0,120000.0,0.0,0.0,1.0,0.706,0
78.0,8837,0.0641025641025641,1.3221153846153846,0.0,12.0,120000.0,0.0,0.0,3.0,0.755,2,100,0.0024752475247524753,9.847016666666665,0.24096385542168677,1.5436746987951808,0.0,12.0,120000.0,0.0,0.0,3.0,0.707,0
75.0,12424,0.0,1.1666666666666667,0.0,12.0,120000.0,0.0,0.0,4.0,0.788,1,100,0.0024752475247524753,9.722066666666665,0.24096385542168677,1.5436746987951808,0.0,12.0,120000.0,0.0,0.0,4.0,0.708,0
79.0,7040,0.06329113924050633,1.4240506329113924,12.5,12.0,120000.0,20000.0,2.0,4.0,0.75,1,100,0.0024752475247524753,9.888783333333334,0.24096385542168677,1.5436746987951808,12.5,12.0,120000.0,20000.0,2.0,4.0,0.709,0
77.0,7039,0.0,1.2175324675324675,0.0,12.0,120000.0,20000.0,1.0,4.0,0.768,0,0,0.0024752475247524753,9.785200000000001,0.24096385542168677,1.5436746987951808,12.5,12.0,120000.0,20000.0,2.0,4.0,0.709,0
74.0,9728,0.0,1.0557432432432434,0.0,12.0,120000.0,0.0,0.0,3.0,0.793,1,100,0.0024752475247524753,9.637883333333335,0.2380952380952381,1.5625,0.0,12.0,120000.0,0.0,0.0,3.0,0.696,0
71.0,5237,0.0,0.880281690140845,0.0,12.0,120000.0,20000.0,1.0,6.0,0.821,2,100,0.0024752475247524753,-3.4868666666666663,0.2380952380952381,1.5625,12.5,12.0,120000.0,20000.0,3.0,5.0,0.696,1
78.0,6572,0.0641025641025641,1.3221153846153846,12.5,12.0,120000.0,20000.0,3.0,5.0,0.755,0,0,0.0024752475247524753,9.783332916666666,0.23806686846007996,1.562313824269275,25.0,12.0,120000.0,20000.0,4.0,5.0,0.685,0
43.0,7921,0.0,0.0,12.5,12.0,120000.0,20000.0,2.0,5.0,0.993,3,100,0.0024752475247524753,-3.94575,0.3531073030711743,1.5448444509363877,50.0,12.0,120000.0,20000.0,5.0,5.0,0.685,1
44.0,11970,0.0,0.0,0.0,12.0,120000.0,0.0,0.0,0.0,0.986,3,14,0.0024752475247524753,-3.94575,0.3531073030711743,1.5448444509363877,0.0,12.0,120000.0,0.0,0.0,1.0,0.685,1
76.0,11986,0.0,1.151315789473684,0.0,12.0,120000.0,0.0,0.0,1.0,0.776,1,100,0.0024752475247524753,9.6783,0.35294117647058826,1.727941176470588,0.0,12.0,120000.0,0.0,0.0,1.0,0.686,0
79.0,9281,0.06329113924050633,1.4240506329113924,0.0,12.0,120000.0,0.0,0.0,6.0,0.75,2,100,0.0024752475247524753,9.80435,0.35294117647058826,1.727941176470588,0.0,12.0,120000.0,0.0,0.0,6.0,0.687,0
81.0,10631,0.06172839506172839,1.3888888888888888,0.0,12.0,120000.0,0.0,0.0,4.0,0.727,2,100,0.0024752475247524753,9.887733333333333,0.35294117647058826,1.727941176470588,0.0,12.0,120000.0,0.0,0.0,4.0,0.688,0
73.0,5238,0.0,0.9845890410958904,0.0,12.0,120000.0,20000.0,2.0,4.0,0.801,2,100,0.0024752475247524753,-3.4466170833333334,0.3528996173509449,1.7277377099473348,25.0,12.0,120000.0,20000.0,4.0,5.0,0.676,1
67.0,11526,0.0,0.8395522388059702,0.0,12.0,120000.0,0.0,0.0,2.0,0.856,1,100,0.0024752475247524753,-3.6971170833333336,0.3528996173509449,1.7277377099473348,0.0,12.0,120000.0,0.0,0.0,2.0,0.676,1
79.0,6121,0.06329113924050633,1.4240506329113924,0.0,12.0,120000.0,20000.0,2.0,3.0,0.75,0,0,0.0024752475247524753,9.783132916666666,0.3528996173509449,1.7277377099473348,12.5,12.0,120000.0,20000.0,3.0,3.0,0.676,0
65.0,3424,0.0,0.625,25.0,25.0,400000.0,20000.0,4.0,2.0,0.868,0,0,0.0024752475247524753,9.632849799999999,0.3528996173509449,1.7277377099473348,37.5,25.0,400000.0,20000.0,5.0,2.0,0.676,0
79.0,7939,0.06329113924050633,1.4240506329113924,12.5,12.0,120000.0,20000.0,3.0,4.0,0.75,0,0,0.0024752475247524753,9.782882916666665,0.3528996173509449,1.7277377099473348,25.0,12.0,120000.0,20000.0,3.0,5.0,0.676,0
71.0,1804,0.0,0.880281690140845,0.0,8.0,80000.0,0.0,0.0,3.0,0.821,1,100,0.0024752475247524753,-3.8427089583333327,0.4101081423925155,1.7209895261114492,0.0,8.0,80000.0,0.0,0.0,4.0,0.675,1
43.0,7022,0.0,0.0,12.5,12.0,120000.0,20000.0,2.0,5.0,0.993,3,100,0.0024752475247524753,-3.94625,0.40716607641157787,1.7086433563700143,25.0,12.0,120000.0,20000.0,3.0,4.0,0.675,1
79.0,12426,0.06329113924050633,1.4240506329113924,0.0,12.0,120000.0,0.0,0.0,4.0,0.75,1,100,0.0024752475247524753,9.762133333333333,0.4069767441860465,1.7805232558139537,0.0,12.0,120000.0,0.0,0.0,4.0,0.676,0
77.0,9280,0.0,1.2175324675324675,0.0,12.0,120000.0,0.0,0.0,6.0,0.768,2,100,0.0024752475247524753,9.678849999999999,0.4069767441860465,1.7805232558139537,0.0,12.0,120000.0,0.0,0.0,6.0,0.677,0
80.0,6573,0.0625,1.40625,25.0,12.0,120000.0,20000.0,4.0,5.0,0.736,0,0,0.0024752475247524753,9.782732916666667,0.4069293794989676,1.7803160353079837,12.5,12.0,120000.0,20000.0,3.0,5.0,0.668,0
66.0,3787,0.0,0.7575757575757577,12.5,25.0,400000.0,20000.0,2.0,1.0,0.859,0,0,0.0024752475247524753,9.6331998,0.4069293794989676,1.7803160353079837,0.0,25.0,400000.0,20000.0,3.0,0.0,0.668,0
45.0,5224,0.0,0.0,0.0,12.0,120000.0,20000.0,1.0,6.0,0.983,3,100,0.0024752475247524753,-3.94665,0.4599815478402084,1.760866862825798,25.0,12.0,120000.0,20000.0,4.0,5.0,0.667,1
78.0,11987,0.0641025641025641,1.3221153846153846,0.0,12.0,120000.0,0.0,0.0,1.0,0.755,1,100,0.0024752475247524753,9.6779,0.45977011494252873,1.7600574712643677,0.0,12.0,120000.0,0.0,0.0,1.0,0.668,0
81.0,11533,0.06172839506172839,1.3888888888888888,0.0,12.0,120000.0,0.0,0.0,2.0,0.727,2,96,0.0024752475247524753,9.80345,0.45977011494252873,1.7600574712643677,0.0,12.0,120000.0,0.0,0.0,2.0,0.669,0
75.0,11530,0.0,1.1666666666666667,0.0,12.0,120000.0,0.0,0.0,2.0,0.788,1,100,0.0024752475247524753,9.55275,0.45977011494252873,1.7600574712643677,0.0,12.0,120000.0,0.0,0.0,2.0,0.67,0
63.0,7931,0.0,0.5952380952380952,12.5,12.0,120000.0,20000.0,2.0,3.0,0.883,2,100,0.0024752475247524753,-3.9465,0.45977011494252873,1.7600574712643677,25.0,12.0,120000.0,20000.0,3.0,5.0,0.67,1
71.0,10626,0.0,0.880281690140845,0.0,12.0,120000.0,0.0,0.0,5.0,0.821,1,100,0.0024752475247524753,-3.6131666666666664,0.45977011494252873,1.7600574712643677,0.0,12.0,120000.0,0.0,0.0,4.0,0.67,1
81.0,5690,0.06172839506172839,1.3888888888888888,0.0,12.0,120000.0,20000.0,1.0,2.0,0.727,0,0,0.0024752475247524753,9.78325,0.45977011494252873,1.7600574712643677,12.5,12.0,120000.0,20000.0,2.0,2.0,0.67,0
83.0,3,0.24096385542168677,1.5436746987951808,0.0,8.0,80000.0,20000.0,1.0,2.0,0.709,1,31,0.0024752475247524753,9.80325,0.45977011494252873,1.7600574712643677,12.5,8.0,80000.0,20000.0,2.0,2.0,0.67,0
73.0,11529,0.0,0.9845890410958904,0.0,12.0,120000.0,0.0,0.0,2.0,0.801,2,62,0.0024752475247524753,-3.531000416666666,0.45971722104157897,1.759854986799795,0.0,12.0,120000.0,0.0,0.0,2.0,0.655,1
75.0,5239,0.0,1.1666666666666667,0.0,12.0,120000.0,20000.0,2.0,5.0,0.788,2,37,0.0024752475247524753,-3.447667083333333,0.45971722104157897,1.759854986799795,25.0,12.0,120000.0,20000.0,4.0,5.0,0.655,1
81.0,7041,0.06172839506172839,1.3888888888888888,12.5,12.0,120000.0,20000.0,2.0,4.0,0.727,0,0,0.0024752475247524753,9.782082916666667,0.45971722104157897,1.759854986799795,12.5,12.0,120000.0,20000.0,2.0,4.0,0.655,0
44.0,8820,0.0,0.0,0.0,12.0,120000.0,0.0,0.0,2.0,0.986,3,14,0.0024752475247524753,-3.9474,0.6252841490127161,1.7408479148649483,0.0,12.0,120000.0,0.0,0.0,3.0,0.652,1
46.0,11971,0.0,0.0,0.0,12.0,120000.0,0.0,0.0,1.0,0.979,3,100,0.0024752475247524753,-3.9474,0.6252841490127161,1.7408479148649483,0.0,12.0,120000.0,0.0,0.0,1.0,0.652,1
47.0,7472,0.0,0.0,12.5,12.0,120000.0,20000.0,2.0,2.0,0.974,3,100,0.0024752475247524753,-3.9474,0.6252841490127161,1.7408479148649483,0.0,12.0,120000.0,20000.0,2.0,5.0,0.652,1
83.0,10632,0.24096385542168677,1.5436746987951808,0.0,12.0,120000.0,0.0,0.0,4.0,0.709,1,100,0.0024752475247524753,9.844316666666666,0.625,1.9176136363636362,0.0,12.0,120000.0,0.0,0.0,4.0,0.653,0
80.0,9731,0.0625,1.40625,0.0,12.0,120000.0,0.0,0.0,3.0,0.736,1,100,0.0024752475247524753,9.719116666666666,0.625,1.9176136363636362,0.0,12.0,120000.0,0.0,0.0,3.0,0.654,0
79.0,11532,0.06329113924050633,1.4240506329113924,0.0,12.0,120000.0,0.0,0.0,2.0,0.75,1,100,0.0024752475247524753,9.677249999999999,0.625,1.9176136363636362,0.0,12.0,120000.0,0.0,0.0,2.0,0.655,0
68.0,4501,0.0,0.8272058823529411,0.0,25.0,400000.0,20000.0,1.0,3.0,0.843,0,0,0.0024752475247524753,9.6325,0.625,1.9176136363636362,12.5,25.0,400000.0,20000.0,2.0,3.0,0.655,0
71.0,11528,0.0,0.880281690140845,0.0,12.0,120000.0,0.0,0.0,2.0,0.821,1,58,0.0024752475247524753,-3.656500416666666,0.6249289143359944,1.9173955326218013,0.0,12.0,120000.0,0.0,0.0,2.0,0.645,1
82.0,6574,0.1829268292682927,1.524390243902439,37.5,12.0,120000.0,20000.0,5.0,5.0,0.716,0,0,0.0024752475247524753,9.781832916666666,0.6249289143359943,1.9173955326218006,0.0,12.0,120000.0,20000.0,2.0,5.0,0.645,0
47.0,5225,0.0,0.0,0.0,12.0,120000.0,20000.0,1.0,6.0,0.974,3,100,0.0024752475247524753,-3.9479,0.6744603558385391,1.8969197507958913,25.0,12.0,120000.0,20000.0,4.0,5.0,0.642,1
81.0,7940,0.06172839506172839,1.3888888888888888,37.5,12.0,120000.0,20000.0,5.0,4.0,0.727,2,100,0.0024752475247524753,9.736316666666665,0.6741573033707865,1.9662921348314608,12.5,12.0,120000.0,20000.0,2.0,4.0,0.643,0
80.0,11988,0.0625,1.40625,0.0,12.0,120000.0,0.0,0.0,1.0,0.736,1,100,0.0024752475247524753,9.67695,0.6741573033707865,1.9662921348314608,0.0,12.0,120000.0,0.0,0.0,1.0,0.644,0
81.0,6122,0.06172839506172839,1.3888888888888888,12.5,12.0,120000.0,20000.0,3.0,3.0,0.727,1,100,0.0024752475247524753,9.718916666666665,0.6741573033707865,1.9662921348314608,25.0,12.0,120000.0,20000.0,4.0,3.0,0.645,0
81.0,9282,0.06172839506172839,1.3888888888888888,0.0,12.0,120000.0,0.0,0.0,6.0,0.727,2,100,0.0024752475247524753,9.718966666666665,0.6741573033707865,1.9662921348314608,0.0,12.0,120000.0,0.0,0.0,6.0,0.646,0
80.0,10171,0.0625,1.40625,0.0,12.0,120000.0,0.0,0.0,2.0,0.736,1,100,0.0024752475247524753,9.677349999999999,0.6741573033707865,1.9662921348314608,0.0,12.0,120000.0,0.0,0.0,2.0,0.647,0
83.0,5691,0.24096385542168677,1.5436746987951808,12.5,12.0,120000.0,20000.0,2.0,2.0,0.709,0,0,0.0024752475247524753,9.780932916666666,0.6740814881382442,1.9660710070698793,12.5,12.0,120000.0,20000.0,2.0,2.0,0.632,0
83.0,6123,0.24096385542168677,1.5436746987951808,12.5,12.0,120000.0,20000.0,3.0,3.0,0.709,0,0,0.0024752475247524753,9.780932916666666,0.6740814881382442,1.9660710070698793,12.5,12.0,120000.0,20000.0,3.0,3.0,0.632,0
85.0,4,0.35294117647058826,1.727941176470588,12.5,8.0,80000.0,20000.0,2.0,2.0,0.688,0,0,0.0024752475247524753,9.780974375,0.6740814881382442,1.9660710070698793,0.0,8.0,80000.0,20000.0,1.0,2.0,0.632,0
45.0,7922,0.0,0.0,12.5,12.0,120000.0,20000.0,2.0,5.0,0.983,3,100,0.0024752475247524753,-3.94845,0.7781235239969404,1.945308809992351,12.5,12.0,120000.0,20000.0,2.0,4.0,0.631,1
47.0,7024,0.0,0.0,0.0,12.0,120000.0,20000.0,1.0,5.0,0.974,3,100,0.0024752475247524753,-3.94845,0.7781235239969404,1.945308809992351,12.5,12.0,120000.0,20000.0,2.0,4.0,0.631,1
82.0,9732,0.1829268292682927,1.524390243902439,0.0,12.0,120000.0,0.0,0.0,3.0,0.716,2,100,0.0024752475247524753,9.718266666666665,0.7777777777777778,1.9791666666666665,0.0,12.0,120000.0,0.0,0.0,3.0,0.632,0
85.0,5692,0.35294117647058826,1.727941176470588,25.0,12.0,120000.0,20000.0,3.0,2.0,0.688,1,100,0.0024752475247524753,9.848316666666667,0.7777777777777778,1.9791666666666665,12.5,12.0,120000.0,20000.0,2.0,2.0,0.633,0
81.0,7489,0.06172839506172839,1.3888888888888888,0.0,12.0,120000.0,20000.0,2.0,5.0,0.727,1,100,0.0024752475247524753,9.67645,0.7777777777777778,1.9791666666666665,0.0,12.0,120000.0,20000.0,2.0,5.0,0.634,0
69.0,9276,0.0,0.8152173913043477,0.0,12.0,120000.0,0.0,0.0,7.0,0.838,2,100,0.0024752475247524753,-3.8233,0.7777777777777778,1.9791666666666665,0.0,12.0,120000.0,0.0,0.0,6.0,0.634,1
74.0,6570,0.0,1.0557432432432434,12.5,12.0,120000.0,20000.0,3.0,5.0,0.793,2,100,0.0024752475247524753,-3.6149666666666667,0.7777777777777778,1.9791666666666665,0.0,12.0,120000.0,20000.0,2.0,5.0,0.634,1
77.0,12425,0.0,1.2175324675324675,0.0,12.0,120000.0,0.0,0.0,4.0,0.768,2,100,0.0024752475247524753,-3.4908837499999996,0.7776912812252771,1.9789465638321784,0.0,12.0,120000.0,0.0,0.0,4.0,0.624,1
86.0,903,0.4069767441860465,1.7805232558139537,25.0,8.0,80000.0,20000.0,3.0,1.0,0.677,1,100,0.0024752475247524753,9.805324375000001,0.7776912812252771,1.9789465638321784,12.5,8.0,80000.0,20000.0,2.0,1.0,0.624,0
77.0,1807,0.0,1.2175324675324675,0.0,8.0,80000.0,0.0,0.0,4.0,0.768,1,100,0.0024752475247524753,-3.7829589583333325,0.7748218896629279,1.9716449870887005,0.0,8.0,80000.0,0.0,0.0,4.0,0.62,1
53.0,2252,0.0,0.0589622641509434,0.0,8.0,80000.0,0.0,0.0,5.0,0.946,1,100,0.0024752475247524753,-3.949,0.7748218896629279,1.9716449870887005,0.0,8.0,80000.0,0.0,0.0,5.0,0.62,1
83.0,7941,0.24096385542168677,1.5436746987951808,50.0,12.0,120000.0,20000.0,6.0,5.0,0.709,2,100,0.0024752475247524753,9.747716666666667,0.7692307692307693,1.9917582417582418,0.0,12.0,120000.0,20000.0,1.0,3.0,0.621,0
82.0,10172,0.1829268292682927,1.524390243902439,0.0,12.0,120000.0,0.0,0.0,2.0,0.716,1,31,0.0024752475247524753,9.67585,0.7692307692307693,1.9917582417582418,0.0,12.0,120000.0,0.0,0.0,2.0,0.622,0
87.0,10634,0.45977011494252873,1.7600574712643677,0.0,12.0,120000.0,0.0,0.0,4.0,0.67,1,100,0.0024752475247524753,9.884483333333334,0.7692307692307693,1.9917582417582418,0.0,12.0,120000.0,0.0,0.0,4.0,0.623,0
83.0,5243,0.24096385542168677,1.5436746987951808,0.0,12.0,120000.0,20000.0,3.0,5.0,0.709,2,100,0.0024752475247524753,9.717866666666666,0.7692307692307693,1.9917582417582418,12.5,12.0,120000.0,20000.0,3.0,5.0,0.624,0
82.0,8839,0.1829268292682927,1.524390243902439,0.0,12.0,120000.0,0.0,0.0,3.0,0.716,1,100,0.0024752475247524753,9.676,0.7692307692307693,1.9917582417582418,0.0,12.0,120000.0,0.0,0.0,3.0,0.625,0
85.0,5244,0.35294117647058826,1.727941176470588,12.5,12.0,120000.0,20000.0,3.0,5.0,0.688,0,0,0.0024752475247524753,9.780282916666666,0.7691461631528224,1.9915391724492726,0.0,12.0,120000.0,20000.0,2.0,5.0,0.614,0
85.0,7043,0.35294117647058826,1.727941176470588,12.5,12.0,120000.0,20000.0,2.0,4.0,0.688,0,0,0.0024752475247524753,9.780282916666666,0.7691461631528224,1.9915391724492726,0.0,12.0,120000.0,20000.0,1.0,4.0,0.614,0
49.0,7924,0.0,0.06377551020408163,0.0,12.0,120000.0,20000.0,1.0,5.0,0.965,3,100,0.0024752475247524753,-3.94935,0.8155718991331122,1.9709654229050217,0.0,12.0,120000.0,20000.0,1.0,3.0,0.613,1
87.0,12430,0.45977011494252873,1.7600574712643677,0.0,12.0,120000.0,0.0,0.0,4.0,0.67,1,100,0.0024752475247524753,9.842366666666665,0.8152173913043478,2.004076086956522,0.0,12.0,120000.0,0.0,0.0,4.0,0.614,0
82.0,11989,0.1829268292682927,1.524390243902439,0.0,12.0,120000.0,0.0,0.0,1.0,0.716,1,31,0.0024752475247524753,9.634083333333333,0.8152173913043478,2.004076086956522,0.0,12.0,120000.0,0.0,0.0,1.0,0.615,0
88.0,8842,0.625,1.9176136363636362,0.0,12.0,120000.0,0.0,0.0,3.0,0.655,2,51,0.0024752475247524753,9.884133333333333,0.8152173913043478,2.004076086956522,0.0,12.0,120000.0,0.0,0.0,3.0,0.616,0
84.0,11990,0.2380952380952381,1.5625,0.0,12.0,120000.0,0.0,0.0,1.0,0.696,2,100,0.0024752475247524753,9.717516666666665,0.8152173913043478,2.004076086956522,0.0,12.0,120000.0,0.0,0.0,1.0,0.617,0
88.0,904,0.625,1.9176136363636362,37.5,8.0,80000.0,20000.0,4.0,1.0,0.655,0,0,0.0024752475247524753,9.779674375,0.8151287017575587,2.003858058487332,0.0,8.0,80000.0,20000.0,1.0,1.0,0.606,0
51.0,7925,0.0,0.061274509803921566,0.0,12.0,120000.0,20000.0,1.0,5.0,0.954,3,100,0.0024752475247524753,-3.9498,0.9143716744436666,1.983379735006483,0.0,12.0,120000.0,20000.0,2.0,3.0,0.604,1
52.0,8824,0.0,0.06009615384615385,0.0,12.0,120000.0,0.0,0.0,2.0,0.951,3,13,0.0024752475247524753,-3.9498,0.9143716744436666,1.983379735006483,0.0,12.0,120000.0,0.0,0.0,3.0,0.604,1
83.0,9283,0.24096385542168677,1.5436746987951808,0.0,12.0,120000.0,0.0,0.0,6.0,0.709,2,100,0.0024752475247524753,9.633583333333334,0.913978494623656,2.049731182795699,0.0,12.0,120000.0,0.0,0.0,6.0,0.605,0
87.0,9285,0.45977011494252873,1.7600574712643677,0.0,12.0,120000.0,0.0,0.0,6.0,0.67,1,100,0.0024752475247524753,9.8003,0.913978494623656,2.049731182795699,0.0,12.0,120000.0,0.0,0.0,6.0,0.606,0
87.0,7943,0.45977011494252873,1.7600574712643677,25.0,12.0,120000.0,20000.0,3.0,5.0,0.67,2,100,0.0024752475247524753,9.80535,0.913978494623656,2.049731182795699,0.0,12.0,120000.0,20000.0,2.0,3.0,0.607,0
71.0,2261,0.0,0.880281690140845,0.0,8.0,80000.0,0.0,0.0,5.0,0.821,1,100,0.0024752475247524753,-3.9505000000000003,0.9106166220815676,2.0421916892270446,0.0,8.0,80000.0,0.0,0.0,5.0,0.595,1
83.0,11534,0.24096385542168677,1.5436746987951808,0.0,12.0,120000.0,0.0,0.0,2.0,0.709,1,100,0.0024752475247524753,9.591216666666666,0.9042553191489361,2.0611702127659575,0.0,12.0,120000.0,0.0,0.0,2.0,0.596,0
79.0,5689,0.06329113924050633,1.4240506329113924,12.5,12.0,120000.0,20000.0,2.0,2.0,0.75,2,100,0.0024752475247524753,-3.5752,0.9042553191489361,2.0611702127659575,12.5,12.0,120000.0,20000.0,2.0,2.0,0.596,1
74.0,3427,0.0,1.0557432432432434,12.5,25.0,400000.0,20000.0,2.0,2.0,0.793,1,100,0.0024752475247524753,9.6492498,0.9041590358303333,2.0609507434367895,0.0,25.0,400000.0,20000.0,1.0,2.0,0.589,0
73.0,2262,0.0,0.9845890410958904,0.0,8.0,80000.0,0.0,0.0,5.0,0.801,1,100,0.0024752475247524753,-3.9506,0.9539623763598515,2.053669004663569,0.0,8.0,80000.0,0.0,0.0,5.0,0.588,1
53.0,7027,0.0,0.0589622641509434,12.5,12.0,120000.0,20000.0,2.0,4.0,0.946,3,100,0.0024752475247524753,-3.9506,0.9477673812376389,2.040332556831028,12.5,12.0,120000.0,20000.0,3.0,4.0,0.588,1
85.0,12429,0.35294117647058826,1.727941176470588,0.0,12.0,120000.0,0.0,0.0,4.0,0.688,1,100,0.0024752475247524753,9.632783333333334,0.9473684210526316,2.138157894736842,0.0,12.0,120000.0,0.0,0.0,4.0,0.589,0
89.0,11537,0.6741573033707865,1.9662921348314608,0.0,12.0,120000.0,0.0,0.0,2.0,0.647,2,100,0.0024752475247524753,9.7995,0.9473684210526316,2.138157894736842,0.0,12.0,120000.0,0.0,0.0,2.0,0.59,0
91.0,10636,0.7692307692307693,1.9917582417582418,0.0,12.0,120000.0,0.0,0.0,4.0,0.625,1,100,0.0024752475247524753,9.882633333333334,0.9473684210526316,2.138157894736842,0.0,12.0,120000.0,0.0,0.0,4.0,0.591,0
78.0,9730,0.0641025641025641,1.3221153846153846,0.0,12.0,120000.0,0.0,0.0,3.0,0.755,2,100,0.0024752475247524753,-3.6587833333333335,0.9473684210526316,2.138157894736842,0.0,12.0,120000.0,0.0,0.0,3.0,0.591,1
91.0,451,0.7692307692307693,1.9917582417582418,0.0,8.0,80000.0,20000.0,3.0,4.0,0.625,1,100,0.0024752475247524753,9.79955,0.9473684210526316,2.138157894736842,0.0,8.0,80000.0,20000.0,4.0,4.0,0.591,0
91.0,7,0.7692307692307693,1.9917582417582418,0.0,8.0,80000.0,20000.0,1.0,2.0,0.625,1,100,0.0024752475247524753,9.79955,0.9473684210526316,2.138157894736842,0.0,8.0,80000.0,20000.0,1.0,2.0,0.591,0
89.0,5694,0.6741573033707865,1.9662921348314608,12.5,12.0,120000.0,20000.0,2.0,2.0,0.647,0,0,0.0024752475247524753,9.778532916666666,0.9472686088550039,2.1379326241519183,0.0,12.0,120000.0,20000.0,1.0,2.0,0.579,0
53.0,5228,0.0,0.0589622641509434,0.0,12.0,120000.0,20000.0,1.0,6.0,0.946,3,100,0.0024752475247524753,-3.95105,0.989995728428957,2.116767182496125,0.0,12.0,120000.0,20000.0,2.0,5.0,0.579,1
86.0,8841,0.4069767441860465,1.7805232558139537,0.0,12.0,120000.0,0.0,0.0,3.0,0.677,1,100,0.0024752475247524753,9.632083333333334,0.9895833333333333,2.1484375,0.0,12.0,120000.0,0.0,0.0,3.0,0.58,0
91.0,9287,0.7692307692307693,1.9917582417582418,0.0,12.0,120000.0,0.0,0.0,6.0,0.625,1,100,0.0024752475247524753,9.840466666666666,0.9895833333333333,2.1484375,0.0,12.0,120000.0,0.0,0.0,6.0,0.581,0
55.0,7028,0.0,0.17045454545454544,12.5,12.0,120000.0,20000.0,2.0,4.0,0.938,3,100,0.0024752475247524753,-3.95135,1.0313530289446133,2.127165622198265,12.5,12.0,120000.0,20000.0,3.0,4.0,0.573,1
93.0,10637,0.913978494623656,2.049731182795699,0.0,12.0,120000.0,0.0,0.0,4.0,0.607,1,100,0.0024752475247524753,9.882033333333334,1.0309278350515463,2.2551546391752577,0.0,12.0,120000.0,0.0,0.0,4.0,0.574,0
75.0,5687,0.0,1.1666666666666667,25.0,12.0,120000.0,20000.0,3.0,2.0,0.788,2,37,0.0024752475247524753,-3.8629666666666664,1.0309278350515463,2.2551546391752577,0.0,12.0,120000.0,20000.0,1.0,2.0,0.574,1
91.0,7494,0.7692307692307693,1.9917582417582418,0.0,12.0,120000.0,20000.0,2.0,5.0,0.625,0,0,0.0024752475247524753,9.7787,1.0309278350515463,2.2551546391752577,0.0,12.0,120000.0,20000.0,3.0,5.0,0.574,0
80.0,8838,0.0625,1.40625,0.0,12.0,120000.0,0.0,0.0,3.0,0.736,2,100,0.0024752475247524753,-3.6611674999999995,1.0307151039548335,2.254689289901198,0.0,12.0,120000.0,0.0,0.0,3.0,0.56,1
56.0,11976,0.0,0.16741071428571427,0.0,12.0,120000.0,0.0,0.0,1.0,0.93,3,20,0.0024752475247524753,-3.952,1.0718659583640304,2.2330540799250636,0.0,12.0,120000.0,0.0,0.0,1.0,0.56,1
88.0,11992,0.625,1.9176136363636362,0.0,12.0,120000.0,0.0,0.0,1.0,0.655,2,51,0.0024752475247524753,9.631383333333334,1.0714285714285714,2.295918367346939,0.0,12.0,120000.0,0.0,0.0,1.0,0.561,0
93.0,12433,0.913978494623656,2.049731182795699,0.0,12.0,120000.0,0.0,0.0,4.0,0.607,1,100,0.0024752475247524753,9.839766666666666,1.0714285714285714,2.295918367346939,0.0,12.0,120000.0,0.0,0.0,4.0,0.562,0
89.0,12431,0.6741573033707865,1.9662921348314608,0.0,12.0,120000.0,0.0,0.0,4.0,0.647,2,100,0.0024752475247524753,9.67315,1.0714285714285714,2.295918367346939,0.0,12.0,120000.0,0.0,0.0,4.0,0.563,0
93.0,9288,0.913978494623656,2.049731182795699,0.0,12.0,120000.0,0.0,0.0,6.0,0.607,1,100,0.0024752475247524753,9.839866666666666,1.0714285714285714,2.295918367346939,0.0,12.0,120000.0,0.0,0.0,6.0,0.564,0
94.0,907,0.9042553191489361,2.0611702127659575,0.0,8.0,80000.0,20000.0,1.0,1.0,0.596,1,100,0.0024752475247524753,9.79795,1.0714285714285714,2.295918367346939,12.5,8.0,80000.0,20000.0,2.0,1.0,0.564,0
58.0,8827,0.0,0.3771551724137931,0.0,12.0,120000.0,0.0,0.0,2.0,0.918,3,100,0.0024752475247524753,-3.9523,1.1115601140298996,2.273645687788431,0.0,12.0,120000.0,0.0,0.0,3.0,0.554,1
90.0,11993,0.7777777777777778,1.9791666666666665,0.0,12.0,120000.0,0.0,0.0,1.0,0.634,2,100,0.0024752475247524753,9.672749999999999,1.1111111111111112,2.2727272727272725,0.0,12.0,120000.0,0.0,0.0,1.0,0.555,0
95.0,12434,0.9473684210526316,2.138157894736842,0.0,12.0,120000.0,0.0,0.0,4.0,0.591,1,100,0.0024752475247524753,9.881133333333333,1.1111111111111112,2.2727272727272725,0.0,12.0,120000.0,0.0,0.0,4.0,0.556,0
75.0,7038,0.0,1.1666666666666667,12.5,12.0,120000.0,20000.0,2.0,4.0,0.788,2,100,0.0024752475247524753,-3.95275,1.1109987767903469,2.272497497980255,12.5,12.0,120000.0,20000.0,3.0,4.0,0.545,1
78.0,10170,0.0641025641025641,1.3221153846153846,0.0,12.0,120000.0,0.0,0.0,2.0,0.755,2,100,0.0024752475247524753,-3.828167083333333,1.1109987767903469,2.272497497980255,0.0,12.0,120000.0,0.0,0.0,2.0,0.545,1
95.0,453,0.9473684210526316,2.138157894736842,0.0,8.0,80000.0,20000.0,3.0,4.0,0.591,0,0,0.0024752475247524753,9.776374375000001,1.1109987767903469,2.272497497980255,12.5,8.0,80000.0,20000.0,4.0,4.0,0.545,0
58.0,9720,0.0,0.3771551724137931,0.0,12.0,120000.0,0.0,0.0,2.0,0.918,3,100,0.0024752475247524753,-3.9528,1.200480071980785,2.2509001349639726,0.0,12.0,120000.0,0.0,0.0,3.0,0.544,1
59.0,7478,0.0,0.423728813559322,12.5,12.0,120000.0,20000.0,2.0,5.0,0.913,3,100,0.0024752475247524753,-3.9528,1.200480071980785,2.2509001349639726,0.0,12.0,120000.0,20000.0,3.0,5.0,0.544,1
89.0,6126,0.6741573033707865,1.9662921348314608,25.0,12.0,120000.0,20000.0,4.0,3.0,0.647,2,100,0.0024752475247524753,9.593916666666667,1.2,2.34375,25.0,12.0,120000.0,20000.0,4.0,3.0,0.545,0
92.0,11994,0.8152173913043478,2.004076086956522,0.0,12.0,120000.0,0.0,0.0,1.0,0.617,1,100,0.0024752475247524753,9.713966666666666,1.2,2.34375,0.0,12.0,120000.0,0.0,0.0,1.0,0.546,0
93.0,11539,0.913978494623656,2.049731182795699,0.0,12.0,120000.0,0.0,0.0,2.0,0.607,2,100,0.0024752475247524753,9.755683333333334,1.2,2.34375,0.0,12.0,120000.0,0.0,0.0,2.0,0.547,0
84.0,9733,0.2380952380952381,1.5625,0.0,12.0,120000.0,0.0,0.0,3.0,0.696,2,100,0.0024752475247524753,-3.6202337499999997,1.1998798920228084,2.3435154141070482,0.0,12.0,120000.0,0.0,0.0,3.0,0.537,1
86.0,1373,0.4069767441860465,1.7805232558139537,0.0,8.0,80000.0,0.0,0.0,5.0,0.677,1,100,0.0024752475247524753,-3.8496589583333325,1.2457228934933835,2.335730425300094,0.0,8.0,80000.0,0.0,0.0,5.0,0.536,1
87.0,1812,0.45977011494252873,1.7600574712643677,0.0,8.0,80000.0,0.0,0.0,4.0,0.67,1,100,0.0024752475247524753,-3.7871589583333325,1.2457228934933835,2.335730425300094,0.0,8.0,80000.0,0.0,0.0,4.0,0.536,1
79.0,2265,0.06329113924050633,1.4240506329113924,0.0,8.0,80000.0,0.0,0.0,5.0,0.75,1,100,0.0024752475247524753,-3.9532,1.2457228934933835,2.335730425300094,0.0,8.0,80000.0,0.0,0.0,5.0,0.536,1
63.0,2257,0.0,0.5952380952380952,0.0,8.0,80000.0,0.0,0.0,5.0,0.883,1,100,0.0024752475247524753,-3.95345,1.2457228934933835,2.335730425300094,0.0,8.0,80000.0,0.0,0.0,5.0,0.536,1
57.0,11521,0.0,0.3289473684210526,0.0,12.0,120000.0,0.0,0.0,2.0,0.927,3,100,0.0024752475247524753,-3.9532,1.2381139819617688,2.3214637161783167,0.0,12.0,120000.0,0.0,0.0,2.0,0.536,1
92.0,10177,0.8152173913043478,2.004076086956522,0.0,12.0,120000.0,0.0,0.0,2.0,0.617,1,100,0.0024752475247524753,9.6716,1.2376237623762376,2.3514851485148514,0.0,12.0,120000.0,0.0,0.0,2.0,0.537,0
92.0,11071,0.8152173913043478,2.004076086956522,0.0,12.0,120000.0,0.0,0.0,4.0,0.617,1,100,0.0024752475247524753,9.671899999999999,1.2376237623762376,2.3514851485148514,0.0,12.0,120000.0,0.0,0.0,4.0,0.538,0
95.0,6129,0.9473684210526316,2.138157894736842,0.0,12.0,120000.0,20000.0,2.0,3.0,0.591,1,100,0.0024752475247524753,9.79665,1.2376237623762376,2.3514851485148514,12.5,12.0,120000.0,20000.0,3.0,3.0,0.538,0
97.0,454,1.0309278350515463,2.2551546391752577,12.5,8.0,80000.0,20000.0,4.0,4.0,0.574,0,0,0.0024752475247524753,9.775524375000002,1.2375011149885045,2.3512521184781585,12.5,8.0,80000.0,20000.0,4.0,4.0,0.528,0
59.0,7030,0.0,0.423728813559322,0.0,12.0,120000.0,20000.0,1.0,5.0,0.913,3,100,0.0024752475247524753,-3.9536,1.37308735061913,2.3293446126574526,0.0,12.0,120000.0,20000.0,3.0,4.0,0.528,1
60.0,11978,0.0,0.46875,0.0,12.0,120000.0,0.0,0.0,0.0,0.903,3,100,0.0024752475247524753,-3.9536,1.37308735061913,2.3293446126574526,0.0,12.0,120000.0,0.0,0.0,1.0,0.528,1
61.0,10621,0.0,0.46106557377049184,0.0,12.0,120000.0,0.0,0.0,4.0,0.899,3,100,0.0024752475247524753,-3.9536,1.37308735061913,2.3293446126574526,0.0,12.0,120000.0,0.0,0.0,4.0,0.528,1
96.0,11073,0.9895833333333333,2.1484375,0.0,12.0,120000.0,0.0,0.0,4.0,0.581,2,100,0.0024752475247524753,9.79645,1.3725490196078431,2.3590686274509802,0.0,12.0,120000.0,0.0,0.0,4.0,0.529,0
84.0,6575,0.2380952380952381,1.5625,37.5,12.0,120000.0,20000.0,5.0,5.0,0.696,2,3,0.0024752475247524753,-3.68605,1.3725490196078431,2.3590686274509802,0.0,12.0,120000.0,20000.0,2.0,5.0,0.529,1
89.0,1813,0.6741573033707865,1.9662921348314608,0.0,8.0,80000.0,0.0,0.0,4.0,0.647,1,100,0.0024752475247524753,-3.7880589583333326,1.5633649907144265,2.3511543805666175,0.0,8.0,80000.0,0.0,0.0,4.0,0.518,1
59.0,11522,0.0,0.423728813559322,0.0,12.0,120000.0,0.0,0.0,2.0,0.913,3,73,0.0024752475247524753,-3.9541,1.5540014030690168,2.3370724225842636,0.0,12.0,120000.0,0.0,0.0,2.0,0.518,1
61.0,7031,0.0,0.46106557377049184,0.0,12.0,120000.0,20000.0,1.0,5.0,0.899,3,100,0.0024752475247524753,-3.9541,1.5540014030690168,2.3370724225842636,12.5,12.0,120000.0,20000.0,3.0,4.0,0.518,1
62.0,8829,0.0,0.5544354838709677,0.0,12.0,120000.0,0.0,0.0,2.0,0.888,3,100,0.0024752475247524753,-3.9541,1.5540014030690168,2.3370724225842636,0.0,12.0,120000.0,0.0,0.0,3.0,0.518,1
62.0,11979,0.0,0.5544354838709677,0.0,12.0,120000.0,0.0,0.0,0.0,0.888,3,100,0.0024752475247524753,-3.9541,1.5540014030690168,2.3370724225842636,0.0,12.0,120000.0,0.0,0.0,1.0,0.518,1
91.0,6127,0.7692307692307693,1.9917582417582418,12.5,12.0,120000.0,20000.0,3.0,3.0,0.625,2,100,0.0024752475247524753,9.54595,1.5533980582524272,2.3968446601941746,12.5,12.0,120000.0,20000.0,3.0,3.0,0.519,0
98.0,9740,1.0714285714285714,2.295918367346939,0.0,12.0,120000.0,0.0,0.0,3.0,0.564,2,100,0.0024752475247524753,9.837666666666665,1.5533980582524272,2.3968446601941746,0.0,12.0,120000.0,0.0,0.0,3.0,0.52,0
95.0,8371,0.9473684210526316,2.138157894736842,12.5,12.0,120000.0,20000.0,2.0,1.0,0.591,1,100,0.0024752475247524753,9.712216666666665,1.5533980582524272,2.3968446601941746,12.5,12.0,120000.0,20000.0,3.0,1.0,0.521,0
85.0,6124,0.35294117647058826,1.727941176470588,25.0,12.0,120000.0,20000.0,4.0,3.0,0.688,2,100,0.0024752475247524753,-3.69895,1.5533980582524272,2.3968446601941746,12.5,12.0,120000.0,20000.0,3.0,3.0,0.521,1
87.0,6125,0.45977011494252873,1.7600574712643677,12.5,12.0,120000.0,20000.0,4.0,3.0,0.67,1,100,0.0024752475247524753,-3.6206166666666664,1.5533980582524272,2.3968446601941746,12.5,12.0,120000.0,20000.0,3.0,3.0,0.521,1
99.0,11,1.1111111111111112,2.2727272727272725,0.0,8.0,80000.0,20000.0,1.0,2.0,0.556,0,0,0.0024752475247524753,9.77605,1.5533980582524272,2.3968446601941746,0.0,8.0,80000.0,20000.0,1.0,2.0,0.521,0
97.0,6130,1.0309278350515463,2.2551546391752577,12.5,12.0,120000.0,20000.0,3.0,3.0,0.574,0,0,0.0024752475247524753,9.775132916666667,1.5532471067617604,2.39661174676131,0.0,12.0,120000.0,20000.0,2.0,3.0,0.511,0
63.0,10622,0.0,0.5952380952380952,0.0,12.0,120000.0,0.0,0.0,4.0,0.883,3,100,0.0024752475247524753,-3.95445,1.6833395841343226,2.374711199046634,0.0,12.0,120000.0,0.0,0.0,4.0,0.511,1
61.0,9272,0.0,0.46106557377049184,0.0,12.0,120000.0,0.0,0.0,7.0,0.899,3,100,0.0024752475247524753,-3.95445,1.6833395841343226,2.374711199046634,0.0,12.0,120000.0,0.0,0.0,6.0,0.511,1
62.0,9722,0.0,0.5544354838709677,0.0,12.0,120000.0,0.0,0.0,2.0,0.888,3,100,0.0024752475247524753,-3.95445,1.6833395841343226,2.374711199046634,0.0,12.0,120000.0,0.0,0.0,3.0,0.511,1
93.0,6128,0.913978494623656,2.049731182795699,12.5,12.0,120000.0,20000.0,3.0,3.0,0.607,2,100,0.0024752475247524753,9.587266666666666,1.6826923076923077,2.463942307692308,0.0,12.0,120000.0,20000.0,2.0,3.0,0.512,0
95.0,11540,0.9473684210526316,2.138157894736842,0.0,12.0,120000.0,0.0,0.0,2.0,0.591,1,100,0.0024752475247524753,9.66965,1.6826923076923077,2.463942307692308,0.0,12.0,120000.0,0.0,0.0,2.0,0.513,0
86.0,6576,0.4069767441860465,1.7805232558139537,25.0,12.0,120000.0,20000.0,4.0,5.0,0.677,2,98,0.0024752475247524753,-3.7004170833333334,1.6825303641447589,2.4637051760691113,0.0,12.0,120000.0,20000.0,2.0,5.0,0.5,1
63.0,9273,0.0,0.5952380952380952,0.0,12.0,120000.0,0.0,0.0,7.0,0.883,3,100,0.0024752475247524753,-3.955,1.7149388610004896,2.4414060173965306,0.0,12.0,120000.0,0.0,0.0,6.0,0.5,1
99.0,12436,1.1111111111111112,2.2727272727272725,0.0,12.0,120000.0,0.0,0.0,4.0,0.556,1,100,0.0024752475247524753,9.79505,1.7142857142857144,2.4404761904761907,0.0,12.0,120000.0,0.0,0.0,4.0,0.501,0
99.0,9291,1.1111111111111112,2.2727272727272725,0.0,12.0,120000.0,0.0,0.0,6.0,0.556,1,100,0.0024752475247524753,9.7951,1.7142857142857144,2.4404761904761907,0.0,12.0,120000.0,0.0,0.0,6.0,0.502,0
84.0,10173,0.2380952380952381,1.5625,0.0,12.0,120000.0,0.0,0.0,2.0,0.696,2,100,0.0024752475247524753,-3.8299,1.7142857142857144,2.4404761904761907,0.0,12.0,120000.0,0.0,0.0,2.0,0.502,1
85.0,9284,0.35294117647058826,1.727941176470588,0.0,12.0,120000.0,0.0,0.0,6.0,0.688,2,93,0.0024752475247524753,-3.7891004166666664,1.7141223012929911,2.44024355392405,0.0,12.0,120000.0,0.0,0.0,6.0,0.493,1
101.0,456,1.2376237623762376,2.3514851485148514,12.5,8.0,80000.0,20000.0,4.0,4.0,0.538,0,0,0.0024752475247524753,9.774024375,1.7141223012929911,2.44024355392405,0.0,8.0,80000.0,20000.0,3.0,4.0,0.493,0
99.0,8373,1.1111111111111112,2.2727272727272725,0.0,12.0,120000.0,20000.0,2.0,1.0,0.556,1,100,0.0024752475247524753,9.793982916666666,1.7141223012929911,2.44024355392405,12.5,12.0,120000.0,20000.0,3.0,1.0,0.493,0
65.0,5234,0.0,0.625,12.5,12.0,120000.0,20000.0,2.0,7.0,0.868,3,100,0.0024752475247524753,-3.9554,1.7459417000810022,2.418365192679767,0.0,12.0,120000.0,20000.0,2.0,5.0,0.492,1
101.0,12437,1.2376237623762376,2.3514851485148514,0.0,12.0,120000.0,0.0,0.0,4.0,0.538,1,100,0.0024752475247524753,9.836316666666665,1.7452830188679245,2.535377358490566,0.0,12.0,120000.0,0.0,0.0,4.0,0.493,0
102.0,6584,1.3725490196078431,2.3590686274509802,0.0,12.0,120000.0,20000.0,2.0,5.0,0.529,1,100,0.0024752475247524753,9.878033333333333,1.7452830188679245,2.535377358490566,0.0,12.0,120000.0,20000.0,2.0,5.0,0.494,0
90.0,6578,0.7777777777777778,1.9791666666666665,0.0,12.0,120000.0,20000.0,2.0,5.0,0.634,2,100,0.0024752475247524753,-3.6219666666666663,1.7452830188679245,2.535377358490566,0.0,12.0,120000.0,20000.0,2.0,5.0,0.494,1
87.0,11536,0.45977011494252873,1.7600574712643677,0.0,12.0,120000.0,0.0,0.0,2.0,0.67,1,100,0.0024752475247524753,-3.7474666666666665,1.7452830188679245,2.535377358490566,0.0,12.0,120000.0,0.0,0.0,2.0,0.494,1
88.0,6577,0.625,1.9176136363636362,12.5,12.0,120000.0,20000.0,3.0,5.0,0.655,2,51,0.0024752475247524753,-3.706067083333333,1.745118220439749,2.5351379553685547,0.0,12.0,120000.0,20000.0,2.0,5.0,0.487,1
91.0,12432,0.7692307692307693,1.9917582417582418,0.0,12.0,120000.0,0.0,0.0,4.0,0.625,2,100,0.0024752475247524753,-3.581067083333333,1.745118220439749,2.5351379553685547,0.0,12.0,120000.0,0.0,0.0,4.0,0.487,1
102.0,911,1.3725490196078431,2.3590686274509802,25.0,8.0,80000.0,20000.0,3.0,1.0,0.529,0,0,0.0024752475247524753,9.773474375000001,1.745118220439749,2.5351379553685547,12.5,8.0,80000.0,20000.0,2.0,1.0,0.487,0
86.0,4507,0.4069767441860465,1.7805232558139537,12.5,25.0,400000.0,20000.0,2.0,3.0,0.677,1,100,0.0024752475247524753,9.6438998,1.745118220439749,2.5351379553685547,12.5,25.0,400000.0,20000.0,2.0,3.0,0.487,0
93.0,1815,0.913978494623656,2.049731182795699,0.0,8.0,80000.0,0.0,0.0,4.0,0.607,1,100,0.0024752475247524753,-3.7899089583333323,1.7396481453485744,2.527191562499618,0.0,8.0,80000.0,0.0,0.0,4.0,0.486,1
97.0,11541,1.0309278350515463,2.2551546391752577,0.0,12.0,120000.0,0.0,0.0,2.0,0.574,1,60,0.0024752475247524753,9.626933333333334,1.7289719626168223,2.5992990654205603,0.0,12.0,120000.0,0.0,0.0,2.0,0.487,0
99.0,6131,1.1111111111111112,2.2727272727272725,25.0,12.0,120000.0,20000.0,4.0,3.0,0.556,1,100,0.0024752475247524753,9.715816666666667,1.7289719626168223,2.5992990654205603,0.0,12.0,120000.0,20000.0,3.0,3.0,0.488,0
91.0,1814,0.7692307692307693,1.9917582417582418,0.0,8.0,80000.0,0.0,0.0,4.0,0.625,1,100,0.0024752475247524753,-3.9564500000000002,1.7700212616817135,2.590985070553824,0.0,8.0,80000.0,0.0,0.0,4.0,0.476,1
67.0,5235,0.0,0.8395522388059702,12.5,12.0,120000.0,20000.0,2.0,7.0,0.856,3,100,0.0024752475247524753,-3.9562,1.7599109151620125,2.576185385681235,0.0,12.0,120000.0,20000.0,2.0,5.0,0.476,1
99.0,11542,1.1111111111111112,2.2727272727272725,0.0,12.0,120000.0,0.0,0.0,2.0,0.556,1,100,0.0024752475247524753,9.668349999999998,1.7592592592592593,2.604166666666667,0.0,12.0,120000.0,0.0,0.0,2.0,0.477,0
85.0,7942,0.35294117647058826,1.727941176470588,50.0,12.0,120000.0,20000.0,5.0,5.0,0.688,2,100,0.0024752475247524753,-3.8852004166666663,1.7590962171006186,2.603925321366048,0.0,12.0,120000.0,20000.0,1.0,3.0,0.471,1
95.0,1816,0.9473684210526316,2.138157894736842,0.0,8.0,80000.0,0.0,0.0,4.0,0.591,1,89,0.0024752475247524753,-3.7905589583333326,1.8921328592314997,2.595913983701752,0.0,8.0,80000.0,0.0,0.0,4.0,0.468,1
67.0,12420,0.0,0.8395522388059702,0.0,12.0,120000.0,0.0,0.0,4.0,0.856,3,100,0.0024752475247524753,-3.9566,1.8814242032466775,2.5812222300640393,0.0,12.0,120000.0,0.0,0.0,4.0,0.468,1
68.0,8832,0.0,0.8272058823529411,0.0,12.0,120000.0,0.0,0.0,3.0,0.843,3,100,0.0024752475247524753,-3.9566,1.8814242032466775,2.5812222300640393,0.0,12.0,120000.0,0.0,0.0,3.0,0.468,1
68.0,11982,0.0,0.8272058823529411,0.0,12.0,120000.0,0.0,0.0,0.0,0.843,3,100,0.0024752475247524753,-3.9566,1.8814242032466775,2.5812222300640393,0.0,12.0,120000.0,0.0,0.0,1.0,0.468,1
103.0,9293,1.5533980582524272,2.3968446601941746,0.0,12.0,120000.0,0.0,0.0,6.0,0.521,2,100,0.0024752475247524753,9.79345,1.8807339449541285,2.637614678899083,0.0,12.0,120000.0,0.0,0.0,6.0,0.469,0
105.0,10643,1.7142857142857144,2.4404761904761907,0.0,12.0,120000.0,0.0,0.0,4.0,0.502,2,100,0.0024752475247524753,9.876833333333334,1.8807339449541285,2.637614678899083,0.0,12.0,120000.0,0.0,0.0,4.0,0.47,0
88.0,10175,0.625,1.9176136363636362,0.0,12.0,120000.0,0.0,0.0,2.0,0.655,2,51,0.0024752475247524753,-3.8315,1.8807339449541285,2.637614678899083,0.0,12.0,120000.0,0.0,0.0,2.0,0.47,1
90.0,8843,0.7777777777777778,1.9791666666666665,0.0,12.0,120000.0,0.0,0.0,3.0,0.634,2,100,0.0024752475247524753,-3.7481666666666666,1.8807339449541285,2.637614678899083,0.0,12.0,120000.0,0.0,0.0,3.0,0.47,1
91.0,11538,0.7692307692307693,1.9917582417582418,0.0,12.0,120000.0,0.0,0.0,2.0,0.625,1,100,0.0024752475247524753,-3.707217083333333,1.8805612438710904,2.6373724761606754,0.0,12.0,120000.0,0.0,0.0,2.0,0.464,1
103.0,8375,1.5533980582524272,2.3968446601941746,12.5,12.0,120000.0,20000.0,3.0,1.0,0.521,0,0,0.0024752475247524753,9.772282916666665,1.8805612438710904,2.6373724761606754,25.0,12.0,120000.0,20000.0,3.0,1.0,0.464,0
87.0,2269,0.45977011494252873,1.7600574712643677,0.0,8.0,80000.0,0.0,0.0,5.0,0.67,1,100,0.0024752475247524753,-3.9569,2.0120109125374896,2.6293324425205826,0.0,8.0,80000.0,0.0,0.0,5.0,0.462,1
66.0,11981,0.0,0.7575757575757577,0.0,12.0,120000.0,0.0,0.0,0.0,0.859,3,100,0.0024752475247524753,-3.9569,2.000727355335817,2.614586884813852,0.0,12.0,120000.0,0.0,0.0,1.0,0.462,1
67.0,7482,0.0,0.8395522388059702,0.0,12.0,120000.0,20000.0,2.0,4.0,0.856,3,100,0.0024752475247524753,-3.9569,2.000727355335817,2.614586884813852,12.5,12.0,120000.0,20000.0,4.0,5.0,0.462,1
68.0,9725,0.0,0.8272058823529411,0.0,12.0,120000.0,0.0,0.0,3.0,0.843,3,100,0.0024752475247524753,-3.9569,2.000727355335817,2.614586884813852,0.0,12.0,120000.0,0.0,0.0,3.0,0.462,1
100.0,10181,1.2,2.34375,0.0,12.0,120000.0,0.0,0.0,2.0,0.547,1,100,0.0024752475247524753,9.625983333333332,2.0,2.642045454545454,0.0,12.0,120000.0,0.0,0.0,2.0,0.463,0
100.0,11075,1.2,2.34375,0.0,12.0,120000.0,0.0,0.0,4.0,0.547,1,100,0.0024752475247524753,9.626533333333333,2.0,2.642045454545454,0.0,12.0,120000.0,0.0,0.0,4.0,0.464,0
100.0,7495,1.2,2.34375,0.0,12.0,120000.0,20000.0,3.0,5.0,0.547,2,100,0.0024752475247524753,9.626583333333334,2.0,2.642045454545454,12.5,12.0,120000.0,20000.0,4.0,5.0,0.465,0
69.0,7483,0.0,0.8152173913043477,0.0,12.0,120000.0,20000.0,2.0,3.0,0.838,3,56,0.0024752475247524753,-3.95725,2.0277575677940187,2.619186858400608,12.5,12.0,120000.0,20000.0,4.0,5.0,0.455,1
104.0,10183,1.6826923076923077,2.463942307692308,0.0,12.0,120000.0,0.0,0.0,2.0,0.513,2,100,0.0024752475247524753,9.751133333333334,2.027027027027027,2.618243243243243,0.0,12.0,120000.0,0.0,0.0,2.0,0.456,0
101.0,11543,1.2376237623762376,2.3514851485148514,0.0,12.0,120000.0,0.0,0.0,2.0,0.538,1,100,0.0024752475247524753,9.625183333333334,2.027027027027027,2.618243243243243,0.0,12.0,120000.0,0.0,0.0,2.0,0.457,0
107.0,12440,1.7289719626168223,2.5992990654205603,0.0,12.0,120000.0,0.0,0.0,4.0,0.488,1,100,0.0024752475247524753,9.876233333333333,2.027027027027027,2.618243243243243,0.0,12.0,120000.0,0.0,0.0,4.0,0.458,0
88.0,9735,0.625,1.9176136363636362,0.0,12.0,120000.0,0.0,0.0,3.0,0.655,2,51,0.0024752475247524753,-3.916350416666666,2.026844245847739,2.6180071508866636,0.0,12.0,120000.0,0.0,0.0,3.0,0.448,1
89.0,2270,0.6741573033707865,1.9662921348314608,0.0,8.0,80000.0,0.0,0.0,5.0,0.647,1,100,0.0024752475247524753,-3.9576,2.020776395463606,2.6101695108071574,0.0,8.0,80000.0,0.0,0.0,5.0,0.448,1
101.0,6132,1.2376237623762376,2.3514851485148514,12.5,12.0,120000.0,20000.0,3.0,3.0,0.538,2,100,0.0024752475247524753,9.584116666666665,2.0089285714285716,2.622767857142857,25.0,12.0,120000.0,20000.0,4.0,3.0,0.449,0
107.0,10644,1.7289719626168223,2.5992990654205603,0.0,12.0,120000.0,0.0,0.0,4.0,0.488,1,100,0.0024752475247524753,9.834166666666667,2.0089285714285716,2.622767857142857,0.0,12.0,120000.0,0.0,0.0,4.0,0.45,0
108.0,914,1.7592592592592593,2.604166666666667,0.0,8.0,80000.0,20000.0,2.0,1.0,0.477,1,100,0.0024752475247524753,9.792,2.0089285714285716,2.622767857142857,25.0,8.0,80000.0,20000.0,4.0,1.0,0.45,0
106.0,7498,1.7452830188679245,2.535377358490566,0.0,12.0,120000.0,20000.0,3.0,5.0,0.494,0,0,0.0024752475247524753,9.7725,2.0089285714285716,2.622767857142857,0.0,12.0,120000.0,20000.0,3.0,5.0,0.45,0
90.0,9736,0.7777777777777778,1.9791666666666665,0.0,12.0,120000.0,0.0,0.0,3.0,0.634,2,100,0.0024752475247524753,-3.87488375,2.0087490394831677,2.6225334682141357,0.0,12.0,120000.0,0.0,0.0,3.0,0.444,1
95.0,2273,0.9473684210526316,2.138157894736842,0.0,8.0,80000.0,0.0,0.0,5.0,0.591,1,89,0.0024752475247524753,-3.9585500000000002,2.0087490394831677,2.6225334682141357,0.0,8.0,80000.0,0.0,0.0,5.0,0.444,1
72.0,8834,0.0,0.9548611111111109,0.0,12.0,120000.0,0.0,0.0,3.0,0.807,3,38,0.0024752475247524753,-3.9578,2.080382252090806,2.600477815113508,0.0,12.0,120000.0,0.0,0.0,3.0,0.444,1
69.0,11527,0.0,0.8152173913043477,0.0,12.0,120000.0,0.0,0.0,2.0,0.838,3,100,0.0024752475247524753,-3.9578,2.080382252090806,2.600477815113508,0.0,12.0,120000.0,0.0,0.0,2.0,0.444,1
108.0,11079,1.7592592592592593,2.604166666666667,0.0,12.0,120000.0,0.0,0.0,4.0,0.477,2,88,0.0024752475247524753,9.833916666666665,2.079646017699115,2.627212389380531,0.0,12.0,120000.0,0.0,0.0,4.0,0.445,0
109.0,460,1.8807339449541285,2.637614678899083,0.0,8.0,80000.0,20000.0,3.0,4.0,0.47,0,0,0.0024752475247524753,9.77225,2.079646017699115,2.627212389380531,0.0,8.0,80000.0,20000.0,4.0,4.0,0.445,0
107.0,6135,1.7289719626168223,2.5992990654205603,0.0,12.0,120000.0,20000.0,3.0,3.0,0.488,0,0,0.0024752475247524753,9.772,2.079646017699115,2.627212389380531,12.5,12.0,120000.0,20000.0,4.0,3.0,0.445,0
109.0,16,1.8807339449541285,2.637614678899083,0.0,8.0,80000.0,20000.0,1.0,2.0,0.47,0,0,0.0024752475247524753,9.77225,2.079646017699115,2.627212389380531,0.0,8.0,80000.0,20000.0,2.0,2.0,0.445,0
96.0,908,0.9895833333333333,2.1484375,12.5,8.0,80000.0,20000.0,3.0,1.0,0.581,1,100,0.0024752475247524753,-3.9583000000000004,2.0794618105068747,2.626979680826504,37.5,8.0,80000.0,20000.0,4.0,1.0,0.439,1
77.0,0,0.0,1.2175324675324675,0.0,8.0,80000.0,20000.0,1.0,2.0,0.768,1,100,0.0024752475247524753,-3.9581,2.1174600372796486,2.6192539523641485,12.5,8.0,80000.0,20000.0,2.0,2.0,0.438,1
73.0,9278,0.0,0.9845890410958904,0.0,12.0,120000.0,0.0,0.0,7.0,0.801,3,100,0.0024752475247524753,-3.9581,2.1060019212002525,2.6050805014846876,0.0,12.0,120000.0,0.0,0.0,6.0,0.438,1
108.0,6587,1.7592592592592593,2.604166666666667,0.0,12.0,120000.0,20000.0,2.0,5.0,0.477,1,100,0.0024752475247524753,9.79195,2.1052631578947367,2.6315789473684212,12.5,12.0,120000.0,20000.0,3.0,5.0,0.439,0
106.0,10184,1.7452830188679245,2.535377358490566,0.0,12.0,120000.0,0.0,0.0,2.0,0.494,1,100,0.0024752475247524753,9.708416666666666,2.1052631578947367,2.6315789473684212,0.0,12.0,120000.0,0.0,0.0,2.0,0.44,0
98.0,6582,1.0714285714285714,2.295918367346939,0.0,12.0,120000.0,20000.0,2.0,5.0,0.564,2,100,0.0024752475247524753,-3.6246666666666667,2.1052631578947367,2.6315789473684212,12.5,12.0,120000.0,20000.0,3.0,5.0,0.44,1
110.0,915,2.0,2.642045454545454,25.0,8.0,80000.0,20000.0,3.0,1.0,0.465,0,0,0.0024752475247524753,9.770724375,2.105078317246003,2.631347896557504,12.5,8.0,80000.0,20000.0,2.0,1.0,0.432,0
71.0,12422,0.0,0.880281690140845,0.0,12.0,120000.0,0.0,0.0,4.0,0.821,3,100,0.0024752475247524753,-3.9585,2.1311758758545687,2.609603113291309,0.0,12.0,120000.0,0.0,0.0,4.0,0.43,1
106.0,9744,1.7452830188679245,2.535377358490566,0.0,12.0,120000.0,0.0,0.0,3.0,0.494,1,100,0.0024752475247524753,9.6663,2.130434782608696,2.690217391304348,0.0,12.0,120000.0,0.0,0.0,3.0,0.431,0
94.0,10178,0.9042553191489361,2.0611702127659575,0.0,12.0,120000.0,0.0,0.0,2.0,0.596,2,100,0.0024752475247524753,-3.83345,2.130434782608696,2.690217391304348,0.0,12.0,120000.0,0.0,0.0,2.0,0.431,1
95.0,2702,0.9473684210526316,2.138157894736842,0.0,25.0,400000.0,20000.0,2.0,4.0,0.591,0,0,0.0024752475247524753,9.62155,2.130434782608696,2.690217391304348,0.0,25.0,400000.0,20000.0,3.0,4.0,0.431,0
79.0,1,0.06329113924050633,1.4240506329113924,0.0,8.0,80000.0,20000.0,1.0,2.0,0.75,1,100,0.0024752475247524753,-3.9588,2.1674419413829487,2.682209402461399,25.0,8.0,80000.0,20000.0,3.0,2.0,0.424,1
73.0,7936,0.0,0.9845890410958904,25.0,12.0,120000.0,20000.0,3.0,3.0,0.801,3,100,0.0024752475247524753,-3.9538,2.1559156471269705,2.6679456133196267,12.5,12.0,120000.0,20000.0,2.0,3.0,0.424,1
107.0,8377,1.7289719626168223,2.5992990654205603,12.5,12.0,120000.0,20000.0,4.0,1.0,0.488,1,100,0.0024752475247524753,9.66575,2.1551724137931036,2.747844827586207,12.5,12.0,120000.0,20000.0,3.0,1.0,0.425,0
110.0,5695,2.0,2.642045454545454,0.0,12.0,120000.0,20000.0,1.0,2.0,0.465,1,100,0.0024752475247524753,9.79075,2.1551724137931036,2.747844827586207,25.0,12.0,120000.0,20000.0,3.0,2.0,0.425,0
95.0,9289,0.9473684210526316,2.138157894736842,0.0,12.0,120000.0,0.0,0.0,6.0,0.591,2,97,0.0024752475247524753,-3.8347670833333334,2.154986453324157,2.7476077279883,0.0,12.0,120000.0,0.0,0.0,6.0,0.413,1
112.0,916,2.0089285714285716,2.622767857142857,25.0,8.0,80000.0,20000.0,3.0,1.0,0.45,0,0,0.0024752475247524753,9.769774375,2.154986453324157,2.7476077279883,12.5,8.0,80000.0,20000.0,2.0,1.0,0.413,0
74.0,11985,0.0,1.0557432432432434,0.0,12.0,120000.0,0.0,0.0,1.0,0.793,3,92,0.0024752475247524753,-3.95935,2.1802323717311585,2.725290464663948,0.0,12.0,120000.0,0.0,0.0,1.0,0.413,1
108.0,7499,1.7592592592592593,2.604166666666667,12.5,12.0,120000.0,20000.0,4.0,5.0,0.477,1,100,0.0024752475247524753,9.6657,2.1794871794871793,2.7243589743589745,12.5,12.0,120000.0,20000.0,4.0,5.0,0.414,0
100.0,9741,1.2,2.34375,0.0,12.0,120000.0,0.0,0.0,3.0,0.547,2,100,0.0024752475247524753,-3.6676333333333333,2.1794871794871793,2.7243589743589745,0.0,12.0,120000.0,0.0,0.0,3.0,0.414,1
96.0,9739,0.9895833333333333,2.1484375,0.0,12.0,120000.0,0.0,0.0,3.0,0.581,2,100,0.0024752475247524753,-3.835117083333333,2.1793007282026555,2.7241259102533197,0.0,12.0,120000.0,0.0,0.0,3.0,0.406,1
113.0,462,2.079646017699115,2.627212389380531,0.0,8.0,80000.0,20000.0,3.0,4.0,0.445,0,0,0.0024752475247524753,9.769424375000002,2.1793007282026555,2.7241259102533197,12.5,8.0,80000.0,20000.0,4.0,4.0,0.406,0
113.0,18,2.079646017699115,2.627212389380531,0.0,8.0,80000.0,20000.0,1.0,2.0,0.445,0,0,0.0024752475247524753,9.769174375,2.1793007282026555,2.7241259102533197,25.0,8.0,80000.0,20000.0,3.0,2.0,0.406,0
76.0,9729,0.0,1.151315789473684,0.0,12.0,120000.0,0.0,0.0,3.0,0.776,3,100,0.0024752475247524753,-3.9596999999999998,2.246524055058998,2.702186953019078,0.0,12.0,120000.0,0.0,0.0,3.0,0.406,1
77.0,6120,0.0,1.2175324675324675,12.5,12.0,120000.0,20000.0,3.0,3.0,0.768,3,100,0.0024752475247524753,-3.9596999999999998,2.246524055058998,2.702186953019078,12.5,12.0,120000.0,20000.0,3.0,3.0,0.406,1
111.0,12442,2.027027027027027,2.618243243243243,0.0,12.0,120000.0,0.0,0.0,4.0,0.458,1,100,0.0024752475247524753,9.748683333333334,2.2457627118644066,2.7542372881355934,0.0,12.0,120000.0,0.0,0.0,4.0,0.407,0
114.0,11082,2.1052631578947367,2.6315789473684212,0.0,12.0,120000.0,0.0,0.0,4.0,0.44,2,100,0.0024752475247524753,9.873733333333334,2.2457627118644066,2.7542372881355934,0.0,12.0,120000.0,0.0,0.0,4.0,0.408,0
114.0,6590,2.1052631578947367,2.6315789473684212,12.5,12.0,120000.0,20000.0,3.0,5.0,0.44,1,100,0.0024752475247524753,9.873783333333334,2.2457627118644066,2.7542372881355934,0.0,12.0,120000.0,20000.0,2.0,5.0,0.409,0
100.0,6583,1.2,2.34375,0.0,12.0,120000.0,20000.0,2.0,5.0,0.547,2,100,0.0024752475247524753,-3.70955,2.2457627118644066,2.7542372881355934,0.0,12.0,120000.0,20000.0,2.0,5.0,0.409,1
112.0,6589,2.0089285714285716,2.622767857142857,0.0,12.0,120000.0,20000.0,2.0,5.0,0.45,0,0,0.0024752475247524753,9.77045,2.2457627118644066,2.7542372881355934,0.0,12.0,120000.0,20000.0,2.0,5.0,0.409,0
96.0,10179,0.9895833333333333,2.1484375,0.0,12.0,120000.0,0.0,0.0,2.0,0.581,2,100,0.0024752475247524753,-3.8771337499999996,2.245572218831267,2.7540036646043844,0.0,12.0,120000.0,0.0,0.0,2.0,0.399,1
112.0,5696,2.0089285714285716,2.622767857142857,12.5,12.0,120000.0,20000.0,2.0,2.0,0.45,0,0,0.0024752475247524753,9.769282916666667,2.245572218831267,2.7540036646043844,12.5,12.0,120000.0,20000.0,2.0,2.0,0.399,0
77.0,5688,0.0,1.2175324675324675,12.5,12.0,120000.0,20000.0,2.0,2.0,0.768,3,100,0.0024752475247524753,-3.96005,2.2696702866786915,2.732010530261388,12.5,12.0,120000.0,20000.0,2.0,2.0,0.399,1
110.0,6588,2.0,2.642045454545454,0.0,12.0,120000.0,20000.0,2.0,5.0,0.465,1,100,0.0024752475247524753,9.665,2.26890756302521,2.73109243697479,0.0,12.0,120000.0,20000.0,2.0,5.0,0.4,0
114.0,10188,2.1052631578947367,2.6315789473684212,0.0,12.0,120000.0,0.0,0.0,2.0,0.44,2,100,0.0024752475247524753,9.831716666666665,2.26890756302521,2.73109243697479,0.0,12.0,120000.0,0.0,0.0,2.0,0.401,0
113.0,6138,2.079646017699115,2.627212389380531,12.5,12.0,120000.0,20000.0,3.0,3.0,0.445,0,0,0.0024752475247524753,9.768982916666666,2.2687167239125516,2.7308627232280713,0.0,12.0,120000.0,20000.0,2.0,3.0,0.388,0
115.0,928,2.130434782608696,2.690217391304348,12.5,8.0,80000.0,20000.0,2.0,1.0,0.431,1,100,0.0024752475247524753,9.788024374999999,2.2687167239125516,2.7308627232280713,37.5,8.0,80000.0,20000.0,4.0,1.0,0.388,0
115.0,19,2.130434782608696,2.690217391304348,12.5,8.0,80000.0,20000.0,2.0,2.0,0.431,0,0,0.0024752475247524753,9.768524375,2.2687167239125516,2.7308627232280713,12.5,8.0,80000.0,20000.0,2.0,2.0,0.388,0
113.0,8380,2.079646017699115,2.627212389380531,25.0,12.0,120000.0,20000.0,4.0,1.0,0.445,1,100,0.0024752475247524753,9.793732916666666,2.2687167239125516,2.7308627232280713,12.5,12.0,120000.0,20000.0,4.0,1.0,0.388,0
77.0,7487,0.0,1.2175324675324675,12.5,12.0,120000.0,20000.0,3.0,5.0,0.768,3,9,0.0024752475247524753,-3.9606,2.334111175882696,2.7092361862924155,12.5,12.0,120000.0,20000.0,4.0,5.0,0.388,1
79.0,5241,0.06329113924050633,1.4240506329113924,0.0,12.0,120000.0,20000.0,2.0,6.0,0.75,3,100,0.0024752475247524753,-3.9606,2.334111175882696,2.7092361862924155,0.0,12.0,120000.0,20000.0,2.0,5.0,0.388,1
113.0,7945,2.079646017699115,2.627212389380531,12.5,12.0,120000.0,20000.0,2.0,3.0,0.445,1,100,0.0024752475247524753,9.747533333333335,2.3333333333333335,2.734375,12.5,12.0,120000.0,20000.0,2.0,3.0,0.389,0
104.0,6585,1.6826923076923077,2.463942307692308,0.0,12.0,120000.0,20000.0,2.0,5.0,0.513,2,100,0.0024752475247524753,-3.6272166666666665,2.3333333333333335,2.734375,0.0,12.0,120000.0,20000.0,2.0,5.0,0.389,1
103.0,6133,1.5533980582524272,2.3968446601941746,12.5,12.0,120000.0,20000.0,3.0,3.0,0.521,2,100,0.0024752475247524753,-3.6698504166666663,2.3331387106792176,2.734146926577208,0.0,12.0,120000.0,20000.0,3.0,3.0,0.378,1
114.0,5697,2.1052631578947367,2.6315789473684212,25.0,12.0,120000.0,20000.0,3.0,2.0,0.44,0,0,0.0024752475247524753,9.768232916666667,2.3331387106792176,2.734146926577208,12.5,12.0,120000.0,20000.0,2.0,2.0,0.378,0
77.0,11531,0.0,1.2175324675324675,0.0,12.0,120000.0,0.0,0.0,2.0,0.768,3,100,0.0024752475247524753,-3.9611,2.3974865742818636,2.712673386849092,0.0,12.0,120000.0,0.0,0.0,2.0,0.378,1
79.0,10630,0.06329113924050633,1.4240506329113924,0.0,12.0,120000.0,0.0,0.0,4.0,0.75,3,100,0.0024752475247524753,-3.9611,2.3974865742818636,2.712673386849092,0.0,12.0,120000.0,0.0,0.0,4.0,0.378,1
111.0,6137,2.027027027027027,2.618243243243243,25.0,12.0,120000.0,20000.0,4.0,3.0,0.458,1,100,0.0024752475247524753,9.626533333333334,2.396694214876033,2.737603305785124,0.0,12.0,120000.0,20000.0,3.0,3.0,0.379,0
114.0,7502,2.1052631578947367,2.6315789473684212,0.0,12.0,120000.0,20000.0,3.0,5.0,0.44,1,100,0.0024752475247524753,9.747333333333334,2.396694214876033,2.737603305785124,12.5,12.0,120000.0,20000.0,4.0,5.0,0.38,0
112.0,7501,2.0089285714285716,2.622767857142857,0.0,12.0,120000.0,20000.0,3.0,5.0,0.45,1,100,0.0024752475247524753,9.663549999999999,2.396694214876033,2.737603305785124,12.5,12.0,120000.0,20000.0,4.0,5.0,0.381,0
117.0,464,2.1794871794871793,2.7243589743589745,12.5,8.0,80000.0,20000.0,4.0,4.0,0.414,0,0,0.0024752475247524753,9.767824375000002,2.3964959593012183,2.7373768500638915,12.5,8.0,80000.0,20000.0,4.0,4.0,0.374,0
117.0,929,2.1794871794871793,2.7243589743589745,12.5,8.0,80000.0,20000.0,2.0,1.0,0.414,0,0,0.0024752475247524753,9.767574375,2.3964959593012183,2.7373768500638915,25.0,8.0,80000.0,20000.0,3.0,1.0,0.374,0
101.0,3440,1.2376237623762376,2.3514851485148514,25.0,25.0,400000.0,20000.0,5.0,2.0,0.538,0,0,0.0024752475247524753,9.6179998,2.3964959593012183,2.7373768500638915,25.0,25.0,400000.0,20000.0,3.0,2.0,0.374,0
117.0,20,2.1794871794871793,2.7243589743589745,25.0,8.0,80000.0,20000.0,3.0,2.0,0.414,0,0,0.0024752475247524753,9.768074375000001,2.3964959593012183,2.7373768500638915,0.0,8.0,80000.0,20000.0,1.0,2.0,0.374,0
101.0,4512,1.2376237623762376,2.3514851485148514,25.0,25.0,400000.0,20000.0,3.0,3.0,0.538,0,0,0.0024752475247524753,9.6179998,2.3964959593012183,2.7373768500638915,25.0,25.0,400000.0,20000.0,4.0,3.0,0.374,0
85.0,2268,0.35294117647058826,1.727941176470588,0.0,8.0,80000.0,0.0,0.0,5.0,0.688,1,50,0.0024752475247524753,-3.9613,2.43111811407427,2.7298572043630576,0.0,8.0,80000.0,0.0,0.0,5.0,0.374,1
81.0,5242,0.06172839506172839,1.3888888888888888,0.0,12.0,120000.0,20000.0,2.0,6.0,0.727,3,100,0.0024752475247524753,-3.9613,2.4188256462097697,2.716054221379615,0.0,12.0,120000.0,20000.0,2.0,5.0,0.374,1
117.0,7947,2.1794871794871793,2.7243589743589745,0.0,12.0,120000.0,20000.0,1.0,3.0,0.414,1,100,0.0024752475247524753,9.830416666666666,2.418032786885246,2.7920081967213113,12.5,12.0,120000.0,20000.0,2.0,3.0,0.375,0
101.0,8374,1.2376237623762376,2.3514851485148514,12.5,12.0,120000.0,20000.0,3.0,1.0,0.538,2,100,0.0024752475247524753,-3.83625,2.418032786885246,2.7920081967213113,37.5,12.0,120000.0,20000.0,6.0,1.0,0.375,1
116.0,7503,2.1551724137931036,2.747844827586207,0.0,12.0,120000.0,20000.0,3.0,5.0,0.425,0,0,0.0024752475247524753,9.76875,2.418032786885246,2.7920081967213113,0.0,12.0,120000.0,20000.0,3.0,5.0,0.375,0
118.0,475,2.2457627118644066,2.7542372881355934,12.5,8.0,80000.0,20000.0,4.0,4.0,0.409,0,0,0.0024752475247524753,9.767324375000001,2.417834405554102,2.791779133531749,0.0,8.0,80000.0,20000.0,3.0,4.0,0.359,0
118.0,919,2.2457627118644066,2.7542372881355934,25.0,8.0,80000.0,20000.0,4.0,1.0,0.409,0,0,0.0024752475247524753,9.767074375000002,2.417834405554102,2.791779133531749,12.5,8.0,80000.0,20000.0,3.0,1.0,0.359,0
116.0,7045,2.1551724137931036,2.747844827586207,12.5,12.0,120000.0,20000.0,3.0,4.0,0.425,0,0,0.0024752475247524753,9.767032916666667,2.417834405554102,2.791779133531749,25.0,12.0,120000.0,20000.0,4.0,4.0,0.359,0
73.0,1805,0.0,0.9845890410958904,0.0,8.0,80000.0,0.0,0.0,3.0,0.801,1,100,0.0024752475247524753,-3.96205,2.4521154304458412,2.7841727283187154,0.0,8.0,80000.0,0.0,0.0,4.0,0.359,1
87.0,5,0.45977011494252873,1.7600574712643677,12.5,8.0,80000.0,20000.0,2.0,2.0,0.67,1,100,0.0024752475247524753,-3.96205,2.4521154304458412,2.7841727283187154,0.0,8.0,80000.0,20000.0,1.0,2.0,0.359,1
79.0,7488,0.06329113924050633,1.4240506329113924,0.0,12.0,120000.0,20000.0,2.0,5.0,0.75,3,100,0.0024752475247524753,-3.96205,2.439817628511904,2.770209599039558,0.0,12.0,120000.0,20000.0,3.0,5.0,0.359,1
83.0,7490,0.24096385542168677,1.5436746987951808,0.0,12.0,120000.0,20000.0,2.0,5.0,0.709,3,100,0.0024752475247524753,-3.9624,2.4604709212269342,2.7730717349893728,0.0,12.0,120000.0,20000.0,3.0,5.0,0.352,1
117.0,11546,2.1794871794871793,2.7243589743589745,0.0,12.0,120000.0,0.0,0.0,2.0,0.414,2,100,0.0024752475247524753,9.745983333333333,2.459677419354839,2.872983870967742,0.0,12.0,120000.0,0.0,0.0,2.0,0.353,0
118.0,7046,2.2457627118644066,2.7542372881355934,25.0,12.0,120000.0,20000.0,4.0,4.0,0.409,0,0,0.0024752475247524753,9.766282916666666,2.4594788759391277,2.8727519657485714,12.5,12.0,120000.0,20000.0,3.0,4.0,0.339,0
111.0,1824,2.027027027027027,2.618243243243243,0.0,8.0,80000.0,0.0,0.0,4.0,0.458,1,100,0.0024752475247524753,-3.7970589583333325,2.5333081092693797,2.8650508378641795,0.0,8.0,80000.0,0.0,0.0,4.0,0.338,1
102.0,2275,1.3725490196078431,2.3590686274509802,0.0,8.0,80000.0,0.0,0.0,5.0,0.529,1,100,0.0024752475247524753,-3.9631,2.5333081092693797,2.8650508378641795,0.0,8.0,80000.0,0.0,0.0,5.0,0.338,1
81.0,12427,0.06172839506172839,1.3888888888888888,0.0,12.0,120000.0,0.0,0.0,4.0,0.727,3,100,0.0024752475247524753,-3.9631,2.520806456401532,2.8509120637874474,0.0,12.0,120000.0,0.0,0.0,4.0,0.338,1
83.0,7042,0.24096385542168677,1.5436746987951808,12.5,12.0,120000.0,20000.0,2.0,4.0,0.709,3,100,0.0024752475247524753,-3.9631,2.520806456401532,2.8509120637874474,12.5,12.0,120000.0,20000.0,3.0,4.0,0.338,1
120.0,7047,2.3333333333333335,2.734375,25.0,12.0,120000.0,20000.0,4.0,4.0,0.389,2,100,0.0024752475247524753,9.833616666666666,2.52,2.85,12.5,12.0,120000.0,20000.0,3.0,4.0,0.339,0
120.0,9745,2.3333333333333335,2.734375,0.0,12.0,120000.0,0.0,0.0,3.0,0.389,2,100,0.0024752475247524753,9.828666666666665,2.52,2.85,0.0,12.0,120000.0,0.0,0.0,3.0,0.34,0
109.0,6136,1.8807339449541285,2.637614678899083,25.0,12.0,120000.0,20000.0,4.0,3.0,0.47,1,100,0.0024752475247524753,-3.6246666666666667,2.52,2.85,12.5,12.0,120000.0,20000.0,5.0,3.0,0.34,1
119.0,7948,2.26890756302521,2.73109243697479,0.0,12.0,120000.0,20000.0,1.0,3.0,0.401,1,100,0.0024752475247524753,9.786999999999999,2.52,2.85,0.0,12.0,120000.0,20000.0,1.0,3.0,0.34,0
84.0,8840,0.2380952380952381,1.5625,0.0,12.0,120000.0,0.0,0.0,3.0,0.696,3,100,0.0024752475247524753,-3.9639,2.580183980614165,2.8282785941347575,0.0,12.0,120000.0,0.0,0.0,3.0,0.322,1
85.0,11535,0.35294117647058826,1.727941176470588,0.0,12.0,120000.0,0.0,0.0,2.0,0.688,3,100,0.0024752475247524753,-3.9639,2.580183980614165,2.8282785941347575,0.0,12.0,120000.0,0.0,0.0,2.0,0.322,1
119.0,8383,2.26890756302521,2.73109243697479,12.5,12.0,120000.0,20000.0,5.0,1.0,0.401,2,100,0.0024752475247524753,9.744483333333333,2.579365079365079,2.876984126984127,37.5,12.0,120000.0,20000.0,5.0,1.0,0.323,0
122.0,6594,2.418032786885246,2.7920081967213113,0.0,12.0,120000.0,20000.0,2.0,5.0,0.375,1,100,0.0024752475247524753,9.869533333333333,2.579365079365079,2.876984126984127,0.0,12.0,120000.0,20000.0,2.0,5.0,0.324,0
119.0,8395,2.26890756302521,2.73109243697479,12.5,12.0,120000.0,20000.0,5.0,1.0,0.401,2,100,0.0024752475247524753,9.744583333333333,2.579365079365079,2.876984126984127,37.5,12.0,120000.0,20000.0,5.0,1.0,0.325,0
105.0,9294,1.7142857142857144,2.4404761904761907,0.0,12.0,120000.0,0.0,0.0,6.0,0.502,2,100,0.0024752475247524753,-3.8397670833333333,2.5791601794174923,2.8767555847348953,0.0,12.0,120000.0,0.0,0.0,6.0,0.313,1
120.0,5700,2.3333333333333335,2.734375,12.5,12.0,120000.0,20000.0,2.0,2.0,0.389,0,0,0.0024752475247524753,9.765232916666667,2.5791601794174923,2.8767555847348953,0.0,12.0,120000.0,20000.0,1.0,2.0,0.313,0
79.0,1808,0.06329113924050633,1.4240506329113924,0.0,8.0,80000.0,0.0,0.0,4.0,0.75,1,100,0.0024752475247524753,-3.96435,2.651504948038022,2.869165801981442,0.0,8.0,80000.0,0.0,0.0,4.0,0.313,1
85.0,7491,0.35294117647058826,1.727941176470588,0.0,12.0,120000.0,20000.0,2.0,5.0,0.688,3,100,0.0024752475247524753,-3.96435,2.638626131173115,2.855229768806729,0.0,12.0,120000.0,20000.0,3.0,5.0,0.313,1
117.0,8382,2.1794871794871793,2.7243589743589745,12.5,12.0,120000.0,20000.0,3.0,1.0,0.414,1,100,0.0024752475247524753,9.617783333333334,2.637795275590551,2.903543307086614,37.5,12.0,120000.0,20000.0,5.0,1.0,0.314,0
118.0,10190,2.2457627118644066,2.7542372881355934,0.0,12.0,120000.0,0.0,0.0,2.0,0.409,1,100,0.0024752475247524753,9.66,2.637795275590551,2.903543307086614,0.0,12.0,120000.0,0.0,0.0,2.0,0.315,0
122.0,5701,2.418032786885246,2.7920081967213113,12.5,12.0,120000.0,20000.0,2.0,2.0,0.375,2,100,0.0024752475247524753,9.827466666666666,2.637795275590551,2.903543307086614,0.0,12.0,120000.0,20000.0,1.0,2.0,0.316,0
117.0,6140,2.1794871794871793,2.7243589743589745,12.5,12.0,120000.0,20000.0,3.0,3.0,0.414,2,100,0.0024752475247524753,9.619183333333334,2.637795275590551,2.903543307086614,12.5,12.0,120000.0,20000.0,4.0,3.0,0.317,0
111.0,461,2.027027027027027,2.618243243243243,12.5,8.0,80000.0,20000.0,4.0,4.0,0.458,1,100,0.0024752475247524753,-3.9649,2.637795275590551,2.903543307086614,12.5,8.0,80000.0,20000.0,5.0,4.0,0.317,1
121.0,6142,2.396694214876033,2.737603305785124,0.0,12.0,120000.0,20000.0,3.0,3.0,0.381,0,0,0.0024752475247524753,9.765600000000001,2.637795275590551,2.903543307086614,12.5,12.0,120000.0,20000.0,4.0,3.0,0.317,0
123.0,23,2.4390243902439024,2.7947154471544717,0.0,8.0,80000.0,20000.0,1.0,2.0,0.359,0,0,0.0024752475247524753,9.76585,2.637795275590551,2.903543307086614,0.0,8.0,80000.0,20000.0,1.0,2.0,0.317,0
123.0,932,2.4390243902439024,2.7947154471544717,12.5,8.0,80000.0,20000.0,3.0,1.0,0.359,0,0,0.0024752475247524753,9.763874375,2.6375873838605317,2.9033144710405114,50.0,8.0,80000.0,20000.0,5.0,1.0,0.31,0
121.0,8384,2.396694214876033,2.737603305785124,12.5,12.0,120000.0,20000.0,4.0,1.0,0.381,0,0,0.0024752475247524753,9.764582916666665,2.6375873838605317,2.9033144710405114,25.0,12.0,120000.0,20000.0,4.0,1.0,0.31,0
121.0,8396,2.396694214876033,2.737603305785124,12.5,12.0,120000.0,20000.0,5.0,1.0,0.381,0,0,0.0024752475247524753,9.764582916666665,2.6375873838605317,2.9033144710405114,25.0,12.0,120000.0,20000.0,4.0,1.0,0.31,0
86.0,10174,0.4069767441860465,1.7805232558139537,0.0,12.0,120000.0,0.0,0.0,2.0,0.677,3,100,0.0024752475247524753,-3.9645,2.7782119005606747,2.885818699526053,0.0,12.0,120000.0,0.0,0.0,2.0,0.31,1
83.0,12428,0.24096385542168677,1.5436746987951808,0.0,12.0,120000.0,0.0,0.0,4.0,0.709,3,100,0.0024752475247524753,-3.9645,2.7743042533366484,2.881759699768702,0.0,12.0,120000.0,0.0,0.0,4.0,0.31,1
86.0,11991,0.4069767441860465,1.7805232558139537,0.0,12.0,120000.0,0.0,0.0,1.0,0.677,3,100,0.0024752475247524753,-3.9645,2.7743042533366484,2.881759699768702,0.0,12.0,120000.0,0.0,0.0,1.0,0.31,1
87.0,5693,0.45977011494252873,1.7600574712643677,12.5,12.0,120000.0,20000.0,2.0,2.0,0.67,3,100,0.0024752475247524753,-3.9645,2.7743042533366484,2.881759699768702,0.0,12.0,120000.0,20000.0,1.0,2.0,0.31,1
121.0,7949,2.396694214876033,2.737603305785124,12.5,12.0,120000.0,20000.0,2.0,3.0,0.381,1,100,0.0024752475247524753,9.743883333333333,2.7734375,2.9296875,0.0,12.0,120000.0,20000.0,1.0,3.0,0.311,0
121.0,11548,2.396694214876033,2.737603305785124,0.0,12.0,120000.0,0.0,0.0,2.0,0.381,2,100,0.0024752475247524753,9.743933333333333,2.7734375,2.9296875,0.0,12.0,120000.0,0.0,0.0,2.0,0.312,0
106.0,11078,1.7452830188679245,2.535377358490566,0.0,12.0,120000.0,0.0,0.0,4.0,0.494,2,100,0.0024752475247524753,-3.88198375,2.7732206254807727,2.929458407198,0.0,12.0,120000.0,0.0,0.0,4.0,0.302,1
111.0,926,2.027027027027027,2.618243243243243,37.5,8.0,80000.0,20000.0,4.0,1.0,0.458,1,100,0.0024752475247524753,-3.9476500000000003,2.7732206254807727,2.929458407198,50.0,8.0,80000.0,20000.0,5.0,1.0,0.302,1
122.0,7048,2.418032786885246,2.7920081967213113,25.0,12.0,120000.0,20000.0,4.0,4.0,0.375,0,0,0.0024752475247524753,9.764682916666667,2.7732206254807727,2.929458407198,0.0,12.0,120000.0,20000.0,2.0,4.0,0.302,0
91.0,2271,0.7692307692307693,1.9917582417582418,0.0,8.0,80000.0,0.0,0.0,5.0,0.625,1,100,0.0024752475247524753,-3.96495,2.844155844155844,2.9220779220779214,0.0,8.0,80000.0,0.0,0.0,5.0,0.301,1
87.0,7492,0.45977011494252873,1.7600574712643677,0.0,12.0,120000.0,20000.0,2.0,5.0,0.67,3,100,0.0024752475247524753,-3.96495,2.8342903787178813,2.911942169915632,0.0,12.0,120000.0,20000.0,3.0,5.0,0.301,1
86.0,9734,0.4069767441860465,1.7805232558139537,0.0,12.0,120000.0,0.0,0.0,3.0,0.677,3,100,0.0024752475247524753,-3.96495,2.8303347681192035,2.9078781864238388,0.0,12.0,120000.0,0.0,0.0,3.0,0.301,1
85.0,10633,0.35294117647058826,1.727941176470588,0.0,12.0,120000.0,0.0,0.0,4.0,0.688,3,100,0.0024752475247524753,-3.96495,2.8303347681192035,2.9078781864238388,0.0,12.0,120000.0,0.0,0.0,4.0,0.301,1
124.0,5702,2.459677419354839,2.872983870967742,12.5,12.0,120000.0,20000.0,2.0,2.0,0.353,2,100,0.0024752475247524753,9.826766666666666,2.8294573643410854,2.9312015503875974,12.5,12.0,120000.0,20000.0,2.0,2.0,0.302,0
108.0,10185,1.7592592592592593,2.604166666666667,0.0,12.0,120000.0,0.0,0.0,2.0,0.477,2,88,0.0024752475247524753,-3.8399,2.8294573643410854,2.9312015503875974,0.0,12.0,120000.0,0.0,0.0,2.0,0.302,1
93.0,8,0.913978494623656,2.049731182795699,12.5,8.0,80000.0,20000.0,2.0,2.0,0.607,1,100,0.0024752475247524753,-3.96545,2.937916944211766,2.923420643500195,0.0,8.0,80000.0,20000.0,1.0,2.0,0.291,1
43.0,4860,0.0,0.0,0.0,25.0,400000.0,0.0,0.0,6.0,0.993,1,100,0.0024752475247524753,-3.9657000000000004,2.9303650414853584,2.9159060034517132,0.0,25.0,400000.0,0.0,0.0,5.0,0.291,1
89.0,7944,0.6741573033707865,1.9662921348314608,12.5,12.0,120000.0,20000.0,2.0,4.0,0.647,3,100,0.0024752475247524753,-3.96545,2.9242016160061555,2.9097729896113886,0.0,12.0,120000.0,20000.0,1.0,3.0,0.291,1
87.0,7044,0.45977011494252873,1.7600574712643677,25.0,12.0,120000.0,20000.0,3.0,4.0,0.67,3,100,0.0024752475247524753,-3.9604500000000002,2.9242016160061555,2.9097729896113886,0.0,12.0,120000.0,20000.0,2.0,4.0,0.291,1
89.0,10635,0.6741573033707865,1.9662921348314608,0.0,12.0,120000.0,0.0,0.0,4.0,0.647,3,100,0.0024752475247524753,-3.96545,2.9242016160061555,2.9097729896113886,0.0,12.0,120000.0,0.0,0.0,4.0,0.291,1
123.0,7950,2.4390243902439024,2.7947154471544717,12.5,12.0,120000.0,20000.0,2.0,3.0,0.359,2,100,0.0024752475247524753,9.742933333333333,2.923076923076923,2.956730769230769,0.0,12.0,120000.0,20000.0,1.0,3.0,0.292,0
122.0,10192,2.418032786885246,2.7920081967213113,0.0,12.0,120000.0,0.0,0.0,2.0,0.375,1,100,0.0024752475247524753,9.700566666666665,2.923076923076923,2.956730769230769,0.0,12.0,120000.0,0.0,0.0,2.0,0.293,0
113.0,12443,2.079646017699115,2.627212389380531,0.0,12.0,120000.0,0.0,0.0,4.0,0.445,2,100,0.0024752475247524753,-3.6736833333333334,2.923076923076923,2.956730769230769,0.0,12.0,120000.0,0.0,0.0,4.0,0.293,1
126.0,479,2.579365079365079,2.876984126984127,0.0,8.0,80000.0,20000.0,3.0,4.0,0.325,1,100,0.0024752475247524753,9.78465,2.923076923076923,2.956730769230769,0.0,8.0,80000.0,20000.0,5.0,4.0,0.293,0
126.0,923,2.579365079365079,2.876984126984127,50.0,8.0,80000.0,20000.0,5.0,1.0,0.325,0,0,0.0024752475247524753,9.763324375000002,2.922851863483435,2.9565031184906454,12.5,8.0,80000.0,20000.0,2.0,1.0,0.284,0
110.0,3439,2.0,2.642045454545454,25.0,25.0,400000.0,20000.0,3.0,2.0,0.465,0,0,0.0024752475247524753,9.6132498,2.922851863483435,2.9565031184906454,37.5,25.0,400000.0,20000.0,4.0,2.0,0.284,0
110.0,3443,2.0,2.642045454545454,25.0,25.0,400000.0,20000.0,4.0,2.0,0.465,0,0,0.0024752475247524753,9.6132498,2.922851863483435,2.9565031184906454,37.5,25.0,400000.0,20000.0,4.0,2.0,0.284,0
108.0,2278,1.7592592592592593,2.604166666666667,0.0,8.0,80000.0,0.0,0.0,5.0,0.477,1,100,0.0024752475247524753,-3.96585,2.9923273657289,2.9491687979539636,0.0,8.0,80000.0,0.0,0.0,5.0,0.283,1
90.0,11070,0.7777777777777778,1.9791666666666665,0.0,12.0,120000.0,0.0,0.0,4.0,0.634,3,100,0.0024752475247524753,-3.96585,2.978235967926689,2.935280641466208,0.0,12.0,120000.0,0.0,0.0,4.0,0.283,1
89.0,7493,0.6741573033707865,1.9662921348314608,0.0,12.0,120000.0,20000.0,2.0,5.0,0.647,3,9,0.0024752475247524753,-3.96585,2.978235967926689,2.935280641466208,0.0,12.0,120000.0,20000.0,3.0,5.0,0.283,1
126.0,9748,2.579365079365079,2.876984126984127,0.0,12.0,120000.0,0.0,0.0,3.0,0.325,2,100,0.0024752475247524753,9.825866666666666,2.9770992366412212,3.029580152671756,0.0,12.0,120000.0,0.0,0.0,3.0,0.284,0
116.0,5698,2.1551724137931036,2.747844827586207,25.0,12.0,120000.0,20000.0,3.0,2.0,0.425,2,100,0.0024752475247524753,-3.5868170833333335,2.9768717672794622,3.029348673433427,12.5,12.0,120000.0,20000.0,2.0,2.0,0.272,1
89.0,9286,0.6741573033707865,1.9662921348314608,0.0,12.0,120000.0,0.0,0.0,6.0,0.647,3,100,0.0024752475247524753,-3.96645,3.0314513073133758,3.00776809397499,0.0,12.0,120000.0,0.0,0.0,6.0,0.271,1
126.0,5703,2.579365079365079,2.876984126984127,12.5,12.0,120000.0,20000.0,2.0,2.0,0.325,1,100,0.0024752475247524753,9.7836,3.0303030303030303,3.0539772727272725,12.5,12.0,120000.0,20000.0,2.0,2.0,0.272,0
123.0,8397,2.4390243902439024,2.7947154471544717,37.5,12.0,120000.0,20000.0,6.0,1.0,0.359,1,100,0.0024752475247524753,9.6759,3.0303030303030303,3.0539772727272725,25.0,12.0,120000.0,20000.0,3.0,1.0,0.273,0
127.0,7952,2.637795275590551,2.903543307086614,0.0,12.0,120000.0,20000.0,1.0,3.0,0.317,1,100,0.0024752475247524753,9.825366666666666,3.0303030303030303,3.0539772727272725,0.0,12.0,120000.0,20000.0,1.0,3.0,0.274,0
115.0,6139,2.130434782608696,2.690217391304348,12.5,12.0,120000.0,20000.0,3.0,3.0,0.431,2,100,0.0024752475247524753,-3.6746333333333334,3.0303030303030303,3.0539772727272725,12.5,12.0,120000.0,20000.0,5.0,3.0,0.274,1
46.0,4861,0.0,0.0,0.0,25.0,400000.0,0.0,0.0,6.0,0.979,1,100,0.0024752475247524753,-3.9669,3.09021909728771,3.0384013990100196,0.0,25.0,400000.0,0.0,0.0,5.0,0.262,1
90.0,10176,0.7777777777777778,1.9791666666666665,0.0,12.0,120000.0,0.0,0.0,2.0,0.634,3,100,0.0024752475247524753,-3.9669,3.088279369668622,3.0364941973113737,0.0,12.0,120000.0,0.0,0.0,2.0,0.262,1
92.0,6579,0.8152173913043478,2.004076086956522,0.0,12.0,120000.0,20000.0,2.0,5.0,0.617,3,100,0.0024752475247524753,-3.9669,3.0836339437700104,3.0319266672738667,0.0,12.0,120000.0,20000.0,2.0,5.0,0.262,1
92.0,9737,0.8152173913043478,2.004076086956522,0.0,12.0,120000.0,0.0,0.0,3.0,0.617,3,100,0.0024752475247524753,-3.9669,3.0836339437700104,3.0319266672738667,0.0,12.0,120000.0,0.0,0.0,3.0,0.262,1
124.0,10193,2.459677419354839,2.872983870967742,0.0,12.0,120000.0,0.0,0.0,2.0,0.353,1,100,0.0024752475247524753,9.6579,3.082706766917293,3.101503759398496,0.0,12.0,120000.0,0.0,0.0,2.0,0.263,0
120.0,11085,2.3333333333333335,2.734375,0.0,12.0,120000.0,0.0,0.0,4.0,0.389,2,100,0.0024752475247524753,-3.5084666666666666,3.082706766917293,3.101503759398496,0.0,12.0,120000.0,0.0,0.0,4.0,0.264,1
123.0,11549,2.4390243902439024,2.7947154471544717,0.0,12.0,120000.0,0.0,0.0,2.0,0.359,1,100,0.0024752475247524753,9.616083333333332,3.082706766917293,3.101503759398496,0.0,12.0,120000.0,0.0,0.0,2.0,0.265,0
116.0,6591,2.1551724137931036,2.747844827586207,12.5,12.0,120000.0,20000.0,3.0,5.0,0.425,2,100,0.0024752475247524753,-3.6757504166666664,3.082474770131962,3.1012703479986206,0.0,12.0,120000.0,20000.0,2.0,5.0,0.26,1
127.0,8387,2.637795275590551,2.903543307086614,37.5,12.0,120000.0,20000.0,5.0,1.0,0.317,1,100,0.0024752475247524753,9.799332916666666,3.082474770131962,3.1012703479986206,37.5,12.0,120000.0,20000.0,4.0,1.0,0.26,0
120.0,1380,2.3333333333333335,2.734375,0.0,8.0,80000.0,0.0,0.0,5.0,0.389,1,100,0.0024752475247524753,-3.800533333333334,3.1125,3.093749999999999,0.0,8.0,80000.0,0.0,0.0,5.0,0.256,1
92.0,8844,0.8152173913043478,2.004076086956522,0.0,12.0,120000.0,0.0,0.0,3.0,0.617,3,100,0.0024752475247524753,-3.9672,3.0981709593131757,3.0795072788353863,0.0,12.0,120000.0,0.0,0.0,3.0,0.256,1
124.0,9747,2.459677419354839,2.872983870967742,0.0,12.0,120000.0,0.0,0.0,3.0,0.353,1,100,0.0024752475247524753,9.616183333333334,3.0970149253731343,3.101679104477612,0.0,12.0,120000.0,0.0,0.0,3.0,0.257,0
129.0,11552,2.8294573643410854,2.9312015503875974,0.0,12.0,120000.0,0.0,0.0,2.0,0.302,2,100,0.0024752475247524753,9.824566666666666,3.0970149253731343,3.101679104477612,0.0,12.0,120000.0,0.0,0.0,2.0,0.258,0
124.0,7507,2.459677419354839,2.872983870967742,0.0,12.0,120000.0,20000.0,3.0,5.0,0.353,2,100,0.0024752475247524753,9.614283333333333,3.0970149253731343,3.101679104477612,0.0,12.0,120000.0,20000.0,3.0,5.0,0.259,0
128.0,5704,2.7734375,2.9296875,0.0,12.0,120000.0,20000.0,1.0,2.0,0.312,0,0,0.0024752475247524753,9.76295,3.0970149253731343,3.101679104477612,0.0,12.0,120000.0,20000.0,1.0,2.0,0.259,0
111.0,8379,2.027027027027027,2.618243243243243,25.0,12.0,120000.0,20000.0,4.0,1.0,0.458,2,100,0.0024752475247524753,-3.921450416666666,3.09678359101682,3.101447421726183,37.5,12.0,120000.0,20000.0,4.0,1.0,0.246,1
130.0,481,2.923076923076923,2.956730769230769,0.0,8.0,80000.0,20000.0,4.0,4.0,0.293,1,100,0.0024752475247524753,9.781674375,3.09678359101682,3.101447421726183,0.0,8.0,80000.0,20000.0,5.0,4.0,0.246,0
93.0,8370,0.913978494623656,2.049731182795699,0.0,12.0,120000.0,20000.0,2.0,1.0,0.607,3,100,0.0024752475247524753,-3.96775,3.149314560948499,3.0798443868099294,37.5,12.0,120000.0,20000.0,4.0,1.0,0.245,1
94.0,6580,0.9042553191489361,2.0611702127659575,0.0,12.0,120000.0,20000.0,2.0,5.0,0.596,3,100,0.0024752475247524753,-3.96775,3.149314560948499,3.0798443868099294,0.0,12.0,120000.0,20000.0,2.0,5.0,0.245,1
122.0,7506,2.418032786885246,2.7920081967213113,0.0,12.0,120000.0,20000.0,3.0,5.0,0.375,2,100,0.0024752475247524753,-3.5093666666666663,3.148148148148148,3.125,12.5,12.0,120000.0,20000.0,4.0,5.0,0.246,1
124.0,7049,2.459677419354839,2.872983870967742,25.0,12.0,120000.0,20000.0,4.0,4.0,0.353,2,100,0.0024752475247524753,9.579016666666666,3.148148148148148,3.125,0.0,12.0,120000.0,20000.0,2.0,4.0,0.247,0
118.0,11084,2.2457627118644066,2.7542372881355934,0.0,12.0,120000.0,0.0,0.0,4.0,0.409,1,100,0.0024752475247524753,-3.6759833333333334,3.148148148148148,3.125,0.0,12.0,120000.0,0.0,0.0,4.0,0.247,1
119.0,11547,2.26890756302521,2.73109243697479,0.0,12.0,120000.0,0.0,0.0,2.0,0.401,1,100,0.0024752475247524753,-3.6343166666666664,3.148148148148148,3.125,0.0,12.0,120000.0,0.0,0.0,2.0,0.247,1
122.0,11086,2.418032786885246,2.7920081967213113,0.0,12.0,120000.0,0.0,0.0,4.0,0.375,2,100,0.0024752475247524753,-3.5100837499999997,3.1479147360999384,3.1247683042168504,0.0,12.0,120000.0,0.0,0.0,4.0,0.24,1
119.0,930,2.26890756302521,2.73109243697479,50.0,8.0,80000.0,20000.0,5.0,1.0,0.401,1,100,0.0024752475247524753,-3.9385,3.1479147360999384,3.1247683042168504,12.5,8.0,80000.0,20000.0,4.0,1.0,0.24,1
131.0,936,2.9770992366412212,3.029580152671756,12.5,8.0,80000.0,20000.0,2.0,1.0,0.284,1,100,0.0024752475247524753,9.781124375000001,3.1479147360999384,3.1247683042168504,12.5,8.0,80000.0,20000.0,4.0,1.0,0.24,0
122.0,1381,2.418032786885246,2.7920081967213113,0.0,8.0,80000.0,0.0,0.0,5.0,0.375,1,17,0.0024752475247524753,-3.801433333333334,3.1773399014778327,3.1173029556650245,0.0,8.0,80000.0,0.0,0.0,5.0,0.238,1
85.0,1811,0.35294117647058826,1.727941176470588,0.0,8.0,80000.0,0.0,0.0,4.0,0.688,1,50,0.0024752475247524753,-3.9681,3.1773399014778327,3.1173029556650245,0.0,8.0,80000.0,0.0,0.0,4.0,0.238,1
94.0,9738,0.9042553191489361,2.0611702127659575,0.0,12.0,120000.0,0.0,0.0,3.0,0.596,3,100,0.0024752475247524753,-3.9681,3.1629275468922393,3.103162927546892,0.0,12.0,120000.0,0.0,0.0,3.0,0.238,1
125.0,11550,2.52,2.85,0.0,12.0,120000.0,0.0,0.0,2.0,0.34,1,100,0.0024752475247524753,9.573366666666667,3.161764705882353,3.147977941176471,0.0,12.0,120000.0,0.0,0.0,2.0,0.239,0
130.0,7052,2.923076923076923,2.956730769230769,0.0,12.0,120000.0,20000.0,2.0,4.0,0.293,2,100,0.0024752475247524753,9.782,3.161764705882353,3.147977941176471,0.0,12.0,120000.0,20000.0,2.0,4.0,0.24,0
118.0,6592,2.2457627118644066,2.7542372881355934,0.0,12.0,120000.0,20000.0,2.0,5.0,0.409,2,100,0.0024752475247524753,-3.718,3.161764705882353,3.147977941176471,0.0,12.0,120000.0,20000.0,2.0,5.0,0.24,1
94.0,11072,0.9042553191489361,2.0611702127659575,0.0,12.0,120000.0,0.0,0.0,4.0,0.596,3,100,0.0024752475247524753,-3.96835,3.249361080686381,3.1261409273457463,0.0,12.0,120000.0,0.0,0.0,4.0,0.233,1
95.0,10638,0.9473684210526316,2.138157894736842,0.0,12.0,120000.0,0.0,0.0,4.0,0.591,3,100,0.0024752475247524753,-3.96835,3.249361080686381,3.1261409273457463,0.0,12.0,120000.0,0.0,0.0,4.0,0.233,1
96.0,6581,0.9895833333333333,2.1484375,0.0,12.0,120000.0,20000.0,2.0,5.0,0.581,3,100,0.0024752475247524753,-3.96835,3.249361080686381,3.1261409273457463,0.0,12.0,120000.0,20000.0,2.0,5.0,0.233,1
129.0,7953,2.8294573643410854,2.9312015503875974,0.0,12.0,120000.0,20000.0,1.0,3.0,0.302,2,100,0.0024752475247524753,9.698366666666665,3.2481751824817517,3.1934306569343067,12.5,12.0,120000.0,20000.0,2.0,3.0,0.234,0
120.0,7505,2.3333333333333335,2.734375,12.5,12.0,120000.0,20000.0,4.0,5.0,0.389,2,100,0.0024752475247524753,-3.677550416666666,3.247937869649086,3.1931973437561236,25.0,12.0,120000.0,20000.0,5.0,5.0,0.224,1
117.0,4520,2.1794871794871793,2.7243589743589745,25.0,25.0,400000.0,20000.0,4.0,3.0,0.414,0,0,0.0024752475247524753,9.6104998,3.247937869649086,3.1931973437561236,25.0,25.0,400000.0,20000.0,3.0,3.0,0.224,0
97.0,10639,1.0309278350515463,2.2551546391752577,0.0,12.0,120000.0,0.0,0.0,4.0,0.574,3,100,0.0024752475247524753,-3.9688,3.298296484233417,3.1714389271475167,0.0,12.0,120000.0,0.0,0.0,4.0,0.224,1
97.0,8372,1.0309278350515463,2.2551546391752577,12.5,12.0,120000.0,20000.0,3.0,1.0,0.574,3,100,0.0024752475247524753,-3.9688,3.298296484233417,3.1714389271475167,50.0,12.0,120000.0,20000.0,5.0,1.0,0.224,1
126.0,7508,2.579365079365079,2.876984126984127,0.0,12.0,120000.0,20000.0,3.0,5.0,0.325,2,12,0.0024752475247524753,9.53125,3.2971014492753623,3.2533212560386477,25.0,12.0,120000.0,20000.0,5.0,5.0,0.225,0
120.0,476,2.3333333333333335,2.734375,25.0,8.0,80000.0,20000.0,5.0,4.0,0.389,1,100,0.0024752475247524753,-3.96375,3.2971014492753623,3.2533212560386477,12.5,8.0,80000.0,20000.0,7.0,4.0,0.225,1
97.0,9290,1.0309278350515463,2.2551546391752577,0.0,12.0,120000.0,0.0,0.0,6.0,0.574,3,100,0.0024752475247524753,-3.96925,3.3465275278877287,3.231078325536764,0.0,12.0,120000.0,0.0,0.0,6.0,0.215,1
98.0,11074,1.0714285714285714,2.295918367346939,0.0,12.0,120000.0,0.0,0.0,4.0,0.564,3,100,0.0024752475247524753,-3.96925,3.3465275278877287,3.231078325536764,0.0,12.0,120000.0,0.0,0.0,4.0,0.215,1
126.0,11088,2.579365079365079,2.876984126984127,0.0,12.0,120000.0,0.0,0.0,4.0,0.325,2,100,0.0024752475247524753,-3.5108666666666664,3.3453237410071948,3.289868105515587,0.0,12.0,120000.0,0.0,0.0,4.0,0.216,1
133.0,7955,3.082706766917293,3.101503759398496,0.0,12.0,120000.0,20000.0,1.0,3.0,0.265,0,0,0.0024752475247524753,9.76055,3.3453237410071948,3.289868105515587,12.5,12.0,120000.0,20000.0,2.0,3.0,0.216,0
118.0,5699,2.2457627118644066,2.7542372881355934,25.0,12.0,120000.0,20000.0,3.0,2.0,0.409,2,100,0.0024752475247524753,-3.8399670833333333,3.345082846911528,3.2896312047360237,25.0,12.0,120000.0,20000.0,3.0,2.0,0.209,1
122.0,9746,2.418032786885246,2.7920081967213113,0.0,12.0,120000.0,0.0,0.0,3.0,0.375,2,100,0.0024752475247524753,-3.678300416666666,3.345082846911528,3.2896312047360237,0.0,12.0,120000.0,0.0,0.0,3.0,0.209,1
135.0,938,3.148148148148148,3.125,12.5,8.0,80000.0,20000.0,2.0,1.0,0.247,1,100,0.0024752475247524753,9.779074375,3.345082846911528,3.2896312047360237,37.5,8.0,80000.0,20000.0,6.0,1.0,0.209,0
133.0,8390,3.082706766917293,3.101503759398496,25.0,12.0,120000.0,20000.0,3.0,1.0,0.265,0,0,0.0024752475247524753,9.759282916666667,3.345082846911528,3.2896312047360237,37.5,12.0,120000.0,20000.0,4.0,1.0,0.209,0
133.0,8402,3.082706766917293,3.101503759398496,25.0,12.0,120000.0,20000.0,4.0,1.0,0.265,0,0,0.0024752475247524753,9.759282916666667,3.345082846911528,3.2896312047360237,37.5,12.0,120000.0,20000.0,4.0,1.0,0.209,0
65.0,2258,0.0,0.625,0.0,8.0,80000.0,0.0,0.0,5.0,0.868,2,100,0.0024752475247524753,-3.9696,3.337080831250329,3.281761838976018,0.0,8.0,80000.0,0.0,0.0,5.0,0.208,1
130.0,5705,2.923076923076923,2.956730769230769,12.5,12.0,120000.0,20000.0,2.0,2.0,0.293,1,100,0.0024752475247524753,9.613783333333334,3.3214285714285716,3.288690476190476,25.0,12.0,120000.0,20000.0,3.0,2.0,0.209,0
134.0,5707,3.0970149253731343,3.101679104477612,0.0,12.0,120000.0,20000.0,1.0,2.0,0.259,2,100,0.0024752475247524753,9.7805,3.3214285714285716,3.288690476190476,25.0,12.0,120000.0,20000.0,3.0,2.0,0.21,0
128.0,7509,2.7734375,2.9296875,0.0,12.0,120000.0,20000.0,3.0,5.0,0.312,2,100,0.0024752475247524753,9.53055,3.3214285714285716,3.288690476190476,12.5,12.0,120000.0,20000.0,4.0,5.0,0.211,0
115.0,7946,2.130434782608696,2.690217391304348,12.5,12.0,120000.0,20000.0,2.0,3.0,0.431,2,100,0.0024752475247524753,-3.96945,3.3214285714285716,3.288690476190476,12.5,12.0,120000.0,20000.0,2.0,3.0,0.211,1
134.0,7512,3.0970149253731343,3.101679104477612,0.0,12.0,120000.0,20000.0,3.0,5.0,0.259,0,0,0.0024752475247524753,9.7603,3.3214285714285716,3.288690476190476,12.5,12.0,120000.0,20000.0,5.0,5.0,0.211,0
123.0,6143,2.4390243902439024,2.7947154471544717,12.5,12.0,120000.0,20000.0,4.0,3.0,0.359,2,100,0.0024752475247524753,-3.678900416666666,3.3211911062644734,3.2884553516328348,0.0,12.0,120000.0,20000.0,4.0,3.0,0.197,1
120.0,4521,2.3333333333333335,2.734375,25.0,25.0,400000.0,20000.0,4.0,3.0,0.389,0,0,0.0024752475247524753,9.6093998,3.3211911062644734,3.2884553516328348,12.5,25.0,400000.0,20000.0,2.0,3.0,0.197,0
81.0,2,0.06172839506172839,1.3888888888888888,0.0,8.0,80000.0,20000.0,1.0,2.0,0.727,2,100,0.0024752475247524753,-3.9702,3.4201835911799447,3.280644850914791,0.0,8.0,80000.0,20000.0,1.0,2.0,0.196,1
97.0,12435,1.0309278350515463,2.2551546391752577,0.0,12.0,120000.0,0.0,0.0,4.0,0.574,3,100,0.0024752475247524753,-3.9702,3.405462930117062,3.2665247723779114,0.0,12.0,120000.0,0.0,0.0,4.0,0.196,1
99.0,10640,1.1111111111111112,2.2727272727272725,0.0,12.0,120000.0,0.0,0.0,4.0,0.556,3,100,0.0024752475247524753,-3.9702,3.405462930117062,3.2665247723779114,0.0,12.0,120000.0,0.0,0.0,4.0,0.196,1
98.0,10180,1.0714285714285714,2.295918367346939,0.0,12.0,120000.0,0.0,0.0,2.0,0.564,3,100,0.0024752475247524753,-3.9702,3.405462930117062,3.2665247723779114,0.0,12.0,120000.0,0.0,0.0,2.0,0.196,1
125.0,6144,2.52,2.85,12.5,12.0,120000.0,20000.0,5.0,3.0,0.34,1,100,0.0024752475247524753,-3.6368666666666667,3.404255319148936,3.3096926713947994,0.0,12.0,120000.0,20000.0,4.0,3.0,0.196,1
137.0,474,3.2481751824817517,3.1934306569343067,0.0,8.0,80000.0,20000.0,6.0,4.0,0.234,0,0,0.0024752475247524753,9.75955,3.404255319148936,3.3096926713947994,12.5,8.0,80000.0,20000.0,7.0,4.0,0.196,0
137.0,939,3.2481751824817517,3.1934306569343067,25.0,8.0,80000.0,20000.0,4.0,1.0,0.234,0,0,0.0024752475247524753,9.757774375,3.404013658321136,3.3094577233677716,50.0,8.0,80000.0,20000.0,5.0,1.0,0.188,0
126.0,1383,2.579365079365079,2.876984126984127,0.0,8.0,80000.0,0.0,0.0,5.0,0.325,1,100,0.0024752475247524753,-3.928983333333334,3.4316037735849054,3.30188679245283,0.0,8.0,80000.0,0.0,0.0,5.0,0.187,1
101.0,10641,1.2376237623762376,2.3514851485148514,0.0,12.0,120000.0,0.0,0.0,4.0,0.538,3,100,0.0024752475247524753,-3.9707,3.416696019725255,3.287542561934953,0.0,12.0,120000.0,0.0,0.0,4.0,0.186,1
137.0,6145,3.2481751824817517,3.1934306569343067,12.5,12.0,120000.0,20000.0,5.0,3.0,0.234,2,21,0.0024752475247524753,9.821016666666665,3.415492957746479,3.2863849765258215,0.0,12.0,120000.0,20000.0,4.0,3.0,0.187,0
135.0,7956,3.148148148148148,3.125,12.5,12.0,120000.0,20000.0,2.0,3.0,0.247,2,100,0.0024752475247524753,9.737733333333333,3.415492957746479,3.2863849765258215,25.0,12.0,120000.0,20000.0,3.0,3.0,0.188,0
93.0,452,0.913978494623656,2.049731182795699,12.5,8.0,80000.0,20000.0,4.0,4.0,0.607,1,100,0.0024752475247524753,-3.9711,3.415492957746479,3.2863849765258215,12.5,8.0,80000.0,20000.0,7.0,4.0,0.188,1
136.0,5708,3.161764705882353,3.147977941176471,0.0,12.0,120000.0,20000.0,1.0,2.0,0.24,0,0,0.0024752475247524753,9.75915,3.415492957746479,3.2863849765258215,12.5,12.0,120000.0,20000.0,2.0,2.0,0.188,0
136.0,7055,3.161764705882353,3.147977941176471,0.0,12.0,120000.0,20000.0,2.0,4.0,0.24,0,0,0.0024752475247524753,9.758899999999999,3.415492957746479,3.2863849765258215,25.0,12.0,120000.0,20000.0,5.0,4.0,0.188,0
120.0,10191,2.3333333333333335,2.734375,0.0,12.0,120000.0,0.0,0.0,2.0,0.389,2,100,0.0024752475247524753,-3.8881837499999996,3.4152522065169917,3.2861533258582742,0.0,12.0,120000.0,0.0,0.0,2.0,0.178,1
138.0,485,3.2971014492753623,3.2533212560386477,12.5,8.0,80000.0,20000.0,7.0,4.0,0.225,0,0,0.0024752475247524753,9.758274375000001,3.4152522065169917,3.2861533258582742,0.0,8.0,80000.0,20000.0,6.0,4.0,0.178,0
136.0,7513,3.161764705882353,3.147977941176471,12.5,12.0,120000.0,20000.0,4.0,5.0,0.24,0,0,0.0024752475247524753,9.758232916666667,3.4152522065169917,3.2861533258582742,12.5,12.0,120000.0,20000.0,4.0,5.0,0.178,0
101.0,9292,1.2376237623762376,2.3514851485148514,0.0,12.0,120000.0,0.0,0.0,6.0,0.538,3,100,0.0024752475247524753,-3.97115,3.497726477789436,3.264544712603474,0.0,12.0,120000.0,0.0,0.0,6.0,0.177,1
102.0,11076,1.3725490196078431,2.3590686274509802,0.0,12.0,120000.0,0.0,0.0,4.0,0.529,3,100,0.0024752475247524753,-3.97115,3.497726477789436,3.264544712603474,0.0,12.0,120000.0,0.0,0.0,4.0,0.177,1
102.0,9742,1.3725490196078431,2.3590686274509802,0.0,12.0,120000.0,0.0,0.0,3.0,0.529,3,100,0.0024752475247524753,-3.97115,3.497726477789436,3.264544712603474,0.0,12.0,120000.0,0.0,0.0,3.0,0.177,1
137.0,11556,3.2481751824817517,3.1934306569343067,0.0,12.0,120000.0,0.0,0.0,2.0,0.234,2,100,0.0024752475247524753,9.7789,3.4965034965034967,3.2852564102564106,0.0,12.0,120000.0,0.0,0.0,2.0,0.178,0
135.0,8391,3.148148148148148,3.125,37.5,12.0,120000.0,20000.0,4.0,1.0,0.247,1,100,0.0024752475247524753,9.712366666666666,3.4965034965034967,3.2852564102564106,37.5,12.0,120000.0,20000.0,5.0,1.0,0.179,0
123.0,4522,2.4390243902439024,2.7947154471544717,25.0,25.0,400000.0,20000.0,4.0,3.0,0.359,0,0,0.0024752475247524753,9.6083498,3.4962587583904097,3.2850264584043223,0.0,25.0,400000.0,20000.0,1.0,3.0,0.171,0
137.0,7957,3.2481751824817517,3.1934306569343067,12.5,12.0,120000.0,20000.0,2.0,3.0,0.234,0,0,0.0024752475247524753,9.757882916666667,3.4962587583904097,3.2850264584043223,12.5,12.0,120000.0,20000.0,2.0,3.0,0.171,0
137.0,8392,3.2481751824817517,3.1934306569343067,25.0,12.0,120000.0,20000.0,3.0,1.0,0.234,0,0,0.0024752475247524753,9.757882916666667,3.4962587583904097,3.2850264584043223,12.5,12.0,120000.0,20000.0,4.0,1.0,0.171,0
137.0,8404,3.2481751824817517,3.1934306569343067,25.0,12.0,120000.0,20000.0,4.0,1.0,0.234,0,0,0.0024752475247524753,9.757882916666667,3.4962587583904097,3.2850264584043223,12.5,12.0,120000.0,20000.0,4.0,1.0,0.171,0
102.0,7496,1.3725490196078431,2.3590686274509802,0.0,12.0,120000.0,20000.0,3.0,5.0,0.529,3,100,0.0024752475247524753,-3.9716,3.542896839180271,3.2635753155030676,12.5,12.0,120000.0,20000.0,4.0,5.0,0.168,1
103.0,11544,1.5533980582524272,2.3968446601941746,0.0,12.0,120000.0,0.0,0.0,2.0,0.521,3,100,0.0024752475247524753,-3.9716,3.542896839180271,3.2635753155030676,0.0,12.0,120000.0,0.0,0.0,2.0,0.168,1
136.0,11995,3.161764705882353,3.147977941176471,0.0,12.0,120000.0,0.0,0.0,1.0,0.24,2,100,0.0024752475247524753,9.695116666666665,3.5416666666666665,3.2624421296296293,0.0,12.0,120000.0,0.0,0.0,1.0,0.169,0
138.0,5709,3.2971014492753623,3.2533212560386477,12.5,12.0,120000.0,20000.0,2.0,2.0,0.225,0,0,0.0024752475247524753,9.757582916666665,3.541420488756302,3.2622153603535384,0.0,12.0,120000.0,20000.0,1.0,2.0,0.16,0
138.0,7056,3.2971014492753623,3.2533212560386477,12.5,12.0,120000.0,20000.0,3.0,4.0,0.225,0,0,0.0024752475247524753,9.757082916666665,3.541420488756302,3.2622153603535384,25.0,12.0,120000.0,20000.0,4.0,4.0,0.16,0
130.0,1385,2.923076923076923,2.956730769230769,0.0,8.0,80000.0,0.0,0.0,5.0,0.293,1,100,0.0024752475247524753,-3.867833333333334,3.6374133949191685,3.2549076212471135,0.0,8.0,80000.0,0.0,0.0,5.0,0.16,1
102.0,10182,1.3725490196078431,2.3590686274509802,0.0,12.0,120000.0,0.0,0.0,2.0,0.529,3,100,0.0024752475247524753,-3.972,3.6219385995170743,3.241060135678969,0.0,12.0,120000.0,0.0,0.0,2.0,0.16,1
103.0,12438,1.5533980582524272,2.3968446601941746,0.0,12.0,120000.0,0.0,0.0,4.0,0.521,3,100,0.0024752475247524753,-3.972,3.6219385995170743,3.241060135678969,0.0,12.0,120000.0,0.0,0.0,4.0,0.16,1
104.0,9743,1.6826923076923077,2.463942307692308,0.0,12.0,120000.0,0.0,0.0,3.0,0.513,3,100,0.0024752475247524753,-3.972,3.6219385995170743,3.241060135678969,0.0,12.0,120000.0,0.0,0.0,3.0,0.16,1
135.0,8403,3.148148148148148,3.125,37.5,12.0,120000.0,20000.0,4.0,1.0,0.247,1,100,0.0024752475247524753,9.627883333333335,3.620689655172414,3.2830459770114944,12.5,12.0,120000.0,20000.0,4.0,1.0,0.161,0
139.0,8405,3.3453237410071948,3.289868105515587,50.0,12.0,120000.0,20000.0,5.0,1.0,0.216,1,100,0.0024752475247524753,9.806682916666666,3.6204397199889855,3.282819349275727,25.0,12.0,120000.0,20000.0,5.0,1.0,0.152,0
99.0,1818,1.1111111111111112,2.2727272727272725,0.0,8.0,80000.0,0.0,0.0,4.0,0.556,1,100,0.0024752475247524753,-3.9724,3.7155963302752295,3.2755160550458715,0.0,8.0,80000.0,0.0,0.0,4.0,0.152,1
104.0,7497,1.6826923076923077,2.463942307692308,0.0,12.0,120000.0,20000.0,3.0,5.0,0.513,3,100,0.0024752475247524753,-3.9724,3.6998972250770805,3.261676373187164,12.5,12.0,120000.0,20000.0,4.0,5.0,0.152,1
105.0,6134,1.7142857142857144,2.4404761904761907,0.0,12.0,120000.0,20000.0,2.0,3.0,0.502,3,100,0.0024752475247524753,-3.9724,3.6998972250770805,3.261676373187164,12.5,12.0,120000.0,20000.0,4.0,3.0,0.152,1
103.0,10642,1.5533980582524272,2.3968446601941746,0.0,12.0,120000.0,0.0,0.0,4.0,0.521,3,100,0.0024752475247524753,-3.9724,3.6998972250770805,3.261676373187164,0.0,12.0,120000.0,0.0,0.0,4.0,0.152,1
132.0,7511,3.0303030303030303,3.0539772727272725,0.0,12.0,120000.0,20000.0,3.0,5.0,0.274,2,100,0.0024752475247524753,-3.5556833333333335,3.6986301369863015,3.324771689497717,12.5,12.0,120000.0,20000.0,4.0,5.0,0.153,1
141.0,10203,3.404255319148936,3.3096926713947994,0.0,12.0,120000.0,0.0,0.0,2.0,0.196,2,100,0.0024752475247524753,9.819366666666665,3.6986301369863015,3.324771689497717,0.0,12.0,120000.0,0.0,0.0,2.0,0.154,0
140.0,7057,3.3214285714285716,3.288690476190476,25.0,12.0,120000.0,20000.0,4.0,4.0,0.211,0,0,0.0024752475247524753,9.756332916666667,3.698376570209125,3.3245437533129865,12.5,12.0,120000.0,20000.0,3.0,4.0,0.14,0
140.0,7515,3.3214285714285716,3.288690476190476,12.5,12.0,120000.0,20000.0,4.0,5.0,0.211,0,0,0.0024752475247524753,9.756582916666666,3.698376570209125,3.3245437533129865,0.0,12.0,120000.0,20000.0,3.0,5.0,0.14,0
105.0,8376,1.7142857142857144,2.4404761904761907,25.0,12.0,120000.0,20000.0,4.0,1.0,0.502,3,100,0.0024752475247524753,-3.9680500000000003,3.7427696495406595,3.3032777588749003,25.0,12.0,120000.0,20000.0,5.0,1.0,0.139,1
106.0,6586,1.7452830188679245,2.535377358490566,0.0,12.0,120000.0,20000.0,2.0,5.0,0.494,3,100,0.0024752475247524753,-3.97305,3.7427696495406595,3.3032777588749003,0.0,12.0,120000.0,20000.0,2.0,5.0,0.139,1
128.0,7051,2.7734375,2.9296875,12.5,12.0,120000.0,20000.0,3.0,4.0,0.312,2,100,0.0024752475247524753,-3.7647166666666667,3.741496598639456,3.38718820861678,12.5,12.0,120000.0,20000.0,3.0,4.0,0.139,1
130.0,7510,2.923076923076923,2.956730769230769,0.0,12.0,120000.0,20000.0,3.0,5.0,0.293,2,100,0.0024752475247524753,-3.6822504166666663,3.741241837885733,3.386957572934433,0.0,12.0,120000.0,20000.0,3.0,5.0,0.13,1
143.0,942,3.4965034965034967,3.2852564102564106,37.5,8.0,80000.0,20000.0,4.0,1.0,0.179,0,0,0.0024752475247524753,9.755624375000002,3.741241837885733,3.386957572934433,12.5,8.0,80000.0,20000.0,2.0,1.0,0.13,0
104.0,11077,1.6826923076923077,2.463942307692308,0.0,12.0,120000.0,0.0,0.0,4.0,0.513,3,100,0.0024752475247524753,-3.9736,3.7512673200405535,3.3654387743607073,0.0,12.0,120000.0,0.0,0.0,4.0,0.128,1
139.0,8393,3.3453237410071948,3.289868105515587,50.0,12.0,120000.0,20000.0,5.0,1.0,0.216,1,100,0.0024752475247524753,9.6812,3.75,3.399493243243243,25.0,12.0,120000.0,20000.0,5.0,1.0,0.129,0
144.0,5712,3.5416666666666665,3.2624421296296293,12.5,12.0,120000.0,20000.0,2.0,2.0,0.169,1,100,0.0024752475247524753,9.859833333333334,3.75,3.399493243243243,12.5,12.0,120000.0,20000.0,2.0,2.0,0.13,0
140.0,11997,3.3214285714285716,3.288690476190476,0.0,12.0,120000.0,0.0,0.0,1.0,0.211,1,100,0.0024752475247524753,9.692716666666666,3.75,3.399493243243243,0.0,12.0,120000.0,0.0,0.0,1.0,0.131,0
126.0,10194,2.579365079365079,2.876984126984127,0.0,12.0,120000.0,0.0,0.0,2.0,0.325,2,100,0.0024752475247524753,-3.8901166666666667,3.75,3.399493243243243,0.0,12.0,120000.0,0.0,0.0,2.0,0.131,1
131.0,471,2.9770992366412212,3.029580152671756,12.5,8.0,80000.0,20000.0,5.0,4.0,0.284,1,100,0.0024752475247524753,-3.9737000000000005,3.75,3.399493243243243,0.0,8.0,80000.0,20000.0,8.0,4.0,0.131,1
128.0,3802,2.7734375,2.9296875,0.0,25.0,400000.0,20000.0,7.0,0.0,0.312,0,0,0.0024752475247524753,9.60605,3.75,3.399493243243243,25.0,25.0,400000.0,20000.0,10.0,0.0,0.131,0
128.0,11089,2.7734375,2.9296875,0.0,12.0,120000.0,0.0,0.0,4.0,0.312,2,100,0.0024752475247524753,-3.8078004166666664,3.749746385396501,3.3992633336083156,0.0,12.0,120000.0,0.0,0.0,4.0,0.119,1
128.0,3449,2.7734375,2.9296875,50.0,25.0,400000.0,20000.0,5.0,2.0,0.312,0,0,0.0024752475247524753,9.6052498,3.749746385396501,3.3992633336083156,25.0,25.0,400000.0,20000.0,4.0,2.0,0.119,0
142.0,7058,3.415492957746479,3.2863849765258215,25.0,12.0,120000.0,20000.0,4.0,4.0,0.188,0,0,0.0024752475247524753,9.755532916666667,3.749746385396501,3.3992633336083156,0.0,12.0,120000.0,20000.0,2.0,4.0,0.119,0
128.0,2723,2.7734375,2.9296875,0.0,25.0,400000.0,20000.0,4.0,4.0,0.312,0,0,0.0024752475247524753,9.6052498,3.749746385396501,3.3992633336083156,25.0,25.0,400000.0,20000.0,5.0,4.0,0.119,0
126.0,2287,2.579365079365079,2.876984126984127,0.0,8.0,80000.0,0.0,0.0,5.0,0.325,1,100,0.0024752475247524753,-3.9741,3.775280898876404,3.3918539325842696,0.0,8.0,80000.0,0.0,0.0,5.0,0.118,1
105.0,12439,1.7142857142857144,2.4404761904761907,0.0,12.0,120000.0,0.0,0.0,4.0,0.502,3,100,0.0024752475247524753,-3.9741,3.7596508895602545,3.377811346089291,0.0,12.0,120000.0,0.0,0.0,4.0,0.118,1
144.0,7059,3.5416666666666665,3.2624421296296293,37.5,12.0,120000.0,20000.0,5.0,4.0,0.169,1,100,0.0024752475247524753,9.834866666666667,3.7583892617449663,3.481543624161074,0.0,12.0,120000.0,20000.0,2.0,4.0,0.119,0
136.0,1388,3.161764705882353,3.147977941176471,0.0,8.0,80000.0,0.0,0.0,5.0,0.24,1,100,0.0024752475247524753,-3.808233333333334,3.783482142857143,3.4737723214285716,0.0,8.0,80000.0,0.0,0.0,5.0,0.102,1
89.0,6,0.6741573033707865,1.9662921348314608,12.5,8.0,80000.0,20000.0,2.0,2.0,0.647,2,100,0.0024752475247524753,-3.9749,3.783228548318513,3.473539485734918,0.0,8.0,80000.0,20000.0,1.0,2.0,0.102,1
109.0,12441,1.8807339449541285,2.637614678899083,0.0,12.0,120000.0,0.0,0.0,4.0,0.47,3,100,0.0024752475247524753,-3.9749,3.7679226408802924,3.4594864954984987,0.0,12.0,120000.0,0.0,0.0,4.0,0.102,1
139.0,10202,3.3453237410071948,3.289868105515587,0.0,12.0,120000.0,0.0,0.0,2.0,0.216,1,100,0.0024752475247524753,9.566566666666667,3.7666666666666666,3.479166666666667,0.0,12.0,120000.0,0.0,0.0,2.0,0.103,0
139.0,6146,3.3453237410071948,3.289868105515587,0.0,12.0,120000.0,20000.0,4.0,3.0,0.216,2,100,0.0024752475247524753,9.566866666666666,3.7666666666666666,3.479166666666667,12.5,12.0,120000.0,20000.0,4.0,3.0,0.104,0
146.0,7518,3.6986301369863015,3.324771689497717,12.5,12.0,120000.0,20000.0,4.0,5.0,0.154,2,100,0.0024752475247524753,9.858583333333334,3.7666666666666666,3.479166666666667,0.0,12.0,120000.0,20000.0,3.0,5.0,0.105,0
146.0,5249,3.6986301369863015,3.324771689497717,12.5,12.0,120000.0,20000.0,3.0,5.0,0.154,1,100,0.0024752475247524753,9.858633333333334,3.7666666666666666,3.479166666666667,0.0,12.0,120000.0,20000.0,2.0,5.0,0.106,0
143.0,7960,3.4965034965034967,3.2852564102564106,25.0,12.0,120000.0,20000.0,3.0,3.0,0.179,2,100,0.0024752475247524753,9.736683333333334,3.7666666666666666,3.479166666666667,50.0,12.0,120000.0,20000.0,5.0,3.0,0.107,0
144.0,5248,3.5416666666666665,3.2624421296296293,0.0,12.0,120000.0,20000.0,2.0,5.0,0.169,0,0,0.0024752475247524753,9.75535,3.7666666666666666,3.479166666666667,0.0,12.0,120000.0,20000.0,2.0,5.0,0.107,0
129.0,10197,2.8294573643410854,2.9312015503875974,0.0,12.0,120000.0,0.0,0.0,2.0,0.302,2,100,0.0024752475247524753,-3.850667083333333,3.7664153212175644,3.4789345057706482,0.0,12.0,120000.0,0.0,0.0,2.0,0.095,1
133.0,472,3.082706766917293,3.101503759398496,12.5,8.0,80000.0,20000.0,6.0,4.0,0.265,1,100,0.0024752475247524753,-3.9755000000000003,3.7664153212175644,3.4789345057706482,25.0,8.0,80000.0,20000.0,9.0,4.0,0.095,1
109.0,8378,1.8807339449541285,2.637614678899083,25.0,12.0,120000.0,20000.0,4.0,1.0,0.47,3,100,0.0024752475247524753,-3.9703,3.809208347134812,3.4572706194104,25.0,12.0,120000.0,20000.0,5.0,1.0,0.094,1
110.0,10186,2.0,2.642045454545454,0.0,12.0,120000.0,0.0,0.0,2.0,0.465,3,100,0.0024752475247524753,-3.9753,3.809208347134812,3.4572706194104,0.0,12.0,120000.0,0.0,0.0,2.0,0.094,1
139.0,11557,3.3453237410071948,3.289868105515587,0.0,12.0,120000.0,0.0,0.0,2.0,0.216,1,100,0.0024752475247524753,9.524,3.80794701986755,3.5182119205298017,0.0,12.0,120000.0,0.0,0.0,2.0,0.095,0
138.0,5245,3.2971014492753623,3.2533212560386477,0.0,12.0,120000.0,20000.0,2.0,5.0,0.225,2,100,0.0024752475247524753,-3.5168666666666666,3.80794701986755,3.5182119205298017,0.0,12.0,120000.0,20000.0,2.0,5.0,0.096,1
129.0,8400,2.8294573643410854,2.9312015503875974,12.5,12.0,120000.0,20000.0,3.0,1.0,0.302,2,100,0.0024752475247524753,-3.8927337499999997,3.8076946024968805,3.5179787088286405,0.0,12.0,120000.0,20000.0,3.0,1.0,0.087,1
128.0,9749,2.7734375,2.9296875,0.0,12.0,120000.0,0.0,0.0,3.0,0.312,2,100,0.0024752475247524753,-3.934400416666666,3.8076946024968805,3.5179787088286405,0.0,12.0,120000.0,0.0,0.0,3.0,0.087,1
131.0,3803,2.9770992366412212,3.029580152671756,12.5,25.0,400000.0,20000.0,8.0,0.0,0.284,0,0,0.0024752475247524753,9.6036498,3.8076946024968805,3.5179787088286405,25.0,25.0,400000.0,20000.0,10.0,0.0,0.087,0
145.0,8408,3.620689655172414,3.2830459770114944,12.5,12.0,120000.0,20000.0,5.0,1.0,0.161,0,0,0.0024752475247524753,9.753932916666667,3.8076946024968805,3.5179787088286405,0.0,12.0,120000.0,20000.0,3.0,1.0,0.087,0
110.0,7500,2.0,2.642045454545454,12.5,12.0,120000.0,20000.0,4.0,5.0,0.465,3,100,0.0024752475247524753,-3.97585,3.8170450806186236,3.4962158604804205,0.0,12.0,120000.0,20000.0,3.0,5.0,0.083,1
142.0,5711,3.415492957746479,3.2863849765258215,12.5,12.0,120000.0,20000.0,2.0,2.0,0.188,1,100,0.0024752475247524753,9.607033333333334,3.8157894736842106,3.5567434210526314,0.0,12.0,120000.0,20000.0,1.0,2.0,0.084,0
143.0,8407,3.4965034965034967,3.2852564102564106,37.5,12.0,120000.0,20000.0,5.0,1.0,0.179,1,100,0.0024752475247524753,9.666500000000001,3.8157894736842106,3.5567434210526314,0.0,12.0,120000.0,20000.0,3.0,1.0,0.085,0
146.0,7060,3.6986301369863015,3.324771689497717,25.0,12.0,120000.0,20000.0,4.0,4.0,0.154,2,100,0.0024752475247524753,9.779300000000001,3.8157894736842106,3.5567434210526314,0.0,12.0,120000.0,20000.0,2.0,4.0,0.086,0
143.0,10204,3.4965034965034967,3.2852564102564106,0.0,12.0,120000.0,0.0,0.0,2.0,0.179,1,100,0.0024752475247524753,9.64935,3.8157894736842106,3.5567434210526314,0.0,12.0,120000.0,0.0,0.0,2.0,0.087,0
148.0,490,3.75,3.399493243243243,0.0,8.0,80000.0,20000.0,8.0,4.0,0.131,0,0,0.0024752475247524753,9.754100000000001,3.8157894736842106,3.5567434210526314,12.5,8.0,80000.0,20000.0,8.0,4.0,0.087,0
146.0,5713,3.6986301369863015,3.324771689497717,0.0,12.0,120000.0,20000.0,1.0,2.0,0.154,1,100,0.0024752475247524753,9.77435,3.8157894736842106,3.5567434210526314,0.0,12.0,120000.0,20000.0,1.0,2.0,0.087,0
110.0,11080,2.0,2.642045454545454,0.0,12.0,120000.0,0.0,0.0,4.0,0.465,3,100,0.0024752475247524753,-3.9763,3.857469761359921,3.534651847008826,0.0,12.0,120000.0,0.0,0.0,4.0,0.074,1
112.0,11081,2.0089285714285716,2.622767857142857,0.0,12.0,120000.0,0.0,0.0,4.0,0.45,3,100,0.0024752475247524753,-3.9763,3.857469761359921,3.534651847008826,0.0,12.0,120000.0,0.0,0.0,4.0,0.074,1
142.0,11998,3.415492957746479,3.2863849765258215,0.0,12.0,120000.0,0.0,0.0,1.0,0.188,2,38,0.0024752475247524753,9.565416666666666,3.8562091503267975,3.6151960784313726,0.0,12.0,120000.0,0.0,0.0,1.0,0.075,0
148.0,7519,3.75,3.399493243243243,0.0,12.0,120000.0,20000.0,3.0,5.0,0.131,2,100,0.0024752475247524753,9.815466666666666,3.8562091503267975,3.6151960784313726,0.0,12.0,120000.0,20000.0,3.0,5.0,0.076,0
148.0,7061,3.75,3.399493243243243,12.5,12.0,120000.0,20000.0,3.0,4.0,0.131,2,100,0.0024752475247524753,9.815516666666666,3.8562091503267975,3.6151960784313726,0.0,12.0,120000.0,20000.0,2.0,4.0,0.077,0
147.0,6596,3.741496598639456,3.38718820861678,0.0,12.0,120000.0,20000.0,2.0,5.0,0.139,0,0,0.0024752475247524753,9.7536,3.8562091503267975,3.6151960784313726,12.5,12.0,120000.0,20000.0,3.0,5.0,0.077,0
133.0,10199,3.082706766917293,3.101503759398496,0.0,12.0,120000.0,0.0,0.0,2.0,0.265,2,100,0.0024752475247524753,-3.810550416666666,3.8559568749783097,3.6149595702921657,0.0,12.0,120000.0,0.0,0.0,2.0,0.064,1
147.0,7962,3.741496598639456,3.38718820861678,12.5,12.0,120000.0,20000.0,3.0,3.0,0.139,0,0,0.0024752475247524753,9.752032916666666,3.8559568749783097,3.6149595702921657,37.5,12.0,120000.0,20000.0,5.0,3.0,0.064,0
67.0,4868,0.0,0.8395522388059702,0.0,25.0,400000.0,0.0,0.0,5.0,0.856,1,100,0.0024752475247524753,-3.9771500000000004,3.871765142934399,3.5992774700598136,0.0,25.0,400000.0,0.0,0.0,5.0,0.062,1
112.0,10187,2.0089285714285716,2.622767857142857,0.0,12.0,120000.0,0.0,0.0,2.0,0.45,3,100,0.0024752475247524753,-3.9769,3.864891198441052,3.5928873010717757,0.0,12.0,120000.0,0.0,0.0,2.0,0.062,1
144.0,11999,3.5416666666666665,3.2624421296296293,0.0,12.0,120000.0,0.0,0.0,1.0,0.169,2,100,0.0024752475247524753,9.606483333333333,3.8636363636363633,3.612012987012987,0.0,12.0,120000.0,0.0,0.0,1.0,0.063,0
148.0,5250,3.75,3.399493243243243,12.5,12.0,120000.0,20000.0,3.0,5.0,0.131,2,100,0.0024752475247524753,9.7732,3.8636363636363633,3.612012987012987,0.0,12.0,120000.0,20000.0,2.0,5.0,0.064,0
134.0,7054,3.0970149253731343,3.101679104477612,0.0,12.0,120000.0,20000.0,2.0,4.0,0.259,2,100,0.0024752475247524753,-3.8101333333333334,3.8636363636363633,3.612012987012987,0.0,12.0,120000.0,20000.0,2.0,4.0,0.064,1
134.0,11092,3.0970149253731343,3.101679104477612,0.0,12.0,120000.0,0.0,0.0,4.0,0.259,2,100,0.0024752475247524753,-3.8101333333333334,3.8636363636363633,3.612012987012987,0.0,12.0,120000.0,0.0,0.0,4.0,0.064,1
119.0,21,2.26890756302521,2.73109243697479,25.0,8.0,80000.0,20000.0,3.0,2.0,0.401,1,100,0.0024752475247524753,-3.97235,3.855291576673866,3.6042116630669545,37.5,8.0,80000.0,20000.0,4.0,2.0,0.053,1
150.0,8845,3.7666666666666666,3.479166666666667,0.0,12.0,120000.0,0.0,0.0,3.0,0.107,2,100,0.0024752475247524753,9.814366666666666,3.8387096774193545,3.64247311827957,0.0,12.0,120000.0,0.0,0.0,3.0,0.054,0
148.0,9759,3.75,3.399493243243243,0.0,12.0,120000.0,0.0,0.0,3.0,0.131,2,100,0.0024752475247524753,9.731083333333334,3.8387096774193545,3.64247311827957,0.0,12.0,120000.0,0.0,0.0,3.0,0.055,0
151.0,946,3.80794701986755,3.5182119205298017,0.0,8.0,80000.0,20000.0,1.0,1.0,0.096,0,0,0.0024752475247524753,9.75275,3.8387096774193545,3.64247311827957,0.0,8.0,80000.0,20000.0,2.0,1.0,0.055,0
151.0,28,3.80794701986755,3.5182119205298017,0.0,8.0,80000.0,20000.0,2.0,2.0,0.096,0,0,0.0024752475247524753,9.75225,3.8387096774193545,3.64247311827957,25.0,8.0,80000.0,20000.0,4.0,2.0,0.055,0
140.0,5710,3.3214285714285716,3.288690476190476,25.0,12.0,120000.0,20000.0,3.0,2.0,0.211,2,100,0.0024752475247524753,-3.598417083333333,3.838461787080718,3.642237900206144,0.0,12.0,120000.0,20000.0,1.0,2.0,0.04,1
141.0,11558,3.404255319148936,3.3096926713947994,0.0,12.0,120000.0,0.0,0.0,2.0,0.196,2,100,0.0024752475247524753,-3.561750416666666,3.838461787080718,3.642237900206144,0.0,12.0,120000.0,0.0,0.0,2.0,0.04,1
149.0,6597,3.7583892617449663,3.481543624161074,12.5,12.0,120000.0,20000.0,3.0,5.0,0.119,0,0,0.0024752475247524753,9.751582916666667,3.838461787080718,3.642237900206144,0.0,12.0,120000.0,20000.0,2.0,5.0,0.04,0
149.0,7963,3.7583892617449663,3.481543624161074,25.0,12.0,120000.0,20000.0,4.0,3.0,0.119,0,0,0.0024752475247524753,9.751082916666666,3.838461787080718,3.642237900206144,25.0,12.0,120000.0,20000.0,3.0,3.0,0.04,0
115.0,11545,2.130434782608696,2.690217391304348,0.0,12.0,120000.0,0.0,0.0,2.0,0.431,3,100,0.0024752475247524753,-3.9781,3.8473869830073735,3.620284279149299,0.0,12.0,120000.0,0.0,0.0,2.0,0.038,1
146.0,12000,3.6986301369863015,3.324771689497717,0.0,12.0,120000.0,0.0,0.0,1.0,0.154,1,23,0.0024752475247524753,9.604783333333334,3.8461538461538463,3.679220085470085,0.0,12.0,120000.0,0.0,0.0,1.0,0.039,0
147.0,6150,3.741496598639456,3.38718820861678,25.0,12.0,120000.0,20000.0,5.0,3.0,0.139,1,100,0.0024752475247524753,9.651750000000002,3.8461538461538463,3.679220085470085,25.0,12.0,120000.0,20000.0,4.0,3.0,0.04,0
147.0,11561,3.741496598639456,3.38718820861678,0.0,12.0,120000.0,0.0,0.0,2.0,0.139,1,100,0.0024752475247524753,9.6458,3.8461538461538463,3.679220085470085,0.0,12.0,120000.0,0.0,0.0,2.0,0.041,0
150.0,9760,3.7666666666666666,3.479166666666667,0.0,12.0,120000.0,0.0,0.0,3.0,0.107,2,55,0.0024752475247524753,9.7721,3.8461538461538463,3.679220085470085,0.0,12.0,120000.0,0.0,0.0,3.0,0.042,0
138.0,1389,3.2971014492753623,3.2533212560386477,0.0,8.0,80000.0,0.0,0.0,5.0,0.225,1,100,0.0024752475247524753,-3.9788,3.901918976545842,3.67137526652452,0.0,8.0,80000.0,0.0,0.0,5.0,0.029,1
54.0,1357,0.0,0.057870370370370364,0.0,8.0,80000.0,0.0,0.0,6.0,0.941,2,100,0.0024752475247524753,-3.97855,3.9016691532522985,3.6711402039651917,0.0,8.0,80000.0,0.0,0.0,5.0,0.029,1
116.0,11083,2.1551724137931036,2.747844827586207,0.0,12.0,120000.0,0.0,0.0,4.0,0.425,3,100,0.0024752475247524753,-3.97855,3.8865880853775083,3.6569501964532223,0.0,12.0,120000.0,0.0,0.0,4.0,0.029,1
115.0,8381,2.130434782608696,2.690217391304348,12.5,12.0,120000.0,20000.0,3.0,1.0,0.431,3,100,0.0024752475247524753,-3.97855,3.8865880853775083,3.6569501964532223,12.5,12.0,120000.0,20000.0,3.0,1.0,0.029,1
152.0,10651,3.8157894736842106,3.5567434210526314,0.0,12.0,120000.0,0.0,0.0,4.0,0.087,1,100,0.0024752475247524753,9.813166666666666,3.8853503184713376,3.6955944798301488,0.0,12.0,120000.0,0.0,0.0,4.0,0.03,0
153.0,12445,3.8562091503267975,3.6151960784313726,0.0,12.0,120000.0,0.0,0.0,4.0,0.077,1,100,0.0024752475247524753,9.854883333333333,3.8853503184713376,3.6955944798301488,0.0,12.0,120000.0,0.0,0.0,4.0,0.031,0
146.0,9758,3.6986301369863015,3.324771689497717,0.0,12.0,120000.0,0.0,0.0,3.0,0.154,1,100,0.0024752475247524753,9.563016666666666,3.8853503184713376,3.6955944798301488,0.0,12.0,120000.0,0.0,0.0,3.0,0.032,0
133.0,11554,3.082706766917293,3.101503759398496,0.0,12.0,120000.0,0.0,0.0,2.0,0.265,2,12,0.0024752475247524753,-3.97875,3.885102612247461,3.6953588712804573,0.0,12.0,120000.0,0.0,0.0,2.0,0.025,1
153.0,29,3.8562091503267975,3.6151960784313726,25.0,8.0,80000.0,20000.0,3.0,2.0,0.077,0,0,0.0024752475247524753,9.750374375000002,3.885102612247461,3.6953588712804573,12.5,8.0,80000.0,20000.0,2.0,2.0,0.025,0
137.0,2716,3.2481751824817517,3.1934306569343067,12.5,25.0,400000.0,20000.0,5.0,4.0,0.234,0,0,0.0024752475247524753,9.6005498,3.885102612247461,3.6953588712804573,25.0,25.0,400000.0,20000.0,5.0,4.0,0.025,0
121.0,22,2.396694214876033,2.737603305785124,12.5,8.0,80000.0,20000.0,2.0,2.0,0.381,1,100,0.0024752475247524753,-3.979,3.940677966101695,3.6877648305084745,12.5,8.0,80000.0,20000.0,2.0,2.0,0.02,1
115.0,12444,2.130434782608696,2.690217391304348,0.0,12.0,120000.0,0.0,0.0,4.0,0.431,3,100,0.0024752475247524753,-3.979,3.9252928141817023,3.6733670992930243,0.0,12.0,120000.0,0.0,0.0,4.0,0.02,1
116.0,10189,2.1551724137931036,2.747844827586207,0.0,12.0,120000.0,0.0,0.0,2.0,0.425,3,100,0.0024752475247524753,-3.979,3.9252928141817023,3.6733670992930243,0.0,12.0,120000.0,0.0,0.0,2.0,0.02,1
148.0,12001,3.75,3.399493243243243,0.0,12.0,120000.0,0.0,0.0,1.0,0.131,1,100,0.0024752475247524753,9.603883333333332,3.9240506329113924,3.7579113924050636,0.0,12.0,120000.0,0.0,0.0,1.0,0.021,0
152.0,7063,3.8157894736842106,3.5567434210526314,0.0,12.0,120000.0,20000.0,2.0,4.0,0.087,2,100,0.0024752475247524753,9.771099999999999,3.9240506329113924,3.7579113924050636,0.0,12.0,120000.0,20000.0,3.0,4.0,0.022,0
153.0,10209,3.8562091503267975,3.6151960784313726,0.0,12.0,120000.0,0.0,0.0,2.0,0.077,2,100,0.0024752475247524753,9.812816666666667,3.9240506329113924,3.7579113924050636,0.0,12.0,120000.0,0.0,0.0,2.0,0.023,0
150.0,5715,3.7666666666666666,3.479166666666667,12.5,12.0,120000.0,20000.0,2.0,2.0,0.107,1,100,0.0024752475247524753,9.687616666666667,3.9240506329113924,3.7579113924050636,0.0,12.0,120000.0,20000.0,1.0,2.0,0.024,0
152.0,8846,3.8157894736842106,3.5567434210526314,0.0,12.0,120000.0,0.0,0.0,3.0,0.087,2,100,0.0024752475247524753,9.77125,3.9240506329113924,3.7579113924050636,0.0,12.0,120000.0,0.0,0.0,3.0,0.025,0
135.0,10200,3.148148148148148,3.125,0.0,12.0,120000.0,0.0,0.0,2.0,0.247,2,100,0.0024752475247524753,-3.9370833333333333,3.9240506329113924,3.7579113924050636,0.0,12.0,120000.0,0.0,0.0,2.0,0.025,1
141.0,941,3.404255319148936,3.3096926713947994,50.0,8.0,80000.0,20000.0,6.0,1.0,0.196,1,100,0.0024752475247524753,-3.9492499999999997,3.9240506329113924,3.7579113924050636,25.0,8.0,80000.0,20000.0,4.0,1.0,0.025,1
154.0,493,3.8636363636363633,3.612012987012987,12.5,8.0,80000.0,20000.0,8.0,4.0,0.064,0,0,0.0024752475247524753,9.749724375000001,3.9238020426680564,3.7576733271518687,12.5,8.0,80000.0,20000.0,7.0,4.0,0.012,0
150.0,12002,3.7666666666666666,3.479166666666667,0.0,12.0,120000.0,0.0,0.0,1.0,0.107,1,100,0.0024752475247524753,9.64505,3.89937106918239,3.806341719077568,0.0,12.0,120000.0,0.0,0.0,1.0,0.011,0
153.0,8412,3.8562091503267975,3.6151960784313726,0.0,12.0,120000.0,20000.0,3.0,1.0,0.077,2,100,0.0024752475247524753,9.7706,3.89937106918239,3.806341719077568,25.0,12.0,120000.0,20000.0,3.0,1.0,0.012,0
143.0,11559,3.4965034965034967,3.2852564102564106,0.0,12.0,120000.0,0.0,0.0,2.0,0.179,1,100,0.0024752475247524753,-3.6465666666666667,3.89937106918239,3.806341719077568,0.0,12.0,120000.0,0.0,0.0,2.0,0.012,1
159.0,12448,3.89937106918239,3.806341719077568,0.0,12.0,120000.0,0.0,0.0,4.0,0.012,1,100,0.0024752475247524753,-4.98,3.89937106918239,3.806341719077568,0.0,12.0,120000.0,0.0,0.0,4.0,0.0,1
155.0,6600,3.8387096774193545,3.64247311827957,12.5,12.0,120000.0,20000.0,3.0,5.0,0.055,1,100,0.0024752475247524753,-5.1466666666666665,3.89937106918239,3.806341719077568,12.5,12.0,120000.0,20000.0,3.0,5.0,0.0,1
137.0,10201,3.2481751824817517,3.1934306569343067,0.0,12.0,120000.0,0.0,0.0,2.0,0.234,2,100,0.0024752475247524753,-3.8970837499999997,3.8991255959294637,3.8061021022093726,0.0,12.0,120000.0,0.0,0.0,2.0,0.0,1
155.0,948,3.8387096774193545,3.64247311827957,0.0,8.0,80000.0,20000.0,1.0,1.0,0.055,0,0,0.0024752475247524753,9.748874375,3.8991255959294637,3.8061021022093726,25.0,8.0,80000.0,20000.0,3.0,1.0,0.0,0
155.0,30,3.8387096774193545,3.64247311827957,25.0,8.0,80000.0,20000.0,3.0,2.0,0.055,0,0,0.0024752475247524753,9.749374375,3.8991255959294637,3.8061021022093726,0.0,8.0,80000.0,20000.0,1.0,2.0,0.0,0
153.0,9298,3.8562091503267975,3.6151960784313726,0.0,12.0,120000.0,0.0,0.0,6.0,0.077,2,100,0.0024752475247524753,-5.230417083333334,3.8991255959294637,3.8061021022093726,0.0,12.0,120000.0,0.0,0.0,6.0,0.0,1
122.0,2285,2.418032786885246,2.7920081967213113,0.0,8.0,80000.0,0.0,0.0,5.0,0.375,1,17,0.0024752475247524753,-3.9802500000000003,3.922594142259414,3.798378661087866,0.0,8.0,80000.0,0.0,0.0,5.0,0.0,1
58.0,1359,0.0,0.3771551724137931,0.0,8.0,80000.0,0.0,0.0,6.0,0.918,2,75,0.0024752475247524753,-3.98,3.9223477236356885,3.798140045720559,0.0,8.0,80000.0,0.0,0.0,5.0,0.0,1
127.0,469,2.637795275590551,2.903543307086614,12.5,8.0,80000.0,20000.0,5.0,4.0,0.317,2,100,0.0024752475247524753,-3.98,3.9223477236356885,3.798140045720559,25.0,8.0,80000.0,20000.0,8.0,4.0,0.0,1
73.0,4870,0.0,0.9845890410958904,0.0,25.0,400000.0,0.0,0.0,5.0,0.801,1,100,0.0024752475247524753,-3.9802500000000003,3.914159619596292,3.790211231642409,0.0,25.0,400000.0,0.0,0.0,5.0,0.0,1
119.0,6141,2.26890756302521,2.73109243697479,12.5,12.0,120000.0,20000.0,3.0,3.0,0.401,3,100,0.0024752475247524753,-3.98,3.9074710847139724,3.7837345003646963,25.0,12.0,120000.0,20000.0,5.0,3.0,0.0,1
152.0,9761,3.8157894736842106,3.5567434210526314,0.0,12.0,120000.0,0.0,0.0,3.0,0.087,2,100,0.0024752475247524753,9.686716666666666,3.90625,3.8020833333333335,0.0,12.0,120000.0,0.0,0.0,3.0,0.001,0
144.0,9757,3.5416666666666665,3.2624421296296293,0.0,12.0,120000.0,0.0,0.0,3.0,0.169,2,100,0.0024752475247524753,-3.6466166666666666,3.90625,3.8020833333333335,0.0,12.0,120000.0,0.0,0.0,3.0,0.001,1
160.0,8850,3.90625,3.8020833333333335,0.0,12.0,120000.0,0.0,0.0,3.0,0.001,2,100,0.0024752475247524753,-4.98,3.90625,3.8020833333333335,0.0,12.0,120000.0,0.0,0.0,3.0,0.0,1
160.0,9765,3.90625,3.8020833333333335,0.0,12.0,120000.0,0.0,0.0,3.0,0.001,2,100,0.0024752475247524753,-4.98,3.90625,3.8020833333333335,0.0,12.0,120000.0,0.0,0.0,3.0,0.0,1
160.0,10655,3.90625,3.8020833333333335,0.0,12.0,120000.0,0.0,0.0,4.0,0.001,2,100,0.0024752475247524753,-4.98,3.90625,3.8020833333333335,0.0,12.0,120000.0,0.0,0.0,4.0,0.0,1
160.0,12007,3.90625,3.8020833333333335,0.0,12.0,120000.0,0.0,0.0,1.0,0.001,2,100,0.0024752475247524753,-4.98,3.90625,3.8020833333333335,0.0,12.0,120000.0,0.0,0.0,1.0,0.0,1
143.0,6148,3.4965034965034967,3.2852564102564106,0.0,12.0,120000.0,20000.0,4.0,3.0,0.179,2,100,0.0024752475247524753,-3.6887504166666663,3.90600563052274,3.8018454803754675,25.0,12.0,120000.0,20000.0,6.0,3.0,0.0,1
156.0,5718,3.8461538461538463,3.679220085470085,0.0,12.0,120000.0,20000.0,1.0,2.0,0.042,2,100,0.0024752475247524753,-5.14708375,3.90600563052274,3.8018454803754675,0.0,12.0,120000.0,20000.0,1.0,2.0,0.0,1
152.0,12003,3.8157894736842106,3.5567434210526314,0.0,12.0,120000.0,0.0,0.0,1.0,0.087,1,100,0.0024752475247524753,-5.314000416666667,3.90600563052274,3.8018454803754675,0.0,12.0,120000.0,0.0,0.0,1.0,0.0,1
101.0,12,1.2376237623762376,2.3514851485148514,12.5,8.0,80000.0,20000.0,2.0,2.0,0.538,2,100,0.0024752475247524753,-3.98,3.9602517123515137,3.7939419291556495,0.0,8.0,80000.0,20000.0,1.0,2.0,0.0,1
120.0,6593,2.3333333333333335,2.734375,0.0,12.0,120000.0,20000.0,2.0,5.0,0.389,3,29,0.0024752475247524753,-3.98,3.945324634979807,3.7796417106761933,12.5,12.0,120000.0,20000.0,3.0,5.0,0.0,1
118.0,7504,2.2457627118644066,2.7542372881355934,12.5,12.0,120000.0,20000.0,4.0,5.0,0.409,3,100,0.0024752475247524753,-3.98,3.945324634979807,3.7796417106761933,0.0,12.0,120000.0,20000.0,3.0,5.0,0.0,1
149.0,11562,3.7583892617449663,3.481543624161074,0.0,12.0,120000.0,0.0,0.0,2.0,0.119,1,100,0.0024752475247524753,9.51905,3.9440993788819876,3.7914078674948235,0.0,12.0,120000.0,0.0,0.0,2.0,0.001,0
145.0,6149,3.620689655172414,3.2830459770114944,12.5,12.0,120000.0,20000.0,4.0,3.0,0.161,1,100,0.0024752475247524753,-3.6466166666666666,3.9440993788819876,3.7914078674948235,25.0,12.0,120000.0,20000.0,6.0,3.0,0.001,1
161.0,1830,3.9440993788819876,3.7914078674948235,0.0,8.0,80000.0,0.0,0.0,4.0,0.001,3,100,0.0024752475247524753,-4.98,3.9440993788819876,3.7914078674948235,0.0,8.0,80000.0,0.0,0.0,4.0,0.0,1
161.0,2734,3.9440993788819876,3.7914078674948235,37.5,25.0,400000.0,20000.0,5.0,4.0,0.001,1,100,0.0024752475247524753,-4.9625,3.9440993788819876,3.7914078674948235,37.5,25.0,400000.0,20000.0,5.0,4.0,0.0,1
161.0,3813,3.9440993788819876,3.7914078674948235,62.5,25.0,400000.0,20000.0,13.0,0.0,0.001,3,100,0.0024752475247524753,-4.9375,3.9440993788819876,3.7914078674948235,62.5,25.0,400000.0,20000.0,14.0,0.0,0.0,1
161.0,4175,3.9440993788819876,3.7914078674948235,0.0,25.0,400000.0,0.0,0.0,1.0,0.001,1,9,0.0024752475247524753,-4.981250000000001,3.9440993788819876,3.7914078674948235,0.0,25.0,400000.0,0.0,0.0,1.0,0.0,1
161.0,4890,3.9440993788819876,3.7914078674948235,0.0,25.0,400000.0,0.0,0.0,5.0,0.001,1,9,0.0024752475247524753,-4.98,3.9440993788819876,3.7914078674948235,0.0,25.0,400000.0,0.0,0.0,5.0,0.0,1
161.0,6157,3.9440993788819876,3.7914078674948235,25.0,12.0,120000.0,20000.0,6.0,3.0,0.001,1,100,0.0024752475247524753,-4.975,3.9440993788819876,3.7914078674948235,25.0,12.0,120000.0,20000.0,6.0,3.0,0.0,1
161.0,6603,3.9440993788819876,3.7914078674948235,12.5,12.0,120000.0,20000.0,3.0,5.0,0.001,1,100,0.0024752475247524753,-4.98,3.9440993788819876,3.7914078674948235,12.5,12.0,120000.0,20000.0,3.0,5.0,0.0,1
161.0,7969,3.9440993788819876,3.7914078674948235,12.5,12.0,120000.0,20000.0,2.0,3.0,0.001,1,100,0.0024752475247524753,-4.98,3.9440993788819876,3.7914078674948235,12.5,12.0,120000.0,20000.0,2.0,3.0,0.0,1
161.0,8416,3.9440993788819876,3.7914078674948235,25.0,12.0,120000.0,20000.0,3.0,1.0,0.001,1,100,0.0024752475247524753,-4.9755,3.9440993788819876,3.7914078674948235,25.0,12.0,120000.0,20000.0,3.0,1.0,0.0,1
161.0,9302,3.9440993788819876,3.7914078674948235,0.0,12.0,120000.0,0.0,0.0,6.0,0.001,2,100,0.0024752475247524753,-4.98,3.9440993788819876,3.7914078674948235,0.0,12.0,120000.0,0.0,0.0,6.0,0.0,1
161.0,10213,3.9440993788819876,3.7914078674948235,0.0,12.0,120000.0,0.0,0.0,2.0,0.001,2,100,0.0024752475247524753,-4.98,3.9440993788819876,3.7914078674948235,0.0,12.0,120000.0,0.0,0.0,2.0,0.0,1
161.0,11098,3.9440993788819876,3.7914078674948235,0.0,12.0,120000.0,0.0,0.0,4.0,0.001,1,100,0.0024752475247524753,-4.98025,3.9440993788819876,3.7914078674948235,0.0,12.0,120000.0,0.0,0.0,4.0,0.0,1
161.0,11568,3.9440993788819876,3.7914078674948235,0.0,12.0,120000.0,0.0,0.0,2.0,0.001,1,100,0.0024752475247524753,-4.981,3.9440993788819876,3.7914078674948235,0.0,12.0,120000.0,0.0,0.0,2.0,0.0,1
161.0,12449,3.9440993788819876,3.7914078674948235,0.0,12.0,120000.0,0.0,0.0,4.0,0.001,1,100,0.0024752475247524753,-4.98,3.9440993788819876,3.7914078674948235,0.0,12.0,120000.0,0.0,0.0,4.0,0.0,1
157.0,9300,3.8853503184713376,3.6955944798301488,0.0,12.0,120000.0,0.0,0.0,6.0,0.032,1,100,0.0024752475247524753,-5.1466666666666665,3.9440993788819876,3.7914078674948235,0.0,12.0,120000.0,0.0,0.0,6.0,0.0,1
145.0,943,3.620689655172414,3.2830459770114944,50.0,8.0,80000.0,20000.0,5.0,1.0,0.161,1,100,0.0024752475247524753,-3.9502500000000005,3.9438541740355153,3.791172155486896,12.5,8.0,80000.0,20000.0,3.0,1.0,0.0,1
157.0,949,3.8853503184713376,3.6955944798301488,12.5,8.0,80000.0,20000.0,2.0,1.0,0.032,0,0,0.0024752475247524753,9.749124375000001,3.9438541740355153,3.791172155486896,12.5,8.0,80000.0,20000.0,3.0,1.0,0.0,0
156.0,5254,3.8461538461538463,3.679220085470085,0.0,12.0,120000.0,20000.0,2.0,5.0,0.042,2,100,0.0024752475247524753,-5.188750416666666,3.9438541740355153,3.791172155486896,12.5,12.0,120000.0,20000.0,3.0,5.0,0.0,1
154.0,12004,3.8636363636363633,3.612012987012987,0.0,12.0,120000.0,0.0,0.0,1.0,0.064,2,100,0.0024752475247524753,-5.27208375,3.9438541740355153,3.791172155486896,0.0,12.0,120000.0,0.0,0.0,1.0,0.0,1
157.0,12447,3.8853503184713376,3.6955944798301488,0.0,12.0,120000.0,0.0,0.0,4.0,0.032,1,100,0.0024752475247524753,-5.14708375,3.9438541740355153,3.791172155486896,0.0,12.0,120000.0,0.0,0.0,4.0,0.0,1
162.0,497,3.9197530864197536,3.8258744855967075,25.0,8.0,80000.0,20000.0,8.0,4.0,0.0,1,100,0.0024752475247524753,-4.975,3.9197530864197536,3.8258744855967075,25.0,8.0,80000.0,20000.0,8.0,4.0,0.0,1
162.0,950,3.9197530864197536,3.8258744855967075,12.5,8.0,80000.0,20000.0,3.0,1.0,0.0,1,100,0.0024752475247524753,-4.98025,3.9197530864197536,3.8258744855967075,12.5,8.0,80000.0,20000.0,3.0,1.0,0.0,1
162.0,3084,3.9197530864197536,3.8258744855967075,0.0,25.0,400000.0,0.0,0.0,5.0,0.0,1,100,0.0024752475247524753,-4.98,3.9197530864197536,3.8258744855967075,0.0,25.0,400000.0,0.0,0.0,5.0,0.0,1
162.0,4535,3.9197530864197536,3.8258744855967075,37.5,25.0,400000.0,20000.0,5.0,3.0,0.0,1,100,0.0024752475247524753,-4.9625,3.9197530864197536,3.8258744855967075,37.5,25.0,400000.0,20000.0,5.0,3.0,0.0,1
162.0,5257,3.9197530864197536,3.8258744855967075,12.5,12.0,120000.0,20000.0,3.0,5.0,0.0,1,100,0.0024752475247524753,-4.98,3.9197530864197536,3.8258744855967075,12.5,12.0,120000.0,20000.0,3.0,5.0,0.0,1
162.0,7068,3.9197530864197536,3.8258744855967075,12.5,12.0,120000.0,20000.0,4.0,4.0,0.0,1,100,0.0024752475247524753,-4.98,3.9197530864197536,3.8258744855967075,12.5,12.0,120000.0,20000.0,4.0,4.0,0.0,1
162.0,8851,3.9197530864197536,3.8258744855967075,0.0,12.0,120000.0,0.0,0.0,3.0,0.0,3,100,0.0024752475247524753,-4.98,3.9197530864197536,3.8258744855967075,0.0,12.0,120000.0,0.0,0.0,3.0,0.0,1
162.0,9766,3.9197530864197536,3.8258744855967075,0.0,12.0,120000.0,0.0,0.0,3.0,0.0,3,100,0.0024752475247524753,-4.98,3.9197530864197536,3.8258744855967075,0.0,12.0,120000.0,0.0,0.0,3.0,0.0,1
162.0,10656,3.9197530864197536,3.8258744855967075,0.0,12.0,120000.0,0.0,0.0,4.0,0.0,2,100,0.0024752475247524753,-4.98,3.9197530864197536,3.8258744855967075,0.0,12.0,120000.0,0.0,0.0,4.0,0.0,1
162.0,12008,3.9197530864197536,3.8258744855967075,0.0,12.0,120000.0,0.0,0.0,1.0,0.0,2,100,0.0024752475247524753,-4.98,3.9197530864197536,3.8258744855967075,0.0,12.0,120000.0,0.0,0.0,1.0,0.0,1
155.0,6154,3.8387096774193545,3.64247311827957,25.0,12.0,120000.0,20000.0,4.0,3.0,0.055,1,100,0.0024752475247524753,-5.267416666666666,3.9197530864197536,3.8258744855967075,25.0,12.0,120000.0,20000.0,6.0,3.0,0.0,1
159.0,6602,3.89937106918239,3.806341719077568,12.5,12.0,120000.0,20000.0,3.0,5.0,0.012,1,100,0.0024752475247524753,-5.105,3.9197530864197536,3.8258744855967075,12.5,12.0,120000.0,20000.0,3.0,5.0,0.0,1
158.0,5719,3.9240506329113924,3.7579113924050636,0.0,12.0,120000.0,20000.0,1.0,2.0,0.025,2,100,0.0024752475247524753,-5.14708375,3.9195108993573915,3.825638098946273,0.0,12.0,120000.0,20000.0,1.0,2.0,0.0,1
60.0,1360,0.0,0.46875,0.0,8.0,80000.0,0.0,0.0,6.0,0.903,2,100,0.0024752475247524753,-3.98,3.911463118608929,3.8177830636028744,0.0,8.0,80000.0,0.0,0.0,5.0,0.0,1
152.0,5252,3.8157894736842106,3.5567434210526314,0.0,12.0,120000.0,20000.0,2.0,5.0,0.087,2,100,0.0024752475247524753,-5.411806666666667,3.9109809011097085,3.817312395276044,12.5,12.0,120000.0,20000.0,3.0,5.0,0.0,1
157.0,6155,3.8853503184713376,3.6955944798301488,12.5,12.0,120000.0,20000.0,3.0,3.0,0.032,1,100,0.0024752475247524753,9.76975,3.8957055214723924,3.802402862985685,12.5,12.0,120000.0,20000.0,5.0,3.0,0.0,0
157.0,6601,3.8853503184713376,3.6955944798301488,0.0,12.0,120000.0,20000.0,2.0,5.0,0.032,0,0,0.0024752475247524753,9.75,3.8957055214723924,3.802402862985685,0.0,12.0,120000.0,20000.0,3.0,5.0,0.0,0
163.0,34,3.8957055214723924,3.802402862985685,0.0,8.0,80000.0,20000.0,1.0,2.0,0.0,1,100,0.0024752475247524753,-4.98,3.8957055214723924,3.802402862985685,0.0,8.0,80000.0,20000.0,1.0,2.0,0.0,1
163.0,1831,3.8957055214723924,3.802402862985685,0.0,8.0,80000.0,0.0,0.0,4.0,0.0,1,100,0.0024752475247524753,-4.98,3.8957055214723924,3.802402862985685,0.0,8.0,80000.0,0.0,0.0,4.0,0.0,1
163.0,6158,3.8957055214723924,3.802402862985685,12.5,12.0,120000.0,20000.0,5.0,3.0,0.0,1,100,0.0024752475247524753,-4.98,3.8957055214723924,3.802402862985685,12.5,12.0,120000.0,20000.0,5.0,3.0,0.0,1
163.0,8417,3.8957055214723924,3.802402862985685,12.5,12.0,120000.0,20000.0,3.0,1.0,0.0,2,100,0.0024752475247524753,-4.98,3.8957055214723924,3.802402862985685,12.5,12.0,120000.0,20000.0,3.0,1.0,0.0,1
163.0,9303,3.8957055214723924,3.802402862985685,0.0,12.0,120000.0,0.0,0.0,6.0,0.0,2,100,0.0024752475247524753,-4.98,3.8957055214723924,3.802402862985685,0.0,12.0,120000.0,0.0,0.0,6.0,0.0,1
163.0,10214,3.8957055214723924,3.802402862985685,0.0,12.0,120000.0,0.0,0.0,2.0,0.0,2,100,0.0024752475247524753,-4.98,3.8957055214723924,3.802402862985685,0.0,12.0,120000.0,0.0,0.0,2.0,0.0,1
163.0,11099,3.8957055214723924,3.802402862985685,0.0,12.0,120000.0,0.0,0.0,4.0,0.0,2,100,0.0024752475247524753,-4.98,3.8957055214723924,3.802402862985685,0.0,12.0,120000.0,0.0,0.0,4.0,0.0,1
163.0,11569,3.8957055214723924,3.802402862985685,0.0,12.0,120000.0,0.0,0.0,2.0,0.0,1,100,0.0024752475247524753,-4.980500000000001,3.8957055214723924,3.802402862985685,0.0,12.0,120000.0,0.0,0.0,2.0,0.0,1
163.0,12450,3.8957055214723924,3.802402862985685,0.0,12.0,120000.0,0.0,0.0,4.0,0.0,1,100,0.0024752475247524753,-4.98,3.8957055214723924,3.802402862985685,0.0,12.0,120000.0,0.0,0.0,4.0,0.0,1
115.0,463,2.130434782608696,2.690217391304348,12.5,8.0,80000.0,20000.0,4.0,4.0,0.431,1,100,0.0024752475247524753,-3.9804999999999997,3.8954662968243485,3.8021693677993564,25.0,8.0,80000.0,20000.0,8.0,4.0,0.0,1
143.0,3807,3.4965034965034967,3.2852564102564106,25.0,25.0,400000.0,20000.0,9.0,0.0,0.179,0,0,0.0024752475247524753,9.598549799999999,3.8954662968243485,3.8021693677993564,62.5,25.0,400000.0,20000.0,13.0,0.0,0.0,0
143.0,3454,3.4965034965034967,3.2852564102564106,25.0,25.0,400000.0,20000.0,3.0,2.0,0.179,0,0,0.0024752475247524753,9.5990498,3.8954662968243485,3.8021693677993564,37.5,25.0,400000.0,20000.0,5.0,2.0,0.0,0
157.0,7967,3.8853503184713376,3.6955944798301488,25.0,12.0,120000.0,20000.0,3.0,3.0,0.032,0,0,0.0024752475247524753,9.749582916666666,3.8954662968243485,3.8021693677993564,0.0,12.0,120000.0,20000.0,1.0,3.0,0.0,0
157.0,8414,3.8853503184713376,3.6955944798301488,12.5,12.0,120000.0,20000.0,3.0,1.0,0.032,0,0,0.0024752475247524753,9.749582916666666,3.8954662968243485,3.8021693677993564,0.0,12.0,120000.0,20000.0,2.0,1.0,0.0,0
143.0,2718,3.4965034965034967,3.2852564102564106,25.0,25.0,400000.0,20000.0,5.0,4.0,0.179,0,0,0.0024752475247524753,9.599299799999999,3.8954662968243485,3.8021693677993564,25.0,25.0,400000.0,20000.0,3.0,4.0,0.0,0
164.0,498,3.8719512195121952,3.7982723577235777,25.0,8.0,80000.0,20000.0,8.0,4.0,0.0,3,100,0.0024752475247524753,-4.975,3.8719512195121952,3.7982723577235777,25.0,8.0,80000.0,20000.0,8.0,4.0,0.0,1
164.0,951,3.8719512195121952,3.7982723577235777,12.5,8.0,80000.0,20000.0,3.0,1.0,0.0,3,100,0.0024752475247524753,-4.98,3.8719512195121952,3.7982723577235777,12.5,8.0,80000.0,20000.0,3.0,1.0,0.0,1
164.0,2735,3.8719512195121952,3.7982723577235777,25.0,25.0,400000.0,20000.0,3.0,4.0,0.0,2,100,0.0024752475247524753,-4.975,3.8719512195121952,3.7982723577235777,25.0,25.0,400000.0,20000.0,3.0,4.0,0.0,1
164.0,3814,3.8719512195121952,3.7982723577235777,62.5,25.0,400000.0,20000.0,13.0,0.0,0.0,2,55,0.0024752475247524753,-4.9375,3.8719512195121952,3.7982723577235777,62.5,25.0,400000.0,20000.0,13.0,0.0,0.0,1
164.0,4176,3.8719512195121952,3.7982723577235777,0.0,25.0,400000.0,0.0,0.0,1.0,0.0,2,55,0.0024752475247524753,-4.98,3.8719512195121952,3.7982723577235777,0.0,25.0,400000.0,0.0,0.0,1.0,0.0,1
164.0,4891,3.8719512195121952,3.7982723577235777,0.0,25.0,400000.0,0.0,0.0,5.0,0.0,2,55,0.0024752475247524753,-4.98,3.8719512195121952,3.7982723577235777,0.0,25.0,400000.0,0.0,0.0,5.0,0.0,1
164.0,5258,3.8719512195121952,3.7982723577235777,12.5,12.0,120000.0,20000.0,3.0,5.0,0.0,2,55,0.0024752475247524753,-4.98,3.8719512195121952,3.7982723577235777,12.5,12.0,120000.0,20000.0,3.0,5.0,0.0,1
164.0,7069,3.8719512195121952,3.7982723577235777,12.5,12.0,120000.0,20000.0,4.0,4.0,0.0,1,100,0.0024752475247524753,-4.98025,3.8719512195121952,3.7982723577235777,12.5,12.0,120000.0,20000.0,4.0,4.0,0.0,1
164.0,8852,3.8719512195121952,3.7982723577235777,0.0,12.0,120000.0,0.0,0.0,3.0,0.0,1,100,0.0024752475247524753,-4.98,3.8719512195121952,3.7982723577235777,0.0,12.0,120000.0,0.0,0.0,3.0,0.0,1
164.0,9767,3.8719512195121952,3.7982723577235777,0.0,12.0,120000.0,0.0,0.0,3.0,0.0,1,100,0.0024752475247524753,-4.98,3.8719512195121952,3.7982723577235777,0.0,12.0,120000.0,0.0,0.0,3.0,0.0,1
164.0,9770,3.8719512195121952,3.7982723577235777,0.0,12.0,120000.0,0.0,0.0,3.0,0.0,1,100,0.0024752475247524753,-4.98,3.8719512195121952,3.7982723577235777,0.0,12.0,120000.0,0.0,0.0,3.0,0.0,1
164.0,10657,3.8719512195121952,3.7982723577235777,0.0,12.0,120000.0,0.0,0.0,4.0,0.0,1,100,0.0024752475247524753,-4.98,3.8719512195121952,3.7982723577235777,0.0,12.0,120000.0,0.0,0.0,4.0,0.0,1
164.0,12009,3.8719512195121952,3.7982723577235777,0.0,12.0,120000.0,0.0,0.0,1.0,0.0,1,100,0.0024752475247524753,-4.98,3.8719512195121952,3.7982723577235777,0.0,12.0,120000.0,0.0,0.0,1.0,0.0,1
159.0,7968,3.89937106918239,3.806341719077568,25.0,12.0,120000.0,20000.0,3.0,3.0,0.012,1,100,0.0024752475247524753,-5.183333333333334,3.8719512195121952,3.7982723577235777,0.0,12.0,120000.0,20000.0,2.0,3.0,0.0,1
139.0,7958,3.3453237410071948,3.289868105515587,12.5,12.0,120000.0,20000.0,2.0,3.0,0.216,2,100,0.0024752475247524753,-3.98,3.8717149032549907,3.7980405382980384,0.0,12.0,120000.0,20000.0,2.0,3.0,0.0,1
146.0,10648,3.6986301369863015,3.324771689497717,0.0,12.0,120000.0,0.0,0.0,4.0,0.154,2,100,0.0024752475247524753,-3.730417083333333,3.8717149032549907,3.7980405382980384,0.0,12.0,120000.0,0.0,0.0,4.0,0.0,1
148.0,5714,3.75,3.399493243243243,12.5,12.0,120000.0,20000.0,2.0,2.0,0.131,2,100,0.0024752475247524753,-3.6470837499999997,3.8717149032549907,3.7980405382980384,0.0,12.0,120000.0,20000.0,2.0,2.0,0.0,1
144.0,488,3.5416666666666665,3.2624421296296293,0.0,8.0,80000.0,20000.0,6.0,4.0,0.169,1,100,0.0024752475247524753,-3.9802500000000003,3.8717149032549907,3.7980405382980384,25.0,8.0,80000.0,20000.0,8.0,4.0,0.0,1
144.0,4529,3.5416666666666665,3.2624421296296293,0.0,25.0,400000.0,20000.0,2.0,3.0,0.169,0,0,0.0024752475247524753,9.5995498,3.8717149032549907,3.7980405382980384,12.5,25.0,400000.0,20000.0,3.0,3.0,0.0,0
157.0,10211,3.8853503184713376,3.6955944798301488,0.0,12.0,120000.0,0.0,0.0,2.0,0.032,1,100,0.0024752475247524753,-5.27208375,3.8717149032549907,3.7980405382980384,0.0,12.0,120000.0,0.0,0.0,2.0,0.0,1
165.0,1832,3.848484848484848,3.813131313131313,0.0,8.0,80000.0,0.0,0.0,4.0,0.0,1,100,0.0024752475247524753,-4.98,3.848484848484848,3.813131313131313,0.0,8.0,80000.0,0.0,0.0,4.0,0.0,1
165.0,3085,3.848484848484848,3.813131313131313,0.0,25.0,400000.0,0.0,0.0,5.0,0.0,3,100,0.0024752475247524753,-4.98,3.848484848484848,3.813131313131313,0.0,25.0,400000.0,0.0,0.0,5.0,0.0,1
165.0,4536,3.848484848484848,3.813131313131313,12.5,25.0,400000.0,20000.0,3.0,3.0,0.0,3,100,0.0024752475247524753,-4.98,3.848484848484848,3.813131313131313,12.5,25.0,400000.0,20000.0,4.0,3.0,0.0,1
165.0,6159,3.848484848484848,3.813131313131313,12.5,12.0,120000.0,20000.0,5.0,3.0,0.0,1,100,0.0024752475247524753,-4.98025,3.848484848484848,3.813131313131313,12.5,12.0,120000.0,20000.0,5.0,3.0,0.0,1
165.0,6605,3.848484848484848,3.813131313131313,12.5,12.0,120000.0,20000.0,3.0,5.0,0.0,1,100,0.0024752475247524753,-4.98,3.848484848484848,3.813131313131313,12.5,12.0,120000.0,20000.0,3.0,5.0,0.0,1
165.0,8418,3.848484848484848,3.813131313131313,0.0,12.0,120000.0,20000.0,5.0,1.0,0.0,3,100,0.0024752475247524753,-4.98,3.848484848484848,3.813131313131313,0.0,12.0,120000.0,20000.0,5.0,1.0,0.0,1
165.0,9304,3.848484848484848,3.813131313131313,0.0,12.0,120000.0,0.0,0.0,6.0,0.0,3,100,0.0024752475247524753,-4.98,3.848484848484848,3.813131313131313,0.0,12.0,120000.0,0.0,0.0,6.0,0.0,1
165.0,10215,3.848484848484848,3.813131313131313,0.0,12.0,120000.0,0.0,0.0,2.0,0.0,1,100,0.0024752475247524753,-4.98,3.848484848484848,3.813131313131313,0.0,12.0,120000.0,0.0,0.0,2.0,0.0,1
165.0,11100,3.848484848484848,3.813131313131313,0.0,12.0,120000.0,0.0,0.0,4.0,0.0,1,100,0.0024752475247524753,-4.98025,3.848484848484848,3.813131313131313,0.0,12.0,120000.0,0.0,0.0,4.0,0.0,1
165.0,12451,3.848484848484848,3.813131313131313,0.0,12.0,120000.0,0.0,0.0,4.0,0.0,1,100,0.0024752475247524753,-4.98,3.848484848484848,3.813131313131313,0.0,12.0,120000.0,0.0,0.0,4.0,0.0,1
152.0,1396,3.8157894736842106,3.5567434210526314,0.0,8.0,80000.0,0.0,0.0,5.0,0.087,1,100,0.0024752475247524753,-3.813333333333334,3.931451612903226,3.805443548387097,0.0,8.0,80000.0,0.0,0.0,5.0,0.0,1
79.0,4872,0.06329113924050633,1.4240506329113924,0.0,25.0,400000.0,0.0,0.0,5.0,0.75,1,100,0.0024752475247524753,-3.98,3.923304191499254,3.7975572622845344,0.0,25.0,400000.0,0.0,0.0,5.0,0.0,1
125.0,10195,2.52,2.85,0.0,12.0,120000.0,0.0,0.0,2.0,0.34,3,100,0.0024752475247524753,-3.98,3.91684242241639,3.7913026011850954,0.0,12.0,120000.0,0.0,0.0,2.0,0.0,1
123.0,8385,2.4390243902439024,2.7947154471544717,37.5,12.0,120000.0,20000.0,6.0,1.0,0.359,3,100,0.0024752475247524753,-3.9625,3.91684242241639,3.7913026011850954,0.0,12.0,120000.0,20000.0,5.0,1.0,0.0,1
125.0,8386,2.52,2.85,50.0,12.0,120000.0,20000.0,6.0,1.0,0.34,3,100,0.0024752475247524753,-3.95,3.91684242241639,3.7913026011850954,0.0,12.0,120000.0,20000.0,5.0,1.0,0.0,1
145.0,10205,3.620689655172414,3.2830459770114944,0.0,12.0,120000.0,0.0,0.0,2.0,0.161,2,100,0.0024752475247524753,-3.855,3.91566265060241,3.8278112449799195,0.0,12.0,120000.0,0.0,0.0,2.0,0.0,1
160.0,5256,3.90625,3.8020833333333335,0.0,12.0,120000.0,20000.0,2.0,5.0,0.001,0,0,0.0024752475247524753,9.75,3.91566265060241,3.8278112449799195,0.0,12.0,120000.0,20000.0,2.0,5.0,0.0,0
160.0,7067,3.90625,3.8020833333333335,0.0,12.0,120000.0,20000.0,3.0,4.0,0.001,0,0,0.0024752475247524753,9.75,3.91566265060241,3.8278112449799195,0.0,12.0,120000.0,20000.0,3.0,4.0,0.0,0
166.0,499,3.91566265060241,3.8278112449799195,25.0,8.0,80000.0,20000.0,8.0,4.0,0.0,1,100,0.0024752475247524753,-4.975,3.91566265060241,3.8278112449799195,25.0,8.0,80000.0,20000.0,8.0,4.0,0.0,1
166.0,952,3.91566265060241,3.8278112449799195,0.0,8.0,80000.0,20000.0,3.0,1.0,0.0,3,100,0.0024752475247524753,-4.98,3.91566265060241,3.8278112449799195,0.0,8.0,80000.0,20000.0,4.0,1.0,0.0,1
166.0,5259,3.91566265060241,3.8278112449799195,0.0,12.0,120000.0,20000.0,2.0,5.0,0.0,3,100,0.0024752475247524753,-4.98,3.91566265060241,3.8278112449799195,0.0,12.0,120000.0,20000.0,2.0,5.0,0.0,1
166.0,8853,3.91566265060241,3.8278112449799195,0.0,12.0,120000.0,0.0,0.0,3.0,0.0,3,100,0.0024752475247524753,-4.98,3.91566265060241,3.8278112449799195,0.0,12.0,120000.0,0.0,0.0,3.0,0.0,1
166.0,9768,3.91566265060241,3.8278112449799195,0.0,12.0,120000.0,0.0,0.0,3.0,0.0,3,100,0.0024752475247524753,-4.98,3.91566265060241,3.8278112449799195,0.0,12.0,120000.0,0.0,0.0,3.0,0.0,1
166.0,9771,3.91566265060241,3.8278112449799195,0.0,12.0,120000.0,0.0,0.0,3.0,0.0,1,100,0.0024752475247524753,-4.98,3.91566265060241,3.8278112449799195,0.0,12.0,120000.0,0.0,0.0,3.0,0.0,1
166.0,10658,3.91566265060241,3.8278112449799195,0.0,12.0,120000.0,0.0,0.0,4.0,0.0,1,100,0.0024752475247524753,-4.98,3.91566265060241,3.8278112449799195,0.0,12.0,120000.0,0.0,0.0,4.0,0.0,1
166.0,12010,3.91566265060241,3.8278112449799195,0.0,12.0,120000.0,0.0,0.0,1.0,0.0,3,90,0.0024752475247524753,-4.98,3.91566265060241,3.8278112449799195,0.0,12.0,120000.0,0.0,0.0,1.0,0.0,1
146.0,3455,3.6986301369863015,3.324771689497717,37.5,25.0,400000.0,20000.0,4.0,2.0,0.154,0,0,0.0024752475247524753,9.599299799999999,3.9154265456643245,3.8275804372680096,25.0,25.0,400000.0,20000.0,4.0,2.0,0.0,0
125.0,7951,2.52,2.85,0.0,12.0,120000.0,20000.0,1.0,3.0,0.34,3,100,0.0024752475247524753,-3.98,3.9233303384246776,3.806029749425975,0.0,12.0,120000.0,20000.0,3.0,3.0,0.0,1
148.0,10649,3.75,3.399493243243243,0.0,12.0,120000.0,0.0,0.0,4.0,0.131,2,100,0.0024752475247524753,-3.7716666666666665,3.922155688622755,3.8236027944111775,0.0,12.0,120000.0,0.0,0.0,4.0,0.0,1
167.0,36,3.922155688622755,3.8236027944111775,12.5,8.0,80000.0,20000.0,2.0,2.0,0.0,3,90,0.0024752475247524753,-4.98,3.922155688622755,3.8236027944111775,12.5,8.0,80000.0,20000.0,2.0,2.0,0.0,1
167.0,1833,3.922155688622755,3.8236027944111775,0.0,8.0,80000.0,0.0,0.0,4.0,0.0,3,90,0.0024752475247524753,-4.98,3.922155688622755,3.8236027944111775,0.0,8.0,80000.0,0.0,0.0,4.0,0.0,1
167.0,2736,3.922155688622755,3.8236027944111775,25.0,25.0,400000.0,20000.0,3.0,4.0,0.0,3,90,0.0024752475247524753,-4.975,3.922155688622755,3.8236027944111775,25.0,25.0,400000.0,20000.0,3.0,4.0,0.0,1
167.0,3815,3.922155688622755,3.8236027944111775,62.5,25.0,400000.0,20000.0,13.0,0.0,0.0,3,90,0.0024752475247524753,-4.9375,3.922155688622755,3.8236027944111775,62.5,25.0,400000.0,20000.0,13.0,0.0,0.0,1
167.0,4177,3.922155688622755,3.8236027944111775,0.0,25.0,400000.0,0.0,0.0,1.0,0.0,3,90,0.0024752475247524753,-4.98,3.922155688622755,3.8236027944111775,0.0,25.0,400000.0,0.0,0.0,1.0,0.0,1
167.0,4892,3.922155688622755,3.8236027944111775,0.0,25.0,400000.0,0.0,0.0,5.0,0.0,1,100,0.0024752475247524753,-4.98,3.922155688622755,3.8236027944111775,0.0,25.0,400000.0,0.0,0.0,5.0,0.0,1
167.0,6160,3.922155688622755,3.8236027944111775,12.5,12.0,120000.0,20000.0,5.0,3.0,0.0,2,100,0.0024752475247524753,-4.98,3.922155688622755,3.8236027944111775,12.5,12.0,120000.0,20000.0,5.0,3.0,0.0,1
167.0,6606,3.922155688622755,3.8236027944111775,12.5,12.0,120000.0,20000.0,3.0,5.0,0.0,2,100,0.0024752475247524753,-4.98,3.922155688622755,3.8236027944111775,12.5,12.0,120000.0,20000.0,3.0,5.0,0.0,1
167.0,8419,3.922155688622755,3.8236027944111775,0.0,12.0,120000.0,20000.0,5.0,1.0,0.0,3,100,0.0024752475247524753,-4.98,3.922155688622755,3.8236027944111775,0.0,12.0,120000.0,20000.0,5.0,1.0,0.0,1
167.0,9305,3.922155688622755,3.8236027944111775,0.0,12.0,120000.0,0.0,0.0,6.0,0.0,3,100,0.0024752475247524753,-4.98,3.922155688622755,3.8236027944111775,0.0,12.0,120000.0,0.0,0.0,6.0,0.0,1
167.0,10216,3.922155688622755,3.8236027944111775,0.0,12.0,120000.0,0.0,0.0,2.0,0.0,3,100,0.0024752475247524753,-4.98,3.922155688622755,3.8236027944111775,0.0,12.0,120000.0,0.0,0.0,2.0,0.0,1
167.0,11101,3.922155688622755,3.8236027944111775,0.0,12.0,120000.0,0.0,0.0,4.0,0.0,3,100,0.0024752475247524753,-4.98,3.922155688622755,3.8236027944111775,0.0,12.0,120000.0,0.0,0.0,4.0,0.0,1
167.0,12452,3.922155688622755,3.8236027944111775,0.0,12.0,120000.0,0.0,0.0,4.0,0.0,3,100,0.0024752475247524753,-4.98,3.922155688622755,3.8236027944111775,0.0,12.0,120000.0,0.0,0.0,4.0,0.0,1
144.0,10647,3.5416666666666665,3.2624421296296293,0.0,12.0,120000.0,0.0,0.0,4.0,0.169,2,100,0.0024752475247524753,-3.9387504166666663,3.9219206082318063,3.82337362093845,0.0,12.0,120000.0,0.0,0.0,4.0,0.0,1
119.0,465,2.26890756302521,2.73109243697479,25.0,8.0,80000.0,20000.0,5.0,4.0,0.401,1,100,0.0024752475247524753,-3.9752500000000004,3.9219206082318063,3.82337362093845,25.0,8.0,80000.0,20000.0,8.0,4.0,0.0,1
127.0,10196,2.637795275590551,2.903543307086614,0.0,12.0,120000.0,0.0,0.0,2.0,0.317,3,100,0.0024752475247524753,-3.98,3.9892825245608803,3.801974794085541,0.0,12.0,120000.0,0.0,0.0,2.0,0.0,1
126.0,7050,2.579365079365079,2.876984126984127,12.5,12.0,120000.0,20000.0,3.0,4.0,0.325,3,100,0.0024752475247524753,-3.98,3.9892825245608803,3.801974794085541,0.0,12.0,120000.0,20000.0,3.0,4.0,0.0,1
125.0,8398,2.52,2.85,50.0,12.0,120000.0,20000.0,6.0,1.0,0.34,3,100,0.0024752475247524753,-3.95,3.9892825245608803,3.801974794085541,0.0,12.0,120000.0,20000.0,5.0,1.0,0.0,1
168.0,953,3.9880952380952377,3.819444444444444,0.0,8.0,80000.0,20000.0,4.0,1.0,0.0,3,100,0.0024752475247524753,-4.98,3.9880952380952377,3.819444444444444,0.0,8.0,80000.0,20000.0,6.0,1.0,0.0,1
168.0,3086,3.9880952380952377,3.819444444444444,0.0,25.0,400000.0,0.0,0.0,5.0,0.0,3,76,0.0024752475247524753,-4.98,3.9880952380952377,3.819444444444444,0.0,25.0,400000.0,0.0,0.0,5.0,0.0,1
168.0,4537,3.9880952380952377,3.819444444444444,12.5,25.0,400000.0,20000.0,4.0,3.0,0.0,3,76,0.0024752475247524753,-4.98,3.9880952380952377,3.819444444444444,12.5,25.0,400000.0,20000.0,4.0,3.0,0.0,1
168.0,5260,3.9880952380952377,3.819444444444444,0.0,12.0,120000.0,20000.0,2.0,5.0,0.0,1,100,0.0024752475247524753,-4.98,3.9880952380952377,3.819444444444444,0.0,12.0,120000.0,20000.0,2.0,5.0,0.0,1
168.0,8854,3.9880952380952377,3.819444444444444,0.0,12.0,120000.0,0.0,0.0,3.0,0.0,1,100,0.0024752475247524753,-4.98,3.9880952380952377,3.819444444444444,0.0,12.0,120000.0,0.0,0.0,3.0,0.0,1
168.0,9769,3.9880952380952377,3.819444444444444,0.0,12.0,120000.0,0.0,0.0,3.0,0.0,1,100,0.0024752475247524753,-4.98,3.9880952380952377,3.819444444444444,0.0,12.0,120000.0,0.0,0.0,3.0,0.0,1
168.0,9772,3.9880952380952377,3.819444444444444,0.0,12.0,120000.0,0.0,0.0,3.0,0.0,1,100,0.0024752475247524753,-4.98,3.9880952380952377,3.819444444444444,0.0,12.0,120000.0,0.0,0.0,3.0,0.0,1
168.0,10659,3.9880952380952377,3.819444444444444,0.0,12.0,120000.0,0.0,0.0,4.0,0.0,2,93,0.0024752475247524753,-4.982,3.9880952380952377,3.819444444444444,0.0,12.0,120000.0,0.0,0.0,4.0,0.0,1
168.0,12011,3.9880952380952377,3.819444444444444,0.0,12.0,120000.0,0.0,0.0,1.0,0.0,2,93,0.0024752475247524753,-4.98,3.9880952380952377,3.819444444444444,0.0,12.0,120000.0,0.0,0.0,1.0,0.0,1
152.0,5716,3.8157894736842106,3.5567434210526314,0.0,12.0,120000.0,20000.0,1.0,2.0,0.087,2,100,0.0024752475247524753,-3.6470837499999997,3.987857628244888,3.819216882771846,0.0,12.0,120000.0,20000.0,2.0,2.0,0.0,1
150.0,10650,3.7666666666666666,3.479166666666667,0.0,12.0,120000.0,0.0,0.0,4.0,0.107,2,26,0.0024752475247524753,-3.730417083333333,3.987857628244888,3.819216882771846,0.0,12.0,120000.0,0.0,0.0,4.0,0.0,1
127.0,8399,2.637795275590551,2.903543307086614,37.5,12.0,120000.0,20000.0,6.0,1.0,0.317,3,100,0.0024752475247524753,-3.9625,4.02485942586564,3.7979678405839987,0.0,12.0,120000.0,20000.0,6.0,1.0,0.0,1
124.0,11087,2.459677419354839,2.872983870967742,0.0,12.0,120000.0,0.0,0.0,4.0,0.353,3,55,0.0024752475247524753,-3.98,4.02485942586564,3.7979678405839987,0.0,12.0,120000.0,0.0,0.0,4.0,0.0,1
165.0,35,3.848484848484848,3.813131313131313,0.0,8.0,80000.0,20000.0,1.0,2.0,0.0,1,100,0.0024752475247524753,9.77,4.023668639053255,3.796844181459566,0.0,8.0,80000.0,20000.0,1.0,2.0,0.0,0
169.0,37,4.023668639053255,3.796844181459566,0.0,8.0,80000.0,20000.0,1.0,2.0,0.0,2,100,0.0024752475247524753,-4.98,4.023668639053255,3.796844181459566,0.0,8.0,80000.0,20000.0,1.0,2.0,0.0,1
169.0,1400,4.023668639053255,3.796844181459566,0.0,8.0,80000.0,0.0,0.0,5.0,0.0,2,100,0.0024752475247524753,-4.98,4.023668639053255,3.796844181459566,0.0,8.0,80000.0,0.0,0.0,5.0,0.0,1
169.0,1834,4.023668639053255,3.796844181459566,0.0,8.0,80000.0,0.0,0.0,4.0,0.0,3,100,0.0024752475247524753,-4.98,4.023668639053255,3.796844181459566,0.0,8.0,80000.0,0.0,0.0,4.0,0.0,1
169.0,3460,4.023668639053255,3.796844181459566,25.0,25.0,400000.0,20000.0,4.0,2.0,0.0,3,100,0.0024752475247524753,-4.975,4.023668639053255,3.796844181459566,25.0,25.0,400000.0,20000.0,4.0,2.0,0.0,1
169.0,6161,4.023668639053255,3.796844181459566,12.5,12.0,120000.0,20000.0,5.0,3.0,0.0,1,100,0.0024752475247524753,-4.980500000000001,4.023668639053255,3.796844181459566,12.5,12.0,120000.0,20000.0,5.0,3.0,0.0,1
169.0,6607,4.023668639053255,3.796844181459566,12.5,12.0,120000.0,20000.0,3.0,5.0,0.0,1,100,0.0024752475247524753,-4.98,4.023668639053255,3.796844181459566,12.5,12.0,120000.0,20000.0,3.0,5.0,0.0,1
169.0,9306,4.023668639053255,3.796844181459566,0.0,12.0,120000.0,0.0,0.0,6.0,0.0,1,100,0.0024752475247524753,-4.98,4.023668639053255,3.796844181459566,0.0,12.0,120000.0,0.0,0.0,6.0,0.0,1
169.0,10217,4.023668639053255,3.796844181459566,0.0,12.0,120000.0,0.0,0.0,2.0,0.0,1,100,0.0024752475247524753,-4.98,4.023668639053255,3.796844181459566,0.0,12.0,120000.0,0.0,0.0,2.0,0.0,1
169.0,11102,4.023668639053255,3.796844181459566,0.0,12.0,120000.0,0.0,0.0,4.0,0.0,2,100,0.0024752475247524753,-4.98,4.023668639053255,3.796844181459566,0.0,12.0,120000.0,0.0,0.0,4.0,0.0,1
169.0,12453,4.023668639053255,3.796844181459566,0.0,12.0,120000.0,0.0,0.0,4.0,0.0,2,100,0.0024752475247524753,-4.98,4.023668639053255,3.796844181459566,0.0,12.0,120000.0,0.0,0.0,4.0,0.0,1
145.0,7961,3.620689655172414,3.2830459770114944,12.5,12.0,120000.0,20000.0,2.0,3.0,0.161,2,100,0.0024752475247524753,-3.98,4.02343032817997,3.7966193047776677,0.0,12.0,120000.0,20000.0,3.0,3.0,0.0,1
163.0,6604,3.8957055214723924,3.802402862985685,0.0,12.0,120000.0,20000.0,2.0,5.0,0.0,1,100,0.0024752475247524753,9.769582916666666,4.02343032817997,3.7966193047776677,0.0,12.0,120000.0,20000.0,2.0,5.0,0.0,0
149.0,3809,3.7583892617449663,3.481543624161074,25.0,25.0,400000.0,20000.0,10.0,0.0,0.119,0,0,0.0024752475247524753,9.5987998,4.02343032817997,3.7966193047776677,50.0,25.0,400000.0,20000.0,12.0,0.0,0.0,0
130.0,2289,2.923076923076923,2.956730769230769,0.0,8.0,80000.0,0.0,0.0,5.0,0.293,1,100,0.0024752475247524753,-3.98,4.0452755905511815,3.7893700787401574,0.0,8.0,80000.0,0.0,0.0,5.0,0.0,1
127.0,11551,2.637795275590551,2.903543307086614,0.0,12.0,120000.0,0.0,0.0,2.0,0.317,3,100,0.0024752475247524753,-3.98,4.030597234480729,3.775620280474649,0.0,12.0,120000.0,0.0,0.0,2.0,0.0,1
150.0,7062,3.7666666666666666,3.479166666666667,0.0,12.0,120000.0,20000.0,2.0,4.0,0.107,2,100,0.0024752475247524753,-3.8133333333333335,4.029411764705882,3.774509803921569,0.0,12.0,120000.0,20000.0,3.0,4.0,0.0,1
170.0,954,4.029411764705882,3.774509803921569,0.0,8.0,80000.0,20000.0,7.0,1.0,0.0,1,100,0.0024752475247524753,-4.98,4.029411764705882,3.774509803921569,0.0,8.0,80000.0,20000.0,7.0,1.0,0.0,1
170.0,2737,4.029411764705882,3.774509803921569,12.5,25.0,400000.0,20000.0,2.0,4.0,0.0,1,100,0.0024752475247524753,-4.98,4.029411764705882,3.774509803921569,12.5,25.0,400000.0,20000.0,2.0,4.0,0.0,1
170.0,2740,4.029411764705882,3.774509803921569,12.5,25.0,400000.0,20000.0,2.0,4.0,0.0,3,100,0.0024752475247524753,-4.98,4.029411764705882,3.774509803921569,12.5,25.0,400000.0,20000.0,2.0,4.0,0.0,1
170.0,3816,4.029411764705882,3.774509803921569,50.0,25.0,400000.0,20000.0,12.0,0.0,0.0,3,100,0.0024752475247524753,-4.95,4.029411764705882,3.774509803921569,50.0,25.0,400000.0,20000.0,12.0,0.0,0.0,1
170.0,4178,4.029411764705882,3.774509803921569,0.0,25.0,400000.0,0.0,0.0,1.0,0.0,3,100,0.0024752475247524753,-4.98,4.029411764705882,3.774509803921569,0.0,25.0,400000.0,0.0,0.0,1.0,0.0,1
170.0,4893,4.029411764705882,3.774509803921569,0.0,25.0,400000.0,0.0,0.0,5.0,0.0,3,100,0.0024752475247524753,-4.98,4.029411764705882,3.774509803921569,0.0,25.0,400000.0,0.0,0.0,5.0,0.0,1
170.0,5261,4.029411764705882,3.774509803921569,0.0,12.0,120000.0,20000.0,2.0,5.0,0.0,2,100,0.0024752475247524753,-4.98,4.029411764705882,3.774509803921569,0.0,12.0,120000.0,20000.0,2.0,5.0,0.0,1
170.0,5270,4.029411764705882,3.774509803921569,0.0,12.0,120000.0,20000.0,2.0,5.0,0.0,2,100,0.0024752475247524753,-4.98,4.029411764705882,3.774509803921569,0.0,12.0,120000.0,20000.0,2.0,5.0,0.0,1
170.0,8855,4.029411764705882,3.774509803921569,0.0,12.0,120000.0,0.0,0.0,3.0,0.0,2,100,0.0024752475247524753,-4.98,4.029411764705882,3.774509803921569,0.0,12.0,120000.0,0.0,0.0,3.0,0.0,1
170.0,9773,4.029411764705882,3.774509803921569,0.0,12.0,120000.0,0.0,0.0,3.0,0.0,2,100,0.0024752475247524753,-4.98,4.029411764705882,3.774509803921569,0.0,12.0,120000.0,0.0,0.0,3.0,0.0,1
170.0,10660,4.029411764705882,3.774509803921569,0.0,12.0,120000.0,0.0,0.0,4.0,0.0,1,100,0.0024752475247524753,-4.98,4.029411764705882,3.774509803921569,0.0,12.0,120000.0,0.0,0.0,4.0,0.0,1
170.0,12012,4.029411764705882,3.774509803921569,0.0,12.0,120000.0,0.0,0.0,1.0,0.0,3,100,0.0024752475247524753,-4.98,4.029411764705882,3.774509803921569,0.0,12.0,120000.0,0.0,0.0,1.0,0.0,1
157.0,1828,3.8853503184713376,3.6955944798301488,0.0,8.0,80000.0,0.0,0.0,4.0,0.032,1,89,0.0024752475247524753,-3.813333333333334,4.080234833659492,3.7671232876712324,0.0,8.0,80000.0,0.0,0.0,4.0,0.0,1
130.0,11090,2.923076923076923,2.956730769230769,0.0,12.0,120000.0,0.0,0.0,4.0,0.293,3,100,0.0024752475247524753,-3.98,4.065516232816613,3.7535341717851214,0.0,12.0,120000.0,0.0,0.0,4.0,0.0,1
129.0,8388,2.8294573643410854,2.9312015503875974,12.5,12.0,120000.0,20000.0,3.0,1.0,0.302,3,100,0.0024752475247524753,-3.98,4.065516232816613,3.7535341717851214,0.0,12.0,120000.0,20000.0,7.0,1.0,0.0,1
171.0,38,4.064327485380117,3.7524366471734893,0.0,8.0,80000.0,20000.0,1.0,2.0,0.0,3,100,0.0024752475247524753,-4.98,4.064327485380117,3.7524366471734893,0.0,8.0,80000.0,20000.0,1.0,2.0,0.0,1
171.0,1401,4.064327485380117,3.7524366471734893,0.0,8.0,80000.0,0.0,0.0,5.0,0.0,3,100,0.0024752475247524753,-4.98,4.064327485380117,3.7524366471734893,0.0,8.0,80000.0,0.0,0.0,5.0,0.0,1
171.0,1835,4.064327485380117,3.7524366471734893,0.0,8.0,80000.0,0.0,0.0,4.0,0.0,1,100,0.0024752475247524753,-4.98,4.064327485380117,3.7524366471734893,0.0,8.0,80000.0,0.0,0.0,4.0,0.0,1
171.0,3087,4.064327485380117,3.7524366471734893,0.0,25.0,400000.0,0.0,0.0,5.0,0.0,1,100,0.0024752475247524753,-4.98,4.064327485380117,3.7524366471734893,0.0,25.0,400000.0,0.0,0.0,5.0,0.0,1
171.0,6608,4.064327485380117,3.7524366471734893,0.0,12.0,120000.0,20000.0,3.0,5.0,0.0,1,100,0.0024752475247524753,-4.98,4.064327485380117,3.7524366471734893,0.0,12.0,120000.0,20000.0,3.0,5.0,0.0,1
171.0,9307,4.064327485380117,3.7524366471734893,0.0,12.0,120000.0,0.0,0.0,6.0,0.0,1,100,0.0024752475247524753,-4.98,4.064327485380117,3.7524366471734893,0.0,12.0,120000.0,0.0,0.0,6.0,0.0,1
171.0,9320,4.064327485380117,3.7524366471734893,0.0,12.0,120000.0,0.0,0.0,6.0,0.0,2,100,0.0024752475247524753,-4.98,4.064327485380117,3.7524366471734893,0.0,12.0,120000.0,0.0,0.0,6.0,0.0,1
171.0,10218,4.064327485380117,3.7524366471734893,0.0,12.0,120000.0,0.0,0.0,2.0,0.0,2,100,0.0024752475247524753,-4.98,4.064327485380117,3.7524366471734893,0.0,12.0,120000.0,0.0,0.0,2.0,0.0,1
171.0,11103,4.064327485380117,3.7524366471734893,0.0,12.0,120000.0,0.0,0.0,4.0,0.0,2,100,0.0024752475247524753,-4.98,4.064327485380117,3.7524366471734893,0.0,12.0,120000.0,0.0,0.0,4.0,0.0,1
171.0,12454,4.064327485380117,3.7524366471734893,0.0,12.0,120000.0,0.0,0.0,4.0,0.0,2,100,0.0024752475247524753,-4.98,4.064327485380117,3.7524366471734893,0.0,12.0,120000.0,0.0,0.0,4.0,0.0,1
158.0,1399,3.9240506329113924,3.7579113924050636,0.0,8.0,80000.0,0.0,0.0,5.0,0.025,1,100,0.0024752475247524753,-3.813333333333334,4.173151750972762,3.745136186770428,0.0,8.0,80000.0,0.0,0.0,5.0,0.0,1
150.0,2299,3.7666666666666666,3.479166666666667,0.0,8.0,80000.0,0.0,0.0,5.0,0.107,1,100,0.0024752475247524753,-3.98,4.173151750972762,3.745136186770428,0.0,8.0,80000.0,0.0,0.0,5.0,0.0,1
131.0,8401,2.9770992366412212,3.029580152671756,12.5,12.0,120000.0,20000.0,3.0,1.0,0.284,3,100,0.0024752475247524753,-3.98,4.158185519046233,3.73170495299021,0.0,12.0,120000.0,20000.0,7.0,1.0,0.0,1
131.0,11553,2.9770992366412212,3.029580152671756,0.0,12.0,120000.0,0.0,0.0,2.0,0.284,3,100,0.0024752475247524753,-3.98,4.158185519046233,3.73170495299021,0.0,12.0,120000.0,0.0,0.0,2.0,0.0,1
130.0,9750,2.923076923076923,2.956730769230769,0.0,12.0,120000.0,0.0,0.0,3.0,0.293,3,100,0.0024752475247524753,-3.98,4.158185519046233,3.73170495299021,0.0,12.0,120000.0,0.0,0.0,3.0,0.0,1
131.0,7954,2.9770992366412212,3.029580152671756,0.0,12.0,120000.0,20000.0,1.0,3.0,0.284,3,100,0.0024752475247524753,-3.98,4.158185519046233,3.73170495299021,0.0,12.0,120000.0,20000.0,3.0,3.0,0.0,1
172.0,955,4.156976744186046,3.73062015503876,0.0,8.0,80000.0,20000.0,7.0,1.0,0.0,2,100,0.0024752475247524753,-4.98,4.156976744186046,3.73062015503876,0.0,8.0,80000.0,20000.0,7.0,1.0,0.0,1
172.0,3461,4.156976744186046,3.73062015503876,25.0,25.0,400000.0,20000.0,4.0,2.0,0.0,2,100,0.0024752475247524753,-4.975,4.156976744186046,3.73062015503876,25.0,25.0,400000.0,20000.0,4.0,2.0,0.0,1
172.0,5262,4.156976744186046,3.73062015503876,0.0,12.0,120000.0,20000.0,2.0,5.0,0.0,1,100,0.0024752475247524753,-4.98,4.156976744186046,3.73062015503876,0.0,12.0,120000.0,20000.0,2.0,5.0,0.0,1
172.0,5271,4.156976744186046,3.73062015503876,0.0,12.0,120000.0,20000.0,2.0,5.0,0.0,1,100,0.0024752475247524753,-4.98,4.156976744186046,3.73062015503876,0.0,12.0,120000.0,20000.0,2.0,5.0,0.0,1
172.0,8856,4.156976744186046,3.73062015503876,0.0,12.0,120000.0,0.0,0.0,3.0,0.0,3,100,0.0024752475247524753,-4.98,4.156976744186046,3.73062015503876,0.0,12.0,120000.0,0.0,0.0,3.0,0.0,1
172.0,9774,4.156976744186046,3.73062015503876,0.0,12.0,120000.0,0.0,0.0,3.0,0.0,3,100,0.0024752475247524753,-4.98,4.156976744186046,3.73062015503876,0.0,12.0,120000.0,0.0,0.0,3.0,0.0,1
172.0,10661,4.156976744186046,3.73062015503876,0.0,12.0,120000.0,0.0,0.0,4.0,0.0,3,100,0.0024752475247524753,-4.98,4.156976744186046,3.73062015503876,0.0,12.0,120000.0,0.0,0.0,4.0,0.0,1
172.0,12013,4.156976744186046,3.73062015503876,0.0,12.0,120000.0,0.0,0.0,1.0,0.0,3,100,0.0024752475247524753,-4.98,4.156976744186046,3.73062015503876,0.0,12.0,120000.0,0.0,0.0,1.0,0.0,1
152.0,3457,3.8157894736842106,3.5567434210526314,50.0,25.0,400000.0,20000.0,5.0,2.0,0.087,0,0,0.0024752475247524753,9.5995498,4.156734831885656,3.730403054256358,12.5,25.0,400000.0,20000.0,3.0,2.0,0.0,0
152.0,2731,3.8157894736842106,3.5567434210526314,25.0,25.0,400000.0,20000.0,5.0,4.0,0.087,0,0,0.0024752475247524753,9.5997998,4.156734831885656,3.730403054256358,0.0,25.0,400000.0,20000.0,1.0,4.0,0.0,0
132.0,5706,3.0303030303030303,3.0539772727272725,12.5,12.0,120000.0,20000.0,2.0,2.0,0.274,3,100,0.0024752475247524753,-3.98,4.220873084706562,3.710128168063987,0.0,12.0,120000.0,20000.0,2.0,2.0,0.0,1
132.0,11091,3.0303030303030303,3.0539772727272725,0.0,12.0,120000.0,0.0,0.0,4.0,0.274,3,100,0.0024752475247524753,-3.98,4.220873084706562,3.710128168063987,0.0,12.0,120000.0,0.0,0.0,4.0,0.0,1
131.0,8389,2.9770992366412212,3.029580152671756,12.5,12.0,120000.0,20000.0,3.0,1.0,0.284,3,100,0.0024752475247524753,-3.98,4.220873084706562,3.710128168063987,0.0,12.0,120000.0,20000.0,7.0,1.0,0.0,1
156.0,494,3.8461538461538463,3.679220085470085,12.5,8.0,80000.0,20000.0,8.0,4.0,0.042,1,100,0.0024752475247524753,-3.9804999999999997,4.219653179190751,3.7210982658959537,25.0,8.0,80000.0,20000.0,8.0,4.0,0.0,1
173.0,1402,4.219653179190751,3.7210982658959537,0.0,8.0,80000.0,0.0,0.0,5.0,0.0,3,100,0.0024752475247524753,-4.98,4.219653179190751,3.7210982658959537,0.0,8.0,80000.0,0.0,0.0,5.0,0.0,1
173.0,1836,4.219653179190751,3.7210982658959537,0.0,8.0,80000.0,0.0,0.0,4.0,0.0,3,100,0.0024752475247524753,-4.98,4.219653179190751,3.7210982658959537,0.0,8.0,80000.0,0.0,0.0,4.0,0.0,1
173.0,2738,4.219653179190751,3.7210982658959537,0.0,25.0,400000.0,20000.0,1.0,4.0,0.0,2,100,0.0024752475247524753,-4.98,4.219653179190751,3.7210982658959537,0.0,25.0,400000.0,20000.0,2.0,4.0,0.0,1
173.0,3817,4.219653179190751,3.7210982658959537,50.0,25.0,400000.0,20000.0,12.0,0.0,0.0,2,100,0.0024752475247524753,-4.95,4.219653179190751,3.7210982658959537,50.0,25.0,400000.0,20000.0,12.0,0.0,0.0,1
173.0,4179,4.219653179190751,3.7210982658959537,0.0,25.0,400000.0,0.0,0.0,1.0,0.0,2,100,0.0024752475247524753,-4.98,4.219653179190751,3.7210982658959537,0.0,25.0,400000.0,0.0,0.0,1.0,0.0,1
173.0,4894,4.219653179190751,3.7210982658959537,0.0,25.0,400000.0,0.0,0.0,5.0,0.0,1,18,0.0024752475247524753,-4.98,4.219653179190751,3.7210982658959537,0.0,25.0,400000.0,0.0,0.0,5.0,0.0,1
173.0,6163,4.219653179190751,3.7210982658959537,37.5,12.0,120000.0,20000.0,6.0,3.0,0.0,1,18,0.0024752475247524753,-4.9625,4.219653179190751,3.7210982658959537,50.0,12.0,120000.0,20000.0,6.0,3.0,0.0,1
173.0,6609,4.219653179190751,3.7210982658959537,0.0,12.0,120000.0,20000.0,3.0,5.0,0.0,1,56,0.0024752475247524753,-4.98,4.219653179190751,3.7210982658959537,0.0,12.0,120000.0,20000.0,3.0,5.0,0.0,1
173.0,7070,4.219653179190751,3.7210982658959537,0.0,12.0,120000.0,20000.0,3.0,4.0,0.0,1,56,0.0024752475247524753,-4.98,4.219653179190751,3.7210982658959537,0.0,12.0,120000.0,20000.0,3.0,4.0,0.0,1
173.0,9308,4.219653179190751,3.7210982658959537,0.0,12.0,120000.0,0.0,0.0,6.0,0.0,1,56,0.0024752475247524753,-4.98,4.219653179190751,3.7210982658959537,0.0,12.0,120000.0,0.0,0.0,6.0,0.0,1
173.0,9321,4.219653179190751,3.7210982658959537,0.0,12.0,120000.0,0.0,0.0,6.0,0.0,1,56,0.0024752475247524753,-4.98,4.219653179190751,3.7210982658959537,0.0,12.0,120000.0,0.0,0.0,6.0,0.0,1
173.0,10219,4.219653179190751,3.7210982658959537,0.0,12.0,120000.0,0.0,0.0,2.0,0.0,1,100,0.0024752475247524753,-4.98,4.219653179190751,3.7210982658959537,0.0,12.0,120000.0,0.0,0.0,2.0,0.0,1
173.0,11104,4.219653179190751,3.7210982658959537,0.0,12.0,120000.0,0.0,0.0,4.0,0.0,1,100,0.0024752475247524753,-4.98,4.219653179190751,3.7210982658959537,0.0,12.0,120000.0,0.0,0.0,4.0,0.0,1
173.0,12455,4.219653179190751,3.7210982658959537,0.0,12.0,120000.0,0.0,0.0,4.0,0.0,3,100,0.0024752475247524753,-4.98,4.219653179190751,3.7210982658959537,0.0,12.0,120000.0,0.0,0.0,4.0,0.0,1
65.0,4500,0.0,0.625,0.0,25.0,400000.0,20000.0,1.0,2.0,0.868,1,100,0.0024752475247524753,-3.98075,4.219409038818043,3.7208829708755005,25.0,25.0,400000.0,20000.0,5.0,3.0,0.0,1
157.0,11566,3.8853503184713376,3.6955944798301488,0.0,12.0,120000.0,0.0,0.0,2.0,0.032,1,100,0.0024752475247524753,-3.6470837499999997,4.219409038818043,3.7208829708755005,0.0,12.0,120000.0,0.0,0.0,2.0,0.0,1
131.0,10198,2.9770992366412212,3.029580152671756,0.0,12.0,120000.0,0.0,0.0,2.0,0.284,3,100,0.0024752475247524753,-3.98,4.254096004599022,3.7007760850819196,0.0,12.0,120000.0,0.0,0.0,2.0,0.0,1
132.0,7053,3.0303030303030303,3.0539772727272725,0.0,12.0,120000.0,20000.0,2.0,4.0,0.274,3,100,0.0024752475247524753,-3.98,4.254096004599022,3.7007760850819196,0.0,12.0,120000.0,20000.0,3.0,4.0,0.0,1
174.0,956,4.252873563218391,3.6997126436781613,0.0,8.0,80000.0,20000.0,8.0,1.0,0.0,3,100,0.0024752475247524753,-4.98,4.252873563218391,3.6997126436781613,0.0,8.0,80000.0,20000.0,8.0,1.0,0.0,1
174.0,3088,4.252873563218391,3.6997126436781613,0.0,25.0,400000.0,0.0,0.0,5.0,0.0,3,100,0.0024752475247524753,-4.98,4.252873563218391,3.6997126436781613,0.0,25.0,400000.0,0.0,0.0,5.0,0.0,1
174.0,4539,4.252873563218391,3.6997126436781613,25.0,25.0,400000.0,20000.0,5.0,3.0,0.0,3,100,0.0024752475247524753,-4.975,4.252873563218391,3.6997126436781613,25.0,25.0,400000.0,20000.0,5.0,3.0,0.0,1
174.0,5263,4.252873563218391,3.6997126436781613,0.0,12.0,120000.0,20000.0,2.0,5.0,0.0,3,100,0.0024752475247524753,-4.98,4.252873563218391,3.6997126436781613,0.0,12.0,120000.0,20000.0,2.0,5.0,0.0,1
174.0,5272,4.252873563218391,3.6997126436781613,0.0,12.0,120000.0,20000.0,2.0,5.0,0.0,3,100,0.0024752475247524753,-4.98,4.252873563218391,3.6997126436781613,0.0,12.0,120000.0,20000.0,2.0,5.0,0.0,1
174.0,8857,4.252873563218391,3.6997126436781613,0.0,12.0,120000.0,0.0,0.0,3.0,0.0,3,100,0.0024752475247524753,-4.98,4.252873563218391,3.6997126436781613,0.0,12.0,120000.0,0.0,0.0,3.0,0.0,1
174.0,9775,4.252873563218391,3.6997126436781613,0.0,12.0,120000.0,0.0,0.0,3.0,0.0,3,100,0.0024752475247524753,-4.98,4.252873563218391,3.6997126436781613,0.0,12.0,120000.0,0.0,0.0,3.0,0.0,1
174.0,10662,4.252873563218391,3.6997126436781613,0.0,12.0,120000.0,0.0,0.0,4.0,0.0,3,100,0.0024752475247524753,-4.98,4.252873563218391,3.6997126436781613,0.0,12.0,120000.0,0.0,0.0,4.0,0.0,1
174.0,12014,4.252873563218391,3.6997126436781613,0.0,12.0,120000.0,0.0,0.0,1.0,0.0,3,100,0.0024752475247524753,-4.98,4.252873563218391,3.6997126436781613,0.0,12.0,120000.0,0.0,0.0,1.0,0.0,1
65.0,1801,0.0,0.625,0.0,8.0,80000.0,0.0,0.0,3.0,0.868,2,100,0.0024752475247524753,-3.98,4.273422562141492,3.6926386233269595,0.0,8.0,80000.0,0.0,0.0,4.0,0.0,1
132.0,9751,3.0303030303030303,3.0539772727272725,0.0,12.0,120000.0,0.0,0.0,3.0,0.274,3,100,0.0024752475247524753,-3.98,4.258359531294655,3.679622749356959,0.0,12.0,120000.0,0.0,0.0,3.0,0.0,1
157.0,11096,3.8853503184713376,3.6955944798301488,0.0,12.0,120000.0,0.0,0.0,4.0,0.032,1,100,0.0024752475247524753,-3.73,4.257142857142857,3.678571428571429,0.0,12.0,120000.0,0.0,0.0,4.0,0.0,1
