time,task_id,s0,s1,s2,s3,s4,s5,s6,s7,s8,s9,action_offload,action_prb,action_prob,reward,s_next0,s_next1,s_next2,s_next3,s_next4,s_next5,s_next6,s_next7,s_next8,s_next9,done
39.0,5221,0.0,0.08012820512820512,0.0,12.0,120000.0,20000.0,1.0,6.0,0.576,1.0,2,668,2.4975024975024975E-4,-4.8271999999999995,0.0,0.08012820512820512,0.0,12.0,120000.0,20000.0,1.0,6.0,0.576,1.0,1
37.0,5220,0.0,0.0,0.0,12.0,120000.0,20000.0,1.0,6.0,1.0,1.0,2,424,2.4975024975024975E-4,-5.010400000000001,0.0,0.078125,0.0,12.0,120000.0,20000.0,1.0,6.0,0.382,1.0,1
41.0,5670,0.0,0.07621951219512195,0.0,12.0,120000.0,20000.0,1.0,2.0,0.382,1.0,2,829,2.4975024975024975E-4,-4.9145,0.0,0.07621951219512195,0.0,12.0,120000.0,20000.0,1.0,2.0,0.285,1.0,1
41.0,7021,0.0,0.07621951219512195,0.0,12.0,120000.0,20000.0,1.0,5.0,0.382,1.0,2,829,2.4975024975024975E-4,-4.9145,0.0,0.07621951219512195,0.0,12.0,120000.0,20000.0,1.0,5.0,0.285,1.0,1
39.0,7020,0.0,0.08012820512820512,0.0,12.0,120000.0,20000.0,1.0,5.0,0.576,1.0,1,97,2.4975024975024975E-4,-5.0989,0.0,0.0744047619047619,0.0,12.0,120000.0,20000.0,1.0,5.0,0.087,1.0,1
40.0,1350,0.0,0.078125,0.0,8.0,80000.0,0.0,0.0,6.0,0.479,1.0,1,97,2.4975024975024975E-4,-5.1197333333333335,0.0,0.07381889763779527,0.0,8.0,80000.0,0.0,0.0,6.0,0.087,1.0,1
43.0,4140,0.0,0.07267441860465117,0.0,25.0,400000.0,0.0,0.0,0.0,0.087,1.0,2,198,2.4975024975024975E-4,-4.9739,0.0,0.07267441860465117,0.0,25.0,400000.0,0.0,0.0,0.0,0.087,1.0,1
43.0,5223,0.0,0.07267441860465117,0.0,12.0,120000.0,20000.0,1.0,7.0,0.087,1.0,1,75,2.4975024975024975E-4,-4.9963999999999995,0.0,0.07267441860465117,0.0,12.0,120000.0,20000.0,1.0,7.0,0.012,1.0,1
43.0,7470,0.0,0.07267441860465117,0.0,12.0,120000.0,20000.0,1.0,2.0,0.087,1.0,2,308,2.4975024975024975E-4,-4.9963999999999995,0.0,0.07267441860465117,0.0,12.0,120000.0,20000.0,1.0,2.0,0.012,1.0,1
43.0,7921,0.0,0.07267441860465117,12.5,12.0,120000.0,20000.0,2.0,5.0,0.087,1.0,2,308,2.4975024975024975E-4,-4.9963999999999995,0.0,0.07267441860465117,12.5,12.0,120000.0,20000.0,2.0,5.0,0.012,1.0,1
44.0,1352,0.0,0.07102272727272728,0.0,8.0,80000.0,0.0,0.0,6.0,0.012,1.0,2,906,2.4975024975024975E-4,-4.9963999999999995,0.0,0.07102272727272728,0.0,8.0,80000.0,0.0,0.0,6.0,0.012,1.0,1
44.0,8820,0.0,0.07102272727272728,0.0,12.0,120000.0,0.0,0.0,2.0,0.012,1.0,2,906,2.4975024975024975E-4,-4.9963999999999995,0.0,0.07102272727272728,0.0,12.0,120000.0,0.0,0.0,2.0,0.012,1.0,1
44.0,11970,0.0,0.07102272727272728,0.0,12.0,120000.0,0.0,0.0,0.0,0.012,1.0,3,788,2.4975024975024975E-4,-4.7,0.0,0.07102272727272728,0.0,12.0,120000.0,0.0,0.0,0.0,0.012,1.0,1
41.0,5222,0.0,0.07621951219512195,0.0,12.0,120000.0,20000.0,1.0,6.0,0.382,1.0,1,97,2.4975024975024975E-4,-5.1213999999999995,0.0,0.07102272727272728,0.0,12.0,120000.0,20000.0,1.0,6.0,0.012,1.0,1
45.0,3780,0.0,0.11574074074074076,0.0,25.0,400000.0,20000.0,1.0,2.0,0.012,1.0,3,788,2.4975024975024975E-4,-4.7,0.0,0.11574074074074076,0.0,25.0,400000.0,20000.0,2.0,2.0,0.012,1.0,1
45.0,5224,0.0,0.11574074074074076,0.0,12.0,120000.0,20000.0,1.0,6.0,0.012,1.0,3,114,2.4975024975024975E-4,-4.7,0.0,0.11574074074074076,0.0,12.0,120000.0,20000.0,1.0,6.0,0.012,1.0,1
45.0,5672,0.0,0.11574074074074076,12.5,12.0,120000.0,20000.0,2.0,2.0,0.012,1.0,3,114,2.4975024975024975E-4,-4.7,0.0,0.11574074074074076,12.5,12.0,120000.0,20000.0,2.0,2.0,0.012,1.0,1
45.0,7023,0.0,0.11574074074074076,12.5,12.0,120000.0,20000.0,2.0,5.0,0.012,1.0,1,606,2.4975024975024975E-4,-4.9963999999999995,0.0,0.11574074074074076,12.5,12.0,120000.0,20000.0,2.0,5.0,0.012,1.0,1
45.0,7471,0.0,0.11574074074074076,0.0,12.0,120000.0,20000.0,1.0,2.0,0.012,1.0,1,606,2.4975024975024975E-4,-4.9963999999999995,0.0,0.11574074074074076,0.0,12.0,120000.0,20000.0,1.0,2.0,0.012,1.0,1
45.0,7922,0.0,0.11574074074074076,12.5,12.0,120000.0,20000.0,2.0,5.0,0.012,1.0,3,575,2.4975024975024975E-4,-4.7,0.0,0.11574074074074076,12.5,12.0,120000.0,20000.0,2.0,5.0,0.012,1.0,1
46.0,1353,0.0,0.11322463768115942,0.0,8.0,80000.0,0.0,0.0,6.0,0.012,1.0,3,575,2.4975024975024975E-4,-4.7,0.0,0.11322463768115942,0.0,8.0,80000.0,0.0,0.0,6.0,0.012,1.0,1
46.0,4141,0.0,0.11322463768115942,0.0,25.0,400000.0,0.0,0.0,0.0,0.012,1.0,3,344,2.4975024975024975E-4,-4.7,0.0,0.11322463768115942,0.0,25.0,400000.0,0.0,0.0,0.0,0.012,1.0,1
46.0,4861,0.0,0.11322463768115942,0.0,25.0,400000.0,0.0,0.0,6.0,0.012,1.0,3,344,2.4975024975024975E-4,-4.7,0.0,0.11322463768115942,0.0,25.0,400000.0,0.0,0.0,6.0,0.012,1.0,1
46.0,8821,0.0,0.11322463768115942,0.0,12.0,120000.0,0.0,0.0,2.0,0.012,1.0,3,344,2.4975024975024975E-4,-4.7,0.0,0.11322463768115942,0.0,12.0,120000.0,0.0,0.0,2.0,0.012,1.0,1
46.0,11971,0.0,0.11322463768115942,0.0,12.0,120000.0,0.0,0.0,1.0,0.012,1.0,3,344,2.4975024975024975E-4,-4.7,0.0,0.11322463768115942,0.0,12.0,120000.0,0.0,0.0,1.0,0.012,1.0,1
42.0,1351,0.0,0.0744047619047619,0.0,8.0,80000.0,0.0,0.0,6.0,0.285,1.0,2,198,2.4975024975024975E-4,-5.267233333333333,0.0,0.11241007194244604,0.0,8.0,80000.0,0.0,0.0,6.0,0.012,1.0,1
41.0,7920,0.0,0.07621951219512195,0.0,12.0,120000.0,20000.0,1.0,5.0,0.382,1.0,0,0,2.4975024975024975E-4,0.7536,0.0,0.11081560283687944,0.0,12.0,120000.0,20000.0,1.0,5.0,0.012,1.0,0
47.0,5225,0.0,0.11081560283687944,0.0,12.0,120000.0,20000.0,1.0,6.0,0.012,1.0,1,245,2.4975024975024975E-4,-4.9963999999999995,0.0,0.11081560283687944,0.0,12.0,120000.0,20000.0,1.0,6.0,0.012,1.0,1
47.0,5673,0.0,0.11081560283687944,12.5,12.0,120000.0,20000.0,2.0,2.0,0.012,1.0,1,245,2.4975024975024975E-4,-4.9963999999999995,0.0,0.11081560283687944,12.5,12.0,120000.0,20000.0,2.0,2.0,0.012,1.0,1
47.0,7024,0.0,0.11081560283687944,12.5,12.0,120000.0,20000.0,2.0,5.0,0.012,1.0,2,295,2.4975024975024975E-4,-4.9963999999999995,0.0,0.11081560283687944,12.5,12.0,120000.0,20000.0,2.0,5.0,0.012,1.0,1
47.0,7472,0.0,0.11081560283687944,0.0,12.0,120000.0,20000.0,1.0,2.0,0.012,1.0,2,295,2.4975024975024975E-4,-4.9963999999999995,0.0,0.11081560283687944,0.0,12.0,120000.0,20000.0,1.0,2.0,0.012,1.0,1
47.0,7923,0.0,0.11081560283687944,0.0,12.0,120000.0,20000.0,1.0,5.0,0.012,1.0,1,907,2.4975024975024975E-4,-4.9963999999999995,0.0,0.11081560283687944,0.0,12.0,120000.0,20000.0,1.0,5.0,0.012,1.0,1
48.0,1354,0.0,0.10850694444444443,0.0,8.0,80000.0,0.0,0.0,6.0,0.012,1.0,1,907,2.4975024975024975E-4,-4.9963999999999995,0.0,0.10850694444444443,0.0,8.0,80000.0,0.0,0.0,6.0,0.012,1.0,1
48.0,3781,0.0,0.10850694444444443,0.0,25.0,400000.0,20000.0,2.0,2.0,0.012,1.0,2,725,2.4975024975024975E-4,-4.9963999999999995,0.0,0.10850694444444443,0.0,25.0,400000.0,20000.0,2.0,2.0,0.012,1.0,1
48.0,8822,0.0,0.10850694444444443,0.0,12.0,120000.0,0.0,0.0,2.0,0.012,1.0,2,725,2.4975024975024975E-4,-4.9963999999999995,0.0,0.10850694444444443,0.0,12.0,120000.0,0.0,0.0,2.0,0.012,1.0,1
48.0,11972,0.0,0.10850694444444443,0.0,12.0,120000.0,0.0,0.0,1.0,0.012,1.0,2,725,2.4975024975024975E-4,-4.9963999999999995,0.0,0.10850694444444443,0.0,12.0,120000.0,0.0,0.0,1.0,0.012,1.0,1
43.0,5671,0.0,0.07267441860465117,0.0,12.0,120000.0,20000.0,1.0,2.0,0.087,1.0,0,0,2.4975024975024975E-4,0.7536,0.0,0.10629251700680273,0.0,12.0,120000.0,20000.0,2.0,2.0,0.012,1.0,0
43.0,7022,0.0,0.07267441860465117,0.0,12.0,120000.0,20000.0,1.0,5.0,0.087,1.0,0,0,2.4975024975024975E-4,0.7536,0.0,0.10629251700680273,0.0,12.0,120000.0,20000.0,1.0,4.0,0.012,1.0,0
49.0,2250,0.0,0.10629251700680273,0.0,8.0,80000.0,0.0,0.0,5.0,0.012,1.0,2,725,2.4975024975024975E-4,-4.9963999999999995,0.0,0.10629251700680273,0.0,8.0,80000.0,0.0,0.0,5.0,0.012,1.0,1
49.0,4142,0.0,0.10629251700680273,0.0,25.0,400000.0,0.0,0.0,0.0,0.012,1.0,2,725,2.4975024975024975E-4,-4.9963999999999995,0.0,0.10629251700680273,0.0,25.0,400000.0,0.0,0.0,0.0,0.012,1.0,1
49.0,4862,0.0,0.10629251700680273,0.0,25.0,400000.0,0.0,0.0,5.0,0.012,1.0,2,725,2.4975024975024975E-4,-4.9963999999999995,0.0,0.10629251700680273,0.0,25.0,400000.0,0.0,0.0,5.0,0.012,1.0,1
49.0,7025,0.0,0.10629251700680273,0.0,12.0,120000.0,20000.0,1.0,4.0,0.012,1.0,3,958,2.4975024975024975E-4,-4.7,0.0,0.10629251700680273,0.0,12.0,120000.0,20000.0,1.0,4.0,0.012,1.0,1
49.0,7473,0.0,0.10629251700680273,0.0,12.0,120000.0,20000.0,1.0,2.0,0.012,1.0,3,958,2.4975024975024975E-4,-4.7,0.0,0.10629251700680273,0.0,12.0,120000.0,20000.0,1.0,2.0,0.012,1.0,1
49.0,7924,0.0,0.10629251700680273,0.0,12.0,120000.0,20000.0,1.0,5.0,0.012,1.0,2,239,2.4975024975024975E-4,-4.9963999999999995,0.0,0.10629251700680273,0.0,12.0,120000.0,20000.0,1.0,5.0,0.012,1.0,1
50.0,1355,0.0,0.10416666666666667,0.0,8.0,80000.0,0.0,0.0,6.0,0.012,1.0,2,239,2.4975024975024975E-4,-4.9963999999999995,0.0,0.10416666666666667,0.0,8.0,80000.0,0.0,0.0,6.0,0.012,1.0,1
50.0,8823,0.0,0.10416666666666667,0.0,12.0,120000.0,0.0,0.0,2.0,0.012,1.0,2,415,2.4975024975024975E-4,-4.9963999999999995,0.0,0.10416666666666667,0.0,12.0,120000.0,0.0,0.0,2.0,0.012,1.0,1
50.0,11973,0.0,0.10416666666666667,0.0,12.0,120000.0,0.0,0.0,1.0,0.012,1.0,2,415,2.4975024975024975E-4,-4.9963999999999995,0.0,0.10416666666666667,0.0,12.0,120000.0,0.0,0.0,1.0,0.012,1.0,1
51.0,2251,0.0,0.10212418300653595,0.0,8.0,80000.0,0.0,0.0,5.0,0.012,1.0,2,415,2.4975024975024975E-4,-4.9963999999999995,0.0,0.10212418300653595,0.0,8.0,80000.0,0.0,0.0,5.0,0.012,1.0,1
51.0,3782,0.0,0.10212418300653595,0.0,25.0,400000.0,20000.0,2.0,2.0,0.012,1.0,2,415,2.4975024975024975E-4,-4.9963999999999995,0.0,0.10212418300653595,0.0,25.0,400000.0,20000.0,2.0,2.0,0.012,1.0,1
51.0,5227,0.0,0.10212418300653595,12.5,12.0,120000.0,20000.0,2.0,6.0,0.012,1.0,3,881,2.4975024975024975E-4,-4.7,0.0,0.10212418300653595,12.5,12.0,120000.0,20000.0,2.0,6.0,0.012,1.0,1
51.0,5675,0.0,0.10212418300653595,12.5,12.0,120000.0,20000.0,2.0,2.0,0.012,1.0,3,881,2.4975024975024975E-4,-4.7,0.0,0.10212418300653595,12.5,12.0,120000.0,20000.0,2.0,2.0,0.012,1.0,1
51.0,7026,0.0,0.10212418300653595,0.0,12.0,120000.0,20000.0,1.0,4.0,0.012,1.0,3,382,2.4975024975024975E-4,-4.7,0.0,0.10212418300653595,0.0,12.0,120000.0,20000.0,1.0,4.0,0.012,1.0,1
51.0,7474,0.0,0.10212418300653595,0.0,12.0,120000.0,20000.0,1.0,2.0,0.012,1.0,3,382,2.4975024975024975E-4,-4.7,0.0,0.10212418300653595,0.0,12.0,120000.0,20000.0,1.0,2.0,0.012,1.0,1
52.0,1356,0.0,0.10016025641025642,0.0,8.0,80000.0,0.0,0.0,6.0,0.012,1.0,3,400,2.4975024975024975E-4,-4.7,0.0,0.10016025641025642,0.0,8.0,80000.0,0.0,0.0,6.0,0.012,1.0,1
52.0,4143,0.0,0.10016025641025642,0.0,25.0,400000.0,0.0,0.0,0.0,0.012,1.0,3,400,2.4975024975024975E-4,-4.7,0.0,0.10016025641025642,0.0,25.0,400000.0,0.0,0.0,0.0,0.012,1.0,1
52.0,4863,0.0,0.10016025641025642,0.0,25.0,400000.0,0.0,0.0,5.0,0.012,1.0,3,310,2.4975024975024975E-4,-4.7,0.0,0.10016025641025642,0.0,25.0,400000.0,0.0,0.0,5.0,0.012,1.0,1
52.0,8824,0.0,0.10016025641025642,0.0,12.0,120000.0,0.0,0.0,2.0,0.012,1.0,3,310,2.4975024975024975E-4,-4.7,0.0,0.10016025641025642,0.0,12.0,120000.0,0.0,0.0,2.0,0.012,1.0,1
52.0,11974,0.0,0.10016025641025642,0.0,12.0,120000.0,0.0,0.0,1.0,0.012,1.0,3,310,2.4975024975024975E-4,-4.7,0.0,0.10016025641025642,0.0,12.0,120000.0,0.0,0.0,1.0,0.012,1.0,1
43.0,4860,0.0,0.07267441860465117,0.0,25.0,400000.0,0.0,0.0,6.0,0.087,1.0,1,75,2.4975024975024975E-4,-5.189933533333333,0.0,0.09887361281903193,0.0,25.0,400000.0,0.0,0.0,5.0,0.012,1.0,1
53.0,2252,0.0,0.09827044025157233,0.0,8.0,80000.0,0.0,0.0,5.0,0.012,1.0,3,310,2.4975024975024975E-4,-4.7,0.0,0.09827044025157233,0.0,8.0,80000.0,0.0,0.0,5.0,0.012,1.0,1
53.0,3420,0.0,0.09827044025157233,0.0,25.0,400000.0,20000.0,1.0,2.0,0.012,1.0,2,39,2.4975024975024975E-4,-4.9963999999999995,0.0,0.09827044025157233,0.0,25.0,400000.0,20000.0,1.0,2.0,0.012,1.0,1
53.0,5228,0.0,0.09827044025157233,12.5,12.0,120000.0,20000.0,2.0,6.0,0.012,1.0,2,39,2.4975024975024975E-4,-4.9963999999999995,0.0,0.09827044025157233,12.5,12.0,120000.0,20000.0,2.0,6.0,0.012,1.0,1
53.0,5676,0.0,0.09827044025157233,12.5,12.0,120000.0,20000.0,2.0,2.0,0.012,1.0,2,645,2.4975024975024975E-4,-4.9963999999999995,0.0,0.09827044025157233,12.5,12.0,120000.0,20000.0,2.0,2.0,0.012,1.0,1
53.0,7027,0.0,0.09827044025157233,0.0,12.0,120000.0,20000.0,1.0,4.0,0.012,1.0,2,645,2.4975024975024975E-4,-4.9963999999999995,0.0,0.09827044025157233,0.0,12.0,120000.0,20000.0,1.0,4.0,0.012,1.0,1
53.0,7926,0.0,0.09827044025157233,12.5,12.0,120000.0,20000.0,2.0,5.0,0.012,1.0,1,479,2.4975024975024975E-4,-4.9963999999999995,0.0,0.09827044025157233,12.5,12.0,120000.0,20000.0,2.0,5.0,0.012,1.0,1
54.0,1357,0.0,0.0964506172839506,0.0,8.0,80000.0,0.0,0.0,6.0,0.012,1.0,2,50,2.4975024975024975E-4,-4.9963999999999995,0.0,0.0964506172839506,0.0,8.0,80000.0,0.0,0.0,6.0,0.012,1.0,1
54.0,3783,0.0,0.0964506172839506,0.0,25.0,400000.0,20000.0,2.0,2.0,0.012,1.0,2,50,2.4975024975024975E-4,-4.9963999999999995,0.0,0.0964506172839506,0.0,25.0,400000.0,20000.0,2.0,2.0,0.012,1.0,1
54.0,8825,0.0,0.0964506172839506,0.0,12.0,120000.0,0.0,0.0,2.0,0.012,1.0,1,480,2.4975024975024975E-4,-4.9963999999999995,0.0,0.0964506172839506,0.0,12.0,120000.0,0.0,0.0,2.0,0.012,1.0,1
54.0,11975,0.0,0.0964506172839506,0.0,12.0,120000.0,0.0,0.0,1.0,0.012,1.0,1,480,2.4975024975024975E-4,-4.9963999999999995,0.0,0.0964506172839506,0.0,12.0,120000.0,0.0,0.0,1.0,0.012,1.0,1
49.0,5226,0.0,0.10629251700680273,0.0,12.0,120000.0,20000.0,1.0,6.0,0.012,1.0,0,0,2.4975024975024975E-4,0.7536,0.0,0.0946969696969697,0.0,12.0,120000.0,20000.0,1.0,6.0,0.012,1.0,0
55.0,2253,0.0,0.0946969696969697,0.0,8.0,80000.0,0.0,0.0,5.0,0.012,1.0,3,730,2.4975024975024975E-4,-4.7,0.0,0.0946969696969697,0.0,8.0,80000.0,0.0,0.0,5.0,0.012,1.0,1
55.0,4144,0.0,0.0946969696969697,0.0,25.0,400000.0,0.0,0.0,0.0,0.012,1.0,3,730,2.4975024975024975E-4,-4.7,0.0,0.0946969696969697,0.0,25.0,400000.0,0.0,0.0,0.0,0.012,1.0,1
55.0,4864,0.0,0.0946969696969697,0.0,25.0,400000.0,0.0,0.0,5.0,0.012,1.0,2,19,2.4975024975024975E-4,-4.9963999999999995,0.0,0.0946969696969697,0.0,25.0,400000.0,0.0,0.0,5.0,0.012,1.0,1
55.0,5229,0.0,0.0946969696969697,0.0,12.0,120000.0,20000.0,1.0,6.0,0.012,1.0,2,124,2.4975024975024975E-4,-4.9963999999999995,0.0,0.0946969696969697,0.0,12.0,120000.0,20000.0,1.0,6.0,0.012,1.0,1
55.0,5677,0.0,0.0946969696969697,12.5,12.0,120000.0,20000.0,2.0,2.0,0.012,1.0,3,160,2.4975024975024975E-4,-4.7,0.0,0.0946969696969697,12.5,12.0,120000.0,20000.0,2.0,2.0,0.012,1.0,1
55.0,7028,0.0,0.0946969696969697,0.0,12.0,120000.0,20000.0,1.0,4.0,0.012,1.0,3,160,2.4975024975024975E-4,-4.7,0.0,0.0946969696969697,0.0,12.0,120000.0,20000.0,1.0,4.0,0.012,1.0,1
55.0,7476,0.0,0.0946969696969697,12.5,12.0,120000.0,20000.0,2.0,3.0,0.012,1.0,2,348,2.4975024975024975E-4,-4.9963999999999995,0.0,0.0946969696969697,12.5,12.0,120000.0,20000.0,2.0,3.0,0.012,1.0,1
55.0,7927,0.0,0.0946969696969697,12.5,12.0,120000.0,20000.0,2.0,4.0,0.012,1.0,2,348,2.4975024975024975E-4,-4.9963999999999995,0.0,0.0946969696969697,12.5,12.0,120000.0,20000.0,2.0,4.0,0.012,1.0,1
55.0,11520,0.0,0.0946969696969697,0.0,12.0,120000.0,0.0,0.0,2.0,0.012,1.0,2,348,2.4975024975024975E-4,-4.9963999999999995,0.0,0.0946969696969697,0.0,12.0,120000.0,0.0,0.0,2.0,0.012,1.0,1
49.0,5674,0.0,0.10629251700680273,0.0,12.0,120000.0,20000.0,1.0,2.0,0.012,1.0,0,0,2.4975024975024975E-4,0.7531829166666666,0.0,0.0946797379846565,0.0,12.0,120000.0,20000.0,1.0,2.0,0.012,1.0,0
56.0,1358,0.0,0.09300595238095238,0.0,8.0,80000.0,0.0,0.0,6.0,0.012,1.0,2,348,2.4975024975024975E-4,-4.9963999999999995,0.0,0.09300595238095238,0.0,8.0,80000.0,0.0,0.0,6.0,0.012,1.0,1
56.0,3421,0.0,0.09300595238095238,0.0,25.0,400000.0,20000.0,1.0,2.0,0.012,1.0,2,156,2.4975024975024975E-4,-4.9963999999999995,0.0,0.09300595238095238,0.0,25.0,400000.0,20000.0,1.0,2.0,0.012,1.0,1
56.0,8826,0.0,0.09300595238095238,0.0,12.0,120000.0,0.0,0.0,2.0,0.012,1.0,2,156,2.4975024975024975E-4,-4.9963999999999995,0.0,0.09300595238095238,0.0,12.0,120000.0,0.0,0.0,2.0,0.012,1.0,1
56.0,11976,0.0,0.09300595238095238,0.0,12.0,120000.0,0.0,0.0,1.0,0.012,1.0,2,156,2.4975024975024975E-4,-4.9963999999999995,0.0,0.09300595238095238,0.0,12.0,120000.0,0.0,0.0,1.0,0.012,1.0,1
51.0,7925,0.0,0.10212418300653595,0.0,12.0,120000.0,20000.0,1.0,5.0,0.012,1.0,0,0,2.4975024975024975E-4,0.7536,0.0,0.09137426900584794,0.0,12.0,120000.0,20000.0,1.0,4.0,0.012,1.0,0
57.0,2254,0.0,0.09137426900584794,0.0,8.0,80000.0,0.0,0.0,5.0,0.012,1.0,2,156,2.4975024975024975E-4,-4.9963999999999995,0.0,0.09137426900584794,0.0,8.0,80000.0,0.0,0.0,5.0,0.012,1.0,1
57.0,3784,0.0,0.09137426900584794,0.0,25.0,400000.0,20000.0,2.0,2.0,0.012,1.0,2,417,2.4975024975024975E-4,-4.9963999999999995,0.0,0.09137426900584794,0.0,25.0,400000.0,20000.0,3.0,2.0,0.012,1.0,1
57.0,5230,0.0,0.09137426900584794,0.0,12.0,120000.0,20000.0,1.0,6.0,0.012,1.0,2,417,2.4975024975024975E-4,-4.9963999999999995,0.0,0.09137426900584794,0.0,12.0,120000.0,20000.0,1.0,6.0,0.012,1.0,1
57.0,7477,0.0,0.09137426900584794,12.5,12.0,120000.0,20000.0,2.0,3.0,0.012,1.0,1,632,2.4975024975024975E-4,-4.9963999999999995,0.0,0.09137426900584794,12.5,12.0,120000.0,20000.0,2.0,3.0,0.012,1.0,1
57.0,7928,0.0,0.09137426900584794,0.0,12.0,120000.0,20000.0,1.0,4.0,0.012,1.0,1,632,2.4975024975024975E-4,-4.9963999999999995,0.0,0.09137426900584794,0.0,12.0,120000.0,20000.0,1.0,4.0,0.012,1.0,1
57.0,9270,0.0,0.09137426900584794,0.0,12.0,120000.0,0.0,0.0,7.0,0.012,1.0,3,577,2.4975024975024975E-4,-4.7,0.0,0.09137426900584794,0.0,12.0,120000.0,0.0,0.0,7.0,0.012,1.0,1
57.0,11521,0.0,0.09137426900584794,0.0,12.0,120000.0,0.0,0.0,2.0,0.012,1.0,3,577,2.4975024975024975E-4,-4.7,0.0,0.09137426900584794,0.0,12.0,120000.0,0.0,0.0,2.0,0.012,1.0,1
58.0,1359,0.0,0.08979885057471264,0.0,8.0,80000.0,0.0,0.0,6.0,0.012,1.0,2,570,2.4975024975024975E-4,-4.9963999999999995,0.0,0.08979885057471264,0.0,8.0,80000.0,0.0,0.0,6.0,0.012,1.0,1
58.0,4145,0.0,0.08979885057471264,0.0,25.0,400000.0,0.0,0.0,0.0,0.012,1.0,2,570,2.4975024975024975E-4,-4.9963999999999995,0.0,0.08979885057471264,0.0,25.0,400000.0,0.0,0.0,0.0,0.012,1.0,1
58.0,4865,0.0,0.08979885057471264,0.0,25.0,400000.0,0.0,0.0,5.0,0.012,1.0,2,143,2.4975024975024975E-4,-4.9963999999999995,0.0,0.08979885057471264,0.0,25.0,400000.0,0.0,0.0,5.0,0.012,1.0,1
58.0,8827,0.0,0.08979885057471264,0.0,12.0,120000.0,0.0,0.0,2.0,0.012,1.0,2,143,2.4975024975024975E-4,-4.9963999999999995,0.0,0.08979885057471264,0.0,12.0,120000.0,0.0,0.0,2.0,0.012,1.0,1
58.0,9720,0.0,0.08979885057471264,0.0,12.0,120000.0,0.0,0.0,2.0,0.012,1.0,1,574,2.4975024975024975E-4,-4.9963999999999995,0.0,0.08979885057471264,0.0,12.0,120000.0,0.0,0.0,2.0,0.012,1.0,1
58.0,11977,0.0,0.08979885057471264,0.0,12.0,120000.0,0.0,0.0,0.0,0.012,1.0,2,574,2.4975024975024975E-4,-4.9963999999999995,0.0,0.08979885057471264,0.0,12.0,120000.0,0.0,0.0,0.0,0.012,1.0,1
53.0,7475,0.0,0.09827044025157233,0.0,12.0,120000.0,20000.0,1.0,2.0,0.012,1.0,1,479,2.4975024975024975E-4,0.7536,0.0,0.0882768361581921,0.0,12.0,120000.0,20000.0,2.0,5.0,0.012,1.0,0
59.0,2255,0.0,0.0882768361581921,0.0,8.0,80000.0,0.0,0.0,5.0,0.012,1.0,2,742,2.4975024975024975E-4,-4.9963999999999995,0.0,0.0882768361581921,0.0,8.0,80000.0,0.0,0.0,5.0,0.012,1.0,1
59.0,3422,0.0,0.0882768361581921,0.0,25.0,400000.0,20000.0,1.0,2.0,0.012,1.0,2,742,2.4975024975024975E-4,-4.9963999999999995,0.0,0.0882768361581921,0.0,25.0,400000.0,20000.0,1.0,2.0,0.012,1.0,1
59.0,5231,0.0,0.0882768361581921,0.0,12.0,120000.0,20000.0,1.0,7.0,0.012,1.0,1,68,2.4975024975024975E-4,-4.9963999999999995,0.0,0.0882768361581921,0.0,12.0,120000.0,20000.0,1.0,7.0,0.012,1.0,1
59.0,5679,0.0,0.0882768361581921,12.5,12.0,120000.0,20000.0,2.0,2.0,0.012,1.0,1,68,2.4975024975024975E-4,-4.9963999999999995,0.0,0.0882768361581921,12.5,12.0,120000.0,20000.0,2.0,2.0,0.012,1.0,1
59.0,7929,0.0,0.0882768361581921,0.0,12.0,120000.0,20000.0,1.0,3.0,0.012,1.0,3,494,2.4975024975024975E-4,-4.7,0.0,0.0882768361581921,0.0,12.0,120000.0,20000.0,1.0,3.0,0.012,1.0,1
59.0,9271,0.0,0.0882768361581921,0.0,12.0,120000.0,0.0,0.0,7.0,0.012,1.0,3,494,2.4975024975024975E-4,-4.7,0.0,0.0882768361581921,0.0,12.0,120000.0,0.0,0.0,7.0,0.012,1.0,1
59.0,10620,0.0,0.0882768361581921,0.0,12.0,120000.0,0.0,0.0,5.0,0.012,1.0,3,430,2.4975024975024975E-4,-4.7,0.0,0.0882768361581921,0.0,12.0,120000.0,0.0,0.0,5.0,0.012,1.0,1
59.0,11522,0.0,0.0882768361581921,0.0,12.0,120000.0,0.0,0.0,2.0,0.012,1.0,3,430,2.4975024975024975E-4,-4.7,0.0,0.0882768361581921,0.0,12.0,120000.0,0.0,0.0,2.0,0.012,1.0,1
60.0,1360,0.0,0.08680555555555555,0.0,8.0,80000.0,0.0,0.0,6.0,0.012,1.0,1,761,2.4975024975024975E-4,-4.9963999999999995,0.0,0.08680555555555555,0.0,8.0,80000.0,0.0,0.0,6.0,0.012,1.0,1
60.0,8828,0.0,0.08680555555555555,0.0,12.0,120000.0,0.0,0.0,2.0,0.012,1.0,3,806,2.4975024975024975E-4,-4.7,0.0,0.08680555555555555,0.0,12.0,120000.0,0.0,0.0,2.0,0.012,1.0,1
60.0,9721,0.0,0.08680555555555555,0.0,12.0,120000.0,0.0,0.0,2.0,0.012,1.0,3,806,2.4975024975024975E-4,-4.7,0.0,0.08680555555555555,0.0,12.0,120000.0,0.0,0.0,2.0,0.012,1.0,1
60.0,11978,0.0,0.08680555555555555,0.0,12.0,120000.0,0.0,0.0,0.0,0.012,1.0,3,82,2.4975024975024975E-4,-4.7,0.0,0.08680555555555555,0.0,12.0,120000.0,0.0,0.0,0.0,0.012,1.0,1
61.0,2256,0.0,0.0853825136612022,0.0,8.0,80000.0,0.0,0.0,5.0,0.012,1.0,3,82,2.4975024975024975E-4,-4.7,0.0,0.0853825136612022,0.0,8.0,80000.0,0.0,0.0,5.0,0.012,1.0,1
61.0,4146,0.0,0.0853825136612022,0.0,25.0,400000.0,0.0,0.0,0.0,0.012,1.0,3,82,2.4975024975024975E-4,-4.7,0.0,0.0853825136612022,0.0,25.0,400000.0,0.0,0.0,0.0,0.012,1.0,1
61.0,4866,0.0,0.0853825136612022,0.0,25.0,400000.0,0.0,0.0,5.0,0.012,1.0,3,82,2.4975024975024975E-4,-4.7,0.0,0.0853825136612022,0.0,25.0,400000.0,0.0,0.0,5.0,0.012,1.0,1
61.0,5680,0.0,0.0853825136612022,12.5,12.0,120000.0,20000.0,2.0,2.0,0.012,1.0,1,941,2.4975024975024975E-4,-4.9963999999999995,0.0,0.0853825136612022,12.5,12.0,120000.0,20000.0,2.0,2.0,0.012,1.0,1
61.0,7031,0.0,0.0853825136612022,25.0,12.0,120000.0,20000.0,3.0,5.0,0.012,1.0,3,610,2.4975024975024975E-4,-4.7,0.0,0.0853825136612022,25.0,12.0,120000.0,20000.0,3.0,5.0,0.012,1.0,1
61.0,7479,0.0,0.0853825136612022,12.5,12.0,120000.0,20000.0,2.0,5.0,0.012,1.0,3,610,2.4975024975024975E-4,-4.7,0.0,0.0853825136612022,12.5,12.0,120000.0,20000.0,2.0,5.0,0.012,1.0,1
61.0,9272,0.0,0.0853825136612022,0.0,12.0,120000.0,0.0,0.0,7.0,0.012,1.0,2,610,2.4975024975024975E-4,-4.9963999999999995,0.0,0.0853825136612022,0.0,12.0,120000.0,0.0,0.0,7.0,0.012,1.0,1
61.0,10621,0.0,0.0853825136612022,0.0,12.0,120000.0,0.0,0.0,4.0,0.012,1.0,2,610,2.4975024975024975E-4,-4.9963999999999995,0.0,0.0853825136612022,0.0,12.0,120000.0,0.0,0.0,4.0,0.012,1.0,1
61.0,11523,0.0,0.0853825136612022,0.0,12.0,120000.0,0.0,0.0,2.0,0.012,1.0,2,610,2.4975024975024975E-4,-4.9963999999999995,0.0,0.0853825136612022,0.0,12.0,120000.0,0.0,0.0,2.0,0.012,1.0,1
62.0,1361,0.0,0.08400537634408603,0.0,8.0,80000.0,0.0,0.0,6.0,0.012,1.0,2,123,2.4975024975024975E-4,-4.9963999999999995,0.0,0.08400537634408603,0.0,8.0,80000.0,0.0,0.0,6.0,0.012,1.0,1
62.0,3423,0.0,0.08400537634408603,0.0,25.0,400000.0,20000.0,1.0,2.0,0.012,1.0,2,123,2.4975024975024975E-4,-4.9963999999999995,0.0,0.08400537634408603,0.0,25.0,400000.0,20000.0,1.0,2.0,0.012,1.0,1
62.0,8829,0.0,0.08400537634408603,0.0,12.0,120000.0,0.0,0.0,2.0,0.012,1.0,2,851,2.4975024975024975E-4,-4.9963999999999995,0.0,0.08400537634408603,0.0,12.0,120000.0,0.0,0.0,2.0,0.012,1.0,1
62.0,9722,0.0,0.08400537634408603,0.0,12.0,120000.0,0.0,0.0,2.0,0.012,1.0,2,851,2.4975024975024975E-4,-4.9963999999999995,0.0,0.08400537634408603,0.0,12.0,120000.0,0.0,0.0,2.0,0.012,1.0,1
62.0,11979,0.0,0.08400537634408603,0.0,12.0,120000.0,0.0,0.0,0.0,0.012,1.0,2,465,2.4975024975024975E-4,-4.9963999999999995,0.0,0.08400537634408603,0.0,12.0,120000.0,0.0,0.0,0.0,0.012,1.0,1
57.0,5678,0.0,0.09137426900584794,0.0,12.0,120000.0,20000.0,1.0,2.0,0.012,1.0,0,0,2.4975024975024975E-4,0.7536,0.0,0.08267195767195767,0.0,12.0,120000.0,20000.0,1.0,2.0,0.012,1.0,0
57.0,7029,0.0,0.09137426900584794,0.0,12.0,120000.0,20000.0,1.0,4.0,0.012,1.0,0,0,2.4975024975024975E-4,0.7533500000000001,0.0,0.08267195767195767,12.5,12.0,120000.0,20000.0,3.0,5.0,0.012,1.0,0
63.0,1800,0.0,0.08267195767195767,0.0,8.0,80000.0,0.0,0.0,3.0,0.012,1.0,2,465,2.4975024975024975E-4,-4.9963999999999995,0.0,0.08267195767195767,0.0,8.0,80000.0,0.0,0.0,3.0,0.012,1.0,1
63.0,2257,0.0,0.08267195767195767,0.0,8.0,80000.0,0.0,0.0,5.0,0.012,1.0,1,62,2.4975024975024975E-4,-4.9963999999999995,0.0,0.08267195767195767,0.0,8.0,80000.0,0.0,0.0,5.0,0.012,1.0,1
63.0,3786,0.0,0.08267195767195767,12.5,25.0,400000.0,20000.0,4.0,1.0,0.012,1.0,1,62,2.4975024975024975E-4,-4.99665,0.0,0.08267195767195767,12.5,25.0,400000.0,20000.0,4.0,1.0,0.012,1.0,1
63.0,5233,0.0,0.08267195767195767,12.5,12.0,120000.0,20000.0,2.0,7.0,0.012,1.0,3,756,2.4975024975024975E-4,-4.7,0.0,0.08267195767195767,12.5,12.0,120000.0,20000.0,2.0,7.0,0.012,1.0,1
63.0,5681,0.0,0.08267195767195767,0.0,12.0,120000.0,20000.0,1.0,2.0,0.012,1.0,3,756,2.4975024975024975E-4,-4.7,0.0,0.08267195767195767,0.0,12.0,120000.0,20000.0,1.0,2.0,0.012,1.0,1
63.0,7931,0.0,0.08267195767195767,12.5,12.0,120000.0,20000.0,2.0,3.0,0.012,1.0,3,44,2.4975024975024975E-4,-4.7,0.0,0.08267195767195767,12.5,12.0,120000.0,20000.0,2.0,3.0,0.012,1.0,1
63.0,9273,0.0,0.08267195767195767,0.0,12.0,120000.0,0.0,0.0,7.0,0.012,1.0,3,756,2.4975024975024975E-4,-4.7,0.0,0.08267195767195767,0.0,12.0,120000.0,0.0,0.0,7.0,0.012,1.0,1
63.0,10622,0.0,0.08267195767195767,0.0,12.0,120000.0,0.0,0.0,4.0,0.012,1.0,3,756,2.4975024975024975E-4,-4.7,0.0,0.08267195767195767,0.0,12.0,120000.0,0.0,0.0,4.0,0.012,1.0,1
63.0,11524,0.0,0.08267195767195767,0.0,12.0,120000.0,0.0,0.0,2.0,0.012,1.0,3,615,2.4975024975024975E-4,-4.7,0.0,0.08267195767195767,0.0,12.0,120000.0,0.0,0.0,2.0,0.012,1.0,1
64.0,1362,0.0,0.08138020833333333,0.0,8.0,80000.0,0.0,0.0,6.0,0.012,1.0,3,615,2.4975024975024975E-4,-4.7,0.0,0.08138020833333333,0.0,8.0,80000.0,0.0,0.0,6.0,0.012,1.0,1
64.0,4147,0.0,0.08138020833333333,0.0,25.0,400000.0,0.0,0.0,1.0,0.012,1.0,2,167,2.4975024975024975E-4,-4.9963999999999995,0.0,0.08138020833333333,0.0,25.0,400000.0,0.0,0.0,1.0,0.012,1.0,1
64.0,4867,0.0,0.08138020833333333,0.0,25.0,400000.0,0.0,0.0,5.0,0.012,1.0,2,167,2.4975024975024975E-4,-4.9963999999999995,0.0,0.08138020833333333,0.0,25.0,400000.0,0.0,0.0,5.0,0.012,1.0,1
64.0,8830,0.0,0.08138020833333333,0.0,12.0,120000.0,0.0,0.0,2.0,0.012,1.0,2,167,2.4975024975024975E-4,-4.9963999999999995,0.0,0.08138020833333333,0.0,12.0,120000.0,0.0,0.0,2.0,0.012,1.0,1
64.0,9723,0.0,0.08138020833333333,0.0,12.0,120000.0,0.0,0.0,2.0,0.012,1.0,2,167,2.4975024975024975E-4,-4.9963999999999995,0.0,0.08138020833333333,0.0,12.0,120000.0,0.0,0.0,2.0,0.012,1.0,1
64.0,11980,0.0,0.08138020833333333,0.0,12.0,120000.0,0.0,0.0,0.0,0.012,1.0,3,23,2.4975024975024975E-4,-4.7,0.0,0.08138020833333333,0.0,12.0,120000.0,0.0,0.0,0.0,0.012,1.0,1
65.0,1801,0.0,0.08012820512820512,0.0,8.0,80000.0,0.0,0.0,3.0,0.012,1.0,3,23,2.4975024975024975E-4,-4.7,0.0,0.08012820512820512,0.0,8.0,80000.0,0.0,0.0,3.0,0.012,1.0,1
65.0,2258,0.0,0.08012820512820512,0.0,8.0,80000.0,0.0,0.0,5.0,0.012,1.0,3,23,2.4975024975024975E-4,-4.7,0.0,0.08012820512820512,0.0,8.0,80000.0,0.0,0.0,5.0,0.012,1.0,1
65.0,3424,0.0,0.08012820512820512,0.0,25.0,400000.0,20000.0,1.0,2.0,0.012,1.0,3,23,2.4975024975024975E-4,-4.7,0.0,0.08012820512820512,0.0,25.0,400000.0,20000.0,1.0,2.0,0.012,1.0,1
65.0,5682,0.0,0.08012820512820512,0.0,12.0,120000.0,20000.0,1.0,2.0,0.012,1.0,3,611,2.4975024975024975E-4,-4.7,0.0,0.08012820512820512,0.0,12.0,120000.0,20000.0,1.0,2.0,0.012,1.0,1
65.0,7033,0.0,0.08012820512820512,25.0,12.0,120000.0,20000.0,3.0,5.0,0.012,1.0,3,611,2.4975024975024975E-4,-4.7,0.0,0.08012820512820512,25.0,12.0,120000.0,20000.0,3.0,5.0,0.012,1.0,1
65.0,7481,0.0,0.08012820512820512,25.0,12.0,120000.0,20000.0,4.0,5.0,0.012,1.0,1,809,2.4975024975024975E-4,-4.9963999999999995,0.0,0.08012820512820512,25.0,12.0,120000.0,20000.0,4.0,5.0,0.012,1.0,1
65.0,7932,0.0,0.08012820512820512,12.5,12.0,120000.0,20000.0,2.0,3.0,0.012,1.0,1,809,2.4975024975024975E-4,-4.9963999999999995,0.0,0.08012820512820512,12.5,12.0,120000.0,20000.0,2.0,3.0,0.012,1.0,1
65.0,9274,0.0,0.08012820512820512,0.0,12.0,120000.0,0.0,0.0,7.0,0.012,1.0,2,753,2.4975024975024975E-4,-4.9963999999999995,0.0,0.08012820512820512,0.0,12.0,120000.0,0.0,0.0,7.0,0.012,1.0,1
65.0,10623,0.0,0.08012820512820512,0.0,12.0,120000.0,0.0,0.0,4.0,0.012,1.0,2,975,2.4975024975024975E-4,-4.9963999999999995,0.0,0.08012820512820512,0.0,12.0,120000.0,0.0,0.0,4.0,0.012,1.0,1
65.0,11525,0.0,0.08012820512820512,0.0,12.0,120000.0,0.0,0.0,2.0,0.012,1.0,2,975,2.4975024975024975E-4,-4.9963999999999995,0.0,0.08012820512820512,0.0,12.0,120000.0,0.0,0.0,2.0,0.012,1.0,1
59.0,7030,0.0,0.0882768361581921,12.5,12.0,120000.0,20000.0,2.0,5.0,0.012,1.0,0,0,2.4975024975024975E-4,0.7529329166666671,0.0,0.0801158672846433,12.5,12.0,120000.0,20000.0,2.0,5.0,0.012,1.0,0
59.0,7478,0.0,0.0882768361581921,0.0,12.0,120000.0,20000.0,1.0,5.0,0.012,1.0,0,0,2.4975024975024975E-4,0.7529329166666671,0.0,0.0801158672846433,12.5,12.0,120000.0,20000.0,3.0,5.0,0.012,1.0,0
66.0,1363,0.0,0.07891414141414141,0.0,8.0,80000.0,0.0,0.0,6.0,0.012,1.0,2,296,2.4975024975024975E-4,-4.9963999999999995,0.0,0.07891414141414141,0.0,8.0,80000.0,0.0,0.0,6.0,0.012,1.0,1
66.0,3787,0.0,0.07891414141414141,12.5,25.0,400000.0,20000.0,4.0,1.0,0.012,1.0,2,296,2.4975024975024975E-4,-4.9963999999999995,0.0,0.07891414141414141,12.5,25.0,400000.0,20000.0,4.0,1.0,0.012,1.0,1
66.0,8831,0.0,0.07891414141414141,0.0,12.0,120000.0,0.0,0.0,2.0,0.012,1.0,2,296,2.4975024975024975E-4,-4.9963999999999995,0.0,0.07891414141414141,0.0,12.0,120000.0,0.0,0.0,2.0,0.012,1.0,1
66.0,9724,0.0,0.07891414141414141,0.0,12.0,120000.0,0.0,0.0,2.0,0.012,1.0,2,296,2.4975024975024975E-4,-4.9963999999999995,0.0,0.07891414141414141,0.0,12.0,120000.0,0.0,0.0,2.0,0.012,1.0,1
66.0,11981,0.0,0.07891414141414141,0.0,12.0,120000.0,0.0,0.0,0.0,0.012,1.0,2,296,2.4975024975024975E-4,-4.9963999999999995,0.0,0.07891414141414141,0.0,12.0,120000.0,0.0,0.0,0.0,0.012,1.0,1
61.0,5232,0.0,0.0853825136612022,0.0,12.0,120000.0,20000.0,1.0,7.0,0.012,1.0,1,941,2.4975024975024975E-4,0.7533500000000001,0.0,0.07773631840796019,12.5,12.0,120000.0,20000.0,2.0,7.0,0.012,1.0,0
61.0,7930,0.0,0.0853825136612022,0.0,12.0,120000.0,20000.0,1.0,3.0,0.012,1.0,0,0,2.4975024975024975E-4,0.7536,0.0,0.07773631840796019,0.0,12.0,120000.0,20000.0,2.0,3.0,0.012,1.0,0
67.0,1802,0.0,0.07773631840796019,0.0,8.0,80000.0,0.0,0.0,3.0,0.012,1.0,2,296,2.4975024975024975E-4,-4.9963999999999995,0.0,0.07773631840796019,0.0,8.0,80000.0,0.0,0.0,3.0,0.012,1.0,1
67.0,2259,0.0,0.07773631840796019,0.0,8.0,80000.0,0.0,0.0,5.0,0.012,1.0,2,296,2.4975024975024975E-4,-4.9963999999999995,0.0,0.07773631840796019,0.0,8.0,80000.0,0.0,0.0,5.0,0.012,1.0,1
67.0,4148,0.0,0.07773631840796019,0.0,25.0,400000.0,0.0,0.0,1.0,0.012,1.0,2,26,2.4975024975024975E-4,-4.9963999999999995,0.0,0.07773631840796019,0.0,25.0,400000.0,0.0,0.0,1.0,0.012,1.0,1
67.0,4868,0.0,0.07773631840796019,0.0,25.0,400000.0,0.0,0.0,5.0,0.012,1.0,2,26,2.4975024975024975E-4,-4.9963999999999995,0.0,0.07773631840796019,0.0,25.0,400000.0,0.0,0.0,5.0,0.012,1.0,1
67.0,5235,0.0,0.07773631840796019,12.5,12.0,120000.0,20000.0,2.0,7.0,0.012,1.0,2,902,2.4975024975024975E-4,-4.9963999999999995,0.0,0.07773631840796019,12.5,12.0,120000.0,20000.0,2.0,7.0,0.012,1.0,1
67.0,5683,0.0,0.07773631840796019,0.0,12.0,120000.0,20000.0,1.0,2.0,0.012,1.0,2,902,2.4975024975024975E-4,-4.9963999999999995,0.0,0.07773631840796019,0.0,12.0,120000.0,20000.0,1.0,2.0,0.012,1.0,1
67.0,7034,0.0,0.07773631840796019,12.5,12.0,120000.0,20000.0,2.0,5.0,0.012,1.0,2,158,2.4975024975024975E-4,-4.9963999999999995,0.0,0.07773631840796019,12.5,12.0,120000.0,20000.0,2.0,5.0,0.012,1.0,1
67.0,7482,0.0,0.07773631840796019,12.5,12.0,120000.0,20000.0,3.0,4.0,0.012,1.0,2,158,2.4975024975024975E-4,-4.9963999999999995,0.0,0.07773631840796019,12.5,12.0,120000.0,20000.0,3.0,4.0,0.012,1.0,1
67.0,7933,0.0,0.07773631840796019,0.0,12.0,120000.0,20000.0,1.0,3.0,0.012,1.0,3,484,2.4975024975024975E-4,-4.7,0.0,0.07773631840796019,0.0,12.0,120000.0,20000.0,2.0,3.0,0.012,1.0,1
67.0,9275,0.0,0.07773631840796019,0.0,12.0,120000.0,0.0,0.0,7.0,0.012,1.0,3,484,2.4975024975024975E-4,-4.7,0.0,0.07773631840796019,0.0,12.0,120000.0,0.0,0.0,7.0,0.012,1.0,1
67.0,10624,0.0,0.07773631840796019,0.0,12.0,120000.0,0.0,0.0,4.0,0.012,1.0,1,891,2.4975024975024975E-4,-4.9963999999999995,0.0,0.07773631840796019,0.0,12.0,120000.0,0.0,0.0,4.0,0.012,1.0,1
67.0,11526,0.0,0.07773631840796019,0.0,12.0,120000.0,0.0,0.0,2.0,0.012,1.0,1,891,2.4975024975024975E-4,-4.9963999999999995,0.0,0.07773631840796019,0.0,12.0,120000.0,0.0,0.0,2.0,0.012,1.0,1
67.0,12420,0.0,0.07773631840796019,0.0,12.0,120000.0,0.0,0.0,4.0,0.012,1.0,1,891,2.4975024975024975E-4,-4.9963999999999995,0.0,0.07773631840796019,0.0,12.0,120000.0,0.0,0.0,4.0,0.012,1.0,1
68.0,1364,0.0,0.07659313725490195,0.0,8.0,80000.0,0.0,0.0,6.0,0.012,1.0,1,891,2.4975024975024975E-4,-4.9963999999999995,0.0,0.07659313725490195,0.0,8.0,80000.0,0.0,0.0,6.0,0.012,1.0,1
68.0,4501,0.0,0.07659313725490195,12.5,25.0,400000.0,20000.0,3.0,3.0,0.012,1.0,1,806,2.4975024975024975E-4,-4.9963999999999995,0.0,0.07659313725490195,12.5,25.0,400000.0,20000.0,3.0,3.0,0.012,1.0,1
68.0,8832,0.0,0.07659313725490195,0.0,12.0,120000.0,0.0,0.0,3.0,0.012,1.0,2,81,2.4975024975024975E-4,-4.9963999999999995,0.0,0.07659313725490195,0.0,12.0,120000.0,0.0,0.0,3.0,0.012,1.0,1
68.0,9725,0.0,0.07659313725490195,0.0,12.0,120000.0,0.0,0.0,3.0,0.012,1.0,2,81,2.4975024975024975E-4,-4.9963999999999995,0.0,0.07659313725490195,0.0,12.0,120000.0,0.0,0.0,3.0,0.012,1.0,1
68.0,11982,0.0,0.07659313725490195,0.0,12.0,120000.0,0.0,0.0,0.0,0.012,1.0,2,81,2.4975024975024975E-4,-4.9963999999999995,0.0,0.07659313725490195,0.0,12.0,120000.0,0.0,0.0,0.0,0.012,1.0,1
69.0,1803,0.0,0.07548309178743962,0.0,8.0,80000.0,0.0,0.0,3.0,0.012,1.0,2,81,2.4975024975024975E-4,-4.9963999999999995,0.0,0.07548309178743962,0.0,8.0,80000.0,0.0,0.0,3.0,0.012,1.0,1
69.0,2260,0.0,0.07548309178743962,0.0,8.0,80000.0,0.0,0.0,5.0,0.012,1.0,2,81,2.4975024975024975E-4,-4.9963999999999995,0.0,0.07548309178743962,0.0,8.0,80000.0,0.0,0.0,5.0,0.012,1.0,1
69.0,3788,0.0,0.07548309178743962,12.5,25.0,400000.0,20000.0,4.0,0.0,0.012,1.0,2,81,2.4975024975024975E-4,-4.9963999999999995,0.0,0.07548309178743962,12.5,25.0,400000.0,20000.0,4.0,0.0,0.012,1.0,1
69.0,7035,0.0,0.07548309178743962,12.5,12.0,120000.0,20000.0,2.0,5.0,0.012,1.0,1,684,2.4975024975024975E-4,-4.9963999999999995,0.0,0.07548309178743962,12.5,12.0,120000.0,20000.0,2.0,5.0,0.012,1.0,1
69.0,7483,0.0,0.07548309178743962,12.5,12.0,120000.0,20000.0,3.0,3.0,0.012,1.0,1,684,2.4975024975024975E-4,-4.9963999999999995,0.0,0.07548309178743962,12.5,12.0,120000.0,20000.0,3.0,3.0,0.012,1.0,1
69.0,7934,0.0,0.07548309178743962,0.0,12.0,120000.0,20000.0,2.0,3.0,0.012,1.0,1,874,2.4975024975024975E-4,-4.9963999999999995,0.0,0.07548309178743962,0.0,12.0,120000.0,20000.0,2.0,3.0,0.012,1.0,1
69.0,9276,0.0,0.07548309178743962,0.0,12.0,120000.0,0.0,0.0,7.0,0.012,1.0,1,874,2.4975024975024975E-4,-4.9963999999999995,0.0,0.07548309178743962,0.0,12.0,120000.0,0.0,0.0,7.0,0.012,1.0,1
69.0,10625,0.0,0.07548309178743962,0.0,12.0,120000.0,0.0,0.0,5.0,0.012,1.0,3,236,2.4975024975024975E-4,-4.7,0.0,0.07548309178743962,0.0,12.0,120000.0,0.0,0.0,5.0,0.012,1.0,1
69.0,11527,0.0,0.07548309178743962,0.0,12.0,120000.0,0.0,0.0,2.0,0.012,1.0,3,236,2.4975024975024975E-4,-4.7,0.0,0.07548309178743962,0.0,12.0,120000.0,0.0,0.0,2.0,0.012,1.0,1
69.0,12421,0.0,0.07548309178743962,0.0,12.0,120000.0,0.0,0.0,4.0,0.012,1.0,3,236,2.4975024975024975E-4,-4.7,0.0,0.07548309178743962,0.0,12.0,120000.0,0.0,0.0,4.0,0.012,1.0,1
63.0,7032,0.0,0.08267195767195767,12.5,12.0,120000.0,20000.0,2.0,5.0,0.012,1.0,0,0,2.4975024975024975E-4,0.753182916666667,0.0,0.0754721428577294,0.0,12.0,120000.0,20000.0,1.0,5.0,0.012,1.0,0
63.0,7480,0.0,0.08267195767195767,12.5,12.0,120000.0,20000.0,3.0,5.0,0.012,1.0,0,0,2.4975024975024975E-4,0.753182916666667,0.0,0.0754721428577294,0.0,12.0,120000.0,20000.0,2.0,3.0,0.012,1.0,0
70.0,1365,0.0,0.0744047619047619,0.0,8.0,80000.0,0.0,0.0,6.0,0.012,1.0,1,600,2.4975024975024975E-4,-4.9963999999999995,0.0,0.0744047619047619,0.0,8.0,80000.0,0.0,0.0,6.0,0.012,1.0,1
70.0,4149,0.0,0.0744047619047619,0.0,25.0,400000.0,0.0,0.0,1.0,0.012,1.0,1,600,2.4975024975024975E-4,-4.99665,0.0,0.0744047619047619,0.0,25.0,400000.0,0.0,0.0,1.0,0.012,1.0,1
70.0,4869,0.0,0.0744047619047619,0.0,25.0,400000.0,0.0,0.0,5.0,0.012,1.0,1,477,2.4975024975024975E-4,-4.9963999999999995,0.0,0.0744047619047619,0.0,25.0,400000.0,0.0,0.0,5.0,0.012,1.0,1
70.0,8833,0.0,0.0744047619047619,0.0,12.0,120000.0,0.0,0.0,3.0,0.012,1.0,1,477,2.4975024975024975E-4,-4.9963999999999995,0.0,0.0744047619047619,0.0,12.0,120000.0,0.0,0.0,3.0,0.012,1.0,1
70.0,9726,0.0,0.0744047619047619,0.0,12.0,120000.0,0.0,0.0,3.0,0.012,1.0,1,477,2.4975024975024975E-4,-4.9963999999999995,0.0,0.0744047619047619,0.0,12.0,120000.0,0.0,0.0,3.0,0.012,1.0,1
70.0,11983,0.0,0.0744047619047619,0.0,12.0,120000.0,0.0,0.0,1.0,0.012,1.0,1,477,2.4975024975024975E-4,-4.9963999999999995,0.0,0.0744047619047619,0.0,12.0,120000.0,0.0,0.0,1.0,0.012,1.0,1
71.0,1804,0.0,0.0733568075117371,0.0,8.0,80000.0,0.0,0.0,3.0,0.012,1.0,1,772,2.4975024975024975E-4,-4.9963999999999995,0.0,0.0733568075117371,0.0,8.0,80000.0,0.0,0.0,3.0,0.012,1.0,1
71.0,2261,0.0,0.0733568075117371,0.0,8.0,80000.0,0.0,0.0,5.0,0.012,1.0,1,772,2.4975024975024975E-4,-4.9963999999999995,0.0,0.0733568075117371,0.0,8.0,80000.0,0.0,0.0,5.0,0.012,1.0,1
71.0,7935,0.0,0.0733568075117371,0.0,12.0,120000.0,20000.0,3.0,3.0,0.012,1.0,1,589,2.4975024975024975E-4,-4.9963999999999995,0.0,0.0733568075117371,0.0,12.0,120000.0,20000.0,3.0,3.0,0.012,1.0,1
71.0,9277,0.0,0.0733568075117371,0.0,12.0,120000.0,0.0,0.0,7.0,0.012,1.0,1,589,2.4975024975024975E-4,-4.9963999999999995,0.0,0.0733568075117371,0.0,12.0,120000.0,0.0,0.0,7.0,0.012,1.0,1
71.0,10626,0.0,0.0733568075117371,0.0,12.0,120000.0,0.0,0.0,5.0,0.012,1.0,1,589,2.4975024975024975E-4,-4.9963999999999995,0.0,0.0733568075117371,0.0,12.0,120000.0,0.0,0.0,5.0,0.012,1.0,1
71.0,11528,0.0,0.0733568075117371,0.0,12.0,120000.0,0.0,0.0,2.0,0.012,1.0,1,589,2.4975024975024975E-4,-4.9963999999999995,0.0,0.0733568075117371,0.0,12.0,120000.0,0.0,0.0,2.0,0.012,1.0,1
71.0,12422,0.0,0.0733568075117371,0.0,12.0,120000.0,0.0,0.0,4.0,0.012,1.0,3,128,2.4975024975024975E-4,-4.7,0.0,0.0733568075117371,0.0,12.0,120000.0,0.0,0.0,4.0,0.012,1.0,1
65.0,5234,0.0,0.08012820512820512,12.5,12.0,120000.0,20000.0,2.0,7.0,0.012,1.0,0,0,2.4975024975024975E-4,0.7526829166666671,0.0,0.07334646669298221,25.0,12.0,120000.0,20000.0,3.0,6.0,0.012,1.0,0
72.0,1366,0.0,0.07233796296296297,0.0,8.0,80000.0,0.0,0.0,6.0,0.012,1.0,3,128,2.4975024975024975E-4,-4.7,0.0,0.07233796296296297,0.0,8.0,80000.0,0.0,0.0,6.0,0.012,1.0,1
72.0,11984,0.0,0.07233796296296297,0.0,12.0,120000.0,0.0,0.0,1.0,0.012,1.0,3,4,2.4975024975024975E-4,-4.709,0.0,0.07233796296296297,0.0,12.0,120000.0,0.0,0.0,1.0,0.0,0.97,1
73.0,1805,0.0,0.07134703196347031,0.0,8.0,80000.0,0.0,0.0,3.0,0.0,0.97,3,4,2.4975024975024975E-4,-4.709,0.0,0.07134703196347031,0.0,8.0,80000.0,0.0,0.0,3.0,0.0,0.97,1
73.0,2262,0.0,0.07134703196347031,0.0,8.0,80000.0,0.0,0.0,5.0,0.0,0.97,3,4,2.4975024975024975E-4,-4.709,0.0,0.07134703196347031,0.0,8.0,80000.0,0.0,0.0,5.0,0.0,0.97,1
73.0,4150,0.0,0.07134703196347031,0.0,25.0,400000.0,0.0,0.0,1.0,0.0,0.97,2,812,2.4975024975024975E-4,-5.0,0.0,0.07134703196347031,0.0,25.0,400000.0,0.0,0.0,1.0,0.0,0.97,1
73.0,4870,0.0,0.07134703196347031,0.0,25.0,400000.0,0.0,0.0,5.0,0.0,0.97,2,812,2.4975024975024975E-4,-5.0,0.0,0.07134703196347031,0.0,25.0,400000.0,0.0,0.0,5.0,0.0,0.97,1
73.0,5238,0.0,0.07134703196347031,25.0,12.0,120000.0,20000.0,3.0,4.0,0.0,0.97,1,828,2.4975024975024975E-4,-5.0,0.0,0.07134703196347031,25.0,12.0,120000.0,20000.0,3.0,4.0,0.0,0.97,1
73.0,5686,0.0,0.07134703196347031,25.0,12.0,120000.0,20000.0,3.0,2.0,0.0,0.97,1,828,2.4975024975024975E-4,-5.0,0.0,0.07134703196347031,25.0,12.0,120000.0,20000.0,3.0,2.0,0.0,0.97,1
73.0,7936,0.0,0.07134703196347031,0.0,12.0,120000.0,20000.0,3.0,3.0,0.0,0.97,3,594,2.4975024975024975E-4,-4.709,0.0,0.07134703196347031,0.0,12.0,120000.0,20000.0,3.0,3.0,0.0,0.97,1
73.0,9278,0.0,0.07134703196347031,0.0,12.0,120000.0,0.0,0.0,7.0,0.0,0.97,3,594,2.4975024975024975E-4,-4.709,0.0,0.07134703196347031,0.0,12.0,120000.0,0.0,0.0,7.0,0.0,0.97,1
73.0,10627,0.0,0.07134703196347031,0.0,12.0,120000.0,0.0,0.0,5.0,0.0,0.97,3,594,2.4975024975024975E-4,-4.709,0.0,0.07134703196347031,0.0,12.0,120000.0,0.0,0.0,5.0,0.0,0.97,1
73.0,11529,0.0,0.07134703196347031,0.0,12.0,120000.0,0.0,0.0,2.0,0.0,0.97,3,594,2.4975024975024975E-4,-4.709,0.0,0.07134703196347031,0.0,12.0,120000.0,0.0,0.0,2.0,0.0,0.97,1
73.0,12423,0.0,0.07134703196347031,0.0,12.0,120000.0,0.0,0.0,4.0,0.0,0.97,3,594,2.4975024975024975E-4,-4.709,0.0,0.07134703196347031,0.0,12.0,120000.0,0.0,0.0,4.0,0.0,0.97,1
74.0,1367,0.0,0.07038288288288289,0.0,8.0,80000.0,0.0,0.0,5.0,0.0,0.97,3,594,2.4975024975024975E-4,-4.709,0.0,0.07038288288288289,0.0,8.0,80000.0,0.0,0.0,5.0,0.0,0.97,1
74.0,3427,0.0,0.07038288288288289,25.0,25.0,400000.0,20000.0,4.0,2.0,0.0,0.97,3,283,2.4975024975024975E-4,-4.709,0.0,0.07038288288288289,25.0,25.0,400000.0,20000.0,4.0,2.0,0.0,0.97,1
74.0,4503,0.0,0.07038288288288289,25.0,25.0,400000.0,20000.0,4.0,3.0,0.0,0.97,3,283,2.4975024975024975E-4,-4.709,0.0,0.07038288288288289,25.0,25.0,400000.0,20000.0,4.0,3.0,0.0,0.97,1
74.0,6570,0.0,0.07038288288288289,0.0,12.0,120000.0,20000.0,2.0,5.0,0.0,0.97,1,57,2.4975024975024975E-4,-5.0,0.0,0.07038288288288289,0.0,12.0,120000.0,20000.0,2.0,5.0,0.0,0.97,1
74.0,8835,0.0,0.07038288288288289,0.0,12.0,120000.0,0.0,0.0,3.0,0.0,0.97,1,57,2.4975024975024975E-4,-5.0,0.0,0.07038288288288289,0.0,12.0,120000.0,0.0,0.0,3.0,0.0,0.97,1
74.0,9728,0.0,0.07038288288288289,0.0,12.0,120000.0,0.0,0.0,3.0,0.0,0.97,3,241,2.4975024975024975E-4,-4.709,0.0,0.07038288288288289,0.0,12.0,120000.0,0.0,0.0,3.0,0.0,0.97,1
74.0,11985,0.0,0.07038288288288289,0.0,12.0,120000.0,0.0,0.0,1.0,0.0,0.97,3,241,2.4975024975024975E-4,-4.709,0.0,0.07038288288288289,0.0,12.0,120000.0,0.0,0.0,1.0,0.0,0.97,1
72.0,8834,0.0,0.07233796296296297,0.0,12.0,120000.0,0.0,0.0,3.0,0.012,1.0,3,4,2.4975024975024975E-4,-4.83233375,0.06670223229692739,0.06948149197596604,0.0,12.0,120000.0,0.0,0.0,3.0,0.0,0.97,1
69.0,5684,0.0,0.07548309178743962,0.0,12.0,120000.0,20000.0,1.0,2.0,0.012,1.0,0,0,2.4975024975024975E-4,0.74975,0.06666666666666667,0.06944444444444445,12.5,12.0,120000.0,20000.0,2.0,2.0,0.0,0.97,0
75.0,1806,0.06666666666666667,0.06944444444444445,0.0,8.0,80000.0,0.0,0.0,4.0,0.0,0.97,3,777,2.4975024975024975E-4,-4.709,0.06666666666666667,0.06944444444444445,0.0,8.0,80000.0,0.0,0.0,4.0,0.0,0.97,1
75.0,2263,0.06666666666666667,0.06944444444444445,0.0,8.0,80000.0,0.0,0.0,5.0,0.0,0.97,3,777,2.4975024975024975E-4,-4.709,0.06666666666666667,0.06944444444444445,0.0,8.0,80000.0,0.0,0.0,5.0,0.0,0.97,1
75.0,3790,0.06666666666666667,0.06944444444444445,12.5,25.0,400000.0,20000.0,5.0,0.0,0.0,0.97,2,351,2.4975024975024975E-4,-5.0,0.06666666666666667,0.06944444444444445,12.5,25.0,400000.0,20000.0,5.0,0.0,0.0,0.97,1
75.0,5239,0.06666666666666667,0.06944444444444445,25.0,12.0,120000.0,20000.0,3.0,5.0,0.0,0.97,2,351,2.4975024975024975E-4,-5.0,0.06666666666666667,0.06944444444444445,25.0,12.0,120000.0,20000.0,3.0,5.0,0.0,0.97,1
75.0,5687,0.06666666666666667,0.06944444444444445,12.5,12.0,120000.0,20000.0,2.0,2.0,0.0,0.97,3,170,2.4975024975024975E-4,-4.709,0.06666666666666667,0.06944444444444445,12.5,12.0,120000.0,20000.0,2.0,2.0,0.0,0.97,1
75.0,7038,0.06666666666666667,0.06944444444444445,25.0,12.0,120000.0,20000.0,5.0,4.0,0.0,0.97,3,170,2.4975024975024975E-4,-4.709,0.06666666666666667,0.06944444444444445,25.0,12.0,120000.0,20000.0,5.0,4.0,0.0,0.97,1
75.0,7486,0.06666666666666667,0.06944444444444445,25.0,12.0,120000.0,20000.0,4.0,4.0,0.0,0.97,2,731,2.4975024975024975E-4,-5.0,0.06666666666666667,0.06944444444444445,25.0,12.0,120000.0,20000.0,4.0,4.0,0.0,0.97,1
75.0,7937,0.06666666666666667,0.06944444444444445,0.0,12.0,120000.0,20000.0,3.0,3.0,0.0,0.97,1,199,2.4975024975024975E-4,-5.0,0.06666666666666667,0.06944444444444445,0.0,12.0,120000.0,20000.0,3.0,3.0,0.0,0.97,1
75.0,9279,0.06666666666666667,0.06944444444444445,0.0,12.0,120000.0,0.0,0.0,7.0,0.0,0.97,1,519,2.4975024975024975E-4,-5.0,0.06666666666666667,0.06944444444444445,0.0,12.0,120000.0,0.0,0.0,7.0,0.0,0.97,1
75.0,10628,0.06666666666666667,0.06944444444444445,0.0,12.0,120000.0,0.0,0.0,4.0,0.0,0.97,1,519,2.4975024975024975E-4,-5.0,0.06666666666666667,0.06944444444444445,0.0,12.0,120000.0,0.0,0.0,4.0,0.0,0.97,1
75.0,11530,0.06666666666666667,0.06944444444444445,0.0,12.0,120000.0,0.0,0.0,2.0,0.0,0.97,2,584,2.4975024975024975E-4,-5.0,0.06666666666666667,0.06944444444444445,0.0,12.0,120000.0,0.0,0.0,2.0,0.0,0.97,1
75.0,12424,0.06666666666666667,0.06944444444444445,0.0,12.0,120000.0,0.0,0.0,4.0,0.0,0.97,2,584,2.4975024975024975E-4,-5.0,0.06666666666666667,0.06944444444444445,0.0,12.0,120000.0,0.0,0.0,4.0,0.0,0.97,1
69.0,5236,0.0,0.07548309178743962,12.5,12.0,120000.0,20000.0,2.0,6.0,0.012,1.0,0,0,2.4975024975024975E-4,0.749332916666667,0.06665777007628715,0.06943517716279912,12.5,12.0,120000.0,20000.0,2.0,5.0,0.0,0.97,0
72.0,9727,0.0,0.07233796296296297,0.0,12.0,120000.0,0.0,0.0,3.0,0.012,1.0,3,4,2.4975024975024975E-4,-4.874000416666666,0.13164821858238301,0.06856678051165782,0.0,12.0,120000.0,0.0,0.0,3.0,0.0,0.97,1
76.0,1368,0.13157894736842105,0.06853070175438596,0.0,8.0,80000.0,0.0,0.0,5.0,0.0,0.97,1,82,2.4975024975024975E-4,-5.0,0.13157894736842105,0.06853070175438596,0.0,8.0,80000.0,0.0,0.0,5.0,0.0,0.97,1
76.0,4151,0.13157894736842105,0.06853070175438596,0.0,25.0,400000.0,0.0,0.0,1.0,0.0,0.97,1,82,2.4975024975024975E-4,-5.000249999999999,0.13157894736842105,0.06853070175438596,0.0,25.0,400000.0,0.0,0.0,1.0,0.0,0.97,1
76.0,4871,0.13157894736842105,0.06853070175438596,0.0,25.0,400000.0,0.0,0.0,5.0,0.0,0.97,1,972,2.4975024975024975E-4,-5.0,0.13157894736842105,0.06853070175438596,0.0,25.0,400000.0,0.0,0.0,5.0,0.0,0.97,1
76.0,6571,0.13157894736842105,0.06853070175438596,0.0,12.0,120000.0,20000.0,3.0,5.0,0.0,0.97,1,972,2.4975024975024975E-4,-5.0,0.13157894736842105,0.06853070175438596,0.0,12.0,120000.0,20000.0,3.0,5.0,0.0,0.97,1
76.0,8836,0.13157894736842105,0.06853070175438596,0.0,12.0,120000.0,0.0,0.0,3.0,0.0,0.97,3,486,2.4975024975024975E-4,-4.709,0.13157894736842105,0.06853070175438596,0.0,12.0,120000.0,0.0,0.0,3.0,0.0,0.97,1
76.0,9729,0.13157894736842105,0.06853070175438596,0.0,12.0,120000.0,0.0,0.0,3.0,0.0,0.97,3,486,2.4975024975024975E-4,-4.709,0.13157894736842105,0.06853070175438596,0.0,12.0,120000.0,0.0,0.0,3.0,0.0,0.97,1
76.0,11986,0.13157894736842105,0.06853070175438596,0.0,12.0,120000.0,0.0,0.0,1.0,0.0,0.97,1,178,2.4975024975024975E-4,-5.0,0.13157894736842105,0.06853070175438596,0.0,12.0,120000.0,0.0,0.0,1.0,0.0,0.97,1
71.0,7036,0.0,0.0733568075117371,0.0,12.0,120000.0,20000.0,3.0,5.0,0.012,1.0,0,0,2.4975024975024975E-4,0.74975,0.12987012987012986,0.06764069264069264,12.5,12.0,120000.0,20000.0,5.0,4.0,0.0,0.97,0
71.0,7484,0.0,0.0733568075117371,0.0,12.0,120000.0,20000.0,2.0,3.0,0.012,1.0,0,0,2.4975024975024975E-4,0.74975,0.12987012987012986,0.06764069264069264,12.5,12.0,120000.0,20000.0,3.0,5.0,0.0,0.97,0
77.0,0,0.12987012987012986,0.06764069264069264,0.0,8.0,80000.0,20000.0,2.0,2.0,0.0,0.97,1,178,2.4975024975024975E-4,-5.0,0.12987012987012986,0.06764069264069264,0.0,8.0,80000.0,20000.0,2.0,2.0,0.0,0.97,1
77.0,1807,0.12987012987012986,0.06764069264069264,0.0,8.0,80000.0,0.0,0.0,4.0,0.0,0.97,2,788,2.4975024975024975E-4,-5.0,0.12987012987012986,0.06764069264069264,0.0,8.0,80000.0,0.0,0.0,4.0,0.0,0.97,1
77.0,2264,0.12987012987012986,0.06764069264069264,0.0,8.0,80000.0,0.0,0.0,5.0,0.0,0.97,2,788,2.4975024975024975E-4,-5.0,0.12987012987012986,0.06764069264069264,0.0,8.0,80000.0,0.0,0.0,5.0,0.0,0.97,1
77.0,3428,0.12987012987012986,0.06764069264069264,25.0,25.0,400000.0,20000.0,4.0,2.0,0.0,0.97,2,401,2.4975024975024975E-4,-5.0,0.12987012987012986,0.06764069264069264,25.0,25.0,400000.0,20000.0,4.0,2.0,0.0,0.97,1
77.0,4504,0.12987012987012986,0.06764069264069264,25.0,25.0,400000.0,20000.0,4.0,3.0,0.0,0.97,2,401,2.4975024975024975E-4,-5.0,0.12987012987012986,0.06764069264069264,25.0,25.0,400000.0,20000.0,4.0,3.0,0.0,0.97,1
77.0,7487,0.12987012987012986,0.06764069264069264,12.5,12.0,120000.0,20000.0,3.0,5.0,0.0,0.97,3,686,2.4975024975024975E-4,-4.709,0.12987012987012986,0.06764069264069264,12.5,12.0,120000.0,20000.0,3.0,5.0,0.0,0.97,1
77.0,7938,0.12987012987012986,0.06764069264069264,0.0,12.0,120000.0,20000.0,4.0,3.0,0.0,0.97,3,686,2.4975024975024975E-4,-4.709,0.12987012987012986,0.06764069264069264,0.0,12.0,120000.0,20000.0,4.0,3.0,0.0,0.97,1
77.0,9280,0.12987012987012986,0.06764069264069264,0.0,12.0,120000.0,0.0,0.0,6.0,0.0,0.97,1,235,2.4975024975024975E-4,-5.0,0.12987012987012986,0.06764069264069264,0.0,12.0,120000.0,0.0,0.0,6.0,0.0,0.97,1
77.0,10629,0.12987012987012986,0.06764069264069264,0.0,12.0,120000.0,0.0,0.0,4.0,0.0,0.97,1,235,2.4975024975024975E-4,-5.0,0.12987012987012986,0.06764069264069264,0.0,12.0,120000.0,0.0,0.0,4.0,0.0,0.97,1
77.0,11531,0.12987012987012986,0.06764069264069264,0.0,12.0,120000.0,0.0,0.0,2.0,0.0,0.97,3,396,2.4975024975024975E-4,-4.709,0.12987012987012986,0.06764069264069264,0.0,12.0,120000.0,0.0,0.0,2.0,0.0,0.97,1
77.0,12425,0.12987012987012986,0.06764069264069264,0.0,12.0,120000.0,0.0,0.0,4.0,0.0,0.97,3,396,2.4975024975024975E-4,-4.709,0.12987012987012986,0.06764069264069264,0.0,12.0,120000.0,0.0,0.0,4.0,0.0,0.97,1
71.0,5237,0.0,0.0733568075117371,25.0,12.0,120000.0,20000.0,3.0,6.0,0.012,1.0,0,0,2.4975024975024975E-4,0.749332916666667,0.12985324894776665,0.06763190049362847,12.5,12.0,120000.0,20000.0,2.0,6.0,0.0,0.97,0
71.0,5685,0.0,0.0733568075117371,12.5,12.0,120000.0,20000.0,2.0,2.0,0.012,1.0,0,0,2.4975024975024975E-4,0.749332916666667,0.12985324894776665,0.06763190049362847,12.5,12.0,120000.0,20000.0,2.0,2.0,0.0,0.97,0
78.0,1369,0.1282051282051282,0.06677350427350427,0.0,8.0,80000.0,0.0,0.0,5.0,0.0,0.97,3,396,2.4975024975024975E-4,-4.709,0.1282051282051282,0.06677350427350427,0.0,8.0,80000.0,0.0,0.0,5.0,0.0,0.97,1
78.0,3791,0.1282051282051282,0.06677350427350427,12.5,25.0,400000.0,20000.0,6.0,0.0,0.0,0.97,3,396,2.4975024975024975E-4,-4.709,0.1282051282051282,0.06677350427350427,12.5,25.0,400000.0,20000.0,6.0,0.0,0.0,0.97,1
78.0,6572,0.1282051282051282,0.06677350427350427,0.0,12.0,120000.0,20000.0,3.0,5.0,0.0,0.97,3,27,2.4975024975024975E-4,-4.709,0.1282051282051282,0.06677350427350427,0.0,12.0,120000.0,20000.0,3.0,5.0,0.0,0.97,1
78.0,8837,0.1282051282051282,0.06677350427350427,0.0,12.0,120000.0,0.0,0.0,3.0,0.0,0.97,3,27,2.4975024975024975E-4,-4.709,0.1282051282051282,0.06677350427350427,0.0,12.0,120000.0,0.0,0.0,3.0,0.0,0.97,1
78.0,9730,0.1282051282051282,0.06677350427350427,0.0,12.0,120000.0,0.0,0.0,3.0,0.0,0.97,3,27,2.4975024975024975E-4,-4.709,0.1282051282051282,0.06677350427350427,0.0,12.0,120000.0,0.0,0.0,3.0,0.0,0.97,1
78.0,10170,0.1282051282051282,0.06677350427350427,0.0,12.0,120000.0,0.0,0.0,2.0,0.0,0.97,3,27,2.4975024975024975E-4,-4.709,0.1282051282051282,0.06677350427350427,0.0,12.0,120000.0,0.0,0.0,2.0,0.0,0.97,1
78.0,11987,0.1282051282051282,0.06677350427350427,0.0,12.0,120000.0,0.0,0.0,1.0,0.0,0.97,3,818,2.4975024975024975E-4,-4.709,0.1282051282051282,0.06677350427350427,0.0,12.0,120000.0,0.0,0.0,1.0,0.0,0.97,1
79.0,1,0.12658227848101267,0.06592827004219409,0.0,8.0,80000.0,20000.0,2.0,2.0,0.0,0.97,3,818,2.4975024975024975E-4,-4.709,0.12658227848101267,0.06592827004219409,0.0,8.0,80000.0,20000.0,2.0,2.0,0.0,0.97,1
79.0,1808,0.12658227848101267,0.06592827004219409,0.0,8.0,80000.0,0.0,0.0,4.0,0.0,0.97,1,646,2.4975024975024975E-4,-5.0,0.12658227848101267,0.06592827004219409,0.0,8.0,80000.0,0.0,0.0,4.0,0.0,0.97,1
79.0,2265,0.12658227848101267,0.06592827004219409,0.0,8.0,80000.0,0.0,0.0,5.0,0.0,0.97,1,646,2.4975024975024975E-4,-5.0,0.12658227848101267,0.06592827004219409,0.0,8.0,80000.0,0.0,0.0,5.0,0.0,0.97,1
79.0,4152,0.12658227848101267,0.06592827004219409,0.0,25.0,400000.0,0.0,0.0,1.0,0.0,0.97,3,567,2.4975024975024975E-4,-4.709,0.12658227848101267,0.06592827004219409,0.0,25.0,400000.0,0.0,0.0,1.0,0.0,0.97,1
79.0,4872,0.12658227848101267,0.06592827004219409,0.0,25.0,400000.0,0.0,0.0,5.0,0.0,0.97,3,567,2.4975024975024975E-4,-4.709,0.12658227848101267,0.06592827004219409,0.0,25.0,400000.0,0.0,0.0,5.0,0.0,0.97,1
79.0,6121,0.12658227848101267,0.06592827004219409,12.5,12.0,120000.0,20000.0,4.0,3.0,0.0,0.97,2,284,2.4975024975024975E-4,-5.0,0.12658227848101267,0.06592827004219409,12.5,12.0,120000.0,20000.0,4.0,3.0,0.0,0.97,1
79.0,7040,0.12658227848101267,0.06592827004219409,25.0,12.0,120000.0,20000.0,5.0,4.0,0.0,0.97,2,284,2.4975024975024975E-4,-5.0,0.12658227848101267,0.06592827004219409,25.0,12.0,120000.0,20000.0,5.0,4.0,0.0,0.97,1
79.0,7488,0.12658227848101267,0.06592827004219409,12.5,12.0,120000.0,20000.0,3.0,5.0,0.0,0.97,3,507,2.4975024975024975E-4,-4.709,0.12658227848101267,0.06592827004219409,12.5,12.0,120000.0,20000.0,3.0,5.0,0.0,0.97,1
79.0,7939,0.12658227848101267,0.06592827004219409,0.0,12.0,120000.0,20000.0,4.0,4.0,0.0,0.97,3,507,2.4975024975024975E-4,-4.709,0.12658227848101267,0.06592827004219409,0.0,12.0,120000.0,20000.0,4.0,4.0,0.0,0.97,1
79.0,9281,0.12658227848101267,0.06592827004219409,0.0,12.0,120000.0,0.0,0.0,6.0,0.0,0.97,3,699,2.4975024975024975E-4,-4.709,0.12658227848101267,0.06592827004219409,0.0,12.0,120000.0,0.0,0.0,6.0,0.0,0.97,1
79.0,10630,0.12658227848101267,0.06592827004219409,0.0,12.0,120000.0,0.0,0.0,4.0,0.0,0.97,3,699,2.4975024975024975E-4,-4.709,0.12658227848101267,0.06592827004219409,0.0,12.0,120000.0,0.0,0.0,4.0,0.0,0.97,1
79.0,11532,0.12658227848101267,0.06592827004219409,0.0,12.0,120000.0,0.0,0.0,2.0,0.0,0.97,3,714,2.4975024975024975E-4,-4.709,0.12658227848101267,0.06592827004219409,0.0,12.0,120000.0,0.0,0.0,2.0,0.0,0.97,1
79.0,12426,0.12658227848101267,0.06592827004219409,0.0,12.0,120000.0,0.0,0.0,4.0,0.0,0.97,3,714,2.4975024975024975E-4,-4.709,0.12658227848101267,0.06592827004219409,0.0,12.0,120000.0,0.0,0.0,4.0,0.0,0.97,1
73.0,7037,0.0,0.07134703196347031,12.5,12.0,120000.0,20000.0,4.0,4.0,0.0,0.97,0,0,2.4975024975024975E-4,0.749332916666667,0.12656624141675213,0.06591991740455841,12.5,12.0,120000.0,20000.0,4.0,4.0,0.0,0.97,0
73.0,7485,0.0,0.07134703196347031,12.5,12.0,120000.0,20000.0,3.0,3.0,0.0,0.97,0,0,2.4975024975024975E-4,0.749582916666667,0.12656624141675213,0.06591991740455841,0.0,12.0,120000.0,20000.0,2.0,5.0,0.0,0.97,0
60.0,3785,0.0,0.08680555555555555,0.0,25.0,400000.0,20000.0,3.0,1.0,0.012,1.0,1,761,2.4975024975024975E-4,0.6,0.125,0.06510416666666667,0.0,25.0,400000.0,20000.0,5.0,0.0,0.0,0.97,0
80.0,900,0.125,0.06510416666666667,0.0,8.0,80000.0,20000.0,3.0,1.0,0.0,0.97,2,96,2.4975024975024975E-4,-5.0,0.125,0.06510416666666667,0.0,8.0,80000.0,20000.0,4.0,1.0,0.0,0.97,1
80.0,1370,0.125,0.06510416666666667,0.0,8.0,80000.0,0.0,0.0,5.0,0.0,0.97,2,96,2.4975024975024975E-4,-5.0,0.125,0.06510416666666667,0.0,8.0,80000.0,0.0,0.0,5.0,0.0,0.97,1
80.0,8838,0.125,0.06510416666666667,0.0,12.0,120000.0,0.0,0.0,3.0,0.0,0.97,1,96,2.4975024975024975E-4,-5.0,0.125,0.06510416666666667,0.0,12.0,120000.0,0.0,0.0,3.0,0.0,0.97,1
80.0,9731,0.125,0.06510416666666667,0.0,12.0,120000.0,0.0,0.0,3.0,0.0,0.97,1,96,2.4975024975024975E-4,-5.0,0.125,0.06510416666666667,0.0,12.0,120000.0,0.0,0.0,3.0,0.0,0.97,1
80.0,10171,0.125,0.06510416666666667,0.0,12.0,120000.0,0.0,0.0,2.0,0.0,0.97,1,96,2.4975024975024975E-4,-5.0,0.125,0.06510416666666667,0.0,12.0,120000.0,0.0,0.0,2.0,0.0,0.97,1
80.0,11988,0.125,0.06510416666666667,0.0,12.0,120000.0,0.0,0.0,1.0,0.0,0.97,2,905,2.4975024975024975E-4,-5.0,0.125,0.06510416666666667,0.0,12.0,120000.0,0.0,0.0,1.0,0.0,0.97,1
81.0,2,0.12345679012345678,0.06430041152263374,0.0,8.0,80000.0,20000.0,2.0,2.0,0.0,0.97,2,905,2.4975024975024975E-4,-5.0,0.12345679012345678,0.06430041152263374,0.0,8.0,80000.0,20000.0,2.0,2.0,0.0,0.97,1
81.0,1809,0.12345679012345678,0.06430041152263374,0.0,8.0,80000.0,0.0,0.0,4.0,0.0,0.97,3,609,2.4975024975024975E-4,-4.709,0.12345679012345678,0.06430041152263374,0.0,8.0,80000.0,0.0,0.0,4.0,0.0,0.97,1
81.0,2266,0.12345679012345678,0.06430041152263374,0.0,8.0,80000.0,0.0,0.0,5.0,0.0,0.97,3,609,2.4975024975024975E-4,-4.709,0.12345679012345678,0.06430041152263374,0.0,8.0,80000.0,0.0,0.0,5.0,0.0,0.97,1
81.0,3792,0.12345679012345678,0.06430041152263374,0.0,25.0,400000.0,20000.0,5.0,0.0,0.0,0.97,3,144,2.4975024975024975E-4,-4.709,0.12345679012345678,0.06430041152263374,0.0,25.0,400000.0,20000.0,5.0,0.0,0.0,0.97,1
81.0,5242,0.12345679012345678,0.06430041152263374,25.0,12.0,120000.0,20000.0,3.0,6.0,0.0,0.97,3,144,2.4975024975024975E-4,-4.709,0.12345679012345678,0.06430041152263374,25.0,12.0,120000.0,20000.0,3.0,6.0,0.0,0.97,1
81.0,5690,0.12345679012345678,0.06430041152263374,25.0,12.0,120000.0,20000.0,3.0,2.0,0.0,0.97,3,258,2.4975024975024975E-4,-4.709,0.12345679012345678,0.06430041152263374,25.0,12.0,120000.0,20000.0,3.0,2.0,0.0,0.97,1
81.0,6122,0.12345679012345678,0.06430041152263374,12.5,12.0,120000.0,20000.0,4.0,3.0,0.0,0.97,3,378,2.4975024975024975E-4,-4.709,0.12345679012345678,0.06430041152263374,12.5,12.0,120000.0,20000.0,4.0,3.0,0.0,0.97,1
81.0,7940,0.12345679012345678,0.06430041152263374,0.0,12.0,120000.0,20000.0,4.0,4.0,0.0,0.97,3,977,2.4975024975024975E-4,-4.709,0.12345679012345678,0.06430041152263374,0.0,12.0,120000.0,20000.0,4.0,4.0,0.0,0.97,1
81.0,9282,0.12345679012345678,0.06430041152263374,0.0,12.0,120000.0,0.0,0.0,6.0,0.0,0.97,3,977,2.4975024975024975E-4,-4.709,0.12345679012345678,0.06430041152263374,0.0,12.0,120000.0,0.0,0.0,6.0,0.0,0.97,1
81.0,10631,0.12345679012345678,0.06430041152263374,0.0,12.0,120000.0,0.0,0.0,4.0,0.0,0.97,1,935,2.4975024975024975E-4,-5.0,0.12345679012345678,0.06430041152263374,0.0,12.0,120000.0,0.0,0.0,4.0,0.0,0.97,1
81.0,11533,0.12345679012345678,0.06430041152263374,0.0,12.0,120000.0,0.0,0.0,2.0,0.0,0.97,1,935,2.4975024975024975E-4,-5.0,0.12345679012345678,0.06430041152263374,0.0,12.0,120000.0,0.0,0.0,2.0,0.0,0.97,1
81.0,12427,0.12345679012345678,0.06430041152263374,0.0,12.0,120000.0,0.0,0.0,4.0,0.0,0.97,1,935,2.4975024975024975E-4,-5.0,0.12345679012345678,0.06430041152263374,0.0,12.0,120000.0,0.0,0.0,4.0,0.0,0.97,1
82.0,1371,0.12195121951219512,0.06351626016260163,0.0,8.0,80000.0,0.0,0.0,5.0,0.0,0.97,2,567,2.4975024975024975E-4,-5.0,0.12195121951219512,0.06351626016260163,0.0,8.0,80000.0,0.0,0.0,5.0,0.0,0.97,1
82.0,4153,0.12195121951219512,0.06351626016260163,0.0,25.0,400000.0,0.0,0.0,1.0,0.0,0.97,2,567,2.4975024975024975E-4,-5.0,0.12195121951219512,0.06351626016260163,0.0,25.0,400000.0,0.0,0.0,1.0,0.0,0.97,1
82.0,4873,0.12195121951219512,0.06351626016260163,0.0,25.0,400000.0,0.0,0.0,5.0,0.0,0.97,1,169,2.4975024975024975E-4,-5.0,0.12195121951219512,0.06351626016260163,0.0,25.0,400000.0,0.0,0.0,5.0,0.0,0.97,1
82.0,6574,0.12195121951219512,0.06351626016260163,12.5,12.0,120000.0,20000.0,4.0,5.0,0.0,0.97,1,169,2.4975024975024975E-4,-5.0,0.12195121951219512,0.06351626016260163,12.5,12.0,120000.0,20000.0,4.0,5.0,0.0,0.97,1
82.0,8839,0.12195121951219512,0.06351626016260163,0.0,12.0,120000.0,0.0,0.0,3.0,0.0,0.97,2,227,2.4975024975024975E-4,-5.0,0.12195121951219512,0.06351626016260163,0.0,12.0,120000.0,0.0,0.0,3.0,0.0,0.97,1
82.0,9732,0.12195121951219512,0.06351626016260163,0.0,12.0,120000.0,0.0,0.0,3.0,0.0,0.97,2,227,2.4975024975024975E-4,-5.0,0.12195121951219512,0.06351626016260163,0.0,12.0,120000.0,0.0,0.0,3.0,0.0,0.97,1
82.0,10172,0.12195121951219512,0.06351626016260163,0.0,12.0,120000.0,0.0,0.0,2.0,0.0,0.97,3,133,2.4975024975024975E-4,-4.709,0.12195121951219512,0.06351626016260163,0.0,12.0,120000.0,0.0,0.0,2.0,0.0,0.97,1
82.0,11989,0.12195121951219512,0.06351626016260163,0.0,12.0,120000.0,0.0,0.0,1.0,0.0,0.97,3,133,2.4975024975024975E-4,-4.709,0.12195121951219512,0.06351626016260163,0.0,12.0,120000.0,0.0,0.0,1.0,0.0,0.97,1
77.0,6120,0.12987012987012986,0.06764069264069264,0.0,12.0,120000.0,20000.0,3.0,3.0,0.0,0.97,0,0,2.4975024975024975E-4,0.75,0.12048192771084339,0.06275100401606426,0.0,12.0,120000.0,20000.0,3.0,3.0,0.0,0.97,0
83.0,3,0.12048192771084339,0.06275100401606426,0.0,8.0,80000.0,20000.0,2.0,2.0,0.0,0.97,1,531,2.4975024975024975E-4,-5.0,0.12048192771084339,0.06275100401606426,0.0,8.0,80000.0,20000.0,2.0,2.0,0.0,0.97,1
83.0,1810,0.12048192771084339,0.06275100401606426,0.0,8.0,80000.0,0.0,0.0,4.0,0.0,0.97,1,531,2.4975024975024975E-4,-5.0,0.12048192771084339,0.06275100401606426,0.0,8.0,80000.0,0.0,0.0,4.0,0.0,0.97,1
83.0,2267,0.12048192771084339,0.06275100401606426,0.0,8.0,80000.0,0.0,0.0,5.0,0.0,0.97,2,847,2.4975024975024975E-4,-5.0,0.12048192771084339,0.06275100401606426,0.0,8.0,80000.0,0.0,0.0,5.0,0.0,0.97,1
83.0,3430,0.12048192771084339,0.06275100401606426,37.5,25.0,400000.0,20000.0,5.0,2.0,0.0,0.97,2,847,2.4975024975024975E-4,-5.0,0.12048192771084339,0.06275100401606426,37.5,25.0,400000.0,20000.0,5.0,2.0,0.0,0.97,1
83.0,4506,0.12048192771084339,0.06275100401606426,37.5,25.0,400000.0,20000.0,5.0,3.0,0.0,0.97,3,693,2.4975024975024975E-4,-4.709,0.12048192771084339,0.06275100401606426,37.5,25.0,400000.0,20000.0,5.0,3.0,0.0,0.97,1
83.0,5243,0.12048192771084339,0.06275100401606426,25.0,12.0,120000.0,20000.0,3.0,5.0,0.0,0.97,3,693,2.4975024975024975E-4,-4.709,0.12048192771084339,0.06275100401606426,25.0,12.0,120000.0,20000.0,3.0,5.0,0.0,0.97,1
83.0,5691,0.12048192771084339,0.06275100401606426,25.0,12.0,120000.0,20000.0,3.0,2.0,0.0,0.97,2,692,2.4975024975024975E-4,-5.0,0.12048192771084339,0.06275100401606426,25.0,12.0,120000.0,20000.0,3.0,2.0,0.0,0.97,1
83.0,6123,0.12048192771084339,0.06275100401606426,0.0,12.0,120000.0,20000.0,3.0,3.0,0.0,0.97,2,692,2.4975024975024975E-4,-5.0,0.12048192771084339,0.06275100401606426,0.0,12.0,120000.0,20000.0,3.0,3.0,0.0,0.97,1
83.0,7042,0.12048192771084339,0.06275100401606426,25.0,12.0,120000.0,20000.0,5.0,4.0,0.0,0.97,3,278,2.4975024975024975E-4,-4.709,0.12048192771084339,0.06275100401606426,25.0,12.0,120000.0,20000.0,5.0,4.0,0.0,0.97,1
83.0,7490,0.12048192771084339,0.06275100401606426,12.5,12.0,120000.0,20000.0,3.0,5.0,0.0,0.97,3,278,2.4975024975024975E-4,-4.709,0.12048192771084339,0.06275100401606426,12.5,12.0,120000.0,20000.0,3.0,5.0,0.0,0.97,1
83.0,7941,0.12048192771084339,0.06275100401606426,0.0,12.0,120000.0,20000.0,4.0,5.0,0.0,0.97,2,54,2.4975024975024975E-4,-5.0,0.12048192771084339,0.06275100401606426,0.0,12.0,120000.0,20000.0,4.0,5.0,0.0,0.97,1
83.0,9283,0.12048192771084339,0.06275100401606426,0.0,12.0,120000.0,0.0,0.0,6.0,0.0,0.97,2,54,2.4975024975024975E-4,-5.0,0.12048192771084339,0.06275100401606426,0.0,12.0,120000.0,0.0,0.0,6.0,0.0,0.97,1
83.0,10632,0.12048192771084339,0.06275100401606426,0.0,12.0,120000.0,0.0,0.0,4.0,0.0,0.97,2,499,2.4975024975024975E-4,-5.0,0.12048192771084339,0.06275100401606426,0.0,12.0,120000.0,0.0,0.0,4.0,0.0,0.97,1
83.0,11534,0.12048192771084339,0.06275100401606426,0.0,12.0,120000.0,0.0,0.0,2.0,0.0,0.97,2,499,2.4975024975024975E-4,-5.0,0.12048192771084339,0.06275100401606426,0.0,12.0,120000.0,0.0,0.0,2.0,0.0,0.97,1
83.0,12428,0.12048192771084339,0.06275100401606426,0.0,12.0,120000.0,0.0,0.0,4.0,0.0,0.97,2,499,2.4975024975024975E-4,-5.0,0.12048192771084339,0.06275100401606426,0.0,12.0,120000.0,0.0,0.0,4.0,0.0,0.97,1
77.0,5240,0.12987012987012986,0.06764069264069264,12.5,12.0,120000.0,20000.0,2.0,6.0,0.0,0.97,0,0,2.4975024975024975E-4,0.749332916666667,0.12046739905223477,0.06274343700637228,12.5,12.0,120000.0,20000.0,2.0,5.0,0.0,0.97,0
77.0,5688,0.12987012987012986,0.06764069264069264,12.5,12.0,120000.0,20000.0,2.0,2.0,0.0,0.97,0,0,2.4975024975024975E-4,0.749332916666667,0.12046739905223477,0.06274343700637228,12.5,12.0,120000.0,20000.0,2.0,2.0,0.0,0.97,0
77.0,7039,0.12987012987012986,0.06764069264069264,12.5,12.0,120000.0,20000.0,4.0,4.0,0.0,0.97,0,0,2.4975024975024975E-4,0.749332916666667,0.12046739905223477,0.06274343700637228,12.5,12.0,120000.0,20000.0,4.0,4.0,0.0,0.97,0
84.0,902,0.11904761904761905,0.062003968253968256,12.5,8.0,80000.0,20000.0,5.0,1.0,0.0,0.97,2,499,2.4975024975024975E-4,-5.0,0.11904761904761905,0.062003968253968256,12.5,8.0,80000.0,20000.0,5.0,1.0,0.0,0.97,1
84.0,1372,0.11904761904761905,0.062003968253968256,0.0,8.0,80000.0,0.0,0.0,5.0,0.0,0.97,2,250,2.4975024975024975E-4,-5.0,0.11904761904761905,0.062003968253968256,0.0,8.0,80000.0,0.0,0.0,5.0,0.0,0.97,1
84.0,3793,0.11904761904761905,0.062003968253968256,0.0,25.0,400000.0,20000.0,5.0,0.0,0.0,0.97,2,250,2.4975024975024975E-4,-5.0,0.11904761904761905,0.062003968253968256,0.0,25.0,400000.0,20000.0,5.0,0.0,0.0,0.97,1
84.0,6575,0.11904761904761905,0.062003968253968256,12.5,12.0,120000.0,20000.0,4.0,5.0,0.0,0.97,1,725,2.4975024975024975E-4,-5.0,0.11904761904761905,0.062003968253968256,12.5,12.0,120000.0,20000.0,4.0,5.0,0.0,0.97,1
84.0,8840,0.11904761904761905,0.062003968253968256,0.0,12.0,120000.0,0.0,0.0,3.0,0.0,0.97,1,725,2.4975024975024975E-4,-5.0,0.11904761904761905,0.062003968253968256,0.0,12.0,120000.0,0.0,0.0,3.0,0.0,0.97,1
84.0,9733,0.11904761904761905,0.062003968253968256,0.0,12.0,120000.0,0.0,0.0,3.0,0.0,0.97,3,920,2.4975024975024975E-4,-4.709,0.11904761904761905,0.062003968253968256,0.0,12.0,120000.0,0.0,0.0,3.0,0.0,0.97,1
84.0,10173,0.11904761904761905,0.062003968253968256,0.0,12.0,120000.0,0.0,0.0,2.0,0.0,0.97,3,920,2.4975024975024975E-4,-4.709,0.11904761904761905,0.062003968253968256,0.0,12.0,120000.0,0.0,0.0,2.0,0.0,0.97,1
84.0,11990,0.11904761904761905,0.062003968253968256,0.0,12.0,120000.0,0.0,0.0,1.0,0.0,0.97,2,305,2.4975024975024975E-4,-5.0,0.11904761904761905,0.062003968253968256,0.0,12.0,120000.0,0.0,0.0,1.0,0.0,0.97,1
65.0,4500,0.0,0.08012820512820512,0.0,25.0,400000.0,20000.0,2.0,2.0,0.012,1.0,0,0,2.4975024975024975E-4,0.5995,0.1176470588235294,0.06127450980392157,25.0,25.0,400000.0,20000.0,4.0,3.0,0.0,0.97,0
85.0,4,0.1176470588235294,0.06127450980392157,0.0,8.0,80000.0,20000.0,2.0,2.0,0.0,0.97,2,305,2.4975024975024975E-4,-5.0,0.1176470588235294,0.06127450980392157,0.0,8.0,80000.0,20000.0,3.0,2.0,0.0,0.97,1
85.0,1811,0.1176470588235294,0.06127450980392157,0.0,8.0,80000.0,0.0,0.0,4.0,0.0,0.97,2,672,2.4975024975024975E-4,-5.0,0.1176470588235294,0.06127450980392157,0.0,8.0,80000.0,0.0,0.0,4.0,0.0,0.97,1
85.0,2268,0.1176470588235294,0.06127450980392157,0.0,8.0,80000.0,0.0,0.0,5.0,0.0,0.97,2,672,2.4975024975024975E-4,-5.0,0.1176470588235294,0.06127450980392157,0.0,8.0,80000.0,0.0,0.0,5.0,0.0,0.97,1
85.0,4154,0.1176470588235294,0.06127450980392157,0.0,25.0,400000.0,0.0,0.0,1.0,0.0,0.97,3,953,2.4975024975024975E-4,-4.709,0.1176470588235294,0.06127450980392157,0.0,25.0,400000.0,0.0,0.0,1.0,0.0,0.97,1
85.0,4874,0.1176470588235294,0.06127450980392157,0.0,25.0,400000.0,0.0,0.0,5.0,0.0,0.97,3,953,2.4975024975024975E-4,-4.709,0.1176470588235294,0.06127450980392157,0.0,25.0,400000.0,0.0,0.0,5.0,0.0,0.97,1
85.0,5244,0.1176470588235294,0.06127450980392157,12.5,12.0,120000.0,20000.0,2.0,5.0,0.0,0.97,1,909,2.4975024975024975E-4,-5.0,0.1176470588235294,0.06127450980392157,12.5,12.0,120000.0,20000.0,2.0,5.0,0.0,0.97,1
85.0,5692,0.1176470588235294,0.06127450980392157,12.5,12.0,120000.0,20000.0,2.0,2.0,0.0,0.97,1,909,2.4975024975024975E-4,-5.0,0.1176470588235294,0.06127450980392157,12.5,12.0,120000.0,20000.0,2.0,2.0,0.0,0.97,1
85.0,6124,0.1176470588235294,0.06127450980392157,0.0,12.0,120000.0,20000.0,4.0,3.0,0.0,0.97,2,848,2.4975024975024975E-4,-5.0,0.1176470588235294,0.06127450980392157,0.0,12.0,120000.0,20000.0,4.0,3.0,0.0,0.97,1
85.0,7043,0.1176470588235294,0.06127450980392157,12.5,12.0,120000.0,20000.0,4.0,4.0,0.0,0.97,2,848,2.4975024975024975E-4,-5.0,0.1176470588235294,0.06127450980392157,12.5,12.0,120000.0,20000.0,4.0,4.0,0.0,0.97,1
85.0,7491,0.1176470588235294,0.06127450980392157,12.5,12.0,120000.0,20000.0,3.0,5.0,0.0,0.97,2,540,2.4975024975024975E-4,-5.0,0.1176470588235294,0.06127450980392157,12.5,12.0,120000.0,20000.0,3.0,5.0,0.0,0.97,1
85.0,7942,0.1176470588235294,0.06127450980392157,0.0,12.0,120000.0,20000.0,4.0,5.0,0.0,0.97,2,540,2.4975024975024975E-4,-5.0,0.1176470588235294,0.06127450980392157,0.0,12.0,120000.0,20000.0,4.0,5.0,0.0,0.97,1
85.0,9284,0.1176470588235294,0.06127450980392157,0.0,12.0,120000.0,0.0,0.0,6.0,0.0,0.97,3,258,2.4975024975024975E-4,-4.709,0.1176470588235294,0.06127450980392157,0.0,12.0,120000.0,0.0,0.0,6.0,0.0,0.97,1
85.0,10633,0.1176470588235294,0.06127450980392157,0.0,12.0,120000.0,0.0,0.0,4.0,0.0,0.97,3,258,2.4975024975024975E-4,-4.709,0.1176470588235294,0.06127450980392157,0.0,12.0,120000.0,0.0,0.0,4.0,0.0,0.97,1
85.0,11535,0.1176470588235294,0.06127450980392157,0.0,12.0,120000.0,0.0,0.0,2.0,0.0,0.97,2,505,2.4975024975024975E-4,-5.0,0.1176470588235294,0.06127450980392157,0.0,12.0,120000.0,0.0,0.0,2.0,0.0,0.97,1
85.0,12429,0.1176470588235294,0.06127450980392157,0.0,12.0,120000.0,0.0,0.0,4.0,0.0,0.97,2,505,2.4975024975024975E-4,-5.0,0.1176470588235294,0.06127450980392157,0.0,12.0,120000.0,0.0,0.0,4.0,0.0,0.97,1
79.0,5241,0.12658227848101267,0.06592827004219409,12.5,12.0,120000.0,20000.0,2.0,6.0,0.0,0.97,0,0,2.4975024975024975E-4,0.749582916666667,0.1176332057836483,0.061267294678983494,0.0,12.0,120000.0,20000.0,1.0,5.0,0.0,0.97,0
79.0,5689,0.12658227848101267,0.06592827004219409,12.5,12.0,120000.0,20000.0,2.0,2.0,0.0,0.97,0,0,2.4975024975024975E-4,0.749582916666667,0.1176332057836483,0.061267294678983494,0.0,12.0,120000.0,20000.0,1.0,2.0,0.0,0.97,0
80.0,6573,0.125,0.06510416666666667,0.0,12.0,120000.0,20000.0,3.0,5.0,0.0,0.97,0,0,2.4975024975024975E-4,0.75,0.11627906976744186,0.06056201550387597,0.0,12.0,120000.0,20000.0,4.0,5.0,0.0,0.97,0
82.0,901,0.12195121951219512,0.06351626016260163,0.0,8.0,80000.0,20000.0,4.0,1.0,0.0,0.97,1,935,2.4975024975024975E-4,0.75,0.11627906976744186,0.06056201550387597,0.0,8.0,80000.0,20000.0,6.0,1.0,0.0,0.97,0
86.0,1373,0.11627906976744186,0.06056201550387597,0.0,8.0,80000.0,0.0,0.0,5.0,0.0,0.97,1,681,2.4975024975024975E-4,-5.0,0.11627906976744186,0.06056201550387597,0.0,8.0,80000.0,0.0,0.0,5.0,0.0,0.97,1
86.0,3431,0.11627906976744186,0.06056201550387597,37.5,25.0,400000.0,20000.0,5.0,2.0,0.0,0.97,3,140,2.4975024975024975E-4,-4.709,0.11627906976744186,0.06056201550387597,37.5,25.0,400000.0,20000.0,5.0,2.0,0.0,0.97,1
86.0,4507,0.11627906976744186,0.06056201550387597,25.0,25.0,400000.0,20000.0,4.0,3.0,0.0,0.97,1,893,2.4975024975024975E-4,-5.0,0.11627906976744186,0.06056201550387597,25.0,25.0,400000.0,20000.0,4.0,3.0,0.0,0.97,1
86.0,8841,0.11627906976744186,0.06056201550387597,0.0,12.0,120000.0,0.0,0.0,3.0,0.0,0.97,1,893,2.4975024975024975E-4,-5.0,0.11627906976744186,0.06056201550387597,0.0,12.0,120000.0,0.0,0.0,3.0,0.0,0.97,1
86.0,9734,0.11627906976744186,0.06056201550387597,0.0,12.0,120000.0,0.0,0.0,3.0,0.0,0.97,1,222,2.4975024975024975E-4,-5.0,0.11627906976744186,0.06056201550387597,0.0,12.0,120000.0,0.0,0.0,3.0,0.0,0.97,1
86.0,10174,0.11627906976744186,0.06056201550387597,0.0,12.0,120000.0,0.0,0.0,2.0,0.0,0.97,1,222,2.4975024975024975E-4,-5.0,0.11627906976744186,0.06056201550387597,0.0,12.0,120000.0,0.0,0.0,2.0,0.0,0.97,1
86.0,11991,0.11627906976744186,0.06056201550387597,0.0,12.0,120000.0,0.0,0.0,1.0,0.0,0.97,1,222,2.4975024975024975E-4,-5.0,0.11627906976744186,0.06056201550387597,0.0,12.0,120000.0,0.0,0.0,1.0,0.0,0.97,1
81.0,7489,0.12345679012345678,0.06430041152263374,0.0,12.0,120000.0,20000.0,2.0,5.0,0.0,0.97,0,0,2.4975024975024975E-4,0.75,0.11494252873563218,0.059865900383141754,0.0,12.0,120000.0,20000.0,2.0,5.0,0.0,0.97,0
87.0,5,0.11494252873563218,0.059865900383141754,0.0,8.0,80000.0,20000.0,3.0,2.0,0.0,0.97,1,222,2.4975024975024975E-4,-5.0,0.11494252873563218,0.059865900383141754,0.0,8.0,80000.0,20000.0,3.0,2.0,0.0,0.97,1
87.0,1812,0.11494252873563218,0.059865900383141754,0.0,8.0,80000.0,0.0,0.0,4.0,0.0,0.97,1,815,2.4975024975024975E-4,-5.0,0.11494252873563218,0.059865900383141754,0.0,8.0,80000.0,0.0,0.0,4.0,0.0,0.97,1
87.0,2269,0.11494252873563218,0.059865900383141754,0.0,8.0,80000.0,0.0,0.0,5.0,0.0,0.97,1,815,2.4975024975024975E-4,-5.0,0.11494252873563218,0.059865900383141754,0.0,8.0,80000.0,0.0,0.0,5.0,0.0,0.97,1
87.0,3794,0.11494252873563218,0.059865900383141754,0.0,25.0,400000.0,20000.0,5.0,0.0,0.0,0.97,2,146,2.4975024975024975E-4,-5.0,0.11494252873563218,0.059865900383141754,0.0,25.0,400000.0,20000.0,5.0,0.0,0.0,0.97,1
87.0,5693,0.11494252873563218,0.059865900383141754,0.0,12.0,120000.0,20000.0,2.0,2.0,0.0,0.97,2,146,2.4975024975024975E-4,-5.0,0.11494252873563218,0.059865900383141754,0.0,12.0,120000.0,20000.0,2.0,2.0,0.0,0.97,1
87.0,6125,0.11494252873563218,0.059865900383141754,0.0,12.0,120000.0,20000.0,5.0,3.0,0.0,0.97,3,976,2.4975024975024975E-4,-4.709,0.11494252873563218,0.059865900383141754,0.0,12.0,120000.0,20000.0,5.0,3.0,0.0,0.97,1
87.0,7044,0.11494252873563218,0.059865900383141754,12.5,12.0,120000.0,20000.0,4.0,4.0,0.0,0.97,3,976,2.4975024975024975E-4,-4.709,0.11494252873563218,0.059865900383141754,12.5,12.0,120000.0,20000.0,4.0,4.0,0.0,0.97,1
87.0,7492,0.11494252873563218,0.059865900383141754,0.0,12.0,120000.0,20000.0,2.0,5.0,0.0,0.97,1,617,2.4975024975024975E-4,-5.0,0.11494252873563218,0.059865900383141754,0.0,12.0,120000.0,20000.0,2.0,5.0,0.0,0.97,1
87.0,7943,0.11494252873563218,0.059865900383141754,0.0,12.0,120000.0,20000.0,5.0,5.0,0.0,0.97,1,617,2.4975024975024975E-4,-5.0,0.11494252873563218,0.059865900383141754,0.0,12.0,120000.0,20000.0,5.0,5.0,0.0,0.97,1
87.0,9285,0.11494252873563218,0.059865900383141754,0.0,12.0,120000.0,0.0,0.0,6.0,0.0,0.97,3,969,2.4975024975024975E-4,-4.709,0.11494252873563218,0.059865900383141754,0.0,12.0,120000.0,0.0,0.0,6.0,0.0,0.97,1
87.0,10634,0.11494252873563218,0.059865900383141754,0.0,12.0,120000.0,0.0,0.0,4.0,0.0,0.97,3,969,2.4975024975024975E-4,-4.709,0.11494252873563218,0.059865900383141754,0.0,12.0,120000.0,0.0,0.0,4.0,0.0,0.97,1
87.0,11536,0.11494252873563218,0.059865900383141754,0.0,12.0,120000.0,0.0,0.0,2.0,0.0,0.97,2,418,2.4975024975024975E-4,-5.0,0.11494252873563218,0.059865900383141754,0.0,12.0,120000.0,0.0,0.0,2.0,0.0,0.97,1
87.0,12430,0.11494252873563218,0.059865900383141754,0.0,12.0,120000.0,0.0,0.0,4.0,0.0,0.97,2,418,2.4975024975024975E-4,-5.0,0.11494252873563218,0.059865900383141754,0.0,12.0,120000.0,0.0,0.0,4.0,0.0,0.97,1
81.0,7041,0.12345679012345678,0.06430041152263374,12.5,12.0,120000.0,20000.0,4.0,4.0,0.0,0.97,0,0,2.4975024975024975E-4,0.749582916666667,0.11492930526039474,0.0598590131564556,0.0,12.0,120000.0,20000.0,3.0,4.0,0.0,0.97,0
68.0,3425,0.0,0.07659313725490195,0.0,25.0,400000.0,20000.0,2.0,2.0,0.012,1.0,1,806,2.4975024975024975E-4,0.5995,0.11363636363636363,0.059185606060606064,25.0,25.0,400000.0,20000.0,4.0,2.0,0.0,0.97,0
88.0,904,0.11363636363636363,0.059185606060606064,12.5,8.0,80000.0,20000.0,6.0,1.0,0.0,0.97,2,702,2.4975024975024975E-4,-5.0,0.11363636363636363,0.059185606060606064,12.5,8.0,80000.0,20000.0,6.0,1.0,0.0,0.97,1
88.0,1374,0.11363636363636363,0.059185606060606064,0.0,8.0,80000.0,0.0,0.0,5.0,0.0,0.97,2,702,2.4975024975024975E-4,-5.0,0.11363636363636363,0.059185606060606064,0.0,8.0,80000.0,0.0,0.0,5.0,0.0,0.97,1
88.0,4155,0.11363636363636363,0.059185606060606064,0.0,25.0,400000.0,0.0,0.0,1.0,0.0,0.97,2,531,2.4975024975024975E-4,-5.0,0.11363636363636363,0.059185606060606064,0.0,25.0,400000.0,0.0,0.0,1.0,0.0,0.97,1
88.0,4875,0.11363636363636363,0.059185606060606064,0.0,25.0,400000.0,0.0,0.0,5.0,0.0,0.97,2,531,2.4975024975024975E-4,-5.0,0.11363636363636363,0.059185606060606064,0.0,25.0,400000.0,0.0,0.0,5.0,0.0,0.97,1
88.0,6577,0.11363636363636363,0.059185606060606064,12.5,12.0,120000.0,20000.0,4.0,5.0,0.0,0.97,3,650,2.4975024975024975E-4,-4.709,0.11363636363636363,0.059185606060606064,12.5,12.0,120000.0,20000.0,4.0,5.0,0.0,0.97,1
88.0,8842,0.11363636363636363,0.059185606060606064,0.0,12.0,120000.0,0.0,0.0,3.0,0.0,0.97,3,650,2.4975024975024975E-4,-4.709,0.11363636363636363,0.059185606060606064,0.0,12.0,120000.0,0.0,0.0,3.0,0.0,0.97,1
88.0,9735,0.11363636363636363,0.059185606060606064,0.0,12.0,120000.0,0.0,0.0,3.0,0.0,0.97,2,780,2.4975024975024975E-4,-5.0,0.11363636363636363,0.059185606060606064,0.0,12.0,120000.0,0.0,0.0,3.0,0.0,0.97,1
88.0,10175,0.11363636363636363,0.059185606060606064,0.0,12.0,120000.0,0.0,0.0,2.0,0.0,0.97,2,780,2.4975024975024975E-4,-5.0,0.11363636363636363,0.059185606060606064,0.0,12.0,120000.0,0.0,0.0,2.0,0.0,0.97,1
88.0,11992,0.11363636363636363,0.059185606060606064,0.0,12.0,120000.0,0.0,0.0,1.0,0.0,0.97,3,685,2.4975024975024975E-4,-4.709,0.11363636363636363,0.059185606060606064,0.0,12.0,120000.0,0.0,0.0,1.0,0.0,0.97,1
89.0,6,0.11235955056179776,0.058520599250936334,0.0,8.0,80000.0,20000.0,3.0,2.0,0.0,0.97,1,593,2.4975024975024975E-4,-5.0,0.11235955056179776,0.058520599250936334,0.0,8.0,80000.0,20000.0,3.0,2.0,0.0,0.97,1
89.0,450,0.11235955056179776,0.058520599250936334,0.0,8.0,80000.0,20000.0,3.0,4.0,0.0,0.97,1,593,2.4975024975024975E-4,-5.0,0.11235955056179776,0.058520599250936334,0.0,8.0,80000.0,20000.0,4.0,4.0,0.0,0.97,1
89.0,1813,0.11235955056179776,0.058520599250936334,0.0,8.0,80000.0,0.0,0.0,4.0,0.0,0.97,1,593,2.4975024975024975E-4,-5.0,0.11235955056179776,0.058520599250936334,0.0,8.0,80000.0,0.0,0.0,4.0,0.0,0.97,1
89.0,2270,0.11235955056179776,0.058520599250936334,0.0,8.0,80000.0,0.0,0.0,5.0,0.0,0.97,1,593,2.4975024975024975E-4,-5.0,0.11235955056179776,0.058520599250936334,0.0,8.0,80000.0,0.0,0.0,5.0,0.0,0.97,1
89.0,4508,0.11235955056179776,0.058520599250936334,25.0,25.0,400000.0,20000.0,4.0,3.0,0.0,0.97,3,319,2.4975024975024975E-4,-4.709,0.11235955056179776,0.058520599250936334,25.0,25.0,400000.0,20000.0,4.0,3.0,0.0,0.97,1
89.0,5694,0.11235955056179776,0.058520599250936334,0.0,12.0,120000.0,20000.0,3.0,2.0,0.0,0.97,3,319,2.4975024975024975E-4,-4.709,0.11235955056179776,0.058520599250936334,0.0,12.0,120000.0,20000.0,3.0,2.0,0.0,0.97,1
89.0,6126,0.11235955056179776,0.058520599250936334,0.0,12.0,120000.0,20000.0,5.0,3.0,0.0,0.97,1,294,2.4975024975024975E-4,-5.0,0.11235955056179776,0.058520599250936334,0.0,12.0,120000.0,20000.0,5.0,3.0,0.0,0.97,1
89.0,7944,0.11235955056179776,0.058520599250936334,0.0,12.0,120000.0,20000.0,5.0,4.0,0.0,0.97,2,848,2.4975024975024975E-4,-5.0,0.11235955056179776,0.058520599250936334,0.0,12.0,120000.0,20000.0,5.0,4.0,0.0,0.97,1
89.0,9286,0.11235955056179776,0.058520599250936334,0.0,12.0,120000.0,0.0,0.0,6.0,0.0,0.97,2,848,2.4975024975024975E-4,-5.0,0.11235955056179776,0.058520599250936334,0.0,12.0,120000.0,0.0,0.0,6.0,0.0,0.97,1
89.0,10635,0.11235955056179776,0.058520599250936334,0.0,12.0,120000.0,0.0,0.0,4.0,0.0,0.97,1,777,2.4975024975024975E-4,-5.0,0.11235955056179776,0.058520599250936334,0.0,12.0,120000.0,0.0,0.0,4.0,0.0,0.97,1
89.0,11537,0.11235955056179776,0.058520599250936334,0.0,12.0,120000.0,0.0,0.0,2.0,0.0,0.97,1,777,2.4975024975024975E-4,-5.0,0.11235955056179776,0.058520599250936334,0.0,12.0,120000.0,0.0,0.0,2.0,0.0,0.97,1
89.0,12431,0.11235955056179776,0.058520599250936334,0.0,12.0,120000.0,0.0,0.0,4.0,0.0,0.97,3,842,2.4975024975024975E-4,-4.709,0.11235955056179776,0.058520599250936334,0.0,12.0,120000.0,0.0,0.0,4.0,0.0,0.97,1
90.0,905,0.1111111111111111,0.05787037037037038,12.5,8.0,80000.0,20000.0,6.0,1.0,0.0,0.97,3,842,2.4975024975024975E-4,-4.709,0.1111111111111111,0.05787037037037038,12.5,8.0,80000.0,20000.0,6.0,1.0,0.0,0.97,1
90.0,3795,0.1111111111111111,0.05787037037037038,0.0,25.0,400000.0,20000.0,5.0,0.0,0.0,0.97,3,842,2.4975024975024975E-4,-4.709,0.1111111111111111,0.05787037037037038,0.0,25.0,400000.0,20000.0,5.0,0.0,0.0,0.97,1
90.0,6578,0.1111111111111111,0.05787037037037038,12.5,12.0,120000.0,20000.0,4.0,5.0,0.0,0.97,3,842,2.4975024975024975E-4,-4.709,0.1111111111111111,0.05787037037037038,12.5,12.0,120000.0,20000.0,4.0,5.0,0.0,0.97,1
90.0,8843,0.1111111111111111,0.05787037037037038,0.0,12.0,120000.0,0.0,0.0,3.0,0.0,0.97,2,277,2.4975024975024975E-4,-5.0,0.1111111111111111,0.05787037037037038,0.0,12.0,120000.0,0.0,0.0,3.0,0.0,0.97,1
90.0,9736,0.1111111111111111,0.05787037037037038,0.0,12.0,120000.0,0.0,0.0,3.0,0.0,0.97,2,277,2.4975024975024975E-4,-5.0,0.1111111111111111,0.05787037037037038,0.0,12.0,120000.0,0.0,0.0,3.0,0.0,0.97,1
90.0,10176,0.1111111111111111,0.05787037037037038,0.0,12.0,120000.0,0.0,0.0,2.0,0.0,0.97,3,708,2.4975024975024975E-4,-4.709,0.1111111111111111,0.05787037037037038,0.0,12.0,120000.0,0.0,0.0,2.0,0.0,0.97,1
90.0,11070,0.1111111111111111,0.05787037037037038,0.0,12.0,120000.0,0.0,0.0,4.0,0.0,0.97,3,708,2.4975024975024975E-4,-4.709,0.1111111111111111,0.05787037037037038,0.0,12.0,120000.0,0.0,0.0,4.0,0.0,0.97,1
90.0,11993,0.1111111111111111,0.05787037037037038,0.0,12.0,120000.0,0.0,0.0,1.0,0.0,0.97,3,708,2.4975024975024975E-4,-4.709,0.1111111111111111,0.05787037037037038,0.0,12.0,120000.0,0.0,0.0,1.0,0.0,0.97,1
86.0,903,0.11627906976744186,0.06056201550387597,0.0,8.0,80000.0,20000.0,4.0,1.0,0.0,0.97,1,681,2.4975024975024975E-4,0.7493743750000004,0.11109875446075387,0.057863934614975965,0.0,8.0,80000.0,20000.0,5.0,1.0,0.0,0.97,0
91.0,7,0.10989010989010989,0.05723443223443224,0.0,8.0,80000.0,20000.0,3.0,2.0,0.0,0.97,3,708,2.4975024975024975E-4,-4.709,0.10989010989010989,0.05723443223443224,0.0,8.0,80000.0,20000.0,3.0,2.0,0.0,0.97,1
91.0,1814,0.10989010989010989,0.05723443223443224,0.0,8.0,80000.0,0.0,0.0,4.0,0.0,0.97,1,975,2.4975024975024975E-4,-5.0,0.10989010989010989,0.05723443223443224,0.0,8.0,80000.0,0.0,0.0,4.0,0.0,0.97,1
91.0,2271,0.10989010989010989,0.05723443223443224,0.0,8.0,80000.0,0.0,0.0,5.0,0.0,0.97,3,105,2.4975024975024975E-4,-4.709,0.10989010989010989,0.05723443223443224,0.0,8.0,80000.0,0.0,0.0,5.0,0.0,0.97,1
91.0,4156,0.10989010989010989,0.05723443223443224,0.0,25.0,400000.0,0.0,0.0,1.0,0.0,0.97,3,105,2.4975024975024975E-4,-4.709,0.10989010989010989,0.05723443223443224,0.0,25.0,400000.0,0.0,0.0,1.0,0.0,0.97,1
91.0,4876,0.10989010989010989,0.05723443223443224,0.0,25.0,400000.0,0.0,0.0,5.0,0.0,0.97,3,105,2.4975024975024975E-4,-4.709,0.10989010989010989,0.05723443223443224,0.0,25.0,400000.0,0.0,0.0,5.0,0.0,0.97,1
91.0,6127,0.10989010989010989,0.05723443223443224,0.0,12.0,120000.0,20000.0,5.0,3.0,0.0,0.97,3,105,2.4975024975024975E-4,-4.709,0.10989010989010989,0.05723443223443224,0.0,12.0,120000.0,20000.0,5.0,3.0,0.0,0.97,1
91.0,7494,0.10989010989010989,0.05723443223443224,12.5,12.0,120000.0,20000.0,3.0,5.0,0.0,0.97,1,26,2.4975024975024975E-4,-5.0,0.10989010989010989,0.05723443223443224,12.5,12.0,120000.0,20000.0,3.0,5.0,0.0,0.97,1
91.0,9287,0.10989010989010989,0.05723443223443224,0.0,12.0,120000.0,0.0,0.0,6.0,0.0,0.97,1,26,2.4975024975024975E-4,-5.0,0.10989010989010989,0.05723443223443224,0.0,12.0,120000.0,0.0,0.0,6.0,0.0,0.97,1
91.0,10636,0.10989010989010989,0.05723443223443224,0.0,12.0,120000.0,0.0,0.0,4.0,0.0,0.97,3,702,2.4975024975024975E-4,-4.709,0.10989010989010989,0.05723443223443224,0.0,12.0,120000.0,0.0,0.0,4.0,0.0,0.97,1
91.0,11538,0.10989010989010989,0.05723443223443224,0.0,12.0,120000.0,0.0,0.0,2.0,0.0,0.97,3,702,2.4975024975024975E-4,-4.709,0.10989010989010989,0.05723443223443224,0.0,12.0,120000.0,0.0,0.0,2.0,0.0,0.97,1
91.0,12432,0.10989010989010989,0.05723443223443224,0.0,12.0,120000.0,0.0,0.0,4.0,0.0,0.97,2,375,2.4975024975024975E-4,-5.0,0.10989010989010989,0.05723443223443224,0.0,12.0,120000.0,0.0,0.0,4.0,0.0,0.97,1
71.0,3426,0.0,0.0733568075117371,12.5,25.0,400000.0,20000.0,3.0,2.0,0.012,1.0,0,0,2.4975024975024975E-4,0.5992998000000002,0.10987802330754606,0.057228137139346914,25.0,25.0,400000.0,20000.0,4.0,2.0,0.0,0.97,0
71.0,4502,0.0,0.0733568075117371,12.5,25.0,400000.0,20000.0,3.0,3.0,0.012,1.0,0,0,2.4975024975024975E-4,0.5995498000000001,0.10987802330754606,0.057228137139346914,12.5,25.0,400000.0,20000.0,3.0,3.0,0.0,0.97,0
92.0,906,0.10869565217391304,0.05661231884057971,0.0,8.0,80000.0,20000.0,5.0,1.0,0.0,0.97,2,375,2.4975024975024975E-4,-5.0,0.10869565217391304,0.05661231884057971,0.0,8.0,80000.0,20000.0,6.0,1.0,0.0,0.97,1
92.0,2701,0.10869565217391304,0.05661231884057971,12.5,25.0,400000.0,20000.0,3.0,4.0,0.0,0.97,1,589,2.4975024975024975E-4,-5.0,0.10869565217391304,0.05661231884057971,12.5,25.0,400000.0,20000.0,3.0,4.0,0.0,0.97,1
92.0,3433,0.10869565217391304,0.05661231884057971,25.0,25.0,400000.0,20000.0,4.0,2.0,0.0,0.97,1,589,2.4975024975024975E-4,-5.0,0.10869565217391304,0.05661231884057971,25.0,25.0,400000.0,20000.0,4.0,2.0,0.0,0.97,1
92.0,8844,0.10869565217391304,0.05661231884057971,0.0,12.0,120000.0,0.0,0.0,3.0,0.0,0.97,1,289,2.4975024975024975E-4,-5.0,0.10869565217391304,0.05661231884057971,0.0,12.0,120000.0,0.0,0.0,3.0,0.0,0.97,1
92.0,9737,0.10869565217391304,0.05661231884057971,0.0,12.0,120000.0,0.0,0.0,3.0,0.0,0.97,1,289,2.4975024975024975E-4,-5.0,0.10869565217391304,0.05661231884057971,0.0,12.0,120000.0,0.0,0.0,3.0,0.0,0.97,1
92.0,10177,0.10869565217391304,0.05661231884057971,0.0,12.0,120000.0,0.0,0.0,2.0,0.0,0.97,1,326,2.4975024975024975E-4,-5.0,0.10869565217391304,0.05661231884057971,0.0,12.0,120000.0,0.0,0.0,2.0,0.0,0.97,1
92.0,11071,0.10869565217391304,0.05661231884057971,0.0,12.0,120000.0,0.0,0.0,4.0,0.0,0.97,2,456,2.4975024975024975E-4,-5.0,0.10869565217391304,0.05661231884057971,0.0,12.0,120000.0,0.0,0.0,4.0,0.0,0.97,1
92.0,11994,0.10869565217391304,0.05661231884057971,0.0,12.0,120000.0,0.0,0.0,1.0,0.0,0.97,2,456,2.4975024975024975E-4,-5.0,0.10869565217391304,0.05661231884057971,0.0,12.0,120000.0,0.0,0.0,1.0,0.0,0.97,1
86.0,6576,0.11627906976744186,0.06056201550387597,0.0,12.0,120000.0,20000.0,3.0,5.0,0.0,0.97,0,0,2.4975024975024975E-4,0.749332916666667,0.10868382690100785,0.05660615984427492,12.5,12.0,120000.0,20000.0,4.0,5.0,0.0,0.97,0
93.0,8,0.10752688172043011,0.05600358422939068,0.0,8.0,80000.0,20000.0,3.0,2.0,0.0,0.97,3,778,2.4975024975024975E-4,-4.709,0.10752688172043011,0.05600358422939068,0.0,8.0,80000.0,20000.0,3.0,2.0,0.0,0.97,1
93.0,452,0.10752688172043011,0.05600358422939068,12.5,8.0,80000.0,20000.0,5.0,4.0,0.0,0.97,3,778,2.4975024975024975E-4,-4.709,0.10752688172043011,0.05600358422939068,12.5,8.0,80000.0,20000.0,5.0,4.0,0.0,0.97,1
93.0,1815,0.10752688172043011,0.05600358422939068,0.0,8.0,80000.0,0.0,0.0,4.0,0.0,0.97,2,945,2.4975024975024975E-4,-5.0,0.10752688172043011,0.05600358422939068,0.0,8.0,80000.0,0.0,0.0,4.0,0.0,0.97,1
93.0,2272,0.10752688172043011,0.05600358422939068,0.0,8.0,80000.0,0.0,0.0,5.0,0.0,0.97,2,945,2.4975024975024975E-4,-5.0,0.10752688172043011,0.05600358422939068,0.0,8.0,80000.0,0.0,0.0,5.0,0.0,0.97,1
93.0,8370,0.10752688172043011,0.05600358422939068,0.0,12.0,120000.0,20000.0,6.0,1.0,0.0,0.97,3,869,2.4975024975024975E-4,-4.709,0.10752688172043011,0.05600358422939068,0.0,12.0,120000.0,20000.0,6.0,1.0,0.0,0.97,1
93.0,9288,0.10752688172043011,0.05600358422939068,0.0,12.0,120000.0,0.0,0.0,6.0,0.0,0.97,3,869,2.4975024975024975E-4,-4.709,0.10752688172043011,0.05600358422939068,0.0,12.0,120000.0,0.0,0.0,6.0,0.0,0.97,1
93.0,10637,0.10752688172043011,0.05600358422939068,0.0,12.0,120000.0,0.0,0.0,4.0,0.0,0.97,3,523,2.4975024975024975E-4,-4.709,0.10752688172043011,0.05600358422939068,0.0,12.0,120000.0,0.0,0.0,4.0,0.0,0.97,1
93.0,11539,0.10752688172043011,0.05600358422939068,0.0,12.0,120000.0,0.0,0.0,2.0,0.0,0.97,3,523,2.4975024975024975E-4,-4.709,0.10752688172043011,0.05600358422939068,0.0,12.0,120000.0,0.0,0.0,2.0,0.0,0.97,1
93.0,12433,0.10752688172043011,0.05600358422939068,0.0,12.0,120000.0,0.0,0.0,4.0,0.0,0.97,2,524,2.4975024975024975E-4,-5.0,0.10752688172043011,0.05600358422939068,0.0,12.0,120000.0,0.0,0.0,4.0,0.0,0.97,1
94.0,907,0.10638297872340426,0.05540780141843972,0.0,8.0,80000.0,20000.0,6.0,1.0,0.0,0.97,2,524,2.4975024975024975E-4,-5.0,0.10638297872340426,0.05540780141843972,0.0,8.0,80000.0,20000.0,6.0,1.0,0.0,0.97,1
94.0,4157,0.10638297872340426,0.05540780141843972,0.0,25.0,400000.0,0.0,0.0,1.0,0.0,0.97,1,410,2.4975024975024975E-4,-5.000249999999999,0.10638297872340426,0.05540780141843972,0.0,25.0,400000.0,0.0,0.0,1.0,0.0,0.97,1
94.0,4877,0.10638297872340426,0.05540780141843972,0.0,25.0,400000.0,0.0,0.0,5.0,0.0,0.97,1,410,2.4975024975024975E-4,-5.0,0.10638297872340426,0.05540780141843972,0.0,25.0,400000.0,0.0,0.0,5.0,0.0,0.97,1
94.0,9738,0.10638297872340426,0.05540780141843972,0.0,12.0,120000.0,0.0,0.0,3.0,0.0,0.97,2,410,2.4975024975024975E-4,-5.0,0.10638297872340426,0.05540780141843972,0.0,12.0,120000.0,0.0,0.0,3.0,0.0,0.97,1
94.0,10178,0.10638297872340426,0.05540780141843972,0.0,12.0,120000.0,0.0,0.0,2.0,0.0,0.97,2,582,2.4975024975024975E-4,-5.0,0.10638297872340426,0.05540780141843972,0.0,12.0,120000.0,0.0,0.0,2.0,0.0,0.97,1
94.0,11072,0.10638297872340426,0.05540780141843972,0.0,12.0,120000.0,0.0,0.0,4.0,0.0,0.97,2,582,2.4975024975024975E-4,-5.0,0.10638297872340426,0.05540780141843972,0.0,12.0,120000.0,0.0,0.0,4.0,0.0,0.97,1
91.0,451,0.10989010989010989,0.05723443223443224,0.0,8.0,80000.0,20000.0,4.0,4.0,0.0,0.97,1,975,2.4975024975024975E-4,0.75,0.10526315789473684,0.05482456140350877,0.0,8.0,80000.0,20000.0,6.0,4.0,0.0,0.97,0
89.0,7493,0.11235955056179776,0.058520599250936334,0.0,12.0,120000.0,20000.0,2.0,5.0,0.0,0.97,1,294,2.4975024975024975E-4,0.75,0.10526315789473684,0.05482456140350877,0.0,12.0,120000.0,20000.0,2.0,5.0,0.0,0.97,0
95.0,1816,0.10526315789473684,0.05482456140350877,0.0,8.0,80000.0,0.0,0.0,4.0,0.0,0.97,2,607,2.4975024975024975E-4,-5.0,0.10526315789473684,0.05482456140350877,0.0,8.0,80000.0,0.0,0.0,4.0,0.0,0.97,1
95.0,2273,0.10526315789473684,0.05482456140350877,0.0,8.0,80000.0,0.0,0.0,5.0,0.0,0.97,2,607,2.4975024975024975E-4,-5.0,0.10526315789473684,0.05482456140350877,0.0,8.0,80000.0,0.0,0.0,5.0,0.0,0.97,1
95.0,6129,0.10526315789473684,0.05482456140350877,12.5,12.0,120000.0,20000.0,7.0,3.0,0.0,0.97,1,835,2.4975024975024975E-4,-5.0,0.10526315789473684,0.05482456140350877,12.5,12.0,120000.0,20000.0,7.0,3.0,0.0,0.97,1
95.0,8371,0.10526315789473684,0.05482456140350877,0.0,12.0,120000.0,20000.0,6.0,1.0,0.0,0.97,1,835,2.4975024975024975E-4,-5.0,0.10526315789473684,0.05482456140350877,0.0,12.0,120000.0,20000.0,6.0,1.0,0.0,0.97,1
95.0,9289,0.10526315789473684,0.05482456140350877,0.0,12.0,120000.0,0.0,0.0,6.0,0.0,0.97,2,274,2.4975024975024975E-4,-5.0,0.10526315789473684,0.05482456140350877,0.0,12.0,120000.0,0.0,0.0,6.0,0.0,0.97,1
95.0,10638,0.10526315789473684,0.05482456140350877,0.0,12.0,120000.0,0.0,0.0,4.0,0.0,0.97,2,274,2.4975024975024975E-4,-5.0,0.10526315789473684,0.05482456140350877,0.0,12.0,120000.0,0.0,0.0,4.0,0.0,0.97,1
95.0,11540,0.10526315789473684,0.05482456140350877,0.0,12.0,120000.0,0.0,0.0,2.0,0.0,0.97,2,395,2.4975024975024975E-4,-5.0,0.10526315789473684,0.05482456140350877,0.0,12.0,120000.0,0.0,0.0,2.0,0.0,0.97,1
95.0,12434,0.10526315789473684,0.05482456140350877,0.0,12.0,120000.0,0.0,0.0,4.0,0.0,0.97,2,395,2.4975024975024975E-4,-5.0,0.10526315789473684,0.05482456140350877,0.0,12.0,120000.0,0.0,0.0,4.0,0.0,0.97,1
96.0,908,0.10416666666666667,0.05425347222222222,0.0,8.0,80000.0,20000.0,7.0,1.0,0.0,0.97,3,300,2.4975024975024975E-4,-4.709,0.10416666666666667,0.05425347222222222,0.0,8.0,80000.0,20000.0,7.0,1.0,0.0,0.97,1
96.0,3797,0.10416666666666667,0.05425347222222222,12.5,25.0,400000.0,20000.0,7.0,0.0,0.0,0.97,3,300,2.4975024975024975E-4,-4.709,0.10416666666666667,0.05425347222222222,12.5,25.0,400000.0,20000.0,7.0,0.0,0.0,0.97,1
96.0,6581,0.10416666666666667,0.05425347222222222,25.0,12.0,120000.0,20000.0,5.0,5.0,0.0,0.97,2,329,2.4975024975024975E-4,-5.0,0.10416666666666667,0.05425347222222222,25.0,12.0,120000.0,20000.0,5.0,5.0,0.0,0.97,1
96.0,9739,0.10416666666666667,0.05425347222222222,0.0,12.0,120000.0,0.0,0.0,3.0,0.0,0.97,2,329,2.4975024975024975E-4,-5.0,0.10416666666666667,0.05425347222222222,0.0,12.0,120000.0,0.0,0.0,3.0,0.0,0.97,1
96.0,10179,0.10416666666666667,0.05425347222222222,0.0,12.0,120000.0,0.0,0.0,2.0,0.0,0.97,3,364,2.4975024975024975E-4,-4.709,0.10416666666666667,0.05425347222222222,0.0,12.0,120000.0,0.0,0.0,2.0,0.0,0.97,1
96.0,11073,0.10416666666666667,0.05425347222222222,0.0,12.0,120000.0,0.0,0.0,4.0,0.0,0.97,3,364,2.4975024975024975E-4,-4.709,0.10416666666666667,0.05425347222222222,0.0,12.0,120000.0,0.0,0.0,4.0,0.0,0.97,1
97.0,1817,0.10309278350515465,0.05369415807560137,0.0,8.0,80000.0,0.0,0.0,4.0,0.0,0.97,2,635,2.4975024975024975E-4,-5.0,0.10309278350515465,0.05369415807560137,0.0,8.0,80000.0,0.0,0.0,4.0,0.0,0.97,1
97.0,2274,0.10309278350515465,0.05369415807560137,0.0,8.0,80000.0,0.0,0.0,5.0,0.0,0.97,2,635,2.4975024975024975E-4,-5.0,0.10309278350515465,0.05369415807560137,0.0,8.0,80000.0,0.0,0.0,5.0,0.0,0.97,1
97.0,3060,0.10309278350515465,0.05369415807560137,0.0,25.0,400000.0,0.0,0.0,5.0,0.0,0.97,2,635,2.4975024975024975E-4,-5.0,0.10309278350515465,0.05369415807560137,0.0,25.0,400000.0,0.0,0.0,5.0,0.0,0.97,1
97.0,4158,0.10309278350515465,0.05369415807560137,0.0,25.0,400000.0,0.0,0.0,1.0,0.0,0.97,2,635,2.4975024975024975E-4,-5.0,0.10309278350515465,0.05369415807560137,0.0,25.0,400000.0,0.0,0.0,1.0,0.0,0.97,1
97.0,4878,0.10309278350515465,0.05369415807560137,0.0,25.0,400000.0,0.0,0.0,5.0,0.0,0.97,1,337,2.4975024975024975E-4,-5.0,0.10309278350515465,0.05369415807560137,0.0,25.0,400000.0,0.0,0.0,5.0,0.0,0.97,1
97.0,6130,0.10309278350515465,0.05369415807560137,12.5,12.0,120000.0,20000.0,7.0,3.0,0.0,0.97,1,337,2.4975024975024975E-4,-5.0,0.10309278350515465,0.05369415807560137,12.5,12.0,120000.0,20000.0,7.0,3.0,0.0,0.97,1
97.0,8372,0.10309278350515465,0.05369415807560137,0.0,12.0,120000.0,20000.0,6.0,1.0,0.0,0.97,3,625,2.4975024975024975E-4,-4.709,0.10309278350515465,0.05369415807560137,0.0,12.0,120000.0,20000.0,6.0,1.0,0.0,0.97,1
97.0,9290,0.10309278350515465,0.05369415807560137,0.0,12.0,120000.0,0.0,0.0,6.0,0.0,0.97,3,625,2.4975024975024975E-4,-4.709,0.10309278350515465,0.05369415807560137,0.0,12.0,120000.0,0.0,0.0,6.0,0.0,0.97,1
97.0,10639,0.10309278350515465,0.05369415807560137,0.0,12.0,120000.0,0.0,0.0,4.0,0.0,0.97,1,407,2.4975024975024975E-4,-5.0,0.10309278350515465,0.05369415807560137,0.0,12.0,120000.0,0.0,0.0,4.0,0.0,0.97,1
97.0,11541,0.10309278350515465,0.05369415807560137,0.0,12.0,120000.0,0.0,0.0,2.0,0.0,0.97,1,407,2.4975024975024975E-4,-5.0,0.10309278350515465,0.05369415807560137,0.0,12.0,120000.0,0.0,0.0,2.0,0.0,0.97,1
97.0,12435,0.10309278350515465,0.05369415807560137,0.0,12.0,120000.0,0.0,0.0,4.0,0.0,0.97,2,728,2.4975024975024975E-4,-5.0,0.10309278350515465,0.05369415807560137,0.0,12.0,120000.0,0.0,0.0,4.0,0.0,0.97,1
98.0,909,0.10204081632653061,0.053146258503401364,0.0,8.0,80000.0,20000.0,7.0,1.0,0.0,0.97,2,728,2.4975024975024975E-4,-5.0,0.10204081632653061,0.053146258503401364,0.0,8.0,80000.0,20000.0,8.0,1.0,0.0,0.97,1
98.0,2703,0.10204081632653061,0.053146258503401364,25.0,25.0,400000.0,20000.0,4.0,4.0,0.0,0.97,1,364,2.4975024975024975E-4,-5.0,0.10204081632653061,0.053146258503401364,25.0,25.0,400000.0,20000.0,4.0,4.0,0.0,0.97,1
98.0,3435,0.10204081632653061,0.053146258503401364,37.5,25.0,400000.0,20000.0,5.0,2.0,0.0,0.97,1,364,2.4975024975024975E-4,-5.0,0.10204081632653061,0.053146258503401364,37.5,25.0,400000.0,20000.0,5.0,2.0,0.0,0.97,1
98.0,9740,0.10204081632653061,0.053146258503401364,0.0,12.0,120000.0,0.0,0.0,3.0,0.0,0.97,1,415,2.4975024975024975E-4,-5.0,0.10204081632653061,0.053146258503401364,0.0,12.0,120000.0,0.0,0.0,3.0,0.0,0.97,1
98.0,10180,0.10204081632653061,0.053146258503401364,0.0,12.0,120000.0,0.0,0.0,2.0,0.0,0.97,1,415,2.4975024975024975E-4,-5.0,0.10204081632653061,0.053146258503401364,0.0,12.0,120000.0,0.0,0.0,2.0,0.0,0.97,1
98.0,11074,0.10204081632653061,0.053146258503401364,0.0,12.0,120000.0,0.0,0.0,4.0,0.0,0.97,2,952,2.4975024975024975E-4,-5.0,0.10204081632653061,0.053146258503401364,0.0,12.0,120000.0,0.0,0.0,4.0,0.0,0.97,1
92.0,6579,0.10869565217391304,0.05661231884057971,12.5,12.0,120000.0,20000.0,4.0,5.0,0.0,0.97,0,0,2.4975024975024975E-4,0.749082916666667,0.10203039465050559,0.053140830547138335,25.0,12.0,120000.0,20000.0,5.0,5.0,0.0,0.97,0
93.0,6128,0.10752688172043011,0.05600358422939068,0.0,12.0,120000.0,20000.0,6.0,3.0,0.0,0.97,0,0,2.4975024975024975E-4,0.75,0.10101010101010101,0.052609427609427606,0.0,12.0,120000.0,20000.0,6.0,3.0,0.0,0.97,0
95.0,9,0.10526315789473684,0.05482456140350877,0.0,8.0,80000.0,20000.0,3.0,2.0,0.0,0.97,0,0,2.4975024975024975E-4,0.74975,0.10101010101010101,0.052609427609427606,12.5,8.0,80000.0,20000.0,4.0,2.0,0.0,0.97,0
99.0,11,0.10101010101010101,0.052609427609427606,12.5,8.0,80000.0,20000.0,4.0,2.0,0.0,0.97,2,952,2.4975024975024975E-4,-5.0,0.10101010101010101,0.052609427609427606,12.5,8.0,80000.0,20000.0,4.0,2.0,0.0,0.97,1
99.0,455,0.10101010101010101,0.052609427609427606,25.0,8.0,80000.0,20000.0,7.0,4.0,0.0,0.97,3,564,2.4975024975024975E-4,-4.709,0.10101010101010101,0.052609427609427606,25.0,8.0,80000.0,20000.0,7.0,4.0,0.0,0.97,1
99.0,1818,0.10101010101010101,0.052609427609427606,0.0,8.0,80000.0,0.0,0.0,4.0,0.0,0.97,3,564,2.4975024975024975E-4,-4.709,0.10101010101010101,0.052609427609427606,0.0,8.0,80000.0,0.0,0.0,4.0,0.0,0.97,1
99.0,3798,0.10101010101010101,0.052609427609427606,12.5,25.0,400000.0,20000.0,7.0,0.0,0.0,0.97,2,298,2.4975024975024975E-4,-5.0,0.10101010101010101,0.052609427609427606,12.5,25.0,400000.0,20000.0,7.0,0.0,0.0,0.97,1
99.0,6131,0.10101010101010101,0.052609427609427606,0.0,12.0,120000.0,20000.0,6.0,3.0,0.0,0.97,2,298,2.4975024975024975E-4,-5.0,0.10101010101010101,0.052609427609427606,0.0,12.0,120000.0,20000.0,6.0,3.0,0.0,0.97,1
99.0,8373,0.10101010101010101,0.052609427609427606,0.0,12.0,120000.0,20000.0,7.0,1.0,0.0,0.97,3,497,2.4975024975024975E-4,-4.709,0.10101010101010101,0.052609427609427606,0.0,12.0,120000.0,20000.0,7.0,1.0,0.0,0.97,1
99.0,9291,0.10101010101010101,0.052609427609427606,0.0,12.0,120000.0,0.0,0.0,6.0,0.0,0.97,3,497,2.4975024975024975E-4,-4.709,0.10101010101010101,0.052609427609427606,0.0,12.0,120000.0,0.0,0.0,6.0,0.0,0.97,1
99.0,10640,0.10101010101010101,0.052609427609427606,0.0,12.0,120000.0,0.0,0.0,4.0,0.0,0.97,1,834,2.4975024975024975E-4,-5.0,0.10101010101010101,0.052609427609427606,0.0,12.0,120000.0,0.0,0.0,4.0,0.0,0.97,1
99.0,11542,0.10101010101010101,0.052609427609427606,0.0,12.0,120000.0,0.0,0.0,2.0,0.0,0.97,1,834,2.4975024975024975E-4,-5.0,0.10101010101010101,0.052609427609427606,0.0,12.0,120000.0,0.0,0.0,2.0,0.0,0.97,1
99.0,12436,0.10101010101010101,0.052609427609427606,0.0,12.0,120000.0,0.0,0.0,4.0,0.0,0.97,1,456,2.4975024975024975E-4,-5.0,0.10101010101010101,0.052609427609427606,0.0,12.0,120000.0,0.0,0.0,4.0,0.0,0.97,1
95.0,453,0.10526315789473684,0.05482456140350877,0.0,8.0,80000.0,20000.0,4.0,4.0,0.0,0.97,0,0,2.4975024975024975E-4,0.7491243750000004,0.10099988879912244,0.05260410874954294,12.5,8.0,80000.0,20000.0,6.0,4.0,0.0,0.97,0
100.0,910,0.1,0.052083333333333336,0.0,8.0,80000.0,20000.0,8.0,1.0,0.0,0.97,1,456,2.4975024975024975E-4,-5.0,0.1,0.052083333333333336,0.0,8.0,80000.0,20000.0,8.0,1.0,0.0,0.97,1
100.0,3061,0.1,0.052083333333333336,0.0,25.0,400000.0,0.0,0.0,5.0,0.0,0.97,2,793,2.4975024975024975E-4,-5.0,0.1,0.052083333333333336,0.0,25.0,400000.0,0.0,0.0,5.0,0.0,0.97,1
100.0,4159,0.1,0.052083333333333336,0.0,25.0,400000.0,0.0,0.0,1.0,0.0,0.97,2,793,2.4975024975024975E-4,-5.0,0.1,0.052083333333333336,0.0,25.0,400000.0,0.0,0.0,1.0,0.0,0.97,1
100.0,4879,0.1,0.052083333333333336,0.0,25.0,400000.0,0.0,0.0,5.0,0.0,0.97,3,701,2.4975024975024975E-4,-4.709,0.1,0.052083333333333336,0.0,25.0,400000.0,0.0,0.0,5.0,0.0,0.97,1
100.0,6583,0.1,0.052083333333333336,25.0,12.0,120000.0,20000.0,5.0,5.0,0.0,0.97,3,701,2.4975024975024975E-4,-4.709,0.1,0.052083333333333336,25.0,12.0,120000.0,20000.0,5.0,5.0,0.0,0.97,1
100.0,7495,0.1,0.052083333333333336,0.0,12.0,120000.0,20000.0,3.0,5.0,0.0,0.97,1,336,2.4975024975024975E-4,-5.0,0.1,0.052083333333333336,0.0,12.0,120000.0,20000.0,3.0,5.0,0.0,0.97,1
100.0,9741,0.1,0.052083333333333336,0.0,12.0,120000.0,0.0,0.0,3.0,0.0,0.97,1,336,2.4975024975024975E-4,-5.0,0.1,0.052083333333333336,0.0,12.0,120000.0,0.0,0.0,3.0,0.0,0.97,1
100.0,10181,0.1,0.052083333333333336,0.0,12.0,120000.0,0.0,0.0,2.0,0.0,0.97,3,916,2.4975024975024975E-4,-4.709,0.1,0.052083333333333336,0.0,12.0,120000.0,0.0,0.0,2.0,0.0,0.97,1
100.0,11075,0.1,0.052083333333333336,0.0,12.0,120000.0,0.0,0.0,4.0,0.0,0.97,3,916,2.4975024975024975E-4,-4.709,0.1,0.052083333333333336,0.0,12.0,120000.0,0.0,0.0,4.0,0.0,0.97,1
94.0,6580,0.10638297872340426,0.05540780141843972,12.5,12.0,120000.0,20000.0,4.0,5.0,0.0,0.97,0,0,2.4975024975024975E-4,0.749332916666667,0.0999899910019007,0.052078120313489955,12.5,12.0,120000.0,20000.0,4.0,5.0,0.0,0.97,0
80.0,3429,0.125,0.06510416666666667,25.0,25.0,400000.0,20000.0,4.0,2.0,0.0,0.97,0,0,2.4975024975024975E-4,0.5992998000000002,0.0999899910019007,0.052078120313489955,25.0,25.0,400000.0,20000.0,4.0,2.0,0.0,0.97,0
80.0,4505,0.125,0.06510416666666667,25.0,25.0,400000.0,20000.0,4.0,3.0,0.0,0.97,0,0,2.4975024975024975E-4,0.5990498000000001,0.0999899910019007,0.052078120313489955,37.5,25.0,400000.0,20000.0,5.0,3.0,0.0,0.97,0
101.0,12,0.09900990099009901,0.05156765676567657,12.5,8.0,80000.0,20000.0,4.0,2.0,0.0,0.97,3,263,2.4975024975024975E-4,-4.709,0.09900990099009901,0.05156765676567657,12.5,8.0,80000.0,20000.0,4.0,2.0,0.0,0.97,1
101.0,456,0.09900990099009901,0.05156765676567657,12.5,8.0,80000.0,20000.0,6.0,4.0,0.0,0.97,3,263,2.4975024975024975E-4,-4.709,0.09900990099009901,0.05156765676567657,12.5,8.0,80000.0,20000.0,6.0,4.0,0.0,0.97,1
101.0,1819,0.09900990099009901,0.05156765676567657,0.0,8.0,80000.0,0.0,0.0,4.0,0.0,0.97,3,362,2.4975024975024975E-4,-4.709,0.09900990099009901,0.05156765676567657,0.0,8.0,80000.0,0.0,0.0,4.0,0.0,0.97,1
101.0,2704,0.09900990099009901,0.05156765676567657,25.0,25.0,400000.0,20000.0,4.0,4.0,0.0,0.97,3,362,2.4975024975024975E-4,-4.709,0.09900990099009901,0.05156765676567657,25.0,25.0,400000.0,20000.0,4.0,4.0,0.0,0.97,1
101.0,3436,0.09900990099009901,0.05156765676567657,25.0,25.0,400000.0,20000.0,4.0,2.0,0.0,0.97,1,859,2.4975024975024975E-4,-5.0,0.09900990099009901,0.05156765676567657,25.0,25.0,400000.0,20000.0,4.0,2.0,0.0,0.97,1
101.0,3440,0.09900990099009901,0.05156765676567657,25.0,25.0,400000.0,20000.0,4.0,2.0,0.0,0.97,1,859,2.4975024975024975E-4,-5.0,0.09900990099009901,0.05156765676567657,25.0,25.0,400000.0,20000.0,4.0,2.0,0.0,0.97,1
101.0,4512,0.09900990099009901,0.05156765676567657,37.5,25.0,400000.0,20000.0,5.0,3.0,0.0,0.97,2,843,2.4975024975024975E-4,-5.0,0.09900990099009901,0.05156765676567657,37.5,25.0,400000.0,20000.0,5.0,3.0,0.0,0.97,1
101.0,6132,0.09900990099009901,0.05156765676567657,0.0,12.0,120000.0,20000.0,7.0,3.0,0.0,0.97,2,843,2.4975024975024975E-4,-5.0,0.09900990099009901,0.05156765676567657,0.0,12.0,120000.0,20000.0,7.0,3.0,0.0,0.97,1
101.0,8374,0.09900990099009901,0.05156765676567657,0.0,12.0,120000.0,20000.0,8.0,1.0,0.0,0.97,2,710,2.4975024975024975E-4,-5.0,0.09900990099009901,0.05156765676567657,0.0,12.0,120000.0,20000.0,8.0,1.0,0.0,0.97,1
101.0,9292,0.09900990099009901,0.05156765676567657,0.0,12.0,120000.0,0.0,0.0,6.0,0.0,0.97,2,710,2.4975024975024975E-4,-5.0,0.09900990099009901,0.05156765676567657,0.0,12.0,120000.0,0.0,0.0,6.0,0.0,0.97,1
101.0,10641,0.09900990099009901,0.05156765676567657,0.0,12.0,120000.0,0.0,0.0,4.0,0.0,0.97,3,70,2.4975024975024975E-4,-4.709,0.09900990099009901,0.05156765676567657,0.0,12.0,120000.0,0.0,0.0,4.0,0.0,0.97,1
101.0,11543,0.09900990099009901,0.05156765676567657,0.0,12.0,120000.0,0.0,0.0,2.0,0.0,0.97,3,70,2.4975024975024975E-4,-4.709,0.09900990099009901,0.05156765676567657,0.0,12.0,120000.0,0.0,0.0,2.0,0.0,0.97,1
101.0,12437,0.09900990099009901,0.05156765676567657,0.0,12.0,120000.0,0.0,0.0,4.0,0.0,0.97,3,70,2.4975024975024975E-4,-4.709,0.09900990099009901,0.05156765676567657,0.0,12.0,120000.0,0.0,0.0,4.0,0.0,0.97,1
97.0,454,0.10309278350515465,0.05369415807560137,12.5,8.0,80000.0,20000.0,6.0,4.0,0.0,0.97,0,0,2.4975024975024975E-4,0.7493743750000004,0.09900008919908038,0.05156254645785436,0.0,8.0,80000.0,20000.0,5.0,4.0,0.0,0.97,0
97.0,10,0.10309278350515465,0.05369415807560137,12.5,8.0,80000.0,20000.0,4.0,2.0,0.0,0.97,0,0,2.4975024975024975E-4,0.7493743750000004,0.09900008919908038,0.05156254645785436,0.0,8.0,80000.0,20000.0,3.0,2.0,0.0,0.97,0
102.0,911,0.09803921568627451,0.05106209150326797,0.0,8.0,80000.0,20000.0,8.0,1.0,0.0,0.97,3,70,2.4975024975024975E-4,-4.709,0.09803921568627451,0.05106209150326797,0.0,8.0,80000.0,20000.0,8.0,1.0,0.0,0.97,1
102.0,2275,0.09803921568627451,0.05106209150326797,0.0,8.0,80000.0,0.0,0.0,5.0,0.0,0.97,3,204,2.4975024975024975E-4,-4.709,0.09803921568627451,0.05106209150326797,0.0,8.0,80000.0,0.0,0.0,5.0,0.0,0.97,1
102.0,3799,0.09803921568627451,0.05106209150326797,12.5,25.0,400000.0,20000.0,7.0,0.0,0.0,0.97,3,204,2.4975024975024975E-4,-4.709,0.09803921568627451,0.05106209150326797,12.5,25.0,400000.0,20000.0,7.0,0.0,0.0,0.97,1
102.0,9742,0.09803921568627451,0.05106209150326797,0.0,12.0,120000.0,0.0,0.0,3.0,0.0,0.97,2,208,2.4975024975024975E-4,-5.0,0.09803921568627451,0.05106209150326797,0.0,12.0,120000.0,0.0,0.0,3.0,0.0,0.97,1
102.0,10182,0.09803921568627451,0.05106209150326797,0.0,12.0,120000.0,0.0,0.0,2.0,0.0,0.97,2,208,2.4975024975024975E-4,-5.0,0.09803921568627451,0.05106209150326797,0.0,12.0,120000.0,0.0,0.0,2.0,0.0,0.97,1
102.0,11076,0.09803921568627451,0.05106209150326797,0.0,12.0,120000.0,0.0,0.0,4.0,0.0,0.97,2,712,2.4975024975024975E-4,-5.0,0.09803921568627451,0.05106209150326797,0.0,12.0,120000.0,0.0,0.0,4.0,0.0,0.97,1
103.0,13,0.0970873786407767,0.05056634304207119,0.0,8.0,80000.0,20000.0,3.0,2.0,0.0,0.97,2,712,2.4975024975024975E-4,-5.0,0.0970873786407767,0.05056634304207119,0.0,8.0,80000.0,20000.0,3.0,2.0,0.0,0.97,1
103.0,1820,0.0970873786407767,0.05056634304207119,0.0,8.0,80000.0,0.0,0.0,4.0,0.0,0.97,1,712,2.4975024975024975E-4,-5.0,0.0970873786407767,0.05056634304207119,0.0,8.0,80000.0,0.0,0.0,4.0,0.0,0.97,1
103.0,3062,0.0970873786407767,0.05056634304207119,0.0,25.0,400000.0,0.0,0.0,5.0,0.0,0.97,2,214,2.4975024975024975E-4,-5.0,0.0970873786407767,0.05056634304207119,0.0,25.0,400000.0,0.0,0.0,5.0,0.0,0.97,1
103.0,6133,0.0970873786407767,0.05056634304207119,0.0,12.0,120000.0,20000.0,7.0,3.0,0.0,0.97,2,214,2.4975024975024975E-4,-5.0,0.0970873786407767,0.05056634304207119,0.0,12.0,120000.0,20000.0,7.0,3.0,0.0,0.97,1
103.0,8375,0.0970873786407767,0.05056634304207119,0.0,12.0,120000.0,20000.0,8.0,1.0,0.0,0.97,1,523,2.4975024975024975E-4,-5.0,0.0970873786407767,0.05056634304207119,0.0,12.0,120000.0,20000.0,8.0,1.0,0.0,0.97,1
103.0,9293,0.0970873786407767,0.05056634304207119,0.0,12.0,120000.0,0.0,0.0,6.0,0.0,0.97,1,523,2.4975024975024975E-4,-5.0,0.0970873786407767,0.05056634304207119,0.0,12.0,120000.0,0.0,0.0,6.0,0.0,0.97,1
103.0,10642,0.0970873786407767,0.05056634304207119,0.0,12.0,120000.0,0.0,0.0,4.0,0.0,0.97,1,463,2.4975024975024975E-4,-5.0,0.0970873786407767,0.05056634304207119,0.0,12.0,120000.0,0.0,0.0,4.0,0.0,0.97,1
103.0,11544,0.0970873786407767,0.05056634304207119,0.0,12.0,120000.0,0.0,0.0,2.0,0.0,0.97,2,994,2.4975024975024975E-4,-5.0,0.0970873786407767,0.05056634304207119,0.0,12.0,120000.0,0.0,0.0,2.0,0.0,0.97,1
103.0,12438,0.0970873786407767,0.05056634304207119,0.0,12.0,120000.0,0.0,0.0,4.0,0.0,0.97,2,526,2.4975024975024975E-4,-5.0,0.0970873786407767,0.05056634304207119,0.0,12.0,120000.0,0.0,0.0,4.0,0.0,0.97,1
104.0,2276,0.09615384615384616,0.05008012820512821,0.0,8.0,80000.0,0.0,0.0,5.0,0.0,0.97,3,526,2.4975024975024975E-4,-4.709,0.09615384615384616,0.05008012820512821,0.0,8.0,80000.0,0.0,0.0,5.0,0.0,0.97,1
104.0,2705,0.09615384615384616,0.05008012820512821,25.0,25.0,400000.0,20000.0,4.0,4.0,0.0,0.97,1,902,2.4975024975024975E-4,-5.0,0.09615384615384616,0.05008012820512821,25.0,25.0,400000.0,20000.0,4.0,4.0,0.0,0.97,1
104.0,3437,0.09615384615384616,0.05008012820512821,25.0,25.0,400000.0,20000.0,4.0,2.0,0.0,0.97,1,902,2.4975024975024975E-4,-5.0,0.09615384615384616,0.05008012820512821,25.0,25.0,400000.0,20000.0,5.0,2.0,0.0,0.97,1
104.0,6585,0.09615384615384616,0.05008012820512821,25.0,12.0,120000.0,20000.0,5.0,5.0,0.0,0.97,3,759,2.4975024975024975E-4,-4.709,0.09615384615384616,0.05008012820512821,25.0,12.0,120000.0,20000.0,5.0,5.0,0.0,0.97,1
104.0,7497,0.09615384615384616,0.05008012820512821,12.5,12.0,120000.0,20000.0,4.0,5.0,0.0,0.97,3,759,2.4975024975024975E-4,-4.709,0.09615384615384616,0.05008012820512821,12.5,12.0,120000.0,20000.0,4.0,5.0,0.0,0.97,1
104.0,9743,0.09615384615384616,0.05008012820512821,0.0,12.0,120000.0,0.0,0.0,3.0,0.0,0.97,1,65,2.4975024975024975E-4,-5.0,0.09615384615384616,0.05008012820512821,0.0,12.0,120000.0,0.0,0.0,3.0,0.0,0.97,1
104.0,10183,0.09615384615384616,0.05008012820512821,0.0,12.0,120000.0,0.0,0.0,2.0,0.0,0.97,1,65,2.4975024975024975E-4,-5.0,0.09615384615384616,0.05008012820512821,0.0,12.0,120000.0,0.0,0.0,2.0,0.0,0.97,1
104.0,11077,0.09615384615384616,0.05008012820512821,0.0,12.0,120000.0,0.0,0.0,4.0,0.0,0.97,1,280,2.4975024975024975E-4,-5.0,0.09615384615384616,0.05008012820512821,0.0,12.0,120000.0,0.0,0.0,4.0,0.0,0.97,1
98.0,6582,0.10204081632653061,0.053146258503401364,25.0,12.0,120000.0,20000.0,5.0,5.0,0.0,0.97,0,0,2.4975024975024975E-4,0.749332916666667,0.09614459223684337,0.05007530845668925,12.5,12.0,120000.0,20000.0,4.0,5.0,0.0,0.97,0
105.0,14,0.09523809523809523,0.04960317460317461,0.0,8.0,80000.0,20000.0,3.0,2.0,0.0,0.97,1,280,2.4975024975024975E-4,-5.0,0.09523809523809523,0.04960317460317461,0.0,8.0,80000.0,20000.0,3.0,2.0,0.0,0.97,1
105.0,458,0.09523809523809523,0.04960317460317461,12.5,8.0,80000.0,20000.0,6.0,4.0,0.0,0.97,2,61,2.4975024975024975E-4,-5.0,0.09523809523809523,0.04960317460317461,12.5,8.0,80000.0,20000.0,6.0,4.0,0.0,0.97,1
105.0,1821,0.09523809523809523,0.04960317460317461,0.0,8.0,80000.0,0.0,0.0,4.0,0.0,0.97,2,61,2.4975024975024975E-4,-5.0,0.09523809523809523,0.04960317460317461,0.0,8.0,80000.0,0.0,0.0,4.0,0.0,0.97,1
105.0,6134,0.09523809523809523,0.04960317460317461,0.0,12.0,120000.0,20000.0,8.0,3.0,0.0,0.97,2,852,2.4975024975024975E-4,-5.0,0.09523809523809523,0.04960317460317461,0.0,12.0,120000.0,20000.0,8.0,3.0,0.0,0.97,1
105.0,8376,0.09523809523809523,0.04960317460317461,0.0,12.0,120000.0,20000.0,9.0,1.0,0.0,0.97,2,852,2.4975024975024975E-4,-5.0,0.09523809523809523,0.04960317460317461,0.0,12.0,120000.0,20000.0,9.0,1.0,0.0,0.97,1
105.0,9294,0.09523809523809523,0.04960317460317461,0.0,12.0,120000.0,0.0,0.0,6.0,0.0,0.97,2,852,2.4975024975024975E-4,-5.0,0.09523809523809523,0.04960317460317461,0.0,12.0,120000.0,0.0,0.0,6.0,0.0,0.97,1
105.0,10643,0.09523809523809523,0.04960317460317461,0.0,12.0,120000.0,0.0,0.0,4.0,0.0,0.97,2,852,2.4975024975024975E-4,-5.0,0.09523809523809523,0.04960317460317461,0.0,12.0,120000.0,0.0,0.0,4.0,0.0,0.97,1
105.0,12439,0.09523809523809523,0.04960317460317461,0.0,12.0,120000.0,0.0,0.0,4.0,0.0,0.97,3,236,2.4975024975024975E-4,-4.709,0.09523809523809523,0.04960317460317461,0.0,12.0,120000.0,0.0,0.0,4.0,0.0,0.97,1
106.0,913,0.09433962264150944,0.049135220125786166,12.5,8.0,80000.0,20000.0,10.0,1.0,0.0,0.97,3,236,2.4975024975024975E-4,-4.709,0.09433962264150944,0.049135220125786166,12.5,8.0,80000.0,20000.0,10.0,1.0,0.0,0.97,1
106.0,2277,0.09433962264150944,0.049135220125786166,0.0,8.0,80000.0,0.0,0.0,5.0,0.0,0.97,3,726,2.4975024975024975E-4,-4.709,0.09433962264150944,0.049135220125786166,0.0,8.0,80000.0,0.0,0.0,5.0,0.0,0.97,1
106.0,3063,0.09433962264150944,0.049135220125786166,0.0,25.0,400000.0,0.0,0.0,5.0,0.0,0.97,3,726,2.4975024975024975E-4,-4.709,0.09433962264150944,0.049135220125786166,0.0,25.0,400000.0,0.0,0.0,5.0,0.0,0.97,1
106.0,6586,0.09433962264150944,0.049135220125786166,12.5,12.0,120000.0,20000.0,4.0,5.0,0.0,0.97,3,819,2.4975024975024975E-4,-4.709,0.09433962264150944,0.049135220125786166,12.5,12.0,120000.0,20000.0,4.0,5.0,0.0,0.97,1
106.0,7498,0.09433962264150944,0.049135220125786166,12.5,12.0,120000.0,20000.0,4.0,5.0,0.0,0.97,3,819,2.4975024975024975E-4,-4.709,0.09433962264150944,0.049135220125786166,12.5,12.0,120000.0,20000.0,4.0,5.0,0.0,0.97,1
106.0,9744,0.09433962264150944,0.049135220125786166,0.0,12.0,120000.0,0.0,0.0,3.0,0.0,0.97,3,341,2.4975024975024975E-4,-4.709,0.09433962264150944,0.049135220125786166,0.0,12.0,120000.0,0.0,0.0,3.0,0.0,0.97,1
106.0,10184,0.09433962264150944,0.049135220125786166,0.0,12.0,120000.0,0.0,0.0,2.0,0.0,0.97,3,341,2.4975024975024975E-4,-4.709,0.09433962264150944,0.049135220125786166,0.0,12.0,120000.0,0.0,0.0,2.0,0.0,0.97,1
106.0,11078,0.09433962264150944,0.049135220125786166,0.0,12.0,120000.0,0.0,0.0,4.0,0.0,0.97,3,341,2.4975024975024975E-4,-4.709,0.09433962264150944,0.049135220125786166,0.0,12.0,120000.0,0.0,0.0,4.0,0.0,0.97,1
103.0,457,0.0970873786407767,0.05056634304207119,0.0,8.0,80000.0,20000.0,5.0,4.0,0.0,0.97,0,0,2.4975024975024975E-4,0.75,0.09345794392523366,0.04867601246105918,0.0,8.0,80000.0,20000.0,5.0,4.0,0.0,0.97,0
107.0,15,0.09345794392523366,0.04867601246105918,0.0,8.0,80000.0,20000.0,3.0,2.0,0.0,0.97,3,341,2.4975024975024975E-4,-4.709,0.09345794392523366,0.04867601246105918,0.0,8.0,80000.0,20000.0,3.0,2.0,0.0,0.97,1
107.0,459,0.09345794392523366,0.04867601246105918,0.0,8.0,80000.0,20000.0,5.0,4.0,0.0,0.97,3,37,2.4975024975024975E-4,-4.709,0.09345794392523366,0.04867601246105918,0.0,8.0,80000.0,20000.0,5.0,4.0,0.0,0.97,1
107.0,1822,0.09345794392523366,0.04867601246105918,0.0,8.0,80000.0,0.0,0.0,4.0,0.0,0.97,3,37,2.4975024975024975E-4,-4.709,0.09345794392523366,0.04867601246105918,0.0,8.0,80000.0,0.0,0.0,4.0,0.0,0.97,1
107.0,3442,0.09345794392523366,0.04867601246105918,37.5,25.0,400000.0,20000.0,6.0,2.0,0.0,0.97,3,539,2.4975024975024975E-4,-4.709,0.09345794392523366,0.04867601246105918,37.5,25.0,400000.0,20000.0,6.0,2.0,0.0,0.97,1
107.0,4514,0.09345794392523366,0.04867601246105918,50.0,25.0,400000.0,20000.0,6.0,3.0,0.0,0.97,3,539,2.4975024975024975E-4,-4.709,0.09345794392523366,0.04867601246105918,50.0,25.0,400000.0,20000.0,6.0,3.0,0.0,0.97,1
107.0,10644,0.09345794392523366,0.04867601246105918,0.0,12.0,120000.0,0.0,0.0,4.0,0.0,0.97,2,199,2.4975024975024975E-4,-5.0,0.09345794392523366,0.04867601246105918,0.0,12.0,120000.0,0.0,0.0,4.0,0.0,0.97,1
107.0,12440,0.09345794392523366,0.04867601246105918,0.0,12.0,120000.0,0.0,0.0,4.0,0.0,0.97,2,199,2.4975024975024975E-4,-5.0,0.09345794392523366,0.04867601246105918,0.0,12.0,120000.0,0.0,0.0,4.0,0.0,0.97,1
104.0,912,0.09615384615384616,0.05008012820512821,0.0,8.0,80000.0,20000.0,9.0,1.0,0.0,0.97,0,0,2.4975024975024975E-4,0.75,0.0925925925925926,0.0482253086419753,0.0,8.0,80000.0,20000.0,11.0,1.0,0.0,0.97,0
102.0,7496,0.09803921568627451,0.05106209150326797,0.0,12.0,120000.0,20000.0,3.0,5.0,0.0,0.97,0,0,2.4975024975024975E-4,0.75,0.0925925925925926,0.0482253086419753,0.0,12.0,120000.0,20000.0,3.0,5.0,0.0,0.97,0
108.0,2278,0.0925925925925926,0.0482253086419753,0.0,8.0,80000.0,0.0,0.0,5.0,0.0,0.97,1,199,2.4975024975024975E-4,-5.0,0.0925925925925926,0.0482253086419753,0.0,8.0,80000.0,0.0,0.0,5.0,0.0,0.97,1
108.0,6587,0.0925925925925926,0.0482253086419753,12.5,12.0,120000.0,20000.0,4.0,5.0,0.0,0.97,2,708,2.4975024975024975E-4,-5.0,0.0925925925925926,0.0482253086419753,12.5,12.0,120000.0,20000.0,4.0,5.0,0.0,0.97,1
108.0,7499,0.0925925925925926,0.0482253086419753,0.0,12.0,120000.0,20000.0,3.0,5.0,0.0,0.97,2,708,2.4975024975024975E-4,-5.0,0.0925925925925926,0.0482253086419753,0.0,12.0,120000.0,20000.0,3.0,5.0,0.0,0.97,1
108.0,10185,0.0925925925925926,0.0482253086419753,0.0,12.0,120000.0,0.0,0.0,2.0,0.0,0.97,1,402,2.4975024975024975E-4,-5.0,0.0925925925925926,0.0482253086419753,0.0,12.0,120000.0,0.0,0.0,2.0,0.0,0.97,1
108.0,11079,0.0925925925925926,0.0482253086419753,0.0,12.0,120000.0,0.0,0.0,4.0,0.0,0.97,1,402,2.4975024975024975E-4,-5.0,0.0925925925925926,0.0482253086419753,0.0,12.0,120000.0,0.0,0.0,4.0,0.0,0.97,1
102.0,6584,0.09803921568627451,0.05106209150326797,12.5,12.0,120000.0,20000.0,4.0,5.0,0.0,0.97,0,0,2.4975024975024975E-4,0.749582916666667,0.09258401142634835,0.048220839284556435,0.0,12.0,120000.0,20000.0,3.0,5.0,0.0,0.97,0
89.0,2700,0.11235955056179776,0.058520599250936334,0.0,25.0,400000.0,20000.0,2.0,4.0,0.0,0.97,0,0,2.4975024975024975E-4,0.5995,0.09174311926605505,0.047782874617737,25.0,25.0,400000.0,20000.0,4.0,4.0,0.0,0.97,0
109.0,16,0.09174311926605505,0.047782874617737,0.0,8.0,80000.0,20000.0,3.0,2.0,0.0,0.97,1,269,2.4975024975024975E-4,-5.0,0.09174311926605505,0.047782874617737,0.0,8.0,80000.0,20000.0,3.0,2.0,0.0,0.97,1
109.0,925,0.09174311926605505,0.047782874617737,12.5,8.0,80000.0,20000.0,11.0,1.0,0.0,0.97,2,974,2.4975024975024975E-4,-5.0,0.09174311926605505,0.047782874617737,12.5,8.0,80000.0,20000.0,11.0,1.0,0.0,0.97,1
109.0,1823,0.09174311926605505,0.047782874617737,0.0,8.0,80000.0,0.0,0.0,4.0,0.0,0.97,2,974,2.4975024975024975E-4,-5.0,0.09174311926605505,0.047782874617737,0.0,8.0,80000.0,0.0,0.0,4.0,0.0,0.97,1
109.0,3064,0.09174311926605505,0.047782874617737,0.0,25.0,400000.0,0.0,0.0,5.0,0.0,0.97,1,214,2.4975024975024975E-4,-5.0,0.09174311926605505,0.047782874617737,0.0,25.0,400000.0,0.0,0.0,5.0,0.0,0.97,1
109.0,6136,0.09174311926605505,0.047782874617737,12.5,12.0,120000.0,20000.0,9.0,3.0,0.0,0.97,1,214,2.4975024975024975E-4,-5.0,0.09174311926605505,0.047782874617737,12.5,12.0,120000.0,20000.0,9.0,3.0,0.0,0.97,1
109.0,12441,0.09174311926605505,0.047782874617737,0.0,12.0,120000.0,0.0,0.0,4.0,0.0,0.97,2,214,2.4975024975024975E-4,-5.0,0.09174311926605505,0.047782874617737,0.0,12.0,120000.0,0.0,0.0,4.0,0.0,0.97,1
89.0,3432,0.11235955056179776,0.058520599250936334,25.0,25.0,400000.0,20000.0,4.0,2.0,0.0,0.97,0,0,2.4975024975024975E-4,0.5990498000000001,0.09173469482298002,0.04777848688696876,37.5,25.0,400000.0,20000.0,5.0,2.0,0.0,0.97,0
110.0,1375,0.09090909090909091,0.04734848484848485,0.0,8.0,80000.0,0.0,0.0,5.0,0.0,0.97,1,28,2.4975024975024975E-4,-5.0,0.09090909090909091,0.04734848484848485,0.0,8.0,80000.0,0.0,0.0,5.0,0.0,0.97,1
110.0,2279,0.09090909090909091,0.04734848484848485,0.0,8.0,80000.0,0.0,0.0,5.0,0.0,0.97,1,28,2.4975024975024975E-4,-5.0,0.09090909090909091,0.04734848484848485,0.0,8.0,80000.0,0.0,0.0,5.0,0.0,0.97,1
110.0,2707,0.09090909090909091,0.04734848484848485,25.0,25.0,400000.0,20000.0,4.0,4.0,0.0,0.97,3,226,2.4975024975024975E-4,-4.709,0.09090909090909091,0.04734848484848485,25.0,25.0,400000.0,20000.0,4.0,4.0,0.0,0.97,1
110.0,3439,0.09090909090909091,0.04734848484848485,37.5,25.0,400000.0,20000.0,5.0,2.0,0.0,0.97,3,226,2.4975024975024975E-4,-4.709,0.09090909090909091,0.04734848484848485,37.5,25.0,400000.0,20000.0,6.0,2.0,0.0,0.97,1
110.0,5695,0.09090909090909091,0.04734848484848485,0.0,12.0,120000.0,20000.0,3.0,2.0,0.0,0.97,3,257,2.4975024975024975E-4,-4.709,0.09090909090909091,0.04734848484848485,0.0,12.0,120000.0,20000.0,3.0,2.0,0.0,0.97,1
110.0,6588,0.09090909090909091,0.04734848484848485,0.0,12.0,120000.0,20000.0,3.0,5.0,0.0,0.97,3,257,2.4975024975024975E-4,-4.709,0.09090909090909091,0.04734848484848485,0.0,12.0,120000.0,20000.0,3.0,5.0,0.0,0.97,1
110.0,10186,0.09090909090909091,0.04734848484848485,0.0,12.0,120000.0,0.0,0.0,2.0,0.0,0.97,2,257,2.4975024975024975E-4,-5.0,0.09090909090909091,0.04734848484848485,0.0,12.0,120000.0,0.0,0.0,2.0,0.0,0.97,1
110.0,11080,0.09090909090909091,0.04734848484848485,0.0,12.0,120000.0,0.0,0.0,4.0,0.0,0.97,2,257,2.4975024975024975E-4,-5.0,0.09090909090909091,0.04734848484848485,0.0,12.0,120000.0,0.0,0.0,4.0,0.0,0.97,1
111.0,17,0.09009009009009009,0.04692192192192192,0.0,8.0,80000.0,20000.0,3.0,2.0,0.0,0.97,2,257,2.4975024975024975E-4,-5.0,0.09009009009009009,0.04692192192192192,0.0,8.0,80000.0,20000.0,3.0,2.0,0.0,0.97,1
111.0,461,0.09009009009009009,0.04692192192192192,12.5,8.0,80000.0,20000.0,7.0,4.0,0.0,0.97,2,961,2.4975024975024975E-4,-5.0,0.09009009009009009,0.04692192192192192,12.5,8.0,80000.0,20000.0,7.0,4.0,0.0,0.97,1
111.0,926,0.09009009009009009,0.04692192192192192,25.0,8.0,80000.0,20000.0,12.0,1.0,0.0,0.97,2,961,2.4975024975024975E-4,-5.0,0.09009009009009009,0.04692192192192192,25.0,8.0,80000.0,20000.0,12.0,1.0,0.0,0.97,1
111.0,1824,0.09009009009009009,0.04692192192192192,0.0,8.0,80000.0,0.0,0.0,4.0,0.0,0.97,1,841,2.4975024975024975E-4,-5.0,0.09009009009009009,0.04692192192192192,0.0,8.0,80000.0,0.0,0.0,4.0,0.0,0.97,1
111.0,6137,0.09009009009009009,0.04692192192192192,12.5,12.0,120000.0,20000.0,9.0,3.0,0.0,0.97,1,841,2.4975024975024975E-4,-5.0,0.09009009009009009,0.04692192192192192,12.5,12.0,120000.0,20000.0,9.0,3.0,0.0,0.97,1
111.0,12442,0.09009009009009009,0.04692192192192192,0.0,12.0,120000.0,0.0,0.0,4.0,0.0,0.97,1,504,2.4975024975024975E-4,-5.0,0.09009009009009009,0.04692192192192192,0.0,12.0,120000.0,0.0,0.0,4.0,0.0,0.97,1
112.0,916,0.08928571428571429,0.04650297619047619,25.0,8.0,80000.0,20000.0,12.0,1.0,0.0,0.97,3,950,2.4975024975024975E-4,-4.709,0.08928571428571429,0.04650297619047619,25.0,8.0,80000.0,20000.0,12.0,1.0,0.0,0.97,1
112.0,1376,0.08928571428571429,0.04650297619047619,0.0,8.0,80000.0,0.0,0.0,5.0,0.0,0.97,3,950,2.4975024975024975E-4,-4.709,0.08928571428571429,0.04650297619047619,0.0,8.0,80000.0,0.0,0.0,5.0,0.0,0.97,1
112.0,2280,0.08928571428571429,0.04650297619047619,0.0,8.0,80000.0,0.0,0.0,5.0,0.0,0.97,2,497,2.4975024975024975E-4,-5.0,0.08928571428571429,0.04650297619047619,0.0,8.0,80000.0,0.0,0.0,5.0,0.0,0.97,1
112.0,3065,0.08928571428571429,0.04650297619047619,0.0,25.0,400000.0,0.0,0.0,5.0,0.0,0.97,2,497,2.4975024975024975E-4,-5.0,0.08928571428571429,0.04650297619047619,0.0,25.0,400000.0,0.0,0.0,5.0,0.0,0.97,1
112.0,5696,0.08928571428571429,0.04650297619047619,0.0,12.0,120000.0,20000.0,3.0,2.0,0.0,0.97,3,958,2.4975024975024975E-4,-4.709,0.08928571428571429,0.04650297619047619,0.0,12.0,120000.0,20000.0,3.0,2.0,0.0,0.97,1
112.0,6589,0.08928571428571429,0.04650297619047619,0.0,12.0,120000.0,20000.0,3.0,5.0,0.0,0.97,3,958,2.4975024975024975E-4,-4.709,0.08928571428571429,0.04650297619047619,0.0,12.0,120000.0,20000.0,3.0,5.0,0.0,0.97,1
112.0,7501,0.08928571428571429,0.04650297619047619,12.5,12.0,120000.0,20000.0,4.0,5.0,0.0,0.97,2,718,2.4975024975024975E-4,-5.0,0.08928571428571429,0.04650297619047619,12.5,12.0,120000.0,20000.0,4.0,5.0,0.0,0.97,1
112.0,10187,0.08928571428571429,0.04650297619047619,0.0,12.0,120000.0,0.0,0.0,2.0,0.0,0.97,2,718,2.4975024975024975E-4,-5.0,0.08928571428571429,0.04650297619047619,0.0,12.0,120000.0,0.0,0.0,2.0,0.0,0.97,1
112.0,11081,0.08928571428571429,0.04650297619047619,0.0,12.0,120000.0,0.0,0.0,4.0,0.0,0.97,2,109,2.4975024975024975E-4,-5.0,0.08928571428571429,0.04650297619047619,0.0,12.0,120000.0,0.0,0.0,4.0,0.0,0.97,1
108.0,914,0.0925925925925926,0.0482253086419753,0.0,8.0,80000.0,20000.0,9.0,1.0,0.0,0.97,0,0,2.4975024975024975E-4,0.7491243750000004,0.08927773508814078,0.04649882035840666,12.5,8.0,80000.0,20000.0,11.0,1.0,0.0,0.97,0
92.0,4509,0.10869565217391304,0.05661231884057971,12.5,25.0,400000.0,20000.0,3.0,3.0,0.0,0.97,0,0,2.4975024975024975E-4,0.5987998000000001,0.08927773508814078,0.04649882035840666,50.0,25.0,400000.0,20000.0,6.0,3.0,0.0,0.97,0
109.0,460,0.09174311926605505,0.047782874617737,0.0,8.0,80000.0,20000.0,5.0,4.0,0.0,0.97,1,269,2.4975024975024975E-4,0.75,0.08849557522123894,0.04609144542772861,0.0,8.0,80000.0,20000.0,8.0,4.0,0.0,0.97,0
107.0,6135,0.09345794392523366,0.04867601246105918,0.0,12.0,120000.0,20000.0,8.0,3.0,0.0,0.97,0,0,2.4975024975024975E-4,0.75,0.08849557522123894,0.04609144542772861,0.0,12.0,120000.0,20000.0,8.0,3.0,0.0,0.97,0
93.0,3796,0.10752688172043011,0.05600358422939068,0.0,25.0,400000.0,20000.0,5.0,0.0,0.0,0.97,0,0,2.4975024975024975E-4,0.6,0.08849557522123894,0.04609144542772861,0.0,25.0,400000.0,20000.0,6.0,0.0,0.0,0.97,0
107.0,8377,0.09345794392523366,0.04867601246105918,0.0,12.0,120000.0,20000.0,9.0,1.0,0.0,0.97,0,0,2.4975024975024975E-4,0.7495,0.08849557522123894,0.04609144542772861,25.0,12.0,120000.0,20000.0,11.0,1.0,0.0,0.97,0
113.0,18,0.08849557522123894,0.04609144542772861,0.0,8.0,80000.0,20000.0,3.0,2.0,0.0,0.97,2,109,2.4975024975024975E-4,-5.0,0.08849557522123894,0.04609144542772861,0.0,8.0,80000.0,20000.0,3.0,2.0,0.0,0.97,1
113.0,2708,0.08849557522123894,0.04609144542772861,25.0,25.0,400000.0,20000.0,4.0,4.0,0.0,0.97,1,586,2.4975024975024975E-4,-5.0,0.08849557522123894,0.04609144542772861,25.0,25.0,400000.0,20000.0,4.0,4.0,0.0,0.97,1
113.0,3444,0.08849557522123894,0.04609144542772861,50.0,25.0,400000.0,20000.0,6.0,2.0,0.0,0.97,1,92,2.4975024975024975E-4,-5.0,0.08849557522123894,0.04609144542772861,50.0,25.0,400000.0,20000.0,6.0,2.0,0.0,0.97,1
113.0,6138,0.08849557522123894,0.04609144542772861,0.0,12.0,120000.0,20000.0,8.0,3.0,0.0,0.97,1,763,2.4975024975024975E-4,-5.0,0.08849557522123894,0.04609144542772861,0.0,12.0,120000.0,20000.0,8.0,3.0,0.0,0.97,1
113.0,7945,0.08849557522123894,0.04609144542772861,0.0,12.0,120000.0,20000.0,5.0,3.0,0.0,0.97,1,763,2.4975024975024975E-4,-5.0,0.08849557522123894,0.04609144542772861,0.0,12.0,120000.0,20000.0,5.0,3.0,0.0,0.97,1
113.0,8380,0.08849557522123894,0.04609144542772861,25.0,12.0,120000.0,20000.0,11.0,1.0,0.0,0.97,1,966,2.4975024975024975E-4,-5.000249999999999,0.08849557522123894,0.04609144542772861,25.0,12.0,120000.0,20000.0,11.0,1.0,0.0,0.97,1
113.0,12443,0.08849557522123894,0.04609144542772861,0.0,12.0,120000.0,0.0,0.0,4.0,0.0,0.97,1,966,2.4975024975024975E-4,-5.0,0.08849557522123894,0.04609144542772861,0.0,12.0,120000.0,0.0,0.0,4.0,0.0,0.97,1
114.0,917,0.08771929824561403,0.04568713450292397,25.0,8.0,80000.0,20000.0,13.0,1.0,0.0,0.97,2,314,2.4975024975024975E-4,-5.0,0.08771929824561403,0.04568713450292397,25.0,8.0,80000.0,20000.0,13.0,1.0,0.0,0.97,1
114.0,1377,0.08771929824561403,0.04568713450292397,0.0,8.0,80000.0,0.0,0.0,5.0,0.0,0.97,2,314,2.4975024975024975E-4,-5.0,0.08771929824561403,0.04568713450292397,0.0,8.0,80000.0,0.0,0.0,5.0,0.0,0.97,1
114.0,2281,0.08771929824561403,0.04568713450292397,0.0,8.0,80000.0,0.0,0.0,5.0,0.0,0.97,2,634,2.4975024975024975E-4,-5.0,0.08771929824561403,0.04568713450292397,0.0,8.0,80000.0,0.0,0.0,5.0,0.0,0.97,1
114.0,5697,0.08771929824561403,0.04568713450292397,0.0,12.0,120000.0,20000.0,3.0,2.0,0.0,0.97,2,634,2.4975024975024975E-4,-5.0,0.08771929824561403,0.04568713450292397,0.0,12.0,120000.0,20000.0,3.0,2.0,0.0,0.97,1
114.0,6590,0.08771929824561403,0.04568713450292397,0.0,12.0,120000.0,20000.0,3.0,5.0,0.0,0.97,1,997,2.4975024975024975E-4,-5.0,0.08771929824561403,0.04568713450292397,0.0,12.0,120000.0,20000.0,3.0,5.0,0.0,0.97,1
114.0,7502,0.08771929824561403,0.04568713450292397,12.5,12.0,120000.0,20000.0,4.0,5.0,0.0,0.97,1,997,2.4975024975024975E-4,-5.0,0.08771929824561403,0.04568713450292397,12.5,12.0,120000.0,20000.0,4.0,5.0,0.0,0.97,1
114.0,10188,0.08771929824561403,0.04568713450292397,0.0,12.0,120000.0,0.0,0.0,2.0,0.0,0.97,2,801,2.4975024975024975E-4,-5.0,0.08771929824561403,0.04568713450292397,0.0,12.0,120000.0,0.0,0.0,2.0,0.0,0.97,1
114.0,11082,0.08771929824561403,0.04568713450292397,0.0,12.0,120000.0,0.0,0.0,4.0,0.0,0.97,2,801,2.4975024975024975E-4,-5.0,0.08771929824561403,0.04568713450292397,0.0,12.0,120000.0,0.0,0.0,4.0,0.0,0.97,1
110.0,915,0.09090909090909091,0.04734848484848485,12.5,8.0,80000.0,20000.0,11.0,1.0,0.0,0.97,1,28,2.4975024975024975E-4,0.7491243750000004,0.0877115965519168,0.045683123204123335,12.5,8.0,80000.0,20000.0,12.0,1.0,0.0,0.97,0
115.0,19,0.08695652173913043,0.04528985507246377,0.0,8.0,80000.0,20000.0,3.0,2.0,0.0,0.97,1,43,2.4975024975024975E-4,-5.0,0.08695652173913043,0.04528985507246377,0.0,8.0,80000.0,20000.0,3.0,2.0,0.0,0.97,1
115.0,463,0.08695652173913043,0.04528985507246377,12.5,8.0,80000.0,20000.0,8.0,4.0,0.0,0.97,1,43,2.4975024975024975E-4,-5.0,0.08695652173913043,0.04528985507246377,12.5,8.0,80000.0,20000.0,8.0,4.0,0.0,0.97,1
115.0,3066,0.08695652173913043,0.04528985507246377,0.0,25.0,400000.0,0.0,0.0,5.0,0.0,0.97,3,43,2.4975024975024975E-4,-4.709,0.08695652173913043,0.04528985507246377,0.0,25.0,400000.0,0.0,0.0,5.0,0.0,0.97,1
115.0,6139,0.08695652173913043,0.04528985507246377,0.0,12.0,120000.0,20000.0,9.0,3.0,0.0,0.97,3,89,2.4975024975024975E-4,-4.709,0.08695652173913043,0.04528985507246377,0.0,12.0,120000.0,20000.0,9.0,3.0,0.0,0.97,1
115.0,7946,0.08695652173913043,0.04528985507246377,0.0,12.0,120000.0,20000.0,5.0,3.0,0.0,0.97,2,903,2.4975024975024975E-4,-5.0,0.08695652173913043,0.04528985507246377,0.0,12.0,120000.0,20000.0,5.0,3.0,0.0,0.97,1
115.0,8381,0.08695652173913043,0.04528985507246377,25.0,12.0,120000.0,20000.0,11.0,1.0,0.0,0.97,2,903,2.4975024975024975E-4,-5.0,0.08695652173913043,0.04528985507246377,25.0,12.0,120000.0,20000.0,11.0,1.0,0.0,0.97,1
115.0,11545,0.08695652173913043,0.04528985507246377,0.0,12.0,120000.0,0.0,0.0,2.0,0.0,0.97,2,903,2.4975024975024975E-4,-5.0,0.08695652173913043,0.04528985507246377,0.0,12.0,120000.0,0.0,0.0,2.0,0.0,0.97,1
115.0,12444,0.08695652173913043,0.04528985507246377,0.0,12.0,120000.0,0.0,0.0,4.0,0.0,0.97,2,903,2.4975024975024975E-4,-5.0,0.08695652173913043,0.04528985507246377,0.0,12.0,120000.0,0.0,0.0,4.0,0.0,0.97,1
95.0,3434,0.10526315789473684,0.05482456140350877,25.0,25.0,400000.0,20000.0,4.0,2.0,0.0,0.97,0,0,2.4975024975024975E-4,0.5990498000000001,0.08694895339979537,0.045285913229060094,37.5,25.0,400000.0,20000.0,5.0,2.0,0.0,0.97,0
95.0,4510,0.10526315789473684,0.05482456140350877,25.0,25.0,400000.0,20000.0,4.0,3.0,0.0,0.97,0,0,2.4975024975024975E-4,0.5987998000000001,0.08694895339979537,0.045285913229060094,50.0,25.0,400000.0,20000.0,6.0,3.0,0.0,0.97,0
109.0,8378,0.09174311926605505,0.047782874617737,12.5,12.0,120000.0,20000.0,10.0,1.0,0.0,0.97,0,0,2.4975024975024975E-4,0.749332916666667,0.08694895339979537,0.045285913229060094,12.5,12.0,120000.0,20000.0,10.0,1.0,0.0,0.97,0
95.0,2702,0.10526315789473684,0.05482456140350877,12.5,25.0,400000.0,20000.0,3.0,4.0,0.0,0.97,0,0,2.4975024975024975E-4,0.5995498000000001,0.08694895339979537,0.045285913229060094,12.5,25.0,400000.0,20000.0,3.0,4.0,0.0,0.97,0
110.0,7500,0.09090909090909091,0.04734848484848485,0.0,12.0,120000.0,20000.0,3.0,5.0,0.0,0.97,0,0,2.4975024975024975E-4,0.75,0.08620689655172414,0.04489942528735632,0.0,12.0,120000.0,20000.0,4.0,5.0,0.0,0.97,0
116.0,918,0.08620689655172414,0.04489942528735632,25.0,8.0,80000.0,20000.0,13.0,1.0,0.0,0.97,2,601,2.4975024975024975E-4,-5.0,0.08620689655172414,0.04489942528735632,25.0,8.0,80000.0,20000.0,13.0,1.0,0.0,0.97,1
116.0,1378,0.08620689655172414,0.04489942528735632,0.0,8.0,80000.0,0.0,0.0,5.0,0.0,0.97,2,601,2.4975024975024975E-4,-5.0,0.08620689655172414,0.04489942528735632,0.0,8.0,80000.0,0.0,0.0,5.0,0.0,0.97,1
116.0,2282,0.08620689655172414,0.04489942528735632,0.0,8.0,80000.0,0.0,0.0,5.0,0.0,0.97,1,214,2.4975024975024975E-4,-5.0,0.08620689655172414,0.04489942528735632,0.0,8.0,80000.0,0.0,0.0,5.0,0.0,0.97,1
116.0,2709,0.08620689655172414,0.04489942528735632,12.5,25.0,400000.0,20000.0,3.0,4.0,0.0,0.97,1,214,2.4975024975024975E-4,-5.0,0.08620689655172414,0.04489942528735632,12.5,25.0,400000.0,20000.0,3.0,4.0,0.0,0.97,1
116.0,3445,0.08620689655172414,0.04489942528735632,37.5,25.0,400000.0,20000.0,5.0,2.0,0.0,0.97,2,805,2.4975024975024975E-4,-5.0,0.08620689655172414,0.04489942528735632,37.5,25.0,400000.0,20000.0,5.0,2.0,0.0,0.97,1
116.0,4160,0.08620689655172414,0.04489942528735632,0.0,25.0,400000.0,0.0,0.0,1.0,0.0,0.97,2,805,2.4975024975024975E-4,-5.0,0.08620689655172414,0.04489942528735632,0.0,25.0,400000.0,0.0,0.0,1.0,0.0,0.97,1
116.0,4517,0.08620689655172414,0.04489942528735632,50.0,25.0,400000.0,20000.0,6.0,3.0,0.0,0.97,1,452,2.4975024975024975E-4,-5.0,0.08620689655172414,0.04489942528735632,50.0,25.0,400000.0,20000.0,6.0,3.0,0.0,0.97,1
116.0,6591,0.08620689655172414,0.04489942528735632,0.0,12.0,120000.0,20000.0,3.0,5.0,0.0,0.97,2,230,2.4975024975024975E-4,-5.0,0.08620689655172414,0.04489942528735632,0.0,12.0,120000.0,20000.0,3.0,5.0,0.0,0.97,1
116.0,7045,0.08620689655172414,0.04489942528735632,0.0,12.0,120000.0,20000.0,4.0,4.0,0.0,0.97,2,230,2.4975024975024975E-4,-5.0,0.08620689655172414,0.04489942528735632,0.0,12.0,120000.0,20000.0,4.0,4.0,0.0,0.97,1
116.0,10189,0.08620689655172414,0.04489942528735632,0.0,12.0,120000.0,0.0,0.0,2.0,0.0,0.97,1,839,2.4975024975024975E-4,-5.000249999999999,0.08620689655172414,0.04489942528735632,0.0,12.0,120000.0,0.0,0.0,2.0,0.0,0.97,1
116.0,11083,0.08620689655172414,0.04489942528735632,0.0,12.0,120000.0,0.0,0.0,4.0,0.0,0.97,2,40,2.4975024975024975E-4,-5.0,0.08620689655172414,0.04489942528735632,0.0,12.0,120000.0,0.0,0.0,4.0,0.0,0.97,1
117.0,20,0.08547008547008547,0.044515669515669515,0.0,8.0,80000.0,20000.0,3.0,2.0,0.0,0.97,2,40,2.4975024975024975E-4,-5.0,0.08547008547008547,0.044515669515669515,0.0,8.0,80000.0,20000.0,3.0,2.0,0.0,0.97,1
117.0,4520,0.08547008547008547,0.044515669515669515,50.0,25.0,400000.0,20000.0,6.0,3.0,0.0,0.97,2,372,2.4975024975024975E-4,-5.0,0.08547008547008547,0.044515669515669515,50.0,25.0,400000.0,20000.0,6.0,3.0,0.0,0.97,1
117.0,6140,0.08547008547008547,0.044515669515669515,0.0,12.0,120000.0,20000.0,10.0,3.0,0.0,0.97,2,372,2.4975024975024975E-4,-5.0,0.08547008547008547,0.044515669515669515,0.0,12.0,120000.0,20000.0,10.0,3.0,0.0,0.97,1
117.0,7947,0.08547008547008547,0.044515669515669515,0.0,12.0,120000.0,20000.0,5.0,3.0,0.0,0.97,3,975,2.4975024975024975E-4,-4.709,0.08547008547008547,0.044515669515669515,0.0,12.0,120000.0,20000.0,5.0,3.0,0.0,0.97,1
117.0,8382,0.08547008547008547,0.044515669515669515,12.5,12.0,120000.0,20000.0,11.0,1.0,0.0,0.97,3,975,2.4975024975024975E-4,-4.709,0.08547008547008547,0.044515669515669515,12.5,12.0,120000.0,20000.0,11.0,1.0,0.0,0.97,1
117.0,11546,0.08547008547008547,0.044515669515669515,0.0,12.0,120000.0,0.0,0.0,2.0,0.0,0.97,2,350,2.4975024975024975E-4,-5.0,0.08547008547008547,0.044515669515669515,0.0,12.0,120000.0,0.0,0.0,2.0,0.0,0.97,1
113.0,462,0.08849557522123894,0.04609144542772861,0.0,8.0,80000.0,20000.0,6.0,4.0,0.0,0.97,0,0,2.4975024975024975E-4,0.7491243750000004,0.0854627736550061,0.04451186127864901,12.5,8.0,80000.0,20000.0,8.0,4.0,0.0,0.97,0
113.0,927,0.08849557522123894,0.04609144542772861,12.5,8.0,80000.0,20000.0,11.0,1.0,0.0,0.97,0,0,2.4975024975024975E-4,0.7488743750000004,0.0854627736550061,0.04451186127864901,25.0,8.0,80000.0,20000.0,13.0,1.0,0.0,0.97,0
111.0,8379,0.09009009009009009,0.04692192192192192,25.0,12.0,120000.0,20000.0,11.0,1.0,0.0,0.97,1,504,2.4975024975024975E-4,0.749582916666667,0.0854627736550061,0.04451186127864901,0.0,12.0,120000.0,20000.0,10.0,1.0,0.0,0.97,0
118.0,475,0.0847457627118644,0.04413841807909605,12.5,8.0,80000.0,20000.0,8.0,4.0,0.0,0.97,2,350,2.4975024975024975E-4,-5.0,0.0847457627118644,0.04413841807909605,12.5,8.0,80000.0,20000.0,8.0,4.0,0.0,0.97,1
118.0,919,0.0847457627118644,0.04413841807909605,25.0,8.0,80000.0,20000.0,13.0,1.0,0.0,0.97,1,258,2.4975024975024975E-4,-5.0,0.0847457627118644,0.04413841807909605,25.0,8.0,80000.0,20000.0,13.0,1.0,0.0,0.97,1
118.0,1379,0.0847457627118644,0.04413841807909605,0.0,8.0,80000.0,0.0,0.0,5.0,0.0,0.97,1,258,2.4975024975024975E-4,-5.0,0.0847457627118644,0.04413841807909605,0.0,8.0,80000.0,0.0,0.0,5.0,0.0,0.97,1
118.0,2283,0.0847457627118644,0.04413841807909605,0.0,8.0,80000.0,0.0,0.0,5.0,0.0,0.97,2,300,2.4975024975024975E-4,-5.0,0.0847457627118644,0.04413841807909605,0.0,8.0,80000.0,0.0,0.0,5.0,0.0,0.97,1
118.0,3067,0.0847457627118644,0.04413841807909605,0.0,25.0,400000.0,0.0,0.0,5.0,0.0,0.97,2,300,2.4975024975024975E-4,-5.0,0.0847457627118644,0.04413841807909605,0.0,25.0,400000.0,0.0,0.0,5.0,0.0,0.97,1
118.0,5699,0.0847457627118644,0.04413841807909605,12.5,12.0,120000.0,20000.0,4.0,2.0,0.0,0.97,2,584,2.4975024975024975E-4,-5.0,0.0847457627118644,0.04413841807909605,12.5,12.0,120000.0,20000.0,4.0,2.0,0.0,0.97,1
118.0,7504,0.0847457627118644,0.04413841807909605,12.5,12.0,120000.0,20000.0,4.0,5.0,0.0,0.97,3,561,2.4975024975024975E-4,-4.709,0.0847457627118644,0.04413841807909605,12.5,12.0,120000.0,20000.0,4.0,5.0,0.0,0.97,1
118.0,10190,0.0847457627118644,0.04413841807909605,0.0,12.0,120000.0,0.0,0.0,2.0,0.0,0.97,3,561,2.4975024975024975E-4,-4.709,0.0847457627118644,0.04413841807909605,0.0,12.0,120000.0,0.0,0.0,2.0,0.0,0.97,1
118.0,11084,0.0847457627118644,0.04413841807909605,0.0,12.0,120000.0,0.0,0.0,4.0,0.0,0.97,3,561,2.4975024975024975E-4,-4.709,0.0847457627118644,0.04413841807909605,0.0,12.0,120000.0,0.0,0.0,4.0,0.0,0.97,1
98.0,4511,0.10204081632653061,0.053146258503401364,37.5,25.0,400000.0,20000.0,5.0,3.0,0.0,0.97,0,0,2.4975024975024975E-4,0.5990498000000001,0.08473857429551951,0.04413467411224975,37.5,25.0,400000.0,20000.0,5.0,3.0,0.0,0.97,0
119.0,2720,0.08403361344537816,0.04376750700280112,12.5,25.0,400000.0,20000.0,4.0,4.0,0.0,0.97,1,174,2.4975024975024975E-4,-5.0,0.08403361344537816,0.04376750700280112,12.5,25.0,400000.0,20000.0,4.0,4.0,0.0,0.97,1
119.0,3446,0.08403361344537816,0.04376750700280112,37.5,25.0,400000.0,20000.0,5.0,2.0,0.0,0.97,1,174,2.4975024975024975E-4,-5.0,0.08403361344537816,0.04376750700280112,37.5,25.0,400000.0,20000.0,5.0,2.0,0.0,0.97,1
119.0,4161,0.08403361344537816,0.04376750700280112,0.0,25.0,400000.0,0.0,0.0,1.0,0.0,0.97,2,916,2.4975024975024975E-4,-5.0,0.08403361344537816,0.04376750700280112,0.0,25.0,400000.0,0.0,0.0,1.0,0.0,0.97,1
119.0,4518,0.08403361344537816,0.04376750700280112,37.5,25.0,400000.0,20000.0,5.0,3.0,0.0,0.97,2,916,2.4975024975024975E-4,-5.0,0.08403361344537816,0.04376750700280112,37.5,25.0,400000.0,20000.0,5.0,3.0,0.0,0.97,1
119.0,6141,0.08403361344537816,0.04376750700280112,0.0,12.0,120000.0,20000.0,10.0,3.0,0.0,0.97,2,205,2.4975024975024975E-4,-5.0,0.08403361344537816,0.04376750700280112,0.0,12.0,120000.0,20000.0,10.0,3.0,0.0,0.97,1
119.0,7948,0.08403361344537816,0.04376750700280112,0.0,12.0,120000.0,20000.0,5.0,3.0,0.0,0.97,2,205,2.4975024975024975E-4,-5.0,0.08403361344537816,0.04376750700280112,0.0,12.0,120000.0,20000.0,5.0,3.0,0.0,0.97,1
119.0,11547,0.08403361344537816,0.04376750700280112,0.0,12.0,120000.0,0.0,0.0,2.0,0.0,0.97,2,439,2.4975024975024975E-4,-5.0,0.08403361344537816,0.04376750700280112,0.0,12.0,120000.0,0.0,0.0,2.0,0.0,0.97,1
115.0,928,0.08695652173913043,0.04528985507246377,12.5,8.0,80000.0,20000.0,12.0,1.0,0.0,0.97,0,0,2.4975024975024975E-4,0.7488743750000004,0.0840265453300945,0.04376382569275755,25.0,8.0,80000.0,20000.0,13.0,1.0,0.0,0.97,0
120.0,476,0.08333333333333334,0.043402777777777776,25.0,8.0,80000.0,20000.0,9.0,4.0,0.0,0.97,1,375,2.4975024975024975E-4,-5.0,0.08333333333333334,0.043402777777777776,25.0,8.0,80000.0,20000.0,9.0,4.0,0.0,0.97,1
120.0,1380,0.08333333333333334,0.043402777777777776,0.0,8.0,80000.0,0.0,0.0,5.0,0.0,0.97,3,935,2.4975024975024975E-4,-4.709,0.08333333333333334,0.043402777777777776,0.0,8.0,80000.0,0.0,0.0,5.0,0.0,0.97,1
120.0,2284,0.08333333333333334,0.043402777777777776,0.0,8.0,80000.0,0.0,0.0,5.0,0.0,0.97,3,935,2.4975024975024975E-4,-4.709,0.08333333333333334,0.043402777777777776,0.0,8.0,80000.0,0.0,0.0,5.0,0.0,0.97,1
120.0,4521,0.08333333333333334,0.043402777777777776,37.5,25.0,400000.0,20000.0,5.0,3.0,0.0,0.97,3,537,2.4975024975024975E-4,-4.709,0.08333333333333334,0.043402777777777776,37.5,25.0,400000.0,20000.0,5.0,3.0,0.0,0.97,1
120.0,5700,0.08333333333333334,0.043402777777777776,12.5,12.0,120000.0,20000.0,4.0,2.0,0.0,0.97,3,537,2.4975024975024975E-4,-4.709,0.08333333333333334,0.043402777777777776,12.5,12.0,120000.0,20000.0,4.0,2.0,0.0,0.97,1
120.0,7505,0.08333333333333334,0.043402777777777776,12.5,12.0,120000.0,20000.0,4.0,5.0,0.0,0.97,2,526,2.4975024975024975E-4,-5.0,0.08333333333333334,0.043402777777777776,12.5,12.0,120000.0,20000.0,4.0,5.0,0.0,0.97,1
120.0,9745,0.08333333333333334,0.043402777777777776,0.0,12.0,120000.0,0.0,0.0,3.0,0.0,0.97,2,526,2.4975024975024975E-4,-5.0,0.08333333333333334,0.043402777777777776,0.0,12.0,120000.0,0.0,0.0,3.0,0.0,0.97,1
120.0,10191,0.08333333333333334,0.043402777777777776,0.0,12.0,120000.0,0.0,0.0,2.0,0.0,0.97,3,478,2.4975024975024975E-4,-4.709,0.08333333333333334,0.043402777777777776,0.0,12.0,120000.0,0.0,0.0,2.0,0.0,0.97,1
120.0,11085,0.08333333333333334,0.043402777777777776,0.0,12.0,120000.0,0.0,0.0,4.0,0.0,0.97,3,478,2.4975024975024975E-4,-4.709,0.08333333333333334,0.043402777777777776,0.0,12.0,120000.0,0.0,0.0,4.0,0.0,0.97,1
121.0,22,0.08264462809917356,0.04304407713498623,12.5,8.0,80000.0,20000.0,4.0,2.0,0.0,0.97,3,976,2.4975024975024975E-4,-4.709,0.08264462809917356,0.04304407713498623,12.5,8.0,80000.0,20000.0,4.0,2.0,0.0,0.97,1
121.0,466,0.08264462809917356,0.04304407713498623,25.0,8.0,80000.0,20000.0,9.0,4.0,0.0,0.97,3,976,2.4975024975024975E-4,-4.709,0.08264462809917356,0.04304407713498623,25.0,8.0,80000.0,20000.0,9.0,4.0,0.0,0.97,1
121.0,931,0.08264462809917356,0.04304407713498623,37.5,8.0,80000.0,20000.0,14.0,1.0,0.0,0.97,1,11,2.4975024975024975E-4,-5.000500000000001,0.08264462809917356,0.04304407713498623,37.5,8.0,80000.0,20000.0,14.0,1.0,0.0,0.97,1
121.0,3068,0.08264462809917356,0.04304407713498623,0.0,25.0,400000.0,0.0,0.0,5.0,0.0,0.97,1,11,2.4975024975024975E-4,-5.0,0.08264462809917356,0.04304407713498623,0.0,25.0,400000.0,0.0,0.0,5.0,0.0,0.97,1
121.0,6142,0.08264462809917356,0.04304407713498623,0.0,12.0,120000.0,20000.0,11.0,3.0,0.0,0.97,3,519,2.4975024975024975E-4,-4.709,0.08264462809917356,0.04304407713498623,0.0,12.0,120000.0,20000.0,11.0,3.0,0.0,0.97,1
121.0,7949,0.08264462809917356,0.04304407713498623,0.0,12.0,120000.0,20000.0,5.0,3.0,0.0,0.97,3,519,2.4975024975024975E-4,-4.709,0.08264462809917356,0.04304407713498623,0.0,12.0,120000.0,20000.0,5.0,3.0,0.0,0.97,1
121.0,11548,0.08264462809917356,0.04304407713498623,0.0,12.0,120000.0,0.0,0.0,2.0,0.0,0.97,3,473,2.4975024975024975E-4,-4.709,0.08264462809917356,0.04304407713498623,0.0,12.0,120000.0,0.0,0.0,2.0,0.0,0.97,1
117.0,464,0.08547008547008547,0.044515669515669515,12.5,8.0,80000.0,20000.0,8.0,4.0,0.0,0.97,0,0,2.4975024975024975E-4,0.7491243750000004,0.082637791700042,0.043040516510438546,12.5,8.0,80000.0,20000.0,8.0,4.0,0.0,0.97,0
117.0,929,0.08547008547008547,0.044515669515669515,25.0,8.0,80000.0,20000.0,13.0,1.0,0.0,0.97,0,0,2.4975024975024975E-4,0.7488743750000004,0.082637791700042,0.043040516510438546,25.0,8.0,80000.0,20000.0,13.0,1.0,0.0,0.97,0
116.0,5698,0.08620689655172414,0.04489942528735632,0.0,12.0,120000.0,20000.0,3.0,2.0,0.0,0.97,1,452,2.4975024975024975E-4,0.75,0.08196721311475409,0.0426912568306011,0.0,12.0,120000.0,20000.0,4.0,2.0,0.0,0.97,0
122.0,477,0.08196721311475409,0.0426912568306011,12.5,8.0,80000.0,20000.0,8.0,4.0,0.0,0.97,3,473,2.4975024975024975E-4,-4.709,0.08196721311475409,0.0426912568306011,12.5,8.0,80000.0,20000.0,8.0,4.0,0.0,0.97,1
122.0,1381,0.08196721311475409,0.0426912568306011,0.0,8.0,80000.0,0.0,0.0,5.0,0.0,0.97,1,624,2.4975024975024975E-4,-5.0,0.08196721311475409,0.0426912568306011,0.0,8.0,80000.0,0.0,0.0,5.0,0.0,0.97,1
122.0,2285,0.08196721311475409,0.0426912568306011,0.0,8.0,80000.0,0.0,0.0,5.0,0.0,0.97,3,534,2.4975024975024975E-4,-4.709,0.08196721311475409,0.0426912568306011,0.0,8.0,80000.0,0.0,0.0,5.0,0.0,0.97,1
122.0,2711,0.08196721311475409,0.0426912568306011,25.0,25.0,400000.0,20000.0,4.0,4.0,0.0,0.97,3,534,2.4975024975024975E-4,-4.709,0.08196721311475409,0.0426912568306011,25.0,25.0,400000.0,20000.0,4.0,4.0,0.0,0.97,1
122.0,2721,0.08196721311475409,0.0426912568306011,25.0,25.0,400000.0,20000.0,4.0,4.0,0.0,0.97,3,410,2.4975024975024975E-4,-4.709,0.08196721311475409,0.0426912568306011,25.0,25.0,400000.0,20000.0,4.0,4.0,0.0,0.97,1
122.0,3447,0.08196721311475409,0.0426912568306011,37.5,25.0,400000.0,20000.0,5.0,2.0,0.0,0.97,2,588,2.4975024975024975E-4,-5.0,0.08196721311475409,0.0426912568306011,37.5,25.0,400000.0,20000.0,5.0,2.0,0.0,0.97,1
122.0,3800,0.08196721311475409,0.0426912568306011,0.0,25.0,400000.0,20000.0,6.0,0.0,0.0,0.97,2,588,2.4975024975024975E-4,-5.0,0.08196721311475409,0.0426912568306011,0.0,25.0,400000.0,20000.0,6.0,0.0,0.0,0.97,1
122.0,4162,0.08196721311475409,0.0426912568306011,0.0,25.0,400000.0,0.0,0.0,1.0,0.0,0.97,2,588,2.4975024975024975E-4,-5.0,0.08196721311475409,0.0426912568306011,0.0,25.0,400000.0,0.0,0.0,1.0,0.0,0.97,1
122.0,9746,0.08196721311475409,0.0426912568306011,0.0,12.0,120000.0,0.0,0.0,3.0,0.0,0.97,2,588,2.4975024975024975E-4,-5.0,0.08196721311475409,0.0426912568306011,0.0,12.0,120000.0,0.0,0.0,3.0,0.0,0.97,1
122.0,10192,0.08196721311475409,0.0426912568306011,0.0,12.0,120000.0,0.0,0.0,2.0,0.0,0.97,3,893,2.4975024975024975E-4,-4.709,0.08196721311475409,0.0426912568306011,0.0,12.0,120000.0,0.0,0.0,2.0,0.0,0.97,1
122.0,11086,0.08196721311475409,0.0426912568306011,0.0,12.0,120000.0,0.0,0.0,4.0,0.0,0.97,3,893,2.4975024975024975E-4,-4.709,0.08196721311475409,0.0426912568306011,0.0,12.0,120000.0,0.0,0.0,4.0,0.0,0.97,1
116.0,7503,0.08620689655172414,0.04489942528735632,0.0,12.0,120000.0,20000.0,3.0,5.0,0.0,0.97,1,839,2.4975024975024975E-4,0.749332916666667,0.08196048832386785,0.04268775433534784,12.5,12.0,120000.0,20000.0,4.0,5.0,0.0,0.97,0
119.0,21,0.08403361344537816,0.04376750700280112,0.0,8.0,80000.0,20000.0,3.0,2.0,0.0,0.97,0,0,2.4975024975024975E-4,0.75,0.08130081300813008,0.04234417344173442,0.0,8.0,80000.0,20000.0,4.0,2.0,0.0,0.97,0
123.0,932,0.08130081300813008,0.04234417344173442,37.5,8.0,80000.0,20000.0,14.0,1.0,0.0,0.97,2,124,2.4975024975024975E-4,-5.0,0.08130081300813008,0.04234417344173442,37.5,8.0,80000.0,20000.0,14.0,1.0,0.0,0.97,1
123.0,4522,0.08130081300813008,0.04234417344173442,50.0,25.0,400000.0,20000.0,6.0,3.0,0.0,0.97,2,124,2.4975024975024975E-4,-5.0,0.08130081300813008,0.04234417344173442,50.0,25.0,400000.0,20000.0,6.0,3.0,0.0,0.97,1
123.0,6143,0.08130081300813008,0.04234417344173442,0.0,12.0,120000.0,20000.0,11.0,3.0,0.0,0.97,1,661,2.4975024975024975E-4,-5.0,0.08130081300813008,0.04234417344173442,0.0,12.0,120000.0,20000.0,11.0,3.0,0.0,0.97,1
123.0,7950,0.08130081300813008,0.04234417344173442,0.0,12.0,120000.0,20000.0,5.0,3.0,0.0,0.97,1,661,2.4975024975024975E-4,-5.0,0.08130081300813008,0.04234417344173442,0.0,12.0,120000.0,20000.0,5.0,3.0,0.0,0.97,1
123.0,11549,0.08130081300813008,0.04234417344173442,0.0,12.0,120000.0,0.0,0.0,2.0,0.0,0.97,3,52,2.4975024975024975E-4,-4.709,0.08130081300813008,0.04234417344173442,0.0,12.0,120000.0,0.0,0.0,2.0,0.0,0.97,1
119.0,465,0.08403361344537816,0.04376750700280112,12.5,8.0,80000.0,20000.0,8.0,4.0,0.0,0.97,0,0,2.4975024975024975E-4,0.7491243750000004,0.08129419711452751,0.04234072766381641,12.5,8.0,80000.0,20000.0,8.0,4.0,0.0,0.97,0
119.0,930,0.08403361344537816,0.04376750700280112,25.0,8.0,80000.0,20000.0,13.0,1.0,0.0,0.97,0,0,2.4975024975024975E-4,0.7488743750000004,0.08129419711452751,0.04234072766381641,25.0,8.0,80000.0,20000.0,13.0,1.0,0.0,0.97,0
118.0,6592,0.0847457627118644,0.04413841807909605,0.0,12.0,120000.0,20000.0,3.0,5.0,0.0,0.97,0,0,2.4975024975024975E-4,0.7495,0.08064516129032258,0.042002688172043015,25.0,12.0,120000.0,20000.0,5.0,5.0,0.0,0.97,0
118.0,7046,0.0847457627118644,0.04413841807909605,0.0,12.0,120000.0,20000.0,4.0,4.0,0.0,0.97,0,0,2.4975024975024975E-4,0.7495,0.08064516129032258,0.042002688172043015,25.0,12.0,120000.0,20000.0,6.0,4.0,0.0,0.97,0
124.0,478,0.08064516129032258,0.042002688172043015,12.5,8.0,80000.0,20000.0,8.0,4.0,0.0,0.97,3,52,2.4975024975024975E-4,-4.709,0.08064516129032258,0.042002688172043015,12.5,8.0,80000.0,20000.0,8.0,4.0,0.0,0.97,1
124.0,1382,0.08064516129032258,0.042002688172043015,0.0,8.0,80000.0,0.0,0.0,5.0,0.0,0.97,1,570,2.4975024975024975E-4,-5.0,0.08064516129032258,0.042002688172043015,0.0,8.0,80000.0,0.0,0.0,5.0,0.0,0.97,1
124.0,2286,0.08064516129032258,0.042002688172043015,0.0,8.0,80000.0,0.0,0.0,5.0,0.0,0.97,2,904,2.4975024975024975E-4,-5.0,0.08064516129032258,0.042002688172043015,0.0,8.0,80000.0,0.0,0.0,5.0,0.0,0.97,1
124.0,3069,0.08064516129032258,0.042002688172043015,0.0,25.0,400000.0,0.0,0.0,5.0,0.0,0.97,2,904,2.4975024975024975E-4,-5.0,0.08064516129032258,0.042002688172043015,0.0,25.0,400000.0,0.0,0.0,5.0,0.0,0.97,1
124.0,5702,0.08064516129032258,0.042002688172043015,12.5,12.0,120000.0,20000.0,4.0,2.0,0.0,0.97,3,926,2.4975024975024975E-4,-4.709,0.08064516129032258,0.042002688172043015,12.5,12.0,120000.0,20000.0,4.0,2.0,0.0,0.97,1
124.0,7049,0.08064516129032258,0.042002688172043015,25.0,12.0,120000.0,20000.0,6.0,4.0,0.0,0.97,3,926,2.4975024975024975E-4,-4.709,0.08064516129032258,0.042002688172043015,25.0,12.0,120000.0,20000.0,6.0,4.0,0.0,0.97,1
124.0,7507,0.08064516129032258,0.042002688172043015,12.5,12.0,120000.0,20000.0,4.0,5.0,0.0,0.97,2,486,2.4975024975024975E-4,-5.0,0.08064516129032258,0.042002688172043015,12.5,12.0,120000.0,20000.0,4.0,5.0,0.0,0.97,1
124.0,9747,0.08064516129032258,0.042002688172043015,0.0,12.0,120000.0,0.0,0.0,3.0,0.0,0.97,2,486,2.4975024975024975E-4,-5.0,0.08064516129032258,0.042002688172043015,0.0,12.0,120000.0,0.0,0.0,3.0,0.0,0.97,1
124.0,10193,0.08064516129032258,0.042002688172043015,0.0,12.0,120000.0,0.0,0.0,2.0,0.0,0.97,2,350,2.4975024975024975E-4,-5.0,0.08064516129032258,0.042002688172043015,0.0,12.0,120000.0,0.0,0.0,2.0,0.0,0.97,1
124.0,11087,0.08064516129032258,0.042002688172043015,0.0,12.0,120000.0,0.0,0.0,4.0,0.0,0.97,2,350,2.4975024975024975E-4,-5.0,0.08064516129032258,0.042002688172043015,0.0,12.0,120000.0,0.0,0.0,4.0,0.0,0.97,1
120.0,920,0.08333333333333334,0.043402777777777776,25.0,8.0,80000.0,20000.0,13.0,1.0,0.0,0.97,1,375,2.4975024975024975E-4,0.7488743750000004,0.08063865167013533,0.04199929774486216,25.0,8.0,80000.0,20000.0,13.0,1.0,0.0,0.97,0
104.0,3441,0.09615384615384616,0.05008012820512821,25.0,25.0,400000.0,20000.0,4.0,2.0,0.0,0.97,0,0,2.4975024975024975E-4,0.5992998000000002,0.08063865167013533,0.04199929774486216,25.0,25.0,400000.0,20000.0,4.0,2.0,0.0,0.97,0
104.0,4513,0.09615384615384616,0.05008012820512821,37.5,25.0,400000.0,20000.0,5.0,3.0,0.0,0.97,0,0,2.4975024975024975E-4,0.5990498000000001,0.08063865167013533,0.04199929774486216,37.5,25.0,400000.0,20000.0,5.0,3.0,0.0,0.97,0
119.0,8383,0.08403361344537816,0.04376750700280112,0.0,12.0,120000.0,20000.0,11.0,1.0,0.0,0.97,1,320,2.4975024975024975E-4,0.749,0.08,0.04166666666666667,50.0,12.0,120000.0,20000.0,16.0,1.0,0.0,0.97,0
119.0,8395,0.08403361344537816,0.04376750700280112,0.0,12.0,120000.0,20000.0,12.0,1.0,0.0,0.97,1,320,2.4975024975024975E-4,0.749,0.08,0.04166666666666667,50.0,12.0,120000.0,20000.0,16.0,1.0,0.0,0.97,0
125.0,24,0.08,0.04166666666666667,12.5,8.0,80000.0,20000.0,4.0,2.0,0.0,0.97,1,14,2.4975024975024975E-4,-5.0,0.08,0.04166666666666667,12.5,8.0,80000.0,20000.0,4.0,2.0,0.0,0.97,1
125.0,468,0.08,0.04166666666666667,12.5,8.0,80000.0,20000.0,8.0,4.0,0.0,0.97,1,14,2.4975024975024975E-4,-5.0,0.08,0.04166666666666667,12.5,8.0,80000.0,20000.0,8.0,4.0,0.0,0.97,1
125.0,933,0.08,0.04166666666666667,25.0,8.0,80000.0,20000.0,13.0,1.0,0.0,0.97,2,775,2.4975024975024975E-4,-5.0,0.08,0.04166666666666667,25.0,8.0,80000.0,20000.0,13.0,1.0,0.0,0.97,1
125.0,2712,0.08,0.04166666666666667,25.0,25.0,400000.0,20000.0,4.0,4.0,0.0,0.97,2,775,2.4975024975024975E-4,-5.0,0.08,0.04166666666666667,25.0,25.0,400000.0,20000.0,4.0,4.0,0.0,0.97,1
125.0,2722,0.08,0.04166666666666667,25.0,25.0,400000.0,20000.0,4.0,4.0,0.0,0.97,1,292,2.4975024975024975E-4,-5.0,0.08,0.04166666666666667,25.0,25.0,400000.0,20000.0,4.0,4.0,0.0,0.97,1
125.0,3448,0.08,0.04166666666666667,25.0,25.0,400000.0,20000.0,4.0,2.0,0.0,0.97,1,292,2.4975024975024975E-4,-5.0,0.08,0.04166666666666667,25.0,25.0,400000.0,20000.0,4.0,2.0,0.0,0.97,1
125.0,4163,0.08,0.04166666666666667,0.0,25.0,400000.0,0.0,0.0,1.0,0.0,0.97,3,292,2.4975024975024975E-4,-4.709,0.08,0.04166666666666667,0.0,25.0,400000.0,0.0,0.0,1.0,0.0,0.97,1
125.0,6144,0.08,0.04166666666666667,0.0,12.0,120000.0,20000.0,12.0,3.0,0.0,0.97,2,353,2.4975024975024975E-4,-5.0,0.08,0.04166666666666667,0.0,12.0,120000.0,20000.0,12.0,3.0,0.0,0.97,1
125.0,7951,0.08,0.04166666666666667,0.0,12.0,120000.0,20000.0,5.0,3.0,0.0,0.97,2,353,2.4975024975024975E-4,-5.0,0.08,0.04166666666666667,0.0,12.0,120000.0,20000.0,5.0,3.0,0.0,0.97,1
125.0,8386,0.08,0.04166666666666667,50.0,12.0,120000.0,20000.0,16.0,1.0,0.0,0.97,3,443,2.4975024975024975E-4,-4.709,0.08,0.04166666666666667,50.0,12.0,120000.0,20000.0,16.0,1.0,0.0,0.97,1
125.0,8398,0.08,0.04166666666666667,50.0,12.0,120000.0,20000.0,16.0,1.0,0.0,0.97,3,443,2.4975024975024975E-4,-4.709,0.08,0.04166666666666667,50.0,12.0,120000.0,20000.0,16.0,1.0,0.0,0.97,1
125.0,10195,0.08,0.04166666666666667,0.0,12.0,120000.0,0.0,0.0,2.0,0.0,0.97,2,446,2.4975024975024975E-4,-5.0,0.08,0.04166666666666667,0.0,12.0,120000.0,0.0,0.0,2.0,0.0,0.97,1
125.0,11550,0.08,0.04166666666666667,0.0,12.0,120000.0,0.0,0.0,2.0,0.0,0.97,2,446,2.4975024975024975E-4,-5.0,0.08,0.04166666666666667,0.0,12.0,120000.0,0.0,0.0,2.0,0.0,0.97,1
126.0,1383,0.07936507936507936,0.04133597883597884,0.0,8.0,80000.0,0.0,0.0,5.0,0.0,0.97,3,159,2.4975024975024975E-4,-4.709,0.07936507936507936,0.04133597883597884,0.0,8.0,80000.0,0.0,0.0,5.0,0.0,0.97,1
126.0,2287,0.07936507936507936,0.04133597883597884,0.0,8.0,80000.0,0.0,0.0,5.0,0.0,0.97,3,159,2.4975024975024975E-4,-4.709,0.07936507936507936,0.04133597883597884,0.0,8.0,80000.0,0.0,0.0,5.0,0.0,0.97,1
126.0,7050,0.07936507936507936,0.04133597883597884,25.0,12.0,120000.0,20000.0,6.0,4.0,0.0,0.97,1,962,2.4975024975024975E-4,-5.0,0.07936507936507936,0.04133597883597884,25.0,12.0,120000.0,20000.0,6.0,4.0,0.0,0.97,1
126.0,7508,0.07936507936507936,0.04133597883597884,12.5,12.0,120000.0,20000.0,4.0,5.0,0.0,0.97,1,962,2.4975024975024975E-4,-5.0,0.07936507936507936,0.04133597883597884,12.5,12.0,120000.0,20000.0,4.0,5.0,0.0,0.97,1
126.0,9748,0.07936507936507936,0.04133597883597884,0.0,12.0,120000.0,0.0,0.0,3.0,0.0,0.97,3,164,2.4975024975024975E-4,-4.709,0.07936507936507936,0.04133597883597884,0.0,12.0,120000.0,0.0,0.0,3.0,0.0,0.97,1
126.0,10194,0.07936507936507936,0.04133597883597884,0.0,12.0,120000.0,0.0,0.0,2.0,0.0,0.97,3,164,2.4975024975024975E-4,-4.709,0.07936507936507936,0.04133597883597884,0.0,12.0,120000.0,0.0,0.0,2.0,0.0,0.97,1
126.0,11088,0.07936507936507936,0.04133597883597884,0.0,12.0,120000.0,0.0,0.0,4.0,0.0,0.97,3,324,2.4975024975024975E-4,-4.709,0.07936507936507936,0.04133597883597884,0.0,12.0,120000.0,0.0,0.0,4.0,0.0,0.97,1
120.0,6593,0.08333333333333334,0.043402777777777776,12.5,12.0,120000.0,20000.0,4.0,5.0,0.0,0.97,0,0,2.4975024975024975E-4,0.749332916666667,0.07935877475130745,0.04133269518297263,12.5,12.0,120000.0,20000.0,4.0,5.0,0.0,0.97,0
122.0,921,0.08196721311475409,0.0426912568306011,25.0,8.0,80000.0,20000.0,13.0,1.0,0.0,0.97,1,624,2.4975024975024975E-4,0.7488743750000004,0.07935877475130745,0.04133269518297263,25.0,8.0,80000.0,20000.0,13.0,1.0,0.0,0.97,0
120.0,7047,0.08333333333333334,0.043402777777777776,12.5,12.0,120000.0,20000.0,5.0,4.0,0.0,0.97,0,0,2.4975024975024975E-4,0.749332916666667,0.07935877475130745,0.04133269518297263,12.5,12.0,120000.0,20000.0,5.0,4.0,0.0,0.97,0
127.0,469,0.07874015748031496,0.04101049868766404,25.0,8.0,80000.0,20000.0,9.0,4.0,0.0,0.97,3,324,2.4975024975024975E-4,-4.709,0.07874015748031496,0.04101049868766404,25.0,8.0,80000.0,20000.0,9.0,4.0,0.0,0.97,1
127.0,934,0.07874015748031496,0.04101049868766404,25.0,8.0,80000.0,20000.0,13.0,1.0,0.0,0.97,2,157,2.4975024975024975E-4,-5.0,0.07874015748031496,0.04101049868766404,25.0,8.0,80000.0,20000.0,13.0,1.0,0.0,0.97,1
127.0,3070,0.07874015748031496,0.04101049868766404,0.0,25.0,400000.0,0.0,0.0,5.0,0.0,0.97,2,157,2.4975024975024975E-4,-5.0,0.07874015748031496,0.04101049868766404,0.0,25.0,400000.0,0.0,0.0,5.0,0.0,0.97,1
127.0,7952,0.07874015748031496,0.04101049868766404,0.0,12.0,120000.0,20000.0,5.0,3.0,0.0,0.97,2,227,2.4975024975024975E-4,-5.0,0.07874015748031496,0.04101049868766404,0.0,12.0,120000.0,20000.0,5.0,3.0,0.0,0.97,1
127.0,10196,0.07874015748031496,0.04101049868766404,0.0,12.0,120000.0,0.0,0.0,2.0,0.0,0.97,3,107,2.4975024975024975E-4,-4.709,0.07874015748031496,0.04101049868766404,0.0,12.0,120000.0,0.0,0.0,2.0,0.0,0.97,1
127.0,11551,0.07874015748031496,0.04101049868766404,0.0,12.0,120000.0,0.0,0.0,2.0,0.0,0.97,3,107,2.4975024975024975E-4,-4.709,0.07874015748031496,0.04101049868766404,0.0,12.0,120000.0,0.0,0.0,2.0,0.0,0.97,1
123.0,467,0.08130081300813008,0.04234417344173442,12.5,8.0,80000.0,20000.0,8.0,4.0,0.0,0.97,0,0,2.4975024975024975E-4,0.7491243750000004,0.07873395175703081,0.04100726654012021,12.5,8.0,80000.0,20000.0,8.0,4.0,0.0,0.97,0
107.0,3438,0.09345794392523366,0.04867601246105918,37.5,25.0,400000.0,20000.0,5.0,2.0,0.0,0.97,0,0,2.4975024975024975E-4,0.5995498000000001,0.07873395175703081,0.04100726654012021,12.5,25.0,400000.0,20000.0,3.0,2.0,0.0,0.97,0
123.0,23,0.08130081300813008,0.04234417344173442,0.0,8.0,80000.0,20000.0,3.0,2.0,0.0,0.97,0,0,2.4975024975024975E-4,0.7493743750000004,0.07873395175703081,0.04100726654012021,0.0,8.0,80000.0,20000.0,3.0,2.0,0.0,0.97,0
121.0,8384,0.08264462809917356,0.04304407713498623,25.0,12.0,120000.0,20000.0,14.0,1.0,0.0,0.97,1,448,2.4975024975024975E-4,0.748582916666667,0.07873395175703081,0.04100726654012021,50.0,12.0,120000.0,20000.0,16.0,1.0,0.0,0.97,0
121.0,8396,0.08264462809917356,0.04304407713498623,25.0,12.0,120000.0,20000.0,15.0,1.0,0.0,0.97,1,448,2.4975024975024975E-4,0.748582916666667,0.07873395175703081,0.04100726654012021,50.0,12.0,120000.0,20000.0,16.0,1.0,0.0,0.97,0
107.0,2706,0.09345794392523366,0.04867601246105918,25.0,25.0,400000.0,20000.0,4.0,4.0,0.0,0.97,0,0,2.4975024975024975E-4,0.5995498000000001,0.07873395175703081,0.04100726654012021,12.5,25.0,400000.0,20000.0,3.0,4.0,0.0,0.97,0
