time,task_id,s0,s1,s2,s3,s4,s5,s6,s7,s8,action_offload,action_prb_ratio,action_prob,reward,s_next0,s_next1,s_next2,s_next3,s_next4,s_next5,s_next6,s_next7,s_next8,done
45.0,2160,0.0,0.0,0.0,12.0,120000.0,0.0,0.0,0.0,1.0,2,0.0,1.0,-4.930000000000001,0.0,0.0,0.0,12.0,120000.0,0.0,0.0,0.0,1.0,1
47.0,2161,0.0,0.0,0.0,12.0,120000.0,0.0,0.0,0.0,1.0,3,0.0,1.0,-4.930000000000001,0.0,0.0,0.0,12.0,120000.0,0.0,0.0,0.0,1.0,1
49.0,2162,0.0,0.0,0.0,12.0,120000.0,0.0,0.0,0.0,1.0,3,0.0,1.0,-4.930000000000001,0.0,0.0,0.0,12.0,120000.0,0.0,0.0,0.0,1.0,1
51.0,2163,0.0,0.0,0.0,12.0,120000.0,0.0,0.0,0.0,1.0,3,0.0,1.0,-4.930000000000001,0.0,0.0,0.0,12.0,120000.0,0.0,0.0,0.0,1.0,1
46.0,810,0.0,0.0,0.0,12.0,120000.0,20000.0,1.0,0.0,1.0,0,0.0,1.0,9.7995,0.0,0.0,25.0,12.0,120000.0,20000.0,4.0,0.0,1.0,0
53.0,2164,0.0,0.0,0.0,12.0,120000.0,0.0,0.0,0.0,1.0,3,0.0,1.0,-4.930000000000001,0.0,0.0,0.0,12.0,120000.0,0.0,0.0,0.0,1.0,1
48.0,811,0.0,0.0,12.5,12.0,120000.0,20000.0,2.0,0.0,1.0,0,0.0,1.0,9.799032916666667,0.0,0.0,25.0,12.0,120000.0,20000.0,3.0,0.0,0.999,0
50.0,812,0.0,0.0,25.0,12.0,120000.0,20000.0,3.0,0.0,1.0,0,0.0,1.0,9.799182916666666,0.0,0.0,12.5,12.0,120000.0,20000.0,2.0,0.0,0.997,0
52.0,813,0.0,0.0,25.0,12.0,120000.0,20000.0,3.0,0.0,1.0,0,0.0,1.0,9.799332916666666,0.0,0.0,0.0,12.0,120000.0,20000.0,1.0,0.0,0.995,0
67.0,1,0.0,0.0,0.0,8.0,80000.0,0.0,0.0,1.0,0.987,2,0.0,1.0,-4.93065,0.0,0.0,0.0,8.0,80000.0,0.0,0.0,1.0,0.987,1
69.0,2,0.0,0.0,0.0,8.0,80000.0,0.0,0.0,1.0,0.986,2,0.0,1.0,-4.9307,0.0,0.0,0.0,8.0,80000.0,0.0,0.0,1.0,0.986,1
69.0,1710,0.0,0.0,0.0,12.0,120000.0,0.0,0.0,1.0,0.986,1,0.0,1.0,-4.9307,0.0,0.0,0.0,12.0,120000.0,0.0,0.0,1.0,0.986,1
69.0,2172,0.0,0.0,0.0,12.0,120000.0,0.0,0.0,0.0,0.986,2,0.0,1.0,-4.9307,0.0,0.0,0.0,12.0,120000.0,0.0,0.0,0.0,0.986,1
71.0,3,0.0,0.0,0.0,8.0,80000.0,0.0,0.0,1.0,0.986,1,0.0,1.0,-4.9307,0.0,0.0,0.0,8.0,80000.0,0.0,0.0,1.0,0.986,1
71.0,2173,0.0,0.0,0.0,12.0,120000.0,0.0,0.0,0.0,0.986,2,0.0,1.0,-4.930750000000001,0.0,0.0,0.0,12.0,120000.0,0.0,0.0,0.0,0.985,1
66.0,820,0.0,0.0,0.0,12.0,120000.0,20000.0,1.0,0.0,0.987,0,0.0,1.0,9.79875,0.0,0.0,25.0,12.0,120000.0,20000.0,4.0,0.0,0.985,0
73.0,2174,0.0,0.0,0.0,12.0,120000.0,0.0,0.0,0.0,0.984,2,0.0,1.0,-4.9309,0.0,0.0,0.0,12.0,120000.0,0.0,0.0,0.0,0.982,1
68.0,1260,0.0,0.0,0.0,12.0,120000.0,20000.0,1.0,0.0,0.986,0,0.0,1.0,9.798599999999999,0.0,0.0,25.0,12.0,120000.0,20000.0,3.0,0.0,0.982,0
68.0,821,0.0,0.0,12.5,12.0,120000.0,20000.0,2.0,0.0,0.986,0,0.0,1.0,9.798032916666665,0.0,0.0,25.0,12.0,120000.0,20000.0,3.0,0.0,0.979,0
71.0,1711,0.0,0.0,0.0,12.0,120000.0,0.0,0.0,1.0,0.986,1,0.1,1.0,9.902083333333334,0.0,0.0,0.0,12.0,120000.0,0.0,0.0,1.0,0.98,0
70.0,822,0.0,0.0,25.0,12.0,120000.0,20000.0,3.0,0.0,0.986,0,0.0,1.0,9.798132916666667,0.0,0.041113006036968026,12.5,12.0,120000.0,20000.0,2.0,0.0,0.976,0
70.0,1261,0.0,0.0,12.5,12.0,120000.0,20000.0,2.0,0.0,0.986,0,0.0,1.0,9.797882916666666,0.0,0.041113006036968026,25.0,12.0,120000.0,20000.0,3.0,0.0,0.976,0
73.0,1712,0.0,0.0,0.0,12.0,120000.0,0.0,0.0,1.0,0.984,1,0.5134344696998596,1.0,9.901883333333334,0.0,0.040584415584415584,0.0,12.0,120000.0,0.0,0.0,1.0,0.976,0
72.0,823,0.0,0.0,25.0,12.0,120000.0,20000.0,3.0,0.0,0.985,0,0.0,1.0,9.797882916666667,0.0,0.04005896166402235,12.5,12.0,120000.0,20000.0,2.0,0.0,0.971,0
72.0,1262,0.0,0.0,25.0,12.0,120000.0,20000.0,3.0,0.0,0.985,0,0.0,1.0,9.797632916666666,0.0,0.04005896166402235,25.0,12.0,120000.0,20000.0,3.0,0.0,0.971,0
74.0,1263,0.0,0.0,25.0,12.0,120000.0,20000.0,3.0,0.0,0.982,2,0.5134344696998596,1.0,9.865216666666667,0.0,0.03955696202531646,25.0,12.0,120000.0,20000.0,3.0,0.0,0.971,0
75.0,1713,0.0,0.0,0.0,12.0,120000.0,0.0,0.0,1.0,0.98,1,1.0,1.0,9.859866666666667,0.0,0.0390625,0.0,12.0,120000.0,0.0,0.0,1.0,0.969,0
77.0,1714,0.0,0.040584415584415584,0.0,12.0,120000.0,0.0,0.0,1.0,0.976,1,0.7035766839981079,1.0,9.901783333333334,0.0,0.038580246913580245,0.0,12.0,120000.0,0.0,0.0,1.0,0.969,0
81.0,1716,0.0,0.038580246913580245,0.0,12.0,120000.0,0.0,0.0,1.0,0.969,3,0.0,1.0,-4.9316,0.0,0.038580246913580245,0.0,12.0,120000.0,0.0,0.0,1.0,0.968,1
76.0,1264,0.0,0.041118421052631575,25.0,12.0,120000.0,20000.0,3.0,0.0,0.977,0,0.0,1.0,9.797182916666666,0.0,0.03810510448663523,37.5,12.0,120000.0,20000.0,4.0,0.0,0.967,0
78.0,826,0.0,0.04006410256410256,12.5,12.0,120000.0,20000.0,2.0,0.0,0.973,0,0.0,1.0,9.796982916666666,0.0,0.11159384459066247,37.5,12.0,120000.0,20000.0,4.0,0.0,0.963,0
78.0,1265,0.0,0.04006410256410256,25.0,12.0,120000.0,20000.0,3.0,0.0,0.973,0,0.0,1.0,9.796982916666666,0.0,0.11159384459066247,37.5,12.0,120000.0,20000.0,4.0,0.0,0.963,0
85.0,10,0.0,0.11029411764705882,0.0,8.0,80000.0,0.0,0.0,1.0,0.963,3,0.0,1.0,-4.931850000000001,0.0,0.11029411764705882,0.0,8.0,80000.0,0.0,0.0,1.0,0.963,1
74.0,824,0.0,0.0,37.5,12.0,120000.0,20000.0,4.0,0.0,0.982,2,0.5134344696998596,1.0,9.58555,0.0,0.14534883720930233,37.5,12.0,120000.0,20000.0,4.0,0.0,0.961,0
80.0,827,0.0,0.0390625,12.5,12.0,120000.0,20000.0,2.0,0.0,0.969,0,0.0,1.0,9.796882916666666,0.0,0.14533192124963132,37.5,12.0,120000.0,20000.0,4.0,0.0,0.961,0
80.0,1266,0.0,0.0390625,25.0,12.0,120000.0,20000.0,3.0,0.0,0.969,0,0.0,1.0,9.796882916666666,0.0,0.14533192124963132,37.5,12.0,120000.0,20000.0,4.0,0.0,0.961,0
73.0,4,0.0,0.0,0.0,8.0,80000.0,0.0,0.0,1.0,0.984,1,0.5134344696998596,1.0,-3.7659589583333326,0.0,0.14477085919343022,0.0,8.0,80000.0,0.0,0.0,1.0,0.96,1
76.0,825,0.0,0.041118421052631575,25.0,12.0,120000.0,20000.0,3.0,0.0,0.977,2,1.0,1.0,9.614716666666666,0.0,0.14367816091954022,37.5,12.0,120000.0,20000.0,4.0,0.0,0.961,0
82.0,828,0.0,0.038109756097560975,25.0,12.0,120000.0,20000.0,3.0,0.0,0.967,0,0.0,1.0,9.796832916666666,0.0,0.142029298712726,25.0,12.0,120000.0,20000.0,3.0,0.0,0.955,0
82.0,1267,0.0,0.038109756097560975,37.5,12.0,120000.0,20000.0,4.0,0.0,0.967,0,0.0,1.0,9.796832916666666,0.0,0.142029298712726,25.0,12.0,120000.0,20000.0,3.0,0.0,0.955,0
79.0,1715,0.0,0.03955696202531646,0.0,12.0,120000.0,0.0,0.0,1.0,0.971,2,0.5386000871658325,1.0,9.651083333333334,0.0,0.17556179775280897,0.0,12.0,120000.0,0.0,0.0,1.0,0.955,0
89.0,12,0.0,0.17556179775280897,0.0,8.0,80000.0,0.0,0.0,1.0,0.955,2,0.0,1.0,-4.93225,0.0,0.17556179775280897,0.0,8.0,80000.0,0.0,0.0,1.0,0.955,1
90.0,832,0.0,0.1736111111111111,25.0,12.0,120000.0,20000.0,3.0,0.0,0.953,3,0.0,1.0,-4.9274,0.0,0.1736111111111111,25.0,12.0,120000.0,20000.0,3.0,0.0,0.952,1
84.0,829,0.0,0.11160714285714285,37.5,12.0,120000.0,20000.0,4.0,0.0,0.964,0,0.0,1.0,9.796882916666666,0.0,0.17359180384492792,12.5,12.0,120000.0,20000.0,2.0,0.0,0.951,0
84.0,1268,0.0,0.11160714285714285,37.5,12.0,120000.0,20000.0,4.0,0.0,0.964,0,0.0,1.0,9.796632916666665,0.0,0.17359180384492792,25.0,12.0,120000.0,20000.0,3.0,0.0,0.951,0
87.0,1719,0.0,0.14367816091954022,0.0,12.0,120000.0,0.0,0.0,1.0,0.961,1,1.0,1.0,9.900933333333333,0.0,0.20604395604395603,0.0,12.0,120000.0,0.0,0.0,1.0,0.952,0
67.0,2171,0.0,0.0,0.0,12.0,120000.0,0.0,0.0,0.0,0.987,2,0.1,1.0,-3.9324,0.0,0.20604395604395603,0.0,12.0,120000.0,0.0,0.0,0.0,0.952,1
91.0,13,0.0,0.20604395604395603,0.0,8.0,80000.0,0.0,0.0,1.0,0.952,1,0.0,1.0,-4.932650000000001,0.0,0.20604395604395603,0.0,8.0,80000.0,0.0,0.0,1.0,0.952,1
77.0,6,0.0,0.040584415584415584,0.0,8.0,80000.0,0.0,0.0,1.0,0.976,1,0.7035766839981079,1.0,-3.8289589583333328,0.0,0.20526947356828013,0.0,8.0,80000.0,0.0,0.0,1.0,0.95,1
86.0,830,0.0,0.14534883720930233,37.5,12.0,120000.0,20000.0,4.0,0.0,0.961,0,0.0,1.0,9.796832916666666,0.0,0.2037821754393897,12.5,12.0,120000.0,20000.0,2.0,0.0,0.95,0
86.0,1269,0.0,0.14534883720930233,37.5,12.0,120000.0,20000.0,4.0,0.0,0.961,0,0.0,1.0,9.796582916666665,0.0,0.2037821754393897,25.0,12.0,120000.0,20000.0,3.0,0.0,0.95,0
79.0,2177,0.0,0.03955696202531646,0.0,12.0,120000.0,0.0,0.0,0.0,0.971,2,0.5386000871658325,1.0,-3.5158333333333336,0.0,0.20161290322580644,0.0,12.0,120000.0,0.0,0.0,0.0,0.95,1
54.0,814,0.0,0.0,37.5,12.0,120000.0,20000.0,4.0,0.0,1.0,3,0.1,1.0,-3.91525,0.052653743402091044,0.23036012738414835,25.0,12.0,120000.0,20000.0,3.0,0.0,0.945,1
91.0,1721,0.0,0.20604395604395603,0.0,12.0,120000.0,0.0,0.0,1.0,0.952,1,1.0,1.0,9.900633333333333,0.05263157894736842,0.23026315789473684,0.0,12.0,120000.0,0.0,0.0,1.0,0.946,0
75.0,451,0.0,0.0,0.0,25.0,400000.0,20000.0,1.0,1.0,0.98,0,0.0,1.0,9.64705,0.05263157894736842,0.23026315789473684,12.5,25.0,400000.0,20000.0,2.0,1.0,0.946,0
83.0,2179,0.0,0.07530120481927711,0.0,12.0,120000.0,0.0,0.0,0.0,0.967,2,0.5959606170654297,1.0,-3.4744666666666664,0.052083333333333336,0.26041666666666663,0.0,12.0,120000.0,0.0,0.0,0.0,0.944,1
90.0,1271,0.0,0.1736111111111111,25.0,12.0,120000.0,20000.0,3.0,0.0,0.953,0,0.0,1.0,9.796032916666666,0.05207790312697603,0.26038951563488016,37.5,12.0,120000.0,20000.0,4.0,0.0,0.944,0
55.0,2165,0.0,0.0,0.0,12.0,120000.0,0.0,0.0,0.0,0.999,3,0.1,1.0,-3.9328,0.10313530289446132,0.2578382572361534,0.0,12.0,120000.0,0.0,0.0,0.0,0.944,1
56.0,815,0.0,0.0,25.0,12.0,120000.0,20000.0,3.0,0.0,0.998,3,0.1,1.0,-3.9279,0.15312370833771863,0.25520618056286437,25.0,12.0,120000.0,20000.0,3.0,0.0,0.942,1
92.0,833,0.0,0.20380434782608697,12.5,12.0,120000.0,20000.0,2.0,0.0,0.95,0,0.0,1.0,9.796382916666667,0.1530455919757584,0.286960484954547,12.5,12.0,120000.0,20000.0,2.0,0.0,0.941,0
92.0,1272,0.0,0.20380434782608697,25.0,12.0,120000.0,20000.0,3.0,0.0,0.95,0,0.0,1.0,9.795882916666667,0.1530455919757584,0.286960484954547,37.5,12.0,120000.0,20000.0,4.0,0.0,0.941,0
57.0,2166,0.0,0.0,0.0,12.0,120000.0,0.0,0.0,0.0,0.997,3,0.1,1.0,-3.93295,0.20210183891452718,0.2842057109735539,0.0,12.0,120000.0,0.0,0.0,0.0,0.941,1
89.0,1720,0.0,0.17556179775280897,0.0,12.0,120000.0,0.0,0.0,1.0,0.955,2,0.3859734535217285,1.0,9.650433333333334,0.20202020202020202,0.28409090909090906,0.0,12.0,120000.0,0.0,0.0,1.0,0.942,0
99.0,1725,0.20202020202020202,0.28409090909090906,0.0,12.0,120000.0,0.0,0.0,1.0,0.942,3,0.0,1.0,-4.93295,0.20202020202020202,0.28409090909090906,0.0,12.0,120000.0,0.0,0.0,1.0,0.941,1
58.0,816,0.0,0.0,12.5,12.0,120000.0,20000.0,2.0,0.0,0.996,3,0.1,1.0,-3.93295,0.25010001499599693,0.28136251687049657,12.5,12.0,120000.0,20000.0,2.0,0.0,0.941,1
75.0,2175,0.0,0.0,0.0,12.0,120000.0,0.0,0.0,0.0,0.98,2,1.0,1.0,-3.93295,0.24997497750475178,0.28122184969284575,0.0,12.0,120000.0,0.0,0.0,0.0,0.941,1
94.0,834,0.0,0.2327127659574468,12.5,12.0,120000.0,20000.0,2.0,0.0,0.946,0,0.0,1.0,9.796632916666667,0.24997497750475178,0.28122184969284575,0.0,12.0,120000.0,20000.0,1.0,0.0,0.941,0
94.0,1273,0.0,0.2327127659574468,25.0,12.0,120000.0,20000.0,3.0,0.0,0.946,0,0.0,1.0,9.795882916666667,0.24997497750475178,0.28122184969284575,37.5,12.0,120000.0,20000.0,4.0,0.0,0.941,0
87.0,11,0.0,0.14367816091954022,0.0,8.0,80000.0,0.0,0.0,1.0,0.961,1,0.21393156051635742,1.0,-3.7669089583333326,0.29897349443841204,0.2802876510360113,0.0,8.0,80000.0,0.0,0.0,1.0,0.941,1
59.0,2167,0.0,0.0,0.0,12.0,120000.0,0.0,0.0,0.0,0.995,3,0.1,1.0,-3.93295,0.2971473556708245,0.278575645941398,0.0,12.0,120000.0,0.0,0.0,0.0,0.941,1
101.0,18,0.297029702970297,0.2784653465346535,0.0,8.0,80000.0,0.0,0.0,1.0,0.941,1,0.0,1.0,-4.93295,0.297029702970297,0.2784653465346535,0.0,8.0,80000.0,0.0,0.0,1.0,0.941,1
81.0,453,0.0,0.038580246913580245,12.5,25.0,400000.0,20000.0,2.0,1.0,0.969,0,0.0,1.0,9.6462998,0.29700026759724113,0.2784377508724135,25.0,25.0,400000.0,20000.0,3.0,1.0,0.94,0
60.0,817,0.0,0.0,0.0,12.0,120000.0,20000.0,1.0,0.0,0.994,3,0.1,1.0,-3.933,0.3432718376547825,0.2758434409725931,0.0,12.0,120000.0,20000.0,1.0,0.0,0.94,1
96.0,1274,0.052083333333333336,0.26041666666666663,37.5,12.0,120000.0,20000.0,4.0,0.0,0.944,0,0.0,1.0,9.795832916666667,0.34310358365811355,0.33697673394993294,37.5,12.0,120000.0,20000.0,4.0,0.0,0.94,0
61.0,2168,0.0,0.0,0.0,12.0,120000.0,0.0,0.0,0.0,0.993,3,0.1,1.0,-3.933,0.3885003507672542,0.33386748894060914,0.0,12.0,120000.0,0.0,0.0,0.0,0.94,1
62.0,818,0.0,0.0,0.0,12.0,120000.0,20000.0,1.0,0.0,0.992,3,0.1,1.0,-3.9331,0.43285875020596865,0.33065598974067045,0.0,12.0,120000.0,20000.0,1.0,0.0,0.938,1
77.0,2176,0.0,0.040584415584415584,0.0,12.0,120000.0,0.0,0.0,0.0,0.976,2,0.9873696565628052,1.0,-3.9331,0.4326923076923077,0.3605769230769231,0.0,12.0,120000.0,0.0,0.0,0.0,0.938,1
83.0,1717,0.0,0.07530120481927711,0.0,12.0,120000.0,0.0,0.0,1.0,0.967,2,1.0,1.0,-3.8081,0.4326923076923077,0.3605769230769231,0.0,12.0,120000.0,0.0,0.0,1.0,0.938,1
98.0,1275,0.15306122448979592,0.2869897959183673,37.5,12.0,120000.0,20000.0,4.0,0.0,0.942,0,0.0,1.0,9.795682916666665,0.4326506650657951,0.36054222088816257,37.5,12.0,120000.0,20000.0,4.0,0.0,0.937,0
63.0,2169,0.0,0.0,0.0,12.0,120000.0,0.0,0.0,0.0,0.991,3,0.1,1.0,-3.93315,0.47637190583346933,0.357278929375102,0.0,12.0,120000.0,0.0,0.0,0.0,0.937,1
101.0,1726,0.297029702970297,0.2784653465346535,0.0,12.0,120000.0,0.0,0.0,1.0,0.941,1,1.0,1.0,9.900233333333334,0.4761904761904762,0.35714285714285715,0.0,12.0,120000.0,0.0,0.0,1.0,0.938,0
105.0,20,0.4761904761904762,0.35714285714285715,0.0,8.0,80000.0,0.0,0.0,1.0,0.938,3,0.0,1.0,-4.9331000000000005,0.4761904761904762,0.35714285714285715,0.0,8.0,80000.0,0.0,0.0,1.0,0.938,1
105.0,1728,0.4761904761904762,0.35714285714285715,0.0,12.0,120000.0,0.0,0.0,1.0,0.938,2,0.0,1.0,-4.93315,0.4761904761904762,0.35714285714285715,0.0,12.0,120000.0,0.0,0.0,1.0,0.937,1
65.0,2170,0.0,0.0,0.0,12.0,120000.0,0.0,0.0,0.0,0.989,3,0.1,1.0,-3.93315,0.5662513621884332,0.3539071013677707,0.0,12.0,120000.0,0.0,0.0,0.0,0.937,1
64.0,819,0.0,0.0,0.0,12.0,120000.0,20000.0,1.0,0.0,0.99,3,0.1,1.0,-3.93315,0.5662513621884332,0.3539071013677707,0.0,12.0,120000.0,20000.0,1.0,0.0,0.937,1
93.0,2184,0.0,0.20161290322580644,0.0,12.0,120000.0,0.0,0.0,0.0,0.95,2,0.16852831840515137,1.0,-3.4752837499999996,0.5659842877101888,0.3537401798188681,0.0,12.0,120000.0,0.0,0.0,0.0,0.936,1
100.0,1276,0.25,0.28125,37.5,12.0,120000.0,20000.0,4.0,0.0,0.941,0,0.0,1.0,9.795882916666665,0.5659842877101888,0.3537401798188681,25.0,12.0,120000.0,20000.0,3.0,0.0,0.936,0
102.0,1277,0.3431372549019608,0.3370098039215686,37.5,12.0,120000.0,20000.0,4.0,0.0,0.94,0,0.0,1.0,9.795782916666665,0.5555040685580901,0.3761225464195402,25.0,12.0,120000.0,20000.0,3.0,0.0,0.934,0
104.0,1278,0.4326923076923077,0.3605769230769231,37.5,12.0,120000.0,20000.0,4.0,0.0,0.938,0,0.0,1.0,9.795632916666666,0.5454049136074072,0.369284576921682,25.0,12.0,120000.0,20000.0,3.0,0.0,0.931,0
106.0,1279,0.5660377358490566,0.35377358490566035,37.5,12.0,120000.0,20000.0,4.0,0.0,0.937,2,0.4233032464981079,1.0,9.875766666666665,0.5405405405405406,0.365990990990991,25.0,12.0,120000.0,20000.0,3.0,0.0,0.932,0
111.0,23,0.5405405405405406,0.365990990990991,0.0,8.0,80000.0,0.0,0.0,1.0,0.932,1,0.0,1.0,-4.93365,0.5405405405405406,0.365990990990991,0.0,8.0,80000.0,0.0,0.0,1.0,0.932,1
111.0,1731,0.5405405405405406,0.365990990990991,0.0,12.0,120000.0,0.0,0.0,1.0,0.932,1,0.0,1.0,-4.933400000000001,0.5405405405405406,0.365990990990991,0.0,12.0,120000.0,0.0,0.0,1.0,0.932,1
112.0,1282,0.5357142857142857,0.4185267857142857,25.0,12.0,120000.0,20000.0,3.0,0.0,0.932,3,0.0,1.0,-4.9284,0.5357142857142857,0.4185267857142857,25.0,12.0,120000.0,20000.0,3.0,0.0,0.932,1
99.0,17,0.20202020202020202,0.28409090909090906,0.0,8.0,80000.0,0.0,0.0,1.0,0.942,1,1.0,1.0,-3.7673589583333325,0.5340770375862353,0.4172476856142463,0.0,8.0,80000.0,0.0,0.0,1.0,0.932,1
89.0,2182,0.0,0.17556179775280897,0.0,12.0,120000.0,0.0,0.0,0.0,0.955,2,0.3859734535217285,1.0,-3.9335,0.5263157894736842,0.4385964912280701,0.0,12.0,120000.0,0.0,0.0,0.0,0.93,1
93.0,1722,0.0,0.20161290322580644,0.0,12.0,120000.0,0.0,0.0,1.0,0.95,2,0.16852831840515137,1.0,-3.8085,0.5263157894736842,0.4385964912280701,0.0,12.0,120000.0,0.0,0.0,1.0,0.93,1
114.0,464,0.5263157894736842,0.4385964912280701,62.5,25.0,400000.0,20000.0,6.0,1.0,0.93,1,0.0,1.0,-4.891,0.5263157894736842,0.4385964912280701,62.5,25.0,400000.0,20000.0,6.0,1.0,0.93,1
108.0,1280,0.5555555555555556,0.37615740740740733,25.0,12.0,120000.0,20000.0,3.0,0.0,0.934,0,0.0,1.0,9.795582916666666,0.5262695793115008,0.438557982759584,25.0,12.0,120000.0,20000.0,3.0,0.0,0.93,0
95.0,1723,0.05263157894736842,0.23026315789473684,0.0,12.0,120000.0,0.0,0.0,1.0,0.946,2,0.787976086139679,1.0,-3.809017083333333,0.5171967487977978,0.4579346213313834,0.0,12.0,120000.0,0.0,0.0,1.0,0.928,1
96.0,458,0.052083333333333336,0.26041666666666663,12.5,25.0,400000.0,20000.0,2.0,1.0,0.944,0,0.0,1.0,9.6451998,0.5171967487977978,0.4579346213313834,50.0,25.0,400000.0,20000.0,5.0,1.0,0.928,0
110.0,1281,0.5454545454545455,0.3693181818181818,25.0,12.0,120000.0,20000.0,3.0,0.0,0.932,0,0.0,1.0,9.795732916666667,0.5171967487977978,0.4579346213313834,12.5,12.0,120000.0,20000.0,2.0,0.0,0.928,0
97.0,1724,0.10309278350515465,0.25773195876288657,0.0,12.0,120000.0,0.0,0.0,1.0,0.944,2,1.0,1.0,-3.809167083333333,0.508431445773117,0.4766544804122972,0.0,12.0,120000.0,0.0,0.0,1.0,0.925,1
99.0,459,0.20202020202020202,0.28409090909090906,25.0,25.0,400000.0,20000.0,3.0,1.0,0.942,0,0.0,1.0,9.6452998,0.504159271980567,0.47264931748178163,37.5,25.0,400000.0,20000.0,4.0,1.0,0.925,0
114.0,1283,0.5263157894736842,0.4385964912280701,25.0,12.0,120000.0,20000.0,3.0,0.0,0.93,0,0.0,1.0,9.795682916666665,0.4999582951455466,0.4687109016989499,0.0,12.0,120000.0,20000.0,1.0,0.0,0.922,0
116.0,1284,0.5172413793103449,0.4579741379310345,25.0,12.0,120000.0,20000.0,3.0,0.0,0.929,2,0.6907956004142761,1.0,9.862816666666667,0.49586776859504134,0.4648760330578513,0.0,12.0,120000.0,20000.0,1.0,0.0,0.923,0
81.0,2178,0.0,0.038580246913580245,0.0,12.0,120000.0,0.0,0.0,0.0,0.969,3,0.8251169323921204,1.0,-3.93385,0.5329615830631697,0.4612167545738968,0.0,12.0,120000.0,0.0,0.0,0.0,0.923,1
102.0,460,0.3431372549019608,0.3370098039215686,25.0,25.0,400000.0,20000.0,3.0,1.0,0.94,0,0.0,1.0,9.6454498,0.532743174105141,0.4866403994229654,25.0,25.0,400000.0,20000.0,3.0,1.0,0.923,0
123.0,1735,0.5284552845528455,0.4827235772357723,0.0,12.0,120000.0,0.0,0.0,1.0,0.923,3,0.0,1.0,-4.9338500000000005,0.5284552845528455,0.4827235772357723,0.0,12.0,120000.0,0.0,0.0,1.0,0.923,1
115.0,1733,0.5217391304347827,0.43478260869565216,0.0,12.0,120000.0,0.0,0.0,1.0,0.93,2,0.6907956004142761,1.0,9.649433333333333,0.52,0.475,0.0,12.0,120000.0,0.0,0.0,1.0,0.922,0
85.0,1718,0.0,0.11029411764705882,0.0,12.0,120000.0,0.0,0.0,1.0,0.963,3,0.995040774345398,1.0,-3.93395,0.5557319342861278,0.4713797656891263,0.0,12.0,120000.0,0.0,0.0,1.0,0.921,1
85.0,2180,0.0,0.11029411764705882,0.0,12.0,120000.0,0.0,0.0,0.0,0.963,3,0.995040774345398,1.0,-3.93395,0.5907371935462198,0.4922809946218498,0.0,12.0,120000.0,0.0,0.0,0.0,0.921,1
127.0,1737,0.5905511811023622,0.49212598425196846,0.0,12.0,120000.0,0.0,0.0,1.0,0.921,3,0.0,1.0,-4.93395,0.5905511811023622,0.49212598425196846,0.0,12.0,120000.0,0.0,0.0,1.0,0.921,1
107.0,1729,0.5607476635514018,0.35046728971962615,0.0,12.0,120000.0,0.0,0.0,1.0,0.936,2,0.4233032464981079,1.0,-3.80895,0.5859375,0.48828125,0.0,12.0,120000.0,0.0,0.0,1.0,0.921,1
122.0,1287,0.5327868852459016,0.48668032786885246,0.0,12.0,120000.0,20000.0,1.0,0.0,0.923,0,0.0,1.0,9.7958,0.5859375,0.48828125,12.5,12.0,120000.0,20000.0,3.0,0.0,0.921,0
108.0,462,0.5555555555555556,0.37615740740740733,37.5,25.0,400000.0,20000.0,4.0,1.0,0.934,0,0.0,1.0,9.645099799999999,0.5858916814395999,0.4882430678663333,37.5,25.0,400000.0,20000.0,4.0,1.0,0.921,0
87.0,2181,0.0,0.14367816091954022,0.0,12.0,120000.0,0.0,0.0,0.0,0.961,3,0.3859734535217285,1.0,-3.93395,0.6591702210158975,0.48468398604110113,0.0,12.0,120000.0,0.0,0.0,0.0,0.921,1
88.0,1270,0.0,0.14204545454545456,37.5,12.0,120000.0,20000.0,4.0,0.0,0.957,3,0.3859734535217285,1.0,-3.9164499999999998,0.6591702210158975,0.48468398604110113,25.0,12.0,120000.0,20000.0,3.0,0.0,0.921,1
129.0,1738,0.6589147286821705,0.4844961240310078,0.0,12.0,120000.0,0.0,0.0,1.0,0.921,3,0.0,1.0,-4.93395,0.6589147286821705,0.4844961240310078,0.0,12.0,120000.0,0.0,0.0,1.0,0.921,1
88.0,831,0.0,0.14204545454545456,37.5,12.0,120000.0,20000.0,4.0,0.0,0.957,3,0.3859734535217285,1.0,-3.9164499999999998,0.6925740669488263,0.4809542131589072,0.0,12.0,120000.0,20000.0,1.0,0.0,0.921,1
111.0,463,0.5405405405405406,0.365990990990991,50.0,25.0,400000.0,20000.0,5.0,1.0,0.932,0,0.0,1.0,9.644999799999999,0.686970407833722,0.47706278321786255,37.5,25.0,400000.0,20000.0,4.0,1.0,0.919,0
126.0,1289,0.5555555555555556,0.49603174603174605,12.5,12.0,120000.0,20000.0,2.0,0.0,0.921,0,0.0,1.0,9.795232916666667,0.6817664811933579,0.4734489452731653,12.5,12.0,120000.0,20000.0,2.0,0.0,0.918,0
91.0,2183,0.0,0.20604395604395603,0.0,12.0,120000.0,0.0,0.0,0.0,0.952,3,1.0,1.0,-3.9341,0.7145543437382473,0.4701015419330575,0.0,12.0,120000.0,0.0,0.0,0.0,0.918,1
133.0,25,0.7142857142857143,0.46992481203007513,0.0,8.0,80000.0,0.0,0.0,1.0,0.918,1,0.0,1.0,-4.934100000000001,0.7142857142857143,0.46992481203007513,0.0,8.0,80000.0,0.0,0.0,1.0,0.918,1
128.0,1290,0.5859375,0.48828125,12.5,12.0,120000.0,20000.0,2.0,0.0,0.921,0,0.0,1.0,9.795182916666667,0.7089022678231275,0.46638307093626813,12.5,12.0,120000.0,20000.0,2.0,0.0,0.917,0
135.0,26,0.7037037037037037,0.462962962962963,0.0,8.0,80000.0,0.0,0.0,1.0,0.917,1,0.0,1.0,-4.934150000000001,0.7037037037037037,0.462962962962963,0.0,8.0,80000.0,0.0,0.0,1.0,0.917,1
133.0,1740,0.7142857142857143,0.46992481203007513,0.0,12.0,120000.0,0.0,0.0,1.0,0.918,1,0.36354687809944153,1.0,9.898883333333334,0.6934306569343066,0.479014598540146,0.0,12.0,120000.0,0.0,0.0,1.0,0.916,0
137.0,27,0.6934306569343066,0.479014598540146,0.0,8.0,80000.0,0.0,0.0,1.0,0.916,2,0.0,1.0,-4.934200000000001,0.6934306569343066,0.479014598540146,0.0,8.0,80000.0,0.0,0.0,1.0,0.916,1
117.0,1734,0.5128205128205128,0.45405982905982906,0.0,12.0,120000.0,0.0,0.0,1.0,0.928,2,0.6907956004142761,1.0,-3.80925,0.6884057971014492,0.4755434782608695,0.0,12.0,120000.0,0.0,0.0,1.0,0.915,1
135.0,1741,0.7037037037037037,0.462962962962963,0.0,12.0,120000.0,0.0,0.0,1.0,0.917,1,0.6655409336090088,1.0,9.899083333333333,0.6834532374100719,0.49460431654676257,0.0,12.0,120000.0,0.0,0.0,1.0,0.915,0
139.0,28,0.6834532374100719,0.49460431654676257,0.0,8.0,80000.0,0.0,0.0,1.0,0.915,2,0.0,1.0,-4.9342500000000005,0.6834532374100719,0.49460431654676257,0.0,8.0,80000.0,0.0,0.0,1.0,0.915,1
134.0,1293,0.7089552238805971,0.46641791044776115,12.5,12.0,120000.0,20000.0,2.0,0.0,0.917,0,0.0,1.0,9.794532916666666,0.6785229141830644,0.5133561521779765,37.5,12.0,120000.0,20000.0,4.0,0.0,0.914,0
118.0,1285,0.5084745762711864,0.4766949152542373,12.5,12.0,120000.0,20000.0,2.0,0.0,0.926,2,0.6907956004142761,1.0,-3.8926333333333334,0.6737588652482269,0.5097517730496454,37.5,12.0,120000.0,20000.0,4.0,0.0,0.914,1
141.0,29,0.6737588652482269,0.5097517730496454,0.0,8.0,80000.0,0.0,0.0,1.0,0.914,2,0.0,1.0,-4.9343,0.6737588652482269,0.5097517730496454,0.0,8.0,80000.0,0.0,0.0,1.0,0.914,1
120.0,1286,0.5,0.46875,12.5,12.0,120000.0,20000.0,2.0,0.0,0.925,2,0.36354687809944153,1.0,-3.8515337499999998,0.6689669270497199,0.5061262934915645,25.0,12.0,120000.0,20000.0,3.0,0.0,0.911,1
136.0,1294,0.698529411764706,0.48253676470588236,12.5,12.0,120000.0,20000.0,2.0,0.0,0.916,0,0.0,1.0,9.794632916666666,0.6689669270497199,0.5061262934915645,25.0,12.0,120000.0,20000.0,3.0,0.0,0.911,0
139.0,1743,0.6834532374100719,0.49460431654676257,0.0,12.0,120000.0,0.0,0.0,1.0,0.915,1,0.6499357223510742,1.0,9.898933333333334,0.6643356643356644,0.5026223776223776,0.0,12.0,120000.0,0.0,0.0,1.0,0.912,0
123.0,467,0.5284552845528455,0.4827235772357723,25.0,25.0,400000.0,20000.0,3.0,1.0,0.923,0,0.0,1.0,9.6447998,0.6642891640941778,0.5025871965186213,25.0,25.0,400000.0,20000.0,3.0,1.0,0.91,0
103.0,1727,0.3883495145631068,0.33373786407766987,0.0,12.0,120000.0,0.0,0.0,1.0,0.94,3,0.3614557385444641,1.0,-3.9345,0.6946856547412295,0.4993053143452587,0.0,12.0,120000.0,0.0,0.0,1.0,0.91,1
138.0,1295,0.6884057971014492,0.4755434782608695,25.0,12.0,120000.0,20000.0,3.0,0.0,0.915,0,0.0,1.0,9.794782916666668,0.6943961742659417,0.4990972502536456,12.5,12.0,120000.0,20000.0,2.0,0.0,0.909,0
126.0,468,0.5555555555555556,0.49603174603174605,37.5,25.0,400000.0,20000.0,4.0,1.0,0.921,0,0.0,1.0,9.644899800000001,0.6848845500387268,0.4922607703403349,12.5,25.0,400000.0,20000.0,2.0,1.0,0.907,0
140.0,1296,0.6785714285714286,0.5133928571428571,37.5,12.0,120000.0,20000.0,4.0,0.0,0.914,0,0.0,1.0,9.794682916666666,0.6848845500387268,0.4922607703403349,12.5,12.0,120000.0,20000.0,2.0,0.0,0.907,0
147.0,32,0.6802721088435374,0.48894557823129253,0.0,8.0,80000.0,0.0,0.0,1.0,0.907,1,0.0,1.0,-4.93465,0.6802721088435374,0.48894557823129253,0.0,8.0,80000.0,0.0,0.0,1.0,0.907,1
149.0,1748,0.6711409395973155,0.4823825503355704,0.0,12.0,120000.0,0.0,0.0,1.0,0.906,3,0.0,1.0,-4.934750000000001,0.6711409395973155,0.4823825503355704,0.0,12.0,120000.0,0.0,0.0,1.0,0.905,1
129.0,469,0.6589147286821705,0.4844961240310078,37.5,25.0,400000.0,20000.0,4.0,1.0,0.921,0,0.0,1.0,9.645049799999999,0.6710958545670858,0.482350145470093,0.0,25.0,400000.0,20000.0,1.0,1.0,0.905,0
109.0,1730,0.5504587155963303,0.3727064220183487,0.0,12.0,120000.0,0.0,0.0,1.0,0.934,3,0.6298831701278687,1.0,-3.93475,0.7002334111370456,0.47932644214738235,0.0,12.0,120000.0,0.0,0.0,1.0,0.905,1
147.0,1747,0.6802721088435374,0.48894557823129253,0.0,12.0,120000.0,0.0,0.0,1.0,0.907,1,0.6499357223510742,1.0,9.898583333333333,0.695364238410596,0.4759933774834437,0.0,12.0,120000.0,0.0,0.0,1.0,0.905,0
151.0,34,0.695364238410596,0.4759933774834437,0.0,8.0,80000.0,0.0,0.0,1.0,0.905,2,0.0,1.0,-4.934750000000001,0.695364238410596,0.4759933774834437,0.0,8.0,80000.0,0.0,0.0,1.0,0.905,1
151.0,1749,0.695364238410596,0.4759933774834437,0.0,12.0,120000.0,0.0,0.0,1.0,0.905,1,0.0,1.0,-4.934750000000001,0.695364238410596,0.4759933774834437,0.0,12.0,120000.0,0.0,0.0,1.0,0.905,1
151.0,2185,0.695364238410596,0.4759933774834437,0.0,12.0,120000.0,0.0,0.0,0.0,0.905,3,0.0,1.0,-4.934750000000001,0.695364238410596,0.4759933774834437,0.0,12.0,120000.0,0.0,0.0,0.0,0.905,1
146.0,1299,0.684931506849315,0.4922945205479452,12.5,12.0,120000.0,20000.0,2.0,0.0,0.907,0,0.0,1.0,9.794082916666666,0.6907439845573328,0.4728307037148409,37.5,12.0,120000.0,20000.0,4.0,0.0,0.905,0
153.0,35,0.6862745098039216,0.46977124183006536,0.0,8.0,80000.0,0.0,0.0,1.0,0.905,3,0.0,1.0,-4.934750000000001,0.6862745098039216,0.46977124183006536,0.0,8.0,80000.0,0.0,0.0,1.0,0.905,1
113.0,1732,0.5309734513274336,0.4148230088495575,0.0,12.0,120000.0,0.0,0.0,1.0,0.932,3,0.6298831701278687,1.0,-3.9349,0.7145177005521272,0.46687236115621944,0.0,12.0,120000.0,0.0,0.0,1.0,0.902,1
148.0,1300,0.6756756756756757,0.4856418918918919,12.5,12.0,120000.0,20000.0,2.0,0.0,0.906,0,0.0,1.0,9.794132916666666,0.7142392887319468,0.466690444341897,25.0,12.0,120000.0,20000.0,3.0,0.0,0.901,0
149.0,835,0.6711409395973155,0.4823825503355704,0.0,12.0,120000.0,20000.0,1.0,0.0,0.906,0,0.0,1.0,9.7948,0.7096774193548387,0.46370967741935487,12.5,12.0,120000.0,20000.0,3.0,0.0,0.901,0
155.0,36,0.7096774193548387,0.46370967741935487,0.0,8.0,80000.0,0.0,0.0,1.0,0.901,2,0.0,1.0,-4.934950000000001,0.7096774193548387,0.46370967741935487,0.0,8.0,80000.0,0.0,0.0,1.0,0.901,1
155.0,1751,0.7096774193548387,0.46370967741935487,0.0,12.0,120000.0,0.0,0.0,1.0,0.901,1,0.0,1.0,-4.9350000000000005,0.7096774193548387,0.46370967741935487,0.0,12.0,120000.0,0.0,0.0,1.0,0.9,1
155.0,2187,0.7096774193548387,0.46370967741935487,0.0,12.0,120000.0,0.0,0.0,0.0,0.901,2,0.0,1.0,-4.9350000000000005,0.7096774193548387,0.46370967741935487,0.0,12.0,120000.0,0.0,0.0,0.0,0.9,1
150.0,1301,0.7000000000000001,0.47916666666666663,25.0,12.0,120000.0,20000.0,3.0,0.0,0.905,0,0.0,1.0,9.794282916666667,0.7050829623047905,0.48073838338962993,12.5,12.0,120000.0,20000.0,2.0,0.0,0.899,0
151.0,836,0.695364238410596,0.4759933774834437,12.5,12.0,120000.0,20000.0,2.0,0.0,0.905,0,0.0,1.0,9.793882916666666,0.7005922743397062,0.4776765506861633,25.0,12.0,120000.0,20000.0,3.0,0.0,0.896,0
137.0,1742,0.6934306569343066,0.479014598540146,0.0,12.0,120000.0,0.0,0.0,1.0,0.916,2,0.6655409336090088,1.0,-3.8102,0.6962025316455696,0.4944620253164557,0.0,12.0,120000.0,0.0,0.0,1.0,0.896,1
152.0,1302,0.6907894736842105,0.47286184210526316,37.5,12.0,120000.0,20000.0,4.0,0.0,0.905,0,0.0,1.0,9.794132916666667,0.6961584269249778,0.49443070094103536,12.5,12.0,120000.0,20000.0,2.0,0.0,0.896,0
159.0,38,0.6918238993710693,0.49135220125786166,0.0,8.0,80000.0,0.0,0.0,1.0,0.896,2,0.0,1.0,-4.9352,0.6918238993710693,0.49135220125786166,0.0,8.0,80000.0,0.0,0.0,1.0,0.896,1
157.0,1752,0.7006369426751593,0.47770700636942676,0.0,12.0,120000.0,0.0,0.0,1.0,0.899,2,1.0,1.0,9.897983333333334,0.6832298136645962,0.5240683229813665,0.0,12.0,120000.0,0.0,0.0,1.0,0.893,0
161.0,2190,0.6832298136645962,0.5240683229813665,0.0,12.0,120000.0,0.0,0.0,0.0,0.893,3,0.0,1.0,-4.93545,0.6832298136645962,0.5240683229813665,0.0,12.0,120000.0,0.0,0.0,0.0,0.891,1
155.0,838,0.7096774193548387,0.46370967741935487,12.5,12.0,120000.0,20000.0,2.0,0.0,0.901,0,0.0,1.0,9.793632916666665,0.6831873372344986,0.5240357416287348,25.0,12.0,120000.0,20000.0,3.0,0.0,0.891,0
159.0,1753,0.6918238993710693,0.49135220125786166,0.0,12.0,120000.0,0.0,0.0,1.0,0.896,2,0.033997584134340286,1.0,9.897883333333333,0.6748466257668712,0.5559815950920245,0.0,12.0,120000.0,0.0,0.0,1.0,0.891,0
141.0,1744,0.6737588652482269,0.5097517730496454,0.0,12.0,120000.0,0.0,0.0,1.0,0.914,2,0.6499357223510742,1.0,-3.8521166666666664,0.6748466257668712,0.5559815950920245,0.0,12.0,120000.0,0.0,0.0,1.0,0.891,1
163.0,842,0.6748466257668712,0.5559815950920245,25.0,12.0,120000.0,20000.0,3.0,0.0,0.891,3,0.0,1.0,-4.930499999999999,0.6748466257668712,0.5559815950920245,25.0,12.0,120000.0,20000.0,3.0,0.0,0.89,1
157.0,839,0.7006369426751593,0.47770700636942676,25.0,12.0,120000.0,20000.0,3.0,0.0,0.899,0,0.0,1.0,9.793732916666666,0.6748051852766588,0.5559474537790654,12.5,12.0,120000.0,20000.0,2.0,0.0,0.888,0
143.0,1745,0.6643356643356644,0.5026223776223776,0.0,12.0,120000.0,0.0,0.0,1.0,0.912,2,0.6499357223510742,1.0,-3.811117083333333,0.6706907706425967,0.5716114522522131,0.0,12.0,120000.0,0.0,0.0,1.0,0.886,1
158.0,1305,0.6962025316455696,0.4944620253164557,12.5,12.0,120000.0,20000.0,2.0,0.0,0.896,0,0.0,1.0,9.793132916666666,0.6706907706425967,0.5716114522522131,37.5,12.0,120000.0,20000.0,4.0,0.0,0.886,0
161.0,1754,0.6832298136645962,0.5240683229813665,0.0,12.0,120000.0,0.0,0.0,1.0,0.893,1,0.446691632270813,1.0,9.897683333333333,0.6666666666666667,0.587121212121212,0.0,12.0,120000.0,0.0,0.0,1.0,0.887,0
165.0,41,0.6666666666666667,0.587121212121212,0.0,8.0,80000.0,0.0,0.0,1.0,0.887,1,0.0,1.0,-4.935650000000001,0.6666666666666667,0.587121212121212,0.0,8.0,80000.0,0.0,0.0,1.0,0.887,1
142.0,1297,0.6690140845070423,0.5061619718309859,37.5,12.0,120000.0,20000.0,4.0,0.0,0.913,2,0.6499357223510742,1.0,-3.877050416666666,0.666626224675703,0.5870855955950794,37.5,12.0,120000.0,20000.0,4.0,0.0,0.884,1
124.0,1288,0.5241935483870969,0.4788306451612903,12.5,12.0,120000.0,20000.0,2.0,0.0,0.923,3,0.36354687809944153,1.0,-3.9358,0.6929798131967458,0.5837601687255196,37.5,12.0,120000.0,20000.0,4.0,0.0,0.884,1
145.0,1746,0.6896551724137931,0.4956896551724138,0.0,12.0,120000.0,0.0,0.0,1.0,0.909,2,0.6499357223510742,1.0,-3.811217083333333,0.6927293119252267,0.5835491486326638,0.0,12.0,120000.0,0.0,0.0,1.0,0.884,1
160.0,1306,0.6875,0.5078125,12.5,12.0,120000.0,20000.0,2.0,0.0,0.893,0,0.0,1.0,9.793032916666666,0.6927293119252267,0.5835491486326638,37.5,12.0,120000.0,20000.0,4.0,0.0,0.884,0
125.0,1736,0.52,0.475,0.0,12.0,120000.0,0.0,0.0,1.0,0.922,3,0.36354687809944153,1.0,-3.9358,0.7187780772686432,0.5802635519616651,0.0,12.0,120000.0,0.0,0.0,1.0,0.884,1
167.0,42,0.718562874251497,0.5800898203592815,0.0,8.0,80000.0,0.0,0.0,1.0,0.884,1,0.0,1.0,-4.9358,0.718562874251497,0.5800898203592815,0.0,8.0,80000.0,0.0,0.0,1.0,0.884,1
167.0,1757,0.718562874251497,0.5800898203592815,0.0,12.0,120000.0,0.0,0.0,1.0,0.884,1,0.0,1.0,-4.93585,0.718562874251497,0.5800898203592815,0.0,12.0,120000.0,0.0,0.0,1.0,0.883,1
167.0,2193,0.718562874251497,0.5800898203592815,0.0,12.0,120000.0,0.0,0.0,0.0,0.884,2,0.0,1.0,-4.93585,0.718562874251497,0.5800898203592815,0.0,12.0,120000.0,0.0,0.0,0.0,0.883,1
144.0,1298,0.6944444444444444,0.4991319444444444,25.0,12.0,120000.0,20000.0,3.0,0.0,0.91,2,0.6499357223510742,1.0,-3.8896004166666662,0.7185198060882697,0.5800550517900095,37.5,12.0,120000.0,20000.0,4.0,0.0,0.883,1
161.0,841,0.6832298136645962,0.5240683229813665,25.0,12.0,120000.0,20000.0,3.0,0.0,0.893,0,0.0,1.0,9.793482916666667,0.7185198060882697,0.5800550517900095,12.5,12.0,120000.0,20000.0,2.0,0.0,0.883,0
162.0,1307,0.6790123456790124,0.5401234567901233,25.0,12.0,120000.0,20000.0,3.0,0.0,0.891,0,0.0,1.0,9.793232916666666,0.7142431572975919,0.6138027133026182,25.0,12.0,120000.0,20000.0,3.0,0.0,0.883,0
169.0,1758,0.7100591715976331,0.610207100591716,0.0,12.0,120000.0,0.0,0.0,1.0,0.883,1,0.0,1.0,-4.9359,0.7100591715976331,0.610207100591716,0.0,12.0,120000.0,0.0,0.0,1.0,0.882,1
169.0,2194,0.7100591715976331,0.610207100591716,0.0,12.0,120000.0,0.0,0.0,0.0,0.883,2,0.0,1.0,-4.9359,0.7100591715976331,0.610207100591716,0.0,12.0,120000.0,0.0,0.0,0.0,0.882,1
164.0,1308,0.6707317073170732,0.5716463414634145,37.5,12.0,120000.0,20000.0,4.0,0.0,0.888,0,0.0,1.0,9.793282916666668,0.7058407913745784,0.6249632006962413,12.5,12.0,120000.0,20000.0,2.0,0.0,0.879,0
165.0,843,0.6666666666666667,0.587121212121212,12.5,12.0,120000.0,20000.0,2.0,0.0,0.887,2,1.0,1.0,9.814,0.7017543859649122,0.6396198830409356,25.0,12.0,120000.0,20000.0,3.0,0.0,0.88,0
130.0,1291,0.6923076923076923,0.48076923076923084,25.0,12.0,120000.0,20000.0,3.0,0.0,0.921,3,0.36354687809944153,1.0,-3.93115,0.7269555103227682,0.6360860715324221,12.5,12.0,120000.0,20000.0,2.0,0.0,0.877,1
159.0,840,0.6918238993710693,0.49135220125786166,25.0,12.0,120000.0,20000.0,3.0,0.0,0.896,2,0.033997584134340286,1.0,-3.472766666666667,0.7267441860465116,0.6359011627906976,37.5,12.0,120000.0,20000.0,4.0,0.0,0.878,1
157.0,2188,0.7006369426751593,0.47770700636942676,0.0,12.0,120000.0,0.0,0.0,0.0,0.899,2,1.0,1.0,-3.5615170833333334,0.7267018936863036,0.6358641569755157,0.0,12.0,120000.0,0.0,0.0,0.0,0.878,1
166.0,1309,0.6927710843373494,0.5835843373493976,37.5,12.0,120000.0,20000.0,4.0,0.0,0.884,0,0.0,1.0,9.793482916666667,0.7267018936863036,0.6358641569755157,0.0,12.0,120000.0,20000.0,1.0,0.0,0.878,0
131.0,1739,0.6870229007633588,0.47709923664122134,0.0,12.0,120000.0,0.0,0.0,1.0,0.92,3,0.36354687809944153,1.0,-3.9361,0.7516623301532234,0.6324082104654524,0.0,12.0,120000.0,0.0,0.0,1.0,0.878,1
173.0,2196,0.7514450867052023,0.6442678227360309,0.0,12.0,120000.0,0.0,0.0,0.0,0.878,2,0.0,1.0,-4.9362,0.7514450867052023,0.6442678227360309,0.0,12.0,120000.0,0.0,0.0,0.0,0.876,1
156.0,1304,0.7051282051282052,0.4807692307692308,25.0,12.0,120000.0,20000.0,3.0,0.0,0.9,2,1.0,1.0,-3.6399504166666663,0.7514016096525282,0.6442305467373439,0.0,12.0,120000.0,20000.0,1.0,0.0,0.876,1
167.0,844,0.718562874251497,0.5800898203592815,12.5,12.0,120000.0,20000.0,2.0,0.0,0.884,0,0.0,1.0,9.792632916666665,0.7514016096525282,0.6442305467373439,37.5,12.0,120000.0,20000.0,4.0,0.0,0.876,0
132.0,1292,0.6818181818181818,0.4734848484848485,25.0,12.0,120000.0,20000.0,3.0,0.0,0.919,3,0.36354687809944153,1.0,-3.9312,0.7760850819200918,0.6407492574494585,0.0,12.0,120000.0,20000.0,1.0,0.0,0.876,1
81.0,8,0.0,0.038580246913580245,0.0,8.0,80000.0,0.0,0.0,1.0,0.969,2,0.8251169323921204,1.0,-3.9362,0.7743785850860421,0.6572657743785851,0.0,8.0,80000.0,0.0,0.0,1.0,0.876,1
161.0,39,0.6832298136645962,0.5240683229813665,0.0,8.0,80000.0,0.0,0.0,1.0,0.893,1,0.40385305881500244,1.0,-3.769533333333334,0.7743785850860421,0.6572657743785851,0.0,8.0,80000.0,0.0,0.0,1.0,0.876,1
175.0,2197,0.7714285714285715,0.6666666666666667,0.0,12.0,120000.0,0.0,0.0,0.0,0.876,2,0.0,1.0,-4.93625,0.7714285714285715,0.6666666666666667,0.0,12.0,120000.0,0.0,0.0,0.0,0.875,1
169.0,845,0.7100591715976331,0.610207100591716,12.5,12.0,120000.0,20000.0,2.0,0.0,0.883,0,0.0,1.0,9.792582916666666,0.7713844482381322,0.6666285355144352,37.5,12.0,120000.0,20000.0,4.0,0.0,0.875,0
159.0,2189,0.6918238993710693,0.49135220125786166,0.0,12.0,120000.0,0.0,0.0,0.0,0.896,2,0.033997584134340286,1.0,-3.6445833333333333,0.7670454545454546,0.6747159090909091,0.0,12.0,120000.0,0.0,0.0,0.0,0.875,1
75.0,5,0.0,0.0,0.0,8.0,80000.0,0.0,0.0,1.0,0.98,2,0.5134344696998596,1.0,-3.93625,0.7655954631379963,0.6734404536862003,0.0,8.0,80000.0,0.0,0.0,1.0,0.875,1
177.0,47,0.7627118644067797,0.7003295668549906,0.0,8.0,80000.0,0.0,0.0,1.0,0.875,1,0.0,1.0,-4.9365000000000006,0.7627118644067797,0.7003295668549906,0.0,8.0,80000.0,0.0,0.0,1.0,0.875,1
171.0,846,0.7017543859649122,0.6396198830409356,25.0,12.0,120000.0,20000.0,3.0,0.0,0.88,0,0.0,1.0,9.792532916666666,0.7626687326891852,0.7002899628859031,37.5,12.0,120000.0,20000.0,4.0,0.0,0.874,0
83.0,9,0.0,0.07530120481927711,0.0,8.0,80000.0,0.0,0.0,1.0,0.967,2,1.0,1.0,-3.9363,0.7612781954887218,0.6990131578947367,0.0,8.0,80000.0,0.0,0.0,1.0,0.874,1
158.0,471,0.6962025316455696,0.4944620253164557,0.0,25.0,400000.0,20000.0,1.0,1.0,0.896,1,0.033997584134340286,1.0,9.663199999999998,0.7584269662921348,0.6963951310861424,25.0,25.0,400000.0,20000.0,3.0,1.0,0.874,0
79.0,7,0.0,0.03955696202531646,0.0,8.0,80000.0,0.0,0.0,1.0,0.971,2,0.5386000871658325,1.0,-3.9363,0.7570093457943925,0.6950934579439252,0.0,8.0,80000.0,0.0,0.0,1.0,0.874,1
163.0,40,0.6748466257668712,0.5559815950920245,0.0,8.0,80000.0,0.0,0.0,1.0,0.891,1,0.9081519842147827,1.0,-3.894633333333334,0.7570093457943925,0.6950934579439252,0.0,8.0,80000.0,0.0,0.0,1.0,0.874,1
165.0,2192,0.6666666666666667,0.587121212121212,0.0,12.0,120000.0,0.0,0.0,0.0,0.887,2,1.0,1.0,-3.5196333333333336,0.7541899441340782,0.6925046554934823,0.0,12.0,120000.0,0.0,0.0,0.0,0.874,1
179.0,50,0.7541899441340782,0.6925046554934823,0.0,8.0,80000.0,0.0,0.0,1.0,0.874,1,0.0,1.0,-4.936350000000001,0.7541899441340782,0.6925046554934823,0.0,8.0,80000.0,0.0,0.0,1.0,0.873,1
179.0,2199,0.7541899441340782,0.6925046554934823,0.0,12.0,120000.0,0.0,0.0,0.0,0.874,2,0.0,1.0,-4.936350000000001,0.7541899441340782,0.6925046554934823,0.0,12.0,120000.0,0.0,0.0,0.0,0.873,1
173.0,847,0.7514450867052023,0.6442678227360309,37.5,12.0,120000.0,20000.0,4.0,0.0,0.878,0,0.0,1.0,9.792482916666666,0.7541477708425355,0.6924659315606616,37.5,12.0,120000.0,20000.0,4.0,0.0,0.873,0
161.0,472,0.6832298136645962,0.5240683229813665,12.5,25.0,400000.0,20000.0,2.0,1.0,0.893,0,0.0,1.0,9.642749799999999,0.745815107131368,0.6848147974431543,25.0,25.0,400000.0,20000.0,3.0,1.0,0.869,0
175.0,848,0.7714285714285715,0.6666666666666667,37.5,12.0,120000.0,20000.0,4.0,0.0,0.876,0,0.0,1.0,9.792532916666666,0.745815107131368,0.6848147974431543,25.0,12.0,120000.0,20000.0,3.0,0.0,0.869,0
183.0,52,0.7377049180327869,0.6944444444444445,0.0,8.0,80000.0,0.0,0.0,1.0,0.869,1,0.0,1.0,-4.93655,0.7377049180327869,0.6944444444444445,0.0,8.0,80000.0,0.0,0.0,1.0,0.869,1
183.0,852,0.7377049180327869,0.6944444444444445,25.0,12.0,120000.0,20000.0,3.0,0.0,0.869,2,0.0,1.0,-4.93155,0.7377049180327869,0.6944444444444445,25.0,12.0,120000.0,20000.0,3.0,0.0,0.869,1
177.0,849,0.7627118644067797,0.7003295668549906,37.5,12.0,120000.0,20000.0,4.0,0.0,0.875,0,0.0,1.0,9.792732916666667,0.7376645681840026,0.6944064607904963,12.5,12.0,120000.0,20000.0,2.0,0.0,0.868,0
171.0,2195,0.7017543859649122,0.6396198830409356,0.0,12.0,120000.0,0.0,0.0,0.0,0.88,2,1.0,1.0,-3.5199333333333334,0.7297297297297297,0.7038288288288288,0.0,12.0,120000.0,0.0,0.0,0.0,0.868,1
185.0,2202,0.7297297297297297,0.7038288288288288,0.0,12.0,120000.0,0.0,0.0,0.0,0.868,2,0.0,1.0,-4.93665,0.7297297297297297,0.7038288288288288,0.0,12.0,120000.0,0.0,0.0,0.0,0.867,1
179.0,850,0.7541899441340782,0.6925046554934823,37.5,12.0,120000.0,20000.0,4.0,0.0,0.874,0,0.0,1.0,9.792682916666667,0.7296902475709287,0.7037907480429482,12.5,12.0,120000.0,20000.0,2.0,0.0,0.867,0
171.0,44,0.7017543859649122,0.6396198830409356,0.0,8.0,80000.0,0.0,0.0,1.0,0.88,1,1.0,1.0,-3.8324833333333337,0.7284172661870504,0.7025629496402879,0.0,8.0,80000.0,0.0,0.0,1.0,0.867,1
165.0,1756,0.6666666666666667,0.587121212121212,0.0,12.0,120000.0,0.0,0.0,1.0,0.887,2,1.0,1.0,-3.8533166666666667,0.7219251336898396,0.696301247771836,0.0,12.0,120000.0,0.0,0.0,1.0,0.867,1
187.0,54,0.7219251336898396,0.696301247771836,0.0,8.0,80000.0,0.0,0.0,1.0,0.867,1,0.0,1.0,-4.9369000000000005,0.7219251336898396,0.696301247771836,0.0,8.0,80000.0,0.0,0.0,1.0,0.867,1
175.0,46,0.7714285714285715,0.6666666666666667,0.0,8.0,80000.0,0.0,0.0,1.0,0.876,1,0.40137583017349243,1.0,-3.770083333333334,0.7168141592920354,0.7024336283185841,0.0,8.0,80000.0,0.0,0.0,1.0,0.865,1
189.0,855,0.7142857142857143,0.6999559082892417,12.5,12.0,120000.0,20000.0,2.0,0.0,0.865,2,0.0,1.0,-4.9368,0.7142857142857143,0.6999559082892417,12.5,12.0,120000.0,20000.0,3.0,0.0,0.864,1
95.0,15,0.05263157894736842,0.23026315789473684,0.0,8.0,80000.0,0.0,0.0,1.0,0.946,2,0.787976086139679,1.0,-3.93685,0.7130281690140845,0.6987235915492958,0.0,8.0,80000.0,0.0,0.0,1.0,0.863,1
191.0,2205,0.7068062827225131,0.7471640488656195,0.0,12.0,120000.0,0.0,0.0,0.0,0.863,3,0.0,1.0,-4.93695,0.7068062827225131,0.7471640488656195,0.0,12.0,120000.0,0.0,0.0,0.0,0.861,1
185.0,853,0.7297297297297297,0.7038288288288288,12.5,12.0,120000.0,20000.0,2.0,0.0,0.868,0,0.0,1.0,9.791882916666665,0.7067692420936473,0.7471248932625748,37.5,12.0,120000.0,20000.0,4.0,0.0,0.861,0
97.0,16,0.10309278350515465,0.25773195876288657,0.0,8.0,80000.0,0.0,0.0,1.0,0.944,2,1.0,1.0,-3.93695,0.7055749128919862,0.7458623693379791,0.0,8.0,80000.0,0.0,0.0,1.0,0.861,1
93.0,14,0.0,0.20161290322580644,0.0,8.0,80000.0,0.0,0.0,1.0,0.95,2,0.16852831840515137,1.0,-3.937,0.7019064124783362,0.7419844020797227,0.0,8.0,80000.0,0.0,0.0,1.0,0.86,1
181.0,851,0.7458563535911602,0.6848526703499079,37.5,12.0,120000.0,20000.0,4.0,0.0,0.873,2,0.6460260152816772,1.0,9.580549999999999,0.6994818652849741,0.7394214162348877,37.5,12.0,120000.0,20000.0,4.0,0.0,0.861,0
193.0,1760,0.6994818652849741,0.7394214162348877,0.0,12.0,120000.0,0.0,0.0,1.0,0.861,1,0.0,1.0,-4.937050000000001,0.6994818652849741,0.7394214162348877,0.0,12.0,120000.0,0.0,0.0,1.0,0.859,1
193.0,2206,0.6994818652849741,0.7394214162348877,0.0,12.0,120000.0,0.0,0.0,0.0,0.861,2,0.0,1.0,-4.937050000000001,0.6994818652849741,0.7394214162348877,0.0,12.0,120000.0,0.0,0.0,0.0,0.859,1
171.0,1759,0.7017543859649122,0.6396198830409356,0.0,12.0,120000.0,0.0,0.0,1.0,0.88,2,1.0,1.0,-3.85413375,0.699445588340211,0.739383067921365,0.0,12.0,120000.0,0.0,0.0,1.0,0.859,1
153.0,837,0.6862745098039216,0.46977124183006536,25.0,12.0,120000.0,20000.0,3.0,0.0,0.905,3,1.0,1.0,-3.9320500000000003,0.7476153647847382,0.7357996047091173,50.0,12.0,120000.0,20000.0,5.0,0.0,0.859,1
153.0,2186,0.6862745098039216,0.46977124183006536,0.0,12.0,120000.0,0.0,0.0,0.0,0.905,3,1.0,1.0,-3.93705,0.7476153647847382,0.7357996047091173,0.0,12.0,120000.0,0.0,0.0,0.0,0.859,1
153.0,1750,0.6862745098039216,0.46977124183006536,0.0,12.0,120000.0,0.0,0.0,1.0,0.905,3,1.0,1.0,-3.9371,0.7694280584765323,0.7480550568521842,0.0,12.0,120000.0,0.0,0.0,1.0,0.858,1
189.0,860,0.7142857142857143,0.6999559082892417,12.5,12.0,120000.0,20000.0,2.0,0.0,0.865,0,0.0,1.0,9.791082916666666,0.7691912840781866,0.7478248595204592,62.5,12.0,120000.0,20000.0,6.0,0.0,0.855,0
181.0,2200,0.7458563535911602,0.6848526703499079,0.0,12.0,120000.0,0.0,0.0,0.0,0.873,2,0.6460260152816772,1.0,-3.56225,0.7653061224489796,0.7599914965986394,0.0,12.0,120000.0,0.0,0.0,0.0,0.855,1
176.0,477,0.7670454545454546,0.6747159090909091,25.0,25.0,400000.0,20000.0,3.0,1.0,0.875,0,0.0,1.0,9.6414998,0.7652670391680507,0.7599526847293837,50.0,25.0,400000.0,20000.0,5.0,1.0,0.854,0
154.0,1303,0.7142857142857143,0.4667207792207792,37.5,12.0,120000.0,20000.0,4.0,0.0,0.902,3,1.0,1.0,-3.9198,0.7870017771007869,0.7563256325632561,0.0,12.0,120000.0,20000.0,1.0,0.0,0.854,1
197.0,2208,0.7868020304568528,0.7561336717428088,0.0,12.0,120000.0,0.0,0.0,0.0,0.854,2,0.0,1.0,-4.9374,0.7868020304568528,0.7561336717428088,0.0,12.0,120000.0,0.0,0.0,0.0,0.852,1
191.0,856,0.7068062827225131,0.7471640488656195,25.0,12.0,120000.0,20000.0,3.0,0.0,0.863,0,0.0,1.0,9.790932916666666,0.7867620533596237,0.7560952528926492,62.5,12.0,120000.0,20000.0,6.0,0.0,0.852,0
191.0,861,0.7068062827225131,0.7471640488656195,25.0,12.0,120000.0,20000.0,4.0,0.0,0.863,0,0.0,1.0,9.790932916666666,0.7867620533596237,0.7560952528926492,62.5,12.0,120000.0,20000.0,6.0,0.0,0.852,0
183.0,2201,0.7377049180327869,0.6944444444444445,0.0,12.0,120000.0,0.0,0.0,0.0,0.869,2,1.0,1.0,-3.5628670833333334,0.7827887085102415,0.7522767830441165,0.0,12.0,120000.0,0.0,0.0,0.0,0.851,1
179.0,478,0.7541899441340782,0.6925046554934823,25.0,25.0,400000.0,20000.0,3.0,1.0,0.874,1,0.6460260152816772,1.0,9.666149800000001,0.7788552947663286,0.7641994155637365,50.0,25.0,400000.0,20000.0,5.0,1.0,0.847,0
193.0,862,0.6994818652849741,0.7394214162348877,37.5,12.0,120000.0,20000.0,4.0,0.0,0.861,0,0.0,1.0,9.790932916666668,0.7788552947663286,0.7641994155637365,50.0,12.0,120000.0,20000.0,5.0,0.0,0.847,0
201.0,1764,0.7711442786069652,0.8032752902155889,0.0,12.0,120000.0,0.0,0.0,1.0,0.844,2,0.0,1.0,-4.937850000000001,0.7711442786069652,0.8032752902155889,0.0,12.0,120000.0,0.0,0.0,1.0,0.843,1
195.0,858,0.7692307692307693,0.7478632478632478,50.0,12.0,120000.0,20000.0,5.0,0.0,0.858,0,0.0,1.0,9.790932916666666,0.7711058767670327,0.8032352882989925,37.5,12.0,120000.0,20000.0,4.0,0.0,0.842,0
195.0,863,0.7692307692307693,0.7478632478632478,50.0,12.0,120000.0,20000.0,6.0,0.0,0.858,0,0.0,1.0,9.790932916666666,0.7711058767670327,0.8032352882989925,37.5,12.0,120000.0,20000.0,4.0,0.0,0.842,0
197.0,1762,0.7868020304568528,0.7561336717428088,0.0,12.0,120000.0,0.0,0.0,1.0,0.854,1,0.04265980049967766,1.0,9.853816666666665,0.7673267326732673,0.7992986798679867,0.0,12.0,120000.0,0.0,0.0,1.0,0.843,0
198.0,2211,0.7828282828282829,0.7523148148148149,0.0,12.0,120000.0,0.0,0.0,0.0,0.852,2,0.04265980049967766,1.0,9.895533333333333,0.7673267326732673,0.7992986798679867,0.0,12.0,120000.0,0.0,0.0,0.0,0.844,0
177.0,2198,0.7627118644067797,0.7003295668549906,0.0,12.0,120000.0,0.0,0.0,0.0,0.875,2,0.6460260152816772,1.0,-3.9378,0.7673267326732673,0.7992986798679867,0.0,12.0,120000.0,0.0,0.0,0.0,0.844,1
182.0,479,0.7417582417582417,0.6810897435897436,25.0,25.0,400000.0,20000.0,3.0,1.0,0.869,1,1.0,1.0,9.6661998,0.7672887100990688,0.7992590730198634,37.5,25.0,400000.0,20000.0,4.0,1.0,0.843,0
189.0,55,0.7142857142857143,0.6999559082892417,0.0,8.0,80000.0,0.0,0.0,1.0,0.865,1,0.6226268410682678,1.0,-3.771233333333334,0.7660626029654036,0.797981878088962,0.0,8.0,80000.0,0.0,0.0,1.0,0.842,1
199.0,2209,0.7788944723618091,0.7642378559463987,0.0,12.0,120000.0,0.0,0.0,0.0,0.851,2,0.04265980049967766,1.0,9.895483333333333,0.7635467980295567,0.7953612479474549,0.0,12.0,120000.0,0.0,0.0,0.0,0.843,0
203.0,1765,0.7635467980295567,0.7953612479474549,0.0,12.0,120000.0,0.0,0.0,1.0,0.843,1,0.0,1.0,-4.937900000000001,0.7635467980295567,0.7953612479474549,0.0,12.0,120000.0,0.0,0.0,1.0,0.842,1
197.0,859,0.7868020304568528,0.7561336717428088,62.5,12.0,120000.0,20000.0,6.0,0.0,0.854,0,0.0,1.0,9.791182916666665,0.763509149130134,0.7953220303438896,25.0,12.0,120000.0,20000.0,3.0,0.0,0.842,0
197.0,864,0.7868020304568528,0.7561336717428088,62.5,12.0,120000.0,20000.0,7.0,0.0,0.854,0,0.0,1.0,9.791182916666665,0.763509149130134,0.7953220303438896,25.0,12.0,120000.0,20000.0,3.0,0.0,0.842,0
163.0,2191,0.6748466257668712,0.5559815950920245,0.0,12.0,120000.0,0.0,0.0,0.0,0.891,3,0.9081519842147827,1.0,-3.93795,0.7845060063741113,0.7916564517447086,0.0,12.0,120000.0,0.0,0.0,0.0,0.841,1
200.0,2212,0.775,0.7916666666666666,0.0,12.0,120000.0,0.0,0.0,0.0,0.847,2,0.04265980049967766,1.0,9.895433333333333,0.7843137254901961,0.806781045751634,0.0,12.0,120000.0,0.0,0.0,0.0,0.842,0
163.0,1755,0.6748466257668712,0.5559815950920245,0.0,12.0,120000.0,0.0,0.0,1.0,0.891,3,0.9081519842147827,1.0,-3.93795,0.8050744083922907,0.8030413922094819,0.0,12.0,120000.0,0.0,0.0,1.0,0.841,1
185.0,480,0.7297297297297297,0.7038288288288288,37.5,25.0,400000.0,20000.0,4.0,1.0,0.868,0,0.0,1.0,9.6409498,0.804838749093276,0.8129684334275515,37.5,25.0,400000.0,20000.0,4.0,1.0,0.838,0
107.0,21,0.5607476635514018,0.35046728971962615,0.0,8.0,80000.0,0.0,0.0,1.0,0.936,2,0.4233032464981079,1.0,-3.93825,0.7996768982229402,0.8228998384491114,0.0,8.0,80000.0,0.0,0.0,1.0,0.835,1
199.0,865,0.7788944723618091,0.7642378559463987,62.5,12.0,120000.0,20000.0,6.0,0.0,0.851,2,0.04265980049967766,1.0,9.770966666666666,0.7971014492753623,0.8202495974235104,25.0,12.0,120000.0,20000.0,3.0,0.0,0.836,0
207.0,869,0.7971014492753623,0.8202495974235104,25.0,12.0,120000.0,20000.0,3.0,0.0,0.836,2,0.0,1.0,-4.933249999999999,0.7971014492753623,0.8202495974235104,25.0,12.0,120000.0,20000.0,3.0,0.0,0.835,1
201.0,866,0.7711442786069652,0.8032752902155889,50.0,12.0,120000.0,20000.0,5.0,0.0,0.844,0,0.0,1.0,9.791032916666667,0.7970629053155449,0.8202099341315267,12.5,12.0,120000.0,20000.0,2.0,0.0,0.834,0
195.0,2207,0.7692307692307693,0.7478632478632478,0.0,12.0,120000.0,0.0,0.0,0.0,0.858,2,1.0,1.0,-3.4799666666666664,0.7932692307692307,0.8313301282051281,0.0,12.0,120000.0,0.0,0.0,0.0,0.834,1
188.0,481,0.7180851063829787,0.7036790780141844,50.0,25.0,400000.0,20000.0,5.0,1.0,0.865,0,0.0,1.0,9.6409498,0.7932310565246354,0.8312901223679894,25.0,25.0,400000.0,20000.0,3.0,1.0,0.833,0
195.0,58,0.7692307692307693,0.7478632478632478,0.0,8.0,80000.0,0.0,0.0,1.0,0.858,1,1.0,1.0,-3.7716833333333337,0.792,0.8300000000000001,0.0,8.0,80000.0,0.0,0.0,1.0,0.833,1
203.0,867,0.7635467980295567,0.7953612479474549,37.5,12.0,120000.0,20000.0,4.0,0.0,0.843,0,0.0,1.0,9.791032916666666,0.7894358743870687,0.8273128481581655,0.0,12.0,120000.0,20000.0,1.0,0.0,0.829,0
196.0,2210,0.7653061224489796,0.7599914965986394,0.0,12.0,120000.0,0.0,0.0,0.0,0.855,2,1.0,1.0,-3.5223504166666664,0.7856768351184784,0.8233734509448701,0.0,12.0,120000.0,0.0,0.0,0.0,0.828,1
213.0,1770,0.7746478873239436,0.8558294209702662,0.0,12.0,120000.0,0.0,0.0,1.0,0.823,1,0.0,1.0,-4.9389,0.7746478873239436,0.8558294209702662,0.0,12.0,120000.0,0.0,0.0,1.0,0.822,1
210.0,2217,0.7857142857142858,0.8234126984126984,0.0,12.0,120000.0,0.0,0.0,0.0,0.829,2,1.0,1.0,9.894433333333334,0.7710280373831775,0.8664330218068534,0.0,12.0,120000.0,0.0,0.0,0.0,0.822,0
214.0,2219,0.7710280373831775,0.8664330218068534,0.0,12.0,120000.0,0.0,0.0,0.0,0.822,3,0.0,1.0,-4.9389,0.7710280373831775,0.8664330218068534,0.0,12.0,120000.0,0.0,0.0,0.0,0.822,1
215.0,1771,0.7674418604651163,0.876937984496124,0.0,12.0,120000.0,0.0,0.0,1.0,0.822,1,0.0,1.0,-4.93895,0.7674418604651163,0.876937984496124,0.0,12.0,120000.0,0.0,0.0,1.0,0.821,1
199.0,1763,0.7788944723618091,0.7642378559463987,0.0,12.0,120000.0,0.0,0.0,1.0,0.851,2,0.04265980049967766,1.0,-3.60603375,0.7674061314633677,0.8768971577958937,0.0,12.0,120000.0,0.0,0.0,1.0,0.821,1
212.0,2218,0.7783018867924528,0.8303852201257862,0.0,12.0,120000.0,0.0,0.0,0.0,0.825,2,0.9517912268638611,1.0,9.894383333333334,0.7638888888888888,0.8873456790123457,0.0,12.0,120000.0,0.0,0.0,0.0,0.821,0
216.0,2220,0.7638888888888888,0.8873456790123457,0.0,12.0,120000.0,0.0,0.0,0.0,0.821,3,0.0,1.0,-4.93895,0.7638888888888888,0.8873456790123457,0.0,12.0,120000.0,0.0,0.0,0.0,0.821,1
209.0,870,0.7894736842105263,0.8273524720893142,12.5,12.0,120000.0,20000.0,2.0,0.0,0.833,2,1.0,1.0,9.727716666666666,0.7603686635944701,0.8832565284178188,25.0,12.0,120000.0,20000.0,3.0,0.0,0.821,0
195.0,1761,0.7692307692307693,0.7478632478632478,0.0,12.0,120000.0,0.0,0.0,1.0,0.858,2,1.0,1.0,-3.8556166666666667,0.7603686635944701,0.8832565284178188,0.0,12.0,120000.0,0.0,0.0,1.0,0.821,1
217.0,69,0.7603686635944701,0.8832565284178188,0.0,8.0,80000.0,0.0,0.0,1.0,0.821,1,0.0,1.0,-4.93895,0.7603686635944701,0.8832565284178188,0.0,8.0,80000.0,0.0,0.0,1.0,0.821,1
217.0,1772,0.7603686635944701,0.8832565284178188,0.0,12.0,120000.0,0.0,0.0,1.0,0.821,1,0.0,1.0,-4.93895,0.7603686635944701,0.8832565284178188,0.0,12.0,120000.0,0.0,0.0,1.0,0.821,1
197.0,484,0.7868020304568528,0.7561336717428088,50.0,25.0,400000.0,20000.0,5.0,1.0,0.854,0,0.0,1.0,9.6400998,0.7603335901417635,0.8832157865283111,37.5,25.0,400000.0,20000.0,4.0,1.0,0.821,0
212.0,1310,0.7783018867924528,0.8303852201257862,0.0,12.0,120000.0,20000.0,1.0,0.0,0.825,0,0.0,1.0,9.79055,0.7568807339449541,0.8792048929663608,25.0,12.0,120000.0,20000.0,4.0,0.0,0.821,0
211.0,871,0.7819905213270142,0.8343206951026856,0.0,12.0,120000.0,20000.0,1.0,0.0,0.828,2,1.0,1.0,9.727666666666666,0.7534246575342466,0.8894596651445966,25.0,12.0,120000.0,20000.0,3.0,0.0,0.82,0
213.0,872,0.7746478873239436,0.8558294209702662,0.0,12.0,120000.0,20000.0,1.0,0.0,0.823,0,0.0,1.0,9.7905,0.7534246575342466,0.8894596651445966,25.0,12.0,120000.0,20000.0,4.0,0.0,0.82,0
219.0,1773,0.7534246575342466,0.8894596651445966,0.0,12.0,120000.0,0.0,0.0,1.0,0.82,3,0.0,1.0,-4.93905,0.7534246575342466,0.8894596651445966,0.0,12.0,120000.0,0.0,0.0,1.0,0.819,1
214.0,1311,0.7710280373831775,0.8664330218068534,12.5,12.0,120000.0,20000.0,2.0,0.0,0.822,0,0.0,1.0,9.789932916666666,0.7499658765526168,0.8995802812184167,25.0,12.0,120000.0,20000.0,3.0,0.0,0.817,0
208.0,2216,0.7932692307692307,0.8313301282051281,0.0,12.0,120000.0,0.0,0.0,0.0,0.834,2,1.0,1.0,-3.4808166666666667,0.746606334841629,0.895550527903469,0.0,12.0,120000.0,0.0,0.0,0.0,0.817,1
221.0,1774,0.746606334841629,0.895550527903469,0.0,12.0,120000.0,0.0,0.0,1.0,0.817,2,0.0,1.0,-4.9392000000000005,0.746606334841629,0.895550527903469,0.0,12.0,120000.0,0.0,0.0,1.0,0.816,1
215.0,873,0.7674418604651163,0.876937984496124,12.5,12.0,120000.0,20000.0,2.0,0.0,0.822,0,0.0,1.0,9.789632916666667,0.7465725194980988,0.8955099665696892,37.5,12.0,120000.0,20000.0,4.0,0.0,0.816,0
207.0,1767,0.7971014492753623,0.8202495974235104,0.0,12.0,120000.0,0.0,0.0,1.0,0.836,2,1.0,1.0,-3.5642,0.7432432432432433,0.8915165165165164,0.0,12.0,120000.0,0.0,0.0,1.0,0.816,1
216.0,1312,0.7638888888888888,0.8873456790123457,25.0,12.0,120000.0,20000.0,3.0,0.0,0.821,0,0.0,1.0,9.790032916666666,0.7432097318494783,0.891476319768945,12.5,12.0,120000.0,20000.0,2.0,0.0,0.814,0
203.0,486,0.7635467980295567,0.7953612479474549,37.5,25.0,400000.0,20000.0,4.0,1.0,0.843,0,0.0,1.0,9.6393998,0.7398771023776017,0.9155044953662244,50.0,25.0,400000.0,20000.0,5.0,1.0,0.812,0
217.0,874,0.7603686635944701,0.8832565284178188,25.0,12.0,120000.0,20000.0,3.0,0.0,0.821,0,0.0,1.0,9.789432916666666,0.7398771023776017,0.9155044953662244,37.5,12.0,120000.0,20000.0,4.0,0.0,0.812,0
224.0,2224,0.7366071428571428,0.939360119047619,0.0,12.0,120000.0,0.0,0.0,0.0,0.812,3,0.0,1.0,-4.939450000000001,0.7366071428571428,0.939360119047619,0.0,12.0,120000.0,0.0,0.0,0.0,0.811,1
218.0,1313,0.7568807339449541,0.8792048929663608,25.0,12.0,120000.0,20000.0,3.0,0.0,0.821,0,0.0,1.0,9.789882916666667,0.736574227196365,0.9393181432680917,12.5,12.0,120000.0,20000.0,2.0,0.0,0.811,0
209.0,1768,0.7894736842105263,0.8273524720893142,0.0,12.0,120000.0,0.0,0.0,1.0,0.833,2,1.0,1.0,-3.6061166666666664,0.7333333333333333,0.9490740740740741,0.0,12.0,120000.0,0.0,0.0,1.0,0.811,1
225.0,73,0.7333333333333333,0.9490740740740741,0.0,8.0,80000.0,0.0,0.0,1.0,0.811,1,0.0,1.0,-4.939450000000001,0.7333333333333333,0.9490740740740741,0.0,8.0,80000.0,0.0,0.0,1.0,0.811,1
225.0,1776,0.7333333333333333,0.9490740740740741,0.0,12.0,120000.0,0.0,0.0,1.0,0.811,2,0.0,1.0,-4.939450000000001,0.7333333333333333,0.9490740740740741,0.0,12.0,120000.0,0.0,0.0,1.0,0.811,1
219.0,875,0.7534246575342466,0.8894596651445966,25.0,12.0,120000.0,20000.0,3.0,0.0,0.82,0,0.0,1.0,9.789332916666666,0.7333007095995419,0.9490318527014273,37.5,12.0,120000.0,20000.0,4.0,0.0,0.81,0
222.0,2223,0.7432432432432433,0.8915165165165164,0.0,12.0,120000.0,0.0,0.0,0.0,0.816,2,1.0,1.0,9.893883333333333,0.7300884955752213,0.9448746312684366,0.0,12.0,120000.0,0.0,0.0,0.0,0.811,0
202.0,2213,0.7673267326732673,0.7992986798679867,0.0,12.0,120000.0,0.0,0.0,0.0,0.844,2,0.04265980049967766,1.0,-3.93945,0.7300884955752213,0.9448746312684366,0.0,12.0,120000.0,0.0,0.0,0.0,0.811,1
227.0,1777,0.7268722466960352,0.9544787077826724,0.0,12.0,120000.0,0.0,0.0,1.0,0.808,1,0.0,1.0,-4.9397,0.7268722466960352,0.9544787077826724,0.0,12.0,120000.0,0.0,0.0,1.0,0.806,1
227.0,2235,0.7268722466960352,0.9544787077826724,0.0,12.0,120000.0,0.0,0.0,0.0,0.808,3,0.0,1.0,-4.9397,0.7268722466960352,0.9544787077826724,0.0,12.0,120000.0,0.0,0.0,0.0,0.806,1
211.0,1769,0.7819905213270142,0.8343206951026856,0.0,12.0,120000.0,0.0,0.0,1.0,0.828,2,1.0,1.0,-3.6067837499999995,0.7268401952847806,0.954436620070924,0.0,12.0,120000.0,0.0,0.0,1.0,0.806,1
221.0,876,0.746606334841629,0.895550527903469,37.5,12.0,120000.0,20000.0,4.0,0.0,0.817,0,0.0,1.0,9.789132916666667,0.7268401952847806,0.954436620070924,37.5,12.0,120000.0,20000.0,4.0,0.0,0.806,0
187.0,854,0.7219251336898396,0.696301247771836,12.5,12.0,120000.0,20000.0,2.0,0.0,0.867,3,1.0,1.0,-3.9396999999999998,0.7457775828032464,0.9505008408276667,37.5,12.0,120000.0,20000.0,4.0,0.0,0.806,1
187.0,2203,0.7219251336898396,0.696301247771836,0.0,12.0,120000.0,0.0,0.0,0.0,0.867,3,1.0,1.0,-3.9398,0.7643590303559729,0.9599985440780372,0.0,12.0,120000.0,0.0,0.0,0.0,0.804,1
222.0,1315,0.7432432432432433,0.8915165165165164,25.0,12.0,120000.0,20000.0,3.0,0.0,0.816,2,1.0,1.0,9.773583333333335,0.7641921397379913,0.9734352256186317,12.5,12.0,120000.0,20000.0,2.0,0.0,0.805,0
223.0,877,0.7399103139013453,0.9155455904334828,37.5,12.0,120000.0,20000.0,4.0,0.0,0.814,0,0.0,1.0,9.789182916666666,0.7641587369914529,0.9733926768819697,25.0,12.0,120000.0,20000.0,3.0,0.0,0.802,0
226.0,2225,0.7300884955752213,0.9448746312684366,0.0,12.0,120000.0,0.0,0.0,0.0,0.811,2,0.24756893515586853,1.0,9.893433333333334,0.7608695652173914,0.9692028985507246,0.0,12.0,120000.0,0.0,0.0,0.0,0.802,0
230.0,496,0.7608695652173914,0.9692028985507246,50.0,25.0,400000.0,20000.0,5.0,1.0,0.802,1,0.0,1.0,-4.9099,0.7608695652173914,0.9692028985507246,50.0,25.0,400000.0,20000.0,5.0,1.0,0.802,1
230.0,2227,0.7608695652173914,0.9692028985507246,0.0,12.0,120000.0,0.0,0.0,0.0,0.802,3,0.0,1.0,-4.939900000000001,0.7608695652173914,0.9692028985507246,0.0,12.0,120000.0,0.0,0.0,0.0,0.802,1
224.0,1316,0.7366071428571428,0.939360119047619,12.5,12.0,120000.0,20000.0,2.0,0.0,0.812,0,0.0,1.0,9.789382916666668,0.7608364522917938,0.9691607189907373,12.5,12.0,120000.0,20000.0,2.0,0.0,0.801,0
226.0,1317,0.7300884955752213,0.9448746312684366,12.5,12.0,120000.0,20000.0,2.0,0.0,0.811,2,0.24756893515586853,1.0,9.851766666666666,0.7575757575757576,0.9650072150072151,12.5,12.0,120000.0,20000.0,2.0,0.0,0.802,0
218.0,2221,0.7568807339449541,0.8792048929663608,0.0,12.0,120000.0,0.0,0.0,0.0,0.821,2,1.0,1.0,-3.4815666666666667,0.7575757575757576,0.9650072150072151,0.0,12.0,120000.0,0.0,0.0,0.0,0.802,1
231.0,1779,0.7575757575757576,0.9650072150072151,0.0,12.0,120000.0,0.0,0.0,1.0,0.802,3,0.0,1.0,-4.939900000000001,0.7575757575757576,0.9650072150072151,0.0,12.0,120000.0,0.0,0.0,1.0,0.802,1
225.0,878,0.7333333333333333,0.9490740740740741,37.5,12.0,120000.0,20000.0,4.0,0.0,0.811,0,0.0,1.0,9.789132916666667,0.7575429307154266,0.9649653998398886,25.0,12.0,120000.0,20000.0,3.0,0.0,0.801,0
189.0,2204,0.7142857142857143,0.6999559082892417,0.0,12.0,120000.0,0.0,0.0,0.0,0.865,3,0.0937381312251091,1.0,-3.93995,0.776029316663074,0.9610548250341308,0.0,12.0,120000.0,0.0,0.0,0.0,0.801,1
232.0,2228,0.7758620689655172,0.9608477011494252,0.0,12.0,120000.0,0.0,0.0,0.0,0.801,3,0.0,1.0,-4.9399500000000005,0.7758620689655172,0.9608477011494252,0.0,12.0,120000.0,0.0,0.0,0.0,0.801,1
212.0,490,0.7783018867924528,0.8303852201257862,25.0,25.0,400000.0,20000.0,3.0,1.0,0.825,0,0.0,1.0,9.6390998,0.7758285946369297,0.9608062456730495,37.5,25.0,400000.0,20000.0,4.0,1.0,0.801,0
233.0,882,0.7725321888412017,0.9567238912732474,25.0,12.0,120000.0,20000.0,3.0,0.0,0.801,2,0.0,1.0,-4.935,0.7725321888412017,0.9567238912732474,25.0,12.0,120000.0,20000.0,3.0,0.0,0.8,1
227.0,879,0.7268722466960352,0.9544787077826724,37.5,12.0,120000.0,20000.0,4.0,0.0,0.808,0,0.0,1.0,9.789232916666666,0.7724990012231664,0.9566827908666529,12.5,12.0,120000.0,20000.0,2.0,0.0,0.798,0
193.0,857,0.6994818652849741,0.7394214162348877,37.5,12.0,120000.0,20000.0,4.0,0.0,0.861,3,0.2194954752922058,1.0,-3.9226,0.7907672579611028,0.9528389256963737,12.5,12.0,120000.0,20000.0,2.0,0.0,0.798,1
234.0,2229,0.7905982905982906,0.9659900284900285,0.0,12.0,120000.0,0.0,0.0,0.0,0.798,3,0.0,1.0,-4.940100000000001,0.7905982905982906,0.9659900284900285,0.0,12.0,120000.0,0.0,0.0,0.0,0.798,1
215.0,491,0.7674418604651163,0.876937984496124,37.5,25.0,400000.0,20000.0,4.0,1.0,0.822,0,0.0,1.0,9.639049799999999,0.7872005111612055,0.961838462398545,25.0,25.0,400000.0,20000.0,3.0,1.0,0.795,0
236.0,2230,0.7838983050847457,0.9798728813559323,0.0,12.0,120000.0,0.0,0.0,0.0,0.795,2,0.0,1.0,-4.940300000000001,0.7838983050847457,0.9798728813559323,0.0,12.0,120000.0,0.0,0.0,0.0,0.794,1
230.0,1319,0.7608695652173914,0.9692028985507246,12.5,12.0,120000.0,20000.0,2.0,0.0,0.802,0,0.0,1.0,9.788482916666666,0.7838650572490549,0.9798313215613186,37.5,12.0,120000.0,20000.0,4.0,0.0,0.793,0
233.0,2238,0.7725321888412017,0.9567238912732474,0.0,12.0,120000.0,0.0,0.0,0.0,0.801,2,0.8311895132064819,1.0,9.893033333333333,0.7805907172995781,0.9757383966244726,0.0,12.0,120000.0,0.0,0.0,0.0,0.794,0
231.0,881,0.7575757575757576,0.9650072150072151,25.0,12.0,120000.0,20000.0,3.0,0.0,0.802,0,0.0,1.0,9.789082916666667,0.7805577494385153,0.9756971867981441,0.0,12.0,120000.0,20000.0,1.0,0.0,0.79,0
143.0,30,0.6643356643356644,0.5026223776223776,0.0,8.0,80000.0,0.0,0.0,1.0,0.912,2,0.6499357223510742,1.0,-3.9405,0.7794943820224719,0.9743679775280899,0.0,8.0,80000.0,0.0,0.0,1.0,0.79,1
238.0,2231,0.7773109243697479,0.9803921568627452,0.0,12.0,120000.0,0.0,0.0,0.0,0.79,2,0.0,1.0,-4.9405,0.7773109243697479,0.9803921568627452,0.0,12.0,120000.0,0.0,0.0,0.0,0.79,1
223.0,1775,0.7399103139013453,0.9155455904334828,0.0,12.0,120000.0,0.0,0.0,1.0,0.814,2,0.24756893515586853,1.0,-3.5659170833333333,0.7772782329617145,0.9803509244562165,0.0,12.0,120000.0,0.0,0.0,1.0,0.79,1
218.0,492,0.7568807339449541,0.8792048929663608,37.5,25.0,400000.0,20000.0,4.0,1.0,0.821,0,0.0,1.0,9.6390498,0.7772782329617145,0.9803509244562165,12.5,25.0,400000.0,20000.0,2.0,1.0,0.79,0
232.0,1320,0.7758620689655172,0.9608477011494252,12.5,12.0,120000.0,20000.0,2.0,0.0,0.801,0,0.0,1.0,9.788332916666667,0.7772782329617145,0.9803509244562165,37.5,12.0,120000.0,20000.0,4.0,0.0,0.79,0
239.0,2241,0.7740585774058577,0.9762900976290098,0.0,12.0,120000.0,0.0,0.0,0.0,0.79,2,0.0,1.0,-4.9406,0.7740585774058577,0.9762900976290098,0.0,12.0,120000.0,0.0,0.0,0.0,0.788,1
145.0,31,0.6896551724137931,0.4956896551724138,0.0,8.0,80000.0,0.0,0.0,1.0,0.909,2,0.6499357223510742,1.0,-3.9406,0.7729805013927576,0.9749303621169916,0.0,8.0,80000.0,0.0,0.0,1.0,0.788,1
234.0,1321,0.7905982905982906,0.9659900284900285,25.0,12.0,120000.0,20000.0,3.0,0.0,0.798,0,0.0,1.0,9.788182916666667,0.7708011845005964,0.9721816741448963,37.5,12.0,120000.0,20000.0,4.0,0.0,0.787,0
221.0,493,0.746606334841629,0.895550527903469,50.0,25.0,400000.0,20000.0,5.0,1.0,0.817,0,0.0,1.0,9.6387498,0.767602972175305,0.9681478928337182,12.5,25.0,400000.0,20000.0,2.0,1.0,0.784,0
242.0,2233,0.7644628099173554,0.9771005509641874,0.0,12.0,120000.0,0.0,0.0,0.0,0.784,2,0.0,1.0,-4.9408,0.7644628099173554,0.9771005509641874,0.0,12.0,120000.0,0.0,0.0,0.0,0.784,1
236.0,1322,0.7838983050847457,0.9798728813559323,37.5,12.0,120000.0,20000.0,4.0,0.0,0.795,0,0.0,1.0,9.787982916666666,0.7644311902635763,0.977060136204008,37.5,12.0,120000.0,20000.0,4.0,0.0,0.783,0
239.0,1783,0.7740585774058577,0.9762900976290098,0.0,12.0,120000.0,0.0,0.0,1.0,0.79,1,0.681322455406189,1.0,9.892283333333333,0.7613168724279836,0.973079561042524,0.0,12.0,120000.0,0.0,0.0,1.0,0.784,0
239.0,1786,0.7740585774058577,0.9762900976290098,0.0,12.0,120000.0,0.0,0.0,1.0,0.79,1,0.681322455406189,1.0,9.850716666666665,0.7581967213114754,0.9818989071038251,0.0,12.0,120000.0,0.0,0.0,1.0,0.781,0
244.0,2234,0.7581967213114754,0.9818989071038251,0.0,12.0,120000.0,0.0,0.0,0.0,0.781,3,0.0,1.0,-4.940950000000001,0.7581967213114754,0.9818989071038251,0.0,12.0,120000.0,0.0,0.0,0.0,0.781,1
238.0,1323,0.7773109243697479,0.9803921568627452,37.5,12.0,120000.0,20000.0,4.0,0.0,0.79,0,0.0,1.0,9.787832916666666,0.7581656178777256,0.9818586267560636,37.5,12.0,120000.0,20000.0,4.0,0.0,0.78,0
204.0,2214,0.7843137254901961,0.806781045751634,0.0,12.0,120000.0,0.0,0.0,0.0,0.842,3,1.0,1.0,-3.941,0.7756685037762808,0.978090766823161,0.0,12.0,120000.0,0.0,0.0,0.0,0.78,1
237.0,884,0.7805907172995781,0.9757383966244726,12.5,12.0,120000.0,20000.0,2.0,0.0,0.794,2,0.8311895132064819,1.0,9.725716666666665,0.7755102040816326,1.0034013605442178,0.0,12.0,120000.0,20000.0,1.0,0.0,0.781,0
245.0,501,0.7755102040816326,1.0034013605442178,25.0,25.0,400000.0,20000.0,3.0,1.0,0.781,2,0.0,1.0,-4.93595,0.7755102040816326,1.0034013605442178,25.0,25.0,400000.0,20000.0,4.0,1.0,0.781,1
205.0,868,0.8048780487804879,0.8130081300813008,25.0,12.0,120000.0,20000.0,3.0,0.0,0.841,3,1.0,1.0,-3.9360500000000003,0.7928440739987802,0.999525648844616,0.0,12.0,120000.0,20000.0,1.0,0.0,0.779,1
240.0,1324,0.7708333333333334,0.9722222222222222,37.5,12.0,120000.0,20000.0,4.0,0.0,0.788,0,0.0,1.0,9.787482916666667,0.7926506730356216,0.9992818313910614,50.0,12.0,120000.0,20000.0,5.0,0.0,0.778,0
206.0,2215,0.8009708737864077,0.8242313915857604,0.0,12.0,120000.0,0.0,0.0,0.0,0.838,3,1.0,1.0,-3.9411,0.8301275561854625,0.9954781669703717,0.0,12.0,120000.0,0.0,0.0,0.0,0.778,1
205.0,1766,0.8048780487804879,0.8130081300813008,0.0,12.0,120000.0,0.0,0.0,1.0,0.841,3,1.0,1.0,-3.9411,0.8301275561854625,0.9954781669703717,0.0,12.0,120000.0,0.0,0.0,1.0,0.778,1
237.0,1785,0.7805907172995781,0.9757383966244726,0.0,12.0,120000.0,0.0,0.0,1.0,0.794,2,0.8311895132064819,1.0,9.642283333333333,0.8299595141700404,0.9952766531713899,0.0,12.0,120000.0,0.0,0.0,1.0,0.779,0
247.0,1790,0.8299595141700404,0.9952766531713899,0.0,12.0,120000.0,0.0,0.0,1.0,0.779,1,0.0,1.0,-4.941050000000001,0.8299595141700404,0.9952766531713899,0.0,12.0,120000.0,0.0,0.0,1.0,0.779,1
237.0,1782,0.7805907172995781,0.9757383966244726,0.0,12.0,120000.0,0.0,0.0,1.0,0.794,2,0.8311895132064819,1.0,9.600516666666666,0.8266129032258065,0.9912634408602151,0.0,12.0,120000.0,0.0,0.0,1.0,0.777,0
242.0,1325,0.7644628099173554,0.9771005509641874,37.5,12.0,120000.0,20000.0,4.0,0.0,0.784,0,0.0,1.0,9.787132916666666,0.8265795400758219,0.9912234322047458,62.5,12.0,120000.0,20000.0,6.0,0.0,0.776,0
243.0,1335,0.7613168724279836,0.973079561042524,37.5,12.0,120000.0,20000.0,4.0,0.0,0.784,2,0.5156804919242859,1.0,9.82635,0.8232931726907631,0.9872824631860777,62.5,12.0,120000.0,20000.0,6.0,0.0,0.777,0
244.0,1326,0.7581967213114754,0.9818989071038251,37.5,12.0,120000.0,20000.0,4.0,0.0,0.781,0,0.0,1.0,9.787032916666666,0.8199671685145727,0.9832939622430852,62.5,12.0,120000.0,20000.0,6.0,0.0,0.774,0
251.0,1339,0.8167330677290837,0.9918658698539176,62.5,12.0,120000.0,20000.0,6.0,0.0,0.774,3,0.0,1.0,-4.8988499999999995,0.8167330677290837,0.9918658698539176,62.5,12.0,120000.0,20000.0,6.0,0.0,0.773,1
251.0,1792,0.8167330677290837,0.9918658698539176,0.0,12.0,120000.0,0.0,0.0,1.0,0.774,1,0.0,1.0,-4.9416,0.8167330677290837,0.9918658698539176,0.0,12.0,120000.0,0.0,0.0,1.0,0.773,1
245.0,1336,0.7755102040816326,1.0034013605442178,37.5,12.0,120000.0,20000.0,4.0,0.0,0.781,0,0.0,1.0,9.787182916666668,0.816700497322796,0.9918263153462819,50.0,12.0,120000.0,20000.0,5.0,0.0,0.772,0
246.0,1327,0.7926829268292683,0.9993224932249323,50.0,12.0,120000.0,20000.0,5.0,0.0,0.779,0,0.0,1.0,9.787332916666667,0.813459751063063,1.0126912551344027,37.5,12.0,120000.0,20000.0,4.0,0.0,0.77,0
249.0,1791,0.8232931726907631,0.9872824631860777,0.0,12.0,120000.0,0.0,0.0,1.0,0.777,1,0.8717842102050781,1.0,9.891883333333334,0.8102766798418972,1.0087285902503293,0.0,12.0,120000.0,0.0,0.0,1.0,0.771,0
247.0,1337,0.8299595141700404,0.9952766531713899,50.0,12.0,120000.0,20000.0,5.0,0.0,0.779,0,0.0,1.0,9.787232916666666,0.8102446223372743,1.008688681263375,37.5,12.0,120000.0,20000.0,4.0,0.0,0.768,0
243.0,1788,0.7613168724279836,0.973079561042524,0.0,12.0,120000.0,0.0,0.0,1.0,0.784,2,0.5156804919242859,1.0,9.600116666666665,0.8070866141732284,1.0170603674540684,0.0,12.0,120000.0,0.0,0.0,1.0,0.769,0
233.0,1780,0.7725321888412017,0.9567238912732474,0.0,12.0,120000.0,0.0,0.0,1.0,0.801,2,0.8311895132064819,1.0,-3.81655,0.8070866141732284,1.0170603674540684,0.0,12.0,120000.0,0.0,0.0,1.0,0.769,1
248.0,1328,0.8266129032258065,0.9912634408602151,62.5,12.0,120000.0,20000.0,6.0,0.0,0.777,0,0.0,1.0,9.787282916666665,0.8070548085880553,1.0170202872451104,37.5,12.0,120000.0,20000.0,4.0,0.0,0.769,0
250.0,1329,0.8200000000000001,0.9833333333333334,75.0,12.0,120000.0,20000.0,7.0,0.0,0.775,2,1.0,1.0,9.905116666666665,0.803921568627451,1.0130718954248366,37.5,12.0,120000.0,20000.0,4.0,0.0,0.769,0
255.0,1794,0.803921568627451,1.0130718954248366,0.0,12.0,120000.0,0.0,0.0,1.0,0.769,3,0.0,1.0,-4.94155,0.803921568627451,1.0130718954248366,0.0,12.0,120000.0,0.0,0.0,1.0,0.769,1
249.0,1338,0.8232931726907631,0.9872824631860777,62.5,12.0,120000.0,20000.0,6.0,0.0,0.777,0,0.0,1.0,9.787232916666666,0.8038900120038426,1.0130321289479316,37.5,12.0,120000.0,20000.0,4.0,0.0,0.768,0
252.0,1330,0.8134920634920636,1.0127314814814814,50.0,12.0,120000.0,20000.0,5.0,0.0,0.772,2,0.4502560496330261,1.0,9.880016666666666,0.7976653696498054,1.0051880674448768,50.0,12.0,120000.0,20000.0,5.0,0.0,0.767,0
257.0,514,0.7976653696498054,1.0051880674448768,87.5,25.0,400000.0,20000.0,9.0,1.0,0.767,2,0.0,1.0,-4.87415,0.7976653696498054,1.0051880674448768,87.5,25.0,400000.0,20000.0,9.0,1.0,0.767,1
257.0,1342,0.7976653696498054,1.0051880674448768,50.0,12.0,120000.0,20000.0,5.0,0.0,0.767,2,0.0,1.0,-4.911650000000001,0.7976653696498054,1.0051880674448768,50.0,12.0,120000.0,20000.0,5.0,0.0,0.767,1
259.0,1796,0.7915057915057915,0.9974259974259975,0.0,12.0,120000.0,0.0,0.0,1.0,0.763,1,0.0,1.0,-4.9418500000000005,0.7915057915057915,0.9974259974259975,0.0,12.0,120000.0,0.0,0.0,1.0,0.763,1
259.0,2251,0.7915057915057915,0.9974259974259975,0.0,12.0,120000.0,0.0,0.0,0.0,0.763,3,0.0,1.0,-4.9418500000000005,0.7915057915057915,0.9974259974259975,0.0,12.0,120000.0,0.0,0.0,0.0,0.763,1
239.0,499,0.7740585774058577,0.9762900976290098,12.5,25.0,400000.0,20000.0,2.0,1.0,0.79,1,0.681322455406189,1.0,9.6561998,0.791475202058793,0.9973874497488855,87.5,25.0,400000.0,20000.0,8.0,1.0,0.763,0
253.0,1340,0.8102766798418972,1.0087285902503293,37.5,12.0,120000.0,20000.0,4.0,0.0,0.771,0,0.0,1.0,9.786732916666667,0.791475202058793,0.9973874497488855,50.0,12.0,120000.0,20000.0,5.0,0.0,0.763,0
260.0,1334,0.7884615384615384,1.0136217948717947,50.0,12.0,120000.0,20000.0,5.0,0.0,0.763,3,0.0,1.0,-4.912,0.7884615384615384,1.0136217948717947,50.0,12.0,120000.0,20000.0,5.0,0.0,0.76,1
254.0,1331,0.8070866141732284,1.0170603674540684,37.5,12.0,120000.0,20000.0,4.0,0.0,0.769,0,0.0,1.0,9.786832916666667,0.7884311838609598,1.0135827719350752,37.5,12.0,120000.0,20000.0,4.0,0.0,0.76,0
220.0,1314,0.75,0.8996212121212122,37.5,12.0,120000.0,20000.0,4.0,0.0,0.819,3,1.0,1.0,-3.9245,0.8047518681739797,1.0099316599604011,37.5,12.0,120000.0,20000.0,4.0,0.0,0.76,1
261.0,1797,0.8045977011494253,1.0217113665389528,0.0,12.0,120000.0,0.0,0.0,1.0,0.76,1,0.0,1.0,-4.94205,0.8045977011494253,1.0217113665389528,0.0,12.0,120000.0,0.0,0.0,1.0,0.759,1
261.0,2252,0.8045977011494253,1.0217113665389528,0.0,12.0,120000.0,0.0,0.0,0.0,0.76,3,0.0,1.0,-4.94205,0.8045977011494253,1.0217113665389528,0.0,12.0,120000.0,0.0,0.0,0.0,0.759,1
255.0,1341,0.803921568627451,1.0130718954248366,37.5,12.0,120000.0,20000.0,4.0,0.0,0.769,0,0.0,1.0,9.787032916666666,0.8045668440072471,1.0216721828663453,25.0,12.0,120000.0,20000.0,3.0,0.0,0.759,0
169.0,43,0.7100591715976331,0.610207100591716,0.0,8.0,80000.0,0.0,0.0,1.0,0.883,2,1.0,1.0,-3.94205,0.8226725703350929,1.0203690794853866,0.0,8.0,80000.0,0.0,0.0,1.0,0.759,1
220.0,2222,0.75,0.8996212121212122,0.0,12.0,120000.0,0.0,0.0,0.0,0.819,3,1.0,1.0,-3.94205,0.8207673220080168,1.0180059807851372,0.0,12.0,120000.0,0.0,0.0,0.0,0.759,1
242.0,500,0.7644628099173554,0.9771005509641874,12.5,25.0,400000.0,20000.0,2.0,1.0,0.784,0,0.0,1.0,9.6361498,0.8205793358810985,1.0177728196974867,75.0,25.0,400000.0,20000.0,7.0,1.0,0.757,0
256.0,1332,0.8007812499999999,1.0091145833333335,37.5,12.0,120000.0,20000.0,4.0,0.0,0.768,0,0.0,1.0,9.787182916666668,0.8205793358810985,1.0177728196974867,12.5,12.0,120000.0,20000.0,2.0,0.0,0.757,0
258.0,1333,0.7945736434108527,1.0012919896640828,50.0,12.0,120000.0,20000.0,5.0,0.0,0.765,2,0.00339811434969306,1.0,9.879566666666667,0.817490494296578,1.0139416983523446,12.5,12.0,120000.0,20000.0,2.0,0.0,0.758,0
263.0,1798,0.817490494296578,1.0139416983523446,0.0,12.0,120000.0,0.0,0.0,1.0,0.758,3,0.0,1.0,-4.9421,0.817490494296578,1.0139416983523446,0.0,12.0,120000.0,0.0,0.0,1.0,0.758,1
237.0,2240,0.7805907172995781,0.9757383966244726,0.0,12.0,120000.0,0.0,0.0,0.0,0.794,2,0.8311895132064819,1.0,-3.94215,0.8174593811087266,1.0139031083519088,0.0,12.0,120000.0,0.0,0.0,0.0,0.757,1
265.0,1799,0.8113207547169812,1.0180817610062893,0.0,12.0,120000.0,0.0,0.0,1.0,0.756,1,0.0,1.0,-4.9422500000000005,0.8113207547169812,1.0180817610062893,0.0,12.0,120000.0,0.0,0.0,1.0,0.755,1
265.0,2254,0.8113207547169812,1.0180817610062893,0.0,12.0,120000.0,0.0,0.0,0.0,0.756,3,0.0,1.0,-4.9422500000000005,0.8113207547169812,1.0180817610062893,0.0,12.0,120000.0,0.0,0.0,0.0,0.755,1
245.0,510,0.7755102040816326,1.0034013605442178,25.0,25.0,400000.0,20000.0,3.0,1.0,0.781,0,0.0,1.0,9.635799800000001,0.8112901093811513,1.0180433058610376,87.5,25.0,400000.0,20000.0,8.0,1.0,0.755,0
259.0,1343,0.7915057915057915,0.9974259974259975,50.0,12.0,120000.0,20000.0,5.0,0.0,0.763,0,0.0,1.0,9.787082916666668,0.8112901093811513,1.0180433058610376,12.5,12.0,120000.0,20000.0,2.0,0.0,0.755,0
257.0,1795,0.7976653696498054,1.0051880674448768,0.0,12.0,120000.0,0.0,0.0,1.0,0.767,2,0.00339811434969306,1.0,9.641033333333333,0.8052434456928839,1.0221598002496879,0.0,12.0,120000.0,0.0,0.0,1.0,0.754,0
267.0,2255,0.8052434456928839,1.0221598002496879,0.0,12.0,120000.0,0.0,0.0,0.0,0.754,2,0.0,1.0,-4.94235,0.8052434456928839,1.0221598002496879,0.0,12.0,120000.0,0.0,0.0,0.0,0.753,1
243.0,2243,0.7613168724279836,0.973079561042524,0.0,12.0,120000.0,0.0,0.0,0.0,0.784,2,0.5156804919242859,1.0,-3.9424,0.8022088428712046,1.0183077365903856,0.0,12.0,120000.0,0.0,0.0,0.0,0.752,1
248.0,511,0.8266129032258065,0.9912634408602151,37.5,25.0,400000.0,20000.0,4.0,1.0,0.777,0,0.0,1.0,9.6356498,0.8022088428712046,1.0183077365903856,87.5,25.0,400000.0,20000.0,9.0,1.0,0.752,0
228.0,1318,0.7456140350877193,0.9639985380116958,12.5,12.0,120000.0,20000.0,2.0,0.0,0.806,3,0.24756893515586853,1.0,-3.9424,0.81799591002045,1.0147487141352172,25.0,12.0,120000.0,20000.0,3.0,0.0,0.752,1
269.0,1801,0.8178438661710037,1.0145600991325898,0.0,12.0,120000.0,0.0,0.0,1.0,0.752,2,0.0,1.0,-4.942450000000001,0.8178438661710037,1.0145600991325898,0.0,12.0,120000.0,0.0,0.0,1.0,0.751,1
263.0,1345,0.817490494296578,1.0139416983523446,12.5,12.0,120000.0,20000.0,2.0,0.0,0.758,0,0.0,1.0,9.786582916666665,0.8178134337826314,1.0145223468326203,25.0,12.0,120000.0,20000.0,3.0,0.0,0.75,0
229.0,1778,0.7641921397379913,0.9734352256186317,0.0,12.0,120000.0,0.0,0.0,1.0,0.805,3,0.8421888947486877,1.0,-3.9425,0.8520096314132247,1.0109896894486634,0.0,12.0,120000.0,0.0,0.0,1.0,0.75,1
228.0,2226,0.7456140350877193,0.9639985380116958,0.0,12.0,120000.0,0.0,0.0,0.0,0.806,3,0.24756893515586853,1.0,-3.9425,0.8520096314132247,1.0109896894486634,0.0,12.0,120000.0,0.0,0.0,0.0,0.75,1
270.0,82,0.8518518518518519,1.0108024691358026,0.0,8.0,80000.0,0.0,0.0,1.0,0.75,1,0.0,1.0,-4.942500000000001,0.8518518518518519,1.0108024691358026,0.0,8.0,80000.0,0.0,0.0,1.0,0.75,1
229.0,880,0.7641921397379913,0.9734352256186317,37.5,12.0,120000.0,20000.0,4.0,0.0,0.805,3,0.24756893515586853,1.0,-3.9250499999999997,0.8673186934858831,1.0072584117610874,0.0,12.0,120000.0,20000.0,1.0,0.0,0.749,1
267.0,1800,0.8052434456928839,1.0221598002496879,0.0,12.0,120000.0,0.0,0.0,1.0,0.754,1,0.6771712303161621,1.0,9.890833333333333,0.8671586715867159,1.007072570725707,0.0,12.0,120000.0,0.0,0.0,1.0,0.75,0
271.0,1349,0.8671586715867159,1.007072570725707,25.0,12.0,120000.0,20000.0,3.0,0.0,0.75,2,0.0,1.0,-4.9375,0.8671586715867159,1.007072570725707,25.0,12.0,120000.0,20000.0,3.0,0.0,0.75,1
271.0,1802,0.8671586715867159,1.007072570725707,0.0,12.0,120000.0,0.0,0.0,1.0,0.75,1,0.0,1.0,-4.942500000000001,0.8671586715867159,1.007072570725707,0.0,12.0,120000.0,0.0,0.0,1.0,0.75,1
271.0,2257,0.8671586715867159,1.007072570725707,0.0,12.0,120000.0,0.0,0.0,0.0,0.75,3,0.0,1.0,-4.942500000000001,0.8671586715867159,1.007072570725707,0.0,12.0,120000.0,0.0,0.0,0.0,0.75,1
251.0,503,0.8167330677290837,0.9918658698539176,50.0,25.0,400000.0,20000.0,5.0,1.0,0.774,0,0.0,1.0,9.6355498,0.8671266422963491,1.007035373588845,87.5,25.0,400000.0,20000.0,9.0,1.0,0.75,0
229.0,2236,0.7641921397379913,0.9734352256186317,0.0,12.0,120000.0,0.0,0.0,0.0,0.805,3,0.8421888947486877,1.0,-3.9425,0.882515168229454,1.0035545749831465,0.0,12.0,120000.0,0.0,0.0,0.0,0.75,1
231.0,2237,0.7575757575757576,0.9650072150072151,0.0,12.0,120000.0,0.0,0.0,0.0,0.802,3,0.8421888947486877,1.0,-3.9426,0.8976002930939732,1.0113268608414239,0.0,12.0,120000.0,0.0,0.0,0.0,0.748,1
273.0,1803,0.8974358974358974,1.0225885225885227,0.0,12.0,120000.0,0.0,0.0,1.0,0.748,3,0.0,1.0,-4.9426000000000005,0.8974358974358974,1.0225885225885227,0.0,12.0,120000.0,0.0,0.0,1.0,0.748,1
267.0,1347,0.8052434456928839,1.0221598002496879,12.5,12.0,120000.0,20000.0,2.0,0.0,0.754,0,0.0,1.0,9.786432916666666,0.8974029926595,1.0225510290507906,25.0,12.0,120000.0,20000.0,3.0,0.0,0.747,0
249.0,2246,0.8232931726907631,0.9872824631860777,0.0,12.0,120000.0,0.0,0.0,0.0,0.777,2,1.0,1.0,-3.94265,0.8941605839416058,1.0188564476885644,0.0,12.0,120000.0,0.0,0.0,0.0,0.747,1
254.0,504,0.8070866141732284,1.0170603674540684,62.5,25.0,400000.0,20000.0,6.0,1.0,0.769,0,0.0,1.0,9.6355498,0.8941279189034007,1.0188192273219019,75.0,25.0,400000.0,20000.0,7.0,1.0,0.745,0
254.0,513,0.8070866141732284,1.0170603674540684,62.5,25.0,400000.0,20000.0,7.0,1.0,0.769,0,0.0,1.0,9.6355498,0.8941279189034007,1.0188192273219019,75.0,25.0,400000.0,20000.0,7.0,1.0,0.745,0
251.0,2247,0.8167330677290837,0.9918658698539176,0.0,12.0,120000.0,0.0,0.0,0.0,0.774,2,0.4502560496330261,1.0,-3.9429,0.8908766629985578,1.0151145649813498,0.0,12.0,120000.0,0.0,0.0,0.0,0.742,1
269.0,1348,0.8178438661710037,1.0145600991325898,25.0,12.0,120000.0,20000.0,3.0,0.0,0.752,0,0.0,1.0,9.786182916666666,0.8908766629985578,1.0151145649813498,25.0,12.0,120000.0,20000.0,3.0,0.0,0.742,0
235.0,1781,0.7872340425531915,0.9618794326241136,0.0,12.0,120000.0,0.0,0.0,1.0,0.798,3,0.8311895132064819,1.0,-3.9429,0.905961224859576,1.0116567010931932,0.0,12.0,120000.0,0.0,0.0,1.0,0.742,1
235.0,883,0.7872340425531915,0.9618794326241136,12.5,12.0,120000.0,20000.0,2.0,0.0,0.798,3,0.8311895132064819,1.0,-3.943,0.9207438165733887,1.0080038514774026,12.5,12.0,120000.0,20000.0,2.0,0.0,0.74,1
277.0,1805,0.92057761732852,1.0153429602888087,0.0,12.0,120000.0,0.0,0.0,1.0,0.74,1,0.0,1.0,-4.9430000000000005,0.92057761732852,1.0153429602888087,0.0,12.0,120000.0,0.0,0.0,1.0,0.74,1
257.0,505,0.7976653696498054,1.0051880674448768,87.5,25.0,400000.0,20000.0,8.0,1.0,0.767,0,0.0,1.0,9.6355498,0.9205443514478051,1.0153062699791966,62.5,25.0,400000.0,20000.0,6.0,1.0,0.74,0
235.0,2239,0.7872340425531915,0.9618794326241136,0.0,12.0,120000.0,0.0,0.0,0.0,0.798,3,0.8311895132064819,1.0,-3.943,0.9354200395754633,1.0118726389638426,0.0,12.0,120000.0,0.0,0.0,0.0,0.74,1
272.0,885,0.8823529411764706,1.0148590686274508,0.0,12.0,120000.0,20000.0,1.0,0.0,0.75,0,0.0,1.0,9.787,0.935251798561151,1.0116906474820144,0.0,12.0,120000.0,20000.0,2.0,0.0,0.74,0
179.0,48,0.7541899441340782,0.6925046554934823,0.0,8.0,80000.0,0.0,0.0,1.0,0.874,2,0.6460260152816772,1.0,-3.94305,0.9340981425542264,1.0104427022822162,0.0,8.0,80000.0,0.0,0.0,1.0,0.739,1
279.0,1806,0.9318996415770611,1.0080645161290323,0.0,12.0,120000.0,0.0,0.0,1.0,0.739,3,0.0,1.0,-4.94305,0.9318996415770611,1.0080645161290323,0.0,12.0,120000.0,0.0,0.0,1.0,0.739,1
273.0,1350,0.8974358974358974,1.0225885225885227,25.0,12.0,120000.0,20000.0,3.0,0.0,0.748,0,0.0,1.0,9.785782916666665,0.9318662079543312,1.0080283499505986,37.5,12.0,120000.0,20000.0,4.0,0.0,0.739,0
275.0,1351,0.890909090909091,1.0151515151515151,25.0,12.0,120000.0,20000.0,3.0,0.0,0.745,0,0.0,1.0,9.785782916666665,0.925233944513222,1.0119746268113365,25.0,12.0,120000.0,20000.0,3.0,0.0,0.734,0
241.0,1784,0.7676348547717842,0.9681881051175657,0.0,12.0,120000.0,0.0,0.0,1.0,0.787,3,0.050544362515211105,1.0,-3.9433,0.9576165986877105,1.008600815747473,0.0,12.0,120000.0,0.0,0.0,1.0,0.734,1
241.0,2242,0.7676348547717842,0.9681881051175657,0.0,12.0,120000.0,0.0,0.0,0.0,0.787,3,0.050544362515211105,1.0,-3.9433,0.9576165986877105,1.008600815747473,0.0,12.0,120000.0,0.0,0.0,0.0,0.734,1
257.0,2250,0.7976653696498054,1.0051880674448768,0.0,12.0,120000.0,0.0,0.0,0.0,0.767,2,0.00339811434969306,1.0,-3.9433,0.9574468085106382,1.019503546099291,0.0,12.0,120000.0,0.0,0.0,0.0,0.734,1
240.0,2232,0.7708333333333334,0.9722222222222222,0.0,12.0,120000.0,0.0,0.0,0.0,0.788,3,0.050544362515211105,1.0,-3.94335,0.9719031631030217,1.0160805796077046,0.0,12.0,120000.0,0.0,0.0,0.0,0.733,1
263.0,507,0.817490494296578,1.0139416983523446,75.0,25.0,400000.0,20000.0,7.0,1.0,0.758,0,0.0,1.0,9.6353498,0.9716970788418402,1.0379491523992384,50.0,25.0,400000.0,20000.0,5.0,1.0,0.731,0
263.0,516,0.817490494296578,1.0139416983523446,75.0,25.0,400000.0,20000.0,8.0,1.0,0.758,0,0.0,1.0,9.6353498,0.9716970788418402,1.0379491523992384,50.0,25.0,400000.0,20000.0,5.0,1.0,0.731,0
277.0,1352,0.92057761732852,1.0153429602888087,25.0,12.0,120000.0,20000.0,3.0,0.0,0.74,0,0.0,1.0,9.785882916666667,0.9716970788418402,1.0379491523992384,12.5,12.0,120000.0,20000.0,2.0,0.0,0.731,0
241.0,1787,0.7676348547717842,0.9681881051175657,0.0,12.0,120000.0,0.0,0.0,1.0,0.787,3,0.050544362515211105,1.0,-3.94345,0.9860891001936961,1.0345131185067795,0.0,12.0,120000.0,0.0,0.0,1.0,0.731,1
284.0,891,0.9859154929577465,1.034330985915493,50.0,12.0,120000.0,20000.0,5.0,0.0,0.731,2,0.0,1.0,-4.91355,0.9859154929577465,1.034330985915493,50.0,12.0,120000.0,20000.0,6.0,0.0,0.729,1
278.0,888,0.935251798561151,1.0116906474820144,0.0,12.0,120000.0,20000.0,1.0,0.0,0.74,0,0.0,1.0,9.785032916666667,0.9858807441329269,1.0342945306751687,50.0,12.0,120000.0,20000.0,5.0,0.0,0.729,0
275.0,1804,0.890909090909091,1.0151515151515151,0.0,12.0,120000.0,0.0,0.0,1.0,0.745,2,0.2881537675857544,1.0,9.639783333333334,0.9824561403508772,1.0416666666666667,0.0,12.0,120000.0,0.0,0.0,1.0,0.729,0
285.0,1809,0.9824561403508772,1.0416666666666667,0.0,12.0,120000.0,0.0,0.0,1.0,0.729,2,0.0,1.0,-4.94355,0.9824561403508772,1.0416666666666667,0.0,12.0,120000.0,0.0,0.0,1.0,0.729,1
279.0,1353,0.9318996415770611,1.0080645161290323,37.5,12.0,120000.0,20000.0,4.0,0.0,0.739,0,0.0,1.0,9.785782916666667,0.982421634945383,1.0416300816943236,12.5,12.0,120000.0,20000.0,2.0,0.0,0.729,0
245.0,2244,0.7755102040816326,1.0034013605442178,0.0,12.0,120000.0,0.0,0.0,0.0,0.781,3,0.0587209090590477,1.0,-3.94365,0.9966777408637874,1.0382059800664452,0.0,12.0,120000.0,0.0,0.0,0.0,0.727,1
276.0,887,0.9057971014492754,1.0114734299516908,12.5,12.0,120000.0,20000.0,2.0,0.0,0.742,2,0.2881537675857544,1.0,9.639733333333334,0.9965034965034965,1.0380244755244756,50.0,12.0,120000.0,20000.0,5.0,0.0,0.728,0
266.0,508,0.8082706766917294,1.0260025062656641,87.5,25.0,400000.0,20000.0,8.0,1.0,0.755,0,0.0,1.0,9.6353998,0.996468620101793,1.0379881459393676,37.5,25.0,400000.0,20000.0,4.0,1.0,0.727,0
280.0,889,0.9285714285714286,1.015625,12.5,12.0,120000.0,20000.0,2.0,0.0,0.739,0,0.0,1.0,9.784682916666666,0.996468620101793,1.0379881459393676,62.5,12.0,120000.0,20000.0,6.0,0.0,0.727,0
281.0,1354,0.9252669039145907,1.0120106761565837,37.5,12.0,120000.0,20000.0,4.0,0.0,0.737,2,1.0,1.0,9.8239,0.9930313588850175,1.0452961672473866,12.5,12.0,120000.0,20000.0,2.0,0.0,0.728,0
283.0,1355,0.9717314487632509,1.0379858657243817,25.0,12.0,120000.0,20000.0,3.0,0.0,0.733,2,1.0,1.0,9.853066666666667,0.9895833333333333,1.0416666666666667,25.0,12.0,120000.0,20000.0,3.0,0.0,0.728,0
288.0,91,0.9895833333333333,1.0416666666666667,0.0,8.0,80000.0,0.0,0.0,1.0,0.728,1,0.0,1.0,-4.9436,0.9895833333333333,1.0416666666666667,0.0,8.0,80000.0,0.0,0.0,1.0,0.728,1
288.0,893,0.9895833333333333,1.0416666666666667,62.5,12.0,120000.0,20000.0,6.0,0.0,0.728,3,0.0,1.0,-4.9011,0.9895833333333333,1.0416666666666667,62.5,12.0,120000.0,20000.0,7.0,0.0,0.728,1
282.0,890,0.9574468085106382,1.019503546099291,25.0,12.0,120000.0,20000.0,3.0,0.0,0.734,0,0.0,1.0,9.784982916666667,0.9895489396358135,1.0416304627745403,50.0,12.0,120000.0,20000.0,5.0,0.0,0.728,0
282.0,911,0.9574468085106382,1.019503546099291,25.0,12.0,120000.0,20000.0,4.0,0.0,0.734,0,0.0,1.0,9.784982916666667,0.9895489396358135,1.0416304627745403,50.0,12.0,120000.0,20000.0,5.0,0.0,0.728,0
266.0,517,0.8082706766917294,1.0260025062656641,87.5,25.0,400000.0,20000.0,9.0,1.0,0.755,0,0.0,1.0,9.5950498,0.9894802281192852,1.0415581348624054,37.5,25.0,400000.0,20000.0,4.0,1.0,0.728,0
245.0,1789,0.7755102040816326,1.0034013605442178,0.0,12.0,120000.0,0.0,0.0,1.0,0.781,3,0.0587209090590477,1.0,-3.9436,1.003633846686278,1.038241910365115,0.0,12.0,120000.0,0.0,0.0,1.0,0.728,1
247.0,2245,0.8299595141700404,0.9952766531713899,0.0,12.0,120000.0,0.0,0.0,0.0,0.779,3,0.6966426372528076,1.0,-3.94365,1.0174167959993101,1.0346611484738748,0.0,12.0,120000.0,0.0,0.0,0.0,0.727,1
280.0,910,0.9285714285714286,1.015625,12.5,12.0,120000.0,20000.0,3.0,0.0,0.739,2,1.0,1.0,9.639733333333334,1.0172413793103448,1.0344827586206897,50.0,12.0,120000.0,20000.0,5.0,0.0,0.728,0
284.0,912,0.9859154929577465,1.034330985915493,50.0,12.0,120000.0,20000.0,5.0,0.0,0.731,0,0.0,1.0,9.784682916666666,1.0172062681560543,1.034447052362089,62.5,12.0,120000.0,20000.0,6.0,0.0,0.727,0
285.0,1356,0.9824561403508772,1.0416666666666667,12.5,12.0,120000.0,20000.0,2.0,0.0,0.729,0,0.0,1.0,9.785182916666667,1.013710834208074,1.0416308359977033,37.5,12.0,120000.0,20000.0,4.0,0.0,0.727,0
269.0,518,0.8178438661710037,1.0145600991325898,100.0,25.0,400000.0,20000.0,9.0,1.0,0.752,0,0.0,1.0,9.5947498,1.013641170544577,1.0415592536316098,50.0,25.0,400000.0,20000.0,5.0,1.0,0.727,0
292.0,93,1.0102739726027397,1.0380993150684932,0.0,8.0,80000.0,0.0,0.0,1.0,0.727,1,0.0,1.0,-4.9439,1.0102739726027397,1.0380993150684932,0.0,8.0,80000.0,0.0,0.0,1.0,0.727,1
286.0,892,0.9965034965034965,1.0380244755244756,50.0,12.0,120000.0,20000.0,5.0,0.0,0.728,0,0.0,1.0,9.784682916666666,1.0102393407678045,1.0380637293906465,62.5,12.0,120000.0,20000.0,6.0,0.0,0.727,0
286.0,913,0.9965034965034965,1.0380244755244756,50.0,12.0,120000.0,20000.0,6.0,0.0,0.728,0,0.0,1.0,9.784682916666666,1.0102393407678045,1.0380637293906465,62.5,12.0,120000.0,20000.0,6.0,0.0,0.727,0
278.0,86,0.935251798561151,1.0116906474820144,0.0,8.0,80000.0,0.0,0.0,1.0,0.74,1,0.2881537675857544,1.0,-3.8401089583333334,1.0090874539381507,1.0368801168644135,0.0,8.0,80000.0,0.0,0.0,1.0,0.727,1
269.0,2256,0.8178438661710037,1.0145600991325898,0.0,12.0,120000.0,0.0,0.0,0.0,0.752,2,0.6771712303161621,1.0,-3.94365,1.0068259385665528,1.0345563139931742,0.0,12.0,120000.0,0.0,0.0,0.0,0.727,1
287.0,1357,0.9930313588850175,1.0452961672473866,12.5,12.0,120000.0,20000.0,2.0,0.0,0.728,0,0.0,1.0,9.785432916666666,1.006791542718967,1.0345209708023284,25.0,12.0,120000.0,20000.0,3.0,0.0,0.727,0
253.0,2248,0.8102766798418972,1.0087285902503293,0.0,12.0,120000.0,0.0,0.0,0.0,0.771,3,0.00339811434969306,1.0,-3.94365,1.0205817315870047,1.0312127912910358,0.0,12.0,120000.0,0.0,0.0,0.0,0.727,1
288.0,914,0.9895833333333333,1.0416666666666667,62.5,12.0,120000.0,20000.0,6.0,0.0,0.728,0,0.0,1.0,9.784332916666667,1.0203734219797482,1.0310023117920373,75.0,12.0,120000.0,20000.0,7.0,0.0,0.725,0
289.0,1358,1.0034602076124566,1.0380622837370241,25.0,12.0,120000.0,20000.0,3.0,0.0,0.728,0,0.0,1.0,9.785582916666668,1.0169146463877616,1.027507507287634,12.5,12.0,120000.0,20000.0,2.0,0.0,0.725,0
282.0,88,0.9574468085106382,1.019503546099291,0.0,8.0,80000.0,0.0,0.0,1.0,0.734,1,0.5337269902229309,1.0,-3.7777089583333336,1.0326963748621476,1.0263478315740606,0.0,8.0,80000.0,0.0,0.0,1.0,0.725,1
253.0,1793,0.8102766798418972,1.0087285902503293,0.0,12.0,120000.0,0.0,0.0,1.0,0.771,3,0.00339811434969306,1.0,-3.94375,1.0305794897786789,1.0242439601284001,0.0,12.0,120000.0,0.0,0.0,1.0,0.725,1
296.0,95,1.0304054054054055,1.024070945945946,0.0,8.0,80000.0,0.0,0.0,1.0,0.725,2,0.0,1.0,-4.9437500000000005,1.0304054054054055,1.024070945945946,0.0,8.0,80000.0,0.0,0.0,1.0,0.725,1
290.0,894,1.0172413793103448,1.0344827586206897,50.0,12.0,120000.0,20000.0,5.0,0.0,0.728,0,0.0,1.0,9.784332916666667,1.0303705607793467,1.0240363155286538,75.0,12.0,120000.0,20000.0,7.0,0.0,0.725,0
290.0,915,1.0172413793103448,1.0344827586206897,50.0,12.0,120000.0,20000.0,6.0,0.0,0.728,0,0.0,1.0,9.784332916666667,1.0303705607793467,1.0240363155286538,75.0,12.0,120000.0,20000.0,7.0,0.0,0.725,0
291.0,1359,1.013745704467354,1.0416666666666667,37.5,12.0,120000.0,20000.0,4.0,0.0,0.727,0,0.0,1.0,9.785832916666667,1.0269014165549504,1.020588498010555,0.0,12.0,120000.0,20000.0,1.0,0.0,0.725,0
255.0,2249,0.803921568627451,1.0130718954248366,0.0,12.0,120000.0,0.0,0.0,0.0,0.769,3,0.00339811434969306,1.0,-3.94375,1.040443027353583,1.0173686860211444,0.0,12.0,120000.0,0.0,0.0,0.0,0.725,1
278.0,521,0.935251798561151,1.0116906474820144,62.5,25.0,400000.0,20000.0,6.0,1.0,0.74,0,0.0,1.0,9.634449799999999,1.0402335143037644,1.0276500443726704,75.0,25.0,400000.0,20000.0,7.0,1.0,0.723,0
292.0,895,1.0102739726027397,1.0380993150684932,62.5,12.0,120000.0,20000.0,6.0,0.0,0.727,0,0.0,1.0,9.784482916666665,1.0402335143037644,1.0276500443726704,62.5,12.0,120000.0,20000.0,6.0,0.0,0.723,0
292.0,916,1.0102739726027397,1.0380993150684932,62.5,12.0,120000.0,20000.0,7.0,0.0,0.727,0,0.0,1.0,9.784482916666665,1.0402335143037644,1.0276500443726704,62.5,12.0,120000.0,20000.0,6.0,0.0,0.723,0
275.0,2259,0.890909090909091,1.0151515151515151,0.0,12.0,120000.0,0.0,0.0,0.0,0.745,2,0.2881537675857544,1.0,-3.94385,1.0333333333333332,1.0208333333333335,0.0,12.0,120000.0,0.0,0.0,0.0,0.723,1
300.0,97,1.0333333333333332,1.0208333333333335,0.0,8.0,80000.0,0.0,0.0,1.0,0.723,1,0.0,1.0,-4.94385,1.0333333333333332,1.0208333333333335,0.0,8.0,80000.0,0.0,0.0,1.0,0.723,1
300.0,2260,1.0333333333333332,1.0208333333333335,0.0,12.0,120000.0,0.0,0.0,0.0,0.723,2,0.0,1.0,-4.94385,1.0333333333333332,1.0208333333333335,0.0,12.0,120000.0,0.0,0.0,0.0,0.723,1
294.0,896,1.0204081632653061,1.0310374149659864,62.5,12.0,120000.0,20000.0,6.0,0.0,0.727,0,0.0,1.0,9.784482916666665,1.0332988555948517,1.0207992726642685,62.5,12.0,120000.0,20000.0,6.0,0.0,0.723,0
294.0,917,1.0204081632653061,1.0310374149659864,62.5,12.0,120000.0,20000.0,7.0,0.0,0.727,0,0.0,1.0,9.784482916666665,1.0332988555948517,1.0207992726642685,62.5,12.0,120000.0,20000.0,6.0,0.0,0.723,0
261.0,1344,0.8045977011494253,1.0217113665389528,37.5,12.0,120000.0,20000.0,4.0,0.0,0.76,3,1.0,1.0,-3.92635,1.0432190760059614,1.0245901639344264,0.0,12.0,120000.0,20000.0,1.0,0.0,0.723,1
302.0,900,1.0430463576158941,1.0244205298013245,62.5,12.0,120000.0,20000.0,6.0,0.0,0.723,3,0.0,1.0,-4.9014500000000005,1.0430463576158941,1.0244205298013245,62.5,12.0,120000.0,20000.0,6.0,0.0,0.721,1
296.0,897,1.0304054054054055,1.024070945945946,75.0,12.0,120000.0,20000.0,7.0,0.0,0.725,0,0.0,1.0,9.784782916666666,1.0430117862649653,1.0243865757959478,37.5,12.0,120000.0,20000.0,4.0,0.0,0.719,0
296.0,918,1.0304054054054055,1.024070945945946,75.0,12.0,120000.0,20000.0,8.0,0.0,0.725,0,0.0,1.0,9.784782916666666,1.0430117862649653,1.0243865757959478,37.5,12.0,120000.0,20000.0,4.0,0.0,0.719,0
281.0,1807,0.9252669039145907,1.0120106761565837,0.0,12.0,120000.0,0.0,0.0,1.0,0.737,2,1.0,1.0,-3.8607166666666664,1.0396039603960396,1.027915291529153,0.0,12.0,120000.0,0.0,0.0,1.0,0.719,1
303.0,534,1.0396039603960396,1.027915291529153,100.0,25.0,400000.0,20000.0,9.0,1.0,0.719,1,0.0,1.0,-4.864050000000001,1.0396039603960396,1.027915291529153,100.0,25.0,400000.0,20000.0,9.0,1.0,0.719,1
290.0,92,1.0172413793103448,1.0344827586206897,0.0,8.0,80000.0,0.0,0.0,1.0,0.728,1,0.24117177724838257,1.0,-3.7780589583333337,1.054910242907039,1.0267518314752755,0.0,8.0,80000.0,0.0,0.0,1.0,0.718,1
263.0,2253,0.817490494296578,1.0139416983523446,0.0,12.0,120000.0,0.0,0.0,0.0,0.758,3,1.0,1.0,-3.9441,1.0528047376213192,1.0247025278280417,0.0,12.0,120000.0,0.0,0.0,0.0,0.718,1
304.0,901,1.0526315789473684,1.0245339912280702,37.5,12.0,120000.0,20000.0,4.0,0.0,0.718,2,0.0,1.0,-4.92665,1.0526315789473684,1.0245339912280702,37.5,12.0,120000.0,20000.0,4.0,0.0,0.717,1
298.0,919,1.0402684563758389,1.0276845637583893,75.0,12.0,120000.0,20000.0,7.0,0.0,0.725,0,0.0,1.0,9.784832916666666,1.0525969194238045,1.0245002568610597,25.0,12.0,120000.0,20000.0,3.0,0.0,0.715,0
211.0,66,0.7819905213270142,0.8343206951026856,0.0,8.0,80000.0,0.0,0.0,1.0,0.828,2,1.0,1.0,-3.94425,1.0514440581981734,1.0233781686238732,0.0,8.0,80000.0,0.0,0.0,1.0,0.715,1
265.0,1346,0.8113207547169812,1.0180817610062893,25.0,12.0,120000.0,20000.0,3.0,0.0,0.756,3,1.0,1.0,-3.9393000000000002,1.0622650759928094,1.0282181184289372,0.0,12.0,120000.0,20000.0,1.0,0.0,0.714,1
306.0,535,1.0620915032679739,1.0280501089324618,100.0,25.0,400000.0,20000.0,9.0,1.0,0.714,1,0.0,1.0,-4.8643,1.0620915032679739,1.0280501089324618,100.0,25.0,400000.0,20000.0,9.0,1.0,0.714,1
306.0,2263,1.0620915032679739,1.0280501089324618,0.0,12.0,120000.0,0.0,0.0,0.0,0.714,3,0.0,1.0,-4.9443,1.0620915032679739,1.0280501089324618,0.0,12.0,120000.0,0.0,0.0,0.0,0.714,1
300.0,899,1.0333333333333332,1.0208333333333335,62.5,12.0,120000.0,20000.0,6.0,0.0,0.723,0,0.0,1.0,9.784732916666666,1.0620567608229547,1.0280164800273472,25.0,12.0,120000.0,20000.0,3.0,0.0,0.713,0
300.0,920,1.0333333333333332,1.0208333333333335,62.5,12.0,120000.0,20000.0,7.0,0.0,0.723,0,0.0,1.0,9.784732916666666,1.0620567608229547,1.0280164800273472,25.0,12.0,120000.0,20000.0,3.0,0.0,0.713,0
303.0,1810,1.0396039603960396,1.027915291529153,0.0,12.0,120000.0,0.0,0.0,1.0,0.719,1,0.09147316962480545,1.0,9.888783333333334,1.0586319218241043,1.024701411509229,0.0,12.0,120000.0,0.0,0.0,1.0,0.714,0
283.0,1808,0.9717314487632509,1.0379858657243817,0.0,12.0,120000.0,0.0,0.0,1.0,0.733,2,1.0,1.0,-3.9443,1.0586319218241043,1.024701411509229,0.0,12.0,120000.0,0.0,0.0,1.0,0.714,1
287.0,524,0.9930313588850175,1.0452961672473866,37.5,25.0,400000.0,20000.0,4.0,1.0,0.728,0,0.0,1.0,9.6336998,1.05859740534193,1.0246680013245604,87.5,25.0,400000.0,20000.0,8.0,1.0,0.713,0
294.0,94,1.0204081632653061,1.0310374149659864,0.0,8.0,80000.0,0.0,0.0,1.0,0.727,1,0.7218955159187317,1.0,-3.8409589583333337,1.0540198354425316,1.020237148409117,0.0,8.0,80000.0,0.0,0.0,1.0,0.71,1
305.0,1811,1.0491803278688525,1.0314207650273224,0.0,12.0,120000.0,0.0,0.0,1.0,0.715,1,0.179311141371727,1.0,9.888883333333334,1.051779935275081,1.0180690399137,0.0,12.0,120000.0,0.0,0.0,1.0,0.711,0
309.0,536,1.051779935275081,1.0180690399137,87.5,25.0,400000.0,20000.0,8.0,1.0,0.711,1,0.0,1.0,-4.876949999999999,1.051779935275081,1.0180690399137,87.5,25.0,400000.0,20000.0,8.0,1.0,0.711,1
290.0,525,1.0172413793103448,1.0344827586206897,37.5,25.0,400000.0,20000.0,4.0,1.0,0.728,0,0.0,1.0,9.6337498,1.0483532451097306,1.014752179561342,75.0,25.0,400000.0,20000.0,7.0,1.0,0.709,0
291.0,530,1.013745704467354,1.0416666666666667,50.0,25.0,400000.0,20000.0,5.0,1.0,0.727,0,0.0,1.0,9.633949799999998,1.0449824428480614,1.0215373239380088,62.5,25.0,400000.0,20000.0,6.0,1.0,0.708,0
312.0,537,1.0416666666666665,1.0182959401709404,62.5,25.0,400000.0,20000.0,6.0,1.0,0.708,1,0.0,1.0,-4.9021,1.0416666666666665,1.0182959401709404,62.5,25.0,400000.0,20000.0,6.0,1.0,0.708,1
312.0,905,1.0416666666666665,1.0182959401709404,62.5,12.0,120000.0,20000.0,6.0,0.0,0.708,3,0.0,1.0,-4.9021,1.0416666666666665,1.0182959401709404,62.5,12.0,120000.0,20000.0,7.0,0.0,0.708,1
312.0,2266,1.0416666666666665,1.0182959401709404,0.0,12.0,120000.0,0.0,0.0,0.0,0.708,3,0.0,1.0,-4.9446,1.0416666666666665,1.0182959401709404,0.0,12.0,120000.0,0.0,0.0,0.0,0.708,1
306.0,902,1.0620915032679739,1.0280501089324618,25.0,12.0,120000.0,20000.0,3.0,0.0,0.714,0,0.0,1.0,9.783932916666666,1.0416332475999728,1.018263270890999,50.0,12.0,120000.0,20000.0,5.0,0.0,0.707,0
306.0,923,1.0620915032679739,1.0280501089324618,25.0,12.0,120000.0,20000.0,4.0,0.0,0.714,0,0.0,1.0,9.783932916666666,1.0416332475999728,1.018263270890999,50.0,12.0,120000.0,20000.0,5.0,0.0,0.707,0
309.0,1813,1.051779935275081,1.0180690399137,0.0,12.0,120000.0,0.0,0.0,1.0,0.711,1,0.7757609486579895,1.0,9.888733333333333,1.038338658146965,1.015042598509052,0.0,12.0,120000.0,0.0,0.0,1.0,0.708,0
293.0,526,1.0068259385665528,1.0345563139931742,50.0,25.0,400000.0,20000.0,5.0,1.0,0.727,0,0.0,1.0,9.6340998,1.038305452276111,1.0150101376417109,50.0,25.0,400000.0,20000.0,5.0,1.0,0.706,0
273.0,2258,0.8974358974358974,1.0225885225885227,0.0,12.0,120000.0,0.0,0.0,0.0,0.748,3,0.6771712303161621,1.0,-3.9447,1.051122790253225,1.011971120666773,0.0,12.0,120000.0,0.0,0.0,0.0,0.706,1
304.0,922,1.0526315789473684,1.0245339912280702,37.5,12.0,120000.0,20000.0,4.0,0.0,0.718,2,0.09147316962480545,1.0,9.656183333333333,1.0509554140127388,1.0118099787685775,50.0,12.0,120000.0,20000.0,5.0,0.0,0.707,0
308.0,924,1.0551948051948052,1.0213744588744587,25.0,12.0,120000.0,20000.0,3.0,0.0,0.713,0,0.0,1.0,9.784032916666666,1.0509219116931974,1.011777724325837,37.5,12.0,120000.0,20000.0,4.0,0.0,0.704,0
274.0,886,0.8941605839416058,1.0188564476885644,12.5,12.0,120000.0,20000.0,2.0,0.0,0.747,3,0.6771712303161621,1.0,-3.9448,1.0636608985553262,1.0087580039159656,37.5,12.0,120000.0,20000.0,4.0,0.0,0.704,1
296.0,527,1.0304054054054055,1.024070945945946,62.5,25.0,400000.0,20000.0,6.0,1.0,0.725,0,0.0,1.0,9.6340498,1.0600930014843517,1.0053742706863409,37.5,25.0,400000.0,20000.0,4.0,1.0,0.7,0
310.0,904,1.0483870967741937,1.014784946236559,37.5,12.0,120000.0,20000.0,4.0,0.0,0.71,0,0.0,1.0,9.783832916666666,1.0600930014843517,1.0053742706863409,37.5,12.0,120000.0,20000.0,4.0,0.0,0.7,0
310.0,925,1.0483870967741937,1.014784946236559,37.5,12.0,120000.0,20000.0,5.0,0.0,0.71,0,0.0,1.0,9.783832916666666,1.0600930014843517,1.0053742706863409,37.5,12.0,120000.0,20000.0,4.0,0.0,0.7,0
297.0,532,1.026936026936027,1.0206228956228955,75.0,25.0,400000.0,20000.0,7.0,1.0,0.725,0,0.0,1.0,9.6341998,1.0567489651194295,1.0120605760472148,25.0,25.0,400000.0,20000.0,3.0,1.0,0.698,0
304.0,99,1.0526315789473684,1.0245339912280702,0.0,8.0,80000.0,0.0,0.0,1.0,0.718,1,0.09147316962480545,1.0,-3.7790589583333336,1.0556389697077098,1.0109975207399706,0.0,8.0,80000.0,0.0,0.0,1.0,0.698,1
318.0,2269,1.0534591194968552,1.0089098532494758,0.0,12.0,120000.0,0.0,0.0,0.0,0.698,2,0.0,1.0,-4.9452,1.0534591194968552,1.0089098532494758,0.0,12.0,120000.0,0.0,0.0,0.0,0.696,1
312.0,926,1.0416666666666665,1.0182959401709404,62.5,12.0,120000.0,20000.0,6.0,0.0,0.708,0,0.0,1.0,9.783632916666667,1.0534259597677444,1.0088780957974666,37.5,12.0,120000.0,20000.0,4.0,0.0,0.696,0
304.0,2262,1.0526315789473684,1.0245339912280702,0.0,12.0,120000.0,0.0,0.0,0.0,0.718,2,0.09147316962480545,1.0,-3.5702,1.0501567398119123,1.0057471264367817,0.0,12.0,120000.0,0.0,0.0,0.0,0.696,1
299.0,528,1.0367892976588629,1.0242474916387958,75.0,25.0,400000.0,20000.0,7.0,1.0,0.723,0,0.0,1.0,9.634249800000001,1.050123787651679,1.0057155677758616,12.5,25.0,400000.0,20000.0,2.0,1.0,0.694,0
300.0,533,1.0333333333333332,1.0208333333333335,87.5,25.0,400000.0,20000.0,8.0,1.0,0.723,0,0.0,1.0,9.634449799999999,1.0468422534657587,1.002572804936112,0.0,25.0,400000.0,20000.0,1.0,1.0,0.693,0
316.0,907,1.060126582278481,1.00540611814346,37.5,12.0,120000.0,20000.0,4.0,0.0,0.701,0,0.0,1.0,9.783232916666666,1.0403403297928533,1.0060505054899793,37.5,12.0,120000.0,20000.0,4.0,0.0,0.688,0
316.0,928,1.060126582278481,1.00540611814346,37.5,12.0,120000.0,20000.0,5.0,0.0,0.701,0,0.0,1.0,9.783232916666666,1.0403403297928533,1.0060505054899793,37.5,12.0,120000.0,20000.0,4.0,0.0,0.688,0
310.0,2265,1.0483870967741937,1.014784946236559,0.0,12.0,120000.0,0.0,0.0,0.0,0.71,2,0.27632516622543335,1.0,-3.4872666666666663,1.0371517027863777,1.0029669762641897,0.0,12.0,120000.0,0.0,0.0,0.0,0.688,1
318.0,929,1.0534591194968552,1.0089098532494758,37.5,12.0,120000.0,20000.0,4.0,0.0,0.698,0,0.0,1.0,9.783032916666667,1.0339186743026858,0.9998405090427092,37.5,12.0,120000.0,20000.0,4.0,0.0,0.684,0
325.0,105,1.0307692307692307,1.0064102564102564,0.0,8.0,80000.0,0.0,0.0,1.0,0.684,1,0.0,1.0,-4.9458,1.0307692307692307,1.0064102564102564,0.0,8.0,80000.0,0.0,0.0,1.0,0.684,1
326.0,2273,1.0276073619631902,1.003323108384458,0.0,12.0,120000.0,0.0,0.0,0.0,0.683,3,0.0,1.0,-4.94585,1.0276073619631902,1.003323108384458,0.0,12.0,120000.0,0.0,0.0,0.0,0.683,1
320.0,909,1.046875,1.0026041666666665,37.5,12.0,120000.0,20000.0,4.0,0.0,0.694,0,0.0,1.0,9.783232916666666,1.0275758097121006,1.0032923017711428,25.0,12.0,120000.0,20000.0,3.0,0.0,0.683,0
320.0,930,1.046875,1.0026041666666665,37.5,12.0,120000.0,20000.0,5.0,0.0,0.694,0,0.0,1.0,9.783232916666666,1.0275758097121006,1.0032923017711428,25.0,12.0,120000.0,20000.0,3.0,0.0,0.683,0
322.0,931,1.0403726708074534,1.0060817805383022,62.5,12.0,120000.0,20000.0,6.0,0.0,0.69,2,0.6513211131095886,1.0,9.84655,1.0213414634146343,0.9972052845528456,25.0,12.0,120000.0,20000.0,3.0,0.0,0.681,0
325.0,1821,1.0307692307692307,1.0064102564102564,0.0,12.0,120000.0,0.0,0.0,1.0,0.684,1,0.18228262662887573,1.0,9.887283333333334,1.0182370820668691,0.9941742654508612,0.0,12.0,120000.0,0.0,0.0,1.0,0.679,0
330.0,2275,1.0151515151515151,0.9911616161616161,0.0,12.0,120000.0,0.0,0.0,0.0,0.677,3,0.0,1.0,-4.94615,1.0151515151515151,0.9911616161616161,0.0,12.0,120000.0,0.0,0.0,0.0,0.677,1
324.0,932,1.0339506172839508,0.9998713991769548,37.5,12.0,120000.0,20000.0,4.0,0.0,0.686,0,0.0,1.0,9.783182916666666,1.015120723156246,0.9911315518378769,12.5,12.0,120000.0,20000.0,2.0,0.0,0.677,0
326.0,933,1.0276073619631902,1.003323108384458,37.5,12.0,120000.0,20000.0,4.0,0.0,0.683,0,0.0,1.0,9.783232916666666,1.0090057224479467,1.0039857934805438,0.0,12.0,120000.0,20000.0,1.0,0.0,0.673,0
311.0,1814,1.045016077170418,1.0215702036441587,0.0,12.0,120000.0,0.0,0.0,1.0,0.709,2,0.27632516622543335,1.0,-3.8630166666666663,1.006006006006006,1.0010010010010009,0.0,12.0,120000.0,0.0,0.0,1.0,0.673,1
320.0,2270,1.046875,1.0026041666666665,0.0,12.0,120000.0,0.0,0.0,0.0,0.694,2,0.6973965764045715,1.0,-3.4880166666666663,1.006006006006006,1.0010010010010009,0.0,12.0,120000.0,0.0,0.0,0.0,0.673,1
333.0,109,1.006006006006006,1.0010010010010009,0.0,8.0,80000.0,0.0,0.0,1.0,0.673,2,0.0,1.0,-4.946350000000001,1.006006006006006,1.0010010010010009,0.0,8.0,80000.0,0.0,0.0,1.0,0.673,1
322.0,2271,1.0403726708074534,1.0060817805383022,0.0,12.0,120000.0,0.0,0.0,0.0,0.69,2,0.6513211131095886,1.0,-3.5299833333333335,0.9970238095238094,1.019965277777778,0.0,12.0,120000.0,0.0,0.0,0.0,0.667,1
324.0,2272,1.0339506172839508,0.9998713991769548,0.0,12.0,120000.0,0.0,0.0,0.0,0.686,2,0.18228262662887573,1.0,-3.488983750000001,0.9940357557925358,1.0169084690788066,0.0,12.0,120000.0,0.0,0.0,0.0,0.662,1
298.0,898,1.0402684563758389,1.0276845637583893,75.0,12.0,120000.0,20000.0,7.0,0.0,0.725,3,1.0,1.0,-3.892,1.0030978020356984,1.0295274622609039,0.0,12.0,120000.0,20000.0,1.0,0.0,0.66,1
335.0,1826,1.0,1.013681592039801,0.0,12.0,120000.0,0.0,0.0,1.0,0.67,2,0.17689290642738342,1.0,9.886383333333333,1.0029498525073746,1.0293756145526058,0.0,12.0,120000.0,0.0,0.0,1.0,0.661,0
333.0,1361,1.006006006006006,1.0010010010010009,0.0,12.0,120000.0,20000.0,1.0,0.0,0.673,0,0.0,1.0,9.78305,1.0029498525073746,1.0293756145526058,0.0,12.0,120000.0,20000.0,2.0,0.0,0.661,0
339.0,1828,1.0029498525073746,1.0293756145526058,0.0,12.0,120000.0,0.0,0.0,1.0,0.661,1,0.0,1.0,-4.947050000000001,1.0029498525073746,1.0293756145526058,0.0,12.0,120000.0,0.0,0.0,1.0,0.659,1
319.0,1818,1.0501567398119123,1.0057471264367817,0.0,12.0,120000.0,0.0,0.0,1.0,0.696,2,1.0,1.0,-3.82205,1.0,1.0661764705882353,0.0,12.0,120000.0,0.0,0.0,1.0,0.659,1
340.0,2280,1.0,1.0661764705882353,0.0,12.0,120000.0,0.0,0.0,0.0,0.659,3,0.0,1.0,-4.947050000000001,1.0,1.0661764705882353,0.0,12.0,120000.0,0.0,0.0,0.0,0.659,1
337.0,1827,0.9940652818991098,1.016938674579624,0.0,12.0,120000.0,0.0,0.0,1.0,0.665,2,0.17689290642738342,1.0,9.886283333333333,0.997067448680352,1.063049853372434,0.0,12.0,120000.0,0.0,0.0,1.0,0.659,0
341.0,113,0.997067448680352,1.063049853372434,0.0,8.0,80000.0,0.0,0.0,1.0,0.659,2,0.0,1.0,-4.947050000000001,0.997067448680352,1.063049853372434,0.0,8.0,80000.0,0.0,0.0,1.0,0.659,1
321.0,1819,1.043613707165109,1.0092159916926273,0.0,12.0,120000.0,0.0,0.0,1.0,0.693,2,0.6513211131095886,1.0,-3.822667083333334,0.9941229497931947,1.0781848168712955,0.0,12.0,120000.0,0.0,0.0,1.0,0.655,1
302.0,921,1.0430463576158941,1.0244205298013245,62.5,12.0,120000.0,20000.0,6.0,0.0,0.723,3,0.09147316962480545,1.0,-3.90475,1.005977547747485,1.075229625309812,0.0,12.0,120000.0,20000.0,1.0,0.0,0.655,1
302.0,2261,1.0430463576158941,1.0244205298013245,0.0,12.0,120000.0,0.0,0.0,0.0,0.723,3,0.09147316962480545,1.0,-3.9474,1.0175897659543538,1.0721035034161943,0.0,12.0,120000.0,0.0,0.0,0.0,0.652,1
323.0,1820,1.0371517027863777,1.0029669762641897,0.0,12.0,120000.0,0.0,0.0,1.0,0.688,2,0.6513211131095886,1.0,-3.822917083333334,1.0174122549515348,1.0810005208860056,0.0,12.0,120000.0,0.0,0.0,1.0,0.65,1
341.0,1829,0.997067448680352,1.063049853372434,0.0,12.0,120000.0,0.0,0.0,1.0,0.659,2,0.17689290642738342,1.0,9.885883333333334,1.0144927536231882,1.0869565217391304,0.0,12.0,120000.0,0.0,0.0,1.0,0.651,0
345.0,115,1.0144927536231882,1.0869565217391304,0.0,8.0,80000.0,0.0,0.0,1.0,0.651,1,0.0,1.0,-4.94745,1.0144927536231882,1.0869565217391304,0.0,8.0,80000.0,0.0,0.0,1.0,0.651,1
339.0,1364,1.0029498525073746,1.0293756145526058,0.0,12.0,120000.0,20000.0,1.0,0.0,0.661,0,0.0,1.0,9.781832916666668,1.0144633194845563,1.0869249851620246,12.5,12.0,120000.0,20000.0,2.0,0.0,0.65,0
155.0,470,0.7096774193548387,0.46370967741935487,0.0,25.0,400000.0,20000.0,1.0,1.0,0.901,2,1.0,1.0,-3.9476,1.009586232812912,1.0816995351566914,37.5,25.0,400000.0,20000.0,4.0,1.0,0.648,1
343.0,1830,1.0058309037900874,1.075072886297376,0.0,12.0,120000.0,0.0,0.0,1.0,0.655,2,0.17689290642738342,1.0,9.885783333333334,1.0086455331412103,1.080691642651297,0.0,12.0,120000.0,0.0,0.0,1.0,0.649,0
334.0,2277,1.0029940119760479,1.0073602794411178,0.0,12.0,120000.0,0.0,0.0,0.0,0.671,2,0.17689290642738342,1.0,-3.4892166666666666,1.0086455331412103,1.080691642651297,0.0,12.0,120000.0,0.0,0.0,0.0,0.649,1
327.0,542,1.0244648318042813,1.000254841997961,0.0,25.0,400000.0,20000.0,1.0,1.0,0.683,0,0.0,1.0,9.63195,1.0086455331412103,1.080691642651297,25.0,25.0,400000.0,20000.0,3.0,1.0,0.649,0
347.0,1832,1.0086455331412103,1.080691642651297,0.0,12.0,120000.0,0.0,0.0,1.0,0.649,1,0.0,1.0,-4.9476,1.0086455331412103,1.080691642651297,0.0,12.0,120000.0,0.0,0.0,1.0,0.648,1
348.0,2284,1.0057471264367817,1.086566091954023,0.0,12.0,120000.0,0.0,0.0,0.0,0.648,3,0.0,1.0,-4.9476,1.0057471264367817,1.086566091954023,0.0,12.0,120000.0,0.0,0.0,0.0,0.648,1
308.0,903,1.0551948051948052,1.0213744588744587,25.0,12.0,120000.0,20000.0,3.0,0.0,0.713,3,0.179311141371727,1.0,-3.94265,1.0173377274681186,1.0836079667574152,0.0,12.0,120000.0,20000.0,1.0,0.0,0.647,1
307.0,1812,1.0586319218241043,1.024701411509229,0.0,12.0,120000.0,0.0,0.0,1.0,0.714,3,0.179311141371727,1.0,-3.9478,1.0287183883411917,1.0894413487641093,0.0,12.0,120000.0,0.0,0.0,1.0,0.644,1
336.0,2278,0.9970238095238094,1.019965277777778,0.0,12.0,120000.0,0.0,0.0,0.0,0.667,2,0.17689290642738342,1.0,-3.5311333333333335,1.0285714285714285,1.0982142857142856,0.0,12.0,120000.0,0.0,0.0,0.0,0.644,1
330.0,543,1.0151515151515151,0.9911616161616161,12.5,25.0,400000.0,20000.0,2.0,1.0,0.677,0,0.0,1.0,9.631449799999999,1.0285420122698776,1.098182877683984,25.0,25.0,400000.0,20000.0,3.0,1.0,0.643,0
308.0,2264,1.0551948051948052,1.0213744588744587,0.0,12.0,120000.0,0.0,0.0,0.0,0.713,3,0.7757609486579895,1.0,-3.94785,1.0400341929049723,1.0952414873913663,0.0,12.0,120000.0,0.0,0.0,0.0,0.643,1
338.0,2279,0.9911242603550295,1.0324211045364893,0.0,12.0,120000.0,0.0,0.0,0.0,0.662,2,0.17689290642738342,1.0,-3.4895166666666664,1.03988603988604,1.103988603988604,0.0,12.0,120000.0,0.0,0.0,0.0,0.643,1
345.0,1367,1.0144927536231882,1.0869565217391304,12.5,12.0,120000.0,20000.0,2.0,0.0,0.651,0,0.0,1.0,9.781332916666667,1.0398563847224755,1.1039571207670116,12.5,12.0,120000.0,20000.0,2.0,0.0,0.64,0
335.0,1362,1.0,1.013681592039801,12.5,12.0,120000.0,20000.0,2.0,0.0,0.67,2,0.17689290642738342,1.0,-3.6568004166666674,1.0369023312717727,1.1096985565836608,12.5,12.0,120000.0,20000.0,2.0,0.0,0.639,1
337.0,1363,0.9940652818991098,1.016938674579624,12.5,12.0,120000.0,20000.0,2.0,0.0,0.665,2,0.17689290642738342,1.0,-3.6151837500000013,1.0339650141932235,1.1065550237513093,12.5,12.0,120000.0,20000.0,2.0,0.0,0.638,1
347.0,1368,1.0086455331412103,1.080691642651297,12.5,12.0,120000.0,20000.0,2.0,0.0,0.649,0,0.0,1.0,9.781232916666667,1.0339650141932235,1.1065550237513093,12.5,12.0,120000.0,20000.0,2.0,0.0,0.638,0
333.0,1825,1.006006006006006,1.0010010010010009,0.0,12.0,120000.0,0.0,0.0,1.0,0.673,2,0.17689290642738342,1.0,-3.8231,1.0310734463276836,1.1122881355932202,0.0,12.0,120000.0,0.0,0.0,1.0,0.638,1
354.0,2288,1.0310734463276836,1.1122881355932202,0.0,12.0,120000.0,0.0,0.0,0.0,0.638,2,0.0,1.0,-4.9481,1.0310734463276836,1.1122881355932202,0.0,12.0,120000.0,0.0,0.0,0.0,0.638,1
314.0,2267,1.0509554140127388,1.0118099787685775,0.0,12.0,120000.0,0.0,0.0,0.0,0.707,3,0.27632516622543335,1.0,-3.9481,1.0564868291308636,1.1093111705874068,0.0,12.0,120000.0,0.0,0.0,0.0,0.638,1
314.0,906,1.0509554140127388,1.0118099787685775,50.0,12.0,120000.0,20000.0,5.0,0.0,0.707,3,0.27632516622543335,1.0,-3.9181000000000004,1.0564868291308636,1.1093111705874068,0.0,12.0,120000.0,20000.0,1.0,0.0,0.638,1
315.0,1816,1.0634920634920635,1.0085978835978837,0.0,12.0,120000.0,0.0,0.0,1.0,0.704,3,0.27632516622543335,1.0,-3.9482,1.0816125860373649,1.1149740132041017,0.0,12.0,120000.0,0.0,0.0,1.0,0.636,1
313.0,1815,1.038338658146965,1.015042598509052,0.0,12.0,120000.0,0.0,0.0,1.0,0.708,3,0.27632516622543335,1.0,-3.9482,1.0816125860373649,1.1149740132041017,0.0,12.0,120000.0,0.0,0.0,1.0,0.636,1
342.0,2281,0.9941520467836258,1.0782163742690059,0.0,12.0,120000.0,0.0,0.0,0.0,0.657,2,0.17689290642738342,1.0,-3.5315333333333334,1.0814606741573034,1.1294475655430711,0.0,12.0,120000.0,0.0,0.0,0.0,0.636,1
314.0,927,1.0509554140127388,1.0118099787685775,50.0,12.0,120000.0,20000.0,5.0,0.0,0.707,3,0.27632516622543335,1.0,-3.91825,1.0925899985992436,1.1264416118037073,0.0,12.0,120000.0,20000.0,1.0,0.0,0.635,1
341.0,1365,0.997067448680352,1.063049853372434,12.5,12.0,120000.0,20000.0,2.0,0.0,0.659,2,0.17689290642738342,1.0,-3.615433750000001,1.0924063445728034,1.1641830434950546,12.5,12.0,120000.0,20000.0,2.0,0.0,0.633,1
258.0,76,0.7945736434108527,1.0012919896640828,0.0,8.0,80000.0,0.0,0.0,1.0,0.765,2,0.00339811434969306,1.0,-3.94835,1.119371628050382,1.1630970822711,0.0,8.0,80000.0,0.0,0.0,1.0,0.633,1
316.0,2268,1.060126582278481,1.00540611814346,0.0,12.0,120000.0,0.0,0.0,0.0,0.701,3,1.0,1.0,-3.94835,1.117474507612795,1.1611258555664197,0.0,12.0,120000.0,0.0,0.0,0.0,0.633,1
317.0,1817,1.0567823343848581,1.0120925341745532,0.0,12.0,120000.0,0.0,0.0,1.0,0.7,3,1.0,1.0,-3.94835,1.117474507612795,1.1611258555664197,0.0,12.0,120000.0,0.0,0.0,1.0,0.633,1
344.0,2282,1.0174418604651163,1.081031976744186,0.0,12.0,120000.0,0.0,0.0,0.0,0.652,2,0.17689290642738342,1.0,-3.5321504166666675,1.117287195405514,1.1696600326901474,0.0,12.0,120000.0,0.0,0.0,0.0,0.632,1
318.0,908,1.0534591194968552,1.0089098532494758,37.5,12.0,120000.0,20000.0,4.0,0.0,0.698,3,1.0,1.0,-3.9309,1.1282908483075638,1.1665970190834376,0.0,12.0,120000.0,20000.0,1.0,0.0,0.632,1
359.0,122,1.128133704735376,1.166434540389972,0.0,8.0,80000.0,0.0,0.0,1.0,0.632,1,0.0,1.0,-4.9484,1.128133704735376,1.166434540389972,0.0,8.0,80000.0,0.0,0.0,1.0,0.632,1
343.0,1366,1.0058309037900874,1.075072886297376,12.5,12.0,120000.0,20000.0,2.0,0.0,0.655,2,0.17689290642738342,1.0,-3.615483750000001,1.1281022498509163,1.1664020175927683,12.5,12.0,120000.0,20000.0,2.0,0.0,0.632,1
353.0,1371,1.0339943342776203,1.106586402266289,12.5,12.0,120000.0,20000.0,2.0,0.0,0.639,0,0.0,1.0,9.780932916666666,1.1281022498509163,1.1664020175927683,12.5,12.0,120000.0,20000.0,2.0,0.0,0.632,0
360.0,2291,1.125,1.1631944444444444,0.0,12.0,120000.0,0.0,0.0,0.0,0.632,3,0.0,1.0,-4.9484,1.125,1.1631944444444444,0.0,12.0,120000.0,0.0,0.0,0.0,0.632,1
346.0,2283,1.0115606936416186,1.083815028901734,0.0,12.0,120000.0,0.0,0.0,0.0,0.65,2,0.2208796888589859,1.0,-3.5321504166666675,1.1249687196197684,1.163162102075995,0.0,12.0,120000.0,0.0,0.0,0.0,0.632,1
362.0,2292,1.1187845303867403,1.156767955801105,0.0,12.0,120000.0,0.0,0.0,0.0,0.631,2,0.0,1.0,-4.94845,1.1187845303867403,1.156767955801105,0.0,12.0,120000.0,0.0,0.0,0.0,0.631,1
173.0,476,0.7514450867052023,0.6442678227360309,25.0,25.0,400000.0,20000.0,3.0,1.0,0.878,2,1.0,1.0,-3.9435000000000002,1.1136265424334835,1.151434850972892,25.0,25.0,400000.0,20000.0,3.0,1.0,0.63,1
345.0,548,1.0144927536231882,1.0869565217391304,25.0,25.0,400000.0,20000.0,3.0,1.0,0.651,1,0.17689290642738342,1.0,9.6559998,1.1095586118309468,1.1529364176432675,12.5,25.0,400000.0,20000.0,2.0,1.0,0.629,0
359.0,1374,1.128133704735376,1.166434540389972,12.5,12.0,120000.0,20000.0,2.0,0.0,0.632,0,0.0,1.0,9.780282916666666,1.1095586118309468,1.1529364176432675,37.5,12.0,120000.0,20000.0,4.0,0.0,0.629,0
366.0,2294,1.1065573770491803,1.158356102003643,0.0,12.0,120000.0,0.0,0.0,0.0,0.629,2,0.0,1.0,-4.948550000000001,1.1065573770491803,1.158356102003643,0.0,12.0,120000.0,0.0,0.0,0.0,0.629,1
268.0,81,0.8022388059701492,1.0183457711442787,0.0,8.0,80000.0,0.0,0.0,1.0,0.753,2,0.6771712303161621,1.0,-3.94855,1.1055202922890104,1.157270470580317,0.0,8.0,80000.0,0.0,0.0,1.0,0.629,1
361.0,1375,1.1218836565096952,1.159972299168975,12.5,12.0,120000.0,20000.0,2.0,0.0,0.632,0,0.0,1.0,9.780282916666666,1.1035121358134075,1.1636830650295704,37.5,12.0,120000.0,20000.0,4.0,0.0,0.629,0
327.0,1822,1.0244648318042813,1.000254841997961,0.0,12.0,120000.0,0.0,0.0,1.0,0.683,3,1.0,1.0,-3.94855,1.1142818317706211,1.1607102414277302,0.0,12.0,120000.0,0.0,0.0,1.0,0.629,1
345.0,1831,1.0144927536231882,1.0869565217391304,0.0,12.0,120000.0,0.0,0.0,1.0,0.651,2,0.2208796888589859,1.0,-3.9068833333333335,1.1141304347826086,1.169044384057971,0.0,12.0,120000.0,0.0,0.0,1.0,0.629,1
368.0,2295,1.1141304347826086,1.169044384057971,0.0,12.0,120000.0,0.0,0.0,0.0,0.629,2,0.0,1.0,-4.948550000000001,1.1141304347826086,1.169044384057971,0.0,12.0,120000.0,0.0,0.0,0.0,0.629,1
348.0,549,1.0057471264367817,1.086566091954023,25.0,25.0,400000.0,20000.0,3.0,1.0,0.648,0,0.0,1.0,9.631249799999999,1.1141001300480928,1.1690125856449756,0.0,25.0,400000.0,20000.0,1.0,1.0,0.629,0
328.0,2274,1.0213414634146343,0.9972052845528456,0.0,12.0,120000.0,0.0,0.0,0.0,0.681,3,1.0,1.0,-3.94855,1.1248136603875862,1.1660342413154448,0.0,12.0,120000.0,0.0,0.0,0.0,0.629,1
369.0,1379,1.1246612466124661,1.1658762420957542,37.5,12.0,120000.0,20000.0,4.0,0.0,0.629,2,0.0,1.0,-4.931050000000001,1.1246612466124661,1.1658762420957542,37.5,12.0,120000.0,20000.0,4.0,0.0,0.629,1
356.0,2289,1.0814606741573034,1.1294475655430711,0.0,12.0,120000.0,0.0,0.0,0.0,0.636,2,1.0,1.0,-3.490633750000001,1.1246307383368814,1.1658446157960143,0.0,12.0,120000.0,0.0,0.0,0.0,0.629,1
363.0,1376,1.115702479338843,1.1535812672176309,25.0,12.0,120000.0,20000.0,3.0,0.0,0.631,0,0.0,1.0,9.780532916666665,1.1246307383368814,1.1658446157960143,25.0,12.0,120000.0,20000.0,3.0,0.0,0.629,0
328.0,934,1.0213414634146343,0.9972052845528456,25.0,12.0,120000.0,20000.0,3.0,0.0,0.681,3,1.0,1.0,-3.94355,1.1488038924178943,1.162882371491643,0.0,12.0,120000.0,20000.0,1.0,0.0,0.629,1
329.0,1823,1.0182370820668691,0.9941742654508612,0.0,12.0,120000.0,0.0,0.0,1.0,0.679,3,1.0,1.0,-3.94855,1.1488038924178943,1.162882371491643,0.0,12.0,120000.0,0.0,0.0,1.0,0.629,1
357.0,1373,1.0924369747899159,1.1642156862745097,12.5,12.0,120000.0,20000.0,2.0,0.0,0.635,2,1.0,1.0,-3.4902166666666665,1.1486486486486487,1.1627252252252251,25.0,12.0,120000.0,20000.0,3.0,0.0,0.629,1
365.0,1377,1.1095890410958904,1.1529680365296804,37.5,12.0,120000.0,20000.0,4.0,0.0,0.629,0,0.0,1.0,9.780482916666665,1.1455216531758805,1.1595599087295065,25.0,12.0,120000.0,20000.0,3.0,0.0,0.628,0
331.0,1360,1.012084592145015,1.0070493454179257,0.0,12.0,120000.0,20000.0,1.0,0.0,0.677,3,1.0,1.0,-3.9486,1.1560693641618496,1.1566294752878972,25.0,12.0,120000.0,20000.0,3.0,0.0,0.628,1
331.0,1824,1.012084592145015,1.0070493454179257,0.0,12.0,120000.0,0.0,0.0,1.0,0.677,3,1.0,1.0,-3.9486499999999998,1.16637618983778,1.1619073155472137,0.0,12.0,120000.0,0.0,0.0,1.0,0.627,1
367.0,1378,1.103542234332425,1.163714804722979,37.5,12.0,120000.0,20000.0,4.0,0.0,0.629,0,0.0,1.0,9.780432916666665,1.1661885427685976,1.1617203874323194,25.0,12.0,120000.0,20000.0,3.0,0.0,0.627,0
332.0,2276,1.0090361445783131,1.0040160642570282,0.0,12.0,120000.0,0.0,0.0,0.0,0.674,3,1.0,1.0,-3.9486499999999998,1.1766278914293355,1.1588001961046486,0.0,12.0,120000.0,0.0,0.0,0.0,0.627,1
355.0,1372,1.056338028169014,1.1179577464788732,12.5,12.0,120000.0,20000.0,2.0,0.0,0.638,2,1.0,1.0,-3.7403166666666663,1.1764705882352942,1.1642156862745097,25.0,12.0,120000.0,20000.0,3.0,0.0,0.627,1
374.0,2298,1.1764705882352942,1.1642156862745097,0.0,12.0,120000.0,0.0,0.0,0.0,0.627,2,0.0,1.0,-4.948650000000001,1.1764705882352942,1.1642156862745097,0.0,12.0,120000.0,0.0,0.0,0.0,0.627,1
276.0,85,0.9057971014492754,1.0114734299516908,0.0,8.0,80000.0,0.0,0.0,1.0,0.742,2,0.2881537675857544,1.0,-3.94875,1.1722600328874,1.1600489908781564,0.0,8.0,80000.0,0.0,0.0,1.0,0.625,1
371.0,1380,1.1455525606469004,1.1595911949685533,25.0,12.0,120000.0,20000.0,3.0,0.0,0.628,0,0.0,1.0,9.779682916666667,1.1670777653887756,1.168735546305521,50.0,12.0,120000.0,20000.0,5.0,0.0,0.622,0
284.0,89,0.9859154929577465,1.034330985915493,0.0,8.0,80000.0,0.0,0.0,1.0,0.731,2,1.0,1.0,-3.9489,1.1660468053131063,1.167703121797926,0.0,8.0,80000.0,0.0,0.0,1.0,0.622,1
364.0,2293,1.1126373626373627,1.1504120879120878,0.0,12.0,120000.0,0.0,0.0,0.0,0.63,2,0.3756522536277771,1.0,-3.5322333333333336,1.164021164021164,1.1656746031746033,0.0,12.0,120000.0,0.0,0.0,0.0,0.622,1
378.0,2300,1.164021164021164,1.1656746031746033,0.0,12.0,120000.0,0.0,0.0,0.0,0.622,2,0.0,1.0,-4.9489,1.164021164021164,1.1656746031746033,0.0,12.0,120000.0,0.0,0.0,0.0,0.622,1
373.0,1381,1.1662198391420913,1.161751563896336,25.0,12.0,120000.0,20000.0,3.0,0.0,0.627,0,0.0,1.0,9.779532916666668,1.1609192063291414,1.162568239292677,50.0,12.0,120000.0,20000.0,5.0,0.0,0.619,0
380.0,2301,1.1578947368421053,1.1595394736842106,0.0,12.0,120000.0,0.0,0.0,0.0,0.619,3,0.0,1.0,-4.949050000000001,1.1578947368421053,1.1595394736842106,0.0,12.0,120000.0,0.0,0.0,0.0,0.619,1
374.0,1385,1.1764705882352942,1.1642156862745097,25.0,12.0,120000.0,20000.0,3.0,0.0,0.627,0,0.0,1.0,9.779532916666668,1.1578642362605132,1.1595089297779286,50.0,12.0,120000.0,20000.0,5.0,0.0,0.619,0
382.0,2302,1.1518324607329842,1.1698298429319371,0.0,12.0,120000.0,0.0,0.0,0.0,0.618,2,0.0,1.0,-4.9491000000000005,1.1518324607329842,1.1698298429319371,0.0,12.0,120000.0,0.0,0.0,0.0,0.618,1
376.0,1386,1.1702127659574468,1.171875,37.5,12.0,120000.0,20000.0,4.0,0.0,0.625,0,0.0,1.0,9.779482916666668,1.1518022786889799,1.1697991892934951,50.0,12.0,120000.0,20000.0,5.0,0.0,0.618,0
358.0,2290,1.1173184357541899,1.1696927374301676,0.0,12.0,120000.0,0.0,0.0,0.0,0.633,2,1.0,1.0,-3.9491,1.1488250652741514,1.1749347258485638,0.0,12.0,120000.0,0.0,0.0,0.0,0.618,1
377.0,1383,1.16710875331565,1.168766578249337,50.0,12.0,120000.0,20000.0,5.0,0.0,0.624,0,0.0,1.0,9.779682916666665,1.1487950406309224,1.1749040188270796,37.5,12.0,120000.0,20000.0,4.0,0.0,0.617,0
370.0,2296,1.1486486486486487,1.1627252252252251,0.0,12.0,120000.0,0.0,0.0,0.0,0.629,2,0.3756522536277771,1.0,-3.5324833333333334,1.1458333333333333,1.1773003472222223,0.0,12.0,120000.0,0.0,0.0,0.0,0.617,1
378.0,1387,1.164021164021164,1.1656746031746033,50.0,12.0,120000.0,20000.0,5.0,0.0,0.622,0,0.0,1.0,9.779632916666666,1.145803464862804,1.1772696585001345,37.5,12.0,120000.0,20000.0,4.0,0.0,0.616,0
286.0,90,0.9965034965034965,1.0380244755244756,0.0,8.0,80000.0,0.0,0.0,1.0,0.728,2,1.0,1.0,-3.9493,1.1418388499821237,1.173196166885042,0.0,8.0,80000.0,0.0,0.0,1.0,0.614,1
375.0,1382,1.1733333333333333,1.161111111111111,37.5,12.0,120000.0,20000.0,4.0,0.0,0.627,2,0.6772313117980957,1.0,9.609916666666665,1.1398963730569949,1.1712003454231434,37.5,12.0,120000.0,20000.0,4.0,0.0,0.615,0
386.0,2304,1.1398963730569949,1.1712003454231434,0.0,12.0,120000.0,0.0,0.0,0.0,0.615,3,0.0,1.0,-4.949250000000001,1.1398963730569949,1.1712003454231434,0.0,12.0,120000.0,0.0,0.0,0.0,0.615,1
380.0,1388,1.1578947368421053,1.1595394736842106,50.0,12.0,120000.0,20000.0,5.0,0.0,0.619,0,0.0,1.0,9.779582916666666,1.1398668132984426,1.171169973890919,37.5,12.0,120000.0,20000.0,4.0,0.0,0.615,0
381.0,937,1.1548556430446193,1.1646981627296589,0.0,12.0,120000.0,20000.0,1.0,0.0,0.619,0,0.0,1.0,9.780249999999999,1.1369509043927648,1.1762489233419466,25.0,12.0,120000.0,20000.0,4.0,0.0,0.615,0
388.0,1835,1.134020618556701,1.1812714776632305,0.0,12.0,120000.0,0.0,0.0,1.0,0.614,2,0.0,1.0,-4.949300000000001,1.134020618556701,1.1812714776632305,0.0,12.0,120000.0,0.0,0.0,1.0,0.614,1
382.0,1389,1.1518324607329842,1.1698298429319371,50.0,12.0,120000.0,20000.0,5.0,0.0,0.618,0,0.0,1.0,9.779482916666666,1.1339913627486053,1.1812410028631306,37.5,12.0,120000.0,20000.0,4.0,0.0,0.613,0
348.0,2285,1.0057471264367817,1.086566091954023,0.0,12.0,120000.0,0.0,0.0,0.0,0.648,3,0.8496997952461243,1.0,-3.94935,1.1441059262115953,1.1783862535887217,0.0,12.0,120000.0,0.0,0.0,0.0,0.613,1
383.0,938,1.1488250652741514,1.1749347258485638,12.5,12.0,120000.0,20000.0,2.0,0.0,0.618,0,0.0,1.0,9.779582916666666,1.1439294325613885,1.1782044717392577,25.0,12.0,120000.0,20000.0,3.0,0.0,0.61,0
349.0,1369,1.0171919770773639,1.0924068767908308,25.0,12.0,120000.0,20000.0,3.0,0.0,0.647,3,0.8496997952461243,1.0,-3.9445,1.153994101807924,1.1753643629525152,37.5,12.0,120000.0,20000.0,4.0,0.0,0.61,1
379.0,1384,1.1609498680738786,1.162598944591029,62.5,12.0,120000.0,20000.0,6.0,0.0,0.622,2,1.0,1.0,9.634716666666666,1.153846153846154,1.1752136752136753,37.5,12.0,120000.0,20000.0,4.0,0.0,0.611,0
390.0,1836,1.153846153846154,1.1752136752136753,0.0,12.0,120000.0,0.0,0.0,1.0,0.611,3,0.0,1.0,-4.949450000000001,1.153846153846154,1.1752136752136753,0.0,12.0,120000.0,0.0,0.0,1.0,0.611,1
384.0,1390,1.1458333333333333,1.1773003472222223,37.5,12.0,120000.0,20000.0,4.0,0.0,0.617,0,0.0,1.0,9.779332916666666,1.1538165392216473,1.1751835121701961,37.5,12.0,120000.0,20000.0,4.0,0.0,0.61,0
349.0,1833,1.0171919770773639,1.0924068767908308,0.0,12.0,120000.0,0.0,0.0,1.0,0.647,3,0.8496997952461243,1.0,-3.94955,1.1638316920322291,1.172357931534297,0.0,12.0,120000.0,0.0,0.0,1.0,0.609,1
379.0,936,1.1609498680738786,1.162598944591029,0.0,12.0,120000.0,20000.0,1.0,0.0,0.622,2,1.0,1.0,9.5505,1.1636828644501278,1.1722080136402389,25.0,12.0,120000.0,20000.0,3.0,0.0,0.61,0
385.0,939,1.1428571428571428,1.1742424242424243,25.0,12.0,120000.0,20000.0,3.0,0.0,0.616,0,0.0,1.0,9.779532916666666,1.163653073741002,1.1721780046841597,25.0,12.0,120000.0,20000.0,3.0,0.0,0.609,0
351.0,1370,1.03988603988604,1.103988603988604,25.0,12.0,120000.0,20000.0,3.0,0.0,0.643,3,0.8496997952461243,1.0,-3.94455,1.1863758132414848,1.1693668410086322,37.5,12.0,120000.0,20000.0,4.0,0.0,0.609,1
350.0,2286,1.0285714285714285,1.0982142857142856,0.0,12.0,120000.0,0.0,0.0,0.0,0.644,3,0.8496997952461243,1.0,-3.94955,1.1863758132414848,1.1693668410086322,0.0,12.0,120000.0,0.0,0.0,0.0,0.609,1
392.0,1837,1.1862244897959184,1.16921768707483,0.0,12.0,120000.0,0.0,0.0,1.0,0.609,2,0.0,1.0,-4.94955,1.1862244897959184,1.16921768707483,0.0,12.0,120000.0,0.0,0.0,1.0,0.609,1
386.0,1391,1.1398963730569949,1.1712003454231434,37.5,12.0,120000.0,20000.0,4.0,0.0,0.615,0,0.0,1.0,9.779232916666666,1.1861941994797531,1.1691878310284303,37.5,12.0,120000.0,20000.0,4.0,0.0,0.608,0
351.0,1834,1.03988603988604,1.103988603988604,0.0,12.0,120000.0,0.0,0.0,1.0,0.643,3,0.8496997952461243,1.0,-3.9495999999999998,1.1960809263265046,1.1663909742545702,0.0,12.0,120000.0,0.0,0.0,1.0,0.608,1
387.0,940,1.1369509043927648,1.1762489233419466,25.0,12.0,120000.0,20000.0,3.0,0.0,0.615,0,0.0,1.0,9.779632916666667,1.1958982927686752,1.16621287415385,12.5,12.0,120000.0,20000.0,2.0,0.0,0.606,0
352.0,2287,1.0369318181818183,1.1097301136363635,0.0,12.0,120000.0,0.0,0.0,0.0,0.64,3,0.8496997952461243,1.0,-3.9497,1.20573676862546,1.1634302153403562,0.0,12.0,120000.0,0.0,0.0,0.0,0.606,1
394.0,1838,1.2055837563451777,1.1632825719120137,0.0,12.0,120000.0,0.0,0.0,1.0,0.606,1,0.0,1.0,-4.9497,1.2055837563451777,1.1632825719120137,0.0,12.0,120000.0,0.0,0.0,1.0,0.606,1
394.0,2308,1.2055837563451777,1.1632825719120137,0.0,12.0,120000.0,0.0,0.0,0.0,0.606,3,0.0,1.0,-4.9497,1.2055837563451777,1.1632825719120137,0.0,12.0,120000.0,0.0,0.0,0.0,0.606,1
388.0,1392,1.134020618556701,1.1812714776632305,37.5,12.0,120000.0,20000.0,4.0,0.0,0.614,0,0.0,1.0,9.779132916666667,1.2055531279522569,1.163253018199546,37.5,12.0,120000.0,20000.0,4.0,0.0,0.606,0
396.0,1839,1.1994949494949494,1.1574074074074074,0.0,12.0,120000.0,0.0,0.0,1.0,0.605,1,0.0,1.0,-4.94975,1.1994949494949494,1.1574074074074074,0.0,12.0,120000.0,0.0,0.0,1.0,0.605,1
390.0,1393,1.153846153846154,1.1752136752136753,37.5,12.0,120000.0,20000.0,4.0,0.0,0.611,0,0.0,1.0,9.779032916666667,1.1994646296945877,1.15737815145969,37.5,12.0,120000.0,20000.0,4.0,0.0,0.604,0
391.0,942,1.1636828644501278,1.1722080136402389,25.0,12.0,120000.0,20000.0,3.0,0.0,0.61,0,0.0,1.0,9.779232916666666,1.1964433843872098,1.1544629147595884,25.0,12.0,120000.0,20000.0,3.0,0.0,0.603,0
84.0,454,0.0,0.11160714285714285,25.0,25.0,400000.0,20000.0,3.0,1.0,0.964,1,0.995040774345398,1.0,-3.9463500000000002,1.193467336683417,1.1594430485762146,12.5,25.0,400000.0,20000.0,2.0,1.0,0.603,1
398.0,1840,1.193467336683417,1.1594430485762146,0.0,12.0,120000.0,0.0,0.0,1.0,0.603,2,0.0,1.0,-4.9498500000000005,1.193467336683417,1.1594430485762146,0.0,12.0,120000.0,0.0,0.0,1.0,0.603,1
392.0,1394,1.1862244897959184,1.16921768707483,37.5,12.0,120000.0,20000.0,4.0,0.0,0.609,0,0.0,1.0,9.778982916666667,1.1934373208352222,1.1594138884429899,37.5,12.0,120000.0,20000.0,4.0,0.0,0.603,0
400.0,1841,1.1875,1.1666666666666665,0.0,12.0,120000.0,0.0,0.0,1.0,0.602,1,0.0,1.0,-4.9499,1.1875,1.1666666666666665,0.0,12.0,120000.0,0.0,0.0,1.0,0.602,1
87.0,455,0.0,0.14367816091954022,25.0,25.0,400000.0,20000.0,3.0,1.0,0.961,1,1.0,1.0,-3.9459500000000003,1.187470283556154,1.1666374715639407,25.0,25.0,400000.0,20000.0,3.0,1.0,0.601,1
394.0,1395,1.2055837563451777,1.1632825719120137,37.5,12.0,120000.0,20000.0,4.0,0.0,0.606,0,0.0,1.0,9.778882916666666,1.187470283556154,1.1666374715639407,37.5,12.0,120000.0,20000.0,4.0,0.0,0.601,0
389.0,941,1.1439588688946016,1.1782347900599828,37.5,12.0,120000.0,20000.0,4.0,0.0,0.613,2,0.6832647323608398,1.0,9.567599999999999,1.1845386533665836,1.1637572734829595,37.5,12.0,120000.0,20000.0,4.0,0.0,0.602,0
388.0,2305,1.134020618556701,1.1812714776632305,0.0,12.0,120000.0,0.0,0.0,0.0,0.614,2,0.6832647323608398,1.0,-3.4915666666666665,1.1845386533665836,1.1637572734829595,0.0,12.0,120000.0,0.0,0.0,0.0,0.602,1
395.0,944,1.2025316455696202,1.160337552742616,12.5,12.0,120000.0,20000.0,2.0,0.0,0.606,0,0.0,1.0,9.778882916666666,1.1845090849477797,1.1637282238083448,37.5,12.0,120000.0,20000.0,4.0,0.0,0.601,0
302.0,98,1.0430463576158941,1.0244205298013245,0.0,8.0,80000.0,0.0,0.0,1.0,0.723,2,1.0,1.0,-3.94995,1.1835252979529092,1.1627616962344367,0.0,8.0,80000.0,0.0,0.0,1.0,0.601,1
396.0,1396,1.1994949494949494,1.1574074074074074,37.5,12.0,120000.0,20000.0,4.0,0.0,0.605,0,0.0,1.0,9.779032916666665,1.1815626183039571,1.168606887840098,25.0,12.0,120000.0,20000.0,3.0,0.0,0.599,0
397.0,945,1.1964735516372795,1.1544920235096559,25.0,12.0,120000.0,20000.0,3.0,0.0,0.604,0,0.0,1.0,9.778732916666666,1.1786307739601802,1.165707190912371,37.5,12.0,120000.0,20000.0,4.0,0.0,0.598,0
404.0,1843,1.1757425742574257,1.170585808580858,0.0,12.0,120000.0,0.0,0.0,1.0,0.598,2,0.0,1.0,-4.950100000000001,1.1757425742574257,1.170585808580858,0.0,12.0,120000.0,0.0,0.0,1.0,0.598,1
90.0,456,0.0,0.1736111111111111,25.0,25.0,400000.0,20000.0,3.0,1.0,0.953,1,1.0,1.0,-3.9456499999999997,1.1757134433377034,1.1705568054283275,37.5,25.0,400000.0,20000.0,4.0,1.0,0.597,1
398.0,1397,1.193467336683417,1.1594430485762146,37.5,12.0,120000.0,20000.0,4.0,0.0,0.603,0,0.0,1.0,9.778932916666665,1.1757134433377034,1.1705568054283275,25.0,12.0,120000.0,20000.0,3.0,0.0,0.597,0
393.0,943,1.1959287531806615,1.1662425784563188,25.0,12.0,120000.0,20000.0,3.0,0.0,0.608,2,0.6832647323608398,1.0,9.5549,1.1728395061728396,1.1676954732510287,37.5,12.0,120000.0,20000.0,4.0,0.0,0.598,0
399.0,946,1.1904761904761905,1.1643692564745196,25.0,12.0,120000.0,20000.0,3.0,0.0,0.603,0,0.0,1.0,9.778682916666666,1.172810518930137,1.1676666131453557,37.5,12.0,120000.0,20000.0,4.0,0.0,0.597,0
406.0,1844,1.1699507389162562,1.1648193760262726,0.0,12.0,120000.0,0.0,0.0,1.0,0.597,2,0.0,1.0,-4.950150000000001,1.1699507389162562,1.1648193760262726,0.0,12.0,120000.0,0.0,0.0,1.0,0.597,1
392.0,2307,1.1862244897959184,1.16921768707483,0.0,12.0,120000.0,0.0,0.0,0.0,0.609,2,0.6832647323608398,1.0,-3.5339004166666674,1.1699218942902418,1.1647906579117757,0.0,12.0,120000.0,0.0,0.0,0.0,0.597,1
400.0,1398,1.1875,1.1666666666666665,37.5,12.0,120000.0,20000.0,4.0,0.0,0.602,0,0.0,1.0,9.778932916666665,1.1699218942902418,1.1647906579117757,25.0,12.0,120000.0,20000.0,3.0,0.0,0.597,0
401.0,947,1.1845386533665836,1.1637572734829595,37.5,12.0,120000.0,20000.0,4.0,0.0,0.602,0,0.0,1.0,9.778782916666666,1.167047464016917,1.1619288347887724,25.0,12.0,120000.0,20000.0,3.0,0.0,0.594,0
408.0,1845,1.1642156862745099,1.166768790849673,0.0,12.0,120000.0,0.0,0.0,1.0,0.594,1,0.0,1.0,-4.9503,1.1642156862745099,1.166768790849673,0.0,12.0,120000.0,0.0,0.0,1.0,0.594,1
403.0,948,1.1786600496277915,1.1657361455748552,37.5,12.0,120000.0,20000.0,4.0,0.0,0.599,0,0.0,1.0,9.778682916666666,1.1613407701195382,1.1638875700540108,25.0,12.0,120000.0,20000.0,3.0,0.0,0.592,0
396.0,2309,1.1994949494949494,1.1574074074074074,0.0,12.0,120000.0,0.0,0.0,0.0,0.605,2,0.5694897174835205,1.0,-3.5337333333333336,1.1585365853658536,1.1610772357723578,0.0,12.0,120000.0,0.0,0.0,0.0,0.592,1
410.0,1846,1.1585365853658536,1.1610772357723578,0.0,12.0,120000.0,0.0,0.0,1.0,0.592,1,0.0,1.0,-4.9504,1.1585365853658536,1.1610772357723578,0.0,12.0,120000.0,0.0,0.0,1.0,0.592,1
404.0,1400,1.1757425742574257,1.170585808580858,25.0,12.0,120000.0,20000.0,3.0,0.0,0.598,0,0.0,1.0,9.778182916666667,1.1585083008095338,1.161048889188502,50.0,12.0,120000.0,20000.0,5.0,0.0,0.592,0
405.0,949,1.1728395061728396,1.1676954732510287,37.5,12.0,120000.0,20000.0,4.0,0.0,0.598,0,0.0,1.0,9.778382916666667,1.155689614469487,1.1632928356173124,37.5,12.0,120000.0,20000.0,4.0,0.0,0.591,0
406.0,1401,1.1699507389162562,1.1648193760262726,25.0,12.0,120000.0,20000.0,3.0,0.0,0.597,0,0.0,1.0,9.777832916666666,1.152884610740404,1.1604693779163278,62.5,12.0,120000.0,20000.0,6.0,1.0,0.59,0
319.0,102,1.0501567398119123,1.0057471264367817,0.0,8.0,80000.0,0.0,0.0,1.0,0.696,2,1.0,1.0,-3.9505,1.1519526328718146,1.1595312686143924,0.0,8.0,80000.0,0.0,0.0,1.0,0.59,1
413.0,1413,1.1501210653753027,1.1576876513317191,62.5,12.0,120000.0,20000.0,6.0,1.0,0.59,1,0.0,1.0,-4.908799999999999,1.1501210653753027,1.1576876513317191,62.5,12.0,120000.0,20000.0,6.0,1.0,0.589,1
372.0,2297,1.1559139784946235,1.1648745519713262,0.0,12.0,120000.0,0.0,0.0,0.0,0.628,3,0.6772313117980957,1.0,-3.95055,1.1595603333735958,1.155030800821355,0.0,12.0,120000.0,0.0,0.0,0.0,0.589,1
414.0,1848,1.1594202898550725,1.1624396135265702,0.0,12.0,120000.0,0.0,0.0,1.0,0.589,2,0.0,1.0,-4.95055,1.1594202898550725,1.1624396135265702,0.0,12.0,120000.0,0.0,0.0,1.0,0.589,1
408.0,1402,1.1642156862745099,1.166768790849673,25.0,12.0,120000.0,20000.0,3.0,0.0,0.594,0,0.0,1.0,9.777782916666666,1.1593922572065347,1.1624115078763433,62.5,12.0,120000.0,20000.0,6.0,1.0,0.589,0
401.0,138,1.1845386533665836,1.1637572734829595,0.0,8.0,80000.0,0.0,0.0,1.0,0.602,1,0.17855748534202576,1.0,-3.7845089583333333,1.158459542606545,1.161476364332083,0.0,8.0,80000.0,0.0,0.0,1.0,0.589,1
409.0,960,1.1613691931540342,1.1639160554197228,25.0,12.0,120000.0,20000.0,3.0,0.0,0.594,0,0.0,1.0,9.777682916666667,1.156598608308267,1.1646305430881856,62.5,12.0,120000.0,20000.0,7.0,1.0,0.587,0
409.0,1411,1.1613691931540342,1.1639160554197228,37.5,12.0,120000.0,20000.0,4.0,0.0,0.594,0,0.0,1.0,9.777682916666667,1.156598608308267,1.1646305430881856,62.5,12.0,120000.0,20000.0,6.0,1.0,0.587,0
396.0,550,1.1994949494949494,1.1574074074074074,0.0,25.0,400000.0,20000.0,1.0,1.0,0.605,0,0.0,1.0,9.62785,1.153846153846154,1.1743790064102564,75.0,25.0,400000.0,20000.0,7.0,1.0,0.587,0
416.0,1849,1.153846153846154,1.1743790064102564,0.0,12.0,120000.0,0.0,0.0,1.0,0.587,1,0.0,1.0,-4.95065,1.153846153846154,1.1743790064102564,0.0,12.0,120000.0,0.0,0.0,1.0,0.587,1
105.0,461,0.4761904761904762,0.35714285714285715,37.5,25.0,400000.0,20000.0,4.0,1.0,0.938,1,0.4233032464981079,1.0,-3.9332,1.1538183900911423,1.1743507485953684,75.0,25.0,400000.0,20000.0,7.0,1.0,0.586,1
410.0,1403,1.1585365853658536,1.1610772357723578,50.0,12.0,120000.0,20000.0,5.0,0.0,0.592,0,0.0,1.0,9.777632916666665,1.1538183900911423,1.1743507485953684,62.5,12.0,120000.0,20000.0,6.0,1.0,0.586,0
321.0,103,1.043613707165109,1.0092159916926273,0.0,8.0,80000.0,0.0,0.0,1.0,0.693,2,0.6513211131095886,1.0,-3.9507,1.1528946185545275,1.1734105384159579,0.0,8.0,80000.0,0.0,0.0,1.0,0.586,1
409.0,951,1.1613691931540342,1.1639160554197228,25.0,12.0,120000.0,20000.0,3.0,0.0,0.594,2,0.05256861448287964,1.0,9.721016666666667,1.1510791366906474,1.1715627498001597,62.5,12.0,120000.0,20000.0,7.0,1.0,0.587,0
411.0,952,1.1557177615571776,1.1633211678832116,25.0,12.0,120000.0,20000.0,3.0,0.0,0.592,0,0.0,1.0,9.777832916666666,1.1510515059338744,1.1715346273502323,50.0,12.0,120000.0,20000.0,6.0,1.0,0.585,0
411.0,961,1.1557177615571776,1.1633211678832116,25.0,12.0,120000.0,20000.0,4.0,0.0,0.592,0,0.0,1.0,9.777832916666666,1.1510515059338744,1.1715346273502323,50.0,12.0,120000.0,20000.0,6.0,1.0,0.585,0
411.0,1412,1.1557177615571776,1.1633211678832116,50.0,12.0,120000.0,20000.0,5.0,0.0,0.592,0,0.0,1.0,9.777582916666665,1.1510515059338744,1.1715346273502323,62.5,12.0,120000.0,20000.0,6.0,1.0,0.585,0
323.0,104,1.0371517027863777,1.0029669762641897,0.0,8.0,80000.0,0.0,0.0,1.0,0.688,2,0.6513211131095886,1.0,-3.9507499999999998,1.1740932443928682,1.1705989192607464,0.0,8.0,80000.0,0.0,0.0,1.0,0.585,1
376.0,2299,1.1702127659574468,1.171875,0.0,12.0,120000.0,0.0,0.0,0.0,0.625,3,0.8090453147888184,1.0,-3.9507499999999998,1.1723890417514058,1.1688997886509551,0.0,12.0,120000.0,0.0,0.0,0.0,0.585,1
377.0,935,1.16710875331565,1.168766578249337,0.0,12.0,120000.0,20000.0,1.0,0.0,0.624,3,0.8090453147888184,1.0,-3.9507499999999998,1.1723890417514058,1.1688997886509551,50.0,12.0,120000.0,20000.0,6.0,1.0,0.585,1
412.0,1404,1.1529126213592233,1.160497572815534,62.5,12.0,120000.0,20000.0,6.0,1.0,0.591,0,0.0,1.0,9.777482916666665,1.1722207322260056,1.1762078775737133,62.5,12.0,120000.0,20000.0,6.0,1.0,0.583,0
399.0,551,1.1904761904761905,1.1643692564745196,12.5,25.0,400000.0,20000.0,2.0,1.0,0.603,1,0.17855748534202576,1.0,9.647399799999999,1.1694231362157672,1.1734007659307866,75.0,25.0,400000.0,20000.0,7.0,1.0,0.582,0
413.0,953,1.1501210653753027,1.1576876513317191,37.5,12.0,120000.0,20000.0,4.0,1.0,0.59,0,0.0,1.0,9.777682916666667,1.1694231362157672,1.1734007659307866,50.0,12.0,120000.0,20000.0,6.0,1.0,0.582,0
413.0,962,1.1501210653753027,1.1576876513317191,37.5,12.0,120000.0,20000.0,5.0,1.0,0.59,1,1.0,1.0,9.815182916666666,1.1694231362157672,1.1734007659307866,50.0,12.0,120000.0,20000.0,6.0,1.0,0.582,0
407.0,1410,1.167076167076167,1.1619574119574119,25.0,12.0,120000.0,20000.0,3.0,0.0,0.597,2,1.0,1.0,-3.4875666666666665,1.1666666666666667,1.185515873015873,75.0,12.0,120000.0,20000.0,7.0,1.0,0.582,1
414.0,1405,1.1594202898550725,1.1624396135265702,62.5,12.0,120000.0,20000.0,6.0,1.0,0.589,0,0.0,1.0,9.777132916666666,1.1666388617737944,1.185487618894289,75.0,12.0,120000.0,20000.0,7.0,1.0,0.581,0
407.0,950,1.167076167076167,1.1619574119574119,37.5,12.0,120000.0,20000.0,4.0,0.0,0.597,2,1.0,1.0,-3.5167333333333333,1.163895486935867,1.1826999208234361,50.0,12.0,120000.0,20000.0,6.0,1.0,0.582,1
421.0,148,1.163895486935867,1.1826999208234361,0.0,8.0,80000.0,0.0,0.0,1.0,0.582,1,0.0,1.0,-4.950900000000001,1.163895486935867,1.1826999208234361,0.0,8.0,80000.0,0.0,0.0,1.0,0.582,1
415.0,963,1.1566265060240963,1.1646586345381524,62.5,12.0,120000.0,20000.0,7.0,1.0,0.589,0,0.0,1.0,9.777332916666666,1.1638678139743044,1.1826718007647055,62.5,12.0,120000.0,20000.0,7.0,1.0,0.58,0
415.0,1414,1.1566265060240963,1.1646586345381524,62.5,12.0,120000.0,20000.0,6.0,1.0,0.589,0,0.0,1.0,9.777082916666666,1.1638678139743044,1.1826718007647055,75.0,12.0,120000.0,20000.0,7.0,1.0,0.58,0
418.0,1850,1.1722488038277512,1.1762360446570974,0.0,12.0,120000.0,0.0,0.0,1.0,0.585,1,0.39593005180358887,1.0,9.882133333333334,1.161137440758294,1.1798973143759874,0.0,12.0,120000.0,0.0,0.0,1.0,0.581,0
402.0,552,1.181592039800995,1.1686359867330016,25.0,25.0,400000.0,20000.0,3.0,1.0,0.601,0,0.0,1.0,9.6272498,1.1611098987912631,1.1798693274281968,75.0,25.0,400000.0,20000.0,7.0,1.0,0.579,0
416.0,1406,1.153846153846154,1.1743790064102564,62.5,12.0,120000.0,20000.0,6.0,1.0,0.587,0,0.0,1.0,9.777032916666666,1.1611098987912631,1.1798693274281968,75.0,12.0,120000.0,20000.0,7.0,1.0,0.579,0
417.0,955,1.1510791366906474,1.1715627498001597,62.5,12.0,120000.0,20000.0,7.0,1.0,0.587,2,1.0,1.0,9.84145,1.1583924349881796,1.1771079590228528,62.5,12.0,120000.0,20000.0,7.0,1.0,0.579,0
423.0,967,1.1583924349881796,1.1771079590228528,62.5,12.0,120000.0,20000.0,8.0,1.0,0.579,2,0.0,1.0,-4.9086,1.1583924349881796,1.1771079590228528,62.5,12.0,120000.0,20000.0,8.0,1.0,0.578,1
417.0,964,1.1510791366906474,1.1715627498001597,62.5,12.0,120000.0,20000.0,7.0,1.0,0.587,0,0.0,1.0,9.777132916666666,1.1583650230877516,1.1770801042430807,62.5,12.0,120000.0,20000.0,7.0,1.0,0.576,0
417.0,1415,1.1510791366906474,1.1715627498001597,62.5,12.0,120000.0,20000.0,6.0,1.0,0.587,0,0.0,1.0,9.777132916666666,1.1583650230877516,1.1770801042430807,62.5,12.0,120000.0,20000.0,6.0,1.0,0.576,0
415.0,954,1.1566265060240963,1.1646586345381524,62.5,12.0,120000.0,20000.0,7.0,1.0,0.589,2,1.0,1.0,9.7163,1.1556603773584906,1.1743317610062893,62.5,12.0,120000.0,20000.0,7.0,1.0,0.576,0
420.0,1851,1.1666666666666667,1.185515873015873,0.0,12.0,120000.0,0.0,0.0,1.0,0.582,1,0.39000970125198364,1.0,9.882183333333334,1.1556603773584906,1.1743317610062893,0.0,12.0,120000.0,0.0,0.0,1.0,0.577,0
418.0,1407,1.1722488038277512,1.1762360446570974,62.5,12.0,120000.0,20000.0,6.0,1.0,0.585,0,0.0,1.0,9.777332916666667,1.155633094605479,1.1743040374604992,50.0,12.0,120000.0,20000.0,5.0,1.0,0.575,0
384.0,2303,1.1458333333333333,1.1773003472222223,0.0,12.0,120000.0,0.0,0.0,0.0,0.617,3,0.6832647323608398,1.0,-3.95125,1.1648429226967878,1.1717064752716004,0.0,12.0,120000.0,0.0,0.0,0.0,0.575,1
405.0,553,1.1728395061728396,1.1676954732510287,37.5,25.0,400000.0,20000.0,4.0,1.0,0.598,0,0.0,1.0,9.6269498,1.1646784507499013,1.1715410342139159,75.0,25.0,400000.0,20000.0,7.0,1.0,0.573,0
419.0,956,1.1694510739856803,1.1734287987271281,50.0,12.0,120000.0,20000.0,6.0,1.0,0.583,0,0.0,1.0,9.777232916666668,1.1646784507499013,1.1715410342139159,50.0,12.0,120000.0,20000.0,6.0,1.0,0.573,0
419.0,965,1.1694510739856803,1.1734287987271281,50.0,12.0,120000.0,20000.0,7.0,1.0,0.583,0,0.0,1.0,9.777232916666668,1.1646784507499013,1.1715410342139159,50.0,12.0,120000.0,20000.0,6.0,1.0,0.573,0
419.0,1416,1.1694510739856803,1.1734287987271281,62.5,12.0,120000.0,20000.0,6.0,1.0,0.583,0,0.0,1.0,9.777232916666668,1.1646784507499013,1.1715410342139159,50.0,12.0,120000.0,20000.0,6.0,1.0,0.573,0
411.0,143,1.1557177615571776,1.1633211678832116,0.0,8.0,80000.0,0.0,0.0,1.0,0.592,1,0.41893088817596436,1.0,-3.8478089583333337,1.1637657148241252,1.1706229202145033,0.0,8.0,80000.0,0.0,0.0,1.0,0.573,1
420.0,1408,1.1666666666666667,1.185515873015873,75.0,12.0,120000.0,20000.0,7.0,1.0,0.582,0,0.0,1.0,9.777132916666666,1.1619445280170764,1.1687910025087596,50.0,12.0,120000.0,20000.0,5.0,1.0,0.571,0
427.0,969,1.1592505854800936,1.1807181889149103,50.0,12.0,120000.0,20000.0,6.0,1.0,0.571,2,0.0,1.0,-4.9215,1.1592505854800936,1.1807181889149103,50.0,12.0,120000.0,20000.0,6.0,1.0,0.57,1
421.0,957,1.163895486935867,1.1826999208234361,50.0,12.0,120000.0,20000.0,6.0,1.0,0.582,0,0.0,1.0,9.777432916666665,1.1592234102427716,1.1806905104324525,25.0,12.0,120000.0,20000.0,4.0,1.0,0.567,0
421.0,966,1.163895486935867,1.1826999208234361,50.0,12.0,120000.0,20000.0,7.0,1.0,0.582,0,0.0,1.0,9.777432916666665,1.1592234102427716,1.1806905104324525,25.0,12.0,120000.0,20000.0,4.0,1.0,0.567,0
421.0,1417,1.163895486935867,1.1826999208234361,75.0,12.0,120000.0,20000.0,7.0,1.0,0.582,0,0.0,1.0,9.777182916666666,1.1592234102427716,1.1806905104324525,37.5,12.0,120000.0,20000.0,4.0,1.0,0.567,0
408.0,554,1.1642156862745099,1.166768790849673,50.0,25.0,400000.0,20000.0,5.0,1.0,0.594,0,0.0,1.0,9.626849799999999,1.1565150076747037,1.190100670776368,62.5,25.0,400000.0,20000.0,6.0,1.0,0.566,0
422.0,1409,1.161137440758294,1.1798973143759874,75.0,12.0,120000.0,20000.0,7.0,1.0,0.581,0,0.0,1.0,9.777382916666665,1.1565150076747037,1.190100670776368,25.0,12.0,120000.0,20000.0,3.0,1.0,0.566,0
424.0,1853,1.1556603773584906,1.1743317610062893,0.0,12.0,120000.0,0.0,0.0,1.0,0.577,1,0.3307327628135681,1.0,9.839766666666666,1.153846153846154,1.1873543123543122,0.0,12.0,120000.0,0.0,0.0,1.0,0.567,0
423.0,958,1.1583924349881796,1.1771079590228528,62.5,12.0,120000.0,20000.0,7.0,1.0,0.579,0,0.0,1.0,9.777232916666666,1.1538192313974212,1.1873266080667908,25.0,12.0,120000.0,20000.0,4.0,1.0,0.563,0
335.0,110,1.0,1.013681592039801,0.0,8.0,80000.0,0.0,0.0,1.0,0.67,2,0.17689290642738342,1.0,-3.9519,1.1529234298986026,1.1864047921305065,0.0,8.0,80000.0,0.0,0.0,1.0,0.562,1
425.0,2311,1.164705882352941,1.1715686274509804,0.0,12.0,120000.0,0.0,0.0,0.0,0.575,2,0.11623838543891907,1.0,9.839816666666666,1.1511627906976745,1.1918604651162792,0.0,12.0,120000.0,0.0,0.0,0.0,0.563,0
423.0,1418,1.1583924349881796,1.1771079590228528,75.0,12.0,120000.0,20000.0,7.0,1.0,0.579,2,0.4671611189842224,1.0,9.769716666666666,1.148491879350348,1.1890951276102089,37.5,12.0,120000.0,20000.0,4.0,1.0,0.561,0
427.0,2312,1.1592505854800936,1.1807181889149103,0.0,12.0,120000.0,0.0,0.0,0.0,0.571,2,0.6007184386253357,1.0,9.881433333333334,1.148491879350348,1.1890951276102089,0.0,12.0,120000.0,0.0,0.0,0.0,0.562,0
431.0,2314,1.148491879350348,1.1890951276102089,0.0,12.0,120000.0,0.0,0.0,0.0,0.562,2,0.0,1.0,-4.952,1.148491879350348,1.1890951276102089,0.0,12.0,120000.0,0.0,0.0,0.0,0.56,1
411.0,555,1.1557177615571776,1.1633211678832116,62.5,25.0,400000.0,20000.0,6.0,1.0,0.592,0,0.0,1.0,9.6267998,1.1484652061793181,1.1890675114482838,50.0,25.0,400000.0,20000.0,5.0,1.0,0.56,0
425.0,968,1.164705882352941,1.1715686274509804,62.5,12.0,120000.0,20000.0,7.0,1.0,0.575,0,0.0,1.0,9.777332916666667,1.1484652061793181,1.1890675114482838,12.5,12.0,120000.0,20000.0,4.0,1.0,0.56,0
425.0,1419,1.164705882352941,1.1715686274509804,50.0,12.0,120000.0,20000.0,6.0,1.0,0.575,0,0.0,1.0,9.777082916666666,1.1484652061793181,1.1890675114482838,25.0,12.0,120000.0,20000.0,3.0,1.0,0.56,0
417.0,146,1.1510791366906474,1.1715627498001597,0.0,8.0,80000.0,0.0,0.0,1.0,0.587,1,1.0,1.0,-3.8484589583333335,1.1591693896006416,1.1881486243406576,0.0,8.0,80000.0,0.0,0.0,1.0,0.56,1
390.0,2306,1.153846153846154,1.1752136752136753,0.0,12.0,120000.0,0.0,0.0,0.0,0.611,3,0.6832647323608398,1.0,-3.952,1.1575413821044103,1.1864799166570206,0.0,12.0,120000.0,0.0,0.0,0.0,0.56,1
426.0,1854,1.1619718309859155,1.1688184663536776,0.0,12.0,120000.0,0.0,0.0,1.0,0.573,1,0.6007184386253357,1.0,9.79805,1.1574074074074074,1.1863425925925928,0.0,12.0,120000.0,0.0,0.0,1.0,0.561,0
432.0,1857,1.1574074074074074,1.1863425925925928,0.0,12.0,120000.0,0.0,0.0,1.0,0.561,2,0.0,1.0,-4.95195,1.1574074074074074,1.1863425925925928,0.0,12.0,120000.0,0.0,0.0,1.0,0.561,1
429.0,2313,1.153846153846154,1.1873543123543122,0.0,12.0,120000.0,0.0,0.0,0.0,0.567,2,0.14290384948253632,1.0,9.881333333333334,1.1547344110854503,1.1908198614318706,0.0,12.0,120000.0,0.0,0.0,0.0,0.56,0
433.0,972,1.1547344110854503,1.1908198614318706,25.0,12.0,120000.0,20000.0,4.0,1.0,0.56,1,0.0,1.0,-4.947299999999999,1.1547344110854503,1.1908198614318706,25.0,12.0,120000.0,20000.0,4.0,1.0,0.559,1
433.0,2315,1.1547344110854503,1.1908198614318706,0.0,12.0,120000.0,0.0,0.0,0.0,0.56,2,0.0,1.0,-4.95205,1.1547344110854503,1.1908198614318706,0.0,12.0,120000.0,0.0,0.0,0.0,0.559,1
425.0,959,1.164705882352941,1.1715686274509804,62.5,12.0,120000.0,20000.0,7.0,1.0,0.575,1,0.3307327628135681,1.0,9.715,1.1520737327188941,1.1880760368663594,25.0,12.0,120000.0,20000.0,4.0,1.0,0.56,0
414.0,556,1.1594202898550725,1.1624396135265702,75.0,25.0,400000.0,20000.0,7.0,1.0,0.589,0,0.0,1.0,9.6267498,1.1520471613085606,1.188048635099453,50.0,25.0,400000.0,20000.0,5.0,1.0,0.559,0
419.0,147,1.1694510739856803,1.1734287987271281,0.0,8.0,80000.0,0.0,0.0,1.0,0.583,1,0.39593005180358887,1.0,-3.9110089583333334,1.1511630319064865,1.187136876653564,0.0,8.0,80000.0,0.0,0.0,1.0,0.559,1
435.0,2316,1.1494252873563218,1.1901340996168583,0.0,12.0,120000.0,0.0,0.0,0.0,0.559,2,0.0,1.0,-4.95205,1.1494252873563218,1.1901340996168583,0.0,12.0,120000.0,0.0,0.0,0.0,0.559,1
429.0,970,1.153846153846154,1.1873543123543122,25.0,12.0,120000.0,20000.0,4.0,1.0,0.567,0,0.0,1.0,9.776982916666666,1.1493988379715676,1.1901067134830605,25.0,12.0,120000.0,20000.0,4.0,1.0,0.558,0
429.0,1421,1.153846153846154,1.1873543123543122,25.0,12.0,120000.0,20000.0,3.0,1.0,0.567,0,0.0,1.0,9.776982916666666,1.1493988379715676,1.1901067134830605,25.0,12.0,120000.0,20000.0,4.0,2.0,0.558,0
427.0,1420,1.1592505854800936,1.1807181889149103,50.0,12.0,120000.0,20000.0,5.0,1.0,0.571,2,0.6007184386253357,1.0,9.702950000000001,1.146788990825688,1.2017392966360856,25.0,12.0,120000.0,20000.0,4.0,2.0,0.559,0
343.0,114,1.0058309037900874,1.075072886297376,0.0,8.0,80000.0,0.0,0.0,1.0,0.655,2,0.17689290642738342,1.0,-3.95215,1.145886622631568,1.2007936899659972,0.0,8.0,80000.0,0.0,0.0,1.0,0.557,1
417.0,557,1.1510791366906474,1.1715627498001597,75.0,25.0,400000.0,20000.0,7.0,1.0,0.587,0,0.0,1.0,9.6265498,1.1441385518835139,1.198961857494599,50.0,25.0,400000.0,20000.0,5.0,1.0,0.555,0
423.0,2310,1.1583924349881796,1.1771079590228528,0.0,12.0,120000.0,0.0,0.0,0.0,0.579,2,0.4671611189842224,1.0,-3.57725,1.141552511415525,1.1962519025875191,0.0,12.0,120000.0,0.0,0.0,0.0,0.555,1
431.0,971,1.148491879350348,1.1890951276102089,25.0,12.0,120000.0,20000.0,4.0,1.0,0.562,2,0.14290384948253632,1.0,9.719316666666666,1.1389521640091116,1.1935269552012149,25.0,12.0,120000.0,20000.0,4.0,1.0,0.553,0
439.0,2318,1.1389521640091116,1.1935269552012149,0.0,12.0,120000.0,0.0,0.0,0.0,0.553,2,0.0,1.0,-4.952500000000001,1.1389521640091116,1.1935269552012149,0.0,12.0,120000.0,0.0,0.0,0.0,0.55,1
433.0,1423,1.1547344110854503,1.1908198614318706,12.5,12.0,120000.0,20000.0,3.0,2.0,0.56,0,0.0,1.0,9.776582916666666,1.138926194416387,1.1934997412321722,25.0,12.0,120000.0,20000.0,4.0,2.0,0.55,0
431.0,1422,1.148491879350348,1.1890951276102089,37.5,12.0,120000.0,20000.0,4.0,1.0,0.562,1,1.0,1.0,9.6893,1.1363636363636365,1.1908143939393938,25.0,12.0,120000.0,20000.0,4.0,2.0,0.551,0
420.0,558,1.1666666666666667,1.185515873015873,75.0,25.0,400000.0,20000.0,7.0,1.0,0.582,0,0.0,1.0,9.6265998,1.1363377846790348,1.1907873035282386,37.5,25.0,400000.0,20000.0,4.0,1.0,0.551,0
441.0,1860,1.1337868480725624,1.188114134542706,0.0,12.0,120000.0,0.0,0.0,1.0,0.551,2,0.0,1.0,-4.9526,1.1337868480725624,1.188114134542706,0.0,12.0,120000.0,0.0,0.0,1.0,0.548,1
435.0,973,1.1494252873563218,1.1901340996168583,25.0,12.0,120000.0,20000.0,4.0,1.0,0.559,1,0.1835763156414032,1.0,9.801182916666667,1.1337611134949068,1.1880871668498711,37.5,12.0,120000.0,20000.0,5.0,1.0,0.547,0
435.0,1424,1.1494252873563218,1.1901340996168583,25.0,12.0,120000.0,20000.0,4.0,2.0,0.559,0,0.0,1.0,9.776432916666666,1.1337611134949068,1.1880871668498711,25.0,12.0,120000.0,20000.0,5.0,2.0,0.547,0
402.0,1842,1.181592039800995,1.1686359867330016,0.0,12.0,120000.0,0.0,0.0,1.0,0.601,3,1.0,1.0,-3.9527,1.140083530872559,1.1828836964292433,0.0,12.0,120000.0,0.0,0.0,1.0,0.546,1
443.0,1861,1.1399548532731376,1.2039127163280663,0.0,12.0,120000.0,0.0,0.0,1.0,0.546,1,0.0,1.0,-4.95275,1.1399548532731376,1.2039127163280663,0.0,12.0,120000.0,0.0,0.0,1.0,0.545,1
443.0,2320,1.1399548532731376,1.2039127163280663,0.0,12.0,120000.0,0.0,0.0,0.0,0.546,2,0.0,1.0,-4.95275,1.1399548532731376,1.2039127163280663,0.0,12.0,120000.0,0.0,0.0,0.0,0.545,1
423.0,559,1.1583924349881796,1.1771079590228528,75.0,25.0,400000.0,20000.0,7.0,1.0,0.579,0,0.0,1.0,9.6265498,1.1399290955073453,1.2038855134070974,25.0,25.0,400000.0,20000.0,3.0,1.0,0.545,0
437.0,974,1.1441647597254003,1.198989321128909,25.0,12.0,120000.0,20000.0,4.0,1.0,0.557,1,0.0,1.0,9.801082916666667,1.1399290955073453,1.2038855134070974,37.5,12.0,120000.0,20000.0,5.0,1.0,0.545,0
437.0,1425,1.1441647597254003,1.198989321128909,25.0,12.0,120000.0,20000.0,4.0,2.0,0.557,1,0.1835763156414032,1.0,9.801082916666667,1.1399290955073453,1.2038855134070974,37.5,12.0,120000.0,20000.0,5.0,2.0,0.545,0
402.0,1399,1.181592039800995,1.1686359867330016,37.5,12.0,120000.0,20000.0,4.0,0.0,0.601,3,1.0,1.0,-3.93525,1.1487780155422909,1.2013364868416114,37.5,12.0,120000.0,20000.0,5.0,2.0,0.545,1
428.0,1855,1.1565420560747663,1.190128504672897,0.0,12.0,120000.0,0.0,0.0,1.0,0.567,2,0.6007184386253357,1.0,-3.6610833333333335,1.146067415730337,1.1985018726591758,0.0,12.0,120000.0,0.0,0.0,1.0,0.545,1
430.0,1856,1.1511627906976745,1.1918604651162792,0.0,12.0,120000.0,0.0,0.0,1.0,0.563,2,0.14290384948253632,1.0,-3.57775,1.146067415730337,1.1985018726591758,0.0,12.0,120000.0,0.0,0.0,1.0,0.545,1
445.0,154,1.146067415730337,1.1985018726591758,0.0,8.0,80000.0,0.0,0.0,1.0,0.545,2,0.0,1.0,-4.95275,1.146067415730337,1.1985018726591758,0.0,8.0,80000.0,0.0,0.0,1.0,0.545,1
445.0,2321,1.146067415730337,1.1985018726591758,0.0,12.0,120000.0,0.0,0.0,0.0,0.545,2,0.0,1.0,-4.9528,1.146067415730337,1.1985018726591758,0.0,12.0,120000.0,0.0,0.0,0.0,0.544,1
439.0,975,1.1389521640091116,1.1935269552012149,25.0,12.0,120000.0,20000.0,4.0,1.0,0.553,0,0.0,1.0,9.775982916666667,1.146041636231958,1.1984749137066226,37.5,12.0,120000.0,20000.0,5.0,1.0,0.543,0
436.0,1859,1.146788990825688,1.2017392966360856,0.0,12.0,120000.0,0.0,0.0,1.0,0.559,2,0.1835763156414032,1.0,9.588816666666666,1.1409395973154361,1.2047912005965697,0.0,12.0,120000.0,0.0,0.0,1.0,0.543,0
447.0,1863,1.1409395973154361,1.2047912005965697,0.0,12.0,120000.0,0.0,0.0,1.0,0.543,2,0.0,1.0,-4.9529000000000005,1.1409395973154361,1.2047912005965697,0.0,12.0,120000.0,0.0,0.0,1.0,0.542,1
441.0,1427,1.1337868480725624,1.188114134542706,25.0,12.0,120000.0,20000.0,5.0,2.0,0.551,0,0.0,1.0,9.775632916666666,1.1409140479874265,1.2047642214246315,50.0,12.0,120000.0,20000.0,6.0,2.0,0.541,0
355.0,120,1.056338028169014,1.1179577464788732,0.0,8.0,80000.0,0.0,0.0,1.0,0.638,2,0.8496997952461243,1.0,-3.95295,1.1400639075118162,1.2038665036429923,0.0,8.0,80000.0,0.0,0.0,1.0,0.541,1
439.0,1426,1.1389521640091116,1.1935269552012149,37.5,12.0,120000.0,20000.0,5.0,2.0,0.553,1,0.048869576305150986,1.0,9.68885,1.138392857142857,1.2021019345238098,50.0,12.0,120000.0,20000.0,6.0,2.0,0.542,0
445.0,1862,1.146067415730337,1.1985018726591758,0.0,12.0,120000.0,0.0,0.0,1.0,0.545,1,1.0,1.0,9.880333333333333,1.135857461024499,1.1994246473645138,0.0,12.0,120000.0,0.0,0.0,1.0,0.54,0
434.0,1858,1.1520737327188941,1.1880760368663594,0.0,12.0,120000.0,0.0,0.0,1.0,0.56,2,1.0,1.0,-3.578,1.135857461024499,1.1994246473645138,0.0,12.0,120000.0,0.0,0.0,1.0,0.54,1
449.0,156,1.135857461024499,1.1994246473645138,0.0,8.0,80000.0,0.0,0.0,1.0,0.54,3,0.0,1.0,-4.953,1.135857461024499,1.1994246473645138,0.0,8.0,80000.0,0.0,0.0,1.0,0.54,1
449.0,1864,1.135857461024499,1.1994246473645138,0.0,12.0,120000.0,0.0,0.0,1.0,0.54,3,0.0,1.0,-4.953050000000001,1.135857461024499,1.1994246473645138,0.0,12.0,120000.0,0.0,0.0,1.0,0.539,1
443.0,977,1.1399548532731376,1.2039127163280663,37.5,12.0,120000.0,20000.0,5.0,1.0,0.546,0,0.0,1.0,9.775982916666665,1.1358321387979746,1.1993979080035801,25.0,12.0,120000.0,20000.0,4.0,1.0,0.538,0
443.0,1428,1.1399548532731376,1.2039127163280663,37.5,12.0,120000.0,20000.0,5.0,2.0,0.546,0,0.0,1.0,9.775732916666666,1.1358321387979746,1.1993979080035801,37.5,12.0,120000.0,20000.0,5.0,2.0,0.538,0
441.0,976,1.1337868480725624,1.188114134542706,50.0,12.0,120000.0,20000.0,6.0,1.0,0.551,1,1.0,1.0,9.7012,1.1333333333333333,1.1967592592592593,25.0,12.0,120000.0,20000.0,4.0,1.0,0.539,0
445.0,978,1.146067415730337,1.1985018726591758,37.5,12.0,120000.0,20000.0,5.0,1.0,0.545,1,1.0,1.0,9.813282916666665,1.130795300973475,1.194079188323706,25.0,12.0,120000.0,20000.0,4.0,1.0,0.534,0
445.0,1429,1.146067415730337,1.1985018726591758,37.5,12.0,120000.0,20000.0,5.0,2.0,0.545,1,1.0,1.0,9.813032916666666,1.130795300973475,1.194079188323706,37.5,12.0,120000.0,20000.0,5.0,2.0,0.534,0
432.0,562,1.1574074074074074,1.1863425925925928,50.0,25.0,400000.0,20000.0,5.0,1.0,0.561,1,0.0,1.0,9.6754998,1.1282935968608305,1.1914374787112936,50.0,25.0,400000.0,20000.0,5.0,1.0,0.534,0
453.0,1433,1.1258278145695364,1.1888337012509198,37.5,12.0,120000.0,20000.0,5.0,2.0,0.534,1,0.0,1.0,-4.936400000000001,1.1258278145695364,1.1888337012509198,37.5,12.0,120000.0,20000.0,5.0,2.0,0.532,1
447.0,979,1.1409395973154361,1.2047912005965697,25.0,12.0,120000.0,20000.0,4.0,1.0,0.543,0,0.0,1.0,9.775582916666666,1.1258029375553975,1.188807432018261,25.0,12.0,120000.0,20000.0,5.0,1.0,0.53,0
447.0,1430,1.1409395973154361,1.2047912005965697,50.0,12.0,120000.0,20000.0,6.0,2.0,0.543,0,0.0,1.0,9.775582916666666,1.1258029375553975,1.188807432018261,25.0,12.0,120000.0,20000.0,4.0,2.0,0.53,0
412.0,1847,1.1529126213592233,1.160497572815534,0.0,12.0,120000.0,0.0,0.0,1.0,0.591,3,0.371779203414917,1.0,-3.9535,1.1344861768917283,1.1863457796379926,0.0,12.0,120000.0,0.0,0.0,1.0,0.53,1
455.0,1867,1.1318681318681318,1.1836080586080586,0.0,12.0,120000.0,0.0,0.0,1.0,0.529,1,0.0,1.0,-4.953900000000001,1.1318681318681318,1.1836080586080586,0.0,12.0,120000.0,0.0,0.0,1.0,0.527,1
435.0,563,1.1494252873563218,1.1901340996168583,50.0,25.0,400000.0,20000.0,5.0,1.0,0.559,1,0.1835763156414032,1.0,9.675349800000001,1.1318432313170428,1.1835820198036229,37.5,25.0,400000.0,20000.0,4.0,1.0,0.526,0
449.0,1431,1.135857461024499,1.1994246473645138,37.5,12.0,120000.0,20000.0,5.0,2.0,0.54,0,0.0,1.0,9.775382916666667,1.1318432313170428,1.1835820198036229,25.0,12.0,120000.0,20000.0,4.0,2.0,0.526,0
453.0,1866,1.1258278145695364,1.1888337012509198,0.0,12.0,120000.0,0.0,0.0,1.0,0.534,1,0.5680124163627625,1.0,9.879633333333334,1.12691466083151,1.1852662290299052,0.0,12.0,120000.0,0.0,0.0,1.0,0.526,0
457.0,1868,1.12691466083151,1.1852662290299052,0.0,12.0,120000.0,0.0,0.0,1.0,0.526,2,0.0,1.0,-4.95375,1.12691466083151,1.1852662290299052,0.0,12.0,120000.0,0.0,0.0,1.0,0.525,1
451.0,981,1.130820399113082,1.1941056910569106,25.0,12.0,120000.0,20000.0,4.0,1.0,0.538,0,0.0,1.0,9.775282916666665,1.126889977749065,1.185240267859049,25.0,12.0,120000.0,20000.0,5.0,1.0,0.524,0
451.0,1432,1.130820399113082,1.1941056910569106,37.5,12.0,120000.0,20000.0,5.0,2.0,0.538,0,0.0,1.0,9.775532916666666,1.126889977749065,1.185240267859049,12.5,12.0,120000.0,20000.0,3.0,2.0,0.524,0
455.0,2326,1.1318681318681318,1.1836080586080586,0.0,12.0,120000.0,0.0,0.0,0.0,0.529,2,0.8229637145996094,1.0,9.879533333333333,1.1220043572984748,1.180101670297749,0.0,12.0,120000.0,0.0,0.0,0.0,0.524,0
459.0,2328,1.1220043572984748,1.180101670297749,0.0,12.0,120000.0,0.0,0.0,0.0,0.524,3,0.0,1.0,-4.953900000000001,1.1220043572984748,1.180101670297749,0.0,12.0,120000.0,0.0,0.0,0.0,0.522,1
453.0,982,1.1258278145695364,1.1888337012509198,25.0,12.0,120000.0,20000.0,4.0,1.0,0.534,0,0.0,1.0,9.775432916666666,1.1219798888481756,1.1800759348726766,12.5,12.0,120000.0,20000.0,4.0,1.0,0.522,0
460.0,1885,1.1195652173913044,1.1775362318840579,0.0,12.0,120000.0,0.0,0.0,1.0,0.522,2,0.0,1.0,-4.953900000000001,1.1195652173913044,1.1775362318840579,0.0,12.0,120000.0,0.0,0.0,1.0,0.522,1
455.0,1434,1.1318681318681318,1.1836080586080586,25.0,12.0,120000.0,20000.0,4.0,2.0,0.529,0,0.0,1.0,9.775482916666666,1.1171124028304722,1.1749564107440242,0.0,12.0,120000.0,20000.0,2.0,2.0,0.518,0
422.0,1852,1.161137440758294,1.1798973143759874,0.0,12.0,120000.0,0.0,0.0,1.0,0.581,3,0.4671611189842224,1.0,-3.9542,1.1232314504806133,1.1700327609173058,0.0,12.0,120000.0,0.0,0.0,1.0,0.516,1
459.0,1869,1.1220043572984748,1.180101670297749,0.0,12.0,120000.0,0.0,0.0,1.0,0.524,1,1.0,1.0,9.879183333333334,1.123110151187905,1.169906407487401,0.0,12.0,120000.0,0.0,0.0,1.0,0.517,0
463.0,1871,1.123110151187905,1.169906407487401,0.0,12.0,120000.0,0.0,0.0,1.0,0.517,1,0.0,1.0,-4.95425,1.123110151187905,1.169906407487401,0.0,12.0,120000.0,0.0,0.0,1.0,0.515,1
463.0,2330,1.123110151187905,1.169906407487401,0.0,12.0,120000.0,0.0,0.0,0.0,0.517,3,0.0,1.0,-4.95425,1.123110151187905,1.169906407487401,0.0,12.0,120000.0,0.0,0.0,0.0,0.515,1
457.0,984,1.12691466083151,1.1852662290299052,25.0,12.0,120000.0,20000.0,5.0,1.0,0.526,0,0.0,1.0,9.775332916666667,1.1230858702169313,1.1698811148093033,0.0,12.0,120000.0,20000.0,3.0,1.0,0.515,0
444.0,566,1.1486486486486487,1.2012012012012012,25.0,25.0,400000.0,20000.0,3.0,1.0,0.545,0,0.0,1.0,9.6244998,1.1206654787468917,1.1740946421967635,50.0,25.0,400000.0,20000.0,5.0,1.0,0.514,0
465.0,1872,1.118279569892473,1.171594982078853,0.0,12.0,120000.0,0.0,0.0,1.0,0.514,1,0.0,1.0,-4.95435,1.118279569892473,1.171594982078853,0.0,12.0,120000.0,0.0,0.0,1.0,0.513,1
465.0,2331,1.118279569892473,1.171594982078853,0.0,12.0,120000.0,0.0,0.0,0.0,0.514,3,0.0,1.0,-4.95435,1.118279569892473,1.171594982078853,0.0,12.0,120000.0,0.0,0.0,0.0,0.513,1
445.0,578,1.146067415730337,1.1985018726591758,37.5,25.0,400000.0,20000.0,4.0,1.0,0.545,1,0.0,1.0,9.6621998,1.1182554973386487,1.1715697618351626,37.5,25.0,400000.0,20000.0,4.0,1.0,0.513,0
441.0,2319,1.1337868480725624,1.188114134542706,0.0,12.0,120000.0,0.0,0.0,0.0,0.551,2,1.0,1.0,-3.95435,1.1158798283261802,1.1690808297567954,0.0,12.0,120000.0,0.0,0.0,0.0,0.513,1
466.0,1888,1.1158798283261802,1.1690808297567954,0.0,12.0,120000.0,0.0,0.0,1.0,0.513,1,0.0,1.0,-4.954400000000001,1.1158798283261802,1.1690808297567954,0.0,12.0,120000.0,0.0,0.0,1.0,0.512,1
467.0,2332,1.113490364025696,1.1732690935046395,0.0,12.0,120000.0,0.0,0.0,0.0,0.512,3,0.0,1.0,-4.95455,1.113490364025696,1.1732690935046395,0.0,12.0,120000.0,0.0,0.0,0.0,0.509,1
447.0,567,1.1409395973154361,1.2047912005965697,50.0,25.0,400000.0,20000.0,5.0,1.0,0.543,0,0.0,1.0,9.624749799999998,1.1134664972170512,1.1732439453849537,25.0,25.0,400000.0,20000.0,3.0,1.0,0.509,0
468.0,1889,1.1111111111111112,1.1707621082621082,0.0,12.0,120000.0,0.0,0.0,1.0,0.509,1,0.0,1.0,-4.95455,1.1111111111111112,1.1707621082621082,0.0,12.0,120000.0,0.0,0.0,1.0,0.509,1
463.0,1436,1.123110151187905,1.169906407487401,0.0,12.0,120000.0,20000.0,2.0,2.0,0.517,0,0.0,1.0,9.7752,1.1087420042643923,1.1749289267945984,12.5,12.0,120000.0,20000.0,4.0,2.0,0.509,0
461.0,1435,1.1171366594360088,1.1749819233550254,12.5,12.0,120000.0,20000.0,3.0,2.0,0.522,2,1.0,1.0,9.67025,1.1063829787234043,1.1724290780141844,25.0,12.0,120000.0,20000.0,4.0,2.0,0.505,0
471.0,1875,1.1040339702760085,1.174363057324841,0.0,12.0,120000.0,0.0,0.0,1.0,0.504,3,0.0,1.0,-4.9549,1.1040339702760085,1.174363057324841,0.0,12.0,120000.0,0.0,0.0,1.0,0.502,1
447.0,2322,1.1409395973154361,1.2047912005965697,0.0,12.0,120000.0,0.0,0.0,0.0,0.543,2,1.0,1.0,-3.955,1.104010507122768,1.1743380995236172,0.0,12.0,120000.0,0.0,0.0,0.0,0.5,1
465.0,1437,1.118279569892473,1.171594982078853,12.5,12.0,120000.0,20000.0,3.0,2.0,0.514,0,0.0,1.0,9.774082916666666,1.104010507122768,1.1743380995236172,25.0,12.0,120000.0,20000.0,4.0,2.0,0.5,0
467.0,1873,1.113490364025696,1.1732690935046395,0.0,12.0,120000.0,0.0,0.0,1.0,0.512,1,0.6205102205276489,1.0,9.836466666666666,1.1016949152542372,1.1784957627118642,0.0,12.0,120000.0,0.0,0.0,1.0,0.501,0
379.0,127,1.1609498680738786,1.162598944591029,0.0,8.0,80000.0,0.0,0.0,1.0,0.622,2,1.0,1.0,-3.95505,1.1008941003176904,1.1776391217340678,0.0,8.0,80000.0,0.0,0.0,1.0,0.499,1
473.0,1876,1.0993657505285412,1.1760042283298096,0.0,12.0,120000.0,0.0,0.0,1.0,0.499,1,0.0,1.0,-4.955400000000001,1.0993657505285412,1.1760042283298096,0.0,12.0,120000.0,0.0,0.0,1.0,0.497,1
470.0,1890,1.1063829787234043,1.1724290780141844,0.0,12.0,120000.0,0.0,0.0,1.0,0.505,1,0.24224433302879333,1.0,9.878183333333334,1.0970464135021099,1.1735232067510548,0.0,12.0,120000.0,0.0,0.0,1.0,0.497,0
461.0,2329,1.1171366594360088,1.1749819233550254,0.0,12.0,120000.0,0.0,0.0,0.0,0.522,2,1.0,1.0,-3.497333750000001,1.0970232464078131,1.1734984246429732,0.0,12.0,120000.0,0.0,0.0,0.0,0.495,1
475.0,1877,1.094736842105263,1.1710526315789473,0.0,12.0,120000.0,0.0,0.0,1.0,0.495,1,0.0,1.0,-4.9556000000000004,1.094736842105263,1.1710526315789473,0.0,12.0,120000.0,0.0,0.0,1.0,0.493,1
469.0,1439,1.1087420042643923,1.1749289267945984,12.5,12.0,120000.0,20000.0,3.0,2.0,0.509,0,0.0,1.0,9.773482916666666,1.0947137724529215,1.1710279537056492,37.5,12.0,120000.0,20000.0,5.0,2.0,0.493,0
467.0,1438,1.113490364025696,1.1732690935046395,25.0,12.0,120000.0,20000.0,4.0,2.0,0.512,1,1.0,1.0,9.6747,1.0924369747899159,1.16859243697479,37.5,12.0,120000.0,20000.0,5.0,2.0,0.494,0
476.0,2335,1.0924369747899159,1.16859243697479,0.0,12.0,120000.0,0.0,0.0,0.0,0.494,3,0.0,1.0,-4.955350000000001,1.0924369747899159,1.16859243697479,0.0,12.0,120000.0,0.0,0.0,0.0,0.493,1
477.0,1878,1.090146750524109,1.1661425576519917,0.0,12.0,120000.0,0.0,0.0,1.0,0.493,3,0.0,1.0,-4.955450000000001,1.090146750524109,1.1661425576519917,0.0,12.0,120000.0,0.0,0.0,1.0,0.491,1
457.0,582,1.12691466083151,1.1852662290299052,37.5,25.0,400000.0,20000.0,4.0,1.0,0.526,0,0.0,1.0,9.6232998,1.0901238739203816,1.1661180862850236,50.0,25.0,400000.0,20000.0,5.0,1.0,0.49,0
471.0,1440,1.1040339702760085,1.174363057324841,25.0,12.0,120000.0,20000.0,4.0,2.0,0.504,0,0.0,1.0,9.773332916666666,1.0901238739203816,1.1661180862850236,37.5,12.0,120000.0,20000.0,5.0,2.0,0.49,0
437.0,2317,1.1441647597254003,1.198989321128909,0.0,12.0,120000.0,0.0,0.0,0.0,0.557,3,0.5467013120651245,1.0,-3.9555,1.0984412595459776,1.1638246678522859,0.0,12.0,120000.0,0.0,0.0,0.0,0.49,1
474.0,1892,1.0970464135021099,1.1735232067510548,0.0,12.0,120000.0,0.0,0.0,1.0,0.497,1,0.3738442063331604,1.0,9.877633333333334,1.0983263598326358,1.163702928870293,0.0,12.0,120000.0,0.0,0.0,1.0,0.491,0
478.0,1894,1.0983263598326358,1.163702928870293,0.0,12.0,120000.0,0.0,0.0,1.0,0.491,2,0.0,1.0,-4.955450000000001,1.0983263598326358,1.163702928870293,0.0,12.0,120000.0,0.0,0.0,1.0,0.491,1
167.0,474,0.718562874251497,0.5800898203592815,25.0,25.0,400000.0,20000.0,3.0,1.0,0.884,1,1.0,1.0,-3.952,1.0960334029227559,1.174321503131524,62.5,25.0,400000.0,20000.0,6.0,1.0,0.49,1
473.0,1441,1.0993657505285412,1.1760042283298096,25.0,12.0,120000.0,20000.0,4.0,2.0,0.499,0,0.0,1.0,9.773382916666666,1.0960104988202648,1.1742969630217122,25.0,12.0,120000.0,20000.0,4.0,2.0,0.486,0
480.0,591,1.09375,1.1762152777777777,62.5,25.0,400000.0,20000.0,6.0,1.0,0.485,2,0.0,1.0,-4.91325,1.09375,1.1762152777777777,62.5,25.0,400000.0,20000.0,6.0,1.0,0.485,1
460.0,583,1.1195652173913044,1.1775362318840579,50.0,25.0,400000.0,20000.0,5.0,1.0,0.522,0,0.0,1.0,9.6229498,1.0937271912308664,1.17619074929986,50.0,25.0,400000.0,20000.0,5.0,1.0,0.483,0
467.0,165,1.113490364025696,1.1732690935046395,0.0,8.0,80000.0,0.0,0.0,1.0,0.512,1,1.0,1.0,-3.7898089583333334,1.092968201363576,1.175374534006068,0.0,8.0,80000.0,0.0,0.0,1.0,0.483,1
476.0,1893,1.0924369747899159,1.16859243697479,0.0,12.0,120000.0,0.0,0.0,1.0,0.494,1,0.08966201543807983,1.0,9.835616666666667,1.0914760914760915,1.1802668052668053,0.0,12.0,120000.0,0.0,0.0,1.0,0.484,0
457.0,2327,1.12691466083151,1.1852662290299052,0.0,12.0,120000.0,0.0,0.0,0.0,0.526,2,0.8229637145996094,1.0,-3.9558,1.0914760914760915,1.1802668052668053,0.0,12.0,120000.0,0.0,0.0,0.0,0.484,1
481.0,1880,1.0914760914760915,1.1802668052668053,0.0,12.0,120000.0,0.0,0.0,1.0,0.484,1,0.0,1.0,-4.956150000000001,1.0914760914760915,1.1802668052668053,0.0,12.0,120000.0,0.0,0.0,1.0,0.482,1
475.0,1442,1.094736842105263,1.1710526315789473,37.5,12.0,120000.0,20000.0,5.0,2.0,0.495,0,0.0,1.0,9.773132916666667,1.0914533774463446,1.1802422434687654,25.0,12.0,120000.0,20000.0,4.0,2.0,0.481,0
383.0,129,1.1488250652741514,1.1749347258485638,0.0,8.0,80000.0,0.0,0.0,1.0,0.618,2,1.0,1.0,-3.95595,1.0906975390255562,1.1794249181923175,0.0,8.0,80000.0,0.0,0.0,1.0,0.481,1
472.0,1891,1.1016949152542372,1.1784957627118642,0.0,12.0,120000.0,0.0,0.0,1.0,0.501,2,0.3738442063331604,1.0,9.627433333333334,1.0892116182572613,1.1778181189488244,0.0,12.0,120000.0,0.0,0.0,1.0,0.482,0
482.0,2338,1.0892116182572613,1.1778181189488244,0.0,12.0,120000.0,0.0,0.0,0.0,0.482,3,0.0,1.0,-4.9559500000000005,1.0892116182572613,1.1778181189488244,0.0,12.0,120000.0,0.0,0.0,0.0,0.481,1
170.0,475,0.7058823529411765,0.625,25.0,25.0,400000.0,20000.0,3.0,1.0,0.882,1,1.0,1.0,-3.9525,1.0891889983778553,1.1777936589601807,50.0,25.0,400000.0,20000.0,5.0,1.0,0.48,1
469.0,175,1.1087420042643923,1.1749289267945984,0.0,8.0,80000.0,0.0,0.0,1.0,0.509,1,0.6205102205276489,1.0,-3.7902089583333334,1.0884362918162798,1.1769797203172072,0.0,8.0,80000.0,0.0,0.0,1.0,0.48,1
461.0,1870,1.1171366594360088,1.1749819233550254,0.0,12.0,120000.0,0.0,0.0,1.0,0.522,2,1.0,1.0,-3.8726666666666665,1.0869565217391304,1.188319530710835,0.0,12.0,120000.0,0.0,0.0,1.0,0.48,1
477.0,1443,1.090146750524109,1.1661425576519917,37.5,12.0,120000.0,20000.0,5.0,2.0,0.493,0,0.0,1.0,9.772932916666665,1.0869339954258919,1.1882949037294968,25.0,12.0,120000.0,20000.0,4.0,2.0,0.477,0
469.0,166,1.1087420042643923,1.1749289267945984,0.0,8.0,80000.0,0.0,0.0,1.0,0.509,1,0.6205102205276489,1.0,-3.8528589583333335,1.086184401298227,1.1874754069748472,0.0,8.0,80000.0,0.0,0.0,1.0,0.477,1
479.0,1879,1.0960334029227559,1.174321503131524,0.0,12.0,120000.0,0.0,0.0,1.0,0.49,1,0.8387850522994995,1.0,9.835316666666666,1.084710743801653,1.1858643250688705,0.0,12.0,120000.0,0.0,0.0,1.0,0.478,0
484.0,2339,1.084710743801653,1.1858643250688705,0.0,12.0,120000.0,0.0,0.0,0.0,0.478,2,0.0,1.0,-4.956150000000001,1.084710743801653,1.1858643250688705,0.0,12.0,120000.0,0.0,0.0,0.0,0.477,1
471.0,167,1.1040339702760085,1.174363057324841,0.0,8.0,80000.0,0.0,0.0,1.0,0.504,1,0.24224433302879333,1.0,-3.7903589583333335,1.08394180951649,1.1850236846102897,0.0,8.0,80000.0,0.0,0.0,1.0,0.477,1
485.0,1882,1.0824742268041236,1.1834192439862543,0.0,12.0,120000.0,0.0,0.0,1.0,0.477,3,0.0,1.0,-4.956250000000001,1.0824742268041236,1.1834192439862543,0.0,12.0,120000.0,0.0,0.0,1.0,0.475,1
462.0,1886,1.1147186147186148,1.1724386724386724,0.0,12.0,120000.0,0.0,0.0,1.0,0.518,2,1.0,1.0,-3.9150504166666678,1.0824518858899428,1.1833948196931714,0.0,12.0,120000.0,0.0,0.0,1.0,0.474,1
471.0,176,1.1040339702760085,1.174363057324841,0.0,8.0,80000.0,0.0,0.0,1.0,0.504,1,0.24224433302879333,1.0,-3.8528089583333336,1.0817084589938024,1.1825820652888595,0.0,8.0,80000.0,0.0,0.0,1.0,0.473,1
482.0,1896,1.0892116182572613,1.1778181189488244,0.0,12.0,120000.0,0.0,0.0,1.0,0.482,1,0.10503111034631729,1.0,9.876533333333333,1.0802469135802468,1.1809842249657063,0.0,12.0,120000.0,0.0,0.0,1.0,0.474,0
479.0,1444,1.0960334029227559,1.174321503131524,37.5,12.0,120000.0,20000.0,5.0,2.0,0.49,2,0.08966201543807983,1.0,9.727766666666666,1.0780287474332648,1.1785592060232717,37.5,12.0,120000.0,20000.0,5.0,2.0,0.472,0
483.0,1881,1.0869565217391304,1.188319530710835,0.0,12.0,120000.0,0.0,0.0,1.0,0.48,1,1.0,1.0,9.876733333333334,1.0780287474332648,1.1785592060232717,0.0,12.0,120000.0,0.0,0.0,1.0,0.473,0
481.0,985,1.0914760914760915,1.1802668052668053,0.0,12.0,120000.0,20000.0,3.0,1.0,0.484,0,0.0,1.0,9.77315,1.0780287474332648,1.1785592060232717,25.0,12.0,120000.0,20000.0,5.0,1.0,0.473,0
481.0,1445,1.0914760914760915,1.1802668052668053,25.0,12.0,120000.0,20000.0,4.0,2.0,0.484,0,0.0,1.0,9.772532916666666,1.0780065896386812,1.178534981926415,25.0,12.0,120000.0,20000.0,4.0,2.0,0.469,0
484.0,1897,1.084710743801653,1.1858643250688705,0.0,12.0,120000.0,0.0,0.0,1.0,0.478,1,1.0,1.0,9.876783333333334,1.0758196721311475,1.17614412568306,0.0,12.0,120000.0,0.0,0.0,1.0,0.469,0
475.0,178,1.094736842105263,1.1710526315789473,0.0,8.0,80000.0,0.0,0.0,1.0,0.495,1,0.08966201543807983,1.0,-3.790858958333333,1.0750632872692718,1.1753172049312872,0.0,8.0,80000.0,0.0,0.0,1.0,0.467,1
469.0,586,1.1087420042643923,1.1749289267945984,25.0,25.0,400000.0,20000.0,3.0,1.0,0.509,0,0.0,1.0,9.621449799999999,1.0735976549846087,1.1801053588521293,75.0,25.0,400000.0,20000.0,7.0,1.0,0.463,0
483.0,986,1.0869565217391304,1.188319530710835,12.5,12.0,120000.0,20000.0,4.0,1.0,0.48,0,0.0,1.0,9.772482916666666,1.0735976549846087,1.1801053588521293,12.5,12.0,120000.0,20000.0,5.0,1.0,0.463,0
483.0,1446,1.0869565217391304,1.188319530710835,25.0,12.0,120000.0,20000.0,4.0,2.0,0.48,0,0.0,1.0,9.772482916666666,1.0735976549846087,1.1801053588521293,12.5,12.0,120000.0,20000.0,4.0,2.0,0.463,0
475.0,169,1.094736842105263,1.1710526315789473,0.0,8.0,80000.0,0.0,0.0,1.0,0.495,1,0.08966201543807983,1.0,-3.8533089583333338,1.0830841110246225,1.1793014888121873,0.0,8.0,80000.0,0.0,0.0,1.0,0.463,1
449.0,2323,1.135857461024499,1.1994246473645138,0.0,12.0,120000.0,0.0,0.0,0.0,0.54,3,1.0,1.0,-3.95685,1.081743035003572,1.177841276320713,0.0,12.0,120000.0,0.0,0.0,0.0,0.463,1
490.0,2342,1.0816326530612244,1.1840986394557822,0.0,12.0,120000.0,0.0,0.0,0.0,0.463,2,0.0,1.0,-4.956900000000001,1.0816326530612244,1.1840986394557822,0.0,12.0,120000.0,0.0,0.0,0.0,0.462,1
449.0,980,1.135857461024499,1.1994246473645138,37.5,12.0,120000.0,20000.0,5.0,1.0,0.54,3,1.0,1.0,-3.93945,1.089724004481108,1.1818073802491766,12.5,12.0,120000.0,20000.0,5.0,1.0,0.461,1
486.0,1898,1.0802469135802468,1.1809842249657063,0.0,12.0,120000.0,0.0,0.0,1.0,0.474,1,0.5941700339317322,1.0,9.834516666666666,1.0896130346232178,1.188051595383571,0.0,12.0,120000.0,0.0,0.0,1.0,0.462,0
478.0,2336,1.0983263598326358,1.163702928870293,0.0,12.0,120000.0,0.0,0.0,0.0,0.491,2,0.08966201543807983,1.0,-3.4985666666666666,1.0896130346232178,1.188051595383571,0.0,12.0,120000.0,0.0,0.0,0.0,0.462,1
191.0,482,0.7068062827225131,0.7471640488656195,62.5,25.0,400000.0,20000.0,6.0,1.0,0.863,1,0.2194954752922058,1.0,-3.916,1.089590821172872,1.1880273751106079,75.0,25.0,400000.0,20000.0,7.0,1.0,0.46,1
485.0,987,1.0824742268041236,1.1834192439862543,25.0,12.0,120000.0,20000.0,5.0,1.0,0.477,0,0.0,1.0,9.772332916666667,1.089590821172872,1.1880273751106079,12.5,12.0,120000.0,20000.0,4.0,1.0,0.46,0
485.0,1447,1.0824742268041236,1.1834192439862543,25.0,12.0,120000.0,20000.0,4.0,2.0,0.477,0,0.0,1.0,9.772082916666665,1.089590821172872,1.1880273751106079,25.0,12.0,120000.0,20000.0,4.0,2.0,0.46,0
451.0,1865,1.130820399113082,1.1941056910569106,0.0,12.0,120000.0,0.0,0.0,1.0,0.538,3,0.5680124163627625,1.0,-3.957,1.097672527695904,1.1857573601653284,0.0,12.0,120000.0,0.0,0.0,1.0,0.46,1
194.0,483,0.7474226804123711,0.7517182130584191,62.5,25.0,400000.0,20000.0,6.0,1.0,0.859,1,1.0,1.0,-3.9161,1.0975386456060112,1.1919642312426393,87.5,25.0,400000.0,20000.0,8.0,1.0,0.458,1
451.0,2324,1.130820399113082,1.1941056910569106,0.0,12.0,120000.0,0.0,0.0,0.0,0.538,3,0.5680124163627625,1.0,-3.95715,1.1055888021097475,1.1896913141968422,0.0,12.0,120000.0,0.0,0.0,0.0,0.457,1
489.0,1884,1.0736196319018405,1.1801295160190866,0.0,12.0,120000.0,0.0,0.0,1.0,0.467,1,0.45969638228416443,1.0,9.875983333333334,1.105476673427992,1.1895706558485462,0.0,12.0,120000.0,0.0,0.0,1.0,0.458,0
493.0,1451,1.105476673427992,1.1895706558485462,25.0,12.0,120000.0,20000.0,4.0,2.0,0.458,1,0.0,1.0,-4.952449999999999,1.105476673427992,1.1895706558485462,25.0,12.0,120000.0,20000.0,4.0,2.0,0.456,1
480.0,2337,1.09375,1.1762152777777777,0.0,12.0,120000.0,0.0,0.0,0.0,0.485,2,0.17979229986667633,1.0,-3.499283750000001,1.1054542279983322,1.1895465029875019,0.0,12.0,120000.0,0.0,0.0,0.0,0.456,1
487.0,988,1.0780287474332648,1.1785592060232717,25.0,12.0,120000.0,20000.0,5.0,1.0,0.473,2,0.20311683416366577,1.0,9.756133333333334,1.1032388663967612,1.187162618083671,12.5,12.0,120000.0,20000.0,5.0,1.0,0.456,0
494.0,2344,1.1032388663967612,1.187162618083671,0.0,12.0,120000.0,0.0,0.0,0.0,0.456,3,0.0,1.0,-4.95725,1.1032388663967612,1.187162618083671,0.0,12.0,120000.0,0.0,0.0,0.0,0.455,1
481.0,181,1.0914760914760915,1.1802668052668053,0.0,8.0,80000.0,0.0,0.0,1.0,0.484,1,0.10503111034631729,1.0,-3.7915589583333333,1.1125870458604268,1.1863380810973867,0.0,8.0,80000.0,0.0,0.0,1.0,0.453,1
453.0,2325,1.1258278145695364,1.1888337012509198,0.0,12.0,120000.0,0.0,0.0,0.0,0.534,3,0.45349228382110596,1.0,-3.95735,1.1112233558945348,1.1848839950163315,0.0,12.0,120000.0,0.0,0.0,0.0,0.453,1
490.0,1900,1.0816326530612244,1.1840986394557822,0.0,12.0,120000.0,0.0,0.0,1.0,0.463,1,0.45969638228416443,1.0,9.834116666666667,1.1111111111111112,1.18476430976431,0.0,12.0,120000.0,0.0,0.0,1.0,0.454,0
475.0,588,1.094736842105263,1.1710526315789473,37.5,25.0,400000.0,20000.0,4.0,1.0,0.495,0,0.0,1.0,9.6206498,1.1110886424296753,1.1847403516816424,87.5,25.0,400000.0,20000.0,8.0,1.0,0.452,0
481.0,172,1.0914760914760915,1.1802668052668053,0.0,8.0,80000.0,0.0,0.0,1.0,0.484,1,0.10503111034631729,1.0,-3.8541589583333336,1.1204349618695122,1.1839430997232268,0.0,8.0,80000.0,0.0,0.0,1.0,0.451,1
455.0,983,1.1318681318681318,1.1836080586080586,25.0,12.0,120000.0,20000.0,5.0,1.0,0.529,3,0.45349228382110596,1.0,-3.9524500000000002,1.1190644218167154,1.1824948751554256,25.0,12.0,120000.0,20000.0,7.0,1.0,0.451,1
487.0,1448,1.0780287474332648,1.1785592060232717,37.5,12.0,120000.0,20000.0,5.0,2.0,0.473,2,0.20311683416366577,1.0,9.6851,1.118951612903226,1.186575940860215,25.0,12.0,120000.0,20000.0,4.0,2.0,0.452,0
496.0,2345,1.118951612903226,1.186575940860215,0.0,12.0,120000.0,0.0,0.0,0.0,0.452,2,0.0,1.0,-4.957450000000001,1.118951612903226,1.186575940860215,0.0,12.0,120000.0,0.0,0.0,0.0,0.451,1
483.0,182,1.0869565217391304,1.188319530710835,0.0,8.0,80000.0,0.0,0.0,1.0,0.48,1,1.0,1.0,-3.7914589583333336,1.1181775830269858,1.1857551321513644,0.0,8.0,80000.0,0.0,0.0,1.0,0.45,1
492.0,1901,1.097560975609756,1.191988482384824,0.0,12.0,120000.0,0.0,0.0,1.0,0.46,1,1.0,1.0,9.833966666666667,1.1167002012072433,1.1841884641180418,0.0,12.0,120000.0,0.0,0.0,1.0,0.451,0
489.0,989,1.0736196319018405,1.1801295160190866,25.0,12.0,120000.0,20000.0,5.0,1.0,0.467,1,0.45969638228416443,1.0,9.714016666666668,1.1167002012072433,1.1841884641180418,37.5,12.0,120000.0,20000.0,7.0,1.0,0.452,0
477.0,590,1.090146750524109,1.1661425576519917,50.0,25.0,400000.0,20000.0,5.0,1.0,0.493,0,0.0,1.0,9.6208498,1.1166777103744852,1.1841646140420123,75.0,25.0,400000.0,20000.0,7.0,1.0,0.451,0
491.0,1450,1.0896130346232178,1.188051595383571,25.0,12.0,120000.0,20000.0,4.0,2.0,0.462,0,0.0,1.0,9.771882916666668,1.1166777103744852,1.1841646140420123,12.5,12.0,120000.0,20000.0,3.0,2.0,0.451,0
405.0,140,1.1728395061728396,1.1676954732510287,0.0,8.0,80000.0,0.0,0.0,1.0,0.598,2,1.0,1.0,-3.95755,1.1159292819327502,1.1833709540015087,0.0,8.0,80000.0,0.0,0.0,1.0,0.449,1
489.0,1449,1.0736196319018405,1.1801295160190866,25.0,12.0,120000.0,20000.0,5.0,2.0,0.467,1,0.45969638228416443,1.0,9.671750000000001,1.1144578313253013,1.1818105756358768,12.5,12.0,120000.0,20000.0,3.0,2.0,0.45,0
478.0,589,1.0983263598326358,1.163702928870293,50.0,25.0,400000.0,20000.0,5.0,1.0,0.491,0,0.0,1.0,9.620699799999999,1.1144354307255793,1.1817868212461566,75.0,25.0,400000.0,20000.0,7.0,1.0,0.448,0
485.0,183,1.0824742268041236,1.1834192439862543,0.0,8.0,80000.0,0.0,0.0,1.0,0.477,1,0.5941700339317322,1.0,-3.7915589583333333,1.113690003939252,1.1809963442674125,0.0,8.0,80000.0,0.0,0.0,1.0,0.448,1
494.0,1902,1.1032388663967612,1.187162618083671,0.0,12.0,120000.0,0.0,0.0,1.0,0.456,1,0.7632941007614136,1.0,9.833866666666665,1.1122244488977955,1.1857047428189713,0.0,12.0,120000.0,0.0,0.0,1.0,0.449,0
500.0,2347,1.11,1.1833333333333331,0.0,12.0,120000.0,0.0,0.0,0.0,0.448,2,0.0,1.0,-4.957650000000001,1.11,1.1833333333333331,0.0,12.0,120000.0,0.0,0.0,0.0,0.447,1
488.0,2341,1.0758196721311475,1.17614412568306,0.0,12.0,120000.0,0.0,0.0,0.0,0.469,2,0.20311683416366577,1.0,-3.4993666666666665,1.1077844311377245,1.1934464404524285,0.0,12.0,120000.0,0.0,0.0,0.0,0.446,1
495.0,992,1.1111111111111112,1.18476430976431,12.5,12.0,120000.0,20000.0,5.0,1.0,0.454,1,1.0,1.0,9.790832916666666,1.1077622980027884,1.1934225958213223,50.0,12.0,120000.0,20000.0,8.0,1.0,0.445,0
496.0,1903,1.118951612903226,1.186575940860215,0.0,12.0,120000.0,0.0,0.0,1.0,0.452,1,0.5353825688362122,1.0,9.791799999999999,1.1055776892430278,1.1910690571049136,0.0,12.0,120000.0,0.0,0.0,1.0,0.446,0
495.0,1452,1.1111111111111112,1.18476430976431,25.0,12.0,120000.0,20000.0,4.0,2.0,0.454,1,1.0,1.0,9.713066666666666,1.10337972166998,1.1949138502319416,37.5,12.0,120000.0,20000.0,5.0,2.0,0.443,0
480.0,1895,1.09375,1.1762152777777777,0.0,12.0,120000.0,0.0,0.0,1.0,0.485,2,0.8387850522994995,1.0,-3.916750416666668,1.1033577641924064,1.1948900712068666,0.0,12.0,120000.0,0.0,0.0,1.0,0.44,1
483.0,592,1.0869565217391304,1.188319530710835,50.0,25.0,400000.0,20000.0,5.0,1.0,0.48,0,0.0,1.0,9.6202998,1.1033577641924064,1.1948900712068666,75.0,25.0,400000.0,20000.0,7.0,1.0,0.44,0
497.0,993,1.1167002012072433,1.1841884641180418,37.5,12.0,120000.0,20000.0,7.0,1.0,0.452,0,0.0,1.0,9.771082916666666,1.1033577641924064,1.1948900712068666,25.0,12.0,120000.0,20000.0,6.0,1.0,0.44,0
497.0,1453,1.1167002012072433,1.1841884641180418,12.5,12.0,120000.0,20000.0,3.0,2.0,0.452,0,0.0,1.0,9.770832916666667,1.1033577641924064,1.1948900712068666,37.5,12.0,120000.0,20000.0,6.0,2.0,0.44,0
498.0,1904,1.1144578313253013,1.1818105756358768,0.0,12.0,120000.0,0.0,0.0,1.0,0.45,1,0.5353825688362122,1.0,9.79175,1.1011904761904763,1.1925429894179893,0.0,12.0,120000.0,0.0,0.0,1.0,0.44,0
500.0,1905,1.11,1.1833333333333331,0.0,12.0,120000.0,0.0,0.0,1.0,0.448,1,1.0,1.0,9.875133333333334,1.1011904761904763,1.1925429894179893,0.0,12.0,120000.0,0.0,0.0,1.0,0.441,0
504.0,1907,1.1011904761904763,1.1925429894179893,0.0,12.0,120000.0,0.0,0.0,1.0,0.441,2,0.0,1.0,-4.95795,1.1011904761904763,1.1925429894179893,0.0,12.0,120000.0,0.0,0.0,1.0,0.441,1
464.0,1887,1.1206896551724137,1.1741199712643677,0.0,12.0,120000.0,0.0,0.0,1.0,0.515,3,1.0,1.0,-3.958,1.1090206951183286,1.1902993695745454,0.0,12.0,120000.0,0.0,0.0,1.0,0.44,1
491.0,990,1.0896130346232178,1.188051595383571,12.5,12.0,120000.0,20000.0,5.0,1.0,0.462,2,0.45969638228416443,1.0,-3.5412833333333333,1.1089108910891088,1.1901815181518152,25.0,12.0,120000.0,20000.0,6.0,2.0,0.441,1
493.0,991,1.105476673427992,1.1895706558485462,12.5,12.0,120000.0,20000.0,4.0,1.0,0.458,2,0.7632941007614136,1.0,-3.458467083333334,1.1088889109346567,1.1901579271006266,12.5,12.0,120000.0,20000.0,5.0,2.0,0.439,1
499.0,994,1.1122244488977955,1.1857047428189713,37.5,12.0,120000.0,20000.0,7.0,1.0,0.449,0,0.0,1.0,9.771282916666667,1.1088889109346567,1.1901579271006266,12.5,12.0,120000.0,20000.0,5.0,2.0,0.439,0
499.0,1454,1.1122244488977955,1.1857047428189713,12.5,12.0,120000.0,20000.0,3.0,2.0,0.449,1,0.0,1.0,9.790532916666667,1.1088889109346567,1.1901579271006266,50.0,12.0,120000.0,20000.0,6.0,2.0,0.439,0
502.0,1906,1.1055776892430278,1.1910690571049136,0.0,12.0,120000.0,0.0,0.0,1.0,0.446,1,1.0,1.0,9.875283333333334,1.1067193675889329,1.1940052700922266,0.0,12.0,120000.0,0.0,0.0,1.0,0.439,0
506.0,1908,1.1067193675889329,1.1940052700922266,0.0,12.0,120000.0,0.0,0.0,1.0,0.439,1,0.0,1.0,-4.95805,1.1067193675889329,1.1940052700922266,0.0,12.0,120000.0,0.0,0.0,1.0,0.439,1
506.0,2350,1.1067193675889329,1.1940052700922266,0.0,12.0,120000.0,0.0,0.0,0.0,0.439,3,0.0,1.0,-4.95805,1.1067193675889329,1.1940052700922266,0.0,12.0,120000.0,0.0,0.0,0.0,0.439,1
486.0,593,1.0802469135802468,1.1809842249657063,62.5,25.0,400000.0,20000.0,6.0,1.0,0.474,1,0.0,1.0,9.6827498,1.1066974742258557,1.1939816500204543,75.0,25.0,400000.0,20000.0,7.0,1.0,0.439,0
501.0,995,1.1077844311377245,1.1934464404524285,50.0,12.0,120000.0,20000.0,8.0,1.0,0.446,0,0.0,1.0,9.771182916666667,1.1045146820671252,1.1977902895184784,12.5,12.0,120000.0,20000.0,5.0,2.0,0.437,0
501.0,1455,1.1077844311377245,1.1934464404524285,25.0,12.0,120000.0,20000.0,4.0,2.0,0.446,1,0.0,1.0,9.795432916666668,1.1045146820671252,1.1977902895184784,50.0,12.0,120000.0,20000.0,6.0,2.0,0.437,0
492.0,2343,1.097560975609756,1.191988482384824,0.0,12.0,120000.0,0.0,0.0,0.0,0.46,2,0.7632941007614136,1.0,-3.6248166666666664,1.1023622047244095,1.2016076115485566,0.0,12.0,120000.0,0.0,0.0,0.0,0.437,1
508.0,1909,1.1023622047244095,1.2016076115485566,0.0,12.0,120000.0,0.0,0.0,1.0,0.437,1,0.0,1.0,-4.95815,1.1023622047244095,1.2016076115485566,0.0,12.0,120000.0,0.0,0.0,1.0,0.437,1
487.0,1883,1.0780287474332648,1.1785592060232717,0.0,12.0,120000.0,0.0,0.0,1.0,0.473,2,0.20311683416366577,1.0,-3.8748666666666667,1.100196463654224,1.1992468893254749,0.0,12.0,120000.0,0.0,0.0,1.0,0.436,1
489.0,594,1.0736196319018405,1.1801295160190866,75.0,25.0,400000.0,20000.0,7.0,1.0,0.467,0,0.0,1.0,9.6202998,1.1001748276030958,1.1992233053858146,62.5,25.0,400000.0,20000.0,6.0,1.0,0.435,0
503.0,1456,1.10337972166998,1.1949138502319416,37.5,12.0,120000.0,20000.0,6.0,2.0,0.443,0,0.0,1.0,9.770332916666668,1.1001748276030958,1.1992233053858146,50.0,12.0,120000.0,20000.0,6.0,2.0,0.435,0
469.0,2333,1.1087420042643923,1.1749289267945984,0.0,12.0,120000.0,0.0,0.0,0.0,0.509,3,1.0,1.0,-3.95825,1.1079517599764683,1.197012779030624,0.0,12.0,120000.0,0.0,0.0,0.0,0.435,1
488.0,1899,1.0758196721311475,1.17614412568306,0.0,12.0,120000.0,0.0,0.0,1.0,0.469,2,0.20311683416366577,1.0,-3.875383750000001,1.1078213935448051,1.2029992640079095,0.0,12.0,120000.0,0.0,0.0,1.0,0.434,1
503.0,996,1.10337972166998,1.1949138502319416,37.5,12.0,120000.0,20000.0,7.0,1.0,0.443,1,0.11509307473897934,1.0,9.725116666666665,1.1056751467710373,1.200668623613829,25.0,12.0,120000.0,20000.0,6.0,2.0,0.434,0
505.0,1457,1.1089108910891088,1.1901815181518152,50.0,12.0,120000.0,20000.0,6.0,2.0,0.441,0,0.0,1.0,9.770682916666665,1.1056534880794213,1.2006451041275428,25.0,12.0,120000.0,20000.0,4.0,2.0,0.432,0
469.0,1874,1.1087420042643923,1.1749289267945984,0.0,12.0,120000.0,0.0,0.0,1.0,0.509,3,1.0,1.0,-3.9584,1.1133899794901847,1.1984406029234624,0.0,12.0,120000.0,0.0,0.0,1.0,0.432,1
486.0,2340,1.0802469135802468,1.1809842249657063,0.0,12.0,120000.0,0.0,0.0,0.0,0.474,2,0.9630526900291443,1.0,-3.9584,1.11328125,1.1983235677083335,0.0,12.0,120000.0,0.0,0.0,0.0,0.432,1
492.0,595,1.097560975609756,1.191988482384824,75.0,25.0,400000.0,20000.0,7.0,1.0,0.46,0,0.0,1.0,9.6200998,1.113259484907336,1.1983001400044244,62.5,25.0,400000.0,20000.0,6.0,1.0,0.431,0
513.0,197,1.1111111111111112,1.1959876543209875,0.0,8.0,80000.0,0.0,0.0,2.0,0.431,1,0.0,1.0,-4.958450000000001,1.1111111111111112,1.1959876543209875,0.0,8.0,80000.0,0.0,0.0,2.0,0.431,1
507.0,998,1.1045364891518739,1.1978139381985535,12.5,12.0,120000.0,20000.0,5.0,2.0,0.439,0,0.0,1.0,9.770832916666668,1.1110894307890795,1.1959643178632455,12.5,12.0,120000.0,20000.0,5.0,2.0,0.43,0
507.0,1458,1.1045364891518739,1.1978139381985535,50.0,12.0,120000.0,20000.0,6.0,2.0,0.439,0,0.0,1.0,9.770832916666668,1.1110894307890795,1.1959643178632455,12.5,12.0,120000.0,20000.0,3.0,2.0,0.43,0
514.0,2354,1.1089494163424125,1.1997405966277561,0.0,12.0,120000.0,0.0,0.0,0.0,0.43,3,0.0,1.0,-4.958500000000001,1.1089494163424125,1.1997405966277561,0.0,12.0,120000.0,0.0,0.0,0.0,0.43,1
471.0,2334,1.1040339702760085,1.174363057324841,0.0,12.0,120000.0,0.0,0.0,0.0,0.504,3,0.24224433302879333,1.0,-3.9585,1.1165915582454646,1.1975039900023825,0.0,12.0,120000.0,0.0,0.0,0.0,0.43,1
495.0,596,1.1111111111111112,1.18476430976431,87.5,25.0,400000.0,20000.0,8.0,1.0,0.454,0,0.0,1.0,9.6199498,1.1164831534051154,1.1973877297388196,62.5,25.0,400000.0,20000.0,6.0,1.0,0.428,0
509.0,999,1.100196463654224,1.1992468893254749,12.5,12.0,120000.0,20000.0,5.0,2.0,0.436,0,0.0,1.0,9.770982916666668,1.1164831534051154,1.1973877297388196,0.0,12.0,120000.0,20000.0,4.0,1.0,0.428,0
509.0,1459,1.100196463654224,1.1992468893254749,50.0,12.0,120000.0,20000.0,6.0,2.0,0.436,0,0.0,1.0,9.770982916666668,1.1164831534051154,1.1973877297388196,0.0,12.0,120000.0,20000.0,2.0,1.0,0.428,0
502.0,2348,1.1055776892430278,1.1910690571049136,0.0,12.0,120000.0,0.0,0.0,0.0,0.446,2,0.6828451156616211,1.0,-3.5419333333333336,1.1143410852713178,1.1950904392764858,0.0,12.0,120000.0,0.0,0.0,0.0,0.428,1
516.0,2355,1.1143410852713178,1.1950904392764858,0.0,12.0,120000.0,0.0,0.0,0.0,0.428,3,0.0,1.0,-4.958600000000001,1.1143410852713178,1.1950904392764858,0.0,12.0,120000.0,0.0,0.0,0.0,0.428,1
513.0,1001,1.1111111111111112,1.1959876543209875,25.0,12.0,120000.0,20000.0,6.0,2.0,0.431,1,0.19948741793632507,1.0,9.879733333333334,1.1121856866537718,1.2048678272082527,0.0,12.0,120000.0,20000.0,4.0,1.0,0.428,0
498.0,597,1.1144578313253013,1.1818105756358768,75.0,25.0,400000.0,20000.0,7.0,1.0,0.45,1,0.0,1.0,9.6948498,1.1100171597070103,1.2025185896825947,62.5,25.0,400000.0,20000.0,6.0,1.0,0.426,0
504.0,2349,1.1011904761904763,1.1925429894179893,0.0,12.0,120000.0,0.0,0.0,0.0,0.441,2,0.11509307473897934,1.0,-3.5837,1.1078998073217727,1.2002247912652537,0.0,12.0,120000.0,0.0,0.0,0.0,0.426,1
505.0,997,1.1089108910891088,1.1901815181518152,25.0,12.0,120000.0,20000.0,6.0,2.0,0.441,2,0.11509307473897934,1.0,-3.5370333333333335,1.1078998073217727,1.2002247912652537,12.5,12.0,120000.0,20000.0,5.0,1.0,0.426,1
520.0,2357,1.1057692307692308,1.2039262820512822,0.0,12.0,120000.0,0.0,0.0,0.0,0.426,3,0.0,1.0,-4.9587,1.1057692307692308,1.2039262820512822,0.0,12.0,120000.0,0.0,0.0,0.0,0.426,1
501.0,598,1.1077844311377245,1.1934464404524285,75.0,25.0,400000.0,20000.0,7.0,1.0,0.446,0,0.0,1.0,9.6198498,1.103625628997032,1.2015923967884352,62.5,25.0,400000.0,20000.0,6.0,1.0,0.426,0
508.0,2351,1.1023622047244095,1.2016076115485566,0.0,12.0,120000.0,0.0,0.0,0.0,0.437,2,1.0,1.0,-3.5420333333333334,1.1015325670498084,1.2053001277139208,0.0,12.0,120000.0,0.0,0.0,0.0,0.426,1
522.0,2358,1.1015325670498084,1.2053001277139208,0.0,12.0,120000.0,0.0,0.0,0.0,0.426,3,0.0,1.0,-4.9587,1.1015325670498084,1.2053001277139208,0.0,12.0,120000.0,0.0,0.0,0.0,0.426,1
517.0,1003,1.1121856866537718,1.2048678272082527,0.0,12.0,120000.0,20000.0,4.0,1.0,0.428,0,0.0,1.0,9.7708,1.0994263862332696,1.202995538559592,25.0,12.0,120000.0,20000.0,7.0,1.0,0.426,0
524.0,2359,1.0973282442748091,1.2066634860050889,0.0,12.0,120000.0,0.0,0.0,0.0,0.426,3,0.0,1.0,-4.9587,1.0973282442748091,1.2066634860050889,0.0,12.0,120000.0,0.0,0.0,0.0,0.426,1
510.0,2352,1.107843137254902,1.2030228758169934,0.0,12.0,120000.0,0.0,0.0,0.0,0.435,2,0.6162212491035461,1.0,-3.5424504166666653,1.0973072823551595,1.206640435488373,0.0,12.0,120000.0,0.0,0.0,0.0,0.426,1
504.0,599,1.1011904761904763,1.1925429894179893,75.0,25.0,400000.0,20000.0,7.0,1.0,0.441,0,0.0,1.0,9.6198498,1.0973072823551595,1.206640435488373,62.5,25.0,400000.0,20000.0,6.0,1.0,0.426,0
519.0,1004,1.1078998073217727,1.2002247912652537,12.5,12.0,120000.0,20000.0,5.0,1.0,0.426,0,0.0,1.0,9.770132916666668,1.0952172130965654,1.2043421165753903,37.5,12.0,120000.0,20000.0,7.0,1.0,0.426,0
511.0,1000,1.1056751467710373,1.200668623613829,25.0,12.0,120000.0,20000.0,6.0,2.0,0.434,2,0.14264249801635742,1.0,-3.579117083333332,1.0931350907181405,1.2020525363512886,37.5,12.0,120000.0,20000.0,7.0,1.0,0.426,1
521.0,1005,1.1036468330134357,1.2016154830454253,25.0,12.0,120000.0,20000.0,6.0,1.0,0.426,0,0.0,1.0,9.770332916666668,1.0910608699823368,1.1997716450711566,25.0,12.0,120000.0,20000.0,6.0,1.0,0.425,0
523.0,1006,1.0994263862332696,1.202995538559592,25.0,12.0,120000.0,20000.0,6.0,1.0,0.426,0,0.0,1.0,9.770332916666668,1.0869359541986738,1.205081166611573,25.0,12.0,120000.0,20000.0,6.0,1.0,0.425,0
233.0,497,0.7725321888412017,0.9567238912732474,37.5,25.0,400000.0,20000.0,4.0,1.0,0.801,1,0.8311895132064819,1.0,-3.9427499999999998,1.0869154079823937,1.2050583871109148,87.5,25.0,400000.0,20000.0,8.0,1.0,0.425,1
510.0,601,1.107843137254902,1.2030228758169934,62.5,25.0,400000.0,20000.0,6.0,1.0,0.435,0,0.0,1.0,9.619499800000002,1.0848851703763105,1.2028074715041703,75.0,25.0,400000.0,20000.0,7.0,1.0,0.424,0
437.0,150,1.1441647597254003,1.198989321128909,0.0,8.0,80000.0,0.0,0.0,1.0,0.557,2,0.1835763156414032,1.0,-3.9588,1.0842237586423633,1.202074167190446,0.0,8.0,80000.0,0.0,0.0,2.0,0.424,1
527.0,1008,1.0910815939278937,1.1997944339025932,37.5,12.0,120000.0,20000.0,7.0,1.0,0.426,1,0.6169348955154419,1.0,9.892083333333334,1.0828625235404896,1.2005649717514124,25.0,12.0,120000.0,20000.0,6.0,1.0,0.425,0
518.0,2356,1.1100386100386102,1.2025418275418276,0.0,12.0,120000.0,0.0,0.0,0.0,0.427,2,0.3656861186027527,1.0,-3.500833749999998,1.0828421106411912,1.2005423400587119,0.0,12.0,120000.0,0.0,0.0,0.0,0.425,1
525.0,1007,1.0952380952380953,1.2043650793650793,37.5,12.0,120000.0,20000.0,7.0,1.0,0.426,0,0.0,1.0,9.770582916666669,1.0828421106411912,1.2005423400587119,12.5,12.0,120000.0,20000.0,5.0,1.0,0.425,0
251.0,512,0.8167330677290837,0.9918658698539176,50.0,25.0,400000.0,20000.0,6.0,1.0,0.774,1,1.0,1.0,-3.9303000000000003,1.080766101897147,1.198240678190315,87.5,25.0,400000.0,20000.0,8.0,1.0,0.424,1
513.0,602,1.1111111111111112,1.1959876543209875,62.5,25.0,400000.0,20000.0,6.0,1.0,0.431,0,0.0,1.0,9.619499800000002,1.0787789895352997,1.1960375753543542,75.0,25.0,400000.0,20000.0,7.0,1.0,0.424,0
529.0,1009,1.0869565217391304,1.2051039697542536,25.0,12.0,120000.0,20000.0,6.0,1.0,0.425,0,0.0,1.0,9.77048291666667,1.0747462463365873,1.1974075027119586,12.5,12.0,120000.0,20000.0,5.0,1.0,0.423,0
532.0,1010,1.080827067669173,1.1983082706766917,12.5,12.0,120000.0,20000.0,5.0,1.0,0.425,1,0.06980475783348083,1.0,9.874533333333334,1.0727611940298507,1.195195895522388,12.5,12.0,120000.0,20000.0,5.0,1.0,0.424,0
516.0,603,1.1143410852713178,1.1950904392764858,62.5,25.0,400000.0,20000.0,6.0,1.0,0.428,0,0.0,1.0,9.619449800000002,1.0727411601884076,1.1951735752099109,75.0,25.0,400000.0,20000.0,7.0,1.0,0.423,0
512.0,2353,1.11328125,1.1983235677083335,0.0,12.0,120000.0,0.0,0.0,0.0,0.432,2,0.14264249801635742,1.0,-3.95885,1.0707635009310987,1.1929702048417132,0.0,12.0,120000.0,0.0,0.0,0.0,0.423,1
519.0,604,1.1078998073217727,1.2002247912652537,62.5,25.0,400000.0,20000.0,6.0,1.0,0.426,0,0.0,1.0,9.619699800000001,1.066770541051733,1.188521526715246,62.5,25.0,400000.0,20000.0,6.0,1.0,0.423,0
498.0,2346,1.1144578313253013,1.1818105756358768,0.0,12.0,120000.0,0.0,0.0,0.0,0.45,3,1.0,1.0,-3.95885,1.074153621117238,1.1864304543590185,0.0,12.0,120000.0,0.0,0.0,0.0,0.423,1
534.0,1011,1.0767790262172285,1.1938202247191012,12.5,12.0,120000.0,20000.0,5.0,1.0,0.424,0,0.0,1.0,9.77038291666667,1.0740541642922508,1.190178554899998,12.5,12.0,120000.0,20000.0,5.0,1.0,0.421,0
536.0,1012,1.0727611940298507,1.195195895522388,12.5,12.0,120000.0,20000.0,5.0,1.0,0.424,1,1.0,1.0,9.832766666666666,1.0720887245841035,1.1880006161429453,12.5,12.0,120000.0,20000.0,5.0,1.0,0.422,0
260.0,515,0.7884615384615384,1.0136217948717947,87.5,25.0,400000.0,20000.0,8.0,1.0,0.763,1,1.0,1.0,-3.8929,1.0720292576746346,1.1879347198010946,62.5,25.0,400000.0,20000.0,6.0,1.0,0.422,1
443.0,153,1.1399548532731376,1.2039127163280663,0.0,8.0,80000.0,0.0,0.0,1.0,0.546,2,1.0,1.0,-3.9589,1.0714285714285714,1.1872690886699504,0.0,8.0,80000.0,0.0,0.0,2.0,0.422,1
522.0,605,1.1015325670498084,1.2053001277139208,62.5,25.0,400000.0,20000.0,6.0,1.0,0.426,0,0.0,1.0,9.619899800000002,1.0700909379883963,1.1857868332234922,50.0,25.0,400000.0,20000.0,5.0,1.0,0.422,0
284.0,523,0.9859154929577465,1.034330985915493,50.0,25.0,400000.0,20000.0,5.0,1.0,0.731,1,1.0,1.0,-3.9304,1.070051453424138,1.185743079674377,50.0,25.0,400000.0,20000.0,5.0,1.0,0.422,1
538.0,1013,1.0687732342007434,1.1907527881040894,12.5,12.0,120000.0,20000.0,5.0,1.0,0.423,0,0.0,1.0,9.770132916666668,1.0661568525182101,1.1814274030239507,25.0,12.0,120000.0,20000.0,6.0,1.0,0.421,0
540.0,1014,1.074074074074074,1.1902006172839505,25.0,12.0,120000.0,20000.0,6.0,1.0,0.423,1,0.5432993173599243,1.0,9.837766666666667,1.0642201834862384,1.1792813455657494,25.0,12.0,120000.0,20000.0,6.0,1.0,0.422,0
525.0,606,1.0952380952380953,1.2043650793650793,62.5,25.0,400000.0,20000.0,6.0,1.0,0.426,0,0.0,1.0,9.620149800000002,1.0642006373424224,1.1792596861355507,37.5,25.0,400000.0,20000.0,4.0,1.0,0.422,0
447.0,155,1.1409395973154361,1.2047912005965697,0.0,8.0,80000.0,0.0,0.0,1.0,0.543,2,1.0,1.0,-3.9589,1.0596833130328867,1.178060292326431,0.0,8.0,80000.0,0.0,0.0,2.0,0.422,1
548.0,200,1.0583941605839415,1.1766271289537713,0.0,8.0,80000.0,0.0,0.0,2.0,0.422,2,0.0,1.0,-4.9589,1.0583941605839415,1.1766271289537713,0.0,8.0,80000.0,0.0,0.0,2.0,0.422,1
528.0,607,1.0890151515151516,1.1975220959595958,75.0,25.0,400000.0,20000.0,7.0,1.0,0.425,0,0.0,1.0,9.620149800000002,1.0583748278612648,1.1766056365770887,37.5,25.0,400000.0,20000.0,4.0,1.0,0.422,0
542.0,1015,1.0701107011070112,1.1858087330873308,12.5,12.0,120000.0,20000.0,5.0,1.0,0.422,0,0.0,1.0,9.769932916666669,1.0583748278612648,1.1766056365770887,37.5,12.0,120000.0,20000.0,7.0,1.0,0.422,0
544.0,1016,1.0661764705882353,1.1814491421568625,25.0,12.0,120000.0,20000.0,6.0,1.0,0.422,0,0.0,1.0,9.769882916666669,1.0545262621674831,1.1723271484943822,37.5,12.0,120000.0,20000.0,7.0,1.0,0.421,0
531.0,608,1.0828625235404896,1.2005649717514124,75.0,25.0,400000.0,20000.0,7.0,1.0,0.425,0,0.0,1.0,9.620099800000002,1.0526124561693535,1.1701995516681571,37.5,25.0,400000.0,20000.0,4.0,1.0,0.421,0
552.0,202,1.0507246376811594,1.168100845410628,0.0,8.0,80000.0,0.0,0.0,2.0,0.421,1,0.0,1.0,-4.958950000000001,1.0507246376811594,1.168100845410628,0.0,8.0,80000.0,0.0,0.0,2.0,0.421,1
546.0,1017,1.0622710622710623,1.1809371184371185,25.0,12.0,120000.0,20000.0,6.0,1.0,0.422,0,0.0,1.0,9.769882916666669,1.0507055841251864,1.1680796633862973,37.5,12.0,120000.0,20000.0,7.0,1.0,0.421,0
554.0,203,1.0469314079422383,1.1638838748495788,0.0,8.0,80000.0,0.0,0.0,2.0,0.421,1,0.0,1.0,-4.958950000000001,1.0469314079422383,1.1638838748495788,0.0,8.0,80000.0,0.0,0.0,2.0,0.421,1
534.0,609,1.0767790262172285,1.1938202247191012,75.0,25.0,400000.0,20000.0,7.0,1.0,0.424,1,0.06980475783348083,1.0,9.695099800000001,1.0469124917075054,1.1638628454866125,37.5,25.0,400000.0,20000.0,4.0,1.0,0.421,0
548.0,1018,1.0583941605839415,1.1766271289537713,37.5,12.0,120000.0,20000.0,7.0,1.0,0.422,0,0.0,1.0,9.769882916666669,1.0469124917075054,1.1638628454866125,37.5,12.0,120000.0,20000.0,7.0,1.0,0.421,0
515.0,1002,1.116504854368932,1.1974110032362457,12.5,12.0,120000.0,20000.0,5.0,1.0,0.43,3,0.19948741793632507,1.0,-3.95895,1.0522339547407378,1.1672752026415236,37.5,12.0,120000.0,20000.0,7.0,1.0,0.421,1
556.0,204,1.0521582733812949,1.167191247002398,0.0,8.0,80000.0,0.0,0.0,2.0,0.421,1,0.0,1.0,-4.958950000000001,1.0521582733812949,1.167191247002398,0.0,8.0,80000.0,0.0,0.0,2.0,0.421,1
550.0,1019,1.0545454545454545,1.1723484848484849,37.5,12.0,120000.0,20000.0,7.0,1.0,0.422,0,0.0,1.0,9.770082916666668,1.0521393310886615,1.1671702337397367,25.0,12.0,120000.0,20000.0,6.0,1.0,0.42,0
457.0,160,1.12691466083151,1.1852662290299052,0.0,8.0,80000.0,0.0,0.0,1.0,0.526,2,0.8229637145996094,1.0,-3.959,1.0515278609946075,1.166491911324146,0.0,8.0,80000.0,0.0,0.0,2.0,0.42,1
463.0,163,1.123110151187905,1.169906407487401,0.0,8.0,80000.0,0.0,0.0,1.0,0.517,2,1.0,1.0,-3.959,1.0515278609946075,1.166491911324146,0.0,8.0,80000.0,0.0,0.0,2.0,0.42,1
558.0,1023,1.0483870967741937,1.172341696535245,25.0,12.0,120000.0,20000.0,6.0,1.0,0.42,2,0.0,1.0,-4.95405,1.0483870967741937,1.172341696535245,25.0,12.0,120000.0,20000.0,6.0,1.0,0.419,1
552.0,1020,1.0507246376811594,1.168100845410628,37.5,12.0,120000.0,20000.0,7.0,1.0,0.421,0,0.0,1.0,9.770282916666668,1.0483682900240445,1.1723206661949788,12.5,12.0,120000.0,20000.0,5.0,1.0,0.419,0
461.0,162,1.1171366594360088,1.1749819233550254,0.0,8.0,80000.0,0.0,0.0,1.0,0.522,2,1.0,1.0,-3.95905,1.0458879618593564,1.1695470798569727,0.0,8.0,80000.0,0.0,0.0,2.0,0.419,1
554.0,1021,1.0469314079422383,1.1638838748495788,37.5,12.0,120000.0,20000.0,7.0,1.0,0.421,0,0.0,1.0,9.770182916666668,1.0446241844855595,1.1681338815116298,12.5,12.0,120000.0,20000.0,5.0,1.0,0.417,0
556.0,1022,1.0521582733812949,1.167191247002398,37.5,12.0,120000.0,20000.0,7.0,1.0,0.421,2,0.709683358669281,1.0,9.850016666666665,1.0427807486631016,1.1660724896019015,12.5,12.0,120000.0,20000.0,5.0,1.0,0.417,0
562.0,1025,1.0409252669039146,1.163997627520759,12.5,12.0,120000.0,20000.0,5.0,1.0,0.416,2,0.0,1.0,-4.959250000000001,1.0409252669039146,1.163997627520759,12.5,12.0,120000.0,20000.0,5.0,1.0,0.415,1
550.0,201,1.0545454545454545,1.1723484848484849,0.0,8.0,80000.0,0.0,0.0,2.0,0.422,1,1.0,1.0,-3.792683333333336,1.0384615384615385,1.1612426035502958,0.0,8.0,80000.0,0.0,0.0,2.0,0.413,1
561.0,1910,1.0427807486631016,1.1660724896019015,0.0,12.0,120000.0,0.0,0.0,1.0,0.417,1,1.0,1.0,9.873683333333334,1.0353982300884956,1.1578171091445428,0.0,12.0,120000.0,0.0,0.0,1.0,0.412,0
560.0,1024,1.0446428571428572,1.1681547619047619,12.5,12.0,120000.0,20000.0,5.0,1.0,0.419,0,0.0,1.0,9.769732916666669,1.033550625721266,1.16127215959779,12.5,12.0,120000.0,20000.0,5.0,1.0,0.408,0
563.0,1911,1.039076376554174,1.1619301361752519,0.0,12.0,120000.0,0.0,0.0,1.0,0.414,1,0.03685953840613365,1.0,9.873733333333334,1.0317460317460316,1.1592445620223397,0.0,12.0,120000.0,0.0,0.0,1.0,0.408,0
567.0,1913,1.0317460317460316,1.1592445620223397,0.0,12.0,120000.0,0.0,0.0,1.0,0.408,2,0.0,1.0,-4.9596,1.0317460317460316,1.1592445620223397,0.0,12.0,120000.0,0.0,0.0,1.0,0.408,1
548.0,610,1.0583941605839415,1.1766271289537713,37.5,25.0,400000.0,20000.0,4.0,1.0,0.422,0,0.0,1.0,9.618799800000001,1.0299114270891105,1.1571832451802506,62.5,25.0,400000.0,20000.0,6.0,1.0,0.405,0
562.0,1460,1.0409252669039146,1.163997627520759,0.0,12.0,120000.0,20000.0,2.0,1.0,0.416,2,1.0,1.0,9.748633333333334,1.0281195079086116,1.1551698886936144,25.0,12.0,120000.0,20000.0,4.0,1.0,0.406,0
569.0,1914,1.0281195079086116,1.1551698886936144,0.0,12.0,120000.0,0.0,0.0,1.0,0.406,1,0.0,1.0,-4.9597,1.0281195079086116,1.1551698886936144,0.0,12.0,120000.0,0.0,0.0,1.0,0.406,1
564.0,1461,1.0372340425531914,1.159869976359338,0.0,12.0,120000.0,20000.0,2.0,1.0,0.413,0,0.0,1.0,9.770050000000001,1.0263157894736843,1.1604532163742691,12.5,12.0,120000.0,20000.0,4.0,1.0,0.406,0
564.0,1026,1.0372340425531914,1.159869976359338,12.5,12.0,120000.0,20000.0,5.0,1.0,0.413,0,0.0,1.0,9.76958291666667,1.026297766244491,1.160432837544964,12.5,12.0,120000.0,20000.0,5.0,1.0,0.405,0
551.0,611,1.0526315789473684,1.170220810647308,37.5,25.0,400000.0,20000.0,4.0,1.0,0.421,0,0.0,1.0,9.618749800000002,1.0245004286352177,1.1656976030945587,62.5,25.0,400000.0,20000.0,6.0,1.0,0.404,0
473.0,177,1.0993657505285412,1.1760042283298096,0.0,8.0,80000.0,0.0,0.0,1.0,0.499,2,0.3738442063331604,1.0,-3.9598,1.0239206534422405,1.1650379229871646,0.0,8.0,80000.0,0.0,0.0,2.0,0.404,1
479.0,180,1.0960334029227559,1.174321503131524,0.0,8.0,80000.0,0.0,0.0,1.0,0.49,2,0.08966201543807983,1.0,-3.9598,1.0239206534422405,1.1650379229871646,0.0,8.0,80000.0,0.0,0.0,2.0,0.404,1
473.0,168,1.0993657505285412,1.1760042283298096,0.0,8.0,80000.0,0.0,0.0,1.0,0.499,2,0.3738442063331604,1.0,-3.95985,1.0221137483541858,1.1684419986527552,0.0,8.0,80000.0,0.0,0.0,2.0,0.403,1
479.0,171,1.0960334029227559,1.174321503131524,0.0,8.0,80000.0,0.0,0.0,1.0,0.49,2,0.08966201543807983,1.0,-3.95985,1.0221137483541858,1.1684419986527552,0.0,8.0,80000.0,0.0,0.0,2.0,0.403,1
574.0,1031,1.019163763066202,1.17051393728223,25.0,12.0,120000.0,20000.0,6.0,1.0,0.402,1,0.0,1.0,-4.9552,1.019163763066202,1.17051393728223,25.0,12.0,120000.0,20000.0,6.0,1.0,0.401,1
554.0,612,1.0469314079422383,1.1638838748495788,37.5,25.0,400000.0,20000.0,4.0,1.0,0.421,1,0.0,1.0,9.6560498,1.0191459901544226,1.1704935250170985,62.5,25.0,400000.0,20000.0,6.0,1.0,0.4,0
568.0,1463,1.0299295774647887,1.1572036384976525,12.5,12.0,120000.0,20000.0,3.0,1.0,0.408,0,0.0,1.0,9.768832916666668,1.0191459901544226,1.1704935250170985,37.5,12.0,120000.0,20000.0,5.0,1.0,0.4,0
571.0,1915,1.0245183887915936,1.1657180385288965,0.0,12.0,120000.0,0.0,0.0,1.0,0.405,2,0.030796289443969727,1.0,9.873383333333333,1.017391304347826,1.168478260869565,0.0,12.0,120000.0,0.0,0.0,1.0,0.401,0
562.0,207,1.0409252669039146,1.163997627520759,0.0,8.0,80000.0,0.0,0.0,2.0,0.416,1,1.0,1.0,-3.7933833333333355,1.0168018539976824,1.1678012746234068,0.0,8.0,80000.0,0.0,0.0,2.0,0.399,1
576.0,2360,1.015625,1.1664496527777777,0.0,12.0,120000.0,0.0,0.0,0.0,0.399,2,0.0,1.0,-4.9601500000000005,1.015625,1.1664496527777777,0.0,12.0,120000.0,0.0,0.0,0.0,0.397,1
570.0,1029,1.0263157894736843,1.1604532163742691,12.5,12.0,120000.0,20000.0,5.0,1.0,0.406,0,0.0,1.0,9.769182916666669,1.0156073502958742,1.1664293820171632,12.5,12.0,120000.0,20000.0,5.0,1.0,0.397,0
570.0,1464,1.0263157894736843,1.1604532163742691,12.5,12.0,120000.0,20000.0,3.0,1.0,0.406,0,0.0,1.0,9.768682916666668,1.0156073502958742,1.1664293820171632,37.5,12.0,120000.0,20000.0,5.0,1.0,0.397,0
566.0,1462,1.0335689045936396,1.1612926972909305,12.5,12.0,120000.0,20000.0,3.0,1.0,0.411,2,1.0,1.0,9.581566666666665,1.0138648180242635,1.1644280762564991,37.5,12.0,120000.0,20000.0,5.0,1.0,0.398,0
577.0,1918,1.0138648180242635,1.1644280762564991,0.0,12.0,120000.0,0.0,0.0,1.0,0.398,1,0.0,1.0,-4.96035,1.0138648180242635,1.1644280762564991,0.0,12.0,120000.0,0.0,0.0,1.0,0.398,1
557.0,613,1.0502692998204668,1.1650957510472768,37.5,25.0,400000.0,20000.0,4.0,1.0,0.42,0,0.0,1.0,9.6184498,1.0138472294440786,1.1644078756969918,62.5,25.0,400000.0,20000.0,6.0,1.0,0.398,0
572.0,1030,1.0227272727272727,1.1691433566433567,12.5,12.0,120000.0,20000.0,5.0,1.0,0.404,0,0.0,1.0,9.769082916666669,1.0120931988703794,1.1623933640872413,12.5,12.0,120000.0,20000.0,5.0,1.0,0.395,0
572.0,1465,1.0227272727272727,1.1691433566433567,25.0,12.0,120000.0,20000.0,4.0,1.0,0.404,0,0.0,1.0,9.768582916666668,1.0120931988703794,1.1623933640872413,37.5,12.0,120000.0,20000.0,5.0,1.0,0.395,0
575.0,1917,1.017391304347826,1.168478260869565,0.0,12.0,120000.0,0.0,0.0,1.0,0.401,1,0.0348791629076004,1.0,9.873133333333334,1.0103626943005182,1.1640040299366723,0.0,12.0,120000.0,0.0,0.0,1.0,0.396,0
294.0,531,1.0204081632653061,1.0310374149659864,62.5,25.0,400000.0,20000.0,6.0,1.0,0.727,1,0.04331294074654579,1.0,-3.91925,1.0102928811430494,1.163923600604617,75.0,25.0,400000.0,20000.0,7.0,1.0,0.395,1
564.0,208,1.0372340425531914,1.159869976359338,0.0,8.0,80000.0,0.0,0.0,2.0,0.413,1,1.0,1.0,-3.9188333333333354,1.0097813578826238,1.1633342922899883,0.0,8.0,80000.0,0.0,0.0,2.0,0.395,1
580.0,2362,1.0086206896551724,1.1619971264367817,0.0,12.0,120000.0,0.0,0.0,0.0,0.395,3,0.0,1.0,-4.96035,1.0086206896551724,1.1619971264367817,0.0,12.0,120000.0,0.0,0.0,0.0,0.393,1
574.0,1466,1.019163763066202,1.17051393728223,37.5,12.0,120000.0,20000.0,5.0,1.0,0.402,0,0.0,1.0,9.768482916666668,1.0086032825536926,1.1619770723152405,37.5,12.0,120000.0,20000.0,5.0,1.0,0.393,0
487.0,184,1.0780287474332648,1.1785592060232717,0.0,8.0,80000.0,0.0,0.0,1.0,0.473,2,0.9630526900291443,1.0,-3.9604,1.0080413555427916,1.1613296955772545,0.0,8.0,80000.0,0.0,0.0,2.0,0.392,1
576.0,1032,1.015625,1.1664496527777777,25.0,12.0,120000.0,20000.0,6.0,1.0,0.399,1,0.0348791629076004,1.0,9.836316666666667,1.0068846815834767,1.1599971313826736,12.5,12.0,120000.0,20000.0,5.0,1.0,0.393,0
581.0,1920,1.0068846815834767,1.1599971313826736,0.0,12.0,120000.0,0.0,0.0,1.0,0.393,1,0.0,1.0,-4.96035,1.0068846815834767,1.1599971313826736,0.0,12.0,120000.0,0.0,0.0,1.0,0.393,1
576.0,1467,1.015625,1.1664496527777777,37.5,12.0,120000.0,20000.0,5.0,1.0,0.399,0,0.0,1.0,9.768582916666668,1.005137351503628,1.1579840926332752,25.0,12.0,120000.0,20000.0,4.0,1.0,0.39,0
302.0,529,1.0430463576158941,1.0244205298013245,100.0,25.0,400000.0,20000.0,9.0,1.0,0.723,1,0.09147316962480545,1.0,-3.8815000000000004,1.0050682758342364,1.1579045129358103,87.5,25.0,400000.0,20000.0,8.0,1.0,0.39,1
563.0,615,1.039076376554174,1.1619301361752519,50.0,25.0,400000.0,20000.0,5.0,1.0,0.414,1,0.03685953840613365,1.0,9.667699800000001,1.0034133033153239,1.1685048083479732,75.0,25.0,400000.0,20000.0,7.0,1.0,0.388,0
570.0,211,1.0263157894736843,1.1604532163742691,0.0,8.0,80000.0,0.0,0.0,2.0,0.406,1,1.0,1.0,-3.7939333333333356,1.002857142857143,1.1678571428571427,0.0,8.0,80000.0,0.0,0.0,2.0,0.388,1
578.0,1033,1.0121107266435987,1.1624134948096885,12.5,12.0,120000.0,20000.0,5.0,1.0,0.398,0,0.0,1.0,9.768632916666668,1.0016951593004373,1.1700712686985164,12.5,12.0,120000.0,20000.0,5.0,1.0,0.386,0
578.0,1468,1.0121107266435987,1.1624134948096885,37.5,12.0,120000.0,20000.0,5.0,1.0,0.398,1,0.0,1.0,9.805882916666667,1.0016951593004373,1.1700712686985164,25.0,12.0,120000.0,20000.0,4.0,1.0,0.386,0
485.0,174,1.0824742268041236,1.1834192439862543,0.0,8.0,80000.0,0.0,0.0,1.0,0.477,2,1.0,1.0,-3.9607,1.0011409013120365,1.1694238448374215,0.0,8.0,80000.0,0.0,0.0,2.0,0.386,1
491.0,186,1.0896130346232178,1.188051595383571,0.0,8.0,80000.0,0.0,0.0,1.0,0.462,2,0.45969638228416443,1.0,-3.9607,1.0011409013120365,1.1694238448374215,0.0,8.0,80000.0,0.0,0.0,2.0,0.386,1
566.0,1027,1.0335689045936396,1.1612926972909305,25.0,12.0,120000.0,20000.0,6.0,1.0,0.411,2,1.0,1.0,-3.7473666666666667,1.0,1.1787749287749287,12.5,12.0,120000.0,20000.0,5.0,1.0,0.386,1
489.0,185,1.0736196319018405,1.1801295160190866,0.0,8.0,80000.0,0.0,0.0,1.0,0.467,2,0.20311683416366577,1.0,-3.9608,0.9994134325823573,1.1780834978089754,0.0,8.0,80000.0,0.0,0.0,2.0,0.384,1
586.0,2365,0.9982935153583619,1.1767633674630262,0.0,12.0,120000.0,0.0,0.0,0.0,0.384,2,0.0,1.0,-4.960850000000001,0.9982935153583619,1.1767633674630262,0.0,12.0,120000.0,0.0,0.0,0.0,0.383,1
566.0,616,1.0335689045936396,1.1612926972909305,62.5,25.0,400000.0,20000.0,6.0,1.0,0.411,0,0.0,1.0,9.617449800000001,0.998276462888407,1.1767432664389696,75.0,25.0,400000.0,20000.0,7.0,1.0,0.383,0
580.0,1469,1.0086206896551724,1.1619971264367817,37.5,12.0,120000.0,20000.0,5.0,1.0,0.395,1,1.0,1.0,9.805732916666667,0.998276462888407,1.1767432664389696,25.0,12.0,120000.0,20000.0,4.0,1.0,0.383,0
587.0,1923,0.9965928449744463,1.1800823395797841,0.0,12.0,120000.0,0.0,0.0,1.0,0.383,2,0.0,1.0,-4.960850000000001,0.9965928449744463,1.1800823395797841,0.0,12.0,120000.0,0.0,0.0,1.0,0.383,1
565.0,1912,1.0353982300884956,1.1578171091445428,0.0,12.0,120000.0,0.0,0.0,1.0,0.412,2,1.0,1.0,-3.877933749999998,0.9965758505549165,1.1800622162019576,0.0,12.0,120000.0,0.0,0.0,1.0,0.383,1
568.0,1028,1.0299295774647887,1.1572036384976525,12.5,12.0,120000.0,20000.0,5.0,1.0,0.408,2,1.0,1.0,-3.752933749999998,0.9965758505549165,1.1800622162019576,12.5,12.0,120000.0,20000.0,5.0,1.0,0.383,1
581.0,1035,1.0068846815834767,1.1599971313826736,12.5,12.0,120000.0,20000.0,5.0,1.0,0.393,0,0.0,1.0,9.768482916666668,0.9965758505549165,1.1800622162019576,12.5,12.0,120000.0,20000.0,5.0,1.0,0.383,0
588.0,2366,0.9948979591836734,1.178075396825397,0.0,12.0,120000.0,0.0,0.0,0.0,0.383,3,0.0,1.0,-4.9609000000000005,0.9948979591836734,1.178075396825397,0.0,12.0,120000.0,0.0,0.0,0.0,0.382,1
569.0,617,1.0281195079086116,1.1551698886936144,62.5,25.0,400000.0,20000.0,6.0,1.0,0.406,0,0.0,1.0,9.617249800000002,0.9931919493184844,1.1902033153335825,75.0,25.0,400000.0,20000.0,7.0,1.0,0.379,0
585.0,1037,1.0,1.1787749287749287,12.5,12.0,120000.0,20000.0,5.0,1.0,0.386,2,1.0,1.0,9.830666666666666,0.9915254237288136,1.1882062146892656,12.5,12.0,120000.0,20000.0,5.0,1.0,0.38,0
590.0,2367,0.9915254237288136,1.1882062146892656,0.0,12.0,120000.0,0.0,0.0,0.0,0.38,2,0.0,1.0,-4.96105,0.9915254237288136,1.1882062146892656,0.0,12.0,120000.0,0.0,0.0,0.0,0.379,1
584.0,1471,1.0017123287671232,1.1700913242009134,25.0,12.0,120000.0,20000.0,4.0,1.0,0.388,1,0.6524848937988281,1.0,9.792782916666669,0.9915086016930459,1.1881860558038102,37.5,12.0,120000.0,20000.0,5.0,1.0,0.379,0
497.0,189,1.1167002012072433,1.1841884641180418,0.0,8.0,80000.0,0.0,0.0,1.0,0.452,2,0.5353825688362122,1.0,-3.96105,0.9909655561829476,1.1875352907961605,0.0,8.0,80000.0,0.0,0.0,2.0,0.379,1
576.0,214,1.015625,1.1664496527777777,0.0,8.0,80000.0,0.0,0.0,2.0,0.399,1,0.0348791629076004,1.0,-3.856883333333336,0.9909655561829476,1.1875352907961605,0.0,8.0,80000.0,0.0,0.0,2.0,0.379,1
578.0,2361,1.0121107266435987,1.1624134948096885,0.0,12.0,120000.0,0.0,0.0,0.0,0.398,2,1.0,1.0,-3.5032337499999984,0.9898309505789926,1.1861756227558085,0.0,12.0,120000.0,0.0,0.0,0.0,0.377,1
421.0,570,1.163895486935867,1.1826999208234361,87.5,25.0,400000.0,20000.0,8.0,1.0,0.582,1,0.39000970125198364,1.0,-3.89415,0.98976396261291,1.1860953469346303,100.0,25.0,400000.0,20000.0,9.0,1.0,0.377,1
582.0,1470,1.0051546391752577,1.158004009163803,37.5,12.0,120000.0,20000.0,5.0,1.0,0.393,2,0.6312721371650696,1.0,9.639733333333334,0.9881756756756757,1.1841920045045045,37.5,12.0,120000.0,20000.0,5.0,1.0,0.378,0
592.0,2368,0.9881756756756757,1.1841920045045045,0.0,12.0,120000.0,0.0,0.0,0.0,0.378,2,0.0,1.0,-4.96115,0.9881756756756757,1.1841920045045045,0.0,12.0,120000.0,0.0,0.0,0.0,0.377,1
572.0,618,1.0227272727272727,1.1691433566433567,62.5,25.0,400000.0,20000.0,6.0,1.0,0.404,0,0.0,1.0,9.616899800000002,0.9881589671093568,1.1841719815965048,87.5,25.0,400000.0,20000.0,8.0,1.0,0.377,0
586.0,1472,0.9982935153583619,1.1767633674630262,25.0,12.0,120000.0,20000.0,4.0,1.0,0.384,1,0.0,1.0,9.792682916666669,0.9881589671093568,1.1841719815965048,37.5,12.0,120000.0,20000.0,5.0,1.0,0.377,0
427.0,572,1.1592505854800936,1.1807181889149103,75.0,25.0,400000.0,20000.0,7.0,1.0,0.571,1,0.6007184386253357,1.0,-3.90615,0.9880922052513775,1.1840919767346458,87.5,25.0,400000.0,20000.0,8.0,1.0,0.377,1
578.0,215,1.0121107266435987,1.1624134948096885,0.0,8.0,80000.0,0.0,0.0,2.0,0.398,1,0.0348791629076004,1.0,-3.8569833333333357,0.9876195835678109,1.1835256049521665,0.0,8.0,80000.0,0.0,0.0,2.0,0.377,1
593.0,1926,0.9865092748735245,1.18570826306914,0.0,12.0,120000.0,0.0,0.0,1.0,0.377,1,0.0,1.0,-4.9612,0.9865092748735245,1.18570826306914,0.0,12.0,120000.0,0.0,0.0,1.0,0.376,1
587.0,1038,0.9965928449744463,1.1800823395797841,12.5,12.0,120000.0,20000.0,5.0,1.0,0.383,0,0.0,1.0,9.767882916666668,0.9864926226118848,1.1856882483315923,25.0,12.0,120000.0,20000.0,6.0,1.0,0.376,0
594.0,1476,0.9848484848484848,1.183712121212121,37.5,12.0,120000.0,20000.0,5.0,1.0,0.376,1,0.0,1.0,-4.9438,0.9848484848484848,1.183712121212121,37.5,12.0,120000.0,20000.0,5.0,1.0,0.374,1
594.0,2369,0.9848484848484848,1.183712121212121,0.0,12.0,120000.0,0.0,0.0,0.0,0.376,2,0.0,1.0,-4.9613000000000005,0.9848484848484848,1.183712121212121,0.0,12.0,120000.0,0.0,0.0,0.0,0.374,1
588.0,1473,0.9948979591836734,1.178075396825397,25.0,12.0,120000.0,20000.0,4.0,1.0,0.383,0,0.0,1.0,9.767782916666668,0.984831888607399,1.1836921738069701,25.0,12.0,120000.0,20000.0,4.0,1.0,0.374,0
501.0,191,1.1077844311377245,1.1934464404524285,0.0,8.0,80000.0,0.0,0.0,1.0,0.446,2,1.0,1.0,-3.9613,0.9842961301177791,1.1830482333146382,0.0,8.0,80000.0,0.0,0.0,2.0,0.374,1
575.0,619,1.017391304347826,1.168478260869565,62.5,25.0,400000.0,20000.0,6.0,1.0,0.401,0,0.0,1.0,9.6169498,0.9831767368081757,1.1869548211466223,75.0,25.0,400000.0,20000.0,7.0,1.0,0.373,0
590.0,1474,0.9915254237288136,1.1882062146892656,37.5,12.0,120000.0,20000.0,5.0,1.0,0.38,1,0.5874461531639099,1.0,9.805132916666667,0.981527139116338,1.190206520189149,25.0,12.0,120000.0,20000.0,4.0,1.0,0.371,0
582.0,2363,1.0051546391752577,1.158004009163803,0.0,12.0,120000.0,0.0,0.0,0.0,0.393,2,0.6312721371650696,1.0,-3.58645,0.9798994974874372,1.1934673366834172,0.0,12.0,120000.0,0.0,0.0,0.0,0.371,1
597.0,1928,0.9798994974874372,1.1934673366834172,0.0,12.0,120000.0,0.0,0.0,1.0,0.371,3,0.0,1.0,-4.961450000000001,0.9798994974874372,1.1934673366834172,0.0,12.0,120000.0,0.0,0.0,1.0,0.371,1
591.0,1040,0.9898477157360406,1.1861957134799774,12.5,12.0,120000.0,20000.0,5.0,1.0,0.379,0,0.0,1.0,9.767382916666667,0.9798830676222664,1.1934473259501963,37.5,12.0,120000.0,20000.0,7.0,1.0,0.371,0
584.0,2364,1.0017123287671232,1.1700913242009134,0.0,12.0,120000.0,0.0,0.0,0.0,0.388,2,1.0,1.0,-3.5453004166666653,0.9782444946030252,1.191451628042146,0.0,12.0,120000.0,0.0,0.0,0.0,0.369,1
578.0,620,1.0121107266435987,1.1624134948096885,62.5,25.0,400000.0,20000.0,6.0,1.0,0.398,1,0.0348791629076004,1.0,9.678999800000001,0.9782444946030252,1.191451628042146,87.5,25.0,400000.0,20000.0,8.0,1.0,0.369,0
592.0,1475,0.9881756756756757,1.1841920045045045,37.5,12.0,120000.0,20000.0,5.0,1.0,0.378,0,0.0,1.0,9.767782916666668,0.9782444946030252,1.191451628042146,12.5,12.0,120000.0,20000.0,3.0,1.0,0.369,0
580.0,1034,1.0086206896551724,1.1619971264367817,12.5,12.0,120000.0,20000.0,5.0,1.0,0.395,2,1.0,1.0,-3.7537837499999984,0.9766113925208029,1.189462593454824,25.0,12.0,120000.0,20000.0,6.0,1.0,0.366,1
593.0,1041,0.9865092748735245,1.18570826306914,25.0,12.0,120000.0,20000.0,6.0,1.0,0.377,0,0.0,1.0,9.767382916666667,0.9766113925208029,1.189462593454824,25.0,12.0,120000.0,20000.0,6.0,1.0,0.366,0
601.0,1045,0.9733777038269551,1.2045895729339988,25.0,12.0,120000.0,20000.0,6.0,1.0,0.364,1,0.0,1.0,-4.956799999999999,0.9733777038269551,1.2045895729339988,25.0,12.0,120000.0,20000.0,6.0,1.0,0.364,1
581.0,621,1.0068846815834767,1.1599971313826736,75.0,25.0,400000.0,20000.0,7.0,1.0,0.393,0,0.0,1.0,9.616449800000002,0.9733614919325553,1.2045695101373324,75.0,25.0,400000.0,20000.0,7.0,1.0,0.363,0
595.0,1042,0.9831932773109243,1.1869747899159666,25.0,12.0,120000.0,20000.0,6.0,1.0,0.374,0,0.0,1.0,9.767482916666669,0.9733614919325553,1.2045695101373324,12.5,12.0,120000.0,20000.0,5.0,1.0,0.363,0
579.0,1919,1.0103626943005182,1.1640040299366723,0.0,12.0,120000.0,0.0,0.0,1.0,0.396,2,1.0,1.0,-3.9201833333333336,0.9717607973421928,1.2025885935769658,0.0,12.0,120000.0,0.0,0.0,1.0,0.363,1
602.0,628,0.9717607973421928,1.2025885935769658,75.0,25.0,400000.0,20000.0,7.0,1.0,0.363,1,0.0,1.0,-4.9068499999999995,0.9717607973421928,1.2025885935769658,75.0,25.0,400000.0,20000.0,7.0,1.0,0.363,1
602.0,2373,0.9717607973421928,1.2025885935769658,0.0,12.0,120000.0,0.0,0.0,0.0,0.363,2,0.0,1.0,-4.9619,0.9717607973421928,1.2025885935769658,0.0,12.0,120000.0,0.0,0.0,0.0,0.362,1
596.0,1477,0.9815436241610739,1.190226510067114,25.0,12.0,120000.0,20000.0,4.0,1.0,0.373,0,0.0,1.0,9.767132916666668,0.9717446392627258,1.2025685973781952,25.0,12.0,120000.0,20000.0,4.0,1.0,0.361,0
509.0,195,1.100196463654224,1.1992468893254749,0.0,8.0,80000.0,0.0,0.0,2.0,0.436,2,1.0,1.0,-3.96195,0.9712068813820434,1.201903102849929,0.0,8.0,80000.0,0.0,0.0,2.0,0.361,1
603.0,634,0.9701492537313432,1.2005942509673855,75.0,25.0,400000.0,20000.0,7.0,1.0,0.361,1,0.0,1.0,-4.906949999999999,0.9701492537313432,1.2005942509673855,75.0,25.0,400000.0,20000.0,7.0,1.0,0.361,1
583.0,1036,1.0034305317324184,1.16852487135506,25.0,12.0,120000.0,20000.0,6.0,1.0,0.39,2,0.6312721371650696,1.0,-3.7908004166666656,0.9701331491992976,1.2005743210354558,0.0,12.0,120000.0,20000.0,4.0,1.0,0.359,1
597.0,1043,0.9798994974874372,1.1934673366834172,37.5,12.0,120000.0,20000.0,7.0,1.0,0.371,0,0.0,1.0,9.767532916666669,0.9701331491992976,1.2005743210354558,0.0,12.0,120000.0,20000.0,4.0,1.0,0.359,0
599.0,1929,0.9766277128547579,1.189482470784641,0.0,12.0,120000.0,0.0,0.0,1.0,0.369,2,1.0,1.0,9.829666666666666,0.9685430463576159,1.2020557395143487,0.0,12.0,120000.0,0.0,0.0,1.0,0.36,0
584.0,622,1.0017123287671232,1.1700913242009134,75.0,25.0,400000.0,20000.0,7.0,1.0,0.388,1,0.0,1.0,9.6913998,0.96852699510725,1.2020358183578228,62.5,25.0,400000.0,20000.0,6.0,1.0,0.357,0
601.0,1930,0.9733777038269551,1.2045895729339988,0.0,12.0,120000.0,0.0,0.0,1.0,0.364,1,1.0,1.0,9.870733333333332,0.9669421487603306,1.200068870523416,0.0,12.0,120000.0,0.0,0.0,1.0,0.358,0
605.0,1932,0.9669421487603306,1.200068870523416,0.0,12.0,120000.0,0.0,0.0,1.0,0.358,1,0.0,1.0,-4.9629,0.9669421487603306,1.200068870523416,0.0,12.0,120000.0,0.0,0.0,1.0,0.357,1
511.0,196,1.1056751467710373,1.200668623613829,0.0,8.0,80000.0,0.0,0.0,2.0,0.434,2,0.6162212491035461,1.0,-3.9622,0.9664096916299559,1.1994080396475773,0.0,8.0,80000.0,0.0,0.0,2.0,0.356,1
602.0,1935,0.9717607973421928,1.2025885935769658,0.0,12.0,120000.0,0.0,0.0,1.0,0.363,1,1.0,1.0,9.870683333333332,0.9653465346534653,1.2032453245324533,0.0,12.0,120000.0,0.0,0.0,1.0,0.357,0
606.0,635,0.9653465346534653,1.2032453245324533,62.5,25.0,400000.0,20000.0,6.0,1.0,0.357,1,0.0,1.0,-4.91965,0.9653465346534653,1.2032453245324533,62.5,25.0,400000.0,20000.0,6.0,1.0,0.357,1
606.0,2375,0.9653465346534653,1.2032453245324533,0.0,12.0,120000.0,0.0,0.0,0.0,0.357,2,0.0,1.0,-4.962250000000001,0.9653465346534653,1.2032453245324533,0.0,12.0,120000.0,0.0,0.0,0.0,0.355,1
600.0,1479,0.975,1.1979166666666667,12.5,12.0,120000.0,20000.0,3.0,1.0,0.366,1,0.11183221638202667,1.0,9.786832916666667,0.9653305891762415,1.203225449471811,25.0,12.0,120000.0,20000.0,4.0,1.0,0.355,0
607.0,1933,0.9637561779242175,1.2012630422844592,0.0,12.0,120000.0,0.0,0.0,1.0,0.354,1,0.0,1.0,-4.96285,0.9637561779242175,1.2012630422844592,0.0,12.0,120000.0,0.0,0.0,1.0,0.353,1
587.0,623,0.9965928449744463,1.1800823395797841,75.0,25.0,400000.0,20000.0,7.0,1.0,0.383,1,0.5874461531639099,1.0,9.691449800000001,0.9637402849419238,1.2012432326555318,50.0,25.0,400000.0,20000.0,5.0,1.0,0.353,0
594.0,223,0.9848484848484848,1.183712121212121,0.0,8.0,80000.0,0.0,0.0,2.0,0.376,1,0.4605790376663208,1.0,-3.7959833333333357,0.9632272228320526,1.2006037321624587,0.0,8.0,80000.0,0.0,0.0,2.0,0.352,1
604.0,1936,0.9685430463576159,1.2020557395143487,0.0,12.0,120000.0,0.0,0.0,1.0,0.36,1,1.0,1.0,9.870733333333334,0.962171052631579,1.1992872807017543,0.0,12.0,120000.0,0.0,0.0,1.0,0.353,0
585.0,1922,1.0,1.1787749287749287,0.0,12.0,120000.0,0.0,0.0,1.0,0.386,2,1.0,1.0,-3.9206833333333333,0.962171052631579,1.1992872807017543,0.0,12.0,120000.0,0.0,0.0,1.0,0.353,1
608.0,2376,0.962171052631579,1.1992872807017543,0.0,12.0,120000.0,0.0,0.0,0.0,0.353,2,0.0,1.0,-4.962400000000001,0.962171052631579,1.1992872807017543,0.0,12.0,120000.0,0.0,0.0,0.0,0.352,1
602.0,1480,0.9717607973421928,1.2025885935769658,25.0,12.0,120000.0,20000.0,4.0,1.0,0.363,1,1.0,1.0,9.791682916666668,0.9621552118854095,1.1992675361819565,25.0,12.0,120000.0,20000.0,4.0,1.0,0.352,0
603.0,1931,0.9701492537313432,1.2005942509673855,0.0,12.0,120000.0,0.0,0.0,1.0,0.361,1,1.0,1.0,9.78735,0.960591133004926,1.1973180076628354,0.0,12.0,120000.0,0.0,0.0,1.0,0.352,0
609.0,1934,0.960591133004926,1.1973180076628354,0.0,12.0,120000.0,0.0,0.0,1.0,0.352,1,0.0,1.0,-4.962950000000001,0.960591133004926,1.1973180076628354,0.0,12.0,120000.0,0.0,0.0,1.0,0.351,1
603.0,1046,0.9701492537313432,1.2005942509673855,12.5,12.0,120000.0,20000.0,5.0,1.0,0.361,1,1.0,1.0,9.745883333333333,0.959016393442623,1.1953551912568308,12.5,12.0,120000.0,20000.0,5.0,1.0,0.351,0
606.0,1937,0.9653465346534653,1.2032453245324533,0.0,12.0,120000.0,0.0,0.0,1.0,0.357,1,0.6019312739372253,1.0,9.870683333333334,0.959016393442623,1.1953551912568308,0.0,12.0,120000.0,0.0,0.0,1.0,0.352,0
610.0,2377,0.959016393442623,1.1953551912568308,0.0,12.0,120000.0,0.0,0.0,0.0,0.352,3,0.0,1.0,-4.9624500000000005,0.959016393442623,1.1953551912568308,0.0,12.0,120000.0,0.0,0.0,0.0,0.351,1
590.0,624,0.9915254237288136,1.1882062146892656,75.0,25.0,400000.0,20000.0,7.0,1.0,0.38,1,0.0,1.0,9.691349800000001,0.9590006563990647,1.195335575995985,50.0,25.0,400000.0,20000.0,5.0,1.0,0.351,0
604.0,1481,0.9685430463576159,1.2020557395143487,25.0,12.0,120000.0,20000.0,4.0,1.0,0.36,1,1.0,1.0,9.791632916666668,0.9590006563990647,1.195335575995985,25.0,12.0,120000.0,20000.0,4.0,1.0,0.351,0
605.0,1047,0.9669421487603306,1.200068870523416,0.0,12.0,120000.0,20000.0,4.0,1.0,0.358,0,0.0,1.0,9.76755,0.9574468085106382,1.1933987997817783,0.0,12.0,120000.0,20000.0,5.0,1.0,0.351,0
591.0,630,0.9898477157360406,1.1861957134799774,87.5,25.0,400000.0,20000.0,8.0,1.0,0.379,1,1.0,1.0,9.704099800000002,0.9574311229369222,1.1933792486749384,37.5,25.0,400000.0,20000.0,4.0,1.0,0.351,0
612.0,2378,0.9558823529411765,1.1914488017429194,0.0,12.0,120000.0,0.0,0.0,0.0,0.35,3,0.0,1.0,-4.96255,0.9558823529411765,1.1914488017429194,0.0,12.0,120000.0,0.0,0.0,0.0,0.349,1
608.0,1938,0.962171052631579,1.1992872807017543,0.0,12.0,120000.0,0.0,0.0,1.0,0.353,1,0.6019312739372253,1.0,9.828916666666666,0.9543230016313214,1.189505165851006,0.0,12.0,120000.0,0.0,0.0,1.0,0.35,0
573.0,1916,1.0209424083769634,1.1725567190226878,0.0,12.0,120000.0,0.0,0.0,1.0,0.403,3,0.2292645275592804,1.0,-3.9626,0.9609746406773303,1.187645212701503,0.0,12.0,120000.0,0.0,0.0,1.0,0.348,1
610.0,1939,0.959016393442623,1.1953551912568308,0.0,12.0,120000.0,0.0,0.0,1.0,0.352,1,0.31453588604927063,1.0,9.870783333333334,0.9609120521172638,1.1926574375678614,0.0,12.0,120000.0,0.0,0.0,1.0,0.349,0
608.0,1483,0.962171052631579,1.1992872807017543,25.0,12.0,120000.0,20000.0,4.0,1.0,0.353,1,0.0,1.0,9.79163291666667,0.9608963866892007,1.1926379940722247,12.5,12.0,120000.0,20000.0,3.0,1.0,0.346,0
609.0,1049,0.960591133004926,1.1973180076628354,12.5,12.0,120000.0,20000.0,5.0,1.0,0.352,1,0.31453588604927063,1.0,9.78735,0.959349593495935,1.19579945799458,12.5,12.0,120000.0,20000.0,5.0,1.0,0.347,0
616.0,2380,0.9577922077922078,1.198931277056277,0.0,12.0,120000.0,0.0,0.0,0.0,0.346,3,0.0,1.0,-4.96275,0.9577922077922078,1.198931277056277,0.0,12.0,120000.0,0.0,0.0,0.0,0.345,1
596.0,626,0.9815436241610739,1.190226510067114,75.0,25.0,400000.0,20000.0,7.0,1.0,0.373,0,0.0,1.0,9.615999800000003,0.957776643921744,1.1989117947396126,50.0,25.0,400000.0,20000.0,5.0,1.0,0.344,0
610.0,1484,0.959016393442623,1.1953551912568308,25.0,12.0,120000.0,20000.0,4.0,1.0,0.352,1,0.0,1.0,9.79178291666667,0.957776643921744,1.1989117947396126,0.0,12.0,120000.0,20000.0,2.0,1.0,0.344,0
607.0,1048,0.9637561779242175,1.2012630422844592,12.5,12.0,120000.0,20000.0,5.0,1.0,0.354,2,0.6019312739372253,1.0,9.620583333333334,0.9562398703403566,1.196988114532685,12.5,12.0,120000.0,20000.0,5.0,1.0,0.345,0
617.0,1053,0.9562398703403566,1.196988114532685,12.5,12.0,120000.0,20000.0,5.0,1.0,0.345,1,0.0,1.0,-4.963,0.9562398703403566,1.196988114532685,12.5,12.0,120000.0,20000.0,5.0,1.0,0.345,1
597.0,632,0.9798994974874372,1.1934673366834172,87.5,25.0,400000.0,20000.0,8.0,1.0,0.371,0,0.0,1.0,9.6161998,0.9562243568787482,1.1969686953160883,37.5,25.0,400000.0,20000.0,4.0,1.0,0.343,0
611.0,1050,0.9574468085106382,1.1933987997817783,0.0,12.0,120000.0,20000.0,4.0,1.0,0.351,1,0.0,1.0,9.786732916666669,0.9562243568787482,1.1969686953160883,0.0,12.0,120000.0,20000.0,4.0,1.0,0.343,0
612.0,1940,0.9558823529411765,1.1914488017429194,0.0,12.0,120000.0,0.0,0.0,1.0,0.35,1,0.31453588604927063,1.0,9.7872,0.9546925566343042,1.1950512405609492,0.0,12.0,120000.0,0.0,0.0,1.0,0.344,0
599.0,1044,0.9766277128547579,1.189482470784641,37.5,12.0,120000.0,20000.0,7.0,1.0,0.369,2,1.0,1.0,-3.737483749999998,0.9546770933370481,1.19503188413836,0.0,12.0,120000.0,20000.0,4.0,1.0,0.342,1
614.0,1941,0.9609120521172638,1.1926574375678614,0.0,12.0,120000.0,0.0,0.0,1.0,0.349,2,1.0,1.0,9.828816666666665,0.9531502423263328,1.1931206246634356,0.0,12.0,120000.0,0.0,0.0,1.0,0.343,0
615.0,1052,0.959349593495935,1.19579945799458,12.5,12.0,120000.0,20000.0,5.0,1.0,0.347,1,1.0,1.0,9.828766666666665,0.9516129032258064,1.1911962365591398,0.0,12.0,120000.0,20000.0,4.0,1.0,0.342,0
620.0,1944,0.9516129032258064,1.1911962365591398,0.0,12.0,120000.0,0.0,0.0,1.0,0.342,1,0.0,1.0,-4.963150000000001,0.9516129032258064,1.1911962365591398,0.0,12.0,120000.0,0.0,0.0,1.0,0.342,1
620.0,2382,0.9516129032258064,1.1911962365591398,0.0,12.0,120000.0,0.0,0.0,0.0,0.342,2,0.0,1.0,-4.9629,0.9516129032258064,1.1911962365591398,0.0,12.0,120000.0,0.0,0.0,0.0,0.342,1
616.0,1942,0.9577922077922078,1.198931277056277,0.0,12.0,120000.0,0.0,0.0,1.0,0.346,1,1.0,1.0,9.828516666666665,0.9500805152979066,1.1892780461621042,0.0,12.0,120000.0,0.0,0.0,1.0,0.342,0
618.0,1943,0.9546925566343042,1.1950512405609492,0.0,12.0,120000.0,0.0,0.0,1.0,0.344,1,1.0,1.0,9.828666666666665,0.9470304975922954,1.1904761904761907,0.0,12.0,120000.0,0.0,0.0,1.0,0.34,0
606.0,1482,0.9653465346534653,1.2032453245324533,37.5,12.0,120000.0,20000.0,5.0,1.0,0.357,1,0.6019312739372253,1.0,-3.6538333333333335,0.9470304975922954,1.1904761904761907,37.5,12.0,120000.0,20000.0,5.0,1.0,0.34,1
618.0,1485,0.9546925566343042,1.1950512405609492,0.0,12.0,120000.0,20000.0,2.0,1.0,0.344,0,0.0,1.0,9.766499999999999,0.9455128205128205,1.188568376068376,25.0,12.0,120000.0,20000.0,5.0,1.0,0.34,0
624.0,1946,0.9455128205128205,1.188568376068376,0.0,12.0,120000.0,0.0,0.0,1.0,0.34,2,0.0,1.0,-4.963000000000001,0.9455128205128205,1.188568376068376,0.0,12.0,120000.0,0.0,0.0,1.0,0.34,1
583.0,1921,1.0034305317324184,1.16852487135506,0.0,12.0,120000.0,0.0,0.0,1.0,0.39,3,0.6524848937988281,1.0,-3.96305,0.952060916665692,1.1867425992051346,0.0,12.0,120000.0,0.0,0.0,1.0,0.339,1
622.0,1945,0.9485530546623794,1.18736602357985,0.0,12.0,120000.0,0.0,0.0,1.0,0.342,2,0.857663631439209,1.0,9.870233333333333,0.950479233226837,1.1847710330138446,0.0,12.0,120000.0,0.0,0.0,1.0,0.338,0
626.0,1947,0.950479233226837,1.1847710330138446,0.0,12.0,120000.0,0.0,0.0,1.0,0.338,2,0.0,1.0,-4.963100000000001,0.950479233226837,1.1847710330138446,0.0,12.0,120000.0,0.0,0.0,1.0,0.338,1
620.0,1486,0.9516129032258064,1.1911962365591398,12.5,12.0,120000.0,20000.0,3.0,1.0,0.342,0,0.0,1.0,9.765732916666668,0.9504640349121574,1.1847520883358824,37.5,12.0,120000.0,20000.0,5.0,1.0,0.338,0
621.0,1055,0.9500805152979066,1.1892780461621042,0.0,12.0,120000.0,20000.0,4.0,1.0,0.342,1,0.30542129278182983,1.0,9.78665,0.9489633173843701,1.1878654970760234,12.5,12.0,120000.0,20000.0,5.0,1.0,0.338,0
627.0,642,0.9489633173843701,1.1878654970760234,75.0,25.0,400000.0,20000.0,7.0,1.0,0.338,1,0.0,1.0,-4.90815,0.9489633173843701,1.1878654970760234,75.0,25.0,400000.0,20000.0,7.0,1.0,0.337,1
628.0,1948,0.947452229299363,1.185973991507431,0.0,12.0,120000.0,0.0,0.0,1.0,0.336,2,0.0,1.0,-4.9632000000000005,0.947452229299363,1.185973991507431,0.0,12.0,120000.0,0.0,0.0,1.0,0.336,1
622.0,1487,0.9485530546623794,1.18736602357985,25.0,12.0,120000.0,20000.0,4.0,1.0,0.342,0,0.0,1.0,9.765632916666668,0.947437127634319,1.1859550879876368,37.5,12.0,120000.0,20000.0,5.0,1.0,0.336,0
614.0,2379,0.9609120521172638,1.1926574375678614,0.0,12.0,120000.0,0.0,0.0,0.0,0.349,2,1.0,1.0,-3.5882,0.945945945945946,1.184088500264971,0.0,12.0,120000.0,0.0,0.0,0.0,0.336,1
609.0,636,0.960591133004926,1.1973180076628354,50.0,25.0,400000.0,20000.0,5.0,1.0,0.352,1,0.31453588604927063,1.0,9.665299800000001,0.9459308922603632,1.1840696568035007,62.5,25.0,400000.0,20000.0,6.0,1.0,0.335,0
623.0,1056,0.9470304975922954,1.1904761904761907,12.5,12.0,120000.0,20000.0,5.0,1.0,0.34,0,0.0,1.0,9.766082916666669,0.9459308922603632,1.1840696568035007,12.5,12.0,120000.0,20000.0,5.0,1.0,0.335,0
589.0,1039,0.9932088285229201,1.190223542727787,12.5,12.0,120000.0,20000.0,5.0,1.0,0.382,3,0.5874461531639099,1.0,-3.96325,0.9524414097332943,1.1822840415960163,12.5,12.0,120000.0,20000.0,5.0,1.0,0.335,1
630.0,1949,0.9523809523809524,1.1822089947089947,0.0,12.0,120000.0,0.0,0.0,1.0,0.335,3,0.0,1.0,-4.96325,0.9523809523809524,1.1822089947089947,0.0,12.0,120000.0,0.0,0.0,1.0,0.335,1
624.0,1488,0.9455128205128205,1.188568376068376,25.0,12.0,120000.0,20000.0,4.0,1.0,0.34,0,0.0,1.0,9.765582916666668,0.9523658203462513,1.1821902110200861,37.5,12.0,120000.0,20000.0,5.0,1.0,0.335,0
589.0,1924,0.9932088285229201,1.190223542727787,0.0,12.0,120000.0,0.0,0.0,1.0,0.382,3,0.5874461531639099,1.0,-3.96325,0.95885633068885,1.1804102555828646,0.0,12.0,120000.0,0.0,0.0,1.0,0.335,1
631.0,227,0.9587955625990491,1.1852879027997885,0.0,8.0,80000.0,0.0,0.0,2.0,0.335,1,0.0,1.0,-4.96325,0.9587955625990491,1.1852879027997885,0.0,8.0,80000.0,0.0,0.0,2.0,0.335,1
591.0,1925,0.9898477157360406,1.1861957134799774,0.0,12.0,120000.0,0.0,0.0,1.0,0.379,3,0.4605790376663208,1.0,-3.9633,0.9652509499770405,1.1834873327928879,0.0,12.0,120000.0,0.0,0.0,1.0,0.334,1
627.0,1058,0.9489633173843701,1.1878654970760234,12.5,12.0,120000.0,20000.0,5.0,1.0,0.338,1,0.857663631439209,1.0,9.828416666666666,0.9651898734177214,1.1834124472573841,12.5,12.0,120000.0,20000.0,5.0,1.0,0.335,0
612.0,637,0.9558823529411765,1.1914488017429194,37.5,25.0,400000.0,20000.0,4.0,1.0,0.35,1,0.31453588604927063,1.0,9.6526998,0.965174586396187,1.1833937039488767,62.5,25.0,400000.0,20000.0,6.0,1.0,0.333,0
626.0,1489,0.950479233226837,1.1847710330138446,37.5,12.0,120000.0,20000.0,5.0,1.0,0.338,0,0.0,1.0,9.765732916666668,0.965174586396187,1.1833937039488767,25.0,12.0,120000.0,20000.0,4.0,1.0,0.333,0
618.0,2381,0.9546925566343042,1.1950512405609492,0.0,12.0,120000.0,0.0,0.0,0.0,0.344,2,0.30542129278182983,1.0,-3.58835,0.9636650868878357,1.181542917324908,0.0,12.0,120000.0,0.0,0.0,0.0,0.333,1
628.0,1490,0.947452229299363,1.185973991507431,37.5,12.0,120000.0,20000.0,5.0,1.0,0.336,0,0.0,1.0,9.765582916666668,0.9621299196837602,1.17966065972155,25.0,12.0,120000.0,20000.0,4.0,1.0,0.33,0
615.0,638,0.959349593495935,1.19579945799458,50.0,25.0,400000.0,20000.0,5.0,1.0,0.347,0,0.0,1.0,9.615199800000003,0.9606147783402658,1.1827241379496782,50.0,25.0,400000.0,20000.0,5.0,1.0,0.328,0
629.0,1059,0.945945945945946,1.184088500264971,12.5,12.0,120000.0,20000.0,5.0,1.0,0.336,0,0.0,1.0,9.765982916666669,0.9606147783402658,1.1827241379496782,0.0,12.0,120000.0,20000.0,4.0,1.0,0.328,0
595.0,1927,0.9831932773109243,1.1869747899159666,0.0,12.0,120000.0,0.0,0.0,1.0,0.374,3,1.0,1.0,-3.9636,0.9670419371180273,1.1809573791702197,0.0,12.0,120000.0,0.0,0.0,1.0,0.328,1
632.0,1950,0.9651898734177214,1.1834124472573841,0.0,12.0,120000.0,0.0,0.0,1.0,0.335,1,0.857663631439209,1.0,9.869533333333335,0.9669811320754716,1.1972615303983227,0.0,12.0,120000.0,0.0,0.0,1.0,0.329,0
630.0,1491,0.9523809523809524,1.1822089947089947,37.5,12.0,120000.0,20000.0,5.0,1.0,0.335,0,0.0,1.0,9.765432916666667,0.9669659130050485,1.1972426870032018,25.0,12.0,120000.0,20000.0,4.0,1.0,0.327,0
596.0,2370,0.9815436241610739,1.190226510067114,0.0,12.0,120000.0,0.0,0.0,0.0,0.373,3,0.5488142967224121,1.0,-3.96365,0.9733735089585924,1.1954570481329487,0.0,12.0,120000.0,0.0,0.0,0.0,0.327,1
622.0,2383,0.9485530546623794,1.18736602357985,0.0,12.0,120000.0,0.0,0.0,0.0,0.342,2,0.857663631439209,1.0,-3.58865,0.9733124018838305,1.2002878074306647,0.0,12.0,120000.0,0.0,0.0,0.0,0.327,1
634.0,1951,0.9621451104100947,1.1796792849631965,0.0,12.0,120000.0,0.0,0.0,1.0,0.331,1,0.27817481756210327,1.0,9.869633333333333,0.9717868338557993,1.2196316614420062,0.0,12.0,120000.0,0.0,0.0,1.0,0.326,0
618.0,639,0.9546925566343042,1.1950512405609492,37.5,25.0,400000.0,20000.0,4.0,1.0,0.344,1,1.0,1.0,9.652449800000001,0.9717715870946916,1.219612526142027,50.0,25.0,400000.0,20000.0,5.0,1.0,0.323,0
598.0,2371,0.9782608695652175,1.1914715719063547,0.0,12.0,120000.0,0.0,0.0,0.0,0.371,3,0.5488142967224121,1.0,-3.96385,0.9781519816866162,1.2177992171998373,0.0,12.0,120000.0,0.0,0.0,0.0,0.323,1
619.0,1054,0.9531502423263328,1.1931206246634356,0.0,12.0,120000.0,20000.0,4.0,1.0,0.343,2,0.30542129278182983,1.0,-3.7976504166666656,0.9780754451718214,1.2177039292389176,0.0,12.0,120000.0,20000.0,4.0,1.0,0.322,1
598.0,1478,0.9782608695652175,1.1914715719063547,25.0,12.0,120000.0,20000.0,4.0,1.0,0.371,3,0.5488142967224121,1.0,-3.9589000000000003,0.9844365119001734,1.2158962870195593,25.0,12.0,120000.0,20000.0,4.0,1.0,0.322,1
640.0,1954,0.984375,1.2320963541666667,0.0,12.0,120000.0,0.0,0.0,1.0,0.322,3,0.0,1.0,-4.963900000000001,0.984375,1.2320963541666667,0.0,12.0,120000.0,0.0,0.0,1.0,0.322,1
624.0,2384,0.9455128205128205,1.188568376068376,0.0,12.0,120000.0,0.0,0.0,0.0,0.34,2,0.857663631439209,1.0,-3.6310337499999985,0.9843596040005688,1.2320770837110293,0.0,12.0,120000.0,0.0,0.0,0.0,0.321,1
634.0,1493,0.9621451104100947,1.1796792849631965,25.0,12.0,120000.0,20000.0,4.0,1.0,0.331,0,0.0,1.0,9.765132916666667,0.9843596040005688,1.2320770837110293,25.0,12.0,120000.0,20000.0,4.0,1.0,0.321,0
600.0,2372,0.975,1.1979166666666667,0.0,12.0,120000.0,0.0,0.0,0.0,0.366,3,1.0,1.0,-3.96395,0.9907014323717326,1.2302509585062362,0.0,12.0,120000.0,0.0,0.0,0.0,0.321,1
621.0,640,0.9500805152979066,1.1892780461621042,50.0,25.0,400000.0,20000.0,5.0,1.0,0.342,1,0.0,1.0,9.664799800000003,0.9906241557756641,1.2301549965914989,50.0,25.0,400000.0,20000.0,5.0,1.0,0.32,0
642.0,1955,0.9890965732087228,1.2444833852544133,0.0,12.0,120000.0,0.0,0.0,1.0,0.32,3,0.0,1.0,-4.964,0.9890965732087228,1.2444833852544133,0.0,12.0,120000.0,0.0,0.0,1.0,0.32,1
636.0,1494,0.9669811320754716,1.1972615303983227,25.0,12.0,120000.0,20000.0,4.0,1.0,0.329,0,0.0,1.0,9.765032916666668,0.9890811515540077,1.2444639816960694,25.0,12.0,120000.0,20000.0,4.0,1.0,0.319,0
200.0,485,0.775,0.7916666666666666,50.0,25.0,400000.0,20000.0,5.0,1.0,0.847,2,0.04265980049967766,1.0,-3.93405,0.9880551497426625,1.2431730640627006,62.5,25.0,400000.0,20000.0,6.0,1.0,0.319,1
643.0,233,0.9875583203732503,1.2474079834110938,0.0,8.0,80000.0,0.0,0.0,2.0,0.319,1,0.0,1.0,-4.96405,0.9875583203732503,1.2474079834110938,0.0,8.0,80000.0,0.0,0.0,2.0,0.319,1
644.0,1956,0.9860248447204969,1.2454710144927537,0.0,12.0,120000.0,0.0,0.0,1.0,0.319,3,0.0,1.0,-4.96405,0.9860248447204969,1.2454710144927537,0.0,12.0,120000.0,0.0,0.0,1.0,0.319,1
624.0,641,0.9455128205128205,1.188568376068376,62.5,25.0,400000.0,20000.0,6.0,1.0,0.34,0,0.0,1.0,9.614699800000002,0.986009518702978,1.2454516558420163,50.0,25.0,400000.0,20000.0,5.0,1.0,0.318,0
209.0,488,0.7894736842105263,0.8273524720893142,25.0,25.0,400000.0,20000.0,3.0,1.0,0.833,2,1.0,1.0,-3.9591000000000003,0.9849898762947338,1.2441637216977441,50.0,25.0,400000.0,20000.0,5.0,1.0,0.318,1
625.0,1057,0.9520000000000001,1.1866666666666665,25.0,12.0,120000.0,20000.0,6.0,1.0,0.339,2,0.857663631439209,1.0,-3.7924333333333338,0.9844961240310077,1.2435400516795865,0.0,12.0,120000.0,20000.0,5.0,1.0,0.318,1
646.0,1957,0.9829721362229102,1.2416150670794632,0.0,12.0,120000.0,0.0,0.0,1.0,0.317,1,0.0,1.0,-4.96415,0.9829721362229102,1.2416150670794632,0.0,12.0,120000.0,0.0,0.0,1.0,0.317,1
646.0,2390,0.9829721362229102,1.2416150670794632,0.0,12.0,120000.0,0.0,0.0,0.0,0.317,3,0.0,1.0,-4.96415,0.9829721362229102,1.2416150670794632,0.0,12.0,120000.0,0.0,0.0,0.0,0.317,1
640.0,1496,0.984375,1.2320963541666667,25.0,12.0,120000.0,20000.0,4.0,1.0,0.322,0,0.0,1.0,9.764682916666668,0.9829569049556987,1.2415958281100525,37.5,12.0,120000.0,20000.0,5.0,1.0,0.317,0
212.0,489,0.7783018867924528,0.8303852201257862,25.0,25.0,400000.0,20000.0,3.0,1.0,0.825,2,1.0,1.0,-3.95915,0.9819435630076305,1.2403158522242053,62.5,25.0,400000.0,20000.0,6.0,1.0,0.317,1
633.0,228,0.9636650868878357,1.181542917324908,0.0,8.0,80000.0,0.0,0.0,2.0,0.333,1,0.857663631439209,1.0,-3.8602833333333355,0.9886714727085478,1.2390576725025746,0.0,8.0,80000.0,0.0,0.0,2.0,0.316,1
604.0,2374,0.9685430463576159,1.2020557395143487,0.0,12.0,120000.0,0.0,0.0,0.0,0.36,3,0.6019312739372253,1.0,-3.9642,0.9877152758238894,1.237859313776684,0.0,12.0,120000.0,0.0,0.0,0.0,0.316,1
642.0,1497,0.9890965732087228,1.2444833852544133,25.0,12.0,120000.0,20000.0,4.0,1.0,0.32,0,0.0,1.0,9.764482916666669,0.9876390644027243,1.237763801416175,37.5,12.0,120000.0,20000.0,5.0,1.0,0.313,0
635.0,229,0.9606299212598426,1.182742782152231,0.0,8.0,80000.0,0.0,0.0,2.0,0.33,1,0.27817481756210327,1.0,-3.7983089583333336,0.987131288661903,1.237127428824325,0.0,8.0,80000.0,0.0,0.0,2.0,0.313,1
224.0,494,0.7366071428571428,0.939360119047619,50.0,25.0,400000.0,20000.0,5.0,1.0,0.812,2,0.24756893515586853,1.0,-3.9343500000000002,0.9866240347791551,1.2364917102538238,62.5,25.0,400000.0,20000.0,6.0,1.0,0.313,1
632.0,1492,0.9651898734177214,1.1834124472573841,37.5,12.0,120000.0,20000.0,5.0,1.0,0.335,1,0.857663631439209,1.0,-3.6551833333333335,0.9861325115562404,1.235875706214689,37.5,12.0,120000.0,20000.0,5.0,1.0,0.313,1
650.0,1501,0.9846153846153847,1.2387820512820513,37.5,12.0,120000.0,20000.0,5.0,1.0,0.312,1,0.0,1.0,-4.94695,0.9846153846153847,1.2387820512820513,37.5,12.0,120000.0,20000.0,5.0,1.0,0.311,1
650.0,2392,0.9846153846153847,1.2387820512820513,0.0,12.0,120000.0,0.0,0.0,0.0,0.312,2,0.0,1.0,-4.964500000000001,0.9846153846153847,1.2387820512820513,0.0,12.0,120000.0,0.0,0.0,0.0,0.31,1
630.0,643,0.9523809523809524,1.1822089947089947,62.5,25.0,400000.0,20000.0,6.0,1.0,0.335,0,0.0,1.0,9.614299800000001,0.9846002217719693,1.2387629743322466,50.0,25.0,400000.0,20000.0,5.0,1.0,0.31,0
644.0,1498,0.9860248447204969,1.2454710144927537,25.0,12.0,120000.0,20000.0,4.0,1.0,0.319,0,0.0,1.0,9.764582916666667,0.9846002217719693,1.2387629743322466,25.0,12.0,120000.0,20000.0,4.0,1.0,0.31,0
648.0,1958,0.9876543209876543,1.2377829218106995,0.0,12.0,120000.0,0.0,0.0,1.0,0.316,1,0.01381613127887249,1.0,9.868533333333334,0.98159509202454,1.2349821063394681,0.0,12.0,120000.0,0.0,0.0,1.0,0.309,0
646.0,1060,0.9829721362229102,1.2416150670794632,0.0,12.0,120000.0,20000.0,5.0,1.0,0.317,0,0.0,1.0,9.7652,0.98159509202454,1.2349821063394681,12.5,12.0,120000.0,20000.0,7.0,1.0,0.309,0
652.0,2393,0.98159509202454,1.2349821063394681,0.0,12.0,120000.0,0.0,0.0,0.0,0.309,2,0.0,1.0,-4.964550000000001,0.98159509202454,1.2349821063394681,0.0,12.0,120000.0,0.0,0.0,0.0,0.309,1
646.0,1499,0.9829721362229102,1.2416150670794632,37.5,12.0,120000.0,20000.0,5.0,1.0,0.317,0,0.0,1.0,9.764482916666667,0.9815800220613177,1.2349631462457658,25.0,12.0,120000.0,20000.0,4.0,1.0,0.308,0
648.0,2391,0.9876543209876543,1.2377829218106995,0.0,12.0,120000.0,0.0,0.0,0.0,0.316,2,0.9056781530380249,1.0,9.827116666666665,0.9800918836140888,1.2330908626850434,0.0,12.0,120000.0,0.0,0.0,0.0,0.309,0
650.0,1959,0.9846153846153847,1.2387820512820513,0.0,12.0,120000.0,0.0,0.0,1.0,0.312,1,0.9056781530380249,1.0,9.868683333333333,0.9785932721712538,1.2312054026503567,0.0,12.0,120000.0,0.0,0.0,1.0,0.307,0
654.0,2394,0.9785932721712538,1.2312054026503567,0.0,12.0,120000.0,0.0,0.0,0.0,0.307,2,0.0,1.0,-4.964650000000001,0.9785932721712538,1.2312054026503567,0.0,12.0,120000.0,0.0,0.0,0.0,0.307,1
648.0,1061,0.9876543209876543,1.2377829218106995,12.5,12.0,120000.0,20000.0,6.0,1.0,0.316,1,0.0,1.0,9.784432916666667,0.978578294237423,1.2311865583423307,25.0,12.0,120000.0,20000.0,7.0,1.0,0.307,0
648.0,1500,0.9876543209876543,1.2377829218106995,37.5,12.0,120000.0,20000.0,5.0,1.0,0.316,1,0.01381613127887249,1.0,9.801932916666667,0.978578294237423,1.2311865583423307,25.0,12.0,120000.0,20000.0,4.0,2.0,0.307,0
613.0,1051,0.9543230016313214,1.189505165851006,12.5,12.0,120000.0,20000.0,5.0,1.0,0.35,3,0.31453588604927063,1.0,-3.96465,0.9847929494199197,1.2294007588850095,25.0,12.0,120000.0,20000.0,7.0,1.0,0.307,1
636.0,645,0.9669811320754716,1.1972615303983227,50.0,25.0,400000.0,20000.0,5.0,1.0,0.329,0,0.0,1.0,9.614249800000001,0.9832167042694974,1.2274329980625347,37.5,25.0,400000.0,20000.0,4.0,2.0,0.304,0
657.0,240,0.9817351598173516,1.2287544393708776,0.0,8.0,80000.0,0.0,0.0,2.0,0.304,1,0.0,1.0,-4.9648,0.9817351598173516,1.2287544393708776,0.0,8.0,80000.0,0.0,0.0,2.0,0.304,1
658.0,2396,0.9802431610942248,1.2348024316109423,0.0,12.0,120000.0,0.0,0.0,0.0,0.304,3,0.0,1.0,-4.9648,0.9802431610942248,1.2348024316109423,0.0,12.0,120000.0,0.0,0.0,0.0,0.304,1
652.0,1063,0.98159509202454,1.2349821063394681,12.5,12.0,120000.0,20000.0,6.0,1.0,0.309,0,0.0,1.0,9.764032916666668,0.9802282491112863,1.23478364713631,37.5,12.0,120000.0,20000.0,8.0,1.0,0.304,0
652.0,1502,0.98159509202454,1.2349821063394681,25.0,12.0,120000.0,20000.0,4.0,1.0,0.309,0,0.0,1.0,9.763782916666669,0.9802282491112863,1.23478364713631,50.0,12.0,120000.0,20000.0,6.0,2.0,0.304,0
560.0,206,1.0446428571428572,1.1681547619047619,0.0,8.0,80000.0,0.0,0.0,2.0,0.419,2,0.5487749576568604,1.0,-3.9648,0.979746835443038,1.2341772151898733,0.0,8.0,80000.0,0.0,0.0,2.0,0.304,1
639.0,646,0.9780907668231612,1.2177230046948355,50.0,25.0,400000.0,20000.0,5.0,1.0,0.323,0,0.0,1.0,9.614449800000001,0.9787408236788392,1.2329099523086149,25.0,25.0,400000.0,20000.0,3.0,2.0,0.303,0
566.0,209,1.0335689045936396,1.1612926972909305,0.0,8.0,80000.0,0.0,0.0,2.0,0.411,2,1.0,1.0,-3.9648499999999998,0.9782608695652175,1.2323053589484327,0.0,8.0,80000.0,0.0,0.0,2.0,0.303,1
660.0,2397,0.9772727272727273,1.2310606060606062,0.0,12.0,120000.0,0.0,0.0,0.0,0.303,3,0.0,1.0,-4.96485,0.9772727272727273,1.2310606060606062,0.0,12.0,120000.0,0.0,0.0,0.0,0.303,1
654.0,1064,0.9785932721712538,1.2312054026503567,25.0,12.0,120000.0,20000.0,7.0,1.0,0.307,0,0.0,1.0,9.763932916666668,0.9772579055278268,1.2310419352579212,37.5,12.0,120000.0,20000.0,8.0,1.0,0.302,0
654.0,1503,0.9785932721712538,1.2312054026503567,25.0,12.0,120000.0,20000.0,4.0,2.0,0.307,0,0.0,1.0,9.763432916666668,0.9772579055278268,1.2310419352579212,62.5,12.0,120000.0,20000.0,7.0,2.0,0.302,0
655.0,1511,0.9847328244274809,1.2293256997455468,25.0,12.0,120000.0,20000.0,4.0,2.0,0.307,2,0.9056781530380249,1.0,9.79015,0.9757942511346445,1.2291981845688351,62.5,12.0,120000.0,20000.0,7.0,2.0,0.303,0
661.0,242,0.9757942511346445,1.2291981845688351,0.0,8.0,80000.0,0.0,0.0,2.0,0.303,1,0.0,1.0,-4.96485,0.9757942511346445,1.2291981845688351,0.0,8.0,80000.0,0.0,0.0,2.0,0.303,1
662.0,1507,0.974320241691843,1.235208962739174,75.0,12.0,120000.0,20000.0,8.0,2.0,0.303,1,0.0,1.0,-4.91035,0.974320241691843,1.235208962739174,75.0,12.0,120000.0,20000.0,8.0,2.0,0.303,1
642.0,647,0.9890965732087228,1.2444833852544133,50.0,25.0,400000.0,20000.0,5.0,1.0,0.32,0,0.0,1.0,9.614649800000002,0.9743055093683552,1.2351902856171817,12.5,25.0,400000.0,20000.0,3.0,2.0,0.302,0
656.0,1065,0.9832317073170732,1.2274517276422765,25.0,12.0,120000.0,20000.0,7.0,1.0,0.305,0,0.0,1.0,9.763932916666668,0.9743055093683552,1.2351902856171817,37.5,12.0,120000.0,20000.0,8.0,1.0,0.302,0
656.0,1504,0.9832317073170732,1.2274517276422765,25.0,12.0,120000.0,20000.0,4.0,2.0,0.305,0,0.0,1.0,9.763432916666668,0.9743055093683552,1.2351902856171817,62.5,12.0,120000.0,20000.0,7.0,2.0,0.302,0
657.0,1512,0.9817351598173516,1.2287544393708776,37.5,12.0,120000.0,20000.0,5.0,2.0,0.304,0,0.0,1.0,9.763382916666668,0.9728359908170919,1.2333272816398855,62.5,12.0,120000.0,20000.0,7.0,2.0,0.301,0
568.0,210,1.0299295774647887,1.1572036384976525,0.0,8.0,80000.0,0.0,0.0,2.0,0.408,2,1.0,1.0,-3.96495,0.9723618090452262,1.2327261306532664,0.0,8.0,80000.0,0.0,0.0,2.0,0.301,1
664.0,2399,0.9713855421686747,1.231488453815261,0.0,12.0,120000.0,0.0,0.0,0.0,0.301,3,0.0,1.0,-4.96495,0.9713855421686747,1.231488453815261,0.0,12.0,120000.0,0.0,0.0,0.0,0.301,1
658.0,1066,0.9802431610942248,1.2348024316109423,37.5,12.0,120000.0,20000.0,8.0,1.0,0.304,0,0.0,1.0,9.763832916666669,0.9713708984597988,1.2314698890357592,37.5,12.0,120000.0,20000.0,8.0,1.0,0.3,0
658.0,1505,0.9802431610942248,1.2348024316109423,50.0,12.0,120000.0,20000.0,6.0,2.0,0.304,0,0.0,1.0,9.763332916666668,0.9713708984597988,1.2314698890357592,62.5,12.0,120000.0,20000.0,7.0,2.0,0.3,0
653.0,1510,0.9800918836140888,1.2330908626850434,25.0,12.0,120000.0,20000.0,4.0,1.0,0.309,2,0.9056781530380249,1.0,9.54005,0.9699248120300753,1.2296365914786966,62.5,12.0,120000.0,20000.0,7.0,2.0,0.301,0
665.0,244,0.9699248120300753,1.2296365914786966,0.0,8.0,80000.0,0.0,0.0,2.0,0.301,1,0.0,1.0,-4.96495,0.9699248120300753,1.2296365914786966,0.0,8.0,80000.0,0.0,0.0,2.0,0.301,1
645.0,648,0.9844961240310077,1.2435400516795865,50.0,25.0,400000.0,20000.0,5.0,1.0,0.318,0,0.0,1.0,9.614799800000002,0.9699102123289843,1.2296180824907181,0.0,25.0,400000.0,20000.0,3.0,2.0,0.3,0
659.0,1513,0.9787556904400607,1.232928679817906,50.0,12.0,120000.0,20000.0,6.0,2.0,0.304,0,0.0,1.0,9.76358291666667,0.9699102123289843,1.2296180824907181,50.0,12.0,120000.0,20000.0,6.0,2.0,0.3,0
666.0,2400,0.9684684684684685,1.2277902902902904,0.0,12.0,120000.0,0.0,0.0,0.0,0.3,3,0.0,1.0,-4.9651000000000005,0.9684684684684685,1.2277902902902904,0.0,12.0,120000.0,0.0,0.0,0.0,0.298,1
660.0,1067,0.9772727272727273,1.2310606060606062,37.5,12.0,120000.0,20000.0,8.0,1.0,0.303,0,0.0,1.0,9.763982916666668,0.9684539125770797,1.2277718368427126,25.0,12.0,120000.0,20000.0,7.0,1.0,0.298,0
660.0,1506,0.9772727272727273,1.2310606060606062,62.5,12.0,120000.0,20000.0,7.0,2.0,0.303,0,0.0,1.0,9.763732916666669,0.9684539125770797,1.2277718368427126,37.5,12.0,120000.0,20000.0,5.0,2.0,0.298,0
667.0,1517,0.9670164917541229,1.225949525237381,37.5,12.0,120000.0,20000.0,5.0,2.0,0.298,1,0.0,1.0,-4.947900000000001,0.9670164917541229,1.225949525237381,37.5,12.0,120000.0,20000.0,5.0,2.0,0.297,1
661.0,1514,0.9757942511346445,1.2291981845688351,62.5,12.0,120000.0,20000.0,7.0,2.0,0.303,0,0.0,1.0,9.763932916666667,0.9670019794755405,1.2259311270805866,25.0,12.0,120000.0,20000.0,4.0,2.0,0.297,0
668.0,2401,0.9655688622754491,1.2241142714570858,0.0,12.0,120000.0,0.0,0.0,0.0,0.297,2,0.0,1.0,-4.96515,0.9655688622754491,1.2241142714570858,0.0,12.0,120000.0,0.0,0.0,0.0,0.297,1
662.0,1068,0.974320241691843,1.235208962739174,37.5,12.0,120000.0,20000.0,8.0,1.0,0.303,0,0.0,1.0,9.763932916666667,0.965554393413955,1.22409592834295,25.0,12.0,120000.0,20000.0,7.0,1.0,0.297,0
663.0,1515,0.9728506787330317,1.2333459024635494,62.5,12.0,120000.0,20000.0,7.0,2.0,0.302,0,0.0,1.0,9.763882916666667,0.9641111348991624,1.2222662159170583,25.0,12.0,120000.0,20000.0,4.0,2.0,0.296,0
670.0,2402,0.9626865671641791,1.2204601990049753,0.0,12.0,120000.0,0.0,0.0,0.0,0.296,2,0.0,1.0,-4.9652,0.9626865671641791,1.2204601990049753,0.0,12.0,120000.0,0.0,0.0,0.0,0.296,1
664.0,1069,0.9713855421686747,1.231488453815261,37.5,12.0,120000.0,20000.0,8.0,1.0,0.301,0,0.0,1.0,9.763882916666667,0.962672184554377,1.2204419652377034,25.0,12.0,120000.0,20000.0,7.0,1.0,0.296,0
664.0,1508,0.9713855421686747,1.231488453815261,62.5,12.0,120000.0,20000.0,7.0,2.0,0.301,0,0.0,1.0,9.764132916666668,0.962672184554377,1.2204419652377034,12.5,12.0,120000.0,20000.0,3.0,2.0,0.296,0
666.0,1070,0.9684684684684685,1.2277902902902904,37.5,12.0,120000.0,20000.0,8.0,1.0,0.3,1,0.3982258439064026,1.0,9.802,0.9598214285714286,1.224578373015873,25.0,12.0,120000.0,20000.0,7.0,1.0,0.295,0
672.0,2403,0.9598214285714286,1.224578373015873,0.0,12.0,120000.0,0.0,0.0,0.0,0.295,2,0.0,1.0,-4.965250000000001,0.9598214285714286,1.224578373015873,0.0,12.0,120000.0,0.0,0.0,0.0,0.295,1
659.0,241,0.9787556904400607,1.232928679817906,0.0,8.0,80000.0,0.0,0.0,2.0,0.304,1,1.0,1.0,-3.7992089583333266,0.9593312797628503,1.2239530216612593,0.0,8.0,80000.0,0.0,0.0,2.0,0.295,1
650.0,1062,0.9846153846153847,1.2387820512820513,25.0,12.0,120000.0,20000.0,7.0,1.0,0.312,2,0.9056781530380249,1.0,-3.9185833333333338,0.9583952451708767,1.222758791480931,37.5,12.0,120000.0,20000.0,8.0,1.0,0.295,1
673.0,248,0.9583952451708767,1.222758791480931,0.0,8.0,80000.0,0.0,0.0,2.0,0.295,1,0.0,1.0,-4.965250000000001,0.9583952451708767,1.222758791480931,0.0,8.0,80000.0,0.0,0.0,2.0,0.295,1
572.0,212,1.0227272727272727,1.1691433566433567,0.0,8.0,80000.0,0.0,0.0,2.0,0.404,2,0.030796289443969727,1.0,-3.9653,0.9579207920792079,1.2221534653465347,0.0,8.0,80000.0,0.0,0.0,2.0,0.294,1
665.0,1516,0.9699248120300753,1.2296365914786966,62.5,12.0,120000.0,20000.0,7.0,2.0,0.301,1,0.3982258439064026,1.0,9.7015,0.956973293768546,1.2240356083086052,37.5,12.0,120000.0,20000.0,5.0,2.0,0.295,0
674.0,2404,0.956973293768546,1.2240356083086052,0.0,12.0,120000.0,0.0,0.0,0.0,0.295,2,0.0,1.0,-4.965250000000001,0.956973293768546,1.2240356083086052,0.0,12.0,120000.0,0.0,0.0,0.0,0.295,1
668.0,1071,0.9655688622754491,1.2241142714570858,25.0,12.0,120000.0,20000.0,7.0,1.0,0.297,0,0.0,1.0,9.763582916666667,0.9569590813643851,1.2240174296521205,37.5,12.0,120000.0,20000.0,8.0,1.0,0.295,0
666.0,1509,0.9684684684684685,1.2277902902902904,50.0,12.0,120000.0,20000.0,6.0,2.0,0.3,1,0.1334334909915924,1.0,9.689,0.9555555555555555,1.2222222222222223,37.5,12.0,120000.0,20000.0,5.0,2.0,0.295,0
675.0,2410,0.9555555555555555,1.2222222222222223,0.0,12.0,120000.0,0.0,0.0,0.0,0.295,2,0.0,1.0,-4.965300000000001,0.9555555555555555,1.2222222222222223,0.0,12.0,120000.0,0.0,0.0,0.0,0.294,1
669.0,1518,0.9641255605381167,1.222284504235177,25.0,12.0,120000.0,20000.0,4.0,2.0,0.297,1,0.4873596131801605,1.0,9.788532916666668,0.9555413852307169,1.222204097388126,37.5,12.0,120000.0,20000.0,5.0,2.0,0.294,0
582.0,217,1.0051546391752577,1.158004009163803,0.0,8.0,80000.0,0.0,0.0,2.0,0.393,2,0.6312721371650696,1.0,-3.9653,0.9550839091806516,1.221618953603159,0.0,8.0,80000.0,0.0,0.0,2.0,0.294,1
670.0,1072,0.9626865671641791,1.2204601990049753,25.0,12.0,120000.0,20000.0,7.0,1.0,0.296,0,0.0,1.0,9.763682916666667,0.9541278834021999,1.2203961299330464,25.0,12.0,120000.0,20000.0,7.0,1.0,0.292,0
636.0,2385,0.9669811320754716,1.1972615303983227,0.0,12.0,120000.0,0.0,0.0,0.0,0.329,3,0.01381613127887249,1.0,-3.9654,0.9601748853673056,1.218683508350811,0.0,12.0,120000.0,0.0,0.0,0.0,0.292,1
671.0,1519,0.9612518628912072,1.2232985593641332,12.5,12.0,120000.0,20000.0,3.0,2.0,0.296,0,0.0,1.0,9.763332916666668,0.9601039724656362,1.2232093879970842,37.5,12.0,120000.0,20000.0,5.0,2.0,0.29,0
636.0,1952,0.9669811320754716,1.1972615303983227,0.0,12.0,120000.0,0.0,0.0,1.0,0.329,3,0.01381613127887249,1.0,-3.9655,0.9661336809526568,1.2214953504410977,0.0,12.0,120000.0,0.0,0.0,1.0,0.29,1
672.0,1073,0.9598214285714286,1.224578373015873,25.0,12.0,120000.0,20000.0,7.0,1.0,0.295,0,0.0,1.0,9.763532916666668,0.9660624332080289,1.2244779886558508,25.0,12.0,120000.0,20000.0,7.0,1.0,0.289,0
638.0,2386,0.9717868338557993,1.2196316614420062,0.0,12.0,120000.0,0.0,0.0,0.0,0.326,3,0.01381613127887249,1.0,-3.96555,0.97943912779193,1.2227647005798377,0.0,12.0,120000.0,0.0,0.0,0.0,0.289,1
638.0,1495,0.9717868338557993,1.2196316614420062,25.0,12.0,120000.0,20000.0,4.0,1.0,0.326,3,0.01381613127887249,1.0,-3.96055,0.97943912779193,1.2227647005798377,37.5,12.0,120000.0,20000.0,5.0,2.0,0.289,1
673.0,1520,0.9583952451708767,1.222758791480931,25.0,12.0,120000.0,20000.0,4.0,2.0,0.295,1,0.4873596131801605,1.0,9.788382916666668,0.9793670052080675,1.2226746603239815,25.0,12.0,120000.0,20000.0,4.0,2.0,0.286,0
586.0,219,0.9982935153583619,1.1767633674630262,0.0,8.0,80000.0,0.0,0.0,2.0,0.384,2,1.0,1.0,-3.9657,0.9862610402355251,1.2220927379784101,0.0,8.0,80000.0,0.0,0.0,2.0,0.286,1
638.0,1953,0.9717868338557993,1.2196316614420062,0.0,12.0,120000.0,0.0,0.0,1.0,0.326,3,0.01381613127887249,1.0,-3.9657,0.9853520650427664,1.2209664114413632,0.0,12.0,120000.0,0.0,0.0,1.0,0.286,1
676.0,2405,0.9541420118343195,1.2204142011834318,0.0,12.0,120000.0,0.0,0.0,0.0,0.294,2,0.4873596131801605,1.0,9.867683333333334,0.9852941176470589,1.2239583333333333,0.0,12.0,120000.0,0.0,0.0,0.0,0.287,0
680.0,2407,0.9852941176470589,1.2239583333333333,0.0,12.0,120000.0,0.0,0.0,0.0,0.287,2,0.0,1.0,-4.9657,0.9852941176470589,1.2239583333333333,0.0,12.0,120000.0,0.0,0.0,0.0,0.286,1
674.0,1074,0.956973293768546,1.2240356083086052,37.5,12.0,120000.0,20000.0,8.0,1.0,0.295,0,0.0,1.0,9.763382916666668,0.9852796137515681,1.2239403162119138,25.0,12.0,120000.0,20000.0,7.0,1.0,0.286,0
640.0,2387,0.984375,1.2320963541666667,0.0,12.0,120000.0,0.0,0.0,0.0,0.322,3,0.01381613127887249,1.0,-3.9657,0.9912476358193194,1.2222328102154878,0.0,12.0,120000.0,0.0,0.0,0.0,0.286,1
675.0,1521,0.9555555555555555,1.2222222222222223,37.5,12.0,120000.0,20000.0,5.0,2.0,0.295,0,0.0,1.0,9.763332916666668,0.9911748580611905,1.2221430734427334,25.0,12.0,120000.0,20000.0,4.0,2.0,0.285,0
588.0,220,0.9948979591836734,1.178075396825397,0.0,8.0,80000.0,0.0,0.0,2.0,0.383,2,0.5874461531639099,1.0,-3.96575,0.9907045009784735,1.2215631115459882,0.0,8.0,80000.0,0.0,0.0,2.0,0.285,1
682.0,2408,0.9897360703812317,1.2295332355816226,0.0,12.0,120000.0,0.0,0.0,0.0,0.285,3,0.0,1.0,-4.9658,0.9897360703812317,1.2295332355816226,0.0,12.0,120000.0,0.0,0.0,0.0,0.284,1
642.0,2388,0.9890965732087228,1.2444833852544133,0.0,12.0,120000.0,0.0,0.0,0.0,0.32,3,0.01381613127887249,1.0,-3.9657999999999998,0.995665910219253,1.227804929115347,0.0,12.0,120000.0,0.0,0.0,0.0,0.284,1
683.0,655,0.9956076134699853,1.2277330405075646,37.5,25.0,400000.0,20000.0,6.0,2.0,0.284,2,0.0,1.0,-4.9483,0.9956076134699853,1.2277330405075646,37.5,25.0,400000.0,20000.0,6.0,2.0,0.284,1
677.0,1522,0.9601181683899557,1.2232274741506648,37.5,12.0,120000.0,20000.0,5.0,2.0,0.292,0,0.0,1.0,9.76343291666667,0.9955930221286216,1.2277150472021146,12.5,12.0,120000.0,20000.0,3.0,2.0,0.282,0
684.0,2409,0.9941520467836258,1.2305068226120857,0.0,12.0,120000.0,0.0,0.0,0.0,0.282,2,0.0,1.0,-4.9659,0.9941520467836258,1.2305068226120857,0.0,12.0,120000.0,0.0,0.0,0.0,0.282,1
678.0,1076,0.9660766961651918,1.2244960668633236,25.0,12.0,120000.0,20000.0,7.0,1.0,0.29,0,0.0,1.0,9.763082916666667,0.9941374980755033,1.2304888150199245,25.0,12.0,120000.0,20000.0,7.0,1.0,0.28,0
676.0,1075,0.9541420118343195,1.2204142011834318,37.5,12.0,120000.0,20000.0,8.0,1.0,0.294,2,0.4873596131801605,1.0,9.676549999999999,0.9927007299270074,1.233272506082725,25.0,12.0,120000.0,20000.0,7.0,1.0,0.281,0
685.0,2415,0.9927007299270074,1.233272506082725,0.0,12.0,120000.0,0.0,0.0,0.0,0.281,3,0.0,1.0,-4.966000000000001,0.9927007299270074,1.233272506082725,0.0,12.0,120000.0,0.0,0.0,0.0,0.28,1
644.0,2389,0.9860248447204969,1.2454710144927537,0.0,12.0,120000.0,0.0,0.0,0.0,0.319,3,0.01381613127887249,1.0,-3.966,0.9986004869292601,1.231546525090678,0.0,12.0,120000.0,0.0,0.0,0.0,0.28,1
680.0,1077,0.9852941176470589,1.2239583333333333,25.0,12.0,120000.0,20000.0,7.0,1.0,0.287,0,0.0,1.0,9.763032916666667,0.9985277036992507,1.2360120906496197,25.0,12.0,120000.0,20000.0,7.0,1.0,0.279,0
681.0,2413,0.9911894273127754,1.222161037689672,0.0,12.0,120000.0,0.0,0.0,0.0,0.286,2,1.0,1.0,9.783949999999999,0.9970887918486172,1.2342309558466764,0.0,12.0,120000.0,0.0,0.0,0.0,0.279,0
682.0,1078,0.9897360703812317,1.2295332355816226,25.0,12.0,120000.0,20000.0,7.0,1.0,0.285,1,0.5903608202934265,1.0,9.830666666666666,0.9970887918486172,1.2342309558466764,25.0,12.0,120000.0,20000.0,7.0,1.0,0.28,0
662.0,2398,0.974320241691843,1.235208962739174,0.0,12.0,120000.0,0.0,0.0,0.0,0.303,2,0.6607164740562439,1.0,-3.966,0.9970887918486172,1.2342309558466764,0.0,12.0,120000.0,0.0,0.0,0.0,0.28,1
687.0,251,0.9970887918486172,1.2342309558466764,0.0,8.0,80000.0,0.0,0.0,2.0,0.28,1,0.0,1.0,-4.966000000000001,0.9970887918486172,1.2342309558466764,0.0,8.0,80000.0,0.0,0.0,2.0,0.28,1
681.0,1524,0.9911894273127754,1.222161037689672,25.0,12.0,120000.0,20000.0,4.0,2.0,0.286,1,0.2568177282810211,1.0,9.788032916666667,0.9970742638815409,1.2342129726270896,25.0,12.0,120000.0,20000.0,4.0,2.0,0.279,0
683.0,2414,0.9956076134699853,1.2277330405075646,0.0,12.0,120000.0,0.0,0.0,0.0,0.284,2,0.5903608202934265,1.0,9.825666666666665,0.9956395348837209,1.232437015503876,0.0,12.0,120000.0,0.0,0.0,0.0,0.28,0
668.0,650,0.9655688622754491,1.2241142714570858,12.5,25.0,400000.0,20000.0,5.0,2.0,0.297,0,0.0,1.0,9.6130498,0.995625049118108,1.232419084522719,37.5,25.0,400000.0,20000.0,6.0,2.0,0.28,0
683.0,1525,0.9956076134699853,1.2277330405075646,25.0,12.0,120000.0,20000.0,4.0,2.0,0.284,2,0.5903608202934265,1.0,9.789,0.9941944847605225,1.2306482825350749,25.0,12.0,120000.0,20000.0,4.0,2.0,0.28,0
689.0,252,0.9941944847605225,1.2306482825350749,0.0,8.0,80000.0,0.0,0.0,2.0,0.28,1,0.0,1.0,-4.966000000000001,0.9941944847605225,1.2306482825350749,0.0,8.0,80000.0,0.0,0.0,2.0,0.28,1
684.0,1079,0.9941520467836258,1.2305068226120857,25.0,12.0,120000.0,20000.0,7.0,1.0,0.282,0,0.0,1.0,9.762732916666668,0.9927392212759348,1.2439433064649792,37.5,12.0,120000.0,20000.0,8.0,1.0,0.278,0
691.0,1961,0.9913169319826338,1.242161119150989,0.0,12.0,120000.0,0.0,0.0,1.0,0.278,2,0.0,1.0,-4.966200000000001,0.9913169319826338,1.242161119150989,0.0,12.0,120000.0,0.0,0.0,1.0,0.276,1
671.0,651,0.9612518628912072,1.2232985593641332,37.5,25.0,400000.0,20000.0,6.0,2.0,0.296,0,0.0,1.0,9.612799800000001,0.9913025717239611,1.2421431251528952,37.5,25.0,400000.0,20000.0,6.0,2.0,0.275,0
685.0,1526,0.9927007299270074,1.233272506082725,12.5,12.0,120000.0,20000.0,3.0,2.0,0.281,0,0.0,1.0,9.762832916666667,0.9913025717239611,1.2421431251528952,25.0,12.0,120000.0,20000.0,4.0,2.0,0.275,0
692.0,658,0.9898843930635839,1.259934971098266,37.5,25.0,400000.0,20000.0,6.0,2.0,0.275,3,0.0,1.0,-4.94875,0.9898843930635839,1.259934971098266,37.5,25.0,400000.0,20000.0,6.0,2.0,0.275,1
686.0,1080,0.9985422740524781,1.2360301263362488,25.0,12.0,120000.0,20000.0,7.0,1.0,0.28,0,0.0,1.0,9.762582916666668,0.9898700742782608,1.2599167460019833,37.5,12.0,120000.0,20000.0,8.0,1.0,0.275,0
693.0,2419,0.9884559884559885,1.2776575276575275,0.0,12.0,120000.0,0.0,0.0,0.0,0.275,2,0.0,1.0,-4.96635,0.9884559884559885,1.2776575276575275,0.0,12.0,120000.0,0.0,0.0,0.0,0.273,1
687.0,1527,0.9970887918486172,1.2342309558466764,25.0,12.0,120000.0,20000.0,4.0,2.0,0.28,0,0.0,1.0,9.762732916666668,0.9884417109646079,1.2776390728709197,25.0,12.0,120000.0,20000.0,4.0,2.0,0.273,0
674.0,652,0.956973293768546,1.2240356083086052,37.5,25.0,400000.0,20000.0,6.0,2.0,0.295,0,0.0,1.0,9.612899800000001,0.9870174639123721,1.2757981209329627,25.0,25.0,400000.0,20000.0,5.0,2.0,0.272,0
688.0,1081,0.9956395348837209,1.232437015503876,25.0,12.0,120000.0,20000.0,7.0,1.0,0.28,0,0.0,1.0,9.762432916666668,0.9870174639123721,1.2757981209329627,37.5,12.0,120000.0,20000.0,8.0,1.0,0.272,0
691.0,2418,0.9913169319826338,1.242161119150989,0.0,12.0,120000.0,0.0,0.0,0.0,0.278,2,1.0,1.0,9.866983333333334,0.985611510791367,1.273980815347722,0.0,12.0,120000.0,0.0,0.0,0.0,0.273,0
695.0,255,0.985611510791367,1.273980815347722,0.0,8.0,80000.0,0.0,0.0,2.0,0.273,3,0.0,1.0,-4.96635,0.985611510791367,1.273980815347722,0.0,8.0,80000.0,0.0,0.0,2.0,0.273,1
689.0,1528,0.9941944847605225,1.2306482825350749,25.0,12.0,120000.0,20000.0,4.0,2.0,0.28,0,0.0,1.0,9.762632916666668,0.9855973153537746,1.2739624666221234,25.0,12.0,120000.0,20000.0,4.0,2.0,0.271,0
691.0,1529,0.9913169319826338,1.242161119150989,37.5,12.0,120000.0,20000.0,5.0,2.0,0.278,2,1.0,1.0,9.842716666666666,0.9841954022988505,1.2721503831417624,25.0,12.0,120000.0,20000.0,4.0,2.0,0.271,0
690.0,1082,0.9927536231884058,1.243961352657005,37.5,12.0,120000.0,20000.0,8.0,1.0,0.278,0,0.0,1.0,9.762582916666668,0.9841812476231485,1.2721320871041304,25.0,12.0,120000.0,20000.0,7.0,1.0,0.27,0
424.0,571,1.1556603773584906,1.1743317610062893,87.5,25.0,400000.0,20000.0,8.0,1.0,0.577,2,0.4671611189842224,1.0,-3.899,0.9832394609181765,1.2709147533157696,37.5,25.0,400000.0,20000.0,6.0,2.0,0.27,1
697.0,2421,0.9827833572453373,1.2748087039693925,0.0,12.0,120000.0,0.0,0.0,0.0,0.27,3,0.0,1.0,-4.966600000000001,0.9827833572453373,1.2748087039693925,0.0,12.0,120000.0,0.0,0.0,0.0,0.268,1
656.0,2395,0.9832317073170732,1.2274517276422765,0.0,12.0,120000.0,0.0,0.0,0.0,0.305,3,0.16161856055259705,1.0,-3.9666,0.9885953208121481,1.2730552666859336,0.0,12.0,120000.0,0.0,0.0,0.0,0.268,1
693.0,1962,0.9884559884559885,1.2776575276575275,0.0,12.0,120000.0,0.0,0.0,1.0,0.275,1,0.39412546157836914,1.0,9.824866666666667,0.9885386819484241,1.272982330468004,0.0,12.0,120000.0,0.0,0.0,1.0,0.269,0
692.0,1083,0.9898843930635839,1.259934971098266,37.5,12.0,120000.0,20000.0,8.0,1.0,0.275,0,0.0,1.0,9.76278291666667,0.988524505543982,1.2729640749230324,12.5,12.0,120000.0,20000.0,6.0,1.0,0.269,0
426.0,560,1.1619718309859155,1.1688184663536776,75.0,25.0,400000.0,20000.0,7.0,1.0,0.573,2,0.11623838543891907,1.0,-3.9116,0.9875812704839922,1.27174943194874,50.0,25.0,400000.0,20000.0,7.0,2.0,0.268,1
695.0,1963,0.985611510791367,1.273980815347722,0.0,12.0,120000.0,0.0,0.0,1.0,0.273,1,0.41077491641044617,1.0,9.866533333333335,0.9871244635193134,1.2711611826418694,0.0,12.0,120000.0,0.0,0.0,1.0,0.269,0
699.0,257,0.9871244635193134,1.2711611826418694,0.0,8.0,80000.0,0.0,0.0,2.0,0.269,3,0.0,1.0,-4.96655,0.9871244635193134,1.2711611826418694,0.0,8.0,80000.0,0.0,0.0,2.0,0.269,1
699.0,1965,0.9871244635193134,1.2711611826418694,0.0,12.0,120000.0,0.0,0.0,1.0,0.269,3,0.0,1.0,-4.96655,0.9871244635193134,1.2711611826418694,0.0,12.0,120000.0,0.0,0.0,1.0,0.269,1
693.0,1530,0.9884559884559885,1.2776575276575275,25.0,12.0,120000.0,20000.0,4.0,2.0,0.275,1,0.39412546157836914,1.0,9.78723291666667,0.9871103276475254,1.2711429792924807,37.5,12.0,120000.0,20000.0,5.0,2.0,0.268,0
433.0,574,1.1547344110854503,1.1908198614318706,62.5,25.0,400000.0,20000.0,6.0,1.0,0.56,2,1.0,1.0,-3.92415,0.9861697881473379,1.2699318075025352,50.0,25.0,400000.0,20000.0,7.0,2.0,0.267,1
695.0,2420,0.985611510791367,1.273980815347722,0.0,12.0,120000.0,0.0,0.0,0.0,0.273,2,0.425065815448761,1.0,9.825066666666666,0.9857142857142858,1.2693452380952381,0.0,12.0,120000.0,0.0,0.0,0.0,0.268,0
694.0,1084,0.9870317002881844,1.2758165225744476,37.5,12.0,120000.0,20000.0,8.0,1.0,0.273,0,0.0,1.0,9.762982916666669,0.9857001902015659,1.2693270867178978,0.0,12.0,120000.0,20000.0,5.0,1.0,0.268,0
697.0,1964,0.9827833572453373,1.2748087039693925,0.0,12.0,120000.0,0.0,0.0,1.0,0.27,1,1.0,1.0,9.866733333333334,0.9843081312410842,1.267534474560152,0.0,12.0,120000.0,0.0,0.0,1.0,0.268,0
695.0,1531,0.985611510791367,1.273980815347722,25.0,12.0,120000.0,20000.0,4.0,2.0,0.273,1,0.41077491641044617,1.0,9.787082916666668,0.984294075914836,1.2675163749326015,37.5,12.0,120000.0,20000.0,5.0,2.0,0.265,0
703.0,1967,0.9815078236130867,1.2683736367946894,0.0,12.0,120000.0,0.0,0.0,1.0,0.265,2,0.0,1.0,-4.966800000000001,0.9815078236130867,1.2683736367946894,0.0,12.0,120000.0,0.0,0.0,1.0,0.264,1
697.0,1532,0.9827833572453373,1.2748087039693925,25.0,12.0,120000.0,20000.0,4.0,2.0,0.27,0,0.0,1.0,9.762232916666667,0.9814938481459176,1.268355576710304,25.0,12.0,120000.0,20000.0,4.0,2.0,0.263,0
701.0,2423,0.9843081312410842,1.267534474560152,0.0,12.0,120000.0,0.0,0.0,0.0,0.268,2,0.4663636088371277,1.0,9.866433333333333,0.9787234042553191,1.2692080378250592,0.0,12.0,120000.0,0.0,0.0,0.0,0.262,0
699.0,1533,0.9871244635193134,1.2711611826418694,37.5,12.0,120000.0,20000.0,5.0,2.0,0.269,0,0.0,1.0,9.762282916666669,0.9787095079685464,1.2691900171270853,12.5,12.0,120000.0,20000.0,4.0,2.0,0.259,0
686.0,656,0.9985422740524781,1.2360301263362488,37.5,25.0,400000.0,20000.0,6.0,2.0,0.28,0,0.0,1.0,9.611749800000002,0.9773232535329067,1.2703431782787327,50.0,25.0,400000.0,20000.0,7.0,2.0,0.259,0
693.0,254,0.9884559884559885,1.2776575276575275,0.0,8.0,80000.0,0.0,0.0,2.0,0.275,1,0.39412546157836914,1.0,-3.8004333333333356,0.9768758848513449,1.2697616800377536,0.0,8.0,80000.0,0.0,0.0,2.0,0.258,1
701.0,1534,0.9843081312410842,1.267534474560152,37.5,12.0,120000.0,20000.0,5.0,2.0,0.268,0,0.0,1.0,9.762282916666669,0.9759409205535859,1.272966418113373,0.0,12.0,120000.0,20000.0,3.0,2.0,0.254,0
157.0,37,0.7006369426751593,0.47770700636942676,0.0,8.0,80000.0,0.0,0.0,1.0,0.899,2,1.0,1.0,-3.9673,0.9754948162111217,1.2723845428840717,0.0,8.0,80000.0,0.0,0.0,2.0,0.254,1
703.0,2424,0.9815078236130867,1.2683736367946894,0.0,12.0,120000.0,0.0,0.0,0.0,0.265,2,0.4663636088371277,1.0,9.824416666666666,0.9745762711864407,1.2756002824858756,0.0,12.0,120000.0,0.0,0.0,0.0,0.255,0
705.0,1968,0.9787234042553191,1.2692080378250592,0.0,12.0,120000.0,0.0,0.0,1.0,0.262,1,0.4312879741191864,1.0,9.866083333333334,0.9732016925246827,1.2738011283497883,0.0,12.0,120000.0,0.0,0.0,1.0,0.255,0
709.0,2427,0.9732016925246827,1.2738011283497883,0.0,12.0,120000.0,0.0,0.0,0.0,0.255,2,0.0,1.0,-4.967350000000001,0.9732016925246827,1.2738011283497883,0.0,12.0,120000.0,0.0,0.0,0.0,0.253,1
689.0,657,0.9941944847605225,1.2306482825350749,37.5,25.0,400000.0,20000.0,6.0,2.0,0.28,0,0.0,1.0,9.611649800000002,0.9731879525932222,1.2737831444721068,37.5,25.0,400000.0,20000.0,6.0,2.0,0.252,0
705.0,2425,0.9787234042553191,1.2692080378250592,0.0,12.0,120000.0,0.0,0.0,0.0,0.262,2,1.0,1.0,9.782549999999999,0.9704641350210972,1.2702180028129395,0.0,12.0,120000.0,0.0,0.0,0.0,0.251,0
707.0,2426,0.9759547383309759,1.272984441301273,0.0,12.0,120000.0,0.0,0.0,0.0,0.258,2,1.0,1.0,9.865933333333334,0.9704641350210972,1.2702180028129395,0.0,12.0,120000.0,0.0,0.0,0.0,0.252,0
709.0,1970,0.9732016925246827,1.2738011283497883,0.0,12.0,120000.0,0.0,0.0,1.0,0.255,1,0.03437725454568863,1.0,9.865783333333333,0.967741935483871,1.266654978962132,0.0,12.0,120000.0,0.0,0.0,1.0,0.249,0
713.0,264,0.967741935483871,1.266654978962132,0.0,8.0,80000.0,0.0,0.0,2.0,0.249,2,0.0,1.0,-4.967550000000001,0.967741935483871,1.266654978962132,0.0,8.0,80000.0,0.0,0.0,2.0,0.249,1
713.0,1972,0.967741935483871,1.266654978962132,0.0,12.0,120000.0,0.0,0.0,1.0,0.249,2,0.0,1.0,-4.967550000000001,0.967741935483871,1.266654978962132,0.0,12.0,120000.0,0.0,0.0,1.0,0.249,1
695.0,659,0.985611510791367,1.273980815347722,25.0,25.0,400000.0,20000.0,5.0,2.0,0.273,0,0.0,1.0,9.611299800000001,0.9650214547345987,1.2674647729756958,37.5,25.0,400000.0,20000.0,6.0,2.0,0.245,0
701.0,1966,0.9843081312410842,1.267534474560152,0.0,12.0,120000.0,0.0,0.0,1.0,0.268,2,0.4663636088371277,1.0,-3.59275,0.9636871508379888,1.2657122905027933,0.0,12.0,120000.0,0.0,0.0,1.0,0.245,1
717.0,266,0.9623430962343096,1.2639470013947,0.0,8.0,80000.0,0.0,0.0,2.0,0.245,1,0.0,1.0,-4.968,0.9623430962343096,1.2639470013947,0.0,8.0,80000.0,0.0,0.0,2.0,0.245,1
677.0,2411,0.9601181683899557,1.2232274741506648,0.0,12.0,120000.0,0.0,0.0,0.0,0.292,3,0.5291580557823181,1.0,-3.9678999999999998,0.9680204890520296,1.2622569326667654,0.0,12.0,120000.0,0.0,0.0,0.0,0.242,1
698.0,660,0.9885386819484241,1.272982330468004,37.5,25.0,400000.0,20000.0,6.0,2.0,0.269,0,0.0,1.0,9.611149800000002,0.9679530790942594,1.266521340001931,37.5,25.0,400000.0,20000.0,6.0,2.0,0.242,0
678.0,2406,0.9660766961651918,1.2244960668633236,0.0,12.0,120000.0,0.0,0.0,0.0,0.29,3,0.6074763536453247,1.0,-3.9681,0.9792210542360541,1.2630909875119318,0.0,12.0,120000.0,0.0,0.0,0.0,0.238,1
679.0,2412,0.979381443298969,1.2226926853215512,0.0,12.0,120000.0,0.0,0.0,0.0,0.289,3,0.6074763536453247,1.0,-3.9681,0.9792210542360541,1.2630909875119318,0.0,12.0,120000.0,0.0,0.0,0.0,0.238,1
679.0,1523,0.979381443298969,1.2226926853215512,37.5,12.0,120000.0,20000.0,5.0,2.0,0.289,3,0.6074763536453247,1.0,-3.9507,0.9847980333888423,1.2656735288272094,0.0,12.0,120000.0,20000.0,4.0,2.0,0.236,1
711.0,1971,0.9704641350210972,1.2702180028129395,0.0,12.0,120000.0,0.0,0.0,1.0,0.252,2,0.03437725454568863,1.0,9.615183333333334,0.984743411927878,1.2656033287101247,0.0,12.0,120000.0,0.0,0.0,1.0,0.237,0
705.0,260,0.9787234042553191,1.2692080378250592,0.0,8.0,80000.0,0.0,0.0,2.0,0.262,1,0.4312879741191864,1.0,-3.96815,0.984743411927878,1.2656033287101247,0.0,8.0,80000.0,0.0,0.0,2.0,0.237,1
701.0,661,0.9843081312410842,1.267534474560152,50.0,25.0,400000.0,20000.0,7.0,2.0,0.268,0,0.0,1.0,9.6107498,0.9847297404373068,1.2655857579563978,37.5,25.0,400000.0,20000.0,6.0,2.0,0.234,0
717.0,1974,0.9623430962343096,1.2639470013947,0.0,12.0,120000.0,0.0,0.0,1.0,0.245,1,1.0,1.0,9.823416666666665,0.9833795013850415,1.2681786703601108,0.0,12.0,120000.0,0.0,0.0,1.0,0.235,0
707.0,1969,0.9759547383309759,1.272984441301273,0.0,12.0,120000.0,0.0,0.0,1.0,0.258,2,1.0,1.0,-3.59325,0.9833795013850415,1.2681786703601108,0.0,12.0,120000.0,0.0,0.0,1.0,0.235,1
723.0,269,0.9820193637621023,1.273628400184417,0.0,8.0,80000.0,0.0,0.0,2.0,0.235,3,0.0,1.0,-4.96825,0.9820193637621023,1.273628400184417,0.0,8.0,80000.0,0.0,0.0,2.0,0.235,1
723.0,1977,0.9820193637621023,1.273628400184417,0.0,12.0,120000.0,0.0,0.0,1.0,0.235,1,0.0,1.0,-4.9685500000000005,0.9820193637621023,1.273628400184417,0.0,12.0,120000.0,0.0,0.0,1.0,0.234,1
723.0,2434,0.9820193637621023,1.273628400184417,0.0,12.0,120000.0,0.0,0.0,0.0,0.235,3,0.0,1.0,-4.968300000000001,0.9820193637621023,1.273628400184417,0.0,12.0,120000.0,0.0,0.0,0.0,0.234,1
173.0,45,0.7514450867052023,0.6442678227360309,0.0,8.0,80000.0,0.0,0.0,1.0,0.878,2,1.0,1.0,-3.96845,0.980211688909342,1.271283939254487,0.0,8.0,80000.0,0.0,0.0,2.0,0.231,1
715.0,1973,0.965034965034965,1.2674825174825173,0.0,12.0,120000.0,0.0,0.0,1.0,0.248,2,0.03437725454568863,1.0,9.614933333333333,0.9793103448275862,1.2701149425287357,0.0,12.0,120000.0,0.0,0.0,1.0,0.232,0
594.0,631,0.9848484848484848,1.183712121212121,87.5,25.0,400000.0,20000.0,8.0,1.0,0.376,1,0.4605790376663208,1.0,-3.9019000000000004,0.9793103448275862,1.2701149425287357,50.0,25.0,400000.0,20000.0,7.0,2.0,0.232,1
725.0,1978,0.9793103448275862,1.2701149425287357,0.0,12.0,120000.0,0.0,0.0,1.0,0.232,2,0.0,1.0,-4.968450000000001,0.9793103448275862,1.2701149425287357,0.0,12.0,120000.0,0.0,0.0,1.0,0.231,1
721.0,1976,0.984743411927878,1.2656033287101247,0.0,12.0,120000.0,0.0,0.0,1.0,0.237,1,0.3385237455368042,1.0,9.823166666666665,0.977961432506887,1.272669880624426,0.0,12.0,120000.0,0.0,0.0,1.0,0.23,0
709.0,262,0.9732016925246827,1.2738011283497883,0.0,8.0,80000.0,0.0,0.0,2.0,0.255,1,0.9292714595794678,1.0,-3.9685,0.977961432506887,1.272669880624426,0.0,8.0,80000.0,0.0,0.0,2.0,0.23,1
721.0,2433,0.984743411927878,1.2656033287101247,0.0,12.0,120000.0,0.0,0.0,0.0,0.237,2,0.2584494352340698,1.0,9.779499999999999,0.9766162310866575,1.2709193030719854,0.0,12.0,120000.0,0.0,0.0,0.0,0.23,0
687.0,2416,0.9970887918486172,1.2342309558466764,0.0,12.0,120000.0,0.0,0.0,0.0,0.28,3,0.7252181172370911,1.0,-3.9687,0.9808494158685057,1.2703600389089478,0.0,12.0,120000.0,0.0,0.0,0.0,0.226,1
725.0,2436,0.9793103448275862,1.2701149425287357,0.0,12.0,120000.0,0.0,0.0,0.0,0.232,2,0.6501069664955139,1.0,9.864683333333334,0.98079561042524,1.2702903520804754,0.0,12.0,120000.0,0.0,0.0,0.0,0.227,0
181.0,51,0.7458563535911602,0.6848526703499079,0.0,8.0,80000.0,0.0,0.0,1.0,0.873,2,0.6460260152816772,1.0,-3.9688499999999998,0.9872029250457038,1.2697097806215722,0.0,8.0,80000.0,0.0,0.0,2.0,0.223,1
689.0,2417,0.9941944847605225,1.2306482825350749,0.0,12.0,120000.0,0.0,0.0,0.0,0.28,3,0.3321465849876404,1.0,-3.9688499999999998,0.9863554032227054,1.2686197243417028,0.0,12.0,120000.0,0.0,0.0,0.0,0.223,1
689.0,1960,0.9941944847605225,1.2306482825350749,0.0,12.0,120000.0,0.0,0.0,1.0,0.28,3,0.3321465849876404,1.0,-3.9688499999999998,0.9918463254918695,1.266884171497517,0.0,12.0,120000.0,0.0,0.0,1.0,0.223,1
731.0,1981,0.9917920656634747,1.2696648426812585,0.0,12.0,120000.0,0.0,0.0,1.0,0.223,1,0.0,1.0,-4.9689000000000005,0.9917920656634747,1.2696648426812585,0.0,12.0,120000.0,0.0,0.0,1.0,0.222,1
731.0,2439,0.9917920656634747,1.2696648426812585,0.0,12.0,120000.0,0.0,0.0,0.0,0.223,3,0.0,1.0,-4.9689000000000005,0.9917920656634747,1.2696648426812585,0.0,12.0,120000.0,0.0,0.0,0.0,0.222,1
600.0,633,0.975,1.1979166666666667,87.5,25.0,400000.0,20000.0,8.0,1.0,0.366,1,0.11183221638202667,1.0,-3.9019,0.9917784846749225,1.2696474566743619,62.5,25.0,400000.0,20000.0,8.0,2.0,0.222,1
181.0,49,0.7458563535911602,0.6848526703499079,0.0,8.0,80000.0,0.0,0.0,1.0,0.873,2,0.6460260152816772,1.0,-3.96895,0.9899863450159307,1.2673532089212562,0.0,8.0,80000.0,0.0,0.0,2.0,0.221,1
733.0,1982,0.9890859481582538,1.2662005457025922,0.0,12.0,120000.0,0.0,0.0,1.0,0.221,1,0.0,1.0,-4.969250000000001,0.9890859481582538,1.2662005457025922,0.0,12.0,120000.0,0.0,0.0,1.0,0.22,1
733.0,2440,0.9890859481582538,1.2662005457025922,0.0,12.0,120000.0,0.0,0.0,0.0,0.221,2,0.0,1.0,-4.969,0.9890859481582538,1.2662005457025922,0.0,12.0,120000.0,0.0,0.0,0.0,0.22,1
713.0,665,0.967741935483871,1.266654978962132,37.5,25.0,400000.0,20000.0,6.0,2.0,0.249,0,0.0,1.0,9.6095498,0.9890724411798959,1.266183254441505,62.5,25.0,400000.0,20000.0,8.0,2.0,0.22,0
735.0,1983,0.9863945578231291,1.274092970521542,0.0,12.0,120000.0,0.0,0.0,1.0,0.219,3,0.0,1.0,-4.969050000000001,0.9863945578231291,1.274092970521542,0.0,12.0,120000.0,0.0,0.0,1.0,0.219,1
732.0,1985,0.9904371584699454,1.2679303278688525,0.0,12.0,120000.0,0.0,0.0,1.0,0.222,1,0.6501069664955139,1.0,9.863983333333334,0.985054347826087,1.2808537137681157,0.0,12.0,120000.0,0.0,0.0,1.0,0.218,0
711.0,2428,0.9704641350210972,1.2702180028129395,0.0,12.0,120000.0,0.0,0.0,0.0,0.252,2,0.03437725454568863,1.0,-3.9691,0.985054347826087,1.2808537137681157,0.0,12.0,120000.0,0.0,0.0,0.0,0.218,1
736.0,1987,0.985054347826087,1.2808537137681157,0.0,12.0,120000.0,0.0,0.0,1.0,0.218,3,0.0,1.0,-4.969100000000001,0.985054347826087,1.2808537137681157,0.0,12.0,120000.0,0.0,0.0,1.0,0.218,1
716.0,666,0.9636871508379888,1.2657122905027933,37.5,25.0,400000.0,20000.0,6.0,2.0,0.245,0,0.0,1.0,9.6093998,0.9850409507338086,1.280836293698415,62.5,25.0,400000.0,20000.0,8.0,2.0,0.217,0
185.0,53,0.7297297297297297,0.7038288288288288,0.0,8.0,80000.0,0.0,0.0,1.0,0.868,2,1.0,1.0,-3.96915,0.9846084200995926,1.2802738795835218,0.0,8.0,80000.0,0.0,0.0,2.0,0.217,1
727.0,1979,0.9766162310866575,1.2709193030719854,0.0,12.0,120000.0,0.0,0.0,1.0,0.23,2,0.6501069664955139,1.0,9.614233333333333,0.983717774762551,1.2791157847127996,0.0,12.0,120000.0,0.0,0.0,1.0,0.218,0
737.0,2442,0.983717774762551,1.2791157847127996,0.0,12.0,120000.0,0.0,0.0,0.0,0.218,3,0.0,1.0,-4.969150000000001,0.983717774762551,1.2791157847127996,0.0,12.0,120000.0,0.0,0.0,0.0,0.217,1
721.0,268,0.984743411927878,1.2656033287101247,0.0,8.0,80000.0,0.0,0.0,2.0,0.237,1,0.3385237455368042,1.0,-3.9696999999999996,0.9823848238482384,1.281616982836495,0.0,8.0,80000.0,0.0,0.0,2.0,0.216,1
732.0,1085,0.9904371584699454,1.2679303278688525,0.0,12.0,120000.0,20000.0,7.0,1.0,0.222,1,0.0,1.0,9.780299999999999,0.9823848238482384,1.281616982836495,25.0,12.0,120000.0,20000.0,9.0,1.0,0.216,0
738.0,1988,0.9823848238482384,1.281616982836495,0.0,12.0,120000.0,0.0,0.0,1.0,0.216,1,0.0,1.0,-4.96945,0.9823848238482384,1.281616982836495,0.0,12.0,120000.0,0.0,0.0,1.0,0.216,1
713.0,2429,0.967741935483871,1.266654978962132,0.0,12.0,120000.0,0.0,0.0,0.0,0.249,2,0.03437725454568863,1.0,-3.9692,0.9823714992700439,1.2815995996224134,0.0,12.0,120000.0,0.0,0.0,0.0,0.216,1
734.0,1986,0.9877384196185286,1.2729904632152589,0.0,12.0,120000.0,0.0,0.0,1.0,0.22,1,1.0,1.0,9.822216666666666,0.9810554803788905,1.2798827244023454,0.0,12.0,120000.0,0.0,0.0,1.0,0.216,0
725.0,270,0.9793103448275862,1.2701149425287357,0.0,8.0,80000.0,0.0,0.0,2.0,0.232,1,0.6501069664955139,1.0,-3.865083333333336,0.9873760144274121,1.2793056807935077,0.0,8.0,80000.0,0.0,0.0,2.0,0.215,1
699.0,2422,0.9871244635193134,1.2711611826418694,0.0,12.0,120000.0,0.0,0.0,0.0,0.269,3,1.0,1.0,-3.96925,0.9865397996305234,1.278222228973338,0.0,12.0,120000.0,0.0,0.0,0.0,0.215,1
729.0,1980,0.98079561042524,1.2702903520804754,0.0,12.0,120000.0,0.0,0.0,1.0,0.227,2,0.6501069664955139,1.0,9.572466666666665,0.9864864864864865,1.2781531531531531,0.0,12.0,120000.0,0.0,0.0,1.0,0.216,0
715.0,2430,0.965034965034965,1.2674825174825173,0.0,12.0,120000.0,0.0,0.0,0.0,0.248,2,0.03437725454568863,1.0,-3.96935,0.9864731424376274,1.2781358637747797,0.0,12.0,120000.0,0.0,0.0,0.0,0.213,1
720.0,671,0.9791666666666667,1.2673611111111112,37.5,25.0,400000.0,20000.0,6.0,2.0,0.238,0,0.0,1.0,9.6091998,0.9864731424376274,1.2781358637747797,62.5,25.0,400000.0,20000.0,8.0,2.0,0.213,0
734.0,1086,0.9877384196185286,1.2729904632152589,12.5,12.0,120000.0,20000.0,8.0,1.0,0.22,0,0.0,1.0,9.759732916666668,0.9864731424376274,1.2781358637747797,25.0,12.0,120000.0,20000.0,8.0,1.0,0.213,0
737.0,1984,0.983717774762551,1.2791157847127996,0.0,12.0,120000.0,0.0,0.0,1.0,0.218,1,1.0,1.0,9.864033333333333,0.9851551956815116,1.2764282501124606,0.0,12.0,120000.0,0.0,0.0,1.0,0.214,0
742.0,1990,0.9838274932614556,1.2747079964061097,0.0,12.0,120000.0,0.0,0.0,1.0,0.212,1,0.0,1.0,-4.96945,0.9838274932614556,1.2747079964061097,0.0,12.0,120000.0,0.0,0.0,1.0,0.211,1
722.0,668,0.9833795013850415,1.2681786703601108,37.5,25.0,400000.0,20000.0,6.0,2.0,0.235,0,0.0,1.0,9.609349800000002,0.9838142210507377,1.274690800105693,50.0,25.0,400000.0,20000.0,7.0,2.0,0.211,0
736.0,1087,0.985054347826087,1.2808537137681157,37.5,12.0,120000.0,20000.0,9.0,1.0,0.218,0,0.0,1.0,9.759882916666669,0.9838142210507377,1.274690800105693,12.5,12.0,120000.0,20000.0,7.0,1.0,0.211,0
743.0,2445,0.9825033647375504,1.2757963212202783,0.0,12.0,120000.0,0.0,0.0,0.0,0.211,2,0.0,1.0,-4.96945,0.9825033647375504,1.2757963212202783,0.0,12.0,120000.0,0.0,0.0,0.0,0.211,1
738.0,1088,0.9823848238482384,1.281616982836495,25.0,12.0,120000.0,20000.0,8.0,1.0,0.216,0,0.0,1.0,9.759832916666669,0.9811695947477911,1.2768645411101391,12.5,12.0,120000.0,20000.0,7.0,1.0,0.21,0
651.0,237,0.9831029185867896,1.236879160266257,0.0,8.0,80000.0,0.0,0.0,2.0,0.31,2,0.9056781530380249,1.0,-3.9695,0.980743394536498,1.276309896999552,0.0,8.0,80000.0,0.0,0.0,2.0,0.21,1
725.0,669,0.9793103448275862,1.2701149425287357,50.0,25.0,400000.0,20000.0,7.0,2.0,0.232,0,0.0,1.0,9.609249800000002,0.9798526062757197,1.275150652002649,50.0,25.0,400000.0,20000.0,7.0,2.0,0.209,0
201.0,61,0.7711442786069652,0.8032752902155889,0.0,8.0,80000.0,0.0,0.0,1.0,0.844,2,0.04265980049967766,1.0,-3.96955,0.9794275491949911,1.2745974955277282,0.0,8.0,80000.0,0.0,0.0,2.0,0.209,1
746.0,1992,0.9785522788203753,1.2762511170688113,0.0,12.0,120000.0,0.0,0.0,1.0,0.209,1,0.0,1.0,-4.9698,0.9785522788203753,1.2762511170688113,0.0,12.0,120000.0,0.0,0.0,1.0,0.209,1
733.0,274,0.9890859481582538,1.2662005457025922,0.0,8.0,80000.0,0.0,0.0,2.0,0.221,1,0.6501069664955139,1.0,-3.8028833333333356,0.9781152300133988,1.2756811076373382,0.0,8.0,80000.0,0.0,0.0,2.0,0.209,1
747.0,2447,0.9772423025435073,1.2773315484158858,0.0,12.0,120000.0,0.0,0.0,0.0,0.209,3,0.0,1.0,-4.96955,0.9772423025435073,1.2773315484158858,0.0,12.0,120000.0,0.0,0.0,0.0,0.209,1
199.0,60,0.7788944723618091,0.7642378559463987,0.0,8.0,80000.0,0.0,0.0,1.0,0.851,2,0.04265980049967766,1.0,-3.9696,0.976806422836753,1.2767618198037465,0.0,8.0,80000.0,0.0,0.0,2.0,0.208,1
744.0,1991,0.9811827956989247,1.2768817204301075,0.0,12.0,120000.0,0.0,0.0,1.0,0.211,1,0.5333237648010254,1.0,9.863783333333334,0.9759358288770054,1.2784090909090908,0.0,12.0,120000.0,0.0,0.0,1.0,0.209,0
748.0,1993,0.9759358288770054,1.2784090909090908,0.0,12.0,120000.0,0.0,0.0,1.0,0.209,2,0.0,1.0,-4.96955,0.9759358288770054,1.2784090909090908,0.0,12.0,120000.0,0.0,0.0,1.0,0.209,1
197.0,59,0.7868020304568528,0.7561336717428088,0.0,8.0,80000.0,0.0,0.0,1.0,0.854,2,1.0,1.0,-3.96955,0.9754880650750136,1.2778225509972354,0.0,8.0,80000.0,0.0,0.0,2.0,0.209,1
203.0,62,0.7635467980295567,0.7953612479474549,0.0,8.0,80000.0,0.0,0.0,1.0,0.843,2,0.04265980049967766,1.0,-3.9696,0.9741992882562278,1.2761343416370106,0.0,8.0,80000.0,0.0,0.0,2.0,0.208,1
750.0,1994,0.9733333333333334,1.2791666666666668,0.0,12.0,120000.0,0.0,0.0,1.0,0.208,2,0.0,1.0,-4.969650000000001,0.9733333333333334,1.2791666666666668,0.0,12.0,120000.0,0.0,0.0,1.0,0.207,1
744.0,1091,0.9811827956989247,1.2768817204301075,12.5,12.0,120000.0,20000.0,7.0,1.0,0.211,0,0.0,1.0,9.759182916666669,0.9733203427511588,1.279149594283415,37.5,12.0,120000.0,20000.0,9.0,1.0,0.207,0
727.0,2437,0.9766162310866575,1.2709193030719854,0.0,12.0,120000.0,0.0,0.0,0.0,0.23,2,0.6501069664955139,1.0,-3.96975,0.9707446808510638,1.2826906028368794,0.0,12.0,120000.0,0.0,0.0,0.0,0.205,1
746.0,1535,0.9785522788203753,1.2762511170688113,0.0,12.0,120000.0,20000.0,5.0,2.0,0.209,0,0.0,1.0,9.759749999999999,0.9707446808510638,1.2826906028368794,25.0,12.0,120000.0,20000.0,8.0,2.0,0.205,0
752.0,1995,0.9707446808510638,1.2826906028368794,0.0,12.0,120000.0,0.0,0.0,1.0,0.205,2,0.0,1.0,-4.9698,0.9707446808510638,1.2826906028368794,0.0,12.0,120000.0,0.0,0.0,1.0,0.204,1
732.0,675,0.9904371584699454,1.2679303278688525,62.5,25.0,400000.0,20000.0,8.0,2.0,0.222,0,0.0,1.0,9.608999800000001,0.9707317592753851,1.2826735289512081,50.0,25.0,400000.0,20000.0,7.0,2.0,0.204,0
746.0,1092,0.9785522788203753,1.2762511170688113,12.5,12.0,120000.0,20000.0,7.0,1.0,0.209,0,0.0,1.0,9.759282916666667,0.9707317592753851,1.2826735289512081,25.0,12.0,120000.0,20000.0,8.0,1.0,0.204,0
753.0,2450,0.9694555112881806,1.280987162461266,0.0,12.0,120000.0,0.0,0.0,0.0,0.204,2,0.0,1.0,-4.969900000000001,0.9694555112881806,1.280987162461266,0.0,12.0,120000.0,0.0,0.0,0.0,0.202,1
209.0,65,0.7894736842105263,0.8273524720893142,0.0,8.0,80000.0,0.0,0.0,1.0,0.833,2,1.0,1.0,-3.9699,0.9690265486725663,1.280420353982301,0.0,8.0,80000.0,0.0,0.0,2.0,0.202,1
754.0,1996,0.9681697612732095,1.2834328028293545,0.0,12.0,120000.0,0.0,0.0,1.0,0.202,1,0.0,1.0,-4.969900000000001,0.9681697612732095,1.2834328028293545,0.0,12.0,120000.0,0.0,0.0,1.0,0.202,1
729.0,2438,0.98079561042524,1.2702903520804754,0.0,12.0,120000.0,0.0,0.0,0.0,0.227,2,0.6501069664955139,1.0,-3.9699,0.9681569081556358,1.2834157643786896,0.0,12.0,120000.0,0.0,0.0,0.0,0.202,1
748.0,1093,0.9759358288770054,1.2784090909090908,25.0,12.0,120000.0,20000.0,8.0,1.0,0.209,0,0.0,1.0,9.759182916666667,0.9681569081556358,1.2834157643786896,25.0,12.0,120000.0,20000.0,8.0,1.0,0.202,0
748.0,1536,0.9759358288770054,1.2784090909090908,12.5,12.0,120000.0,20000.0,6.0,2.0,0.209,0,0.0,1.0,9.758932916666668,0.9681569081556358,1.2834157643786896,37.5,12.0,120000.0,20000.0,9.0,2.0,0.202,0
755.0,2451,0.966887417218543,1.2817328918322297,0.0,12.0,120000.0,0.0,0.0,0.0,0.202,2,0.0,1.0,-4.969950000000001,0.966887417218543,1.2817328918322297,0.0,12.0,120000.0,0.0,0.0,0.0,0.201,1
735.0,676,0.9863945578231291,1.274092970521542,62.5,25.0,400000.0,20000.0,8.0,2.0,0.219,0,0.0,1.0,9.609099800000001,0.966874598126189,1.2817158984863437,37.5,25.0,400000.0,20000.0,6.0,2.0,0.201,0
756.0,1097,0.9656084656084656,1.2896825396825395,25.0,12.0,120000.0,20000.0,8.0,1.0,0.201,1,0.0,1.0,-4.96495,0.9656084656084656,1.2896825396825395,25.0,12.0,120000.0,20000.0,8.0,1.0,0.201,1
750.0,1094,0.9733333333333334,1.2791666666666668,37.5,12.0,120000.0,20000.0,9.0,1.0,0.208,0,0.0,1.0,9.759282916666669,0.965595680406401,1.2896654635564944,12.5,12.0,120000.0,20000.0,7.0,1.0,0.199,0
750.0,1537,0.9733333333333334,1.2791666666666668,25.0,12.0,120000.0,20000.0,7.0,2.0,0.208,0,0.0,1.0,9.759032916666667,0.965595680406401,1.2896654635564944,25.0,12.0,120000.0,20000.0,8.0,2.0,0.199,0
757.0,2452,0.9643328929986791,1.2879788639365919,0.0,12.0,120000.0,0.0,0.0,0.0,0.198,3,0.0,1.0,-4.97015,0.9643328929986791,1.2879788639365919,0.0,12.0,120000.0,0.0,0.0,0.0,0.197,1
663.0,243,0.9728506787330317,1.2333459024635494,0.0,8.0,80000.0,0.0,0.0,2.0,0.302,2,0.6607164740562439,1.0,-3.97015,0.9639084507042253,1.287411971830986,0.0,8.0,80000.0,0.0,0.0,2.0,0.197,1
213.0,67,0.7746478873239436,0.8558294209702662,0.0,8.0,80000.0,0.0,0.0,1.0,0.823,2,0.9517912268638611,1.0,-3.97015,0.9639084507042253,1.287411971830986,0.0,8.0,80000.0,0.0,0.0,2.0,0.197,1
758.0,1998,0.9630606860158311,1.2862796833773087,0.0,12.0,120000.0,0.0,0.0,1.0,0.197,2,0.0,1.0,-4.97015,0.9630606860158311,1.2862796833773087,0.0,12.0,120000.0,0.0,0.0,1.0,0.197,1
745.0,2446,0.9798657718120805,1.2751677852348993,0.0,12.0,120000.0,0.0,0.0,0.0,0.21,2,1.0,1.0,-3.5122337499999983,0.9630479681923989,1.2862626972432727,0.0,12.0,120000.0,0.0,0.0,0.0,0.197,1
738.0,677,0.9823848238482384,1.281616982836495,62.5,25.0,400000.0,20000.0,8.0,2.0,0.216,0,0.0,1.0,9.608649800000002,0.9630479681923989,1.2862626972432727,50.0,25.0,400000.0,20000.0,7.0,2.0,0.197,0
752.0,1538,0.9707446808510638,1.2826906028368794,25.0,12.0,120000.0,20000.0,7.0,2.0,0.205,0,0.0,1.0,9.758932916666668,0.9630479681923989,1.2862626972432727,25.0,12.0,120000.0,20000.0,8.0,2.0,0.197,0
717.0,2431,0.9623430962343096,1.2639470013947,0.0,12.0,120000.0,0.0,0.0,0.0,0.245,3,1.0,1.0,-3.97015,0.968430471059997,1.2846526656918327,0.0,12.0,120000.0,0.0,0.0,0.0,0.197,1
752.0,1095,0.9707446808510638,1.2826906028368794,37.5,12.0,120000.0,20000.0,9.0,1.0,0.205,2,1.0,1.0,9.755733333333334,0.9683794466403162,1.2845849802371543,25.0,12.0,120000.0,20000.0,8.0,1.0,0.198,0
759.0,2453,0.9683794466403162,1.2845849802371543,0.0,12.0,120000.0,0.0,0.0,0.0,0.198,3,0.0,1.0,-4.97015,0.9683794466403162,1.2845849802371543,0.0,12.0,120000.0,0.0,0.0,0.0,0.197,1
719.0,1975,0.9666203059805286,1.2647774687065367,0.0,12.0,120000.0,0.0,0.0,1.0,0.242,3,1.0,1.0,-3.9702,0.9737354469480572,1.2829622442896702,0.0,12.0,120000.0,0.0,0.0,1.0,0.196,1
756.0,1997,0.9656084656084656,1.2896825396825395,0.0,12.0,120000.0,0.0,0.0,1.0,0.201,1,0.012773588299751282,1.0,9.863183333333334,0.9736842105263158,1.2828947368421053,0.0,12.0,120000.0,0.0,0.0,1.0,0.197,0
760.0,1999,0.9736842105263158,1.2828947368421053,0.0,12.0,120000.0,0.0,0.0,1.0,0.197,1,0.0,1.0,-4.9702,0.9736842105263158,1.2828947368421053,0.0,12.0,120000.0,0.0,0.0,1.0,0.196,1
754.0,1096,0.9681697612732095,1.2834328028293545,25.0,12.0,120000.0,20000.0,8.0,1.0,0.202,0,0.0,1.0,9.759132916666669,0.9736713862492417,1.282877839990555,12.5,12.0,120000.0,20000.0,7.0,1.0,0.196,0
754.0,1539,0.9681697612732095,1.2834328028293545,37.5,12.0,120000.0,20000.0,9.0,2.0,0.202,0,0.0,1.0,9.758882916666668,0.9736713862492417,1.282877839990555,25.0,12.0,120000.0,20000.0,8.0,2.0,0.196,0
719.0,2432,0.9666203059805286,1.2647774687065367,0.0,12.0,120000.0,0.0,0.0,0.0,0.242,3,1.0,1.0,-3.9702,0.9790264799854596,1.2812762657527825,0.0,12.0,120000.0,0.0,0.0,0.0,0.196,1
761.0,300,0.9789750328515112,1.2839465615418308,0.0,8.0,80000.0,0.0,0.0,2.0,0.196,1,0.0,1.0,-4.97025,0.9789750328515112,1.2839465615418308,0.0,8.0,80000.0,0.0,0.0,2.0,0.195,1
761.0,2454,0.9789750328515112,1.2839465615418308,0.0,12.0,120000.0,0.0,0.0,0.0,0.196,3,0.0,1.0,-4.97025,0.9789750328515112,1.2839465615418308,0.0,12.0,120000.0,0.0,0.0,0.0,0.195,1
762.0,2000,0.9776902887139107,1.286362642169729,0.0,12.0,120000.0,0.0,0.0,1.0,0.195,1,0.0,1.0,-4.97025,0.9776902887139107,1.286362642169729,0.0,12.0,120000.0,0.0,0.0,1.0,0.195,1
219.0,70,0.7534246575342466,0.8894596651445966,0.0,8.0,80000.0,0.0,0.0,1.0,0.82,2,1.0,1.0,-3.97025,0.9772627896808045,1.285800174901618,0.0,8.0,80000.0,0.0,0.0,2.0,0.195,1
723.0,2435,0.9820193637621023,1.273628400184417,0.0,12.0,120000.0,0.0,0.0,0.0,0.235,3,0.4656837582588196,1.0,-3.9704,0.981726779128138,1.2830623599438582,0.0,12.0,120000.0,0.0,0.0,0.0,0.192,1
749.0,2448,0.9746328437917223,1.2767022696929238,0.0,12.0,120000.0,0.0,0.0,0.0,0.209,2,1.0,1.0,-3.5954,0.981675392670157,1.2829952006980803,0.0,12.0,120000.0,0.0,0.0,0.0,0.192,1
764.0,2001,0.981675392670157,1.2829952006980803,0.0,12.0,120000.0,0.0,0.0,1.0,0.192,2,0.0,1.0,-4.9704500000000005,0.981675392670157,1.2829952006980803,0.0,12.0,120000.0,0.0,0.0,1.0,0.191,1
633.0,644,0.9636650868878357,1.181542917324908,62.5,25.0,400000.0,20000.0,6.0,1.0,0.333,1,0.857663631439209,1.0,-3.928,0.9816625308351654,1.2829783909942925,50.0,25.0,400000.0,20000.0,7.0,2.0,0.19,1
744.0,679,0.9811827956989247,1.2768817204301075,50.0,25.0,400000.0,20000.0,7.0,2.0,0.211,0,0.0,1.0,9.608299800000001,0.9816625308351654,1.2829783909942925,50.0,25.0,400000.0,20000.0,7.0,2.0,0.19,0
758.0,1098,0.9630606860158311,1.2862796833773087,12.5,12.0,120000.0,20000.0,7.0,1.0,0.197,0,0.0,1.0,9.758832916666668,0.9816625308351654,1.2829783909942925,12.5,12.0,120000.0,20000.0,7.0,1.0,0.19,0
758.0,1541,0.9630606860158311,1.2862796833773087,25.0,12.0,120000.0,20000.0,8.0,2.0,0.197,0,0.0,1.0,9.758332916666667,0.9816625308351654,1.2829783909942925,37.5,12.0,120000.0,20000.0,9.0,2.0,0.19,0
760.0,1099,0.9736842105263158,1.2828947368421053,25.0,12.0,120000.0,20000.0,8.0,1.0,0.197,1,0.9773679375648499,1.0,9.826166666666666,0.9803921568627451,1.284041394335512,12.5,12.0,120000.0,20000.0,7.0,1.0,0.19,0
756.0,1540,0.9656084656084656,1.2896825396825395,37.5,12.0,120000.0,20000.0,9.0,2.0,0.201,1,0.012773588299751282,1.0,9.628983333333332,0.97911227154047,1.282365100087032,37.5,12.0,120000.0,20000.0,9.0,2.0,0.188,0
766.0,2002,0.97911227154047,1.282365100087032,0.0,12.0,120000.0,0.0,0.0,1.0,0.188,1,0.0,1.0,-4.970650000000001,0.97911227154047,1.282365100087032,0.0,12.0,120000.0,0.0,0.0,1.0,0.187,1
760.0,1542,0.9736842105263158,1.2828947368421053,25.0,12.0,120000.0,20000.0,8.0,2.0,0.197,1,0.9773679375648499,1.0,9.783182916666668,0.9790994767809887,1.2823483425062117,37.5,12.0,120000.0,20000.0,9.0,2.0,0.187,0
223.0,72,0.7399103139013453,0.9155455904334828,0.0,8.0,80000.0,0.0,0.0,1.0,0.814,2,1.0,1.0,-3.97065,0.97868638538495,1.281807307525011,0.0,8.0,80000.0,0.0,0.0,2.0,0.187,1
767.0,303,0.9778357235984355,1.2806931768796175,0.0,8.0,80000.0,0.0,0.0,2.0,0.187,1,0.0,1.0,-4.97095,0.9778357235984355,1.2806931768796175,0.0,8.0,80000.0,0.0,0.0,2.0,0.186,1
767.0,2457,0.9778357235984355,1.2806931768796175,0.0,12.0,120000.0,0.0,0.0,0.0,0.187,3,0.0,1.0,-4.970700000000001,0.9778357235984355,1.2806931768796175,0.0,12.0,120000.0,0.0,0.0,0.0,0.186,1
747.0,680,0.9772423025435073,1.2773315484158858,50.0,25.0,400000.0,20000.0,7.0,2.0,0.209,0,0.0,1.0,9.608099800000002,0.9778229621801156,1.2806764629664569,50.0,25.0,400000.0,20000.0,7.0,2.0,0.186,0
753.0,276,0.9694555112881806,1.280987162461266,0.0,8.0,80000.0,0.0,0.0,2.0,0.204,1,0.012773588299751282,1.0,-3.8667833333333355,0.9774109470026064,1.2801368375325803,0.0,8.0,80000.0,0.0,0.0,2.0,0.186,1
768.0,2003,0.9765625,1.2830946180555556,0.0,12.0,120000.0,0.0,0.0,1.0,0.186,1,0.0,1.0,-4.970700000000001,0.9765625,1.2830946180555556,0.0,12.0,120000.0,0.0,0.0,1.0,0.186,1
762.0,1100,0.9776902887139107,1.286362642169729,12.5,12.0,120000.0,20000.0,7.0,1.0,0.195,0,0.0,1.0,9.758632916666668,0.9765497717926879,1.283077894605393,12.5,12.0,120000.0,20000.0,9.0,1.0,0.186,0
762.0,1543,0.9776902887139107,1.286362642169729,25.0,12.0,120000.0,20000.0,8.0,2.0,0.195,0,0.0,1.0,9.758132916666668,0.9765497717926879,1.283077894605393,37.5,12.0,120000.0,20000.0,9.0,2.0,0.186,0
755.0,277,0.966887417218543,1.2817328918322297,0.0,8.0,80000.0,0.0,0.0,2.0,0.202,1,0.012773588299751282,1.0,-3.8046589583333335,0.9761261114676237,1.2825212520116276,0.0,8.0,80000.0,0.0,0.0,2.0,0.186,1
769.0,2458,0.975292587776333,1.281426094495015,0.0,12.0,120000.0,0.0,0.0,0.0,0.186,2,0.0,1.0,-4.9708000000000006,0.975292587776333,1.281426094495015,0.0,12.0,120000.0,0.0,0.0,0.0,0.184,1
770.0,2004,0.974025974025974,1.2797619047619049,0.0,12.0,120000.0,0.0,0.0,1.0,0.184,1,0.0,1.0,-4.9708000000000006,0.974025974025974,1.2797619047619049,0.0,12.0,120000.0,0.0,0.0,1.0,0.184,1
770.0,2460,0.974025974025974,1.2797619047619049,0.0,12.0,120000.0,0.0,0.0,0.0,0.184,2,0.0,1.0,-4.97085,0.974025974025974,1.2797619047619049,0.0,12.0,120000.0,0.0,0.0,0.0,0.183,1
764.0,1544,0.981675392670157,1.2829952006980803,37.5,12.0,120000.0,20000.0,9.0,2.0,0.192,0,0.0,1.0,9.757932916666668,0.9740133118529201,1.2797452680734198,37.5,12.0,120000.0,20000.0,9.0,2.0,0.182,0
766.0,1102,0.97911227154047,1.282365100087032,12.5,12.0,120000.0,20000.0,7.0,1.0,0.188,2,0.7526252269744873,1.0,9.77895,0.9715025906735751,1.2818436960276338,25.0,12.0,120000.0,20000.0,10.0,1.0,0.179,0
766.0,1545,0.97911227154047,1.282365100087032,37.5,12.0,120000.0,20000.0,9.0,2.0,0.188,0,0.0,1.0,9.757632916666669,0.9714899940222278,1.281827075445995,37.5,12.0,120000.0,20000.0,9.0,2.0,0.176,0
227.0,74,0.7268722466960352,0.9544787077826724,0.0,8.0,80000.0,0.0,0.0,1.0,0.808,2,0.24756893515586853,1.0,-3.9712,0.9710832973672854,1.281290461804057,0.0,8.0,80000.0,0.0,0.0,2.0,0.176,1
757.0,278,0.9643328929986791,1.2879788639365919,0.0,8.0,80000.0,0.0,0.0,2.0,0.198,1,0.012773588299751282,1.0,-3.9295333333333358,0.9710832973672854,1.281290461804057,0.0,8.0,80000.0,0.0,0.0,2.0,0.176,1
773.0,286,0.9702457956015523,1.2842281155670547,0.0,8.0,80000.0,0.0,0.0,2.0,0.176,1,0.0,1.0,-4.9712000000000005,0.9702457956015523,1.2842281155670547,0.0,8.0,80000.0,0.0,0.0,2.0,0.176,1
675.0,249,0.9555555555555555,1.2222222222222223,0.0,8.0,80000.0,0.0,0.0,2.0,0.295,2,0.4873596131801605,1.0,-3.9713,0.9698275862068966,1.2836745689655171,0.0,8.0,80000.0,0.0,0.0,2.0,0.174,1
770.0,2010,0.974025974025974,1.2797619047619049,0.0,12.0,120000.0,0.0,0.0,1.0,0.184,1,0.7526252269744873,1.0,9.861833333333333,0.9689922480620154,1.282568906115418,0.0,12.0,120000.0,0.0,0.0,1.0,0.175,0
774.0,2006,0.9689922480620154,1.282568906115418,0.0,12.0,120000.0,0.0,0.0,1.0,0.175,2,0.0,1.0,-4.971350000000001,0.9689922480620154,1.282568906115418,0.0,12.0,120000.0,0.0,0.0,1.0,0.173,1
768.0,1103,0.9765625,1.2830946180555556,12.5,12.0,120000.0,20000.0,9.0,1.0,0.186,0,0.0,1.0,9.757632916666667,0.9689797164251144,1.282552319101575,25.0,12.0,120000.0,20000.0,10.0,1.0,0.171,0
768.0,1546,0.9765625,1.2830946180555556,37.5,12.0,120000.0,20000.0,9.0,2.0,0.186,0,0.0,1.0,9.757382916666668,0.9689797164251144,1.282552319101575,37.5,12.0,120000.0,20000.0,9.0,2.0,0.171,0
775.0,307,0.967741935483871,1.2809139784946237,0.0,8.0,80000.0,0.0,0.0,2.0,0.171,1,0.0,1.0,-4.97175,0.967741935483871,1.2809139784946237,0.0,8.0,80000.0,0.0,0.0,2.0,0.17,1
751.0,2449,0.9720372836218375,1.2774633821571237,0.0,12.0,120000.0,0.0,0.0,0.0,0.207,2,1.0,1.0,-3.9715,0.9677294361656051,1.2808974342580857,0.0,12.0,120000.0,0.0,0.0,0.0,0.17,1
761.0,280,0.9789750328515112,1.2839465615418308,0.0,8.0,80000.0,0.0,0.0,2.0,0.196,1,0.9773679375648499,1.0,-3.867383333333336,0.9673258813413586,1.2803632846087702,0.0,8.0,80000.0,0.0,0.0,2.0,0.169,1
772.0,2005,0.9715025906735751,1.2818436960276338,0.0,12.0,120000.0,0.0,0.0,1.0,0.179,1,1.0,1.0,9.861583333333334,0.9664948453608248,1.2792633161512028,0.0,12.0,120000.0,0.0,0.0,1.0,0.17,0
776.0,2463,0.9664948453608248,1.2792633161512028,0.0,12.0,120000.0,0.0,0.0,0.0,0.17,2,0.0,1.0,-4.9717,0.9664948453608248,1.2792633161512028,0.0,12.0,120000.0,0.0,0.0,0.0,0.166,1
756.0,683,0.9656084656084656,1.2896825396825395,37.5,25.0,400000.0,20000.0,6.0,2.0,0.201,0,0.0,1.0,9.607099800000002,0.9664823782363323,1.2792468145267009,50.0,25.0,400000.0,20000.0,7.0,2.0,0.166,0
770.0,1104,0.974025974025974,1.2797619047619049,12.5,12.0,120000.0,20000.0,9.0,1.0,0.184,0,0.0,1.0,9.757632916666669,0.9664823782363323,1.2792468145267009,12.5,12.0,120000.0,20000.0,9.0,1.0,0.166,0
770.0,1547,0.974025974025974,1.2797619047619049,37.5,12.0,120000.0,20000.0,9.0,2.0,0.184,0,0.0,1.0,9.757382916666668,0.9664823782363323,1.2792468145267009,25.0,12.0,120000.0,20000.0,8.0,2.0,0.166,0
735.0,2441,0.9863945578231291,1.274092970521542,0.0,12.0,120000.0,0.0,0.0,0.0,0.219,3,1.0,1.0,-3.97175,0.9717359841982086,1.2776826613422916,0.0,12.0,120000.0,0.0,0.0,0.0,0.165,1
772.0,2011,0.9715025906735751,1.2818436960276338,0.0,12.0,120000.0,0.0,0.0,1.0,0.179,1,1.0,1.0,9.819966666666666,0.9716859716859717,1.2776169026169026,0.0,12.0,120000.0,0.0,0.0,1.0,0.166,0
778.0,2008,0.9704370179948586,1.2759747215081405,0.0,12.0,120000.0,0.0,0.0,1.0,0.164,3,0.0,1.0,-4.97185,0.9704370179948586,1.2759747215081405,0.0,12.0,120000.0,0.0,0.0,1.0,0.163,1
772.0,1105,0.9715025906735751,1.2818436960276338,25.0,12.0,120000.0,20000.0,10.0,1.0,0.179,0,0.0,1.0,9.757582916666667,0.9704245321984997,1.275958304615301,0.0,12.0,120000.0,20000.0,8.0,1.0,0.16,0
772.0,1548,0.9715025906735751,1.2818436960276338,37.5,12.0,120000.0,20000.0,9.0,2.0,0.179,0,0.0,1.0,9.757082916666667,0.9704245321984997,1.275958304615301,25.0,12.0,120000.0,20000.0,8.0,2.0,0.16,0
774.0,1106,0.9689922480620154,1.282568906115418,37.5,12.0,120000.0,20000.0,11.0,1.0,0.175,1,0.4889056086540222,1.0,9.836966666666667,0.9691912708600771,1.27433675652546,0.0,12.0,120000.0,20000.0,8.0,1.0,0.161,0
759.0,684,0.9683794466403162,1.2845849802371543,50.0,25.0,400000.0,20000.0,7.0,2.0,0.198,0,0.0,1.0,9.6069498,0.9691788170988971,1.2743203817539306,37.5,25.0,400000.0,20000.0,6.0,2.0,0.158,0
776.0,2007,0.9664948453608248,1.2792633161512028,0.0,12.0,120000.0,0.0,0.0,1.0,0.17,1,1.0,1.0,9.861033333333333,0.967948717948718,1.2727029914529915,0.0,12.0,120000.0,0.0,0.0,1.0,0.159,0
780.0,2009,0.967948717948718,1.2727029914529915,0.0,12.0,120000.0,0.0,0.0,1.0,0.159,3,0.0,1.0,-4.97205,0.967948717948718,1.2727029914529915,0.0,12.0,120000.0,0.0,0.0,1.0,0.159,1
774.0,1549,0.9689922480620154,1.282568906115418,37.5,12.0,120000.0,20000.0,9.0,2.0,0.175,0,0.0,1.0,9.756932916666667,0.9679362960995848,1.2726866586408723,25.0,12.0,120000.0,20000.0,8.0,2.0,0.157,0
740.0,1089,0.9864864864864865,1.2781531531531531,37.5,12.0,120000.0,20000.0,9.0,1.0,0.216,3,0.5827858448028564,1.0,-3.9547499999999998,0.9731612249902528,1.2711384970061828,25.0,12.0,120000.0,20000.0,9.0,1.0,0.155,1
776.0,1107,0.9664948453608248,1.2792633161512028,25.0,12.0,120000.0,20000.0,10.0,1.0,0.17,1,0.4889056086540222,1.0,9.824466666666666,0.9731113956466069,1.2750746905676482,25.0,12.0,120000.0,20000.0,9.0,1.0,0.156,0
739.0,2443,0.9810554803788905,1.2798827244023454,0.0,12.0,120000.0,0.0,0.0,0.0,0.216,3,0.5827858448028564,1.0,-3.9723,0.9847050874123346,1.2735092851274241,0.0,12.0,120000.0,0.0,0.0,0.0,0.154,1
741.0,2444,0.9851551956815116,1.2764282501124606,0.0,12.0,120000.0,0.0,0.0,0.0,0.214,3,0.5827858448028564,1.0,-3.9723,0.9847050874123346,1.2735092851274241,0.0,12.0,120000.0,0.0,0.0,0.0,0.154,1
776.0,2013,0.9664948453608248,1.2792633161512028,0.0,12.0,120000.0,0.0,0.0,1.0,0.17,1,1.0,1.0,9.77775,0.9846547314578005,1.2814364876385338,0.0,12.0,120000.0,0.0,0.0,1.0,0.155,0
782.0,2466,0.9846547314578005,1.2814364876385338,0.0,12.0,120000.0,0.0,0.0,0.0,0.155,3,0.0,1.0,-4.9723500000000005,0.9846547314578005,1.2814364876385338,0.0,12.0,120000.0,0.0,0.0,0.0,0.153,1
762.0,685,0.9776902887139107,1.286362642169729,62.5,25.0,400000.0,20000.0,8.0,2.0,0.195,0,0.0,1.0,9.6069498,0.9846421275349148,1.2814200848059902,25.0,25.0,400000.0,20000.0,5.0,2.0,0.153,0
769.0,304,0.975292587776333,1.281426094495015,0.0,8.0,80000.0,0.0,0.0,2.0,0.186,1,0.7526252269744873,1.0,-3.8059333333333356,0.9906263314870047,1.2808904985087346,0.0,8.0,80000.0,0.0,0.0,2.0,0.153,1
740.0,1989,0.9864864864864865,1.2781531531531531,0.0,12.0,120000.0,0.0,0.0,1.0,0.216,3,0.5827858448028564,1.0,-3.97235,0.9898334398968858,1.279865281156995,0.0,12.0,120000.0,0.0,0.0,1.0,0.153,1
764.0,1101,0.981675392670157,1.2829952006980803,25.0,12.0,120000.0,20000.0,8.0,1.0,0.192,2,0.5106943249702454,1.0,-3.7590166666666667,0.9897828863346105,1.279799914857386,25.0,12.0,120000.0,20000.0,9.0,1.0,0.153,1
769.0,284,0.975292587776333,1.281426094495015,0.0,8.0,80000.0,0.0,0.0,2.0,0.186,1,0.7526252269744873,1.0,-3.8689589583333337,0.9957319566678048,1.2792389721079436,0.0,8.0,80000.0,0.0,0.0,2.0,0.15,1
742.0,1090,0.9838274932614556,1.2747079964061097,25.0,12.0,120000.0,20000.0,8.0,1.0,0.212,3,0.5827858448028564,1.0,-3.9675000000000002,0.9949487091822452,1.2782327166577456,25.0,12.0,120000.0,20000.0,9.0,1.0,0.15,1
771.0,2459,0.9727626459143969,1.280804150453956,0.0,12.0,120000.0,0.0,0.0,0.0,0.182,2,0.7526252269744873,1.0,-3.5141666666666667,0.9948979591836734,1.2821534863945578,0.0,12.0,120000.0,0.0,0.0,0.0,0.15,1
767.0,283,0.9778357235984355,1.2806931768796175,0.0,8.0,80000.0,0.0,0.0,2.0,0.187,1,0.7526252269744873,1.0,-3.9727500000000004,0.9948979591836734,1.2821534863945578,0.0,8.0,80000.0,0.0,0.0,2.0,0.15,1
778.0,1551,0.9704370179948586,1.2759747215081405,25.0,12.0,120000.0,20000.0,8.0,2.0,0.164,0,0.0,1.0,9.75663291666667,0.9948852566308434,1.28213711625102,12.5,12.0,120000.0,20000.0,7.0,2.0,0.146,0
774.0,2012,0.9689922480620154,1.282568906115418,0.0,12.0,120000.0,0.0,0.0,1.0,0.175,2,0.4889056086540222,1.0,9.569016666666666,0.9936305732484076,1.2884819532908707,0.0,12.0,120000.0,0.0,0.0,1.0,0.147,0
765.0,686,0.9803921568627451,1.284041394335512,50.0,25.0,400000.0,20000.0,7.0,2.0,0.19,0,0.0,1.0,9.606749800000001,0.9936179030379497,1.2884655233037516,12.5,25.0,400000.0,20000.0,4.0,2.0,0.144,0
782.0,2016,0.9846547314578005,1.2814364876385338,0.0,12.0,120000.0,0.0,0.0,1.0,0.155,1,0.3852550685405731,1.0,9.860583333333334,0.9923664122137404,1.2908184902459712,0.0,12.0,120000.0,0.0,0.0,1.0,0.145,0
786.0,2018,0.9923664122137404,1.2908184902459712,0.0,12.0,120000.0,0.0,0.0,1.0,0.145,3,0.0,1.0,-4.9727500000000004,0.9923664122137404,1.2908184902459712,0.0,12.0,120000.0,0.0,0.0,1.0,0.145,1
780.0,1109,0.967948717948718,1.2727029914529915,0.0,12.0,120000.0,20000.0,8.0,1.0,0.159,0,0.0,1.0,9.756782916666667,0.9923537742222901,1.2908020514055965,0.0,12.0,120000.0,20000.0,7.0,1.0,0.144,0
780.0,1552,0.967948717948718,1.2727029914529915,25.0,12.0,120000.0,20000.0,8.0,2.0,0.159,0,0.0,1.0,9.756282916666667,0.9923537742222901,1.2908020514055965,25.0,12.0,120000.0,20000.0,8.0,2.0,0.144,0
778.0,1108,0.9704370179948586,1.2759747215081405,12.5,12.0,120000.0,20000.0,9.0,1.0,0.164,2,1.0,1.0,9.652199999999999,0.9911054637865312,1.2931490893689115,0.0,12.0,120000.0,20000.0,7.0,1.0,0.144,0
763.0,2455,0.9764089121887287,1.2846767147225862,0.0,12.0,120000.0,0.0,0.0,0.0,0.195,2,0.5106943249702454,1.0,-3.9728,0.9911054637865312,1.2931490893689115,0.0,12.0,120000.0,0.0,0.0,0.0,0.144,1
772.0,2461,0.9715025906735751,1.2818436960276338,0.0,12.0,120000.0,0.0,0.0,0.0,0.179,2,0.8638694882392883,1.0,-3.598367083333332,0.99109285789135,1.2931326417733027,0.0,12.0,120000.0,0.0,0.0,0.0,0.141,1
773.0,306,0.9702457956015523,1.2842281155670547,0.0,8.0,80000.0,0.0,0.0,2.0,0.176,1,0.8638694882392883,1.0,-3.8687833333333357,0.9906858594411516,1.2926016088060965,0.0,8.0,80000.0,0.0,0.0,2.0,0.141,1
788.0,2019,0.9898477157360406,1.2915080372250423,0.0,12.0,120000.0,0.0,0.0,1.0,0.141,2,0.0,1.0,-4.972950000000001,0.9898477157360406,1.2915080372250423,0.0,12.0,120000.0,0.0,0.0,1.0,0.141,1
774.0,2462,0.9689922480620154,1.282568906115418,0.0,12.0,120000.0,0.0,0.0,0.0,0.175,2,0.4889056086540222,1.0,-3.5567504166666652,0.9898351418150132,1.291491631347847,0.0,12.0,120000.0,0.0,0.0,0.0,0.14,1
768.0,687,0.9765625,1.2830946180555556,50.0,25.0,400000.0,20000.0,7.0,2.0,0.186,0,0.0,1.0,9.606799800000001,0.9898351418150132,1.291491631347847,0.0,25.0,400000.0,20000.0,4.0,2.0,0.14,0
789.0,314,0.988593155893536,1.2938318546683565,0.0,8.0,80000.0,0.0,0.0,2.0,0.14,1,0.0,1.0,-4.973050000000001,0.988593155893536,1.2938318546683565,0.0,8.0,80000.0,0.0,0.0,2.0,0.139,1
765.0,2456,0.9803921568627451,1.284041394335512,0.0,12.0,120000.0,0.0,0.0,0.0,0.19,2,0.7526252269744873,1.0,-3.9731,0.9885806138251655,1.2938154401023798,0.0,12.0,120000.0,0.0,0.0,0.0,0.138,1
790.0,2020,0.9873417721518988,1.2948312236286919,0.0,12.0,120000.0,0.0,0.0,1.0,0.138,3,0.0,1.0,-4.9731000000000005,0.9873417721518988,1.2948312236286919,0.0,12.0,120000.0,0.0,0.0,1.0,0.138,1
776.0,1550,0.9664948453608248,1.2792633161512028,37.5,12.0,120000.0,20000.0,9.0,2.0,0.17,2,0.30146658420562744,1.0,-3.581217083333332,0.9860810737401413,1.2971285491907576,37.5,12.0,120000.0,20000.0,9.0,2.0,0.134,1
785.0,1561,0.9936305732484076,1.2884819532908707,12.5,12.0,120000.0,20000.0,7.0,2.0,0.147,0,0.0,1.0,9.755532916666668,0.9860810737401413,1.2971285491907576,37.5,12.0,120000.0,20000.0,9.0,2.0,0.134,0
691.0,253,0.9913169319826338,1.242161119150989,0.0,8.0,80000.0,0.0,0.0,2.0,0.278,2,1.0,1.0,-3.9733,0.9856657120718898,1.2965821666543955,0.0,8.0,80000.0,0.0,0.0,2.0,0.134,1
792.0,1558,0.9848484848484848,1.2955071548821548,37.5,12.0,120000.0,20000.0,9.0,2.0,0.134,2,0.0,1.0,-4.9558,0.9848484848484848,1.2955071548821548,37.5,12.0,120000.0,20000.0,9.0,2.0,0.134,1
786.0,1555,0.9923664122137404,1.2908184902459712,25.0,12.0,120000.0,20000.0,8.0,2.0,0.145,0,0.0,1.0,9.755682916666668,0.9848360376152316,1.2954907813181133,25.0,12.0,120000.0,20000.0,8.0,2.0,0.132,0
780.0,2465,0.967948717948718,1.2727029914529915,0.0,12.0,120000.0,0.0,0.0,0.0,0.159,2,0.8732414245605469,1.0,-3.5150666666666663,0.9836065573770493,1.2978142076502732,0.0,12.0,120000.0,0.0,0.0,0.0,0.132,1
793.0,1565,0.9836065573770493,1.2978142076502732,25.0,12.0,120000.0,20000.0,8.0,2.0,0.132,2,0.0,1.0,-4.9685,0.9836065573770493,1.2978142076502732,25.0,12.0,120000.0,20000.0,8.0,2.0,0.13,1
794.0,1559,0.982367758186398,1.2961796809403863,25.0,12.0,120000.0,20000.0,8.0,2.0,0.13,1,0.0,1.0,-4.968999999999999,0.982367758186398,1.2961796809403863,25.0,12.0,120000.0,20000.0,8.0,2.0,0.13,1
794.0,2022,0.982367758186398,1.2961796809403863,0.0,12.0,120000.0,0.0,0.0,1.0,0.13,1,0.0,1.0,-4.9735000000000005,0.982367758186398,1.2961796809403863,0.0,12.0,120000.0,0.0,0.0,1.0,0.13,1
794.0,2472,0.982367758186398,1.2961796809403863,0.0,12.0,120000.0,0.0,0.0,0.0,0.13,2,0.0,1.0,-4.9735000000000005,0.982367758186398,1.2961796809403863,0.0,12.0,120000.0,0.0,0.0,0.0,0.13,1
788.0,1556,0.9898477157360406,1.2915080372250423,25.0,12.0,120000.0,20000.0,8.0,2.0,0.141,0,0.0,1.0,9.75583291666667,0.9823553735802398,1.2961633401405943,12.5,12.0,120000.0,20000.0,7.0,2.0,0.13,0
795.0,317,0.9811320754716981,1.2984800838574422,0.0,8.0,80000.0,0.0,0.0,2.0,0.13,2,0.0,1.0,-4.97355,0.9811320754716981,1.2984800838574422,0.0,8.0,80000.0,0.0,0.0,2.0,0.129,1
783.0,1560,0.9897828863346105,1.279799914857386,25.0,12.0,120000.0,20000.0,8.0,2.0,0.153,2,0.3280319571495056,1.0,-3.5103166666666668,0.9798994974874372,1.3007747068676716,12.5,12.0,120000.0,20000.0,7.0,2.0,0.127,1
796.0,2473,0.9798994974874372,1.3007747068676716,0.0,12.0,120000.0,0.0,0.0,0.0,0.127,2,0.0,1.0,-4.973700000000001,0.9798994974874372,1.3007747068676716,0.0,12.0,120000.0,0.0,0.0,0.0,0.126,1
790.0,1557,0.9873417721518988,1.2948312236286919,37.5,12.0,120000.0,20000.0,9.0,2.0,0.138,0,0.0,1.0,9.755882916666668,0.9798871750369069,1.3007583493411932,0.0,12.0,120000.0,20000.0,6.0,2.0,0.126,0
784.0,2467,0.9948979591836734,1.2821534863945578,0.0,12.0,120000.0,0.0,0.0,0.0,0.15,2,1.0,1.0,-3.5153666666666665,0.9786700125470514,1.3030635717273107,0.0,12.0,120000.0,0.0,0.0,0.0,0.126,1
787.0,1562,0.9911054637865312,1.2931490893689115,25.0,12.0,120000.0,20000.0,8.0,2.0,0.144,1,0.500122606754303,1.0,9.572566666666667,0.9774436090225564,1.3014306599832914,12.5,12.0,120000.0,20000.0,7.0,2.0,0.123,0
789.0,1563,0.988593155893536,1.2938318546683565,37.5,12.0,120000.0,20000.0,9.0,2.0,0.14,1,0.500122606754303,1.0,9.66845,0.9774436090225564,1.3014306599832914,12.5,12.0,120000.0,20000.0,7.0,2.0,0.124,0
798.0,2024,0.9774436090225564,1.3014306599832914,0.0,12.0,120000.0,0.0,0.0,1.0,0.124,2,0.0,1.0,-4.973800000000001,0.9774436090225564,1.3014306599832914,0.0,12.0,120000.0,0.0,0.0,1.0,0.124,1
791.0,1564,0.9860935524652339,1.2971449641803625,50.0,12.0,120000.0,20000.0,10.0,2.0,0.137,2,1.0,1.0,9.722816666666667,0.9762202753441803,1.3037129745515228,12.5,12.0,120000.0,20000.0,7.0,2.0,0.123,0
784.0,1554,0.9948979591836734,1.2821534863945578,25.0,12.0,120000.0,20000.0,8.0,2.0,0.15,2,1.0,1.0,-3.59385,0.9762202753441803,1.3037129745515228,12.5,12.0,120000.0,20000.0,7.0,2.0,0.123,1
782.0,1553,0.9846547314578005,1.2814364876385338,25.0,12.0,120000.0,20000.0,8.0,2.0,0.155,1,0.3852550685405731,1.0,-3.6771833333333337,0.9762202753441803,1.3037129745515228,12.5,12.0,120000.0,20000.0,7.0,2.0,0.123,1
796.0,2023,0.9798994974874372,1.3007747068676716,0.0,12.0,120000.0,0.0,0.0,1.0,0.127,1,1.0,1.0,9.859333333333334,0.975,1.3059895833333333,0.0,12.0,120000.0,0.0,0.0,1.0,0.12,0
800.0,2025,0.975,1.3059895833333333,0.0,12.0,120000.0,0.0,0.0,1.0,0.12,1,0.0,1.0,-4.974,0.975,1.3059895833333333,0.0,12.0,120000.0,0.0,0.0,1.0,0.12,1
800.0,2475,0.975,1.3059895833333333,0.0,12.0,120000.0,0.0,0.0,0.0,0.12,3,0.0,1.0,-4.974,0.975,1.3059895833333333,0.0,12.0,120000.0,0.0,0.0,0.0,0.12,1
780.0,2015,0.967948717948718,1.2727029914529915,0.0,12.0,120000.0,0.0,0.0,1.0,0.159,2,0.8732414245605469,1.0,-3.849,0.9737827715355805,1.30826050769871,0.0,12.0,120000.0,0.0,0.0,1.0,0.12,1
795.0,1110,0.9811320754716981,1.2984800838574422,0.0,12.0,120000.0,20000.0,10.0,1.0,0.13,1,0.0,1.0,9.77525,0.9737827715355805,1.30826050769871,37.5,12.0,120000.0,20000.0,12.0,1.0,0.12,0
801.0,1569,0.9737827715355805,1.30826050769871,12.5,12.0,120000.0,20000.0,7.0,2.0,0.12,1,0.0,1.0,-4.974550000000001,0.9737827715355805,1.30826050769871,12.5,12.0,120000.0,20000.0,7.0,2.0,0.119,1
802.0,2476,0.972568578553616,1.3066292601828762,0.0,12.0,120000.0,0.0,0.0,0.0,0.119,2,0.0,1.0,-4.9741,0.972568578553616,1.3066292601828762,0.0,12.0,120000.0,0.0,0.0,0.0,0.118,1
797.0,1567,0.9786700125470514,1.3030635717273107,0.0,12.0,120000.0,20000.0,6.0,2.0,0.126,0,0.0,1.0,9.75585,0.9713574097135741,1.3050020755500207,0.0,12.0,120000.0,20000.0,7.0,2.0,0.117,0
788.0,2469,0.9898477157360406,1.2915080372250423,0.0,12.0,120000.0,0.0,0.0,0.0,0.141,2,0.500122606754303,1.0,-3.599667083333332,0.9713453011625597,1.3049858079187162,0.0,12.0,120000.0,0.0,0.0,0.0,0.115,1
787.0,293,0.9911054637865312,1.2931490893689115,0.0,8.0,80000.0,0.0,0.0,2.0,0.144,1,0.500122606754303,1.0,-3.975,0.9713453011625597,1.3049858079187162,0.0,8.0,80000.0,0.0,0.0,2.0,0.115,1
792.0,2021,0.9848484848484848,1.2955071548821548,0.0,12.0,120000.0,0.0,0.0,1.0,0.134,2,1.0,1.0,9.52575,0.9701492537313432,1.3072657545605306,0.0,12.0,120000.0,0.0,0.0,1.0,0.115,0
795.0,1566,0.9811320754716981,1.2984800838574422,12.5,12.0,120000.0,20000.0,7.0,2.0,0.13,1,1.0,1.0,9.65055,0.9701492537313432,1.3072657545605306,12.5,12.0,120000.0,20000.0,7.0,2.0,0.116,0
787.0,313,0.9911054637865312,1.2931490893689115,0.0,8.0,80000.0,0.0,0.0,2.0,0.144,1,0.500122606754303,1.0,-3.9747999999999997,0.9701371752821832,1.3072494789793307,0.0,8.0,80000.0,0.0,0.0,2.0,0.114,1
799.0,1112,0.9762202753441803,1.3037129745515228,12.5,12.0,120000.0,20000.0,11.0,1.0,0.123,0,0.0,1.0,9.754882916666668,0.9689320509194662,1.309507526082398,12.5,12.0,120000.0,20000.0,9.0,1.0,0.111,0
802.0,2026,0.972568578553616,1.3066292601828762,0.0,12.0,120000.0,0.0,0.0,1.0,0.119,1,0.1915256828069687,1.0,9.858933333333333,0.967741935483871,1.3078990901571546,0.0,12.0,120000.0,0.0,0.0,1.0,0.112,0
784.0,2017,0.9948979591836734,1.2821534863945578,0.0,12.0,120000.0,0.0,0.0,1.0,0.15,2,1.0,1.0,-3.8910666666666667,0.967741935483871,1.3078990901571546,0.0,12.0,120000.0,0.0,0.0,1.0,0.112,1
806.0,2028,0.967741935483871,1.3078990901571546,0.0,12.0,120000.0,0.0,0.0,1.0,0.112,1,0.0,1.0,-4.974400000000001,0.967741935483871,1.3078990901571546,0.0,12.0,120000.0,0.0,0.0,1.0,0.112,1
792.0,2471,0.9848484848484848,1.2955071548821548,0.0,12.0,120000.0,0.0,0.0,0.0,0.134,2,1.0,1.0,-3.59945,0.966542750929368,1.3062783973564644,0.0,12.0,120000.0,0.0,0.0,0.0,0.111,1
801.0,1113,0.9737827715355805,1.30826050769871,37.5,12.0,120000.0,20000.0,11.0,1.0,0.12,0,0.0,1.0,9.754832916666668,0.9665307621153298,1.3062621945255257,12.5,12.0,120000.0,20000.0,9.0,1.0,0.11,0
799.0,1568,0.9762202753441803,1.3037129745515228,12.5,12.0,120000.0,20000.0,7.0,2.0,0.123,1,1.0,1.0,9.6505,0.9653465346534653,1.304661716171617,37.5,12.0,120000.0,20000.0,9.0,2.0,0.11,0
808.0,2029,0.9653465346534653,1.304661716171617,0.0,12.0,120000.0,0.0,0.0,1.0,0.11,3,0.0,1.0,-4.974500000000001,0.9653465346534653,1.304661716171617,0.0,12.0,120000.0,0.0,0.0,1.0,0.11,1
809.0,324,0.9641532756489494,1.3069118252987226,0.0,8.0,80000.0,0.0,0.0,2.0,0.109,2,0.0,1.0,-4.974550000000001,0.9641532756489494,1.3069118252987226,0.0,8.0,80000.0,0.0,0.0,2.0,0.109,1
803.0,1570,0.9713574097135741,1.3050020755500207,0.0,12.0,120000.0,20000.0,6.0,2.0,0.117,0,0.0,1.0,9.754282916666668,0.9641413460384749,1.306895654686234,37.5,12.0,120000.0,20000.0,9.0,2.0,0.109,0
810.0,2480,0.962962962962963,1.3091563786008231,0.0,12.0,120000.0,0.0,0.0,0.0,0.109,3,0.0,1.0,-4.974600000000001,0.962962962962963,1.3091563786008231,0.0,12.0,120000.0,0.0,0.0,0.0,0.108,1
805.0,1571,0.9689440993788819,1.3095238095238095,12.5,12.0,120000.0,20000.0,7.0,2.0,0.114,0,0.0,1.0,9.754182916666668,0.9617637148522987,1.3075259905443912,37.5,12.0,120000.0,20000.0,9.0,2.0,0.107,0
803.0,1114,0.9713574097135741,1.3050020755500207,50.0,12.0,120000.0,20000.0,12.0,1.0,0.117,2,0.1915256828069687,1.0,9.6804,0.960591133004926,1.305931855500821,37.5,12.0,120000.0,20000.0,11.0,1.0,0.108,0
798.0,2474,0.9774436090225564,1.3014306599832914,0.0,12.0,120000.0,0.0,0.0,0.0,0.124,2,1.0,1.0,-3.5579333333333336,0.960591133004926,1.305931855500821,0.0,12.0,120000.0,0.0,0.0,0.0,0.108,1
812.0,2031,0.960591133004926,1.305931855500821,0.0,12.0,120000.0,0.0,0.0,1.0,0.108,2,0.0,1.0,-4.974600000000001,0.960591133004926,1.305931855500821,0.0,12.0,120000.0,0.0,0.0,1.0,0.108,1
799.0,319,0.9762202753441803,1.3037129745515228,0.0,8.0,80000.0,0.0,0.0,2.0,0.123,1,0.6694104075431824,1.0,-3.8082333333333356,0.9601969634796882,1.3053959786622897,0.0,8.0,80000.0,0.0,0.0,2.0,0.107,1
807.0,1116,0.966542750929368,1.3062783973564644,12.5,12.0,120000.0,20000.0,9.0,1.0,0.111,0,0.0,1.0,9.754132916666668,0.9593977815845096,1.306871978119925,37.5,12.0,120000.0,20000.0,11.0,1.0,0.106,0
807.0,1572,0.966542750929368,1.3062783973564644,25.0,12.0,120000.0,20000.0,8.0,2.0,0.111,0,0.0,1.0,9.754132916666668,0.9593977815845096,1.306871978119925,37.5,12.0,120000.0,20000.0,9.0,2.0,0.106,0
799.0,299,0.9762202753441803,1.3037129745515228,0.0,8.0,80000.0,0.0,0.0,2.0,0.123,1,0.6694104075431824,1.0,-3.8711589583333335,0.9590045906115344,1.306336381441994,0.0,8.0,80000.0,0.0,0.0,2.0,0.106,1
810.0,2030,0.962962962962963,1.3091563786008231,0.0,12.0,120000.0,0.0,0.0,1.0,0.109,1,0.23085574805736542,1.0,9.858683333333333,0.9582309582309583,1.309121621621622,0.0,12.0,120000.0,0.0,0.0,1.0,0.107,0
814.0,2032,0.9582309582309583,1.309121621621622,0.0,12.0,120000.0,0.0,0.0,1.0,0.107,1,0.0,1.0,-4.9746500000000005,0.9582309582309583,1.309121621621622,0.0,12.0,120000.0,0.0,0.0,1.0,0.107,1
814.0,2482,0.9582309582309583,1.309121621621622,0.0,12.0,120000.0,0.0,0.0,0.0,0.107,3,0.0,1.0,-4.9746500000000005,0.9582309582309583,1.309121621621622,0.0,12.0,120000.0,0.0,0.0,0.0,0.107,1
715.0,265,0.965034965034965,1.2674825174825173,0.0,8.0,80000.0,0.0,0.0,2.0,0.248,2,0.03437725454568863,1.0,-3.97465,0.9578387228817029,1.308585755218993,0.0,8.0,80000.0,0.0,0.0,2.0,0.107,1
809.0,1117,0.9641532756489494,1.3069118252987226,12.5,12.0,120000.0,20000.0,9.0,1.0,0.109,0,0.0,1.0,9.754382916666668,0.9570434601165205,1.3113335871788863,25.0,12.0,120000.0,20000.0,10.0,1.0,0.106,0
809.0,1573,0.9641532756489494,1.3069118252987226,37.5,12.0,120000.0,20000.0,9.0,2.0,0.109,0,0.0,1.0,9.754132916666668,0.9570434601165205,1.3113335871788863,37.5,12.0,120000.0,20000.0,9.0,2.0,0.106,0
797.0,1111,0.9786700125470514,1.3030635717273107,12.5,12.0,120000.0,20000.0,11.0,1.0,0.126,2,1.0,1.0,-3.7663666666666664,0.9558823529411765,1.3097426470588234,25.0,12.0,120000.0,20000.0,10.0,1.0,0.106,1
816.0,2033,0.9558823529411765,1.3097426470588234,0.0,12.0,120000.0,0.0,0.0,1.0,0.106,1,0.0,1.0,-4.9747,0.9558823529411765,1.3097426470588234,0.0,12.0,120000.0,0.0,0.0,1.0,0.106,1
816.0,2483,0.9558823529411765,1.3097426470588234,0.0,12.0,120000.0,0.0,0.0,0.0,0.106,2,0.0,1.0,-4.9747,0.9558823529411765,1.3097426470588234,0.0,12.0,120000.0,0.0,0.0,0.0,0.106,1
804.0,2477,0.9701492537313432,1.3072657545605306,0.0,12.0,120000.0,0.0,0.0,0.0,0.116,2,0.20562998950481415,1.0,-3.5163666666666664,0.9547123623011016,1.3119645042839658,0.0,12.0,120000.0,0.0,0.0,0.0,0.106,1
811.0,1118,0.9617755856966708,1.3075421290587752,25.0,12.0,120000.0,20000.0,10.0,1.0,0.108,0,0.0,1.0,9.754282916666668,0.9547006651730007,1.3119484301055258,25.0,12.0,120000.0,20000.0,10.0,1.0,0.104,0
811.0,1574,0.9617755856966708,1.3075421290587752,37.5,12.0,120000.0,20000.0,9.0,2.0,0.108,0,0.0,1.0,9.754032916666668,0.9547006651730007,1.3119484301055258,37.5,12.0,120000.0,20000.0,9.0,2.0,0.104,0
778.0,2464,0.9704370179948586,1.2759747215081405,0.0,12.0,120000.0,0.0,0.0,0.0,0.164,3,1.0,1.0,-3.9749,0.9585327615691517,1.3088245908368592,0.0,12.0,120000.0,0.0,0.0,0.0,0.102,1
806.0,2478,0.967741935483871,1.3078990901571546,0.0,12.0,120000.0,0.0,0.0,0.0,0.112,2,0.051064636558294296,1.0,-3.5170837499999985,0.9584742438007564,1.3087446879922748,0.0,12.0,120000.0,0.0,0.0,0.0,0.1,1
813.0,1119,0.959409594095941,1.3068880688806888,37.5,12.0,120000.0,20000.0,11.0,1.0,0.107,0,0.0,1.0,9.754082916666668,0.9584742438007564,1.3087446879922748,25.0,12.0,120000.0,20000.0,10.0,1.0,0.1,0
813.0,1575,0.959409594095941,1.3068880688806888,37.5,12.0,120000.0,20000.0,9.0,2.0,0.107,0,0.0,1.0,9.753832916666669,0.9584742438007564,1.3087446879922748,37.5,12.0,120000.0,20000.0,9.0,2.0,0.1,0
778.0,2014,0.9704370179948586,1.2759747215081405,0.0,12.0,120000.0,0.0,0.0,1.0,0.164,3,1.0,1.0,-3.975,0.96346162052464,1.3072283854428464,0.0,12.0,120000.0,0.0,0.0,1.0,0.1,1
815.0,1120,0.9570552147239264,1.3113496932515336,37.5,12.0,120000.0,20000.0,11.0,1.0,0.107,1,0.04965180903673172,1.0,9.834216666666666,0.9634146341463414,1.3071646341463417,25.0,12.0,120000.0,20000.0,10.0,1.0,0.101,0
821.0,2487,0.9622411693057248,1.3055724725943971,0.0,12.0,120000.0,0.0,0.0,0.0,0.101,2,0.0,1.0,-4.9750000000000005,0.9622411693057248,1.3055724725943971,0.0,12.0,120000.0,0.0,0.0,0.0,0.1,1
815.0,1576,0.9570552147239264,1.3113496932515336,37.5,12.0,120000.0,20000.0,9.0,2.0,0.107,0,0.0,1.0,9.754082916666668,0.9622294373731204,1.305556554663688,25.0,12.0,120000.0,20000.0,8.0,2.0,0.1,0
823.0,693,0.959902794653706,1.3061968408262454,25.0,25.0,400000.0,20000.0,7.0,2.0,0.1,1,0.0,1.0,-4.9704999999999995,0.959902794653706,1.3061968408262454,25.0,25.0,400000.0,20000.0,7.0,2.0,0.1,1
823.0,2488,0.959902794653706,1.3061968408262454,0.0,12.0,120000.0,0.0,0.0,0.0,0.1,2,0.0,1.0,-4.9750000000000005,0.959902794653706,1.3061968408262454,0.0,12.0,120000.0,0.0,0.0,0.0,0.1,1
817.0,1121,0.9547123623011016,1.3119645042839658,25.0,12.0,120000.0,20000.0,10.0,1.0,0.106,0,0.0,1.0,9.753832916666669,0.9598911196718009,1.3061809539837796,37.5,12.0,120000.0,20000.0,11.0,1.0,0.1,0
817.0,1577,0.9547123623011016,1.3119645042839658,37.5,12.0,120000.0,20000.0,9.0,2.0,0.106,0,0.0,1.0,9.754082916666668,0.9598911196718009,1.3061809539837796,25.0,12.0,120000.0,20000.0,8.0,2.0,0.1,0
805.0,1115,0.9689440993788819,1.3095238095238095,25.0,12.0,120000.0,20000.0,10.0,1.0,0.114,2,0.271966814994812,1.0,-3.7616666666666667,0.9587378640776699,1.314724919093851,37.5,12.0,120000.0,20000.0,11.0,1.0,0.1,1
825.0,1125,0.9575757575757576,1.3131313131313131,37.5,12.0,120000.0,20000.0,11.0,1.0,0.1,1,0.0,1.0,-4.9575000000000005,0.9575757575757576,1.3131313131313131,37.5,12.0,120000.0,20000.0,11.0,1.0,0.1,1
825.0,2489,0.9575757575757576,1.3131313131313131,0.0,12.0,120000.0,0.0,0.0,0.0,0.1,3,0.0,1.0,-4.9750000000000005,0.9575757575757576,1.3131313131313131,0.0,12.0,120000.0,0.0,0.0,0.0,0.1,1
819.0,1122,0.9584859584859585,1.3087606837606836,25.0,12.0,120000.0,20000.0,10.0,1.0,0.102,0,0.0,1.0,9.754082916666668,0.9575641391308695,1.3131153806646945,25.0,12.0,120000.0,20000.0,10.0,1.0,0.1,0
819.0,1578,0.9584859584859585,1.3087606837606836,37.5,12.0,120000.0,20000.0,9.0,2.0,0.102,0,0.0,1.0,9.754082916666668,0.9575641391308695,1.3131153806646945,25.0,12.0,120000.0,20000.0,8.0,1.0,0.1,0
727.0,271,0.9766162310866575,1.2709193030719854,0.0,8.0,80000.0,0.0,0.0,2.0,0.23,2,0.6501069664955139,1.0,-3.975,0.9571890145395799,1.3126009693053313,0.0,8.0,80000.0,0.0,0.0,2.0,0.1,1
804.0,2027,0.9701492537313432,1.3072657545605306,0.0,12.0,120000.0,0.0,0.0,1.0,0.116,2,0.20562998950481415,1.0,-3.8916666666666666,0.9564164648910412,1.311541565778854,0.0,12.0,120000.0,0.0,0.0,1.0,0.1,1
812.0,2481,0.960591133004926,1.305931855500821,0.0,12.0,120000.0,0.0,0.0,0.0,0.108,2,0.23085574805736542,1.0,-3.5587504166666655,0.9564048745607817,1.3115256718660506,0.0,12.0,120000.0,0.0,0.0,1.0,0.1,1
786.0,2468,0.9923664122137404,1.2908184902459712,0.0,12.0,120000.0,0.0,0.0,0.0,0.145,3,1.0,1.0,-3.975,0.9613524117085178,1.3100190096656952,0.0,12.0,120000.0,0.0,0.0,1.0,0.1,1
827.0,2490,0.9613059250302298,1.3099556630390972,0.0,12.0,120000.0,0.0,0.0,1.0,0.1,3,0.0,1.0,-4.97505,0.9613059250302298,1.3099556630390972,0.0,12.0,120000.0,0.0,0.0,1.0,0.099,1
821.0,1123,0.9622411693057248,1.3055724725943971,25.0,12.0,120000.0,20000.0,10.0,1.0,0.101,0,0.0,1.0,9.754282916666668,0.9612942895334483,1.3099398075403383,12.5,12.0,120000.0,20000.0,9.0,1.0,0.099,0
829.0,2491,0.9589867310012063,1.3067953357458786,0.0,12.0,120000.0,0.0,0.0,1.0,0.099,1,0.0,1.0,-4.9758000000000004,0.9589867310012063,1.3067953357458786,0.0,12.0,120000.0,0.0,0.0,1.0,0.099,1
823.0,1124,0.959902794653706,1.3061968408262454,37.5,12.0,120000.0,20000.0,11.0,1.0,0.1,0,0.0,1.0,9.754282916666668,0.9589751515786884,1.3067795566585898,12.5,12.0,120000.0,20000.0,9.0,1.0,0.099,0
823.0,1580,0.959902794653706,1.3061968408262454,25.0,12.0,120000.0,20000.0,8.0,2.0,0.1,0,0.0,1.0,9.753282916666667,0.9589751515786884,1.3067795566585898,62.5,12.0,120000.0,20000.0,11.0,1.0,0.099,0
827.0,1126,0.9613059250302298,1.3099556630390972,25.0,12.0,120000.0,20000.0,10.0,1.0,0.1,1,0.7729310393333435,1.0,9.863283333333333,0.9566787003610109,1.3036502206177296,12.5,12.0,120000.0,20000.0,9.0,1.0,0.099,0
831.0,1128,0.9566787003610109,1.3036502206177296,12.5,12.0,120000.0,20000.0,9.0,1.0,0.099,1,0.0,1.0,-4.97505,0.9566787003610109,1.3036502206177296,12.5,12.0,120000.0,20000.0,9.0,1.0,0.099,1
831.0,2492,0.9566787003610109,1.3036502206177296,0.0,12.0,120000.0,0.0,0.0,1.0,0.099,3,0.0,1.0,-4.97505,0.9566787003610109,1.3036502206177296,0.0,12.0,120000.0,0.0,0.0,1.0,0.099,1
825.0,1581,0.9575757575757576,1.3131313131313131,25.0,12.0,120000.0,20000.0,8.0,1.0,0.1,1,0.7729310393333435,1.0,9.778032916666668,0.9566671766083781,1.3036345173908714,75.0,12.0,120000.0,20000.0,12.0,1.0,0.099,0
790.0,2470,0.9873417721518988,1.2948312236286919,0.0,12.0,120000.0,0.0,0.0,0.0,0.138,3,0.500122606754303,1.0,-3.97505,0.9615846800136465,1.3021459208518127,0.0,12.0,120000.0,0.0,0.0,1.0,0.099,1
826.0,1585,0.9564164648910412,1.311541565778854,25.0,12.0,120000.0,20000.0,8.0,1.0,0.1,1,0.0,1.0,9.778032916666668,0.9615268931680281,1.3020676678317047,75.0,12.0,120000.0,20000.0,12.0,1.0,0.099,0
827.0,1582,0.9613059250302298,1.3099556630390972,37.5,12.0,120000.0,20000.0,9.0,1.0,0.1,0,0.0,1.0,9.753232916666667,0.9603726130493918,1.3005045801710513,62.5,12.0,120000.0,20000.0,11.0,1.0,0.098,0
814.0,690,0.9582309582309583,1.309121621621622,0.0,25.0,400000.0,20000.0,5.0,2.0,0.107,0,0.0,1.0,9.6039,0.9592326139088728,1.2989608313349321,50.0,25.0,400000.0,20000.0,10.0,1.0,0.098,0
828.0,1586,0.9601449275362319,1.3083735909822867,50.0,12.0,120000.0,20000.0,10.0,1.0,0.099,0,0.0,1.0,9.753432916666668,0.959221100955371,1.2989452408770648,50.0,12.0,120000.0,20000.0,10.0,1.0,0.097,0
835.0,697,0.9580838323353293,1.2974051896207586,50.0,25.0,400000.0,20000.0,10.0,1.0,0.097,2,0.0,1.0,-4.945150000000001,0.9580838323353293,1.2974051896207586,50.0,25.0,400000.0,20000.0,10.0,1.0,0.097,1
835.0,2494,0.9580838323353293,1.2974051896207586,0.0,12.0,120000.0,0.0,0.0,0.0,0.097,2,0.0,1.0,-4.975200000000001,0.9580838323353293,1.2974051896207586,0.0,12.0,120000.0,0.0,0.0,0.0,0.096,1
829.0,1127,0.9589867310012063,1.3067953357458786,12.5,12.0,120000.0,20000.0,9.0,1.0,0.099,0,0.0,1.0,9.753632916666668,0.9580723469410863,1.2973896364827213,37.5,12.0,120000.0,20000.0,11.0,1.0,0.096,0
829.0,1583,0.9589867310012063,1.3067953357458786,62.5,12.0,120000.0,20000.0,11.0,1.0,0.099,0,0.0,1.0,9.753632916666668,0.9580723469410863,1.2973896364827213,37.5,12.0,120000.0,20000.0,9.0,1.0,0.096,0
830.0,1587,0.9578313253012049,1.3052208835341368,62.5,12.0,120000.0,20000.0,11.0,1.0,0.099,1,0.7729310393333435,1.0,9.816132916666668,0.956926341109241,1.2958377535854304,37.5,12.0,120000.0,20000.0,9.0,1.0,0.096,0
831.0,1584,0.9566787003610109,1.3036502206177296,75.0,12.0,120000.0,20000.0,12.0,1.0,0.099,0,0.0,1.0,9.753832916666667,0.9557830736098364,1.3067346709509482,25.0,12.0,120000.0,20000.0,8.0,1.0,0.095,0
821.0,1579,0.9622411693057248,1.3055724725943971,37.5,12.0,120000.0,20000.0,9.0,2.0,0.101,1,0.7729310393333435,1.0,-3.6660833333333334,0.9546539379474941,1.3051909307875895,25.0,12.0,120000.0,20000.0,8.0,1.0,0.095,1
832.0,1588,0.9615384615384616,1.3020833333333335,75.0,12.0,120000.0,20000.0,12.0,1.0,0.099,0,0.0,1.0,9.753782916666667,0.9546425346398905,1.3051753403279753,25.0,12.0,120000.0,20000.0,8.0,1.0,0.094,0
839.0,2496,0.9535160905840285,1.3073599523241954,0.0,12.0,120000.0,0.0,0.0,0.0,0.094,3,0.0,1.0,-4.975300000000001,0.9535160905840285,1.3073599523241954,0.0,12.0,120000.0,0.0,0.0,0.0,0.094,1
833.0,1129,0.9603841536614646,1.3005202080832334,12.5,12.0,120000.0,20000.0,9.0,1.0,0.099,0,0.0,1.0,9.753032916666667,0.9535047144431567,1.3073443545685466,62.5,12.0,120000.0,20000.0,13.0,1.0,0.094,0
833.0,1135,0.9603841536614646,1.3005202080832334,12.5,12.0,120000.0,20000.0,10.0,1.0,0.099,0,0.0,1.0,9.753032916666667,0.9535047144431567,1.3073443545685466,62.5,12.0,120000.0,20000.0,13.0,1.0,0.094,0
820.0,692,0.9634146341463414,1.3071646341463417,12.5,25.0,400000.0,20000.0,6.0,2.0,0.101,1,0.1811279058456421,1.0,9.6237498,0.9523696033098463,1.3057880107881095,37.5,25.0,400000.0,20000.0,9.0,1.0,0.094,0
841.0,2497,0.9512485136741973,1.3042508917954816,0.0,12.0,120000.0,0.0,0.0,0.0,0.094,3,0.0,1.0,-4.975300000000001,0.9512485136741973,1.3042508917954816,0.0,12.0,120000.0,0.0,0.0,0.0,0.094,1
835.0,1136,0.9580838323353293,1.2974051896207586,37.5,12.0,120000.0,20000.0,11.0,1.0,0.097,0,0.0,1.0,9.752732916666668,0.9512371915763522,1.3042353681378893,75.0,12.0,120000.0,20000.0,14.0,1.0,0.093,0
835.0,1130,0.9580838323353293,1.2974051896207586,37.5,12.0,120000.0,20000.0,11.0,1.0,0.097,2,0.4209393262863159,1.0,9.750533333333333,0.9501187648456058,1.3027019002375297,75.0,12.0,120000.0,20000.0,14.0,1.0,0.094,0
836.0,1590,0.9569377990430622,1.29585326953748,37.5,12.0,120000.0,20000.0,9.0,1.0,0.096,0,0.0,1.0,9.753532916666668,0.950107469624975,1.3026864134311182,37.5,12.0,120000.0,20000.0,9.0,1.0,0.094,0
843.0,2498,0.9489916963226572,1.3011565836298933,0.0,12.0,120000.0,0.0,0.0,0.0,0.094,2,0.0,1.0,-4.975300000000001,0.9489916963226572,1.3011565836298933,0.0,12.0,120000.0,0.0,0.0,0.0,0.094,1
837.0,1131,0.955794504181601,1.3067502986857824,37.5,12.0,120000.0,20000.0,11.0,1.0,0.096,0,0.0,1.0,9.752782916666668,0.94898042788365,1.301141133543598,75.0,12.0,120000.0,20000.0,14.0,1.0,0.094,0
837.0,1137,0.955794504181601,1.3067502986857824,37.5,12.0,120000.0,20000.0,12.0,1.0,0.096,0,0.0,1.0,9.752782916666668,0.94898042788365,1.301141133543598,75.0,12.0,120000.0,20000.0,14.0,1.0,0.094,0
339.0,546,1.0029498525073746,1.0293756145526058,25.0,25.0,400000.0,20000.0,3.0,1.0,0.661,2,0.17689290642738342,1.0,-3.9703,0.9482305510219492,1.3001129820652504,50.0,25.0,400000.0,20000.0,10.0,0.0,0.094,1
844.0,1594,0.9478672985781991,1.2996149289099526,37.5,12.0,120000.0,20000.0,9.0,1.0,0.094,1,0.0,1.0,-4.9578500000000005,0.9478672985781991,1.2996149289099526,37.5,12.0,120000.0,20000.0,9.0,1.0,0.093,1
838.0,1591,0.9546539379474941,1.3051909307875895,25.0,12.0,120000.0,20000.0,8.0,1.0,0.095,0,0.0,1.0,9.753732916666667,0.9478560568256766,1.2995995154133304,25.0,12.0,120000.0,20000.0,8.0,1.0,0.093,0
845.0,2499,0.9467455621301776,1.2980769230769231,0.0,12.0,120000.0,0.0,0.0,0.0,0.093,3,0.0,1.0,-4.9754000000000005,0.9467455621301776,1.2980769230769231,0.0,12.0,120000.0,0.0,0.0,0.0,0.092,1
839.0,1132,0.9535160905840285,1.3073599523241954,62.5,12.0,120000.0,20000.0,13.0,1.0,0.094,0,0.0,1.0,9.753182916666669,0.9467343469694519,1.298061546040147,50.0,12.0,120000.0,20000.0,12.0,1.0,0.092,0
839.0,1138,0.9535160905840285,1.3073599523241954,62.5,12.0,120000.0,20000.0,14.0,1.0,0.094,0,0.0,1.0,9.753182916666669,0.9467343469694519,1.298061546040147,50.0,12.0,120000.0,20000.0,12.0,1.0,0.092,0
826.0,694,0.9564164648910412,1.311541565778854,25.0,25.0,400000.0,20000.0,7.0,1.0,0.1,0,0.0,1.0,9.603599800000001,0.9456152888782013,1.2965272124853464,37.5,25.0,400000.0,20000.0,9.0,0.0,0.091,0
840.0,1592,0.9523809523809524,1.3058035714285716,25.0,12.0,120000.0,20000.0,8.0,1.0,0.094,0,0.0,1.0,9.753882916666669,0.9456152888782013,1.2965272124853464,12.5,12.0,120000.0,20000.0,7.0,1.0,0.091,0
847.0,2500,0.9445100354191263,1.2950118063754428,0.0,12.0,120000.0,0.0,0.0,0.0,0.091,3,0.0,1.0,-4.97545,0.9445100354191263,1.2950118063754428,0.0,12.0,120000.0,0.0,0.0,0.0,0.091,1
841.0,1133,0.9512485136741973,1.3042508917954816,62.5,12.0,120000.0,20000.0,13.0,1.0,0.094,0,0.0,1.0,9.753382916666668,0.9444988731597163,1.2949965018713299,37.5,12.0,120000.0,20000.0,11.0,1.0,0.091,0
841.0,1139,0.9512485136741973,1.3042508917954816,62.5,12.0,120000.0,20000.0,14.0,1.0,0.094,0,0.0,1.0,9.753382916666668,0.9444988731597163,1.2949965018713299,37.5,12.0,120000.0,20000.0,11.0,1.0,0.091,0
842.0,1593,0.9501187648456058,1.3027019002375297,37.5,12.0,120000.0,20000.0,9.0,1.0,0.094,0,0.0,1.0,9.754032916666668,0.9433850904660901,1.295926133387663,0.0,12.0,120000.0,20000.0,6.0,1.0,0.089,0
808.0,2479,0.9653465346534653,1.304661716171617,0.0,12.0,120000.0,0.0,0.0,0.0,0.11,3,0.051064636558294296,1.0,-3.97555,0.9482189861922943,1.2944759710570273,0.0,12.0,120000.0,0.0,0.0,0.0,0.089,1
845.0,1141,0.9467455621301776,1.2980769230769231,75.0,12.0,120000.0,20000.0,14.0,1.0,0.093,1,0.39497172832489014,1.0,9.912833333333333,0.9481743227326266,1.2944149980369062,37.5,12.0,120000.0,20000.0,11.0,1.0,0.09,0
829.0,695,0.9589867310012063,1.3067953357458786,37.5,25.0,400000.0,20000.0,8.0,1.0,0.099,0,0.0,1.0,9.603499800000002,0.9481631435652921,1.2943997366218722,37.5,25.0,400000.0,20000.0,9.0,0.0,0.089,0
843.0,1134,0.9489916963226572,1.3011565836298933,75.0,12.0,120000.0,20000.0,14.0,1.0,0.094,0,0.0,1.0,9.753532916666668,0.9481631435652921,1.2943997366218722,25.0,12.0,120000.0,20000.0,10.0,1.0,0.089,0
843.0,1140,0.9489916963226572,1.3011565836298933,75.0,12.0,120000.0,20000.0,15.0,1.0,0.094,0,0.0,1.0,9.753532916666668,0.9481631435652921,1.2943997366218722,25.0,12.0,120000.0,20000.0,10.0,1.0,0.089,0
751.0,275,0.9720372836218375,1.2774633821571237,0.0,8.0,80000.0,0.0,0.0,2.0,0.207,2,1.0,1.0,-3.97555,0.9478021978021978,1.2939069858712715,0.0,8.0,80000.0,0.0,0.0,2.0,0.089,1
851.0,1144,0.945945945945946,1.2938209949079513,25.0,12.0,120000.0,20000.0,10.0,1.0,0.089,1,0.0,1.0,-4.970549999999999,0.945945945945946,1.2938209949079513,25.0,12.0,120000.0,20000.0,10.0,1.0,0.089,1
851.0,2502,0.945945945945946,1.2938209949079513,0.0,12.0,120000.0,0.0,0.0,0.0,0.089,2,0.0,1.0,-4.97555,0.945945945945946,1.2938209949079513,0.0,12.0,120000.0,0.0,0.0,0.0,0.089,1
832.0,696,0.9615384615384616,1.3020833333333335,50.0,25.0,400000.0,20000.0,10.0,1.0,0.099,0,0.0,1.0,9.603499800000002,0.9448245801713058,1.2922872428067678,37.5,25.0,400000.0,20000.0,9.0,0.0,0.089,0
759.0,279,0.9683794466403162,1.2845849802371543,0.0,8.0,80000.0,0.0,0.0,2.0,0.198,2,0.012773588299751282,1.0,-3.97555,0.9444661712944857,1.2917970277669144,0.0,8.0,80000.0,0.0,0.0,2.0,0.089,1
853.0,2035,0.943728018757327,1.29078741695975,0.0,12.0,120000.0,0.0,0.0,1.0,0.089,2,0.0,1.0,-4.97555,0.943728018757327,1.29078741695975,0.0,12.0,120000.0,0.0,0.0,1.0,0.089,1
847.0,1142,0.9445100354191263,1.2950118063754428,50.0,12.0,120000.0,20000.0,12.0,1.0,0.091,0,0.0,1.0,9.753482916666668,0.9437169441892013,1.2907722696790704,25.0,12.0,120000.0,20000.0,10.0,1.0,0.088,0
855.0,2504,0.9415204678362573,1.2877680311890838,0.0,12.0,120000.0,0.0,0.0,0.0,0.087,2,0.0,1.0,-4.975750000000001,0.9415204678362573,1.2877680311890838,0.0,12.0,120000.0,0.0,0.0,0.0,0.085,1
849.0,1143,0.9481743227326266,1.2944149980369062,37.5,12.0,120000.0,20000.0,11.0,1.0,0.09,0,0.0,1.0,9.75358291666667,0.9415094450180764,1.2877529546895792,12.5,12.0,120000.0,20000.0,9.0,1.0,0.085,0
850.0,1597,0.9470588235294117,1.2928921568627452,0.0,12.0,120000.0,20000.0,6.0,1.0,0.089,0,0.0,1.0,9.754000000000001,0.9404205607476636,1.2862636292834888,12.5,12.0,120000.0,20000.0,8.0,1.0,0.085,0
857.0,2037,0.9393232205367561,1.2847627382341502,0.0,12.0,120000.0,0.0,0.0,1.0,0.085,1,0.0,1.0,-4.976000000000001,0.9393232205367561,1.2847627382341502,0.0,12.0,120000.0,0.0,0.0,1.0,0.085,1
857.0,2505,0.9393232205367561,1.2847627382341502,0.0,12.0,120000.0,0.0,0.0,0.0,0.085,3,0.0,1.0,-4.975750000000001,0.9393232205367561,1.2847627382341502,0.0,12.0,120000.0,0.0,0.0,0.0,0.085,1
817.0,2485,0.9547123623011016,1.3119645042839658,0.0,12.0,120000.0,0.0,0.0,0.0,0.106,3,0.35170233249664307,1.0,-3.97575,0.944099947035993,1.28332515948694,0.0,12.0,120000.0,0.0,0.0,0.0,0.085,1
852.0,1598,0.9448356807511737,1.2923024256651017,12.5,12.0,120000.0,20000.0,7.0,1.0,0.089,1,0.0,1.0,9.773482916666667,0.9440449301984251,1.2832503745109765,12.5,12.0,120000.0,20000.0,7.0,0.0,0.083,0
818.0,2484,0.9535452322738386,1.3103606356968216,0.0,12.0,120000.0,0.0,0.0,0.0,0.104,3,0.35170233249664307,1.0,-3.97585,0.9488218200053342,1.281831114194323,0.0,12.0,120000.0,0.0,0.0,0.0,0.083,1
855.0,2036,0.9415204678362573,1.2877680311890838,0.0,12.0,120000.0,0.0,0.0,1.0,0.087,1,1.0,1.0,9.857533333333334,0.9487776484284052,1.2817714396585176,0.0,12.0,120000.0,0.0,0.0,1.0,0.084,0
853.0,1145,0.943728018757327,1.29078741695975,25.0,12.0,120000.0,20000.0,10.0,1.0,0.089,0,0.0,1.0,9.753082916666667,0.9487665923706756,1.2817565032410583,25.0,12.0,120000.0,20000.0,10.0,1.0,0.08,0
818.0,2034,0.9535452322738386,1.3103606356968216,0.0,12.0,120000.0,0.0,0.0,1.0,0.104,3,0.35170233249664307,1.0,-3.976,0.9535327113641018,1.280340543587215,0.0,12.0,120000.0,0.0,0.0,1.0,0.08,1
855.0,1146,0.9415204678362573,1.2877680311890838,25.0,12.0,120000.0,20000.0,10.0,1.0,0.087,1,1.0,1.0,9.820716666666666,0.9534883720930233,1.280281007751938,25.0,12.0,120000.0,20000.0,10.0,1.0,0.081,0
841.0,699,0.9512485136741973,1.3042508917954816,37.5,25.0,400000.0,20000.0,9.0,0.0,0.094,0,0.0,1.0,9.6023998,0.9523698801132405,1.2908773654482057,62.5,25.0,400000.0,20000.0,11.0,0.0,0.077,0
819.0,2486,0.9584859584859585,1.3087606837606836,0.0,12.0,120000.0,0.0,0.0,0.0,0.102,3,0.8605785965919495,1.0,-3.97615,0.9571209689878769,1.2894546387753343,0.0,12.0,120000.0,0.0,0.0,0.0,0.077,1
856.0,1600,0.9404205607476636,1.2862636292834888,12.5,12.0,120000.0,20000.0,7.0,1.0,0.085,0,0.0,1.0,9.753132916666669,0.9570654521749695,1.2978387571160572,12.5,12.0,120000.0,20000.0,7.0,0.0,0.076,0
863.0,2508,0.9559675550405562,1.2963499420625721,0.0,12.0,120000.0,0.0,0.0,0.0,0.076,3,0.0,1.0,-4.97625,0.9559675550405562,1.2963499420625721,0.0,12.0,120000.0,0.0,0.0,0.0,0.075,1
857.0,1147,0.9393232205367561,1.2847627382341502,12.5,12.0,120000.0,20000.0,9.0,1.0,0.085,0,0.0,1.0,9.752832916666668,0.9559564668317114,1.2963349057793663,25.0,12.0,120000.0,20000.0,10.0,1.0,0.075,0
765.0,302,0.9803921568627451,1.284041394335512,0.0,8.0,80000.0,0.0,0.0,2.0,0.19,2,0.5106943249702454,1.0,-3.97625,0.9555984555984556,1.295849420849421,0.0,8.0,80000.0,0.0,0.0,2.0,0.075,1
771.0,305,0.9727626459143969,1.280804150453956,0.0,8.0,80000.0,0.0,0.0,2.0,0.182,2,0.7526252269744873,1.0,-3.97625,0.9555984555984556,1.295849420849421,0.0,8.0,80000.0,0.0,0.0,2.0,0.075,1
859.0,2038,0.9487776484284052,1.2817714396585176,0.0,12.0,120000.0,0.0,0.0,1.0,0.084,1,0.6068652868270874,1.0,9.815216666666666,0.9548611111111112,1.294849537037037,0.0,12.0,120000.0,0.0,0.0,1.0,0.076,0
861.0,1149,0.9523809523809524,1.2908923732094464,25.0,12.0,120000.0,20000.0,10.0,1.0,0.08,1,0.6205650568008423,1.0,9.862083333333334,0.953757225433526,1.299373795761079,25.0,12.0,120000.0,20000.0,10.0,1.0,0.075,0
859.0,1148,0.9487776484284052,1.2817714396585176,25.0,12.0,120000.0,20000.0,10.0,1.0,0.084,0,0.0,1.0,9.752682916666668,0.9537461884400621,1.299358759251044,25.0,12.0,120000.0,20000.0,10.0,1.0,0.072,0
861.0,2507,0.9523809523809524,1.2908923732094464,0.0,12.0,120000.0,0.0,0.0,0.0,0.08,2,0.15927822887897491,1.0,9.815316666666666,0.9526558891454965,1.297873364126251,0.0,12.0,120000.0,0.0,0.0,0.0,0.073,0
861.0,2039,0.9523809523809524,1.2908923732094464,0.0,12.0,120000.0,0.0,0.0,1.0,0.08,1,0.6205650568008423,1.0,9.815116666666666,0.9526558891454965,1.297873364126251,0.0,12.0,120000.0,0.0,0.0,1.0,0.074,0
765.0,282,0.9803921568627451,1.284041394335512,0.0,8.0,80000.0,0.0,0.0,2.0,0.19,2,0.5106943249702454,1.0,-3.97635,0.9522893420546364,1.2973739899961523,0.0,8.0,80000.0,0.0,0.0,1.0,0.073,1
853.0,2503,0.943728018757327,1.29078741695975,0.0,12.0,120000.0,0.0,0.0,0.0,0.089,2,0.7294864058494568,1.0,-3.5596833333333335,0.9515570934256056,1.2987793156478278,0.0,12.0,120000.0,0.0,0.0,0.0,0.073,1
847.0,701,0.9445100354191263,1.2950118063754428,37.5,25.0,400000.0,20000.0,9.0,0.0,0.091,0,0.0,1.0,9.601599800000002,0.9515461072935016,1.2987643206872161,87.5,25.0,400000.0,20000.0,14.0,0.0,0.071,0
342.0,547,0.9941520467836258,1.0782163742690059,25.0,25.0,400000.0,20000.0,3.0,1.0,0.657,2,0.17689290642738342,1.0,-3.9715000000000003,0.950815000778151,1.2977664341429054,100.0,25.0,400000.0,20000.0,14.0,0.0,0.07,1
862.0,1603,0.95707656612529,1.2978538283062646,12.5,12.0,120000.0,20000.0,7.0,0.0,0.077,0,0.0,1.0,9.752582916666668,0.9504498686599248,1.3032683805109573,25.0,12.0,120000.0,20000.0,8.0,0.0,0.07,0
775.0,287,0.967741935483871,1.2809139784946237,0.0,8.0,80000.0,0.0,0.0,2.0,0.171,2,0.4889056086540222,1.0,-3.9765,0.9500959692898273,1.3027831094049902,0.0,8.0,80000.0,0.0,0.0,1.0,0.07,1
863.0,2040,0.9559675550405562,1.2963499420625721,0.0,12.0,120000.0,0.0,0.0,1.0,0.076,1,0.6820909380912781,1.0,9.77355,0.949367088607595,1.3053797468354431,0.0,12.0,120000.0,0.0,0.0,1.0,0.071,0
863.0,1150,0.9559675550405562,1.2963499420625721,25.0,12.0,120000.0,20000.0,10.0,1.0,0.076,0,0.0,1.0,9.752582916666668,0.9493561529860859,1.305364710355868,25.0,12.0,120000.0,20000.0,10.0,1.0,0.07,0
777.0,308,0.9716859716859717,1.2776169026169026,0.0,8.0,80000.0,0.0,0.0,2.0,0.166,2,1.0,1.0,-3.9765,0.9489921402477102,1.3048641928406015,0.0,8.0,80000.0,0.0,0.0,1.0,0.07,1
850.0,702,0.9470588235294117,1.2928921568627452,37.5,25.0,400000.0,20000.0,9.0,0.0,0.089,0,0.0,1.0,9.601499800000003,0.9482649515722239,1.3038643084118078,87.5,25.0,400000.0,20000.0,15.0,0.0,0.069,0
864.0,1604,0.9548611111111112,1.294849537037037,12.5,12.0,120000.0,20000.0,7.0,0.0,0.076,0,0.0,1.0,9.752532916666668,0.9482649515722239,1.3038643084118078,25.0,12.0,120000.0,20000.0,8.0,0.0,0.069,0
867.0,2042,0.9515570934256056,1.2987793156478278,0.0,12.0,120000.0,0.0,0.0,1.0,0.073,2,0.06785313785076141,1.0,9.856833333333334,0.947187141216992,1.304774205893609,0.0,12.0,120000.0,0.0,0.0,1.0,0.07,0
854.0,1599,0.9426229508196722,1.2892759562841531,25.0,12.0,120000.0,20000.0,8.0,1.0,0.088,1,0.184673011302948,1.0,-3.6798333333333337,0.947187141216992,1.304774205893609,25.0,12.0,120000.0,20000.0,8.0,0.0,0.07,1
871.0,325,0.947187141216992,1.304774205893609,0.0,8.0,80000.0,0.0,0.0,1.0,0.07,1,0.0,1.0,-4.976500000000001,0.947187141216992,1.304774205893609,0.0,8.0,80000.0,0.0,0.0,1.0,0.07,1
871.0,709,0.947187141216992,1.304774205893609,100.0,25.0,400000.0,20000.0,15.0,0.0,0.07,3,0.0,1.0,-4.8965000000000005,0.947187141216992,1.304774205893609,100.0,25.0,400000.0,20000.0,16.0,0.0,0.07,1
865.0,1151,0.953757225433526,1.299373795761079,25.0,12.0,120000.0,20000.0,10.0,1.0,0.075,0,0.0,1.0,9.752482916666667,0.9471762557585303,1.3047592108996924,25.0,12.0,120000.0,20000.0,10.0,1.0,0.068,0
866.0,1605,0.9526558891454965,1.297873364126251,25.0,12.0,120000.0,20000.0,8.0,0.0,0.074,2,0.46371760964393616,1.0,9.778450000000001,0.9461009174311927,1.306861620795107,25.0,12.0,120000.0,20000.0,8.0,0.0,0.069,0
777.0,288,0.9716859716859717,1.2776169026169026,0.0,8.0,80000.0,0.0,0.0,2.0,0.166,2,1.0,1.0,-3.97665,0.945739396255254,1.3063622468475353,0.0,8.0,80000.0,0.0,0.0,1.0,0.067,1
869.0,2043,0.949367088607595,1.3053797468354431,0.0,12.0,120000.0,0.0,0.0,1.0,0.071,1,0.4361327290534973,1.0,9.856733333333333,0.9450171821305842,1.3089442535318825,0.0,12.0,120000.0,0.0,0.0,1.0,0.068,0
873.0,1155,0.9450171821305842,1.3089442535318825,25.0,12.0,120000.0,20000.0,10.0,1.0,0.068,1,0.0,1.0,-4.9716499999999995,0.9450171821305842,1.3089442535318825,25.0,12.0,120000.0,20000.0,10.0,1.0,0.067,1
853.0,703,0.943728018757327,1.29078741695975,37.5,25.0,400000.0,20000.0,9.0,0.0,0.089,0,0.0,1.0,9.601349800000001,0.9450063464908037,1.308929245076277,87.5,25.0,400000.0,20000.0,15.0,0.0,0.066,0
859.0,2506,0.9487776484284052,1.2817714396585176,0.0,12.0,120000.0,0.0,0.0,0.0,0.084,2,1.0,1.0,-3.6017,0.9439359267734555,1.3134057971014492,0.0,12.0,120000.0,0.0,0.0,0.0,0.066,1
874.0,715,0.9439359267734555,1.3134057971014492,100.0,25.0,400000.0,20000.0,15.0,0.0,0.066,3,0.0,1.0,-4.896700000000001,0.9439359267734555,1.3134057971014492,100.0,25.0,400000.0,20000.0,15.0,0.0,0.066,1
874.0,1609,0.9439359267734555,1.3134057971014492,25.0,12.0,120000.0,20000.0,8.0,0.0,0.066,2,0.0,1.0,-4.9717,0.9439359267734555,1.3134057971014492,25.0,12.0,120000.0,20000.0,8.0,0.0,0.066,1
868.0,1606,0.9504608294930876,1.3032834101382489,25.0,12.0,120000.0,20000.0,8.0,0.0,0.07,0,0.0,1.0,9.752632916666668,0.9439251159148624,1.3133907547199222,12.5,12.0,120000.0,20000.0,7.0,0.0,0.066,0
833.0,2493,0.9603841536614646,1.3005202080832334,0.0,12.0,120000.0,0.0,0.0,0.0,0.099,3,0.4209393262863159,1.0,-3.9767,0.9486147829773387,1.3119647224410484,0.0,12.0,120000.0,0.0,0.0,0.0,0.066,1
875.0,2046,0.9485714285714286,1.311904761904762,0.0,12.0,120000.0,0.0,0.0,1.0,0.066,2,0.0,1.0,-4.976800000000001,0.9485714285714286,1.311904761904762,0.0,12.0,120000.0,0.0,0.0,1.0,0.064,1
860.0,1602,0.9534883720930233,1.280281007751938,12.5,12.0,120000.0,20000.0,7.0,0.0,0.081,2,1.0,1.0,-3.602217083333332,0.9485605770384273,1.3118897538859775,12.5,12.0,120000.0,20000.0,7.0,0.0,0.064,1
869.0,1153,0.949367088607595,1.3053797468354431,25.0,12.0,120000.0,20000.0,10.0,1.0,0.071,0,0.0,1.0,9.752532916666668,0.9485605770384273,1.3118897538859775,12.5,12.0,120000.0,20000.0,9.0,1.0,0.064,0
771.0,285,0.9727626459143969,1.280804150453956,0.0,8.0,80000.0,0.0,0.0,2.0,0.182,2,0.7526252269744873,1.0,-3.9768,0.953922315308454,1.3114051789794365,0.0,8.0,80000.0,0.0,0.0,2.0,0.064,1
834.0,1589,0.9592326139088728,1.2989608313349321,62.5,12.0,120000.0,20000.0,11.0,1.0,0.098,3,0.4209393262863159,1.0,-3.9343,0.9532398630846175,1.3104669774441722,12.5,12.0,120000.0,20000.0,7.0,0.0,0.064,1
856.0,704,0.9404205607476636,1.2862636292834888,50.0,25.0,400000.0,20000.0,10.0,0.0,0.085,0,0.0,1.0,9.601199800000002,0.9531854550383505,1.3127703871785665,87.5,25.0,400000.0,20000.0,14.0,0.0,0.063,0
870.0,1607,0.9482758620689655,1.3038793103448276,25.0,12.0,120000.0,20000.0,8.0,0.0,0.07,0,0.0,1.0,9.752732916666668,0.9531854550383505,1.3127703871785665,0.0,12.0,120000.0,20000.0,6.0,0.0,0.063,0
865.0,2041,0.953757225433526,1.299373795761079,0.0,12.0,120000.0,0.0,0.0,1.0,0.075,2,0.9667916297912598,1.0,9.52315,0.9521094640820981,1.3184150513112884,0.0,12.0,120000.0,0.0,0.0,1.0,0.063,0
877.0,2047,0.9521094640820981,1.3184150513112884,0.0,12.0,120000.0,0.0,0.0,1.0,0.063,2,0.0,1.0,-4.9769000000000005,0.9521094640820981,1.3184150513112884,0.0,12.0,120000.0,0.0,0.0,1.0,0.062,1
871.0,1154,0.947187141216992,1.304774205893609,25.0,12.0,120000.0,20000.0,10.0,1.0,0.07,0,0.0,1.0,9.752432916666669,0.9520985969133922,1.3184000032109098,12.5,12.0,120000.0,20000.0,9.0,1.0,0.062,0
785.0,312,0.9936305732484076,1.2884819532908707,0.0,8.0,80000.0,0.0,0.0,2.0,0.147,2,1.0,1.0,-3.9769,0.9517477203647416,1.317914133738602,0.0,8.0,80000.0,0.0,0.0,2.0,0.062,1
873.0,2045,0.9450171821305842,1.3089442535318825,0.0,12.0,120000.0,0.0,0.0,1.0,0.068,1,1.0,1.0,9.814816666666665,0.9510250569476082,1.3192862566438877,0.0,12.0,120000.0,0.0,0.0,1.0,0.063,0
865.0,2509,0.953757225433526,1.299373795761079,0.0,12.0,120000.0,0.0,0.0,0.0,0.075,2,0.9667916297912598,1.0,-3.5608004166666656,0.9499322994057826,1.3213254913141812,0.0,12.0,120000.0,0.0,0.0,0.0,0.059,1
859.0,710,0.9487776484284052,1.2817714396585176,62.5,25.0,400000.0,20000.0,11.0,0.0,0.084,0,0.0,1.0,9.600999800000002,0.9499322994057826,1.3213254913141812,87.5,25.0,400000.0,20000.0,14.0,0.0,0.059,0
785.0,292,0.9936305732484076,1.2884819532908707,0.0,8.0,80000.0,0.0,0.0,2.0,0.147,2,1.0,1.0,-3.9771,0.955258268989455,1.320824615480211,0.0,8.0,80000.0,0.0,0.0,2.0,0.058,1
837.0,2495,0.955794504181601,1.3067502986857824,0.0,12.0,120000.0,0.0,0.0,0.0,0.096,3,0.39497172832489014,1.0,-3.9771,0.9545888340994043,1.3198989955615523,0.0,12.0,120000.0,0.0,0.0,0.0,0.058,1
875.0,1156,0.9485714285714286,1.311904761904762,25.0,12.0,120000.0,20000.0,10.0,1.0,0.066,2,1.0,1.0,9.819616666666667,0.9545454545454546,1.3233901515151514,12.5,12.0,120000.0,20000.0,9.0,1.0,0.059,0
867.0,1152,0.9515570934256056,1.2987793156478278,25.0,12.0,120000.0,20000.0,10.0,1.0,0.073,2,0.46371760964393616,1.0,-3.555383333333334,0.9534619750283768,1.3218880060537268,12.5,12.0,120000.0,20000.0,9.0,1.0,0.059,1
881.0,330,0.9534619750283768,1.3218880060537268,0.0,8.0,80000.0,0.0,0.0,2.0,0.059,2,0.0,1.0,-4.97705,0.9534619750283768,1.3218880060537268,0.0,8.0,80000.0,0.0,0.0,2.0,0.059,1
881.0,1159,0.9534619750283768,1.3218880060537268,12.5,12.0,120000.0,20000.0,9.0,1.0,0.059,2,0.0,1.0,-4.97705,0.9534619750283768,1.3218880060537268,12.5,12.0,120000.0,20000.0,9.0,1.0,0.059,1
862.0,706,0.95707656612529,1.2978538283062646,62.5,25.0,400000.0,20000.0,11.0,0.0,0.077,0,0.0,1.0,9.601099800000002,0.9523701437356704,1.3227363107439867,75.0,25.0,400000.0,20000.0,13.0,0.0,0.056,0
862.0,711,0.95707656612529,1.2978538283062646,62.5,25.0,400000.0,20000.0,12.0,0.0,0.077,0,0.0,1.0,9.601099800000002,0.9523701437356704,1.3227363107439867,75.0,25.0,400000.0,20000.0,13.0,0.0,0.056,0
879.0,2048,0.9499431171786121,1.321340538490709,0.0,12.0,120000.0,0.0,0.0,1.0,0.063,2,0.7051888108253479,1.0,9.856183333333334,0.9513023782559458,1.3212533031332576,0.0,12.0,120000.0,0.0,0.0,1.0,0.057,0
883.0,2050,0.9513023782559458,1.3212533031332576,0.0,12.0,120000.0,0.0,0.0,1.0,0.057,1,0.0,1.0,-4.977250000000001,0.9513023782559458,1.3212533031332576,0.0,12.0,120000.0,0.0,0.0,1.0,0.055,1
877.0,1157,0.9521094640820981,1.3184150513112884,12.5,12.0,120000.0,20000.0,9.0,1.0,0.063,0,0.0,1.0,9.752282916666669,0.9512915940783049,1.321238325108757,0.0,12.0,120000.0,20000.0,8.0,1.0,0.054,0
791.0,315,0.9860935524652339,1.2971449641803625,0.0,8.0,80000.0,0.0,0.0,2.0,0.137,2,1.0,1.0,-3.9773,0.9509433962264151,1.3207547169811322,0.0,8.0,80000.0,0.0,0.0,2.0,0.054,1
885.0,332,0.9491525423728813,1.3265065913370997,0.0,8.0,80000.0,0.0,0.0,2.0,0.054,2,0.0,1.0,-4.9773000000000005,0.9491525423728813,1.3265065913370997,0.0,8.0,80000.0,0.0,0.0,2.0,0.054,1
885.0,2513,0.9491525423728813,1.3265065913370997,0.0,12.0,120000.0,0.0,0.0,0.0,0.054,2,0.0,1.0,-4.97735,0.9491525423728813,1.3265065913370997,0.0,12.0,120000.0,0.0,0.0,0.0,0.053,1
865.0,707,0.953757225433526,1.299373795761079,87.5,25.0,400000.0,20000.0,13.0,0.0,0.075,0,0.0,1.0,9.6009498,0.9491418068819358,1.326491587742983,75.0,25.0,400000.0,20000.0,12.0,1.0,0.053,0
789.0,294,0.988593155893536,1.2938318546683565,0.0,8.0,80000.0,0.0,0.0,2.0,0.14,2,0.500122606754303,1.0,-3.97735,0.9487951807228915,1.3260071536144578,0.0,8.0,80000.0,0.0,0.0,2.0,0.053,1
886.0,1161,0.9480812641083521,1.3273607975921746,12.5,12.0,120000.0,20000.0,9.0,1.0,0.053,1,0.0,1.0,-4.9774,0.9480812641083521,1.3273607975921746,12.5,12.0,120000.0,20000.0,9.0,1.0,0.052,1
337.0,111,0.9940652818991098,1.016938674579624,0.0,8.0,80000.0,0.0,0.0,1.0,0.665,2,0.17689290642738342,1.0,-3.97745,0.9533659270402407,1.3268616021060549,0.0,8.0,80000.0,0.0,0.0,2.0,0.051,1
846.0,1595,0.9456264775413712,1.2965425531914896,25.0,12.0,120000.0,20000.0,8.0,1.0,0.092,3,0.39497172832489014,1.0,-3.9724500000000003,0.9526923316418743,1.3259241154138017,0.0,12.0,120000.0,20000.0,6.0,0.0,0.051,1
883.0,2512,0.9513023782559458,1.3212533031332576,0.0,12.0,120000.0,0.0,0.0,0.0,0.057,2,0.022487740963697433,1.0,9.855933333333333,0.9526493799323563,1.3258643367155207,0.0,12.0,120000.0,0.0,0.0,0.0,0.052,0
887.0,333,0.9526493799323563,1.3258643367155207,0.0,8.0,80000.0,0.0,0.0,2.0,0.052,3,0.0,1.0,-4.9774,0.9526493799323563,1.3258643367155207,0.0,8.0,80000.0,0.0,0.0,2.0,0.052,1
865.0,712,0.953757225433526,1.299373795761079,87.5,25.0,400000.0,20000.0,14.0,0.0,0.075,0,0.0,1.0,9.5606498,0.9526171498977809,1.3258194800722323,62.5,25.0,400000.0,20000.0,11.0,1.0,0.05,0
793.0,296,0.9836065573770493,1.2978142076502732,0.0,8.0,80000.0,0.0,0.0,2.0,0.132,2,1.0,1.0,-3.9775,0.9522915101427498,1.3253662659654395,0.0,8.0,80000.0,0.0,0.0,2.0,0.05,1
889.0,334,0.9505061867266592,1.3275684289463816,0.0,8.0,80000.0,0.0,0.0,2.0,0.05,1,0.0,1.0,-4.977500000000001,0.9505061867266592,1.3275684289463816,0.0,8.0,80000.0,0.0,0.0,2.0,0.05,1
889.0,720,0.9505061867266592,1.3275684289463816,62.5,25.0,400000.0,20000.0,11.0,1.0,0.05,1,0.0,1.0,-4.9350000000000005,0.9505061867266592,1.3275684289463816,62.5,25.0,400000.0,20000.0,11.0,1.0,0.05,1
889.0,2053,0.9505061867266592,1.3275684289463816,0.0,12.0,120000.0,0.0,0.0,1.0,0.05,1,0.0,1.0,-4.977500000000001,0.9505061867266592,1.3275684289463816,0.0,12.0,120000.0,0.0,0.0,1.0,0.05,1
889.0,2515,0.9505061867266592,1.3275684289463816,0.0,12.0,120000.0,0.0,0.0,0.0,0.05,3,0.0,1.0,-4.977500000000001,0.9505061867266592,1.3275684289463816,0.0,12.0,120000.0,0.0,0.0,0.0,0.05,1
848.0,1596,0.9433962264150944,1.29594143081761,12.5,12.0,120000.0,20000.0,7.0,1.0,0.091,3,0.39497172832489014,1.0,-3.9775,0.955099094845846,1.326136365760225,0.0,12.0,120000.0,20000.0,6.0,0.0,0.05,1
884.0,1160,0.9502262443438914,1.3256504524886878,0.0,12.0,120000.0,20000.0,8.0,1.0,0.054,0,0.0,1.0,9.75225,0.9550561797752809,1.3284176029962547,12.5,12.0,120000.0,20000.0,10.0,1.0,0.05,0
868.0,708,0.9504608294930876,1.3032834101382489,100.0,25.0,400000.0,20000.0,14.0,0.0,0.07,0,0.0,1.0,9.560899800000001,0.9550239772252176,1.3283728114590956,50.0,25.0,400000.0,20000.0,10.0,1.0,0.05,0
797.0,298,0.9786700125470514,1.3030635717273107,0.0,8.0,80000.0,0.0,0.0,2.0,0.126,2,1.0,1.0,-3.9775,0.9603144889554475,1.3279202545862971,0.0,8.0,80000.0,0.0,0.0,2.0,0.05,1
339.0,112,1.0029498525073746,1.0293756145526058,0.0,8.0,80000.0,0.0,0.0,1.0,0.661,2,0.17689290642738342,1.0,-3.9775,0.9603144889554475,1.3279202545862971,0.0,8.0,80000.0,0.0,0.0,2.0,0.05,1
849.0,2501,0.9481743227326266,1.2944149980369062,0.0,12.0,120000.0,0.0,0.0,0.0,0.09,3,0.7294864058494568,1.0,-3.9775,0.959639030263547,1.3269862321504944,0.0,12.0,120000.0,0.0,0.0,0.0,0.05,1
891.0,335,0.9595959595959596,1.3269266741488963,0.0,8.0,80000.0,0.0,0.0,2.0,0.05,1,0.0,1.0,-4.977500000000001,0.9595959595959596,1.3269266741488963,0.0,8.0,80000.0,0.0,0.0,2.0,0.05,1
791.0,295,0.9860935524652339,1.2971449641803625,0.0,8.0,80000.0,0.0,0.0,2.0,0.137,2,0.941673994064331,1.0,-3.9776,0.9592370979805535,1.3264304412864623,0.0,8.0,80000.0,0.0,0.0,2.0,0.048,1
893.0,336,0.9574468085106382,1.330953714072415,0.0,8.0,80000.0,0.0,0.0,2.0,0.047,1,0.0,1.0,-4.977650000000001,0.9574468085106382,1.330953714072415,0.0,8.0,80000.0,0.0,0.0,2.0,0.047,1
893.0,2055,0.9574468085106382,1.330953714072415,0.0,12.0,120000.0,0.0,0.0,1.0,0.047,1,0.0,1.0,-4.9779,0.9574468085106382,1.330953714072415,0.0,12.0,120000.0,0.0,0.0,1.0,0.047,1
893.0,2517,0.9574468085106382,1.330953714072415,0.0,12.0,120000.0,0.0,0.0,0.0,0.047,2,0.0,1.0,-4.977650000000001,0.9574468085106382,1.330953714072415,0.0,12.0,120000.0,0.0,0.0,0.0,0.047,1
868.0,713,0.9504608294930876,1.3032834101382489,100.0,25.0,400000.0,20000.0,15.0,0.0,0.07,0,0.0,1.0,-3.4990001999999993,0.9574146338038517,1.3309089877804516,37.5,25.0,400000.0,20000.0,9.0,1.0,0.047,1
881.0,2511,0.9534619750283768,1.3218880060537268,0.0,12.0,120000.0,0.0,0.0,0.0,0.059,2,0.7051888108253479,1.0,-3.5193166666666666,0.9563758389261745,1.32946495152871,0.0,12.0,120000.0,0.0,0.0,0.0,0.047,1
879.0,2510,0.9499431171786121,1.321340538490709,0.0,12.0,120000.0,0.0,0.0,0.0,0.063,2,0.7051888108253479,1.0,-3.60265,0.9563758389261745,1.32946495152871,0.0,12.0,120000.0,0.0,0.0,0.0,0.047,1
888.0,1162,0.9515765765765766,1.3243712462462462,12.5,12.0,120000.0,20000.0,9.0,1.0,0.05,0,0.0,1.0,9.751332916666668,0.9563651306320385,1.3294500658517983,25.0,12.0,120000.0,20000.0,10.0,1.0,0.045,0
891.0,2054,0.9595959595959596,1.3269266741488963,0.0,12.0,120000.0,0.0,0.0,1.0,0.05,1,0.5552385449409485,1.0,9.855633333333333,0.9553072625698324,1.3279795158286778,0.0,12.0,120000.0,0.0,0.0,1.0,0.046,0
895.0,2056,0.9553072625698324,1.3279795158286778,0.0,12.0,120000.0,0.0,0.0,1.0,0.046,2,0.0,1.0,-4.97775,0.9553072625698324,1.3279795158286778,0.0,12.0,120000.0,0.0,0.0,1.0,0.045,1
890.0,1163,0.9550561797752809,1.3284176029962547,12.5,12.0,120000.0,20000.0,9.0,1.0,0.05,0,0.0,1.0,9.751482916666669,0.9542304108856998,1.329970260786112,12.5,12.0,120000.0,20000.0,9.0,1.0,0.043,0
871.0,714,0.947187141216992,1.304774205893609,100.0,25.0,400000.0,20000.0,15.0,0.0,0.07,0,0.0,1.0,-3.4992001999999993,0.9542091118131188,1.3299405749442106,37.5,25.0,400000.0,20000.0,9.0,1.0,0.043,1
897.0,2519,0.9531772575250835,1.3285024154589373,0.0,12.0,120000.0,0.0,0.0,0.0,0.043,2,0.0,1.0,-4.97795,0.9531772575250835,1.3285024154589373,0.0,12.0,120000.0,0.0,0.0,0.0,0.041,1
892.0,1164,0.9585201793721974,1.3324458146487295,25.0,12.0,120000.0,20000.0,10.0,1.0,0.048,0,0.0,1.0,9.75128291666667,0.9521051998072939,1.3339680552855604,12.5,12.0,120000.0,20000.0,9.0,1.0,0.039,0
894.0,1165,0.9563758389261745,1.32946495152871,37.5,12.0,120000.0,20000.0,11.0,1.0,0.047,2,0.17911861836910248,1.0,9.831166666666666,0.9510567296996663,1.332499073044123,12.5,12.0,120000.0,20000.0,9.0,1.0,0.04,0
899.0,339,0.9510567296996663,1.332499073044123,0.0,8.0,80000.0,0.0,0.0,2.0,0.04,1,0.0,1.0,-4.978000000000001,0.9510567296996663,1.332499073044123,0.0,8.0,80000.0,0.0,0.0,2.0,0.04,1
877.0,716,0.9521094640820981,1.3184150513112884,100.0,25.0,400000.0,20000.0,14.0,0.0,0.063,0,0.0,1.0,9.5607498,0.9510249830258725,1.332454593664417,25.0,25.0,400000.0,20000.0,8.0,1.0,0.037,0
896.0,1166,0.9542410714285715,1.329985119047619,25.0,12.0,120000.0,20000.0,10.0,1.0,0.044,1,0.17277052998542786,1.0,9.860233333333333,0.95,1.3310185185185186,12.5,12.0,120000.0,20000.0,9.0,1.0,0.038,0
879.0,1158,0.9499431171786121,1.321340538490709,12.5,12.0,120000.0,20000.0,9.0,1.0,0.063,2,1.0,1.0,-3.8531,0.95,1.3310185185185186,12.5,12.0,120000.0,20000.0,9.0,1.0,0.038,1
885.0,2051,0.9491525423728813,1.3265065913370997,0.0,12.0,120000.0,0.0,0.0,1.0,0.054,2,0.022487740963697433,1.0,-3.6031,0.95,1.3310185185185186,0.0,12.0,120000.0,0.0,0.0,1.0,0.038,1
900.0,1168,0.95,1.3310185185185186,12.5,12.0,120000.0,20000.0,9.0,1.0,0.038,1,0.0,1.0,-4.9781,0.95,1.3310185185185186,12.5,12.0,120000.0,20000.0,9.0,1.0,0.038,1
858.0,1601,0.9440559440559441,1.2832653457653458,25.0,12.0,120000.0,20000.0,8.0,0.0,0.085,3,1.0,1.0,-3.97315,0.9545373717530484,1.329600263464154,0.0,12.0,120000.0,20000.0,6.0,0.0,0.037,1
897.0,2057,0.9531772575250835,1.3285024154589373,0.0,12.0,120000.0,0.0,0.0,1.0,0.043,1,0.17277052998542786,1.0,9.854983333333333,0.9544950055493896,1.3318534961154276,0.0,12.0,120000.0,0.0,0.0,1.0,0.038,0
901.0,2521,0.9544950055493896,1.3318534961154276,0.0,12.0,120000.0,0.0,0.0,0.0,0.038,2,0.0,1.0,-4.978250000000001,0.9544950055493896,1.3318534961154276,0.0,12.0,120000.0,0.0,0.0,0.0,0.035,1
880.0,717,0.9545454545454546,1.3233901515151514,100.0,25.0,400000.0,20000.0,14.0,0.0,0.059,0,0.0,1.0,9.560799800000002,0.9534050868218896,1.3337970873053326,12.5,25.0,400000.0,20000.0,7.0,1.0,0.033,0
803.0,321,0.9713574097135741,1.3050020755500207,0.0,8.0,80000.0,0.0,0.0,2.0,0.117,2,0.1915256828069687,1.0,-3.97835,0.9530845954931659,1.333348725526413,0.0,8.0,80000.0,0.0,0.0,2.0,0.033,1
899.0,2058,0.9510567296996663,1.332499073044123,0.0,12.0,120000.0,0.0,0.0,1.0,0.04,1,0.9010875225067139,1.0,9.854783333333334,0.9523809523809524,1.3323643410852717,0.0,12.0,120000.0,0.0,0.0,1.0,0.034,0
903.0,341,0.9523809523809524,1.3323643410852717,0.0,8.0,80000.0,0.0,0.0,2.0,0.034,1,0.0,1.0,-4.978300000000001,0.9523809523809524,1.3323643410852717,0.0,8.0,80000.0,0.0,0.0,2.0,0.034,1
903.0,2522,0.9523809523809524,1.3323643410852717,0.0,12.0,120000.0,0.0,0.0,0.0,0.034,2,0.0,1.0,-4.978300000000001,0.9523809523809524,1.3323643410852717,0.0,12.0,120000.0,0.0,0.0,0.0,0.034,1
881.0,2049,0.9534619750283768,1.3218880060537268,0.0,12.0,120000.0,0.0,0.0,1.0,0.059,2,0.7051888108253479,1.0,-3.9366333333333334,0.9513274336283186,1.3308904867256637,0.0,12.0,120000.0,0.0,0.0,1.0,0.034,1
898.0,1167,0.9521158129175946,1.3339829250185598,12.5,12.0,120000.0,20000.0,9.0,1.0,0.041,1,0.9010875225067139,1.0,9.771032916666668,0.9513168996878697,1.330875749926707,12.5,12.0,120000.0,20000.0,9.0,1.0,0.034,0
901.0,2059,0.9544950055493896,1.3318534961154276,0.0,12.0,120000.0,0.0,0.0,1.0,0.038,1,0.1584978699684143,1.0,9.855033333333333,0.9502762430939227,1.3294198895027625,0.0,12.0,120000.0,0.0,0.0,1.0,0.034,0
905.0,2523,0.9502762430939227,1.3294198895027625,0.0,12.0,120000.0,0.0,0.0,0.0,0.034,3,0.0,1.0,-4.978400000000001,0.9502762430939227,1.3294198895027625,0.0,12.0,120000.0,0.0,0.0,0.0,0.032,1
907.0,343,0.948180815876516,1.3322307975009187,0.0,8.0,80000.0,0.0,0.0,2.0,0.032,2,0.0,1.0,-4.978400000000001,0.948180815876516,1.3322307975009187,0.0,8.0,80000.0,0.0,0.0,2.0,0.032,1
907.0,2524,0.948180815876516,1.3322307975009187,0.0,12.0,120000.0,0.0,0.0,0.0,0.032,3,0.0,1.0,-4.9785,0.948180815876516,1.3322307975009187,0.0,12.0,120000.0,0.0,0.0,0.0,0.03,1
357.0,121,1.0924369747899159,1.1642156862745097,0.0,8.0,80000.0,0.0,0.0,1.0,0.635,2,1.0,1.0,-3.97855,0.9467889908256881,1.3302752293577984,0.0,8.0,80000.0,0.0,0.0,2.0,0.029,1
909.0,2525,0.946094609460946,1.3292995966263292,0.0,12.0,120000.0,0.0,0.0,0.0,0.029,2,0.0,1.0,-4.97865,0.946094609460946,1.3292995966263292,0.0,12.0,120000.0,0.0,0.0,0.0,0.027,1
895.0,2518,0.9553072625698324,1.3279795158286778,0.0,12.0,120000.0,0.0,0.0,0.0,0.046,2,0.17911861836910248,1.0,-3.5624004166666654,0.9460841910860807,1.3292849584058304,0.0,12.0,120000.0,0.0,0.0,0.0,0.027,1
910.0,727,0.9450549450549451,1.3301282051282053,25.0,25.0,400000.0,20000.0,8.0,1.0,0.027,2,0.0,1.0,-4.973649999999999,0.9450549450549451,1.3301282051282053,25.0,25.0,400000.0,20000.0,8.0,1.0,0.027,1
910.0,1173,0.9450549450549451,1.3301282051282053,25.0,12.0,120000.0,20000.0,10.0,1.0,0.027,2,0.0,1.0,-4.973649999999999,0.9450549450549451,1.3301282051282053,25.0,12.0,120000.0,20000.0,10.0,1.0,0.027,1
904.0,1170,0.9513274336283186,1.3308904867256637,12.5,12.0,120000.0,20000.0,9.0,1.0,0.034,0,0.0,1.0,9.750682916666669,0.9450445495648998,1.3301135738788923,12.5,12.0,120000.0,20000.0,9.0,1.0,0.027,0
911.0,345,0.9440175631174533,1.3286681302597878,0.0,8.0,80000.0,0.0,0.0,2.0,0.027,1,0.0,1.0,-4.9789,0.9440175631174533,1.3286681302597878,0.0,8.0,80000.0,0.0,0.0,2.0,0.027,1
911.0,2526,0.9440175631174533,1.3286681302597878,0.0,12.0,120000.0,0.0,0.0,0.0,0.027,3,0.0,1.0,-4.9787,0.9440175631174533,1.3286681302597878,0.0,12.0,120000.0,0.0,0.0,0.0,0.026,1
363.0,124,1.115702479338843,1.1535812672176309,0.0,8.0,80000.0,0.0,0.0,1.0,0.631,2,1.0,1.0,-3.9787,0.9436722750548647,1.3281821506949525,0.0,8.0,80000.0,0.0,0.0,2.0,0.026,1
897.0,338,0.9531772575250835,1.3285024154589373,0.0,8.0,80000.0,0.0,0.0,2.0,0.043,1,0.17277052998542786,1.0,-3.8745333333333356,0.9436722750548647,1.3281821506949525,0.0,8.0,80000.0,0.0,0.0,2.0,0.026,1
906.0,1171,0.9492273730684326,1.3279525386313467,12.5,12.0,120000.0,20000.0,9.0,1.0,0.032,0,0.0,1.0,9.750782916666669,0.9429721061943169,1.3271966901620593,0.0,12.0,120000.0,20000.0,10.0,1.0,0.024,0
871.0,2044,0.947187141216992,1.304774205893609,0.0,12.0,120000.0,0.0,0.0,1.0,0.07,3,1.0,1.0,-3.9788,0.9474675676101083,1.3258156473542217,0.0,12.0,120000.0,0.0,0.0,1.0,0.024,1
907.0,1610,0.948180815876516,1.3322307975009187,0.0,12.0,120000.0,20000.0,6.0,0.0,0.032,0,0.0,1.0,9.7507,0.9474260679079956,1.3257575757575757,25.0,12.0,120000.0,20000.0,9.0,0.0,0.024,0
913.0,2527,0.9474260679079956,1.3257575757575757,0.0,12.0,120000.0,0.0,0.0,0.0,0.024,2,0.0,1.0,-4.9789,0.9474260679079956,1.3257575757575757,0.0,12.0,120000.0,0.0,0.0,0.0,0.022,1
872.0,1608,0.9461009174311927,1.306861620795107,25.0,12.0,120000.0,20000.0,8.0,0.0,0.069,3,1.0,1.0,-3.9739,0.951901604535192,1.3243650197196994,37.5,12.0,120000.0,20000.0,9.0,0.0,0.022,1
914.0,2061,0.9518599562363238,1.3243070751276442,0.0,12.0,120000.0,0.0,0.0,1.0,0.022,2,0.0,1.0,-4.9789,0.9518599562363238,1.3243070751276442,0.0,12.0,120000.0,0.0,0.0,1.0,0.022,1
901.0,340,0.9544950055493896,1.3318534961154276,0.0,8.0,80000.0,0.0,0.0,2.0,0.038,1,0.704304039478302,1.0,-3.8122333333333356,0.9515129420342691,1.3238242799854174,0.0,8.0,80000.0,0.0,0.0,2.0,0.022,1
915.0,347,0.9508196721311476,1.3228597449908925,0.0,8.0,80000.0,0.0,0.0,2.0,0.022,1,0.0,1.0,-4.9789,0.9508196721311476,1.3228597449908925,0.0,8.0,80000.0,0.0,0.0,2.0,0.022,1
915.0,1614,0.9508196721311476,1.3228597449908925,37.5,12.0,120000.0,20000.0,9.0,0.0,0.022,3,0.0,1.0,-4.96145,0.9508196721311476,1.3228597449908925,37.5,12.0,120000.0,20000.0,9.0,0.0,0.021,1
895.0,722,0.9553072625698324,1.3279795158286778,37.5,25.0,400000.0,20000.0,9.0,1.0,0.046,0,0.0,1.0,9.6002998,0.9508092703816431,1.322845273208177,25.0,25.0,400000.0,20000.0,8.0,1.0,0.02,0
909.0,1611,0.946094609460946,1.3292995966263292,12.5,12.0,120000.0,20000.0,7.0,0.0,0.029,0,0.0,1.0,9.750082916666667,0.9508092703816431,1.322845273208177,25.0,12.0,120000.0,20000.0,8.0,0.0,0.02,0
916.0,2062,0.9497816593886463,1.3248271470160118,0.0,12.0,120000.0,0.0,0.0,1.0,0.02,3,0.0,1.0,-4.979050000000001,0.9497816593886463,1.3248271470160118,0.0,12.0,120000.0,0.0,0.0,1.0,0.019,1
917.0,2529,0.9487459105779716,1.3233824063976738,0.0,12.0,120000.0,0.0,0.0,0.0,0.019,3,0.0,1.0,-4.979150000000001,0.9487459105779716,1.3233824063976738,0.0,12.0,120000.0,0.0,0.0,0.0,0.017,1
911.0,1612,0.9440175631174533,1.3286681302597878,25.0,12.0,120000.0,20000.0,8.0,0.0,0.027,0,0.0,1.0,9.749932916666667,0.9487355541516935,1.323367960472609,25.0,12.0,120000.0,20000.0,8.0,0.0,0.017,0
905.0,342,0.9502762430939227,1.3294198895027625,0.0,8.0,80000.0,0.0,0.0,2.0,0.034,1,1.0,1.0,-3.8128833333333354,0.9473684210526316,1.3214609800362975,0.0,8.0,80000.0,0.0,0.0,2.0,0.014,1
915.0,2528,0.9508196721311476,1.3228597449908925,0.0,12.0,120000.0,0.0,0.0,0.0,0.022,2,0.5165884494781494,1.0,9.854083333333334,0.9466811751904244,1.3205023576351107,0.0,12.0,120000.0,0.0,0.0,0.0,0.015,0
913.0,1613,0.9474260679079956,1.3257575757575757,25.0,12.0,120000.0,20000.0,8.0,0.0,0.024,0,0.0,1.0,9.74988291666667,0.9466708637917882,1.3204879745179996,12.5,12.0,120000.0,20000.0,7.0,0.0,0.011,0
905.0,350,0.9502762430939227,1.3294198895027625,0.0,8.0,80000.0,0.0,0.0,2.0,0.034,1,1.0,1.0,-3.8759089583333335,0.9463276221107715,1.3200091951138038,0.0,8.0,80000.0,0.0,0.0,2.0,0.011,1
914.0,1175,0.9518599562363238,1.3243070751276442,0.0,12.0,120000.0,20000.0,11.0,1.0,0.022,0,0.0,1.0,9.750300000000001,0.9456521739130435,1.322463768115942,12.5,12.0,120000.0,20000.0,12.0,1.0,0.011,0
921.0,2531,0.9446254071661238,1.3244209192906262,0.0,12.0,120000.0,0.0,0.0,0.0,0.009,2,0.0,1.0,-4.9796000000000005,0.9446254071661238,1.3244209192906262,0.0,12.0,120000.0,0.0,0.0,0.0,0.008,1
922.0,2065,0.9436008676789587,1.3229844540853217,0.0,12.0,120000.0,0.0,0.0,1.0,0.008,2,0.0,1.0,-4.9796000000000005,0.9436008676789587,1.3229844540853217,0.0,12.0,120000.0,0.0,0.0,1.0,0.008,1
916.0,1176,0.9497816593886463,1.3248271470160118,12.5,12.0,120000.0,20000.0,12.0,1.0,0.02,0,0.0,1.0,9.749682916666668,0.9435906232731682,1.3229700908200188,12.5,12.0,120000.0,20000.0,12.0,1.0,0.007,0
919.0,2530,0.9466811751904244,1.3205023576351107,0.0,12.0,120000.0,0.0,0.0,0.0,0.015,2,0.2592688202857971,1.0,9.853733333333334,0.942578548212351,1.321551101480679,0.0,12.0,120000.0,0.0,0.0,0.0,0.008,0
923.0,2532,0.942578548212351,1.321551101480679,0.0,12.0,120000.0,0.0,0.0,0.0,0.008,3,0.0,1.0,-4.97965,0.942578548212351,1.321551101480679,0.0,12.0,120000.0,0.0,0.0,0.0,0.007,1
902.0,1169,0.9534368070953437,1.333841463414634,12.5,12.0,120000.0,20000.0,9.0,1.0,0.035,2,0.1584978699684143,1.0,-3.8551170833333317,0.9425683259924775,1.3215367693213493,12.5,12.0,120000.0,20000.0,12.0,1.0,0.006,1
917.0,1615,0.9487459105779716,1.3233824063976738,25.0,12.0,120000.0,20000.0,8.0,0.0,0.019,0,0.0,1.0,9.749382916666667,0.9425683259924775,1.3215367693213493,25.0,12.0,120000.0,20000.0,8.0,0.0,0.006,0
920.0,1178,0.9456521739130435,1.322463768115942,12.5,12.0,120000.0,20000.0,12.0,1.0,0.011,1,0.8848021030426025,1.0,9.853683333333333,0.9415584415584415,1.3223755411255411,12.5,12.0,120000.0,20000.0,12.0,1.0,0.007,0
924.0,2066,0.9415584415584415,1.3223755411255411,0.0,12.0,120000.0,0.0,0.0,1.0,0.007,2,0.0,1.0,-4.97965,0.9415584415584415,1.3223755411255411,0.0,12.0,120000.0,0.0,0.0,1.0,0.007,1
904.0,725,0.9513274336283186,1.3308904867256637,12.5,25.0,400000.0,20000.0,7.0,1.0,0.034,0,0.0,1.0,9.599849800000001,0.9415482414524924,1.322361215545706,12.5,25.0,400000.0,20000.0,7.0,1.0,0.006,0
920.0,2064,0.9456521739130435,1.322463768115942,0.0,12.0,120000.0,0.0,0.0,1.0,0.011,1,0.8848021030426025,1.0,9.812016666666665,0.9405405405405406,1.3209459459459458,0.0,12.0,120000.0,0.0,0.0,1.0,0.007,0
375.0,125,1.1733333333333333,1.161111111111111,0.0,8.0,80000.0,0.0,0.0,1.0,0.627,2,0.6772313117980957,1.0,-3.9798,0.9402017291066282,1.3204701008645534,0.0,8.0,80000.0,0.0,0.0,2.0,0.004,1
921.0,1617,0.9446254071661238,1.3244209192906262,12.5,12.0,120000.0,20000.0,7.0,0.0,0.009,0,0.0,1.0,9.749082916666667,0.9385011926678116,1.3214528287564014,25.0,12.0,120000.0,20000.0,8.0,0.0,0.0,0
887.0,2052,0.9526493799323563,1.3258643367155207,0.0,12.0,120000.0,0.0,0.0,1.0,0.052,3,0.022487740963697433,1.0,-3.98,0.942928564346216,1.3200999900847021,0.0,12.0,120000.0,0.0,0.0,1.0,0.0,1
928.0,1182,0.9428879310344828,1.3200431034482758,25.0,12.0,120000.0,20000.0,13.0,1.0,0.0,3,1.0,1.0,-4.975,0.9428879310344828,1.3200431034482758,25.0,12.0,120000.0,20000.0,13.0,1.0,0.0,1
928.0,2068,0.9428879310344828,1.3200431034482758,0.0,12.0,120000.0,0.0,0.0,1.0,0.0,1,0.0,1.0,-4.98025,0.9428879310344828,1.3200431034482758,0.0,12.0,120000.0,0.0,0.0,1.0,0.0,1
922.0,1179,0.9436008676789587,1.3229844540853217,12.5,12.0,120000.0,20000.0,12.0,1.0,0.008,0,0.0,1.0,9.749332916666669,0.9428777605534665,1.320028864774853,12.5,12.0,120000.0,20000.0,12.0,1.0,0.0,0
915.0,355,0.9508196721311476,1.3228597449908925,0.0,8.0,80000.0,0.0,0.0,2.0,0.022,1,0.48803430795669556,1.0,-3.8135833333333355,0.947935368043088,1.319569120287253,0.0,8.0,80000.0,0.0,0.0,2.0,0.0,1
887.0,2514,0.9526493799323563,1.3258643367155207,0.0,12.0,120000.0,0.0,0.0,0.0,0.052,3,0.022487740963697433,1.0,-3.98,0.9472958905949033,1.3186789386122229,0.0,12.0,120000.0,0.0,0.0,0.0,0.0,1
908.0,1172,0.9471365638766519,1.3307635829662263,25.0,12.0,120000.0,20000.0,10.0,1.0,0.03,2,0.5513368844985962,1.0,-3.85,0.9472551130247577,1.318622174381055,12.5,12.0,120000.0,20000.0,12.0,1.0,0.0,1
929.0,362,0.9472551130247577,1.318622174381055,0.0,8.0,80000.0,0.0,0.0,2.0,0.0,1,1.0,1.0,-4.98025,0.9472551130247577,1.318622174381055,0.0,8.0,80000.0,0.0,0.0,2.0,0.0,1
929.0,1621,0.9472551130247577,1.318622174381055,25.0,12.0,120000.0,20000.0,8.0,0.0,0.0,3,0.0,1.0,-4.975,0.9472551130247577,1.318622174381055,25.0,12.0,120000.0,20000.0,8.0,0.0,0.0,1
923.0,1618,0.942578548212351,1.321551101480679,25.0,12.0,120000.0,20000.0,8.0,0.0,0.008,0,0.0,1.0,9.749332916666669,0.9472449064354,1.3186079663447328,12.5,12.0,120000.0,20000.0,7.0,0.0,0.0,0
926.0,1181,0.9395248380129589,1.3195194384449243,25.0,12.0,120000.0,20000.0,13.0,1.0,0.004,1,1.0,1.0,-5.100667083333331,0.9472449064354,1.3186079663447328,12.5,12.0,120000.0,20000.0,13.0,1.0,0.0,1
930.0,2069,0.946236559139785,1.317204301075269,0.0,12.0,120000.0,0.0,0.0,1.0,0.0,1,1.0,1.0,-4.98,0.946236559139785,1.317204301075269,0.0,12.0,120000.0,0.0,0.0,1.0,0.0,1
926.0,2067,0.9395248380129589,1.3195194384449243,0.0,12.0,120000.0,0.0,0.0,1.0,0.004,1,1.0,1.0,-5.1466666666666665,0.946236559139785,1.317204301075269,0.0,12.0,120000.0,0.0,0.0,1.0,0.0,1
924.0,1180,0.9415584415584415,1.3223755411255411,12.5,12.0,120000.0,20000.0,12.0,1.0,0.007,0,0.0,1.0,9.749332916666669,0.9462263744881627,1.317190123577272,12.5,12.0,120000.0,20000.0,13.0,1.0,0.0,0
917.0,356,0.9487459105779716,1.3233824063976738,0.0,8.0,80000.0,0.0,0.0,2.0,0.019,1,0.7933971881866455,1.0,-3.8139589583333335,0.945887350413066,1.3167181866545519,0.0,8.0,80000.0,0.0,0.0,2.0,0.0,1
931.0,363,0.945220193340494,1.3191460794844252,0.0,8.0,80000.0,0.0,0.0,2.0,0.0,1,1.0,1.0,-4.98,0.945220193340494,1.3191460794844252,0.0,8.0,80000.0,0.0,0.0,2.0,0.0,1
932.0,2070,0.944206008583691,1.317730686695279,0.0,12.0,120000.0,0.0,0.0,1.0,0.0,2,0.0,1.0,-4.98,0.944206008583691,1.317730686695279,0.0,12.0,120000.0,0.0,0.0,1.0,0.0,1
918.0,2063,0.9477124183006536,1.321940813362382,0.0,12.0,120000.0,0.0,0.0,1.0,0.017,2,0.2592688202857971,1.0,-3.605,0.9431939978563773,1.319667738478028,0.0,12.0,120000.0,0.0,0.0,1.0,0.0,1
933.0,364,0.9431939978563773,1.319667738478028,0.0,8.0,80000.0,0.0,0.0,2.0,0.0,2,1.0,1.0,-4.98,0.9431939978563773,1.319667738478028,0.0,8.0,80000.0,0.0,0.0,2.0,0.0,1
933.0,1623,0.9431939978563773,1.319667738478028,25.0,12.0,120000.0,20000.0,8.0,0.0,0.0,2,1.0,1.0,-4.975,0.9431939978563773,1.319667738478028,25.0,12.0,120000.0,20000.0,8.0,0.0,0.0,1
913.0,728,0.9474260679079956,1.3257575757575757,25.0,25.0,400000.0,20000.0,8.0,1.0,0.024,0,0.0,1.0,9.599799800000001,0.9431838785952575,1.3196535801368303,0.0,25.0,400000.0,20000.0,6.0,1.0,0.0,0
927.0,1620,0.9385113268608414,1.3214670981661272,25.0,12.0,120000.0,20000.0,8.0,0.0,0.002,0,0.0,1.0,9.749332916666669,0.9431838785952575,1.3196535801368303,12.5,12.0,120000.0,20000.0,7.0,0.0,0.0,0
891.0,2516,0.9595959595959596,1.3269266741488963,0.0,12.0,120000.0,0.0,0.0,0.0,0.05,3,0.17911861836910248,1.0,-3.98,0.9475780445888686,1.3183112625989202,0.0,12.0,120000.0,0.0,0.0,0.0,0.0,1
934.0,2071,0.9475374732334048,1.3182548179871518,0.0,12.0,120000.0,0.0,0.0,1.0,0.0,2,1.0,1.0,-4.98,0.9475374732334048,1.3182548179871518,0.0,12.0,120000.0,0.0,0.0,1.0,0.0,1
935.0,365,0.9465240641711231,1.316844919786096,0.0,8.0,80000.0,0.0,0.0,2.0,0.0,2,1.0,1.0,-4.98,0.9465240641711231,1.316844919786096,0.0,8.0,80000.0,0.0,0.0,2.0,0.0,1
919.0,1616,0.9466811751904244,1.3205023576351107,25.0,12.0,120000.0,20000.0,8.0,0.0,0.015,2,0.2592688202857971,1.0,-3.6420837499999985,0.9465139309043333,1.3168308219502378,25.0,12.0,120000.0,20000.0,8.0,0.0,0.0,1
936.0,2072,0.9455128205128205,1.3154380341880343,0.0,12.0,120000.0,0.0,0.0,1.0,0.0,2,0.0,1.0,-4.98,0.9455128205128205,1.3154380341880343,0.0,12.0,120000.0,0.0,0.0,1.0,0.0,1
930.0,1183,0.946236559139785,1.317204301075269,12.5,12.0,120000.0,20000.0,13.0,1.0,0.0,1,0.0,1.0,9.769332916666668,0.9455027088866282,1.315423966459504,12.5,12.0,120000.0,20000.0,13.0,1.0,0.0,0
921.0,358,0.9446254071661238,1.3244209192906262,0.0,8.0,80000.0,0.0,0.0,2.0,0.009,1,0.499606728553772,1.0,-3.9383333333333357,0.9451762192951229,1.3149697401210392,0.0,8.0,80000.0,0.0,0.0,2.0,0.0,1
937.0,366,0.9445037353255069,1.3162575595873356,0.0,8.0,80000.0,0.0,0.0,2.0,0.0,2,1.0,1.0,-4.98,0.9445037353255069,1.3162575595873356,0.0,8.0,80000.0,0.0,0.0,2.0,0.0,1
937.0,1625,0.9445037353255069,1.3162575595873356,25.0,12.0,120000.0,20000.0,8.0,0.0,0.0,2,1.0,1.0,-4.975,0.9445037353255069,1.3162575595873356,25.0,12.0,120000.0,20000.0,8.0,0.0,0.0,1
931.0,1622,0.945220193340494,1.3191460794844252,12.5,12.0,120000.0,20000.0,7.0,0.0,0.0,0,0.0,1.0,9.749332916666669,0.9444936452706627,1.3162434981173077,12.5,12.0,120000.0,20000.0,7.0,0.0,0.0,0
938.0,2073,0.9434968017057569,1.318185856432125,0.0,12.0,120000.0,0.0,0.0,1.0,0.0,2,1.0,1.0,-4.98,0.9434968017057569,1.318185856432125,0.0,12.0,120000.0,0.0,0.0,1.0,0.0,1
932.0,1184,0.944206008583691,1.317730686695279,12.5,12.0,120000.0,20000.0,13.0,1.0,0.0,0,0.0,1.0,9.749582916666668,0.9434867331533061,1.3181717893749698,0.0,12.0,120000.0,20000.0,12.0,1.0,0.0,0
389.0,132,1.1439588688946016,1.1782347900599828,0.0,8.0,80000.0,0.0,0.0,1.0,0.613,2,0.6832647323608398,1.0,-3.98,0.9431616341030196,1.3177175843694493,0.0,8.0,80000.0,0.0,0.0,2.0,0.0,1
939.0,367,0.9424920127795527,1.3190007099751508,0.0,8.0,80000.0,0.0,0.0,2.0,0.0,2,1.0,1.0,-4.98,0.9424920127795527,1.3190007099751508,0.0,8.0,80000.0,0.0,0.0,2.0,0.0,1
918.0,1177,0.9477124183006536,1.321940813362382,25.0,12.0,120000.0,20000.0,13.0,1.0,0.017,2,0.2592688202857971,1.0,-3.8916666666666666,0.9414893617021277,1.3175975177304964,0.0,12.0,120000.0,20000.0,12.0,1.0,0.0,1
940.0,2074,0.9414893617021277,1.3175975177304964,0.0,12.0,120000.0,0.0,0.0,1.0,0.0,1,0.0,1.0,-4.98,0.9414893617021277,1.3175975177304964,0.0,12.0,120000.0,0.0,0.0,1.0,0.0,1
397.0,136,1.1964735516372795,1.1544920235096559,0.0,8.0,80000.0,0.0,0.0,1.0,0.604,2,0.5694897174835205,1.0,-3.98,0.9464628067075204,1.3171164292781388,0.0,8.0,80000.0,0.0,0.0,2.0,0.0,1
899.0,2520,0.9510567296996663,1.332499073044123,0.0,12.0,120000.0,0.0,0.0,0.0,0.04,3,0.704304039478302,1.0,-3.98,0.945842533733182,1.3162532450945146,0.0,12.0,120000.0,0.0,0.0,0.0,0.0,1
941.0,368,0.9458023379383635,1.3239461565710238,0.0,8.0,80000.0,0.0,0.0,2.0,0.0,1,1.0,1.0,-4.98,0.9458023379383635,1.3239461565710238,0.0,8.0,80000.0,0.0,0.0,2.0,0.0,1
935.0,1624,0.9465240641711231,1.316844919786096,12.5,12.0,120000.0,20000.0,7.0,0.0,0.0,0,0.0,1.0,9.749082916666667,0.9457922769599444,1.3239320730853152,25.0,12.0,120000.0,20000.0,8.0,0.0,0.0,0
927.0,361,0.9385113268608414,1.3214670981661272,0.0,8.0,80000.0,0.0,0.0,2.0,0.002,1,1.0,1.0,-3.8758333333333357,0.9454674220963173,1.3234773371104815,0.0,8.0,80000.0,0.0,0.0,2.0,0.0,1
942.0,2075,0.9447983014861996,1.3225406935598016,0.0,12.0,120000.0,0.0,0.0,1.0,0.0,1,0.0,1.0,-4.98,0.9447983014861996,1.3225406935598016,0.0,12.0,120000.0,0.0,0.0,1.0,0.0,1
393.0,134,1.1959287531806615,1.1662425784563188,0.0,8.0,80000.0,0.0,0.0,1.0,0.608,2,0.6832647323608398,1.0,-3.98,0.944464096215069,1.3220728687654757,0.0,8.0,80000.0,0.0,0.0,2.0,0.0,1
399.0,137,1.1904761904761905,1.1643692564745196,0.0,8.0,80000.0,0.0,0.0,1.0,0.603,2,0.5694897174835205,1.0,-3.98,0.944464096215069,1.3220728687654757,0.0,8.0,80000.0,0.0,0.0,2.0,0.0,1
925.0,1619,0.9405405405405406,1.3209459459459458,25.0,12.0,120000.0,20000.0,8.0,0.0,0.007,2,0.499606728553772,1.0,-3.725,0.943796394485684,1.321138211382114,25.0,12.0,120000.0,20000.0,8.0,0.0,0.0,1
943.0,369,0.943796394485684,1.321138211382114,0.0,8.0,80000.0,0.0,0.0,2.0,0.0,1,1.0,1.0,-4.98,0.943796394485684,1.321138211382114,0.0,8.0,80000.0,0.0,0.0,2.0,0.0,1
943.0,1628,0.943796394485684,1.321138211382114,25.0,12.0,120000.0,20000.0,8.0,0.0,0.0,3,0.0,1.0,-4.975,0.943796394485684,1.321138211382114,25.0,12.0,120000.0,20000.0,8.0,0.0,0.0,1
944.0,2076,0.9427966101694916,1.3197387005649717,0.0,12.0,120000.0,0.0,0.0,1.0,0.0,3,1.0,1.0,-4.98,0.9427966101694916,1.3197387005649717,0.0,12.0,120000.0,0.0,0.0,1.0,0.0,1
945.0,370,0.9417989417989417,1.318342151675485,0.0,8.0,80000.0,0.0,0.0,2.0,0.0,3,1.0,1.0,-4.98,0.9417989417989417,1.318342151675485,0.0,8.0,80000.0,0.0,0.0,2.0,0.0,1
939.0,1626,0.9424920127795527,1.3190007099751508,12.5,12.0,120000.0,20000.0,7.0,0.0,0.0,0,0.0,1.0,9.749082916666667,0.9417889658121188,1.3183281871620949,25.0,12.0,120000.0,20000.0,8.0,0.0,0.0,0
946.0,2077,0.9408033826638478,1.3169485553206484,0.0,12.0,120000.0,0.0,0.0,1.0,0.0,2,1.0,1.0,-4.98,0.9408033826638478,1.3169485553206484,0.0,12.0,120000.0,0.0,0.0,1.0,0.0,1
947.0,371,0.9398099260823655,1.3155579021471313,0.0,8.0,80000.0,0.0,0.0,2.0,0.0,2,1.0,1.0,-4.98,0.9398099260823655,1.3155579021471313,0.0,8.0,80000.0,0.0,0.0,2.0,0.0,1
941.0,1627,0.9458023379383635,1.3239461565710238,25.0,12.0,120000.0,20000.0,8.0,0.0,0.0,0,0.0,1.0,9.749082916666667,0.9397999921880446,1.3155439965553621,25.0,12.0,120000.0,20000.0,8.0,0.0,0.0,0
911.0,353,0.9440175631174533,1.3286681302597878,0.0,8.0,80000.0,0.0,0.0,2.0,0.027,1,0.5513368844985962,1.0,-3.9802500000000003,0.9388185654008439,1.3174665963431786,0.0,8.0,80000.0,0.0,0.0,2.0,0.0,1
948.0,2078,0.9388185654008439,1.3174665963431786,0.0,12.0,120000.0,0.0,0.0,1.0,0.0,1,0.2231908142566681,1.0,-4.98,0.9388185654008439,1.3174665963431786,0.0,12.0,120000.0,0.0,0.0,1.0,0.0,1
949.0,372,0.9378292939936775,1.3160783280646293,0.0,8.0,80000.0,0.0,0.0,2.0,0.0,1,1.0,1.0,-4.98,0.9378292939936775,1.3160783280646293,0.0,8.0,80000.0,0.0,0.0,2.0,0.0,1
949.0,1631,0.9378292939936775,1.3160783280646293,25.0,12.0,120000.0,20000.0,8.0,0.0,0.0,2,0.0,1.0,-4.975,0.9378292939936775,1.3160783280646293,25.0,12.0,120000.0,20000.0,8.0,0.0,0.0,1
925.0,2533,0.9405405405405406,1.3209459459459458,0.0,12.0,120000.0,0.0,0.0,0.0,0.007,2,0.499606728553772,1.0,-3.98,0.9368421052631579,1.3146929824561404,0.0,12.0,120000.0,0.0,0.0,0.0,0.0,1
950.0,2079,0.9368421052631579,1.3146929824561404,0.0,12.0,120000.0,0.0,0.0,1.0,0.0,2,1.0,1.0,-4.98,0.9368421052631579,1.3146929824561404,0.0,12.0,120000.0,0.0,0.0,1.0,0.0,1
950.0,2085,0.9368421052631579,1.3146929824561404,0.0,12.0,120000.0,0.0,0.0,1.0,0.0,2,1.0,1.0,-4.98,0.9368421052631579,1.3146929824561404,0.0,12.0,120000.0,0.0,0.0,1.0,0.0,1
913.0,354,0.9474260679079956,1.3257575757575757,0.0,8.0,80000.0,0.0,0.0,2.0,0.024,1,0.815005362033844,1.0,-3.98,0.936832234009829,1.3146791298897296,0.0,8.0,80000.0,0.0,0.0,2.0,0.0,1
951.0,373,0.935856992639327,1.3155012267788293,0.0,8.0,80000.0,0.0,0.0,2.0,0.0,2,1.0,1.0,-4.98,0.935856992639327,1.3155012267788293,0.0,8.0,80000.0,0.0,0.0,2.0,0.0,1
945.0,1629,0.9417989417989417,1.318342151675485,25.0,12.0,120000.0,20000.0,8.0,0.0,0.0,0,0.0,1.0,9.748832916666668,0.9358471421347079,1.315487380271283,37.5,12.0,120000.0,20000.0,9.0,0.0,0.0,0
952.0,2080,0.9348739495798319,1.3141193977591037,0.0,12.0,120000.0,0.0,0.0,1.0,0.0,2,0.0,1.0,-4.98,0.9348739495798319,1.3141193977591037,0.0,12.0,120000.0,0.0,0.0,1.0,0.0,1
952.0,2086,0.9348739495798319,1.3141193977591037,0.0,12.0,120000.0,0.0,0.0,1.0,0.0,2,1.0,1.0,-4.98,0.9348739495798319,1.3141193977591037,0.0,12.0,120000.0,0.0,0.0,1.0,0.0,1
409.0,142,1.1613691931540342,1.1639160554197228,0.0,8.0,80000.0,0.0,0.0,1.0,0.594,2,0.05256861448287964,1.0,-3.98,0.9397969898494926,1.3136594329716487,0.0,8.0,80000.0,0.0,0.0,2.0,0.0,1
912.0,2060,0.9429824561403508,1.3272112573099415,0.0,12.0,120000.0,0.0,0.0,1.0,0.026,3,0.5513368844985962,1.0,-3.98,0.9391789693252713,1.3127955565172842,0.0,12.0,120000.0,0.0,0.0,1.0,0.0,1
953.0,374,0.9391395592864638,1.312740468695348,0.0,8.0,80000.0,0.0,0.0,2.0,0.0,1,0.33975493907928467,1.0,-4.98,0.9391395592864638,1.312740468695348,0.0,8.0,80000.0,0.0,0.0,2.0,0.0,1
947.0,1630,0.9398099260823655,1.3155579021471313,25.0,12.0,120000.0,20000.0,8.0,0.0,0.0,0,0.0,1.0,9.748582916666669,0.9391296949756067,1.3127266802440687,50.0,12.0,120000.0,20000.0,10.0,0.0,0.0,0
912.0,1174,0.9429824561403508,1.3272112573099415,12.5,12.0,120000.0,20000.0,11.0,1.0,0.026,3,0.5513368844985962,1.0,-3.98,0.9434357735813267,1.3114194028601542,0.0,12.0,120000.0,20000.0,13.0,1.0,0.0,1
954.0,2081,0.9433962264150944,1.3113644304682042,0.0,12.0,120000.0,0.0,0.0,1.0,0.0,1,0.0,1.0,-4.98,0.9433962264150944,1.3113644304682042,0.0,12.0,120000.0,0.0,0.0,1.0,0.0,1
954.0,2087,0.9433962264150944,1.3113644304682042,0.0,12.0,120000.0,0.0,0.0,1.0,0.0,1,0.33975493907928467,1.0,-4.98,0.9433962264150944,1.3113644304682042,0.0,12.0,120000.0,0.0,0.0,1.0,0.0,1
936.0,730,0.9455128205128205,1.3154380341880343,0.0,25.0,400000.0,20000.0,6.0,1.0,0.0,0,0.0,1.0,9.59825,0.9414225941422595,1.3108002092050208,87.5,25.0,400000.0,20000.0,13.0,1.0,0.0,0
956.0,1185,0.9414225941422595,1.3108002092050208,0.0,12.0,120000.0,20000.0,13.0,1.0,0.0,2,0.0,1.0,-4.98,0.9414225941422595,1.3108002092050208,0.0,12.0,120000.0,20000.0,13.0,1.0,0.0,1
956.0,2082,0.9414225941422595,1.3108002092050208,0.0,12.0,120000.0,0.0,0.0,1.0,0.0,2,0.33975493907928467,1.0,-4.98,0.9414225941422595,1.3108002092050208,0.0,12.0,120000.0,0.0,0.0,1.0,0.0,1
956.0,2088,0.9414225941422595,1.3108002092050208,0.0,12.0,120000.0,0.0,0.0,1.0,0.0,1,0.0975750982761383,1.0,-4.98,0.9414225941422595,1.3108002092050208,0.0,12.0,120000.0,0.0,0.0,1.0,0.0,1
407.0,141,1.167076167076167,1.1619574119574119,0.0,8.0,80000.0,0.0,0.0,1.0,0.597,2,1.0,1.0,-3.98,0.9410944579993028,1.3103433252004182,0.0,8.0,80000.0,0.0,0.0,2.0,0.0,1
957.0,375,0.9404388714733543,1.3094305120167187,0.0,8.0,80000.0,0.0,0.0,2.0,0.0,1,0.0975750982761383,1.0,-4.98,0.9404388714733543,1.3094305120167187,0.0,8.0,80000.0,0.0,0.0,2.0,0.0,1
951.0,1632,0.935856992639327,1.3155012267788293,25.0,12.0,120000.0,20000.0,8.0,0.0,0.0,0,0.0,1.0,9.748332916666667,0.9404290348018408,1.3094168158178408,62.5,12.0,120000.0,20000.0,11.0,0.0,0.0,0
951.0,1635,0.935856992639327,1.3155012267788293,25.0,12.0,120000.0,20000.0,9.0,0.0,0.0,0,0.0,1.0,9.748332916666667,0.9404290348018408,1.3094168158178408,62.5,12.0,120000.0,20000.0,11.0,0.0,0.0,0
774.0,689,0.9689922480620154,1.282568906115418,62.5,25.0,400000.0,20000.0,8.0,2.0,0.175,1,0.8679264187812805,1.0,-3.9375,0.9394572025052191,1.3080636743215033,100.0,25.0,400000.0,20000.0,15.0,1.0,0.0,1
958.0,2083,0.9394572025052191,1.3080636743215033,0.0,12.0,120000.0,0.0,0.0,1.0,0.0,3,1.0,1.0,-4.98,0.9394572025052191,1.3080636743215033,0.0,12.0,120000.0,0.0,0.0,1.0,0.0,1
958.0,2089,0.9394572025052191,1.3080636743215033,0.0,12.0,120000.0,0.0,0.0,1.0,0.0,3,1.0,1.0,-4.98,0.9394572025052191,1.3080636743215033,0.0,12.0,120000.0,0.0,0.0,1.0,0.0,1
959.0,376,0.9384775808133473,1.3066996871741396,0.0,8.0,80000.0,0.0,0.0,2.0,0.0,3,1.0,1.0,-4.98,0.9384775808133473,1.3066996871741396,0.0,8.0,80000.0,0.0,0.0,2.0,0.0,1
959.0,1639,0.9384775808133473,1.3066996871741396,62.5,12.0,120000.0,20000.0,11.0,0.0,0.0,3,1.0,1.0,-4.9375,0.9384775808133473,1.3066996871741396,62.5,12.0,120000.0,20000.0,11.0,0.0,0.0,1
939.0,731,0.9424920127795527,1.3190007099751508,12.5,25.0,400000.0,20000.0,7.0,1.0,0.0,1,1.0,1.0,9.618049800000001,0.9384677851277069,1.3066860480423972,87.5,25.0,400000.0,20000.0,14.0,1.0,0.0,0
953.0,1633,0.9391395592864638,1.312740468695348,37.5,12.0,120000.0,20000.0,9.0,0.0,0.0,0,0.0,1.0,9.748832916666668,0.9384677851277069,1.3066860480423972,37.5,12.0,120000.0,20000.0,9.0,0.0,0.0,0
953.0,1636,0.9391395592864638,1.312740468695348,37.5,12.0,120000.0,20000.0,10.0,0.0,0.0,0,0.0,1.0,9.748832916666668,0.9384677851277069,1.3066860480423972,37.5,12.0,120000.0,20000.0,9.0,0.0,0.0,0
960.0,738,0.9375,1.3053385416666667,100.0,25.0,400000.0,20000.0,14.0,1.0,0.0,3,1.0,1.0,-4.9,0.9375,1.3053385416666667,100.0,25.0,400000.0,20000.0,14.0,1.0,0.0,1
960.0,752,0.9375,1.3053385416666667,100.0,25.0,400000.0,20000.0,14.0,1.0,0.0,2,0.0,1.0,-4.9,0.9375,1.3053385416666667,100.0,25.0,400000.0,20000.0,14.0,1.0,0.0,1
960.0,2084,0.9375,1.3053385416666667,0.0,12.0,120000.0,0.0,0.0,1.0,0.0,3,0.0,1.0,-4.98,0.9375,1.3053385416666667,0.0,12.0,120000.0,0.0,0.0,1.0,0.0,1
960.0,2090,0.9375,1.3053385416666667,0.0,12.0,120000.0,0.0,0.0,1.0,0.0,3,1.0,1.0,-4.98,0.9375,1.3053385416666667,0.0,12.0,120000.0,0.0,0.0,1.0,0.0,1
961.0,377,0.9365244536940687,1.3039802289281996,0.0,8.0,80000.0,0.0,0.0,2.0,0.0,3,1.0,1.0,-4.98,0.9365244536940687,1.3039802289281996,0.0,8.0,80000.0,0.0,0.0,2.0,0.0,1
955.0,1634,0.9424083769633508,1.31217277486911,50.0,12.0,120000.0,20000.0,10.0,0.0,0.0,0,0.0,1.0,9.749082916666667,0.936514698738674,1.3039666465076674,25.0,12.0,120000.0,20000.0,8.0,0.0,0.0,0
955.0,1637,0.9424083769633508,1.31217277486911,50.0,12.0,120000.0,20000.0,11.0,0.0,0.0,0,0.0,1.0,9.749082916666667,0.936514698738674,1.3039666465076674,25.0,12.0,120000.0,20000.0,8.0,0.0,0.0,0
962.0,2091,0.9355509355509356,1.3047903672903673,0.0,12.0,120000.0,0.0,0.0,1.0,0.0,1,0.0,1.0,-4.98,0.9355509355509356,1.3047903672903673,0.0,12.0,120000.0,0.0,0.0,1.0,0.0,1
942.0,732,0.9447983014861996,1.3225406935598016,25.0,25.0,400000.0,20000.0,8.0,1.0,0.0,0,0.0,1.0,9.598049800000002,0.9355412008654671,1.3047767905588978,87.5,25.0,400000.0,20000.0,13.0,1.0,0.0,0
963.0,378,0.9345794392523363,1.303435444790585,0.0,8.0,80000.0,0.0,0.0,2.0,0.0,1,1.0,1.0,-4.98,0.9345794392523363,1.303435444790585,0.0,8.0,80000.0,0.0,0.0,2.0,0.0,1
963.0,739,0.9345794392523363,1.303435444790585,87.5,25.0,400000.0,20000.0,13.0,1.0,0.0,2,0.3872247338294983,1.0,-4.9125,0.9345794392523363,1.303435444790585,87.5,25.0,400000.0,20000.0,13.0,1.0,0.0,1
963.0,753,0.9345794392523363,1.303435444790585,87.5,25.0,400000.0,20000.0,13.0,1.0,0.0,2,0.3872247338294983,1.0,-4.9125,0.9345794392523363,1.303435444790585,87.5,25.0,400000.0,20000.0,13.0,1.0,0.0,1
957.0,1638,0.9404388714733543,1.3094305120167187,75.0,12.0,120000.0,20000.0,12.0,0.0,0.0,0,0.0,1.0,9.749082916666667,0.9345697247736812,1.3034218962410715,25.0,12.0,120000.0,20000.0,8.0,0.0,0.0,0
415.0,145,1.1566265060240963,1.1646586345381524,0.0,8.0,80000.0,0.0,0.0,1.0,0.589,2,1.0,1.0,-3.98,0.9342560553633217,1.3029844290657437,0.0,8.0,80000.0,0.0,0.0,2.0,0.0,1
958.0,1186,0.9394572025052191,1.3080636743215033,0.0,12.0,120000.0,20000.0,14.0,1.0,0.0,0,0.0,1.0,9.7495,0.9336099585062241,1.3020833333333333,25.0,12.0,120000.0,20000.0,17.0,1.0,0.0,0
964.0,2092,0.9336099585062241,1.3020833333333333,0.0,12.0,120000.0,0.0,0.0,1.0,0.0,3,0.5092260837554932,1.0,-4.98,0.9336099585062241,1.3020833333333333,0.0,12.0,120000.0,0.0,0.0,1.0,0.0,1
965.0,379,0.932642487046632,1.30073402417962,0.0,8.0,80000.0,0.0,0.0,2.0,0.0,1,1.0,1.0,-4.98,0.932642487046632,1.30073402417962,0.0,8.0,80000.0,0.0,0.0,2.0,0.0,1
965.0,1642,0.932642487046632,1.30073402417962,25.0,12.0,120000.0,20000.0,8.0,0.0,0.0,2,0.0,1.0,-4.975,0.932642487046632,1.30073402417962,25.0,12.0,120000.0,20000.0,8.0,0.0,0.0,1
945.0,733,0.9417989417989417,1.318342151675485,37.5,25.0,400000.0,20000.0,9.0,1.0,0.0,0,0.0,1.0,9.598299800000001,0.9326328127933098,1.30072053173141,75.0,25.0,400000.0,20000.0,12.0,1.0,0.0,0
966.0,2093,0.9316770186335404,1.3015441683919944,0.0,12.0,120000.0,0.0,0.0,1.0,0.0,3,1.0,1.0,-4.98,0.9316770186335404,1.3015441683919944,0.0,12.0,120000.0,0.0,0.0,1.0,0.0,1
960.0,1187,0.9375,1.3053385416666667,12.5,12.0,120000.0,20000.0,15.0,1.0,0.0,0,0.0,1.0,9.748832916666668,0.931667364399257,1.3015306815160916,37.5,12.0,120000.0,20000.0,17.0,1.0,0.0,0
967.0,380,0.9307135470527405,1.3001982075146503,0.0,8.0,80000.0,0.0,0.0,2.0,0.0,3,1.0,1.0,-4.98,0.9307135470527405,1.3001982075146503,0.0,8.0,80000.0,0.0,0.0,2.0,0.0,1
961.0,1640,0.9365244536940687,1.3039802289281996,37.5,12.0,120000.0,20000.0,9.0,0.0,0.0,0,0.0,1.0,9.749082916666667,0.930703912775422,1.3001847485184426,25.0,12.0,120000.0,20000.0,8.0,0.0,0.0,0
875.0,327,0.9485714285714286,1.311904761904762,0.0,8.0,80000.0,0.0,0.0,2.0,0.066,2,1.0,1.0,-3.98,0.9303928325292902,1.299750172294969,0.0,8.0,80000.0,0.0,0.0,2.0,0.0,1
968.0,2094,0.9297520661157025,1.2988550275482096,0.0,12.0,120000.0,0.0,0.0,1.0,0.0,2,0.33693212270736694,1.0,-4.98,0.9297520661157025,1.2988550275482096,0.0,12.0,120000.0,0.0,0.0,1.0,0.0,1
948.0,734,0.9388185654008439,1.3174665963431786,50.0,25.0,400000.0,20000.0,10.0,1.0,0.0,0,0.0,1.0,9.598049800000002,0.9297424517335312,1.2988415963453381,87.5,25.0,400000.0,20000.0,13.0,1.0,0.0,0
962.0,1188,0.9355509355509356,1.3047903672903673,25.0,12.0,120000.0,20000.0,16.0,1.0,0.0,0,0.0,1.0,9.748832916666668,0.9297424517335312,1.2988415963453381,37.5,12.0,120000.0,20000.0,17.0,1.0,0.0,0
969.0,381,0.9287925696594427,1.297514619883041,0.0,8.0,80000.0,0.0,0.0,2.0,0.0,2,0.33693212270736694,1.0,-4.98,0.9287925696594427,1.297514619883041,0.0,8.0,80000.0,0.0,0.0,2.0,0.0,1
969.0,741,0.9287925696594427,1.297514619883041,87.5,25.0,400000.0,20000.0,13.0,1.0,0.0,2,0.33693212270736694,1.0,-4.9125,0.9287925696594427,1.297514619883041,87.5,25.0,400000.0,20000.0,13.0,1.0,0.0,1
969.0,755,0.9287925696594427,1.297514619883041,87.5,25.0,400000.0,20000.0,13.0,1.0,0.0,2,0.2564844489097595,1.0,-4.9125,0.9287925696594427,1.297514619883041,87.5,25.0,400000.0,20000.0,13.0,1.0,0.0,1
969.0,1644,0.9287925696594427,1.297514619883041,25.0,12.0,120000.0,20000.0,8.0,0.0,0.0,2,0.5270809531211853,1.0,-4.975,0.9287925696594427,1.297514619883041,25.0,12.0,120000.0,20000.0,8.0,0.0,0.0,1
969.0,2535,0.9287925696594427,1.297514619883041,0.0,12.0,120000.0,0.0,0.0,0.0,0.0,2,0.5270809531211853,1.0,-4.98,0.9287925696594427,1.297514619883041,0.0,12.0,120000.0,0.0,0.0,0.0,0.0,1
963.0,1641,0.9345794392523363,1.303435444790585,25.0,12.0,120000.0,20000.0,8.0,0.0,0.0,0,0.0,1.0,9.749332916666669,0.9287829751108556,1.297501216387503,12.5,12.0,120000.0,20000.0,7.0,0.0,0.0,0
927.0,2534,0.9385113268608414,1.3214670981661272,0.0,12.0,120000.0,0.0,0.0,0.0,0.002,3,1.0,1.0,-3.98,0.9330281564906993,1.2962304153824513,0.0,12.0,120000.0,0.0,0.0,0.0,0.0,1
970.0,1192,0.9329896907216495,1.2983247422680413,37.5,12.0,120000.0,20000.0,17.0,1.0,0.0,1,0.0,1.0,-4.9625,0.9329896907216495,1.2983247422680413,37.5,12.0,120000.0,20000.0,17.0,1.0,0.0,1
970.0,2095,0.9329896907216495,1.2983247422680413,0.0,12.0,120000.0,0.0,0.0,1.0,0.0,1,0.5270809531211853,1.0,-4.98,0.9329896907216495,1.2983247422680413,0.0,12.0,120000.0,0.0,0.0,1.0,0.0,1
964.0,1189,0.9336099585062241,1.3020833333333333,25.0,12.0,120000.0,20000.0,16.0,1.0,0.0,0,0.0,1.0,9.749082916666667,0.9329800627521359,1.2983113442303549,25.0,12.0,120000.0,20000.0,16.0,1.0,0.0,0
971.0,382,0.9320288362512873,1.296987641606591,0.0,8.0,80000.0,0.0,0.0,2.0,0.0,1,0.5270809531211853,1.0,-4.98,0.9320288362512873,1.296987641606591,0.0,8.0,80000.0,0.0,0.0,2.0,0.0,1
971.0,1645,0.9320288362512873,1.296987641606591,12.5,12.0,120000.0,20000.0,7.0,0.0,0.0,2,0.0,1.0,-4.98,0.9320288362512873,1.296987641606591,12.5,12.0,120000.0,20000.0,7.0,0.0,0.0,1
971.0,2536,0.9320288362512873,1.296987641606591,0.0,12.0,120000.0,0.0,0.0,0.0,0.0,2,0.5270809531211853,1.0,-4.98,0.9320288362512873,1.296987641606591,0.0,12.0,120000.0,0.0,0.0,0.0,0.0,1
951.0,735,0.935856992639327,1.3155012267788293,62.5,25.0,400000.0,20000.0,11.0,1.0,0.0,0,0.0,1.0,9.598299800000001,0.9320192281024992,1.2969742711509222,75.0,25.0,400000.0,20000.0,12.0,1.0,0.0,0
879.0,329,0.9499431171786121,1.321340538490709,0.0,8.0,80000.0,0.0,0.0,2.0,0.063,2,1.0,1.0,-3.98,0.9317089910775567,1.2965425531914894,0.0,8.0,80000.0,0.0,0.0,2.0,0.0,1
972.0,742,0.9310699588477366,1.2956532921810702,75.0,25.0,400000.0,20000.0,12.0,1.0,0.0,2,0.5270809531211853,1.0,-4.925,0.9310699588477366,1.2956532921810702,75.0,25.0,400000.0,20000.0,13.0,1.0,0.0,1
972.0,2096,0.9310699588477366,1.2956532921810702,0.0,12.0,120000.0,0.0,0.0,1.0,0.0,2,0.0,1.0,-4.98,0.9310699588477366,1.2956532921810702,0.0,12.0,120000.0,0.0,0.0,1.0,0.0,1
966.0,1190,0.9316770186335404,1.3015441683919944,37.5,12.0,120000.0,20000.0,17.0,1.0,0.0,0,0.0,1.0,9.749082916666667,0.9310603704585305,1.2956399492223336,25.0,12.0,120000.0,20000.0,16.0,1.0,0.0,0
973.0,383,0.9301130524152107,1.294321685508736,0.0,8.0,80000.0,0.0,0.0,2.0,0.0,2,0.5270809531211853,1.0,-4.98,0.9301130524152107,1.294321685508736,0.0,8.0,80000.0,0.0,0.0,2.0,0.0,1
973.0,2537,0.9301130524152107,1.294321685508736,0.0,12.0,120000.0,0.0,0.0,0.0,0.0,3,0.0,1.0,-4.98,0.9301130524152107,1.294321685508736,0.0,12.0,120000.0,0.0,0.0,0.0,0.0,1
967.0,1643,0.9307135470527405,1.3001982075146503,25.0,12.0,120000.0,20000.0,8.0,0.0,0.0,0,0.0,1.0,9.749332916666669,0.9301034837246946,1.294308369962196,12.5,12.0,120000.0,20000.0,7.0,0.0,0.0,0
974.0,1194,0.9291581108829569,1.2929928131416837,25.0,12.0,120000.0,20000.0,16.0,1.0,0.0,2,0.7041237950325012,1.0,-4.975,0.9291581108829569,1.2929928131416837,25.0,12.0,120000.0,20000.0,16.0,1.0,0.0,1
974.0,2097,0.9291581108829569,1.2929928131416837,0.0,12.0,120000.0,0.0,0.0,1.0,0.0,2,0.7041237950325012,1.0,-4.98,0.9291581108829569,1.2929928131416837,0.0,12.0,120000.0,0.0,0.0,1.0,0.0,1
954.0,736,0.9433962264150944,1.3113644304682042,75.0,25.0,400000.0,20000.0,12.0,1.0,0.0,0,0.0,1.0,9.5985498,0.9291485618304889,1.2929795249229523,62.5,25.0,400000.0,20000.0,11.0,1.0,0.0,0
954.0,750,0.9433962264150944,1.3113644304682042,75.0,25.0,400000.0,20000.0,13.0,1.0,0.0,0,0.0,1.0,9.5985498,0.9291485618304889,1.2929795249229523,62.5,25.0,400000.0,20000.0,11.0,1.0,0.0,0
968.0,1191,0.9297520661157025,1.2988550275482096,37.5,12.0,120000.0,20000.0,17.0,1.0,0.0,0,0.0,1.0,9.749332916666669,0.9291485618304889,1.2929795249229523,12.5,12.0,120000.0,20000.0,15.0,1.0,0.0,0
