time,task_id,s0,s1,s2,s3,s4,s5,s6,s7,s8,action_offload,action_prb,action_prob,reward,s_next0,s_next1,s_next2,s_next3,s_next4,s_next5,s_next6,s_next7,s_next8,done
42.0,3780,0.0,0.0,0.0,12.0,120000.0,0.0,0.0,3.0,1.0,1,100,0.0024752475247524753,9.861366666666665,0.0,0.06648936170212766,0.0,12.0,120000.0,0.0,0.0,3.0,0.994,0
41.0,1980,0.0,0.0,0.0,12.0,120000.0,20000.0,1.0,2.0,1.0,0,0,0.0024752475247524753,9.7997,0.0,0.06648936170212766,0.0,12.0,120000.0,20000.0,1.0,2.0,0.994,0
41.0,2880,0.0,0.0,0.0,12.0,120000.0,20000.0,1.0,0.0,1.0,0,0,0.0024752475247524753,9.79945,0.0,0.06648936170212766,12.5,12.0,120000.0,20000.0,3.0,0.0,0.994,0
45.0,1982,0.0,0.0,12.5,12.0,120000.0,20000.0,2.0,2.0,0.996,1,100,0.0024752475247524753,9.902883333333333,0.0,0.06377551020408163,0.0,12.0,120000.0,20000.0,1.0,2.0,0.991,0
43.0,2881,0.0,0.0,12.5,12.0,120000.0,20000.0,2.0,0.0,0.999,2,100,0.0024752475247524753,9.777783333333334,0.0,0.0625,25.0,12.0,120000.0,20000.0,3.0,0.0,0.989,0
44.0,3781,0.0,0.0,0.0,12.0,120000.0,0.0,0.0,3.0,0.997,1,100,0.0024752475247524753,9.81925,0.0,0.0625,0.0,12.0,120000.0,0.0,0.0,3.0,0.99,0
45.0,2882,0.0,0.0,12.5,12.0,120000.0,20000.0,2.0,0.0,0.996,0,0,0.0024752475247524753,9.798732916666667,0.0,0.061262485539602916,12.5,12.0,120000.0,20000.0,2.0,0.0,0.988,0
46.0,3782,0.0,0.06793478260869565,0.0,12.0,120000.0,0.0,0.0,3.0,0.995,1,100,0.0024752475247524753,9.8194,0.0,0.1201923076923077,0.0,12.0,120000.0,0.0,0.0,3.0,0.988,0
47.0,2883,0.0,0.06648936170212766,12.5,12.0,120000.0,20000.0,2.0,0.0,0.994,0,0,0.0024752475247524753,9.798582916666668,0.0,0.11790226034667792,12.5,12.0,120000.0,20000.0,2.0,0.0,0.985,0
49.0,2884,0.0,0.06377551020408163,25.0,12.0,120000.0,20000.0,3.0,0.0,0.991,2,100,0.0024752475247524753,9.82415,0.0,0.17045454545454544,12.5,12.0,120000.0,20000.0,2.0,0.0,0.983,0
48.0,3783,0.0,0.06510416666666666,0.0,12.0,120000.0,0.0,0.0,3.0,0.993,1,100,0.0024752475247524753,9.735716666666665,0.0,0.16741071428571427,0.0,12.0,120000.0,0.0,0.0,3.0,0.981,0
51.0,2885,0.0,0.061274509803921566,25.0,12.0,120000.0,20000.0,3.0,0.0,0.989,2,34,0.0024752475247524753,9.82395,0.0,0.2741228070175438,12.5,12.0,120000.0,20000.0,2.0,0.0,0.979,0
51.0,1985,0.0,0.061274509803921566,0.0,12.0,120000.0,20000.0,1.0,2.0,0.989,0,0,0.0024752475247524753,9.79895,0.0,0.2741228070175438,0.0,12.0,120000.0,20000.0,2.0,2.0,0.979,0
54.0,3331,0.0,0.1736111111111111,0.0,12.0,120000.0,20000.0,1.0,2.0,0.985,1,100,0.0024752475247524753,9.902233333333333,0.0,0.26939655172413796,12.5,12.0,120000.0,20000.0,2.0,2.0,0.978,0
43.0,1981,0.0,0.0,12.5,12.0,120000.0,20000.0,2.0,2.0,0.999,2,100,0.0024752475247524753,-3.5979666666666663,0.0,0.26483050847457623,12.5,12.0,120000.0,20000.0,2.0,2.0,0.974,1
53.0,2886,0.0,0.1179245283018868,12.5,12.0,120000.0,20000.0,2.0,0.0,0.986,0,0,0.0024752475247524753,9.798082916666667,0.0,0.26478558468300545,0.0,12.0,120000.0,20000.0,1.0,0.0,0.97,0
55.0,2887,0.0,0.17045454545454544,12.5,12.0,120000.0,20000.0,2.0,0.0,0.983,2,100,0.0024752475247524753,9.860216666666666,0.0,0.26041666666666663,0.0,12.0,120000.0,20000.0,1.0,0.0,0.971,0
54.0,3786,0.0,0.1736111111111111,0.0,12.0,120000.0,0.0,0.0,3.0,0.985,1,22,0.0024752475247524753,9.776733333333333,0.0,0.25614754098360654,0.0,12.0,120000.0,0.0,0.0,3.0,0.968,0
58.0,3333,0.0,0.26939655172413796,12.5,12.0,120000.0,20000.0,2.0,2.0,0.978,1,100,0.0024752475247524753,9.901183333333332,0.0,0.3024193548387097,0.0,12.0,120000.0,20000.0,1.0,2.0,0.967,0
56.0,3332,0.0,0.16741071428571427,0.0,12.0,120000.0,20000.0,1.0,2.0,0.981,1,100,0.0024752475247524753,9.818349999999999,0.0,0.3024193548387097,0.0,12.0,120000.0,20000.0,2.0,2.0,0.967,0
59.0,1989,0.0,0.26483050847457623,12.5,12.0,120000.0,20000.0,2.0,2.0,0.974,1,98,0.0024752475247524753,9.901283333333334,0.0,0.3968253968253968,25.0,12.0,120000.0,20000.0,3.0,2.0,0.964,0
57.0,1988,0.0,0.2741228070175438,0.0,12.0,120000.0,20000.0,1.0,2.0,0.979,0,0,0.0024752475247524753,9.797482916666667,0.0,0.3967623556955474,12.5,12.0,120000.0,20000.0,2.0,2.0,0.963,0
60.0,3334,0.0,0.26041666666666663,12.5,12.0,120000.0,20000.0,2.0,2.0,0.971,1,100,0.0024752475247524753,9.901483333333333,0.0,0.390625,12.5,12.0,120000.0,20000.0,2.0,2.0,0.963,0
49.0,1984,0.0,0.06377551020408163,0.0,12.0,120000.0,20000.0,1.0,2.0,0.991,2,100,0.0024752475247524753,-3.59923375,0.0,0.38455616296628786,25.0,12.0,120000.0,20000.0,3.0,2.0,0.957,1
59.0,2889,0.0,0.26483050847457623,12.5,12.0,120000.0,20000.0,2.0,0.0,0.974,2,98,0.0024752475247524753,9.776183333333334,0.0,0.3787878787878788,25.0,12.0,120000.0,20000.0,3.0,0.0,0.957,0
61.0,2890,0.0,0.25614754098360654,0.0,12.0,120000.0,20000.0,1.0,0.0,0.968,2,100,0.0024752475247524753,9.859566666666666,0.0,0.3787878787878788,25.0,12.0,120000.0,20000.0,3.0,0.0,0.958,0
58.0,3788,0.0,0.26939655172413796,0.0,12.0,120000.0,0.0,0.0,3.0,0.978,1,100,0.0024752475247524753,9.69265,0.0,0.3731343283582089,0.0,12.0,120000.0,0.0,0.0,3.0,0.953,0
61.0,1990,0.0,0.25614754098360654,12.5,12.0,120000.0,20000.0,2.0,2.0,0.968,0,0,0.0024752475247524753,9.796632916666665,0.0,0.3730785893032996,25.0,12.0,120000.0,20000.0,3.0,2.0,0.951,0
60.0,3789,0.0,0.26041666666666663,0.0,12.0,120000.0,0.0,0.0,3.0,0.971,1,100,0.0024752475247524753,9.733966666666666,0.0,0.41360294117647056,0.0,12.0,120000.0,0.0,0.0,3.0,0.951,0
64.0,3336,0.0,0.390625,12.5,12.0,120000.0,20000.0,2.0,2.0,0.963,1,100,0.0024752475247524753,9.900933333333333,0.0,0.41360294117647056,12.5,12.0,120000.0,20000.0,2.0,2.0,0.952,0
62.0,3335,0.0,0.3024193548387097,0.0,12.0,120000.0,20000.0,1.0,2.0,0.967,1,100,0.0024752475247524753,9.816982916666666,0.0,0.41354206535185045,0.0,12.0,120000.0,20000.0,1.0,2.0,0.948,0
64.0,4683,0.0,0.390625,0.0,12.0,120000.0,0.0,0.0,1.0,0.963,1,13,0.0024752475247524753,9.858866666666666,0.0,0.45289855072463764,0.0,12.0,120000.0,0.0,0.0,1.0,0.949,0
63.0,2891,0.0,0.3968253968253968,0.0,12.0,120000.0,20000.0,1.0,0.0,0.964,0,0,0.0024752475247524753,9.7972,0.0,0.45289855072463764,12.5,12.0,120000.0,20000.0,3.0,0.0,0.949,0
64.0,3791,0.0,0.390625,0.0,12.0,120000.0,0.0,0.0,3.0,0.963,1,13,0.0024752475247524753,9.81745,0.0,0.4464285714285714,0.0,12.0,120000.0,0.0,0.0,3.0,0.949,0
60.0,4681,0.0,0.26041666666666663,0.0,12.0,120000.0,0.0,0.0,2.0,0.971,2,100,0.0024752475247524753,9.608916666666666,0.0,0.4401408450704225,0.0,12.0,120000.0,0.0,0.0,1.0,0.945,0
55.0,1987,0.0,0.17045454545454544,12.5,12.0,120000.0,20000.0,2.0,2.0,0.983,2,100,0.0024752475247524753,-3.5994166666666665,0.0,0.4401408450704225,37.5,12.0,120000.0,20000.0,4.0,2.0,0.945,1
65.0,1992,0.0,0.38461538461538464,12.5,12.0,120000.0,20000.0,2.0,2.0,0.958,0,0,0.0024752475247524753,9.796182916666666,0.0,0.44007880015789325,25.0,12.0,120000.0,20000.0,3.0,2.0,0.942,0
65.0,2892,0.0,0.38461538461538464,12.5,12.0,120000.0,20000.0,2.0,0.0,0.958,0,0,0.0024752475247524753,9.796432916666667,0.0,0.44007880015789325,12.5,12.0,120000.0,20000.0,2.0,0.0,0.942,0
68.0,3338,0.0,0.41360294117647056,12.5,12.0,120000.0,20000.0,2.0,2.0,0.952,1,100,0.0024752475247524753,9.900483333333334,0.0,0.4340277777777778,12.5,12.0,120000.0,20000.0,2.0,2.0,0.943,0
67.0,1993,0.0,0.3731343283582089,25.0,12.0,120000.0,20000.0,3.0,2.0,0.953,0,0,0.0024752475247524753,9.795982916666667,0.0,0.42802349979133003,25.0,12.0,120000.0,20000.0,3.0,2.0,0.938,0
68.0,2431,0.0,0.41360294117647056,0.0,12.0,120000.0,20000.0,1.0,1.0,0.952,1,100,0.0024752475247524753,9.816650000000001,0.0,0.4222972972972973,12.5,12.0,120000.0,20000.0,2.0,0.0,0.938,0
70.0,3794,0.0,0.4464285714285714,0.0,12.0,120000.0,0.0,0.0,3.0,0.949,1,100,0.0024752475247524753,9.858316666666665,0.0,0.4166666666666667,0.0,12.0,120000.0,0.0,0.0,3.0,0.933,0
69.0,1994,0.0,0.45289855072463764,25.0,12.0,120000.0,20000.0,3.0,2.0,0.949,0,0,0.0024752475247524753,9.795732916666665,0.0,0.41661106297679473,25.0,12.0,120000.0,20000.0,3.0,2.0,0.933,0
69.0,2894,0.0,0.45289855072463764,12.5,12.0,120000.0,20000.0,2.0,0.0,0.949,0,0,0.0024752475247524753,9.795732916666665,0.0,0.41661106297679473,25.0,12.0,120000.0,20000.0,3.0,0.0,0.933,0
70.0,3339,0.0,0.4464285714285714,0.0,12.0,120000.0,20000.0,1.0,2.0,0.949,1,100,0.0024752475247524753,9.81665,0.0,0.45230263157894735,0.0,12.0,120000.0,20000.0,1.0,2.0,0.933,0
68.0,3793,0.0,0.41360294117647056,0.0,12.0,120000.0,0.0,0.0,3.0,0.952,1,100,0.0024752475247524753,9.69135,0.0,0.4464285714285714,0.0,12.0,120000.0,0.0,0.0,3.0,0.927,0
73.0,1996,0.0,0.4280821917808219,25.0,12.0,120000.0,20000.0,3.0,2.0,0.938,0,0,0.0024752475247524753,9.794932916666665,0.0,0.43507145487008547,25.0,12.0,120000.0,20000.0,3.0,2.0,0.917,0
73.0,2896,0.0,0.4280821917808219,12.5,12.0,120000.0,20000.0,2.0,0.0,0.938,0,0,0.0024752475247524753,9.794932916666665,0.0,0.43507145487008547,25.0,12.0,120000.0,20000.0,3.0,0.0,0.917,0
68.0,4685,0.0,0.41360294117647056,0.0,12.0,120000.0,0.0,0.0,1.0,0.952,2,100,0.0024752475247524753,9.5659,0.0,0.4296875,0.0,12.0,120000.0,0.0,0.0,1.0,0.918,0
76.0,3342,0.0,0.45230263157894735,0.0,12.0,120000.0,20000.0,1.0,2.0,0.933,1,100,0.0024752475247524753,9.899283333333333,0.0,0.4296875,12.5,12.0,120000.0,20000.0,2.0,2.0,0.919,0
75.0,1997,0.0,0.4166666666666667,25.0,12.0,120000.0,20000.0,3.0,2.0,0.933,0,0,0.0024752475247524753,9.794782916666668,0.0,0.46290575695522074,12.5,12.0,120000.0,20000.0,2.0,2.0,0.909,0
75.0,2897,0.0,0.4166666666666667,25.0,12.0,120000.0,20000.0,3.0,0.0,0.933,0,0,0.0024752475247524753,9.794782916666668,0.0,0.46290575695522074,12.5,12.0,120000.0,20000.0,2.0,0.0,0.909,0
76.0,3797,0.0,0.45230263157894735,0.0,12.0,120000.0,0.0,0.0,3.0,0.933,1,68,0.0024752475247524753,9.81525,0.0,0.4954268292682927,0.0,12.0,120000.0,0.0,0.0,3.0,0.91,0
78.0,4690,0.0,0.4407051282051282,0.0,12.0,120000.0,0.0,0.0,1.0,0.925,1,100,0.0024752475247524753,9.856816666666665,0.0,0.5271084337349398,0.0,12.0,120000.0,0.0,0.0,1.0,0.903,0
78.0,3798,0.0,0.4407051282051282,0.0,12.0,120000.0,0.0,0.0,3.0,0.925,1,100,0.0024752475247524753,9.856866666666665,0.0,0.5271084337349398,0.0,12.0,120000.0,0.0,0.0,3.0,0.904,0
80.0,3344,0.0,0.4296875,12.5,12.0,120000.0,20000.0,2.0,2.0,0.919,1,100,0.0024752475247524753,9.898433333333333,0.0,0.5580357142857142,12.5,12.0,120000.0,20000.0,2.0,2.0,0.902,0
66.0,3337,0.0,0.3787878787878788,12.5,12.0,120000.0,20000.0,2.0,2.0,0.958,2,100,0.0024752475247524753,-3.6849,0.0,0.5580357142857142,12.5,12.0,120000.0,20000.0,2.0,2.0,0.902,1
78.0,3343,0.0,0.4407051282051282,0.0,12.0,120000.0,20000.0,1.0,2.0,0.925,0,0,0.0024752475247524753,9.79485,0.0,0.5580357142857142,12.5,12.0,120000.0,20000.0,2.0,2.0,0.902,0
74.0,4688,0.0,0.4222972972972973,0.0,12.0,120000.0,0.0,0.0,1.0,0.938,2,100,0.0024752475247524753,9.606516666666666,0.0,0.5882352941176471,0.0,12.0,120000.0,0.0,0.0,1.0,0.897,0
79.0,1999,0.0,0.435126582278481,25.0,12.0,120000.0,20000.0,3.0,2.0,0.919,0,0,0.0024752475247524753,9.794032916666668,0.0,0.5881660289182415,12.5,12.0,120000.0,20000.0,2.0,2.0,0.894,0
79.0,2899,0.0,0.435126582278481,25.0,12.0,120000.0,20000.0,3.0,0.0,0.919,0,0,0.0024752475247524753,9.794032916666668,0.0,0.5881660289182415,12.5,12.0,120000.0,20000.0,2.0,0.0,0.894,0
74.0,2434,0.0,0.4222972972972973,12.5,12.0,120000.0,20000.0,2.0,0.0,0.938,2,100,0.0024752475247524753,9.5647,0.0,0.5813953488372093,0.0,12.0,120000.0,20000.0,2.0,0.0,0.894,0
83.0,2001,0.0,0.5271084337349398,12.5,12.0,120000.0,20000.0,2.0,2.0,0.904,1,100,0.0024752475247524753,9.897683333333333,0.0,0.5747126436781609,12.5,12.0,120000.0,20000.0,2.0,2.0,0.887,0
76.0,2435,0.0,0.45230263157894735,12.5,12.0,120000.0,20000.0,3.0,0.0,0.933,2,100,0.0024752475247524753,9.56425,0.0,0.6392045454545454,0.0,12.0,120000.0,20000.0,2.0,0.0,0.885,0
82.0,3345,0.0,0.4954268292682927,12.5,12.0,120000.0,20000.0,2.0,2.0,0.91,0,0,0.0024752475247524753,9.793482916666667,0.0,0.6391318442072669,0.0,12.0,120000.0,20000.0,1.0,2.0,0.878,0
76.0,4689,0.0,0.45230263157894735,0.0,12.0,120000.0,0.0,0.0,1.0,0.933,2,100,0.0024752475247524753,-3.4777166666666663,0.0,0.702247191011236,0.0,12.0,120000.0,0.0,0.0,1.0,0.879,1
83.0,2901,0.0,0.5271084337349398,12.5,12.0,120000.0,20000.0,2.0,0.0,0.904,0,0,0.0024752475247524753,9.793432916666667,0.0,0.7021682168106711,0.0,12.0,120000.0,20000.0,1.0,0.0,0.877,0
47.0,1983,0.0,0.06648936170212766,0.0,12.0,120000.0,20000.0,1.0,2.0,0.994,3,54,0.0024752475247524753,-3.93615,0.05558025171406718,0.6947531464258397,12.5,12.0,120000.0,20000.0,2.0,2.0,0.877,1
72.0,3340,0.0,0.4340277777777778,12.5,12.0,120000.0,20000.0,2.0,2.0,0.943,2,100,0.0024752475247524753,-3.68615,0.05555555555555555,0.6944444444444444,0.0,12.0,120000.0,20000.0,1.0,2.0,0.877,1
87.0,2903,0.0,0.5747126436781609,12.5,12.0,120000.0,20000.0,2.0,0.0,0.887,2,69,0.0024752475247524753,9.896983333333333,0.054945054945054944,0.7554945054945055,0.0,12.0,120000.0,20000.0,1.0,0.0,0.873,0
72.0,3795,0.0,0.4340277777777778,0.0,12.0,120000.0,0.0,0.0,3.0,0.943,2,100,0.0024752475247524753,-3.7285337499999995,0.05493901165377303,0.7554114102393792,0.0,12.0,120000.0,0.0,0.0,2.0,0.871,1
85.0,2002,0.0,0.5882352941176471,12.5,12.0,120000.0,20000.0,2.0,2.0,0.897,0,0,0.0024752475247524753,9.793132916666666,0.05493901165377303,0.7554114102393792,0.0,12.0,120000.0,20000.0,1.0,2.0,0.871,0
82.0,4692,0.0,0.4954268292682927,0.0,12.0,120000.0,0.0,0.0,1.0,0.91,2,100,0.0024752475247524753,9.646933333333333,0.05434782608695652,0.7472826086956521,0.0,12.0,120000.0,0.0,0.0,1.0,0.872,0
52.0,3785,0.0,0.1201923076923077,0.0,12.0,120000.0,0.0,0.0,3.0,0.988,3,100,0.0024752475247524753,-3.9367,0.10757313816984315,0.7395653249176717,0.0,12.0,120000.0,0.0,0.0,2.0,0.866,1
77.0,1998,0.0,0.4464285714285714,25.0,12.0,120000.0,20000.0,3.0,2.0,0.927,2,100,0.0024752475247524753,-3.59878375,0.10751530937368999,0.7727662861233969,0.0,12.0,120000.0,20000.0,1.0,2.0,0.866,1
50.0,3784,0.0,0.0625,0.0,12.0,120000.0,0.0,0.0,3.0,0.99,3,100,0.0024752475247524753,-3.93675,0.15964238403124903,0.764953090149735,0.0,12.0,120000.0,0.0,0.0,2.0,0.865,1
89.0,2004,0.0,0.702247191011236,12.5,12.0,120000.0,20000.0,2.0,2.0,0.879,1,100,0.0024752475247524753,9.854716666666667,0.15957446808510636,0.7978723404255319,0.0,12.0,120000.0,20000.0,1.0,2.0,0.866,0
52.0,3330,0.0,0.1201923076923077,0.0,12.0,120000.0,20000.0,1.0,2.0,0.988,3,100,0.0024752475247524753,-3.937,0.21061497360836418,0.7898061510313658,25.0,12.0,120000.0,20000.0,3.0,2.0,0.86,1
84.0,2439,0.0,0.5580357142857142,0.0,12.0,120000.0,20000.0,2.0,0.0,0.902,2,100,0.0024752475247524753,9.604716666666665,0.21052631578947367,0.855263157894737,12.5,12.0,120000.0,20000.0,4.0,0.0,0.861,0
53.0,1986,0.0,0.1179245283018868,12.5,12.0,120000.0,20000.0,2.0,2.0,0.986,3,100,0.0024752475247524753,-3.93715,0.2605251916918308,0.8467068729984502,0.0,12.0,120000.0,20000.0,1.0,2.0,0.857,1
88.0,3803,0.0,0.6392045454545454,0.0,12.0,120000.0,0.0,0.0,2.0,0.885,2,100,0.0024752475247524753,9.729566666666665,0.26041666666666663,0.8463541666666666,0.0,12.0,120000.0,0.0,0.0,2.0,0.858,0
92.0,3350,0.05434782608695652,0.7472826086956521,12.5,12.0,120000.0,20000.0,2.0,2.0,0.872,1,100,0.0024752475247524753,9.896283333333333,0.26041666666666663,0.8463541666666666,12.5,12.0,120000.0,20000.0,2.0,2.0,0.859,0
81.0,2000,0.0,0.4629629629629629,25.0,12.0,120000.0,20000.0,3.0,2.0,0.913,2,100,0.0024752475247524753,-3.5570500000000003,0.26041666666666663,0.8463541666666666,0.0,12.0,120000.0,20000.0,1.0,2.0,0.859,1
90.0,2442,0.05555555555555555,0.6944444444444444,0.0,12.0,120000.0,20000.0,2.0,0.0,0.877,0,0,0.0024752475247524753,9.79295,0.26041666666666663,0.8463541666666666,0.0,12.0,120000.0,20000.0,4.0,0.0,0.859,0
90.0,3349,0.05555555555555555,0.6944444444444444,0.0,12.0,120000.0,20000.0,1.0,2.0,0.877,0,0,0.0024752475247524753,9.7927,0.26041666666666663,0.8463541666666666,12.5,12.0,120000.0,20000.0,2.0,2.0,0.859,0
56.0,3787,0.0,0.16741071428571427,0.0,12.0,120000.0,0.0,0.0,3.0,0.981,3,100,0.0024752475247524753,-3.9373,0.309405908683384,0.8379743360174984,0.0,12.0,120000.0,0.0,0.0,2.0,0.854,1
92.0,4697,0.05434782608695652,0.7472826086956521,0.0,12.0,120000.0,0.0,0.0,1.0,0.872,1,100,0.0024752475247524753,9.854166666666666,0.30927835051546393,0.9020618556701032,0.0,12.0,120000.0,0.0,0.0,1.0,0.855,0
94.0,4238,0.15957446808510636,0.7978723404255319,0.0,12.0,120000.0,0.0,0.0,4.0,0.866,1,100,0.0024752475247524753,9.895833333333334,0.30612244897959184,0.8928571428571429,0.0,12.0,120000.0,0.0,0.0,4.0,0.85,0
92.0,2443,0.05434782608695652,0.7472826086956521,12.5,12.0,120000.0,20000.0,3.0,0.0,0.872,2,100,0.0024752475247524753,9.81255,0.30612244897959184,0.8928571428571429,0.0,12.0,120000.0,20000.0,4.0,0.0,0.851,0
57.0,2888,0.0,0.2741228070175438,12.5,12.0,120000.0,20000.0,2.0,0.0,0.979,3,100,0.0024752475247524753,-3.93775,0.3536782181004226,0.8841955452510565,0.0,12.0,120000.0,20000.0,1.0,0.0,0.845,1
88.0,4695,0.0,0.6392045454545454,0.0,12.0,120000.0,0.0,0.0,1.0,0.885,2,100,0.0024752475247524753,9.603966666666665,0.35353535353535354,0.8838383838383839,0.0,12.0,120000.0,0.0,0.0,1.0,0.846,0
94.0,4698,0.15957446808510636,0.7978723404255319,0.0,12.0,120000.0,0.0,0.0,1.0,0.866,1,100,0.0024752475247524753,9.854016666666666,0.35353535353535354,0.8838383838383839,0.0,12.0,120000.0,0.0,0.0,1.0,0.847,0
80.0,4231,0.0,0.4296875,0.0,12.0,120000.0,0.0,0.0,4.0,0.919,2,100,0.0024752475247524753,-3.7293166666666666,0.35353535353535354,0.8838383838383839,0.0,12.0,120000.0,0.0,0.0,4.0,0.847,1
95.0,0,0.21052631578947367,0.855263157894737,0.0,8.0,80000.0,20000.0,1.0,1.0,0.861,1,100,0.0024752475247524753,9.81235,0.35353535353535354,0.8838383838383839,0.0,8.0,80000.0,20000.0,1.0,1.0,0.847,0
58.0,4680,0.0,0.26939655172413796,0.0,12.0,120000.0,0.0,0.0,2.0,0.978,3,100,0.0024752475247524753,-3.93775,0.40016002399359507,0.8753500524859892,0.0,12.0,120000.0,0.0,0.0,1.0,0.845,1
90.0,4696,0.05555555555555555,0.6944444444444444,0.0,12.0,120000.0,0.0,0.0,1.0,0.877,2,100,0.0024752475247524753,9.645633333333333,0.4,0.875,0.0,12.0,120000.0,0.0,0.0,1.0,0.846,0
94.0,3351,0.15957446808510636,0.7978723404255319,12.5,12.0,120000.0,20000.0,2.0,2.0,0.866,0,0,0.0024752475247524753,9.791132916666665,0.3999599640076028,0.8749124212666313,25.0,12.0,120000.0,20000.0,3.0,2.0,0.841,0
62.0,3790,0.0,0.3024193548387097,0.0,12.0,120000.0,0.0,0.0,3.0,0.967,3,100,0.0024752475247524753,-3.93825,0.43706289461316095,0.9408992870144438,0.0,12.0,120000.0,0.0,0.0,2.0,0.835,1
87.0,2003,0.0,0.5747126436781609,12.5,12.0,120000.0,20000.0,2.0,2.0,0.887,2,100,0.0024752475247524753,-3.6049166666666665,0.4368932038834952,0.970873786407767,0.0,12.0,120000.0,20000.0,1.0,2.0,0.835,1
84.0,3346,0.0,0.5580357142857142,12.5,12.0,120000.0,20000.0,2.0,2.0,0.902,2,100,0.0024752475247524753,-3.7299166666666665,0.4368932038834952,0.970873786407767,25.0,12.0,120000.0,20000.0,3.0,2.0,0.835,1
76.0,460,0.0,0.45230263157894735,0.0,8.0,80000.0,0.0,0.0,1.0,0.933,1,100,0.0024752475247524753,-3.9385000000000003,0.4368932038834952,0.970873786407767,0.0,8.0,80000.0,0.0,0.0,1.0,0.835,1
62.0,4682,0.0,0.3024193548387097,0.0,12.0,120000.0,0.0,0.0,1.0,0.967,3,100,0.0024752475247524753,-3.93845,0.4809541668955207,0.9619083337910415,0.0,12.0,120000.0,0.0,0.0,1.0,0.831,1
98.0,2446,0.30612244897959184,0.8928571428571429,0.0,12.0,120000.0,20000.0,4.0,0.0,0.851,2,100,0.0024752475247524753,9.8116,0.4807692307692308,0.9615384615384616,12.5,12.0,120000.0,20000.0,4.0,0.0,0.832,0
98.0,3353,0.30612244897959184,0.8928571428571429,12.5,12.0,120000.0,20000.0,2.0,2.0,0.851,0,0,0.0024752475247524753,9.790682916666666,0.48072296118421676,0.9614459223684337,12.5,12.0,120000.0,20000.0,2.0,2.0,0.827,0
63.0,1991,0.0,0.3968253968253968,25.0,12.0,120000.0,20000.0,3.0,2.0,0.964,3,100,0.0024752475247524753,-3.93365,0.5240090964168163,0.9527438116669388,0.0,12.0,120000.0,20000.0,1.0,2.0,0.827,1
96.0,4699,0.26041666666666663,0.8463541666666666,0.0,12.0,120000.0,0.0,0.0,1.0,0.859,2,100,0.0024752475247524753,9.644633333333333,0.5188679245283019,0.9728773584905661,0.0,12.0,120000.0,0.0,0.0,1.0,0.826,0
100.0,2447,0.4,0.875,12.5,12.0,120000.0,20000.0,4.0,0.0,0.846,0,0,0.0024752475247524753,9.790532916666667,0.5188189304010065,0.9727854945018871,0.0,12.0,120000.0,20000.0,3.0,0.0,0.819,0
100.0,3354,0.4,0.875,25.0,12.0,120000.0,20000.0,3.0,2.0,0.846,0,0,0.0024752475247524753,9.790532916666667,0.5188189304010065,0.9727854945018871,0.0,12.0,120000.0,20000.0,1.0,2.0,0.819,0
66.0,4684,0.0,0.3787878787878788,0.0,12.0,120000.0,0.0,0.0,1.0,0.958,3,100,0.0024752475247524753,-3.93905,0.6077037576941139,0.9641453848031616,0.0,12.0,120000.0,0.0,0.0,1.0,0.819,1
66.0,2430,0.0,0.3787878787878788,0.0,12.0,120000.0,20000.0,1.0,1.0,0.958,3,100,0.0024752475247524753,-3.93905,0.6077037576941139,0.9641453848031616,0.0,12.0,120000.0,20000.0,3.0,0.0,0.819,1
102.0,4242,0.39215686274509803,0.9497549019607843,0.0,12.0,120000.0,0.0,0.0,4.0,0.839,1,100,0.0024752475247524753,9.852666666666666,0.6074766355140186,0.9929906542056074,0.0,12.0,120000.0,0.0,0.0,4.0,0.82,0
102.0,4702,0.39215686274509803,0.9497549019607843,0.0,12.0,120000.0,0.0,0.0,1.0,0.839,1,100,0.0024752475247524753,9.81035,0.6018518518518519,1.0127314814814814,0.0,12.0,120000.0,0.0,0.0,1.0,0.817,0
104.0,4243,0.4807692307692308,0.9615384615384616,0.0,12.0,120000.0,0.0,0.0,4.0,0.832,1,100,0.0024752475247524753,9.894233333333334,0.6018518518518519,1.0127314814814814,0.0,12.0,120000.0,0.0,0.0,4.0,0.818,0
90.0,3804,0.05555555555555555,0.6944444444444444,0.0,12.0,120000.0,0.0,0.0,2.0,0.877,2,100,0.0024752475247524753,-3.6891,0.6018518518518519,1.0127314814814814,0.0,12.0,120000.0,0.0,0.0,2.0,0.818,1
88.0,902,0.0,0.6392045454545454,0.0,25.0,400000.0,20000.0,1.0,1.0,0.885,1,100,0.0024752475247524753,9.66065,0.6018518518518519,1.0127314814814814,12.5,25.0,400000.0,20000.0,2.0,1.0,0.818,0
66.0,3792,0.0,0.3787878787878788,0.0,12.0,120000.0,0.0,0.0,3.0,0.958,3,100,0.0024752475247524753,-3.93925,0.6424375328159386,1.0038086450249042,0.0,12.0,120000.0,0.0,0.0,2.0,0.815,1
104.0,4703,0.4807692307692308,0.9615384615384616,0.0,12.0,120000.0,0.0,0.0,1.0,0.832,1,100,0.0024752475247524753,9.852216666666667,0.6422018348623854,1.0321100917431194,0.0,12.0,120000.0,0.0,0.0,1.0,0.816,0
88.0,4235,0.0,0.6392045454545454,0.0,12.0,120000.0,0.0,0.0,4.0,0.885,2,100,0.0024752475247524753,-3.8142,0.6422018348623854,1.0321100917431194,0.0,12.0,120000.0,0.0,0.0,4.0,0.816,1
105.0,5,0.5238095238095238,0.9523809523809523,0.0,8.0,80000.0,20000.0,1.0,1.0,0.827,1,100,0.0024752475247524753,9.8108,0.6422018348623854,1.0321100917431194,0.0,8.0,80000.0,20000.0,1.0,1.0,0.816,0
67.0,2893,0.0,0.3731343283582089,25.0,12.0,120000.0,20000.0,3.0,0.0,0.953,3,100,0.0024752475247524753,-3.93445,0.682066143864483,1.0230992157967247,0.0,12.0,120000.0,20000.0,1.0,0.0,0.811,1
106.0,4704,0.5188679245283019,0.9728773584905661,0.0,12.0,120000.0,0.0,0.0,1.0,0.826,1,100,0.0024752475247524753,9.893933333333333,0.6818181818181818,1.0227272727272727,0.0,12.0,120000.0,0.0,0.0,1.0,0.812,0
89.0,2904,0.0,0.702247191011236,12.5,12.0,120000.0,20000.0,2.0,0.0,0.879,2,100,0.0024752475247524753,-3.8149670833333333,0.6817561420092589,1.0226342130138886,0.0,12.0,120000.0,20000.0,1.0,0.0,0.809,1
70.0,2432,0.0,0.4464285714285714,12.5,12.0,120000.0,20000.0,3.0,1.0,0.949,3,86,0.0024752475247524753,-3.93955,0.7209804685489845,1.0138787838970096,12.5,12.0,120000.0,20000.0,4.0,0.0,0.809,1
90.0,4236,0.05555555555555555,0.6944444444444444,0.0,12.0,120000.0,0.0,0.0,4.0,0.877,2,100,0.0024752475247524753,-3.815067083333333,0.720655731856974,1.0134221229238698,0.0,12.0,120000.0,0.0,0.0,4.0,0.807,1
91.0,903,0.054945054945054944,0.7554945054945055,12.5,25.0,400000.0,20000.0,2.0,1.0,0.873,0,0,0.0024752475247524753,9.6398998,0.720655731856974,1.0134221229238698,12.5,25.0,400000.0,20000.0,2.0,1.0,0.807,0
71.0,1995,0.0,0.4401408450704225,37.5,12.0,120000.0,20000.0,4.0,2.0,0.945,3,100,0.0024752475247524753,-3.92215,0.7591996463737365,1.0048230613770044,0.0,12.0,120000.0,20000.0,1.0,2.0,0.807,1
70.0,4686,0.0,0.4464285714285714,0.0,12.0,120000.0,0.0,0.0,1.0,0.949,3,100,0.0024752475247524753,-3.93985,0.8410055912707515,1.023592331480849,0.0,12.0,120000.0,0.0,0.0,1.0,0.803,1
72.0,2433,0.0,0.4340277777777778,25.0,12.0,120000.0,20000.0,3.0,0.0,0.943,3,100,0.0024752475247524753,-3.93485,0.8410055912707515,1.023592331480849,25.0,12.0,120000.0,20000.0,5.0,0.0,0.803,1
71.0,2895,0.0,0.4401408450704225,25.0,12.0,120000.0,20000.0,3.0,0.0,0.945,3,100,0.0024752475247524753,-3.935,0.8775008005001053,1.0694541006095033,0.0,12.0,120000.0,20000.0,1.0,0.0,0.8,1
92.0,4237,0.05434782608695652,0.7472826086956521,0.0,12.0,120000.0,0.0,0.0,4.0,0.872,2,100,0.0024752475247524753,-3.8566666666666665,0.8771929824561403,1.0964912280701753,0.0,12.0,120000.0,0.0,0.0,4.0,0.8,1
72.0,4687,0.0,0.4340277777777778,0.0,12.0,120000.0,0.0,0.0,1.0,0.943,3,100,0.0024752475247524753,-3.94015,0.95685447487348,1.0873346305380454,0.0,12.0,120000.0,0.0,0.0,1.0,0.797,1
74.0,3796,0.0,0.4222972972972973,0.0,12.0,120000.0,0.0,0.0,3.0,0.938,3,100,0.0024752475247524753,-3.94015,0.95685447487348,1.0873346305380454,0.0,12.0,120000.0,0.0,0.0,2.0,0.797,1
96.0,4239,0.26041666666666663,0.8463541666666666,0.0,12.0,120000.0,0.0,0.0,4.0,0.859,2,100,0.0024752475247524753,-3.7318166666666666,0.9565217391304347,1.0869565217391304,0.0,12.0,120000.0,0.0,0.0,4.0,0.797,1
74.0,3341,0.0,0.4222972972972973,12.5,12.0,120000.0,20000.0,2.0,2.0,0.938,3,100,0.0024752475247524753,-3.9405,0.9917211976784066,1.0779578235634855,12.5,12.0,120000.0,20000.0,2.0,2.0,0.79,1
106.0,2450,0.5188679245283019,0.9728773584905661,12.5,12.0,120000.0,20000.0,4.0,0.0,0.826,2,100,0.0024752475247524753,9.642883333333334,0.9913793103448276,1.1314655172413792,12.5,12.0,120000.0,20000.0,4.0,0.0,0.791,0
110.0,2452,0.6818181818181818,1.0227272727272727,0.0,12.0,120000.0,20000.0,3.0,0.0,0.812,0,0,0.0024752475247524753,9.78905,0.9913793103448276,1.1314655172413792,25.0,12.0,120000.0,20000.0,4.0,0.0,0.791,0
113.0,25,0.8407079646017699,1.0785398230088497,0.0,8.0,80000.0,20000.0,1.0,1.0,0.803,0,0,0.0024752475247524753,9.78935,0.9829059829059829,1.1485042735042734,0.0,8.0,80000.0,20000.0,3.0,1.0,0.787,0
111.0,2457,0.7207207207207207,1.0135135135135136,12.5,12.0,120000.0,20000.0,4.0,0.0,0.809,2,42,0.0024752475247524753,9.767683333333334,0.9745762711864407,1.138771186440678,37.5,12.0,120000.0,20000.0,4.0,0.0,0.787,0
112.0,2453,0.7589285714285714,1.0323660714285714,12.5,12.0,120000.0,20000.0,4.0,0.0,0.807,0,0,0.0024752475247524753,9.788182916666665,0.9744936043984744,1.1386745920960433,25.0,12.0,120000.0,20000.0,3.0,0.0,0.782,0
78.0,2436,0.0,0.4407051282051282,0.0,12.0,120000.0,20000.0,2.0,0.0,0.925,3,86,0.0024752475247524753,-3.94095,1.0507732808697645,1.129581276934997,25.0,12.0,120000.0,20000.0,3.0,0.0,0.781,1
77.0,2898,0.0,0.4464285714285714,25.0,12.0,120000.0,20000.0,3.0,0.0,0.927,3,59,0.0024752475247524753,-3.93595,1.0507732808697645,1.129581276934997,0.0,12.0,120000.0,20000.0,1.0,0.0,0.781,1
109.0,2456,0.6422018348623854,1.0321100917431194,0.0,12.0,120000.0,20000.0,3.0,0.0,0.816,2,100,0.0024752475247524753,9.642433333333333,1.050420168067227,1.129201680672269,25.0,12.0,120000.0,20000.0,3.0,0.0,0.782,0
100.0,4241,0.4,0.875,0.0,12.0,120000.0,0.0,0.0,4.0,0.846,2,100,0.0024752475247524753,-3.73318375,1.0503318166261812,1.1291067028731447,0.0,12.0,120000.0,0.0,0.0,4.0,0.778,1
113.0,2458,0.8407079646017699,1.0785398230088497,25.0,12.0,120000.0,20000.0,5.0,0.0,0.803,2,100,0.0024752475247524753,9.772283333333334,1.0416666666666665,1.1197916666666667,37.5,12.0,120000.0,20000.0,4.0,0.0,0.779,0
116.0,4249,0.9913793103448276,1.1314655172413792,0.0,12.0,120000.0,0.0,0.0,4.0,0.791,1,100,0.0024752475247524753,9.892333333333333,1.0416666666666665,1.1197916666666667,0.0,12.0,120000.0,0.0,0.0,4.0,0.78,0
94.0,469,0.15957446808510636,0.7978723404255319,0.0,8.0,80000.0,0.0,0.0,1.0,0.866,1,100,0.0024752475247524753,-3.9415999999999998,1.0415797815532222,1.1196982651697138,0.0,8.0,80000.0,0.0,0.0,1.0,0.778,1
78.0,4230,0.0,0.4407051282051282,0.0,12.0,120000.0,0.0,0.0,4.0,0.925,3,100,0.0024752475247524753,-3.9411,1.1160713363036263,1.1109043393762947,0.0,12.0,120000.0,0.0,0.0,4.0,0.778,1
80.0,2437,0.0,0.4296875,0.0,12.0,120000.0,20000.0,2.0,0.0,0.919,3,100,0.0024752475247524753,-3.9411,1.1160713363036263,1.1109043393762947,25.0,12.0,120000.0,20000.0,4.0,0.0,0.778,1
96.0,470,0.26041666666666663,0.8463541666666666,0.0,8.0,80000.0,0.0,0.0,1.0,0.859,1,100,0.0024752475247524753,-3.9417000000000004,1.115610187950567,1.1362696358755775,0.0,8.0,80000.0,0.0,0.0,1.0,0.771,1
117.0,11,0.9829059829059829,1.1485042735042734,0.0,8.0,80000.0,20000.0,1.0,1.0,0.787,0,0,0.0024752475247524753,9.787924375000001,1.115610187950567,1.1362696358755775,0.0,8.0,80000.0,20000.0,1.0,1.0,0.771,0
117.0,27,0.9829059829059829,1.1485042735042734,0.0,8.0,80000.0,20000.0,2.0,1.0,0.787,0,0,0.0024752475247524753,9.787924375000001,1.115610187950567,1.1362696358755775,0.0,8.0,80000.0,20000.0,1.0,1.0,0.771,0
80.0,4691,0.0,0.4296875,0.0,12.0,120000.0,0.0,0.0,1.0,0.919,3,100,0.0024752475247524753,-3.94145,1.1479172558283652,1.127418733402859,0.0,12.0,120000.0,0.0,0.0,1.0,0.771,1
114.0,4248,0.8771929824561403,1.0964912280701753,0.0,12.0,120000.0,0.0,0.0,4.0,0.8,1,100,0.0024752475247524753,9.725266666666666,1.1475409836065573,1.1526639344262295,0.0,12.0,120000.0,0.0,0.0,4.0,0.772,0
80.0,3799,0.0,0.4296875,0.0,12.0,120000.0,0.0,0.0,3.0,0.919,3,100,0.0024752475247524753,-3.94155,1.260572441397817,1.1436645133649552,0.0,12.0,120000.0,0.0,0.0,2.0,0.769,1
82.0,2438,0.0,0.4954268292682927,0.0,12.0,120000.0,20000.0,2.0,0.0,0.91,3,100,0.0024752475247524753,-3.94155,1.260572441397817,1.1436645133649552,12.5,12.0,120000.0,20000.0,3.0,0.0,0.769,1
82.0,4232,0.0,0.4954268292682927,0.0,12.0,120000.0,0.0,0.0,4.0,0.91,3,100,0.0024752475247524753,-3.94155,1.260572441397817,1.1436645133649552,0.0,12.0,120000.0,0.0,0.0,4.0,0.769,1
82.0,3800,0.0,0.4954268292682927,0.0,12.0,120000.0,0.0,0.0,3.0,0.91,3,100,0.0024752475247524753,-3.94165,1.2907388439223262,1.1344384370411071,0.0,12.0,120000.0,0.0,0.0,2.0,0.767,1
117.0,2460,0.9829059829059829,1.1485042735042734,25.0,12.0,120000.0,20000.0,4.0,0.0,0.787,2,100,0.0024752475247524753,9.771733333333334,1.2903225806451613,1.1340725806451613,25.0,12.0,120000.0,20000.0,4.0,0.0,0.768,0
81.0,2900,0.0,0.4629629629629629,25.0,12.0,120000.0,20000.0,3.0,0.0,0.913,3,100,0.0024752475247524753,-3.9369,1.360435230438922,1.1253600251792553,0.0,12.0,120000.0,20000.0,1.0,0.0,0.762,1
84.0,4233,0.0,0.5580357142857142,0.0,12.0,120000.0,0.0,0.0,4.0,0.902,3,100,0.0024752475247524753,-3.9419,1.360435230438922,1.1253600251792553,0.0,12.0,120000.0,0.0,0.0,4.0,0.762,1
120.0,4251,1.0416666666666665,1.1197916666666667,0.0,12.0,120000.0,0.0,0.0,4.0,0.78,1,100,0.0024752475247524753,9.849816666666666,1.3599999999999999,1.15,0.0,12.0,120000.0,0.0,0.0,4.0,0.763,0
115.0,2459,0.9565217391304347,1.0869565217391304,25.0,12.0,120000.0,20000.0,5.0,0.0,0.797,2,1,0.0024752475247524753,9.646533333333334,1.3599999999999999,1.15,25.0,12.0,120000.0,20000.0,4.0,0.0,0.764,0
119.0,2461,1.050420168067227,1.129201680672269,25.0,12.0,120000.0,20000.0,3.0,0.0,0.782,0,0,0.0024752475247524753,9.787232916666667,1.3598910999207183,1.1499079153741367,12.5,12.0,120000.0,20000.0,3.0,0.0,0.758,0
84.0,3801,0.0,0.5580357142857142,0.0,12.0,120000.0,0.0,0.0,3.0,0.902,3,100,0.0024752475247524753,-3.9421,1.4290249738786143,1.1412352221947268,0.0,12.0,120000.0,0.0,0.0,2.0,0.758,1
85.0,2902,0.0,0.5882352941176471,25.0,12.0,120000.0,20000.0,3.0,0.0,0.897,3,100,0.0024752475247524753,-3.9371,1.4290249738786143,1.1412352221947268,0.0,12.0,120000.0,20000.0,1.0,0.0,0.758,1
86.0,3802,0.0,0.5813953488372093,0.0,12.0,120000.0,0.0,0.0,2.0,0.894,3,41,0.0024752475247524753,-3.9422,1.5752991827899194,1.1322462876302548,0.0,12.0,120000.0,0.0,0.0,2.0,0.756,1
86.0,4694,0.0,0.5813953488372093,0.0,12.0,120000.0,0.0,0.0,1.0,0.894,3,41,0.0024752475247524753,-3.9422,1.5752991827899194,1.1322462876302548,0.0,12.0,120000.0,0.0,0.0,1.0,0.756,1
84.0,4693,0.0,0.5580357142857142,0.0,12.0,120000.0,0.0,0.0,1.0,0.902,3,100,0.0024752475247524753,-3.9422,1.5752991827899194,1.1322462876302548,0.0,12.0,120000.0,0.0,0.0,1.0,0.756,1
86.0,2440,0.0,0.5813953488372093,0.0,12.0,120000.0,20000.0,2.0,0.0,0.894,3,60,0.0024752475247524753,-3.9422,1.5752991827899194,1.1322462876302548,12.5,12.0,120000.0,20000.0,4.0,0.0,0.756,1
106.0,4244,0.5188679245283019,0.9728773584905661,0.0,12.0,120000.0,0.0,0.0,4.0,0.826,2,100,0.0024752475247524753,-3.8172,1.574803149606299,1.1564960629921262,0.0,12.0,120000.0,0.0,0.0,4.0,0.756,1
123.0,14,1.2601626016260163,1.1432926829268293,0.0,8.0,80000.0,20000.0,1.0,1.0,0.769,1,100,0.0024752475247524753,9.8078,1.574803149606299,1.1564960629921262,0.0,8.0,80000.0,20000.0,3.0,1.0,0.756,0
123.0,30,1.2601626016260163,1.1432926829268293,0.0,8.0,80000.0,20000.0,2.0,1.0,0.769,0,0,0.0024752475247524753,9.7878,1.574803149606299,1.1564960629921262,0.0,8.0,80000.0,20000.0,3.0,1.0,0.756,0
86.0,3347,0.0,0.5813953488372093,12.5,12.0,120000.0,20000.0,2.0,2.0,0.894,3,100,0.0024752475247524753,-3.94245,1.6020630195324306,1.1478195414332963,12.5,12.0,120000.0,20000.0,2.0,2.0,0.751,1
86.0,4234,0.0,0.5813953488372093,0.0,12.0,120000.0,0.0,0.0,4.0,0.894,3,41,0.0024752475247524753,-3.9425499999999998,1.6673129119813879,1.1632415664986429,0.0,12.0,120000.0,0.0,0.0,4.0,0.749,1
88.0,2441,0.0,0.6392045454545454,0.0,12.0,120000.0,20000.0,2.0,0.0,0.885,3,100,0.0024752475247524753,-3.9425499999999998,1.6673129119813879,1.1632415664986429,25.0,12.0,120000.0,20000.0,6.0,0.0,0.749,1
123.0,2463,1.2601626016260163,1.1432926829268293,12.5,12.0,120000.0,20000.0,3.0,0.0,0.769,0,0,0.0024752475247524753,9.786382916666668,1.666537348535978,1.1627004757227752,12.5,12.0,120000.0,20000.0,5.0,0.0,0.741,0
109.0,909,0.6422018348623854,1.0321100917431194,12.5,25.0,400000.0,20000.0,2.0,1.0,0.816,1,100,0.0024752475247524753,9.6563498,1.666537348535978,1.1627004757227752,25.0,25.0,400000.0,20000.0,3.0,1.0,0.741,0
88.0,3348,0.0,0.6392045454545454,12.5,12.0,120000.0,20000.0,2.0,2.0,0.885,3,100,0.0024752475247524753,-3.94295,1.6929588303193532,1.154290111581377,0.0,12.0,120000.0,20000.0,1.0,2.0,0.741,1
122.0,4252,1.1475409836065573,1.1526639344262295,0.0,12.0,120000.0,0.0,0.0,4.0,0.772,1,100,0.0024752475247524753,9.723766666666666,1.6923076923076923,1.1538461538461537,0.0,12.0,120000.0,0.0,0.0,4.0,0.742,0
110.0,4246,0.6818181818181818,1.0227272727272727,0.0,12.0,120000.0,0.0,0.0,4.0,0.812,2,100,0.0024752475247524753,-3.7762333333333333,1.6923076923076923,1.1538461538461537,0.0,12.0,120000.0,0.0,0.0,4.0,0.742,1
124.0,4253,1.2903225806451613,1.1340725806451613,0.0,12.0,120000.0,0.0,0.0,4.0,0.768,2,100,0.0024752475247524753,9.765283333333333,1.6793893129770994,1.1450381679389314,0.0,12.0,120000.0,0.0,0.0,4.0,0.739,0
127.0,4705,1.574803149606299,1.1564960629921262,0.0,12.0,120000.0,0.0,0.0,1.0,0.756,1,38,0.0024752475247524753,9.889833333333334,1.6793893129770994,1.1450381679389314,0.0,12.0,120000.0,0.0,0.0,1.0,0.74,0
127.0,16,1.574803149606299,1.1564960629921262,0.0,8.0,80000.0,20000.0,1.0,1.0,0.756,0,0,0.0024752475247524753,9.785574375,1.679260996926876,1.1449506797228701,25.0,8.0,80000.0,20000.0,3.0,1.0,0.734,0
127.0,32,1.574803149606299,1.1564960629921262,0.0,8.0,80000.0,20000.0,2.0,1.0,0.756,0,0,0.0024752475247524753,9.785574375,1.679260996926876,1.1449506797228701,25.0,8.0,80000.0,20000.0,3.0,1.0,0.734,0
126.0,4254,1.4285714285714286,1.1408730158730158,0.0,12.0,120000.0,0.0,0.0,4.0,0.758,1,22,0.0024752475247524753,9.8067,1.6666666666666667,1.160037878787879,0.0,12.0,120000.0,0.0,0.0,4.0,0.734,0
127.0,3806,1.574803149606299,1.1564960629921262,0.0,12.0,120000.0,0.0,0.0,2.0,0.756,1,38,0.0024752475247524753,9.848166666666666,1.6666666666666667,1.160037878787879,0.0,12.0,120000.0,0.0,0.0,2.0,0.735,0
112.0,910,0.7589285714285714,1.0323660714285714,12.5,25.0,400000.0,20000.0,2.0,1.0,0.807,0,0,0.0024752475247524753,9.635949799999999,1.6665402873615418,1.159949915919255,25.0,25.0,400000.0,20000.0,3.0,1.0,0.733,0
127.0,2906,1.574803149606299,1.1564960629921262,0.0,12.0,120000.0,20000.0,1.0,0.0,0.756,0,0,0.0024752475247524753,9.7866,1.6541353383458646,1.1513157894736843,0.0,12.0,120000.0,20000.0,1.0,0.0,0.732,0
127.0,2465,1.574803149606299,1.1564960629921262,12.5,12.0,120000.0,20000.0,4.0,0.0,0.756,0,0,0.0024752475247524753,9.785832916666667,1.654010852265931,1.1512291443328213,0.0,12.0,120000.0,20000.0,6.0,0.0,0.725,0
129.0,33,1.6666666666666667,1.1627906976744187,25.0,8.0,80000.0,20000.0,3.0,1.0,0.749,1,100,0.0024752475247524753,9.809874375000001,1.654010852265931,1.1512291443328213,37.5,8.0,80000.0,20000.0,4.0,1.0,0.725,0
129.0,4706,1.6666666666666667,1.1627906976744187,0.0,12.0,120000.0,0.0,0.0,1.0,0.749,1,100,0.0024752475247524753,9.847966666666666,1.6417910447761193,1.1427238805970148,0.0,12.0,120000.0,0.0,0.0,1.0,0.726,0
94.0,2444,0.15957446808510636,0.7978723404255319,12.5,12.0,120000.0,20000.0,4.0,0.0,0.866,3,100,0.0024752475247524753,-3.9439,1.667284179325676,1.1346795109299739,0.0,12.0,120000.0,20000.0,6.0,0.0,0.722,1
131.0,34,1.6793893129770994,1.1450381679389314,37.5,8.0,80000.0,20000.0,4.0,1.0,0.74,0,0,0.0024752475247524753,9.784324375,1.66654309558232,1.1341751622713014,50.0,8.0,80000.0,20000.0,5.0,1.0,0.719,0
129.0,2466,1.6666666666666667,1.1627906976744187,25.0,12.0,120000.0,20000.0,6.0,0.0,0.749,2,100,0.0024752475247524753,9.769333333333334,1.6544117647058825,1.1259191176470589,12.5,12.0,120000.0,20000.0,7.0,0.0,0.72,0
96.0,3352,0.26041666666666663,0.8463541666666666,12.5,12.0,120000.0,20000.0,2.0,2.0,0.859,3,100,0.0024752475247524753,-3.9442,1.6794450529390283,1.1181087988316902,0.0,12.0,120000.0,20000.0,2.0,2.0,0.716,1
132.0,4255,1.6666666666666667,1.160037878787879,0.0,12.0,120000.0,0.0,0.0,4.0,0.735,1,100,0.0024752475247524753,9.847516666666666,1.6788321167883213,1.1177007299270072,0.0,12.0,120000.0,0.0,0.0,4.0,0.717,0
115.0,10,0.9565217391304347,1.0869565217391304,12.5,8.0,80000.0,20000.0,2.0,1.0,0.797,1,100,0.0024752475247524753,-3.9451500000000004,1.6788321167883213,1.1177007299270072,50.0,8.0,80000.0,20000.0,5.0,1.0,0.717,1
133.0,19,1.6541353383458646,1.1513157894736843,25.0,8.0,80000.0,20000.0,3.0,1.0,0.732,1,100,0.0024752475247524753,9.809374375,1.6787094607175053,1.1176190703146436,25.0,8.0,80000.0,20000.0,3.0,1.0,0.71,0
133.0,35,1.6541353383458646,1.1513157894736843,25.0,8.0,80000.0,20000.0,4.0,1.0,0.732,1,100,0.0024752475247524753,9.809374375,1.6787094607175053,1.1176190703146436,25.0,8.0,80000.0,20000.0,3.0,1.0,0.71,0
96.0,2445,0.26041666666666663,0.8463541666666666,0.0,12.0,120000.0,20000.0,4.0,0.0,0.859,3,100,0.0024752475247524753,-3.9445,1.7035157665820946,1.1100036245016307,12.5,12.0,120000.0,20000.0,7.0,0.0,0.71,1
115.0,26,0.9565217391304347,1.0869565217391304,12.5,8.0,80000.0,20000.0,2.0,1.0,0.797,1,100,0.0024752475247524753,-3.94565,1.7027750378396465,1.1095209688050889,25.0,8.0,80000.0,20000.0,3.0,1.0,0.707,1
118.0,912,0.9745762711864407,1.138771186440678,25.0,25.0,400000.0,20000.0,3.0,1.0,0.787,0,0,0.0024752475247524753,9.6348998,1.7027750378396465,1.1095209688050889,12.5,25.0,400000.0,20000.0,2.0,1.0,0.707,0
98.0,4700,0.30612244897959184,0.8928571428571429,0.0,12.0,120000.0,0.0,0.0,1.0,0.851,3,100,0.0024752475247524753,-3.9446499999999998,1.7272400143936666,1.1020151133501257,0.0,12.0,120000.0,0.0,0.0,1.0,0.707,1
135.0,4709,1.6666666666666667,1.1342592592592593,0.0,12.0,120000.0,0.0,0.0,1.0,0.722,1,100,0.0024752475247524753,9.888483333333333,1.7266187050359711,1.1016187050359711,0.0,12.0,120000.0,0.0,0.0,1.0,0.708,0
135.0,20,1.6666666666666667,1.1342592592592593,37.5,8.0,80000.0,20000.0,4.0,1.0,0.722,0,0,0.0024752475247524753,9.783974375,1.7264943725994983,1.1015393783512426,25.0,8.0,80000.0,20000.0,3.0,1.0,0.702,0
135.0,36,1.6666666666666667,1.1342592592592593,37.5,8.0,80000.0,20000.0,5.0,1.0,0.722,0,0,0.0024752475247524753,9.783974375,1.7264943725994983,1.1015393783512426,25.0,8.0,80000.0,20000.0,3.0,1.0,0.702,0
98.0,4240,0.30612244897959184,0.8928571428571429,0.0,12.0,120000.0,0.0,0.0,4.0,0.851,3,100,0.0024752475247524753,-3.9449,1.7506252232940334,1.0941407645587709,0.0,12.0,120000.0,0.0,0.0,4.0,0.702,1
135.0,3810,1.6666666666666667,1.1342592592592593,0.0,12.0,120000.0,0.0,0.0,2.0,0.722,1,100,0.0024752475247524753,9.80495,1.7375886524822697,1.1081560283687943,0.0,12.0,120000.0,0.0,0.0,2.0,0.699,0
135.0,2469,1.6666666666666667,1.1342592592592593,0.0,12.0,120000.0,20000.0,6.0,0.0,0.722,0,0,0.0024752475247524753,9.7847,1.7375886524822697,1.1081560283687943,12.5,12.0,120000.0,20000.0,7.0,0.0,0.699,0
135.0,2910,1.6666666666666667,1.1342592592592593,0.0,12.0,120000.0,20000.0,1.0,0.0,0.722,0,0,0.0024752475247524753,9.78495,1.7375886524822697,1.1081560283687943,0.0,12.0,120000.0,20000.0,1.0,0.0,0.699,0
100.0,4701,0.4,0.875,0.0,12.0,120000.0,0.0,0.0,1.0,0.846,3,100,0.0024752475247524753,-3.9454,1.7611835153222961,1.1007396970764352,0.0,12.0,120000.0,0.0,0.0,1.0,0.692,1
134.0,4256,1.6417910447761193,1.1427238805970148,0.0,12.0,120000.0,0.0,0.0,4.0,0.726,1,100,0.0024752475247524753,9.721316666666665,1.7605633802816902,1.1003521126760563,0.0,12.0,120000.0,0.0,0.0,4.0,0.693,0
102.0,2448,0.39215686274509803,0.9497549019607843,25.0,12.0,120000.0,20000.0,5.0,0.0,0.839,3,100,0.0024752475247524753,-3.94055,1.7838405036726124,1.0930395243091986,12.5,12.0,120000.0,20000.0,7.0,0.0,0.689,1
121.0,13,1.115702479338843,1.1363636363636365,25.0,8.0,80000.0,20000.0,3.0,1.0,0.778,1,100,0.0024752475247524753,-3.9414,1.7830919667791088,1.092580861997003,12.5,8.0,80000.0,20000.0,2.0,1.0,0.682,1
139.0,22,1.7266187050359711,1.1016187050359711,25.0,8.0,80000.0,20000.0,3.0,1.0,0.708,0,0,0.0024752475247524753,9.783224375000001,1.7830919667791088,1.092580861997003,12.5,8.0,80000.0,20000.0,2.0,1.0,0.682,0
139.0,38,1.7266187050359711,1.1016187050359711,25.0,8.0,80000.0,20000.0,4.0,1.0,0.708,0,0,0.0024752475247524753,9.783224375000001,1.7830919667791088,1.092580861997003,12.5,8.0,80000.0,20000.0,2.0,1.0,0.682,0
120.0,480,1.0416666666666665,1.1197916666666667,0.0,8.0,80000.0,0.0,0.0,1.0,0.78,1,100,0.0024752475247524753,-3.946,1.770710244378151,1.0849940222905339,0.0,8.0,80000.0,0.0,0.0,1.0,0.68,1
104.0,2449,0.4807692307692308,0.9615384615384616,12.5,12.0,120000.0,20000.0,4.0,0.0,0.832,3,100,0.0024752475247524753,-3.946,1.79372197309417,1.0779579165229387,0.0,12.0,120000.0,20000.0,6.0,0.0,0.68,1
138.0,4258,1.7028985507246377,1.1096014492753623,0.0,12.0,120000.0,0.0,0.0,4.0,0.71,2,100,0.0024752475247524753,9.720366666666665,1.7808219178082192,1.091609589041096,0.0,12.0,120000.0,0.0,0.0,4.0,0.674,0
141.0,3813,1.7375886524822697,1.1081560283687943,0.0,12.0,120000.0,0.0,0.0,2.0,0.699,1,100,0.0024752475247524753,9.844916666666665,1.7808219178082192,1.091609589041096,0.0,12.0,120000.0,0.0,0.0,2.0,0.675,0
143.0,4713,1.7832167832167831,1.0926573426573427,0.0,12.0,120000.0,0.0,0.0,1.0,0.689,1,100,0.0024752475247524753,9.886633333333334,1.7687074829931975,1.126700680272109,0.0,12.0,120000.0,0.0,0.0,1.0,0.671,0
133.0,3809,1.6541353383458646,1.1513157894736843,0.0,12.0,120000.0,0.0,0.0,2.0,0.732,2,100,0.0024752475247524753,-3.5297833333333335,1.7687074829931975,1.126700680272109,0.0,12.0,120000.0,0.0,0.0,2.0,0.671,1
125.0,31,1.3599999999999999,1.15,25.0,8.0,80000.0,20000.0,3.0,1.0,0.764,1,2,0.0024752475247524753,-3.94165,1.768587050636892,1.1266239625451355,12.5,8.0,80000.0,20000.0,2.0,1.0,0.667,1
143.0,40,1.7832167832167831,1.0926573426573427,25.0,8.0,80000.0,20000.0,3.0,1.0,0.689,0,0,0.0024752475247524753,9.782474375000001,1.768587050636892,1.1266239625451355,12.5,8.0,80000.0,20000.0,2.0,1.0,0.667,0
107.0,2455,0.6074766355140186,0.9929906542056074,0.0,12.0,120000.0,20000.0,3.0,0.0,0.82,3,100,0.0024752475247524753,-3.9467,1.7911456573166606,1.1194660358229132,12.5,12.0,120000.0,20000.0,6.0,0.0,0.666,1
143.0,3814,1.7832167832167831,1.0926573426573427,0.0,12.0,120000.0,0.0,0.0,2.0,0.689,1,100,0.0024752475247524753,9.845016666666666,1.7905405405405406,1.119087837837838,0.0,12.0,120000.0,0.0,0.0,2.0,0.667,0
108.0,4245,0.6018518518518519,1.0127314814814814,0.0,12.0,120000.0,0.0,0.0,4.0,0.818,3,100,0.0024752475247524753,-3.94685,1.8126888217522656,1.111950318898959,0.0,12.0,120000.0,0.0,0.0,4.0,0.663,1
108.0,2451,0.6018518518518519,1.0127314814814814,0.0,12.0,120000.0,20000.0,3.0,0.0,0.818,3,100,0.0024752475247524753,-3.94725,1.8339446482160717,1.1462154051350448,25.0,12.0,120000.0,20000.0,7.0,0.0,0.655,1
145.0,3815,1.7931034482758619,1.0991379310344829,0.0,12.0,120000.0,0.0,0.0,2.0,0.68,2,100,0.0024752475247524753,9.844466666666666,1.8333333333333333,1.1874999999999998,0.0,12.0,120000.0,0.0,0.0,2.0,0.656,0
126.0,483,1.4285714285714286,1.1408730158730158,0.0,8.0,80000.0,0.0,0.0,1.0,0.758,1,22,0.0024752475247524753,-3.9474500000000003,1.8333333333333333,1.1874999999999998,0.0,8.0,80000.0,0.0,0.0,1.0,0.656,1
130.0,916,1.6923076923076923,1.1538461538461537,25.0,25.0,400000.0,20000.0,3.0,1.0,0.742,0,0,0.0024752475247524753,9.6317498,1.8332109970527966,1.1874207594546524,37.5,25.0,400000.0,20000.0,4.0,1.0,0.654,0
144.0,4261,1.7708333333333333,1.0850694444444444,0.0,12.0,120000.0,0.0,0.0,4.0,0.682,2,100,0.0024752475247524753,9.761083333333334,1.8211920529801324,1.221026490066225,0.0,12.0,120000.0,0.0,0.0,4.0,0.655,0
133.0,2909,1.6541353383458646,1.1513157894736843,0.0,12.0,120000.0,20000.0,1.0,0.0,0.732,2,100,0.0024752475247524753,-3.69725,1.8211920529801324,1.221026490066225,0.0,12.0,120000.0,20000.0,1.0,0.0,0.655,1
145.0,2915,1.7931034482758619,1.0991379310344829,0.0,12.0,120000.0,20000.0,1.0,0.0,0.68,0,0,0.0024752475247524753,9.78275,1.8211920529801324,1.221026490066225,0.0,12.0,120000.0,20000.0,1.0,0.0,0.655,0
147.0,42,1.7687074829931975,1.126700680272109,12.5,8.0,80000.0,20000.0,2.0,1.0,0.671,1,100,0.0024752475247524753,9.801574375000001,1.8210713316289429,1.220945551887587,12.5,8.0,80000.0,20000.0,2.0,1.0,0.649,0
145.0,4714,1.7931034482758619,1.0991379310344829,0.0,12.0,120000.0,0.0,0.0,1.0,0.68,2,100,0.0024752475247524753,9.760783333333334,1.8092105263157896,1.254111842105263,0.0,12.0,120000.0,0.0,0.0,1.0,0.649,0
112.0,4247,0.7589285714285714,1.0323660714285714,0.0,12.0,120000.0,0.0,0.0,4.0,0.807,3,30,0.0024752475247524753,-3.94785,1.8306636155606404,1.246322327558025,0.0,12.0,120000.0,0.0,0.0,4.0,0.643,1
145.0,2474,1.7931034482758619,1.0991379310344829,0.0,12.0,120000.0,20000.0,6.0,0.0,0.68,2,100,0.0024752475247524753,9.718866666666665,1.8300653594771243,1.2459150326797386,37.5,12.0,120000.0,20000.0,7.0,0.0,0.644,0
139.0,3812,1.7266187050359711,1.1016187050359711,0.0,12.0,120000.0,0.0,0.0,2.0,0.708,2,100,0.0024752475247524753,-3.5311333333333335,1.8300653594771243,1.2459150326797386,0.0,12.0,120000.0,0.0,0.0,2.0,0.644,1
128.0,484,1.6015624999999998,1.171875,0.0,8.0,80000.0,0.0,0.0,1.0,0.751,1,100,0.0024752475247524753,-3.94875,1.8299456355829267,1.2458335242249836,0.0,8.0,80000.0,0.0,0.0,1.0,0.64,1
146.0,4262,1.7808219178082192,1.091609589041096,0.0,12.0,120000.0,0.0,0.0,4.0,0.675,2,100,0.0024752475247524753,9.718666666666666,1.8181818181818181,1.2784090909090908,0.0,12.0,120000.0,0.0,0.0,4.0,0.64,0
149.0,3817,1.8120805369127517,1.153523489932886,0.0,12.0,120000.0,0.0,0.0,2.0,0.663,2,100,0.0024752475247524753,9.843716666666666,1.8181818181818181,1.2784090909090908,0.0,12.0,120000.0,0.0,0.0,2.0,0.641,0
114.0,2454,0.8771929824561403,1.0964912280701753,25.0,12.0,120000.0,20000.0,5.0,0.0,0.8,3,100,0.0024752475247524753,-3.94325,1.8393030009680538,1.2705711519845109,37.5,12.0,120000.0,20000.0,7.0,0.0,0.635,1
151.0,2918,1.8211920529801324,1.221026490066225,0.0,12.0,120000.0,20000.0,1.0,0.0,0.655,2,15,0.0024752475247524753,9.885133333333334,1.8387096774193548,1.2903225806451613,0.0,12.0,120000.0,20000.0,1.0,0.0,0.636,0
130.0,485,1.6923076923076923,1.1538461538461537,0.0,8.0,80000.0,0.0,0.0,1.0,0.742,1,100,0.0024752475247524753,-3.94915,1.8385909400302598,1.2902392561615859,0.0,8.0,80000.0,0.0,0.0,1.0,0.632,1
151.0,44,1.8211920529801324,1.221026490066225,12.5,8.0,80000.0,20000.0,2.0,1.0,0.655,0,0,0.0024752475247524753,9.780474374999999,1.8385909400302598,1.2902392561615859,25.0,8.0,80000.0,20000.0,3.0,1.0,0.632,0
150.0,4264,1.8333333333333333,1.1874999999999998,0.0,12.0,120000.0,0.0,0.0,4.0,0.656,1,100,0.0024752475247524753,9.80165,1.826923076923077,1.3221153846153846,0.0,12.0,120000.0,0.0,0.0,4.0,0.633,0
143.0,2914,1.7832167832167831,1.0926573426573427,0.0,12.0,120000.0,20000.0,1.0,0.0,0.689,2,100,0.0024752475247524753,-3.4899666666666667,1.826923076923077,1.3221153846153846,0.0,12.0,120000.0,20000.0,1.0,0.0,0.634,1
148.0,4263,1.7905405405405406,1.119087837837838,0.0,12.0,120000.0,0.0,0.0,4.0,0.667,1,100,0.0024752475247524753,9.718416666666666,1.826923076923077,1.3221153846153846,0.0,12.0,120000.0,0.0,0.0,4.0,0.635,0
132.0,486,1.6666666666666667,1.160037878787879,0.0,8.0,80000.0,0.0,0.0,1.0,0.735,1,100,0.0024752475247524753,-3.9490999999999996,1.8268058568805936,1.3220305543214825,0.0,8.0,80000.0,0.0,0.0,1.0,0.628,1
149.0,2476,1.8120805369127517,1.153523489932886,12.5,12.0,120000.0,20000.0,7.0,0.0,0.663,2,100,0.0024752475247524753,9.718116666666665,1.8152866242038217,1.3136942675159236,25.0,12.0,120000.0,20000.0,6.0,0.0,0.629,0
153.0,4718,1.8300653594771243,1.2459150326797386,0.0,12.0,120000.0,0.0,0.0,1.0,0.644,1,100,0.0024752475247524753,9.884583333333333,1.8152866242038217,1.3136942675159236,0.0,12.0,120000.0,0.0,0.0,1.0,0.63,0
153.0,45,1.8300653594771243,1.2459150326797386,12.5,8.0,80000.0,20000.0,2.0,1.0,0.644,0,0,0.0024752475247524753,9.780374375000001,1.8151708926074202,1.3136105143869492,12.5,8.0,80000.0,20000.0,2.0,1.0,0.625,0
151.0,3818,1.8211920529801324,1.221026490066225,0.0,12.0,120000.0,0.0,0.0,2.0,0.655,2,15,0.0024752475247524753,9.759533333333334,1.8037974683544302,1.3251582278481011,0.0,12.0,120000.0,0.0,0.0,2.0,0.624,0
151.0,4717,1.8211920529801324,1.221026490066225,0.0,12.0,120000.0,0.0,0.0,1.0,0.655,2,15,0.0024752475247524753,9.759583333333333,1.8037974683544302,1.3251582278481011,0.0,12.0,120000.0,0.0,0.0,1.0,0.625,0
118.0,4250,0.9745762711864407,1.138771186440678,0.0,12.0,120000.0,0.0,0.0,4.0,0.787,3,100,0.0024752475247524753,-3.94905,1.824473104749921,1.3172381251966025,0.0,12.0,120000.0,0.0,0.0,4.0,0.619,1
153.0,3819,1.8300653594771243,1.2459150326797386,0.0,12.0,120000.0,0.0,0.0,2.0,0.644,1,100,0.0024752475247524753,9.801,1.8238993710691824,1.3364779874213837,0.0,12.0,120000.0,0.0,0.0,2.0,0.62,0
151.0,2477,1.8211920529801324,1.221026490066225,12.5,12.0,120000.0,20000.0,7.0,0.0,0.655,2,100,0.0024752475247524753,9.717716666666666,1.8238993710691824,1.3364779874213837,25.0,12.0,120000.0,20000.0,6.0,0.0,0.621,0
153.0,2478,1.8300653594771243,1.2459150326797386,37.5,12.0,120000.0,20000.0,7.0,0.0,0.644,0,0,0.0024752475247524753,9.780282916666668,1.8237845529347492,1.3363938534435664,12.5,12.0,120000.0,20000.0,5.0,0.0,0.619,0
139.0,919,1.7266187050359711,1.1016187050359711,12.5,25.0,400000.0,20000.0,2.0,1.0,0.708,1,100,0.0024752475247524753,9.6497498,1.8237845529347492,1.3363938534435664,50.0,25.0,400000.0,20000.0,5.0,1.0,0.619,0
155.0,46,1.8387096774193548,1.2903225806451613,25.0,8.0,80000.0,20000.0,3.0,1.0,0.636,0,0,0.0024752475247524753,9.780074375000002,1.8237845529347492,1.3363938534435664,12.5,8.0,80000.0,20000.0,2.0,1.0,0.619,0
152.0,4265,1.8092105263157896,1.254111842105263,0.0,12.0,120000.0,0.0,0.0,4.0,0.649,2,100,0.0024752475247524753,9.717666666666666,1.8124999999999998,1.34765625,0.0,12.0,120000.0,0.0,0.0,4.0,0.62,0
137.0,4710,1.6788321167883213,1.1177007299270072,0.0,12.0,120000.0,0.0,0.0,1.0,0.717,2,100,0.0024752475247524753,-3.9073333333333333,1.8124999999999998,1.34765625,0.0,12.0,120000.0,0.0,0.0,1.0,0.62,1
155.0,2479,1.8387096774193548,1.2903225806451613,37.5,12.0,120000.0,20000.0,7.0,0.0,0.636,0,0,0.0024752475247524753,9.779732916666667,1.8011302527091329,1.3586111820004234,12.5,12.0,120000.0,20000.0,4.0,0.0,0.608,0
121.0,2462,1.115702479338843,1.1363636363636365,25.0,12.0,120000.0,20000.0,4.0,0.0,0.778,3,100,0.0024752475247524753,-3.9446,1.8215498610682306,1.350725532571781,12.5,12.0,120000.0,20000.0,4.0,0.0,0.608,1
158.0,4268,1.8037974683544302,1.3251582278481011,0.0,12.0,120000.0,0.0,0.0,4.0,0.625,1,100,0.0024752475247524753,9.883783333333334,1.8209876543209875,1.3888888888888888,0.0,12.0,120000.0,0.0,0.0,4.0,0.609,0
159.0,4721,1.8238993710691824,1.3364779874213837,0.0,12.0,120000.0,0.0,0.0,1.0,0.621,1,100,0.0024752475247524753,9.883383333333335,1.8098159509202454,1.3995398773006134,0.0,12.0,120000.0,0.0,0.0,1.0,0.606,0
139.0,4711,1.7266187050359711,1.1016187050359711,0.0,12.0,120000.0,0.0,0.0,1.0,0.708,2,100,0.0024752475247524753,-3.9497,1.8098159509202454,1.3995398773006134,0.0,12.0,120000.0,0.0,0.0,1.0,0.606,1
157.0,2921,1.8152866242038217,1.3136942675159236,0.0,12.0,120000.0,20000.0,1.0,0.0,0.63,0,0,0.0024752475247524753,9.780050000000001,1.8098159509202454,1.3995398773006134,12.5,12.0,120000.0,20000.0,2.0,0.0,0.606,0
143.0,920,1.7832167832167831,1.0926573426573427,25.0,25.0,400000.0,20000.0,3.0,1.0,0.689,0,0,0.0024752475247524753,9.629099799999999,1.8097048150601303,1.399453935374889,37.5,25.0,400000.0,20000.0,4.0,1.0,0.601,0
159.0,48,1.8238993710691824,1.3364779874213837,12.5,8.0,80000.0,20000.0,2.0,1.0,0.621,0,0,0.0024752475247524753,9.779424375,1.8097048150601303,1.399453935374889,0.0,8.0,80000.0,20000.0,1.0,1.0,0.601,0
157.0,3821,1.8152866242038217,1.3136942675159236,0.0,12.0,120000.0,0.0,0.0,2.0,0.63,2,100,0.0024752475247524753,9.758433333333333,1.7987804878048779,1.4672256097560978,0.0,12.0,120000.0,0.0,0.0,2.0,0.602,0
156.0,4267,1.826923076923077,1.3221153846153846,0.0,12.0,120000.0,0.0,0.0,4.0,0.635,2,84,0.0024752475247524753,9.716816666666666,1.7987804878048779,1.4672256097560978,0.0,12.0,120000.0,0.0,0.0,4.0,0.603,0
140.0,490,1.7500000000000002,1.0937500000000002,0.0,8.0,80000.0,0.0,0.0,1.0,0.702,1,100,0.0024752475247524753,-3.9504499999999996,1.7986707030869642,1.4671360607806805,0.0,8.0,80000.0,0.0,0.0,1.0,0.601,1
159.0,3822,1.8238993710691824,1.3364779874213837,0.0,12.0,120000.0,0.0,0.0,2.0,0.621,2,100,0.0024752475247524753,9.799949999999999,1.7878787878787878,1.4962121212121213,0.0,12.0,120000.0,0.0,0.0,2.0,0.599,0
161.0,4722,1.8012422360248446,1.358695652173913,0.0,12.0,120000.0,0.0,0.0,1.0,0.615,1,100,0.0024752475247524753,9.883083333333333,1.7878787878787878,1.4962121212121213,0.0,12.0,120000.0,0.0,0.0,1.0,0.6,0
141.0,4712,1.7375886524822697,1.1081560283687943,0.0,12.0,120000.0,0.0,0.0,1.0,0.699,2,100,0.0024752475247524753,-3.9502,1.7877703298121126,1.4961213565164926,0.0,12.0,120000.0,0.0,0.0,1.0,0.596,1
159.0,2922,1.8238993710691824,1.3364779874213837,12.5,12.0,120000.0,20000.0,2.0,0.0,0.621,0,0,0.0024752475247524753,9.779382916666666,1.7877703298121126,1.4961213565164926,0.0,12.0,120000.0,20000.0,1.0,0.0,0.596,0
76.0,1620,0.0,0.45230263157894735,0.0,25.0,400000.0,0.0,0.0,1.0,0.933,1,100,0.0024752475247524753,-3.9507499999999998,1.8409350437034966,1.4901011111944282,0.0,25.0,400000.0,0.0,0.0,1.0,0.595,1
125.0,2464,1.3599999999999999,1.15,25.0,12.0,120000.0,20000.0,4.0,0.0,0.764,3,100,0.0024752475247524753,-3.94525,1.8379029828261524,1.4876468815908404,25.0,12.0,120000.0,20000.0,5.0,0.0,0.595,1
125.0,3805,1.3599999999999999,1.15,0.0,12.0,120000.0,0.0,0.0,2.0,0.764,3,100,0.0024752475247524753,-3.95025,1.8379029828261524,1.4876468815908404,0.0,12.0,120000.0,0.0,0.0,2.0,0.595,1
156.0,2005,1.826923076923077,1.3221153846153846,0.0,12.0,120000.0,20000.0,3.0,2.0,0.635,2,100,0.0024752475247524753,9.633133333333333,1.8373493975903616,1.4871987951807228,12.5,12.0,120000.0,20000.0,4.0,2.0,0.596,0
162.0,2008,1.8209876543209875,1.3888888888888888,12.5,12.0,120000.0,20000.0,4.0,2.0,0.609,1,100,0.0024752475247524753,9.883183333333333,1.8373493975903616,1.4871987951807228,12.5,12.0,120000.0,20000.0,4.0,2.0,0.597,0
160.0,2007,1.8124999999999998,1.34765625,0.0,12.0,120000.0,20000.0,3.0,2.0,0.62,1,100,0.0024752475247524753,9.7996,1.8373493975903616,1.4871987951807228,12.5,12.0,120000.0,20000.0,4.0,2.0,0.597,0
153.0,2919,1.8300653594771243,1.2459150326797386,0.0,12.0,120000.0,20000.0,1.0,0.0,0.644,2,100,0.0024752475247524753,-3.4925337499999998,1.8372386098886446,1.4871091207090466,0.0,12.0,120000.0,20000.0,1.0,0.0,0.591,1
125.0,2905,1.3599999999999999,1.15,0.0,12.0,120000.0,20000.0,1.0,0.0,0.764,3,100,0.0024752475247524753,-3.95055,1.8568433662773283,1.478736148547469,0.0,12.0,120000.0,20000.0,1.0,0.0,0.589,1
161.0,3823,1.8012422360248446,1.358695652173913,0.0,12.0,120000.0,0.0,0.0,2.0,0.615,1,100,0.0024752475247524753,9.7995,1.8562874251497008,1.4970059880239521,0.0,12.0,120000.0,0.0,0.0,2.0,0.59,0
163.0,2924,1.8098159509202454,1.3995398773006134,12.5,12.0,120000.0,20000.0,2.0,0.0,0.606,2,100,0.0024752475247524753,9.882883333333334,1.8562874251497008,1.4970059880239521,0.0,12.0,120000.0,20000.0,1.0,0.0,0.591,0
156.0,3355,1.826923076923077,1.3221153846153846,0.0,12.0,120000.0,20000.0,2.0,2.0,0.635,2,84,0.0024752475247524753,9.591266666666666,1.8562874251497008,1.4970059880239521,25.0,12.0,120000.0,20000.0,5.0,2.0,0.592,0
79.0,1621,0.0,0.435126582278481,0.0,25.0,400000.0,0.0,0.0,1.0,0.919,1,100,0.0024752475247524753,-3.9509000000000003,1.8487961841960017,1.4909646646741945,0.0,25.0,400000.0,0.0,0.0,1.0,0.587,1
158.0,2006,1.8037974683544302,1.3251582278481011,0.0,12.0,120000.0,20000.0,3.0,2.0,0.625,2,8,0.0024752475247524753,9.632733333333334,1.8452380952380953,1.5066964285714286,12.5,12.0,120000.0,20000.0,4.0,2.0,0.588,0
157.0,4720,1.8152866242038217,1.3136942675159236,0.0,12.0,120000.0,0.0,0.0,1.0,0.63,2,100,0.0024752475247524753,9.591116666666666,1.8452380952380953,1.5066964285714286,0.0,12.0,120000.0,0.0,0.0,1.0,0.589,0
162.0,3358,1.8209876543209875,1.3888888888888888,0.0,12.0,120000.0,20000.0,3.0,2.0,0.609,0,0,0.0024752475247524753,9.779200000000001,1.8452380952380953,1.5066964285714286,12.5,12.0,120000.0,20000.0,4.0,2.0,0.589,0
162.0,2481,1.8209876543209875,1.3888888888888888,12.5,12.0,120000.0,20000.0,4.0,0.0,0.609,0,0,0.0024752475247524753,9.778332916666665,1.8451281563521125,1.506606659924608,25.0,12.0,120000.0,20000.0,4.0,0.0,0.585,0
82.0,1622,0.0,0.4954268292682927,0.0,25.0,400000.0,0.0,0.0,1.0,0.91,1,100,0.0024752475247524753,-3.951,1.8378355924845016,1.5006520462827078,0.0,25.0,400000.0,0.0,0.0,1.0,0.585,1
160.0,2480,1.8124999999999998,1.34765625,12.5,12.0,120000.0,20000.0,5.0,0.0,0.62,2,100,0.0024752475247524753,9.674299999999999,1.8343195266272188,1.5347633136094676,25.0,12.0,120000.0,20000.0,4.0,0.0,0.586,0
149.0,922,1.8120805369127517,1.153523489932886,37.5,25.0,400000.0,20000.0,4.0,1.0,0.663,0,0,0.0024752475247524753,9.628399799999999,1.8342108849055745,1.5346724137818821,25.0,25.0,400000.0,20000.0,3.0,1.0,0.582,0
129.0,3807,1.6666666666666667,1.1627906976744187,0.0,12.0,120000.0,0.0,0.0,2.0,0.749,3,100,0.0024752475247524753,-3.9509,1.8534863195057367,1.5261841718152396,0.0,12.0,120000.0,0.0,0.0,2.0,0.582,1
165.0,2925,1.7878787878787878,1.4962121212121213,12.5,12.0,120000.0,20000.0,2.0,0.0,0.6,2,100,0.0024752475247524753,9.840816666666665,1.852941176470588,1.5257352941176472,25.0,12.0,120000.0,20000.0,3.0,0.0,0.583,0
164.0,2009,1.7987804878048779,1.4672256097560978,12.5,12.0,120000.0,20000.0,4.0,2.0,0.603,0,0,0.0024752475247524753,9.778482916666666,1.8528320773582685,1.5256454605231773,0.0,12.0,120000.0,20000.0,3.0,2.0,0.578,0
164.0,2482,1.7987804878048779,1.4672256097560978,25.0,12.0,120000.0,20000.0,5.0,0.0,0.603,0,0,0.0024752475247524753,9.778232916666667,1.8528320773582685,1.5256454605231773,12.5,12.0,120000.0,20000.0,3.0,0.0,0.578,0
164.0,3359,1.7987804878048779,1.4672256097560978,12.5,12.0,120000.0,20000.0,4.0,2.0,0.603,0,0,0.0024752475247524753,9.778482916666666,1.8528320773582685,1.5256454605231773,0.0,12.0,120000.0,20000.0,3.0,2.0,0.578,0
129.0,2907,1.6666666666666667,1.1627906976744187,12.5,12.0,120000.0,20000.0,2.0,0.0,0.749,3,100,0.0024752475247524753,-3.9511,1.8718923661889437,1.517256507750804,25.0,12.0,120000.0,20000.0,3.0,0.0,0.578,1
165.0,3825,1.7878787878787878,1.4962121212121213,0.0,12.0,120000.0,0.0,0.0,2.0,0.6,2,100,0.0024752475247524753,9.79895,1.8713450292397662,1.516812865497076,0.0,12.0,120000.0,0.0,0.0,2.0,0.579,0
149.0,43,1.8120805369127517,1.153523489932886,12.5,8.0,80000.0,20000.0,2.0,1.0,0.663,1,100,0.0024752475247524753,-3.95105,1.8713450292397662,1.516812865497076,0.0,8.0,80000.0,20000.0,1.0,1.0,0.579,1
131.0,2467,1.6793893129770994,1.1450381679389314,12.5,12.0,120000.0,20000.0,6.0,0.0,0.74,3,100,0.0024752475247524753,-3.9513,1.9191625472521079,1.508432683919744,25.0,12.0,120000.0,20000.0,3.0,0.0,0.574,1
131.0,3808,1.6793893129770994,1.1450381679389314,0.0,12.0,120000.0,0.0,0.0,2.0,0.74,3,100,0.0024752475247524753,-3.9513,1.9191625472521079,1.508432683919744,0.0,12.0,120000.0,0.0,0.0,2.0,0.574,1
166.0,4272,1.8373493975903616,1.4871987951807228,0.0,12.0,120000.0,0.0,0.0,4.0,0.597,2,100,0.0024752475247524753,9.79875,1.9186046511627908,1.5261627906976745,0.0,12.0,120000.0,0.0,0.0,4.0,0.575,0
148.0,494,1.7905405405405406,1.119087837837838,0.0,8.0,80000.0,0.0,0.0,1.0,0.667,1,100,0.0024752475247524753,-3.95175,1.9184929993318414,1.5260739767412372,0.0,8.0,80000.0,0.0,0.0,1.0,0.57,1
131.0,2908,1.6793893129770994,1.1450381679389314,12.5,12.0,120000.0,20000.0,2.0,0.0,0.74,3,100,0.0024752475247524753,-3.9515,1.9369760046256141,1.5177797051170856,25.0,12.0,120000.0,20000.0,3.0,0.0,0.57,1
165.0,4724,1.7878787878787878,1.4962121212121213,0.0,12.0,120000.0,0.0,0.0,1.0,0.6,2,100,0.0024752475247524753,9.715216666666665,1.9364161849710984,1.6136801541425818,0.0,12.0,120000.0,0.0,0.0,1.0,0.571,0
167.0,2926,1.8562874251497008,1.4970059880239521,0.0,12.0,120000.0,20000.0,1.0,0.0,0.592,0,0,0.0024752475247524753,9.7783,1.9364161849710984,1.6136801541425818,12.5,12.0,120000.0,20000.0,2.0,0.0,0.571,0
131.0,4707,1.6793893129770994,1.1450381679389314,0.0,12.0,120000.0,0.0,0.0,1.0,0.74,3,100,0.0024752475247524753,-3.9516999999999998,1.9833285426846794,1.6048672990322888,0.0,12.0,120000.0,0.0,0.0,1.0,0.566,1
133.0,2468,1.6541353383458646,1.1513157894736843,12.5,12.0,120000.0,20000.0,7.0,0.0,0.732,3,100,0.0024752475247524753,-3.9516999999999998,1.9833285426846794,1.6048672990322888,12.5,12.0,120000.0,20000.0,2.0,0.0,0.566,1
88.0,1624,0.0,0.6392045454545454,0.0,25.0,400000.0,0.0,0.0,1.0,0.885,1,100,0.0024752475247524753,-3.952,1.9750776496530171,1.5981908517723689,0.0,25.0,400000.0,0.0,0.0,1.0,0.56,1
168.0,4273,1.8452380952380953,1.5066964285714286,0.0,12.0,120000.0,0.0,0.0,4.0,0.589,2,100,0.0024752475247524753,9.756383333333334,1.9714285714285715,1.5952380952380953,0.0,12.0,120000.0,0.0,0.0,4.0,0.561,0
150.0,495,1.8333333333333333,1.1874999999999998,0.0,8.0,80000.0,0.0,0.0,1.0,0.656,1,100,0.0024752475247524753,-3.9521,1.9713158121641157,1.5951468528381127,0.0,8.0,80000.0,0.0,0.0,1.0,0.558,1
169.0,2927,1.8343195266272188,1.5347633136094676,12.5,12.0,120000.0,20000.0,2.0,0.0,0.586,0,0,0.0024752475247524753,9.777482916666667,1.9713158121641157,1.5951468528381127,0.0,12.0,120000.0,20000.0,1.0,0.0,0.558,0
155.0,924,1.8387096774193548,1.2903225806451613,37.5,25.0,400000.0,20000.0,4.0,1.0,0.636,0,0,0.0024752475247524753,9.6271998,1.9713158121641157,1.5951468528381127,25.0,25.0,400000.0,20000.0,3.0,1.0,0.558,0
170.0,2012,1.852941176470588,1.5257352941176472,12.5,12.0,120000.0,20000.0,4.0,2.0,0.583,1,100,0.0024752475247524753,9.7979,1.960227272727273,1.639441287878788,0.0,12.0,120000.0,20000.0,3.0,2.0,0.558,0
168.0,2484,1.8452380952380953,1.5066964285714286,25.0,12.0,120000.0,20000.0,5.0,0.0,0.589,2,100,0.0024752475247524753,9.719616666666667,1.960227272727273,1.639441287878788,0.0,12.0,120000.0,20000.0,1.0,0.0,0.559,0
133.0,4708,1.6541353383458646,1.1513157894736843,0.0,12.0,120000.0,0.0,0.0,1.0,0.732,3,100,0.0024752475247524753,-3.95235,2.0062164453235374,1.6306395403598,0.0,12.0,120000.0,0.0,0.0,1.0,0.553,1
136.0,4257,1.6544117647058825,1.1259191176470589,0.0,12.0,120000.0,0.0,0.0,4.0,0.72,3,100,0.0024752475247524753,-3.95235,2.0062164453235374,1.6306395403598,0.0,12.0,120000.0,0.0,0.0,4.0,0.553,1
172.0,3363,1.9186046511627908,1.5261627906976745,0.0,12.0,120000.0,20000.0,3.0,2.0,0.575,2,100,0.0024752475247524753,9.839366666666665,2.005649717514124,1.6654896421845575,0.0,12.0,120000.0,20000.0,3.0,2.0,0.554,0
173.0,4728,1.9364161849710984,1.6136801541425818,0.0,12.0,120000.0,0.0,0.0,1.0,0.571,1,100,0.0024752475247524753,9.880583333333332,2.005649717514124,1.6654896421845575,0.0,12.0,120000.0,0.0,0.0,1.0,0.555,0
137.0,2470,1.6788321167883213,1.1177007299270072,12.5,12.0,120000.0,20000.0,7.0,0.0,0.717,3,100,0.0024752475247524753,-3.95235,2.0511379601011517,1.6565982954013296,0.0,12.0,120000.0,20000.0,1.0,0.0,0.553,1
137.0,3811,1.6788321167883213,1.1177007299270072,0.0,12.0,120000.0,0.0,0.0,2.0,0.717,3,100,0.0024752475247524753,-3.95235,2.0511379601011517,1.6565982954013296,0.0,12.0,120000.0,0.0,0.0,2.0,0.553,1
173.0,3829,1.9364161849710984,1.6136801541425818,0.0,12.0,120000.0,0.0,0.0,2.0,0.571,1,100,0.0024752475247524753,9.839116666666666,2.050561797752809,1.673689138576779,0.0,12.0,120000.0,0.0,0.0,2.0,0.554,0
155.0,4719,1.8387096774193548,1.2903225806451613,0.0,12.0,120000.0,0.0,0.0,1.0,0.636,2,100,0.0024752475247524753,-3.9106333333333336,2.050561797752809,1.673689138576779,0.0,12.0,120000.0,0.0,0.0,1.0,0.554,1
158.0,925,1.8037974683544302,1.3251582278481011,50.0,25.0,400000.0,20000.0,5.0,1.0,0.625,0,0,0.0024752475247524753,9.6268998,2.0504464889362124,1.6735950223623193,12.5,25.0,400000.0,20000.0,2.0,1.0,0.547,0
137.0,2911,1.6788321167883213,1.1177007299270072,12.5,12.0,120000.0,20000.0,2.0,0.0,0.717,3,100,0.0024752475247524753,-3.9527,2.067616652696284,1.6648039489615347,0.0,12.0,120000.0,20000.0,1.0,0.0,0.546,1
169.0,4726,1.8343195266272188,1.5347633136094676,0.0,12.0,120000.0,0.0,0.0,1.0,0.586,2,100,0.0024752475247524753,9.630683333333334,2.067039106145251,1.7167132216014898,0.0,12.0,120000.0,0.0,0.0,1.0,0.547,0
175.0,4729,1.9714285714285715,1.5952380952380953,0.0,12.0,120000.0,0.0,0.0,1.0,0.561,1,100,0.0024752475247524753,9.880733333333334,2.067039106145251,1.7167132216014898,0.0,12.0,120000.0,0.0,0.0,1.0,0.548,0
160.0,3357,1.8124999999999998,1.34765625,0.0,12.0,120000.0,20000.0,3.0,2.0,0.62,2,100,0.0024752475247524753,-3.7442666666666664,2.067039106145251,1.7167132216014898,0.0,12.0,120000.0,20000.0,3.0,2.0,0.548,1
91.0,1625,0.054945054945054944,0.7554945054945055,0.0,25.0,400000.0,0.0,0.0,1.0,0.873,2,100,0.0024752475247524753,-3.95275,2.0870822354739684,1.710247942957835,0.0,25.0,400000.0,0.0,0.0,1.0,0.545,1
139.0,2471,1.7266187050359711,1.1016187050359711,12.5,12.0,120000.0,20000.0,7.0,0.0,0.708,3,100,0.0024752475247524753,-3.95275,2.083912197832731,1.7076502732240435,0.0,12.0,120000.0,20000.0,1.0,0.0,0.545,1
168.0,3361,1.8452380952380953,1.5066964285714286,12.5,12.0,120000.0,20000.0,4.0,2.0,0.589,2,100,0.0024752475247524753,9.5473,2.083333333333333,1.7245370370370368,0.0,12.0,120000.0,20000.0,3.0,2.0,0.546,0
176.0,2015,1.960227272727273,1.639441287878788,0.0,12.0,120000.0,20000.0,3.0,2.0,0.559,1,100,0.0024752475247524753,9.880683333333334,2.083333333333333,1.7245370370370368,0.0,12.0,120000.0,20000.0,3.0,2.0,0.547,0
160.0,4269,1.8124999999999998,1.34765625,0.0,12.0,120000.0,0.0,0.0,4.0,0.62,2,100,0.0024752475247524753,-3.7866504166666664,2.0832174832944013,1.7244411389492544,0.0,12.0,120000.0,0.0,0.0,4.0,0.542,1
140.0,4259,1.7500000000000002,1.0937500000000002,0.0,12.0,120000.0,0.0,0.0,4.0,0.702,3,2,0.0024752475247524753,-3.9529,2.1276595744680846,1.7154830984618212,0.0,12.0,120000.0,0.0,0.0,4.0,0.542,1
139.0,2912,1.7266187050359711,1.1016187050359711,12.5,12.0,120000.0,20000.0,2.0,0.0,0.708,3,100,0.0024752475247524753,-3.9529,2.1276595744680846,1.7154830984618212,0.0,12.0,120000.0,20000.0,1.0,0.0,0.542,1
172.0,4275,1.9186046511627908,1.5261627906976745,0.0,12.0,120000.0,0.0,0.0,4.0,0.575,2,100,0.0024752475247524753,9.67215,2.1270718232044197,1.7495395948434624,0.0,12.0,120000.0,0.0,0.0,4.0,0.543,0
141.0,2472,1.7375886524822697,1.1081560283687943,12.5,12.0,120000.0,20000.0,7.0,0.0,0.699,3,100,0.0024752475247524753,-3.95305,2.143446001648804,1.7404048731336446,0.0,12.0,120000.0,20000.0,1.0,0.0,0.539,1
178.0,2016,2.050561797752809,1.673689138576779,0.0,12.0,120000.0,20000.0,3.0,2.0,0.554,2,100,0.0024752475247524753,9.880333333333333,2.142857142857143,1.73992673992674,0.0,12.0,120000.0,20000.0,3.0,2.0,0.54,0
174.0,2487,1.9827586206896552,1.6044061302681993,12.5,12.0,120000.0,20000.0,2.0,0.0,0.566,2,100,0.0024752475247524753,9.713716666666665,2.142857142857143,1.73992673992674,0.0,12.0,120000.0,20000.0,1.0,0.0,0.541,0
157.0,47,1.8152866242038217,1.3136942675159236,25.0,8.0,80000.0,20000.0,3.0,1.0,0.63,1,100,0.0024752475247524753,-3.94795,2.142857142857143,1.73992673992674,0.0,8.0,80000.0,20000.0,1.0,1.0,0.541,1
142.0,4260,1.7605633802816902,1.1003521126760563,0.0,12.0,120000.0,0.0,0.0,4.0,0.693,3,100,0.0024752475247524753,-3.95325,2.186389723968297,1.730891864808235,0.0,12.0,120000.0,0.0,0.0,4.0,0.535,1
141.0,2913,1.7375886524822697,1.1081560283687943,0.0,12.0,120000.0,20000.0,1.0,0.0,0.699,3,100,0.0024752475247524753,-3.95325,2.186389723968297,1.730891864808235,0.0,12.0,120000.0,20000.0,1.0,0.0,0.535,1
176.0,4277,1.960227272727273,1.639441287878788,0.0,12.0,120000.0,0.0,0.0,4.0,0.559,2,46,0.0024752475247524753,9.755133333333333,2.185792349726776,1.7474954462659382,0.0,12.0,120000.0,0.0,0.0,4.0,0.536,0
174.0,2014,1.9827586206896552,1.6044061302681993,0.0,12.0,120000.0,20000.0,3.0,2.0,0.566,2,50,0.0024752475247524753,9.67185,2.185792349726776,1.7474954462659382,0.0,12.0,120000.0,20000.0,3.0,2.0,0.537,0
162.0,4270,1.8209876543209875,1.3888888888888888,0.0,12.0,120000.0,0.0,0.0,4.0,0.609,2,41,0.0024752475247524753,-3.82815,2.185792349726776,1.7474954462659382,0.0,12.0,120000.0,0.0,0.0,4.0,0.537,1
164.0,4271,1.7987804878048779,1.4672256097560978,0.0,12.0,120000.0,0.0,0.0,4.0,0.603,2,100,0.0024752475247524753,-3.7448166666666665,2.185792349726776,1.7474954462659382,0.0,12.0,120000.0,0.0,0.0,4.0,0.537,1
143.0,2473,1.7832167832167831,1.0926573426573427,12.5,12.0,120000.0,20000.0,7.0,0.0,0.689,3,100,0.0024752475247524753,-3.9532,2.2016852405544984,1.7384705988946267,0.0,12.0,120000.0,20000.0,1.0,0.0,0.536,1
56.0,450,0.0,0.16741071428571427,0.0,8.0,80000.0,0.0,0.0,0.0,0.981,2,100,0.0024752475247524753,-3.95355,2.185251798561151,1.770458633093525,0.0,8.0,80000.0,0.0,0.0,1.0,0.529,1
182.0,2018,2.142857142857143,1.73992673992674,0.0,12.0,120000.0,20000.0,3.0,2.0,0.541,2,100,0.0024752475247524753,9.879833333333334,2.1774193548387095,1.7809139784946237,0.0,12.0,120000.0,20000.0,3.0,2.0,0.53,0
100.0,1628,0.4,0.875,0.0,25.0,400000.0,0.0,0.0,1.0,0.846,1,100,0.0024752475247524753,-3.95385,2.1695265162834216,1.7744584160960084,0.0,25.0,400000.0,0.0,0.0,1.0,0.523,1
178.0,2489,2.050561797752809,1.673689138576779,0.0,12.0,120000.0,20000.0,1.0,0.0,0.554,2,100,0.0024752475247524753,9.671199999999999,2.1657754010695185,1.7713903743315507,0.0,12.0,120000.0,20000.0,1.0,0.0,0.524,0
169.0,3827,1.8343195266272188,1.5347633136094676,0.0,12.0,120000.0,0.0,0.0,2.0,0.586,2,100,0.0024752475247524753,-3.704317083333333,2.1656594745917612,1.7712955579222738,0.0,12.0,120000.0,0.0,0.0,2.0,0.522,1
147.0,2916,1.7687074829931975,1.126700680272109,12.5,12.0,120000.0,20000.0,2.0,0.0,0.671,3,100,0.0024752475247524753,-3.9539,2.20803405160947,1.76243681830274,0.0,12.0,120000.0,20000.0,1.0,0.0,0.522,1
147.0,4715,1.7687074829931975,1.126700680272109,0.0,12.0,120000.0,0.0,0.0,1.0,0.671,3,100,0.0024752475247524753,-3.9539,2.20803405160947,1.76243681830274,0.0,12.0,120000.0,0.0,0.0,1.0,0.522,1
147.0,2475,1.7687074829931975,1.126700680272109,12.5,12.0,120000.0,20000.0,6.0,0.0,0.671,3,100,0.0024752475247524753,-3.9542,2.222810267266472,1.7972126664902528,0.0,12.0,120000.0,20000.0,1.0,0.0,0.516,1
180.0,2017,2.083333333333333,1.7245370370370368,0.0,12.0,120000.0,20000.0,3.0,2.0,0.547,2,100,0.0024752475247524753,9.67085,2.2222222222222223,1.8132716049382713,0.0,12.0,120000.0,20000.0,3.0,2.0,0.517,0
185.0,50,2.189189189189189,1.7736486486486485,0.0,8.0,80000.0,20000.0,1.0,1.0,0.53,0,0,0.0024752475247524753,9.77585,2.2222222222222223,1.8132716049382713,0.0,8.0,80000.0,20000.0,2.0,1.0,0.517,0
60.0,452,0.0,0.26041666666666663,0.0,8.0,80000.0,0.0,0.0,0.0,0.971,2,98,0.0024752475247524753,-3.9542,2.244718309859155,1.8100792253521125,0.0,8.0,80000.0,0.0,0.0,1.0,0.516,1
147.0,3816,1.7687074829931975,1.126700680272109,0.0,12.0,120000.0,0.0,0.0,2.0,0.671,3,100,0.0024752475247524753,-3.9542,2.237430902869176,1.8042028604018596,0.0,12.0,120000.0,0.0,0.0,2.0,0.516,1
170.0,929,1.852941176470588,1.5257352941176472,25.0,25.0,400000.0,20000.0,3.0,1.0,0.583,0,0,0.0024752475247524753,9.6246498,2.2367242652110804,1.8145973818256558,37.5,25.0,400000.0,20000.0,4.0,1.0,0.512,0
149.0,2917,1.8120805369127517,1.153523489932886,12.5,12.0,120000.0,20000.0,2.0,0.0,0.663,3,71,0.0024752475247524753,-3.9545,2.2518984027232256,1.8056646591603385,0.0,12.0,120000.0,20000.0,1.0,0.0,0.51,1
180.0,2490,2.083333333333333,1.7245370370370368,0.0,12.0,120000.0,20000.0,1.0,0.0,0.547,2,100,0.0024752475247524753,9.587216666666666,2.2513089005235605,1.8215532286212914,12.5,12.0,120000.0,20000.0,3.0,0.0,0.511,0
62.0,453,0.0,0.3024193548387097,0.0,8.0,80000.0,0.0,0.0,0.0,0.967,2,100,0.0024752475247524753,-3.9546,2.27340022611709,1.8182846636089753,0.0,8.0,80000.0,0.0,0.0,1.0,0.508,1
149.0,4716,1.8120805369127517,1.153523489932886,0.0,12.0,120000.0,0.0,0.0,1.0,0.663,3,100,0.0024752475247524753,-3.9546,2.266215160197968,1.8125379873230871,0.0,12.0,120000.0,0.0,0.0,1.0,0.508,1
182.0,2491,2.142857142857143,1.73992673992674,0.0,12.0,120000.0,20000.0,1.0,0.0,0.541,2,100,0.0024752475247524753,9.628783333333333,2.265625,1.828342013888889,12.5,12.0,120000.0,20000.0,3.0,0.0,0.509,0
182.0,4730,2.142857142857143,1.73992673992674,0.0,12.0,120000.0,0.0,0.0,1.0,0.541,2,100,0.0024752475247524753,9.628833333333333,2.265625,1.828342013888889,0.0,12.0,120000.0,0.0,0.0,1.0,0.51,0
106.0,1280,0.5188679245283019,0.9728773584905661,0.0,25.0,400000.0,0.0,0.0,4.0,0.826,1,100,0.0024752475247524753,-3.95495,2.2576681699391985,1.8219209130017,0.0,25.0,400000.0,0.0,0.0,4.0,0.506,1
189.0,52,2.2222222222222223,1.8132716049382713,0.0,8.0,80000.0,20000.0,1.0,1.0,0.517,0,0,0.0024752475247524753,9.774474375,2.2537691179851245,1.8187744079525547,0.0,8.0,80000.0,20000.0,1.0,1.0,0.502,0
190.0,2022,2.236842105263158,1.8146929824561402,0.0,12.0,120000.0,20000.0,3.0,2.0,0.516,1,100,0.0024752475247524753,9.878433333333334,2.2422680412371134,1.8256013745704465,12.5,12.0,120000.0,20000.0,4.0,2.0,0.502,0
174.0,3364,1.9827586206896552,1.6044061302681993,0.0,12.0,120000.0,20000.0,3.0,2.0,0.566,2,100,0.0024752475247524753,-3.7882333333333333,2.2422680412371134,1.8256013745704465,12.5,12.0,120000.0,20000.0,4.0,2.0,0.502,1
154.0,4266,1.8181818181818181,1.2784090909090908,0.0,12.0,120000.0,0.0,0.0,4.0,0.641,3,100,0.0024752475247524753,-3.95515,2.2569889715311615,1.8167051380695902,0.0,12.0,120000.0,0.0,0.0,4.0,0.497,1
184.0,4731,2.2010869565217392,1.7663043478260871,0.0,12.0,120000.0,0.0,0.0,1.0,0.536,2,15,0.0024752475247524753,9.586566666666666,2.2564102564102564,1.8322649572649574,0.0,12.0,120000.0,0.0,0.0,1.0,0.498,0
155.0,3820,1.8387096774193548,1.2903225806451613,0.0,12.0,120000.0,0.0,0.0,2.0,0.636,3,100,0.0024752475247524753,-3.9552,2.2709874968104105,1.823381815088883,0.0,12.0,120000.0,0.0,0.0,2.0,0.496,1
190.0,2495,2.236842105263158,1.8146929824561402,0.0,12.0,120000.0,20000.0,2.0,0.0,0.516,0,0,0.0024752475247524753,9.774550000000001,2.2704081632653064,1.8229166666666665,12.5,12.0,120000.0,20000.0,3.0,0.0,0.496,0
190.0,3372,2.236842105263158,1.8146929824561402,0.0,12.0,120000.0,20000.0,3.0,2.0,0.516,0,0,0.0024752475247524753,9.774550000000001,2.2704081632653064,1.8229166666666665,12.5,12.0,120000.0,20000.0,4.0,2.0,0.496,0
110.0,1265,0.6818181818181818,1.0227272727272727,0.0,25.0,400000.0,0.0,0.0,4.0,0.812,1,100,0.0024752475247524753,-3.9558000000000004,2.2625967020695543,1.8166448239931112,0.0,25.0,400000.0,0.0,0.0,4.0,0.489,1
190.0,4734,2.236842105263158,1.8146929824561402,0.0,12.0,120000.0,0.0,0.0,1.0,0.516,2,100,0.0024752475247524753,9.752833333333333,2.2588832487309642,1.8136632825719121,0.0,12.0,120000.0,0.0,0.0,1.0,0.49,0
155.0,2920,1.8387096774193548,1.2903225806451613,0.0,12.0,120000.0,20000.0,1.0,0.0,0.636,3,100,0.0024752475247524753,-3.9556999999999998,2.2733013387218994,1.8049591647722485,12.5,12.0,120000.0,20000.0,2.0,0.0,0.486,1
188.0,2494,2.2074468085106385,1.8062943262411348,0.0,12.0,120000.0,20000.0,1.0,0.0,0.522,2,100,0.0024752475247524753,9.627683333333334,2.272727272727273,1.8045033670033672,12.5,12.0,120000.0,20000.0,3.0,0.0,0.487,0
192.0,2023,2.265625,1.828342013888889,0.0,12.0,120000.0,20000.0,3.0,2.0,0.51,1,13,0.0024752475247524753,9.79435,2.272727272727273,1.8045033670033672,0.0,12.0,120000.0,20000.0,5.0,2.0,0.487,0
192.0,2496,2.265625,1.828342013888889,12.5,12.0,120000.0,20000.0,3.0,0.0,0.51,0,0,0.0024752475247524753,9.773432916666668,2.2726123795458624,1.8044121439449787,12.5,12.0,120000.0,20000.0,4.0,0.0,0.482,0
112.0,1632,0.7589285714285714,1.0323660714285714,0.0,25.0,400000.0,0.0,0.0,1.0,0.807,1,100,0.0024752475247524753,-3.9561500000000005,2.264986547741563,1.7983573747114723,0.0,25.0,400000.0,0.0,0.0,1.0,0.482,1
194.0,3374,2.2422680412371134,1.8256013745704465,12.5,12.0,120000.0,20000.0,4.0,2.0,0.502,1,100,0.0024752475247524753,9.835566666666667,2.261306532663317,1.8111390284757118,25.0,12.0,120000.0,20000.0,5.0,2.0,0.483,0
194.0,4736,2.2422680412371134,1.8256013745704465,0.0,12.0,120000.0,0.0,0.0,1.0,0.502,1,100,0.0024752475247524753,9.835866666666666,2.261306532663317,1.8111390284757118,0.0,12.0,120000.0,0.0,0.0,1.0,0.484,0
158.0,3356,1.8037974683544302,1.3251582278481011,0.0,12.0,120000.0,20000.0,3.0,2.0,0.625,3,60,0.0024752475247524753,-3.95605,2.2755688922230557,1.8025339668250393,25.0,12.0,120000.0,20000.0,5.0,2.0,0.479,1
196.0,2025,2.2704081632653064,1.8229166666666665,12.5,12.0,120000.0,20000.0,4.0,2.0,0.496,1,100,0.0024752475247524753,9.835116666666666,2.263681592039801,1.839759535655058,25.0,12.0,120000.0,20000.0,5.0,2.0,0.474,0
195.0,3381,2.2564102564102564,1.8322649572649574,12.5,12.0,120000.0,20000.0,4.0,2.0,0.498,0,0,0.0024752475247524753,9.772782916666667,2.2635688640580636,1.8396679183622082,12.5,12.0,120000.0,20000.0,4.0,2.0,0.469,0
115.0,1283,0.9565217391304347,1.0869565217391304,0.0,25.0,400000.0,0.0,0.0,4.0,0.797,1,100,0.0024752475247524753,-3.9568000000000003,2.280878521021511,1.8335866733755348,0.0,25.0,400000.0,0.0,0.0,4.0,0.469,1
161.0,2923,1.8012422360248446,1.358695652173913,25.0,12.0,120000.0,20000.0,3.0,0.0,0.615,3,100,0.0024752475247524753,-3.95155,2.2777915325575635,1.8311050590080051,12.5,12.0,120000.0,20000.0,2.0,0.0,0.469,1
192.0,4735,2.265625,1.828342013888889,0.0,12.0,120000.0,0.0,0.0,1.0,0.51,2,100,0.0024752475247524753,9.626833333333334,2.277227722772277,1.8615924092409242,0.0,12.0,120000.0,0.0,0.0,1.0,0.47,0
184.0,3369,2.2010869565217392,1.7663043478260871,0.0,12.0,120000.0,20000.0,3.0,2.0,0.536,2,15,0.0024752475247524753,-3.7065,2.277227722772277,1.8615924092409242,12.5,12.0,120000.0,20000.0,4.0,2.0,0.47,1
115.0,1633,0.9565217391304347,1.0869565217391304,0.0,25.0,400000.0,0.0,0.0,1.0,0.797,1,100,0.0024752475247524753,-3.95685,2.26962474205427,1.855377110239111,0.0,25.0,400000.0,0.0,0.0,1.0,0.463,1
199.0,3383,2.261306532663317,1.8111390284757118,25.0,12.0,120000.0,20000.0,5.0,2.0,0.484,1,100,0.0024752475247524753,9.881533333333334,2.2660098522167487,1.8524220032840724,12.5,12.0,120000.0,20000.0,4.0,2.0,0.464,0
197.0,2930,2.2588832487309642,1.8136632825719121,0.0,12.0,120000.0,20000.0,1.0,0.0,0.49,0,0,0.0024752475247524753,9.7732,2.2660098522167487,1.8524220032840724,0.0,12.0,120000.0,20000.0,1.0,0.0,0.464,0
188.0,2021,2.2074468085106385,1.8062943262411348,0.0,12.0,120000.0,20000.0,3.0,2.0,0.522,2,100,0.0024752475247524753,-3.5823170833333333,2.2658981199991075,1.8523306642202848,37.5,12.0,120000.0,20000.0,6.0,2.0,0.462,1
197.0,3382,2.2588832487309642,1.8136632825719121,12.5,12.0,120000.0,20000.0,4.0,2.0,0.49,0,0,0.0024752475247524753,9.772432916666666,2.2658981199991075,1.8523306642202848,12.5,12.0,120000.0,20000.0,4.0,2.0,0.462,0
163.0,4723,1.8098159509202454,1.3995398773006134,0.0,12.0,120000.0,0.0,0.0,1.0,0.606,3,100,0.0024752475247524753,-3.95695,2.279970581024761,1.8437934134183216,0.0,12.0,120000.0,0.0,0.0,1.0,0.461,1
194.0,2497,2.2422680412371134,1.8256013745704465,25.0,12.0,120000.0,20000.0,4.0,0.0,0.502,2,100,0.0024752475247524753,9.631433333333334,2.2794117647058822,1.843341503267974,25.0,12.0,120000.0,20000.0,6.0,0.0,0.462,0
198.0,2026,2.272727272727273,1.8045033670033672,0.0,12.0,120000.0,20000.0,3.0,2.0,0.487,0,0,0.0024752475247524753,9.771882916666666,2.279299922587132,1.8432510574685366,25.0,12.0,120000.0,20000.0,5.0,2.0,0.456,0
198.0,2499,2.272727272727273,1.8045033670033672,12.5,12.0,120000.0,20000.0,4.0,0.0,0.487,0,0,0.0024752475247524753,9.771882916666666,2.279299922587132,1.8432510574685366,25.0,12.0,120000.0,20000.0,6.0,0.0,0.456,0
163.0,3824,1.8098159509202454,1.3995398773006134,0.0,12.0,120000.0,0.0,0.0,2.0,0.606,3,100,0.0024752475247524753,-3.95725,2.293242254208343,1.8347971049849554,0.0,12.0,120000.0,0.0,0.0,2.0,0.455,1
198.0,4738,2.272727272727273,1.8045033670033672,0.0,12.0,120000.0,0.0,0.0,1.0,0.487,1,100,0.0024752475247524753,9.751133333333334,2.292682926829268,1.834349593495935,0.0,12.0,120000.0,0.0,0.0,1.0,0.456,0
201.0,2932,2.263681592039801,1.839759535655058,12.5,12.0,120000.0,20000.0,2.0,0.0,0.474,2,100,0.0024752475247524753,9.876183333333334,2.292682926829268,1.834349593495935,0.0,12.0,120000.0,20000.0,1.0,0.0,0.457,0
185.0,934,2.189189189189189,1.7736486486486485,12.5,25.0,400000.0,20000.0,2.0,1.0,0.53,0,0,0.0024752475247524753,9.6210998,2.292570982265695,1.8342600279209131,62.5,25.0,400000.0,20000.0,6.0,1.0,0.451,0
119.0,1268,1.050420168067227,1.129201680672269,0.0,25.0,400000.0,0.0,0.0,4.0,0.782,1,100,0.0024752475247524753,-3.9575,2.28513999553636,1.8283145797620257,0.0,25.0,400000.0,0.0,0.0,4.0,0.45,1
196.0,2498,2.2704081632653064,1.8229166666666665,12.5,12.0,120000.0,20000.0,3.0,0.0,0.496,2,100,0.0024752475247524753,9.625883333333334,2.2815533980582523,1.8507281553398056,25.0,12.0,120000.0,20000.0,6.0,0.0,0.451,0
202.0,4740,2.277227722772277,1.8615924092409242,0.0,12.0,120000.0,0.0,0.0,1.0,0.47,1,100,0.0024752475247524753,9.875683333333335,2.2815533980582523,1.8507281553398056,0.0,12.0,120000.0,0.0,0.0,1.0,0.452,0
198.0,3376,2.272727272727273,1.8045033670033672,25.0,12.0,120000.0,20000.0,5.0,2.0,0.487,1,100,0.0024752475247524753,9.714066666666668,2.2815533980582523,1.8507281553398056,25.0,12.0,120000.0,20000.0,5.0,2.0,0.453,0
166.0,3360,1.8373493975903616,1.4871987951807228,25.0,12.0,120000.0,20000.0,5.0,2.0,0.597,3,68,0.0024752475247524753,-3.9526,2.3194008214544573,1.8422324232906497,25.0,12.0,120000.0,20000.0,5.0,2.0,0.448,1
166.0,2010,1.8373493975903616,1.4871987951807228,12.5,12.0,120000.0,20000.0,4.0,2.0,0.597,3,100,0.0024752475247524753,-3.9576,2.3194008214544573,1.8422324232906497,12.5,12.0,120000.0,20000.0,4.0,2.0,0.448,1
202.0,3378,2.277227722772277,1.8615924092409242,12.5,12.0,120000.0,20000.0,4.0,2.0,0.47,1,100,0.0024752475247524753,9.834116666666665,2.318840579710145,1.8870772946859904,25.0,12.0,120000.0,20000.0,5.0,2.0,0.449,0
202.0,4280,2.277227722772277,1.8615924092409242,0.0,12.0,120000.0,0.0,0.0,4.0,0.47,1,100,0.0024752475247524753,9.834166666666667,2.318840579710145,1.8870772946859904,0.0,12.0,120000.0,0.0,0.0,4.0,0.45,0
80.0,462,0.0,0.4296875,0.0,8.0,80000.0,0.0,0.0,1.0,0.919,2,100,0.0024752475247524753,-3.95775,2.363344051446945,1.8840434083601285,0.0,8.0,80000.0,0.0,0.0,1.0,0.445,1
166.0,2483,1.8373493975903616,1.4871987951807228,25.0,12.0,120000.0,20000.0,5.0,0.0,0.597,3,100,0.0024752475247524753,-3.95275,2.356335657610002,1.878456359701851,25.0,12.0,120000.0,20000.0,6.0,0.0,0.445,1
167.0,3826,1.8562874251497008,1.4970059880239521,0.0,12.0,120000.0,0.0,0.0,2.0,0.592,3,100,0.0024752475247524753,-3.95775,2.356335657610002,1.878456359701851,0.0,12.0,120000.0,0.0,0.0,2.0,0.445,1
204.0,4741,2.2794117647058822,1.843341503267974,0.0,12.0,120000.0,0.0,0.0,1.0,0.462,1,100,0.0024752475247524753,9.875633333333333,2.355769230769231,1.8930288461538458,0.0,12.0,120000.0,0.0,0.0,1.0,0.446,0
202.0,2028,2.277227722772277,1.8615924092409242,25.0,12.0,120000.0,20000.0,5.0,2.0,0.47,0,0,0.0024752475247524753,9.771682916666666,2.3556558648307355,1.8929377485246985,0.0,12.0,120000.0,20000.0,3.0,2.0,0.442,0
202.0,2501,2.277227722772277,1.8615924092409242,12.5,12.0,120000.0,20000.0,5.0,0.0,0.47,0,0,0.0024752475247524753,9.771432916666667,2.3556558648307355,1.8929377485246985,12.5,12.0,120000.0,20000.0,6.0,0.0,0.442,0
188.0,935,2.2074468085106385,1.8062943262411348,25.0,25.0,400000.0,20000.0,3.0,1.0,0.522,0,0,0.0024752475247524753,9.620649799999999,2.3556558648307355,1.8929377485246985,62.5,25.0,400000.0,20000.0,6.0,1.0,0.442,0
167.0,4725,1.8562874251497008,1.4970059880239521,0.0,12.0,120000.0,0.0,0.0,1.0,0.592,3,100,0.0024752475247524753,-3.95795,2.3689877961234744,1.8844221105527634,0.0,12.0,120000.0,0.0,0.0,1.0,0.441,1
205.0,2934,2.292682926829268,1.834349593495935,0.0,12.0,120000.0,20000.0,1.0,0.0,0.457,2,100,0.0024752475247524753,9.875433333333334,2.368421052631579,1.8989234449760763,0.0,12.0,120000.0,20000.0,1.0,0.0,0.442,0
186.0,4732,2.1774193548387095,1.7809139784946237,0.0,12.0,120000.0,0.0,0.0,1.0,0.53,2,100,0.0024752475247524753,-3.9162333333333335,2.368421052631579,1.8989234449760763,0.0,12.0,120000.0,0.0,0.0,1.0,0.442,1
194.0,2024,2.2422680412371134,1.8256013745704465,12.5,12.0,120000.0,20000.0,4.0,2.0,0.502,2,100,0.0024752475247524753,-3.5834170833333334,2.3683076231612064,1.898832500893139,0.0,12.0,120000.0,20000.0,3.0,2.0,0.44,1
203.0,3385,2.2660098522167487,1.8524220032840724,12.5,12.0,120000.0,20000.0,4.0,2.0,0.464,0,0,0.0024752475247524753,9.771332916666667,2.3683076231612064,1.898832500893139,12.5,12.0,120000.0,20000.0,4.0,2.0,0.44,0
192.0,3373,2.265625,1.828342013888889,12.5,12.0,120000.0,20000.0,4.0,2.0,0.51,2,100,0.0024752475247524753,-3.7086170833333334,2.3570305053554352,1.9046711154387357,0.0,12.0,120000.0,20000.0,3.0,2.0,0.436,1
204.0,2502,2.2794117647058822,1.843341503267974,25.0,12.0,120000.0,20000.0,6.0,0.0,0.462,0,0,0.0024752475247524753,9.771132916666668,2.3570305053554352,1.9046711154387357,12.5,12.0,120000.0,20000.0,5.0,0.0,0.436,0
204.0,3379,2.2794117647058822,1.843341503267974,12.5,12.0,120000.0,20000.0,4.0,2.0,0.462,0,0,0.0024752475247524753,9.771382916666667,2.3570305053554352,1.9046711154387357,0.0,12.0,120000.0,20000.0,3.0,2.0,0.436,0
190.0,940,2.236842105263158,1.8146929824561402,37.5,25.0,400000.0,20000.0,4.0,1.0,0.516,1,100,0.0024752475247524753,9.6580998,2.3570305053554352,1.9046711154387357,50.0,25.0,400000.0,20000.0,5.0,1.0,0.436,0
168.0,2011,1.8452380952380953,1.5066964285714286,12.5,12.0,120000.0,20000.0,4.0,2.0,0.589,3,100,0.0024752475247524753,-3.9582,2.3939322114245076,1.8961839298411944,0.0,12.0,120000.0,20000.0,3.0,2.0,0.436,1
170.0,3362,1.852941176470588,1.5257352941176472,12.5,12.0,120000.0,20000.0,4.0,2.0,0.583,3,100,0.0024752475247524753,-3.9582,2.3939322114245076,1.8961839298411944,0.0,12.0,120000.0,20000.0,3.0,2.0,0.436,1
200.0,4739,2.275,1.8177083333333335,0.0,12.0,120000.0,0.0,0.0,1.0,0.479,2,100,0.0024752475247524753,9.583516666666666,2.3933649289099526,1.8957345971563981,0.0,12.0,120000.0,0.0,0.0,1.0,0.437,0
193.0,3380,2.2538860103626943,1.8188687392055267,12.5,12.0,120000.0,20000.0,4.0,2.0,0.506,2,100,0.0024752475247524753,-3.7086170833333334,2.393251391249164,1.8956446663359714,0.0,12.0,120000.0,20000.0,3.0,2.0,0.436,1
170.0,4274,1.852941176470588,1.5257352941176472,0.0,12.0,120000.0,0.0,0.0,4.0,0.583,3,100,0.0024752475247524753,-3.9582,2.429818353385232,1.8872375560273646,0.0,12.0,120000.0,0.0,0.0,4.0,0.436,1
171.0,3828,1.8713450292397662,1.516812865497076,0.0,12.0,120000.0,0.0,0.0,2.0,0.579,3,100,0.0024752475247524753,-3.9582,2.429818353385232,1.8872375560273646,0.0,12.0,120000.0,0.0,0.0,2.0,0.436,1
171.0,2928,1.8713450292397662,1.516812865497076,25.0,12.0,120000.0,20000.0,3.0,0.0,0.579,3,19,0.0024752475247524753,-3.95345,2.4653674571495654,1.8783752054472878,25.0,12.0,120000.0,20000.0,3.0,0.0,0.431,1
172.0,2013,1.9186046511627908,1.5261627906976745,0.0,12.0,120000.0,20000.0,3.0,2.0,0.575,3,100,0.0024752475247524753,-3.95845,2.4653674571495654,1.8783752054472878,0.0,12.0,120000.0,20000.0,3.0,3.0,0.431,1
209.0,62,2.368421052631579,1.8989234449760763,0.0,8.0,80000.0,20000.0,1.0,1.0,0.442,0,0,0.0024752475247524753,9.7713,2.464788732394366,1.9072769953051643,12.5,8.0,80000.0,20000.0,2.0,1.0,0.431,0
193.0,941,2.2538860103626943,1.8188687392055267,37.5,25.0,400000.0,20000.0,4.0,1.0,0.506,1,100,0.0024752475247524753,9.6575998,2.4646729043390967,1.9071873664528722,50.0,25.0,400000.0,20000.0,5.0,1.0,0.426,0
170.0,2485,1.852941176470588,1.5257352941176472,25.0,12.0,120000.0,20000.0,4.0,0.0,0.583,3,100,0.0024752475247524753,-3.9537,2.5239541949053512,1.8988081327412942,12.5,12.0,120000.0,20000.0,5.0,0.0,0.426,1
173.0,2929,1.9364161849710984,1.6136801541425818,12.5,12.0,120000.0,20000.0,2.0,0.0,0.571,3,100,0.0024752475247524753,-3.9587,2.5239541949053512,1.8988081327412942,25.0,12.0,120000.0,20000.0,3.0,0.0,0.426,1
172.0,2486,1.9186046511627908,1.5261627906976745,25.0,12.0,120000.0,20000.0,3.0,0.0,0.575,3,100,0.0024752475247524753,-3.9537,2.5239541949053512,1.8988081327412942,12.5,12.0,120000.0,20000.0,5.0,0.0,0.426,1
209.0,3388,2.368421052631579,1.8989234449760763,25.0,12.0,120000.0,20000.0,5.0,2.0,0.442,2,100,0.0024752475247524753,9.838016666666666,2.5233644859813085,1.917834890965732,0.0,12.0,120000.0,20000.0,3.0,2.0,0.427,0
210.0,4284,2.357142857142857,1.9047619047619047,0.0,12.0,120000.0,0.0,0.0,4.0,0.44,1,100,0.0024752475247524753,9.874733333333333,2.5233644859813085,1.917834890965732,0.0,12.0,120000.0,0.0,0.0,4.0,0.428,0
190.0,503,2.236842105263158,1.8146929824561402,0.0,8.0,80000.0,0.0,0.0,1.0,0.516,1,100,0.0024752475247524753,-3.9589,2.5232464593595414,1.917745187090392,0.0,8.0,80000.0,0.0,0.0,1.0,0.422,1
194.0,937,2.2422680412371134,1.8256013745704465,50.0,25.0,400000.0,20000.0,5.0,1.0,0.502,1,100,0.0024752475247524753,9.6701498,2.5232464593595414,1.917745187090392,37.5,25.0,400000.0,20000.0,4.0,1.0,0.422,0
171.0,4727,1.8713450292397662,1.516812865497076,0.0,12.0,120000.0,0.0,0.0,1.0,0.579,3,100,0.0024752475247524753,-3.9589,2.535473365899046,1.909358765604404,0.0,12.0,120000.0,0.0,0.0,1.0,0.422,1
211.0,3389,2.3933649289099526,1.8957345971563981,0.0,12.0,120000.0,20000.0,3.0,2.0,0.437,1,100,0.0024752475247524753,9.874483333333334,2.5348837209302326,1.9089147286821708,0.0,12.0,120000.0,20000.0,3.0,2.0,0.423,0
209.0,2936,2.368421052631579,1.8989234449760763,0.0,12.0,120000.0,20000.0,1.0,0.0,0.442,0,0,0.0024752475247524753,9.770900000000001,2.5348837209302326,1.9089147286821708,12.5,12.0,120000.0,20000.0,2.0,0.0,0.423,0
211.0,63,2.3933649289099526,1.8957345971563981,12.5,8.0,80000.0,20000.0,2.0,1.0,0.437,0,0,0.0024752475247524753,9.770124375,2.53476570695476,1.9088258573015586,0.0,8.0,80000.0,20000.0,1.0,1.0,0.415,0
84.0,464,0.0,0.5580357142857142,0.0,8.0,80000.0,0.0,0.0,1.0,0.902,2,100,0.0024752475247524753,-3.95925,2.5540608383173766,1.9058711558656183,0.0,8.0,80000.0,0.0,0.0,1.0,0.415,1
107.0,6,0.6074766355140186,0.9929906542056074,12.5,8.0,80000.0,20000.0,2.0,1.0,0.82,2,100,0.0024752475247524753,-3.95925,2.5540608383173766,1.9058711558656183,0.0,8.0,80000.0,20000.0,1.0,1.0,0.415,1
174.0,4276,1.9827586206896552,1.6044061302681993,0.0,12.0,120000.0,0.0,0.0,4.0,0.566,3,100,0.0024752475247524753,-3.95925,2.5468858532067604,1.9005170950065597,0.0,12.0,120000.0,0.0,0.0,4.0,0.415,1
206.0,2503,2.2815533980582523,1.8507281553398056,25.0,12.0,120000.0,20000.0,6.0,0.0,0.453,2,100,0.0024752475247524753,9.629133333333334,2.5462962962962963,1.9145447530864197,0.0,12.0,120000.0,20000.0,4.0,0.0,0.416,0
212.0,4745,2.429245283018868,1.886792452830189,0.0,12.0,120000.0,0.0,0.0,1.0,0.436,1,100,0.0024752475247524753,9.874183333333333,2.5462962962962963,1.9145447530864197,0.0,12.0,120000.0,0.0,0.0,1.0,0.417,0
193.0,54,2.2538860103626943,1.8188687392055267,12.5,8.0,80000.0,20000.0,2.0,1.0,0.506,1,100,0.0024752475247524753,-3.95915,2.5462962962962963,1.9145447530864197,0.0,8.0,80000.0,20000.0,1.0,1.0,0.417,1
196.0,942,2.2704081632653064,1.8229166666666665,62.5,25.0,400000.0,20000.0,6.0,1.0,0.496,0,0,0.0024752475247524753,9.619899799999999,2.5461782997926807,1.9144560322304816,25.0,25.0,400000.0,20000.0,3.0,1.0,0.412,0
176.0,3365,1.960227272727273,1.639441287878788,0.0,12.0,120000.0,20000.0,3.0,2.0,0.559,3,100,0.0024752475247524753,-3.9594,2.5581931320580775,1.906161173849581,0.0,12.0,120000.0,20000.0,3.0,2.0,0.412,1
206.0,4742,2.2815533980582523,1.8507281553398056,0.0,12.0,120000.0,0.0,0.0,1.0,0.453,2,100,0.0024752475247524753,9.582316666666665,2.5576036866359444,1.9297235023041472,0.0,12.0,120000.0,0.0,0.0,1.0,0.413,0
211.0,2937,2.3933649289099526,1.8957345971563981,12.5,12.0,120000.0,20000.0,2.0,0.0,0.437,0,0,0.0024752475247524753,9.769982916666667,2.5574857122950228,1.929634490132506,0.0,12.0,120000.0,20000.0,1.0,0.0,0.408,0
176.0,2488,1.960227272727273,1.639441287878788,0.0,12.0,120000.0,20000.0,1.0,0.0,0.559,3,100,0.0024752475247524753,-3.9596,2.569396650607937,1.9213122275751315,0.0,12.0,120000.0,20000.0,4.0,0.0,0.408,1
200.0,3377,2.275,1.8177083333333335,25.0,12.0,120000.0,20000.0,5.0,2.0,0.479,2,100,0.0024752475247524753,-3.7046,2.5688073394495414,1.9543195718654434,0.0,12.0,120000.0,20000.0,3.0,2.0,0.408,1
88.0,466,0.0,0.6392045454545454,0.0,8.0,80000.0,0.0,0.0,1.0,0.885,2,100,0.0024752475247524753,-3.9598,2.5876676218951364,1.9512464184275642,0.0,8.0,80000.0,0.0,0.0,1.0,0.404,1
178.0,4278,2.050561797752809,1.673689138576779,0.0,12.0,120000.0,0.0,0.0,4.0,0.554,3,46,0.0024752475247524753,-3.9598,2.580497830554921,1.945839993910329,0.0,12.0,120000.0,0.0,0.0,3.0,0.404,1
204.0,2029,2.2794117647058822,1.843341503267974,37.5,12.0,120000.0,20000.0,6.0,2.0,0.462,2,40,0.0024752475247524753,-3.567917083333333,2.5797907593356117,1.9548193253815203,12.5,12.0,120000.0,20000.0,4.0,3.0,0.4,1
111.0,8,0.7207207207207207,1.0135135135135136,0.0,8.0,80000.0,20000.0,1.0,1.0,0.809,2,100,0.0024752475247524753,-3.96,2.5987841945288754,1.951937689969605,12.5,8.0,80000.0,20000.0,2.0,1.0,0.4,1
92.0,468,0.05434782608695652,0.7472826086956521,0.0,8.0,80000.0,0.0,0.0,1.0,0.872,2,100,0.0024752475247524753,-3.96,2.5986655958543414,1.951848610921298,0.0,8.0,80000.0,0.0,0.0,1.0,0.4,1
178.0,3366,2.050561797752809,1.673689138576779,0.0,12.0,120000.0,20000.0,3.0,2.0,0.554,3,100,0.0024752475247524753,-3.96,2.5914980677426684,1.9464651057058417,0.0,12.0,120000.0,20000.0,3.0,2.0,0.4,1
201.0,3384,2.263681592039801,1.839759535655058,25.0,12.0,120000.0,20000.0,5.0,2.0,0.474,2,100,0.0024752475247524753,-3.7473337499999997,2.59079120990904,1.9459341872672065,0.0,12.0,120000.0,20000.0,3.0,2.0,0.395,1
90.0,467,0.05555555555555555,0.6944444444444444,0.0,8.0,80000.0,0.0,0.0,1.0,0.877,2,100,0.0024752475247524753,-3.96025,2.6095637440253663,1.9429903963667128,0.0,8.0,80000.0,0.0,0.0,1.0,0.395,1
180.0,4279,2.083333333333333,1.7245370370370368,0.0,12.0,120000.0,0.0,0.0,4.0,0.547,3,100,0.0024752475247524753,-3.96025,2.6023987327449647,1.9376555781851095,0.0,12.0,120000.0,0.0,0.0,3.0,0.395,1
216.0,2031,2.5462962962962963,1.9145447530864197,0.0,12.0,120000.0,20000.0,3.0,3.0,0.417,1,100,0.0024752475247524753,9.831466666666666,2.6018099547511313,1.9513574660633484,12.5,12.0,120000.0,20000.0,4.0,3.0,0.396,0
180.0,3367,2.083333333333333,1.7245370370370368,0.0,12.0,120000.0,20000.0,3.0,2.0,0.547,3,100,0.0024752475247524753,-3.96055,2.6132011714350076,1.94300518134715,0.0,12.0,120000.0,20000.0,3.0,2.0,0.389,1
217.0,3831,2.5576036866359444,1.9297235023041472,0.0,12.0,120000.0,0.0,0.0,2.0,0.413,1,100,0.0024752475247524753,9.831166666666666,2.6126126126126126,1.9847972972972974,0.0,12.0,120000.0,0.0,0.0,2.0,0.39,0
218.0,4748,2.5688073394495414,1.9543195718654434,0.0,12.0,120000.0,0.0,0.0,1.0,0.408,1,100,0.0024752475247524753,9.830966666666665,2.600896860986547,1.975896860986547,0.0,12.0,120000.0,0.0,0.0,1.0,0.386,0
198.0,507,2.272727272727273,1.8045033670033672,0.0,8.0,80000.0,0.0,0.0,1.0,0.487,1,100,0.0024752475247524753,-3.9609500000000004,2.600896860986547,1.975896860986547,0.0,8.0,80000.0,0.0,0.0,1.0,0.386,1
219.0,67,2.5799086757990866,1.9549086757990868,0.0,8.0,80000.0,20000.0,1.0,1.0,0.404,1,100,0.0024752475247524753,9.789299999999999,2.600896860986547,1.975896860986547,0.0,8.0,80000.0,20000.0,1.0,1.0,0.386,0
182.0,3368,2.142857142857143,1.73992673992674,0.0,12.0,120000.0,20000.0,3.0,2.0,0.541,3,100,0.0024752475247524753,-3.961,2.6121902210314802,1.967515070328198,0.0,12.0,120000.0,20000.0,3.0,2.0,0.38,1
214.0,4746,2.5233644859813085,1.917834890965732,0.0,12.0,120000.0,0.0,0.0,1.0,0.428,2,98,0.0024752475247524753,9.622383333333334,2.611607142857143,1.990327380952381,0.0,12.0,120000.0,0.0,0.0,1.0,0.381,0
204.0,4281,2.2794117647058822,1.843341503267974,0.0,12.0,120000.0,0.0,0.0,4.0,0.462,2,40,0.0024752475247524753,-3.7942833333333335,2.611607142857143,1.990327380952381,0.0,12.0,120000.0,0.0,0.0,3.0,0.381,1
205.0,3386,2.292682926829268,1.834349593495935,25.0,12.0,120000.0,20000.0,5.0,2.0,0.457,2,100,0.0024752475247524753,-3.7476166666666666,2.611607142857143,1.990327380952381,0.0,12.0,120000.0,20000.0,3.0,2.0,0.381,1
218.0,2032,2.5688073394495414,1.9543195718654434,0.0,12.0,120000.0,20000.0,3.0,3.0,0.408,0,0,0.0024752475247524753,9.76905,2.611607142857143,1.990327380952381,0.0,12.0,120000.0,20000.0,3.0,2.0,0.381,0
184.0,2019,2.2010869565217392,1.7663043478260871,0.0,12.0,120000.0,20000.0,3.0,2.0,0.536,3,100,0.0024752475247524753,-3.96125,2.622805067792843,1.981921908572275,0.0,12.0,120000.0,20000.0,3.0,2.0,0.375,1
221.0,2942,2.6018099547511313,1.9513574660633484,0.0,12.0,120000.0,20000.0,1.0,0.0,0.396,2,100,0.0024752475247524753,9.872133333333334,2.6222222222222222,1.9953703703703705,0.0,12.0,120000.0,20000.0,1.0,0.0,0.376,0
200.0,508,2.275,1.8177083333333335,0.0,8.0,80000.0,0.0,0.0,1.0,0.479,1,100,0.0024752475247524753,-3.9615,2.6221055676589677,1.9952816025088547,0.0,8.0,80000.0,0.0,0.0,1.0,0.37,1
98.0,471,0.30612244897959184,0.8928571428571429,0.0,8.0,80000.0,0.0,0.0,1.0,0.851,2,100,0.0024752475247524753,-3.9615,2.6404152490089827,1.9923301336184724,0.0,8.0,80000.0,0.0,0.0,1.0,0.37,1
139.0,1640,1.7266187050359711,1.1016187050359711,0.0,25.0,400000.0,0.0,0.0,1.0,0.708,1,100,0.0024752475247524753,-3.9615,2.636515251768079,1.9893873835995137,0.0,25.0,400000.0,0.0,0.0,1.0,0.37,1
184.0,2492,2.2010869565217392,1.7663043478260871,0.0,12.0,120000.0,20000.0,1.0,0.0,0.536,3,100,0.0024752475247524753,-3.9615,2.6333259570701486,1.9869808954783506,0.0,12.0,120000.0,20000.0,4.0,0.0,0.37,1
222.0,4290,2.6126126126126126,1.9847972972972974,0.0,12.0,120000.0,0.0,0.0,3.0,0.39,1,100,0.0024752475247524753,9.871633333333333,2.6327433628318584,1.9865412979351036,0.0,12.0,120000.0,0.0,0.0,3.0,0.371,0
139.0,1291,1.7266187050359711,1.1016187050359711,0.0,25.0,400000.0,0.0,0.0,4.0,0.708,1,100,0.0024752475247524753,-3.9619500000000003,2.668999779318569,1.9806110621320652,0.0,25.0,400000.0,0.0,0.0,3.0,0.366,1
186.0,2020,2.1774193548387095,1.7809139784946237,0.0,12.0,120000.0,20000.0,3.0,2.0,0.53,3,100,0.0024752475247524753,-3.9617,2.665785415289711,1.9782257472277296,0.0,12.0,120000.0,20000.0,3.0,2.0,0.366,1
186.0,3370,2.1774193548387095,1.7809139784946237,0.0,12.0,120000.0,20000.0,3.0,2.0,0.53,3,100,0.0024752475247524753,-3.9617,2.665785415289711,1.9782257472277296,0.0,12.0,120000.0,20000.0,5.0,2.0,0.366,1
222.0,4750,2.6126126126126126,1.9847972972972974,0.0,12.0,120000.0,0.0,0.0,1.0,0.39,1,100,0.0024752475247524753,9.829766666666666,2.6651982378854626,1.9915565345080763,0.0,12.0,120000.0,0.0,0.0,1.0,0.367,0
206.0,4282,2.2815533980582523,1.8507281553398056,0.0,12.0,120000.0,0.0,0.0,4.0,0.453,2,100,0.0024752475247524753,-3.83665,2.6651982378854626,1.9915565345080763,0.0,12.0,120000.0,0.0,0.0,3.0,0.367,1
186.0,2493,2.1774193548387095,1.7809139784946237,0.0,12.0,120000.0,20000.0,1.0,0.0,0.53,3,100,0.0024752475247524753,-3.962,2.6760254441763545,1.983256562111574,0.0,12.0,120000.0,20000.0,4.0,0.0,0.36,1
223.0,3395,2.600896860986547,1.975896860986547,0.0,12.0,120000.0,20000.0,3.0,2.0,0.386,1,31,0.0024752475247524753,9.829466666666667,2.675438596491228,1.9828216374269003,12.5,12.0,120000.0,20000.0,5.0,2.0,0.361,0
208.0,946,2.355769230769231,1.8930288461538458,62.5,25.0,400000.0,20000.0,6.0,1.0,0.446,1,100,0.0024752475247524753,9.6791498,2.6753211405060684,1.9827345884215055,50.0,25.0,400000.0,20000.0,5.0,1.0,0.357,0
188.0,4733,2.2074468085106385,1.8062943262411348,0.0,12.0,120000.0,0.0,0.0,1.0,0.522,3,100,0.0024752475247524753,-3.9623,2.6861760209652763,1.97459416175293,0.0,12.0,120000.0,0.0,0.0,1.0,0.354,1
223.0,2943,2.600896860986547,1.975896860986547,0.0,12.0,120000.0,20000.0,1.0,0.0,0.386,2,100,0.0024752475247524753,9.787749999999999,2.685589519650655,1.9741630276564774,0.0,12.0,120000.0,20000.0,1.0,0.0,0.355,0
223.0,3834,2.600896860986547,1.975896860986547,0.0,12.0,120000.0,0.0,0.0,2.0,0.386,1,31,0.0024752475247524753,9.787299999999998,2.685589519650655,1.9741630276564774,0.0,12.0,120000.0,0.0,0.0,2.0,0.356,0
225.0,3396,2.6222222222222222,1.9953703703703705,0.0,12.0,120000.0,20000.0,4.0,2.0,0.376,1,100,0.0024752475247524753,9.871183333333333,2.685589519650655,1.9741630276564774,12.5,12.0,120000.0,20000.0,5.0,2.0,0.357,0
225.0,76,2.6222222222222222,1.9953703703703705,0.0,8.0,80000.0,20000.0,1.0,1.0,0.376,1,27,0.0024752475247524753,9.787349999999998,2.685589519650655,1.9741630276564774,25.0,8.0,80000.0,20000.0,3.0,1.0,0.357,0
220.0,4749,2.590909090909091,1.946022727272727,0.0,12.0,120000.0,0.0,0.0,1.0,0.4,2,100,0.0024752475247524753,9.620933333333333,2.6739130434782608,1.9655797101449275,0.0,12.0,120000.0,0.0,0.0,1.0,0.352,0
188.0,3371,2.2074468085106385,1.8062943262411348,0.0,12.0,120000.0,20000.0,3.0,2.0,0.522,3,100,0.0024752475247524753,-3.9627499999999998,2.684563758389262,1.9574944071588365,25.0,12.0,120000.0,20000.0,6.0,2.0,0.345,1
224.0,4291,2.611607142857143,1.990327380952381,0.0,12.0,120000.0,0.0,0.0,3.0,0.381,1,100,0.0024752475247524753,9.745383333333335,2.683982683982684,1.9705988455988455,0.0,12.0,120000.0,0.0,0.0,3.0,0.346,0
226.0,4752,2.6327433628318584,1.9865412979351036,0.0,12.0,120000.0,0.0,0.0,1.0,0.371,1,100,0.0024752475247524753,9.828766666666667,2.683982683982684,1.9705988455988455,0.0,12.0,120000.0,0.0,0.0,1.0,0.347,0
211.0,947,2.3933649289099526,1.8957345971563981,50.0,25.0,400000.0,20000.0,5.0,1.0,0.437,0,0,0.0024752475247524753,9.616099799999999,2.6838663831060825,1.9705134566823894,37.5,25.0,400000.0,20000.0,4.0,1.0,0.341,0
227.0,71,2.6651982378854626,1.9915565345080763,12.5,8.0,80000.0,20000.0,2.0,1.0,0.367,0,0,0.0024752475247524753,9.766424375,2.6838663831060825,1.9705134566823894,0.0,8.0,80000.0,20000.0,1.0,1.0,0.341,0
227.0,77,2.6651982378854626,1.9915565345080763,12.5,8.0,80000.0,20000.0,3.0,1.0,0.367,0,0,0.0024752475247524753,9.766424375,2.6838663831060825,1.9705134566823894,0.0,8.0,80000.0,20000.0,1.0,1.0,0.341,0
228.0,4293,2.675438596491228,1.9828216374269003,0.0,12.0,120000.0,0.0,0.0,3.0,0.361,1,100,0.0024752475247524753,9.870183333333333,2.6724137931034484,1.9755747126436782,0.0,12.0,120000.0,0.0,0.0,3.0,0.342,0
208.0,512,2.355769230769231,1.8930288461538458,0.0,8.0,80000.0,0.0,0.0,1.0,0.446,1,100,0.0024752475247524753,-3.9629,2.6724137931034484,1.9755747126436782,0.0,8.0,80000.0,0.0,0.0,1.0,0.342,1
225.0,3835,2.6222222222222222,1.9953703703703705,0.0,12.0,120000.0,0.0,0.0,2.0,0.376,1,100,0.0024752475247524753,9.703116666666665,2.6609442060085837,1.967095851216023,0.0,12.0,120000.0,0.0,0.0,2.0,0.339,0
229.0,3406,2.685589519650655,1.9741630276564774,12.5,12.0,120000.0,20000.0,6.0,2.0,0.357,1,3,0.0024752475247524753,9.869833333333332,2.6609442060085837,1.967095851216023,25.0,12.0,120000.0,20000.0,6.0,2.0,0.34,0
214.0,4286,2.5233644859813085,1.917834890965732,0.0,12.0,120000.0,0.0,0.0,4.0,0.428,2,98,0.0024752475247524753,-3.7546666666666666,2.6609442060085837,1.967095851216023,0.0,12.0,120000.0,0.0,0.0,3.0,0.34,1
228.0,4753,2.675438596491228,1.9828216374269003,0.0,12.0,120000.0,0.0,0.0,1.0,0.361,1,100,0.0024752475247524753,9.78635,2.6495726495726495,1.9586894586894588,0.0,12.0,120000.0,0.0,0.0,1.0,0.332,0
226.0,4292,2.6327433628318584,1.9865412979351036,0.0,12.0,120000.0,0.0,0.0,3.0,0.371,1,100,0.0024752475247524753,9.702816666666665,2.6495726495726495,1.9586894586894588,0.0,12.0,120000.0,0.0,0.0,3.0,0.333,0
228.0,2037,2.675438596491228,1.9828216374269003,0.0,12.0,120000.0,20000.0,5.0,2.0,0.361,1,100,0.0024752475247524753,9.78615,2.6495726495726495,1.9586894586894588,25.0,12.0,120000.0,20000.0,5.0,2.0,0.333,0
230.0,4754,2.6739130434782608,1.9655797101449275,0.0,12.0,120000.0,0.0,0.0,1.0,0.352,1,100,0.0024752475247524753,9.827766666666665,2.6382978723404253,1.9503546099290778,0.0,12.0,120000.0,0.0,0.0,1.0,0.327,0
224.0,4751,2.611607142857143,1.990327380952381,0.0,12.0,120000.0,0.0,0.0,1.0,0.381,2,100,0.0024752475247524753,9.578066666666667,2.6382978723404253,1.9503546099290778,0.0,12.0,120000.0,0.0,0.0,1.0,0.328,0
229.0,3837,2.685589519650655,1.9741630276564774,0.0,12.0,120000.0,0.0,0.0,2.0,0.357,1,3,0.0024752475247524753,9.786200000000001,2.6382978723404253,1.9503546099290778,0.0,12.0,120000.0,0.0,0.0,2.0,0.329,0
231.0,3407,2.683982683982684,1.9705988455988455,25.0,12.0,120000.0,20000.0,7.0,2.0,0.347,1,100,0.0024752475247524753,9.874583333333335,2.6382978723404253,1.9503546099290778,25.0,12.0,120000.0,20000.0,6.0,2.0,0.33,0
229.0,2946,2.685589519650655,1.9741630276564774,0.0,12.0,120000.0,20000.0,1.0,0.0,0.357,0,0,0.0024752475247524753,9.766250000000001,2.6382978723404253,1.9503546099290778,12.5,12.0,120000.0,20000.0,3.0,0.0,0.33,0
229.0,3398,2.685589519650655,1.9741630276564774,12.5,12.0,120000.0,20000.0,5.0,2.0,0.357,0,0,0.0024752475247524753,9.765432916666665,2.63818549686458,1.9502715366606442,25.0,12.0,120000.0,20000.0,6.0,2.0,0.327,0
227.0,3397,2.6651982378854626,1.9915565345080763,0.0,12.0,120000.0,20000.0,5.0,2.0,0.367,1,100,0.0024752475247524753,9.6611,2.6271186440677963,1.942090395480226,25.0,12.0,120000.0,20000.0,6.0,2.0,0.327,0
227.0,3405,2.6651982378854626,1.9915565345080763,0.0,12.0,120000.0,20000.0,5.0,2.0,0.367,1,100,0.0024752475247524753,9.661150000000001,2.6271186440677963,1.942090395480226,25.0,12.0,120000.0,20000.0,6.0,2.0,0.328,0
149.0,1278,1.8120805369127517,1.153523489932886,0.0,25.0,400000.0,0.0,0.0,4.0,0.663,1,100,0.0024752475247524753,-3.96385,2.64073337855865,1.9365378109430105,0.0,25.0,400000.0,0.0,0.0,3.0,0.323,1
196.0,4737,2.2704081632653064,1.8229166666666665,0.0,12.0,120000.0,0.0,0.0,1.0,0.496,3,100,0.0024752475247524753,-3.96385,2.6376872757965812,1.9343040022508262,0.0,12.0,120000.0,0.0,0.0,1.0,0.323,1
230.0,4294,2.6739130434782608,1.9655797101449275,0.0,12.0,120000.0,0.0,0.0,3.0,0.352,1,100,0.0024752475247524753,9.744283333333334,2.6371308016877637,1.9470815752461323,0.0,12.0,120000.0,0.0,0.0,3.0,0.324,0
231.0,3838,2.683982683982684,1.9705988455988455,0.0,12.0,120000.0,0.0,0.0,2.0,0.347,1,100,0.0024752475247524753,9.786,2.6371308016877637,1.9470815752461323,0.0,12.0,120000.0,0.0,0.0,2.0,0.325,0
231.0,2947,2.683982683982684,1.9705988455988455,12.5,12.0,120000.0,20000.0,2.0,0.0,0.347,0,0,0.0024752475247524753,9.765382916666667,2.6370194237787676,1.9469993412233235,12.5,12.0,120000.0,20000.0,2.0,0.0,0.321,0
231.0,3399,2.683982683982684,1.9705988455988455,25.0,12.0,120000.0,20000.0,6.0,2.0,0.347,0,0,0.0024752475247524753,9.765382916666667,2.6370194237787676,1.9469993412233235,12.5,12.0,120000.0,20000.0,5.0,2.0,0.321,0
196.0,3375,2.2704081632653064,1.8229166666666665,12.5,12.0,120000.0,20000.0,4.0,2.0,0.496,3,100,0.0024752475247524753,-3.964,2.647615045177558,1.9393079778664983,12.5,12.0,120000.0,20000.0,5.0,2.0,0.32,1
233.0,3400,2.6609442060085837,1.967095851216023,25.0,12.0,120000.0,20000.0,6.0,2.0,0.34,1,100,0.0024752475247524753,9.832716666666666,2.6470588235294117,1.9651610644257702,12.5,12.0,120000.0,20000.0,5.0,2.0,0.321,0
233.0,3408,2.6609442060085837,1.967095851216023,25.0,12.0,120000.0,20000.0,6.0,2.0,0.34,1,100,0.0024752475247524753,9.832766666666666,2.6470588235294117,1.9651610644257702,12.5,12.0,120000.0,20000.0,5.0,2.0,0.322,0
94.0,904,0.15957446808510636,0.7978723404255319,25.0,25.0,400000.0,20000.0,3.0,1.0,0.866,1,100,0.0024752475247524753,-3.9599000000000006,2.6470588235294117,1.9651610644257702,62.5,25.0,400000.0,20000.0,6.0,1.0,0.322,1
232.0,2039,2.6724137931034484,1.9755747126436782,37.5,12.0,120000.0,20000.0,6.0,2.0,0.342,0,0,0.0024752475247524753,9.765532916666666,2.6469474960317845,1.9650784155394696,0.0,12.0,120000.0,20000.0,3.0,2.0,0.319,0
233.0,3839,2.6609442060085837,1.967095851216023,0.0,12.0,120000.0,0.0,0.0,2.0,0.34,1,100,0.0024752475247524753,9.78595,2.6359832635983262,1.9569386331938634,0.0,12.0,120000.0,0.0,0.0,2.0,0.319,0
221.0,3833,2.6018099547511313,1.9513574660633484,0.0,12.0,120000.0,0.0,0.0,2.0,0.396,2,100,0.0024752475247524753,-3.71405,2.6359832635983262,1.9569386331938634,0.0,12.0,120000.0,0.0,0.0,2.0,0.319,1
199.0,2931,2.261306532663317,1.8111390284757118,12.5,12.0,120000.0,20000.0,2.0,0.0,0.484,3,100,0.0024752475247524753,-3.96435,2.646384663471556,1.949190803639647,12.5,12.0,120000.0,20000.0,2.0,0.0,0.313,1
220.0,4289,2.590909090909091,1.946022727272727,0.0,12.0,120000.0,0.0,0.0,3.0,0.4,2,27,0.0024752475247524753,-3.7976833333333335,2.6458333333333335,1.9487847222222223,0.0,12.0,120000.0,0.0,0.0,3.0,0.313,1
224.0,2035,2.611607142857143,1.990327380952381,0.0,12.0,120000.0,20000.0,3.0,2.0,0.381,1,100,0.0024752475247524753,-3.6315166666666667,2.6458333333333335,1.9487847222222223,0.0,12.0,120000.0,20000.0,3.0,2.0,0.313,1
221.0,3394,2.6018099547511313,1.9513574660633484,0.0,12.0,120000.0,20000.0,3.0,2.0,0.396,2,100,0.0024752475247524753,-3.7564837499999997,2.6457229846371826,1.9487034450493683,12.5,12.0,120000.0,20000.0,5.0,2.0,0.312,1
220.0,950,2.590909090909091,1.946022727272727,25.0,25.0,400000.0,20000.0,3.0,1.0,0.4,1,100,0.0024752475247524753,9.6393998,2.6457229846371826,1.9487034450493683,50.0,25.0,400000.0,20000.0,5.0,1.0,0.312,0
200.0,2027,2.275,1.8177083333333335,25.0,12.0,120000.0,20000.0,5.0,2.0,0.479,3,100,0.0024752475247524753,-3.9594,2.656152728781905,1.9411011966521405,12.5,12.0,120000.0,20000.0,4.0,2.0,0.312,1
237.0,82,2.6371308016877637,1.9470815752461323,0.0,8.0,80000.0,20000.0,1.0,1.0,0.325,0,0,0.0024752475247524753,9.7656,2.6556016597510372,1.9406984785615493,0.0,8.0,80000.0,20000.0,2.0,1.0,0.312,0
235.0,2949,2.6382978723404253,1.9503546099290778,12.5,12.0,120000.0,20000.0,2.0,0.0,0.33,0,0,0.0024752475247524753,9.764932916666666,2.6554913632010555,1.9406178744747296,0.0,12.0,120000.0,20000.0,1.0,0.0,0.307,0
235.0,3401,2.6382978723404253,1.9503546099290778,25.0,12.0,120000.0,20000.0,6.0,2.0,0.33,0,0,0.0024752475247524753,9.764932916666666,2.6554913632010555,1.9406178744747296,0.0,12.0,120000.0,20000.0,4.0,2.0,0.307,0
200.0,2500,2.275,1.8177083333333335,12.5,12.0,120000.0,20000.0,5.0,0.0,0.479,3,100,0.0024752475247524753,-3.96465,2.6658400495970245,1.9330784597368598,12.5,12.0,120000.0,20000.0,4.0,0.0,0.307,1
218.0,517,2.5688073394495414,1.9543195718654434,0.0,8.0,80000.0,0.0,0.0,1.0,0.408,1,100,0.0024752475247524753,-3.9648499999999998,2.6543209876543212,1.9504458161865565,0.0,8.0,80000.0,0.0,0.0,1.0,0.303,1
223.0,951,2.600896860986547,1.975896860986547,37.5,25.0,400000.0,20000.0,4.0,1.0,0.386,0,0,0.0024752475247524753,9.6140498,2.654211651610565,1.9503654739709422,37.5,25.0,400000.0,20000.0,4.0,1.0,0.3,0
157.0,1646,1.8152866242038217,1.3136942675159236,0.0,25.0,400000.0,0.0,0.0,1.0,0.63,1,100,0.0024752475247524753,-3.965,2.6674690778434913,1.9450295359275458,0.0,25.0,400000.0,0.0,0.0,1.0,0.3,1
203.0,2933,2.2660098522167487,1.8524220032840724,0.0,12.0,120000.0,20000.0,1.0,0.0,0.464,3,100,0.0024752475247524753,-3.965,2.664480426316868,1.9428503108560498,0.0,12.0,120000.0,20000.0,1.0,0.0,0.3,1
220.0,2033,2.590909090909091,1.946022727272727,12.5,12.0,120000.0,20000.0,4.0,3.0,0.4,2,27,0.0024752475247524753,-3.965,2.663934426229508,1.9851434426229506,12.5,12.0,120000.0,20000.0,4.0,2.0,0.3,1
241.0,3404,2.6556016597510372,1.9406984785615493,12.5,12.0,120000.0,20000.0,5.0,2.0,0.312,1,100,0.0024752475247524753,9.867783333333334,2.6530612244897958,1.9770408163265307,12.5,12.0,120000.0,20000.0,5.0,2.0,0.294,0
241.0,84,2.6556016597510372,1.9406984785615493,0.0,8.0,80000.0,20000.0,1.0,1.0,0.312,0,0,0.0024752475247524753,9.763574375000001,2.6529528324169287,1.976960043387615,12.5,8.0,80000.0,20000.0,2.0,1.0,0.289,0
118.0,479,0.9745762711864407,1.138771186440678,0.0,8.0,80000.0,0.0,0.0,1.0,0.787,2,100,0.0024752475247524753,-3.9656,2.6494565217391304,1.9743546195652175,0.0,8.0,80000.0,0.0,0.0,1.0,0.288,1
116.0,478,0.9913793103448276,1.1314655172413792,0.0,8.0,80000.0,0.0,0.0,1.0,0.791,2,1,0.0024752475247524753,-3.9656,2.6494565217391304,1.9743546195652175,0.0,8.0,80000.0,0.0,0.0,1.0,0.288,1
237.0,3841,2.6371308016877637,1.9470815752461323,0.0,12.0,120000.0,0.0,0.0,2.0,0.325,2,100,0.0024752475247524753,9.65945,2.642276422764228,1.9690040650406504,0.0,12.0,120000.0,0.0,0.0,2.0,0.289,0
241.0,3412,2.6556016597510372,1.9406984785615493,12.5,12.0,120000.0,20000.0,5.0,2.0,0.312,1,100,0.0024752475247524753,9.826166666666666,2.642276422764228,1.9690040650406504,12.5,12.0,120000.0,20000.0,5.0,2.0,0.29,0
240.0,2043,2.6458333333333335,1.9487847222222223,0.0,12.0,120000.0,20000.0,3.0,2.0,0.313,0,0,0.0024752475247524753,9.7645,2.642276422764228,1.9690040650406504,0.0,12.0,120000.0,20000.0,3.0,2.0,0.29,0
227.0,3836,2.6651982378854626,1.9915565345080763,0.0,12.0,120000.0,0.0,0.0,2.0,0.367,2,100,0.0024752475247524753,-3.75773375,2.6421689101187384,1.9689239474442521,0.0,12.0,120000.0,0.0,0.0,2.0,0.287,1
230.0,2038,2.6739130434782608,1.9655797101449275,37.5,12.0,120000.0,20000.0,6.0,2.0,0.352,1,100,0.0024752475247524753,-3.61523375,2.6421689101187384,1.9689239474442521,0.0,12.0,120000.0,20000.0,3.0,2.0,0.287,1
226.0,952,2.6327433628318584,1.9865412979351036,50.0,25.0,400000.0,20000.0,5.0,1.0,0.371,1,100,0.0024752475247524753,9.6636498,2.6421689101187384,1.9689239474442521,25.0,25.0,400000.0,20000.0,3.0,1.0,0.287,0
239.0,3842,2.6359832635983262,1.9569386331938634,0.0,12.0,120000.0,0.0,0.0,2.0,0.319,2,100,0.0024752475247524753,9.701016666666666,2.631578947368421,1.9610323886639676,0.0,12.0,120000.0,0.0,0.0,2.0,0.287,0
207.0,2935,2.318840579710145,1.8870772946859904,0.0,12.0,120000.0,20000.0,1.0,0.0,0.45,3,100,0.0024752475247524753,-3.966,2.641661625327687,1.9535188546077837,0.0,12.0,120000.0,20000.0,1.0,0.0,0.28,1
244.0,4301,2.663934426229508,1.9851434426229506,0.0,12.0,120000.0,0.0,0.0,3.0,0.3,1,100,0.0024752475247524753,9.867383333333333,2.6411290322580645,1.9615255376344085,0.0,12.0,120000.0,0.0,0.0,3.0,0.281,0
207.0,3387,2.318840579710145,1.8870772946859904,25.0,12.0,120000.0,20000.0,5.0,2.0,0.45,3,100,0.0024752475247524753,-3.96115,2.671219120305282,1.9540403026042712,12.5,12.0,120000.0,20000.0,5.0,2.0,0.277,1
208.0,4283,2.355769230769231,1.8930288461538458,0.0,12.0,120000.0,0.0,0.0,4.0,0.446,3,100,0.0024752475247524753,-3.96615,2.671219120305282,1.9540403026042712,0.0,12.0,120000.0,0.0,0.0,3.0,0.277,1
224.0,520,2.611607142857143,1.990327380952381,0.0,8.0,80000.0,0.0,0.0,1.0,0.381,1,100,0.0024752475247524753,-3.96615,2.6706827309236947,1.96619812583668,0.0,8.0,80000.0,0.0,0.0,1.0,0.277,1
243.0,3413,2.6543209876543212,1.9504458161865565,0.0,12.0,120000.0,20000.0,4.0,2.0,0.303,0,0,0.0024752475247524753,9.76385,2.6706827309236947,1.96619812583668,0.0,12.0,120000.0,20000.0,5.0,2.0,0.277,0
245.0,86,2.6530612244897958,1.9770408163265307,12.5,8.0,80000.0,20000.0,2.0,1.0,0.294,0,0,0.0024752475247524753,9.762724375000001,2.670575371648714,1.9661190862701998,12.5,8.0,80000.0,20000.0,2.0,1.0,0.272,0
97.0,1,0.30927835051546393,0.9020618556701032,12.5,8.0,80000.0,20000.0,2.0,1.0,0.855,2,100,0.0024752475247524753,-3.9664,2.6871657754010694,1.9635695187165774,12.5,8.0,80000.0,20000.0,2.0,1.0,0.272,1
208.0,4743,2.355769230769231,1.8930288461538458,0.0,12.0,120000.0,0.0,0.0,1.0,0.446,3,100,0.0024752475247524753,-3.9664,2.680536107221444,1.9587250783490027,0.0,12.0,120000.0,0.0,0.0,1.0,0.272,1
208.0,2504,2.355769230769231,1.8930288461538458,25.0,12.0,120000.0,20000.0,7.0,0.0,0.446,3,100,0.0024752475247524753,-3.9617,2.6897788404064555,1.9592216244935905,0.0,12.0,120000.0,20000.0,3.0,0.0,0.266,1
247.0,4305,2.631578947368421,1.9610323886639676,0.0,12.0,120000.0,0.0,0.0,3.0,0.287,1,100,0.0024752475247524753,9.866683333333334,2.689243027888446,1.971281540504648,0.0,12.0,120000.0,0.0,0.0,3.0,0.267,0
233.0,2948,2.6609442060085837,1.967095851216023,25.0,12.0,120000.0,20000.0,3.0,0.0,0.34,2,100,0.0024752475247524753,-3.71165,2.689243027888446,1.971281540504648,12.5,12.0,120000.0,20000.0,2.0,0.0,0.267,1
106.0,908,0.5188679245283019,0.9728773584905661,25.0,25.0,400000.0,20000.0,3.0,1.0,0.826,1,100,0.0024752475247524753,-3.9623999999999997,2.689135783867743,1.971202927989472,37.5,25.0,400000.0,20000.0,4.0,1.0,0.262,1
247.0,87,2.631578947368421,1.9610323886639676,12.5,8.0,80000.0,20000.0,2.0,1.0,0.287,0,0,0.0024752475247524753,9.762474375,2.689135783867743,1.971202927989472,0.0,8.0,80000.0,20000.0,1.0,1.0,0.262,0
124.0,482,1.2903225806451613,1.1340725806451613,0.0,8.0,80000.0,0.0,0.0,1.0,0.768,2,100,0.0024752475247524753,-3.9669,2.7055702917771884,1.9686671087533156,0.0,8.0,80000.0,0.0,0.0,1.0,0.262,1
210.0,4744,2.357142857142857,1.9047619047619047,0.0,12.0,120000.0,0.0,0.0,1.0,0.44,3,100,0.0024752475247524753,-3.9669,2.698948204008732,1.9638486472183632,0.0,12.0,120000.0,0.0,0.0,1.0,0.262,1
247.0,3415,2.631578947368421,1.9610323886639676,12.5,12.0,120000.0,20000.0,5.0,2.0,0.287,1,100,0.0024752475247524753,9.824816666666665,2.6984126984126986,1.9758597883597884,25.0,12.0,120000.0,20000.0,6.0,2.0,0.263,0
232.0,954,2.6724137931034484,1.9755747126436782,37.5,25.0,400000.0,20000.0,4.0,1.0,0.342,1,100,0.0024752475247524753,9.649749799999999,2.6983055157213798,1.9757813059356912,25.0,25.0,400000.0,20000.0,3.0,1.0,0.259,0
212.0,4285,2.429245283018868,1.886792452830189,0.0,12.0,120000.0,0.0,0.0,4.0,0.436,3,100,0.0024752475247524753,-3.96705,2.7080450681952954,1.9684390854582587,0.0,12.0,120000.0,0.0,0.0,3.0,0.259,1
213.0,2938,2.464788732394366,1.9072769953051643,25.0,12.0,120000.0,20000.0,3.0,0.0,0.431,3,100,0.0024752475247524753,-3.9623500000000003,2.7170702894270526,1.972993371398569,12.5,12.0,120000.0,20000.0,2.0,0.0,0.253,1
248.0,4303,2.6411290322580645,1.9615255376344085,0.0,12.0,120000.0,0.0,0.0,3.0,0.281,2,100,0.0024752475247524753,9.7827,2.716535433070866,1.9931102362204725,0.0,12.0,120000.0,0.0,0.0,3.0,0.254,0
234.0,4296,2.6495726495726495,1.9586894586894588,0.0,12.0,120000.0,0.0,0.0,3.0,0.333,2,100,0.0024752475247524753,-3.8006333333333333,2.716535433070866,1.9931102362204725,0.0,12.0,120000.0,0.0,0.0,3.0,0.254,1
231.0,73,2.683982683982684,1.9705988455988455,25.0,8.0,80000.0,20000.0,3.0,1.0,0.347,1,100,0.0024752475247524753,-3.9623,2.716535433070866,1.9931102362204725,0.0,8.0,80000.0,20000.0,1.0,1.0,0.254,1
248.0,2047,2.6411290322580645,1.9615255376344085,0.0,12.0,120000.0,20000.0,3.0,2.0,0.281,0,0,0.0024752475247524753,9.762450000000001,2.716535433070866,1.9931102362204725,12.5,12.0,120000.0,20000.0,4.0,2.0,0.254,0
248.0,2958,2.6411290322580645,1.9615255376344085,0.0,12.0,120000.0,20000.0,1.0,0.0,0.281,0,0,0.0024752475247524753,9.7627,2.716535433070866,1.9931102362204725,0.0,12.0,120000.0,20000.0,2.0,0.0,0.254,0
213.0,3390,2.464788732394366,1.9072769953051643,0.0,12.0,120000.0,20000.0,3.0,2.0,0.431,3,100,0.0024752475247524753,-3.96755,2.745636399293979,1.9856834673465382,37.5,12.0,120000.0,20000.0,7.0,2.0,0.249,1
214.0,2030,2.5233644859813085,1.917834890965732,0.0,12.0,120000.0,20000.0,3.0,3.0,0.428,3,100,0.0024752475247524753,-3.96755,2.745636399293979,1.9856834673465382,12.5,12.0,120000.0,20000.0,4.0,2.0,0.249,1
249.0,4757,2.6706827309236947,1.96619812583668,0.0,12.0,120000.0,0.0,0.0,1.0,0.277,1,100,0.0024752475247524753,9.78225,2.7450980392156863,2.0220588235294117,0.0,12.0,120000.0,0.0,0.0,1.0,0.25,0
251.0,4307,2.689243027888446,1.971281540504648,0.0,12.0,120000.0,0.0,0.0,3.0,0.267,1,100,0.0024752475247524753,9.865883333333333,2.7450980392156863,2.0220588235294117,0.0,12.0,120000.0,0.0,0.0,3.0,0.251,0
235.0,955,2.6382978723404253,1.9503546099290778,50.0,25.0,400000.0,20000.0,5.0,1.0,0.33,1,100,0.0024752475247524753,9.6615998,2.74499028489117,2.0219794509242988,25.0,25.0,400000.0,20000.0,3.0,1.0,0.246,0
110.0,475,0.6818181818181818,1.0227272727272727,0.0,8.0,80000.0,0.0,0.0,1.0,0.812,2,100,0.0024752475247524753,-3.9678,2.780569842673139,2.019339894546954,0.0,8.0,80000.0,0.0,0.0,1.0,0.244,1
215.0,2939,2.5348837209302326,1.9089147286821708,12.5,12.0,120000.0,20000.0,2.0,0.0,0.423,3,100,0.0024752475247524753,-3.9678,2.773979292830631,2.0145536237546393,12.5,12.0,120000.0,20000.0,2.0,0.0,0.244,1
215.0,3830,2.5348837209302326,1.9089147286821708,0.0,12.0,120000.0,0.0,0.0,2.0,0.423,3,100,0.0024752475247524753,-3.9678,2.773979292830631,2.0145536237546393,0.0,12.0,120000.0,0.0,0.0,2.0,0.244,1
250.0,4304,2.68,1.9666666666666668,0.0,12.0,120000.0,0.0,0.0,3.0,0.272,2,100,0.0024752475247524753,9.78225,2.7734375,2.03857421875,0.0,12.0,120000.0,0.0,0.0,3.0,0.245,0
236.0,4297,2.6271186440677963,1.942090395480226,0.0,12.0,120000.0,0.0,0.0,3.0,0.328,2,100,0.0024752475247524753,-3.8016504166666674,2.773329058500486,2.0384945104294943,0.0,12.0,120000.0,0.0,0.0,3.0,0.242,1
250.0,2048,2.68,1.9666666666666668,12.5,12.0,120000.0,20000.0,4.0,2.0,0.272,0,0,0.0024752475247524753,9.761182916666666,2.773329058500486,2.0384945104294943,25.0,12.0,120000.0,20000.0,5.0,2.0,0.242,0
215.0,3391,2.5348837209302326,1.9089147286821708,0.0,12.0,120000.0,20000.0,3.0,2.0,0.423,3,100,0.0024752475247524753,-3.9678999999999998,2.8021015761821366,2.031037166763962,25.0,12.0,120000.0,20000.0,6.0,2.0,0.242,1
216.0,4747,2.5462962962962963,1.9145447530864197,0.0,12.0,120000.0,0.0,0.0,1.0,0.417,3,100,0.0024752475247524753,-3.9678999999999998,2.8021015761821366,2.031037166763962,0.0,12.0,120000.0,0.0,0.0,1.0,0.242,1
251.0,3848,2.689243027888446,1.971281540504648,0.0,12.0,120000.0,0.0,0.0,2.0,0.267,1,100,0.0024752475247524753,9.78215,2.8015564202334633,2.0306420233463034,0.0,12.0,120000.0,0.0,0.0,2.0,0.243,0
249.0,4306,2.6706827309236947,1.96619812583668,0.0,12.0,120000.0,0.0,0.0,3.0,0.277,1,100,0.0024752475247524753,9.698366666666665,2.8015564202334633,2.0306420233463034,0.0,12.0,120000.0,0.0,0.0,3.0,0.244,0
239.0,3411,2.6359832635983262,1.9569386331938634,12.5,12.0,120000.0,20000.0,5.0,2.0,0.319,2,100,0.0024752475247524753,-3.7178,2.8015564202334633,2.0306420233463034,25.0,12.0,120000.0,20000.0,6.0,2.0,0.244,1
232.0,524,2.6724137931034484,1.9755747126436782,0.0,8.0,80000.0,0.0,0.0,1.0,0.342,1,100,0.0024752475247524753,-3.9678,2.8015564202334633,2.0306420233463034,0.0,8.0,80000.0,0.0,0.0,1.0,0.244,1
237.0,2950,2.6371308016877637,1.9470815752461323,25.0,12.0,120000.0,20000.0,3.0,0.0,0.325,2,100,0.0024752475247524753,-3.796850416666668,2.801447305496,2.0305629341051734,25.0,12.0,120000.0,20000.0,3.0,0.0,0.238,1
251.0,3417,2.689243027888446,1.971281540504648,12.5,12.0,120000.0,20000.0,5.0,2.0,0.267,0,0,0.0024752475247524753,9.760982916666666,2.801447305496,2.0305629341051734,25.0,12.0,120000.0,20000.0,6.0,2.0,0.238,0
216.0,4287,2.5462962962962963,1.9145447530864197,0.0,12.0,120000.0,0.0,0.0,3.0,0.417,3,100,0.0024752475247524753,-3.96815,2.830005815080442,2.0231634037604187,0.0,12.0,120000.0,0.0,0.0,3.0,0.237,1
217.0,2940,2.5576036866359444,1.9297235023041472,12.5,12.0,120000.0,20000.0,2.0,0.0,0.413,3,28,0.0024752475247524753,-3.96815,2.830005815080442,2.0231634037604187,25.0,12.0,120000.0,20000.0,3.0,0.0,0.237,1
254.0,2050,2.716535433070866,1.9931102362204725,12.5,12.0,120000.0,20000.0,4.0,2.0,0.254,2,98,0.0024752475247524753,9.865233333333334,2.8294573643410854,2.087370801033592,25.0,12.0,120000.0,20000.0,5.0,2.0,0.238,0
169.0,1650,1.8343195266272188,1.5347633136094676,0.0,25.0,400000.0,0.0,0.0,1.0,0.586,1,100,0.0024752475247524753,-3.96915,2.8608247422680413,2.0819909793814433,0.0,25.0,400000.0,0.0,0.0,1.0,0.232,1
218.0,4288,2.5688073394495414,1.9543195718654434,0.0,12.0,120000.0,0.0,0.0,3.0,0.408,3,100,0.0024752475247524753,-3.9684,2.857694535624638,2.079712943296647,0.0,12.0,120000.0,0.0,0.0,3.0,0.232,1
217.0,3392,2.5576036866359444,1.9297235023041472,0.0,12.0,120000.0,20000.0,3.0,2.0,0.413,3,100,0.0024752475247524753,-3.9684,2.857694535624638,2.079712943296647,25.0,12.0,120000.0,20000.0,6.0,2.0,0.232,1
253.0,4308,2.707509881422925,1.9804018445322793,0.0,12.0,120000.0,0.0,0.0,3.0,0.259,2,12,0.0024752475247524753,9.781649999999999,2.857142857142857,2.115508365508365,0.0,12.0,120000.0,0.0,0.0,3.0,0.233,0
253.0,3418,2.707509881422925,1.9804018445322793,25.0,12.0,120000.0,20000.0,6.0,2.0,0.259,0,0,0.0024752475247524753,9.760682916666667,2.8570324367000333,2.1154266071286845,12.5,12.0,120000.0,20000.0,5.0,2.0,0.227,0
112.0,476,0.7589285714285714,1.0323660714285714,0.0,8.0,80000.0,0.0,0.0,1.0,0.807,2,42,0.0024752475247524753,-3.96865,2.8919192232207283,2.11270765474181,0.0,8.0,80000.0,0.0,0.0,1.0,0.227,1
114.0,477,0.8771929824561403,1.0964912280701753,0.0,8.0,80000.0,0.0,0.0,1.0,0.8,2,100,0.0024752475247524753,-3.96865,2.8919192232207283,2.11270765474181,0.0,8.0,80000.0,0.0,0.0,1.0,0.227,1
219.0,3832,2.5799086757990866,1.9549086757990868,0.0,12.0,120000.0,0.0,0.0,2.0,0.404,3,100,0.0024752475247524753,-3.96865,2.8851702250432774,2.107777136628839,0.0,12.0,120000.0,0.0,0.0,2.0,0.227,1
219.0,2941,2.5799086757990866,1.9549086757990868,0.0,12.0,120000.0,20000.0,1.0,0.0,0.404,3,23,0.0024752475247524753,-3.96865,2.8851702250432774,2.107777136628839,25.0,12.0,120000.0,20000.0,3.0,0.0,0.227,1
255.0,3419,2.7450980392156863,2.0220588235294117,37.5,12.0,120000.0,20000.0,7.0,2.0,0.251,2,100,0.0024752475247524753,9.840566666666666,2.8846153846153846,2.1674679487179485,12.5,12.0,120000.0,20000.0,5.0,2.0,0.228,0
246.0,2046,2.642276422764228,1.9690040650406504,0.0,12.0,120000.0,20000.0,3.0,2.0,0.29,2,100,0.0024752475247524753,-3.5519333333333334,2.8846153846153846,2.1674679487179485,25.0,12.0,120000.0,20000.0,5.0,2.0,0.228,1
236.0,2041,2.6271186440677963,1.942090395480226,12.5,12.0,120000.0,20000.0,4.0,2.0,0.328,2,100,0.0024752475247524753,-3.9688499999999998,2.884504331198633,2.1673845044145286,25.0,12.0,120000.0,20000.0,5.0,2.0,0.223,1
237.0,3410,2.6371308016877637,1.9470815752461323,25.0,12.0,120000.0,20000.0,6.0,2.0,0.325,2,100,0.0024752475247524753,-3.9226004166666675,2.884504331198633,2.1673845044145286,12.5,12.0,120000.0,20000.0,7.0,2.0,0.223,1
115.0,911,0.9565217391304347,1.0869565217391304,25.0,25.0,400000.0,20000.0,3.0,1.0,0.797,1,100,0.0024752475247524753,-3.9643499999999996,2.884504331198633,2.1673845044145286,25.0,25.0,400000.0,20000.0,3.0,1.0,0.223,1
254.0,2961,2.716535433070866,1.9931102362204725,0.0,12.0,120000.0,20000.0,1.0,0.0,0.254,0,0,0.0024752475247524753,9.760232916666666,2.884504331198633,2.1673845044145286,25.0,12.0,120000.0,20000.0,3.0,0.0,0.223,0
219.0,3393,2.5799086757990866,1.9549086757990868,0.0,12.0,120000.0,20000.0,3.0,2.0,0.404,3,23,0.0024752475247524753,-3.9689,2.8932745736731174,2.1595771859232293,12.5,12.0,120000.0,20000.0,7.0,2.0,0.222,1
255.0,4309,2.7450980392156863,2.0220588235294117,0.0,12.0,120000.0,0.0,0.0,3.0,0.251,2,100,0.0024752475247524753,9.78115,2.89272030651341,2.2110472541507025,0.0,12.0,120000.0,0.0,0.0,3.0,0.223,0
243.0,3844,2.6543209876543212,1.9504458161865565,0.0,12.0,120000.0,0.0,0.0,2.0,0.303,2,100,0.0024752475247524753,-3.719517083333334,2.8926093677403406,2.2109624582342007,0.0,12.0,120000.0,0.0,0.0,2.0,0.218,1
234.0,2040,2.6495726495726495,1.9586894586894588,25.0,12.0,120000.0,20000.0,5.0,2.0,0.333,2,100,0.0024752475247524753,-3.9641,2.8926093677403406,2.2109624582342007,25.0,12.0,120000.0,20000.0,5.0,2.0,0.218,1
172.0,1651,1.9186046511627908,1.5261627906976745,0.0,25.0,400000.0,0.0,0.0,1.0,0.575,1,100,0.0024752475247524753,-3.9699,2.8852399442604755,2.2053296483447893,0.0,25.0,400000.0,0.0,0.0,1.0,0.217,1
250.0,2959,2.68,1.9666666666666668,12.5,12.0,120000.0,20000.0,2.0,0.0,0.272,2,100,0.0024752475247524753,9.530899999999999,2.881679389312977,2.2145356234096694,25.0,12.0,120000.0,20000.0,3.0,0.0,0.218,0
248.0,2055,2.6411290322580645,1.9615255376344085,0.0,12.0,120000.0,20000.0,4.0,2.0,0.281,2,100,0.0024752475247524753,-3.5531504166666674,2.881569295768509,2.2144510178574217,0.0,12.0,120000.0,20000.0,3.0,2.0,0.212,1
237.0,3402,2.6371308016877637,1.9470815752461323,25.0,12.0,120000.0,20000.0,6.0,2.0,0.325,2,100,0.0024752475247524753,-3.9644,2.881569295768509,2.2144510178574217,37.5,12.0,120000.0,20000.0,7.0,2.0,0.212,1
244.0,2956,2.663934426229508,1.9851434426229506,0.0,12.0,120000.0,20000.0,1.0,0.0,0.3,2,100,0.0024752475247524753,-3.719817083333334,2.881569295768509,2.2144510178574217,12.5,12.0,120000.0,20000.0,2.0,0.0,0.212,1
256.0,2051,2.7734375,2.03857421875,12.5,12.0,120000.0,20000.0,4.0,2.0,0.245,0,0,0.0024752475247524753,9.760182916666666,2.881569295768509,2.2144510178574217,0.0,12.0,120000.0,20000.0,3.0,2.0,0.212,0
256.0,2059,2.7734375,2.03857421875,12.5,12.0,120000.0,20000.0,5.0,2.0,0.245,0,0,0.0024752475247524753,9.760182916666666,2.881569295768509,2.2144510178574217,0.0,12.0,120000.0,20000.0,3.0,2.0,0.212,0
256.0,2962,2.7734375,2.03857421875,12.5,12.0,120000.0,20000.0,2.0,0.0,0.245,0,0,0.0024752475247524753,9.759932916666667,2.881569295768509,2.2144510178574217,12.5,12.0,120000.0,20000.0,2.0,0.0,0.212,0
240.0,4299,2.6458333333333335,1.9487847222222223,0.0,12.0,120000.0,0.0,0.0,3.0,0.313,2,100,0.0024752475247524753,-3.8873679166666695,2.881349133914154,2.214281826145397,0.0,12.0,120000.0,0.0,0.0,3.0,0.211,1
175.0,1652,1.9714285714285715,1.5952380952380953,0.0,25.0,400000.0,0.0,0.0,1.0,0.561,1,100,0.0024752475247524753,-3.96995,2.893290754414524,2.208830797983676,0.0,25.0,400000.0,0.0,0.0,1.0,0.211,1
222.0,2034,2.6126126126126126,1.9847972972972974,12.5,12.0,120000.0,20000.0,4.0,2.0,0.39,3,44,0.0024752475247524753,-3.96945,2.8902833238258223,2.20653482918172,0.0,12.0,120000.0,20000.0,3.0,2.0,0.211,1
259.0,4311,2.857142857142857,2.115508365508365,0.0,12.0,120000.0,0.0,0.0,3.0,0.233,1,100,0.0024752475247524753,9.863933333333334,2.8897338403041823,2.2061153358681875,0.0,12.0,120000.0,0.0,0.0,3.0,0.212,0
249.0,3847,2.6706827309236947,1.96619812583668,0.0,12.0,120000.0,0.0,0.0,2.0,0.277,2,100,0.0024752475247524753,-3.5535504166666674,2.8896238588029406,2.206031372468802,0.0,12.0,120000.0,0.0,0.0,2.0,0.204,1
257.0,3420,2.8015564202334633,2.0306420233463034,25.0,12.0,120000.0,20000.0,6.0,2.0,0.244,0,0,0.0024752475247524753,9.759282916666665,2.8896238588029406,2.206031372468802,25.0,12.0,120000.0,20000.0,6.0,2.0,0.204,0
259.0,3421,2.857142857142857,2.115508365508365,25.0,12.0,120000.0,20000.0,6.0,2.0,0.233,2,100,0.0024752475247524753,9.826916666666666,2.878787878787879,2.233270202020202,25.0,12.0,120000.0,20000.0,6.0,2.0,0.205,0
250.0,2056,2.68,1.9666666666666668,12.5,12.0,120000.0,20000.0,5.0,2.0,0.272,2,100,0.0024752475247524753,-3.5536504166666676,2.8786787288860753,2.2331855270689673,0.0,12.0,120000.0,20000.0,3.0,2.0,0.202,1
178.0,1653,2.050561797752809,1.673689138576779,0.0,25.0,400000.0,0.0,0.0,1.0,0.554,1,100,0.0024752475247524753,-3.9701500000000003,2.87142792319832,2.2275605873495743,0.0,25.0,400000.0,0.0,0.0,1.0,0.202,1
259.0,2505,2.857142857142857,2.115508365508365,0.0,12.0,120000.0,20000.0,3.0,0.0,0.233,0,0,0.0024752475247524753,9.7601,2.8679245283018866,2.236635220125786,0.0,12.0,120000.0,20000.0,3.0,0.0,0.202,0
261.0,94,2.89272030651341,2.2110472541507025,0.0,8.0,80000.0,20000.0,1.0,1.0,0.223,1,100,0.0024752475247524753,9.7801,2.8679245283018866,2.236635220125786,0.0,8.0,80000.0,20000.0,1.0,1.0,0.202,0
225.0,2944,2.6222222222222222,1.9953703703703705,0.0,12.0,120000.0,20000.0,1.0,0.0,0.376,3,100,0.0024752475247524753,-3.97015,2.8764805414551606,2.228645735413925,12.5,12.0,120000.0,20000.0,2.0,0.0,0.197,1
247.0,3846,2.631578947368421,1.9610323886639676,0.0,12.0,120000.0,0.0,0.0,2.0,0.287,2,100,0.0024752475247524753,-3.762533750000001,2.8758316275391294,2.2633860031557957,0.0,12.0,120000.0,0.0,0.0,2.0,0.191,1
260.0,2964,2.8846153846153846,2.1674679487179485,25.0,12.0,120000.0,20000.0,3.0,0.0,0.228,0,0,0.0024752475247524753,9.758882916666668,2.8758316275391294,2.2633860031557957,12.5,12.0,120000.0,20000.0,2.0,0.0,0.191,0
177.0,1661,2.005649717514124,1.6654896421845575,0.0,25.0,400000.0,0.0,0.0,1.0,0.555,1,100,0.0024752475247524753,-3.97045,2.887391614537269,2.257727750544564,0.0,25.0,400000.0,0.0,0.0,1.0,0.191,1
226.0,2036,2.6327433628318584,1.9865412979351036,0.0,12.0,120000.0,20000.0,3.0,2.0,0.371,3,100,0.0024752475247524753,-3.97045,2.884435287507024,2.2554161203721046,12.5,12.0,120000.0,20000.0,4.0,2.0,0.191,1
257.0,4761,2.8015564202334633,2.0306420233463034,0.0,12.0,120000.0,0.0,0.0,1.0,0.244,2,100,0.0024752475247524753,9.610933333333334,2.8838951310861423,2.2549937578027466,0.0,12.0,120000.0,0.0,0.0,1.0,0.192,0
180.0,1662,2.083333333333333,1.7245370370370368,0.0,25.0,400000.0,0.0,0.0,1.0,0.547,2,100,0.0024752475247524753,-3.9707,2.8952840032644853,2.249293217589882,0.0,25.0,400000.0,0.0,0.0,1.0,0.186,1
227.0,2945,2.6651982378854626,1.9915565345080763,0.0,12.0,120000.0,20000.0,1.0,0.0,0.367,3,100,0.0024752475247524753,-3.9707,2.892330658704982,2.246998818187473,12.5,12.0,120000.0,20000.0,2.0,0.0,0.186,1
261.0,4312,2.89272030651341,2.2110472541507025,0.0,12.0,120000.0,0.0,0.0,3.0,0.223,2,100,0.0024752475247524753,9.737683333333333,2.8917910447761193,2.269900497512438,0.0,12.0,120000.0,0.0,0.0,3.0,0.187,0
260.0,2053,2.8846153846153846,2.1674679487179485,25.0,12.0,120000.0,20000.0,5.0,2.0,0.228,1,100,0.0024752475247524753,9.700816666666666,2.8917910447761193,2.269900497512438,12.5,12.0,120000.0,20000.0,4.0,2.0,0.188,0
244.0,2045,2.663934426229508,1.9851434426229506,12.5,12.0,120000.0,20000.0,4.0,2.0,0.3,2,100,0.0024752475247524753,-3.9708,2.8916831821161284,2.2698158311234127,12.5,12.0,120000.0,20000.0,4.0,2.0,0.184,1
245.0,4755,2.6530612244897958,1.9770408163265307,0.0,12.0,120000.0,0.0,0.0,1.0,0.294,2,100,0.0024752475247524753,-3.9295504166666677,2.891683038256668,2.26981571820147,0.0,12.0,120000.0,0.0,0.0,1.0,0.184,1
265.0,3424,2.8679245283018866,2.236635220125786,25.0,12.0,120000.0,20000.0,6.0,2.0,0.202,2,100,0.0024752475247524753,9.867433333333334,2.8810408921933086,2.273079306071871,0.0,12.0,120000.0,20000.0,4.0,2.0,0.182,0
261.0,2506,2.89272030651341,2.2110472541507025,12.5,12.0,120000.0,20000.0,4.0,0.0,0.223,2,100,0.0024752475247524753,9.695816666666666,2.8810408921933086,2.273079306071871,12.5,12.0,120000.0,20000.0,3.0,0.0,0.183,0
260.0,2061,2.8846153846153846,2.1674679487179485,25.0,12.0,120000.0,20000.0,5.0,2.0,0.228,1,100,0.0024752475247524753,9.616983333333335,2.8703703703703702,2.2878086419753085,12.5,12.0,120000.0,20000.0,4.0,2.0,0.178,0
255.0,3850,2.7450980392156863,2.0220588235294117,0.0,12.0,120000.0,0.0,0.0,2.0,0.251,2,100,0.0024752475247524753,-3.596717083333334,2.8702639579917797,2.2877238267326945,0.0,12.0,120000.0,0.0,0.0,2.0,0.174,1
250.0,962,2.68,1.9666666666666668,25.0,25.0,400000.0,20000.0,3.0,1.0,0.272,0,0,0.0024752475247524753,9.607999799999998,2.8702639579917797,2.2877238267326945,25.0,25.0,400000.0,20000.0,3.0,1.0,0.174,0
267.0,3425,2.8838951310861423,2.2549937578027466,25.0,12.0,120000.0,20000.0,6.0,2.0,0.192,1,100,0.0024752475247524753,9.867033333333334,2.859778597785978,2.2985854858548587,12.5,12.0,120000.0,20000.0,5.0,2.0,0.174,0
253.0,3849,2.707509881422925,1.9804018445322793,0.0,12.0,120000.0,0.0,0.0,2.0,0.259,2,100,0.0024752475247524753,-3.7213,2.859778597785978,2.2985854858548587,0.0,12.0,120000.0,0.0,0.0,2.0,0.174,1
254.0,2058,2.716535433070866,1.9931102362204725,12.5,12.0,120000.0,20000.0,4.0,2.0,0.254,1,100,0.0024752475247524753,-3.6796333333333333,2.859778597785978,2.2985854858548587,12.5,12.0,120000.0,20000.0,4.0,2.0,0.174,1
265.0,2508,2.8679245283018866,2.236635220125786,0.0,12.0,120000.0,20000.0,3.0,0.0,0.202,2,100,0.0024752475247524753,9.736883333333333,2.849264705882353,2.3016237745098036,25.0,12.0,120000.0,20000.0,4.0,0.0,0.171,0
248.0,525,2.6411290322580645,1.9615255376344085,0.0,8.0,80000.0,0.0,0.0,1.0,0.281,1,100,0.0024752475247524753,-3.9719499999999996,2.849264705882353,2.3016237745098036,0.0,8.0,80000.0,0.0,0.0,1.0,0.171,1
266.0,2064,2.8759398496240602,2.263471177944862,0.0,12.0,120000.0,20000.0,3.0,2.0,0.197,0,0,0.0024752475247524753,9.75855,2.849264705882353,2.3016237745098036,0.0,12.0,120000.0,20000.0,3.0,2.0,0.171,0
247.0,4756,2.631578947368421,1.9610323886639676,0.0,12.0,120000.0,0.0,0.0,1.0,0.287,2,100,0.0024752475247524753,-3.97175,2.849159852609836,2.3015390744872466,0.0,12.0,120000.0,0.0,0.0,1.0,0.165,1
266.0,2967,2.8759398496240602,2.263471177944862,12.5,12.0,120000.0,20000.0,2.0,0.0,0.197,0,0,0.0024752475247524753,9.757832916666667,2.849159852609836,2.3015390744872466,0.0,12.0,120000.0,20000.0,1.0,0.0,0.165,0
121.0,29,1.115702479338843,1.1363636363636365,25.0,8.0,80000.0,20000.0,3.0,1.0,0.778,2,91,0.0024752475247524753,-3.9668,2.845672637026573,2.2987221167378635,0.0,8.0,80000.0,20000.0,1.0,1.0,0.164,1
269.0,4316,2.8810408921933086,2.273079306071871,0.0,12.0,120000.0,0.0,0.0,3.0,0.183,1,100,0.0024752475247524753,9.861583333333334,2.838827838827839,2.3046398046398044,0.0,12.0,120000.0,0.0,0.0,3.0,0.165,0
253.0,963,2.707509881422925,1.9804018445322793,25.0,25.0,400000.0,20000.0,3.0,1.0,0.259,0,0,0.0024752475247524753,9.607249799999998,2.838723752290255,2.3045553042786473,25.0,25.0,400000.0,20000.0,3.0,1.0,0.159,0
232.0,4295,2.6724137931034484,1.9755747126436782,0.0,12.0,120000.0,0.0,0.0,3.0,0.342,3,100,0.0024752475247524753,-3.9721,2.8472348968789927,2.2966478067773926,0.0,12.0,120000.0,0.0,0.0,3.0,0.158,1
263.0,4764,2.8897338403041823,2.2061153358681875,0.0,12.0,120000.0,0.0,0.0,1.0,0.212,2,100,0.0024752475247524753,9.569616666666665,2.846715328467153,2.3190389294403895,0.0,12.0,120000.0,0.0,0.0,1.0,0.159,0
269.0,4767,2.8810408921933086,2.273079306071871,0.0,12.0,120000.0,0.0,0.0,1.0,0.183,1,100,0.0024752475247524753,9.819416666666665,2.846715328467153,2.3190389294403895,0.0,12.0,120000.0,0.0,0.0,1.0,0.16,0
259.0,3852,2.857142857142857,2.115508365508365,0.0,12.0,120000.0,0.0,0.0,2.0,0.233,2,100,0.0024752475247524753,-3.597617083333334,2.8466113336516425,2.3189542114416426,0.0,12.0,120000.0,0.0,0.0,2.0,0.156,1
267.0,4315,2.8838951310861423,2.2549937578027466,0.0,12.0,120000.0,0.0,0.0,3.0,0.192,2,100,0.0024752475247524753,9.694466666666665,2.8363636363636364,2.3106060606060606,0.0,12.0,120000.0,0.0,0.0,3.0,0.156,0
271.0,3427,2.859778597785978,2.2985854858548587,12.5,12.0,120000.0,20000.0,5.0,2.0,0.174,1,100,0.0024752475247524753,9.860933333333334,2.8363636363636364,2.3106060606060606,0.0,12.0,120000.0,20000.0,4.0,2.0,0.157,0
269.0,3426,2.8810408921933086,2.273079306071871,0.0,12.0,120000.0,20000.0,4.0,2.0,0.183,0,0,0.0024752475247524753,9.75785,2.8363636363636364,2.3106060606060606,0.0,12.0,120000.0,20000.0,4.0,2.0,0.157,0
261.0,3853,2.89272030651341,2.2110472541507025,0.0,12.0,120000.0,0.0,0.0,2.0,0.223,2,100,0.0024752475247524753,-3.5562504166666677,2.836260396485204,2.3105219576068037,0.0,12.0,120000.0,0.0,0.0,2.0,0.15,1
269.0,2510,2.8810408921933086,2.273079306071871,12.5,12.0,120000.0,20000.0,3.0,0.0,0.183,0,0,0.0024752475247524753,9.756832916666667,2.836260396485204,2.3105219576068037,12.5,12.0,120000.0,20000.0,4.0,0.0,0.15,0
235.0,3409,2.6382978723404253,1.9503546099290778,25.0,12.0,120000.0,20000.0,7.0,2.0,0.33,3,100,0.0024752475247524753,-3.96755,2.8447182460590685,2.302651446518089,0.0,12.0,120000.0,20000.0,4.0,2.0,0.149,1
271.0,4768,2.859778597785978,2.2985854858548587,0.0,12.0,120000.0,0.0,0.0,1.0,0.174,1,100,0.0024752475247524753,9.819166666666666,2.8442028985507246,2.32487922705314,0.0,12.0,120000.0,0.0,0.0,1.0,0.15,0
271.0,4317,2.859778597785978,2.2985854858548587,0.0,12.0,120000.0,0.0,0.0,3.0,0.174,1,100,0.0024752475247524753,9.819216666666666,2.8442028985507246,2.32487922705314,0.0,12.0,120000.0,0.0,0.0,3.0,0.151,0
257.0,4310,2.8015564202334633,2.0306420233463034,0.0,12.0,120000.0,0.0,0.0,3.0,0.244,2,100,0.0024752475247524753,-3.7641166666666663,2.8442028985507246,2.32487922705314,0.0,12.0,120000.0,0.0,0.0,3.0,0.151,1
258.0,2963,2.8294573643410854,2.087370801033592,25.0,12.0,120000.0,20000.0,3.0,0.0,0.238,2,100,0.0024752475247524753,-3.71745,2.8442028985507246,2.32487922705314,0.0,12.0,120000.0,20000.0,1.0,0.0,0.151,1
235.0,3840,2.6382978723404253,1.9503546099290778,0.0,12.0,120000.0,0.0,0.0,2.0,0.33,3,100,0.0024752475247524753,-3.97255,2.852500451345008,2.316904375037612,0.0,12.0,120000.0,0.0,0.0,2.0,0.149,1
271.0,2511,2.859778597785978,2.2985854858548587,25.0,12.0,120000.0,20000.0,4.0,0.0,0.174,0,0,0.0024752475247524753,9.756782916666666,2.8518825005637884,2.3276836337671214,0.0,12.0,120000.0,20000.0,3.0,0.0,0.144,0
189.0,1665,2.2222222222222223,1.8132716049382713,0.0,25.0,400000.0,0.0,0.0,1.0,0.517,1,100,0.0024752475247524753,-3.9732999999999996,2.845138055222089,2.322178871548619,0.0,25.0,400000.0,0.0,0.0,1.0,0.144,1
253.0,4759,2.707509881422925,1.9804018445322793,0.0,12.0,120000.0,0.0,0.0,1.0,0.259,2,12,0.0024752475247524753,-3.9728,2.841726618705036,2.349370503597122,0.0,12.0,120000.0,0.0,0.0,1.0,0.144,1
190.0,1657,2.236842105263158,1.8146929824561402,0.0,25.0,400000.0,0.0,0.0,1.0,0.516,1,100,0.0024752475247524753,-3.9733500000000004,2.8527683389554794,2.3436658130569783,0.0,25.0,400000.0,0.0,0.0,1.0,0.138,1
238.0,2042,2.6470588235294117,1.9651610644257702,12.5,12.0,120000.0,20000.0,4.0,2.0,0.322,3,100,0.0024752475247524753,-3.9731,2.8499731134611936,2.3413694210431975,12.5,12.0,120000.0,20000.0,4.0,2.0,0.138,1
273.0,4318,2.838827838827839,2.3046398046398044,0.0,12.0,120000.0,0.0,0.0,3.0,0.165,2,100,0.0024752475247524753,9.77695,2.849462365591398,2.3409498207885306,0.0,12.0,120000.0,0.0,0.0,3.0,0.139,0
134.0,487,1.6417910447761193,1.1427238805970148,0.0,8.0,80000.0,0.0,0.0,1.0,0.726,2,100,0.0024752475247524753,-3.9733,2.881758306441596,2.338072538999587,0.0,8.0,80000.0,0.0,0.0,1.0,0.134,1
238.0,4298,2.6470588235294117,1.9651610644257702,0.0,12.0,120000.0,0.0,0.0,3.0,0.322,3,100,0.0024752475247524753,-3.9733,2.8755134845508126,2.3330058939096268,0.0,12.0,120000.0,0.0,0.0,3.0,0.134,1
239.0,2951,2.6359832635983262,1.9569386331938634,12.5,12.0,120000.0,20000.0,2.0,0.0,0.319,3,33,0.0024752475247524753,-3.9733,2.8755134845508126,2.3330058939096268,0.0,12.0,120000.0,20000.0,1.0,0.0,0.134,1
276.0,2972,2.8442028985507246,2.32487922705314,0.0,12.0,120000.0,20000.0,1.0,0.0,0.151,2,100,0.0024752475247524753,9.860083333333334,2.875,2.354910714285714,0.0,12.0,120000.0,20000.0,1.0,0.0,0.135,0
255.0,4760,2.7450980392156863,2.0220588235294117,0.0,12.0,120000.0,0.0,0.0,1.0,0.251,2,100,0.0024752475247524753,-3.97345,2.8748972224242983,2.354826529237294,0.0,12.0,120000.0,0.0,0.0,1.0,0.131,1
239.0,3403,2.6359832635983262,1.9569386331938634,12.5,12.0,120000.0,20000.0,5.0,2.0,0.319,3,33,0.0024752475247524753,-3.9735,2.8830752802989856,2.346947855490301,0.0,12.0,120000.0,20000.0,5.0,2.0,0.13,1
273.0,3855,2.838827838827839,2.3046398046398044,0.0,12.0,120000.0,0.0,0.0,2.0,0.165,2,100,0.0024752475247524753,9.693216666666666,2.882562277580071,2.3576512455516014,0.0,12.0,120000.0,0.0,0.0,2.0,0.131,0
241.0,2952,2.6556016597510372,1.9406984785615493,12.5,12.0,120000.0,20000.0,2.0,0.0,0.312,3,100,0.0024752475247524753,-3.97375,2.890583436779571,2.3497073949281786,12.5,12.0,120000.0,20000.0,2.0,0.0,0.125,1
277.0,4771,2.851985559566787,2.3277677496991576,0.0,12.0,120000.0,0.0,0.0,1.0,0.149,1,100,0.0024752475247524753,9.817716666666666,2.8900709219858154,2.3492907801418443,0.0,12.0,120000.0,0.0,0.0,1.0,0.126,0
276.0,2069,2.8442028985507246,2.32487922705314,0.0,12.0,120000.0,20000.0,3.0,2.0,0.151,1,100,0.0024752475247524753,9.776299999999999,2.8900709219858154,2.3492907801418443,0.0,12.0,120000.0,20000.0,4.0,2.0,0.126,0
264.0,2966,2.878787878787879,2.233270202020202,12.5,12.0,120000.0,20000.0,2.0,0.0,0.205,2,66,0.0024752475247524753,-3.724217083333334,2.8899683383579187,2.3492073916099643,25.0,12.0,120000.0,20000.0,3.0,0.0,0.124,1
196.0,1659,2.2704081632653064,1.8229166666666665,0.0,25.0,400000.0,0.0,0.0,1.0,0.496,1,100,0.0024752475247524753,-3.9741000000000004,2.9185287223849845,2.3436670043394576,0.0,25.0,400000.0,0.0,0.0,1.0,0.123,1
242.0,2044,2.665289256198347,1.9585055096418735,12.5,12.0,120000.0,20000.0,4.0,2.0,0.307,3,100,0.0024752475247524753,-3.97385,2.915709489309065,2.3414030747481887,12.5,12.0,120000.0,20000.0,4.0,2.0,0.123,1
242.0,4300,2.665289256198347,1.9585055096418735,0.0,12.0,120000.0,0.0,0.0,3.0,0.307,3,100,0.0024752475247524753,-3.97385,2.915709489309065,2.3414030747481887,0.0,12.0,120000.0,0.0,0.0,3.0,0.123,1
279.0,4321,2.849462365591398,2.3409498207885306,0.0,12.0,120000.0,0.0,0.0,3.0,0.139,1,100,0.0024752475247524753,9.859533333333333,2.9151943462897525,2.3520318021201416,0.0,12.0,120000.0,0.0,0.0,3.0,0.124,0
243.0,2953,2.6543209876543212,1.9504458161865565,0.0,12.0,120000.0,20000.0,1.0,0.0,0.303,3,100,0.0024752475247524753,-3.9741,2.958267300581088,2.3441627047015317,25.0,12.0,120000.0,20000.0,3.0,0.0,0.118,1
241.0,3843,2.6556016597510372,1.9406984785615493,0.0,12.0,120000.0,0.0,0.0,2.0,0.312,3,100,0.0024752475247524753,-3.9741,2.958267300581088,2.3441627047015317,0.0,12.0,120000.0,0.0,0.0,2.0,0.118,1
242.0,2955,2.665289256198347,1.9585055096418735,0.0,12.0,120000.0,20000.0,1.0,0.0,0.307,3,100,0.0024752475247524753,-3.9741,2.958267300581088,2.3441627047015317,25.0,12.0,120000.0,20000.0,3.0,0.0,0.118,1
277.0,4320,2.851985559566787,2.3277677496991576,0.0,12.0,120000.0,0.0,0.0,3.0,0.149,2,100,0.0024752475247524753,9.734283333333334,2.9577464788732395,2.3547535211267605,0.0,12.0,120000.0,0.0,0.0,3.0,0.119,0
273.0,2512,2.838827838827839,2.3046398046398044,25.0,12.0,120000.0,20000.0,5.0,0.0,0.165,2,100,0.0024752475247524753,9.572666666666667,2.9577464788732395,2.3547535211267605,0.0,12.0,120000.0,20000.0,4.0,0.0,0.12,0
258.0,530,2.8294573643410854,2.087370801033592,0.0,8.0,80000.0,0.0,0.0,1.0,0.238,1,100,0.0024752475247524753,-3.974,2.9577464788732395,2.3547535211267605,0.0,8.0,80000.0,0.0,0.0,1.0,0.12,1
279.0,4772,2.849462365591398,2.3409498207885306,0.0,12.0,120000.0,0.0,0.0,1.0,0.139,1,100,0.0024752475247524753,9.7759,2.9473684210526314,2.357456140350877,0.0,12.0,120000.0,0.0,0.0,1.0,0.118,0
261.0,3422,2.89272030651341,2.2110472541507025,12.5,12.0,120000.0,20000.0,7.0,2.0,0.223,2,100,0.0024752475247524753,-3.9741,2.9473684210526314,2.357456140350877,12.5,12.0,120000.0,20000.0,5.0,2.0,0.118,1
265.0,967,2.8679245283018866,2.236635220125786,25.0,25.0,400000.0,20000.0,3.0,1.0,0.202,0,0,0.0024752475247524753,9.604749799999999,2.9472649048361497,2.3573733427818904,37.5,25.0,400000.0,20000.0,4.0,1.0,0.114,0
198.0,1668,2.272727272727273,1.8045033670033672,0.0,25.0,400000.0,0.0,0.0,1.0,0.487,1,100,0.0024752475247524753,-3.9743,2.975391655762634,2.3518720808417877,0.0,25.0,400000.0,0.0,0.0,1.0,0.114,1
245.0,2954,2.6530612244897958,1.9770408163265307,0.0,12.0,120000.0,20000.0,1.0,0.0,0.294,3,100,0.0024752475247524753,-3.9743,2.9725476481902433,2.3496240601503757,37.5,12.0,120000.0,20000.0,4.0,0.0,0.114,1
245.0,3845,2.6530612244897958,1.9770408163265307,0.0,12.0,120000.0,0.0,0.0,2.0,0.294,3,100,0.0024752475247524753,-3.9743,2.9725476481902433,2.3496240601503757,0.0,12.0,120000.0,0.0,0.0,2.0,0.114,1
280.0,2974,2.875,2.354910714285714,0.0,12.0,120000.0,20000.0,1.0,0.0,0.135,0,0,0.0024752475247524753,9.755199999999999,2.972027972027972,2.3929195804195804,25.0,12.0,120000.0,20000.0,4.0,0.0,0.114,0
245.0,3414,2.6530612244897958,1.9770408163265307,12.5,12.0,120000.0,20000.0,5.0,2.0,0.294,3,100,0.0024752475247524753,-3.97455,2.9970378114654124,2.3849973863042346,12.5,12.0,120000.0,20000.0,5.0,2.0,0.109,1
246.0,4302,2.642276422764228,1.9690040650406504,0.0,12.0,120000.0,0.0,0.0,3.0,0.29,3,100,0.0024752475247524753,-3.97455,2.9970378114654124,2.3849973863042346,0.0,12.0,120000.0,0.0,0.0,3.0,0.109,1
261.0,4763,2.89272030651341,2.2110472541507025,0.0,12.0,120000.0,0.0,0.0,1.0,0.223,2,100,0.0024752475247524753,-3.97495,2.996411170467539,2.406274958842028,0.0,12.0,120000.0,0.0,0.0,1.0,0.101,1
275.0,2513,2.8363636363636364,2.3106060606060606,25.0,12.0,120000.0,20000.0,5.0,0.0,0.157,2,100,0.0024752475247524753,-3.5115666666666665,2.986111111111111,2.4088541666666665,0.0,12.0,120000.0,20000.0,4.0,0.0,0.102,1
280.0,2071,2.875,2.354910714285714,12.5,12.0,120000.0,20000.0,4.0,2.0,0.135,1,100,0.0024752475247524753,9.691816666666666,2.986111111111111,2.4088541666666665,25.0,12.0,120000.0,20000.0,5.0,2.0,0.103,0
270.0,2969,2.8703703703703702,2.2878086419753085,12.5,12.0,120000.0,20000.0,2.0,0.0,0.178,2,100,0.0024752475247524753,-3.72485,2.986111111111111,2.4088541666666665,37.5,12.0,120000.0,20000.0,4.0,0.0,0.103,1
264.0,2063,2.878787878787879,2.233270202020202,0.0,12.0,120000.0,20000.0,3.0,2.0,0.205,2,100,0.0024752475247524753,-3.97485,2.986111111111111,2.4088541666666665,25.0,12.0,120000.0,20000.0,5.0,2.0,0.103,1
272.0,2067,2.849264705882353,2.3016237745098036,0.0,12.0,120000.0,20000.0,3.0,2.0,0.171,1,100,0.0024752475247524753,-3.6415166666666665,2.986111111111111,2.4088541666666665,25.0,12.0,120000.0,20000.0,5.0,2.0,0.103,1
282.0,2072,2.8900709219858154,2.3492907801418443,0.0,12.0,120000.0,20000.0,3.0,2.0,0.126,0,0,0.0024752475247524753,9.754232916666666,2.9860073266203493,2.4087704451661245,12.5,12.0,120000.0,20000.0,4.0,2.0,0.098,0
282.0,2975,2.8900709219858154,2.3492907801418443,12.5,12.0,120000.0,20000.0,2.0,0.0,0.126,0,0,0.0024752475247524753,9.753982916666665,2.9860073266203493,2.4087704451661245,25.0,12.0,120000.0,20000.0,3.0,0.0,0.098,0
279.0,2515,2.849462365591398,2.3409498207885306,0.0,12.0,120000.0,20000.0,4.0,0.0,0.139,2,100,0.0024752475247524753,9.608233333333333,2.975778546712803,2.422145328719723,0.0,12.0,120000.0,20000.0,4.0,0.0,0.098,0
249.0,3416,2.6706827309236947,1.96619812583668,0.0,12.0,120000.0,20000.0,4.0,2.0,0.277,3,100,0.0024752475247524753,-3.97535,2.9832729780996723,2.414209346439041,0.0,12.0,120000.0,20000.0,4.0,2.0,0.093,1
277.0,2514,2.851985559566787,2.3277677496991576,12.5,12.0,120000.0,20000.0,4.0,0.0,0.149,2,100,0.0024752475247524753,-3.5169666666666664,2.9827586206896552,2.4353448275862073,25.0,12.0,120000.0,20000.0,6.0,0.0,0.094,1
278.0,2973,2.841726618705036,2.349370503597122,0.0,12.0,120000.0,20000.0,1.0,0.0,0.144,2,100,0.0024752475247524753,9.52475,2.9827586206896552,2.4353448275862073,25.0,12.0,120000.0,20000.0,3.0,0.0,0.095,0
284.0,2073,2.9577464788732395,2.3547535211267605,12.5,12.0,120000.0,20000.0,4.0,2.0,0.12,0,0,0.0024752475247524753,9.754032916666667,2.982655667644024,2.4352607691024177,0.0,12.0,120000.0,20000.0,3.0,2.0,0.089,0
284.0,2976,2.9577464788732395,2.3547535211267605,25.0,12.0,120000.0,20000.0,3.0,0.0,0.12,0,0,0.0024752475247524753,9.753782916666667,2.982655667644024,2.4352607691024177,12.5,12.0,120000.0,20000.0,2.0,0.0,0.089,0
246.0,2957,2.642276422764228,1.9690040650406504,0.0,12.0,120000.0,20000.0,1.0,0.0,0.29,3,100,0.0024752475247524753,-3.9756,2.9902045024918373,2.427393022856161,12.5,12.0,120000.0,20000.0,2.0,0.0,0.088,1
283.0,3860,2.9151943462897525,2.3520318021201416,0.0,12.0,120000.0,0.0,0.0,2.0,0.124,2,100,0.0024752475247524753,9.691116666666666,2.9896907216494846,2.437714776632302,0.0,12.0,120000.0,0.0,0.0,2.0,0.089,0
272.0,2970,2.849264705882353,2.3016237745098036,12.5,12.0,120000.0,20000.0,2.0,0.0,0.171,2,100,0.0024752475247524753,-3.767933750000001,2.989587883935676,2.437630925479161,12.5,12.0,120000.0,20000.0,2.0,0.0,0.083,1
267.0,4766,2.8838951310861423,2.2549937578027466,0.0,12.0,120000.0,0.0,0.0,1.0,0.192,2,100,0.0024752475247524753,-3.97585,2.989587883935676,2.437630925479161,0.0,12.0,120000.0,0.0,0.0,1.0,0.083,1
271.0,969,2.859778597785978,2.2985854858548587,25.0,25.0,400000.0,20000.0,3.0,1.0,0.174,0,0,0.0024752475247524753,9.603199799999999,2.989587883935676,2.437630925479161,37.5,25.0,400000.0,20000.0,4.0,1.0,0.083,0
288.0,101,2.986111111111111,2.4088541666666665,0.0,8.0,80000.0,20000.0,1.0,1.0,0.103,0,0,0.0024752475247524753,9.75415,2.9794520547945202,2.4293664383561646,0.0,8.0,80000.0,20000.0,1.0,1.0,0.083,0
277.0,3857,2.851985559566787,2.3277677496991576,0.0,12.0,120000.0,0.0,0.0,2.0,0.149,2,100,0.0024752475247524753,-3.6015170833333343,2.9793499202304745,2.4292831605327496,0.0,12.0,120000.0,0.0,0.0,2.0,0.078,1
286.0,2977,2.972027972027972,2.3929195804195804,25.0,12.0,120000.0,20000.0,3.0,0.0,0.114,0,0,0.0024752475247524753,9.753482916666666,2.9793499202304745,2.4292831605327496,0.0,12.0,120000.0,20000.0,1.0,0.0,0.078,0
252.0,2049,2.6984126984126986,1.9758597883597884,25.0,12.0,120000.0,20000.0,5.0,2.0,0.263,3,100,0.0024752475247524753,-3.97115,3.0039255845707458,2.421488308585083,0.0,12.0,120000.0,20000.0,3.0,2.0,0.077,1
252.0,2960,2.6984126984126986,1.9758597883597884,12.5,12.0,120000.0,20000.0,2.0,0.0,0.263,3,100,0.0024752475247524753,-3.97615,3.0039255845707458,2.421488308585083,0.0,12.0,120000.0,20000.0,1.0,0.0,0.077,1
286.0,2074,2.972027972027972,2.3929195804195804,25.0,12.0,120000.0,20000.0,5.0,2.0,0.114,2,100,0.0024752475247524753,9.737233333333334,3.0034129692832763,2.431740614334471,0.0,12.0,120000.0,20000.0,3.0,2.0,0.078,0
289.0,4326,2.975778546712803,2.422145328719723,0.0,12.0,120000.0,0.0,0.0,3.0,0.098,1,100,0.0024752475247524753,9.857283333333333,3.0034129692832763,2.431740614334471,0.0,12.0,120000.0,0.0,0.0,3.0,0.079,0
251.0,4758,2.689243027888446,1.971281540504648,0.0,12.0,120000.0,0.0,0.0,1.0,0.267,3,100,0.0024752475247524753,-3.97645,3.0277258037081136,2.423881612519136,0.0,12.0,120000.0,0.0,0.0,1.0,0.071,1
252.0,2057,2.6984126984126986,1.9758597883597884,25.0,12.0,120000.0,20000.0,5.0,2.0,0.263,3,100,0.0024752475247524753,-3.97145,3.0277258037081136,2.423881612519136,0.0,12.0,120000.0,20000.0,3.0,2.0,0.071,1
283.0,4774,2.9151943462897525,2.3520318021201416,0.0,12.0,120000.0,0.0,0.0,1.0,0.124,2,100,0.0024752475247524753,9.565266666666666,3.0272108843537415,2.423469387755102,0.0,12.0,120000.0,0.0,0.0,1.0,0.072,0
283.0,2517,2.9151943462897525,2.3520318021201416,12.5,12.0,120000.0,20000.0,5.0,0.0,0.124,2,100,0.0024752475247524753,9.565316666666666,3.0272108843537415,2.423469387755102,50.0,12.0,120000.0,20000.0,7.0,0.0,0.073,0
274.0,970,2.846715328467153,2.3190389294403895,25.0,25.0,400000.0,20000.0,3.0,1.0,0.16,1,100,0.0024752475247524753,9.6277498,3.02710781853992,2.423386877201902,25.0,25.0,400000.0,20000.0,3.0,1.0,0.069,0
289.0,3863,2.975778546712803,2.422145328719723,0.0,12.0,120000.0,0.0,0.0,2.0,0.098,1,100,0.0024752475247524753,9.77345,3.016949152542373,2.415254237288136,0.0,12.0,120000.0,0.0,0.0,2.0,0.069,0
279.0,3858,2.849462365591398,2.3409498207885306,0.0,12.0,120000.0,0.0,0.0,2.0,0.139,2,100,0.0024752475247524753,-3.6432166666666665,3.016949152542373,2.415254237288136,0.0,12.0,120000.0,0.0,0.0,2.0,0.069,1
289.0,2520,2.975778546712803,2.422145328719723,0.0,12.0,120000.0,20000.0,4.0,0.0,0.098,0,0,0.0024752475247524753,9.75295,3.016949152542373,2.415254237288136,25.0,12.0,120000.0,20000.0,7.0,0.0,0.069,0
289.0,2531,2.975778546712803,2.422145328719723,0.0,12.0,120000.0,20000.0,5.0,0.0,0.098,0,0,0.0024752475247524753,9.75295,3.016949152542373,2.415254237288136,25.0,12.0,120000.0,20000.0,7.0,0.0,0.069,0
289.0,4777,2.975778546712803,2.422145328719723,0.0,12.0,120000.0,0.0,0.0,1.0,0.098,1,100,0.0024752475247524753,9.731383333333333,3.006756756756757,2.4176520270270268,0.0,12.0,120000.0,0.0,0.0,1.0,0.066,0
291.0,4327,2.9896907216494846,2.437714776632302,0.0,12.0,120000.0,0.0,0.0,3.0,0.089,1,100,0.0024752475247524753,9.815016666666665,3.006756756756757,2.4176520270270268,0.0,12.0,120000.0,0.0,0.0,3.0,0.067,0
210.0,1672,2.357142857142857,1.9047619047619047,0.0,25.0,400000.0,0.0,0.0,1.0,0.44,1,100,0.0024752475247524753,-3.9772000000000003,3.0,2.412219101123595,0.0,25.0,400000.0,0.0,0.0,1.0,0.061,1
293.0,4328,3.0034129692832763,2.431740614334471,0.0,12.0,120000.0,0.0,0.0,3.0,0.079,1,100,0.0024752475247524753,9.856433333333333,2.9966329966329965,2.4200336700336704,0.0,12.0,120000.0,0.0,0.0,3.0,0.062,0
272.0,537,2.849264705882353,2.3016237745098036,0.0,8.0,80000.0,0.0,0.0,1.0,0.171,1,100,0.0024752475247524753,-3.97835,2.9965320024062487,2.4199521086848215,0.0,8.0,80000.0,0.0,0.0,1.0,0.058,1
257.0,3851,2.8015564202334633,2.0306420233463034,0.0,12.0,120000.0,0.0,0.0,2.0,0.244,3,100,0.0024752475247524753,-3.9771,3.0038597080046987,2.4123175029367343,0.0,12.0,120000.0,0.0,0.0,2.0,0.058,1
293.0,4779,3.0034129692832763,2.431740614334471,0.0,12.0,120000.0,0.0,0.0,1.0,0.079,1,100,0.0024752475247524753,9.814616666666666,3.0033557046979866,2.4119127516778525,0.0,12.0,120000.0,0.0,0.0,1.0,0.059,0
273.0,3428,2.838827838827839,2.3046398046398044,12.5,12.0,120000.0,20000.0,5.0,2.0,0.165,2,100,0.0024752475247524753,-3.97705,3.0033557046979866,2.4119127516778525,0.0,12.0,120000.0,20000.0,4.0,2.0,0.059,1
294.0,104,3.0272108843537415,2.423469387755102,0.0,8.0,80000.0,20000.0,1.0,1.0,0.073,0,0,0.0024752475247524753,9.75295,3.0033557046979866,2.4119127516778525,0.0,8.0,80000.0,20000.0,1.0,1.0,0.059,0
258.0,2060,2.8294573643410854,2.087370801033592,25.0,12.0,120000.0,20000.0,5.0,2.0,0.238,3,100,0.0024752475247524753,-3.97215,3.010536879076769,2.404248202040475,12.5,12.0,120000.0,20000.0,4.0,2.0,0.057,1
273.0,4769,2.838827838827839,2.3046398046398044,0.0,12.0,120000.0,0.0,0.0,1.0,0.165,2,100,0.0024752475247524753,-3.97715,3.0100334448160537,2.403846153846154,0.0,12.0,120000.0,0.0,0.0,1.0,0.057,1
293.0,2533,3.0034129692832763,2.431740614334471,25.0,12.0,120000.0,20000.0,6.0,0.0,0.079,0,0,0.0024752475247524753,9.751082916666666,3.0099326775046764,2.403765679951651,50.0,12.0,120000.0,20000.0,8.0,0.0,0.05,0
258.0,2052,2.8294573643410854,2.087370801033592,25.0,12.0,120000.0,20000.0,5.0,2.0,0.238,3,100,0.0024752475247524753,-3.9726,3.0071440438611066,2.398654261505233,12.5,12.0,120000.0,20000.0,4.0,2.0,0.048,1
295.0,2523,3.016949152542373,2.415254237288136,25.0,12.0,120000.0,20000.0,5.0,0.0,0.069,0,0,0.0024752475247524753,9.750782916666667,3.0065445331867866,2.398176060656587,50.0,12.0,120000.0,20000.0,8.0,0.0,0.044,0
295.0,2534,3.016949152542373,2.415254237288136,25.0,12.0,120000.0,20000.0,6.0,0.0,0.069,0,0,0.0024752475247524753,9.750782916666667,3.0065445331867866,2.398176060656587,50.0,12.0,120000.0,20000.0,8.0,0.0,0.044,0
259.0,4762,2.857142857142857,2.115508365508365,0.0,12.0,120000.0,0.0,0.0,1.0,0.233,3,100,0.0024752475247524753,-3.9778,3.013743997350555,2.390710382513661,0.0,12.0,120000.0,0.0,0.0,1.0,0.044,1
216.0,1674,2.5462962962962963,1.9145447530864197,0.0,25.0,400000.0,0.0,0.0,1.0,0.417,1,100,0.0024752475247524753,-3.9782500000000005,3.0395470511035847,2.4228273595753214,0.0,25.0,400000.0,0.0,0.0,1.0,0.04,1
262.0,2054,2.881679389312977,2.2145356234096694,25.0,12.0,120000.0,20000.0,5.0,2.0,0.218,3,100,0.0024752475247524753,-3.9730000000000003,3.036804753259614,2.420641469989547,12.5,12.0,120000.0,20000.0,4.0,2.0,0.04,1
262.0,2965,2.881679389312977,2.2145356234096694,25.0,12.0,120000.0,20000.0,3.0,0.0,0.218,3,100,0.0024752475247524753,-3.9730000000000003,3.036804753259614,2.420641469989547,12.5,12.0,120000.0,20000.0,2.0,0.0,0.04,1
291.0,2521,2.9896907216494846,2.437714776632302,25.0,12.0,120000.0,20000.0,6.0,0.0,0.089,2,100,0.0024752475247524753,9.527050000000001,3.036303630363036,2.430555555555556,62.5,12.0,120000.0,20000.0,9.0,0.0,0.041,0
297.0,2981,2.9966329966329965,2.4200336700336704,0.0,12.0,120000.0,20000.0,1.0,0.0,0.062,0,0,0.0024752475247524753,9.75205,3.036303630363036,2.430555555555556,0.0,12.0,120000.0,20000.0,1.0,0.0,0.041,0
297.0,2524,2.9966329966329965,2.4200336700336704,50.0,12.0,120000.0,20000.0,7.0,0.0,0.062,0,0,0.0024752475247524753,9.750182916666665,3.036203325428094,2.430475261636846,62.5,12.0,120000.0,20000.0,9.0,0.0,0.037,0
297.0,2535,2.9966329966329965,2.4200336700336704,50.0,12.0,120000.0,20000.0,8.0,0.0,0.062,0,0,0.0024752475247524753,9.750182916666665,3.036203325428094,2.430475261636846,62.5,12.0,120000.0,20000.0,9.0,0.0,0.037,0
283.0,973,2.9151943462897525,2.3520318021201416,37.5,25.0,400000.0,20000.0,4.0,1.0,0.124,0,0,0.0024752475247524753,9.600899799999999,3.036203325428094,2.430475261636846,37.5,25.0,400000.0,20000.0,4.0,1.0,0.037,0
138.0,489,1.7028985507246377,1.1096014492753623,0.0,8.0,80000.0,0.0,0.0,1.0,0.71,2,100,0.0024752475247524753,-3.97815,3.082315865994005,2.4278044978361866,0.0,8.0,80000.0,0.0,0.0,1.0,0.037,1
262.0,2062,2.881679389312977,2.2145356234096694,25.0,12.0,120000.0,20000.0,5.0,2.0,0.218,3,100,0.0024752475247524753,-3.97315,3.076163842737292,2.4229588199813565,12.5,12.0,120000.0,20000.0,4.0,2.0,0.037,1
263.0,2507,2.8897338403041823,2.2061153358681875,12.5,12.0,120000.0,20000.0,4.0,0.0,0.212,3,100,0.0024752475247524753,-3.97815,3.076163842737292,2.4229588199813565,62.5,12.0,120000.0,20000.0,9.0,0.0,0.037,1
263.0,3854,2.8897338403041823,2.2061153358681875,0.0,12.0,120000.0,0.0,0.0,2.0,0.212,3,100,0.0024752475247524753,-3.97815,3.076163842737292,2.4229588199813565,0.0,12.0,120000.0,0.0,0.0,2.0,0.037,1
300.0,107,3.0,2.40625,0.0,8.0,80000.0,20000.0,1.0,1.0,0.05,1,100,0.0024752475247524753,9.7716,3.075657894736842,2.4328399122807016,12.5,8.0,80000.0,20000.0,2.0,1.0,0.037,0
278.0,540,2.841726618705036,2.349370503597122,0.0,8.0,80000.0,0.0,0.0,1.0,0.144,1,100,0.0024752475247524753,-3.9794000000000005,3.075556623941429,2.4327598072620478,0.0,8.0,80000.0,0.0,0.0,1.0,0.032,1
161.0,926,1.8012422360248446,1.358695652173913,50.0,25.0,400000.0,20000.0,5.0,1.0,0.615,1,100,0.0024752475247524753,-3.9499000000000004,3.075556623941429,2.4327598072620478,37.5,25.0,400000.0,20000.0,4.0,1.0,0.032,1
263.0,3423,2.8897338403041823,2.2061153358681875,37.5,12.0,120000.0,20000.0,7.0,2.0,0.212,3,100,0.0024752475247524753,-3.96095,3.0824725364813905,2.425260971744002,12.5,12.0,120000.0,20000.0,5.0,2.0,0.031,1
299.0,2525,3.0100334448160537,2.403846153846154,62.5,12.0,120000.0,20000.0,9.0,0.0,0.057,2,99,0.0024752475247524753,9.8141,3.081967213114754,2.4419398907103824,50.0,12.0,120000.0,20000.0,9.0,0.0,0.032,0
297.0,3431,2.9966329966329965,2.4200336700336704,0.0,12.0,120000.0,20000.0,4.0,2.0,0.062,1,100,0.0024752475247524753,9.688316666666665,3.081967213114754,2.4419398907103824,12.5,12.0,120000.0,20000.0,5.0,2.0,0.033,0
263.0,4313,2.8897338403041823,2.2061153358681875,0.0,12.0,120000.0,0.0,0.0,3.0,0.212,3,100,0.0024752475247524753,-3.9787,3.1050825298251348,2.4343574658168547,0.0,12.0,120000.0,0.0,0.0,3.0,0.026,1
265.0,4765,2.8679245283018866,2.236635220125786,0.0,12.0,120000.0,0.0,0.0,1.0,0.202,3,100,0.0024752475247524753,-3.9787,3.1050825298251348,2.4343574658168547,0.0,12.0,120000.0,0.0,0.0,1.0,0.026,1
295.0,3430,3.016949152542373,2.415254237288136,0.0,12.0,120000.0,20000.0,4.0,2.0,0.069,2,100,0.0024752475247524753,9.563016666666666,3.104575163398693,2.4645969498910674,12.5,12.0,120000.0,20000.0,5.0,2.0,0.027,0
301.0,3869,3.0066445182724255,2.3982558139534884,0.0,12.0,120000.0,0.0,0.0,2.0,0.048,2,100,0.0024752475247524753,9.813066666666666,3.104575163398693,2.4645969498910674,0.0,12.0,120000.0,0.0,0.0,2.0,0.028,0
283.0,4323,2.9151943462897525,2.3520318021201416,0.0,12.0,120000.0,0.0,0.0,3.0,0.124,2,100,0.0024752475247524753,-3.9375004166666674,3.1044736085594065,2.464516329601985,0.0,12.0,120000.0,0.0,0.0,3.0,0.025,1
282.0,542,2.8900709219858154,2.3492907801418443,0.0,8.0,80000.0,0.0,0.0,1.0,0.126,1,100,0.0024752475247524753,-3.97975,3.1044736085594065,2.464516329601985,0.0,8.0,80000.0,0.0,0.0,1.0,0.025,1
302.0,108,3.0132450331125824,2.4282560706401766,12.5,8.0,80000.0,20000.0,2.0,1.0,0.044,0,0,0.0024752475247524753,9.750624375,3.1044736085594065,2.464516329601985,0.0,8.0,80000.0,20000.0,1.0,1.0,0.025,0
142.0,491,1.7605633802816902,1.1003521126760563,0.0,8.0,80000.0,0.0,0.0,1.0,0.693,2,100,0.0024752475247524753,-3.97875,3.1010956192584915,2.4618346802008197,0.0,8.0,80000.0,0.0,0.0,1.0,0.025,1
219.0,1675,2.5799086757990866,1.9549086757990868,0.0,25.0,400000.0,0.0,0.0,1.0,0.404,1,100,0.0024752475247524753,-3.979,3.0977249731728866,2.4591588602819847,0.0,25.0,400000.0,0.0,0.0,1.0,0.025,1
293.0,2522,3.0034129692832763,2.431740614334471,25.0,12.0,120000.0,20000.0,6.0,0.0,0.079,2,100,0.0024752475247524753,-3.5590333333333333,3.0944625407166124,2.466748099891422,50.0,12.0,120000.0,20000.0,9.0,0.0,0.026,1
301.0,3433,3.0066445182724255,2.3982558139534884,0.0,12.0,120000.0,20000.0,4.0,2.0,0.048,0,0,0.0024752475247524753,9.7513,3.0944625407166124,2.466748099891422,0.0,12.0,120000.0,20000.0,4.0,2.0,0.026,0
295.0,2980,3.016949152542373,2.415254237288136,0.0,12.0,120000.0,20000.0,1.0,0.0,0.069,2,100,0.0024752475247524753,-3.479417083333334,3.0943616463841033,2.466667672062766,12.5,12.0,120000.0,20000.0,2.0,0.0,0.02,1
301.0,2526,3.0066445182724255,2.3982558139534884,62.5,12.0,120000.0,20000.0,9.0,0.0,0.048,0,0,0.0024752475247524753,9.749832916666666,3.0943616463841033,2.466667672062766,37.5,12.0,120000.0,20000.0,8.0,0.0,0.02,0
267.0,2509,2.8838951310861423,2.2549937578027466,0.0,12.0,120000.0,20000.0,3.0,0.0,0.192,3,100,0.0024752475247524753,-3.979,3.117389186556259,2.4591383882664934,37.5,12.0,120000.0,20000.0,8.0,0.0,0.02,1
265.0,4314,2.8679245283018866,2.236635220125786,0.0,12.0,120000.0,0.0,0.0,3.0,0.202,3,100,0.0024752475247524753,-3.979,3.117389186556259,2.4591383882664934,0.0,12.0,120000.0,0.0,0.0,3.0,0.02,1
303.0,3870,3.036303630363036,2.430555555555556,0.0,12.0,120000.0,0.0,0.0,2.0,0.041,1,100,0.0024752475247524753,9.812716666666665,3.116883116883117,2.4655032467532467,0.0,12.0,120000.0,0.0,0.0,2.0,0.021,0
293.0,3865,3.0034129692832763,2.431740614334471,0.0,12.0,120000.0,0.0,0.0,2.0,0.079,2,100,0.0024752475247524753,-3.604667083333334,3.1167818214739187,2.4654231205018307,0.0,12.0,120000.0,0.0,0.0,2.0,0.015,1
268.0,2065,2.8917910447761193,2.269900497512438,12.5,12.0,120000.0,20000.0,4.0,2.0,0.188,3,100,0.0024752475247524753,-3.9793,3.123482764201327,2.4579219938501375,0.0,12.0,120000.0,20000.0,3.0,2.0,0.014,1
301.0,2537,3.0066445182724255,2.3982558139534884,62.5,12.0,120000.0,20000.0,10.0,0.0,0.048,2,100,0.0024752475247524753,9.729916666666666,3.1229773462783172,2.4676375404530746,37.5,12.0,120000.0,20000.0,8.0,0.0,0.015,0
296.0,2079,3.006756756756757,2.4176520270270268,0.0,12.0,120000.0,20000.0,3.0,2.0,0.067,2,100,0.0024752475247524753,-3.521583750000001,3.122876181260277,2.46755760436369,0.0,12.0,120000.0,20000.0,3.0,2.0,0.01,1
303.0,2527,3.036303630363036,2.430555555555556,62.5,12.0,120000.0,20000.0,9.0,0.0,0.041,0,0,0.0024752475247524753,9.749832916666668,3.122876181260277,2.46755760436369,12.5,12.0,120000.0,20000.0,6.0,0.0,0.01,0
303.0,2538,3.036303630363036,2.430555555555556,62.5,12.0,120000.0,20000.0,10.0,0.0,0.041,0,0,0.0024752475247524753,9.749832916666668,3.122876181260277,2.46755760436369,12.5,12.0,120000.0,20000.0,6.0,0.0,0.01,0
289.0,975,2.975778546712803,2.422145328719723,37.5,25.0,400000.0,20000.0,4.0,1.0,0.098,0,0,0.0024752475247524753,9.5997998,3.122876181260277,2.46755760436369,25.0,25.0,400000.0,20000.0,3.0,1.0,0.01,0
144.0,492,1.7708333333333333,1.0850694444444444,0.0,8.0,80000.0,0.0,0.0,1.0,0.682,2,100,0.0024752475247524753,-3.9795,3.13567439191596,2.464898684366927,0.0,8.0,80000.0,0.0,0.0,1.0,0.01,1
268.0,2968,2.8917910447761193,2.269900497512438,12.5,12.0,120000.0,20000.0,2.0,0.0,0.188,3,100,0.0024752475247524753,-3.9795,3.1295370221003385,2.460074205517019,12.5,12.0,120000.0,20000.0,2.0,0.0,0.01,1
305.0,3435,3.081967213114754,2.4419398907103824,12.5,12.0,120000.0,20000.0,5.0,2.0,0.033,2,100,0.0024752475247524753,9.812216666666666,3.129032258064516,2.459677419354839,0.0,12.0,120000.0,20000.0,4.0,2.0,0.011,0
294.0,2078,3.0272108843537415,2.423469387755102,0.0,12.0,120000.0,20000.0,3.0,2.0,0.073,1,100,0.0024752475247524753,-3.6461166666666665,3.129032258064516,2.459677419354839,0.0,12.0,120000.0,20000.0,3.0,2.0,0.011,1
270.0,2066,2.8703703703703702,2.2878086419753085,12.5,12.0,120000.0,20000.0,4.0,2.0,0.178,3,100,0.0024752475247524753,-3.97955,3.135552339604438,2.452162727126548,0.0,12.0,120000.0,20000.0,3.0,2.0,0.009,1
305.0,2985,3.081967213114754,2.4419398907103824,0.0,12.0,120000.0,20000.0,1.0,0.0,0.033,0,0,0.0024752475247524753,9.75045,3.135048231511254,2.4618167202572345,0.0,12.0,120000.0,20000.0,2.0,0.0,0.009,0
299.0,2536,3.0100334448160537,2.403846153846154,62.5,12.0,120000.0,20000.0,9.0,0.0,0.057,2,99,0.0024752475247524753,-3.437767083333334,3.134947328544184,2.4617374855555294,0.0,12.0,120000.0,20000.0,6.0,0.0,0.003,1
305.0,2539,3.081967213114754,2.4419398907103824,50.0,12.0,120000.0,20000.0,9.0,0.0,0.033,0,0,0.0024752475247524753,9.749732916666666,3.134947328544184,2.4617374855555294,0.0,12.0,120000.0,20000.0,6.0,0.0,0.003,0
225.0,1677,2.6222222222222222,1.9953703703703705,0.0,25.0,400000.0,0.0,0.0,1.0,0.376,1,27,0.0024752475247524753,-3.97985,3.128241774224086,2.4564719060413496,0.0,25.0,400000.0,0.0,0.0,1.0,0.003,1
307.0,3872,3.0944625407166124,2.466748099891422,0.0,12.0,120000.0,0.0,0.0,2.0,0.026,1,100,0.0024752475247524753,9.811866666666665,3.125,2.453926282051282,0.0,12.0,120000.0,0.0,0.0,2.0,0.004,0
313.0,2989,3.1150159744408943,2.4560702875399363,12.5,12.0,120000.0,20000.0,2.0,0.0,0.001,3,100,0.0024752475247524753,-4.98,3.1150159744408943,2.4560702875399363,12.5,12.0,120000.0,20000.0,2.0,0.0,0.0,1
313.0,3439,3.1150159744408943,2.4560702875399363,12.5,12.0,120000.0,20000.0,5.0,2.0,0.001,1,100,0.0024752475247524753,-4.98,3.1150159744408943,2.4560702875399363,12.5,12.0,120000.0,20000.0,5.0,2.0,0.0,1
313.0,3875,3.1150159744408943,2.4560702875399363,0.0,12.0,120000.0,0.0,0.0,2.0,0.001,1,100,0.0024752475247524753,-4.98,3.1150159744408943,2.4560702875399363,0.0,12.0,120000.0,0.0,0.0,2.0,0.0,1
309.0,3873,3.1229773462783172,2.4676375404530746,0.0,12.0,120000.0,0.0,0.0,2.0,0.015,2,100,0.0024752475247524753,-5.1466666666666665,3.1150159744408943,2.4560702875399363,0.0,12.0,120000.0,0.0,0.0,2.0,0.0,1
314.0,558,3.105095541401274,2.448248407643312,0.0,8.0,80000.0,0.0,0.0,1.0,0.0,1,100,0.0024752475247524753,-4.98,3.105095541401274,2.448248407643312,0.0,8.0,80000.0,0.0,0.0,1.0,0.0,1
314.0,1339,3.105095541401274,2.448248407643312,0.0,25.0,400000.0,0.0,0.0,3.0,0.0,1,100,0.0024752475247524753,-4.98,3.105095541401274,2.448248407643312,0.0,25.0,400000.0,0.0,0.0,3.0,0.0,1
314.0,1696,3.105095541401274,2.448248407643312,0.0,25.0,400000.0,0.0,0.0,1.0,0.0,3,27,0.0024752475247524753,-4.98,3.105095541401274,2.448248407643312,0.0,25.0,400000.0,0.0,0.0,1.0,0.0,1
314.0,1703,3.105095541401274,2.448248407643312,0.0,25.0,400000.0,0.0,0.0,1.0,0.0,3,100,0.0024752475247524753,-4.98,3.105095541401274,2.448248407643312,0.0,25.0,400000.0,0.0,0.0,1.0,0.0,1
274.0,2068,2.846715328467153,2.3190389294403895,0.0,12.0,120000.0,20000.0,3.0,2.0,0.16,3,100,0.0024752475247524753,-3.98,3.1116050166693126,2.4408636291474837,0.0,12.0,120000.0,20000.0,4.0,2.0,0.0,1
291.0,4778,2.9896907216494846,2.437714776632302,0.0,12.0,120000.0,0.0,0.0,1.0,0.089,2,100,0.0024752475247524753,-3.98,3.111111111111111,2.4404761904761907,0.0,12.0,120000.0,0.0,0.0,1.0,0.0,1
315.0,1349,3.111111111111111,2.4404761904761907,0.0,25.0,400000.0,0.0,0.0,3.0,0.0,3,100,0.0024752475247524753,-4.98,3.111111111111111,2.4404761904761907,0.0,25.0,400000.0,0.0,0.0,3.0,0.0,1
315.0,2080,3.111111111111111,2.4404761904761907,0.0,12.0,120000.0,20000.0,4.0,2.0,0.0,3,100,0.0024752475247524753,-4.98,3.111111111111111,2.4404761904761907,0.0,12.0,120000.0,20000.0,4.0,2.0,0.0,1
315.0,2544,3.111111111111111,2.4404761904761907,0.0,12.0,120000.0,20000.0,7.0,0.0,0.0,2,100,0.0024752475247524753,-4.98,3.111111111111111,2.4404761904761907,0.0,12.0,120000.0,20000.0,7.0,0.0,0.0,1
315.0,2990,3.111111111111111,2.4404761904761907,12.5,12.0,120000.0,20000.0,2.0,0.0,0.0,2,100,0.0024752475247524753,-4.98,3.111111111111111,2.4404761904761907,12.5,12.0,120000.0,20000.0,2.0,0.0,0.0,1
315.0,3440,3.111111111111111,2.4404761904761907,12.5,12.0,120000.0,20000.0,5.0,2.0,0.0,2,100,0.0024752475247524753,-4.98,3.111111111111111,2.4404761904761907,12.5,12.0,120000.0,20000.0,5.0,2.0,0.0,1
315.0,3876,3.111111111111111,2.4404761904761907,0.0,12.0,120000.0,0.0,0.0,2.0,0.0,2,100,0.0024752475247524753,-4.98,3.111111111111111,2.4404761904761907,0.0,12.0,120000.0,0.0,0.0,2.0,0.0,1
295.0,977,3.016949152542373,2.415254237288136,25.0,25.0,400000.0,20000.0,3.0,1.0,0.069,1,100,0.0024752475247524753,9.6242998,3.111012250055165,2.4403986400305184,25.0,25.0,400000.0,20000.0,3.0,1.0,0.0,0
274.0,2971,2.846715328467153,2.3190389294403895,0.0,12.0,120000.0,20000.0,1.0,0.0,0.16,3,100,0.0024752475247524753,-3.98,3.149232473492641,2.4331381547713242,12.5,12.0,120000.0,20000.0,2.0,0.0,0.0,1
275.0,3856,2.8363636363636364,2.3106060606060606,0.0,12.0,120000.0,0.0,0.0,2.0,0.157,3,76,0.0024752475247524753,-3.98,3.149232473492641,2.4331381547713242,0.0,12.0,120000.0,0.0,0.0,2.0,0.0,1
275.0,4770,2.8363636363636364,2.3106060606060606,0.0,12.0,120000.0,0.0,0.0,1.0,0.157,3,100,0.0024752475247524753,-3.98,3.149232473492641,2.4331381547713242,0.0,12.0,120000.0,0.0,0.0,1.0,0.0,1
316.0,115,3.14873417721519,2.442642405063291,12.5,8.0,80000.0,20000.0,2.0,1.0,0.0,2,100,0.0024752475247524753,-4.98,3.14873417721519,2.442642405063291,12.5,8.0,80000.0,20000.0,2.0,1.0,0.0,1
316.0,559,3.14873417721519,2.442642405063291,0.0,8.0,80000.0,0.0,0.0,1.0,0.0,2,100,0.0024752475247524753,-4.98,3.14873417721519,2.442642405063291,0.0,8.0,80000.0,0.0,0.0,1.0,0.0,1
275.0,3429,2.8363636363636364,2.3106060606060606,0.0,12.0,120000.0,20000.0,4.0,2.0,0.157,3,76,0.0024752475247524753,-3.98,3.1550717778829465,2.4353210285533993,12.5,12.0,120000.0,20000.0,5.0,2.0,0.0,1
311.0,3438,3.135048231511254,2.4618167202572345,0.0,12.0,120000.0,20000.0,4.0,2.0,0.009,0,0,0.0024752475247524753,9.75,3.1545741324921135,2.441508937960042,0.0,12.0,120000.0,20000.0,5.0,2.0,0.0,0
317.0,1697,3.1545741324921135,2.441508937960042,0.0,25.0,400000.0,0.0,0.0,1.0,0.0,1,100,0.0024752475247524753,-4.98,3.1545741324921135,2.441508937960042,0.0,25.0,400000.0,0.0,0.0,1.0,0.0,1
317.0,1704,3.1545741324921135,2.441508937960042,0.0,25.0,400000.0,0.0,0.0,1.0,0.0,1,100,0.0024752475247524753,-4.98,3.1545741324921135,2.441508937960042,0.0,25.0,400000.0,0.0,0.0,1.0,0.0,1
317.0,2081,3.1545741324921135,2.441508937960042,0.0,12.0,120000.0,20000.0,4.0,2.0,0.0,2,100,0.0024752475247524753,-4.98,3.1545741324921135,2.441508937960042,0.0,12.0,120000.0,20000.0,4.0,2.0,0.0,1
317.0,3877,3.1545741324921135,2.441508937960042,0.0,12.0,120000.0,0.0,0.0,2.0,0.0,3,100,0.0024752475247524753,-4.98,3.1545741324921135,2.441508937960042,0.0,12.0,120000.0,0.0,0.0,2.0,0.0,1
311.0,2988,3.135048231511254,2.4618167202572345,0.0,12.0,120000.0,20000.0,1.0,0.0,0.009,0,0,0.0024752475247524753,9.749332916666667,3.154474522744566,2.441431844165846,12.5,12.0,120000.0,20000.0,2.0,0.0,0.0,0
275.0,4319,2.8363636363636364,2.3106060606060606,0.0,12.0,120000.0,0.0,0.0,3.0,0.157,3,100,0.0024752475247524753,-3.98,3.1608743513130997,2.434213974943649,0.0,12.0,120000.0,0.0,0.0,3.0,0.0,1
314.0,114,3.105095541401274,2.448248407643312,0.0,8.0,80000.0,20000.0,1.0,1.0,0.0,1,100,0.0024752475247524753,9.77,3.160377358490566,2.453485324947589,0.0,8.0,80000.0,20000.0,1.0,1.0,0.0,0
318.0,116,3.160377358490566,2.453485324947589,0.0,8.0,80000.0,20000.0,1.0,1.0,0.0,2,100,0.0024752475247524753,-4.98,3.160377358490566,2.453485324947589,0.0,8.0,80000.0,20000.0,1.0,1.0,0.0,1
318.0,560,3.160377358490566,2.453485324947589,0.0,8.0,80000.0,0.0,0.0,1.0,0.0,1,100,0.0024752475247524753,-4.980500000000001,3.160377358490566,2.453485324947589,0.0,8.0,80000.0,0.0,0.0,1.0,0.0,1
318.0,1350,3.160377358490566,2.453485324947589,0.0,25.0,400000.0,0.0,0.0,3.0,0.0,2,58,0.0024752475247524753,-4.98,3.160377358490566,2.453485324947589,0.0,25.0,400000.0,0.0,0.0,3.0,0.0,1
318.0,4330,3.160377358490566,2.453485324947589,0.0,12.0,120000.0,0.0,0.0,3.0,0.0,2,58,0.0024752475247524753,-4.98,3.160377358490566,2.453485324947589,0.0,12.0,120000.0,0.0,0.0,3.0,0.0,1
309.0,3437,3.1229773462783172,2.4676375404530746,0.0,12.0,120000.0,20000.0,4.0,2.0,0.015,2,100,0.0024752475247524753,-5.355,3.160377358490566,2.453485324947589,12.5,12.0,120000.0,20000.0,5.0,2.0,0.0,1
298.0,978,3.0033557046979866,2.4119127516778525,37.5,25.0,400000.0,20000.0,4.0,1.0,0.059,1,100,0.0024752475247524753,9.636799799999999,3.160277879303233,2.4534080965983844,25.0,25.0,400000.0,20000.0,3.0,1.0,0.0,0
192.0,504,2.265625,1.828342013888889,0.0,8.0,80000.0,0.0,0.0,1.0,0.51,2,100,0.0024752475247524753,-3.98,3.17267510425824,2.4508391636648326,0.0,8.0,80000.0,0.0,0.0,1.0,0.0,1
278.0,2070,2.841726618705036,2.349370503597122,12.5,12.0,120000.0,20000.0,4.0,2.0,0.144,3,74,0.0024752475247524753,-3.98,3.166640539269478,2.4461775617912944,0.0,12.0,120000.0,20000.0,4.0,2.0,0.0,1
319.0,2082,3.1661442006269596,2.4653866248693834,0.0,12.0,120000.0,20000.0,4.0,2.0,0.0,3,100,0.0024752475247524753,-4.98,3.1661442006269596,2.4653866248693834,0.0,12.0,120000.0,20000.0,5.0,2.0,0.0,1
319.0,2546,3.1661442006269596,2.4653866248693834,25.0,12.0,120000.0,20000.0,9.0,0.0,0.0,3,100,0.0024752475247524753,-4.975,3.1661442006269596,2.4653866248693834,25.0,12.0,120000.0,20000.0,9.0,0.0,0.0,1
319.0,2992,3.1661442006269596,2.4653866248693834,12.5,12.0,120000.0,20000.0,2.0,0.0,0.0,3,100,0.0024752475247524753,-4.98,3.1661442006269596,2.4653866248693834,12.5,12.0,120000.0,20000.0,2.0,0.0,0.0,1
319.0,3442,3.1661442006269596,2.4653866248693834,12.5,12.0,120000.0,20000.0,5.0,2.0,0.0,1,100,0.0024752475247524753,-4.98,3.1661442006269596,2.4653866248693834,12.5,12.0,120000.0,20000.0,5.0,2.0,0.0,1
319.0,3878,3.1661442006269596,2.4653866248693834,0.0,12.0,120000.0,0.0,0.0,2.0,0.0,3,100,0.0024752475247524753,-4.98,3.1661442006269596,2.4653866248693834,0.0,12.0,120000.0,0.0,0.0,2.0,0.0,1
173.0,930,1.9364161849710984,1.6136801541425818,37.5,25.0,400000.0,20000.0,4.0,1.0,0.571,1,100,0.0024752475247524753,-3.9635000000000002,3.1660448523229725,2.465309265164856,25.0,25.0,400000.0,20000.0,3.0,1.0,0.0,1
305.0,3871,3.081967213114754,2.4419398907103824,0.0,12.0,120000.0,0.0,0.0,2.0,0.033,2,100,0.0024752475247524753,-3.605,3.15625,2.4576822916666665,0.0,12.0,120000.0,0.0,0.0,2.0,0.0,1
320.0,561,3.15625,2.4576822916666665,0.0,8.0,80000.0,0.0,0.0,1.0,0.0,2,100,0.0024752475247524753,-4.98,3.15625,2.4576822916666665,0.0,8.0,80000.0,0.0,0.0,1.0,0.0,1
320.0,982,3.15625,2.4576822916666665,25.0,25.0,400000.0,20000.0,3.0,1.0,0.0,2,100,0.0024752475247524753,-4.975,3.15625,2.4576822916666665,25.0,25.0,400000.0,20000.0,3.0,1.0,0.0,1
320.0,1698,3.15625,2.4576822916666665,0.0,25.0,400000.0,0.0,0.0,1.0,0.0,1,100,0.0024752475247524753,-4.98,3.15625,2.4576822916666665,0.0,25.0,400000.0,0.0,0.0,1.0,0.0,1
320.0,1705,3.15625,2.4576822916666665,0.0,25.0,400000.0,0.0,0.0,1.0,0.0,2,100,0.0024752475247524753,-4.98,3.15625,2.4576822916666665,0.0,25.0,400000.0,0.0,0.0,1.0,0.0,1
320.0,4331,3.15625,2.4576822916666665,0.0,12.0,120000.0,0.0,0.0,3.0,0.0,2,100,0.0024752475247524753,-4.98,3.15625,2.4576822916666665,0.0,12.0,120000.0,0.0,0.0,3.0,0.0,1
320.0,4780,3.15625,2.4576822916666665,0.0,12.0,120000.0,0.0,0.0,1.0,0.0,3,3,0.0024752475247524753,-4.98,3.15625,2.4576822916666665,0.0,12.0,120000.0,0.0,0.0,1.0,0.0,1
309.0,2541,3.1229773462783172,2.4676375404530746,37.5,12.0,120000.0,20000.0,8.0,0.0,0.015,2,100,0.0024752475247524753,-5.420833333333334,3.15625,2.4576822916666665,37.5,12.0,120000.0,20000.0,9.0,0.0,0.0,1
299.0,2982,3.0100334448160537,2.403846153846154,12.5,12.0,120000.0,20000.0,2.0,0.0,0.057,2,100,0.0024752475247524753,-3.8966666666666665,3.1464174454828657,2.4662512980269993,12.5,12.0,120000.0,20000.0,2.0,0.0,0.0,1
321.0,1351,3.1464174454828657,2.4662512980269993,0.0,25.0,400000.0,0.0,0.0,3.0,0.0,1,67,0.0024752475247524753,-4.98,3.1464174454828657,2.4662512980269993,0.0,25.0,400000.0,0.0,0.0,3.0,0.0,1
321.0,2083,3.1464174454828657,2.4662512980269993,0.0,12.0,120000.0,20000.0,5.0,2.0,0.0,1,67,0.0024752475247524753,-4.98,3.1464174454828657,2.4662512980269993,0.0,12.0,120000.0,20000.0,5.0,2.0,0.0,1
321.0,2547,3.1464174454828657,2.4662512980269993,37.5,12.0,120000.0,20000.0,9.0,0.0,0.0,2,100,0.0024752475247524753,-4.9625,3.1464174454828657,2.4662512980269993,37.5,12.0,120000.0,20000.0,9.0,0.0,0.0,1
321.0,3879,3.1464174454828657,2.4662512980269993,0.0,12.0,120000.0,0.0,0.0,2.0,0.0,3,100,0.0024752475247524753,-4.98,3.1464174454828657,2.4662512980269993,0.0,12.0,120000.0,0.0,0.0,2.0,0.0,1
309.0,2987,3.1229773462783172,2.4676375404530746,12.5,12.0,120000.0,20000.0,2.0,0.0,0.015,2,100,0.0024752475247524753,-3.480417083333334,3.146319331288143,2.466174393336415,25.0,12.0,120000.0,20000.0,3.0,0.0,0.0,1
176.0,931,1.960227272727273,1.639441287878788,25.0,25.0,400000.0,20000.0,3.0,1.0,0.559,1,100,0.0024752475247524753,-3.9755,3.146319331288143,2.466174393336415,25.0,25.0,400000.0,20000.0,3.0,1.0,0.0,1
281.0,4322,2.882562277580071,2.3576512455516014,0.0,12.0,120000.0,0.0,0.0,3.0,0.131,3,100,0.0024752475247524753,-3.98,3.1681938189159804,2.458973960759953,0.0,12.0,120000.0,0.0,0.0,3.0,0.0,1
281.0,2516,2.882562277580071,2.3576512455516014,12.5,12.0,120000.0,20000.0,4.0,0.0,0.131,3,100,0.0024752475247524753,-3.98,3.1681938189159804,2.458973960759953,37.5,12.0,120000.0,20000.0,9.0,0.0,0.0,1
298.0,550,3.0033557046979866,2.4119127516778525,0.0,8.0,80000.0,0.0,0.0,1.0,0.059,1,100,0.0024752475247524753,-3.9804999999999997,3.1677018633540373,2.458592132505176,0.0,8.0,80000.0,0.0,0.0,1.0,0.0,1
322.0,118,3.1677018633540373,2.458592132505176,12.5,8.0,80000.0,20000.0,2.0,1.0,0.0,3,100,0.0024752475247524753,-4.98,3.1677018633540373,2.458592132505176,12.5,8.0,80000.0,20000.0,2.0,1.0,0.0,1
322.0,562,3.1677018633540373,2.458592132505176,0.0,8.0,80000.0,0.0,0.0,1.0,0.0,3,100,0.0024752475247524753,-4.98,3.1677018633540373,2.458592132505176,0.0,8.0,80000.0,0.0,0.0,1.0,0.0,1
322.0,4332,3.1677018633540373,2.458592132505176,0.0,12.0,120000.0,0.0,0.0,3.0,0.0,3,100,0.0024752475247524753,-4.98,3.1677018633540373,2.458592132505176,0.0,12.0,120000.0,0.0,0.0,3.0,0.0,1
322.0,4781,3.1677018633540373,2.458592132505176,0.0,12.0,120000.0,0.0,0.0,1.0,0.0,3,100,0.0024752475247524753,-4.98,3.1677018633540373,2.458592132505176,0.0,12.0,120000.0,0.0,0.0,1.0,0.0,1
194.0,505,2.2422680412371134,1.8256013745704465,0.0,8.0,80000.0,0.0,0.0,1.0,0.502,2,100,0.0024752475247524753,-3.98,3.1798392031320892,2.4559733682727516,0.0,8.0,80000.0,0.0,0.0,1.0,0.0,1
281.0,3859,2.882562277580071,2.3576512455516014,0.0,12.0,120000.0,0.0,0.0,2.0,0.131,3,100,0.0024752475247524753,-3.98,3.1738659235175724,2.4513598596273933,0.0,12.0,120000.0,0.0,0.0,2.0,0.0,1
323.0,1699,3.1733746130030958,2.460655314757482,0.0,25.0,400000.0,0.0,0.0,1.0,0.0,1,100,0.0024752475247524753,-4.98,3.1733746130030958,2.460655314757482,0.0,25.0,400000.0,0.0,0.0,1.0,0.0,1
323.0,1706,3.1733746130030958,2.460655314757482,0.0,25.0,400000.0,0.0,0.0,1.0,0.0,1,100,0.0024752475247524753,-4.98,3.1733746130030958,2.460655314757482,0.0,25.0,400000.0,0.0,0.0,1.0,0.0,1
323.0,2994,3.1733746130030958,2.460655314757482,25.0,12.0,120000.0,20000.0,3.0,0.0,0.0,3,100,0.0024752475247524753,-4.975,3.1733746130030958,2.460655314757482,25.0,12.0,120000.0,20000.0,3.0,0.0,0.0,1
301.0,2983,3.0066445182724255,2.3982558139534884,12.5,12.0,120000.0,20000.0,2.0,0.0,0.048,2,100,0.0024752475247524753,-3.897083750000001,3.173276270911852,2.460579059660308,12.5,12.0,120000.0,20000.0,2.0,0.0,0.0,1
317.0,2545,3.1545741324921135,2.441508937960042,0.0,12.0,120000.0,20000.0,7.0,0.0,0.0,0,0,0.0024752475247524753,9.749082916666666,3.173276270911852,2.460579059660308,25.0,12.0,120000.0,20000.0,8.0,0.0,0.0,0
317.0,2991,3.1545741324921135,2.441508937960042,12.5,12.0,120000.0,20000.0,2.0,0.0,0.0,0,0,0.0024752475247524753,9.749332916666667,3.173276270911852,2.460579059660308,12.5,12.0,120000.0,20000.0,2.0,0.0,0.0,0
317.0,3441,3.1545741324921135,2.441508937960042,0.0,12.0,120000.0,20000.0,4.0,2.0,0.0,0,0,0.0024752475247524753,9.749082916666666,3.173276270911852,2.460579059660308,25.0,12.0,120000.0,20000.0,6.0,2.0,0.0,0
281.0,4773,2.882562277580071,2.3576512455516014,0.0,12.0,120000.0,0.0,0.0,1.0,0.131,3,100,0.0024752475247524753,-3.98,3.1795030097237227,2.4534393167669912,0.0,12.0,120000.0,0.0,0.0,1.0,0.0,1
320.0,117,3.15625,2.4576822916666665,0.0,8.0,80000.0,20000.0,1.0,1.0,0.0,1,100,0.0024752475247524753,9.77,3.1790123456790123,2.4530606995884776,0.0,8.0,80000.0,20000.0,2.0,1.0,0.0,0
324.0,563,3.1790123456790123,2.4530606995884776,0.0,8.0,80000.0,0.0,0.0,1.0,0.0,1,100,0.0024752475247524753,-4.9807500000000005,3.1790123456790123,2.4530606995884776,0.0,8.0,80000.0,0.0,0.0,1.0,0.0,1
324.0,1352,3.1790123456790123,2.4530606995884776,0.0,25.0,400000.0,0.0,0.0,3.0,0.0,2,100,0.0024752475247524753,-4.98,3.1790123456790123,2.4530606995884776,0.0,25.0,400000.0,0.0,0.0,3.0,0.0,1
324.0,4333,3.1790123456790123,2.4530606995884776,0.0,12.0,120000.0,0.0,0.0,3.0,0.0,2,100,0.0024752475247524753,-4.98,3.1790123456790123,2.4530606995884776,0.0,12.0,120000.0,0.0,0.0,3.0,0.0,1
324.0,4782,3.1790123456790123,2.4530606995884776,0.0,12.0,120000.0,0.0,0.0,1.0,0.0,2,100,0.0024752475247524753,-4.98,3.1790123456790123,2.4530606995884776,0.0,12.0,120000.0,0.0,0.0,1.0,0.0,1
300.0,551,3.0,2.40625,0.0,8.0,80000.0,0.0,0.0,1.0,0.05,1,100,0.0024752475247524753,-3.9804999999999997,3.1789141329306463,2.452984914468126,0.0,8.0,80000.0,0.0,0.0,1.0,0.0,1
311.0,3874,3.135048231511254,2.4618167202572345,0.0,12.0,120000.0,0.0,0.0,2.0,0.009,2,100,0.0024752475247524753,-3.5633333333333335,3.1692307692307695,2.4455128205128207,0.0,12.0,120000.0,0.0,0.0,2.0,0.0,1
325.0,2085,3.1692307692307695,2.4455128205128207,12.5,12.0,120000.0,20000.0,6.0,2.0,0.0,3,100,0.0024752475247524753,-4.98,3.1692307692307695,2.4455128205128207,12.5,12.0,120000.0,20000.0,6.0,2.0,0.0,1
325.0,2549,3.1692307692307695,2.4455128205128207,25.0,12.0,120000.0,20000.0,8.0,0.0,0.0,3,100,0.0024752475247524753,-4.975,3.1692307692307695,2.4455128205128207,37.5,12.0,120000.0,20000.0,8.0,0.0,0.0,1
325.0,2995,3.1692307692307695,2.4455128205128207,12.5,12.0,120000.0,20000.0,2.0,0.0,0.0,3,100,0.0024752475247524753,-4.98,3.1692307692307695,2.4455128205128207,12.5,12.0,120000.0,20000.0,2.0,0.0,0.0,1
325.0,3445,3.1692307692307695,2.4455128205128207,25.0,12.0,120000.0,20000.0,6.0,2.0,0.0,3,100,0.0024752475247524753,-4.975,3.1692307692307695,2.4455128205128207,25.0,12.0,120000.0,20000.0,6.0,2.0,0.0,1
285.0,2518,2.9473684210526314,2.357456140350877,0.0,12.0,120000.0,20000.0,4.0,0.0,0.118,3,100,0.0024752475247524753,-3.98,3.190673416168124,2.438385232908933,37.5,12.0,120000.0,20000.0,8.0,0.0,0.0,1
285.0,4324,2.9473684210526314,2.357456140350877,0.0,12.0,120000.0,0.0,0.0,3.0,0.118,3,100,0.0024752475247524753,-3.98,3.190673416168124,2.438385232908933,0.0,12.0,120000.0,0.0,0.0,3.0,0.0,1
326.0,120,3.190184049079755,2.4380112474437627,12.5,8.0,80000.0,20000.0,2.0,1.0,0.0,2,100,0.0024752475247524753,-4.98,3.190184049079755,2.4380112474437627,12.5,8.0,80000.0,20000.0,2.0,1.0,0.0,1
326.0,564,3.190184049079755,2.4380112474437627,0.0,8.0,80000.0,0.0,0.0,1.0,0.0,2,100,0.0024752475247524753,-4.98,3.190184049079755,2.4380112474437627,0.0,8.0,80000.0,0.0,0.0,1.0,0.0,1
326.0,984,3.190184049079755,2.4380112474437627,37.5,25.0,400000.0,20000.0,4.0,1.0,0.0,1,100,0.0024752475247524753,-4.963000000000001,3.190184049079755,2.4380112474437627,37.5,25.0,400000.0,20000.0,4.0,1.0,0.0,1
326.0,1707,3.190184049079755,2.4380112474437627,0.0,25.0,400000.0,0.0,0.0,1.0,0.0,3,100,0.0024752475247524753,-4.98,3.190184049079755,2.4380112474437627,0.0,25.0,400000.0,0.0,0.0,1.0,0.0,1
326.0,3880,3.190184049079755,2.4380112474437627,0.0,12.0,120000.0,0.0,0.0,2.0,0.0,1,100,0.0024752475247524753,-4.98,3.190184049079755,2.4380112474437627,0.0,12.0,120000.0,0.0,0.0,2.0,0.0,1
326.0,4334,3.190184049079755,2.4380112474437627,0.0,12.0,120000.0,0.0,0.0,3.0,0.0,3,100,0.0024752475247524753,-4.98,3.190184049079755,2.4380112474437627,0.0,12.0,120000.0,0.0,0.0,3.0,0.0,1
326.0,4783,3.190184049079755,2.4380112474437627,0.0,12.0,120000.0,0.0,0.0,1.0,0.0,3,100,0.0024752475247524753,-4.98,3.190184049079755,2.4380112474437627,0.0,12.0,120000.0,0.0,0.0,1.0,0.0,1
285.0,3861,2.9473684210526314,2.357456140350877,0.0,12.0,120000.0,0.0,0.0,2.0,0.118,3,100,0.0024752475247524753,-3.98,3.1962073711576693,2.4309272569709943,0.0,12.0,120000.0,0.0,0.0,2.0,0.0,1
304.0,109,3.075657894736842,2.4328399122807016,12.5,8.0,80000.0,20000.0,2.0,1.0,0.037,1,100,0.0024752475247524753,-3.98,3.1957186544342506,2.4369266055045875,12.5,8.0,80000.0,20000.0,2.0,1.0,0.0,1
327.0,1353,3.1957186544342506,2.4369266055045875,0.0,25.0,400000.0,0.0,0.0,3.0,0.0,3,100,0.0024752475247524753,-4.98,3.1957186544342506,2.4369266055045875,0.0,25.0,400000.0,0.0,0.0,3.0,0.0,1
327.0,2086,3.1957186544342506,2.4369266055045875,12.5,12.0,120000.0,20000.0,6.0,2.0,0.0,3,100,0.0024752475247524753,-4.98,3.1957186544342506,2.4369266055045875,12.5,12.0,120000.0,20000.0,6.0,2.0,0.0,1
327.0,2550,3.1957186544342506,2.4369266055045875,37.5,12.0,120000.0,20000.0,8.0,0.0,0.0,2,100,0.0024752475247524753,-4.9625,3.1957186544342506,2.4369266055045875,37.5,12.0,120000.0,20000.0,8.0,0.0,0.0,1
327.0,2996,3.1957186544342506,2.4369266055045875,12.5,12.0,120000.0,20000.0,2.0,0.0,0.0,2,100,0.0024752475247524753,-4.98,3.1957186544342506,2.4369266055045875,12.5,12.0,120000.0,20000.0,2.0,0.0,0.0,1
321.0,2993,3.1464174454828657,2.4662512980269993,12.5,12.0,120000.0,20000.0,2.0,0.0,0.0,0,0,0.0024752475247524753,9.749582916666666,3.195620831301158,2.436852009514938,0.0,12.0,120000.0,20000.0,1.0,0.0,0.0,0
321.0,3443,3.1464174454828657,2.4662512980269993,12.5,12.0,120000.0,20000.0,5.0,2.0,0.0,0,0,0.0024752475247524753,9.749082916666666,3.195620831301158,2.436852009514938,25.0,12.0,120000.0,20000.0,6.0,2.0,0.0,0
287.0,4776,2.996515679442509,2.406358885017421,0.0,12.0,120000.0,0.0,0.0,1.0,0.109,3,100,0.0024752475247524753,-3.98,3.24744625705138,2.4298673578289374,0.0,12.0,120000.0,0.0,0.0,1.0,0.0,1
287.0,2519,2.996515679442509,2.406358885017421,0.0,12.0,120000.0,20000.0,4.0,0.0,0.109,3,100,0.0024752475247524753,-3.98,3.24744625705138,2.4298673578289374,37.5,12.0,120000.0,20000.0,8.0,0.0,0.0,1
287.0,3862,2.996515679442509,2.406358885017421,0.0,12.0,120000.0,0.0,0.0,2.0,0.109,3,100,0.0024752475247524753,-3.98,3.24744625705138,2.4298673578289374,0.0,12.0,120000.0,0.0,0.0,2.0,0.0,1
285.0,4775,2.9473684210526314,2.357456140350877,0.0,12.0,120000.0,0.0,0.0,1.0,0.118,3,100,0.0024752475247524753,-3.98,3.24744625705138,2.4298673578289374,0.0,12.0,120000.0,0.0,0.0,1.0,0.0,1
328.0,565,3.2469512195121952,2.4294969512195124,0.0,8.0,80000.0,0.0,0.0,1.0,0.0,1,100,0.0024752475247524753,-4.9807500000000005,3.2469512195121952,2.4294969512195124,0.0,8.0,80000.0,0.0,0.0,1.0,0.0,1
328.0,3881,3.2469512195121952,2.4294969512195124,0.0,12.0,120000.0,0.0,0.0,2.0,0.0,1,100,0.0024752475247524753,-4.98,3.2469512195121952,2.4294969512195124,0.0,12.0,120000.0,0.0,0.0,2.0,0.0,1
328.0,4335,3.2469512195121952,2.4294969512195124,0.0,12.0,120000.0,0.0,0.0,3.0,0.0,1,100,0.0024752475247524753,-4.98,3.2469512195121952,2.4294969512195124,0.0,12.0,120000.0,0.0,0.0,3.0,0.0,1
328.0,4784,3.2469512195121952,2.4294969512195124,0.0,12.0,120000.0,0.0,0.0,1.0,0.0,2,100,0.0024752475247524753,-4.98,3.2469512195121952,2.4294969512195124,0.0,12.0,120000.0,0.0,0.0,1.0,0.0,1
302.0,552,3.0132450331125824,2.4282560706401766,0.0,8.0,80000.0,0.0,0.0,1.0,0.044,1,100,0.0024752475247524753,-3.9804999999999997,3.2468521311285596,2.4294228093831647,0.0,8.0,80000.0,0.0,0.0,1.0,0.0,1
324.0,119,3.1790123456790123,2.4530606995884776,0.0,8.0,80000.0,20000.0,1.0,1.0,0.0,0,0,0.0024752475247524753,9.749124375,3.2468521311285596,2.4294228093831647,12.5,8.0,80000.0,20000.0,2.0,1.0,0.0,0
146.0,493,1.7808219178082192,1.091609589041096,0.0,8.0,80000.0,0.0,0.0,1.0,0.675,2,100,0.0024752475247524753,-3.98,3.2740118593135685,2.426956465479534,0.0,8.0,80000.0,0.0,0.0,1.0,0.0,1
287.0,2530,2.996515679442509,2.406358885017421,0.0,12.0,120000.0,20000.0,4.0,0.0,0.109,3,100,0.0024752475247524753,-3.98,3.2679738562091507,2.4224806201550386,25.0,12.0,120000.0,20000.0,8.0,0.0,0.0,1
323.0,2084,3.1733746130030958,2.460655314757482,0.0,12.0,120000.0,20000.0,5.0,2.0,0.0,0,0,0.0024752475247524753,9.75,3.2674772036474162,2.422112462006079,0.0,12.0,120000.0,20000.0,5.0,2.0,0.0,0
329.0,985,3.2674772036474162,2.422112462006079,37.5,25.0,400000.0,20000.0,4.0,1.0,0.0,2,100,0.0024752475247524753,-4.9625,3.2674772036474162,2.422112462006079,37.5,25.0,400000.0,20000.0,4.0,1.0,0.0,1
329.0,1708,3.2674772036474162,2.422112462006079,0.0,25.0,400000.0,0.0,0.0,1.0,0.0,3,100,0.0024752475247524753,-4.98,3.2674772036474162,2.422112462006079,0.0,25.0,400000.0,0.0,0.0,1.0,0.0,1
329.0,2087,3.2674772036474162,2.422112462006079,0.0,12.0,120000.0,20000.0,5.0,2.0,0.0,3,100,0.0024752475247524753,-4.98,3.2674772036474162,2.422112462006079,0.0,12.0,120000.0,20000.0,5.0,2.0,0.0,1
329.0,2551,3.2674772036474162,2.422112462006079,25.0,12.0,120000.0,20000.0,8.0,0.0,0.0,3,100,0.0024752475247524753,-4.975,3.2674772036474162,2.422112462006079,25.0,12.0,120000.0,20000.0,8.0,0.0,0.0,1
329.0,2997,3.2674772036474162,2.422112462006079,0.0,12.0,120000.0,20000.0,1.0,0.0,0.0,3,100,0.0024752475247524753,-4.98,3.2674772036474162,2.422112462006079,0.0,12.0,120000.0,20000.0,1.0,0.0,0.0,1
329.0,3447,3.2674772036474162,2.422112462006079,25.0,12.0,120000.0,20000.0,6.0,2.0,0.0,3,100,0.0024752475247524753,-4.975,3.2674772036474162,2.422112462006079,25.0,12.0,120000.0,20000.0,6.0,2.0,0.0,1
304.0,553,3.075657894736842,2.4328399122807016,0.0,8.0,80000.0,0.0,0.0,1.0,0.037,1,100,0.0024752475247524753,-3.98,3.26737779194013,2.422038770188177,0.0,8.0,80000.0,0.0,0.0,1.0,0.0,1
323.0,2548,3.1733746130030958,2.460655314757482,25.0,12.0,120000.0,20000.0,8.0,0.0,0.0,0,0,0.0024752475247524753,9.749582916666666,3.26737779194013,2.422038770188177,0.0,12.0,120000.0,20000.0,6.0,0.0,0.0,0
323.0,3444,3.1733746130030958,2.460655314757482,25.0,12.0,120000.0,20000.0,6.0,2.0,0.0,0,0,0.0024752475247524753,9.749332916666667,3.26737779194013,2.422038770188177,12.5,12.0,120000.0,20000.0,5.0,2.0,0.0,0
288.0,2075,2.986111111111111,2.4088541666666665,25.0,12.0,120000.0,20000.0,5.0,2.0,0.103,3,100,0.0024752475247524753,-3.975,3.29027161298303,2.4165301305030886,0.0,12.0,120000.0,20000.0,5.0,2.0,0.0,1
287.0,4325,2.996515679442509,2.406358885017421,0.0,12.0,120000.0,0.0,0.0,3.0,0.109,3,100,0.0024752475247524753,-3.98,3.288277267296725,2.415065389287629,0.0,12.0,120000.0,0.0,0.0,3.0,0.0,1
288.0,2978,2.986111111111111,2.4088541666666665,37.5,12.0,120000.0,20000.0,4.0,0.0,0.103,3,100,0.0024752475247524753,-3.9625,3.288277267296725,2.415065389287629,0.0,12.0,120000.0,20000.0,1.0,0.0,0.0,1
330.0,122,3.2878787878787876,2.446338383838384,12.5,8.0,80000.0,20000.0,2.0,1.0,0.0,2,100,0.0024752475247524753,-4.98,3.2878787878787876,2.446338383838384,12.5,8.0,80000.0,20000.0,2.0,1.0,0.0,1
330.0,566,3.2878787878787876,2.446338383838384,0.0,8.0,80000.0,0.0,0.0,1.0,0.0,2,100,0.0024752475247524753,-4.98,3.2878787878787876,2.446338383838384,0.0,8.0,80000.0,0.0,0.0,1.0,0.0,1
330.0,1354,3.2878787878787876,2.446338383838384,0.0,25.0,400000.0,0.0,0.0,3.0,0.0,2,100,0.0024752475247524753,-4.98,3.2878787878787876,2.446338383838384,0.0,25.0,400000.0,0.0,0.0,3.0,0.0,1
330.0,3882,3.2878787878787876,2.446338383838384,0.0,12.0,120000.0,0.0,0.0,2.0,0.0,1,100,0.0024752475247524753,-4.98,3.2878787878787876,2.446338383838384,0.0,12.0,120000.0,0.0,0.0,2.0,0.0,1
330.0,4336,3.2878787878787876,2.446338383838384,0.0,12.0,120000.0,0.0,0.0,3.0,0.0,1,100,0.0024752475247524753,-4.98,3.2878787878787876,2.446338383838384,0.0,12.0,120000.0,0.0,0.0,3.0,0.0,1
330.0,4785,3.2878787878787876,2.446338383838384,0.0,12.0,120000.0,0.0,0.0,1.0,0.0,2,100,0.0024752475247524753,-4.98,3.2878787878787876,2.446338383838384,0.0,12.0,120000.0,0.0,0.0,1.0,0.0,1
290.0,2076,2.9827586206896552,2.4353448275862073,12.5,12.0,120000.0,20000.0,4.0,2.0,0.095,3,100,0.0024752475247524753,-3.98,3.2935488744523345,2.4393161101878427,0.0,12.0,120000.0,20000.0,5.0,2.0,0.0,1
331.0,2088,3.293051359516616,2.4389476334340383,0.0,12.0,120000.0,20000.0,5.0,2.0,0.0,3,100,0.0024752475247524753,-4.98,3.293051359516616,2.4389476334340383,0.0,12.0,120000.0,20000.0,5.0,2.0,0.0,1
331.0,2552,3.293051359516616,2.4389476334340383,12.5,12.0,120000.0,20000.0,6.0,0.0,0.0,3,42,0.0024752475247524753,-4.98,3.293051359516616,2.4389476334340383,12.5,12.0,120000.0,20000.0,6.0,0.0,0.0,1
331.0,2998,3.293051359516616,2.4389476334340383,0.0,12.0,120000.0,20000.0,1.0,0.0,0.0,3,42,0.0024752475247524753,-4.98,3.293051359516616,2.4389476334340383,0.0,12.0,120000.0,20000.0,1.0,0.0,0.0,1
331.0,3448,3.293051359516616,2.4389476334340383,12.5,12.0,120000.0,20000.0,5.0,2.0,0.0,2,100,0.0024752475247524753,-4.98,3.293051359516616,2.4389476334340383,12.5,12.0,120000.0,20000.0,5.0,2.0,0.0,1
290.0,2979,2.9827586206896552,2.4353448275862073,25.0,12.0,120000.0,20000.0,3.0,0.0,0.095,3,100,0.0024752475247524753,-3.975,3.313752071095044,2.4319676658131244,0.0,12.0,120000.0,20000.0,1.0,0.0,0.0,1
291.0,3864,2.9896907216494846,2.437714776632302,0.0,12.0,120000.0,0.0,0.0,2.0,0.089,3,100,0.0024752475247524753,-3.98,3.313752071095044,2.4319676658131244,0.0,12.0,120000.0,0.0,0.0,2.0,0.0,1
332.0,123,3.313253012048193,2.43160140562249,12.5,8.0,80000.0,20000.0,2.0,1.0,0.0,2,100,0.0024752475247524753,-4.98,3.313253012048193,2.43160140562249,12.5,8.0,80000.0,20000.0,2.0,1.0,0.0,1
332.0,567,3.313253012048193,2.43160140562249,0.0,8.0,80000.0,0.0,0.0,1.0,0.0,2,100,0.0024752475247524753,-4.98,3.313253012048193,2.43160140562249,0.0,8.0,80000.0,0.0,0.0,1.0,0.0,1
332.0,1709,3.313253012048193,2.43160140562249,0.0,25.0,400000.0,0.0,0.0,1.0,0.0,1,100,0.0024752475247524753,-4.98,3.313253012048193,2.43160140562249,0.0,25.0,400000.0,0.0,0.0,1.0,0.0,1
332.0,3883,3.313253012048193,2.43160140562249,0.0,12.0,120000.0,0.0,0.0,2.0,0.0,1,100,0.0024752475247524753,-4.98,3.313253012048193,2.43160140562249,0.0,12.0,120000.0,0.0,0.0,2.0,0.0,1
332.0,4337,3.313253012048193,2.43160140562249,0.0,12.0,120000.0,0.0,0.0,3.0,0.0,1,100,0.0024752475247524753,-4.98,3.313253012048193,2.43160140562249,0.0,12.0,120000.0,0.0,0.0,3.0,0.0,1
332.0,4786,3.313253012048193,2.43160140562249,0.0,12.0,120000.0,0.0,0.0,1.0,0.0,1,1,0.0024752475247524753,-4.98,3.313253012048193,2.43160140562249,0.0,12.0,120000.0,0.0,0.0,1.0,0.0,1
328.0,121,3.2469512195121952,2.4294969512195124,12.5,8.0,80000.0,20000.0,2.0,1.0,0.0,0,0,0.0024752475247524753,9.749374374999999,3.3131531184857947,2.431528093585692,0.0,8.0,80000.0,20000.0,1.0,1.0,0.0,0
291.0,2532,2.9896907216494846,2.437714776632302,25.0,12.0,120000.0,20000.0,6.0,0.0,0.089,3,100,0.0024752475247524753,-3.975,3.333833908995345,2.4246633628672973,12.5,12.0,120000.0,20000.0,6.0,0.0,0.0,1
292.0,2077,2.9794520547945202,2.4293664383561646,0.0,12.0,120000.0,20000.0,3.0,2.0,0.083,3,100,0.0024752475247524753,-3.98,3.333833908995345,2.4246633628672973,0.0,12.0,120000.0,20000.0,5.0,2.0,0.0,1
333.0,1355,3.3333333333333335,2.4305555555555554,0.0,25.0,400000.0,0.0,0.0,3.0,0.0,1,1,0.0024752475247524753,-4.98,3.3333333333333335,2.4305555555555554,0.0,25.0,400000.0,0.0,0.0,3.0,0.0,1
333.0,2089,3.3333333333333335,2.4305555555555554,0.0,12.0,120000.0,20000.0,5.0,2.0,0.0,3,100,0.0024752475247524753,-4.98,3.3333333333333335,2.4305555555555554,0.0,12.0,120000.0,20000.0,5.0,2.0,0.0,1
333.0,2553,3.3333333333333335,2.4305555555555554,12.5,12.0,120000.0,20000.0,6.0,0.0,0.0,3,100,0.0024752475247524753,-4.98,3.3333333333333335,2.4305555555555554,12.5,12.0,120000.0,20000.0,6.0,0.0,0.0,1
333.0,2999,3.3333333333333335,2.4305555555555554,0.0,12.0,120000.0,20000.0,1.0,0.0,0.0,3,100,0.0024752475247524753,-4.98,3.3333333333333335,2.4305555555555554,0.0,12.0,120000.0,20000.0,1.0,0.0,0.0,1
327.0,3446,3.1957186544342506,2.4369266055045875,25.0,12.0,120000.0,20000.0,6.0,2.0,0.0,0,0,0.0024752475247524753,9.749332916666667,3.3332331361450667,2.4304824951057777,12.5,12.0,120000.0,20000.0,5.0,2.0,0.0,0
310.0,556,3.129032258064516,2.459677419354839,0.0,8.0,80000.0,0.0,0.0,1.0,0.011,1,100,0.0024752475247524753,-3.98,3.3233532934131733,2.423278443113772,0.0,8.0,80000.0,0.0,0.0,1.0,0.0,1
334.0,568,3.3233532934131733,2.423278443113772,0.0,8.0,80000.0,0.0,0.0,1.0,0.0,1,100,0.0024752475247524753,-4.98,3.3233532934131733,2.423278443113772,0.0,8.0,80000.0,0.0,0.0,1.0,0.0,1
334.0,3884,3.3233532934131733,2.423278443113772,0.0,12.0,120000.0,0.0,0.0,2.0,0.0,2,100,0.0024752475247524753,-4.98,3.3233532934131733,2.423278443113772,0.0,12.0,120000.0,0.0,0.0,2.0,0.0,1
334.0,4338,3.3233532934131733,2.423278443113772,0.0,12.0,120000.0,0.0,0.0,3.0,0.0,2,100,0.0024752475247524753,-4.98,3.3233532934131733,2.423278443113772,0.0,12.0,120000.0,0.0,0.0,3.0,0.0,1
334.0,4787,3.3233532934131733,2.423278443113772,0.0,12.0,120000.0,0.0,0.0,1.0,0.0,3,100,0.0024752475247524753,-4.98,3.3233532934131733,2.423278443113772,0.0,12.0,120000.0,0.0,0.0,1.0,0.0,1
314.0,980,3.105095541401274,2.448248407643312,25.0,25.0,400000.0,20000.0,3.0,1.0,0.0,1,100,0.0024752475247524753,9.6240498,3.323253695300928,2.42320581949026,37.5,25.0,400000.0,20000.0,4.0,1.0,0.0,0
206.0,511,2.2815533980582523,1.8507281553398056,0.0,8.0,80000.0,0.0,0.0,1.0,0.453,2,100,0.0024752475247524753,-3.98,3.319940480745128,2.420789933876655,0.0,8.0,80000.0,0.0,0.0,1.0,0.0,1
245.0,1311,2.6530612244897958,1.9770408163265307,0.0,25.0,400000.0,0.0,0.0,3.0,0.294,1,100,0.0024752475247524753,-3.9802500000000003,3.316733067729084,2.418451195219123,0.0,25.0,400000.0,0.0,0.0,3.0,0.0,1
335.0,1710,3.3134328358208953,2.4222636815920398,0.0,25.0,400000.0,0.0,0.0,1.0,0.0,3,100,0.0024752475247524753,-4.98,3.3134328358208953,2.4222636815920398,0.0,25.0,400000.0,0.0,0.0,1.0,0.0,1
335.0,3000,3.3134328358208953,2.4222636815920398,0.0,12.0,120000.0,20000.0,1.0,0.0,0.0,3,100,0.0024752475247524753,-4.98,3.3134328358208953,2.4222636815920398,0.0,12.0,120000.0,20000.0,1.0,0.0,0.0,1
335.0,3450,3.3134328358208953,2.4222636815920398,12.5,12.0,120000.0,20000.0,5.0,2.0,0.0,3,100,0.0024752475247524753,-4.98,3.3134328358208953,2.4222636815920398,12.5,12.0,120000.0,20000.0,5.0,2.0,0.0,1
295.0,4329,3.016949152542373,2.415254237288136,0.0,12.0,120000.0,0.0,0.0,3.0,0.069,3,100,0.0024752475247524753,-3.98,3.318946271766632,2.4154140000992212,0.0,12.0,120000.0,0.0,0.0,3.0,0.0,1
336.0,569,3.318452380952381,2.4150545634920637,0.0,8.0,80000.0,0.0,0.0,1.0,0.0,3,100,0.0024752475247524753,-4.98,3.318452380952381,2.4150545634920637,0.0,8.0,80000.0,0.0,0.0,1.0,0.0,1
336.0,1356,3.318452380952381,2.4150545634920637,0.0,25.0,400000.0,0.0,0.0,3.0,0.0,3,100,0.0024752475247524753,-4.98,3.318452380952381,2.4150545634920637,0.0,25.0,400000.0,0.0,0.0,3.0,0.0,1
336.0,3885,3.318452380952381,2.4150545634920637,0.0,12.0,120000.0,0.0,0.0,2.0,0.0,1,100,0.0024752475247524753,-4.98,3.318452380952381,2.4150545634920637,0.0,12.0,120000.0,0.0,0.0,2.0,0.0,1
336.0,4339,3.318452380952381,2.4150545634920637,0.0,12.0,120000.0,0.0,0.0,3.0,0.0,2,100,0.0024752475247524753,-4.98,3.318452380952381,2.4150545634920637,0.0,12.0,120000.0,0.0,0.0,3.0,0.0,1
336.0,4788,3.318452380952381,2.4150545634920637,0.0,12.0,120000.0,0.0,0.0,1.0,0.0,3,100,0.0024752475247524753,-4.98,3.318452380952381,2.4150545634920637,0.0,12.0,120000.0,0.0,0.0,1.0,0.0,1
154.0,497,1.8181818181818181,1.2784090909090908,0.0,8.0,80000.0,0.0,0.0,1.0,0.641,2,100,0.0024752475247524753,-3.98,3.315064864818741,2.412589246724401,0.0,8.0,80000.0,0.0,0.0,1.0,0.0,1
179.0,932,2.067039106145251,1.7167132216014898,12.5,25.0,400000.0,20000.0,2.0,1.0,0.548,2,100,0.0024752475247524753,-3.98,3.3117828511210834,2.410200710970968,50.0,25.0,400000.0,20000.0,5.0,1.0,0.0,1
248.0,1312,2.6411290322580645,1.9615255376344085,0.0,25.0,400000.0,0.0,0.0,3.0,0.281,1,100,0.0024752475247524753,-3.98,3.3117827199652665,2.4102006155203126,0.0,25.0,400000.0,0.0,0.0,3.0,0.0,1
337.0,2091,3.308605341246291,2.407888229475767,12.5,12.0,120000.0,20000.0,6.0,2.0,0.0,3,100,0.0024752475247524753,-4.98,3.308605341246291,2.407888229475767,12.5,12.0,120000.0,20000.0,6.0,2.0,0.0,1
337.0,4355,3.308605341246291,2.407888229475767,0.0,12.0,120000.0,0.0,0.0,3.0,0.0,2,100,0.0024752475247524753,-4.98,3.308605341246291,2.407888229475767,0.0,12.0,120000.0,0.0,0.0,3.0,0.0,1
317.0,981,3.1545741324921135,2.441508937960042,25.0,25.0,400000.0,20000.0,3.0,1.0,0.0,0,0,0.0024752475247524753,9.5990498,3.308507067787096,2.4078167094601532,37.5,25.0,400000.0,20000.0,4.0,1.0,0.0,0
295.0,3866,3.016949152542373,2.415254237288136,0.0,12.0,120000.0,0.0,0.0,2.0,0.069,3,100,0.0024752475247524753,-3.98,3.3140997188933277,2.4011194949943286,0.0,12.0,120000.0,0.0,0.0,2.0,0.0,1
334.0,124,3.3233532934131733,2.423278443113772,0.0,8.0,80000.0,20000.0,1.0,1.0,0.0,1,100,0.0024752475247524753,9.77,3.3136094674556213,2.413091715976331,0.0,8.0,80000.0,20000.0,1.0,1.0,0.0,0
338.0,570,3.3136094674556213,2.413091715976331,0.0,8.0,80000.0,0.0,0.0,1.0,0.0,1,100,0.0024752475247524753,-4.98025,3.3136094674556213,2.413091715976331,0.0,8.0,80000.0,0.0,0.0,1.0,0.0,1
338.0,1711,3.3136094674556213,2.413091715976331,0.0,25.0,400000.0,0.0,0.0,1.0,0.0,2,100,0.0024752475247524753,-4.98,3.3136094674556213,2.413091715976331,0.0,25.0,400000.0,0.0,0.0,1.0,0.0,1
338.0,3886,3.3136094674556213,2.413091715976331,0.0,12.0,120000.0,0.0,0.0,2.0,0.0,2,100,0.0024752475247524753,-4.98,3.3136094674556213,2.413091715976331,0.0,12.0,120000.0,0.0,0.0,2.0,0.0,1
338.0,4340,3.3136094674556213,2.413091715976331,0.0,12.0,120000.0,0.0,0.0,3.0,0.0,2,100,0.0024752475247524753,-4.98,3.3136094674556213,2.413091715976331,0.0,12.0,120000.0,0.0,0.0,3.0,0.0,1
338.0,4789,3.3136094674556213,2.413091715976331,0.0,12.0,120000.0,0.0,0.0,1.0,0.0,3,100,0.0024752475247524753,-4.98,3.3136094674556213,2.413091715976331,0.0,12.0,120000.0,0.0,0.0,1.0,0.0,1
297.0,3867,2.9966329966329965,2.4200336700336704,0.0,12.0,120000.0,0.0,0.0,2.0,0.062,3,100,0.0024752475247524753,-3.98,3.319073609676944,2.4063283670157842,0.0,12.0,120000.0,0.0,0.0,2.0,0.0,1
339.0,1357,3.3185840707964607,2.4059734513274336,0.0,25.0,400000.0,0.0,0.0,3.0,0.0,3,100,0.0024752475247524753,-4.98,3.3185840707964607,2.4059734513274336,0.0,25.0,400000.0,0.0,0.0,3.0,0.0,1
339.0,2092,3.3185840707964607,2.4059734513274336,12.5,12.0,120000.0,20000.0,6.0,2.0,0.0,2,100,0.0024752475247524753,-4.98,3.3185840707964607,2.4059734513274336,12.5,12.0,120000.0,20000.0,6.0,2.0,0.0,1
339.0,3002,3.3185840707964607,2.4059734513274336,12.5,12.0,120000.0,20000.0,2.0,0.0,0.0,2,100,0.0024752475247524753,-4.98,3.3185840707964607,2.4059734513274336,12.5,12.0,120000.0,20000.0,2.0,0.0,0.0,1
339.0,3452,3.3185840707964607,2.4059734513274336,25.0,12.0,120000.0,20000.0,6.0,2.0,0.0,2,100,0.0024752475247524753,-4.975,3.3185840707964607,2.4059734513274336,25.0,12.0,120000.0,20000.0,6.0,2.0,0.0,1
339.0,4356,3.3185840707964607,2.4059734513274336,0.0,12.0,120000.0,0.0,0.0,3.0,0.0,2,100,0.0024752475247524753,-4.98,3.3185840707964607,2.4059734513274336,0.0,12.0,120000.0,0.0,0.0,3.0,0.0,1
333.0,3449,3.3333333333333335,2.4305555555555554,12.5,12.0,120000.0,20000.0,5.0,2.0,0.0,0,0,0.0024752475247524753,9.749332916666667,3.318486082461105,2.405902409784301,12.5,12.0,120000.0,20000.0,5.0,2.0,0.0,0
210.0,513,2.357142857142857,1.9047619047619047,0.0,8.0,80000.0,0.0,0.0,1.0,0.44,2,100,0.0024752475247524753,-3.98,3.329960708526447,2.4035391176034366,0.0,8.0,80000.0,0.0,0.0,1.0,0.0,1
156.0,498,1.826923076923077,1.3221153846153846,0.0,8.0,80000.0,0.0,0.0,1.0,0.635,2,100,0.0024752475247524753,-3.98,3.329960708526447,2.4035391176034366,0.0,8.0,80000.0,0.0,0.0,1.0,0.0,1
299.0,3868,3.0100334448160537,2.403846153846154,0.0,12.0,120000.0,0.0,0.0,2.0,0.057,3,100,0.0024752475247524753,-3.98,3.3240182379761727,2.39924988968966,0.0,12.0,120000.0,0.0,0.0,2.0,0.0,1
340.0,571,3.3235294117647056,2.405024509803922,0.0,8.0,80000.0,0.0,0.0,1.0,0.0,2,100,0.0024752475247524753,-4.98,3.3235294117647056,2.405024509803922,0.0,8.0,80000.0,0.0,0.0,1.0,0.0,1
340.0,3887,3.3235294117647056,2.405024509803922,0.0,12.0,120000.0,0.0,0.0,2.0,0.0,2,100,0.0024752475247524753,-4.98,3.3235294117647056,2.405024509803922,0.0,12.0,120000.0,0.0,0.0,2.0,0.0,1
340.0,4341,3.3235294117647056,2.405024509803922,0.0,12.0,120000.0,0.0,0.0,3.0,0.0,2,100,0.0024752475247524753,-4.98,3.3235294117647056,2.405024509803922,0.0,12.0,120000.0,0.0,0.0,3.0,0.0,1
340.0,4790,3.3235294117647056,2.405024509803922,0.0,12.0,120000.0,0.0,0.0,1.0,0.0,2,100,0.0024752475247524753,-4.98,3.3235294117647056,2.405024509803922,0.0,12.0,120000.0,0.0,0.0,1.0,0.0,1
299.0,3432,3.0100334448160537,2.403846153846154,0.0,12.0,120000.0,20000.0,4.0,2.0,0.057,3,100,0.0024752475247524753,-3.98,3.328933861269981,2.3983233123136336,12.5,12.0,120000.0,20000.0,5.0,2.0,0.0,1
335.0,2090,3.3134328358208953,2.4222636815920398,0.0,12.0,120000.0,20000.0,5.0,2.0,0.0,1,100,0.0024752475247524753,9.77,3.3284457478005867,2.4040811339198433,0.0,12.0,120000.0,20000.0,5.0,2.0,0.0,0
335.0,2554,3.3134328358208953,2.4222636815920398,0.0,12.0,120000.0,20000.0,6.0,0.0,0.0,0,0,0.0024752475247524753,9.75,3.3284457478005867,2.4040811339198433,0.0,12.0,120000.0,20000.0,7.0,0.0,0.0,0
341.0,1712,3.3284457478005867,2.4040811339198433,0.0,25.0,400000.0,0.0,0.0,1.0,0.0,2,100,0.0024752475247524753,-4.98,3.3284457478005867,2.4040811339198433,0.0,25.0,400000.0,0.0,0.0,1.0,0.0,1
341.0,2093,3.3284457478005867,2.4040811339198433,0.0,12.0,120000.0,20000.0,5.0,2.0,0.0,3,100,0.0024752475247524753,-4.98,3.3284457478005867,2.4040811339198433,0.0,12.0,120000.0,20000.0,5.0,2.0,0.0,1
341.0,3003,3.3284457478005867,2.4040811339198433,12.5,12.0,120000.0,20000.0,2.0,0.0,0.0,3,100,0.0024752475247524753,-4.98,3.3284457478005867,2.4040811339198433,12.5,12.0,120000.0,20000.0,2.0,0.0,0.0,1
341.0,4357,3.3284457478005867,2.4040811339198433,0.0,12.0,120000.0,0.0,0.0,3.0,0.0,1,100,0.0024752475247524753,-4.98,3.3284457478005867,2.4040811339198433,0.0,12.0,120000.0,0.0,0.0,3.0,0.0,1
214.0,515,2.5233644859813085,1.917834890965732,0.0,8.0,80000.0,0.0,0.0,1.0,0.428,2,100,0.0024752475247524753,-3.98,3.325097800110413,2.4016629668565477,0.0,8.0,80000.0,0.0,0.0,1.0,0.0,1
95.0,1260,0.21052631578947367,0.855263157894737,0.0,25.0,400000.0,0.0,0.0,4.0,0.861,1,100,0.0024752475247524753,-3.98,3.3219512195121954,2.399390243902439,0.0,25.0,400000.0,0.0,0.0,3.0,0.0,1
342.0,572,3.3187134502923974,2.397051656920078,0.0,8.0,80000.0,0.0,0.0,1.0,0.0,2,100,0.0024752475247524753,-4.98,3.3187134502923974,2.397051656920078,0.0,8.0,80000.0,0.0,0.0,1.0,0.0,1
342.0,1358,3.3187134502923974,2.397051656920078,0.0,25.0,400000.0,0.0,0.0,3.0,0.0,2,100,0.0024752475247524753,-4.98,3.3187134502923974,2.397051656920078,0.0,25.0,400000.0,0.0,0.0,3.0,0.0,1
342.0,3888,3.3187134502923974,2.397051656920078,0.0,12.0,120000.0,0.0,0.0,2.0,0.0,2,100,0.0024752475247524753,-4.98,3.3187134502923974,2.397051656920078,0.0,12.0,120000.0,0.0,0.0,2.0,0.0,1
342.0,4342,3.3187134502923974,2.397051656920078,0.0,12.0,120000.0,0.0,0.0,3.0,0.0,2,100,0.0024752475247524753,-4.98,3.3187134502923974,2.397051656920078,0.0,12.0,120000.0,0.0,0.0,3.0,0.0,1
342.0,4791,3.3187134502923974,2.397051656920078,0.0,12.0,120000.0,0.0,0.0,1.0,0.0,1,100,0.0024752475247524753,-4.98,3.3187134502923974,2.397051656920078,0.0,12.0,120000.0,0.0,0.0,1.0,0.0,1
205.0,60,2.292682926829268,1.834349593495935,0.0,8.0,80000.0,20000.0,1.0,1.0,0.457,2,100,0.0024752475247524753,-3.98,3.315385042830734,2.3946476034395996,0.0,8.0,80000.0,20000.0,1.0,1.0,0.0,1
